issuer_code,series_label,deal_name,vintage_year,months_seasoned,distribution_date,cnl_ratio,net_losses_cum,original_pool_balance
HAROT,HAROT 2017-3,Honda Auto Receivables 2017-3 Owner Trust,2017,1,2017-10-18,0.00000000,0.00000000,1000000001.37000000
HAROT,HAROT 2017-4,Honda Auto Receivables 2017-4 Owner Trust,2017,1,2017-12-21,0.00000078,1001.77000000,1282056233.88000011
HAROT,HAROT 2017-3,Honda Auto Receivables 2017-3 Owner Trust,2017,2,2017-11-20,0.00000133,1331.40000000,1000000001.37000000
HAROT,HAROT 2017-4,Honda Auto Receivables 2017-4 Owner Trust,2017,2,2018-01-22,0.00000078,1001.77000000,1282056233.88000011
HAROT,HAROT 2017-2,Honda Auto Receivables 2017-2 Owner Trust,2017,3,2017-09-15,0.00003215,42329.34000000,1316625779.28999996
HAROT,HAROT 2017-3,Honda Auto Receivables 2017-3 Owner Trust,2017,3,2017-12-18,0.00000328,3279.92000000,1000000001.37000000
HAROT,HAROT 2017-4,Honda Auto Receivables 2017-4 Owner Trust,2017,3,2018-02-21,0.00003909,50117.69000000,1282056233.88000011
HAROT,HAROT 2017-3,Honda Auto Receivables 2017-3 Owner Trust,2017,4,2018-01-18,0.00009688,96877.26000000,1000000001.37000000
HAROT,HAROT 2017-2,Honda Auto Receivables 2017-2 Owner Trust,2017,4,2017-10-16,0.00006505,85648.93000000,1316625779.28999996
HAROT,HAROT 2017-4,Honda Auto Receivables 2017-4 Owner Trust,2017,4,2018-03-21,0.00019329,247802.89000000,1282056233.88000011
HAROT,HAROT 2017-4,Honda Auto Receivables 2017-4 Owner Trust,2017,5,2018-04-23,0.00030819,395110.77000000,1282056233.88000011
HAROT,HAROT 2017-3,Honda Auto Receivables 2017-3 Owner Trust,2017,5,2018-02-20,0.00022498,224976.44000000,1000000001.37000000
HAROT,HAROT 2017-2,Honda Auto Receivables 2017-2 Owner Trust,2017,5,2017-11-15,0.00016230,213688.48000000,1316625779.28999996
HAROT,HAROT 2017-2,Honda Auto Receivables 2017-2 Owner Trust,2017,6,2017-12-15,0.00020922,275467.16000000,1316625779.28999996
HAROT,HAROT 2017-1,Honda Auto Receivables 2017-1 Owner Trust,2017,6,2017-09-21,0.00043760,561029.91000000,1282051282.20000005
HAROT,HAROT 2017-3,Honda Auto Receivables 2017-3 Owner Trust,2017,6,2018-03-19,0.00032528,325284.02000000,1000000001.37000000
HAROT,HAROT 2017-4,Honda Auto Receivables 2017-4 Owner Trust,2017,6,2018-05-21,0.00041385,530580.30000000,1282056233.88000011
HAROT,HAROT 2017-4,Honda Auto Receivables 2017-4 Owner Trust,2017,7,2018-06-21,0.00058941,755657.01000000,1282056233.88000011
HAROT,HAROT 2017-2,Honda Auto Receivables 2017-2 Owner Trust,2017,7,2018-01-16,0.00028764,378719.87000000,1316625779.28999996
HAROT,HAROT 2017-1,Honda Auto Receivables 2017-1 Owner Trust,2017,7,2017-10-23,0.00057027,731111.71000000,1282051282.20000005
HAROT,HAROT 2017-3,Honda Auto Receivables 2017-3 Owner Trust,2017,7,2018-04-18,0.00046809,468087.35000000,1000000001.37000000
HAROT,HAROT 2017-3,Honda Auto Receivables 2017-3 Owner Trust,2017,8,2018-05-18,0.00050217,502168.43000000,1000000001.37000000
HAROT,HAROT 2017-4,Honda Auto Receivables 2017-4 Owner Trust,2017,8,2018-07-23,0.00076227,977267.59000000,1282056233.88000011
HAROT,HAROT 2017-2,Honda Auto Receivables 2017-2 Owner Trust,2017,8,2018-02-15,0.00045213,595286.33000000,1316625779.28999996
HAROT,HAROT 2017-1,Honda Auto Receivables 2017-1 Owner Trust,2017,8,2017-11-21,0.00081622,1046438.15000000,1282051282.20000005
HAROT,HAROT 2017-4,Honda Auto Receivables 2017-4 Owner Trust,2017,9,2018-08-21,0.00085596,1097391.27000000,1282056233.88000011
HAROT,HAROT 2017-3,Honda Auto Receivables 2017-3 Owner Trust,2017,9,2018-06-18,0.00058840,588397.11000000,1000000001.37000000
HAROT,HAROT 2017-1,Honda Auto Receivables 2017-1 Owner Trust,2017,9,2017-12-21,0.00100588,1289594.86000000,1282051282.20000005
HAROT,HAROT 2017-2,Honda Auto Receivables 2017-2 Owner Trust,2017,9,2018-03-15,0.00060522,796850.89000000,1316625779.28999996
HAROT,HAROT 2017-1,Honda Auto Receivables 2017-1 Owner Trust,2017,10,2018-01-22,0.00115748,1483944.99000000,1282051282.20000005
HAROT,HAROT 2017-2,Honda Auto Receivables 2017-2 Owner Trust,2017,10,2018-04-16,0.00076972,1013428.65000000,1316625779.28999996
HAROT,HAROT 2017-4,Honda Auto Receivables 2017-4 Owner Trust,2017,10,2018-09-21,0.00096318,1234846.40000000,1282056233.88000011
HAROT,HAROT 2017-3,Honda Auto Receivables 2017-3 Owner Trust,2017,10,2018-07-18,0.00065732,657319.04000000,1000000001.37000000
HAROT,HAROT 2017-4,Honda Auto Receivables 2017-4 Owner Trust,2017,11,2018-10-22,0.00095920,1229749.53000000,1282056233.88000011
HAROT,HAROT 2017-2,Honda Auto Receivables 2017-2 Owner Trust,2017,11,2018-05-15,0.00090093,1186182.80000000,1316625779.28999996
HAROT,HAROT 2017-3,Honda Auto Receivables 2017-3 Owner Trust,2017,11,2018-08-20,0.00070638,706380.22000000,1000000001.37000000
HAROT,HAROT 2017-1,Honda Auto Receivables 2017-1 Owner Trust,2017,11,2018-02-21,0.00130101,1667965.58000000,1282051282.20000005
HAROT,HAROT 2017-1,Honda Auto Receivables 2017-1 Owner Trust,2017,12,2018-03-21,0.00148040,1897947.58000000,1282051282.20000005
HAROT,HAROT 2017-4,Honda Auto Receivables 2017-4 Owner Trust,2017,12,2018-11-21,0.00111812,1433491.29000000,1282056233.88000011
HAROT,HAROT 2017-2,Honda Auto Receivables 2017-2 Owner Trust,2017,12,2018-06-15,0.00094596,1245468.91000000,1316625779.28999996
HAROT,HAROT 2017-3,Honda Auto Receivables 2017-3 Owner Trust,2017,12,2018-09-18,0.00083085,830853.55000000,1000000001.37000000
HAROT,HAROT 2017-3,Honda Auto Receivables 2017-3 Owner Trust,2017,13,2018-10-18,0.00087384,873837.76000000,1000000001.37000000
HAROT,HAROT 2017-4,Honda Auto Receivables 2017-4 Owner Trust,2017,13,2018-12-21,0.00123424,1582363.18000000,1282056233.88000011
HAROT,HAROT 2017-2,Honda Auto Receivables 2017-2 Owner Trust,2017,13,2018-07-16,0.00104207,1372014.99000000,1316625779.28999996
HAROT,HAROT 2017-1,Honda Auto Receivables 2017-1 Owner Trust,2017,13,2018-04-23,0.00159027,2038810.94000000,1282051282.20000005
HAROT,HAROT 2017-4,Honda Auto Receivables 2017-4 Owner Trust,2017,14,2019-01-22,0.00139870,1793209.03000000,1282056233.88000011
HAROT,HAROT 2017-3,Honda Auto Receivables 2017-3 Owner Trust,2017,14,2018-11-19,0.00093035,930345.20000000,1000000001.37000000
HAROT,HAROT 2017-1,Honda Auto Receivables 2017-1 Owner Trust,2017,14,2018-05-21,0.00177925,2281089.02000000,1282051282.20000005
HAROT,HAROT 2017-2,Honda Auto Receivables 2017-2 Owner Trust,2017,14,2018-08-15,0.00123695,1628597.44000000,1316625779.28999996
HAROT,HAROT 2017-2,Honda Auto Receivables 2017-2 Owner Trust,2017,15,2018-09-17,0.00130505,1718257.18000000,1316625779.28999996
HAROT,HAROT 2017-3,Honda Auto Receivables 2017-3 Owner Trust,2017,15,2018-12-18,0.00116426,1164260.43000000,1000000001.37000000
HAROT,HAROT 2017-1,Honda Auto Receivables 2017-1 Owner Trust,2017,15,2018-06-21,0.00182003,2333373.13000000,1282051282.20000005
HAROT,HAROT 2017-4,Honda Auto Receivables 2017-4 Owner Trust,2017,15,2019-02-21,0.00139990,1794744.48000000,1282056233.88000011
HAROT,HAROT 2017-4,Honda Auto Receivables 2017-4 Owner Trust,2017,16,2019-03-21,0.00140810,1805263.99000000,1282056233.88000011
HAROT,HAROT 2017-2,Honda Auto Receivables 2017-2 Owner Trust,2017,16,2018-10-15,0.00134899,1776115.54000000,1316625779.28999996
HAROT,HAROT 2017-3,Honda Auto Receivables 2017-3 Owner Trust,2017,16,2019-01-18,0.00130333,1303331.27000000,1000000001.37000000
HAROT,HAROT 2017-1,Honda Auto Receivables 2017-1 Owner Trust,2017,16,2018-07-23,0.00195415,2505322.64000000,1282051282.20000005
HAROT,HAROT 2017-4,Honda Auto Receivables 2017-4 Owner Trust,2017,17,2019-04-22,0.00148463,1903378.56000000,1282056233.88000011
HAROT,HAROT 2017-3,Honda Auto Receivables 2017-3 Owner Trust,2017,17,2019-02-19,0.00137411,1374110.59000000,1000000001.37000000
HAROT,HAROT 2017-1,Honda Auto Receivables 2017-1 Owner Trust,2017,17,2018-08-21,0.00201678,2585612.58000000,1282051282.20000005
HAROT,HAROT 2017-2,Honda Auto Receivables 2017-2 Owner Trust,2017,17,2018-11-15,0.00141997,1869564.51000000,1316625779.28999996
HAROT,HAROT 2017-1,Honda Auto Receivables 2017-1 Owner Trust,2017,18,2018-09-21,0.00205238,2631252.31000000,1282051282.20000005
HAROT,HAROT 2017-2,Honda Auto Receivables 2017-2 Owner Trust,2017,18,2018-12-17,0.00152867,2012685.97000000,1316625779.28999996
HAROT,HAROT 2017-4,Honda Auto Receivables 2017-4 Owner Trust,2017,18,2019-05-21,0.00155183,1989527.61000000,1282056233.88000011
HAROT,HAROT 2017-3,Honda Auto Receivables 2017-3 Owner Trust,2017,18,2019-03-18,0.00147019,1470192.87000000,1000000001.37000000
HAROT,HAROT 2017-3,Honda Auto Receivables 2017-3 Owner Trust,2017,19,2019-04-18,0.00154872,1548717.38000000,1000000001.37000000
HAROT,HAROT 2017-4,Honda Auto Receivables 2017-4 Owner Trust,2017,19,2019-06-21,0.00164758,2112284.29000000,1282056233.88000011
HAROT,HAROT 2017-2,Honda Auto Receivables 2017-2 Owner Trust,2017,19,2019-01-15,0.00157250,2070392.13000000,1316625779.28999996
HAROT,HAROT 2017-1,Honda Auto Receivables 2017-1 Owner Trust,2017,19,2018-10-22,0.00208945,2678782.96000000,1282051282.20000005
HAROT,HAROT 2017-1,Honda Auto Receivables 2017-1 Owner Trust,2017,20,2018-11-21,0.00220608,2828312.52000000,1282051282.20000005
HAROT,HAROT 2017-4,Honda Auto Receivables 2017-4 Owner Trust,2017,20,2019-07-22,0.00167878,2152288.78000000,1282056233.88000011
HAROT,HAROT 2017-2,Honda Auto Receivables 2017-2 Owner Trust,2017,20,2019-02-15,0.00163598,2153971.06000000,1316625779.28999996
HAROT,HAROT 2017-3,Honda Auto Receivables 2017-3 Owner Trust,2017,20,2019-05-20,0.00157996,1579957.49000000,1000000001.37000000
HAROT,HAROT 2017-3,Honda Auto Receivables 2017-3 Owner Trust,2017,21,2019-06-18,0.00160707,1607066.90000000,1000000001.37000000
HAROT,HAROT 2017-1,Honda Auto Receivables 2017-1 Owner Trust,2017,21,2018-12-21,0.00226955,2909684.01000000,1282051282.20000005
HAROT,HAROT 2017-2,Honda Auto Receivables 2017-2 Owner Trust,2017,21,2019-03-15,0.00171416,2256910.09000000,1316625779.28999996
HAROT,HAROT 2017-4,Honda Auto Receivables 2017-4 Owner Trust,2017,21,2019-08-21,0.00169932,2178617.48000000,1282056233.88000011
HAROT,HAROT 2017-2,Honda Auto Receivables 2017-2 Owner Trust,2017,22,2019-04-15,0.00182461,2402330.39000000,1316625779.28999996
HAROT,HAROT 2017-3,Honda Auto Receivables 2017-3 Owner Trust,2017,22,2019-07-18,0.00162382,1623816.66000000,1000000001.37000000
HAROT,HAROT 2017-1,Honda Auto Receivables 2017-1 Owner Trust,2017,22,2019-01-22,0.00235779,3022813.98000000,1282051282.20000005
HAROT,HAROT 2017-4,Honda Auto Receivables 2017-4 Owner Trust,2017,22,2019-09-23,0.00177898,2280747.09000000,1282056233.88000011
HAROT,HAROT 2017-1,Honda Auto Receivables 2017-1 Owner Trust,2017,23,2019-02-21,0.00243437,3120980.96000000,1282051282.20000005
HAROT,HAROT 2017-3,Honda Auto Receivables 2017-3 Owner Trust,2017,23,2019-08-19,0.00169525,1695254.00000000,1000000001.37000000
HAROT,HAROT 2017-2,Honda Auto Receivables 2017-2 Owner Trust,2017,23,2019-05-15,0.00187343,2466608.69000000,1316625779.28999996
HAROT,HAROT 2017-4,Honda Auto Receivables 2017-4 Owner Trust,2017,23,2019-10-21,0.00181515,2327129.42000000,1282056233.88000011
HAROT,HAROT 2017-1,Honda Auto Receivables 2017-1 Owner Trust,2017,24,2019-03-21,0.00243863,3126443.74000000,1282051282.20000005
HAROT,HAROT 2017-3,Honda Auto Receivables 2017-3 Owner Trust,2017,24,2019-09-18,0.00179711,1797108.83000000,1000000001.37000000
HAROT,HAROT 2017-2,Honda Auto Receivables 2017-2 Owner Trust,2017,24,2019-06-17,0.00190232,2504639.44000000,1316625779.28999996
HAROT,HAROT 2017-4,Honda Auto Receivables 2017-4 Owner Trust,2017,24,2019-11-21,0.00180367,2312410.49000000,1282056233.88000011
HAROT,HAROT 2017-3,Honda Auto Receivables 2017-3 Owner Trust,2017,25,2019-10-18,0.00184078,1840777.35000000,1000000001.37000000
HAROT,HAROT 2017-1,Honda Auto Receivables 2017-1 Owner Trust,2017,25,2019-04-22,0.00246835,3164553.18000000,1282051282.20000005
HAROT,HAROT 2017-2,Honda Auto Receivables 2017-2 Owner Trust,2017,25,2019-07-15,0.00195827,2578306.59000000,1316625779.28999996
HAROT,HAROT 2017-4,Honda Auto Receivables 2017-4 Owner Trust,2017,25,2019-12-23,0.00188251,2413477.81000000,1282056233.88000011
HAROT,HAROT 2017-4,Honda Auto Receivables 2017-4 Owner Trust,2017,26,2020-01-21,0.00188594,2417876.18000000,1282056233.88000011
HAROT,HAROT 2017-2,Honda Auto Receivables 2017-2 Owner Trust,2017,26,2019-08-15,0.00203129,2674447.03000000,1316625779.28999996
HAROT,HAROT 2017-3,Honda Auto Receivables 2017-3 Owner Trust,2017,26,2019-11-18,0.00188951,1889507.33000000,1000000001.37000000
HAROT,HAROT 2017-1,Honda Auto Receivables 2017-1 Owner Trust,2017,26,2019-05-21,0.00248611,3187325.00000000,1282051282.20000005
HAROT,HAROT 2017-4,Honda Auto Receivables 2017-4 Owner Trust,2017,27,2020-02-21,0.00188053,2410949.40000000,1282056233.88000011
HAROT,HAROT 2017-2,Honda Auto Receivables 2017-2 Owner Trust,2017,27,2019-09-16,0.00208753,2748499.71000000,1316625779.28999996
HAROT,HAROT 2017-1,Honda Auto Receivables 2017-1 Owner Trust,2017,27,2019-06-21,0.00249545,3199290.85000000,1282051282.20000005
HAROT,HAROT 2017-3,Honda Auto Receivables 2017-3 Owner Trust,2017,27,2019-12-18,0.00185678,1856778.22000000,1000000001.37000000
HAROT,HAROT 2017-2,Honda Auto Receivables 2017-2 Owner Trust,2017,28,2019-10-15,0.00213647,2812932.67000000,1316625779.28999996
HAROT,HAROT 2017-3,Honda Auto Receivables 2017-3 Owner Trust,2017,28,2020-01-21,0.00188352,1883517.82000000,1000000001.37000000
HAROT,HAROT 2017-4,Honda Auto Receivables 2017-4 Owner Trust,2017,28,2020-03-23,0.00195600,2507702.90000000,1282056233.88000011
HAROT,HAROT 2017-1,Honda Auto Receivables 2017-1 Owner Trust,2017,28,2019-07-22,0.00249334,3196584.67000000,1282051282.20000005
HAROT,HAROT 2017-1,Honda Auto Receivables 2017-1 Owner Trust,2017,29,2019-08-21,0.00254279,3259988.20000000,1282051282.20000005
HAROT,HAROT 2017-2,Honda Auto Receivables 2017-2 Owner Trust,2017,29,2019-11-15,0.00215726,2840297.66000000,1316625779.28999996
HAROT,HAROT 2017-4,Honda Auto Receivables 2017-4 Owner Trust,2017,29,2020-04-21,0.00198380,2543346.47000000,1282056233.88000011
HAROT,HAROT 2017-3,Honda Auto Receivables 2017-3 Owner Trust,2017,29,2020-02-18,0.00190927,1909265.47000000,1000000001.37000000
HAROT,HAROT 2017-4,Honda Auto Receivables 2017-4 Owner Trust,2017,30,2020-05-21,0.00207303,2657744.99000000,1282056233.88000011
HAROT,HAROT 2017-3,Honda Auto Receivables 2017-3 Owner Trust,2017,30,2020-03-18,0.00192821,1928205.71000000,1000000001.37000000
HAROT,HAROT 2017-1,Honda Auto Receivables 2017-1 Owner Trust,2017,30,2019-09-23,0.00257582,3302330.59000000,1282051282.20000005
HAROT,HAROT 2017-2,Honda Auto Receivables 2017-2 Owner Trust,2017,30,2019-12-16,0.00219171,2885668.45000000,1316625779.28999996
HAROT,HAROT 2017-2,Honda Auto Receivables 2017-2 Owner Trust,2017,31,2020-01-15,0.00222885,2934563.28000000,1316625779.28999996
HAROT,HAROT 2017-3,Honda Auto Receivables 2017-3 Owner Trust,2017,31,2020-04-20,0.00198913,1989134.22000000,1000000001.37000000
HAROT,HAROT 2017-1,Honda Auto Receivables 2017-1 Owner Trust,2017,31,2019-10-21,0.00263588,3379333.95000000,1282051282.20000005
HAROT,HAROT 2017-4,Honda Auto Receivables 2017-4 Owner Trust,2017,31,2020-06-22,0.00208194,2669163.64000000,1282056233.88000011
HAROT,HAROT 2017-2,Honda Auto Receivables 2017-2 Owner Trust,2017,32,2020-02-18,0.00228767,3012009.12000000,1316625779.28999996
HAROT,HAROT 2017-3,Honda Auto Receivables 2017-3 Owner Trust,2017,32,2020-05-18,0.00202586,2025859.95000000,1000000001.37000000
HAROT,HAROT 2017-1,Honda Auto Receivables 2017-1 Owner Trust,2017,32,2019-11-21,0.00267997,3435853.34000000,1282051282.20000005
HAROT,HAROT 2017-4,Honda Auto Receivables 2017-4 Owner Trust,2017,32,2020-07-21,0.00209681,2688226.17000000,1282056233.88000011
HAROT,HAROT 2017-1,Honda Auto Receivables 2017-1 Owner Trust,2017,33,2019-12-23,0.00271221,3477191.92000000,1282051282.20000005
HAROT,HAROT 2017-3,Honda Auto Receivables 2017-3 Owner Trust,2017,33,2020-06-18,0.00206429,2064285.67000000,1000000001.37000000
HAROT,HAROT 2017-2,Honda Auto Receivables 2017-2 Owner Trust,2017,33,2020-03-16,0.00231157,3043468.01000000,1316625779.28999996
HAROT,HAROT 2017-4,Honda Auto Receivables 2017-4 Owner Trust,2017,33,2020-08-21,0.00212627,2726002.45000000,1282056233.88000011
HAROT,HAROT 2017-1,Honda Auto Receivables 2017-1 Owner Trust,2017,34,2020-01-21,0.00275052,3526305.85000000,1282051282.20000005
HAROT,HAROT 2017-2,Honda Auto Receivables 2017-2 Owner Trust,2017,34,2020-04-15,0.00235336,3098493.22000000,1316625779.28999996
HAROT,HAROT 2017-4,Honda Auto Receivables 2017-4 Owner Trust,2017,34,2020-09-21,0.00211324,2709291.25000000,1282056233.88000011
HAROT,HAROT 2017-3,Honda Auto Receivables 2017-3 Owner Trust,2017,34,2020-07-20,0.00205472,2054721.36000000,1000000001.37000000
HAROT,HAROT 2017-2,Honda Auto Receivables 2017-2 Owner Trust,2017,35,2020-05-15,0.00243264,3202871.47000000,1316625779.28999996
HAROT,HAROT 2017-4,Honda Auto Receivables 2017-4 Owner Trust,2017,35,2020-10-21,0.00212016,2718162.72000000,1282056233.88000011
HAROT,HAROT 2017-1,Honda Auto Receivables 2017-1 Owner Trust,2017,35,2020-02-21,0.00274117,3514316.09000000,1282051282.20000005
HAROT,HAROT 2017-3,Honda Auto Receivables 2017-3 Owner Trust,2017,35,2020-08-18,0.00205635,2056345.61000000,1000000001.37000000
HAROT,HAROT 2017-1,Honda Auto Receivables 2017-1 Owner Trust,2017,36,2020-03-23,0.00276028,3538815.98000000,1282051282.20000005
HAROT,HAROT 2017-4,Honda Auto Receivables 2017-4 Owner Trust,2017,36,2020-11-23,0.00209369,2684230.93000000,1282056233.88000011
HAROT,HAROT 2017-2,Honda Auto Receivables 2017-2 Owner Trust,2017,36,2020-06-15,0.00245962,3238405.31000000,1316625779.28999996
HAROT,HAROT 2017-3,Honda Auto Receivables 2017-3 Owner Trust,2017,36,2020-09-18,0.00206283,2062833.26000000,1000000001.37000000
HAROT,HAROT 2017-2,Honda Auto Receivables 2017-2 Owner Trust,2017,37,2020-07-15,0.00246225,3241866.88000000,1316625779.28999996
HAROT,HAROT 2017-4,Honda Auto Receivables 2017-4 Owner Trust,2017,37,2020-12-21,0.00207726,2663168.28000000,1282056233.88000011
HAROT,HAROT 2017-1,Honda Auto Receivables 2017-1 Owner Trust,2017,37,2020-04-21,0.00277480,3557440.20000000,1282051282.20000005
HAROT,HAROT 2017-3,Honda Auto Receivables 2017-3 Owner Trust,2017,37,2020-10-19,0.00205895,2058953.47000000,1000000001.37000000
HAROT,HAROT 2017-2,Honda Auto Receivables 2017-2 Owner Trust,2017,38,2020-08-17,0.00245073,3226693.18000000,1316625779.28999996
HAROT,HAROT 2017-1,Honda Auto Receivables 2017-1 Owner Trust,2017,38,2020-05-21,0.00278734,3573509.46000000,1282051282.20000005
HAROT,HAROT 2017-3,Honda Auto Receivables 2017-3 Owner Trust,2017,38,2020-11-18,0.00202308,2023079.42000000,1000000001.37000000
HAROT,HAROT 2017-4,Honda Auto Receivables 2017-4 Owner Trust,2017,38,2021-01-21,0.00209346,2683930.19000000,1282056233.88000011
HAROT,HAROT 2017-2,Honda Auto Receivables 2017-2 Owner Trust,2017,39,2020-09-15,0.00242281,3189935.74000000,1316625779.28999996
HAROT,HAROT 2017-3,Honda Auto Receivables 2017-3 Owner Trust,2017,39,2020-12-18,0.00201259,2012585.51000000,1000000001.37000000
HAROT,HAROT 2017-4,Honda Auto Receivables 2017-4 Owner Trust,2017,39,2021-02-22,0.00211370,2709880.26000000,1282056233.88000011
HAROT,HAROT 2017-1,Honda Auto Receivables 2017-1 Owner Trust,2017,39,2020-06-22,0.00280391,3594761.37000000,1282051282.20000005
HAROT,HAROT 2017-1,Honda Auto Receivables 2017-1 Owner Trust,2017,40,2020-07-21,0.00278544,3571073.80000000,1282051282.20000005
HAROT,HAROT 2017-3,Honda Auto Receivables 2017-3 Owner Trust,2017,40,2021-01-19,0.00200600,2005996.86000000,1000000001.37000000
HAROT,HAROT 2017-2,Honda Auto Receivables 2017-2 Owner Trust,2017,40,2020-10-15,0.00241231,3176103.80000000,1316625779.28999996
HAROT,HAROT 2017-4,Honda Auto Receivables 2017-4 Owner Trust,2017,40,2021-03-22,0.00207087,2654972.84000000,1282056233.88000011
HAROT,HAROT 2017-2,Honda Auto Receivables 2017-2 Owner Trust,2017,41,2020-11-16,0.00239887,3158414.73000000,1316625779.28999996
HAROT,HAROT 2017-1,Honda Auto Receivables 2017-1 Owner Trust,2017,41,2020-08-21,0.00278511,3570651.57000000,1282051282.20000005
HAROT,HAROT 2017-3,Honda Auto Receivables 2017-3 Owner Trust,2017,41,2021-02-18,0.00199333,1993330.15000000,1000000001.37000000
HAROT,HAROT 2017-4,Honda Auto Receivables 2017-4 Owner Trust,2017,41,2021-04-21,0.00208373,2671457.66000000,1282056233.88000011
HAROT,HAROT 2017-1,Honda Auto Receivables 2017-1 Owner Trust,2017,42,2020-09-21,0.00278474,3570181.36000000,1282051282.20000005
HAROT,HAROT 2017-4,Honda Auto Receivables 2017-4 Owner Trust,2017,42,2021-05-21,0.00206914,2652751.53000000,1282056233.88000011
HAROT,HAROT 2017-3,Honda Auto Receivables 2017-3 Owner Trust,2017,42,2021-03-18,0.00196647,1966465.83000000,1000000001.37000000
HAROT,HAROT 2017-2,Honda Auto Receivables 2017-2 Owner Trust,2017,42,2020-12-15,0.00237058,3121171.00000000,1316625779.28999996
HAROT,HAROT 2017-1,Honda Auto Receivables 2017-1 Owner Trust,2017,43,2020-10-21,0.00280888,3601123.28000000,1282051282.20000005
HAROT,HAROT 2018-3,Honda Auto Receivables 2018-3 Owner Trust,2018,1,2018-09-21,0.00000000,0.00000000,1349529324.94000006
HAROT,HAROT 2018-1,Honda Auto Receivables 2018-1 Owner Trust,2018,1,2018-03-15,0.00000000,0.00000000,1349538461.69000006
HAROT,HAROT 2018-2,Honda Auto Receivables 2018-2 Owner Trust,2018,1,2018-06-18,0.00000000,0.00000000,1349575737.53999996
HAROT,HAROT 2018-4,Honda Auto Receivables 2018-4 Owner Trust,2018,1,2018-12-17,0.00000000,0.00000000,1187584345.94000006
HAROT,HAROT 2018-4,Honda Auto Receivables 2018-4 Owner Trust,2018,2,2019-01-15,0.00001816,21571.54000000,1187584345.94000006
HAROT,HAROT 2018-1,Honda Auto Receivables 2018-1 Owner Trust,2018,2,2018-04-16,0.00000000,0.00000000,1349538461.69000006
HAROT,HAROT 2018-2,Honda Auto Receivables 2018-2 Owner Trust,2018,2,2018-07-18,0.00000000,0.00000000,1349575737.53999996
HAROT,HAROT 2018-3,Honda Auto Receivables 2018-3 Owner Trust,2018,2,2018-10-22,0.00000329,4442.98000000,1349529324.94000006
HAROT,HAROT 2018-1,Honda Auto Receivables 2018-1 Owner Trust,2018,3,2018-05-15,0.00004119,55591.19000000,1349538461.69000006
HAROT,HAROT 2018-2,Honda Auto Receivables 2018-2 Owner Trust,2018,3,2018-08-20,0.00001764,23802.92000000,1349575737.53999996
HAROT,HAROT 2018-4,Honda Auto Receivables 2018-4 Owner Trust,2018,3,2019-02-15,0.00003665,43523.55000000,1187584345.94000006
HAROT,HAROT 2018-3,Honda Auto Receivables 2018-3 Owner Trust,2018,3,2018-11-21,0.00004120,55597.56000000,1349529324.94000006
HAROT,HAROT 2018-3,Honda Auto Receivables 2018-3 Owner Trust,2018,4,2018-12-21,0.00017562,237006.07000000,1349529324.94000006
HAROT,HAROT 2018-1,Honda Auto Receivables 2018-1 Owner Trust,2018,4,2018-06-15,0.00013166,177686.79000000,1349538461.69000006
HAROT,HAROT 2018-2,Honda Auto Receivables 2018-2 Owner Trust,2018,4,2018-09-18,0.00009109,122928.06000000,1349575737.53999996
HAROT,HAROT 2018-4,Honda Auto Receivables 2018-4 Owner Trust,2018,4,2019-03-15,0.00010228,121464.22000000,1187584345.94000006
HAROT,HAROT 2018-3,Honda Auto Receivables 2018-3 Owner Trust,2018,5,2019-01-22,0.00030711,414460.26000000,1349529324.94000006
HAROT,HAROT 2018-1,Honda Auto Receivables 2018-1 Owner Trust,2018,5,2018-07-16,0.00018262,246449.70000000,1349538461.69000006
HAROT,HAROT 2018-2,Honda Auto Receivables 2018-2 Owner Trust,2018,5,2018-10-18,0.00015511,209333.14000000,1349575737.53999996
HAROT,HAROT 2018-4,Honda Auto Receivables 2018-4 Owner Trust,2018,5,2019-04-15,0.00015063,178891.41000000,1187584345.94000006
HAROT,HAROT 2018-1,Honda Auto Receivables 2018-1 Owner Trust,2018,6,2018-08-15,0.00032730,441708.85000000,1349538461.69000006
HAROT,HAROT 2018-2,Honda Auto Receivables 2018-2 Owner Trust,2018,6,2018-11-19,0.00036417,491470.04000000,1349575737.53999996
HAROT,HAROT 2018-4,Honda Auto Receivables 2018-4 Owner Trust,2018,6,2019-05-15,0.00018451,219118.79000000,1187584345.94000006
HAROT,HAROT 2018-3,Honda Auto Receivables 2018-3 Owner Trust,2018,6,2019-02-21,0.00047217,637211.94000000,1349529324.94000006
HAROT,HAROT 2018-1,Honda Auto Receivables 2018-1 Owner Trust,2018,7,2018-09-17,0.00043783,590870.34000000,1349538461.69000006
HAROT,HAROT 2018-2,Honda Auto Receivables 2018-2 Owner Trust,2018,7,2018-12-18,0.00040033,540278.44000000,1349575737.53999996
HAROT,HAROT 2018-4,Honda Auto Receivables 2018-4 Owner Trust,2018,7,2019-06-17,0.00028013,332683.07000000,1187584345.94000006
HAROT,HAROT 2018-3,Honda Auto Receivables 2018-3 Owner Trust,2018,7,2019-03-21,0.00061024,823539.04000000,1349529324.94000006
HAROT,HAROT 2018-3,Honda Auto Receivables 2018-3 Owner Trust,2018,8,2019-04-22,0.00067517,911166.56000000,1349529324.94000006
HAROT,HAROT 2018-4,Honda Auto Receivables 2018-4 Owner Trust,2018,8,2019-07-15,0.00036600,434652.04000000,1187584345.94000006
HAROT,HAROT 2018-1,Honda Auto Receivables 2018-1 Owner Trust,2018,8,2018-10-15,0.00054555,736238.59000000,1349538461.69000006
HAROT,HAROT 2018-2,Honda Auto Receivables 2018-2 Owner Trust,2018,8,2019-01-18,0.00056750,765889.44000000,1349575737.53999996
HAROT,HAROT 2018-3,Honda Auto Receivables 2018-3 Owner Trust,2018,9,2019-05-21,0.00079185,1068624.22000000,1349529324.94000006
HAROT,HAROT 2018-1,Honda Auto Receivables 2018-1 Owner Trust,2018,9,2018-11-15,0.00066236,893883.57000000,1349538461.69000006
HAROT,HAROT 2018-2,Honda Auto Receivables 2018-2 Owner Trust,2018,9,2019-02-19,0.00069132,932994.31000000,1349575737.53999996
HAROT,HAROT 2018-4,Honda Auto Receivables 2018-4 Owner Trust,2018,9,2019-08-15,0.00045317,538173.63000000,1187584345.94000006
HAROT,HAROT 2018-1,Honda Auto Receivables 2018-1 Owner Trust,2018,10,2018-12-17,0.00074280,1002441.59000000,1349538461.69000006
HAROT,HAROT 2018-2,Honda Auto Receivables 2018-2 Owner Trust,2018,10,2019-03-18,0.00086543,1167965.68000000,1349575737.53999996
HAROT,HAROT 2018-4,Honda Auto Receivables 2018-4 Owner Trust,2018,10,2019-09-16,0.00055649,660876.83000000,1187584345.94000006
HAROT,HAROT 2018-3,Honda Auto Receivables 2018-3 Owner Trust,2018,10,2019-06-21,0.00086270,1164238.99000000,1349529324.94000006
HAROT,HAROT 2018-4,Honda Auto Receivables 2018-4 Owner Trust,2018,11,2019-10-15,0.00061134,726017.28000000,1187584345.94000006
HAROT,HAROT 2018-1,Honda Auto Receivables 2018-1 Owner Trust,2018,11,2019-01-15,0.00094258,1272053.84000000,1349538461.69000006
HAROT,HAROT 2018-2,Honda Auto Receivables 2018-2 Owner Trust,2018,11,2019-04-18,0.00094919,1281009.29000000,1349575737.53999996
HAROT,HAROT 2018-3,Honda Auto Receivables 2018-3 Owner Trust,2018,11,2019-07-22,0.00095040,1282589.23000000,1349529324.94000006
HAROT,HAROT 2018-4,Honda Auto Receivables 2018-4 Owner Trust,2018,12,2019-11-15,0.00067354,799880.51000000,1187584345.94000006
HAROT,HAROT 2018-1,Honda Auto Receivables 2018-1 Owner Trust,2018,12,2019-02-15,0.00110260,1488007.51000000,1349538461.69000006
HAROT,HAROT 2018-2,Honda Auto Receivables 2018-2 Owner Trust,2018,12,2019-05-20,0.00100308,1353729.61000000,1349575737.53999996
HAROT,HAROT 2018-3,Honda Auto Receivables 2018-3 Owner Trust,2018,12,2019-08-21,0.00105363,1421902.95000000,1349529324.94000006
HAROT,HAROT 2018-3,Honda Auto Receivables 2018-3 Owner Trust,2018,13,2019-09-23,0.00114025,1538804.23000000,1349529324.94000006
HAROT,HAROT 2018-4,Honda Auto Receivables 2018-4 Owner Trust,2018,13,2019-12-16,0.00073711,875384.98000000,1187584345.94000006
HAROT,HAROT 2018-1,Honda Auto Receivables 2018-1 Owner Trust,2018,13,2019-03-15,0.00120787,1630071.84000000,1349538461.69000006
HAROT,HAROT 2018-2,Honda Auto Receivables 2018-2 Owner Trust,2018,13,2019-06-18,0.00102008,1376679.89000000,1349575737.53999996
HAROT,HAROT 2018-3,Honda Auto Receivables 2018-3 Owner Trust,2018,14,2019-10-21,0.00131524,1774958.58000000,1349529324.94000006
HAROT,HAROT 2018-1,Honda Auto Receivables 2018-1 Owner Trust,2018,14,2019-04-15,0.00133626,1803340.43000000,1349538461.69000006
HAROT,HAROT 2018-2,Honda Auto Receivables 2018-2 Owner Trust,2018,14,2019-07-18,0.00110891,1496558.05000000,1349575737.53999996
HAROT,HAROT 2018-4,Honda Auto Receivables 2018-4 Owner Trust,2018,14,2020-01-15,0.00072727,863699.16000000,1187584345.94000006
HAROT,HAROT 2018-3,Honda Auto Receivables 2018-3 Owner Trust,2018,15,2019-11-21,0.00145113,1958336.15000000,1349529324.94000006
HAROT,HAROT 2018-1,Honda Auto Receivables 2018-1 Owner Trust,2018,15,2019-05-15,0.00141004,1902896.95000000,1349538461.69000006
HAROT,HAROT 2018-2,Honda Auto Receivables 2018-2 Owner Trust,2018,15,2019-08-19,0.00126071,1701419.73000000,1349575737.53999996
HAROT,HAROT 2018-4,Honda Auto Receivables 2018-4 Owner Trust,2018,15,2020-02-18,0.00085816,1019138.00000000,1187584345.94000006
HAROT,HAROT 2018-4,Honda Auto Receivables 2018-4 Owner Trust,2018,16,2020-03-16,0.00093720,1113006.09000000,1187584345.94000006
HAROT,HAROT 2018-1,Honda Auto Receivables 2018-1 Owner Trust,2018,16,2019-06-17,0.00145809,1967743.57000000,1349538461.69000006
HAROT,HAROT 2018-2,Honda Auto Receivables 2018-2 Owner Trust,2018,16,2019-09-18,0.00137020,1849186.16000000,1349575737.53999996
HAROT,HAROT 2018-3,Honda Auto Receivables 2018-3 Owner Trust,2018,16,2019-12-23,0.00150651,2033078.28000000,1349529324.94000006
HAROT,HAROT 2018-3,Honda Auto Receivables 2018-3 Owner Trust,2018,17,2020-01-21,0.00159610,2153982.13000000,1349529324.94000006
HAROT,HAROT 2018-1,Honda Auto Receivables 2018-1 Owner Trust,2018,17,2019-07-15,0.00160294,2163233.75000000,1349538461.69000006
HAROT,HAROT 2018-2,Honda Auto Receivables 2018-2 Owner Trust,2018,17,2019-10-18,0.00144399,1948774.38000000,1349575737.53999996
HAROT,HAROT 2018-4,Honda Auto Receivables 2018-4 Owner Trust,2018,17,2020-04-15,0.00093748,1113330.65000000,1187584345.94000006
HAROT,HAROT 2018-1,Honda Auto Receivables 2018-1 Owner Trust,2018,18,2019-08-15,0.00160088,2160448.00000000,1349538461.69000006
HAROT,HAROT 2018-2,Honda Auto Receivables 2018-2 Owner Trust,2018,18,2019-11-18,0.00151088,2039051.33000000,1349575737.53999996
HAROT,HAROT 2018-4,Honda Auto Receivables 2018-4 Owner Trust,2018,18,2020-05-15,0.00105323,1250804.19000000,1187584345.94000006
HAROT,HAROT 2018-3,Honda Auto Receivables 2018-3 Owner Trust,2018,18,2020-02-21,0.00170402,2299628.01000000,1349529324.94000006
HAROT,HAROT 2018-3,Honda Auto Receivables 2018-3 Owner Trust,2018,19,2020-03-23,0.00174142,2350097.50000000,1349529324.94000006
HAROT,HAROT 2018-4,Honda Auto Receivables 2018-4 Owner Trust,2018,19,2020-06-15,0.00126064,1497114.20000000,1187584345.94000006
HAROT,HAROT 2018-1,Honda Auto Receivables 2018-1 Owner Trust,2018,19,2019-09-16,0.00165649,2235501.33000000,1349538461.69000006
HAROT,HAROT 2018-2,Honda Auto Receivables 2018-2 Owner Trust,2018,19,2019-12-18,0.00161592,2180803.29000000,1349575737.53999996
HAROT,HAROT 2018-4,Honda Auto Receivables 2018-4 Owner Trust,2018,20,2020-07-15,0.00134556,1597968.04000000,1187584345.94000006
HAROT,HAROT 2018-1,Honda Auto Receivables 2018-1 Owner Trust,2018,20,2019-10-15,0.00174718,2357890.15000000,1349538461.69000006
HAROT,HAROT 2018-2,Honda Auto Receivables 2018-2 Owner Trust,2018,20,2020-01-21,0.00167315,2258036.33000000,1349575737.53999996
HAROT,HAROT 2018-3,Honda Auto Receivables 2018-3 Owner Trust,2018,20,2020-04-21,0.00179544,2423002.88000000,1349529324.94000006
HAROT,HAROT 2018-3,Honda Auto Receivables 2018-3 Owner Trust,2018,21,2020-05-21,0.00185905,2508840.34000000,1349529324.94000006
HAROT,HAROT 2018-4,Honda Auto Receivables 2018-4 Owner Trust,2018,21,2020-08-17,0.00141722,1683069.06000000,1187584345.94000006
HAROT,HAROT 2018-1,Honda Auto Receivables 2018-1 Owner Trust,2018,21,2019-11-15,0.00181175,2445027.04000000,1349538461.69000006
HAROT,HAROT 2018-2,Honda Auto Receivables 2018-2 Owner Trust,2018,21,2020-02-18,0.00167674,2262883.14000000,1349575737.53999996
HAROT,HAROT 2018-3,Honda Auto Receivables 2018-3 Owner Trust,2018,22,2020-06-22,0.00191061,2578425.13000000,1349529324.94000006
HAROT,HAROT 2018-1,Honda Auto Receivables 2018-1 Owner Trust,2018,22,2019-12-16,0.00195555,2639083.52000000,1349538461.69000006
HAROT,HAROT 2018-2,Honda Auto Receivables 2018-2 Owner Trust,2018,22,2020-03-18,0.00168811,2278226.17000000,1349575737.53999996
HAROT,HAROT 2018-4,Honda Auto Receivables 2018-4 Owner Trust,2018,22,2020-09-15,0.00140130,1664161.77000000,1187584345.94000006
HAROT,HAROT 2018-3,Honda Auto Receivables 2018-3 Owner Trust,2018,23,2020-07-21,0.00191977,2590781.49000000,1349529324.94000006
HAROT,HAROT 2018-1,Honda Auto Receivables 2018-1 Owner Trust,2018,23,2020-01-15,0.00193606,2612789.51000000,1349538461.69000006
HAROT,HAROT 2018-2,Honda Auto Receivables 2018-2 Owner Trust,2018,23,2020-04-20,0.00171712,2317381.10000000,1349575737.53999996
HAROT,HAROT 2018-4,Honda Auto Receivables 2018-4 Owner Trust,2018,23,2020-10-15,0.00141452,1679865.31000000,1187584345.94000006
HAROT,HAROT 2018-3,Honda Auto Receivables 2018-3 Owner Trust,2018,24,2020-08-21,0.00193077,2605631.12000000,1349529324.94000006
HAROT,HAROT 2018-1,Honda Auto Receivables 2018-1 Owner Trust,2018,24,2020-02-18,0.00199219,2688543.47000000,1349538461.69000006
HAROT,HAROT 2018-2,Honda Auto Receivables 2018-2 Owner Trust,2018,24,2020-05-18,0.00173769,2345140.55000000,1349575737.53999996
HAROT,HAROT 2018-4,Honda Auto Receivables 2018-4 Owner Trust,2018,24,2020-11-16,0.00141761,1683533.39000000,1187584345.94000006
HAROT,HAROT 2018-3,Honda Auto Receivables 2018-3 Owner Trust,2018,25,2020-09-21,0.00190413,2569683.44000000,1349529324.94000006
HAROT,HAROT 2018-4,Honda Auto Receivables 2018-4 Owner Trust,2018,25,2020-12-15,0.00141467,1680044.55000000,1187584345.94000006
HAROT,HAROT 2018-1,Honda Auto Receivables 2018-1 Owner Trust,2018,25,2020-03-16,0.00202590,2734026.56000000,1349538461.69000006
HAROT,HAROT 2018-2,Honda Auto Receivables 2018-2 Owner Trust,2018,25,2020-06-18,0.00184564,2490837.26000000,1349575737.53999996
HAROT,HAROT 2018-4,Honda Auto Receivables 2018-4 Owner Trust,2018,26,2021-01-15,0.00141831,1684367.19000000,1187584345.94000006
HAROT,HAROT 2018-1,Honda Auto Receivables 2018-1 Owner Trust,2018,26,2020-04-15,0.00207770,2803936.89000000,1349538461.69000006
HAROT,HAROT 2018-2,Honda Auto Receivables 2018-2 Owner Trust,2018,26,2020-07-20,0.00189452,2556798.17000000,1349575737.53999996
HAROT,HAROT 2018-3,Honda Auto Receivables 2018-3 Owner Trust,2018,26,2020-10-21,0.00186691,2519450.14000000,1349529324.94000006
HAROT,HAROT 2018-1,Honda Auto Receivables 2018-1 Owner Trust,2018,27,2020-05-15,0.00210123,2835686.44000000,1349538461.69000006
HAROT,HAROT 2018-2,Honda Auto Receivables 2018-2 Owner Trust,2018,27,2020-08-18,0.00189801,2561511.47000000,1349575737.53999996
HAROT,HAROT 2018-4,Honda Auto Receivables 2018-4 Owner Trust,2018,27,2021-02-16,0.00138155,1640712.59000000,1187584345.94000006
HAROT,HAROT 2018-3,Honda Auto Receivables 2018-3 Owner Trust,2018,27,2020-11-23,0.00187334,2528121.34000000,1349529324.94000006
HAROT,HAROT 2018-4,Honda Auto Receivables 2018-4 Owner Trust,2018,28,2021-03-15,0.00138930,1649910.91000000,1187584345.94000006
HAROT,HAROT 2018-1,Honda Auto Receivables 2018-1 Owner Trust,2018,28,2020-06-15,0.00208681,2816236.83000000,1349538461.69000006
HAROT,HAROT 2018-2,Honda Auto Receivables 2018-2 Owner Trust,2018,28,2020-09-18,0.00187073,2524694.20000000,1349575737.53999996
HAROT,HAROT 2018-3,Honda Auto Receivables 2018-3 Owner Trust,2018,28,2020-12-21,0.00190246,2567426.91000000,1349529324.94000006
HAROT,HAROT 2018-1,Honda Auto Receivables 2018-1 Owner Trust,2018,29,2020-07-15,0.00215398,2906873.93000000,1349538461.69000006
HAROT,HAROT 2018-2,Honda Auto Receivables 2018-2 Owner Trust,2018,29,2020-10-19,0.00186023,2510518.51000000,1349575737.53999996
HAROT,HAROT 2018-4,Honda Auto Receivables 2018-4 Owner Trust,2018,29,2021-04-15,0.00137874,1637364.47000000,1187584345.94000006
HAROT,HAROT 2018-3,Honda Auto Receivables 2018-3 Owner Trust,2018,29,2021-01-21,0.00189351,2555346.04000000,1349529324.94000006
HAROT,HAROT 2018-3,Honda Auto Receivables 2018-3 Owner Trust,2018,30,2021-02-22,0.00193063,2605443.45000000,1349529324.94000006
HAROT,HAROT 2018-1,Honda Auto Receivables 2018-1 Owner Trust,2018,30,2020-08-17,0.00216869,2926736.72000000,1349538461.69000006
HAROT,HAROT 2018-2,Honda Auto Receivables 2018-2 Owner Trust,2018,30,2020-11-18,0.00185530,2503866.50000000,1349575737.53999996
HAROT,HAROT 2018-4,Honda Auto Receivables 2018-4 Owner Trust,2018,30,2021-05-17,0.00134250,1594326.46000000,1187584345.94000006
HAROT,HAROT 2018-3,Honda Auto Receivables 2018-3 Owner Trust,2018,31,2021-03-22,0.00191495,2584277.46000000,1349529324.94000006
HAROT,HAROT 2018-1,Honda Auto Receivables 2018-1 Owner Trust,2018,31,2020-09-15,0.00215008,2901615.51000000,1349538461.69000006
HAROT,HAROT 2018-2,Honda Auto Receivables 2018-2 Owner Trust,2018,31,2020-12-18,0.00182182,2458682.76000000,1349575737.53999996
HAROT,HAROT 2018-4,Honda Auto Receivables 2018-4 Owner Trust,2018,31,2021-06-15,0.00128886,1530635.53000000,1187584345.94000006
HAROT,HAROT 2018-3,Honda Auto Receivables 2018-3 Owner Trust,2018,32,2021-04-21,0.00190377,2569189.72000000,1349529324.94000006
HAROT,HAROT 2018-1,Honda Auto Receivables 2018-1 Owner Trust,2018,32,2020-10-15,0.00210474,2840433.91000000,1349538461.69000006
HAROT,HAROT 2018-2,Honda Auto Receivables 2018-2 Owner Trust,2018,32,2021-01-19,0.00177821,2399832.23000000,1349575737.53999996
HAROT,HAROT 2018-4,Honda Auto Receivables 2018-4 Owner Trust,2018,32,2021-07-15,0.00128118,1521509.21000000,1187584345.94000006
HAROT,HAROT 2018-3,Honda Auto Receivables 2018-3 Owner Trust,2018,33,2021-05-21,0.00188376,2542190.88000000,1349529324.94000006
HAROT,HAROT 2018-1,Honda Auto Receivables 2018-1 Owner Trust,2018,33,2020-11-16,0.00209402,2825965.75000000,1349538461.69000006
HAROT,HAROT 2018-2,Honda Auto Receivables 2018-2 Owner Trust,2018,33,2021-02-18,0.00175647,2370483.43000000,1349575737.53999996
HAROT,HAROT 2018-4,Honda Auto Receivables 2018-4 Owner Trust,2018,33,2021-08-16,0.00125011,1484611.09000000,1187584345.94000006
HAROT,HAROT 2018-1,Honda Auto Receivables 2018-1 Owner Trust,2018,34,2020-12-15,0.00210219,2836989.49000000,1349538461.69000006
HAROT,HAROT 2018-2,Honda Auto Receivables 2018-2 Owner Trust,2018,34,2021-03-18,0.00178056,2403007.12000000,1349575737.53999996
HAROT,HAROT 2018-4,Honda Auto Receivables 2018-4 Owner Trust,2018,34,2021-09-15,0.00124863,1482856.51000000,1187584345.94000006
HAROT,HAROT 2018-3,Honda Auto Receivables 2018-3 Owner Trust,2018,34,2021-06-21,0.00188486,2543672.98000000,1349529324.94000006
HAROT,HAROT 2018-3,Honda Auto Receivables 2018-3 Owner Trust,2018,35,2021-07-21,0.00186610,2518357.97000000,1349529324.94000006
HAROT,HAROT 2018-4,Honda Auto Receivables 2018-4 Owner Trust,2018,35,2021-10-15,0.00125848,1494551.87000000,1187584345.94000006
HAROT,HAROT 2018-1,Honda Auto Receivables 2018-1 Owner Trust,2018,35,2021-01-15,0.00210542,2841346.37000000,1349538461.69000006
HAROT,HAROT 2018-2,Honda Auto Receivables 2018-2 Owner Trust,2018,35,2021-04-19,0.00180555,2436727.85000000,1349575737.53999996
HAROT,HAROT 2018-4,Honda Auto Receivables 2018-4 Owner Trust,2018,36,2021-11-15,0.00126863,1506603.11000000,1187584345.94000006
HAROT,HAROT 2018-1,Honda Auto Receivables 2018-1 Owner Trust,2018,36,2021-02-16,0.00211756,2857727.80000000,1349538461.69000006
HAROT,HAROT 2018-2,Honda Auto Receivables 2018-2 Owner Trust,2018,36,2021-05-18,0.00179146,2417707.85000000,1349575737.53999996
HAROT,HAROT 2018-3,Honda Auto Receivables 2018-3 Owner Trust,2018,36,2021-08-23,0.00185553,2504096.66000000,1349529324.94000006
HAROT,HAROT 2018-3,Honda Auto Receivables 2018-3 Owner Trust,2018,37,2021-09-21,0.00187053,2524336.95000000,1349529324.94000006
HAROT,HAROT 2018-4,Honda Auto Receivables 2018-4 Owner Trust,2018,37,2021-12-15,0.00127364,1512554.85000000,1187584345.94000006
HAROT,HAROT 2018-1,Honda Auto Receivables 2018-1 Owner Trust,2018,37,2021-03-15,0.00210303,2838121.74000000,1349538461.69000006
HAROT,HAROT 2018-2,Honda Auto Receivables 2018-2 Owner Trust,2018,37,2021-06-18,0.00176510,2382139.09000000,1349575737.53999996
HAROT,HAROT 2018-1,Honda Auto Receivables 2018-1 Owner Trust,2018,38,2021-04-15,0.00208880,2818909.61000000,1349538461.69000006
HAROT,HAROT 2018-2,Honda Auto Receivables 2018-2 Owner Trust,2018,38,2021-07-19,0.00172782,2331820.32000000,1349575737.53999996
HAROT,HAROT 2018-4,Honda Auto Receivables 2018-4 Owner Trust,2018,38,2022-01-18,0.00126301,1499933.42000000,1187584345.94000006
HAROT,HAROT 2018-3,Honda Auto Receivables 2018-3 Owner Trust,2018,38,2021-10-21,0.00184002,2483159.12000000,1349529324.94000006
HAROT,HAROT 2018-4,Honda Auto Receivables 2018-4 Owner Trust,2018,39,2022-02-15,0.00124046,1473152.85000000,1187584345.94000006
HAROT,HAROT 2018-1,Honda Auto Receivables 2018-1 Owner Trust,2018,39,2021-05-17,0.00207539,2800823.02000000,1349538461.69000006
HAROT,HAROT 2018-2,Honda Auto Receivables 2018-2 Owner Trust,2018,39,2021-08-18,0.00173701,2344233.28000000,1349575737.53999996
HAROT,HAROT 2018-3,Honda Auto Receivables 2018-3 Owner Trust,2018,39,2021-11-22,0.00183462,2475879.76000000,1349529324.94000006
HAROT,HAROT 2018-3,Honda Auto Receivables 2018-3 Owner Trust,2018,40,2021-12-21,0.00179299,2419698.50000000,1349529324.94000006
HAROT,HAROT 2018-1,Honda Auto Receivables 2018-1 Owner Trust,2018,40,2021-06-15,0.00204000,2753063.46000000,1349538461.69000006
HAROT,HAROT 2018-2,Honda Auto Receivables 2018-2 Owner Trust,2018,40,2021-09-20,0.00171637,2316369.46000000,1349575737.53999996
HAROT,HAROT 2018-4,Honda Auto Receivables 2018-4 Owner Trust,2018,40,2022-03-15,0.00123685,1468861.02000000,1187584345.94000006
HAROT,HAROT 2018-1,Honda Auto Receivables 2018-1 Owner Trust,2018,41,2021-07-15,0.00203559,2747108.50000000,1349538461.69000006
HAROT,HAROT 2018-2,Honda Auto Receivables 2018-2 Owner Trust,2018,41,2021-10-18,0.00168575,2275042.94000000,1349575737.53999996
HAROT,HAROT 2018-4,Honda Auto Receivables 2018-4 Owner Trust,2018,41,2022-04-15,0.00123386,1465313.14000000,1187584345.94000006
HAROT,HAROT 2018-3,Honda Auto Receivables 2018-3 Owner Trust,2018,41,2022-01-21,0.00178147,2404148.85000000,1349529324.94000006
HAROT,HAROT 2018-4,Honda Auto Receivables 2018-4 Owner Trust,2018,42,2022-05-16,0.00120769,1434235.73000000,1187584345.94000006
HAROT,HAROT 2018-1,Honda Auto Receivables 2018-1 Owner Trust,2018,42,2021-08-16,0.00203621,2747947.23000000,1349538461.69000006
HAROT,HAROT 2018-2,Honda Auto Receivables 2018-2 Owner Trust,2018,42,2021-11-18,0.00167062,2254621.59000000,1349575737.53999996
HAROT,HAROT 2018-3,Honda Auto Receivables 2018-3 Owner Trust,2018,42,2022-02-22,0.00177643,2397350.31000000,1349529324.94000006
HAROT,HAROT 2019-1,Honda Auto Receivables 2019-1 Owner Trust,2019,1,2019-03-18,0.00000000,0.00000000,1400006654.61999989
HAROT,HAROT 2019-2,Honda Auto Receivables 2019-2 Owner Trust,2019,1,2019-06-21,0.00000252,4087.86000000,1619433198.60999990
HAROT,HAROT 2019-3,Honda Auto Receivables 2019-3 Owner Trust,2019,1,2019-09-15,0.00000000,0.00000000,1349537390.88000011
HAROT,HAROT 2019-4,Honda Auto Receivables 2019-4 Owner Trust,2019,1,2019-12-18,0.00000000,0.00000000,1619436122.51999998
HAROT,HAROT 2019-1,Honda Auto Receivables 2019-1 Owner Trust,2019,2,2019-04-18,0.00000000,0.00000000,1400006654.61999989
HAROT,HAROT 2019-4,Honda Auto Receivables 2019-4 Owner Trust,2019,2,2020-01-21,0.00000085,1377.30000000,1619436122.51999998
HAROT,HAROT 2019-3,Honda Auto Receivables 2019-3 Owner Trust,2019,2,2019-10-15,0.00000000,0.00000000,1349537390.88000011
HAROT,HAROT 2019-2,Honda Auto Receivables 2019-2 Owner Trust,2019,2,2019-07-22,0.00000252,4087.86000000,1619433198.60999990
HAROT,HAROT 2019-4,Honda Auto Receivables 2019-4 Owner Trust,2019,3,2020-02-18,0.00000483,7828.94000000,1619436122.51999998
HAROT,HAROT 2019-1,Honda Auto Receivables 2019-1 Owner Trust,2019,3,2019-05-20,0.00000534,7471.44000000,1400006654.61999989
HAROT,HAROT 2019-3,Honda Auto Receivables 2019-3 Owner Trust,2019,3,2019-11-15,0.00003073,41476.38000000,1349537390.88000011
HAROT,HAROT 2019-2,Honda Auto Receivables 2019-2 Owner Trust,2019,3,2019-08-21,0.00004679,75774.77000000,1619433198.60999990
HAROT,HAROT 2019-4,Honda Auto Receivables 2019-4 Owner Trust,2019,4,2020-03-18,0.00005691,92159.82000000,1619436122.51999998
HAROT,HAROT 2019-2,Honda Auto Receivables 2019-2 Owner Trust,2019,4,2019-09-23,0.00011270,182517.49000000,1619433198.60999990
HAROT,HAROT 2019-3,Honda Auto Receivables 2019-3 Owner Trust,2019,4,2019-12-16,0.00015477,208871.08000000,1349537390.88000011
HAROT,HAROT 2019-1,Honda Auto Receivables 2019-1 Owner Trust,2019,4,2019-06-18,0.00012069,168964.86000000,1400006654.61999989
HAROT,HAROT 2019-3,Honda Auto Receivables 2019-3 Owner Trust,2019,5,2020-01-15,0.00027368,369343.74000000,1349537390.88000011
HAROT,HAROT 2019-1,Honda Auto Receivables 2019-1 Owner Trust,2019,5,2019-07-18,0.00016780,234926.25000000,1400006654.61999989
HAROT,HAROT 2019-2,Honda Auto Receivables 2019-2 Owner Trust,2019,5,2019-10-21,0.00017687,286435.70000000,1619433198.60999990
HAROT,HAROT 2019-4,Honda Auto Receivables 2019-4 Owner Trust,2019,5,2020-04-20,0.00015592,252507.48000000,1619436122.51999998
HAROT,HAROT 2019-4,Honda Auto Receivables 2019-4 Owner Trust,2019,6,2020-05-18,0.00029362,475503.52000000,1619436122.51999998
HAROT,HAROT 2019-1,Honda Auto Receivables 2019-1 Owner Trust,2019,6,2019-08-19,0.00029553,413748.81000000,1400006654.61999989
HAROT,HAROT 2019-3,Honda Auto Receivables 2019-3 Owner Trust,2019,6,2020-02-18,0.00042011,566952.39000000,1349537390.88000011
HAROT,HAROT 2019-2,Honda Auto Receivables 2019-2 Owner Trust,2019,6,2019-11-21,0.00033211,537824.88000000,1619433198.60999990
HAROT,HAROT 2019-2,Honda Auto Receivables 2019-2 Owner Trust,2019,7,2019-12-23,0.00049982,809431.02000000,1619433198.60999990
HAROT,HAROT 2019-1,Honda Auto Receivables 2019-1 Owner Trust,2019,7,2019-09-18,0.00040691,569669.71000000,1400006654.61999989
HAROT,HAROT 2019-4,Honda Auto Receivables 2019-4 Owner Trust,2019,7,2020-06-18,0.00051863,839895.68000000,1619436122.51999998
HAROT,HAROT 2019-3,Honda Auto Receivables 2019-3 Owner Trust,2019,7,2020-03-16,0.00054144,730696.07000000,1349537390.88000011
HAROT,HAROT 2019-1,Honda Auto Receivables 2019-1 Owner Trust,2019,8,2019-10-18,0.00053015,742206.71000000,1400006654.61999989
HAROT,HAROT 2019-3,Honda Auto Receivables 2019-3 Owner Trust,2019,8,2020-04-15,0.00071763,968471.48000000,1349537390.88000011
HAROT,HAROT 2019-4,Honda Auto Receivables 2019-4 Owner Trust,2019,8,2020-07-20,0.00069088,1118837.88000000,1619436122.51999998
HAROT,HAROT 2019-2,Honda Auto Receivables 2019-2 Owner Trust,2019,8,2020-01-21,0.00062003,1004101.58000000,1619433198.60999990
HAROT,HAROT 2019-3,Honda Auto Receivables 2019-3 Owner Trust,2019,9,2020-05-15,0.00079416,1071742.81000000,1349537390.88000011
HAROT,HAROT 2019-1,Honda Auto Receivables 2019-1 Owner Trust,2019,9,2019-11-18,0.00067024,938335.22000000,1400006654.61999989
HAROT,HAROT 2019-2,Honda Auto Receivables 2019-2 Owner Trust,2019,9,2020-02-21,0.00077014,1247189.73000000,1619433198.60999990
HAROT,HAROT 2019-4,Honda Auto Receivables 2019-4 Owner Trust,2019,9,2020-08-18,0.00073148,1184586.64000000,1619436122.51999998
HAROT,HAROT 2019-4,Honda Auto Receivables 2019-4 Owner Trust,2019,10,2020-09-18,0.00073374,1188239.23000000,1619436122.51999998
HAROT,HAROT 2019-2,Honda Auto Receivables 2019-2 Owner Trust,2019,10,2020-03-23,0.00092980,1505751.35000000,1619433198.60999990
HAROT,HAROT 2019-1,Honda Auto Receivables 2019-1 Owner Trust,2019,10,2019-12-18,0.00073920,1034881.53000000,1400006654.61999989
HAROT,HAROT 2019-3,Honda Auto Receivables 2019-3 Owner Trust,2019,10,2020-06-15,0.00096633,1304104.48000000,1349537390.88000011
HAROT,HAROT 2019-2,Honda Auto Receivables 2019-2 Owner Trust,2019,11,2020-04-21,0.00105365,1706312.83000000,1619433198.60999990
HAROT,HAROT 2019-1,Honda Auto Receivables 2019-1 Owner Trust,2019,11,2020-01-21,0.00087707,1227902.84000000,1400006654.61999989
HAROT,HAROT 2019-4,Honda Auto Receivables 2019-4 Owner Trust,2019,11,2020-10-19,0.00080473,1303209.80000000,1619436122.51999998
HAROT,HAROT 2019-3,Honda Auto Receivables 2019-3 Owner Trust,2019,11,2020-07-15,0.00114528,1545596.57000000,1349537390.88000011
HAROT,HAROT 2019-4,Honda Auto Receivables 2019-4 Owner Trust,2019,12,2020-11-18,0.00089372,1447322.59000000,1619436122.51999998
HAROT,HAROT 2019-1,Honda Auto Receivables 2019-1 Owner Trust,2019,12,2020-02-18,0.00093184,1304576.57000000,1400006654.61999989
HAROT,HAROT 2019-2,Honda Auto Receivables 2019-2 Owner Trust,2019,12,2020-05-21,0.00110929,1796423.94000000,1619433198.60999990
HAROT,HAROT 2019-3,Honda Auto Receivables 2019-3 Owner Trust,2019,12,2020-08-17,0.00122660,1655342.63000000,1349537390.88000011
HAROT,HAROT 2019-1,Honda Auto Receivables 2019-1 Owner Trust,2019,13,2020-03-18,0.00100368,1405156.07000000,1400006654.61999989
HAROT,HAROT 2019-3,Honda Auto Receivables 2019-3 Owner Trust,2019,13,2020-09-15,0.00122713,1656052.60000000,1349537390.88000011
HAROT,HAROT 2019-4,Honda Auto Receivables 2019-4 Owner Trust,2019,13,2020-12-18,0.00093083,1507425.83000000,1619436122.51999998
HAROT,HAROT 2019-2,Honda Auto Receivables 2019-2 Owner Trust,2019,13,2020-06-22,0.00126844,2054153.36000000,1619433198.60999990
HAROT,HAROT 2019-3,Honda Auto Receivables 2019-3 Owner Trust,2019,14,2020-10-15,0.00127311,1718115.74000000,1349537390.88000011
HAROT,HAROT 2019-1,Honda Auto Receivables 2019-1 Owner Trust,2019,14,2020-04-20,0.00107156,1500187.12000000,1400006654.61999989
HAROT,HAROT 2019-2,Honda Auto Receivables 2019-2 Owner Trust,2019,14,2020-07-21,0.00138856,2248683.24000000,1619433198.60999990
HAROT,HAROT 2019-4,Honda Auto Receivables 2019-4 Owner Trust,2019,14,2021-01-19,0.00096765,1567045.94000000,1619436122.51999998
HAROT,HAROT 2019-3,Honda Auto Receivables 2019-3 Owner Trust,2019,15,2020-11-16,0.00140182,1891804.03000000,1349537390.88000011
HAROT,HAROT 2019-4,Honda Auto Receivables 2019-4 Owner Trust,2019,15,2021-02-18,0.00103095,1669565.60000000,1619436122.51999998
HAROT,HAROT 2019-2,Honda Auto Receivables 2019-2 Owner Trust,2019,15,2020-08-21,0.00147079,2381847.73000000,1619433198.60999990
HAROT,HAROT 2019-1,Honda Auto Receivables 2019-1 Owner Trust,2019,15,2020-05-18,0.00114370,1601184.76000000,1400006654.61999989
HAROT,HAROT 2019-2,Honda Auto Receivables 2019-2 Owner Trust,2019,16,2020-09-21,0.00144172,2334767.80000000,1619433198.60999990
HAROT,HAROT 2019-1,Honda Auto Receivables 2019-1 Owner Trust,2019,16,2020-06-18,0.00124987,1749821.95000000,1400006654.61999989
HAROT,HAROT 2019-4,Honda Auto Receivables 2019-4 Owner Trust,2019,16,2021-03-18,0.00108921,1763906.34000000,1619436122.51999998
HAROT,HAROT 2019-3,Honda Auto Receivables 2019-3 Owner Trust,2019,16,2020-12-15,0.00139511,1882755.62000000,1349537390.88000011
HAROT,HAROT 2019-3,Honda Auto Receivables 2019-3 Owner Trust,2019,17,2021-01-15,0.00135384,1827061.37000000,1349537390.88000011
HAROT,HAROT 2019-1,Honda Auto Receivables 2019-1 Owner Trust,2019,17,2020-07-20,0.00130154,1822158.47000000,1400006654.61999989
HAROT,HAROT 2019-2,Honda Auto Receivables 2019-2 Owner Trust,2019,17,2020-10-21,0.00143909,2330508.87000000,1619433198.60999990
HAROT,HAROT 2019-4,Honda Auto Receivables 2019-4 Owner Trust,2019,17,2021-04-19,0.00117177,1897612.41000000,1619436122.51999998
HAROT,HAROT 2019-4,Honda Auto Receivables 2019-4 Owner Trust,2019,18,2021-05-18,0.00123880,2006155.79000000,1619436122.51999998
HAROT,HAROT 2019-2,Honda Auto Receivables 2019-2 Owner Trust,2019,18,2020-11-23,0.00146274,2368813.02000000,1619433198.60999990
HAROT,HAROT 2019-1,Honda Auto Receivables 2019-1 Owner Trust,2019,18,2020-08-18,0.00130315,1824419.77000000,1400006654.61999989
HAROT,HAROT 2019-3,Honda Auto Receivables 2019-3 Owner Trust,2019,18,2021-02-16,0.00138699,1871792.94000000,1349537390.88000011
HAROT,HAROT 2019-1,Honda Auto Receivables 2019-1 Owner Trust,2019,19,2020-09-18,0.00128394,1797528.03000000,1400006654.61999989
HAROT,HAROT 2019-3,Honda Auto Receivables 2019-3 Owner Trust,2019,19,2021-03-15,0.00141921,1915276.90000000,1349537390.88000011
HAROT,HAROT 2019-4,Honda Auto Receivables 2019-4 Owner Trust,2019,19,2021-06-18,0.00124588,2017627.91000000,1619436122.51999998
HAROT,HAROT 2019-2,Honda Auto Receivables 2019-2 Owner Trust,2019,19,2020-12-21,0.00149897,2427486.31000000,1619433198.60999990
HAROT,HAROT 2019-4,Honda Auto Receivables 2019-4 Owner Trust,2019,20,2021-07-19,0.00119385,1933364.14000000,1619436122.51999998
HAROT,HAROT 2019-1,Honda Auto Receivables 2019-1 Owner Trust,2019,20,2020-10-19,0.00126894,1776524.87000000,1400006654.61999989
HAROT,HAROT 2019-2,Honda Auto Receivables 2019-2 Owner Trust,2019,20,2021-01-21,0.00145960,2363718.77000000,1619433198.60999990
HAROT,HAROT 2019-3,Honda Auto Receivables 2019-3 Owner Trust,2019,20,2021-04-15,0.00139085,1876998.76000000,1349537390.88000011
HAROT,HAROT 2019-2,Honda Auto Receivables 2019-2 Owner Trust,2019,21,2021-02-22,0.00149502,2421085.61000000,1619433198.60999990
HAROT,HAROT 2019-3,Honda Auto Receivables 2019-3 Owner Trust,2019,21,2021-05-17,0.00142307,1920488.82000000,1349537390.88000011
HAROT,HAROT 2019-4,Honda Auto Receivables 2019-4 Owner Trust,2019,21,2021-08-18,0.00121768,1971954.17000000,1619436122.51999998
HAROT,HAROT 2019-1,Honda Auto Receivables 2019-1 Owner Trust,2019,21,2020-11-18,0.00132174,1850441.97000000,1400006654.61999989
HAROT,HAROT 2019-3,Honda Auto Receivables 2019-3 Owner Trust,2019,22,2021-06-15,0.00141705,1912358.32000000,1349537390.88000011
HAROT,HAROT 2019-4,Honda Auto Receivables 2019-4 Owner Trust,2019,22,2021-09-20,0.00121391,1965841.81000000,1619436122.51999998
HAROT,HAROT 2019-2,Honda Auto Receivables 2019-2 Owner Trust,2019,22,2021-03-22,0.00149577,2422296.65000000,1619433198.60999990
HAROT,HAROT 2019-1,Honda Auto Receivables 2019-1 Owner Trust,2019,22,2020-12-18,0.00129467,1812552.90000000,1400006654.61999989
HAROT,HAROT 2019-4,Honda Auto Receivables 2019-4 Owner Trust,2019,23,2021-10-18,0.00119606,1936940.47000000,1619436122.51999998
HAROT,HAROT 2019-2,Honda Auto Receivables 2019-2 Owner Trust,2019,23,2021-04-21,0.00149831,2426407.99000000,1619433198.60999990
HAROT,HAROT 2019-3,Honda Auto Receivables 2019-3 Owner Trust,2019,23,2021-07-15,0.00150080,2025389.83000000,1349537390.88000011
HAROT,HAROT 2019-1,Honda Auto Receivables 2019-1 Owner Trust,2019,23,2021-01-19,0.00127755,1788573.42000000,1400006654.61999989
HAROT,HAROT 2019-4,Honda Auto Receivables 2019-4 Owner Trust,2019,24,2021-11-18,0.00123356,1997674.11000000,1619436122.51999998
HAROT,HAROT 2019-2,Honda Auto Receivables 2019-2 Owner Trust,2019,24,2021-05-21,0.00146455,2371738.29000000,1619433198.60999990
HAROT,HAROT 2019-3,Honda Auto Receivables 2019-3 Owner Trust,2019,24,2021-08-16,0.00147552,1991270.65000000,1349537390.88000011
HAROT,HAROT 2019-1,Honda Auto Receivables 2019-1 Owner Trust,2019,24,2021-02-18,0.00124385,1741401.34000000,1400006654.61999989
HAROT,HAROT 2019-2,Honda Auto Receivables 2019-2 Owner Trust,2019,25,2021-06-21,0.00152572,2470798.67000000,1619433198.60999990
HAROT,HAROT 2019-3,Honda Auto Receivables 2019-3 Owner Trust,2019,25,2021-09-15,0.00146207,1973123.20000000,1349537390.88000011
HAROT,HAROT 2019-4,Honda Auto Receivables 2019-4 Owner Trust,2019,25,2021-12-20,0.00127703,2068066.73000000,1619436122.51999998
HAROT,HAROT 2019-1,Honda Auto Receivables 2019-1 Owner Trust,2019,25,2021-03-18,0.00127398,1783581.29000000,1400006654.61999989
HAROT,HAROT 2019-2,Honda Auto Receivables 2019-2 Owner Trust,2019,26,2021-07-21,0.00155796,2523010.96000000,1619433198.60999990
HAROT,HAROT 2019-1,Honda Auto Receivables 2019-1 Owner Trust,2019,26,2021-04-19,0.00127836,1789719.33000000,1400006654.61999989
HAROT,HAROT 2019-4,Honda Auto Receivables 2019-4 Owner Trust,2019,26,2022-01-18,0.00131126,2123504.41000000,1619436122.51999998
HAROT,HAROT 2019-3,Honda Auto Receivables 2019-3 Owner Trust,2019,26,2021-10-15,0.00148131,1999085.07000000,1349537390.88000011
HAROT,HAROT 2019-2,Honda Auto Receivables 2019-2 Owner Trust,2019,27,2021-08-23,0.00155694,2521353.91000000,1619433198.60999990
HAROT,HAROT 2019-1,Honda Auto Receivables 2019-1 Owner Trust,2019,27,2021-05-18,0.00127579,1786120.26000000,1400006654.61999989
HAROT,HAROT 2019-4,Honda Auto Receivables 2019-4 Owner Trust,2019,27,2022-02-18,0.00131173,2124256.81000000,1619436122.51999998
HAROT,HAROT 2019-3,Honda Auto Receivables 2019-3 Owner Trust,2019,27,2021-11-15,0.00144119,1944941.62000000,1349537390.88000011
HAROT,HAROT 2019-1,Honda Auto Receivables 2019-1 Owner Trust,2019,28,2021-06-18,0.00124988,1749842.91000000,1400006654.61999989
HAROT,HAROT 2019-4,Honda Auto Receivables 2019-4 Owner Trust,2019,28,2022-03-18,0.00129374,2095131.83000000,1619436122.51999998
HAROT,HAROT 2019-3,Honda Auto Receivables 2019-3 Owner Trust,2019,28,2021-12-15,0.00143259,1933328.42000000,1349537390.88000011
HAROT,HAROT 2019-2,Honda Auto Receivables 2019-2 Owner Trust,2019,28,2021-09-21,0.00155050,2510928.32000000,1619433198.60999990
HAROT,HAROT 2019-4,Honda Auto Receivables 2019-4 Owner Trust,2019,29,2022-04-18,0.00130074,2106464.64000000,1619436122.51999998
HAROT,HAROT 2019-2,Honda Auto Receivables 2019-2 Owner Trust,2019,29,2021-10-21,0.00157411,2549161.85000000,1619433198.60999990
HAROT,HAROT 2019-1,Honda Auto Receivables 2019-1 Owner Trust,2019,29,2021-07-19,0.00125148,1752077.56000000,1400006654.61999989
HAROT,HAROT 2019-3,Honda Auto Receivables 2019-3 Owner Trust,2019,29,2022-01-18,0.00144892,1955370.57000000,1349537390.88000011
HAROT,HAROT 2019-3,Honda Auto Receivables 2019-3 Owner Trust,2019,30,2022-02-15,0.00147342,1988436.39000000,1349537390.88000011
HAROT,HAROT 2019-1,Honda Auto Receivables 2019-1 Owner Trust,2019,30,2021-08-18,0.00123109,1723535.56000000,1400006654.61999989
HAROT,HAROT 2019-2,Honda Auto Receivables 2019-2 Owner Trust,2019,30,2021-11-22,0.00156446,2533535.25000000,1619433198.60999990
HAROT,HAROT 2019-4,Honda Auto Receivables 2019-4 Owner Trust,2019,30,2022-05-18,0.00129126,2091111.09000000,1619436122.51999998
HAROT,HAROT 2019-3,Honda Auto Receivables 2019-3 Owner Trust,2019,31,2022-03-15,0.00144257,1946802.74000000,1349537390.88000011
HAROT,HAROT 2019-4,Honda Auto Receivables 2019-4 Owner Trust,2019,31,2022-06-21,0.00128727,2084646.53000000,1619436122.51999998
HAROT,HAROT 2019-2,Honda Auto Receivables 2019-2 Owner Trust,2019,31,2021-12-21,0.00154837,2507480.19000000,1619433198.60999990
HAROT,HAROT 2019-1,Honda Auto Receivables 2019-1 Owner Trust,2019,31,2021-09-20,0.00121889,1706453.56000000,1400006654.61999989
HAROT,HAROT 2019-3,Honda Auto Receivables 2019-3 Owner Trust,2019,32,2022-04-15,0.00145483,1963348.53000000,1349537390.88000011
HAROT,HAROT 2019-4,Honda Auto Receivables 2019-4 Owner Trust,2019,32,2022-07-18,0.00129444,2096261.09000000,1619436122.51999998
HAROT,HAROT 2019-2,Honda Auto Receivables 2019-2 Owner Trust,2019,32,2022-01-21,0.00156279,2530836.51000000,1619433198.60999990
HAROT,HAROT 2019-1,Honda Auto Receivables 2019-1 Owner Trust,2019,32,2021-10-18,0.00122942,1721199.11000000,1400006654.61999989
HAROT,HAROT 2019-4,Honda Auto Receivables 2019-4 Owner Trust,2019,33,2022-08-18,0.00129535,2097735.16000000,1619436122.51999998
HAROT,HAROT 2019-2,Honda Auto Receivables 2019-2 Owner Trust,2019,33,2022-02-22,0.00157678,2553495.71000000,1619433198.60999990
HAROT,HAROT 2019-3,Honda Auto Receivables 2019-3 Owner Trust,2019,33,2022-05-16,0.00144390,1948602.70000000,1349537390.88000011
HAROT,HAROT 2019-1,Honda Auto Receivables 2019-1 Owner Trust,2019,33,2021-11-18,0.00123576,1730070.60000000,1400006654.61999989
HAROT,HAROT 2019-4,Honda Auto Receivables 2019-4 Owner Trust,2019,34,2022-09-19,0.00132981,2153547.81000000,1619436122.51999998
HAROT,HAROT 2019-2,Honda Auto Receivables 2019-2 Owner Trust,2019,34,2022-03-21,0.00158523,2567173.87000000,1619433198.60999990
HAROT,HAROT 2019-1,Honda Auto Receivables 2019-1 Owner Trust,2019,34,2021-12-20,0.00123895,1734539.86000000,1400006654.61999989
HAROT,HAROT 2019-3,Honda Auto Receivables 2019-3 Owner Trust,2019,34,2022-06-15,0.00145881,1968723.03000000,1349537390.88000011
HAROT,HAROT 2019-3,Honda Auto Receivables 2019-3 Owner Trust,2019,35,2022-07-15,0.00144199,1946016.14000000,1349537390.88000011
HAROT,HAROT 2019-1,Honda Auto Receivables 2019-1 Owner Trust,2019,35,2022-01-18,0.00119925,1678952.77000000,1400006654.61999989
HAROT,HAROT 2019-2,Honda Auto Receivables 2019-2 Owner Trust,2019,35,2022-04-21,0.00156323,2531549.60000000,1619433198.60999990
HAROT,HAROT 2019-4,Honda Auto Receivables 2019-4 Owner Trust,2019,35,2022-10-18,0.00132161,2140268.15000000,1619436122.51999998
HAROT,HAROT 2019-4,Honda Auto Receivables 2019-4 Owner Trust,2019,36,2022-11-18,0.00133437,2160921.10000000,1619436122.51999998
HAROT,HAROT 2019-1,Honda Auto Receivables 2019-1 Owner Trust,2019,36,2022-02-18,0.00121340,1698768.22000000,1400006654.61999989
HAROT,HAROT 2019-2,Honda Auto Receivables 2019-2 Owner Trust,2019,36,2022-05-23,0.00153369,2483714.08000000,1619433198.60999990
HAROT,HAROT 2019-3,Honda Auto Receivables 2019-3 Owner Trust,2019,36,2022-08-15,0.00146217,1973253.99000000,1349537390.88000011
HAROT,HAROT 2019-3,Honda Auto Receivables 2019-3 Owner Trust,2019,37,2022-09-15,0.00149593,2018814.38000000,1349537390.88000011
HAROT,HAROT 2019-1,Honda Auto Receivables 2019-1 Owner Trust,2019,37,2022-03-18,0.00119306,1670293.33000000,1400006654.61999989
HAROT,HAROT 2019-2,Honda Auto Receivables 2019-2 Owner Trust,2019,37,2022-06-21,0.00152785,2474244.79000000,1619433198.60999990
HAROT,HAROT 2019-4,Honda Auto Receivables 2019-4 Owner Trust,2019,37,2022-12-19,0.00131000,2121453.45000000,1619436122.51999998
HAROT,HAROT 2019-4,Honda Auto Receivables 2019-4 Owner Trust,2019,38,2023-01-18,0.00129120,2091020.92000000,1619436122.51999998
HAROT,HAROT 2019-1,Honda Auto Receivables 2019-1 Owner Trust,2019,38,2022-04-18,0.00119714,1676004.36000000,1400006654.61999989
HAROT,HAROT 2019-3,Honda Auto Receivables 2019-3 Owner Trust,2019,38,2022-10-17,0.00149417,2016441.60000000,1349537390.88000011
HAROT,HAROT 2019-2,Honda Auto Receivables 2019-2 Owner Trust,2019,38,2022-07-21,0.00150976,2444949.99000000,1619433198.60999990
HAROT,HAROT 2019-1,Honda Auto Receivables 2019-1 Owner Trust,2019,39,2022-05-18,0.00120064,1680901.01000000,1400006654.61999989
HAROT,HAROT 2019-4,Honda Auto Receivables 2019-4 Owner Trust,2019,39,2023-02-21,0.00129349,2094726.95000000,1619436122.51999998
HAROT,HAROT 2019-3,Honda Auto Receivables 2019-3 Owner Trust,2019,39,2022-11-15,0.00152238,2054514.25000000,1349537390.88000011
HAROT,HAROT 2019-2,Honda Auto Receivables 2019-2 Owner Trust,2019,39,2022-08-22,0.00152470,2469152.67000000,1619433198.60999990
HAROT,HAROT 2019-4,Honda Auto Receivables 2019-4 Owner Trust,2019,40,2023-03-20,0.00130920,2120161.06000000,1619436122.51999998
HAROT,HAROT 2019-2,Honda Auto Receivables 2019-2 Owner Trust,2019,40,2022-09-21,0.00153473,2485396.08000000,1619433198.60999990
HAROT,HAROT 2019-3,Honda Auto Receivables 2019-3 Owner Trust,2019,40,2022-12-15,0.00148901,2009480.89000000,1349537390.88000011
HAROT,HAROT 2019-1,Honda Auto Receivables 2019-1 Owner Trust,2019,40,2022-06-21,0.00116018,1624260.98000000,1400006654.61999989
HAROT,HAROT 2019-4,Honda Auto Receivables 2019-4 Owner Trust,2019,41,2023-04-18,0.00128586,2082365.60000000,1619436122.51999998
HAROT,HAROT 2019-1,Honda Auto Receivables 2019-1 Owner Trust,2019,41,2022-07-18,0.00114165,1598318.18000000,1400006654.61999989
HAROT,HAROT 2019-3,Honda Auto Receivables 2019-3 Owner Trust,2019,41,2023-01-17,0.00148036,1997799.07000000,1349537390.88000011
HAROT,HAROT 2019-2,Honda Auto Receivables 2019-2 Owner Trust,2019,41,2022-10-21,0.00151877,2459548.22000000,1619433198.60999990
HAROT,HAROT 2019-2,Honda Auto Receivables 2019-2 Owner Trust,2019,42,2022-11-21,0.00153037,2478338.65000000,1619433198.60999990
HAROT,HAROT 2019-4,Honda Auto Receivables 2019-4 Owner Trust,2019,42,2023-05-18,0.00125963,2039895.07000000,1619436122.51999998
HAROT,HAROT 2019-1,Honda Auto Receivables 2019-1 Owner Trust,2019,42,2022-08-18,0.00115016,1610226.08000000,1400006654.61999989
HAROT,HAROT 2020-3,Honda Auto Receivables 2020-3 Owner Trust,2020,1,2020-10-19,0.00000090,1937.72000000,2159298062.36999989
HAROT,HAROT 2020-1,Honda Auto Receivables 2020-1 Owner Trust,2020,1,2020-03-23,0.00000000,0.00000000,1619433198.45000005
HAROT,HAROT 2020-2,Honda Auto Receivables 2020-2 Owner Trust,2020,1,2020-06-15,0.00000000,0.00000000,1349527666.91000009
HAROT,HAROT 2020-2,Honda Auto Receivables 2020-2 Owner Trust,2020,2,2020-07-15,0.00000089,1206.72000000,1349527666.91000009
HAROT,HAROT 2020-1,Honda Auto Receivables 2020-1 Owner Trust,2020,2,2020-04-21,0.00000000,0.00000000,1619433198.45000005
HAROT,HAROT 2020-3,Honda Auto Receivables 2020-3 Owner Trust,2020,2,2020-11-18,0.00001577,34061.67000000,2159298062.36999989
HAROT,HAROT 2020-2,Honda Auto Receivables 2020-2 Owner Trust,2020,3,2020-08-17,0.00003317,44759.36000000,1349527666.91000009
HAROT,HAROT 2020-3,Honda Auto Receivables 2020-3 Owner Trust,2020,3,2020-12-18,0.00004032,87065.56000000,2159298062.36999989
HAROT,HAROT 2020-1,Honda Auto Receivables 2020-1 Owner Trust,2020,3,2020-05-21,0.00000000,0.00000000,1619433198.45000005
HAROT,HAROT 2020-3,Honda Auto Receivables 2020-3 Owner Trust,2020,4,2021-01-19,0.00018604,401724.90000000,2159298062.36999989
HAROT,HAROT 2020-1,Honda Auto Receivables 2020-1 Owner Trust,2020,4,2020-06-22,0.00006297,101970.89000000,1619433198.45000005
HAROT,HAROT 2020-2,Honda Auto Receivables 2020-2 Owner Trust,2020,4,2020-09-15,0.00009954,134332.87000000,1349527666.91000009
HAROT,HAROT 2020-1,Honda Auto Receivables 2020-1 Owner Trust,2020,5,2020-07-21,0.00021877,354282.49000000,1619433198.45000005
HAROT,HAROT 2020-2,Honda Auto Receivables 2020-2 Owner Trust,2020,5,2020-10-15,0.00014070,189878.52000000,1349527666.91000009
HAROT,HAROT 2020-3,Honda Auto Receivables 2020-3 Owner Trust,2020,5,2021-02-18,0.00030644,661690.63000000,2159298062.36999989
HAROT,HAROT 2020-2,Honda Auto Receivables 2020-2 Owner Trust,2020,6,2020-11-16,0.00017090,230629.39000000,1349527666.91000009
HAROT,HAROT 2020-3,Honda Auto Receivables 2020-3 Owner Trust,2020,6,2021-03-18,0.00048606,1049551.00000000,2159298062.36999989
HAROT,HAROT 2020-1,Honda Auto Receivables 2020-1 Owner Trust,2020,6,2020-08-21,0.00027769,449700.11000000,1619433198.45000005
HAROT,HAROT 2020-3,Honda Auto Receivables 2020-3 Owner Trust,2020,7,2021-04-19,0.00062108,1341106.92000000,2159298062.36999989
HAROT,HAROT 2020-2,Honda Auto Receivables 2020-2 Owner Trust,2020,7,2020-12-15,0.00022563,304499.28000000,1349527666.91000009
HAROT,HAROT 2020-1,Honda Auto Receivables 2020-1 Owner Trust,2020,7,2020-09-21,0.00038611,625286.75000000,1619433198.45000005
HAROT,HAROT 2020-1,Honda Auto Receivables 2020-1 Owner Trust,2020,8,2020-10-21,0.00041003,664017.98000000,1619433198.45000005
HAROT,HAROT 2020-2,Honda Auto Receivables 2020-2 Owner Trust,2020,8,2021-01-15,0.00026491,357499.53000000,1349527666.91000009
HAROT,HAROT 2020-3,Honda Auto Receivables 2020-3 Owner Trust,2020,8,2021-05-18,0.00070235,1516573.95000000,2159298062.36999989
HAROT,HAROT 2020-1,Honda Auto Receivables 2020-1 Owner Trust,2020,9,2020-11-23,0.00047340,766643.37000000,1619433198.45000005
HAROT,HAROT 2020-2,Honda Auto Receivables 2020-2 Owner Trust,2020,9,2021-02-16,0.00031791,429021.64000000,1349527666.91000009
HAROT,HAROT 2020-3,Honda Auto Receivables 2020-3 Owner Trust,2020,9,2021-06-18,0.00074484,1608336.92000000,2159298062.36999989
HAROT,HAROT 2020-3,Honda Auto Receivables 2020-3 Owner Trust,2020,10,2021-07-19,0.00076798,1658287.01000000,2159298062.36999989
HAROT,HAROT 2020-1,Honda Auto Receivables 2020-1 Owner Trust,2020,10,2020-12-21,0.00051540,834658.04000000,1619433198.45000005
HAROT,HAROT 2020-2,Honda Auto Receivables 2020-2 Owner Trust,2020,10,2021-03-15,0.00033649,454109.31000000,1349527666.91000009
HAROT,HAROT 2020-1,Honda Auto Receivables 2020-1 Owner Trust,2020,11,2021-01-21,0.00062482,1011856.81000000,1619433198.45000005
HAROT,HAROT 2020-3,Honda Auto Receivables 2020-3 Owner Trust,2020,11,2021-08-18,0.00080710,1742774.78000000,2159298062.36999989
HAROT,HAROT 2020-2,Honda Auto Receivables 2020-2 Owner Trust,2020,11,2021-04-15,0.00037735,509239.36000000,1349527666.91000009
HAROT,HAROT 2020-2,Honda Auto Receivables 2020-2 Owner Trust,2020,12,2021-05-17,0.00043422,585997.37000000,1349527666.91000009
HAROT,HAROT 2020-1,Honda Auto Receivables 2020-1 Owner Trust,2020,12,2021-02-22,0.00069147,1119787.49000000,1619433198.45000005
HAROT,HAROT 2020-3,Honda Auto Receivables 2020-3 Owner Trust,2020,12,2021-09-20,0.00089797,1938993.78000000,2159298062.36999989
HAROT,HAROT 2020-1,Honda Auto Receivables 2020-1 Owner Trust,2020,13,2021-03-22,0.00072749,1178116.71000000,1619433198.45000005
HAROT,HAROT 2020-2,Honda Auto Receivables 2020-2 Owner Trust,2020,13,2021-06-15,0.00050071,675722.87000000,1349527666.91000009
HAROT,HAROT 2020-3,Honda Auto Receivables 2020-3 Owner Trust,2020,13,2021-10-18,0.00096006,2073051.27000000,2159298062.36999989
HAROT,HAROT 2020-1,Honda Auto Receivables 2020-1 Owner Trust,2020,14,2021-04-21,0.00077656,1257588.52000000,1619433198.45000005
HAROT,HAROT 2020-2,Honda Auto Receivables 2020-2 Owner Trust,2020,14,2021-07-15,0.00052133,703546.01000000,1349527666.91000009
HAROT,HAROT 2020-3,Honda Auto Receivables 2020-3 Owner Trust,2020,14,2021-11-18,0.00105365,2275145.17000000,2159298062.36999989
HAROT,HAROT 2020-3,Honda Auto Receivables 2020-3 Owner Trust,2020,15,2021-12-20,0.00112000,2418418.04000000,2159298062.36999989
HAROT,HAROT 2020-1,Honda Auto Receivables 2020-1 Owner Trust,2020,15,2021-05-21,0.00081903,1326367.90000000,1619433198.45000005
HAROT,HAROT 2020-2,Honda Auto Receivables 2020-2 Owner Trust,2020,15,2021-08-16,0.00052460,707963.64000000,1349527666.91000009
HAROT,HAROT 2020-1,Honda Auto Receivables 2020-1 Owner Trust,2020,16,2021-06-21,0.00082745,1339999.49000000,1619433198.45000005
HAROT,HAROT 2020-3,Honda Auto Receivables 2020-3 Owner Trust,2020,16,2022-01-18,0.00115345,2490633.90000000,2159298062.36999989
HAROT,HAROT 2020-2,Honda Auto Receivables 2020-2 Owner Trust,2020,16,2021-09-15,0.00050368,679731.22000000,1349527666.91000009
HAROT,HAROT 2020-1,Honda Auto Receivables 2020-1 Owner Trust,2020,17,2021-07-21,0.00082821,1341233.49000000,1619433198.45000005
HAROT,HAROT 2020-2,Honda Auto Receivables 2020-2 Owner Trust,2020,17,2021-10-15,0.00051727,698070.24000000,1349527666.91000009
HAROT,HAROT 2020-3,Honda Auto Receivables 2020-3 Owner Trust,2020,17,2022-02-18,0.00123915,2675693.60000000,2159298062.36999989
HAROT,HAROT 2020-3,Honda Auto Receivables 2020-3 Owner Trust,2020,18,2022-03-18,0.00124883,2696604.59000000,2159298062.36999989
HAROT,HAROT 2020-1,Honda Auto Receivables 2020-1 Owner Trust,2020,18,2021-08-23,0.00084918,1375186.56000000,1619433198.45000005
HAROT,HAROT 2020-2,Honda Auto Receivables 2020-2 Owner Trust,2020,18,2021-11-15,0.00052512,708667.56000000,1349527666.91000009
HAROT,HAROT 2020-1,Honda Auto Receivables 2020-1 Owner Trust,2020,19,2021-09-21,0.00088796,1437994.99000000,1619433198.45000005
HAROT,HAROT 2020-2,Honda Auto Receivables 2020-2 Owner Trust,2020,19,2021-12-15,0.00052959,714694.40000000,1349527666.91000009
HAROT,HAROT 2020-3,Honda Auto Receivables 2020-3 Owner Trust,2020,19,2022-04-18,0.00125719,2714646.41000000,2159298062.36999989
HAROT,HAROT 2020-2,Honda Auto Receivables 2020-2 Owner Trust,2020,20,2022-01-18,0.00055309,746414.97000000,1349527666.91000009
HAROT,HAROT 2020-1,Honda Auto Receivables 2020-1 Owner Trust,2020,20,2021-10-21,0.00087334,1414310.09000000,1619433198.45000005
HAROT,HAROT 2020-3,Honda Auto Receivables 2020-3 Owner Trust,2020,20,2022-05-18,0.00127382,2750554.96000000,2159298062.36999989
HAROT,HAROT 2020-1,Honda Auto Receivables 2020-1 Owner Trust,2020,21,2021-11-22,0.00084244,1364269.86000000,1619433198.45000005
HAROT,HAROT 2020-3,Honda Auto Receivables 2020-3 Owner Trust,2020,21,2022-06-21,0.00120808,2608598.17000000,2159298062.36999989
HAROT,HAROT 2020-2,Honda Auto Receivables 2020-2 Owner Trust,2020,21,2022-02-15,0.00056555,763227.03000000,1349527666.91000009
HAROT,HAROT 2020-3,Honda Auto Receivables 2020-3 Owner Trust,2020,22,2022-07-18,0.00125486,2709619.59000000,2159298062.36999989
HAROT,HAROT 2020-1,Honda Auto Receivables 2020-1 Owner Trust,2020,22,2021-12-21,0.00088548,1433976.90000000,1619433198.45000005
HAROT,HAROT 2020-2,Honda Auto Receivables 2020-2 Owner Trust,2020,22,2022-03-15,0.00056301,759797.51000000,1349527666.91000009
HAROT,HAROT 2020-3,Honda Auto Receivables 2020-3 Owner Trust,2020,23,2022-08-18,0.00131779,2845503.66000000,2159298062.36999989
HAROT,HAROT 2020-1,Honda Auto Receivables 2020-1 Owner Trust,2020,23,2022-01-21,0.00091563,1482805.13000000,1619433198.45000005
HAROT,HAROT 2020-2,Honda Auto Receivables 2020-2 Owner Trust,2020,23,2022-04-15,0.00059700,805671.29000000,1349527666.91000009
HAROT,HAROT 2020-3,Honda Auto Receivables 2020-3 Owner Trust,2020,24,2022-09-19,0.00133297,2878272.42000000,2159298062.36999989
HAROT,HAROT 2020-1,Honda Auto Receivables 2020-1 Owner Trust,2020,24,2022-02-22,0.00095626,1548592.19000000,1619433198.45000005
HAROT,HAROT 2020-2,Honda Auto Receivables 2020-2 Owner Trust,2020,24,2022-05-16,0.00059214,799105.08000000,1349527666.91000009
HAROT,HAROT 2020-1,Honda Auto Receivables 2020-1 Owner Trust,2020,25,2022-03-21,0.00094111,1524057.40000000,1619433198.45000005
HAROT,HAROT 2020-3,Honda Auto Receivables 2020-3 Owner Trust,2020,25,2022-10-18,0.00139932,3021557.76000000,2159298062.36999989
HAROT,HAROT 2020-2,Honda Auto Receivables 2020-2 Owner Trust,2020,25,2022-06-15,0.00057257,772705.27000000,1349527666.91000009
HAROT,HAROT 2020-1,Honda Auto Receivables 2020-1 Owner Trust,2020,26,2022-04-21,0.00094309,1527272.76000000,1619433198.45000005
HAROT,HAROT 2020-3,Honda Auto Receivables 2020-3 Owner Trust,2020,26,2022-11-18,0.00139958,3022118.77000000,2159298062.36999989
HAROT,HAROT 2020-2,Honda Auto Receivables 2020-2 Owner Trust,2020,26,2022-07-15,0.00061454,829336.06000000,1349527666.91000009
HAROT,HAROT 2020-3,Honda Auto Receivables 2020-3 Owner Trust,2020,27,2022-12-19,0.00141638,3058377.01000000,2159298062.36999989
HAROT,HAROT 2020-2,Honda Auto Receivables 2020-2 Owner Trust,2020,27,2022-08-15,0.00065416,882812.05000000,1349527666.91000009
HAROT,HAROT 2020-1,Honda Auto Receivables 2020-1 Owner Trust,2020,27,2022-05-23,0.00096772,1567160.46000000,1619433198.45000005
HAROT,HAROT 2020-2,Honda Auto Receivables 2020-2 Owner Trust,2020,28,2022-09-15,0.00065359,882036.79000000,1349527666.91000009
HAROT,HAROT 2020-1,Honda Auto Receivables 2020-1 Owner Trust,2020,28,2022-06-21,0.00095645,1548902.49000000,1619433198.45000005
HAROT,HAROT 2020-3,Honda Auto Receivables 2020-3 Owner Trust,2020,28,2023-01-18,0.00142373,3074259.74000000,2159298062.36999989
HAROT,HAROT 2020-3,Honda Auto Receivables 2020-3 Owner Trust,2020,29,2023-02-21,0.00143382,3096042.06000000,2159298062.36999989
HAROT,HAROT 2020-1,Honda Auto Receivables 2020-1 Owner Trust,2020,29,2022-07-21,0.00097963,1586451.83000000,1619433198.45000005
HAROT,HAROT 2020-2,Honda Auto Receivables 2020-2 Owner Trust,2020,29,2022-10-17,0.00064509,870567.94000000,1349527666.91000009
HAROT,HAROT 2020-1,Honda Auto Receivables 2020-1 Owner Trust,2020,30,2022-08-22,0.00098857,1600925.62000000,1619433198.45000005
HAROT,HAROT 2020-2,Honda Auto Receivables 2020-2 Owner Trust,2020,30,2022-11-15,0.00065016,877411.12000000,1349527666.91000009
HAROT,HAROT 2020-3,Honda Auto Receivables 2020-3 Owner Trust,2020,30,2023-03-20,0.00145747,3147103.63000000,2159298062.36999989
HAROT,HAROT 2020-3,Honda Auto Receivables 2020-3 Owner Trust,2020,31,2023-04-18,0.00144815,3126990.76000000,2159298062.36999989
HAROT,HAROT 2020-1,Honda Auto Receivables 2020-1 Owner Trust,2020,31,2022-09-21,0.00098047,1587799.90000000,1619433198.45000005
HAROT,HAROT 2020-2,Honda Auto Receivables 2020-2 Owner Trust,2020,31,2022-12-15,0.00068788,928318.80000000,1349527666.91000009
HAROT,HAROT 2020-3,Honda Auto Receivables 2020-3 Owner Trust,2020,32,2023-05-18,0.00138806,2997244.41000000,2159298062.36999989
HAROT,HAROT 2020-1,Honda Auto Receivables 2020-1 Owner Trust,2020,32,2022-10-21,0.00096940,1569878.65000000,1619433198.45000005
HAROT,HAROT 2020-2,Honda Auto Receivables 2020-2 Owner Trust,2020,32,2023-01-17,0.00067431,910002.15000000,1349527666.91000009
HAROT,HAROT 2020-3,Honda Auto Receivables 2020-3 Owner Trust,2020,33,2023-06-20,0.00137951,2978780.83000000,2159298062.36999989
HAROT,HAROT 2020-1,Honda Auto Receivables 2020-1 Owner Trust,2020,33,2022-11-21,0.00095484,1546294.11000000,1619433198.45000005
HAROT,HAROT 2020-2,Honda Auto Receivables 2020-2 Owner Trust,2020,33,2023-02-15,0.00065216,880102.01000000,1349527666.91000009
HAROT,HAROT 2020-3,Honda Auto Receivables 2020-3 Owner Trust,2020,34,2023-07-18,0.00135611,2928238.20000000,2159298062.36999989
HAROT,HAROT 2020-1,Honda Auto Receivables 2020-1 Owner Trust,2020,34,2022-12-21,0.00096549,1563545.00000000,1619433198.45000005
HAROT,HAROT 2020-2,Honda Auto Receivables 2020-2 Owner Trust,2020,34,2023-03-15,0.00066252,894094.26000000,1349527666.91000009
HAROT,HAROT 2020-3,Honda Auto Receivables 2020-3 Owner Trust,2020,35,2023-08-18,0.00138862,2998440.94000000,2159298062.36999989
HAROT,HAROT 2020-2,Honda Auto Receivables 2020-2 Owner Trust,2020,35,2023-04-17,0.00067312,908398.18000000,1349527666.91000009
HAROT,HAROT 2020-1,Honda Auto Receivables 2020-1 Owner Trust,2020,35,2023-01-23,0.00096054,1555536.51000000,1619433198.45000005
HAROT,HAROT 2020-2,Honda Auto Receivables 2020-2 Owner Trust,2020,36,2023-05-15,0.00067549,911592.22000000,1349527666.91000009
HAROT,HAROT 2020-1,Honda Auto Receivables 2020-1 Owner Trust,2020,36,2023-02-21,0.00098399,1593503.86000000,1619433198.45000005
HAROT,HAROT 2020-3,Honda Auto Receivables 2020-3 Owner Trust,2020,36,2023-09-18,0.00137719,2973771.88000000,2159298062.36999989
HAROT,HAROT 2020-3,Honda Auto Receivables 2020-3 Owner Trust,2020,37,2023-10-18,0.00139307,3008047.38000000,2159298062.36999989
HAROT,HAROT 2020-2,Honda Auto Receivables 2020-2 Owner Trust,2020,37,2023-06-15,0.00067666,913171.64000000,1349527666.91000009
HAROT,HAROT 2020-1,Honda Auto Receivables 2020-1 Owner Trust,2020,37,2023-03-21,0.00096385,1560883.34000000,1619433198.45000005
HAROT,HAROT 2020-2,Honda Auto Receivables 2020-2 Owner Trust,2020,38,2023-07-17,0.00068781,928223.10000000,1349527666.91000009
HAROT,HAROT 2020-3,Honda Auto Receivables 2020-3 Owner Trust,2020,38,2023-11-20,0.00138206,2984278.15000000,2159298062.36999989
HAROT,HAROT 2020-1,Honda Auto Receivables 2020-1 Owner Trust,2020,38,2023-04-21,0.00097747,1582949.89000000,1619433198.45000005
HAROT,HAROT 2020-2,Honda Auto Receivables 2020-2 Owner Trust,2020,39,2023-08-15,0.00070706,954192.92000000,1349527666.91000009
HAROT,HAROT 2020-1,Honda Auto Receivables 2020-1 Owner Trust,2020,39,2023-05-22,0.00097360,1576683.89000000,1619433198.45000005
HAROT,HAROT 2020-3,Honda Auto Receivables 2020-3 Owner Trust,2020,39,2023-12-18,0.00139457,3011287.38000000,2159298062.36999989
HAROT,HAROT 2020-3,Honda Auto Receivables 2020-3 Owner Trust,2020,40,2024-01-18,0.00140182,3026952.31000000,2159298062.36999989
HAROT,HAROT 2020-1,Honda Auto Receivables 2020-1 Owner Trust,2020,40,2023-06-21,0.00096639,1564999.59000000,1619433198.45000005
HAROT,HAROT 2020-2,Honda Auto Receivables 2020-2 Owner Trust,2020,40,2023-09-15,0.00069038,931686.97000000,1349527666.91000009
HAROT,HAROT 2020-2,Honda Auto Receivables 2020-2 Owner Trust,2020,41,2023-10-16,0.00068858,929263.24000000,1349527666.91000009
HAROT,HAROT 2020-3,Honda Auto Receivables 2020-3 Owner Trust,2020,41,2024-02-20,0.00142211,3070767.15000000,2159298062.36999989
HAROT,HAROT 2020-1,Honda Auto Receivables 2020-1 Owner Trust,2020,41,2023-07-21,0.00096470,1562262.76000000,1619433198.45000005
HAROT,HAROT 2020-2,Honda Auto Receivables 2020-2 Owner Trust,2020,42,2023-11-15,0.00069029,931570.81000000,1349527666.91000009
HAROT,HAROT 2021-1,Honda Auto Receivables 2021-1 Owner Trust,2021,1,2021-03-22,0.00000000,0.00000000,1619466674.77999997
HAROT,HAROT 2021-3,Honda Auto Receivables 2021-3 Owner Trust,2021,1,2021-09-20,0.00000000,0.00000000,1619434213.75999999
HAROT,HAROT 2021-4,Honda Auto Receivables 2021-4 Owner Trust,2021,1,2021-12-21,0.00000000,0.00000000,1619491676.75999999
HAROT,HAROT 2021-2,Honda Auto Receivables 2021-2 Owner Trust,2021,1,2021-06-15,0.00000185,3001.44000000,1619437928.90000010
HAROT,HAROT 2021-1,Honda Auto Receivables 2021-1 Owner Trust,2021,2,2021-04-21,0.00000000,0.00000000,1619466674.77999997
HAROT,HAROT 2021-2,Honda Auto Receivables 2021-2 Owner Trust,2021,2,2021-07-15,0.00000266,4303.20000000,1619437928.90000010
HAROT,HAROT 2021-3,Honda Auto Receivables 2021-3 Owner Trust,2021,2,2021-10-18,0.00001688,27334.07000000,1619434213.75999999
HAROT,HAROT 2021-4,Honda Auto Receivables 2021-4 Owner Trust,2021,2,2022-01-21,0.00000461,7472.42000000,1619491676.75999999
HAROT,HAROT 2021-2,Honda Auto Receivables 2021-2 Owner Trust,2021,3,2021-08-16,0.00000609,9870.39000000,1619437928.90000010
HAROT,HAROT 2021-3,Honda Auto Receivables 2021-3 Owner Trust,2021,3,2021-11-18,0.00003003,48638.66000000,1619434213.75999999
HAROT,HAROT 2021-4,Honda Auto Receivables 2021-4 Owner Trust,2021,3,2022-02-22,0.00000461,7472.42000000,1619491676.75999999
HAROT,HAROT 2021-1,Honda Auto Receivables 2021-1 Owner Trust,2021,3,2021-05-21,0.00000000,0.00000000,1619466674.77999997
HAROT,HAROT 2021-1,Honda Auto Receivables 2021-1 Owner Trust,2021,4,2021-06-21,0.00003906,63263.98000000,1619466674.77999997
HAROT,HAROT 2021-3,Honda Auto Receivables 2021-3 Owner Trust,2021,4,2021-12-20,0.00004672,75665.52000000,1619434213.75999999
HAROT,HAROT 2021-4,Honda Auto Receivables 2021-4 Owner Trust,2021,4,2022-03-21,0.00007231,117106.20000000,1619491676.75999999
HAROT,HAROT 2021-2,Honda Auto Receivables 2021-2 Owner Trust,2021,4,2021-09-15,0.00009055,146642.67000000,1619437928.90000010
HAROT,HAROT 2021-3,Honda Auto Receivables 2021-3 Owner Trust,2021,5,2022-01-18,0.00011045,178860.83000000,1619434213.75999999
HAROT,HAROT 2021-4,Honda Auto Receivables 2021-4 Owner Trust,2021,5,2022-04-21,0.00010145,164299.02000000,1619491676.75999999
HAROT,HAROT 2021-2,Honda Auto Receivables 2021-2 Owner Trust,2021,5,2021-10-15,0.00015051,243741.63000000,1619437928.90000010
HAROT,HAROT 2021-1,Honda Auto Receivables 2021-1 Owner Trust,2021,5,2021-07-21,0.00006724,108900.70000000,1619466674.77999997
HAROT,HAROT 2021-2,Honda Auto Receivables 2021-2 Owner Trust,2021,6,2021-11-15,0.00024184,391641.64000000,1619437928.90000010
HAROT,HAROT 2021-3,Honda Auto Receivables 2021-3 Owner Trust,2021,6,2022-02-18,0.00014094,228239.84000000,1619434213.75999999
HAROT,HAROT 2021-4,Honda Auto Receivables 2021-4 Owner Trust,2021,6,2022-05-23,0.00018643,301927.44000000,1619491676.75999999
HAROT,HAROT 2021-1,Honda Auto Receivables 2021-1 Owner Trust,2021,6,2021-08-23,0.00012614,204281.25000000,1619466674.77999997
HAROT,HAROT 2021-2,Honda Auto Receivables 2021-2 Owner Trust,2021,7,2021-12-15,0.00031288,506693.40000000,1619437928.90000010
HAROT,HAROT 2021-3,Honda Auto Receivables 2021-3 Owner Trust,2021,7,2022-03-18,0.00018353,297209.97000000,1619434213.75999999
HAROT,HAROT 2021-4,Honda Auto Receivables 2021-4 Owner Trust,2021,7,2022-06-21,0.00027978,453094.66000000,1619491676.75999999
HAROT,HAROT 2021-1,Honda Auto Receivables 2021-1 Owner Trust,2021,7,2021-09-21,0.00017879,289539.76000000,1619466674.77999997
HAROT,HAROT 2021-2,Honda Auto Receivables 2021-2 Owner Trust,2021,8,2022-01-18,0.00032422,525049.29000000,1619437928.90000010
HAROT,HAROT 2021-1,Honda Auto Receivables 2021-1 Owner Trust,2021,8,2021-10-21,0.00019581,317114.32000000,1619466674.77999997
HAROT,HAROT 2021-3,Honda Auto Receivables 2021-3 Owner Trust,2021,8,2022-04-18,0.00018176,294352.26000000,1619434213.75999999
HAROT,HAROT 2021-4,Honda Auto Receivables 2021-4 Owner Trust,2021,8,2022-07-21,0.00036383,589214.85000000,1619491676.75999999
HAROT,HAROT 2021-3,Honda Auto Receivables 2021-3 Owner Trust,2021,9,2022-05-18,0.00027925,452232.33000000,1619434213.75999999
HAROT,HAROT 2021-4,Honda Auto Receivables 2021-4 Owner Trust,2021,9,2022-08-22,0.00036427,589927.81000000,1619491676.75999999
HAROT,HAROT 2021-2,Honda Auto Receivables 2021-2 Owner Trust,2021,9,2022-02-15,0.00041390,670284.48000000,1619437928.90000010
HAROT,HAROT 2021-1,Honda Auto Receivables 2021-1 Owner Trust,2021,9,2021-11-22,0.00025095,406398.26000000,1619466674.77999997
HAROT,HAROT 2021-3,Honda Auto Receivables 2021-3 Owner Trust,2021,10,2022-06-21,0.00037533,607823.93000000,1619434213.75999999
HAROT,HAROT 2021-4,Honda Auto Receivables 2021-4 Owner Trust,2021,10,2022-09-21,0.00039533,640231.69000000,1619491676.75999999
HAROT,HAROT 2021-1,Honda Auto Receivables 2021-1 Owner Trust,2021,10,2021-12-21,0.00030400,492312.73000000,1619466674.77999997
HAROT,HAROT 2021-2,Honda Auto Receivables 2021-2 Owner Trust,2021,10,2022-03-15,0.00050210,813115.01000000,1619437928.90000010
HAROT,HAROT 2021-1,Honda Auto Receivables 2021-1 Owner Trust,2021,11,2022-01-21,0.00032247,522221.81000000,1619466674.77999997
HAROT,HAROT 2021-2,Honda Auto Receivables 2021-2 Owner Trust,2021,11,2022-04-15,0.00051852,839708.23000000,1619437928.90000010
HAROT,HAROT 2021-3,Honda Auto Receivables 2021-3 Owner Trust,2021,11,2022-07-18,0.00049358,799320.39000000,1619434213.75999999
HAROT,HAROT 2021-4,Honda Auto Receivables 2021-4 Owner Trust,2021,11,2022-10-21,0.00047047,761921.62000000,1619491676.75999999
HAROT,HAROT 2021-2,Honda Auto Receivables 2021-2 Owner Trust,2021,12,2022-05-16,0.00054208,877865.36000000,1619437928.90000010
HAROT,HAROT 2021-3,Honda Auto Receivables 2021-3 Owner Trust,2021,12,2022-08-18,0.00054552,883426.81000000,1619434213.75999999
HAROT,HAROT 2021-4,Honda Auto Receivables 2021-4 Owner Trust,2021,12,2022-11-21,0.00054706,885956.50000000,1619491676.75999999
HAROT,HAROT 2021-1,Honda Auto Receivables 2021-1 Owner Trust,2021,12,2022-02-22,0.00035524,575293.37000000,1619466674.77999997
HAROT,HAROT 2021-2,Honda Auto Receivables 2021-2 Owner Trust,2021,13,2022-06-15,0.00057894,937556.87000000,1619437928.90000010
HAROT,HAROT 2021-1,Honda Auto Receivables 2021-1 Owner Trust,2021,13,2022-03-21,0.00038449,622673.57000000,1619466674.77999997
HAROT,HAROT 2021-3,Honda Auto Receivables 2021-3 Owner Trust,2021,13,2022-09-19,0.00066600,1078548.13000000,1619434213.75999999
HAROT,HAROT 2021-4,Honda Auto Receivables 2021-4 Owner Trust,2021,13,2022-12-21,0.00063490,1028219.60000000,1619491676.75999999
HAROT,HAROT 2021-3,Honda Auto Receivables 2021-3 Owner Trust,2021,14,2022-10-18,0.00069368,1123365.48000000,1619434213.75999999
HAROT,HAROT 2021-4,Honda Auto Receivables 2021-4 Owner Trust,2021,14,2023-01-23,0.00074326,1203696.11000000,1619491676.75999999
HAROT,HAROT 2021-2,Honda Auto Receivables 2021-2 Owner Trust,2021,14,2022-07-15,0.00060771,984146.14000000,1619437928.90000010
HAROT,HAROT 2021-1,Honda Auto Receivables 2021-1 Owner Trust,2021,14,2022-04-21,0.00043806,709422.51000000,1619466674.77999997
HAROT,HAROT 2021-1,Honda Auto Receivables 2021-1 Owner Trust,2021,15,2022-05-23,0.00048570,786582.28000000,1619466674.77999997
HAROT,HAROT 2021-2,Honda Auto Receivables 2021-2 Owner Trust,2021,15,2022-08-15,0.00063923,1035190.88000000,1619437928.90000010
HAROT,HAROT 2021-3,Honda Auto Receivables 2021-3 Owner Trust,2021,15,2022-11-18,0.00078911,1277907.87000000,1619434213.75999999
HAROT,HAROT 2021-4,Honda Auto Receivables 2021-4 Owner Trust,2021,15,2023-02-21,0.00085933,1391669.72000000,1619491676.75999999
HAROT,HAROT 2021-1,Honda Auto Receivables 2021-1 Owner Trust,2021,16,2022-06-21,0.00049122,795519.85000000,1619466674.77999997
HAROT,HAROT 2021-2,Honda Auto Receivables 2021-2 Owner Trust,2021,16,2022-09-15,0.00069474,1125081.02000000,1619437928.90000010
HAROT,HAROT 2021-3,Honda Auto Receivables 2021-3 Owner Trust,2021,16,2022-12-19,0.00075883,1228881.56000000,1619434213.75999999
HAROT,HAROT 2021-4,Honda Auto Receivables 2021-4 Owner Trust,2021,16,2023-03-21,0.00088833,1438650.59000000,1619491676.75999999
HAROT,HAROT 2021-3,Honda Auto Receivables 2021-3 Owner Trust,2021,17,2023-01-18,0.00085970,1392231.79000000,1619434213.75999999
HAROT,HAROT 2021-4,Honda Auto Receivables 2021-4 Owner Trust,2021,17,2023-04-21,0.00088668,1435963.25000000,1619491676.75999999
HAROT,HAROT 2021-2,Honda Auto Receivables 2021-2 Owner Trust,2021,17,2022-10-17,0.00069357,1123188.18000000,1619437928.90000010
HAROT,HAROT 2021-1,Honda Auto Receivables 2021-1 Owner Trust,2021,17,2022-07-21,0.00050298,814562.54000000,1619466674.77999997
HAROT,HAROT 2021-3,Honda Auto Receivables 2021-3 Owner Trust,2021,18,2023-02-21,0.00090201,1460752.51000000,1619434213.75999999
HAROT,HAROT 2021-4,Honda Auto Receivables 2021-4 Owner Trust,2021,18,2023-05-22,0.00094809,1535428.23000000,1619491676.75999999
HAROT,HAROT 2021-1,Honda Auto Receivables 2021-1 Owner Trust,2021,18,2022-08-22,0.00049627,803685.10000000,1619466674.77999997
HAROT,HAROT 2021-2,Honda Auto Receivables 2021-2 Owner Trust,2021,18,2022-11-15,0.00079096,1280906.24000000,1619437928.90000010
HAROT,HAROT 2021-2,Honda Auto Receivables 2021-2 Owner Trust,2021,19,2022-12-15,0.00078186,1266174.18000000,1619437928.90000010
HAROT,HAROT 2021-1,Honda Auto Receivables 2021-1 Owner Trust,2021,19,2022-09-21,0.00057131,925216.34000000,1619466674.77999997
HAROT,HAROT 2021-3,Honda Auto Receivables 2021-3 Owner Trust,2021,19,2023-03-20,0.00100026,1619847.90000000,1619434213.75999999
HAROT,HAROT 2021-4,Honda Auto Receivables 2021-4 Owner Trust,2021,19,2023-06-21,0.00099815,1616499.16000000,1619491676.75999999
HAROT,HAROT 2021-2,Honda Auto Receivables 2021-2 Owner Trust,2021,20,2023-01-17,0.00098441,1594183.58000000,1619437928.90000010
HAROT,HAROT 2021-3,Honda Auto Receivables 2021-3 Owner Trust,2021,20,2023-04-18,0.00099242,1607157.31000000,1619434213.75999999
HAROT,HAROT 2021-4,Honda Auto Receivables 2021-4 Owner Trust,2021,20,2023-07-21,0.00102805,1664923.19000000,1619491676.75999999
HAROT,HAROT 2021-1,Honda Auto Receivables 2021-1 Owner Trust,2021,20,2022-10-21,0.00065964,1068264.11000000,1619466674.77999997
HAROT,HAROT 2021-3,Honda Auto Receivables 2021-3 Owner Trust,2021,21,2023-05-18,0.00096952,1570068.84000000,1619434213.75999999
HAROT,HAROT 2021-4,Honda Auto Receivables 2021-4 Owner Trust,2021,21,2023-08-21,0.00108200,1752290.75000000,1619491676.75999999
HAROT,HAROT 2021-2,Honda Auto Receivables 2021-2 Owner Trust,2021,21,2023-02-15,0.00097034,1571412.15000000,1619437928.90000010
HAROT,HAROT 2021-1,Honda Auto Receivables 2021-1 Owner Trust,2021,21,2022-11-21,0.00067168,1087768.68000000,1619466674.77999997
HAROT,HAROT 2021-1,Honda Auto Receivables 2021-1 Owner Trust,2021,22,2022-12-21,0.00067642,1095441.21000000,1619466674.77999997
HAROT,HAROT 2021-2,Honda Auto Receivables 2021-2 Owner Trust,2021,22,2023-03-15,0.00099015,1603494.08000000,1619437928.90000010
HAROT,HAROT 2021-3,Honda Auto Receivables 2021-3 Owner Trust,2021,22,2023-06-20,0.00100379,1625571.75000000,1619434213.75999999
HAROT,HAROT 2021-4,Honda Auto Receivables 2021-4 Owner Trust,2021,22,2023-09-21,0.00115738,1874362.79000000,1619491676.75999999
HAROT,HAROT 2021-1,Honda Auto Receivables 2021-1 Owner Trust,2021,23,2023-01-23,0.00075656,1225217.85000000,1619466674.77999997
HAROT,HAROT 2021-3,Honda Auto Receivables 2021-3 Owner Trust,2021,23,2023-07-18,0.00101583,1645076.55000000,1619434213.75999999
HAROT,HAROT 2021-4,Honda Auto Receivables 2021-4 Owner Trust,2021,23,2023-10-23,0.00121471,1967217.52000000,1619491676.75999999
HAROT,HAROT 2021-2,Honda Auto Receivables 2021-2 Owner Trust,2021,23,2023-04-17,0.00098387,1593313.39000000,1619437928.90000010
HAROT,HAROT 2021-1,Honda Auto Receivables 2021-1 Owner Trust,2021,24,2023-02-21,0.00073992,1198268.47000000,1619466674.77999997
HAROT,HAROT 2021-3,Honda Auto Receivables 2021-3 Owner Trust,2021,24,2023-08-18,0.00110047,1782140.89000000,1619434213.75999999
HAROT,HAROT 2021-4,Honda Auto Receivables 2021-4 Owner Trust,2021,24,2023-11-21,0.00121482,1967398.64000000,1619491676.75999999
HAROT,HAROT 2021-2,Honda Auto Receivables 2021-2 Owner Trust,2021,24,2023-05-15,0.00103627,1678168.68000000,1619437928.90000010
HAROT,HAROT 2021-3,Honda Auto Receivables 2021-3 Owner Trust,2021,25,2023-09-18,0.00112276,1818239.32000000,1619434213.75999999
HAROT,HAROT 2021-4,Honda Auto Receivables 2021-4 Owner Trust,2021,25,2023-12-21,0.00125280,2028894.92000000,1619491676.75999999
HAROT,HAROT 2021-2,Honda Auto Receivables 2021-2 Owner Trust,2021,25,2023-06-15,0.00105296,1705198.52000000,1619437928.90000010
HAROT,HAROT 2021-1,Honda Auto Receivables 2021-1 Owner Trust,2021,25,2023-03-21,0.00074007,1198517.02000000,1619466674.77999997
HAROT,HAROT 2021-1,Honda Auto Receivables 2021-1 Owner Trust,2021,26,2023-04-21,0.00077365,1252906.86000000,1619466674.77999997
HAROT,HAROT 2021-2,Honda Auto Receivables 2021-2 Owner Trust,2021,26,2023-07-17,0.00105492,1708370.00000000,1619437928.90000010
HAROT,HAROT 2021-3,Honda Auto Receivables 2021-3 Owner Trust,2021,26,2023-10-18,0.00118943,1926210.79000000,1619434213.75999999
HAROT,HAROT 2021-4,Honda Auto Receivables 2021-4 Owner Trust,2021,26,2024-01-22,0.00128472,2080591.48000000,1619491676.75999999
HAROT,HAROT 2021-2,Honda Auto Receivables 2021-2 Owner Trust,2021,27,2023-08-15,0.00106531,1725206.02000000,1619437928.90000010
HAROT,HAROT 2021-3,Honda Auto Receivables 2021-3 Owner Trust,2021,27,2023-11-20,0.00124245,2012071.42000000,1619434213.75999999
HAROT,HAROT 2021-4,Honda Auto Receivables 2021-4 Owner Trust,2021,27,2024-02-21,0.00140374,2273340.88000000,1619491676.75999999
HAROT,HAROT 2021-1,Honda Auto Receivables 2021-1 Owner Trust,2021,27,2023-05-22,0.00080305,1300507.09000000,1619466674.77999997
HAROT,HAROT 2021-1,Honda Auto Receivables 2021-1 Owner Trust,2021,28,2023-06-21,0.00081027,1312198.58000000,1619466674.77999997
HAROT,HAROT 2021-2,Honda Auto Receivables 2021-2 Owner Trust,2021,28,2023-09-15,0.00104955,1699687.32000000,1619437928.90000010
HAROT,HAROT 2021-3,Honda Auto Receivables 2021-3 Owner Trust,2021,28,2023-12-18,0.00123422,1998732.55000000,1619434213.75999999
HAROT,HAROT 2021-4,Honda Auto Receivables 2021-4 Owner Trust,2021,28,2024-03-21,0.00144980,2347940.43000000,1619491676.75999999
HAROT,HAROT 2021-3,Honda Auto Receivables 2021-3 Owner Trust,2021,29,2024-01-18,0.00125637,2034611.45000000,1619434213.75999999
HAROT,HAROT 2021-4,Honda Auto Receivables 2021-4 Owner Trust,2021,29,2024-04-22,0.00143028,2316320.51000000,1619491676.75999999
HAROT,HAROT 2021-1,Honda Auto Receivables 2021-1 Owner Trust,2021,29,2023-07-21,0.00084226,1364014.60000000,1619466674.77999997
HAROT,HAROT 2021-2,Honda Auto Receivables 2021-2 Owner Trust,2021,29,2023-10-16,0.00106206,1719942.77000000,1619437928.90000010
HAROT,HAROT 2021-3,Honda Auto Receivables 2021-3 Owner Trust,2021,30,2024-02-20,0.00129321,2094267.63000000,1619434213.75999999
HAROT,HAROT 2021-4,Honda Auto Receivables 2021-4 Owner Trust,2021,30,2024-05-21,0.00141339,2288978.65000000,1619491676.75999999
HAROT,HAROT 2021-2,Honda Auto Receivables 2021-2 Owner Trust,2021,30,2023-11-15,0.00110547,1790236.49000000,1619437928.90000010
HAROT,HAROT 2021-1,Honda Auto Receivables 2021-1 Owner Trust,2021,30,2023-08-21,0.00086159,1395323.37000000,1619466674.77999997
HAROT,HAROT 2021-1,Honda Auto Receivables 2021-1 Owner Trust,2021,31,2023-09-21,0.00085695,1387801.97000000,1619466674.77999997
HAROT,HAROT 2021-2,Honda Auto Receivables 2021-2 Owner Trust,2021,31,2023-12-15,0.00111692,1808779.73000000,1619437928.90000010
HAROT,HAROT 2021-3,Honda Auto Receivables 2021-3 Owner Trust,2021,31,2024-03-18,0.00131669,2132290.51000000,1619434213.75999999
HAROT,HAROT 2021-4,Honda Auto Receivables 2021-4 Owner Trust,2021,31,2024-06-21,0.00140048,2268061.70000000,1619491676.75999999
HAROT,HAROT 2021-1,Honda Auto Receivables 2021-1 Owner Trust,2021,32,2023-10-23,0.00085621,1386597.35000000,1619466674.77999997
HAROT,HAROT 2021-2,Honda Auto Receivables 2021-2 Owner Trust,2021,32,2024-01-16,0.00114275,1850610.04000000,1619437928.90000010
HAROT,HAROT 2021-3,Honda Auto Receivables 2021-3 Owner Trust,2021,32,2024-04-18,0.00131547,2130323.63000000,1619434213.75999999
HAROT,HAROT 2021-4,Honda Auto Receivables 2021-4 Owner Trust,2021,32,2024-07-22,0.00140359,2273099.06000000,1619491676.75999999
HAROT,HAROT 2021-1,Honda Auto Receivables 2021-1 Owner Trust,2021,33,2023-11-21,0.00089397,1447757.65000000,1619466674.77999997
HAROT,HAROT 2021-3,Honda Auto Receivables 2021-3 Owner Trust,2021,33,2024-05-20,0.00128979,2088733.98000000,1619434213.75999999
HAROT,HAROT 2021-4,Honda Auto Receivables 2021-4 Owner Trust,2021,33,2024-08-21,0.00142314,2304769.25000000,1619491676.75999999
HAROT,HAROT 2021-2,Honda Auto Receivables 2021-2 Owner Trust,2021,33,2024-02-15,0.00112775,1826329.04000000,1619437928.90000010
HAROT,HAROT 2021-3,Honda Auto Receivables 2021-3 Owner Trust,2021,34,2024-06-18,0.00128020,2073200.61000000,1619434213.75999999
HAROT,HAROT 2021-4,Honda Auto Receivables 2021-4 Owner Trust,2021,34,2024-09-23,0.00144381,2338239.39000000,1619491676.75999999
HAROT,HAROT 2021-1,Honda Auto Receivables 2021-1 Owner Trust,2021,34,2023-12-21,0.00089859,1455239.58000000,1619466674.77999997
HAROT,HAROT 2021-2,Honda Auto Receivables 2021-2 Owner Trust,2021,34,2024-03-15,0.00113132,1832095.60000000,1619437928.90000010
HAROT,HAROT 2021-3,Honda Auto Receivables 2021-3 Owner Trust,2021,35,2024-07-18,0.00125696,2035559.22000000,1619434213.75999999
HAROT,HAROT 2021-4,Honda Auto Receivables 2021-4 Owner Trust,2021,35,2024-10-21,0.00144855,2345919.51000000,1619491676.75999999
HAROT,HAROT 2021-1,Honda Auto Receivables 2021-1 Owner Trust,2021,35,2024-01-22,0.00092467,1497470.51000000,1619466674.77999997
HAROT,HAROT 2021-2,Honda Auto Receivables 2021-2 Owner Trust,2021,35,2024-04-15,0.00111436,1804635.05000000,1619437928.90000010
HAROT,HAROT 2021-2,Honda Auto Receivables 2021-2 Owner Trust,2021,36,2024-05-15,0.00110328,1786687.39000000,1619437928.90000010
HAROT,HAROT 2021-3,Honda Auto Receivables 2021-3 Owner Trust,2021,36,2024-08-19,0.00127957,2072174.27000000,1619434213.75999999
HAROT,HAROT 2021-4,Honda Auto Receivables 2021-4 Owner Trust,2021,36,2024-11-21,0.00146497,2372500.00000000,1619491676.75999999
HAROT,HAROT 2021-1,Honda Auto Receivables 2021-1 Owner Trust,2021,36,2024-02-21,0.00090911,1472269.87000000,1619466674.77999997
HAROT,HAROT 2021-3,Honda Auto Receivables 2021-3 Owner Trust,2021,37,2024-09-18,0.00131341,2126977.62000000,1619434213.75999999
HAROT,HAROT 2021-4,Honda Auto Receivables 2021-4 Owner Trust,2021,37,2024-12-23,0.00149015,2413290.88000000,1619491676.75999999
HAROT,HAROT 2021-1,Honda Auto Receivables 2021-1 Owner Trust,2021,37,2024-03-21,0.00091637,1484030.72000000,1619466674.77999997
HAROT,HAROT 2021-2,Honda Auto Receivables 2021-2 Owner Trust,2021,37,2024-06-17,0.00111907,1812256.47000000,1619437928.90000010
HAROT,HAROT 2021-2,Honda Auto Receivables 2021-2 Owner Trust,2021,38,2024-07-15,0.00111236,1801403.03000000,1619437928.90000010
HAROT,HAROT 2021-3,Honda Auto Receivables 2021-3 Owner Trust,2021,38,2024-10-18,0.00131919,2136342.14000000,1619434213.75999999
HAROT,HAROT 2021-4,Honda Auto Receivables 2021-4 Owner Trust,2021,38,2025-01-21,0.00149577,2422387.11000000,1619491676.75999999
HAROT,HAROT 2021-1,Honda Auto Receivables 2021-1 Owner Trust,2021,38,2024-04-22,0.00092514,1498232.25000000,1619466674.77999997
HAROT,HAROT 2021-1,Honda Auto Receivables 2021-1 Owner Trust,2021,39,2024-05-21,0.00093768,1518537.73000000,1619466674.77999997
HAROT,HAROT 2021-2,Honda Auto Receivables 2021-2 Owner Trust,2021,39,2024-08-15,0.00112691,1824957.01000000,1619437928.90000010
HAROT,HAROT 2021-3,Honda Auto Receivables 2021-3 Owner Trust,2021,39,2024-11-18,0.00127746,2068763.75000000,1619434213.75999999
HAROT,HAROT 2021-4,Honda Auto Receivables 2021-4 Owner Trust,2021,39,2025-02-21,0.00148812,2410000.96000000,1619491676.75999999
HAROT,HAROT 2021-1,Honda Auto Receivables 2021-1 Owner Trust,2021,40,2024-06-21,0.00090917,1472378.12000000,1619466674.77999997
HAROT,HAROT 2021-3,Honda Auto Receivables 2021-3 Owner Trust,2021,40,2024-12-18,0.00130962,2120841.50000000,1619434213.75999999
HAROT,HAROT 2021-4,Honda Auto Receivables 2021-4 Owner Trust,2021,40,2025-03-21,0.00148085,2398218.18000000,1619491676.75999999
HAROT,HAROT 2021-2,Honda Auto Receivables 2021-2 Owner Trust,2021,40,2024-09-16,0.00110126,1783426.27000000,1619437928.90000010
HAROT,HAROT 2021-2,Honda Auto Receivables 2021-2 Owner Trust,2021,41,2024-10-15,0.00110970,1797094.52000000,1619437928.90000010
HAROT,HAROT 2021-3,Honda Auto Receivables 2021-3 Owner Trust,2021,41,2025-01-21,0.00132915,2152470.18000000,1619434213.75999999
HAROT,HAROT 2021-4,Honda Auto Receivables 2021-4 Owner Trust,2021,41,2025-04-21,0.00149469,2420639.00000000,1619491676.75999999
HAROT,HAROT 2021-1,Honda Auto Receivables 2021-1 Owner Trust,2021,41,2024-07-22,0.00090837,1471069.01000000,1619466674.77999997
HAROT,HAROT 2021-3,Honda Auto Receivables 2021-3 Owner Trust,2021,42,2025-02-18,0.00133435,2160890.98000000,1619434213.75999999
HAROT,HAROT 2021-4,Honda Auto Receivables 2021-4 Owner Trust,2021,42,2025-05-21,0.00149408,2419658.04000000,1619491676.75999999
HAROT,HAROT 2021-2,Honda Auto Receivables 2021-2 Owner Trust,2021,42,2024-11-15,0.00110461,1788848.68000000,1619437928.90000010
HAROT,HAROT 2021-1,Honda Auto Receivables 2021-1 Owner Trust,2021,42,2024-08-21,0.00090211,1460943.77000000,1619466674.77999997
HAROT,HAROT 2021-1,Honda Auto Receivables 2021-1 Owner Trust,2021,43,2024-09-23,0.00087956,1424424.60000000,1619466674.77999997
HAROT,HAROT 2021-3,Honda Auto Receivables 2021-3 Owner Trust,2021,43,2025-03-18,0.00130556,2114273.02000000,1619434213.75999999
HAROT,HAROT 2021-4,Honda Auto Receivables 2021-4 Owner Trust,2021,43,2025-06-23,0.00149521,2421475.83000000,1619491676.75999999
HAROT,HAROT 2021-2,Honda Auto Receivables 2021-2 Owner Trust,2021,43,2024-12-16,0.00111308,1802560.53000000,1619437928.90000010
HAROT,HAROT 2022-1,Honda Auto Receivables 2022-1 Owner Trust,2022,1,2022-03-15,0.00000000,0.00000000,1619433199.25999999
HAROT,HAROT 2022-2,Honda Auto Receivables 2022-2 Owner Trust,2022,1,2022-09-19,0.00000000,0.00000000,1079632920.06999993
HAROT,HAROT 2022-1,Honda Auto Receivables 2022-1 Owner Trust,2022,2,2022-04-15,0.00000000,0.00000000,1619433199.25999999
HAROT,HAROT 2022-2,Honda Auto Receivables 2022-2 Owner Trust,2022,2,2022-10-18,0.00000014,155.62000000,1079632920.06999993
HAROT,HAROT 2022-1,Honda Auto Receivables 2022-1 Owner Trust,2022,3,2022-05-16,0.00000003,52.56000000,1619433199.25999999
HAROT,HAROT 2022-2,Honda Auto Receivables 2022-2 Owner Trust,2022,3,2022-11-18,0.00007279,78587.52000000,1079632920.06999993
HAROT,HAROT 2022-2,Honda Auto Receivables 2022-2 Owner Trust,2022,4,2022-12-19,0.00013751,148461.81000000,1079632920.06999993
HAROT,HAROT 2022-1,Honda Auto Receivables 2022-1 Owner Trust,2022,4,2022-06-15,0.00004104,66469.38000000,1619433199.25999999
HAROT,HAROT 2022-1,Honda Auto Receivables 2022-1 Owner Trust,2022,5,2022-07-15,0.00014453,234063.62000000,1619433199.25999999
HAROT,HAROT 2022-2,Honda Auto Receivables 2022-2 Owner Trust,2022,5,2023-01-18,0.00023074,249113.06000000,1079632920.06999993
HAROT,HAROT 2022-1,Honda Auto Receivables 2022-1 Owner Trust,2022,6,2022-08-15,0.00022130,358380.66000000,1619433199.25999999
HAROT,HAROT 2022-2,Honda Auto Receivables 2022-2 Owner Trust,2022,6,2023-02-21,0.00032710,353149.15000000,1079632920.06999993
HAROT,HAROT 2022-2,Honda Auto Receivables 2022-2 Owner Trust,2022,7,2023-03-20,0.00040151,433488.11000000,1079632920.06999993
HAROT,HAROT 2022-1,Honda Auto Receivables 2022-1 Owner Trust,2022,7,2022-09-15,0.00028618,463451.42000000,1619433199.25999999
HAROT,HAROT 2022-1,Honda Auto Receivables 2022-1 Owner Trust,2022,8,2022-10-17,0.00023886,386824.15000000,1619433199.25999999
HAROT,HAROT 2022-2,Honda Auto Receivables 2022-2 Owner Trust,2022,8,2023-04-18,0.00037144,401017.90000000,1079632920.06999993
HAROT,HAROT 2022-1,Honda Auto Receivables 2022-1 Owner Trust,2022,9,2022-11-15,0.00032185,521209.97000000,1619433199.25999999
HAROT,HAROT 2022-2,Honda Auto Receivables 2022-2 Owner Trust,2022,9,2023-05-18,0.00050205,542033.03000000,1079632920.06999993
HAROT,HAROT 2022-2,Honda Auto Receivables 2022-2 Owner Trust,2022,10,2023-06-20,0.00055798,602418.26000000,1079632920.06999993
HAROT,HAROT 2022-1,Honda Auto Receivables 2022-1 Owner Trust,2022,10,2022-12-15,0.00035794,579654.83000000,1619433199.25999999
HAROT,HAROT 2022-2,Honda Auto Receivables 2022-2 Owner Trust,2022,11,2023-07-18,0.00061746,666629.42000000,1079632920.06999993
HAROT,HAROT 2022-1,Honda Auto Receivables 2022-1 Owner Trust,2022,11,2023-01-17,0.00041531,672573.83000000,1619433199.25999999
HAROT,HAROT 2022-1,Honda Auto Receivables 2022-1 Owner Trust,2022,12,2023-02-15,0.00053619,868331.77000000,1619433199.25999999
HAROT,HAROT 2022-2,Honda Auto Receivables 2022-2 Owner Trust,2022,12,2023-08-18,0.00074101,800019.05000000,1079632920.06999993
HAROT,HAROT 2022-1,Honda Auto Receivables 2022-1 Owner Trust,2022,13,2023-03-15,0.00058087,940686.80000000,1619433199.25999999
HAROT,HAROT 2022-2,Honda Auto Receivables 2022-2 Owner Trust,2022,13,2023-09-18,0.00098726,1065883.39000000,1079632920.06999993
HAROT,HAROT 2022-1,Honda Auto Receivables 2022-1 Owner Trust,2022,14,2023-04-17,0.00058535,947943.22000000,1619433199.25999999
HAROT,HAROT 2022-2,Honda Auto Receivables 2022-2 Owner Trust,2022,14,2023-10-18,0.00107627,1161973.35000000,1079632920.06999993
HAROT,HAROT 2022-2,Honda Auto Receivables 2022-2 Owner Trust,2022,15,2023-11-20,0.00111427,1203007.15000000,1079632920.06999993
HAROT,HAROT 2022-1,Honda Auto Receivables 2022-1 Owner Trust,2022,15,2023-05-15,0.00066461,1076287.48000000,1619433199.25999999
HAROT,HAROT 2022-2,Honda Auto Receivables 2022-2 Owner Trust,2022,16,2023-12-18,0.00113665,1227160.83000000,1079632920.06999993
HAROT,HAROT 2022-1,Honda Auto Receivables 2022-1 Owner Trust,2022,16,2023-06-15,0.00070630,1143803.40000000,1619433199.25999999
HAROT,HAROT 2022-1,Honda Auto Receivables 2022-1 Owner Trust,2022,17,2023-07-17,0.00071987,1165780.34000000,1619433199.25999999
HAROT,HAROT 2022-2,Honda Auto Receivables 2022-2 Owner Trust,2022,17,2024-01-18,0.00116629,1259160.28000000,1079632920.06999993
HAROT,HAROT 2022-2,Honda Auto Receivables 2022-2 Owner Trust,2022,18,2024-02-20,0.00141337,1525920.09000000,1079632920.06999993
HAROT,HAROT 2022-1,Honda Auto Receivables 2022-1 Owner Trust,2022,18,2023-08-15,0.00079203,1282635.25000000,1619433199.25999999
HAROT,HAROT 2022-1,Honda Auto Receivables 2022-1 Owner Trust,2022,19,2023-09-15,0.00084698,1371628.79000000,1619433199.25999999
HAROT,HAROT 2022-2,Honda Auto Receivables 2022-2 Owner Trust,2022,19,2024-03-18,0.00155269,1676332.81000000,1079632920.06999993
HAROT,HAROT 2022-1,Honda Auto Receivables 2022-1 Owner Trust,2022,20,2023-10-16,0.00089021,1441643.47000000,1619433199.25999999
HAROT,HAROT 2022-2,Honda Auto Receivables 2022-2 Owner Trust,2022,20,2024-04-18,0.00147056,1587664.63000000,1079632920.06999993
HAROT,HAROT 2022-2,Honda Auto Receivables 2022-2 Owner Trust,2022,21,2024-05-20,0.00150748,1627525.70000000,1079632920.06999993
HAROT,HAROT 2022-1,Honda Auto Receivables 2022-1 Owner Trust,2022,21,2023-11-15,0.00095175,1541287.66000000,1619433199.25999999
HAROT,HAROT 2022-2,Honda Auto Receivables 2022-2 Owner Trust,2022,22,2024-06-18,0.00148665,1605033.32000000,1079632920.06999993
HAROT,HAROT 2022-1,Honda Auto Receivables 2022-1 Owner Trust,2022,22,2023-12-15,0.00099250,1607293.74000000,1619433199.25999999
HAROT,HAROT 2022-2,Honda Auto Receivables 2022-2 Owner Trust,2022,23,2024-07-18,0.00153028,1652140.85000000,1079632920.06999993
HAROT,HAROT 2022-1,Honda Auto Receivables 2022-1 Owner Trust,2022,23,2024-01-16,0.00105479,1708163.60000000,1619433199.25999999
HAROT,HAROT 2022-2,Honda Auto Receivables 2022-2 Owner Trust,2022,24,2024-08-19,0.00155197,1675552.88000000,1079632920.06999993
HAROT,HAROT 2022-1,Honda Auto Receivables 2022-1 Owner Trust,2022,24,2024-02-15,0.00114271,1850536.06000000,1619433199.25999999
HAROT,HAROT 2022-2,Honda Auto Receivables 2022-2 Owner Trust,2022,25,2024-09-18,0.00161741,1746207.71000000,1079632920.06999993
HAROT,HAROT 2022-1,Honda Auto Receivables 2022-1 Owner Trust,2022,25,2024-03-15,0.00119067,1928211.41000000,1619433199.25999999
HAROT,HAROT 2022-2,Honda Auto Receivables 2022-2 Owner Trust,2022,26,2024-10-18,0.00176088,1901106.62000000,1079632920.06999993
HAROT,HAROT 2022-1,Honda Auto Receivables 2022-1 Owner Trust,2022,26,2024-04-15,0.00121380,1965663.08000000,1619433199.25999999
HAROT,HAROT 2022-2,Honda Auto Receivables 2022-2 Owner Trust,2022,27,2024-11-18,0.00173657,1874860.52000000,1079632920.06999993
HAROT,HAROT 2022-1,Honda Auto Receivables 2022-1 Owner Trust,2022,27,2024-05-15,0.00117542,1903515.00000000,1619433199.25999999
HAROT,HAROT 2022-1,Honda Auto Receivables 2022-1 Owner Trust,2022,28,2024-06-17,0.00118034,1911483.99000000,1619433199.25999999
HAROT,HAROT 2022-2,Honda Auto Receivables 2022-2 Owner Trust,2022,28,2024-12-18,0.00163906,1769581.52000000,1079632920.06999993
HAROT,HAROT 2022-2,Honda Auto Receivables 2022-2 Owner Trust,2022,29,2025-01-21,0.00160997,1738171.49000000,1079632920.06999993
HAROT,HAROT 2022-1,Honda Auto Receivables 2022-1 Owner Trust,2022,29,2024-07-15,0.00119591,1936702.17000000,1619433199.25999999
HAROT,HAROT 2022-1,Honda Auto Receivables 2022-1 Owner Trust,2022,30,2024-08-15,0.00124538,2016810.92000000,1619433199.25999999
HAROT,HAROT 2022-2,Honda Auto Receivables 2022-2 Owner Trust,2022,30,2025-02-18,0.00168897,1823464.72000000,1079632920.06999993
HAROT,HAROT 2022-2,Honda Auto Receivables 2022-2 Owner Trust,2022,31,2025-03-18,0.00179700,1940102.53000000,1079632920.06999993
HAROT,HAROT 2022-1,Honda Auto Receivables 2022-1 Owner Trust,2022,31,2024-09-16,0.00127253,2060781.72000000,1619433199.25999999
HAROT,HAROT 2022-2,Honda Auto Receivables 2022-2 Owner Trust,2022,32,2025-04-18,0.00176331,1903725.27000000,1079632920.06999993
HAROT,HAROT 2022-1,Honda Auto Receivables 2022-1 Owner Trust,2022,32,2024-10-15,0.00130530,2113852.56000000,1619433199.25999999
HAROT,HAROT 2022-2,Honda Auto Receivables 2022-2 Owner Trust,2022,33,2025-05-19,0.00173847,1876904.39000000,1079632920.06999993
HAROT,HAROT 2022-1,Honda Auto Receivables 2022-1 Owner Trust,2022,33,2024-11-15,0.00128726,2084631.77000000,1619433199.25999999
HAROT,HAROT 2022-2,Honda Auto Receivables 2022-2 Owner Trust,2022,34,2025-06-18,0.00171317,1849592.63000000,1079632920.06999993
HAROT,HAROT 2022-1,Honda Auto Receivables 2022-1 Owner Trust,2022,34,2024-12-16,0.00129166,2091755.90000000,1619433199.25999999
HAROT,HAROT 2022-1,Honda Auto Receivables 2022-1 Owner Trust,2022,35,2025-01-15,0.00129612,2098984.36000000,1619433199.25999999
HAROT,HAROT 2022-2,Honda Auto Receivables 2022-2 Owner Trust,2022,35,2025-07-18,0.00173987,1878426.13000000,1079632920.06999993
HAROT,HAROT 2022-1,Honda Auto Receivables 2022-1 Owner Trust,2022,36,2025-02-18,0.00131311,2126501.85000000,1619433199.25999999
HAROT,HAROT 2022-2,Honda Auto Receivables 2022-2 Owner Trust,2022,36,2025-08-18,0.00171611,1852766.89000000,1079632920.06999993
HAROT,HAROT 2022-1,Honda Auto Receivables 2022-1 Owner Trust,2022,37,2025-03-17,0.00133050,2154658.28000000,1619433199.25999999
HAROT,HAROT 2022-2,Honda Auto Receivables 2022-2 Owner Trust,2022,37,2025-09-18,0.00169976,1835119.52000000,1079632920.06999993
HAROT,HAROT 2022-1,Honda Auto Receivables 2022-1 Owner Trust,2022,38,2025-04-15,0.00131930,2136510.21000000,1619433199.25999999
HAROT,HAROT 2022-2,Honda Auto Receivables 2022-2 Owner Trust,2022,38,2025-10-20,0.00168306,1817087.07000000,1079632920.06999993
HAROT,HAROT 2022-1,Honda Auto Receivables 2022-1 Owner Trust,2022,39,2025-05-15,0.00132682,2148690.05000000,1619433199.25999999
HAROT,HAROT 2022-2,Honda Auto Receivables 2022-2 Owner Trust,2022,39,2025-11-18,0.00167592,1809382.52000000,1079632920.06999993
HAROT,HAROT 2022-2,Honda Auto Receivables 2022-2 Owner Trust,2022,40,2025-12-18,0.00167915,1812861.33000000,1079632920.06999993
HAROT,HAROT 2022-1,Honda Auto Receivables 2022-1 Owner Trust,2022,40,2025-06-16,0.00132522,2146099.67000000,1619433199.25999999
HAROT,HAROT 2022-1,Honda Auto Receivables 2022-1 Owner Trust,2022,41,2025-07-15,0.00129349,2094721.88000000,1619433199.25999999
HAROT,HAROT 2022-2,Honda Auto Receivables 2022-2 Owner Trust,2022,41,2026-01-20,0.00166479,1797361.42000000,1079632920.06999993
HAROT,HAROT 2022-2,Honda Auto Receivables 2022-2 Owner Trust,2022,42,2026-02-18,0.00165806,1790096.29000000,1079632920.06999993
HAROT,HAROT 2022-1,Honda Auto Receivables 2022-1 Owner Trust,2022,42,2025-08-15,0.00129694,2100301.27000000,1619433199.25999999
HAROT,HAROT 2022-1,Honda Auto Receivables 2022-1 Owner Trust,2022,43,2025-09-15,0.00129184,2092056.07000000,1619433199.25999999
HAROT,HAROT 2023-2,Honda Auto Receivables 2023-2 Owner Trust,2023,1,2023-06-15,0.00000000,0.00000000,1619450150.81999993
HAROT,HAROT 2023-3,Honda Auto Receivables 2023-3 Owner Trust,2023,1,2023-09-18,0.00000000,0.00000000,1889359251.43000007
HAROT,HAROT 2023-1,Honda Auto Receivables 2023-1 Owner Trust,2023,1,2023-03-21,0.00000368,5966.40000000,1619423906.70000005
HAROT,HAROT 2023-4,Honda Auto Receivables 2023-4 Owner Trust,2023,1,2023-12-21,0.00000000,0.00000000,1889339371.17000008
HAROT,HAROT 2023-3,Honda Auto Receivables 2023-3 Owner Trust,2023,2,2023-10-18,0.00001698,32078.34000000,1889359251.43000007
HAROT,HAROT 2023-2,Honda Auto Receivables 2023-2 Owner Trust,2023,2,2023-07-17,0.00000123,1988.20000000,1619450150.81999993
HAROT,HAROT 2023-1,Honda Auto Receivables 2023-1 Owner Trust,2023,2,2023-04-21,0.00000319,5163.71000000,1619423906.70000005
HAROT,HAROT 2023-4,Honda Auto Receivables 2023-4 Owner Trust,2023,2,2024-01-22,0.00000934,17645.32000000,1889339371.17000008
HAROT,HAROT 2023-1,Honda Auto Receivables 2023-1 Owner Trust,2023,3,2023-05-22,0.00000319,5163.71000000,1619423906.70000005
HAROT,HAROT 2023-3,Honda Auto Receivables 2023-3 Owner Trust,2023,3,2023-11-20,0.00001612,30465.04000000,1889359251.43000007
HAROT,HAROT 2023-4,Honda Auto Receivables 2023-4 Owner Trust,2023,3,2024-02-21,0.00032081,606114.70000000,1889339371.17000008
HAROT,HAROT 2023-2,Honda Auto Receivables 2023-2 Owner Trust,2023,3,2023-08-15,0.00000409,6626.30000000,1619450150.81999993
HAROT,HAROT 2023-1,Honda Auto Receivables 2023-1 Owner Trust,2023,4,2023-06-21,0.00005322,86186.52000000,1619423906.70000005
HAROT,HAROT 2023-2,Honda Auto Receivables 2023-2 Owner Trust,2023,4,2023-09-15,0.00008837,143112.69000000,1619450150.81999993
HAROT,HAROT 2023-3,Honda Auto Receivables 2023-3 Owner Trust,2023,4,2023-12-18,0.00010515,198663.49000000,1889359251.43000007
HAROT,HAROT 2023-4,Honda Auto Receivables 2023-4 Owner Trust,2023,4,2024-03-21,0.00050777,959355.59000000,1889339371.17000008
HAROT,HAROT 2023-4,Honda Auto Receivables 2023-4 Owner Trust,2023,5,2024-04-22,0.00070654,1334886.86000000,1889339371.17000008
HAROT,HAROT 2023-3,Honda Auto Receivables 2023-3 Owner Trust,2023,5,2024-01-18,0.00020046,378750.28000000,1889359251.43000007
HAROT,HAROT 2023-2,Honda Auto Receivables 2023-2 Owner Trust,2023,5,2023-10-16,0.00030797,498743.17000000,1619450150.81999993
HAROT,HAROT 2023-1,Honda Auto Receivables 2023-1 Owner Trust,2023,5,2023-07-21,0.00016605,268899.26000000,1619423906.70000005
HAROT,HAROT 2023-1,Honda Auto Receivables 2023-1 Owner Trust,2023,6,2023-08-21,0.00027249,441276.92000000,1619423906.70000005
HAROT,HAROT 2023-3,Honda Auto Receivables 2023-3 Owner Trust,2023,6,2024-02-20,0.00038029,718513.68000000,1889359251.43000007
HAROT,HAROT 2023-4,Honda Auto Receivables 2023-4 Owner Trust,2023,6,2024-05-21,0.00076683,1448803.13000000,1889339371.17000008
HAROT,HAROT 2023-2,Honda Auto Receivables 2023-2 Owner Trust,2023,6,2023-11-15,0.00044996,728688.93000000,1619450150.81999993
HAROT,HAROT 2023-4,Honda Auto Receivables 2023-4 Owner Trust,2023,7,2024-06-21,0.00095673,1807582.37000000,1889339371.17000008
HAROT,HAROT 2023-1,Honda Auto Receivables 2023-1 Owner Trust,2023,7,2023-09-21,0.00040352,653473.86000000,1619423906.70000005
HAROT,HAROT 2023-2,Honda Auto Receivables 2023-2 Owner Trust,2023,7,2023-12-15,0.00058265,943575.88000000,1619450150.81999993
HAROT,HAROT 2023-3,Honda Auto Receivables 2023-3 Owner Trust,2023,7,2024-03-18,0.00053503,1010864.71000000,1889359251.43000007
HAROT,HAROT 2023-4,Honda Auto Receivables 2023-4 Owner Trust,2023,8,2024-07-22,0.00106081,2004224.58000000,1889339371.17000008
HAROT,HAROT 2023-1,Honda Auto Receivables 2023-1 Owner Trust,2023,8,2023-10-23,0.00066345,1074401.31000000,1619423906.70000005
HAROT,HAROT 2023-3,Honda Auto Receivables 2023-3 Owner Trust,2023,8,2024-04-18,0.00072293,1365876.14000000,1889359251.43000007
HAROT,HAROT 2023-2,Honda Auto Receivables 2023-2 Owner Trust,2023,8,2024-01-16,0.00072408,1172609.85000000,1619450150.81999993
HAROT,HAROT 2023-4,Honda Auto Receivables 2023-4 Owner Trust,2023,9,2024-08-21,0.00116492,2200924.32000000,1889339371.17000008
HAROT,HAROT 2023-3,Honda Auto Receivables 2023-3 Owner Trust,2023,9,2024-05-20,0.00084227,1591344.47000000,1889359251.43000007
HAROT,HAROT 2023-2,Honda Auto Receivables 2023-2 Owner Trust,2023,9,2024-02-15,0.00090977,1473331.44000000,1619450150.81999993
HAROT,HAROT 2023-1,Honda Auto Receivables 2023-1 Owner Trust,2023,9,2023-11-21,0.00085596,1386160.09000000,1619423906.70000005
HAROT,HAROT 2023-2,Honda Auto Receivables 2023-2 Owner Trust,2023,10,2024-03-15,0.00107293,1737553.92000000,1619450150.81999993
HAROT,HAROT 2023-1,Honda Auto Receivables 2023-1 Owner Trust,2023,10,2023-12-21,0.00098145,1589389.59000000,1619423906.70000005
HAROT,HAROT 2023-4,Honda Auto Receivables 2023-4 Owner Trust,2023,10,2024-09-23,0.00124146,2345540.92000000,1889339371.17000008
HAROT,HAROT 2023-3,Honda Auto Receivables 2023-3 Owner Trust,2023,10,2024-06-18,0.00091326,1725468.91000000,1889359251.43000007
HAROT,HAROT 2023-4,Honda Auto Receivables 2023-4 Owner Trust,2023,11,2024-10-21,0.00137242,2592971.36000000,1889339371.17000008
HAROT,HAROT 2023-2,Honda Auto Receivables 2023-2 Owner Trust,2023,11,2024-04-15,0.00114602,1855915.47000000,1619450150.81999993
HAROT,HAROT 2023-1,Honda Auto Receivables 2023-1 Owner Trust,2023,11,2024-01-22,0.00103117,1669895.61000000,1619423906.70000005
HAROT,HAROT 2023-3,Honda Auto Receivables 2023-3 Owner Trust,2023,11,2024-07-18,0.00100056,1890425.15000000,1889359251.43000007
HAROT,HAROT 2023-2,Honda Auto Receivables 2023-2 Owner Trust,2023,12,2024-05-15,0.00132962,2153256.68000000,1619450150.81999993
HAROT,HAROT 2023-1,Honda Auto Receivables 2023-1 Owner Trust,2023,12,2024-02-21,0.00110476,1789078.87000000,1619423906.70000005
HAROT,HAROT 2023-4,Honda Auto Receivables 2023-4 Owner Trust,2023,12,2024-11-21,0.00159214,3008084.63000000,1889339371.17000008
HAROT,HAROT 2023-3,Honda Auto Receivables 2023-3 Owner Trust,2023,12,2024-08-19,0.00107645,2033803.71000000,1889359251.43000007
HAROT,HAROT 2023-4,Honda Auto Receivables 2023-4 Owner Trust,2023,13,2024-12-23,0.00171487,3239979.46000000,1889339371.17000008
HAROT,HAROT 2023-1,Honda Auto Receivables 2023-1 Owner Trust,2023,13,2024-03-21,0.00125874,2038438.44000000,1619423906.70000005
HAROT,HAROT 2023-3,Honda Auto Receivables 2023-3 Owner Trust,2023,13,2024-09-18,0.00123258,2328784.63000000,1889359251.43000007
HAROT,HAROT 2023-2,Honda Auto Receivables 2023-2 Owner Trust,2023,13,2024-06-17,0.00141870,2297510.50000000,1619450150.81999993
HAROT,HAROT 2023-4,Honda Auto Receivables 2023-4 Owner Trust,2023,14,2025-01-21,0.00174646,3299657.62000000,1889339371.17000008
HAROT,HAROT 2023-3,Honda Auto Receivables 2023-3 Owner Trust,2023,14,2024-10-18,0.00136746,2583630.12000000,1889359251.43000007
HAROT,HAROT 2023-2,Honda Auto Receivables 2023-2 Owner Trust,2023,14,2024-07-15,0.00148650,2407317.49000000,1619450150.81999993
HAROT,HAROT 2023-1,Honda Auto Receivables 2023-1 Owner Trust,2023,14,2024-04-22,0.00132079,2138912.06000000,1619423906.70000005
HAROT,HAROT 2023-4,Honda Auto Receivables 2023-4 Owner Trust,2023,15,2025-02-21,0.00174315,3293401.37000000,1889339371.17000008
HAROT,HAROT 2023-1,Honda Auto Receivables 2023-1 Owner Trust,2023,15,2024-05-21,0.00135512,2194510.70000000,1619423906.70000005
HAROT,HAROT 2023-3,Honda Auto Receivables 2023-3 Owner Trust,2023,15,2024-11-18,0.00157866,2982650.96000000,1889359251.43000007
HAROT,HAROT 2023-2,Honda Auto Receivables 2023-2 Owner Trust,2023,15,2024-08-15,0.00154485,2501810.67000000,1619450150.81999993
HAROT,HAROT 2023-4,Honda Auto Receivables 2023-4 Owner Trust,2023,16,2025-03-21,0.00187475,3542048.06000000,1889339371.17000008
HAROT,HAROT 2023-2,Honda Auto Receivables 2023-2 Owner Trust,2023,16,2024-09-16,0.00160614,2601064.85000000,1619450150.81999993
HAROT,HAROT 2023-1,Honda Auto Receivables 2023-1 Owner Trust,2023,16,2024-06-21,0.00141122,2285364.55000000,1619423906.70000005
HAROT,HAROT 2023-3,Honda Auto Receivables 2023-3 Owner Trust,2023,16,2024-12-18,0.00171126,3233184.01000000,1889359251.43000007
HAROT,HAROT 2023-4,Honda Auto Receivables 2023-4 Owner Trust,2023,17,2025-04-21,0.00194390,3672678.84000000,1889339371.17000008
HAROT,HAROT 2023-3,Honda Auto Receivables 2023-3 Owner Trust,2023,17,2025-01-21,0.00174752,3301689.15000000,1889359251.43000007
HAROT,HAROT 2023-2,Honda Auto Receivables 2023-2 Owner Trust,2023,17,2024-10-15,0.00166869,2702367.63000000,1619450150.81999993
HAROT,HAROT 2023-1,Honda Auto Receivables 2023-1 Owner Trust,2023,17,2024-07-22,0.00149117,2414841.94000000,1619423906.70000005
HAROT,HAROT 2023-2,Honda Auto Receivables 2023-2 Owner Trust,2023,18,2024-11-15,0.00171053,2770110.02000000,1619450150.81999993
HAROT,HAROT 2023-1,Honda Auto Receivables 2023-1 Owner Trust,2023,18,2024-08-21,0.00161212,2610705.51000000,1619423906.70000005
HAROT,HAROT 2023-4,Honda Auto Receivables 2023-4 Owner Trust,2023,18,2025-05-21,0.00195969,3702519.56000000,1889339371.17000008
HAROT,HAROT 2023-3,Honda Auto Receivables 2023-3 Owner Trust,2023,18,2025-02-18,0.00181605,3431169.53000000,1889359251.43000007
HAROT,HAROT 2023-4,Honda Auto Receivables 2023-4 Owner Trust,2023,19,2025-06-23,0.00195216,3688299.01000000,1889339371.17000008
HAROT,HAROT 2023-1,Honda Auto Receivables 2023-1 Owner Trust,2023,19,2024-09-23,0.00173121,2803567.26000000,1619423906.70000005
HAROT,HAROT 2023-3,Honda Auto Receivables 2023-3 Owner Trust,2023,19,2025-03-18,0.00187637,3545144.23000000,1889359251.43000007
HAROT,HAROT 2023-2,Honda Auto Receivables 2023-2 Owner Trust,2023,19,2024-12-16,0.00178932,2897710.23000000,1619450150.81999993
HAROT,HAROT 2023-2,Honda Auto Receivables 2023-2 Owner Trust,2023,20,2025-01-15,0.00186239,3016045.78000000,1619450150.81999993
HAROT,HAROT 2023-1,Honda Auto Receivables 2023-1 Owner Trust,2023,20,2024-10-21,0.00177450,2873663.44000000,1619423906.70000005
HAROT,HAROT 2023-4,Honda Auto Receivables 2023-4 Owner Trust,2023,20,2025-07-21,0.00202893,3833330.51000000,1889339371.17000008
HAROT,HAROT 2023-3,Honda Auto Receivables 2023-3 Owner Trust,2023,20,2025-04-18,0.00189202,3574712.83000000,1889359251.43000007
HAROT,HAROT 2023-4,Honda Auto Receivables 2023-4 Owner Trust,2023,21,2025-08-21,0.00205148,3875941.83000000,1889339371.17000008
HAROT,HAROT 2023-2,Honda Auto Receivables 2023-2 Owner Trust,2023,21,2025-02-18,0.00208061,3369450.10000000,1619450150.81999993
HAROT,HAROT 2023-3,Honda Auto Receivables 2023-3 Owner Trust,2023,21,2025-05-19,0.00197689,3735053.17000000,1889359251.43000007
HAROT,HAROT 2023-1,Honda Auto Receivables 2023-1 Owner Trust,2023,21,2024-11-21,0.00176511,2858461.73000000,1619423906.70000005
HAROT,HAROT 2023-4,Honda Auto Receivables 2023-4 Owner Trust,2023,22,2025-09-22,0.00207702,3924187.23000000,1889339371.17000008
HAROT,HAROT 2023-1,Honda Auto Receivables 2023-1 Owner Trust,2023,22,2024-12-23,0.00185439,3003047.89000000,1619423906.70000005
HAROT,HAROT 2023-3,Honda Auto Receivables 2023-3 Owner Trust,2023,22,2025-06-18,0.00196722,3716789.06000000,1889359251.43000007
HAROT,HAROT 2023-2,Honda Auto Receivables 2023-2 Owner Trust,2023,22,2025-03-17,0.00215336,3487259.34000000,1619450150.81999993
HAROT,HAROT 2023-1,Honda Auto Receivables 2023-1 Owner Trust,2023,23,2025-01-21,0.00190529,3085467.10000000,1619423906.70000005
HAROT,HAROT 2023-2,Honda Auto Receivables 2023-2 Owner Trust,2023,23,2025-04-15,0.00228148,3694737.83000000,1619450150.81999993
HAROT,HAROT 2023-3,Honda Auto Receivables 2023-3 Owner Trust,2023,23,2025-07-18,0.00194992,3684108.44000000,1889359251.43000007
HAROT,HAROT 2023-4,Honda Auto Receivables 2023-4 Owner Trust,2023,23,2025-10-21,0.00215901,4079097.58000000,1889339371.17000008
HAROT,HAROT 2023-1,Honda Auto Receivables 2023-1 Owner Trust,2023,24,2025-02-21,0.00202753,3283426.88000000,1619423906.70000005
HAROT,HAROT 2023-2,Honda Auto Receivables 2023-2 Owner Trust,2023,24,2025-05-15,0.00232911,3771878.14000000,1619450150.81999993
HAROT,HAROT 2023-3,Honda Auto Receivables 2023-3 Owner Trust,2023,24,2025-08-18,0.00202670,3829169.14000000,1889359251.43000007
HAROT,HAROT 2023-4,Honda Auto Receivables 2023-4 Owner Trust,2023,24,2025-11-21,0.00217097,4101694.48000000,1889339371.17000008
HAROT,HAROT 2023-4,Honda Auto Receivables 2023-4 Owner Trust,2023,25,2025-12-22,0.00220108,4158595.84000000,1889339371.17000008
HAROT,HAROT 2023-2,Honda Auto Receivables 2023-2 Owner Trust,2023,25,2025-06-16,0.00228354,3698080.01000000,1619450150.81999993
HAROT,HAROT 2023-3,Honda Auto Receivables 2023-3 Owner Trust,2023,25,2025-09-18,0.00207996,3929796.83000000,1889359251.43000007
HAROT,HAROT 2023-1,Honda Auto Receivables 2023-1 Owner Trust,2023,25,2025-03-21,0.00204860,3317551.68000000,1619423906.70000005
HAROT,HAROT 2023-4,Honda Auto Receivables 2023-4 Owner Trust,2023,26,2026-01-21,0.00222020,4194715.41000000,1889339371.17000008
HAROT,HAROT 2023-2,Honda Auto Receivables 2023-2 Owner Trust,2023,26,2025-07-15,0.00239327,3875784.74000000,1619450150.81999993
HAROT,HAROT 2023-1,Honda Auto Receivables 2023-1 Owner Trust,2023,26,2025-04-21,0.00206734,3347904.44000000,1619423906.70000005
HAROT,HAROT 2023-3,Honda Auto Receivables 2023-3 Owner Trust,2023,26,2025-10-20,0.00215430,4070237.62000000,1889359251.43000007
HAROT,HAROT 2023-4,Honda Auto Receivables 2023-4 Owner Trust,2023,27,2026-02-23,0.00225100,4252900.75000000,1889339371.17000008
HAROT,HAROT 2023-1,Honda Auto Receivables 2023-1 Owner Trust,2023,27,2025-05-21,0.00205042,3320497.60000000,1619423906.70000005
HAROT,HAROT 2023-2,Honda Auto Receivables 2023-2 Owner Trust,2023,27,2025-08-15,0.00239606,3880307.36000000,1619450150.81999993
HAROT,HAROT 2023-3,Honda Auto Receivables 2023-3 Owner Trust,2023,27,2025-11-18,0.00224990,4250878.62000000,1889359251.43000007
HAROT,HAROT 2023-3,Honda Auto Receivables 2023-3 Owner Trust,2023,28,2025-12-18,0.00225392,4258470.94000000,1889359251.43000007
HAROT,HAROT 2023-2,Honda Auto Receivables 2023-2 Owner Trust,2023,28,2025-09-15,0.00246886,3998193.79000000,1619450150.81999993
HAROT,HAROT 2023-1,Honda Auto Receivables 2023-1 Owner Trust,2023,28,2025-06-23,0.00203572,3296689.02000000,1619423906.70000005
HAROT,HAROT 2023-4,Honda Auto Receivables 2023-4 Owner Trust,2023,28,2026-03-23,0.00231698,4377564.74000000,1889339371.17000008
HAROT,HAROT 2023-2,Honda Auto Receivables 2023-2 Owner Trust,2023,29,2025-10-15,0.00253278,4101714.81000000,1619450150.81999993
HAROT,HAROT 2023-1,Honda Auto Receivables 2023-1 Owner Trust,2023,29,2025-07-21,0.00207923,3367158.73000000,1619423906.70000005
HAROT,HAROT 2023-4,Honda Auto Receivables 2023-4 Owner Trust,2023,29,2026-04-21,0.00236191,4462458.65000000,1889339371.17000008
HAROT,HAROT 2023-3,Honda Auto Receivables 2023-3 Owner Trust,2023,29,2026-01-20,0.00234438,4429381.53000000,1889359251.43000007
HAROT,HAROT 2023-4,Honda Auto Receivables 2023-4 Owner Trust,2023,30,2026-05-21,0.00239919,4532887.00000000,1889339371.17000008
HAROT,HAROT 2023-3,Honda Auto Receivables 2023-3 Owner Trust,2023,30,2026-02-18,0.00241243,4557947.14000000,1889359251.43000007
HAROT,HAROT 2023-2,Honda Auto Receivables 2023-2 Owner Trust,2023,30,2025-11-17,0.00254665,4124171.11000000,1619450150.81999993
HAROT,HAROT 2023-1,Honda Auto Receivables 2023-1 Owner Trust,2023,30,2025-08-21,0.00213533,3458000.74000000,1619423906.70000005
HAROT,HAROT 2023-4,Honda Auto Receivables 2023-4 Owner Trust,2023,31,2026-06-22,0.00240145,4537149.90000000,1889339371.17000008
HAROT,HAROT 2023-1,Honda Auto Receivables 2023-1 Owner Trust,2023,31,2025-09-22,0.00219172,3549316.45000000,1619423906.70000005
HAROT,HAROT 2023-3,Honda Auto Receivables 2023-3 Owner Trust,2023,31,2026-03-18,0.00242408,4579962.48000000,1889359251.43000007
HAROT,HAROT 2023-2,Honda Auto Receivables 2023-2 Owner Trust,2023,31,2025-12-15,0.00258604,4187955.64000000,1619450150.81999993
HAROT,HAROT 2023-4,Honda Auto Receivables 2023-4 Owner Trust,2023,32,2026-07-21,0.00235304,4445694.35000000,1889339371.17000008
HAROT,HAROT 2023-1,Honda Auto Receivables 2023-1 Owner Trust,2023,32,2025-10-21,0.00219349,3552183.52000000,1619423906.70000005
HAROT,HAROT 2023-3,Honda Auto Receivables 2023-3 Owner Trust,2023,32,2026-04-20,0.00247018,4667065.62000000,1889359251.43000007
HAROT,HAROT 2023-2,Honda Auto Receivables 2023-2 Owner Trust,2023,32,2026-01-15,0.00260940,4225785.99000000,1619450150.81999993
HAROT,HAROT 2023-1,Honda Auto Receivables 2023-1 Owner Trust,2023,33,2025-11-21,0.00222781,3607771.84000000,1619423906.70000005
HAROT,HAROT 2023-2,Honda Auto Receivables 2023-2 Owner Trust,2023,33,2026-02-17,0.00257369,4167966.10000000,1619450150.81999993
HAROT,HAROT 2023-3,Honda Auto Receivables 2023-3 Owner Trust,2023,33,2026-05-18,0.00245016,4629224.12000000,1889359251.43000007
HAROT,HAROT 2023-2,Honda Auto Receivables 2023-2 Owner Trust,2023,34,2026-03-16,0.00262197,4246146.47000000,1619450150.81999993
HAROT,HAROT 2023-1,Honda Auto Receivables 2023-1 Owner Trust,2023,34,2025-12-22,0.00223375,3617384.81000000,1619423906.70000005
HAROT,HAROT 2023-3,Honda Auto Receivables 2023-3 Owner Trust,2023,34,2026-06-18,0.00249123,4706837.01000000,1889359251.43000007
HAROT,HAROT 2023-3,Honda Auto Receivables 2023-3 Owner Trust,2023,35,2026-07-20,0.00246589,4658946.43000000,1889359251.43000007
HAROT,HAROT 2023-1,Honda Auto Receivables 2023-1 Owner Trust,2023,35,2026-01-21,0.00229544,3717294.63000000,1619423906.70000005
HAROT,HAROT 2023-2,Honda Auto Receivables 2023-2 Owner Trust,2023,35,2026-04-15,0.00261380,4232926.20000000,1619450150.81999993
HAROT,HAROT 2023-2,Honda Auto Receivables 2023-2 Owner Trust,2023,36,2026-05-15,0.00260082,4211902.88000000,1619450150.81999993
HAROT,HAROT 2023-1,Honda Auto Receivables 2023-1 Owner Trust,2023,36,2026-02-23,0.00231275,3745321.13000000,1619423906.70000005
HAROT,HAROT 2023-1,Honda Auto Receivables 2023-1 Owner Trust,2023,37,2026-03-23,0.00228902,3706893.86000000,1619423906.70000005
HAROT,HAROT 2023-2,Honda Auto Receivables 2023-2 Owner Trust,2023,37,2026-06-15,0.00258976,4193990.01000000,1619450150.81999993
HAROT,HAROT 2023-1,Honda Auto Receivables 2023-1 Owner Trust,2023,38,2026-04-21,0.00229118,3710394.88000000,1619423906.70000005
HAROT,HAROT 2023-2,Honda Auto Receivables 2023-2 Owner Trust,2023,38,2026-07-15,0.00259938,4209573.87000000,1619450150.81999993
HAROT,HAROT 2023-1,Honda Auto Receivables 2023-1 Owner Trust,2023,39,2026-05-21,0.00229303,3713381.28000000,1619423906.70000005
HAROT,HAROT 2023-1,Honda Auto Receivables 2023-1 Owner Trust,2023,40,2026-06-22,0.00226687,3671016.36000000,1619423906.70000005
HAROT,HAROT 2023-1,Honda Auto Receivables 2023-1 Owner Trust,2023,41,2026-07-21,0.00217511,3522421.19000000,1619423906.70000005
HAROT,HAROT 2024-1,Honda Auto Receivables 2024-1 Owner Trust,2024,1,2024-03-15,0.00000000,0.00000000,2159245264.71999979
HAROT,HAROT 2024-3,Honda Auto Receivables 2024-3 Owner Trust,2024,1,2024-09-23,0.00000193,4165.52000000,2159244265.00000000
HAROT,HAROT 2024-2,Honda Auto Receivables 2024-2 Owner Trust,2024,1,2024-06-18,0.00000869,18757.87000000,2159259750.25000000
HAROT,HAROT 2024-4,Honda Auto Receivables 2024-4 Owner Trust,2024,1,2024-11-15,0.00000000,0.00000000,2159248354.48999977
HAROT,HAROT 2024-2,Honda Auto Receivables 2024-2 Owner Trust,2024,2,2024-07-18,0.00001547,33401.46000000,2159259750.25000000
HAROT,HAROT 2024-1,Honda Auto Receivables 2024-1 Owner Trust,2024,2,2024-04-15,0.00000805,17378.25000000,2159245264.71999979
HAROT,HAROT 2024-3,Honda Auto Receivables 2024-3 Owner Trust,2024,2,2024-10-21,0.00004962,107134.96000000,2159244265.00000000
HAROT,HAROT 2024-4,Honda Auto Receivables 2024-4 Owner Trust,2024,2,2024-12-16,0.00002413,52094.74000000,2159248354.48999977
HAROT,HAROT 2024-4,Honda Auto Receivables 2024-4 Owner Trust,2024,3,2025-01-15,0.00023908,516228.10000000,2159248354.48999977
HAROT,HAROT 2024-1,Honda Auto Receivables 2024-1 Owner Trust,2024,3,2024-05-15,0.00009195,198548.31000000,2159245264.71999979
HAROT,HAROT 2024-3,Honda Auto Receivables 2024-3 Owner Trust,2024,3,2024-11-21,0.00015447,333536.46000000,2159244265.00000000
HAROT,HAROT 2024-2,Honda Auto Receivables 2024-2 Owner Trust,2024,3,2024-08-19,0.00012001,259137.33000000,2159259750.25000000
HAROT,HAROT 2024-4,Honda Auto Receivables 2024-4 Owner Trust,2024,4,2025-02-18,0.00052262,1128462.92000000,2159248354.48999977
HAROT,HAROT 2024-2,Honda Auto Receivables 2024-2 Owner Trust,2024,4,2024-09-18,0.00031479,679703.24000000,2159259750.25000000
HAROT,HAROT 2024-1,Honda Auto Receivables 2024-1 Owner Trust,2024,4,2024-06-17,0.00019911,429921.94000000,2159245264.71999979
HAROT,HAROT 2024-3,Honda Auto Receivables 2024-3 Owner Trust,2024,4,2024-12-23,0.00023528,508031.27000000,2159244265.00000000
HAROT,HAROT 2024-3,Honda Auto Receivables 2024-3 Owner Trust,2024,5,2025-01-21,0.00044788,967091.09000000,2159244265.00000000
HAROT,HAROT 2024-1,Honda Auto Receivables 2024-1 Owner Trust,2024,5,2024-07-15,0.00038795,837669.16000000,2159245264.71999979
HAROT,HAROT 2024-2,Honda Auto Receivables 2024-2 Owner Trust,2024,5,2024-10-18,0.00046510,1004276.68000000,2159259750.25000000
HAROT,HAROT 2024-4,Honda Auto Receivables 2024-4 Owner Trust,2024,5,2025-03-17,0.00071905,1552599.99000000,2159248354.48999977
HAROT,HAROT 2024-4,Honda Auto Receivables 2024-4 Owner Trust,2024,6,2025-04-15,0.00088439,1909622.32000000,2159248354.48999977
HAROT,HAROT 2024-1,Honda Auto Receivables 2024-1 Owner Trust,2024,6,2024-08-15,0.00054847,1184290.13000000,2159245264.71999979
HAROT,HAROT 2024-3,Honda Auto Receivables 2024-3 Owner Trust,2024,6,2025-02-21,0.00067947,1467149.78000000,2159244265.00000000
HAROT,HAROT 2024-2,Honda Auto Receivables 2024-2 Owner Trust,2024,6,2024-11-18,0.00069614,1503149.96000000,2159259750.25000000
HAROT,HAROT 2024-3,Honda Auto Receivables 2024-3 Owner Trust,2024,7,2025-03-21,0.00084906,1833335.43000000,2159244265.00000000
HAROT,HAROT 2024-2,Honda Auto Receivables 2024-2 Owner Trust,2024,7,2024-12-18,0.00085014,1835674.41000000,2159259750.25000000
HAROT,HAROT 2024-4,Honda Auto Receivables 2024-4 Owner Trust,2024,7,2025-05-15,0.00105783,2284115.34000000,2159248354.48999977
HAROT,HAROT 2024-1,Honda Auto Receivables 2024-1 Owner Trust,2024,7,2024-09-16,0.00066796,1442299.85000000,2159245264.71999979
HAROT,HAROT 2024-1,Honda Auto Receivables 2024-1 Owner Trust,2024,8,2024-10-15,0.00078204,1688617.07000000,2159245264.71999979
HAROT,HAROT 2024-3,Honda Auto Receivables 2024-3 Owner Trust,2024,8,2025-04-21,0.00103257,2229576.69000000,2159244265.00000000
HAROT,HAROT 2024-4,Honda Auto Receivables 2024-4 Owner Trust,2024,8,2025-06-16,0.00115604,2496178.72000000,2159248354.48999977
HAROT,HAROT 2024-2,Honda Auto Receivables 2024-2 Owner Trust,2024,8,2025-01-21,0.00104083,2247431.44000000,2159259750.25000000
HAROT,HAROT 2024-3,Honda Auto Receivables 2024-3 Owner Trust,2024,9,2025-05-21,0.00115051,2484236.45000000,2159244265.00000000
HAROT,HAROT 2024-1,Honda Auto Receivables 2024-1 Owner Trust,2024,9,2024-11-15,0.00084973,1834777.31000000,2159245264.71999979
HAROT,HAROT 2024-2,Honda Auto Receivables 2024-2 Owner Trust,2024,9,2025-02-18,0.00134513,2904480.78000000,2159259750.25000000
HAROT,HAROT 2024-4,Honda Auto Receivables 2024-4 Owner Trust,2024,9,2025-07-15,0.00135712,2930359.57000000,2159248354.48999977
HAROT,HAROT 2024-2,Honda Auto Receivables 2024-2 Owner Trust,2024,10,2025-03-18,0.00154025,3325806.01000000,2159259750.25000000
HAROT,HAROT 2024-4,Honda Auto Receivables 2024-4 Owner Trust,2024,10,2025-08-15,0.00155787,3363822.83000000,2159248354.48999977
HAROT,HAROT 2024-3,Honda Auto Receivables 2024-3 Owner Trust,2024,10,2025-06-23,0.00131802,2845936.57000000,2159244265.00000000
HAROT,HAROT 2024-1,Honda Auto Receivables 2024-1 Owner Trust,2024,10,2024-12-16,0.00103112,2226431.17000000,2159245264.71999979
HAROT,HAROT 2024-3,Honda Auto Receivables 2024-3 Owner Trust,2024,11,2025-07-21,0.00146486,3162995.69000000,2159244265.00000000
HAROT,HAROT 2024-1,Honda Auto Receivables 2024-1 Owner Trust,2024,11,2025-01-15,0.00126082,2722426.92000000,2159245264.71999979
HAROT,HAROT 2024-4,Honda Auto Receivables 2024-4 Owner Trust,2024,11,2025-09-15,0.00173255,3741013.86000000,2159248354.48999977
HAROT,HAROT 2024-2,Honda Auto Receivables 2024-2 Owner Trust,2024,11,2025-04-18,0.00180276,3892618.09000000,2159259750.25000000
HAROT,HAROT 2024-4,Honda Auto Receivables 2024-4 Owner Trust,2024,12,2025-10-15,0.00197197,4257974.27000000,2159248354.48999977
HAROT,HAROT 2024-2,Honda Auto Receivables 2024-2 Owner Trust,2024,12,2025-05-19,0.00186373,4024271.02000000,2159259750.25000000
HAROT,HAROT 2024-3,Honda Auto Receivables 2024-3 Owner Trust,2024,12,2025-08-21,0.00158356,3419300.35000000,2159244265.00000000
HAROT,HAROT 2024-1,Honda Auto Receivables 2024-1 Owner Trust,2024,12,2025-02-18,0.00143528,3099130.48000000,2159245264.71999979
HAROT,HAROT 2024-1,Honda Auto Receivables 2024-1 Owner Trust,2024,13,2025-03-17,0.00158710,3426933.74000000,2159245264.71999979
HAROT,HAROT 2024-3,Honda Auto Receivables 2024-3 Owner Trust,2024,13,2025-09-22,0.00171748,3708459.28000000,2159244265.00000000
HAROT,HAROT 2024-4,Honda Auto Receivables 2024-4 Owner Trust,2024,13,2025-11-17,0.00222618,4806865.73000000,2159248354.48999977
HAROT,HAROT 2024-2,Honda Auto Receivables 2024-2 Owner Trust,2024,13,2025-06-18,0.00191364,4132046.06000000,2159259750.25000000
HAROT,HAROT 2024-3,Honda Auto Receivables 2024-3 Owner Trust,2024,14,2025-10-21,0.00186537,4027792.97000000,2159244265.00000000
HAROT,HAROT 2024-1,Honda Auto Receivables 2024-1 Owner Trust,2024,14,2025-04-15,0.00161781,3493240.30000000,2159245264.71999979
HAROT,HAROT 2024-2,Honda Auto Receivables 2024-2 Owner Trust,2024,14,2025-07-18,0.00194732,4204779.47000000,2159259750.25000000
HAROT,HAROT 2024-4,Honda Auto Receivables 2024-4 Owner Trust,2024,14,2025-12-15,0.00239477,5170912.58000000,2159248354.48999977
HAROT,HAROT 2024-1,Honda Auto Receivables 2024-1 Owner Trust,2024,15,2025-05-15,0.00176738,3816205.20000000,2159245264.71999979
HAROT,HAROT 2024-2,Honda Auto Receivables 2024-2 Owner Trust,2024,15,2025-08-18,0.00206322,4455030.20000000,2159259750.25000000
HAROT,HAROT 2024-4,Honda Auto Receivables 2024-4 Owner Trust,2024,15,2026-01-15,0.00255488,5516610.23000000,2159248354.48999977
HAROT,HAROT 2024-3,Honda Auto Receivables 2024-3 Owner Trust,2024,15,2025-11-21,0.00203721,4398827.46000000,2159244265.00000000
HAROT,HAROT 2024-3,Honda Auto Receivables 2024-3 Owner Trust,2024,16,2025-12-22,0.00210510,4545420.91000000,2159244265.00000000
HAROT,HAROT 2024-1,Honda Auto Receivables 2024-1 Owner Trust,2024,16,2025-06-16,0.00175827,3796528.00000000,2159245264.71999979
HAROT,HAROT 2024-4,Honda Auto Receivables 2024-4 Owner Trust,2024,16,2026-02-17,0.00272862,5891774.54000000,2159248354.48999977
HAROT,HAROT 2024-2,Honda Auto Receivables 2024-2 Owner Trust,2024,16,2025-09-18,0.00211912,4575724.35000000,2159259750.25000000
HAROT,HAROT 2024-3,Honda Auto Receivables 2024-3 Owner Trust,2024,17,2026-01-21,0.00226260,4885506.37000000,2159244265.00000000
HAROT,HAROT 2024-1,Honda Auto Receivables 2024-1 Owner Trust,2024,17,2025-07-15,0.00181032,3908922.06000000,2159245264.71999979
HAROT,HAROT 2024-2,Honda Auto Receivables 2024-2 Owner Trust,2024,17,2025-10-20,0.00228443,4932687.70000000,2159259750.25000000
HAROT,HAROT 2024-4,Honda Auto Receivables 2024-4 Owner Trust,2024,17,2026-03-16,0.00292657,6319186.58000000,2159248354.48999977
HAROT,HAROT 2024-2,Honda Auto Receivables 2024-2 Owner Trust,2024,18,2025-11-18,0.00236470,5105999.10000000,2159259750.25000000
HAROT,HAROT 2024-4,Honda Auto Receivables 2024-4 Owner Trust,2024,18,2026-04-15,0.00293736,6342491.12000000,2159248354.48999977
HAROT,HAROT 2024-3,Honda Auto Receivables 2024-3 Owner Trust,2024,18,2026-02-23,0.00255049,5507140.04000000,2159244265.00000000
HAROT,HAROT 2024-1,Honda Auto Receivables 2024-1 Owner Trust,2024,18,2025-08-15,0.00195056,4211743.25000000,2159245264.71999979
HAROT,HAROT 2024-1,Honda Auto Receivables 2024-1 Owner Trust,2024,19,2025-09-15,0.00209610,4525997.34000000,2159245264.71999979
HAROT,HAROT 2024-3,Honda Auto Receivables 2024-3 Owner Trust,2024,19,2026-03-23,0.00266053,5744740.41000000,2159244265.00000000
HAROT,HAROT 2024-4,Honda Auto Receivables 2024-4 Owner Trust,2024,19,2026-05-15,0.00295492,6380414.69000000,2159248354.48999977
HAROT,HAROT 2024-2,Honda Auto Receivables 2024-2 Owner Trust,2024,19,2025-12-18,0.00243827,5264860.24000000,2159259750.25000000
HAROT,HAROT 2024-4,Honda Auto Receivables 2024-4 Owner Trust,2024,20,2026-06-15,0.00304058,6565377.03000000,2159248354.48999977
HAROT,HAROT 2024-2,Honda Auto Receivables 2024-2 Owner Trust,2024,20,2026-01-20,0.00258519,5582095.82000000,2159259750.25000000
HAROT,HAROT 2024-3,Honda Auto Receivables 2024-3 Owner Trust,2024,20,2026-04-21,0.00269731,5824156.54000000,2159244265.00000000
HAROT,HAROT 2024-1,Honda Auto Receivables 2024-1 Owner Trust,2024,20,2025-10-15,0.00221185,4775925.96000000,2159245264.71999979
HAROT,HAROT 2024-1,Honda Auto Receivables 2024-1 Owner Trust,2024,21,2025-11-17,0.00221696,4786952.29000000,2159245264.71999979
HAROT,HAROT 2024-4,Honda Auto Receivables 2024-4 Owner Trust,2024,21,2026-07-15,0.00312651,6750913.64000000,2159248354.48999977
HAROT,HAROT 2024-2,Honda Auto Receivables 2024-2 Owner Trust,2024,21,2026-02-18,0.00276393,5968040.25000000,2159259750.25000000
HAROT,HAROT 2024-3,Honda Auto Receivables 2024-3 Owner Trust,2024,21,2026-05-21,0.00274287,5922518.01000000,2159244265.00000000
HAROT,HAROT 2024-1,Honda Auto Receivables 2024-1 Owner Trust,2024,22,2025-12-15,0.00228199,4927380.80000000,2159245264.71999979
HAROT,HAROT 2024-2,Honda Auto Receivables 2024-2 Owner Trust,2024,22,2026-03-18,0.00291709,6298762.26000000,2159259750.25000000
HAROT,HAROT 2024-3,Honda Auto Receivables 2024-3 Owner Trust,2024,22,2026-06-22,0.00277613,5994352.51000000,2159244265.00000000
HAROT,HAROT 2024-2,Honda Auto Receivables 2024-2 Owner Trust,2024,23,2026-04-20,0.00295571,6382146.52000000,2159259750.25000000
HAROT,HAROT 2024-1,Honda Auto Receivables 2024-1 Owner Trust,2024,23,2026-01-15,0.00238409,5147831.20000000,2159245264.71999979
HAROT,HAROT 2024-3,Honda Auto Receivables 2024-3 Owner Trust,2024,23,2026-07-21,0.00282011,6089299.06000000,2159244265.00000000
HAROT,HAROT 2024-2,Honda Auto Receivables 2024-2 Owner Trust,2024,24,2026-05-18,0.00297822,6430756.63000000,2159259750.25000000
HAROT,HAROT 2024-1,Honda Auto Receivables 2024-1 Owner Trust,2024,24,2026-02-17,0.00249271,5382366.49000000,2159245264.71999979
HAROT,HAROT 2024-1,Honda Auto Receivables 2024-1 Owner Trust,2024,25,2026-03-16,0.00249300,5382996.26000000,2159245264.71999979
HAROT,HAROT 2024-2,Honda Auto Receivables 2024-2 Owner Trust,2024,25,2026-06-18,0.00296055,6392600.58000000,2159259750.25000000
HAROT,HAROT 2024-1,Honda Auto Receivables 2024-1 Owner Trust,2024,26,2026-04-15,0.00259280,5598495.34000000,2159245264.71999979
HAROT,HAROT 2024-2,Honda Auto Receivables 2024-2 Owner Trust,2024,26,2026-07-20,0.00300946,6498212.82000000,2159259750.25000000
HAROT,HAROT 2024-1,Honda Auto Receivables 2024-1 Owner Trust,2024,27,2026-05-15,0.00252485,5451766.53000000,2159245264.71999979
HAROT,HAROT 2024-1,Honda Auto Receivables 2024-1 Owner Trust,2024,28,2026-06-15,0.00257242,5554475.38000000,2159245264.71999979
HAROT,HAROT 2024-1,Honda Auto Receivables 2024-1 Owner Trust,2024,29,2026-07-15,0.00254741,5500493.12000000,2159245264.71999979
HAROT,HAROT 2025-3,Honda Auto Receivables 2025-3 Owner Trust,2025,1,2025-09-22,0.00002463,61157.68000000,2483149121.84000015
HAROT,HAROT 2025-1,Honda Auto Receivables 2025-1 Owner Trust,2025,1,2025-03-21,0.00000609,14785.25000000,2429150798.03000021
HAROT,HAROT 2025-2,Honda Auto Receivables 2025-2 Owner Trust,2025,1,2025-06-16,0.00001800,44693.87000000,2483139372.23000002
HAROT,HAROT 2025-4,Honda Auto Receivables 2025-4 Owner Trust,2025,1,2025-12-15,0.00001721,42731.62000000,2483150001.51999998
HAROT,HAROT 2025-4,Honda Auto Receivables 2025-4 Owner Trust,2025,2,2026-01-15,0.00005073,125958.38000000,2483150001.51999998
HAROT,HAROT 2025-2,Honda Auto Receivables 2025-2 Owner Trust,2025,2,2025-07-15,0.00002603,64628.53000000,2483139372.23000002
HAROT,HAROT 2025-1,Honda Auto Receivables 2025-1 Owner Trust,2025,2,2025-04-21,0.00001925,46770.59000000,2429150798.03000021
HAROT,HAROT 2025-3,Honda Auto Receivables 2025-3 Owner Trust,2025,2,2025-10-21,0.00009841,244371.59000000,2483149121.84000015
HAROT,HAROT 2025-2,Honda Auto Receivables 2025-2 Owner Trust,2025,3,2025-08-15,0.00015717,390284.83000000,2483139372.23000002
HAROT,HAROT 2025-4,Honda Auto Receivables 2025-4 Owner Trust,2025,3,2026-02-17,0.00028490,707456.21000000,2483150001.51999998
HAROT,HAROT 2025-1,Honda Auto Receivables 2025-1 Owner Trust,2025,3,2025-05-21,0.00013085,317846.31000000,2429150798.03000021
HAROT,HAROT 2025-3,Honda Auto Receivables 2025-3 Owner Trust,2025,3,2025-11-21,0.00029946,743607.55000000,2483149121.84000015
HAROT,HAROT 2025-4,Honda Auto Receivables 2025-4 Owner Trust,2025,4,2026-03-16,0.00049947,1240256.27000000,2483150001.51999998
HAROT,HAROT 2025-3,Honda Auto Receivables 2025-3 Owner Trust,2025,4,2025-12-22,0.00054210,1346113.17000000,2483149121.84000015
HAROT,HAROT 2025-2,Honda Auto Receivables 2025-2 Owner Trust,2025,4,2025-09-15,0.00040793,1012947.60000000,2483139372.23000002
HAROT,HAROT 2025-1,Honda Auto Receivables 2025-1 Owner Trust,2025,4,2025-06-23,0.00027658,671864.59000000,2429150798.03000021
HAROT,HAROT 2025-3,Honda Auto Receivables 2025-3 Owner Trust,2025,5,2026-01-21,0.00075819,1882694.38000000,2483149121.84000015
HAROT,HAROT 2025-2,Honda Auto Receivables 2025-2 Owner Trust,2025,5,2025-10-15,0.00059607,1480127.40000000,2483139372.23000002
HAROT,HAROT 2025-4,Honda Auto Receivables 2025-4 Owner Trust,2025,5,2026-04-15,0.00077092,1914306.56000000,2483150001.51999998
HAROT,HAROT 2025-1,Honda Auto Receivables 2025-1 Owner Trust,2025,5,2025-07-21,0.00042755,1038595.02000000,2429150798.03000021
HAROT,HAROT 2025-2,Honda Auto Receivables 2025-2 Owner Trust,2025,6,2025-11-17,0.00080275,1993345.20000000,2483139372.23000002
HAROT,HAROT 2025-4,Honda Auto Receivables 2025-4 Owner Trust,2025,6,2026-05-15,0.00098798,2453291.38000000,2483150001.51999998
HAROT,HAROT 2025-1,Honda Auto Receivables 2025-1 Owner Trust,2025,6,2025-08-21,0.00055275,1342717.21000000,2429150798.03000021
HAROT,HAROT 2025-3,Honda Auto Receivables 2025-3 Owner Trust,2025,6,2026-02-23,0.00089968,2234031.37000000,2483149121.84000015
HAROT,HAROT 2025-1,Honda Auto Receivables 2025-1 Owner Trust,2025,7,2025-09-22,0.00082416,2002010.00000000,2429150798.03000021
HAROT,HAROT 2025-2,Honda Auto Receivables 2025-2 Owner Trust,2025,7,2025-12-15,0.00102901,2555172.33000000,2483139372.23000002
HAROT,HAROT 2025-4,Honda Auto Receivables 2025-4 Owner Trust,2025,7,2026-06-15,0.00113317,2813838.22000000,2483150001.51999998
HAROT,HAROT 2025-3,Honda Auto Receivables 2025-3 Owner Trust,2025,7,2026-03-23,0.00104797,2602254.23000000,2483149121.84000015
HAROT,HAROT 2025-3,Honda Auto Receivables 2025-3 Owner Trust,2025,8,2026-04-21,0.00127116,3156483.53000000,2483149121.84000015
HAROT,HAROT 2025-1,Honda Auto Receivables 2025-1 Owner Trust,2025,8,2025-10-21,0.00099883,2426300.67000000,2429150798.03000021
HAROT,HAROT 2025-4,Honda Auto Receivables 2025-4 Owner Trust,2025,8,2026-07-15,0.00130636,3243877.86000000,2483150001.51999998
HAROT,HAROT 2025-2,Honda Auto Receivables 2025-2 Owner Trust,2025,8,2026-01-15,0.00123285,3061348.49000000,2483139372.23000002
HAROT,HAROT 2025-3,Honda Auto Receivables 2025-3 Owner Trust,2025,9,2026-05-21,0.00141231,3506979.89000000,2483149121.84000015
HAROT,HAROT 2025-2,Honda Auto Receivables 2025-2 Owner Trust,2025,9,2026-02-17,0.00149412,3710117.47000000,2483139372.23000002
HAROT,HAROT 2025-1,Honda Auto Receivables 2025-1 Owner Trust,2025,9,2025-11-21,0.00123173,2992067.03000000,2429150798.03000021
HAROT,HAROT 2025-1,Honda Auto Receivables 2025-1 Owner Trust,2025,10,2025-12-22,0.00144753,3516256.80000000,2429150798.03000021
HAROT,HAROT 2025-3,Honda Auto Receivables 2025-3 Owner Trust,2025,10,2026-06-22,0.00156911,3896327.52000000,2483149121.84000015
HAROT,HAROT 2025-2,Honda Auto Receivables 2025-2 Owner Trust,2025,10,2026-03-16,0.00166142,4125534.99000000,2483139372.23000002
HAROT,HAROT 2025-1,Honda Auto Receivables 2025-1 Owner Trust,2025,11,2026-01-21,0.00155369,3774149.09000000,2429150798.03000021
HAROT,HAROT 2025-3,Honda Auto Receivables 2025-3 Owner Trust,2025,11,2026-07-21,0.00170107,4224005.88000000,2483149121.84000015
HAROT,HAROT 2025-2,Honda Auto Receivables 2025-2 Owner Trust,2025,11,2026-04-15,0.00179053,4446137.48000000,2483139372.23000002
HAROT,HAROT 2025-2,Honda Auto Receivables 2025-2 Owner Trust,2025,12,2026-05-15,0.00194340,4825730.76000000,2483139372.23000002
HAROT,HAROT 2025-1,Honda Auto Receivables 2025-1 Owner Trust,2025,12,2026-02-23,0.00178535,4336889.75000000,2429150798.03000021
HAROT,HAROT 2025-1,Honda Auto Receivables 2025-1 Owner Trust,2025,13,2026-03-23,0.00189158,4594939.86000000,2429150798.03000021
HAROT,HAROT 2025-2,Honda Auto Receivables 2025-2 Owner Trust,2025,13,2026-06-15,0.00201753,5009799.92000000,2483139372.23000002
HAROT,HAROT 2025-2,Honda Auto Receivables 2025-2 Owner Trust,2025,14,2026-07-15,0.00218028,5413930.02000000,2483139372.23000002
HAROT,HAROT 2025-1,Honda Auto Receivables 2025-1 Owner Trust,2025,14,2026-04-21,0.00198319,4817471.22000000,2429150798.03000021
HAROT,HAROT 2025-1,Honda Auto Receivables 2025-1 Owner Trust,2025,15,2026-05-21,0.00206602,5018681.69000000,2429150798.03000021
HAROT,HAROT 2025-1,Honda Auto Receivables 2025-1 Owner Trust,2025,16,2026-06-22,0.00213021,5174595.18000000,2429150798.03000021
HAROT,HAROT 2025-1,Honda Auto Receivables 2025-1 Owner Trust,2025,17,2026-07-21,0.00225264,5471995.78000000,2429150798.03000021
HAROT,HAROT 2026-1,Honda Auto Receivables 2026-1 Owner Trust,2026,1,2026-03-23,0.00000662,16448.01000000,2483131904.21000004
HAROT,HAROT 2026-1,Honda Auto Receivables 2026-1 Owner Trust,2026,2,2026-04-21,0.00003676,91271.84000000,2483131904.21000004
HAROT,HAROT 2026-1,Honda Auto Receivables 2026-1 Owner Trust,2026,3,2026-05-21,0.00015967,396475.82000000,2483131904.21000004
HAROT,HAROT 2026-1,Honda Auto Receivables 2026-1 Owner Trust,2026,4,2026-06-22,0.00034166,848391.15000000,2483131904.21000004
HAROT,HAROT 2026-1,Honda Auto Receivables 2026-1 Owner Trust,2026,5,2026-07-21,0.00052875,1312966.55000000,2483131904.21000004
