series,reporting_date,vintage_month,fico_low,fico_high,loan_count_current,loan_count_30_59,loan_count_60_plus,balance
World Omni Select Auto Trust 2019-A,2020-01-31,5,420,430,1,0,0,18409.32
World Omni Select Auto Trust 2019-A,2020-01-31,5,430,440,2,0,0,45242.81
World Omni Select Auto Trust 2019-A,2020-01-31,5,440,450,2,1,1,87543.29000000001
World Omni Select Auto Trust 2019-A,2020-01-31,5,450,460,6,2,1,152271.09
World Omni Select Auto Trust 2019-A,2020-01-31,5,460,470,9,0,0,93075.87
World Omni Select Auto Trust 2019-A,2020-01-31,5,470,480,7,2,0,153586.88
World Omni Select Auto Trust 2019-A,2020-01-31,5,480,490,17,1,1,393699.76
World Omni Select Auto Trust 2019-A,2020-01-31,5,490,500,29,2,2,595933.6900000001
World Omni Select Auto Trust 2019-A,2020-01-31,5,500,510,53,9,3,1178363.5000000002
World Omni Select Auto Trust 2019-A,2020-01-31,5,510,520,97,8,3,1901820.5900000003
World Omni Select Auto Trust 2019-A,2020-01-31,5,520,530,116,10,4,2422344.3200000003
World Omni Select Auto Trust 2019-A,2020-01-31,5,530,540,135,9,8,2922981.46
World Omni Select Auto Trust 2019-A,2020-01-31,5,540,550,264,27,6,5979214.17
World Omni Select Auto Trust 2019-A,2020-01-31,5,550,560,267,25,11,6011882.029999998
World Omni Select Auto Trust 2019-A,2020-01-31,5,560,570,331,40,7,7677843.490000002
World Omni Select Auto Trust 2019-A,2020-01-31,5,570,580,603,38,15,14269115.769999994
World Omni Select Auto Trust 2019-A,2020-01-31,5,580,590,1444,115,34,37448060.540000014
World Omni Select Auto Trust 2019-A,2020-01-31,5,590,600,1763,120,54,45290404.86000002
World Omni Select Auto Trust 2019-A,2020-01-31,5,600,610,1992,117,45,50710372.129999936
World Omni Select Auto Trust 2019-A,2020-01-31,5,610,620,2068,100,37,52411467.379999965
World Omni Select Auto Trust 2019-A,2020-01-31,5,620,630,2750,124,51,69262544.65
World Omni Select Auto Trust 2019-A,2020-01-31,5,630,640,2524,118,43,63315332.269999966
World Omni Select Auto Trust 2019-A,2020-01-31,5,640,650,3017,99,41,75735526.69000003
World Omni Select Auto Trust 2019-A,2020-01-31,5,650,660,419,11,9,9467272.82
World Omni Select Auto Trust 2019-A,2020-01-31,5,660,670,456,21,4,11542637.010000002
World Omni Select Auto Trust 2019-A,2020-01-31,5,670,680,397,11,4,9685654.719999997
World Omni Select Auto Trust 2019-A,2020-01-31,5,680,690,409,9,5,9564388.760000002
World Omni Select Auto Trust 2019-A,2020-01-31,5,690,700,425,9,3,9754975.900000006
World Omni Select Auto Trust 2019-A,2020-01-31,5,700,710,657,16,5,15888995.660000004
World Omni Select Auto Trust 2019-A,2020-01-31,5,710,720,508,10,1,12590789.020000003
World Omni Select Auto Trust 2019-A,2020-01-31,5,720,730,680,7,4,17840000.800000004
World Omni Select Auto Trust 2019-A,2020-01-31,5,730,740,620,8,1,17108436.96
World Omni Select Auto Trust 2019-A,2020-01-31,5,740,750,511,3,4,13394372.54
World Omni Select Auto Trust 2019-A,2020-01-31,5,750,760,501,8,2,12992824.79
World Omni Select Auto Trust 2019-A,2020-01-31,5,760,770,399,2,0,10328454.75
World Omni Select Auto Trust 2019-A,2020-01-31,5,770,780,402,2,1,10399450.93
World Omni Select Auto Trust 2019-A,2020-01-31,5,780,790,349,2,2,8473944.830000002
World Omni Select Auto Trust 2019-A,2020-01-31,5,790,800,324,3,1,8067597.18
World Omni Select Auto Trust 2019-A,2020-01-31,5,800,810,288,1,1,7128522.140000004
World Omni Select Auto Trust 2019-A,2020-01-31,5,810,820,266,1,1,6529626.0
World Omni Select Auto Trust 2019-A,2020-01-31,5,820,830,227,0,0,5366246.080000001
World Omni Select Auto Trust 2019-A,2020-01-31,5,830,840,210,1,0,4823517.819999998
World Omni Select Auto Trust 2019-A,2020-01-31,5,840,850,189,0,0,4679936.000000001
World Omni Select Auto Trust 2019-A,2020-01-31,5,850,860,176,1,0,4023068.2700000005
World Omni Select Auto Trust 2019-A,2020-01-31,5,860,870,100,0,0,2253400.9400000004
World Omni Select Auto Trust 2019-A,2020-01-31,5,870,880,49,1,0,1257575.35
World Omni Select Auto Trust 2019-A,2020-01-31,5,880,890,9,0,0,153595.16999999998
World Omni Select Auto Trust 2019-A,2020-01-31,5,890,900,2,0,0,38516.0
World Omni Select Auto Trust 2019-A,2021-01-31,17,420,430,1,0,0,17938.36
World Omni Select Auto Trust 2019-A,2021-01-31,17,430,440,2,0,0,40475.94
World Omni Select Auto Trust 2019-A,2021-01-31,17,440,450,1,0,0,21117.68
World Omni Select Auto Trust 2019-A,2021-01-31,17,450,460,6,1,0,103551.84
World Omni Select Auto Trust 2019-A,2021-01-31,17,460,470,5,0,0,45679.649999999994
World Omni Select Auto Trust 2019-A,2021-01-31,17,470,480,3,1,1,88469.72
World Omni Select Auto Trust 2019-A,2021-01-31,17,480,490,11,1,0,228197.57999999996
World Omni Select Auto Trust 2019-A,2021-01-31,17,490,500,17,4,2,354549.38
World Omni Select Auto Trust 2019-A,2021-01-31,17,500,510,35,5,0,649205.72
World Omni Select Auto Trust 2019-A,2021-01-31,17,510,520,68,6,2,1253796.9600000002
World Omni Select Auto Trust 2019-A,2021-01-31,17,520,530,76,7,1,1527366.6300000006
World Omni Select Auto Trust 2019-A,2021-01-31,17,530,540,96,8,4,1910277.1099999996
World Omni Select Auto Trust 2019-A,2021-01-31,17,540,550,167,20,10,3561794.6099999994
World Omni Select Auto Trust 2019-A,2021-01-31,17,550,560,148,17,7,3180207.660000002
World Omni Select Auto Trust 2019-A,2021-01-31,17,560,570,217,20,6,4556834.900000002
World Omni Select Auto Trust 2019-A,2021-01-31,17,570,580,368,32,9,8040702.039999994
World Omni Select Auto Trust 2019-A,2021-01-31,17,580,590,931,88,38,22561025.599999998
World Omni Select Auto Trust 2019-A,2021-01-31,17,590,600,1153,95,33,27282068.28999999
World Omni Select Auto Trust 2019-A,2021-01-31,17,600,610,1319,92,24,30463953.059999987
World Omni Select Auto Trust 2019-A,2021-01-31,17,610,620,1321,85,28,30914910.229999967
World Omni Select Auto Trust 2019-A,2021-01-31,17,620,630,1842,82,43,41758606.44999994
World Omni Select Auto Trust 2019-A,2021-01-31,17,630,640,1681,83,31,38199644.98999998
World Omni Select Auto Trust 2019-A,2021-01-31,17,640,650,1965,94,29,45201344.86999997
World Omni Select Auto Trust 2019-A,2021-01-31,17,650,660,270,11,5,5251243.76
World Omni Select Auto Trust 2019-A,2021-01-31,17,660,670,312,14,5,6944701.029999996
World Omni Select Auto Trust 2019-A,2021-01-31,17,670,680,280,11,5,6175600.159999996
World Omni Select Auto Trust 2019-A,2021-01-31,17,680,690,319,5,2,6495297.67
World Omni Select Auto Trust 2019-A,2021-01-31,17,690,700,306,8,3,6386650.000000001
World Omni Select Auto Trust 2019-A,2021-01-31,17,700,710,489,7,2,10156718.229999997
World Omni Select Auto Trust 2019-A,2021-01-31,17,710,720,383,7,4,8107941.89
World Omni Select Auto Trust 2019-A,2021-01-31,17,720,730,534,8,4,11974228.440000007
World Omni Select Auto Trust 2019-A,2021-01-31,17,730,740,488,6,1,11439242.68
World Omni Select Auto Trust 2019-A,2021-01-31,17,740,750,397,6,2,8967185.409999996
World Omni Select Auto Trust 2019-A,2021-01-31,17,750,760,401,6,0,8814939.1
World Omni Select Auto Trust 2019-A,2021-01-31,17,760,770,291,1,2,6688753.890000002
World Omni Select Auto Trust 2019-A,2021-01-31,17,770,780,319,3,1,7067032.459999997
World Omni Select Auto Trust 2019-A,2021-01-31,17,780,790,255,1,2,5258240.300000003
World Omni Select Auto Trust 2019-A,2021-01-31,17,790,800,263,1,0,5659267.550000001
World Omni Select Auto Trust 2019-A,2021-01-31,17,800,810,229,1,1,4858844.5
World Omni Select Auto Trust 2019-A,2021-01-31,17,810,820,219,0,0,4541177.710000001
World Omni Select Auto Trust 2019-A,2021-01-31,17,820,830,178,1,1,3686330.7699999996
World Omni Select Auto Trust 2019-A,2021-01-31,17,830,840,162,1,0,3036196.659999999
World Omni Select Auto Trust 2019-A,2021-01-31,17,840,850,162,0,0,3403025.4700000016
World Omni Select Auto Trust 2019-A,2021-01-31,17,850,860,145,1,0,2706059.17
World Omni Select Auto Trust 2019-A,2021-01-31,17,860,870,79,0,1,1521122.7600000002
World Omni Select Auto Trust 2019-A,2021-01-31,17,870,880,45,1,0,1017392.64
World Omni Select Auto Trust 2019-A,2021-01-31,17,880,890,8,0,0,109269.44
World Omni Select Auto Trust 2019-A,2021-01-31,17,890,900,2,0,0,29852.72
World Omni Select Auto Trust 2019-A,2022-01-31,29,420,430,1,0,0,15799.06
World Omni Select Auto Trust 2019-A,2022-01-31,29,430,440,2,0,0,34283.729999999996
World Omni Select Auto Trust 2019-A,2022-01-31,29,450,460,3,1,0,41826.08
World Omni Select Auto Trust 2019-A,2022-01-31,29,460,470,1,1,0,30577.29
World Omni Select Auto Trust 2019-A,2022-01-31,29,470,480,2,1,0,49163.58
World Omni Select Auto Trust 2019-A,2022-01-31,29,480,490,8,1,0,152757.51
World Omni Select Auto Trust 2019-A,2022-01-31,29,490,500,12,1,1,180701.76
World Omni Select Auto Trust 2019-A,2022-01-31,29,500,510,19,5,1,333566.11000000004
World Omni Select Auto Trust 2019-A,2022-01-31,29,510,520,40,6,1,661824.54
World Omni Select Auto Trust 2019-A,2022-01-31,29,520,530,46,7,5,867668.0299999997
World Omni Select Auto Trust 2019-A,2022-01-31,29,530,540,57,8,5,1034555.29
World Omni Select Auto Trust 2019-A,2022-01-31,29,540,550,98,14,6,1849954.81
World Omni Select Auto Trust 2019-A,2022-01-31,29,550,560,89,13,7,1719778.3899999997
World Omni Select Auto Trust 2019-A,2022-01-31,29,560,570,125,22,5,2479048.6200000006
World Omni Select Auto Trust 2019-A,2022-01-31,29,570,580,231,25,13,4468267.550000001
World Omni Select Auto Trust 2019-A,2022-01-31,29,580,590,566,62,25,11626936.589999992
World Omni Select Auto Trust 2019-A,2022-01-31,29,590,600,689,73,29,13981934.54999998
World Omni Select Auto Trust 2019-A,2022-01-31,29,600,610,807,87,23,16301143.94999999
World Omni Select Auto Trust 2019-A,2022-01-31,29,610,620,808,75,21,15910893.100000015
World Omni Select Auto Trust 2019-A,2022-01-31,29,620,630,1114,98,27,21706224.56999998
World Omni Select Auto Trust 2019-A,2022-01-31,29,630,640,1049,55,22,19631793.400000017
World Omni Select Auto Trust 2019-A,2022-01-31,29,640,650,1227,72,23,23467056.920000028
World Omni Select Auto Trust 2019-A,2022-01-31,29,650,660,173,6,5,2810587.5899999994
World Omni Select Auto Trust 2019-A,2022-01-31,29,660,670,209,7,2,3816237.639999998
World Omni Select Auto Trust 2019-A,2022-01-31,29,670,680,185,9,4,3335710.8899999997
World Omni Select Auto Trust 2019-A,2022-01-31,29,680,690,199,7,4,3341205.7300000004
World Omni Select Auto Trust 2019-A,2022-01-31,29,690,700,201,3,5,3330336.18
World Omni Select Auto Trust 2019-A,2022-01-31,29,700,710,327,11,6,5551420.110000001
World Omni Select Auto Trust 2019-A,2022-01-31,29,710,720,275,6,6,4738859.290000001
World Omni Select Auto Trust 2019-A,2022-01-31,29,720,730,373,13,1,6759662.639999998
World Omni Select Auto Trust 2019-A,2022-01-31,29,730,740,338,9,1,6271875.369999999
World Omni Select Auto Trust 2019-A,2022-01-31,29,740,750,277,8,1,5102706.080000002
World Omni Select Auto Trust 2019-A,2022-01-31,29,750,760,283,5,1,4918723.2
World Omni Select Auto Trust 2019-A,2022-01-31,29,760,770,221,2,0,3960959.98
World Omni Select Auto Trust 2019-A,2022-01-31,29,770,780,238,1,0,4198196.630000003
World Omni Select Auto Trust 2019-A,2022-01-31,29,780,790,179,2,1,2844297.0099999993
World Omni Select Auto Trust 2019-A,2022-01-31,29,790,800,172,2,1,3020463.6599999997
World Omni Select Auto Trust 2019-A,2022-01-31,29,800,810,162,1,0,2802372.09
World Omni Select Auto Trust 2019-A,2022-01-31,29,810,820,149,2,0,2539018.37
World Omni Select Auto Trust 2019-A,2022-01-31,29,820,830,132,1,0,2247751.610000001
World Omni Select Auto Trust 2019-A,2022-01-31,29,830,840,122,1,0,1804135.7899999993
World Omni Select Auto Trust 2019-A,2022-01-31,29,840,850,112,2,0,1921168.9400000009
World Omni Select Auto Trust 2019-A,2022-01-31,29,850,860,113,0,0,1690244.5500000005
World Omni Select Auto Trust 2019-A,2022-01-31,29,860,870,57,0,0,881345.7999999998
World Omni Select Auto Trust 2019-A,2022-01-31,29,870,880,34,0,0,573893.66
World Omni Select Auto Trust 2019-A,2022-01-31,29,880,890,6,0,0,55815.11
World Omni Select Auto Trust 2019-A,2022-01-31,29,890,900,1,0,0,9099.98
World Omni Select Auto Trust 2019-A,2023-01-31,41,430,440,1,0,0,16020.87
World Omni Select Auto Trust 2019-A,2023-01-31,41,450,460,2,0,0,23413.73
World Omni Select Auto Trust 2019-A,2023-01-31,41,460,470,1,1,0,24099.96
World Omni Select Auto Trust 2019-A,2023-01-31,41,470,480,1,1,0,22834.58
World Omni Select Auto Trust 2019-A,2023-01-31,41,480,490,6,1,1,109650.51999999999
World Omni Select Auto Trust 2019-A,2023-01-31,41,490,500,6,3,1,109465.68
World Omni Select Auto Trust 2019-A,2023-01-31,41,500,510,10,5,0,179007.83000000002
World Omni Select Auto Trust 2019-A,2023-01-31,41,510,520,20,8,1,304247.86999999994
World Omni Select Auto Trust 2019-A,2023-01-31,41,520,530,34,2,4,448308.00000000006
World Omni Select Auto Trust 2019-A,2023-01-31,41,530,540,40,6,6,584963.7999999999
World Omni Select Auto Trust 2019-A,2023-01-31,41,540,550,69,15,3,1120195.2599999998
World Omni Select Auto Trust 2019-A,2023-01-31,41,550,560,58,12,1,871075.03
World Omni Select Auto Trust 2019-A,2023-01-31,41,560,570,92,19,6,1465788.2099999995
World Omni Select Auto Trust 2019-A,2023-01-31,41,570,580,157,26,7,2445540.989999999
World Omni Select Auto Trust 2019-A,2023-01-31,41,580,590,385,53,17,6159676.530000001
World Omni Select Auto Trust 2019-A,2023-01-31,41,590,600,477,63,16,7409157.7600000035
World Omni Select Auto Trust 2019-A,2023-01-31,41,600,610,533,58,26,8437524.939999992
World Omni Select Auto Trust 2019-A,2023-01-31,41,610,620,558,52,21,8452548.960000005
World Omni Select Auto Trust 2019-A,2023-01-31,41,620,630,803,66,27,11700959.61999999
World Omni Select Auto Trust 2019-A,2023-01-31,41,630,640,728,49,17,10343520.08000001
World Omni Select Auto Trust 2019-A,2023-01-31,41,640,650,883,57,24,12707559.989999989
World Omni Select Auto Trust 2019-A,2023-01-31,41,650,660,118,3,5,1410061.23
World Omni Select Auto Trust 2019-A,2023-01-31,41,660,670,134,12,3,1990454.6399999994
World Omni Select Auto Trust 2019-A,2023-01-31,41,670,680,134,7,0,1749073.29
World Omni Select Auto Trust 2019-A,2023-01-31,41,680,690,147,9,4,1854611.15
World Omni Select Auto Trust 2019-A,2023-01-31,41,690,700,129,9,4,1632282.4799999997
World Omni Select Auto Trust 2019-A,2023-01-31,41,700,710,250,7,4,3077443.6000000006
World Omni Select Auto Trust 2019-A,2023-01-31,41,710,720,203,10,3,2680241.570000001
World Omni Select Auto Trust 2019-A,2023-01-31,41,720,730,289,7,3,3899002.27
World Omni Select Auto Trust 2019-A,2023-01-31,41,730,740,245,6,0,3320429.900000001
World Omni Select Auto Trust 2019-A,2023-01-31,41,740,750,204,2,3,2758752.52
World Omni Select Auto Trust 2019-A,2023-01-31,41,750,760,212,5,0,2744440.4100000006
World Omni Select Auto Trust 2019-A,2023-01-31,41,760,770,167,5,2,2356286.7099999995
World Omni Select Auto Trust 2019-A,2023-01-31,41,770,780,183,4,1,2535259.1499999985
World Omni Select Auto Trust 2019-A,2023-01-31,41,780,790,140,0,0,1528837.5300000005
World Omni Select Auto Trust 2019-A,2023-01-31,41,790,800,134,1,0,1740573.7200000002
World Omni Select Auto Trust 2019-A,2023-01-31,41,800,810,121,4,0,1587714.6299999997
World Omni Select Auto Trust 2019-A,2023-01-31,41,810,820,112,3,1,1390589.54
World Omni Select Auto Trust 2019-A,2023-01-31,41,820,830,99,2,1,1249643.1900000002
World Omni Select Auto Trust 2019-A,2023-01-31,41,830,840,84,2,0,921386.3400000003
World Omni Select Auto Trust 2019-A,2023-01-31,41,840,850,92,0,0,1152264.2
World Omni Select Auto Trust 2019-A,2023-01-31,41,850,860,88,1,0,1011077.4699999999
World Omni Select Auto Trust 2019-A,2023-01-31,41,860,870,46,0,0,494772.29000000004
World Omni Select Auto Trust 2019-A,2023-01-31,41,870,880,28,0,0,358110.62000000005
World Omni Select Auto Trust 2019-A,2023-01-31,41,880,890,5,0,0,38262.49
World Omni Select Auto Trust 2019-A,2023-01-31,41,890,900,1,0,0,6073.1
World Omni Select Auto Trust 2019-A,2021-02-28,18,420,430,1,0,0,17800.23
World Omni Select Auto Trust 2019-A,2021-02-28,18,430,440,2,0,0,40149.71000000001
World Omni Select Auto Trust 2019-A,2021-02-28,18,440,450,1,0,0,21117.68
World Omni Select Auto Trust 2019-A,2021-02-28,18,450,460,6,1,0,102259.37000000001
World Omni Select Auto Trust 2019-A,2021-02-28,18,460,470,5,0,0,44439.19
World Omni Select Auto Trust 2019-A,2021-02-28,18,470,480,3,1,1,87548.25
World Omni Select Auto Trust 2019-A,2021-02-28,18,480,490,9,2,0,204016.76
World Omni Select Auto Trust 2019-A,2021-02-28,18,490,500,17,2,3,317794.38
World Omni Select Auto Trust 2019-A,2021-02-28,18,500,510,34,4,1,615181.9800000001
World Omni Select Auto Trust 2019-A,2021-02-28,18,510,520,62,5,2,1169990.7
World Omni Select Auto Trust 2019-A,2021-02-28,18,520,530,73,6,2,1431512.8699999999
World Omni Select Auto Trust 2019-A,2021-02-28,18,530,540,92,8,6,1850109.28
World Omni Select Auto Trust 2019-A,2021-02-28,18,540,550,148,22,13,3318993.710000002
World Omni Select Auto Trust 2019-A,2021-02-28,18,550,560,134,25,5,2983812.08
World Omni Select Auto Trust 2019-A,2021-02-28,18,560,570,204,26,4,4397263.799999999
World Omni Select Auto Trust 2019-A,2021-02-28,18,570,580,353,35,8,7771308.270000002
World Omni Select Auto Trust 2019-A,2021-02-28,18,580,590,899,87,39,21612476.4
World Omni Select Auto Trust 2019-A,2021-02-28,18,590,600,1108,88,37,25904194.64999999
World Omni Select Auto Trust 2019-A,2021-02-28,18,600,610,1253,83,37,28799284.320000023
World Omni Select Auto Trust 2019-A,2021-02-28,18,610,620,1271,89,31,29722316.04
World Omni Select Auto Trust 2019-A,2021-02-28,18,620,630,1761,99,33,39835208.92000003
World Omni Select Auto Trust 2019-A,2021-02-28,18,630,640,1631,80,34,36713303.20999995
World Omni Select Auto Trust 2019-A,2021-02-28,18,640,650,1902,87,29,43258559.599999994
World Omni Select Auto Trust 2019-A,2021-02-28,18,650,660,262,11,5,5050852.8
World Omni Select Auto Trust 2019-A,2021-02-28,18,660,670,306,10,4,6652961.59
World Omni Select Auto Trust 2019-A,2021-02-28,18,670,680,261,14,7,5820960.8500000015
World Omni Select Auto Trust 2019-A,2021-02-28,18,680,690,310,7,1,6224202.910000002
World Omni Select Auto Trust 2019-A,2021-02-28,18,690,700,300,8,2,6175974.0600000005
World Omni Select Auto Trust 2019-A,2021-02-28,18,700,710,477,13,0,9865213.299999999
World Omni Select Auto Trust 2019-A,2021-02-28,18,710,720,383,4,2,7908403.709999999
World Omni Select Auto Trust 2019-A,2021-02-28,18,720,730,526,8,3,11606261.780000001
World Omni Select Auto Trust 2019-A,2021-02-28,18,730,740,476,6,3,10958178.380000005
World Omni Select Auto Trust 2019-A,2021-02-28,18,740,750,389,5,2,8596452.04
World Omni Select Auto Trust 2019-A,2021-02-28,18,750,760,396,5,1,8579909.790000005
World Omni Select Auto Trust 2019-A,2021-02-28,18,760,770,284,3,1,6469985.31
World Omni Select Auto Trust 2019-A,2021-02-28,18,770,780,306,1,3,6736394.599999999
World Omni Select Auto Trust 2019-A,2021-02-28,18,780,790,252,0,1,5052999.450000002
World Omni Select Auto Trust 2019-A,2021-02-28,18,790,800,253,2,1,5439831.73
World Omni Select Auto Trust 2019-A,2021-02-28,18,800,810,225,1,0,4683706.640000002
World Omni Select Auto Trust 2019-A,2021-02-28,18,810,820,212,0,0,4304913.269999998
World Omni Select Auto Trust 2019-A,2021-02-28,18,820,830,178,0,1,3598324.489999999
World Omni Select Auto Trust 2019-A,2021-02-28,18,830,840,159,1,0,2915127.1500000004
World Omni Select Auto Trust 2019-A,2021-02-28,18,840,850,157,1,0,3289099.0100000002
World Omni Select Auto Trust 2019-A,2021-02-28,18,850,860,140,0,1,2566052.9000000004
World Omni Select Auto Trust 2019-A,2021-02-28,18,860,870,75,1,0,1418632.5500000003
World Omni Select Auto Trust 2019-A,2021-02-28,18,870,880,43,2,0,978300.5399999998
World Omni Select Auto Trust 2019-A,2021-02-28,18,880,890,7,0,0,105274.12
World Omni Select Auto Trust 2019-A,2021-02-28,18,890,900,2,0,0,29351.37
World Omni Select Auto Trust 2019-A,2022-02-28,30,420,430,1,0,0,15596.17
World Omni Select Auto Trust 2019-A,2022-02-28,30,430,440,1,1,0,34180.630000000005
World Omni Select Auto Trust 2019-A,2022-02-28,30,450,460,2,1,0,39918.880000000005
World Omni Select Auto Trust 2019-A,2022-02-28,30,460,470,1,1,0,29909.35
World Omni Select Auto Trust 2019-A,2022-02-28,30,470,480,3,0,0,48159.450000000004
World Omni Select Auto Trust 2019-A,2022-02-28,30,480,490,6,2,0,135649.39
World Omni Select Auto Trust 2019-A,2022-02-28,30,490,500,12,2,0,176731.31000000003
World Omni Select Auto Trust 2019-A,2022-02-28,30,500,510,20,2,2,313024.17
World Omni Select Auto Trust 2019-A,2022-02-28,30,510,520,41,5,0,611942.1099999999
World Omni Select Auto Trust 2019-A,2022-02-28,30,520,530,45,9,4,854011.5599999998
World Omni Select Auto Trust 2019-A,2022-02-28,30,530,540,59,7,3,1005189.2200000001
World Omni Select Auto Trust 2019-A,2022-02-28,30,540,550,96,16,4,1798683.8799999992
World Omni Select Auto Trust 2019-A,2022-02-28,30,550,560,83,14,5,1568285.7000000002
World Omni Select Auto Trust 2019-A,2022-02-28,30,560,570,125,20,5,2405880.87
World Omni Select Auto Trust 2019-A,2022-02-28,30,570,580,219,30,6,4189549.8900000025
World Omni Select Auto Trust 2019-A,2022-02-28,30,580,590,561,54,19,11069738.579999998
World Omni Select Auto Trust 2019-A,2022-02-28,30,590,600,678,68,17,13240814.280000012
World Omni Select Auto Trust 2019-A,2022-02-28,30,600,610,809,57,29,15583470.130000006
World Omni Select Auto Trust 2019-A,2022-02-28,30,610,620,802,66,14,15227291.880000006
World Omni Select Auto Trust 2019-A,2022-02-28,30,620,630,1108,71,32,20784075.089999985
World Omni Select Auto Trust 2019-A,2022-02-28,30,630,640,1011,57,22,18578665.600000016
World Omni Select Auto Trust 2019-A,2022-02-28,30,640,650,1202,60,24,22302958.71999996
World Omni Select Auto Trust 2019-A,2022-02-28,30,650,660,165,10,3,2632843.3999999994
World Omni Select Auto Trust 2019-A,2022-02-28,30,660,670,203,6,2,3620618.300000002
World Omni Select Auto Trust 2019-A,2022-02-28,30,670,680,181,6,5,3160712.8800000004
World Omni Select Auto Trust 2019-A,2022-02-28,30,680,690,198,6,2,3194185.2599999993
World Omni Select Auto Trust 2019-A,2022-02-28,30,690,700,193,3,3,3076524.5
World Omni Select Auto Trust 2019-A,2022-02-28,30,700,710,325,7,4,5288470.379999998
World Omni Select Auto Trust 2019-A,2022-02-28,30,710,720,270,5,4,4481584.43
World Omni Select Auto Trust 2019-A,2022-02-28,30,720,730,364,11,3,6495743.2799999975
World Omni Select Auto Trust 2019-A,2022-02-28,30,730,740,332,6,1,5938310.77
World Omni Select Auto Trust 2019-A,2022-02-28,30,740,750,267,8,3,4817860.92
World Omni Select Auto Trust 2019-A,2022-02-28,30,750,760,278,3,1,4714061.629999999
World Omni Select Auto Trust 2019-A,2022-02-28,30,760,770,220,2,0,3863997.009999998
World Omni Select Auto Trust 2019-A,2022-02-28,30,770,780,230,3,0,4026386.259999999
World Omni Select Auto Trust 2019-A,2022-02-28,30,780,790,179,0,2,2752639.520000002
World Omni Select Auto Trust 2019-A,2022-02-28,30,790,800,168,3,0,2911661.809999999
World Omni Select Auto Trust 2019-A,2022-02-28,30,800,810,156,2,0,2716203.4699999997
World Omni Select Auto Trust 2019-A,2022-02-28,30,810,820,146,1,1,2451593.3299999996
World Omni Select Auto Trust 2019-A,2022-02-28,30,820,830,129,1,0,2163538.2799999993
World Omni Select Auto Trust 2019-A,2022-02-28,30,830,840,119,0,0,1737229.5500000003
World Omni Select Auto Trust 2019-A,2022-02-28,30,840,850,109,1,0,1802926.4600000002
World Omni Select Auto Trust 2019-A,2022-02-28,30,850,860,109,0,0,1594577.3799999997
World Omni Select Auto Trust 2019-A,2022-02-28,30,860,870,56,0,0,847648.1100000001
World Omni Select Auto Trust 2019-A,2022-02-28,30,870,880,34,0,0,561047.65
World Omni Select Auto Trust 2019-A,2022-02-28,30,880,890,5,1,0,54552.869999999995
World Omni Select Auto Trust 2019-A,2022-02-28,30,890,900,1,0,0,9099.98
World Omni Select Auto Trust 2019-A,2023-02-28,42,430,440,1,0,0,15670.39
World Omni Select Auto Trust 2019-A,2023-02-28,42,450,460,2,0,0,22881.53
World Omni Select Auto Trust 2019-A,2023-02-28,42,460,470,1,1,0,23420.690000000002
World Omni Select Auto Trust 2019-A,2023-02-28,42,470,480,1,1,0,21616.98
World Omni Select Auto Trust 2019-A,2023-02-28,42,480,490,7,1,0,106682.66
World Omni Select Auto Trust 2019-A,2023-02-28,42,490,500,5,4,1,106554.95999999999
World Omni Select Auto Trust 2019-A,2023-02-28,42,500,510,9,4,1,171882.85
World Omni Select Auto Trust 2019-A,2023-02-28,42,510,520,23,6,0,293611.43
World Omni Select Auto Trust 2019-A,2023-02-28,42,520,530,33,2,2,400838.1600000001
World Omni Select Auto Trust 2019-A,2023-02-28,42,530,540,41,7,3,549398.83
World Omni Select Auto Trust 2019-A,2023-02-28,42,540,550,69,12,4,1068646.35
World Omni Select Auto Trust 2019-A,2023-02-28,42,550,560,53,13,2,821511.49
World Omni Select Auto Trust 2019-A,2023-02-28,42,560,570,90,16,7,1381289.2600000002
World Omni Select Auto Trust 2019-A,2023-02-28,42,570,580,152,26,7,2330488.4899999993
World Omni Select Auto Trust 2019-A,2023-02-28,42,580,590,383,46,15,5860985.9
World Omni Select Auto Trust 2019-A,2023-02-28,42,590,600,485,44,19,7118163.699999993
World Omni Select Auto Trust 2019-A,2023-02-28,42,600,610,527,53,18,7955161.8199999975
World Omni Select Auto Trust 2019-A,2023-02-28,42,610,620,558,50,14,8107295.519999995
World Omni Select Auto Trust 2019-A,2023-02-28,42,620,630,779,74,16,10984377.810000008
World Omni Select Auto Trust 2019-A,2023-02-28,42,630,640,703,55,16,9789806.170000006
World Omni Select Auto Trust 2019-A,2023-02-28,42,640,650,881,52,15,12117891.259999989
World Omni Select Auto Trust 2019-A,2023-02-28,42,650,660,115,5,3,1339779.72
World Omni Select Auto Trust 2019-A,2023-02-28,42,660,670,138,10,0,1901582.8200000008
World Omni Select Auto Trust 2019-A,2023-02-28,42,670,680,133,4,3,1695950.4300000009
World Omni Select Auto Trust 2019-A,2023-02-28,42,680,690,151,4,4,1772918.0099999995
World Omni Select Auto Trust 2019-A,2023-02-28,42,690,700,133,6,1,1568736.16
World Omni Select Auto Trust 2019-A,2023-02-28,42,700,710,245,7,2,2902958.8199999975
World Omni Select Auto Trust 2019-A,2023-02-28,42,710,720,203,6,3,2552220.0200000023
World Omni Select Auto Trust 2019-A,2023-02-28,42,720,730,281,6,3,3698814.0800000024
World Omni Select Auto Trust 2019-A,2023-02-28,42,730,740,238,4,0,3084454.2400000007
World Omni Select Auto Trust 2019-A,2023-02-28,42,740,750,198,5,2,2630078.410000001
World Omni Select Auto Trust 2019-A,2023-02-28,42,750,760,207,2,0,2554714.9499999993
World Omni Select Auto Trust 2019-A,2023-02-28,42,760,770,167,5,1,2265289.2300000004
World Omni Select Auto Trust 2019-A,2023-02-28,42,770,780,178,5,0,2394031.8099999996
World Omni Select Auto Trust 2019-A,2023-02-28,42,780,790,137,2,0,1479472.8600000006
World Omni Select Auto Trust 2019-A,2023-02-28,42,790,800,130,2,0,1646005.7099999997
World Omni Select Auto Trust 2019-A,2023-02-28,42,800,810,122,2,0,1529584.6900000002
World Omni Select Auto Trust 2019-A,2023-02-28,42,810,820,114,0,2,1345996.0699999998
World Omni Select Auto Trust 2019-A,2023-02-28,42,820,830,100,0,0,1172650.1499999997
World Omni Select Auto Trust 2019-A,2023-02-28,42,830,840,83,1,0,862970.6800000004
World Omni Select Auto Trust 2019-A,2023-02-28,42,840,850,92,0,0,1115489.5799999998
World Omni Select Auto Trust 2019-A,2023-02-28,42,850,860,87,0,1,970719.9599999998
World Omni Select Auto Trust 2019-A,2023-02-28,42,860,870,42,0,0,450466.59000000014
World Omni Select Auto Trust 2019-A,2023-02-28,42,870,880,27,1,0,346202.23000000004
World Omni Select Auto Trust 2019-A,2023-02-28,42,880,890,5,0,0,36936.74
World Omni Select Auto Trust 2019-A,2023-02-28,42,890,900,1,0,0,6073.1
World Omni Select Auto Trust 2019-A,2020-02-29,6,420,430,1,0,0,18339.81
World Omni Select Auto Trust 2019-A,2020-02-29,6,430,440,2,0,0,44276.33
World Omni Select Auto Trust 2019-A,2020-02-29,6,440,450,1,1,1,76344.38
World Omni Select Auto Trust 2019-A,2020-02-29,6,450,460,7,1,1,150010.06
World Omni Select Auto Trust 2019-A,2020-02-29,6,460,470,9,0,0,90399.17000000001
World Omni Select Auto Trust 2019-A,2020-02-29,6,470,480,9,0,0,151477.06999999998
World Omni Select Auto Trust 2019-A,2020-02-29,6,480,490,17,1,0,370440.0399999999
World Omni Select Auto Trust 2019-A,2020-02-29,6,490,500,30,2,0,584311.7000000001
World Omni Select Auto Trust 2019-A,2020-02-29,6,500,510,56,4,4,1141006.06
World Omni Select Auto Trust 2019-A,2020-02-29,6,510,520,96,9,2,1861617.36
World Omni Select Auto Trust 2019-A,2020-02-29,6,520,530,118,4,4,2326435.4199999995
World Omni Select Auto Trust 2019-A,2020-02-29,6,530,540,134,10,6,2862718.7399999998
World Omni Select Auto Trust 2019-A,2020-02-29,6,540,550,262,28,2,5839678.720000001
World Omni Select Auto Trust 2019-A,2020-02-29,6,550,560,254,27,11,5765519.659999992
World Omni Select Auto Trust 2019-A,2020-02-29,6,560,570,334,27,9,7430759.059999999
World Omni Select Auto Trust 2019-A,2020-02-29,6,570,580,583,43,11,13736899.729999997
World Omni Select Auto Trust 2019-A,2020-02-29,6,580,590,1421,107,36,36356011.12999996
World Omni Select Auto Trust 2019-A,2020-02-29,6,590,600,1757,97,43,43732840.12999995
World Omni Select Auto Trust 2019-A,2020-02-29,6,600,610,1945,124,35,48958248.860000074
World Omni Select Auto Trust 2019-A,2020-02-29,6,610,620,2013,101,34,50615529.19999996
World Omni Select Auto Trust 2019-A,2020-02-29,6,620,630,2693,113,47,66913476.78999997
World Omni Select Auto Trust 2019-A,2020-02-29,6,630,640,2460,109,49,60825354.210000075
World Omni Select Auto Trust 2019-A,2020-02-29,6,640,650,2975,88,25,73172984.8
World Omni Select Auto Trust 2019-A,2020-02-29,6,650,660,408,13,4,9078682.99
World Omni Select Auto Trust 2019-A,2020-02-29,6,660,670,445,17,9,11211687.330000002
World Omni Select Auto Trust 2019-A,2020-02-29,6,670,680,381,12,3,9210542.900000002
World Omni Select Auto Trust 2019-A,2020-02-29,6,680,690,402,8,3,9307419.480000002
World Omni Select Auto Trust 2019-A,2020-02-29,6,690,700,418,7,6,9515910.209999997
World Omni Select Auto Trust 2019-A,2020-02-29,6,700,710,645,15,5,15458220.85
World Omni Select Auto Trust 2019-A,2020-02-29,6,710,720,499,11,3,12195137.530000012
World Omni Select Auto Trust 2019-A,2020-02-29,6,720,730,675,8,5,17504769.740000006
World Omni Select Auto Trust 2019-A,2020-02-29,6,730,740,612,9,3,16730198.07
World Omni Select Auto Trust 2019-A,2020-02-29,6,740,750,500,10,1,13032735.190000009
World Omni Select Auto Trust 2019-A,2020-02-29,6,750,760,494,5,3,12553171.610000001
World Omni Select Auto Trust 2019-A,2020-02-29,6,760,770,394,2,1,10120852.939999998
World Omni Select Auto Trust 2019-A,2020-02-29,6,770,780,398,2,0,10173219.65999999
World Omni Select Auto Trust 2019-A,2020-02-29,6,780,790,338,5,1,8209116.999999995
World Omni Select Auto Trust 2019-A,2020-02-29,6,790,800,320,1,0,7849138.089999998
World Omni Select Auto Trust 2019-A,2020-02-29,6,800,810,285,2,1,6982007.0600000005
World Omni Select Auto Trust 2019-A,2020-02-29,6,810,820,263,1,1,6366422.530000002
World Omni Select Auto Trust 2019-A,2020-02-29,6,820,830,225,0,0,5265935.129999997
World Omni Select Auto Trust 2019-A,2020-02-29,6,830,840,207,0,1,4708423.930000001
World Omni Select Auto Trust 2019-A,2020-02-29,6,840,850,186,0,0,4541787.4899999965
World Omni Select Auto Trust 2019-A,2020-02-29,6,850,860,175,0,0,3927947.6300000013
World Omni Select Auto Trust 2019-A,2020-02-29,6,860,870,94,3,0,2169817.22
World Omni Select Auto Trust 2019-A,2020-02-29,6,870,880,50,0,0,1240557.82
World Omni Select Auto Trust 2019-A,2020-02-29,6,880,890,9,0,0,151044.38
World Omni Select Auto Trust 2019-A,2020-02-29,6,890,900,2,0,0,37786.04
World Omni Select Auto Trust 2019-A,2020-03-31,7,420,430,1,0,0,18339.81
World Omni Select Auto Trust 2019-A,2020-03-31,7,430,440,2,0,0,44459.7
World Omni Select Auto Trust 2019-A,2020-03-31,7,440,450,2,1,0,74815.12
World Omni Select Auto Trust 2019-A,2020-03-31,7,450,460,7,1,1,148436.09000000003
World Omni Select Auto Trust 2019-A,2020-03-31,7,460,470,8,1,0,87967.84
World Omni Select Auto Trust 2019-A,2020-03-31,7,470,480,9,0,0,149515.22
World Omni Select Auto Trust 2019-A,2020-03-31,7,480,490,17,0,1,366497.39
World Omni Select Auto Trust 2019-A,2020-03-31,7,490,500,28,3,0,548004.22
World Omni Select Auto Trust 2019-A,2020-03-31,7,500,510,55,4,3,1106938.53
World Omni Select Auto Trust 2019-A,2020-03-31,7,510,520,91,11,2,1787023.2099999993
World Omni Select Auto Trust 2019-A,2020-03-31,7,520,530,116,5,2,2241025.809999998
World Omni Select Auto Trust 2019-A,2020-03-31,7,530,540,131,8,7,2731715.880000001
World Omni Select Auto Trust 2019-A,2020-03-31,7,540,550,257,23,5,5566556.57
World Omni Select Auto Trust 2019-A,2020-03-31,7,550,560,250,13,12,5380678.130000001
World Omni Select Auto Trust 2019-A,2020-03-31,7,560,570,319,24,13,7129276.070000001
World Omni Select Auto Trust 2019-A,2020-03-31,7,570,580,575,29,11,13103128.059999991
World Omni Select Auto Trust 2019-A,2020-03-31,7,580,590,1392,87,34,34800461.89999994
World Omni Select Auto Trust 2019-A,2020-03-31,7,590,600,1706,87,43,42067601.33000001
World Omni Select Auto Trust 2019-A,2020-03-31,7,600,610,1902,98,42,47158160.06999995
World Omni Select Auto Trust 2019-A,2020-03-31,7,610,620,1962,80,36,48384283.52999999
World Omni Select Auto Trust 2019-A,2020-03-31,7,620,630,2620,95,41,63991476.6999999
World Omni Select Auto Trust 2019-A,2020-03-31,7,630,640,2390,104,36,58152518.58999998
World Omni Select Auto Trust 2019-A,2020-03-31,7,640,650,2875,90,32,70204390.92999992
World Omni Select Auto Trust 2019-A,2020-03-31,7,650,660,395,14,5,8708650.119999997
World Omni Select Auto Trust 2019-A,2020-03-31,7,660,670,432,15,10,10789121.920000002
World Omni Select Auto Trust 2019-A,2020-03-31,7,670,680,370,14,2,8862361.490000004
World Omni Select Auto Trust 2019-A,2020-03-31,7,680,690,393,9,5,9092367.650000002
World Omni Select Auto Trust 2019-A,2020-03-31,7,690,700,407,9,4,9186114.770000005
World Omni Select Auto Trust 2019-A,2020-03-31,7,700,710,632,10,4,14782377.279999996
World Omni Select Auto Trust 2019-A,2020-03-31,7,710,720,495,9,2,11867752.599999998
World Omni Select Auto Trust 2019-A,2020-03-31,7,720,730,657,9,7,16847968.75000001
World Omni Select Auto Trust 2019-A,2020-03-31,7,730,740,605,6,4,16294139.770000009
World Omni Select Auto Trust 2019-A,2020-03-31,7,740,750,487,7,4,12567587.619999995
World Omni Select Auto Trust 2019-A,2020-03-31,7,750,760,487,3,1,12064716.24000001
World Omni Select Auto Trust 2019-A,2020-03-31,7,760,770,390,1,0,9875631.35999999
World Omni Select Auto Trust 2019-A,2020-03-31,7,770,780,390,2,2,9920692.060000006
World Omni Select Auto Trust 2019-A,2020-03-31,7,780,790,334,3,1,7997065.499999996
World Omni Select Auto Trust 2019-A,2020-03-31,7,790,800,315,2,0,7616072.6899999995
World Omni Select Auto Trust 2019-A,2020-03-31,7,800,810,280,2,1,6735535.6099999985
World Omni Select Auto Trust 2019-A,2020-03-31,7,810,820,258,0,1,6177848.230000007
World Omni Select Auto Trust 2019-A,2020-03-31,7,820,830,222,0,0,5104733.520000002
World Omni Select Auto Trust 2019-A,2020-03-31,7,830,840,205,0,1,4565386.279999999
World Omni Select Auto Trust 2019-A,2020-03-31,7,840,850,184,2,0,4468068.120000001
World Omni Select Auto Trust 2019-A,2020-03-31,7,850,860,172,1,0,3835698.089999999
World Omni Select Auto Trust 2019-A,2020-03-31,7,860,870,91,2,0,2048581.0100000007
World Omni Select Auto Trust 2019-A,2020-03-31,7,870,880,48,1,0,1218947.33
World Omni Select Auto Trust 2019-A,2020-03-31,7,880,890,9,0,0,148513.65999999997
World Omni Select Auto Trust 2019-A,2020-03-31,7,890,900,2,0,0,37075.46
World Omni Select Auto Trust 2019-A,2021-03-31,19,420,430,1,0,0,17560.19
World Omni Select Auto Trust 2019-A,2021-03-31,19,430,440,2,0,0,39591.88
World Omni Select Auto Trust 2019-A,2021-03-31,19,440,450,1,0,0,21042.25
World Omni Select Auto Trust 2019-A,2021-03-31,19,450,460,5,2,0,100135.34
World Omni Select Auto Trust 2019-A,2021-03-31,19,460,470,4,0,0,43259.09999999999
World Omni Select Auto Trust 2019-A,2021-03-31,19,470,480,3,1,0,69410.05
World Omni Select Auto Trust 2019-A,2021-03-31,19,480,490,9,2,0,201940.86000000002
World Omni Select Auto Trust 2019-A,2021-03-31,19,490,500,14,4,3,309761.88999999996
World Omni Select Auto Trust 2019-A,2021-03-31,19,500,510,31,5,0,551884.5200000001
World Omni Select Auto Trust 2019-A,2021-03-31,19,510,520,60,5,2,1107064.1300000001
World Omni Select Auto Trust 2019-A,2021-03-31,19,520,530,69,9,1,1345969.86
World Omni Select Auto Trust 2019-A,2021-03-31,19,530,540,93,6,0,1711126.9400000002
World Omni Select Auto Trust 2019-A,2021-03-31,19,540,550,155,12,7,3082034.379999999
World Omni Select Auto Trust 2019-A,2021-03-31,19,550,560,150,6,3,2851133.66
World Omni Select Auto Trust 2019-A,2021-03-31,19,560,570,198,23,2,4116103.9499999997
World Omni Select Auto Trust 2019-A,2021-03-31,19,570,580,358,24,5,7543652.0699999975
World Omni Select Auto Trust 2019-A,2021-03-31,19,580,590,880,71,21,20253284.500000004
World Omni Select Auto Trust 2019-A,2021-03-31,19,590,600,1073,67,27,24057726.15000002
World Omni Select Auto Trust 2019-A,2021-03-31,19,600,610,1258,39,19,27252154.349999994
World Omni Select Auto Trust 2019-A,2021-03-31,19,610,620,1257,59,16,28143631.079999946
World Omni Select Auto Trust 2019-A,2021-03-31,19,620,630,1704,77,23,37461239.330000006
World Omni Select Auto Trust 2019-A,2021-03-31,19,630,640,1618,49,15,34813310.00000001
World Omni Select Auto Trust 2019-A,2021-03-31,19,640,650,1834,66,13,40554067.68000003
World Omni Select Auto Trust 2019-A,2021-03-31,19,650,660,247,6,3,4573448.050000002
World Omni Select Auto Trust 2019-A,2021-03-31,19,660,670,300,6,1,6241589.830000005
World Omni Select Auto Trust 2019-A,2021-03-31,19,670,680,259,8,3,5521102.790000003
World Omni Select Auto Trust 2019-A,2021-03-31,19,680,690,290,9,3,5806775.089999999
World Omni Select Auto Trust 2019-A,2021-03-31,19,690,700,294,1,2,5809009.619999998
World Omni Select Auto Trust 2019-A,2021-03-31,19,700,710,468,8,0,9509756.9
World Omni Select Auto Trust 2019-A,2021-03-31,19,710,720,378,1,0,7516522.020000001
World Omni Select Auto Trust 2019-A,2021-03-31,19,720,730,509,9,3,11086623.360000003
World Omni Select Auto Trust 2019-A,2021-03-31,19,730,740,473,4,2,10590712.650000002
World Omni Select Auto Trust 2019-A,2021-03-31,19,740,750,383,1,0,8199799.670000003
World Omni Select Auto Trust 2019-A,2021-03-31,19,750,760,384,3,1,8109453.499999996
World Omni Select Auto Trust 2019-A,2021-03-31,19,760,770,276,4,0,6197101.929999996
World Omni Select Auto Trust 2019-A,2021-03-31,19,770,780,301,0,1,6451218.229999996
World Omni Select Auto Trust 2019-A,2021-03-31,19,780,790,237,2,0,4665359.430000001
World Omni Select Auto Trust 2019-A,2021-03-31,19,790,800,248,1,0,5195446.699999999
World Omni Select Auto Trust 2019-A,2021-03-31,19,800,810,214,1,0,4404945.699999999
World Omni Select Auto Trust 2019-A,2021-03-31,19,810,820,203,2,0,4110100.63
World Omni Select Auto Trust 2019-A,2021-03-31,19,820,830,173,0,0,3383671.8
World Omni Select Auto Trust 2019-A,2021-03-31,19,830,840,154,1,1,2810246.2099999995
World Omni Select Auto Trust 2019-A,2021-03-31,19,840,850,152,1,0,3114553.7599999993
World Omni Select Auto Trust 2019-A,2021-03-31,19,850,860,139,0,1,2485171.340000001
World Omni Select Auto Trust 2019-A,2021-03-31,19,860,870,74,1,0,1363771.18
World Omni Select Auto Trust 2019-A,2021-03-31,19,870,880,45,0,0,951595.2799999997
World Omni Select Auto Trust 2019-A,2021-03-31,19,880,890,7,0,0,102784.32
World Omni Select Auto Trust 2019-A,2021-03-31,19,890,900,2,0,0,28380.17
World Omni Select Auto Trust 2019-A,2022-03-31,31,420,430,1,0,0,15385.11
World Omni Select Auto Trust 2019-A,2022-03-31,31,430,440,1,0,1,33925.03
World Omni Select Auto Trust 2019-A,2022-03-31,31,450,460,2,1,0,39058.83
World Omni Select Auto Trust 2019-A,2022-03-31,31,460,470,2,0,0,29215.22
World Omni Select Auto Trust 2019-A,2022-03-31,31,470,480,3,0,0,47396.28
World Omni Select Auto Trust 2019-A,2022-03-31,31,480,490,7,1,0,132702.65
World Omni Select Auto Trust 2019-A,2022-03-31,31,490,500,10,3,0,167740.44
World Omni Select Auto Trust 2019-A,2022-03-31,31,500,510,18,5,0,294178.07999999996
World Omni Select Auto Trust 2019-A,2022-03-31,31,510,520,41,1,1,564430.3499999999
World Omni Select Auto Trust 2019-A,2022-03-31,31,520,530,48,2,5,800409.2599999999
World Omni Select Auto Trust 2019-A,2022-03-31,31,530,540,60,5,3,965637.0800000003
World Omni Select Auto Trust 2019-A,2022-03-31,31,540,550,97,13,4,1738839.8399999999
World Omni Select Auto Trust 2019-A,2022-03-31,31,550,560,81,10,4,1447776.5699999994
World Omni Select Auto Trust 2019-A,2022-03-31,31,560,570,125,15,7,2310493.31
World Omni Select Auto Trust 2019-A,2022-03-31,31,570,580,210,28,8,3968635.270000004
World Omni Select Auto Trust 2019-A,2022-03-31,31,580,590,538,55,15,10383236.350000009
World Omni Select Auto Trust 2019-A,2022-03-31,31,590,600,661,53,19,12427945.02000001
World Omni Select Auto Trust 2019-A,2022-03-31,31,600,610,785,60,15,14699396.119999994
World Omni Select Auto Trust 2019-A,2022-03-31,31,610,620,769,66,16,14364001.249999998
World Omni Select Auto Trust 2019-A,2022-03-31,31,620,630,1088,70,20,19753362.35999999
World Omni Select Auto Trust 2019-A,2022-03-31,31,630,640,982,51,20,17504724.720000006
World Omni Select Auto Trust 2019-A,2022-03-31,31,640,650,1160,65,20,21153654.459999993
World Omni Select Auto Trust 2019-A,2022-03-31,31,650,660,163,9,3,2518248.079999999
World Omni Select Auto Trust 2019-A,2022-03-31,31,660,670,194,10,3,3471942.580000001
World Omni Select Auto Trust 2019-A,2022-03-31,31,670,680,178,6,1,2952369.259999999
World Omni Select Auto Trust 2019-A,2022-03-31,31,680,690,200,2,1,3053357.1199999996
World Omni Select Auto Trust 2019-A,2022-03-31,31,690,700,182,9,1,2906409.6599999997
World Omni Select Auto Trust 2019-A,2022-03-31,31,700,710,320,5,2,4986346.019999995
World Omni Select Auto Trust 2019-A,2022-03-31,31,710,720,257,8,3,4232640.449999998
World Omni Select Auto Trust 2019-A,2022-03-31,31,720,730,354,8,2,6113377.499999999
World Omni Select Auto Trust 2019-A,2022-03-31,31,730,740,325,5,0,5645237.339999999
World Omni Select Auto Trust 2019-A,2022-03-31,31,740,750,263,4,3,4527656.68
World Omni Select Auto Trust 2019-A,2022-03-31,31,750,760,269,4,1,4471319.1899999995
World Omni Select Auto Trust 2019-A,2022-03-31,31,760,770,218,3,0,3758347.1899999995
World Omni Select Auto Trust 2019-A,2022-03-31,31,770,780,225,1,0,3847926.690000002
World Omni Select Auto Trust 2019-A,2022-03-31,31,780,790,172,1,0,2550931.91
World Omni Select Auto Trust 2019-A,2022-03-31,31,790,800,167,1,1,2786579.91
World Omni Select Auto Trust 2019-A,2022-03-31,31,800,810,153,2,0,2618031.0899999985
World Omni Select Auto Trust 2019-A,2022-03-31,31,810,820,141,1,0,2285886.9699999993
World Omni Select Auto Trust 2019-A,2022-03-31,31,820,830,124,1,0,2003756.0200000003
World Omni Select Auto Trust 2019-A,2022-03-31,31,830,840,117,0,0,1639284.3499999994
World Omni Select Auto Trust 2019-A,2022-03-31,31,840,850,106,0,0,1695311.6399999997
World Omni Select Auto Trust 2019-A,2022-03-31,31,850,860,106,0,0,1531621.2999999998
World Omni Select Auto Trust 2019-A,2022-03-31,31,860,870,53,0,0,773602.15
World Omni Select Auto Trust 2019-A,2022-03-31,31,870,880,33,0,0,530000.37
World Omni Select Auto Trust 2019-A,2022-03-31,31,880,890,6,0,0,52771.81
World Omni Select Auto Trust 2019-A,2022-03-31,31,890,900,1,0,0,8602.51
World Omni Select Auto Trust 2019-A,2023-03-31,43,430,440,1,0,0,15462.44
World Omni Select Auto Trust 2019-A,2023-03-31,43,450,460,2,0,0,22337.910000000003
World Omni Select Auto Trust 2019-A,2023-03-31,43,460,470,1,1,0,22670.510000000002
World Omni Select Auto Trust 2019-A,2023-03-31,43,470,480,2,0,0,21458.03
World Omni Select Auto Trust 2019-A,2023-03-31,43,480,490,7,0,1,104669.36
World Omni Select Auto Trust 2019-A,2023-03-31,43,490,500,5,2,3,104375.78
World Omni Select Auto Trust 2019-A,2023-03-31,43,500,510,10,2,1,147243.35
World Omni Select Auto Trust 2019-A,2023-03-31,43,510,520,21,4,2,272390.2
World Omni Select Auto Trust 2019-A,2023-03-31,43,520,530,32,2,1,363667.46
World Omni Select Auto Trust 2019-A,2023-03-31,43,530,540,39,9,1,507891.7199999999
World Omni Select Auto Trust 2019-A,2023-03-31,43,540,550,65,13,2,961874.7200000001
World Omni Select Auto Trust 2019-A,2023-03-31,43,550,560,55,10,1,767650.17
World Omni Select Auto Trust 2019-A,2023-03-31,43,560,570,86,18,3,1282359.3400000003
World Omni Select Auto Trust 2019-A,2023-03-31,43,570,580,152,24,4,2196229.5700000008
World Omni Select Auto Trust 2019-A,2023-03-31,43,580,590,370,53,11,5562425.849999995
World Omni Select Auto Trust 2019-A,2023-03-31,43,590,600,466,54,7,6577392.760000001
World Omni Select Auto Trust 2019-A,2023-03-31,43,600,610,522,47,15,7513450.610000003
World Omni Select Auto Trust 2019-A,2023-03-31,43,610,620,551,41,17,7725092.409999996
World Omni Select Auto Trust 2019-A,2023-03-31,43,620,630,773,60,8,10297030.629999995
World Omni Select Auto Trust 2019-A,2023-03-31,43,630,640,702,50,10,9323291.910000006
World Omni Select Auto Trust 2019-A,2023-03-31,43,640,650,864,50,12,11472673.450000001
World Omni Select Auto Trust 2019-A,2023-03-31,43,650,660,111,4,2,1236074.5399999993
World Omni Select Auto Trust 2019-A,2023-03-31,43,660,670,130,10,3,1771013.6800000002
World Omni Select Auto Trust 2019-A,2023-03-31,43,670,680,131,6,0,1617280.5300000007
World Omni Select Auto Trust 2019-A,2023-03-31,43,680,690,147,6,3,1688111.5600000008
World Omni Select Auto Trust 2019-A,2023-03-31,43,690,700,131,5,2,1485601.42
World Omni Select Auto Trust 2019-A,2023-03-31,43,700,710,243,6,1,2754088.6099999985
World Omni Select Auto Trust 2019-A,2023-03-31,43,710,720,196,5,2,2372518.8500000006
World Omni Select Auto Trust 2019-A,2023-03-31,43,720,730,269,10,2,3479163.950000002
World Omni Select Auto Trust 2019-A,2023-03-31,43,730,740,227,7,0,2918491.81
World Omni Select Auto Trust 2019-A,2023-03-31,43,740,750,193,4,2,2480463.930000001
World Omni Select Auto Trust 2019-A,2023-03-31,43,750,760,200,4,0,2387681.909999999
World Omni Select Auto Trust 2019-A,2023-03-31,43,760,770,159,8,1,2138073.5100000002
World Omni Select Auto Trust 2019-A,2023-03-31,43,770,780,174,7,0,2304082.5300000007
World Omni Select Auto Trust 2019-A,2023-03-31,43,780,790,134,2,0,1404972.6299999997
World Omni Select Auto Trust 2019-A,2023-03-31,43,790,800,129,1,0,1560041.4900000007
World Omni Select Auto Trust 2019-A,2023-03-31,43,800,810,121,1,0,1457188.8399999996
World Omni Select Auto Trust 2019-A,2023-03-31,43,810,820,114,0,0,1280897.0499999996
World Omni Select Auto Trust 2019-A,2023-03-31,43,820,830,98,1,0,1117809.4599999997
World Omni Select Auto Trust 2019-A,2023-03-31,43,830,840,81,2,0,813492.2700000001
World Omni Select Auto Trust 2019-A,2023-03-31,43,840,850,91,0,0,1067835.53
World Omni Select Auto Trust 2019-A,2023-03-31,43,850,860,82,0,1,866394.8500000002
World Omni Select Auto Trust 2019-A,2023-03-31,43,860,870,42,0,0,430050.52000000014
World Omni Select Auto Trust 2019-A,2023-03-31,43,870,880,27,0,0,318051.61000000004
World Omni Select Auto Trust 2019-A,2023-03-31,43,880,890,5,0,0,35583.78
World Omni Select Auto Trust 2019-A,2023-03-31,43,890,900,1,0,0,5554.84
World Omni Select Auto Trust 2019-A,2020-04-30,8,420,430,1,0,0,18339.81
World Omni Select Auto Trust 2019-A,2020-04-30,8,430,440,2,0,0,44199.130000000005
World Omni Select Auto Trust 2019-A,2020-04-30,8,440,450,2,0,1,74489.63
World Omni Select Auto Trust 2019-A,2020-04-30,8,450,460,7,2,0,146603.99
World Omni Select Auto Trust 2019-A,2020-04-30,8,460,470,9,0,0,85837.4
World Omni Select Auto Trust 2019-A,2020-04-30,8,470,480,9,0,0,149137.68
World Omni Select Auto Trust 2019-A,2020-04-30,8,480,490,18,0,0,363538.50000000006
World Omni Select Auto Trust 2019-A,2020-04-30,8,490,500,30,1,0,541724.8699999999
World Omni Select Auto Trust 2019-A,2020-04-30,8,500,510,53,2,3,1021148.88
World Omni Select Auto Trust 2019-A,2020-04-30,8,510,520,97,3,1,1737586.5800000003
World Omni Select Auto Trust 2019-A,2020-04-30,8,520,530,119,1,2,2206383.6500000004
World Omni Select Auto Trust 2019-A,2020-04-30,8,530,540,138,3,2,2677106.889999999
World Omni Select Auto Trust 2019-A,2020-04-30,8,540,550,259,13,7,5412939.409999999
World Omni Select Auto Trust 2019-A,2020-04-30,8,550,560,250,8,7,5133438.250000002
World Omni Select Auto Trust 2019-A,2020-04-30,8,560,570,319,13,11,6818399.020000004
World Omni Select Auto Trust 2019-A,2020-04-30,8,570,580,565,13,13,12516202.889999999
World Omni Select Auto Trust 2019-A,2020-04-30,8,580,590,1389,43,20,33434483.31
World Omni Select Auto Trust 2019-A,2020-04-30,8,590,600,1701,47,34,40739342.57999998
World Omni Select Auto Trust 2019-A,2020-04-30,8,600,610,1896,52,34,45411971.83000001
World Omni Select Auto Trust 2019-A,2020-04-30,8,610,620,1938,42,30,46470455.769999966
World Omni Select Auto Trust 2019-A,2020-04-30,8,620,630,2583,55,47,61842960.370000206
World Omni Select Auto Trust 2019-A,2020-04-30,8,630,640,2363,44,29,55599431.760000005
World Omni Select Auto Trust 2019-A,2020-04-30,8,640,650,2819,43,50,67710656.4099999
World Omni Select Auto Trust 2019-A,2020-04-30,8,650,660,391,6,8,8442084.62
World Omni Select Auto Trust 2019-A,2020-04-30,8,660,670,432,6,6,10322419.970000006
World Omni Select Auto Trust 2019-A,2020-04-30,8,670,680,368,7,4,8650596.000000006
World Omni Select Auto Trust 2019-A,2020-04-30,8,680,690,396,0,6,8871670.02000001
World Omni Select Auto Trust 2019-A,2020-04-30,8,690,700,402,6,5,8901078.590000005
World Omni Select Auto Trust 2019-A,2020-04-30,8,700,710,622,7,3,14295507.009999987
World Omni Select Auto Trust 2019-A,2020-04-30,8,710,720,488,4,4,11515912.609999998
World Omni Select Auto Trust 2019-A,2020-04-30,8,720,730,648,9,5,16378416.270000003
World Omni Select Auto Trust 2019-A,2020-04-30,8,730,740,606,2,2,16026329.200000009
World Omni Select Auto Trust 2019-A,2020-04-30,8,740,750,482,3,4,12228024.259999994
World Omni Select Auto Trust 2019-A,2020-04-30,8,750,760,482,0,2,11782918.010000004
World Omni Select Auto Trust 2019-A,2020-04-30,8,760,770,381,0,0,9538532.479999999
World Omni Select Auto Trust 2019-A,2020-04-30,8,770,780,386,1,0,9609274.850000001
World Omni Select Auto Trust 2019-A,2020-04-30,8,780,790,328,0,2,7720973.089999998
World Omni Select Auto Trust 2019-A,2020-04-30,8,790,800,309,4,0,7431966.040000004
World Omni Select Auto Trust 2019-A,2020-04-30,8,800,810,276,1,0,6504751.309999998
World Omni Select Auto Trust 2019-A,2020-04-30,8,810,820,250,2,1,5973105.8
World Omni Select Auto Trust 2019-A,2020-04-30,8,820,830,218,0,0,4957296.399999999
World Omni Select Auto Trust 2019-A,2020-04-30,8,830,840,200,0,1,4350941.139999999
World Omni Select Auto Trust 2019-A,2020-04-30,8,840,850,182,0,0,4298180.359999998
World Omni Select Auto Trust 2019-A,2020-04-30,8,850,860,171,0,0,3747348.489999997
World Omni Select Auto Trust 2019-A,2020-04-30,8,860,870,90,1,1,1988710.0100000002
World Omni Select Auto Trust 2019-A,2020-04-30,8,870,880,49,0,0,1204097.99
World Omni Select Auto Trust 2019-A,2020-04-30,8,880,890,9,0,0,146378.42
World Omni Select Auto Trust 2019-A,2020-04-30,8,890,900,2,0,0,36368.26
World Omni Select Auto Trust 2019-A,2021-04-30,20,420,430,1,0,0,17140.07
World Omni Select Auto Trust 2019-A,2021-04-30,20,430,440,2,0,0,39020.69
World Omni Select Auto Trust 2019-A,2021-04-30,20,440,450,0,1,0,21042.25
World Omni Select Auto Trust 2019-A,2021-04-30,20,450,460,6,0,1,98957.79
World Omni Select Auto Trust 2019-A,2021-04-30,20,460,470,4,0,0,42426.979999999996
World Omni Select Auto Trust 2019-A,2021-04-30,20,470,480,3,1,0,68720.37
World Omni Select Auto Trust 2019-A,2021-04-30,20,480,490,10,1,0,199371.02000000002
World Omni Select Auto Trust 2019-A,2021-04-30,20,490,500,15,4,1,302541.36000000004
World Omni Select Auto Trust 2019-A,2021-04-30,20,500,510,32,2,0,521067.5999999999
World Omni Select Auto Trust 2019-A,2021-04-30,20,510,520,60,2,1,1040391.8999999997
World Omni Select Auto Trust 2019-A,2021-04-30,20,520,530,68,7,3,1309269.68
World Omni Select Auto Trust 2019-A,2021-04-30,20,530,540,87,4,2,1592065.0899999999
World Omni Select Auto Trust 2019-A,2021-04-30,20,540,550,153,8,6,2904059.3899999997
World Omni Select Auto Trust 2019-A,2021-04-30,20,550,560,140,9,2,2660396.3300000005
World Omni Select Auto Trust 2019-A,2021-04-30,20,560,570,187,17,6,3816922.590000001
World Omni Select Auto Trust 2019-A,2021-04-30,20,570,580,343,23,5,7168145.499999999
World Omni Select Auto Trust 2019-A,2021-04-30,20,580,590,859,51,18,19045390.969999995
World Omni Select Auto Trust 2019-A,2021-04-30,20,590,600,1034,42,22,22391016.85000001
World Omni Select Auto Trust 2019-A,2021-04-30,20,600,610,1199,42,13,25692381.18000006
World Omni Select Auto Trust 2019-A,2021-04-30,20,610,620,1220,51,13,26796602.5
World Omni Select Auto Trust 2019-A,2021-04-30,20,620,630,1650,66,19,35563591.800000004
World Omni Select Auto Trust 2019-A,2021-04-30,20,630,640,1548,46,15,32907290.269999996
World Omni Select Auto Trust 2019-A,2021-04-30,20,640,650,1767,44,20,38159709.37000001
World Omni Select Auto Trust 2019-A,2021-04-30,20,650,660,242,6,2,4410318.8
World Omni Select Auto Trust 2019-A,2021-04-30,20,660,670,283,5,2,5773662.379999999
World Omni Select Auto Trust 2019-A,2021-04-30,20,670,680,251,10,2,5306242.32
World Omni Select Auto Trust 2019-A,2021-04-30,20,680,690,281,9,3,5574230.86
World Omni Select Auto Trust 2019-A,2021-04-30,20,690,700,283,3,2,5517091.670000002
World Omni Select Auto Trust 2019-A,2021-04-30,20,700,710,452,6,1,9085157.61000001
World Omni Select Auto Trust 2019-A,2021-04-30,20,710,720,360,1,0,7079375.99000001
World Omni Select Auto Trust 2019-A,2021-04-30,20,720,730,503,5,3,10755746.369999995
World Omni Select Auto Trust 2019-A,2021-04-30,20,730,740,462,2,1,10136586.269999994
World Omni Select Auto Trust 2019-A,2021-04-30,20,740,750,364,6,1,7792328.839999997
World Omni Select Auto Trust 2019-A,2021-04-30,20,750,760,372,5,0,7753692.599999997
World Omni Select Auto Trust 2019-A,2021-04-30,20,760,770,268,1,2,5842614.189999997
World Omni Select Auto Trust 2019-A,2021-04-30,20,770,780,291,1,0,6147953.38
World Omni Select Auto Trust 2019-A,2021-04-30,20,780,790,234,0,0,4476319.86
World Omni Select Auto Trust 2019-A,2021-04-30,20,790,800,239,3,0,4940409.900000002
World Omni Select Auto Trust 2019-A,2021-04-30,20,800,810,207,0,0,4178108.030000001
World Omni Select Auto Trust 2019-A,2021-04-30,20,810,820,196,0,0,3896252.2600000007
World Omni Select Auto Trust 2019-A,2021-04-30,20,820,830,166,0,0,3271395.7000000007
World Omni Select Auto Trust 2019-A,2021-04-30,20,830,840,150,0,0,2677979.380000002
World Omni Select Auto Trust 2019-A,2021-04-30,20,840,850,147,1,0,2961952.8999999994
World Omni Select Auto Trust 2019-A,2021-04-30,20,850,860,132,0,0,2367555.54
World Omni Select Auto Trust 2019-A,2021-04-30,20,860,870,73,0,0,1309772.73
World Omni Select Auto Trust 2019-A,2021-04-30,20,870,880,43,0,0,924079.8100000002
World Omni Select Auto Trust 2019-A,2021-04-30,20,880,890,7,0,0,100276.95
World Omni Select Auto Trust 2019-A,2021-04-30,20,890,900,2,0,0,27652.11
World Omni Select Auto Trust 2019-A,2022-04-30,32,420,430,1,0,0,15165.93
World Omni Select Auto Trust 2019-A,2022-04-30,32,430,440,1,0,1,33585.18
World Omni Select Auto Trust 2019-A,2022-04-30,32,450,460,3,0,0,38232.46
World Omni Select Auto Trust 2019-A,2022-04-30,32,460,470,2,0,0,28725.44
World Omni Select Auto Trust 2019-A,2022-04-30,32,470,480,3,0,0,46636.91
World Omni Select Auto Trust 2019-A,2022-04-30,32,480,490,7,1,0,130054.56
World Omni Select Auto Trust 2019-A,2022-04-30,32,490,500,9,1,2,144589.37
World Omni Select Auto Trust 2019-A,2022-04-30,32,500,510,18,3,1,283400.73000000004
World Omni Select Auto Trust 2019-A,2022-04-30,32,510,520,38,4,0,541388.6599999999
World Omni Select Auto Trust 2019-A,2022-04-30,32,520,530,47,4,2,771086.3600000002
World Omni Select Auto Trust 2019-A,2022-04-30,32,530,540,53,8,3,877737.68
World Omni Select Auto Trust 2019-A,2022-04-30,32,540,550,94,12,5,1665393.2000000004
World Omni Select Auto Trust 2019-A,2022-04-30,32,550,560,73,15,3,1374431.9100000001
World Omni Select Auto Trust 2019-A,2022-04-30,32,560,570,125,12,6,2203791.4299999992
World Omni Select Auto Trust 2019-A,2022-04-30,32,570,580,207,24,5,3739526.41
World Omni Select Auto Trust 2019-A,2022-04-30,32,580,590,522,49,18,9869915.47
World Omni Select Auto Trust 2019-A,2022-04-30,32,590,600,635,58,20,11855259.229999997
World Omni Select Auto Trust 2019-A,2022-04-30,32,600,610,744,68,18,13951099.170000013
World Omni Select Auto Trust 2019-A,2022-04-30,32,610,620,734,61,16,13405662.880000005
World Omni Select Auto Trust 2019-A,2022-04-30,32,620,630,1049,76,24,18887012.159999978
World Omni Select Auto Trust 2019-A,2022-04-30,32,630,640,948,48,19,16483347.319999991
World Omni Select Auto Trust 2019-A,2022-04-30,32,640,650,1145,52,21,20322952.75999999
World Omni Select Auto Trust 2019-A,2022-04-30,32,650,660,158,11,2,2393152.5200000014
World Omni Select Auto Trust 2019-A,2022-04-30,32,660,670,185,7,3,3225320.31
World Omni Select Auto Trust 2019-A,2022-04-30,32,670,680,168,8,1,2748324.3899999987
World Omni Select Auto Trust 2019-A,2022-04-30,32,680,690,193,2,0,2839408.8299999996
World Omni Select Auto Trust 2019-A,2022-04-30,32,690,700,180,5,1,2738262.420000001
World Omni Select Auto Trust 2019-A,2022-04-30,32,700,710,304,7,2,4679363.93
World Omni Select Auto Trust 2019-A,2022-04-30,32,710,720,253,6,0,4017404.809999999
World Omni Select Auto Trust 2019-A,2022-04-30,32,720,730,348,7,4,5912883.740000002
World Omni Select Auto Trust 2019-A,2022-04-30,32,730,740,317,6,0,5431736.599999999
World Omni Select Auto Trust 2019-A,2022-04-30,32,740,750,257,5,2,4322728.16
World Omni Select Auto Trust 2019-A,2022-04-30,32,750,760,259,6,2,4248328.130000001
World Omni Select Auto Trust 2019-A,2022-04-30,32,760,770,216,2,0,3644589.169999999
World Omni Select Auto Trust 2019-A,2022-04-30,32,770,780,221,1,0,3699187.740000002
World Omni Select Auto Trust 2019-A,2022-04-30,32,780,790,168,1,0,2440344.670000002
World Omni Select Auto Trust 2019-A,2022-04-30,32,790,800,162,1,0,2632258.040000001
World Omni Select Auto Trust 2019-A,2022-04-30,32,800,810,153,1,0,2557190.8200000008
World Omni Select Auto Trust 2019-A,2022-04-30,32,810,820,139,0,0,2187815.83
World Omni Select Auto Trust 2019-A,2022-04-30,32,820,830,121,0,1,1926673.3400000003
World Omni Select Auto Trust 2019-A,2022-04-30,32,830,840,112,1,0,1564306.0999999994
World Omni Select Auto Trust 2019-A,2022-04-30,32,840,850,101,1,0,1601309.1300000004
World Omni Select Auto Trust 2019-A,2022-04-30,32,850,860,103,0,0,1455604.1800000002
World Omni Select Auto Trust 2019-A,2022-04-30,32,860,870,51,0,0,734742.6699999997
World Omni Select Auto Trust 2019-A,2022-04-30,32,870,880,32,1,0,516809.8299999999
World Omni Select Auto Trust 2019-A,2022-04-30,32,880,890,6,0,0,51253.47
World Omni Select Auto Trust 2019-A,2022-04-30,32,890,900,1,0,0,8353.99
World Omni Select Auto Trust 2019-A,2023-04-30,44,430,440,1,0,0,15144.17
World Omni Select Auto Trust 2019-A,2023-04-30,44,450,460,2,0,0,21740.86
World Omni Select Auto Trust 2019-A,2023-04-30,44,460,470,0,1,0,12296.71
World Omni Select Auto Trust 2019-A,2023-04-30,44,470,480,1,1,0,21214.05
World Omni Select Auto Trust 2019-A,2023-04-30,44,480,490,7,1,0,103051.62
World Omni Select Auto Trust 2019-A,2023-04-30,44,490,500,5,1,3,91964.34
World Omni Select Auto Trust 2019-A,2023-04-30,44,500,510,9,3,1,142127.71
World Omni Select Auto Trust 2019-A,2023-04-30,44,510,520,19,8,0,263603.66
World Omni Select Auto Trust 2019-A,2023-04-30,44,520,530,31,2,2,353614.68
World Omni Select Auto Trust 2019-A,2023-04-30,44,530,540,39,3,6,481443.2799999999
World Omni Select Auto Trust 2019-A,2023-04-30,44,540,550,65,10,3,920519.8600000002
World Omni Select Auto Trust 2019-A,2023-04-30,44,550,560,47,14,2,728318.9499999998
World Omni Select Auto Trust 2019-A,2023-04-30,44,560,570,87,11,5,1199739.6400000001
World Omni Select Auto Trust 2019-A,2023-04-30,44,570,580,142,30,7,2119363.340000001
World Omni Select Auto Trust 2019-A,2023-04-30,44,580,590,354,53,19,5350025.98
World Omni Select Auto Trust 2019-A,2023-04-30,44,590,600,453,49,13,6245555.069999996
World Omni Select Auto Trust 2019-A,2023-04-30,44,600,610,500,54,19,7188712.740000007
World Omni Select Auto Trust 2019-A,2023-04-30,44,610,620,542,44,14,7406973.250000009
World Omni Select Auto Trust 2019-A,2023-04-30,44,620,630,751,51,19,9752443.86
World Omni Select Auto Trust 2019-A,2023-04-30,44,630,640,682,54,7,8773653.34
World Omni Select Auto Trust 2019-A,2023-04-30,44,640,650,844,47,20,10911193.650000002
World Omni Select Auto Trust 2019-A,2023-04-30,44,650,660,109,2,3,1166379.0899999996
World Omni Select Auto Trust 2019-A,2023-04-30,44,660,670,129,8,3,1687323.2800000007
World Omni Select Auto Trust 2019-A,2023-04-30,44,670,680,126,5,1,1511538.85
World Omni Select Auto Trust 2019-A,2023-04-30,44,680,690,141,9,3,1571893.209999999
World Omni Select Auto Trust 2019-A,2023-04-30,44,690,700,134,1,2,1429048.2399999998
World Omni Select Auto Trust 2019-A,2023-04-30,44,700,710,235,8,1,2611303.65
World Omni Select Auto Trust 2019-A,2023-04-30,44,710,720,187,6,1,2173167.47
World Omni Select Auto Trust 2019-A,2023-04-30,44,720,730,263,9,1,3298413.6899999985
World Omni Select Auto Trust 2019-A,2023-04-30,44,730,740,223,5,2,2803178.6400000006
World Omni Select Auto Trust 2019-A,2023-04-30,44,740,750,188,5,2,2352422.679999999
World Omni Select Auto Trust 2019-A,2023-04-30,44,750,760,194,6,0,2299115.6600000015
World Omni Select Auto Trust 2019-A,2023-04-30,44,760,770,150,5,4,1980039.1200000003
World Omni Select Auto Trust 2019-A,2023-04-30,44,770,780,174,1,1,2181466.9299999992
World Omni Select Auto Trust 2019-A,2023-04-30,44,780,790,130,1,0,1310449.5000000005
World Omni Select Auto Trust 2019-A,2023-04-30,44,790,800,127,2,1,1509909.6300000018
World Omni Select Auto Trust 2019-A,2023-04-30,44,800,810,115,2,0,1371304.73
World Omni Select Auto Trust 2019-A,2023-04-30,44,810,820,109,1,0,1198771.7800000005
World Omni Select Auto Trust 2019-A,2023-04-30,44,820,830,95,0,1,1067420.88
World Omni Select Auto Trust 2019-A,2023-04-30,44,830,840,79,1,0,771892.5299999999
World Omni Select Auto Trust 2019-A,2023-04-30,44,840,850,89,0,0,1022376.4000000001
World Omni Select Auto Trust 2019-A,2023-04-30,44,850,860,81,0,0,821665.0699999998
World Omni Select Auto Trust 2019-A,2023-04-30,44,860,870,40,0,0,391740.3499999999
World Omni Select Auto Trust 2019-A,2023-04-30,44,870,880,25,0,0,291026.88
World Omni Select Auto Trust 2019-A,2023-04-30,44,880,890,5,0,0,34231.409999999996
World Omni Select Auto Trust 2019-A,2023-04-30,44,890,900,1,0,0,5295.35
World Omni Select Auto Trust 2019-A,2020-05-31,9,420,430,1,0,0,18339.81
World Omni Select Auto Trust 2019-A,2020-05-31,9,430,440,2,0,0,43961.740000000005
World Omni Select Auto Trust 2019-A,2020-05-31,9,440,450,1,0,1,49570.59
World Omni Select Auto Trust 2019-A,2020-05-31,9,450,460,8,1,0,145164.68
World Omni Select Auto Trust 2019-A,2020-05-31,9,460,470,9,0,0,84421.01999999999
World Omni Select Auto Trust 2019-A,2020-05-31,9,470,480,9,0,0,148548.25
World Omni Select Auto Trust 2019-A,2020-05-31,9,480,490,17,0,0,329596.06
World Omni Select Auto Trust 2019-A,2020-05-31,9,490,500,26,3,0,492236.09
World Omni Select Auto Trust 2019-A,2020-05-31,9,500,510,52,1,2,951228.45
World Omni Select Auto Trust 2019-A,2020-05-31,9,510,520,98,0,2,1695909.9499999988
World Omni Select Auto Trust 2019-A,2020-05-31,9,520,530,114,4,2,2168905.08
World Omni Select Auto Trust 2019-A,2020-05-31,9,530,540,136,3,1,2597945.4499999997
World Omni Select Auto Trust 2019-A,2020-05-31,9,540,550,258,8,4,5255017.820000003
World Omni Select Auto Trust 2019-A,2020-05-31,9,550,560,244,7,5,4895585.78
World Omni Select Auto Trust 2019-A,2020-05-31,9,560,570,317,8,6,6543171.65
World Omni Select Auto Trust 2019-A,2020-05-31,9,570,580,548,17,9,12171170.16000001
World Omni Select Auto Trust 2019-A,2020-05-31,9,580,590,1344,46,19,32198456.430000003
World Omni Select Auto Trust 2019-A,2020-05-31,9,590,600,1648,49,27,39226876.6499999
World Omni Select Auto Trust 2019-A,2020-05-31,9,600,610,1847,44,27,43740691.83000001
World Omni Select Auto Trust 2019-A,2020-05-31,9,610,620,1874,47,26,44848048.73999997
World Omni Select Auto Trust 2019-A,2020-05-31,9,620,630,2514,54,38,59526238.01000011
World Omni Select Auto Trust 2019-A,2020-05-31,9,630,640,2306,33,20,53679415.889999956
World Omni Select Auto Trust 2019-A,2020-05-31,9,640,650,2747,45,36,65421998.07000003
World Omni Select Auto Trust 2019-A,2020-05-31,9,650,660,378,9,6,8092184.400000002
World Omni Select Auto Trust 2019-A,2020-05-31,9,660,670,427,7,1,10113745.239999995
World Omni Select Auto Trust 2019-A,2020-05-31,9,670,680,363,6,5,8477465.199999994
World Omni Select Auto Trust 2019-A,2020-05-31,9,680,690,389,2,2,8606797.519999996
World Omni Select Auto Trust 2019-A,2020-05-31,9,690,700,392,4,5,8607922.41
World Omni Select Auto Trust 2019-A,2020-05-31,9,700,710,607,6,1,13768067.77
World Omni Select Auto Trust 2019-A,2020-05-31,9,710,720,479,7,0,11117283.040000001
World Omni Select Auto Trust 2019-A,2020-05-31,9,720,730,647,4,2,16035822.700000003
World Omni Select Auto Trust 2019-A,2020-05-31,9,730,740,591,8,2,15593888.01999999
World Omni Select Auto Trust 2019-A,2020-05-31,9,740,750,478,2,3,11928239.679999998
World Omni Select Auto Trust 2019-A,2020-05-31,9,750,760,478,2,1,11573497.020000013
World Omni Select Auto Trust 2019-A,2020-05-31,9,760,770,372,0,0,9110835.779999997
World Omni Select Auto Trust 2019-A,2020-05-31,9,770,780,380,1,0,9337898.390000008
World Omni Select Auto Trust 2019-A,2020-05-31,9,780,790,323,0,1,7447275.289999997
World Omni Select Auto Trust 2019-A,2020-05-31,9,790,800,305,2,1,7234216.719999999
World Omni Select Auto Trust 2019-A,2020-05-31,9,800,810,271,0,1,6344323.199999996
World Omni Select Auto Trust 2019-A,2020-05-31,9,810,820,248,0,1,5825386.799999997
World Omni Select Auto Trust 2019-A,2020-05-31,9,820,830,214,1,0,4846875.090000002
World Omni Select Auto Trust 2019-A,2020-05-31,9,830,840,195,0,1,4172244.879999998
World Omni Select Auto Trust 2019-A,2020-05-31,9,840,850,178,1,0,4196630.959999998
World Omni Select Auto Trust 2019-A,2020-05-31,9,850,860,169,0,0,3639943.769999999
World Omni Select Auto Trust 2019-A,2020-05-31,9,860,870,90,1,0,1932266.3399999999
World Omni Select Auto Trust 2019-A,2020-05-31,9,870,880,49,0,0,1188897.3600000003
World Omni Select Auto Trust 2019-A,2020-05-31,9,880,890,9,0,0,144884.82
World Omni Select Auto Trust 2019-A,2020-05-31,9,890,900,2,0,0,35645.14
World Omni Select Auto Trust 2019-A,2021-05-31,21,420,430,1,0,0,17140.07
World Omni Select Auto Trust 2019-A,2021-05-31,21,430,440,2,0,0,38145.32
World Omni Select Auto Trust 2019-A,2021-05-31,21,440,450,0,1,0,20892.13
World Omni Select Auto Trust 2019-A,2021-05-31,21,450,460,5,1,0,81587.06
World Omni Select Auto Trust 2019-A,2021-05-31,21,460,470,4,0,0,41391.0
World Omni Select Auto Trust 2019-A,2021-05-31,21,470,480,3,1,0,67655.59999999999
World Omni Select Auto Trust 2019-A,2021-05-31,21,480,490,10,1,0,196894.19
World Omni Select Auto Trust 2019-A,2021-05-31,21,490,500,14,4,1,284574.32000000007
World Omni Select Auto Trust 2019-A,2021-05-31,21,500,510,29,2,1,486355.12
World Omni Select Auto Trust 2019-A,2021-05-31,21,510,520,54,6,2,1003103.13
World Omni Select Auto Trust 2019-A,2021-05-31,21,520,530,68,5,1,1256461.61
World Omni Select Auto Trust 2019-A,2021-05-31,21,530,540,81,6,2,1485028.72
World Omni Select Auto Trust 2019-A,2021-05-31,21,540,550,141,10,6,2708087.0100000026
World Omni Select Auto Trust 2019-A,2021-05-31,21,550,560,131,10,4,2534682.400000001
World Omni Select Auto Trust 2019-A,2021-05-31,21,560,570,180,16,7,3679216.52
World Omni Select Auto Trust 2019-A,2021-05-31,21,570,580,330,23,6,6806515.449999999
World Omni Select Auto Trust 2019-A,2021-05-31,21,580,590,801,69,22,18048444.620000016
World Omni Select Auto Trust 2019-A,2021-05-31,21,590,600,979,58,17,21288683.24999998
World Omni Select Auto Trust 2019-A,2021-05-31,21,600,610,1145,51,14,24411325.909999985
World Omni Select Auto Trust 2019-A,2021-05-31,21,610,620,1128,76,19,25109991.52000001
World Omni Select Auto Trust 2019-A,2021-05-31,21,620,630,1576,73,19,33700254.800000034
World Omni Select Auto Trust 2019-A,2021-05-31,21,630,640,1479,52,20,31341756.96000002
World Omni Select Auto Trust 2019-A,2021-05-31,21,640,650,1682,56,19,35943501.77999999
World Omni Select Auto Trust 2019-A,2021-05-31,21,650,660,231,6,2,4132383.8100000024
World Omni Select Auto Trust 2019-A,2021-05-31,21,660,670,270,6,1,5455611.439999999
World Omni Select Auto Trust 2019-A,2021-05-31,21,670,680,245,11,2,5072508.23
World Omni Select Auto Trust 2019-A,2021-05-31,21,680,690,273,10,1,5321036.780000002
World Omni Select Auto Trust 2019-A,2021-05-31,21,690,700,269,6,1,5195939.5200000005
World Omni Select Auto Trust 2019-A,2021-05-31,21,700,710,420,12,1,8409462.31000001
World Omni Select Auto Trust 2019-A,2021-05-31,21,710,720,350,4,0,6875527.729999996
World Omni Select Auto Trust 2019-A,2021-05-31,21,720,730,486,7,2,10245645.020000005
World Omni Select Auto Trust 2019-A,2021-05-31,21,730,740,445,6,0,9647081.919999998
World Omni Select Auto Trust 2019-A,2021-05-31,21,740,750,355,3,2,7425087.640000001
World Omni Select Auto Trust 2019-A,2021-05-31,21,750,760,355,6,0,7355255.570000002
World Omni Select Auto Trust 2019-A,2021-05-31,21,760,770,262,1,2,5613158.509999998
World Omni Select Auto Trust 2019-A,2021-05-31,21,770,780,283,2,0,5843805.990000001
World Omni Select Auto Trust 2019-A,2021-05-31,21,780,790,227,2,0,4313038.589999997
World Omni Select Auto Trust 2019-A,2021-05-31,21,790,800,238,1,0,4809675.780000003
World Omni Select Auto Trust 2019-A,2021-05-31,21,800,810,202,1,0,3940832.930000002
World Omni Select Auto Trust 2019-A,2021-05-31,21,810,820,192,1,0,3784254.190000001
World Omni Select Auto Trust 2019-A,2021-05-31,21,820,830,160,0,0,3061367.440000002
World Omni Select Auto Trust 2019-A,2021-05-31,21,830,840,147,1,0,2584256.210000001
World Omni Select Auto Trust 2019-A,2021-05-31,21,840,850,144,0,0,2824210.690000001
World Omni Select Auto Trust 2019-A,2021-05-31,21,850,860,127,0,0,2239434.3799999994
World Omni Select Auto Trust 2019-A,2021-05-31,21,860,870,72,0,0,1275347.0099999993
World Omni Select Auto Trust 2019-A,2021-05-31,21,870,880,43,0,0,881881.09
World Omni Select Auto Trust 2019-A,2021-05-31,21,880,890,6,0,0,66896.25
World Omni Select Auto Trust 2019-A,2021-05-31,21,890,900,2,0,0,26888.559999999998
World Omni Select Auto Trust 2019-A,2022-05-31,33,420,430,1,0,0,14944.37
World Omni Select Auto Trust 2019-A,2022-05-31,33,430,440,2,0,0,33351.64
World Omni Select Auto Trust 2019-A,2022-05-31,33,450,460,3,0,0,37720.36
World Omni Select Auto Trust 2019-A,2022-05-31,33,460,470,2,0,0,28186.29
World Omni Select Auto Trust 2019-A,2022-05-31,33,470,480,2,1,0,46070.850000000006
World Omni Select Auto Trust 2019-A,2022-05-31,33,480,490,7,1,0,127615.48
World Omni Select Auto Trust 2019-A,2022-05-31,33,490,500,8,2,1,134117.68
World Omni Select Auto Trust 2019-A,2022-05-31,33,500,510,17,4,0,265566.19
World Omni Select Auto Trust 2019-A,2022-05-31,33,510,520,35,6,0,522449.3300000001
World Omni Select Auto Trust 2019-A,2022-05-31,33,520,530,46,2,3,714804.5
World Omni Select Auto Trust 2019-A,2022-05-31,33,530,540,53,8,3,859222.0
World Omni Select Auto Trust 2019-A,2022-05-31,33,540,550,85,16,3,1536567.6400000004
World Omni Select Auto Trust 2019-A,2022-05-31,33,550,560,72,11,5,1300030.8399999994
World Omni Select Auto Trust 2019-A,2022-05-31,33,560,570,123,12,7,2149094.309999999
World Omni Select Auto Trust 2019-A,2022-05-31,33,570,580,195,24,10,3523665.94
World Omni Select Auto Trust 2019-A,2022-05-31,33,580,590,492,56,23,9411619.349999998
World Omni Select Auto Trust 2019-A,2022-05-31,33,590,600,599,62,29,11241996.539999992
World Omni Select Auto Trust 2019-A,2022-05-31,33,600,610,717,66,26,13336195.570000002
World Omni Select Auto Trust 2019-A,2022-05-31,33,610,620,700,62,18,12571393.709999995
World Omni Select Auto Trust 2019-A,2022-05-31,33,620,630,1021,72,22,17876001.170000017
World Omni Select Auto Trust 2019-A,2022-05-31,33,630,640,900,63,15,15554883.049999995
World Omni Select Auto Trust 2019-A,2022-05-31,33,640,650,1107,61,20,19326358.650000002
World Omni Select Auto Trust 2019-A,2022-05-31,33,650,660,153,11,4,2300440.6700000004
World Omni Select Auto Trust 2019-A,2022-05-31,33,660,670,180,5,6,3111941.8100000005
World Omni Select Auto Trust 2019-A,2022-05-31,33,670,680,163,5,3,2642863.8600000003
World Omni Select Auto Trust 2019-A,2022-05-31,33,680,690,185,4,0,2699534.49
World Omni Select Auto Trust 2019-A,2022-05-31,33,690,700,169,10,0,2579801.68
World Omni Select Auto Trust 2019-A,2022-05-31,33,700,710,295,9,2,4489233.540000001
World Omni Select Auto Trust 2019-A,2022-05-31,33,710,720,246,9,1,3898761.400000001
World Omni Select Auto Trust 2019-A,2022-05-31,33,720,730,338,8,4,5611492.5600000005
World Omni Select Auto Trust 2019-A,2022-05-31,33,730,740,307,7,1,5196959.08
World Omni Select Auto Trust 2019-A,2022-05-31,33,740,750,249,7,1,4103937.8300000024
World Omni Select Auto Trust 2019-A,2022-05-31,33,750,760,249,9,2,4022517.249999998
World Omni Select Auto Trust 2019-A,2022-05-31,33,760,770,209,5,1,3519654.4200000004
World Omni Select Auto Trust 2019-A,2022-05-31,33,770,780,214,5,0,3550986.0500000017
World Omni Select Auto Trust 2019-A,2022-05-31,33,780,790,162,1,0,2266405.5399999996
World Omni Select Auto Trust 2019-A,2022-05-31,33,790,800,153,3,0,2471342.5100000002
World Omni Select Auto Trust 2019-A,2022-05-31,33,800,810,147,1,1,2426790.88
World Omni Select Auto Trust 2019-A,2022-05-31,33,810,820,136,2,0,2107852.79
World Omni Select Auto Trust 2019-A,2022-05-31,33,820,830,119,2,0,1866826.8100000008
World Omni Select Auto Trust 2019-A,2022-05-31,33,830,840,109,0,0,1478973.6899999997
World Omni Select Auto Trust 2019-A,2022-05-31,33,840,850,101,1,0,1557841.2900000003
World Omni Select Auto Trust 2019-A,2022-05-31,33,850,860,99,0,0,1374975.2599999998
World Omni Select Auto Trust 2019-A,2022-05-31,33,860,870,51,0,0,715665.1799999999
World Omni Select Auto Trust 2019-A,2022-05-31,33,870,880,33,0,0,502969.37999999995
World Omni Select Auto Trust 2019-A,2022-05-31,33,880,890,5,1,0,49961.8
World Omni Select Auto Trust 2019-A,2022-05-31,33,890,900,1,0,0,8103.6
World Omni Select Auto Trust 2019-A,2023-05-31,45,430,440,1,0,0,14838.15
World Omni Select Auto Trust 2019-A,2023-05-31,45,450,460,2,0,0,21492.61
World Omni Select Auto Trust 2019-A,2023-05-31,45,460,470,1,0,0,11710.19
World Omni Select Auto Trust 2019-A,2023-05-31,45,470,480,1,0,1,20878.12
World Omni Select Auto Trust 2019-A,2023-05-31,45,480,490,5,1,1,82717.68
World Omni Select Auto Trust 2019-A,2023-05-31,45,490,500,6,1,1,73587.78
World Omni Select Auto Trust 2019-A,2023-05-31,45,500,510,10,2,1,137671.15000000002
World Omni Select Auto Trust 2019-A,2023-05-31,45,510,520,20,7,0,256210.64000000004
World Omni Select Auto Trust 2019-A,2023-05-31,45,520,530,30,1,2,321557.56000000006
World Omni Select Auto Trust 2019-A,2023-05-31,45,530,540,35,7,5,464096.84000000014
World Omni Select Auto Trust 2019-A,2023-05-31,45,540,550,65,8,4,876677.0599999999
World Omni Select Auto Trust 2019-A,2023-05-31,45,550,560,50,9,3,699096.9500000001
World Omni Select Auto Trust 2019-A,2023-05-31,45,560,570,82,10,6,1114765.5700000003
World Omni Select Auto Trust 2019-A,2023-05-31,45,570,580,140,25,7,1982863.6800000002
World Omni Select Auto Trust 2019-A,2023-05-31,45,580,590,348,51,15,5043808.770000001
World Omni Select Auto Trust 2019-A,2023-05-31,45,590,600,432,56,16,5963027.23
World Omni Select Auto Trust 2019-A,2023-05-31,45,600,610,483,56,18,6804150.369999995
World Omni Select Auto Trust 2019-A,2023-05-31,45,610,620,516,52,18,7001684.100000007
World Omni Select Auto Trust 2019-A,2023-05-31,45,620,630,729,61,16,9280177.929999998
World Omni Select Auto Trust 2019-A,2023-05-31,45,630,640,662,54,14,8328402.959999998
World Omni Select Auto Trust 2019-A,2023-05-31,45,640,650,822,51,13,10222333.320000004
World Omni Select Auto Trust 2019-A,2023-05-31,45,650,660,105,6,2,1110165.52
World Omni Select Auto Trust 2019-A,2023-05-31,45,660,670,126,8,4,1601340.3800000006
World Omni Select Auto Trust 2019-A,2023-05-31,45,670,680,123,3,1,1420855.99
World Omni Select Auto Trust 2019-A,2023-05-31,45,680,690,135,7,2,1442586.9900000007
World Omni Select Auto Trust 2019-A,2023-05-31,45,690,700,126,5,3,1355934.8
World Omni Select Auto Trust 2019-A,2023-05-31,45,700,710,229,10,2,2477458.940000001
World Omni Select Auto Trust 2019-A,2023-05-31,45,710,720,180,5,3,2032873.2999999996
World Omni Select Auto Trust 2019-A,2023-05-31,45,720,730,260,7,2,3150417.1700000013
World Omni Select Auto Trust 2019-A,2023-05-31,45,730,740,220,5,2,2696254.6899999995
World Omni Select Auto Trust 2019-A,2023-05-31,45,740,750,178,6,2,2176387.23
World Omni Select Auto Trust 2019-A,2023-05-31,45,750,760,189,5,1,2151826.130000001
World Omni Select Auto Trust 2019-A,2023-05-31,45,760,770,147,6,2,1871993.5700000003
World Omni Select Auto Trust 2019-A,2023-05-31,45,770,780,165,3,1,2035680.7399999995
World Omni Select Auto Trust 2019-A,2023-05-31,45,780,790,127,0,0,1219992.4199999995
World Omni Select Auto Trust 2019-A,2023-05-31,45,790,800,123,1,0,1380683.6699999992
World Omni Select Auto Trust 2019-A,2023-05-31,45,800,810,111,2,1,1298042.0900000003
World Omni Select Auto Trust 2019-A,2023-05-31,45,810,820,107,1,0,1146855.0600000003
World Omni Select Auto Trust 2019-A,2023-05-31,45,820,830,92,0,1,1004669.6299999998
World Omni Select Auto Trust 2019-A,2023-05-31,45,830,840,76,2,0,731333.3300000002
World Omni Select Auto Trust 2019-A,2023-05-31,45,840,850,86,1,0,954220.5199999998
World Omni Select Auto Trust 2019-A,2023-05-31,45,850,860,81,0,0,787985.79
World Omni Select Auto Trust 2019-A,2023-05-31,45,860,870,40,0,0,375444.8
World Omni Select Auto Trust 2019-A,2023-05-31,45,870,880,24,0,0,270677.88999999996
World Omni Select Auto Trust 2019-A,2023-05-31,45,880,890,5,0,0,32591.04
World Omni Select Auto Trust 2019-A,2023-05-31,45,890,900,1,0,0,5034.3
World Omni Select Auto Trust 2019-A,2020-06-30,10,420,430,1,0,0,18339.81
World Omni Select Auto Trust 2019-A,2020-06-30,10,430,440,2,0,0,43668.380000000005
World Omni Select Auto Trust 2019-A,2020-06-30,10,440,450,2,0,0,49259.19
World Omni Select Auto Trust 2019-A,2020-06-30,10,450,460,7,2,0,144021.86
World Omni Select Auto Trust 2019-A,2020-06-30,10,460,470,9,0,0,82913.31
World Omni Select Auto Trust 2019-A,2020-06-30,10,470,480,7,0,0,123647.89
World Omni Select Auto Trust 2019-A,2020-06-30,10,480,490,16,1,0,326486.6500000001
World Omni Select Auto Trust 2019-A,2020-06-30,10,490,500,27,2,0,486124.52
World Omni Select Auto Trust 2019-A,2020-06-30,10,500,510,51,1,0,931289.4300000002
World Omni Select Auto Trust 2019-A,2020-06-30,10,510,520,94,1,1,1622843.7000000011
World Omni Select Auto Trust 2019-A,2020-06-30,10,520,530,105,4,3,2067020.25
World Omni Select Auto Trust 2019-A,2020-06-30,10,530,540,133,6,0,2552858.5400000005
World Omni Select Auto Trust 2019-A,2020-06-30,10,540,550,251,5,2,5007114.230000002
World Omni Select Auto Trust 2019-A,2020-06-30,10,550,560,224,11,6,4623977.790000001
World Omni Select Auto Trust 2019-A,2020-06-30,10,560,570,303,15,5,6345517.399999998
World Omni Select Auto Trust 2019-A,2020-06-30,10,570,580,526,19,8,11626160.429999996
World Omni Select Auto Trust 2019-A,2020-06-30,10,580,590,1307,46,21,31229491.240000054
World Omni Select Auto Trust 2019-A,2020-06-30,10,590,600,1593,56,25,37836515.099999934
World Omni Select Auto Trust 2019-A,2020-06-30,10,600,610,1782,48,16,41749620.46999996
World Omni Select Auto Trust 2019-A,2020-06-30,10,610,620,1823,46,19,43270944.030000046
World Omni Select Auto Trust 2019-A,2020-06-30,10,620,630,2445,50,29,57358802.09999998
World Omni Select Auto Trust 2019-A,2020-06-30,10,630,640,2235,37,24,51912722.36999995
World Omni Select Auto Trust 2019-A,2020-06-30,10,640,650,2659,50,27,62860194.84999991
World Omni Select Auto Trust 2019-A,2020-06-30,10,650,660,370,7,5,7745822.180000002
World Omni Select Auto Trust 2019-A,2020-06-30,10,660,670,418,9,1,9886280.510000005
World Omni Select Auto Trust 2019-A,2020-06-30,10,670,680,356,4,2,8128146.720000001
World Omni Select Auto Trust 2019-A,2020-06-30,10,680,690,381,3,0,8281288.8300000075
World Omni Select Auto Trust 2019-A,2020-06-30,10,690,700,380,7,3,8226075.949999999
World Omni Select Auto Trust 2019-A,2020-06-30,10,700,710,595,4,0,13271828.599999996
World Omni Select Auto Trust 2019-A,2020-06-30,10,710,720,468,4,2,10729741.34
World Omni Select Auto Trust 2019-A,2020-06-30,10,720,730,633,6,2,15592993.409999996
World Omni Select Auto Trust 2019-A,2020-06-30,10,730,740,584,6,3,15190317.360000007
World Omni Select Auto Trust 2019-A,2020-06-30,10,740,750,467,2,3,11546721.160000011
World Omni Select Auto Trust 2019-A,2020-06-30,10,750,760,461,7,1,11203554.579999996
World Omni Select Auto Trust 2019-A,2020-06-30,10,760,770,363,1,0,8782921.930000002
World Omni Select Auto Trust 2019-A,2020-06-30,10,770,780,369,2,0,9040351.550000004
World Omni Select Auto Trust 2019-A,2020-06-30,10,780,790,316,1,0,7251098.180000001
World Omni Select Auto Trust 2019-A,2020-06-30,10,790,800,303,1,2,7067052.739999991
World Omni Select Auto Trust 2019-A,2020-06-30,10,800,810,265,3,0,6139944.520000006
World Omni Select Auto Trust 2019-A,2020-06-30,10,810,820,245,1,0,5686504.110000005
World Omni Select Auto Trust 2019-A,2020-06-30,10,820,830,213,0,0,4722462.719999997
World Omni Select Auto Trust 2019-A,2020-06-30,10,830,840,195,0,0,4041726.110000001
World Omni Select Auto Trust 2019-A,2020-06-30,10,840,850,178,0,0,4127862.0700000026
World Omni Select Auto Trust 2019-A,2020-06-30,10,850,860,166,0,0,3490144.93
World Omni Select Auto Trust 2019-A,2020-06-30,10,860,870,89,1,0,1900259.5200000003
World Omni Select Auto Trust 2019-A,2020-06-30,10,870,880,48,0,0,1156280.2399999998
World Omni Select Auto Trust 2019-A,2020-06-30,10,880,890,9,0,0,142195.16999999998
World Omni Select Auto Trust 2019-A,2020-06-30,10,890,900,2,0,0,34923.73
World Omni Select Auto Trust 2019-A,2021-06-30,22,420,430,1,0,0,16992.24
World Omni Select Auto Trust 2019-A,2021-06-30,22,430,440,2,0,0,37831.68
World Omni Select Auto Trust 2019-A,2021-06-30,22,440,450,1,0,0,20161.45
World Omni Select Auto Trust 2019-A,2021-06-30,22,450,460,3,1,0,47261.52
World Omni Select Auto Trust 2019-A,2021-06-30,22,460,470,4,0,0,40600.29
World Omni Select Auto Trust 2019-A,2021-06-30,22,470,480,3,1,0,66943.3
World Omni Select Auto Trust 2019-A,2021-06-30,22,480,490,8,2,0,184058.13
World Omni Select Auto Trust 2019-A,2021-06-30,22,490,500,13,3,1,251895.87000000005
World Omni Select Auto Trust 2019-A,2021-06-30,22,500,510,26,5,1,462264.88999999996
World Omni Select Auto Trust 2019-A,2021-06-30,22,510,520,52,3,2,915078.1800000002
World Omni Select Auto Trust 2019-A,2021-06-30,22,520,530,65,6,1,1215012.4900000002
World Omni Select Auto Trust 2019-A,2021-06-30,22,530,540,78,7,1,1416937.7899999996
World Omni Select Auto Trust 2019-A,2021-06-30,22,540,550,137,10,5,2590729.1700000004
World Omni Select Auto Trust 2019-A,2021-06-30,22,550,560,122,13,1,2343267.25
World Omni Select Auto Trust 2019-A,2021-06-30,22,560,570,180,13,7,3576186.3400000012
World Omni Select Auto Trust 2019-A,2021-06-30,22,570,580,317,22,8,6506578.620000007
World Omni Select Auto Trust 2019-A,2021-06-30,22,580,590,762,74,18,17063579.86999999
World Omni Select Auto Trust 2019-A,2021-06-30,22,590,600,934,54,23,20105642.709999967
World Omni Select Auto Trust 2019-A,2021-06-30,22,600,610,1095,50,10,22991386.890000034
World Omni Select Auto Trust 2019-A,2021-06-30,22,610,620,1084,61,14,23578585.099999975
World Omni Select Auto Trust 2019-A,2021-06-30,22,620,630,1519,61,27,31940588.229999993
World Omni Select Auto Trust 2019-A,2021-06-30,22,630,640,1397,57,18,29245781.80999996
World Omni Select Auto Trust 2019-A,2021-06-30,22,640,650,1607,58,20,33928861.33000004
World Omni Select Auto Trust 2019-A,2021-06-30,22,650,660,220,6,3,3947146.200000002
World Omni Select Auto Trust 2019-A,2021-06-30,22,660,670,264,6,1,5297642.0299999975
World Omni Select Auto Trust 2019-A,2021-06-30,22,670,680,236,4,3,4635665.05
World Omni Select Auto Trust 2019-A,2021-06-30,22,680,690,263,6,2,4963531.170000002
World Omni Select Auto Trust 2019-A,2021-06-30,22,690,700,265,4,2,4988099.090000001
World Omni Select Auto Trust 2019-A,2021-06-30,22,700,710,405,11,1,7896756.21
World Omni Select Auto Trust 2019-A,2021-06-30,22,710,720,339,4,1,6544167.159999997
World Omni Select Auto Trust 2019-A,2021-06-30,22,720,730,475,8,3,9898341.899999997
World Omni Select Auto Trust 2019-A,2021-06-30,22,730,740,429,7,0,9063026.660000006
World Omni Select Auto Trust 2019-A,2021-06-30,22,740,750,342,4,3,7057632.379999991
World Omni Select Auto Trust 2019-A,2021-06-30,22,750,760,334,9,2,6826155.310000008
World Omni Select Auto Trust 2019-A,2021-06-30,22,760,770,255,2,0,5342150.3199999975
World Omni Select Auto Trust 2019-A,2021-06-30,22,770,780,274,3,1,5604564.630000005
World Omni Select Auto Trust 2019-A,2021-06-30,22,780,790,221,2,1,4112584.7600000026
World Omni Select Auto Trust 2019-A,2021-06-30,22,790,800,228,3,0,4546235.880000001
World Omni Select Auto Trust 2019-A,2021-06-30,22,800,810,192,2,0,3712651.759999999
World Omni Select Auto Trust 2019-A,2021-06-30,22,810,820,182,3,0,3520920.509999998
World Omni Select Auto Trust 2019-A,2021-06-30,22,820,830,154,0,0,2912590.250000001
World Omni Select Auto Trust 2019-A,2021-06-30,22,830,840,142,2,0,2475138.6799999992
World Omni Select Auto Trust 2019-A,2021-06-30,22,840,850,141,0,0,2698545.1499999994
World Omni Select Auto Trust 2019-A,2021-06-30,22,850,860,122,0,0,2138039.8199999994
World Omni Select Auto Trust 2019-A,2021-06-30,22,860,870,68,0,0,1182979.8199999998
World Omni Select Auto Trust 2019-A,2021-06-30,22,870,880,41,0,0,819022.58
World Omni Select Auto Trust 2019-A,2021-06-30,22,880,890,6,0,0,65698.47
World Omni Select Auto Trust 2019-A,2021-06-30,22,890,900,2,0,0,26141.28
World Omni Select Auto Trust 2019-A,2022-06-30,34,430,440,1,0,0,18356.57
World Omni Select Auto Trust 2019-A,2022-06-30,34,450,460,1,2,0,37513.49
World Omni Select Auto Trust 2019-A,2022-06-30,34,460,470,2,0,0,27668.15
World Omni Select Auto Trust 2019-A,2022-06-30,34,470,480,2,1,0,45545.5
World Omni Select Auto Trust 2019-A,2022-06-30,34,480,490,7,1,0,125421.75
World Omni Select Auto Trust 2019-A,2022-06-30,34,490,500,9,2,0,130222.36000000002
World Omni Select Auto Trust 2019-A,2022-06-30,34,500,510,17,3,0,254848.08999999997
World Omni Select Auto Trust 2019-A,2022-06-30,34,510,520,33,5,0,460060.53000000014
World Omni Select Auto Trust 2019-A,2022-06-30,34,520,530,43,1,5,680578.4899999999
World Omni Select Auto Trust 2019-A,2022-06-30,34,530,540,58,4,1,823387.5800000004
World Omni Select Auto Trust 2019-A,2022-06-30,34,540,550,85,13,4,1484574.7900000007
World Omni Select Auto Trust 2019-A,2022-06-30,34,550,560,69,9,5,1188703.5899999999
World Omni Select Auto Trust 2019-A,2022-06-30,34,560,570,117,11,8,2025372.85
World Omni Select Auto Trust 2019-A,2022-06-30,34,570,580,185,24,13,3380574.699999999
World Omni Select Auto Trust 2019-A,2022-06-30,34,580,590,477,57,25,9000096.930000003
World Omni Select Auto Trust 2019-A,2022-06-30,34,590,600,584,64,24,10683655.759999992
World Omni Select Auto Trust 2019-A,2022-06-30,34,600,610,693,65,25,12591950.010000011
World Omni Select Auto Trust 2019-A,2022-06-30,34,610,620,668,64,21,11922078.88999999
World Omni Select Auto Trust 2019-A,2022-06-30,34,620,630,979,79,26,16984938.019999992
World Omni Select Auto Trust 2019-A,2022-06-30,34,630,640,878,51,19,14805227.30000002
World Omni Select Auto Trust 2019-A,2022-06-30,34,640,650,1071,59,24,18259696.589999977
World Omni Select Auto Trust 2019-A,2022-06-30,34,650,660,145,12,5,2181762.6100000003
World Omni Select Auto Trust 2019-A,2022-06-30,34,660,670,173,8,4,2939482.3999999985
World Omni Select Auto Trust 2019-A,2022-06-30,34,670,680,157,7,3,2495008.199999999
World Omni Select Auto Trust 2019-A,2022-06-30,34,680,690,178,6,1,2570030.439999998
World Omni Select Auto Trust 2019-A,2022-06-30,34,690,700,163,4,4,2418173.02
World Omni Select Auto Trust 2019-A,2022-06-30,34,700,710,286,8,2,4259682.989999999
World Omni Select Auto Trust 2019-A,2022-06-30,34,710,720,234,10,2,3681701.2199999997
World Omni Select Auto Trust 2019-A,2022-06-30,34,720,730,331,9,1,5283181.57
World Omni Select Auto Trust 2019-A,2022-06-30,34,730,740,295,7,2,4900072.980000003
World Omni Select Auto Trust 2019-A,2022-06-30,34,740,750,243,6,1,3897522.5700000003
World Omni Select Auto Trust 2019-A,2022-06-30,34,750,760,243,3,5,3820124.159999999
World Omni Select Auto Trust 2019-A,2022-06-30,34,760,770,203,5,2,3361500.0499999984
World Omni Select Auto Trust 2019-A,2022-06-30,34,770,780,212,3,0,3430592.370000001
World Omni Select Auto Trust 2019-A,2022-06-30,34,780,790,159,0,1,2153059.3200000003
World Omni Select Auto Trust 2019-A,2022-06-30,34,790,800,149,2,2,2372749.06
World Omni Select Auto Trust 2019-A,2022-06-30,34,800,810,144,1,2,2316171.0500000003
World Omni Select Auto Trust 2019-A,2022-06-30,34,810,820,135,1,0,2019489.0400000003
World Omni Select Auto Trust 2019-A,2022-06-30,34,820,830,116,1,0,1733298.9900000002
World Omni Select Auto Trust 2019-A,2022-06-30,34,830,840,102,0,0,1404102.09
World Omni Select Auto Trust 2019-A,2022-06-30,34,840,850,101,0,0,1506978.460000001
World Omni Select Auto Trust 2019-A,2022-06-30,34,850,860,96,1,0,1328479.7000000004
World Omni Select Auto Trust 2019-A,2022-06-30,34,860,870,50,1,0,697055.5300000001
World Omni Select Auto Trust 2019-A,2022-06-30,34,870,880,33,0,0,490157.18999999994
World Omni Select Auto Trust 2019-A,2022-06-30,34,880,890,6,0,0,48413.310000000005
World Omni Select Auto Trust 2019-A,2022-06-30,34,890,900,1,0,0,7853.28
World Omni Select Auto Trust 2019-A,2023-06-30,46,430,440,1,0,0,14534.1
World Omni Select Auto Trust 2019-A,2023-06-30,46,450,460,2,0,0,20965.31
World Omni Select Auto Trust 2019-A,2023-06-30,46,460,470,1,0,0,11367.43
World Omni Select Auto Trust 2019-A,2023-06-30,46,470,480,1,0,1,20635.33
World Omni Select Auto Trust 2019-A,2023-06-30,46,480,490,4,1,1,66665.92
World Omni Select Auto Trust 2019-A,2023-06-30,46,490,500,5,2,1,71584.59
World Omni Select Auto Trust 2019-A,2023-06-30,46,500,510,8,4,1,135038.61
World Omni Select Auto Trust 2019-A,2023-06-30,46,510,520,18,7,1,244376.16
World Omni Select Auto Trust 2019-A,2023-06-30,46,520,530,28,2,2,297470.93999999994
World Omni Select Auto Trust 2019-A,2023-06-30,46,530,540,37,2,7,448062.17
World Omni Select Auto Trust 2019-A,2023-06-30,46,540,550,61,11,3,834205.4000000003
World Omni Select Auto Trust 2019-A,2023-06-30,46,550,560,48,8,3,648394.5299999999
World Omni Select Auto Trust 2019-A,2023-06-30,46,560,570,80,14,4,1082678.1199999999
World Omni Select Auto Trust 2019-A,2023-06-30,46,570,580,140,21,7,1867871.7200000007
World Omni Select Auto Trust 2019-A,2023-06-30,46,580,590,342,41,19,4717754.439999997
World Omni Select Auto Trust 2019-A,2023-06-30,46,590,600,429,45,19,5655342.410000001
World Omni Select Auto Trust 2019-A,2023-06-30,46,600,610,475,52,14,6382273.609999999
World Omni Select Auto Trust 2019-A,2023-06-30,46,610,620,492,61,18,6586999.180000003
World Omni Select Auto Trust 2019-A,2023-06-30,46,620,630,703,62,19,8754527.320000002
World Omni Select Auto Trust 2019-A,2023-06-30,46,630,640,644,54,18,7913806.0799999945
World Omni Select Auto Trust 2019-A,2023-06-30,46,640,650,796,46,18,9639022.04999999
World Omni Select Auto Trust 2019-A,2023-06-30,46,650,660,102,6,2,1038640.1900000004
World Omni Select Auto Trust 2019-A,2023-06-30,46,660,670,122,8,3,1496481.4399999995
World Omni Select Auto Trust 2019-A,2023-06-30,46,670,680,117,4,1,1302826.6099999999
World Omni Select Auto Trust 2019-A,2023-06-30,46,680,690,132,7,1,1365811.5899999999
World Omni Select Auto Trust 2019-A,2023-06-30,46,690,700,123,7,2,1289349.9300000002
World Omni Select Auto Trust 2019-A,2023-06-30,46,700,710,220,12,3,2319062.3300000005
World Omni Select Auto Trust 2019-A,2023-06-30,46,710,720,175,9,0,1910853.1800000006
World Omni Select Auto Trust 2019-A,2023-06-30,46,720,730,252,8,2,2922100.4300000006
World Omni Select Auto Trust 2019-A,2023-06-30,46,730,740,214,5,0,2506268.3200000017
World Omni Select Auto Trust 2019-A,2023-06-30,46,740,750,171,6,3,2046716.4299999997
World Omni Select Auto Trust 2019-A,2023-06-30,46,750,760,184,4,3,2062571.5199999996
World Omni Select Auto Trust 2019-A,2023-06-30,46,760,770,149,1,1,1740978.0099999998
World Omni Select Auto Trust 2019-A,2023-06-30,46,770,780,163,2,1,1959832.929999999
World Omni Select Auto Trust 2019-A,2023-06-30,46,780,790,125,0,0,1170580.2699999998
World Omni Select Auto Trust 2019-A,2023-06-30,46,790,800,119,2,1,1291379.72
World Omni Select Auto Trust 2019-A,2023-06-30,46,800,810,107,3,0,1210678.5999999999
World Omni Select Auto Trust 2019-A,2023-06-30,46,810,820,108,0,0,1094928.6500000001
World Omni Select Auto Trust 2019-A,2023-06-30,46,820,830,90,2,1,966745.8400000003
World Omni Select Auto Trust 2019-A,2023-06-30,46,830,840,71,3,0,682147.6099999999
World Omni Select Auto Trust 2019-A,2023-06-30,46,840,850,84,0,0,893940.2800000003
World Omni Select Auto Trust 2019-A,2023-06-30,46,850,860,75,0,0,711361.3299999997
World Omni Select Auto Trust 2019-A,2023-06-30,46,860,870,40,0,0,344883.27
World Omni Select Auto Trust 2019-A,2023-06-30,46,870,880,24,0,0,259522.3
World Omni Select Auto Trust 2019-A,2023-06-30,46,880,890,5,0,0,31506.6
World Omni Select Auto Trust 2019-A,2023-06-30,46,890,900,1,0,0,4772.92
World Omni Select Auto Trust 2019-A,2020-07-31,11,420,430,1,0,0,18339.81
World Omni Select Auto Trust 2019-A,2020-07-31,11,430,440,2,0,0,43397.48
World Omni Select Auto Trust 2019-A,2020-07-31,11,440,450,1,0,0,22117.2
World Omni Select Auto Trust 2019-A,2020-07-31,11,450,460,6,3,0,141645.94
World Omni Select Auto Trust 2019-A,2020-07-31,11,460,470,9,0,0,80725.92
World Omni Select Auto Trust 2019-A,2020-07-31,11,470,480,6,1,0,123644.16
World Omni Select Auto Trust 2019-A,2020-07-31,11,480,490,15,0,1,323581.68
World Omni Select Auto Trust 2019-A,2020-07-31,11,490,500,26,3,0,479848.27000000014
World Omni Select Auto Trust 2019-A,2020-07-31,11,500,510,45,1,1,846932.08
World Omni Select Auto Trust 2019-A,2020-07-31,11,510,520,90,4,1,1604116.7800000003
World Omni Select Auto Trust 2019-A,2020-07-31,11,520,530,102,2,6,2046517.250000001
World Omni Select Auto Trust 2019-A,2020-07-31,11,530,540,130,3,2,2500174.8600000003
World Omni Select Auto Trust 2019-A,2020-07-31,11,540,550,235,16,2,4876818.549999999
World Omni Select Auto Trust 2019-A,2020-07-31,11,550,560,217,15,7,4536415.72
World Omni Select Auto Trust 2019-A,2020-07-31,11,560,570,287,17,6,6072599.620000005
World Omni Select Auto Trust 2019-A,2020-07-31,11,570,580,498,28,8,11063411.05000001
World Omni Select Auto Trust 2019-A,2020-07-31,11,580,590,1240,63,21,29858540.759999953
World Omni Select Auto Trust 2019-A,2020-07-31,11,590,600,1531,62,32,36415340.209999956
World Omni Select Auto Trust 2019-A,2020-07-31,11,600,610,1704,59,27,40143561.28999994
World Omni Select Auto Trust 2019-A,2020-07-31,11,610,620,1740,54,23,41202951.770000055
World Omni Select Auto Trust 2019-A,2020-07-31,11,620,630,2329,81,29,55084759.24999997
World Omni Select Auto Trust 2019-A,2020-07-31,11,630,640,2132,62,21,49773286.77000004
World Omni Select Auto Trust 2019-A,2020-07-31,11,640,650,2531,73,26,60180054.79999997
World Omni Select Auto Trust 2019-A,2020-07-31,11,650,660,354,9,2,7292757.190000003
World Omni Select Auto Trust 2019-A,2020-07-31,11,660,670,404,12,2,9527804.38
World Omni Select Auto Trust 2019-A,2020-07-31,11,670,680,341,10,0,7881876.830000003
World Omni Select Auto Trust 2019-A,2020-07-31,11,680,690,370,6,1,8031296.600000001
World Omni Select Auto Trust 2019-A,2020-07-31,11,690,700,367,6,6,7931357.550000001
World Omni Select Auto Trust 2019-A,2020-07-31,11,700,710,578,9,2,12930980.370000001
World Omni Select Auto Trust 2019-A,2020-07-31,11,710,720,460,4,3,10365066.880000006
World Omni Select Auto Trust 2019-A,2020-07-31,11,720,730,613,8,3,14905155.990000004
World Omni Select Auto Trust 2019-A,2020-07-31,11,730,740,566,6,3,14515444.080000008
World Omni Select Auto Trust 2019-A,2020-07-31,11,740,750,455,4,4,11209355.499999998
World Omni Select Auto Trust 2019-A,2020-07-31,11,750,760,451,6,1,10863524.739999993
World Omni Select Auto Trust 2019-A,2020-07-31,11,760,770,351,1,0,8394977.960000005
World Omni Select Auto Trust 2019-A,2020-07-31,11,770,780,359,3,1,8706648.930000009
World Omni Select Auto Trust 2019-A,2020-07-31,11,780,790,308,4,0,7047297.860000003
World Omni Select Auto Trust 2019-A,2020-07-31,11,790,800,292,2,1,6718321.54
World Omni Select Auto Trust 2019-A,2020-07-31,11,800,810,261,5,0,6006564.709999999
World Omni Select Auto Trust 2019-A,2020-07-31,11,810,820,238,0,1,5376130.549999998
World Omni Select Auto Trust 2019-A,2020-07-31,11,820,830,208,0,0,4547584.090000001
World Omni Select Auto Trust 2019-A,2020-07-31,11,830,840,189,1,1,3909223.3600000013
World Omni Select Auto Trust 2019-A,2020-07-31,11,840,850,175,0,0,4019958.4200000004
World Omni Select Auto Trust 2019-A,2020-07-31,11,850,860,162,1,0,3383792.49
World Omni Select Auto Trust 2019-A,2020-07-31,11,860,870,89,0,1,1869223.71
World Omni Select Auto Trust 2019-A,2020-07-31,11,870,880,48,0,0,1140420.8600000003
World Omni Select Auto Trust 2019-A,2020-07-31,11,880,890,9,0,0,140266.88
World Omni Select Auto Trust 2019-A,2020-07-31,11,890,900,2,0,0,34216.54
World Omni Select Auto Trust 2019-A,2021-07-31,23,420,430,1,0,0,16790.48
World Omni Select Auto Trust 2019-A,2021-07-31,23,430,440,2,0,0,37245.07
World Omni Select Auto Trust 2019-A,2021-07-31,23,440,450,1,0,0,19438.67
World Omni Select Auto Trust 2019-A,2021-07-31,23,450,460,3,1,0,46456.979999999996
World Omni Select Auto Trust 2019-A,2021-07-31,23,460,470,4,0,0,39954.51
World Omni Select Auto Trust 2019-A,2021-07-31,23,470,480,3,0,1,66391.44
World Omni Select Auto Trust 2019-A,2021-07-31,23,480,490,9,1,0,181607.84999999998
World Omni Select Auto Trust 2019-A,2021-07-31,23,490,500,13,2,2,247948.12
World Omni Select Auto Trust 2019-A,2021-07-31,23,500,510,24,6,1,455453.89
World Omni Select Auto Trust 2019-A,2021-07-31,23,510,520,48,4,2,872096.8999999999
World Omni Select Auto Trust 2019-A,2021-07-31,23,520,530,64,5,2,1178630.4899999995
World Omni Select Auto Trust 2019-A,2021-07-31,23,530,540,82,4,0,1396837.1999999997
World Omni Select Auto Trust 2019-A,2021-07-31,23,540,550,133,8,6,2475288.98
World Omni Select Auto Trust 2019-A,2021-07-31,23,550,560,118,9,4,2254813.47
World Omni Select Auto Trust 2019-A,2021-07-31,23,560,570,159,18,5,3224648.8300000015
World Omni Select Auto Trust 2019-A,2021-07-31,23,570,580,295,28,8,6135850.890000005
World Omni Select Auto Trust 2019-A,2021-07-31,23,580,590,722,66,30,16128974.520000013
World Omni Select Auto Trust 2019-A,2021-07-31,23,590,600,883,73,22,19176552.35
World Omni Select Auto Trust 2019-A,2021-07-31,23,600,610,1038,71,12,22010601.149999965
World Omni Select Auto Trust 2019-A,2021-07-31,23,610,620,1024,73,17,22229614.48999999
World Omni Select Auto Trust 2019-A,2021-07-31,23,620,630,1458,68,21,30222912.80999998
World Omni Select Auto Trust 2019-A,2021-07-31,23,630,640,1314,70,20,27410725.130000003
World Omni Select Auto Trust 2019-A,2021-07-31,23,640,650,1524,65,24,32017833.20000003
World Omni Select Auto Trust 2019-A,2021-07-31,23,650,660,206,5,4,3631535.0800000005
World Omni Select Auto Trust 2019-A,2021-07-31,23,660,670,251,8,3,5084228.779999999
World Omni Select Auto Trust 2019-A,2021-07-31,23,670,680,221,7,2,4329441.410000003
World Omni Select Auto Trust 2019-A,2021-07-31,23,680,690,241,12,3,4662178.300000002
World Omni Select Auto Trust 2019-A,2021-07-31,23,690,700,257,6,1,4813815.319999999
World Omni Select Auto Trust 2019-A,2021-07-31,23,700,710,391,8,6,7485319.710000001
World Omni Select Auto Trust 2019-A,2021-07-31,23,710,720,329,7,0,6277420.509999998
World Omni Select Auto Trust 2019-A,2021-07-31,23,720,730,463,5,6,9497544.739999995
World Omni Select Auto Trust 2019-A,2021-07-31,23,730,740,408,7,1,8405746.660000002
World Omni Select Auto Trust 2019-A,2021-07-31,23,740,750,332,4,1,6688089.83
World Omni Select Auto Trust 2019-A,2021-07-31,23,750,760,324,9,3,6499253.000000008
World Omni Select Auto Trust 2019-A,2021-07-31,23,760,770,250,3,0,5155197.879999997
World Omni Select Auto Trust 2019-A,2021-07-31,23,770,780,271,1,1,5413750.619999998
World Omni Select Auto Trust 2019-A,2021-07-31,23,780,790,212,3,1,3895950.459999998
World Omni Select Auto Trust 2019-A,2021-07-31,23,790,800,218,5,0,4322859.42
World Omni Select Auto Trust 2019-A,2021-07-31,23,800,810,188,2,1,3591265.369999996
World Omni Select Auto Trust 2019-A,2021-07-31,23,810,820,179,1,1,3340804.679999998
World Omni Select Auto Trust 2019-A,2021-07-31,23,820,830,150,2,0,2814560.59
World Omni Select Auto Trust 2019-A,2021-07-31,23,830,840,138,0,0,2322946.2800000003
World Omni Select Auto Trust 2019-A,2021-07-31,23,840,850,135,0,0,2550563.419999998
World Omni Select Auto Trust 2019-A,2021-07-31,23,850,860,120,0,0,2052181.14
World Omni Select Auto Trust 2019-A,2021-07-31,23,860,870,66,0,0,1112604.4200000002
World Omni Select Auto Trust 2019-A,2021-07-31,23,870,880,40,0,0,785533.0499999999
World Omni Select Auto Trust 2019-A,2021-07-31,23,880,890,6,0,0,64489.21
World Omni Select Auto Trust 2019-A,2021-07-31,23,890,900,2,0,0,25400.12
World Omni Select Auto Trust 2019-A,2022-07-31,35,430,440,1,0,0,18087.34
World Omni Select Auto Trust 2019-A,2022-07-31,35,450,460,2,1,0,36647.78
World Omni Select Auto Trust 2019-A,2022-07-31,35,460,470,1,1,0,27447.62
World Omni Select Auto Trust 2019-A,2022-07-31,35,470,480,3,0,0,44462.66
World Omni Select Auto Trust 2019-A,2022-07-31,35,480,490,7,1,0,123275.96
World Omni Select Auto Trust 2019-A,2022-07-31,35,490,500,7,3,1,128243.10999999999
World Omni Select Auto Trust 2019-A,2022-07-31,35,500,510,15,3,1,235139.12000000002
World Omni Select Auto Trust 2019-A,2022-07-31,35,510,520,28,6,2,433868.83000000013
World Omni Select Auto Trust 2019-A,2022-07-31,35,520,530,37,4,6,619606.4299999998
World Omni Select Auto Trust 2019-A,2022-07-31,35,530,540,47,10,4,783188.27
World Omni Select Auto Trust 2019-A,2022-07-31,35,540,550,77,17,7,1450258.6099999992
World Omni Select Auto Trust 2019-A,2022-07-31,35,550,560,65,11,4,1114845.79
World Omni Select Auto Trust 2019-A,2022-07-31,35,560,570,107,17,8,1932292.1300000001
World Omni Select Auto Trust 2019-A,2022-07-31,35,570,580,175,28,14,3241779.529999999
World Omni Select Auto Trust 2019-A,2022-07-31,35,580,590,457,63,27,8575583.539999997
World Omni Select Auto Trust 2019-A,2022-07-31,35,590,600,551,66,33,10095264.629999997
World Omni Select Auto Trust 2019-A,2022-07-31,35,600,610,640,89,26,11870485.119999995
World Omni Select Auto Trust 2019-A,2022-07-31,35,610,620,648,55,31,11355378.630000006
World Omni Select Auto Trust 2019-A,2022-07-31,35,620,630,927,101,29,16142528.93000001
World Omni Select Auto Trust 2019-A,2022-07-31,35,630,640,843,59,15,14020827.539999997
World Omni Select Auto Trust 2019-A,2022-07-31,35,640,650,1030,68,26,17315853.37
World Omni Select Auto Trust 2019-A,2022-07-31,35,650,660,144,9,6,2088420.250000001
World Omni Select Auto Trust 2019-A,2022-07-31,35,660,670,169,10,3,2798722.9299999997
World Omni Select Auto Trust 2019-A,2022-07-31,35,670,680,154,6,3,2355645.409999999
World Omni Select Auto Trust 2019-A,2022-07-31,35,680,690,174,9,1,2497109.549999999
World Omni Select Auto Trust 2019-A,2022-07-31,35,690,700,157,8,3,2326417.610000001
World Omni Select Auto Trust 2019-A,2022-07-31,35,700,710,280,10,3,4111833.369999999
World Omni Select Auto Trust 2019-A,2022-07-31,35,710,720,229,9,2,3481533.2999999984
World Omni Select Auto Trust 2019-A,2022-07-31,35,720,730,324,10,2,5095747.279999998
World Omni Select Auto Trust 2019-A,2022-07-31,35,730,740,288,10,1,4718842.670000004
World Omni Select Auto Trust 2019-A,2022-07-31,35,740,750,241,3,4,3790843.9000000046
World Omni Select Auto Trust 2019-A,2022-07-31,35,750,760,236,5,4,3633797.9500000007
World Omni Select Auto Trust 2019-A,2022-07-31,35,760,770,199,4,1,3137476.0
World Omni Select Auto Trust 2019-A,2022-07-31,35,770,780,211,4,0,3349510.26
World Omni Select Auto Trust 2019-A,2022-07-31,35,780,790,153,2,0,2035266.9400000002
World Omni Select Auto Trust 2019-A,2022-07-31,35,790,800,144,3,4,2293077.29
World Omni Select Auto Trust 2019-A,2022-07-31,35,800,810,144,2,0,2250843.95
World Omni Select Auto Trust 2019-A,2022-07-31,35,810,820,131,0,0,1914247.6199999996
World Omni Select Auto Trust 2019-A,2022-07-31,35,820,830,112,2,1,1674209.3499999996
World Omni Select Auto Trust 2019-A,2022-07-31,35,830,840,97,3,0,1322751.57
World Omni Select Auto Trust 2019-A,2022-07-31,35,840,850,99,1,0,1447105.4500000002
World Omni Select Auto Trust 2019-A,2022-07-31,35,850,860,94,1,0,1277429.2900000003
World Omni Select Auto Trust 2019-A,2022-07-31,35,860,870,50,0,0,664547.2000000001
World Omni Select Auto Trust 2019-A,2022-07-31,35,870,880,31,1,0,466635.37
World Omni Select Auto Trust 2019-A,2022-07-31,35,880,890,6,0,0,46580.00000000001
World Omni Select Auto Trust 2019-A,2022-07-31,35,890,900,1,0,0,7601.15
World Omni Select Auto Trust 2019-A,2023-07-31,47,430,440,1,0,0,14168.34
World Omni Select Auto Trust 2019-A,2023-07-31,47,450,460,2,0,0,20019.73
World Omni Select Auto Trust 2019-A,2023-07-31,47,460,470,0,1,0,11366.77
World Omni Select Auto Trust 2019-A,2023-07-31,47,470,480,2,0,0,19857.85
World Omni Select Auto Trust 2019-A,2023-07-31,47,480,490,5,0,1,65061.74
World Omni Select Auto Trust 2019-A,2023-07-31,47,490,500,5,2,1,69916.81000000001
World Omni Select Auto Trust 2019-A,2023-07-31,47,500,510,8,4,1,130645.98
World Omni Select Auto Trust 2019-A,2023-07-31,47,510,520,20,6,0,236518.19
World Omni Select Auto Trust 2019-A,2023-07-31,47,520,530,27,1,3,273234.59
World Omni Select Auto Trust 2019-A,2023-07-31,47,530,540,35,6,4,427202.48999999993
World Omni Select Auto Trust 2019-A,2023-07-31,47,540,550,58,11,5,790732.8900000001
World Omni Select Auto Trust 2019-A,2023-07-31,47,550,560,45,12,1,621582.5799999998
World Omni Select Auto Trust 2019-A,2023-07-31,47,560,570,78,11,6,1020364.2400000001
World Omni Select Auto Trust 2019-A,2023-07-31,47,570,580,130,27,6,1762294.039999999
World Omni Select Auto Trust 2019-A,2023-07-31,47,580,590,324,52,16,4472211.940000001
World Omni Select Auto Trust 2019-A,2023-07-31,47,590,600,409,47,20,5280909.700000004
World Omni Select Auto Trust 2019-A,2023-07-31,47,600,610,464,49,18,6075903.599999999
World Omni Select Auto Trust 2019-A,2023-07-31,47,610,620,483,56,12,6118783.689999993
World Omni Select Auto Trust 2019-A,2023-07-31,47,620,630,674,66,26,8285360.250000004
World Omni Select Auto Trust 2019-A,2023-07-31,47,630,640,632,58,15,7517748.379999994
World Omni Select Auto Trust 2019-A,2023-07-31,47,640,650,773,55,18,9162771.609999998
World Omni Select Auto Trust 2019-A,2023-07-31,47,650,660,97,9,2,976993.0999999999
World Omni Select Auto Trust 2019-A,2023-07-31,47,660,670,123,6,4,1436865.15
World Omni Select Auto Trust 2019-A,2023-07-31,47,670,680,113,5,2,1239605.1599999997
World Omni Select Auto Trust 2019-A,2023-07-31,47,680,690,129,10,1,1310762.37
World Omni Select Auto Trust 2019-A,2023-07-31,47,690,700,120,8,1,1227732.2199999997
World Omni Select Auto Trust 2019-A,2023-07-31,47,700,710,216,9,3,2183712.4799999995
World Omni Select Auto Trust 2019-A,2023-07-31,47,710,720,169,12,0,1828861.1900000009
World Omni Select Auto Trust 2019-A,2023-07-31,47,720,730,246,9,3,2797316.470000002
World Omni Select Auto Trust 2019-A,2023-07-31,47,730,740,207,7,0,2385227.97
World Omni Select Auto Trust 2019-A,2023-07-31,47,740,750,171,1,5,1942129.2900000007
World Omni Select Auto Trust 2019-A,2023-07-31,47,750,760,179,8,0,1944982.2599999998
World Omni Select Auto Trust 2019-A,2023-07-31,47,760,770,144,4,1,1671697.2799999996
World Omni Select Auto Trust 2019-A,2023-07-31,47,770,780,159,2,2,1854419.22
World Omni Select Auto Trust 2019-A,2023-07-31,47,780,790,121,2,0,1119472.4799999997
World Omni Select Auto Trust 2019-A,2023-07-31,47,790,800,118,2,1,1235140.7999999996
World Omni Select Auto Trust 2019-A,2023-07-31,47,800,810,107,1,0,1140755.55
World Omni Select Auto Trust 2019-A,2023-07-31,47,810,820,105,2,0,1033509.5900000007
World Omni Select Auto Trust 2019-A,2023-07-31,47,820,830,87,2,0,902817.0300000004
World Omni Select Auto Trust 2019-A,2023-07-31,47,830,840,69,1,0,633971.17
World Omni Select Auto Trust 2019-A,2023-07-31,47,840,850,83,0,0,855256.0300000001
World Omni Select Auto Trust 2019-A,2023-07-31,47,850,860,72,0,0,663034.2499999998
World Omni Select Auto Trust 2019-A,2023-07-31,47,860,870,37,0,0,324886.3400000001
World Omni Select Auto Trust 2019-A,2023-07-31,47,870,880,24,0,0,249383.44000000006
World Omni Select Auto Trust 2019-A,2023-07-31,47,880,890,5,0,0,30146.420000000002
World Omni Select Auto Trust 2019-A,2023-07-31,47,890,900,1,0,0,4510.07
World Omni Select Auto Trust 2019-A,2019-08-31,0,420,430,1,0,0,18970.15
World Omni Select Auto Trust 2019-A,2019-08-31,0,430,440,2,0,0,47090.07
World Omni Select Auto Trust 2019-A,2019-08-31,0,440,450,4,0,0,90379.93
World Omni Select Auto Trust 2019-A,2019-08-31,0,450,460,9,0,0,160693.47000000003
World Omni Select Auto Trust 2019-A,2019-08-31,0,460,470,8,1,0,104134.75
World Omni Select Auto Trust 2019-A,2019-08-31,0,470,480,11,1,0,197117.50999999995
World Omni Select Auto Trust 2019-A,2019-08-31,0,480,490,20,0,0,434739.07000000007
World Omni Select Auto Trust 2019-A,2019-08-31,0,490,500,35,1,0,701853.01
World Omni Select Auto Trust 2019-A,2019-08-31,0,500,510,67,0,0,1260778.6899999997
World Omni Select Auto Trust 2019-A,2019-08-31,0,510,520,114,1,0,2140826.55
World Omni Select Auto Trust 2019-A,2019-08-31,0,520,530,145,1,1,2858286.7099999995
World Omni Select Auto Trust 2019-A,2019-08-31,0,530,540,159,2,0,3258418.4199999985
World Omni Select Auto Trust 2019-A,2019-08-31,0,540,550,318,2,0,6702243.2399999965
World Omni Select Auto Trust 2019-A,2019-08-31,0,550,560,322,5,0,6752003.179999995
World Omni Select Auto Trust 2019-A,2019-08-31,0,560,570,410,7,0,8908620.829999998
World Omni Select Auto Trust 2019-A,2019-08-31,0,570,580,704,5,0,16094275.510000005
World Omni Select Auto Trust 2019-A,2019-08-31,0,580,590,1701,15,3,42430241.30000004
World Omni Select Auto Trust 2019-A,2019-08-31,0,590,600,2055,21,1,51004646.139999926
World Omni Select Auto Trust 2019-A,2019-08-31,0,600,610,2301,22,1,57452144.60999992
World Omni Select Auto Trust 2019-A,2019-08-31,0,610,620,2366,20,0,59637889.57
World Omni Select Auto Trust 2019-A,2019-08-31,0,620,630,3147,23,2,79330403.51999967
World Omni Select Auto Trust 2019-A,2019-08-31,0,630,640,2894,22,0,72492874.92999996
World Omni Select Auto Trust 2019-A,2019-08-31,0,640,650,3407,14,1,86399692.44000004
World Omni Select Auto Trust 2019-A,2019-08-31,0,650,660,483,1,0,10865012.22999999
World Omni Select Auto Trust 2019-A,2019-08-31,0,660,670,528,4,0,13685181.379999992
World Omni Select Auto Trust 2019-A,2019-08-31,0,670,680,443,0,0,11097894.359999996
World Omni Select Auto Trust 2019-A,2019-08-31,0,680,690,454,1,0,10932628.940000007
World Omni Select Auto Trust 2019-A,2019-08-31,0,690,700,462,3,0,11035240.359999994
World Omni Select Auto Trust 2019-A,2019-08-31,0,700,710,718,2,1,17998719.27000001
World Omni Select Auto Trust 2019-A,2019-08-31,0,710,720,552,0,0,14169751.839999996
World Omni Select Auto Trust 2019-A,2019-08-31,0,720,730,723,1,1,19961632.210000027
World Omni Select Auto Trust 2019-A,2019-08-31,0,730,740,666,0,0,19211130.849999987
World Omni Select Auto Trust 2019-A,2019-08-31,0,740,750,559,0,0,15305340.189999998
World Omni Select Auto Trust 2019-A,2019-08-31,0,750,760,550,2,0,14917039.720000016
World Omni Select Auto Trust 2019-A,2019-08-31,0,760,770,417,0,1,11435166.389999995
World Omni Select Auto Trust 2019-A,2019-08-31,0,770,780,427,1,0,11715480.98
World Omni Select Auto Trust 2019-A,2019-08-31,0,780,790,377,1,0,9798188.980000006
World Omni Select Auto Trust 2019-A,2019-08-31,0,790,800,348,0,0,9106037.630000003
World Omni Select Auto Trust 2019-A,2019-08-31,0,800,810,311,0,0,8157674.050000004
World Omni Select Auto Trust 2019-A,2019-08-31,0,810,820,286,0,0,7394419.019999998
World Omni Select Auto Trust 2019-A,2019-08-31,0,820,830,236,0,0,5997271.790000002
World Omni Select Auto Trust 2019-A,2019-08-31,0,830,840,225,0,0,5480372.739999998
World Omni Select Auto Trust 2019-A,2019-08-31,0,840,850,200,0,0,5262490.660000003
World Omni Select Auto Trust 2019-A,2019-08-31,0,850,860,185,0,0,4517274.960000004
World Omni Select Auto Trust 2019-A,2019-08-31,0,860,870,106,0,0,2561900.0999999996
World Omni Select Auto Trust 2019-A,2019-08-31,0,870,880,53,0,0,1394907.2300000002
World Omni Select Auto Trust 2019-A,2019-08-31,0,880,890,9,0,0,165548.22
World Omni Select Auto Trust 2019-A,2019-08-31,0,890,900,2,0,0,42009.94
World Omni Select Auto Trust 2019-A,2020-08-31,12,420,430,1,0,0,18339.81
World Omni Select Auto Trust 2019-A,2020-08-31,12,430,440,2,0,0,43080.37
World Omni Select Auto Trust 2019-A,2020-08-31,12,440,450,1,0,0,22117.2
World Omni Select Auto Trust 2019-A,2020-08-31,12,450,460,9,0,0,140159.94999999998
World Omni Select Auto Trust 2019-A,2020-08-31,12,460,470,8,0,0,78606.79000000001
World Omni Select Auto Trust 2019-A,2020-08-31,12,470,480,6,0,1,122562.23000000001
World Omni Select Auto Trust 2019-A,2020-08-31,12,480,490,15,0,1,320826.63
World Omni Select Auto Trust 2019-A,2020-08-31,12,490,500,27,1,0,464161.75000000006
World Omni Select Auto Trust 2019-A,2020-08-31,12,500,510,40,5,2,839533.3
World Omni Select Auto Trust 2019-A,2020-08-31,12,510,520,85,7,1,1561069.7700000003
World Omni Select Auto Trust 2019-A,2020-08-31,12,520,530,97,5,3,1919362.470000001
World Omni Select Auto Trust 2019-A,2020-08-31,12,530,540,119,10,1,2414107.6999999983
World Omni Select Auto Trust 2019-A,2020-08-31,12,540,550,221,15,8,4693695.370000003
World Omni Select Auto Trust 2019-A,2020-08-31,12,550,560,207,14,8,4317047.309999999
World Omni Select Auto Trust 2019-A,2020-08-31,12,560,570,270,24,8,5870371.329999997
World Omni Select Auto Trust 2019-A,2020-08-31,12,570,580,478,26,12,10615193.380000014
World Omni Select Auto Trust 2019-A,2020-08-31,12,580,590,1165,85,34,28801609.11000004
World Omni Select Auto Trust 2019-A,2020-08-31,12,590,600,1458,72,37,34837328.11999998
World Omni Select Auto Trust 2019-A,2020-08-31,12,600,610,1626,80,26,38503349.19999993
World Omni Select Auto Trust 2019-A,2020-08-31,12,610,620,1644,79,24,39377057.47
World Omni Select Auto Trust 2019-A,2020-08-31,12,620,630,2237,89,38,53088544.41000006
World Omni Select Auto Trust 2019-A,2020-08-31,12,630,640,2061,51,27,47716005.84999982
World Omni Select Auto Trust 2019-A,2020-08-31,12,640,650,2408,93,26,57518179.940000035
World Omni Select Auto Trust 2019-A,2020-08-31,12,650,660,340,7,5,6947808.190000003
World Omni Select Auto Trust 2019-A,2020-08-31,12,660,670,385,11,4,9095653.890000008
World Omni Select Auto Trust 2019-A,2020-08-31,12,670,680,328,9,2,7487418.999999998
World Omni Select Auto Trust 2019-A,2020-08-31,12,680,690,356,8,2,7667197.119999997
World Omni Select Auto Trust 2019-A,2020-08-31,12,690,700,360,6,4,7722462.699999997
World Omni Select Auto Trust 2019-A,2020-08-31,12,700,710,562,10,1,12380530.569999991
World Omni Select Auto Trust 2019-A,2020-08-31,12,710,720,438,9,4,9818089.330000002
World Omni Select Auto Trust 2019-A,2020-08-31,12,720,730,597,7,3,14386943.590000007
World Omni Select Auto Trust 2019-A,2020-08-31,12,730,740,552,8,5,14095753.349999996
World Omni Select Auto Trust 2019-A,2020-08-31,12,740,750,440,5,3,10682905.690000007
World Omni Select Auto Trust 2019-A,2020-08-31,12,750,760,443,2,3,10395407.219999999
World Omni Select Auto Trust 2019-A,2020-08-31,12,760,770,337,4,1,8128070.810000002
World Omni Select Auto Trust 2019-A,2020-08-31,12,770,780,349,0,3,8361868.880000002
World Omni Select Auto Trust 2019-A,2020-08-31,12,780,790,297,3,2,6692420.149999998
World Omni Select Auto Trust 2019-A,2020-08-31,12,790,800,290,2,1,6550553.9899999965
World Omni Select Auto Trust 2019-A,2020-08-31,12,800,810,254,8,0,5814765.539999999
World Omni Select Auto Trust 2019-A,2020-08-31,12,810,820,232,3,1,5206264.940000001
World Omni Select Auto Trust 2019-A,2020-08-31,12,820,830,198,0,0,4314859.77
World Omni Select Auto Trust 2019-A,2020-08-31,12,830,840,187,1,1,3782632.6300000004
World Omni Select Auto Trust 2019-A,2020-08-31,12,840,850,174,0,0,3926528.9499999997
World Omni Select Auto Trust 2019-A,2020-08-31,12,850,860,157,0,1,3230302.9099999988
World Omni Select Auto Trust 2019-A,2020-08-31,12,860,870,85,0,1,1779392.1699999992
World Omni Select Auto Trust 2019-A,2020-08-31,12,870,880,48,0,0,1124432.73
World Omni Select Auto Trust 2019-A,2020-08-31,12,880,890,9,0,0,138024.4
World Omni Select Auto Trust 2019-A,2020-08-31,12,890,900,2,0,0,33488.39
World Omni Select Auto Trust 2019-A,2021-08-31,24,420,430,1,0,0,16592.8
World Omni Select Auto Trust 2019-A,2021-08-31,24,430,440,2,0,0,36795.0
World Omni Select Auto Trust 2019-A,2021-08-31,24,440,450,1,0,0,19188.44
World Omni Select Auto Trust 2019-A,2021-08-31,24,450,460,3,1,0,45635.19
World Omni Select Auto Trust 2019-A,2021-08-31,24,460,470,4,0,0,38995.899999999994
World Omni Select Auto Trust 2019-A,2021-08-31,24,470,480,2,0,1,53306.229999999996
World Omni Select Auto Trust 2019-A,2021-08-31,24,480,490,9,1,0,178432.02
World Omni Select Auto Trust 2019-A,2021-08-31,24,490,500,14,3,0,243259.75999999998
World Omni Select Auto Trust 2019-A,2021-08-31,24,500,510,26,3,1,429355.05
World Omni Select Auto Trust 2019-A,2021-08-31,24,510,520,44,7,2,846435.9000000001
World Omni Select Auto Trust 2019-A,2021-08-31,24,520,530,63,2,3,1100589.1600000001
World Omni Select Auto Trust 2019-A,2021-08-31,24,530,540,77,6,1,1346218.3900000001
World Omni Select Auto Trust 2019-A,2021-08-31,24,540,550,125,13,4,2370300.0199999996
World Omni Select Auto Trust 2019-A,2021-08-31,24,550,560,103,17,7,2149428.3699999996
World Omni Select Auto Trust 2019-A,2021-08-31,24,560,570,151,16,8,3091514.9100000006
World Omni Select Auto Trust 2019-A,2021-08-31,24,570,580,280,30,8,5801275.739999994
World Omni Select Auto Trust 2019-A,2021-08-31,24,580,590,694,72,23,15291708.59000002
World Omni Select Auto Trust 2019-A,2021-08-31,24,590,600,846,79,18,18212589.429999985
World Omni Select Auto Trust 2019-A,2021-08-31,24,600,610,995,77,13,20912621.500000015
World Omni Select Auto Trust 2019-A,2021-08-31,24,610,620,975,79,15,20941836.85999998
World Omni Select Auto Trust 2019-A,2021-08-31,24,620,630,1388,76,17,28475667.579999983
World Omni Select Auto Trust 2019-A,2021-08-31,24,630,640,1269,58,18,25874197.150000032
World Omni Select Auto Trust 2019-A,2021-08-31,24,640,650,1461,73,25,30463018.890000008
World Omni Select Auto Trust 2019-A,2021-08-31,24,650,660,200,7,3,3497772.169999999
World Omni Select Auto Trust 2019-A,2021-08-31,24,660,670,245,6,2,4834801.490000001
World Omni Select Auto Trust 2019-A,2021-08-31,24,670,680,216,6,1,4116473.36
World Omni Select Auto Trust 2019-A,2021-08-31,24,680,690,234,8,5,4401972.89
World Omni Select Auto Trust 2019-A,2021-08-31,24,690,700,244,5,1,4509898.89
World Omni Select Auto Trust 2019-A,2021-08-31,24,700,710,374,13,3,7006612.810000005
World Omni Select Auto Trust 2019-A,2021-08-31,24,710,720,319,4,1,5900401.659999999
World Omni Select Auto Trust 2019-A,2021-08-31,24,720,730,444,10,1,8892571.790000005
World Omni Select Auto Trust 2019-A,2021-08-31,24,730,740,401,3,2,8081372.450000001
World Omni Select Auto Trust 2019-A,2021-08-31,24,740,750,323,2,2,6422983.139999999
World Omni Select Auto Trust 2019-A,2021-08-31,24,750,760,319,4,4,6259931.329999997
World Omni Select Auto Trust 2019-A,2021-08-31,24,760,770,247,2,0,4988237.890000003
World Omni Select Auto Trust 2019-A,2021-08-31,24,770,780,261,3,1,5160217.399999998
World Omni Select Auto Trust 2019-A,2021-08-31,24,780,790,205,1,1,3660317.7100000004
World Omni Select Auto Trust 2019-A,2021-08-31,24,790,800,208,3,1,4076122.099999999
World Omni Select Auto Trust 2019-A,2021-08-31,24,800,810,182,0,0,3402722.5299999984
World Omni Select Auto Trust 2019-A,2021-08-31,24,810,820,177,0,0,3196112.4100000015
World Omni Select Auto Trust 2019-A,2021-08-31,24,820,830,147,1,0,2708021.2199999993
World Omni Select Auto Trust 2019-A,2021-08-31,24,830,840,135,2,0,2264262.22
World Omni Select Auto Trust 2019-A,2021-08-31,24,840,850,132,0,0,2444774.3199999994
World Omni Select Auto Trust 2019-A,2021-08-31,24,850,860,119,0,0,1989581.2499999998
World Omni Select Auto Trust 2019-A,2021-08-31,24,860,870,64,2,0,1088661.9900000005
World Omni Select Auto Trust 2019-A,2021-08-31,24,870,880,37,1,0,719397.42
World Omni Select Auto Trust 2019-A,2021-08-31,24,880,890,6,0,0,63011.6
World Omni Select Auto Trust 2019-A,2021-08-31,24,890,900,1,0,0,10322.69
World Omni Select Auto Trust 2019-A,2022-08-31,36,430,440,1,0,0,17875.2
World Omni Select Auto Trust 2019-A,2022-08-31,36,450,460,2,1,0,35783.27
World Omni Select Auto Trust 2019-A,2022-08-31,36,460,470,2,0,0,26583.199999999997
World Omni Select Auto Trust 2019-A,2022-08-31,36,470,480,2,1,0,24749.85
World Omni Select Auto Trust 2019-A,2022-08-31,36,480,490,7,1,0,121384.47
World Omni Select Auto Trust 2019-A,2022-08-31,36,490,500,5,2,3,124909.01000000001
World Omni Select Auto Trust 2019-A,2022-08-31,36,500,510,12,4,2,230417.41999999998
World Omni Select Auto Trust 2019-A,2022-08-31,36,510,520,31,1,3,421636.75000000006
World Omni Select Auto Trust 2019-A,2022-08-31,36,520,530,40,1,5,603406.8999999999
World Omni Select Auto Trust 2019-A,2022-08-31,36,530,540,50,7,4,765124.8300000001
World Omni Select Auto Trust 2019-A,2022-08-31,36,540,550,77,13,5,1346020.88
World Omni Select Auto Trust 2019-A,2022-08-31,36,550,560,62,11,6,1083567.0500000003
World Omni Select Auto Trust 2019-A,2022-08-31,36,560,570,106,15,8,1837983.1800000002
World Omni Select Auto Trust 2019-A,2022-08-31,36,570,580,170,28,11,3065659.8899999987
World Omni Select Auto Trust 2019-A,2022-08-31,36,580,590,442,68,22,8174738.25
World Omni Select Auto Trust 2019-A,2022-08-31,36,590,600,541,62,33,9638711.829999996
World Omni Select Auto Trust 2019-A,2022-08-31,36,600,610,625,76,30,11257031.189999994
World Omni Select Auto Trust 2019-A,2022-08-31,36,610,620,623,62,31,10809797.890000012
World Omni Select Auto Trust 2019-A,2022-08-31,36,620,630,915,83,30,15306117.079999996
World Omni Select Auto Trust 2019-A,2022-08-31,36,630,640,804,64,17,13171486.570000008
World Omni Select Auto Trust 2019-A,2022-08-31,36,640,650,1008,58,30,16498785.630000006
World Omni Select Auto Trust 2019-A,2022-08-31,36,650,660,138,6,5,1904485.0500000003
World Omni Select Auto Trust 2019-A,2022-08-31,36,660,670,162,8,5,2641788.090000001
World Omni Select Auto Trust 2019-A,2022-08-31,36,670,680,153,6,1,2260508.89
World Omni Select Auto Trust 2019-A,2022-08-31,36,680,690,167,12,4,2415333.139999999
World Omni Select Auto Trust 2019-A,2022-08-31,36,690,700,149,7,5,2137300.670000001
World Omni Select Auto Trust 2019-A,2022-08-31,36,700,710,272,6,5,3881352.1699999995
World Omni Select Auto Trust 2019-A,2022-08-31,36,710,720,223,11,2,3361324.8099999996
World Omni Select Auto Trust 2019-A,2022-08-31,36,720,730,315,13,2,4884250.559999999
World Omni Select Auto Trust 2019-A,2022-08-31,36,730,740,275,11,3,4393359.24
World Omni Select Auto Trust 2019-A,2022-08-31,36,740,750,233,6,0,3558709.420000002
World Omni Select Auto Trust 2019-A,2022-08-31,36,750,760,234,5,2,3473018.6100000003
World Omni Select Auto Trust 2019-A,2022-08-31,36,760,770,194,5,1,3005632.0999999996
World Omni Select Auto Trust 2019-A,2022-08-31,36,770,780,205,5,0,3187570.3999999994
World Omni Select Auto Trust 2019-A,2022-08-31,36,780,790,151,2,0,1938191.2199999997
World Omni Select Auto Trust 2019-A,2022-08-31,36,790,800,145,1,3,2199488.37
World Omni Select Auto Trust 2019-A,2022-08-31,36,800,810,139,1,1,2101648.3300000005
World Omni Select Auto Trust 2019-A,2022-08-31,36,810,820,129,2,0,1858411.2
World Omni Select Auto Trust 2019-A,2022-08-31,36,820,830,107,5,1,1582420.58
World Omni Select Auto Trust 2019-A,2022-08-31,36,830,840,97,2,0,1266625.6999999997
World Omni Select Auto Trust 2019-A,2022-08-31,36,840,850,98,0,0,1394253.63
World Omni Select Auto Trust 2019-A,2022-08-31,36,850,860,93,1,0,1228688.9000000001
World Omni Select Auto Trust 2019-A,2022-08-31,36,860,870,48,2,0,641399.0599999999
World Omni Select Auto Trust 2019-A,2022-08-31,36,870,880,29,1,0,437036.19999999995
World Omni Select Auto Trust 2019-A,2022-08-31,36,880,890,6,0,0,45315.08
World Omni Select Auto Trust 2019-A,2022-08-31,36,890,900,1,0,0,7349.02
World Omni Select Auto Trust 2019-A,2023-08-31,48,430,440,1,0,0,13890.36
World Omni Select Auto Trust 2019-A,2023-08-31,48,450,460,2,0,0,19776.57
World Omni Select Auto Trust 2019-A,2023-08-31,48,460,470,0,1,0,11002.69
World Omni Select Auto Trust 2019-A,2023-08-31,48,470,480,2,0,0,19006.32
World Omni Select Auto Trust 2019-A,2023-08-31,48,480,490,6,0,0,63137.14
World Omni Select Auto Trust 2019-A,2023-08-31,48,490,500,6,1,0,53037.66
World Omni Select Auto Trust 2019-A,2023-08-31,48,500,510,8,1,3,127768.20999999999
World Omni Select Auto Trust 2019-A,2023-08-31,48,510,520,19,6,0,225039.91
World Omni Select Auto Trust 2019-A,2023-08-31,48,520,530,26,0,3,252154.36000000002
World Omni Select Auto Trust 2019-A,2023-08-31,48,530,540,36,7,2,413764.85
World Omni Select Auto Trust 2019-A,2023-08-31,48,540,550,59,9,5,756682.7100000002
World Omni Select Auto Trust 2019-A,2023-08-31,48,550,560,46,9,2,584274.01
World Omni Select Auto Trust 2019-A,2023-08-31,48,560,570,69,13,8,949803.8999999999
World Omni Select Auto Trust 2019-A,2023-08-31,48,570,580,132,21,8,1698706.2399999998
World Omni Select Auto Trust 2019-A,2023-08-31,48,580,590,317,46,14,4130200.350000002
World Omni Select Auto Trust 2019-A,2023-08-31,48,590,600,401,44,20,4966972.049999997
World Omni Select Auto Trust 2019-A,2023-08-31,48,600,610,450,55,17,5784861.820000002
World Omni Select Auto Trust 2019-A,2023-08-31,48,610,620,468,54,13,5776398.92
World Omni Select Auto Trust 2019-A,2023-08-31,48,620,630,661,64,22,7809374.159999998
World Omni Select Auto Trust 2019-A,2023-08-31,48,630,640,636,46,10,7114813.639999999
World Omni Select Auto Trust 2019-A,2023-08-31,48,640,650,759,51,18,8657473.809999999
World Omni Select Auto Trust 2019-A,2023-08-31,48,650,660,94,10,3,938300.3200000002
World Omni Select Auto Trust 2019-A,2023-08-31,48,660,670,116,14,2,1369091.5699999998
World Omni Select Auto Trust 2019-A,2023-08-31,48,670,680,104,9,0,1127477.4299999997
World Omni Select Auto Trust 2019-A,2023-08-31,48,680,690,126,9,2,1241135.87
World Omni Select Auto Trust 2019-A,2023-08-31,48,690,700,118,7,2,1143959.5599999998
World Omni Select Auto Trust 2019-A,2023-08-31,48,700,710,209,10,3,2061122.3
World Omni Select Auto Trust 2019-A,2023-08-31,48,710,720,169,7,1,1719845.69
World Omni Select Auto Trust 2019-A,2023-08-31,48,720,730,243,10,0,2672197.579999999
World Omni Select Auto Trust 2019-A,2023-08-31,48,730,740,203,4,4,2273612.56
World Omni Select Auto Trust 2019-A,2023-08-31,48,740,750,167,6,1,1834761.43
World Omni Select Auto Trust 2019-A,2023-08-31,48,750,760,177,6,2,1862616.8100000008
World Omni Select Auto Trust 2019-A,2023-08-31,48,760,770,141,3,1,1572752.8800000004
World Omni Select Auto Trust 2019-A,2023-08-31,48,770,780,153,2,2,1747272.53
World Omni Select Auto Trust 2019-A,2023-08-31,48,780,790,118,2,0,1061156.19
World Omni Select Auto Trust 2019-A,2023-08-31,48,790,800,117,1,1,1180041.9299999997
World Omni Select Auto Trust 2019-A,2023-08-31,48,800,810,104,3,0,1092367.6599999997
World Omni Select Auto Trust 2019-A,2023-08-31,48,810,820,101,3,0,986494.74
World Omni Select Auto Trust 2019-A,2023-08-31,48,820,830,87,1,0,867584.8599999999
World Omni Select Auto Trust 2019-A,2023-08-31,48,830,840,67,1,0,606778.4
World Omni Select Auto Trust 2019-A,2023-08-31,48,840,850,81,1,0,802045.8900000002
World Omni Select Auto Trust 2019-A,2023-08-31,48,850,860,71,0,0,612222.3400000001
World Omni Select Auto Trust 2019-A,2023-08-31,48,860,870,37,0,0,310322.88999999996
World Omni Select Auto Trust 2019-A,2023-08-31,48,870,880,24,0,0,239632.04999999996
World Omni Select Auto Trust 2019-A,2023-08-31,48,880,890,4,0,0,24785.77
World Omni Select Auto Trust 2019-A,2023-08-31,48,890,900,1,0,0,4246.8
World Omni Select Auto Trust 2019-A,2019-09-30,1,420,430,1,0,0,18970.15
World Omni Select Auto Trust 2019-A,2019-09-30,1,430,440,2,0,0,46608.45
World Omni Select Auto Trust 2019-A,2019-09-30,1,440,450,4,0,0,89444.81
World Omni Select Auto Trust 2019-A,2019-09-30,1,450,460,9,0,0,159306.72999999998
World Omni Select Auto Trust 2019-A,2019-09-30,1,460,470,9,0,0,101303.80000000002
World Omni Select Auto Trust 2019-A,2019-09-30,1,470,480,12,0,0,193433.39
World Omni Select Auto Trust 2019-A,2019-09-30,1,480,490,19,1,0,431069.80999999994
World Omni Select Auto Trust 2019-A,2019-09-30,1,490,500,32,4,0,695677.8400000001
World Omni Select Auto Trust 2019-A,2019-09-30,1,500,510,63,4,0,1249198.3
World Omni Select Auto Trust 2019-A,2019-09-30,1,510,520,104,10,0,2104161.28
World Omni Select Auto Trust 2019-A,2019-09-30,1,520,530,140,6,0,2812240.9000000004
World Omni Select Auto Trust 2019-A,2019-09-30,1,530,540,151,10,0,3225717.94
World Omni Select Auto Trust 2019-A,2019-09-30,1,540,550,299,18,0,6608126.619999997
World Omni Select Auto Trust 2019-A,2019-09-30,1,550,560,304,22,0,6671476.300000001
World Omni Select Auto Trust 2019-A,2019-09-30,1,560,570,404,11,0,8769119.09
World Omni Select Auto Trust 2019-A,2019-09-30,1,570,580,673,32,0,15878038.469999999
World Omni Select Auto Trust 2019-A,2019-09-30,1,580,590,1645,63,0,41823958.87999998
World Omni Select Auto Trust 2019-A,2019-09-30,1,590,600,1997,73,0,50274468.770000026
World Omni Select Auto Trust 2019-A,2019-09-30,1,600,610,2264,46,0,56547918.610000044
World Omni Select Auto Trust 2019-A,2019-09-30,1,610,620,2312,58,0,58637354.84999999
World Omni Select Auto Trust 2019-A,2019-09-30,1,620,630,3073,75,0,77884031.78999996
World Omni Select Auto Trust 2019-A,2019-09-30,1,630,640,2822,65,1,71035811.45000006
World Omni Select Auto Trust 2019-A,2019-09-30,1,640,650,3343,42,0,84397202.75999999
World Omni Select Auto Trust 2019-A,2019-09-30,1,650,660,476,4,0,10656984.370000001
World Omni Select Auto Trust 2019-A,2019-09-30,1,660,670,521,8,0,13465801.91
World Omni Select Auto Trust 2019-A,2019-09-30,1,670,680,432,8,0,10872559.29
World Omni Select Auto Trust 2019-A,2019-09-30,1,680,690,449,1,1,10712605.52
World Omni Select Auto Trust 2019-A,2019-09-30,1,690,700,460,2,0,10837857.39
World Omni Select Auto Trust 2019-A,2019-09-30,1,700,710,709,8,0,17710135.17000001
World Omni Select Auto Trust 2019-A,2019-09-30,1,710,720,541,4,0,13798790.620000001
World Omni Select Auto Trust 2019-A,2019-09-30,1,720,730,718,3,0,19595317.689999998
World Omni Select Auto Trust 2019-A,2019-09-30,1,730,740,653,7,0,18777604.359999996
World Omni Select Auto Trust 2019-A,2019-09-30,1,740,750,547,6,0,14943258.630000006
World Omni Select Auto Trust 2019-A,2019-09-30,1,750,760,542,2,0,14535053.769999998
World Omni Select Auto Trust 2019-A,2019-09-30,1,760,770,415,0,0,11200602.209999997
World Omni Select Auto Trust 2019-A,2019-09-30,1,770,780,421,1,0,11386880.08
World Omni Select Auto Trust 2019-A,2019-09-30,1,780,790,372,0,0,9503120.919999998
World Omni Select Auto Trust 2019-A,2019-09-30,1,790,800,345,0,0,8895617.24
World Omni Select Auto Trust 2019-A,2019-09-30,1,800,810,308,1,0,7986941.49
World Omni Select Auto Trust 2019-A,2019-09-30,1,810,820,282,1,0,7215096.329999999
World Omni Select Auto Trust 2019-A,2019-09-30,1,820,830,234,0,0,5852096.940000001
World Omni Select Auto Trust 2019-A,2019-09-30,1,830,840,222,0,0,5341872.76
World Omni Select Auto Trust 2019-A,2019-09-30,1,840,850,197,0,0,5139128.1899999995
World Omni Select Auto Trust 2019-A,2019-09-30,1,850,860,184,0,0,4425084.0
World Omni Select Auto Trust 2019-A,2019-09-30,1,860,870,105,1,0,2526571.0
World Omni Select Auto Trust 2019-A,2019-09-30,1,870,880,51,1,0,1344297.1099999999
World Omni Select Auto Trust 2019-A,2019-09-30,1,880,890,9,0,0,163675.27000000002
World Omni Select Auto Trust 2019-A,2019-09-30,1,890,900,2,0,0,41306.31
World Omni Select Auto Trust 2019-A,2020-09-30,13,420,430,1,0,0,18339.81
World Omni Select Auto Trust 2019-A,2020-09-30,13,430,440,2,0,0,42860.630000000005
World Omni Select Auto Trust 2019-A,2020-09-30,13,440,450,1,0,0,21930.15
World Omni Select Auto Trust 2019-A,2020-09-30,13,450,460,8,1,0,139108.52000000002
World Omni Select Auto Trust 2019-A,2020-09-30,13,460,470,7,0,0,71271.59
World Omni Select Auto Trust 2019-A,2020-09-30,13,470,480,6,1,0,101997.97
World Omni Select Auto Trust 2019-A,2020-09-30,13,480,490,15,0,0,296642.63000000006
World Omni Select Auto Trust 2019-A,2020-09-30,13,490,500,26,2,0,458938.97
World Omni Select Auto Trust 2019-A,2020-09-30,13,500,510,42,4,1,830916.8300000001
World Omni Select Auto Trust 2019-A,2020-09-30,13,510,520,79,7,3,1499630.45
World Omni Select Auto Trust 2019-A,2020-09-30,13,520,530,94,4,3,1847466.2400000007
World Omni Select Auto Trust 2019-A,2020-09-30,13,530,540,110,9,4,2290944.4499999997
World Omni Select Auto Trust 2019-A,2020-09-30,13,540,550,214,19,6,4542512.55
World Omni Select Auto Trust 2019-A,2020-09-30,13,550,560,184,25,7,4100053.5599999987
World Omni Select Auto Trust 2019-A,2020-09-30,13,560,570,253,23,8,5509757.800000001
World Omni Select Auto Trust 2019-A,2020-09-30,13,570,580,454,27,18,10089409.480000006
World Omni Select Auto Trust 2019-A,2020-09-30,13,580,590,1138,71,33,27660625.57999999
World Omni Select Auto Trust 2019-A,2020-09-30,13,590,600,1394,86,21,33181102.34999998
World Omni Select Auto Trust 2019-A,2020-09-30,13,600,610,1561,74,30,36561500.7
World Omni Select Auto Trust 2019-A,2020-09-30,13,610,620,1579,82,28,37647897.499999985
World Omni Select Auto Trust 2019-A,2020-09-30,13,620,630,2153,100,31,50731173.01000001
World Omni Select Auto Trust 2019-A,2020-09-30,13,630,640,1964,73,25,45583164.620000035
World Omni Select Auto Trust 2019-A,2020-09-30,13,640,650,2319,75,36,54839951.039999954
World Omni Select Auto Trust 2019-A,2020-09-30,13,650,660,330,9,3,6666988.399999997
World Omni Select Auto Trust 2019-A,2020-09-30,13,660,670,370,13,4,8638217.740000006
World Omni Select Auto Trust 2019-A,2020-09-30,13,670,680,316,10,4,7256134.6
World Omni Select Auto Trust 2019-A,2020-09-30,13,680,690,341,7,3,7316004.660000003
World Omni Select Auto Trust 2019-A,2020-09-30,13,690,700,358,4,2,7497051.749999998
World Omni Select Auto Trust 2019-A,2020-09-30,13,700,710,545,11,3,11939325.270000003
World Omni Select Auto Trust 2019-A,2020-09-30,13,710,720,424,10,7,9441338.420000006
World Omni Select Auto Trust 2019-A,2020-09-30,13,720,730,586,6,2,13829507.030000001
World Omni Select Auto Trust 2019-A,2020-09-30,13,730,740,537,10,2,13671426.020000003
World Omni Select Auto Trust 2019-A,2020-09-30,13,740,750,433,4,3,10424234.559999999
World Omni Select Auto Trust 2019-A,2020-09-30,13,750,760,438,5,1,10179788.999999996
World Omni Select Auto Trust 2019-A,2020-09-30,13,760,770,326,2,2,7781721.110000003
World Omni Select Auto Trust 2019-A,2020-09-30,13,770,780,344,2,2,8146402.68
World Omni Select Auto Trust 2019-A,2020-09-30,13,780,790,287,2,3,6331341.720000001
World Omni Select Auto Trust 2019-A,2020-09-30,13,790,800,283,3,0,6379058.3100000005
World Omni Select Auto Trust 2019-A,2020-09-30,13,800,810,248,4,4,5658853.6400000015
World Omni Select Auto Trust 2019-A,2020-09-30,13,810,820,230,2,1,5067885.6
World Omni Select Auto Trust 2019-A,2020-09-30,13,820,830,194,0,0,4164503.2499999995
World Omni Select Auto Trust 2019-A,2020-09-30,13,830,840,181,0,1,3605960.1099999975
World Omni Select Auto Trust 2019-A,2020-09-30,13,840,850,172,0,0,3813962.010000001
World Omni Select Auto Trust 2019-A,2020-09-30,13,850,860,154,0,1,3100854.1500000004
World Omni Select Auto Trust 2019-A,2020-09-30,13,860,870,82,2,0,1749736.6400000001
World Omni Select Auto Trust 2019-A,2020-09-30,13,870,880,47,1,0,1107192.4900000002
World Omni Select Auto Trust 2019-A,2020-09-30,13,880,890,8,0,0,117815.75
World Omni Select Auto Trust 2019-A,2020-09-30,13,890,900,2,0,0,32777.4
World Omni Select Auto Trust 2019-A,2021-09-30,25,420,430,1,0,0,16423.92
World Omni Select Auto Trust 2019-A,2021-09-30,25,430,440,2,0,0,36179.2
World Omni Select Auto Trust 2019-A,2021-09-30,25,450,460,3,1,0,44750.43
World Omni Select Auto Trust 2019-A,2021-09-30,25,460,470,4,0,0,38155.14
World Omni Select Auto Trust 2019-A,2021-09-30,25,470,480,2,1,0,51898.68
World Omni Select Auto Trust 2019-A,2021-09-30,25,480,490,9,0,1,176337.68999999997
World Omni Select Auto Trust 2019-A,2021-09-30,25,490,500,13,1,2,222742.09
World Omni Select Auto Trust 2019-A,2021-09-30,25,500,510,19,7,2,417621.75000000006
World Omni Select Auto Trust 2019-A,2021-09-30,25,510,520,43,4,5,823282.5799999998
World Omni Select Auto Trust 2019-A,2021-09-30,25,520,530,60,3,2,1049657.0099999998
World Omni Select Auto Trust 2019-A,2021-09-30,25,530,540,73,6,3,1278295.5400000003
World Omni Select Auto Trust 2019-A,2021-09-30,25,540,550,121,13,3,2282843.09
World Omni Select Auto Trust 2019-A,2021-09-30,25,550,560,105,13,6,2068856.1500000004
World Omni Select Auto Trust 2019-A,2021-09-30,25,560,570,148,15,8,2959073.630000002
World Omni Select Auto Trust 2019-A,2021-09-30,25,570,580,262,32,16,5635626.49
World Omni Select Auto Trust 2019-A,2021-09-30,25,580,590,675,60,26,14560544.1
World Omni Select Auto Trust 2019-A,2021-09-30,25,590,600,812,78,22,17309881.049999993
World Omni Select Auto Trust 2019-A,2021-09-30,25,600,610,959,74,19,19996071.990000006
World Omni Select Auto Trust 2019-A,2021-09-30,25,610,620,938,72,19,19703223.789999984
World Omni Select Auto Trust 2019-A,2021-09-30,25,620,630,1328,74,30,27036658.510000017
World Omni Select Auto Trust 2019-A,2021-09-30,25,630,640,1213,62,16,24405243.009999983
World Omni Select Auto Trust 2019-A,2021-09-30,25,640,650,1413,60,30,28887560.040000007
World Omni Select Auto Trust 2019-A,2021-09-30,25,650,660,195,5,2,3345584.2700000005
World Omni Select Auto Trust 2019-A,2021-09-30,25,660,670,241,3,3,4604054.069999998
World Omni Select Auto Trust 2019-A,2021-09-30,25,670,680,203,12,1,3935263.6700000023
World Omni Select Auto Trust 2019-A,2021-09-30,25,680,690,233,4,3,4188236.8000000017
World Omni Select Auto Trust 2019-A,2021-09-30,25,690,700,232,9,1,4243032.6899999995
World Omni Select Auto Trust 2019-A,2021-09-30,25,700,710,365,10,7,6684970.729999999
World Omni Select Auto Trust 2019-A,2021-09-30,25,710,720,313,3,1,5636851.15
World Omni Select Auto Trust 2019-A,2021-09-30,25,720,730,431,9,3,8527074.360000001
World Omni Select Auto Trust 2019-A,2021-09-30,25,730,740,386,7,3,7731748.680000002
World Omni Select Auto Trust 2019-A,2021-09-30,25,740,750,315,5,0,6194005.520000001
World Omni Select Auto Trust 2019-A,2021-09-30,25,750,760,308,3,3,5892369.800000001
World Omni Select Auto Trust 2019-A,2021-09-30,25,760,770,243,3,0,4841300.489999999
World Omni Select Auto Trust 2019-A,2021-09-30,25,770,780,255,2,3,4914899.970000002
World Omni Select Auto Trust 2019-A,2021-09-30,25,780,790,198,1,1,3446765.2500000014
World Omni Select Auto Trust 2019-A,2021-09-30,25,790,800,201,3,0,3823740.390000001
World Omni Select Auto Trust 2019-A,2021-09-30,25,800,810,180,1,0,3309932.2799999993
World Omni Select Auto Trust 2019-A,2021-09-30,25,810,820,171,1,0,3075795.420000001
World Omni Select Auto Trust 2019-A,2021-09-30,25,820,830,141,3,0,2573486.969999999
World Omni Select Auto Trust 2019-A,2021-09-30,25,830,840,133,1,1,2200491.079999999
World Omni Select Auto Trust 2019-A,2021-09-30,25,840,850,127,1,0,2332201.9400000004
World Omni Select Auto Trust 2019-A,2021-09-30,25,850,860,117,0,0,1930706.1
World Omni Select Auto Trust 2019-A,2021-09-30,25,860,870,64,0,0,1048192.5100000005
World Omni Select Auto Trust 2019-A,2021-09-30,25,870,880,35,0,0,653442.1
World Omni Select Auto Trust 2019-A,2021-09-30,25,880,890,6,0,0,61545.36
World Omni Select Auto Trust 2019-A,2021-09-30,25,890,900,1,0,0,10080.35
World Omni Select Auto Trust 2019-A,2022-09-30,37,430,440,1,0,0,17512.76
World Omni Select Auto Trust 2019-A,2022-09-30,37,450,460,1,2,0,35280.61
World Omni Select Auto Trust 2019-A,2022-09-30,37,460,470,2,0,0,26094.41
World Omni Select Auto Trust 2019-A,2022-09-30,37,470,480,2,0,0,24274.14
World Omni Select Auto Trust 2019-A,2022-09-30,37,480,490,7,0,1,119280.40999999997
World Omni Select Auto Trust 2019-A,2022-09-30,37,490,500,6,2,2,121386.06999999999
World Omni Select Auto Trust 2019-A,2022-09-30,37,500,510,13,4,0,212720.04000000007
World Omni Select Auto Trust 2019-A,2022-09-30,37,510,520,31,3,1,413845.06000000006
World Omni Select Auto Trust 2019-A,2022-09-30,37,520,530,38,4,2,550224.53
World Omni Select Auto Trust 2019-A,2022-09-30,37,530,540,48,7,5,737513.3999999998
World Omni Select Auto Trust 2019-A,2022-09-30,37,540,550,73,16,4,1308039.3400000003
World Omni Select Auto Trust 2019-A,2022-09-30,37,550,560,61,14,1,1015467.3100000002
World Omni Select Auto Trust 2019-A,2022-09-30,37,560,570,101,17,9,1777355.81
World Omni Select Auto Trust 2019-A,2022-09-30,37,570,580,170,22,10,2878099.6899999995
World Omni Select Auto Trust 2019-A,2022-09-30,37,580,590,435,52,28,7736722.970000001
World Omni Select Auto Trust 2019-A,2022-09-30,37,590,600,529,59,26,9085032.289999994
World Omni Select Auto Trust 2019-A,2022-09-30,37,600,610,608,67,31,10616207.180000013
World Omni Select Auto Trust 2019-A,2022-09-30,37,610,620,621,54,22,10279536.249999994
World Omni Select Auto Trust 2019-A,2022-09-30,37,620,630,888,89,27,14566577.850000005
World Omni Select Auto Trust 2019-A,2022-09-30,37,630,640,784,57,17,12417461.649999991
World Omni Select Auto Trust 2019-A,2022-09-30,37,640,650,974,63,26,15606280.330000013
World Omni Select Auto Trust 2019-A,2022-09-30,37,650,660,131,8,5,1816431.3500000003
World Omni Select Auto Trust 2019-A,2022-09-30,37,660,670,158,5,3,2472089.1799999997
World Omni Select Auto Trust 2019-A,2022-09-30,37,670,680,146,7,3,2143630.2600000002
World Omni Select Auto Trust 2019-A,2022-09-30,37,680,690,167,7,4,2267539.490000001
World Omni Select Auto Trust 2019-A,2022-09-30,37,690,700,146,9,3,2061557.8699999987
World Omni Select Auto Trust 2019-A,2022-09-30,37,700,710,268,7,3,3703355.5300000007
World Omni Select Auto Trust 2019-A,2022-09-30,37,710,720,225,6,2,3251864.0100000007
World Omni Select Auto Trust 2019-A,2022-09-30,37,720,730,310,11,3,4681965.560000004
World Omni Select Auto Trust 2019-A,2022-09-30,37,730,740,269,10,5,4166792.2399999998
World Omni Select Auto Trust 2019-A,2022-09-30,37,740,750,224,4,1,3316419.080000001
World Omni Select Auto Trust 2019-A,2022-09-30,37,750,760,233,3,0,3304265.1800000006
World Omni Select Auto Trust 2019-A,2022-09-30,37,760,770,185,8,0,2844232.1100000003
World Omni Select Auto Trust 2019-A,2022-09-30,37,770,780,205,3,0,3065715.859999999
World Omni Select Auto Trust 2019-A,2022-09-30,37,780,790,147,1,0,1844447.81
World Omni Select Auto Trust 2019-A,2022-09-30,37,790,800,143,2,1,2096475.8499999996
World Omni Select Auto Trust 2019-A,2022-09-30,37,800,810,132,3,1,1991140.5200000005
World Omni Select Auto Trust 2019-A,2022-09-30,37,810,820,125,0,2,1739652.6400000013
World Omni Select Auto Trust 2019-A,2022-09-30,37,820,830,103,3,1,1473851.1000000008
World Omni Select Auto Trust 2019-A,2022-09-30,37,830,840,94,3,0,1189046.1600000001
World Omni Select Auto Trust 2019-A,2022-09-30,37,840,850,98,0,0,1352404.9500000002
World Omni Select Auto Trust 2019-A,2022-09-30,37,850,860,92,2,0,1193940.4799999997
World Omni Select Auto Trust 2019-A,2022-09-30,37,860,870,48,0,1,618025.2899999999
World Omni Select Auto Trust 2019-A,2022-09-30,37,870,880,29,1,0,424338.7899999999
World Omni Select Auto Trust 2019-A,2022-09-30,37,880,890,6,0,0,43721.950000000004
World Omni Select Auto Trust 2019-A,2022-09-30,37,890,900,1,0,0,7095.98
World Omni Select Auto Trust 2019-A,2023-09-30,49,430,440,1,0,0,13567.77
World Omni Select Auto Trust 2019-A,2023-09-30,49,450,460,2,0,0,19223.29
World Omni Select Auto Trust 2019-A,2023-09-30,49,460,470,0,1,0,10825.96
World Omni Select Auto Trust 2019-A,2023-09-30,49,470,480,2,0,0,18764.78
World Omni Select Auto Trust 2019-A,2023-09-30,49,480,490,4,2,0,62346.2
World Omni Select Auto Trust 2019-A,2023-09-30,49,490,500,5,2,0,51164.08
World Omni Select Auto Trust 2019-A,2023-09-30,49,500,510,8,2,2,123268.97
World Omni Select Auto Trust 2019-A,2023-09-30,49,510,520,17,6,0,213089.56
World Omni Select Auto Trust 2019-A,2023-09-30,49,520,530,23,3,3,242596.91999999998
World Omni Select Auto Trust 2019-A,2023-09-30,49,530,540,35,9,0,373842.76
World Omni Select Auto Trust 2019-A,2023-09-30,49,540,550,58,6,7,718796.2500000002
World Omni Select Auto Trust 2019-A,2023-09-30,49,550,560,44,9,2,551625.4099999999
World Omni Select Auto Trust 2019-A,2023-09-30,49,560,570,71,10,6,896071.64
World Omni Select Auto Trust 2019-A,2023-09-30,49,570,580,128,24,6,1615403.32
World Omni Select Auto Trust 2019-A,2023-09-30,49,580,590,308,46,13,3930713.92
World Omni Select Auto Trust 2019-A,2023-09-30,49,590,600,385,47,20,4646439.14
World Omni Select Auto Trust 2019-A,2023-09-30,49,600,610,452,43,13,5445447.300000002
World Omni Select Auto Trust 2019-A,2023-09-30,49,610,620,459,52,15,5470926.039999997
World Omni Select Auto Trust 2019-A,2023-09-30,49,620,630,645,65,18,7319989.06
World Omni Select Auto Trust 2019-A,2023-09-30,49,630,640,620,49,13,6767744.169999997
World Omni Select Auto Trust 2019-A,2023-09-30,49,640,650,750,43,17,8146240.4200000055
World Omni Select Auto Trust 2019-A,2023-09-30,49,650,660,94,10,2,885703.7899999999
World Omni Select Auto Trust 2019-A,2023-09-30,49,660,670,115,10,4,1290657.67
World Omni Select Auto Trust 2019-A,2023-09-30,49,670,680,105,3,3,1054113.0399999996
World Omni Select Auto Trust 2019-A,2023-09-30,49,680,690,125,10,0,1175760.15
World Omni Select Auto Trust 2019-A,2023-09-30,49,690,700,117,6,2,1085020.6499999994
World Omni Select Auto Trust 2019-A,2023-09-30,49,700,710,205,13,2,1963750.0899999992
World Omni Select Auto Trust 2019-A,2023-09-30,49,710,720,168,3,2,1629775.8499999985
World Omni Select Auto Trust 2019-A,2023-09-30,49,720,730,240,6,0,2514826.8500000015
World Omni Select Auto Trust 2019-A,2023-09-30,49,730,740,198,4,3,2160337.65
World Omni Select Auto Trust 2019-A,2023-09-30,49,740,750,166,3,4,1750026.1200000006
World Omni Select Auto Trust 2019-A,2023-09-30,49,750,760,180,4,0,1767093.38
World Omni Select Auto Trust 2019-A,2023-09-30,49,760,770,139,2,0,1450732.5099999998
World Omni Select Auto Trust 2019-A,2023-09-30,49,770,780,151,4,1,1675078.9000000001
World Omni Select Auto Trust 2019-A,2023-09-30,49,780,790,117,1,0,1010066.5599999998
World Omni Select Auto Trust 2019-A,2023-09-30,49,790,800,118,1,0,1115518.9000000004
World Omni Select Auto Trust 2019-A,2023-09-30,49,800,810,102,3,0,1041088.4500000003
World Omni Select Auto Trust 2019-A,2023-09-30,49,810,820,102,0,1,940232.1899999997
World Omni Select Auto Trust 2019-A,2023-09-30,49,820,830,85,0,1,813509.2000000002
World Omni Select Auto Trust 2019-A,2023-09-30,49,830,840,65,2,0,569407.1
World Omni Select Auto Trust 2019-A,2023-09-30,49,840,850,78,1,0,735129.4299999998
World Omni Select Auto Trust 2019-A,2023-09-30,49,850,860,70,0,0,582970.47
World Omni Select Auto Trust 2019-A,2023-09-30,49,860,870,37,0,0,295677.58999999997
World Omni Select Auto Trust 2019-A,2023-09-30,49,870,880,24,0,0,228520.38
World Omni Select Auto Trust 2019-A,2023-09-30,49,880,890,4,0,0,23575.06
World Omni Select Auto Trust 2019-A,2023-09-30,49,890,900,1,0,0,3982.59
World Omni Select Auto Trust 2019-A,2019-10-31,2,420,430,1,0,0,18884.03
World Omni Select Auto Trust 2019-A,2019-10-31,2,430,440,2,0,0,46184.87
World Omni Select Auto Trust 2019-A,2019-10-31,2,440,450,1,3,0,89219.76
World Omni Select Auto Trust 2019-A,2019-10-31,2,450,460,8,1,0,157318.74
World Omni Select Auto Trust 2019-A,2019-10-31,2,460,470,8,1,0,99194.58
World Omni Select Auto Trust 2019-A,2019-10-31,2,470,480,9,3,0,191487.96000000002
World Omni Select Auto Trust 2019-A,2019-10-31,2,480,490,18,0,1,405016.0799999999
World Omni Select Auto Trust 2019-A,2019-10-31,2,490,500,28,7,0,687997.0499999999
World Omni Select Auto Trust 2019-A,2019-10-31,2,500,510,62,5,0,1231095.3900000004
World Omni Select Auto Trust 2019-A,2019-10-31,2,510,520,103,6,5,2079337.4199999995
World Omni Select Auto Trust 2019-A,2019-10-31,2,520,530,128,13,2,2752113.4800000004
World Omni Select Auto Trust 2019-A,2019-10-31,2,530,540,151,4,4,3160275.4699999993
World Omni Select Auto Trust 2019-A,2019-10-31,2,540,550,287,23,3,6450048.569999999
World Omni Select Auto Trust 2019-A,2019-10-31,2,550,560,293,26,1,6513792.42
World Omni Select Auto Trust 2019-A,2019-10-31,2,560,570,377,21,3,8390173.779999997
World Omni Select Auto Trust 2019-A,2019-10-31,2,570,580,649,32,11,15406975.279999992
World Omni Select Auto Trust 2019-A,2019-10-31,2,580,590,1608,65,14,40821867.05999997
World Omni Select Auto Trust 2019-A,2019-10-31,2,590,600,1922,109,19,49342595.02999993
World Omni Select Auto Trust 2019-A,2019-10-31,2,600,610,2169,94,15,55291243.5700001
World Omni Select Auto Trust 2019-A,2019-10-31,2,610,620,2251,78,13,57240267.69999998
World Omni Select Auto Trust 2019-A,2019-10-31,2,620,630,3007,93,17,76278763.35999988
World Omni Select Auto Trust 2019-A,2019-10-31,2,630,640,2748,89,17,69273019.06999996
World Omni Select Auto Trust 2019-A,2019-10-31,2,640,650,3264,69,10,82512404.57999998
World Omni Select Auto Trust 2019-A,2019-10-31,2,650,660,460,12,2,10388546.50000001
World Omni Select Auto Trust 2019-A,2019-10-31,2,660,670,498,12,5,12926160.180000016
World Omni Select Auto Trust 2019-A,2019-10-31,2,670,680,417,12,5,10589750.649999999
World Omni Select Auto Trust 2019-A,2019-10-31,2,680,690,441,1,3,10448758.520000016
World Omni Select Auto Trust 2019-A,2019-10-31,2,690,700,451,5,0,10587800.649999993
World Omni Select Auto Trust 2019-A,2019-10-31,2,700,710,695,13,3,17273586.240000006
World Omni Select Auto Trust 2019-A,2019-10-31,2,710,720,537,0,1,13462632.349999985
World Omni Select Auto Trust 2019-A,2019-10-31,2,720,730,704,10,0,19160597.38
World Omni Select Auto Trust 2019-A,2019-10-31,2,730,740,643,9,2,18347588.250000007
World Omni Select Auto Trust 2019-A,2019-10-31,2,740,750,537,6,0,14463810.720000004
World Omni Select Auto Trust 2019-A,2019-10-31,2,750,760,529,0,1,13947578.120000005
World Omni Select Auto Trust 2019-A,2019-10-31,2,760,770,409,2,0,10981865.040000003
World Omni Select Auto Trust 2019-A,2019-10-31,2,770,780,411,3,0,11047500.490000004
World Omni Select Auto Trust 2019-A,2019-10-31,2,780,790,363,1,0,9188952.139999999
World Omni Select Auto Trust 2019-A,2019-10-31,2,790,800,339,0,0,8645571.090000004
World Omni Select Auto Trust 2019-A,2019-10-31,2,800,810,303,1,0,7760295.919999998
World Omni Select Auto Trust 2019-A,2019-10-31,2,810,820,280,1,1,7104617.280000002
World Omni Select Auto Trust 2019-A,2019-10-31,2,820,830,233,1,0,5773163.020000004
World Omni Select Auto Trust 2019-A,2019-10-31,2,830,840,221,0,0,5232630.099999998
World Omni Select Auto Trust 2019-A,2019-10-31,2,840,850,193,0,0,4959079.900000003
World Omni Select Auto Trust 2019-A,2019-10-31,2,850,860,181,1,0,4302945.550000002
World Omni Select Auto Trust 2019-A,2019-10-31,2,860,870,105,1,0,2489858.88
World Omni Select Auto Trust 2019-A,2019-10-31,2,870,880,49,2,0,1323232.4499999997
World Omni Select Auto Trust 2019-A,2019-10-31,2,880,890,9,0,0,161759.33000000002
World Omni Select Auto Trust 2019-A,2019-10-31,2,890,900,2,0,0,40601.4
World Omni Select Auto Trust 2019-A,2020-10-31,14,420,430,1,0,0,18339.81
World Omni Select Auto Trust 2019-A,2020-10-31,14,430,440,2,0,0,42504.34
World Omni Select Auto Trust 2019-A,2020-10-31,14,440,450,1,0,0,21760.26
World Omni Select Auto Trust 2019-A,2020-10-31,14,450,460,7,2,0,137374.23
World Omni Select Auto Trust 2019-A,2020-10-31,14,460,470,6,0,0,68340.75
World Omni Select Auto Trust 2019-A,2020-10-31,14,470,480,5,0,1,100988.63
World Omni Select Auto Trust 2019-A,2020-10-31,14,480,490,14,0,0,278815.69
World Omni Select Auto Trust 2019-A,2020-10-31,14,490,500,22,3,1,432446.42999999993
World Omni Select Auto Trust 2019-A,2020-10-31,14,500,510,34,8,2,748936.3400000001
World Omni Select Auto Trust 2019-A,2020-10-31,14,510,520,75,9,1,1437250.2599999998
World Omni Select Auto Trust 2019-A,2020-10-31,14,520,530,92,5,2,1809967.9600000004
World Omni Select Auto Trust 2019-A,2020-10-31,14,530,540,103,17,2,2252567.1100000003
World Omni Select Auto Trust 2019-A,2020-10-31,14,540,550,198,22,10,4349719.849999999
World Omni Select Auto Trust 2019-A,2020-10-31,14,550,560,167,21,13,3776859.6900000023
World Omni Select Auto Trust 2019-A,2020-10-31,14,560,570,241,28,8,5304319.5500000045
World Omni Select Auto Trust 2019-A,2020-10-31,14,570,580,434,31,9,9603042.72
World Omni Select Auto Trust 2019-A,2020-10-31,14,580,590,1066,94,34,26338450.96999998
World Omni Select Auto Trust 2019-A,2020-10-31,14,590,600,1315,104,25,31601970.219999958
World Omni Select Auto Trust 2019-A,2020-10-31,14,600,610,1473,89,31,34762536.480000004
World Omni Select Auto Trust 2019-A,2020-10-31,14,610,620,1492,87,33,35747878.80000002
World Omni Select Auto Trust 2019-A,2020-10-31,14,620,630,2042,118,30,48067760.079999916
World Omni Select Auto Trust 2019-A,2020-10-31,14,630,640,1871,92,21,43460725.199999996
World Omni Select Auto Trust 2019-A,2020-10-31,14,640,650,2193,113,33,52325079.34999991
World Omni Select Auto Trust 2019-A,2020-10-31,14,650,660,309,11,5,6164993.52
World Omni Select Auto Trust 2019-A,2020-10-31,14,660,670,355,13,2,8012797.619999997
World Omni Select Auto Trust 2019-A,2020-10-31,14,670,680,310,11,2,6984673.539999996
World Omni Select Auto Trust 2019-A,2020-10-31,14,680,690,328,11,4,7081007.76
World Omni Select Auto Trust 2019-A,2020-10-31,14,690,700,342,9,1,7240971.0799999945
World Omni Select Auto Trust 2019-A,2020-10-31,14,700,710,530,13,3,11511878.020000007
World Omni Select Auto Trust 2019-A,2020-10-31,14,710,720,415,8,6,9186276.820000002
World Omni Select Auto Trust 2019-A,2020-10-31,14,720,730,573,7,3,13310222.489999998
World Omni Select Auto Trust 2019-A,2020-10-31,14,730,740,525,10,3,13162798.799999999
World Omni Select Auto Trust 2019-A,2020-10-31,14,740,750,424,3,3,10016838.059999995
World Omni Select Auto Trust 2019-A,2020-10-31,14,750,760,426,4,0,9734562.09
World Omni Select Auto Trust 2019-A,2020-10-31,14,760,770,314,3,2,7476370.4200000055
World Omni Select Auto Trust 2019-A,2020-10-31,14,770,780,339,3,2,7906391.750000003
World Omni Select Auto Trust 2019-A,2020-10-31,14,780,790,272,2,2,5940528.910000002
World Omni Select Auto Trust 2019-A,2020-10-31,14,790,800,278,3,0,6196295.290000001
World Omni Select Auto Trust 2019-A,2020-10-31,14,800,810,244,4,2,5395171.600000001
World Omni Select Auto Trust 2019-A,2020-10-31,14,810,820,227,0,0,4905476.620000005
World Omni Select Auto Trust 2019-A,2020-10-31,14,820,830,190,0,0,4033706.55
World Omni Select Auto Trust 2019-A,2020-10-31,14,830,840,175,3,0,3486781.36
World Omni Select Auto Trust 2019-A,2020-10-31,14,840,850,166,0,0,3631646.5499999993
World Omni Select Auto Trust 2019-A,2020-10-31,14,850,860,150,1,0,2963422.3100000005
World Omni Select Auto Trust 2019-A,2020-10-31,14,860,870,81,1,0,1663484.7
World Omni Select Auto Trust 2019-A,2020-10-31,14,870,880,47,1,0,1091130.32
World Omni Select Auto Trust 2019-A,2020-10-31,14,880,890,8,0,0,114910.82
World Omni Select Auto Trust 2019-A,2020-10-31,14,890,900,2,0,0,32036.96
World Omni Select Auto Trust 2019-A,2021-10-31,26,420,430,1,0,0,16209.86
World Omni Select Auto Trust 2019-A,2021-10-31,26,430,440,2,0,0,35237.19
World Omni Select Auto Trust 2019-A,2021-10-31,26,450,460,3,1,0,44324.43
World Omni Select Auto Trust 2019-A,2021-10-31,26,460,470,2,1,0,32243.479999999996
World Omni Select Auto Trust 2019-A,2021-10-31,26,470,480,1,2,0,51658.91
World Omni Select Auto Trust 2019-A,2021-10-31,26,480,490,9,0,1,174645.91999999998
World Omni Select Auto Trust 2019-A,2021-10-31,26,490,500,12,2,2,220128.86
World Omni Select Auto Trust 2019-A,2021-10-31,26,500,510,21,5,2,407824.48999999993
World Omni Select Auto Trust 2019-A,2021-10-31,26,510,520,45,6,1,808164.9600000002
World Omni Select Auto Trust 2019-A,2021-10-31,26,520,530,52,8,2,974864.3200000002
World Omni Select Auto Trust 2019-A,2021-10-31,26,530,540,67,7,4,1196345.87
World Omni Select Auto Trust 2019-A,2021-10-31,26,540,550,117,12,4,2186322.92
World Omni Select Auto Trust 2019-A,2021-10-31,26,550,560,92,23,5,1999202.4300000002
World Omni Select Auto Trust 2019-A,2021-10-31,26,560,570,141,20,5,2844977.2
World Omni Select Auto Trust 2019-A,2021-10-31,26,570,580,254,30,16,5322877.03
World Omni Select Auto Trust 2019-A,2021-10-31,26,580,590,625,75,24,13641990.899999991
World Omni Select Auto Trust 2019-A,2021-10-31,26,590,600,772,86,23,16406159.810000004
World Omni Select Auto Trust 2019-A,2021-10-31,26,600,610,914,73,24,18957065.679999974
World Omni Select Auto Trust 2019-A,2021-10-31,26,610,620,908,63,23,18736166.56
World Omni Select Auto Trust 2019-A,2021-10-31,26,620,630,1275,85,33,25804817.43999997
World Omni Select Auto Trust 2019-A,2021-10-31,26,630,640,1170,61,21,23240597.159999978
World Omni Select Auto Trust 2019-A,2021-10-31,26,640,650,1350,66,36,27455758.460000005
World Omni Select Auto Trust 2019-A,2021-10-31,26,650,660,189,6,2,3188258.1900000004
World Omni Select Auto Trust 2019-A,2021-10-31,26,660,670,234,5,2,4400671.509999998
World Omni Select Auto Trust 2019-A,2021-10-31,26,670,680,195,9,5,3770981.700000004
World Omni Select Auto Trust 2019-A,2021-10-31,26,680,690,220,8,3,3905362.5100000002
World Omni Select Auto Trust 2019-A,2021-10-31,26,690,700,219,8,3,3986416.2199999993
World Omni Select Auto Trust 2019-A,2021-10-31,26,700,710,358,6,6,6395811.469999999
World Omni Select Auto Trust 2019-A,2021-10-31,26,710,720,301,3,1,5321281.940000001
World Omni Select Auto Trust 2019-A,2021-10-31,26,720,730,418,7,3,8040821.170000002
World Omni Select Auto Trust 2019-A,2021-10-31,26,730,740,377,8,2,7386534.97
World Omni Select Auto Trust 2019-A,2021-10-31,26,740,750,305,2,2,5854350.04
World Omni Select Auto Trust 2019-A,2021-10-31,26,750,760,299,8,3,5690867.490000001
World Omni Select Auto Trust 2019-A,2021-10-31,26,760,770,235,5,0,4553843.889999998
World Omni Select Auto Trust 2019-A,2021-10-31,26,770,780,252,3,2,4738525.290000001
World Omni Select Auto Trust 2019-A,2021-10-31,26,780,790,194,1,1,3297253.899999999
World Omni Select Auto Trust 2019-A,2021-10-31,26,790,800,192,4,2,3629547.4800000014
World Omni Select Auto Trust 2019-A,2021-10-31,26,800,810,173,1,0,3177816.8299999977
World Omni Select Auto Trust 2019-A,2021-10-31,26,810,820,165,1,0,2948416.9200000013
World Omni Select Auto Trust 2019-A,2021-10-31,26,820,830,139,1,2,2512391.7999999993
World Omni Select Auto Trust 2019-A,2021-10-31,26,830,840,130,0,2,2093849.16
World Omni Select Auto Trust 2019-A,2021-10-31,26,840,850,123,1,0,2244891.03
World Omni Select Auto Trust 2019-A,2021-10-31,26,850,860,116,0,0,1857501.519999999
World Omni Select Auto Trust 2019-A,2021-10-31,26,860,870,63,1,0,1022544.86
World Omni Select Auto Trust 2019-A,2021-10-31,26,870,880,34,0,0,611803.1200000001
World Omni Select Auto Trust 2019-A,2021-10-31,26,880,890,6,0,0,60302.72
World Omni Select Auto Trust 2019-A,2021-10-31,26,890,900,1,0,0,9835.98
World Omni Select Auto Trust 2019-A,2022-10-31,38,430,440,1,0,0,16927.71
World Omni Select Auto Trust 2019-A,2022-10-31,38,450,460,1,0,2,35280.61
World Omni Select Auto Trust 2019-A,2022-10-31,38,460,470,1,1,0,25837.87
World Omni Select Auto Trust 2019-A,2022-10-31,38,470,480,2,0,0,24036.57
World Omni Select Auto Trust 2019-A,2022-10-31,38,480,490,6,2,0,117165.18
World Omni Select Auto Trust 2019-A,2022-10-31,38,490,500,7,2,1,117491.68
World Omni Select Auto Trust 2019-A,2022-10-31,38,500,510,13,2,2,207947.06
World Omni Select Auto Trust 2019-A,2022-10-31,38,510,520,27,6,0,357181.2
World Omni Select Auto Trust 2019-A,2022-10-31,38,520,530,33,6,3,516352.90999999986
World Omni Select Auto Trust 2019-A,2022-10-31,38,530,540,45,8,6,719350.22
World Omni Select Auto Trust 2019-A,2022-10-31,38,540,550,69,14,5,1218359.25
World Omni Select Auto Trust 2019-A,2022-10-31,38,550,560,60,13,2,968100.1499999998
World Omni Select Auto Trust 2019-A,2022-10-31,38,560,570,97,19,7,1668282.5099999998
World Omni Select Auto Trust 2019-A,2022-10-31,38,570,580,164,25,12,2805640.539999998
World Omni Select Auto Trust 2019-A,2022-10-31,38,580,590,412,57,25,7260157.900000001
World Omni Select Auto Trust 2019-A,2022-10-31,38,590,600,512,50,30,8535224.189999998
World Omni Select Auto Trust 2019-A,2022-10-31,38,600,610,588,71,21,9978337.219999995
World Omni Select Auto Trust 2019-A,2022-10-31,38,610,620,598,55,22,9699867.559999997
World Omni Select Auto Trust 2019-A,2022-10-31,38,620,630,855,73,40,13636556.709999993
World Omni Select Auto Trust 2019-A,2022-10-31,38,630,640,772,45,21,11843938.890000002
World Omni Select Auto Trust 2019-A,2022-10-31,38,640,650,943,64,25,14728314.430000005
World Omni Select Auto Trust 2019-A,2022-10-31,38,650,660,126,8,6,1731519.3399999996
World Omni Select Auto Trust 2019-A,2022-10-31,38,660,670,153,5,2,2311494.110000001
World Omni Select Auto Trust 2019-A,2022-10-31,38,670,680,145,5,4,2070382.0800000003
World Omni Select Auto Trust 2019-A,2022-10-31,38,680,690,159,9,7,2178381.0700000003
World Omni Select Auto Trust 2019-A,2022-10-31,38,690,700,141,10,3,1963154.4300000006
World Omni Select Auto Trust 2019-A,2022-10-31,38,700,710,263,9,3,3555318.0899999994
World Omni Select Auto Trust 2019-A,2022-10-31,38,710,720,214,13,0,3073805.089999999
World Omni Select Auto Trust 2019-A,2022-10-31,38,720,730,303,15,3,4529370.800000003
World Omni Select Auto Trust 2019-A,2022-10-31,38,730,740,262,4,6,3888484.6199999996
World Omni Select Auto Trust 2019-A,2022-10-31,38,740,750,218,6,0,3147012.839999999
World Omni Select Auto Trust 2019-A,2022-10-31,38,750,760,226,7,0,3138871.7800000007
World Omni Select Auto Trust 2019-A,2022-10-31,38,760,770,178,7,1,2671286.2599999993
World Omni Select Auto Trust 2019-A,2022-10-31,38,770,780,200,4,0,2951290.919999999
World Omni Select Auto Trust 2019-A,2022-10-31,38,780,790,146,0,0,1767472.1099999994
World Omni Select Auto Trust 2019-A,2022-10-31,38,790,800,142,1,1,1988844.109999999
World Omni Select Auto Trust 2019-A,2022-10-31,38,800,810,128,2,0,1835901.040000001
World Omni Select Auto Trust 2019-A,2022-10-31,38,810,820,121,0,1,1602937.4400000009
World Omni Select Auto Trust 2019-A,2022-10-31,38,820,830,101,2,1,1394488.4800000002
World Omni Select Auto Trust 2019-A,2022-10-31,38,830,840,92,2,1,1133892.85
World Omni Select Auto Trust 2019-A,2022-10-31,38,840,850,96,1,0,1297492.08
World Omni Select Auto Trust 2019-A,2022-10-31,38,850,860,91,1,0,1148188.6399999997
World Omni Select Auto Trust 2019-A,2022-10-31,38,860,870,48,0,1,591376.86
World Omni Select Auto Trust 2019-A,2022-10-31,38,870,880,29,0,0,392812.4200000001
World Omni Select Auto Trust 2019-A,2022-10-31,38,880,890,5,0,0,41970.42
World Omni Select Auto Trust 2019-A,2022-10-31,38,890,900,1,0,0,6841.22
World Omni Select Auto Trust 2019-A,2023-10-31,50,430,440,1,0,0,13106.51
World Omni Select Auto Trust 2019-A,2023-10-31,50,450,460,2,0,0,18516.85
World Omni Select Auto Trust 2019-A,2023-10-31,50,460,470,0,1,0,10355.64
World Omni Select Auto Trust 2019-A,2023-10-31,50,470,480,1,0,0,9267.32
World Omni Select Auto Trust 2019-A,2023-10-31,50,480,490,5,1,0,59845.26000000001
World Omni Select Auto Trust 2019-A,2023-10-31,50,490,500,4,2,0,48652.78
World Omni Select Auto Trust 2019-A,2023-10-31,50,500,510,7,2,2,107375.53999999998
World Omni Select Auto Trust 2019-A,2023-10-31,50,510,520,18,5,0,204452.51
World Omni Select Auto Trust 2019-A,2023-10-31,50,520,530,24,1,2,200732.30000000008
World Omni Select Auto Trust 2019-A,2023-10-31,50,530,540,32,6,3,347306.28
World Omni Select Auto Trust 2019-A,2023-10-31,50,540,550,55,12,4,692222.5399999999
World Omni Select Auto Trust 2019-A,2023-10-31,50,550,560,46,8,1,531932.89
World Omni Select Auto Trust 2019-A,2023-10-31,50,560,570,65,13,3,816314.7
World Omni Select Auto Trust 2019-A,2023-10-31,50,570,580,122,28,4,1522338.2700000012
World Omni Select Auto Trust 2019-A,2023-10-31,50,580,590,289,47,17,3667500.0000000037
World Omni Select Auto Trust 2019-A,2023-10-31,50,590,600,376,45,18,4337568.439999997
World Omni Select Auto Trust 2019-A,2023-10-31,50,600,610,431,53,11,5103814.600000001
World Omni Select Auto Trust 2019-A,2023-10-31,50,610,620,442,56,15,5147125.170000003
World Omni Select Auto Trust 2019-A,2023-10-31,50,620,630,630,69,15,6918845.869999998
World Omni Select Auto Trust 2019-A,2023-10-31,50,630,640,597,61,10,6385631.2
World Omni Select Auto Trust 2019-A,2023-10-31,50,640,650,727,55,16,7724340.770000007
World Omni Select Auto Trust 2019-A,2023-10-31,50,650,660,97,4,3,827158.0999999999
World Omni Select Auto Trust 2019-A,2023-10-31,50,660,670,112,9,6,1222576.46
World Omni Select Auto Trust 2019-A,2023-10-31,50,670,680,105,4,2,992626.7199999999
World Omni Select Auto Trust 2019-A,2023-10-31,50,680,690,118,12,1,1110566.3599999996
World Omni Select Auto Trust 2019-A,2023-10-31,50,690,700,112,9,2,1015920.9500000002
World Omni Select Auto Trust 2019-A,2023-10-31,50,700,710,198,11,6,1825573.3000000005
World Omni Select Auto Trust 2019-A,2023-10-31,50,710,720,160,6,1,1526530.8600000006
World Omni Select Auto Trust 2019-A,2023-10-31,50,720,730,235,5,2,2383917.76
World Omni Select Auto Trust 2019-A,2023-10-31,50,730,740,193,8,0,2044961.21
World Omni Select Auto Trust 2019-A,2023-10-31,50,740,750,160,2,4,1639827.8800000006
World Omni Select Auto Trust 2019-A,2023-10-31,50,750,760,168,7,1,1622650.8199999994
World Omni Select Auto Trust 2019-A,2023-10-31,50,760,770,130,3,0,1355117.3899999997
World Omni Select Auto Trust 2019-A,2023-10-31,50,770,780,148,5,0,1599332.63
World Omni Select Auto Trust 2019-A,2023-10-31,50,780,790,111,4,0,951395.5400000005
World Omni Select Auto Trust 2019-A,2023-10-31,50,790,800,113,2,0,1059669.2499999998
World Omni Select Auto Trust 2019-A,2023-10-31,50,800,810,101,2,0,981940.3200000001
World Omni Select Auto Trust 2019-A,2023-10-31,50,810,820,101,1,0,872198.33
World Omni Select Auto Trust 2019-A,2023-10-31,50,820,830,82,0,0,748883.9300000002
World Omni Select Auto Trust 2019-A,2023-10-31,50,830,840,64,2,0,543612.5299999999
World Omni Select Auto Trust 2019-A,2023-10-31,50,840,850,74,0,1,690290.5199999998
World Omni Select Auto Trust 2019-A,2023-10-31,50,850,860,68,0,0,552549.4100000001
World Omni Select Auto Trust 2019-A,2023-10-31,50,860,870,36,0,0,281737.93
World Omni Select Auto Trust 2019-A,2023-10-31,50,870,880,24,0,0,217429.35
World Omni Select Auto Trust 2019-A,2023-10-31,50,880,890,3,0,0,22349.89
World Omni Select Auto Trust 2019-A,2023-10-31,50,890,900,1,0,0,3716.97
World Omni Select Auto Trust 2019-A,2019-11-30,3,420,430,1,0,0,18695.43
World Omni Select Auto Trust 2019-A,2019-11-30,3,430,440,2,0,0,45904.490000000005
World Omni Select Auto Trust 2019-A,2019-11-30,3,440,450,2,0,2,88517.6
World Omni Select Auto Trust 2019-A,2019-11-30,3,450,460,8,1,0,155767.38999999998
World Omni Select Auto Trust 2019-A,2019-11-30,3,460,470,8,0,1,97114.28
World Omni Select Auto Trust 2019-A,2019-11-30,3,470,480,11,0,0,180718.90000000002
World Omni Select Auto Trust 2019-A,2019-11-30,3,480,490,17,1,1,401128.85000000003
World Omni Select Auto Trust 2019-A,2019-11-30,3,490,500,29,4,1,664194.5399999998
World Omni Select Auto Trust 2019-A,2019-11-30,3,500,510,60,6,0,1213528.9200000004
World Omni Select Auto Trust 2019-A,2019-11-30,3,510,520,102,10,2,2036783.990000001
World Omni Select Auto Trust 2019-A,2019-11-30,3,520,530,120,13,6,2654111.9399999995
World Omni Select Auto Trust 2019-A,2019-11-30,3,530,540,140,13,4,3113029.939999999
World Omni Select Auto Trust 2019-A,2019-11-30,3,540,550,285,20,7,6351745.639999996
World Omni Select Auto Trust 2019-A,2019-11-30,3,550,560,286,22,8,6382769.890000001
World Omni Select Auto Trust 2019-A,2019-11-30,3,560,570,372,17,8,8225663.920000007
World Omni Select Auto Trust 2019-A,2019-11-30,3,570,580,628,44,12,15116468.96
World Omni Select Auto Trust 2019-A,2019-11-30,3,580,590,1552,96,18,40023567.22000004
World Omni Select Auto Trust 2019-A,2019-11-30,3,590,600,1887,105,32,48254693.620000005
World Omni Select Auto Trust 2019-A,2019-11-30,3,600,610,2129,91,34,54193406.60999993
World Omni Select Auto Trust 2019-A,2019-11-30,3,610,620,2206,85,29,56185059.80000009
World Omni Select Auto Trust 2019-A,2019-11-30,3,620,630,2934,104,37,74321776.74999979
World Omni Select Auto Trust 2019-A,2019-11-30,3,630,640,2690,96,30,67620191.23000021
World Omni Select Auto Trust 2019-A,2019-11-30,3,640,650,3179,82,28,80432253.39000022
World Omni Select Auto Trust 2019-A,2019-11-30,3,650,660,451,11,4,10104880.750000004
World Omni Select Auto Trust 2019-A,2019-11-30,3,660,670,488,12,6,12552151.93
World Omni Select Auto Trust 2019-A,2019-11-30,3,670,680,405,15,7,10298145.860000005
World Omni Select Auto Trust 2019-A,2019-11-30,3,680,690,430,7,3,10222514.439999992
World Omni Select Auto Trust 2019-A,2019-11-30,3,690,700,447,3,0,10320371.9
World Omni Select Auto Trust 2019-A,2019-11-30,3,700,710,687,10,4,16839730.18000001
World Omni Select Auto Trust 2019-A,2019-11-30,3,710,720,530,4,0,13180309.860000005
World Omni Select Auto Trust 2019-A,2019-11-30,3,720,730,700,7,3,18812744.170000013
World Omni Select Auto Trust 2019-A,2019-11-30,3,730,740,635,10,3,17988478.979999978
World Omni Select Auto Trust 2019-A,2019-11-30,3,740,750,526,6,2,14062295.580000008
World Omni Select Auto Trust 2019-A,2019-11-30,3,750,760,520,3,1,13569567.11999999
World Omni Select Auto Trust 2019-A,2019-11-30,3,760,770,409,0,1,10801471.699999997
World Omni Select Auto Trust 2019-A,2019-11-30,3,770,780,410,1,2,10870118.990000008
World Omni Select Auto Trust 2019-A,2019-11-30,3,780,790,360,2,0,9041201.879999999
World Omni Select Auto Trust 2019-A,2019-11-30,3,790,800,333,1,0,8485716.749999996
World Omni Select Auto Trust 2019-A,2019-11-30,3,800,810,298,2,0,7566255.689999997
World Omni Select Auto Trust 2019-A,2019-11-30,3,810,820,277,0,0,6901132.53
World Omni Select Auto Trust 2019-A,2019-11-30,3,820,830,232,1,0,5666349.060000003
World Omni Select Auto Trust 2019-A,2019-11-30,3,830,840,218,0,0,5109088.240000002
World Omni Select Auto Trust 2019-A,2019-11-30,3,840,850,192,0,0,4888321.500000001
World Omni Select Auto Trust 2019-A,2019-11-30,3,850,860,180,1,0,4230859.820000003
World Omni Select Auto Trust 2019-A,2019-11-30,3,860,870,104,1,0,2432668.2899999996
World Omni Select Auto Trust 2019-A,2019-11-30,3,870,880,50,1,0,1306795.1400000001
World Omni Select Auto Trust 2019-A,2019-11-30,3,880,890,9,0,0,158172.78
World Omni Select Auto Trust 2019-A,2019-11-30,3,890,900,2,0,0,39896.08
World Omni Select Auto Trust 2019-A,2020-11-30,15,420,430,1,0,0,18289.8
World Omni Select Auto Trust 2019-A,2020-11-30,15,430,440,1,1,0,42218.25
World Omni Select Auto Trust 2019-A,2020-11-30,15,440,450,1,0,0,21647.89
World Omni Select Auto Trust 2019-A,2020-11-30,15,450,460,7,0,1,115165.59
World Omni Select Auto Trust 2019-A,2020-11-30,15,460,470,5,0,0,47278.95
World Omni Select Auto Trust 2019-A,2020-11-30,15,470,480,6,0,0,100588.05999999998
World Omni Select Auto Trust 2019-A,2020-11-30,15,480,490,13,1,0,275649.05
World Omni Select Auto Trust 2019-A,2020-11-30,15,490,500,22,1,2,389942.07000000007
World Omni Select Auto Trust 2019-A,2020-11-30,15,500,510,35,6,2,723589.3400000001
World Omni Select Auto Trust 2019-A,2020-11-30,15,510,520,71,6,3,1353850.4000000001
World Omni Select Auto Trust 2019-A,2020-11-30,15,520,530,84,6,3,1683976.8800000001
World Omni Select Auto Trust 2019-A,2020-11-30,15,530,540,106,8,3,2120156.87
World Omni Select Auto Trust 2019-A,2020-11-30,15,540,550,184,20,14,4067571.2600000007
World Omni Select Auto Trust 2019-A,2020-11-30,15,550,560,157,28,11,3639783.3700000006
World Omni Select Auto Trust 2019-A,2020-11-30,15,560,570,230,24,13,5115911.31
World Omni Select Auto Trust 2019-A,2020-11-30,15,570,580,403,36,9,8924235.120000003
World Omni Select Auto Trust 2019-A,2020-11-30,15,580,590,1022,98,29,25089334.89999999
World Omni Select Auto Trust 2019-A,2020-11-30,15,590,600,1252,107,27,30020693.049999982
World Omni Select Auto Trust 2019-A,2020-11-30,15,600,610,1411,111,18,33256118.310000017
World Omni Select Auto Trust 2019-A,2020-11-30,15,610,620,1434,95,22,34098057.60999997
World Omni Select Auto Trust 2019-A,2020-11-30,15,620,630,1970,96,48,45971795.99000002
World Omni Select Auto Trust 2019-A,2020-11-30,15,630,640,1803,92,25,41797992.199999966
World Omni Select Auto Trust 2019-A,2020-11-30,15,640,650,2123,85,44,49702393.41000004
World Omni Select Auto Trust 2019-A,2020-11-30,15,650,660,292,14,5,5867320.720000004
World Omni Select Auto Trust 2019-A,2020-11-30,15,660,670,336,16,5,7624006.979999999
World Omni Select Auto Trust 2019-A,2020-11-30,15,670,680,301,14,2,6804135.699999999
World Omni Select Auto Trust 2019-A,2020-11-30,15,680,690,322,9,6,6855861.060000001
World Omni Select Auto Trust 2019-A,2020-11-30,15,690,700,329,9,3,7003294.909999999
World Omni Select Auto Trust 2019-A,2020-11-30,15,700,710,520,9,4,11080258.510000005
World Omni Select Auto Trust 2019-A,2020-11-30,15,710,720,399,8,7,8788002.719999997
World Omni Select Auto Trust 2019-A,2020-11-30,15,720,730,565,8,2,12973541.119999997
World Omni Select Auto Trust 2019-A,2020-11-30,15,730,740,509,9,2,12442284.330000002
World Omni Select Auto Trust 2019-A,2020-11-30,15,740,750,409,10,3,9626737.399999995
World Omni Select Auto Trust 2019-A,2020-11-30,15,750,760,417,3,1,9393634.23999999
World Omni Select Auto Trust 2019-A,2020-11-30,15,760,770,303,3,2,7176375.380000003
World Omni Select Auto Trust 2019-A,2020-11-30,15,770,780,336,1,1,7647432.5299999975
World Omni Select Auto Trust 2019-A,2020-11-30,15,780,790,269,2,1,5743569.849999999
World Omni Select Auto Trust 2019-A,2020-11-30,15,790,800,271,3,1,5987169.389999999
World Omni Select Auto Trust 2019-A,2020-11-30,15,800,810,236,3,2,5186048.030000002
World Omni Select Auto Trust 2019-A,2020-11-30,15,810,820,223,1,0,4775087.210000002
World Omni Select Auto Trust 2019-A,2020-11-30,15,820,830,186,1,0,3915353.9000000004
World Omni Select Auto Trust 2019-A,2020-11-30,15,830,840,175,0,1,3368888.819999999
World Omni Select Auto Trust 2019-A,2020-11-30,15,840,850,165,1,0,3571144.65
World Omni Select Auto Trust 2019-A,2020-11-30,15,850,860,149,0,0,2905392.84
World Omni Select Auto Trust 2019-A,2020-11-30,15,860,870,79,2,0,1613154.5999999996
World Omni Select Auto Trust 2019-A,2020-11-30,15,870,880,47,1,0,1073125.56
World Omni Select Auto Trust 2019-A,2020-11-30,15,880,890,8,0,0,113280.8
World Omni Select Auto Trust 2019-A,2020-11-30,15,890,900,2,0,0,31310.260000000002
World Omni Select Auto Trust 2019-A,2021-11-30,27,420,430,1,0,0,16209.86
World Omni Select Auto Trust 2019-A,2021-11-30,27,430,440,2,0,0,34321.630000000005
World Omni Select Auto Trust 2019-A,2021-11-30,27,450,460,3,1,0,43544.990000000005
World Omni Select Auto Trust 2019-A,2021-11-30,27,460,470,2,0,0,31150.010000000002
World Omni Select Auto Trust 2019-A,2021-11-30,27,470,480,1,2,0,51083.82
World Omni Select Auto Trust 2019-A,2021-11-30,27,480,490,9,0,1,171805.1
World Omni Select Auto Trust 2019-A,2021-11-30,27,490,500,11,4,1,215942.3
World Omni Select Auto Trust 2019-A,2021-11-30,27,500,510,22,2,3,393434.95999999996
World Omni Select Auto Trust 2019-A,2021-11-30,27,510,520,46,3,3,795325.5599999999
World Omni Select Auto Trust 2019-A,2021-11-30,27,520,530,54,5,3,954537.76
World Omni Select Auto Trust 2019-A,2021-11-30,27,530,540,66,6,4,1153308.2500000002
World Omni Select Auto Trust 2019-A,2021-11-30,27,540,550,112,8,5,2043284.4199999997
World Omni Select Auto Trust 2019-A,2021-11-30,27,550,560,99,12,7,1927088.8500000006
World Omni Select Auto Trust 2019-A,2021-11-30,27,560,570,145,13,5,2723977.1800000006
World Omni Select Auto Trust 2019-A,2021-11-30,27,570,580,250,28,12,5032608.720000002
World Omni Select Auto Trust 2019-A,2021-11-30,27,580,590,610,63,27,12975825.369999997
World Omni Select Auto Trust 2019-A,2021-11-30,27,590,600,751,74,21,15498021.82999999
World Omni Select Auto Trust 2019-A,2021-11-30,27,600,610,887,67,17,17934057.930000015
World Omni Select Auto Trust 2019-A,2021-11-30,27,610,620,880,63,18,17722563.439999998
World Omni Select Auto Trust 2019-A,2021-11-30,27,620,630,1233,73,40,24554196.35000001
World Omni Select Auto Trust 2019-A,2021-11-30,27,630,640,1140,46,22,21909846.969999984
World Omni Select Auto Trust 2019-A,2021-11-30,27,640,650,1299,85,20,25981770.959999993
World Omni Select Auto Trust 2019-A,2021-11-30,27,650,660,184,8,2,3054570.82
World Omni Select Auto Trust 2019-A,2021-11-30,27,660,670,228,4,2,4195267.75
World Omni Select Auto Trust 2019-A,2021-11-30,27,670,680,191,8,4,3580422.2300000014
World Omni Select Auto Trust 2019-A,2021-11-30,27,680,690,213,9,3,3685353.5700000003
World Omni Select Auto Trust 2019-A,2021-11-30,27,690,700,211,4,5,3710694.5900000003
World Omni Select Auto Trust 2019-A,2021-11-30,27,700,710,347,9,4,6099958.149999995
World Omni Select Auto Trust 2019-A,2021-11-30,27,710,720,288,7,1,5107698.210000001
World Omni Select Auto Trust 2019-A,2021-11-30,27,720,730,405,5,3,7511183.710000001
World Omni Select Auto Trust 2019-A,2021-11-30,27,730,740,359,11,2,6948850.33
World Omni Select Auto Trust 2019-A,2021-11-30,27,740,750,295,2,1,5556665.309999999
World Omni Select Auto Trust 2019-A,2021-11-30,27,750,760,295,3,4,5361110.5
World Omni Select Auto Trust 2019-A,2021-11-30,27,760,770,231,1,0,4327652.869999999
World Omni Select Auto Trust 2019-A,2021-11-30,27,770,780,248,1,1,4530165.409999999
World Omni Select Auto Trust 2019-A,2021-11-30,27,780,790,190,1,1,3140882.6500000004
World Omni Select Auto Trust 2019-A,2021-11-30,27,790,800,186,2,3,3431691.7700000005
World Omni Select Auto Trust 2019-A,2021-11-30,27,800,810,168,1,0,2991837.54
World Omni Select Auto Trust 2019-A,2021-11-30,27,810,820,162,1,0,2848706.1900000013
World Omni Select Auto Trust 2019-A,2021-11-30,27,820,830,139,0,0,2415278.69
World Omni Select Auto Trust 2019-A,2021-11-30,27,830,840,128,2,1,2035266.2300000004
World Omni Select Auto Trust 2019-A,2021-11-30,27,840,850,118,1,0,2117408.12
World Omni Select Auto Trust 2019-A,2021-11-30,27,850,860,114,0,0,1779653.6600000001
World Omni Select Auto Trust 2019-A,2021-11-30,27,860,870,62,0,0,979041.41
World Omni Select Auto Trust 2019-A,2021-11-30,27,870,880,34,0,0,598800.0900000001
World Omni Select Auto Trust 2019-A,2021-11-30,27,880,890,6,0,0,58590.86
World Omni Select Auto Trust 2019-A,2021-11-30,27,890,900,1,0,0,9591.9
World Omni Select Auto Trust 2019-A,2022-11-30,39,430,440,1,0,0,16661.09
World Omni Select Auto Trust 2019-A,2022-11-30,39,450,460,3,0,0,34857.5
World Omni Select Auto Trust 2019-A,2022-11-30,39,460,470,1,1,0,25101.08
World Omni Select Auto Trust 2019-A,2022-11-30,39,470,480,2,0,0,23044.25
World Omni Select Auto Trust 2019-A,2022-11-30,39,480,490,7,1,0,115040.16999999998
World Omni Select Auto Trust 2019-A,2022-11-30,39,490,500,6,2,2,115285.66
World Omni Select Auto Trust 2019-A,2022-11-30,39,500,510,12,2,3,204089.13000000003
World Omni Select Auto Trust 2019-A,2022-11-30,39,510,520,24,5,1,333686.9
World Omni Select Auto Trust 2019-A,2022-11-30,39,520,530,34,4,3,487777.5800000002
World Omni Select Auto Trust 2019-A,2022-11-30,39,530,540,45,5,7,677952.0700000001
World Omni Select Auto Trust 2019-A,2022-11-30,39,540,550,66,17,4,1175702.1000000003
World Omni Select Auto Trust 2019-A,2022-11-30,39,550,560,57,13,2,923178.68
World Omni Select Auto Trust 2019-A,2022-11-30,39,560,570,100,11,11,1617335.9999999998
World Omni Select Auto Trust 2019-A,2022-11-30,39,570,580,164,28,7,2710954.3400000003
World Omni Select Auto Trust 2019-A,2022-11-30,39,580,590,407,54,24,6950138.429999993
World Omni Select Auto Trust 2019-A,2022-11-30,39,590,600,500,54,24,8120072.669999999
World Omni Select Auto Trust 2019-A,2022-11-30,39,600,610,577,54,31,9539222.940000001
World Omni Select Auto Trust 2019-A,2022-11-30,39,610,620,588,47,23,9276760.099999998
World Omni Select Auto Trust 2019-A,2022-11-30,39,620,630,834,69,38,12915107.350000005
World Omni Select Auto Trust 2019-A,2022-11-30,39,630,640,748,55,18,11298318.949999984
World Omni Select Auto Trust 2019-A,2022-11-30,39,640,650,924,60,22,14060748.980000012
World Omni Select Auto Trust 2019-A,2022-11-30,39,650,660,123,7,5,1637629.5999999992
World Omni Select Auto Trust 2019-A,2022-11-30,39,660,670,146,8,0,2175174.8299999987
World Omni Select Auto Trust 2019-A,2022-11-30,39,670,680,141,4,3,1957490.8499999999
World Omni Select Auto Trust 2019-A,2022-11-30,39,680,690,158,8,7,2100928.4000000004
World Omni Select Auto Trust 2019-A,2022-11-30,39,690,700,135,8,3,1795568.4799999988
World Omni Select Auto Trust 2019-A,2022-11-30,39,700,710,259,9,3,3438272.9299999983
World Omni Select Auto Trust 2019-A,2022-11-30,39,710,720,212,11,1,2943762.760000001
World Omni Select Auto Trust 2019-A,2022-11-30,39,720,730,303,8,3,4304743.100000002
World Omni Select Auto Trust 2019-A,2022-11-30,39,730,740,252,6,4,3662414.659999998
World Omni Select Auto Trust 2019-A,2022-11-30,39,740,750,214,3,2,3008753.0400000005
World Omni Select Auto Trust 2019-A,2022-11-30,39,750,760,224,5,2,3015270.7600000002
World Omni Select Auto Trust 2019-A,2022-11-30,39,760,770,176,2,3,2552070.909999999
World Omni Select Auto Trust 2019-A,2022-11-30,39,770,780,197,2,1,2827834.85
World Omni Select Auto Trust 2019-A,2022-11-30,39,780,790,142,1,0,1685274.21
World Omni Select Auto Trust 2019-A,2022-11-30,39,790,800,138,2,1,1901630.76
World Omni Select Auto Trust 2019-A,2022-11-30,39,800,810,124,4,0,1743055.59
World Omni Select Auto Trust 2019-A,2022-11-30,39,810,820,119,1,0,1524364.8699999996
World Omni Select Auto Trust 2019-A,2022-11-30,39,820,830,100,2,1,1338982.6199999994
World Omni Select Auto Trust 2019-A,2022-11-30,39,830,840,89,1,0,1052382.31
World Omni Select Auto Trust 2019-A,2022-11-30,39,840,850,94,0,0,1238195.3300000003
World Omni Select Auto Trust 2019-A,2022-11-30,39,850,860,90,0,0,1078887.4800000002
World Omni Select Auto Trust 2019-A,2022-11-30,39,860,870,48,0,0,538995.04
World Omni Select Auto Trust 2019-A,2022-11-30,39,870,880,28,0,0,382452.83999999985
World Omni Select Auto Trust 2019-A,2022-11-30,39,880,890,5,0,0,40633.630000000005
World Omni Select Auto Trust 2019-A,2022-11-30,39,890,900,1,0,0,6586.35
World Omni Select Auto Trust 2019-A,2019-12-31,4,420,430,1,0,0,18504.05
World Omni Select Auto Trust 2019-A,2019-12-31,4,430,440,2,0,0,45594.14
World Omni Select Auto Trust 2019-A,2019-12-31,4,440,450,1,2,1,88251.6
World Omni Select Auto Trust 2019-A,2019-12-31,4,450,460,7,2,0,154887.88
World Omni Select Auto Trust 2019-A,2019-12-31,4,460,470,8,0,1,94912.67
World Omni Select Auto Trust 2019-A,2019-12-31,4,470,480,8,2,0,172180.71
World Omni Select Auto Trust 2019-A,2019-12-31,4,480,490,16,2,1,397638.80999999994
World Omni Select Auto Trust 2019-A,2019-12-31,4,490,500,29,2,3,623773.68
World Omni Select Auto Trust 2019-A,2019-12-31,4,500,510,54,11,1,1200623.5599999998
World Omni Select Auto Trust 2019-A,2019-12-31,4,510,520,97,9,4,1944965.370000001
World Omni Select Auto Trust 2019-A,2019-12-31,4,520,530,117,11,6,2506263.330000001
World Omni Select Auto Trust 2019-A,2019-12-31,4,530,540,140,10,7,3080145.4899999998
World Omni Select Auto Trust 2019-A,2019-12-31,4,540,550,277,23,7,6182059.870000001
World Omni Select Auto Trust 2019-A,2019-12-31,4,550,560,271,30,10,6231116.489999998
World Omni Select Auto Trust 2019-A,2019-12-31,4,560,570,336,39,11,7919290.910000004
World Omni Select Auto Trust 2019-A,2019-12-31,4,570,580,613,43,18,14815079.420000007
World Omni Select Auto Trust 2019-A,2019-12-31,4,580,590,1479,127,29,38851363.69999998
World Omni Select Auto Trust 2019-A,2019-12-31,4,590,600,1805,137,46,46969261.29999996
World Omni Select Auto Trust 2019-A,2019-12-31,4,600,610,2042,129,40,52533561.399999894
World Omni Select Auto Trust 2019-A,2019-12-31,4,610,620,2141,92,40,54442669.13000003
World Omni Select Auto Trust 2019-A,2019-12-31,4,620,630,2830,130,42,71883881.8699999
World Omni Select Auto Trust 2019-A,2019-12-31,4,630,640,2592,125,32,65176781.00000005
World Omni Select Auto Trust 2019-A,2019-12-31,4,640,650,3077,123,31,78280633.83000004
World Omni Select Auto Trust 2019-A,2019-12-31,4,650,660,429,16,11,9866606.479999999
World Omni Select Auto Trust 2019-A,2019-12-31,4,660,670,479,16,2,12197757.24
World Omni Select Auto Trust 2019-A,2019-12-31,4,670,680,393,16,8,9915965.019999996
World Omni Select Auto Trust 2019-A,2019-12-31,4,680,690,421,5,4,9889078.529999997
World Omni Select Auto Trust 2019-A,2019-12-31,4,690,700,435,8,1,10012807.890000006
World Omni Select Auto Trust 2019-A,2019-12-31,4,700,710,672,13,3,16299327.990000004
World Omni Select Auto Trust 2019-A,2019-12-31,4,710,720,520,6,1,12897597.799999993
World Omni Select Auto Trust 2019-A,2019-12-31,4,720,730,693,7,1,18341055.67
World Omni Select Auto Trust 2019-A,2019-12-31,4,730,740,627,7,4,17523057.029999986
World Omni Select Auto Trust 2019-A,2019-12-31,4,740,750,517,8,1,13714404.830000015
World Omni Select Auto Trust 2019-A,2019-12-31,4,750,760,510,9,1,13292839.630000003
World Omni Select Auto Trust 2019-A,2019-12-31,4,760,770,400,4,0,10555277.359999988
World Omni Select Auto Trust 2019-A,2019-12-31,4,770,780,402,4,2,10658585.739999995
World Omni Select Auto Trust 2019-A,2019-12-31,4,780,790,352,3,1,8716044.669999998
World Omni Select Auto Trust 2019-A,2019-12-31,4,790,800,329,0,1,8233379.969999997
World Omni Select Auto Trust 2019-A,2019-12-31,4,800,810,290,5,1,7359725.440000003
World Omni Select Auto Trust 2019-A,2019-12-31,4,810,820,270,1,0,6736911.149999996
World Omni Select Auto Trust 2019-A,2019-12-31,4,820,830,229,0,0,5479995.859999999
World Omni Select Auto Trust 2019-A,2019-12-31,4,830,840,213,1,0,4938074.729999997
World Omni Select Auto Trust 2019-A,2019-12-31,4,840,850,190,0,0,4749941.340000002
World Omni Select Auto Trust 2019-A,2019-12-31,4,850,860,177,2,0,4116550.009999999
World Omni Select Auto Trust 2019-A,2019-12-31,4,860,870,101,1,0,2324833.209999999
World Omni Select Auto Trust 2019-A,2019-12-31,4,870,880,51,0,0,1288057.7800000003
World Omni Select Auto Trust 2019-A,2019-12-31,4,880,890,9,0,0,154928.94
World Omni Select Auto Trust 2019-A,2019-12-31,4,890,900,2,0,0,39215.65
World Omni Select Auto Trust 2019-A,2020-12-31,16,420,430,1,0,0,18101.56
World Omni Select Auto Trust 2019-A,2020-12-31,16,430,440,2,0,0,41916.75
World Omni Select Auto Trust 2019-A,2020-12-31,16,440,450,0,1,0,21647.89
World Omni Select Auto Trust 2019-A,2020-12-31,16,450,460,7,1,0,113971.42000000001
World Omni Select Auto Trust 2019-A,2020-12-31,16,460,470,5,0,0,46482.2
World Omni Select Auto Trust 2019-A,2020-12-31,16,470,480,3,2,0,88852.22
World Omni Select Auto Trust 2019-A,2020-12-31,16,480,490,11,1,0,230086.46
World Omni Select Auto Trust 2019-A,2020-12-31,16,490,500,18,3,2,359454.06000000006
World Omni Select Auto Trust 2019-A,2020-12-31,16,500,510,34,5,2,681446.1900000002
World Omni Select Auto Trust 2019-A,2020-12-31,16,510,520,70,7,2,1335659.6899999997
World Omni Select Auto Trust 2019-A,2020-12-31,16,520,530,77,9,4,1595374.2699999998
World Omni Select Auto Trust 2019-A,2020-12-31,16,530,540,99,12,3,2028121.2700000003
World Omni Select Auto Trust 2019-A,2020-12-31,16,540,550,175,23,13,3894109.0899999985
World Omni Select Auto Trust 2019-A,2020-12-31,16,550,560,161,16,8,3413606.840000001
World Omni Select Auto Trust 2019-A,2020-12-31,16,560,570,224,21,10,4816639.8500000015
World Omni Select Auto Trust 2019-A,2020-12-31,16,570,580,386,35,10,8501862.9
World Omni Select Auto Trust 2019-A,2020-12-31,16,580,590,944,128,27,23742388.670000013
World Omni Select Auto Trust 2019-A,2020-12-31,16,590,600,1185,106,47,28669280.04999999
World Omni Select Auto Trust 2019-A,2020-12-31,16,600,610,1334,114,31,31644783.149999987
World Omni Select Auto Trust 2019-A,2020-12-31,16,610,620,1366,103,31,32598671.609999973
World Omni Select Auto Trust 2019-A,2020-12-31,16,620,630,1896,100,37,43676369.750000015
World Omni Select Auto Trust 2019-A,2020-12-31,16,630,640,1724,101,38,40002434.81
World Omni Select Auto Trust 2019-A,2020-12-31,16,640,650,2020,112,31,47329181.649999976
World Omni Select Auto Trust 2019-A,2020-12-31,16,650,660,278,15,6,5539043.129999998
World Omni Select Auto Trust 2019-A,2020-12-31,16,660,670,315,26,5,7277008.449999997
World Omni Select Auto Trust 2019-A,2020-12-31,16,670,680,288,11,6,6424911.329999997
World Omni Select Auto Trust 2019-A,2020-12-31,16,680,690,324,6,4,6667129.060000007
World Omni Select Auto Trust 2019-A,2020-12-31,16,690,700,317,7,6,6725850.53
World Omni Select Auto Trust 2019-A,2020-12-31,16,700,710,507,6,3,10635654.340000004
World Omni Select Auto Trust 2019-A,2020-12-31,16,710,720,392,9,5,8440173.909999998
World Omni Select Auto Trust 2019-A,2020-12-31,16,720,730,541,13,4,12395722.62999999
World Omni Select Auto Trust 2019-A,2020-12-31,16,730,740,492,13,3,11938793.830000002
World Omni Select Auto Trust 2019-A,2020-12-31,16,740,750,400,9,3,9277541.569999998
World Omni Select Auto Trust 2019-A,2020-12-31,16,750,760,410,4,0,9123662.949999997
World Omni Select Auto Trust 2019-A,2020-12-31,16,760,770,295,4,3,6894181.479999997
World Omni Select Auto Trust 2019-A,2020-12-31,16,770,780,323,6,0,7329056.349999999
World Omni Select Auto Trust 2019-A,2020-12-31,16,780,790,259,5,1,5481484.250000002
World Omni Select Auto Trust 2019-A,2020-12-31,16,790,800,265,2,1,5818432.0900000045
World Omni Select Auto Trust 2019-A,2020-12-31,16,800,810,235,0,1,5014984.759999999
World Omni Select Auto Trust 2019-A,2020-12-31,16,810,820,221,3,0,4692975.049999999
World Omni Select Auto Trust 2019-A,2020-12-31,16,820,830,181,2,0,3789661.4000000036
World Omni Select Auto Trust 2019-A,2020-12-31,16,830,840,171,0,0,3248541.0199999996
World Omni Select Auto Trust 2019-A,2020-12-31,16,840,850,165,1,0,3507370.5600000005
World Omni Select Auto Trust 2019-A,2020-12-31,16,850,860,147,1,0,2835136.4200000013
World Omni Select Auto Trust 2019-A,2020-12-31,16,860,870,79,1,0,1554587.2399999995
World Omni Select Auto Trust 2019-A,2020-12-31,16,870,880,46,1,0,1054688.8900000001
World Omni Select Auto Trust 2019-A,2020-12-31,16,880,890,8,0,0,111423.65
World Omni Select Auto Trust 2019-A,2020-12-31,16,890,900,2,0,0,30603.67
World Omni Select Auto Trust 2019-A,2021-12-31,28,420,430,1,0,0,15999.61
World Omni Select Auto Trust 2019-A,2021-12-31,28,430,440,2,0,0,34283.729999999996
World Omni Select Auto Trust 2019-A,2021-12-31,28,450,460,3,1,0,42914.99999999999
World Omni Select Auto Trust 2019-A,2021-12-31,28,460,470,2,0,0,30865.79
World Omni Select Auto Trust 2019-A,2021-12-31,28,470,480,1,1,1,50669.59
World Omni Select Auto Trust 2019-A,2021-12-31,28,480,490,7,1,1,155977.57
World Omni Select Auto Trust 2019-A,2021-12-31,28,490,500,12,2,1,204698.14999999997
World Omni Select Auto Trust 2019-A,2021-12-31,28,500,510,21,3,1,338769.70999999996
World Omni Select Auto Trust 2019-A,2021-12-31,28,510,520,42,6,1,733211.6799999999
World Omni Select Auto Trust 2019-A,2021-12-31,28,520,530,49,6,3,880088.5799999998
World Omni Select Auto Trust 2019-A,2021-12-31,28,530,540,60,8,3,1061540.4699999997
World Omni Select Auto Trust 2019-A,2021-12-31,28,540,550,101,14,6,1939613.0100000007
World Omni Select Auto Trust 2019-A,2021-12-31,28,550,560,94,13,7,1837451.71
World Omni Select Auto Trust 2019-A,2021-12-31,28,560,570,136,15,5,2589714.9100000006
World Omni Select Auto Trust 2019-A,2021-12-31,28,570,580,228,37,9,4680964.859999999
World Omni Select Auto Trust 2019-A,2021-12-31,28,580,590,585,71,21,12292577.730000013
World Omni Select Auto Trust 2019-A,2021-12-31,28,590,600,710,76,31,14667114.350000003
World Omni Select Auto Trust 2019-A,2021-12-31,28,600,610,847,79,19,17149790.889999997
World Omni Select Auto Trust 2019-A,2021-12-31,28,610,620,841,70,19,16785721.92
World Omni Select Auto Trust 2019-A,2021-12-31,28,620,630,1181,78,38,23126598.42000006
World Omni Select Auto Trust 2019-A,2021-12-31,28,630,640,1084,57,22,20683046.640000015
World Omni Select Auto Trust 2019-A,2021-12-31,28,640,650,1263,81,18,24659894.769999992
World Omni Select Auto Trust 2019-A,2021-12-31,28,650,660,178,8,6,2947672.7599999993
World Omni Select Auto Trust 2019-A,2021-12-31,28,660,670,215,6,2,3976378.22
World Omni Select Auto Trust 2019-A,2021-12-31,28,670,680,188,7,6,3477910.9900000016
World Omni Select Auto Trust 2019-A,2021-12-31,28,680,690,203,8,4,3467314.3799999994
World Omni Select Auto Trust 2019-A,2021-12-31,28,690,700,201,7,5,3491767.0199999977
World Omni Select Auto Trust 2019-A,2021-12-31,28,700,710,333,15,5,5829859.0200000005
World Omni Select Auto Trust 2019-A,2021-12-31,28,710,720,280,9,3,4900891.440000002
World Omni Select Auto Trust 2019-A,2021-12-31,28,720,730,389,12,1,7158921.529999999
World Omni Select Auto Trust 2019-A,2021-12-31,28,730,740,347,12,1,6649095.930000003
World Omni Select Auto Trust 2019-A,2021-12-31,28,740,750,285,9,2,5396225.059999998
World Omni Select Auto Trust 2019-A,2021-12-31,28,750,760,289,3,5,5153630.370000001
World Omni Select Auto Trust 2019-A,2021-12-31,28,760,770,225,4,0,4168157.53
World Omni Select Auto Trust 2019-A,2021-12-31,28,770,780,241,2,1,4355328.449999998
World Omni Select Auto Trust 2019-A,2021-12-31,28,780,790,181,4,0,2995305.1500000013
World Omni Select Auto Trust 2019-A,2021-12-31,28,790,800,180,2,2,3274816.31
World Omni Select Auto Trust 2019-A,2021-12-31,28,800,810,165,1,0,2880271.5200000005
World Omni Select Auto Trust 2019-A,2021-12-31,28,810,820,157,0,0,2707432.24
World Omni Select Auto Trust 2019-A,2021-12-31,28,820,830,135,1,0,2330607.5300000007
World Omni Select Auto Trust 2019-A,2021-12-31,28,830,840,129,0,0,1962819.7399999993
World Omni Select Auto Trust 2019-A,2021-12-31,28,840,850,115,2,0,2025759.55
World Omni Select Auto Trust 2019-A,2021-12-31,28,850,860,114,0,0,1740401.0900000005
World Omni Select Auto Trust 2019-A,2021-12-31,28,860,870,58,0,0,921418.97
World Omni Select Auto Trust 2019-A,2021-12-31,28,870,880,34,0,0,586594.0399999999
World Omni Select Auto Trust 2019-A,2021-12-31,28,880,890,6,0,0,57061.61
World Omni Select Auto Trust 2019-A,2021-12-31,28,890,900,1,0,0,9345.83
World Omni Select Auto Trust 2019-A,2022-12-31,40,430,440,1,0,0,16353.09
World Omni Select Auto Trust 2019-A,2022-12-31,40,450,460,2,0,0,23951.37
World Omni Select Auto Trust 2019-A,2022-12-31,40,460,470,2,0,0,24393.23
World Omni Select Auto Trust 2019-A,2022-12-31,40,470,480,1,1,0,23044.25
World Omni Select Auto Trust 2019-A,2022-12-31,40,480,490,7,1,0,111601.47
World Omni Select Auto Trust 2019-A,2022-12-31,40,490,500,6,1,3,112664.09000000001
World Omni Select Auto Trust 2019-A,2022-12-31,40,500,510,15,0,2,197819.69
World Omni Select Auto Trust 2019-A,2022-12-31,40,510,520,20,8,1,313969.75
World Omni Select Auto Trust 2019-A,2022-12-31,40,520,530,32,6,3,475701.00999999995
World Omni Select Auto Trust 2019-A,2022-12-31,40,530,540,42,9,4,638904.06
World Omni Select Auto Trust 2019-A,2022-12-31,40,540,550,66,17,4,1149657.23
World Omni Select Auto Trust 2019-A,2022-12-31,40,550,560,58,11,3,900363.21
World Omni Select Auto Trust 2019-A,2022-12-31,40,560,570,94,17,8,1537571.59
World Omni Select Auto Trust 2019-A,2022-12-31,40,570,580,163,29,6,2628363.3899999997
World Omni Select Auto Trust 2019-A,2022-12-31,40,580,590,408,44,20,6591943.280000003
World Omni Select Auto Trust 2019-A,2022-12-31,40,590,600,489,61,19,7806955.790000003
World Omni Select Auto Trust 2019-A,2022-12-31,40,600,610,537,80,21,8942518.839999996
World Omni Select Auto Trust 2019-A,2022-12-31,40,610,620,557,67,16,8802962.639999993
World Omni Select Auto Trust 2019-A,2022-12-31,40,620,630,815,72,34,12289315.049999991
World Omni Select Auto Trust 2019-A,2022-12-31,40,630,640,737,51,21,10801971.189999996
World Omni Select Auto Trust 2019-A,2022-12-31,40,640,650,901,60,25,13383294.830000011
World Omni Select Auto Trust 2019-A,2022-12-31,40,650,660,114,8,8,1523539.31
World Omni Select Auto Trust 2019-A,2022-12-31,40,660,670,135,16,0,2069360.7399999995
World Omni Select Auto Trust 2019-A,2022-12-31,40,670,680,138,7,1,1870707.4400000002
World Omni Select Auto Trust 2019-A,2022-12-31,40,680,690,153,10,4,1970134.9499999993
World Omni Select Auto Trust 2019-A,2022-12-31,40,690,700,130,7,6,1708032.5099999998
World Omni Select Auto Trust 2019-A,2022-12-31,40,700,710,252,12,2,3222332.56
World Omni Select Auto Trust 2019-A,2022-12-31,40,710,720,205,12,3,2802692.7399999993
World Omni Select Auto Trust 2019-A,2022-12-31,40,720,730,290,10,4,4058273.8500000015
World Omni Select Auto Trust 2019-A,2022-12-31,40,730,740,251,6,1,3492909.419999999
World Omni Select Auto Trust 2019-A,2022-12-31,40,740,750,207,7,1,2912047.0999999996
World Omni Select Auto Trust 2019-A,2022-12-31,40,750,760,215,4,1,2852901.100000001
World Omni Select Auto Trust 2019-A,2022-12-31,40,760,770,171,1,4,2437491.4899999993
World Omni Select Auto Trust 2019-A,2022-12-31,40,770,780,192,4,1,2711715.710000001
World Omni Select Auto Trust 2019-A,2022-12-31,40,780,790,139,2,0,1595265.6700000004
World Omni Select Auto Trust 2019-A,2022-12-31,40,790,800,135,1,2,1814205.85
World Omni Select Auto Trust 2019-A,2022-12-31,40,800,810,125,2,0,1679733.6000000006
World Omni Select Auto Trust 2019-A,2022-12-31,40,810,820,116,2,0,1434494.34
World Omni Select Auto Trust 2019-A,2022-12-31,40,820,830,100,0,2,1291908.2600000002
World Omni Select Auto Trust 2019-A,2022-12-31,40,830,840,87,0,1,987803.74
World Omni Select Auto Trust 2019-A,2022-12-31,40,840,850,95,0,0,1210383.3800000001
World Omni Select Auto Trust 2019-A,2022-12-31,40,850,860,88,1,0,1047231.9299999999
World Omni Select Auto Trust 2019-A,2022-12-31,40,860,870,48,0,0,519330.94000000006
World Omni Select Auto Trust 2019-A,2022-12-31,40,870,880,28,0,0,370326.95999999996
World Omni Select Auto Trust 2019-A,2022-12-31,40,880,890,5,0,0,39324.990000000005
World Omni Select Auto Trust 2019-A,2022-12-31,40,890,900,1,0,0,6329.8
World Omni Select Auto Trust 2020-A,2021-01-31,6,400,410,1,0,0,19172.53
World Omni Select Auto Trust 2020-A,2021-01-31,6,420,430,1,0,0,14945.82
World Omni Select Auto Trust 2020-A,2021-01-31,6,440,450,2,0,0,35965.66
World Omni Select Auto Trust 2020-A,2021-01-31,6,450,460,3,1,0,81091.70000000001
World Omni Select Auto Trust 2020-A,2021-01-31,6,460,470,7,1,2,116365.47
World Omni Select Auto Trust 2020-A,2021-01-31,6,470,480,18,1,1,387599.2099999999
World Omni Select Auto Trust 2020-A,2021-01-31,6,480,490,19,1,1,340109.16000000003
World Omni Select Auto Trust 2020-A,2021-01-31,6,490,500,27,3,0,578515.3599999999
World Omni Select Auto Trust 2020-A,2021-01-31,6,500,510,68,8,4,1592634.9800000004
World Omni Select Auto Trust 2020-A,2021-01-31,6,510,520,94,6,1,1908877.4599999993
World Omni Select Auto Trust 2020-A,2021-01-31,6,520,530,111,11,4,2388683.0000000005
World Omni Select Auto Trust 2020-A,2021-01-31,6,530,540,148,14,2,3140332.3200000003
World Omni Select Auto Trust 2020-A,2021-01-31,6,540,550,231,4,5,4766106.849999998
World Omni Select Auto Trust 2020-A,2021-01-31,6,550,560,252,25,5,5773767.299999999
World Omni Select Auto Trust 2020-A,2021-01-31,6,560,570,322,23,5,6954344.370000001
World Omni Select Auto Trust 2020-A,2021-01-31,6,570,580,580,42,7,13549495.959999999
World Omni Select Auto Trust 2020-A,2021-01-31,6,580,590,1467,77,26,38045499.709999986
World Omni Select Auto Trust 2020-A,2021-01-31,6,590,600,1827,108,35,46633806.82000009
World Omni Select Auto Trust 2020-A,2021-01-31,6,600,610,2135,104,33,54116113.71999999
World Omni Select Auto Trust 2020-A,2021-01-31,6,610,620,2126,81,32,52789314.669999935
World Omni Select Auto Trust 2020-A,2021-01-31,6,620,630,3148,88,62,80403213.44999999
World Omni Select Auto Trust 2020-A,2021-01-31,6,630,640,2848,97,37,73446184.50999996
World Omni Select Auto Trust 2020-A,2021-01-31,6,640,650,3487,90,35,89018324.36999972
World Omni Select Auto Trust 2020-A,2021-01-31,6,650,660,372,11,3,8471969.919999998
World Omni Select Auto Trust 2020-A,2021-01-31,6,660,670,409,9,6,10111226.449999994
World Omni Select Auto Trust 2020-A,2021-01-31,6,670,680,434,9,7,10679588.09999999
World Omni Select Auto Trust 2020-A,2021-01-31,6,680,690,433,6,0,10381013.129999992
World Omni Select Auto Trust 2020-A,2021-01-31,6,690,700,367,7,3,8610892.699999997
World Omni Select Auto Trust 2020-A,2021-01-31,6,700,710,680,12,5,17280768.480000015
World Omni Select Auto Trust 2020-A,2021-01-31,6,710,720,507,7,3,12808134.029999997
World Omni Select Auto Trust 2020-A,2021-01-31,6,720,730,927,4,6,24934066.580000013
World Omni Select Auto Trust 2020-A,2021-01-31,6,730,740,757,6,0,20130969.73999999
World Omni Select Auto Trust 2020-A,2021-01-31,6,740,750,636,4,1,16579073.95999999
World Omni Select Auto Trust 2020-A,2021-01-31,6,750,760,579,10,0,15232485.44999999
World Omni Select Auto Trust 2020-A,2021-01-31,6,760,770,499,1,1,13301224.600000009
World Omni Select Auto Trust 2020-A,2021-01-31,6,770,780,468,2,0,12118833.209999993
World Omni Select Auto Trust 2020-A,2021-01-31,6,780,790,425,2,0,10563607.430000007
World Omni Select Auto Trust 2020-A,2021-01-31,6,790,800,370,4,1,9691359.939999996
World Omni Select Auto Trust 2020-A,2021-01-31,6,800,810,377,2,1,9475100.329999994
World Omni Select Auto Trust 2020-A,2021-01-31,6,810,820,303,0,0,7602479.739999995
World Omni Select Auto Trust 2020-A,2021-01-31,6,820,830,300,2,0,7418825.379999995
World Omni Select Auto Trust 2020-A,2021-01-31,6,830,840,245,2,0,6049349.740000003
World Omni Select Auto Trust 2020-A,2021-01-31,6,840,850,190,0,0,4506178.200000002
World Omni Select Auto Trust 2020-A,2021-01-31,6,850,860,185,0,0,4515896.240000002
World Omni Select Auto Trust 2020-A,2021-01-31,6,860,870,125,0,0,2910059.6799999983
World Omni Select Auto Trust 2020-A,2021-01-31,6,870,880,60,0,0,1435664.2399999998
World Omni Select Auto Trust 2020-A,2021-01-31,6,880,890,14,0,0,330125.03
World Omni Select Auto Trust 2020-A,2021-01-31,6,890,900,1,0,0,15572.31
World Omni Select Auto Trust 2020-A,2022-01-31,18,400,410,1,0,0,16654.56
World Omni Select Auto Trust 2020-A,2022-01-31,18,420,430,1,0,0,13131.5
World Omni Select Auto Trust 2020-A,2022-01-31,18,440,450,0,1,0,15078.29
World Omni Select Auto Trust 2020-A,2022-01-31,18,450,460,3,0,0,63205.69
World Omni Select Auto Trust 2020-A,2022-01-31,18,460,470,4,0,1,71020.89
World Omni Select Auto Trust 2020-A,2022-01-31,18,470,480,9,1,3,237525.84
World Omni Select Auto Trust 2020-A,2022-01-31,18,480,490,9,1,4,228507.94999999998
World Omni Select Auto Trust 2020-A,2022-01-31,18,490,500,14,5,0,325026.57
World Omni Select Auto Trust 2020-A,2022-01-31,18,500,510,42,6,1,847616.0300000001
World Omni Select Auto Trust 2020-A,2022-01-31,18,510,520,47,6,2,943733.5399999999
World Omni Select Auto Trust 2020-A,2022-01-31,18,520,530,59,10,2,1156263.5300000003
World Omni Select Auto Trust 2020-A,2022-01-31,18,530,540,87,11,2,1657582.4700000004
World Omni Select Auto Trust 2020-A,2022-01-31,18,540,550,134,7,5,2626983.1399999987
World Omni Select Auto Trust 2020-A,2022-01-31,18,550,560,145,25,5,3125047.5100000002
World Omni Select Auto Trust 2020-A,2022-01-31,18,560,570,176,28,14,3832571.8299999996
World Omni Select Auto Trust 2020-A,2022-01-31,18,570,580,327,33,14,7083567.839999999
World Omni Select Auto Trust 2020-A,2022-01-31,18,580,590,864,83,27,20540209.00000003
World Omni Select Auto Trust 2020-A,2022-01-31,18,590,600,1034,105,38,24295408.17999997
World Omni Select Auto Trust 2020-A,2022-01-31,18,600,610,1264,112,28,29334271.830000076
World Omni Select Auto Trust 2020-A,2022-01-31,18,610,620,1298,78,32,29173956.880000036
World Omni Select Auto Trust 2020-A,2022-01-31,18,620,630,1859,124,40,42664991.27999995
World Omni Select Auto Trust 2020-A,2022-01-31,18,630,640,1682,84,37,38345051.85000002
World Omni Select Auto Trust 2020-A,2022-01-31,18,640,650,2111,100,38,47918469.60999995
World Omni Select Auto Trust 2020-A,2022-01-31,18,650,660,201,10,4,4058061.2899999986
World Omni Select Auto Trust 2020-A,2022-01-31,18,660,670,259,8,5,5519990.789999996
World Omni Select Auto Trust 2020-A,2022-01-31,18,670,680,272,8,5,5698972.240000002
World Omni Select Auto Trust 2020-A,2022-01-31,18,680,690,296,6,1,6084762.630000003
World Omni Select Auto Trust 2020-A,2022-01-31,18,690,700,245,6,4,4932462.389999997
World Omni Select Auto Trust 2020-A,2022-01-31,18,700,710,472,17,3,10291328.619999997
World Omni Select Auto Trust 2020-A,2022-01-31,18,710,720,334,4,5,7178189.929999996
World Omni Select Auto Trust 2020-A,2022-01-31,18,720,730,658,10,3,14652407.130000034
World Omni Select Auto Trust 2020-A,2022-01-31,18,730,740,526,3,1,11359512.830000011
World Omni Select Auto Trust 2020-A,2022-01-31,18,740,750,441,1,1,9277309.39
World Omni Select Auto Trust 2020-A,2022-01-31,18,750,760,421,4,1,8974258.860000003
World Omni Select Auto Trust 2020-A,2022-01-31,18,760,770,370,0,0,8103975.330000001
World Omni Select Auto Trust 2020-A,2022-01-31,18,770,780,322,2,1,6961426.179999993
World Omni Select Auto Trust 2020-A,2022-01-31,18,780,790,296,0,2,6038218.710000003
World Omni Select Auto Trust 2020-A,2022-01-31,18,790,800,277,2,0,5757604.040000002
World Omni Select Auto Trust 2020-A,2022-01-31,18,800,810,287,3,0,5895428.1
World Omni Select Auto Trust 2020-A,2022-01-31,18,810,820,229,1,0,4577199.2700000005
World Omni Select Auto Trust 2020-A,2022-01-31,18,820,830,225,1,0,4514531.1099999985
World Omni Select Auto Trust 2020-A,2022-01-31,18,830,840,179,0,1,3682505.570000001
World Omni Select Auto Trust 2020-A,2022-01-31,18,840,850,150,0,0,2879984.4599999995
World Omni Select Auto Trust 2020-A,2022-01-31,18,850,860,135,0,0,2780263.02
World Omni Select Auto Trust 2020-A,2022-01-31,18,860,870,98,0,0,1884886.9800000004
World Omni Select Auto Trust 2020-A,2022-01-31,18,870,880,47,0,0,895655.3200000001
World Omni Select Auto Trust 2020-A,2022-01-31,18,880,890,12,0,0,213889.14999999997
World Omni Select Auto Trust 2020-A,2023-01-31,30,400,410,1,0,0,14489.04
World Omni Select Auto Trust 2020-A,2023-01-31,30,420,430,1,0,0,10798.18
World Omni Select Auto Trust 2020-A,2023-01-31,30,450,460,1,1,0,39428.54
World Omni Select Auto Trust 2020-A,2023-01-31,30,460,470,2,1,1,47918.64
World Omni Select Auto Trust 2020-A,2023-01-31,30,470,480,5,2,2,126380.51000000001
World Omni Select Auto Trust 2020-A,2023-01-31,30,480,490,7,0,1,105343.93000000001
World Omni Select Auto Trust 2020-A,2023-01-31,30,490,500,12,3,1,209497.07000000004
World Omni Select Auto Trust 2020-A,2023-01-31,30,500,510,28,6,1,517900.55999999994
World Omni Select Auto Trust 2020-A,2023-01-31,30,510,520,35,4,2,597085.23
World Omni Select Auto Trust 2020-A,2023-01-31,30,520,530,30,6,2,514131.3
World Omni Select Auto Trust 2020-A,2023-01-31,30,530,540,55,6,1,891539.2000000001
World Omni Select Auto Trust 2020-A,2023-01-31,30,540,550,89,10,2,1535088.8700000006
World Omni Select Auto Trust 2020-A,2023-01-31,30,550,560,100,13,4,1753964.2999999996
World Omni Select Auto Trust 2020-A,2023-01-31,30,560,570,116,19,5,2091380.1199999992
World Omni Select Auto Trust 2020-A,2023-01-31,30,570,580,203,36,14,4072207.560000003
World Omni Select Auto Trust 2020-A,2023-01-31,30,580,590,540,82,27,11416936.449999992
World Omni Select Auto Trust 2020-A,2023-01-31,30,590,600,656,79,33,12991303.599999981
World Omni Select Auto Trust 2020-A,2023-01-31,30,600,610,849,80,30,16502226.830000011
World Omni Select Auto Trust 2020-A,2023-01-31,30,610,620,797,99,38,16081547.590000015
World Omni Select Auto Trust 2020-A,2023-01-31,30,620,630,1226,99,34,23586570.360000018
World Omni Select Auto Trust 2020-A,2023-01-31,30,630,640,1140,80,42,22039714.369999997
World Omni Select Auto Trust 2020-A,2023-01-31,30,640,650,1404,98,40,26789396.830000024
World Omni Select Auto Trust 2020-A,2023-01-31,30,650,660,139,5,3,2244813.7900000014
World Omni Select Auto Trust 2020-A,2023-01-31,30,660,670,199,3,5,3318175.150000001
World Omni Select Auto Trust 2020-A,2023-01-31,30,670,680,191,11,5,3376736.64
World Omni Select Auto Trust 2020-A,2023-01-31,30,680,690,204,4,3,3338291.990000001
World Omni Select Auto Trust 2020-A,2023-01-31,30,690,700,152,7,1,2425949.3000000017
World Omni Select Auto Trust 2020-A,2023-01-31,30,700,710,337,14,3,5804304.750000003
World Omni Select Auto Trust 2020-A,2023-01-31,30,710,720,242,6,4,4156380.0700000003
World Omni Select Auto Trust 2020-A,2023-01-31,30,720,730,478,5,4,8294552.630000004
World Omni Select Auto Trust 2020-A,2023-01-31,30,730,740,397,5,1,6666753.409999998
World Omni Select Auto Trust 2020-A,2023-01-31,30,740,750,342,6,2,5750797.419999997
World Omni Select Auto Trust 2020-A,2023-01-31,30,750,760,303,5,3,5065923.799999996
World Omni Select Auto Trust 2020-A,2023-01-31,30,760,770,271,2,0,4641158.36
World Omni Select Auto Trust 2020-A,2023-01-31,30,770,780,252,2,0,4199939.879999998
World Omni Select Auto Trust 2020-A,2023-01-31,30,780,790,225,0,0,3598455.6700000004
World Omni Select Auto Trust 2020-A,2023-01-31,30,790,800,221,4,1,3682294.710000001
World Omni Select Auto Trust 2020-A,2023-01-31,30,800,810,221,3,2,3643067.1099999985
World Omni Select Auto Trust 2020-A,2023-01-31,30,810,820,166,3,2,2687070.150000001
World Omni Select Auto Trust 2020-A,2023-01-31,30,820,830,169,2,1,2740045.46
World Omni Select Auto Trust 2020-A,2023-01-31,30,830,840,142,0,0,2164182.6300000004
World Omni Select Auto Trust 2020-A,2023-01-31,30,840,850,115,0,0,1672017.6900000002
World Omni Select Auto Trust 2020-A,2023-01-31,30,850,860,108,1,1,1724336.5300000005
World Omni Select Auto Trust 2020-A,2023-01-31,30,860,870,75,3,0,1132480.33
World Omni Select Auto Trust 2020-A,2023-01-31,30,870,880,35,0,1,508687.92999999993
World Omni Select Auto Trust 2020-A,2023-01-31,30,880,890,9,0,0,136598.97999999998
World Omni Select Auto Trust 2020-A,2024-01-31,42,400,410,1,0,0,11493.97
World Omni Select Auto Trust 2020-A,2024-01-31,42,420,430,1,0,0,8161.45
World Omni Select Auto Trust 2020-A,2024-01-31,42,450,460,1,0,0,17228.08
World Omni Select Auto Trust 2020-A,2024-01-31,42,460,470,1,1,0,22305.0
World Omni Select Auto Trust 2020-A,2024-01-31,42,470,480,4,2,2,88464.04
World Omni Select Auto Trust 2020-A,2024-01-31,42,480,490,5,1,0,61392.340000000004
World Omni Select Auto Trust 2020-A,2024-01-31,42,490,500,7,5,1,109382.15
World Omni Select Auto Trust 2020-A,2024-01-31,42,500,510,22,3,3,341950.52999999997
World Omni Select Auto Trust 2020-A,2024-01-31,42,510,520,23,6,0,304104.07000000007
World Omni Select Auto Trust 2020-A,2024-01-31,42,520,530,23,8,2,364347.47
World Omni Select Auto Trust 2020-A,2024-01-31,42,530,540,40,6,0,465150.36999999994
World Omni Select Auto Trust 2020-A,2024-01-31,42,540,550,59,17,3,945215.3500000002
World Omni Select Auto Trust 2020-A,2024-01-31,42,550,560,69,11,4,982597.1199999998
World Omni Select Auto Trust 2020-A,2024-01-31,42,560,570,78,14,5,1102860.1900000002
World Omni Select Auto Trust 2020-A,2024-01-31,42,570,580,152,29,9,2325361.8399999994
World Omni Select Auto Trust 2020-A,2024-01-31,42,580,590,404,62,29,6510350.450000007
World Omni Select Auto Trust 2020-A,2024-01-31,42,590,600,488,59,20,7102995.899999992
World Omni Select Auto Trust 2020-A,2024-01-31,42,600,610,640,84,28,9544663.669999992
World Omni Select Auto Trust 2020-A,2024-01-31,42,610,620,624,77,28,9263832.719999999
World Omni Select Auto Trust 2020-A,2024-01-31,42,620,630,908,127,33,13636449.409999995
World Omni Select Auto Trust 2020-A,2024-01-31,42,630,640,879,73,31,12702108.799999993
World Omni Select Auto Trust 2020-A,2024-01-31,42,640,650,1086,88,32,15214700.059999991
World Omni Select Auto Trust 2020-A,2024-01-31,42,650,660,100,8,7,1253608.2199999995
World Omni Select Auto Trust 2020-A,2024-01-31,42,660,670,143,4,4,1784388.5899999999
World Omni Select Auto Trust 2020-A,2024-01-31,42,670,680,144,8,7,1802012.8899999992
World Omni Select Auto Trust 2020-A,2024-01-31,42,680,690,150,8,4,1823881.53
World Omni Select Auto Trust 2020-A,2024-01-31,42,690,700,111,10,1,1390127.3699999994
World Omni Select Auto Trust 2020-A,2024-01-31,42,700,710,276,16,2,3462912.100000001
World Omni Select Auto Trust 2020-A,2024-01-31,42,710,720,186,4,4,2270373.230000001
World Omni Select Auto Trust 2020-A,2024-01-31,42,720,730,401,9,1,4994782.580000003
World Omni Select Auto Trust 2020-A,2024-01-31,42,730,740,314,7,1,3765272.769999999
World Omni Select Auto Trust 2020-A,2024-01-31,42,740,750,266,4,3,3093971.2199999997
World Omni Select Auto Trust 2020-A,2024-01-31,42,750,760,232,5,2,2740813.69
World Omni Select Auto Trust 2020-A,2024-01-31,42,760,770,225,5,1,2782439.56
World Omni Select Auto Trust 2020-A,2024-01-31,42,770,780,203,3,1,2405417.1900000004
World Omni Select Auto Trust 2020-A,2024-01-31,42,780,790,186,2,0,2024733.4200000004
World Omni Select Auto Trust 2020-A,2024-01-31,42,790,800,183,3,2,2094037.46
World Omni Select Auto Trust 2020-A,2024-01-31,42,800,810,178,4,0,2111769.2299999995
World Omni Select Auto Trust 2020-A,2024-01-31,42,810,820,128,3,0,1475221.4299999992
World Omni Select Auto Trust 2020-A,2024-01-31,42,820,830,129,2,1,1515259.0499999996
World Omni Select Auto Trust 2020-A,2024-01-31,42,830,840,108,1,0,1143288.2100000002
World Omni Select Auto Trust 2020-A,2024-01-31,42,840,850,81,3,0,879780.8499999999
World Omni Select Auto Trust 2020-A,2024-01-31,42,850,860,89,0,0,943070.0699999998
World Omni Select Auto Trust 2020-A,2024-01-31,42,860,870,61,3,0,654893.5500000002
World Omni Select Auto Trust 2020-A,2024-01-31,42,870,880,28,0,0,268779.16000000003
World Omni Select Auto Trust 2020-A,2024-01-31,42,880,890,6,1,0,83782.23999999999
World Omni Select Auto Trust 2020-A,2021-02-28,7,400,410,1,0,0,18940.28
World Omni Select Auto Trust 2020-A,2021-02-28,7,420,430,1,0,0,14770.61
World Omni Select Auto Trust 2020-A,2021-02-28,7,440,450,1,0,0,16414.01
World Omni Select Auto Trust 2020-A,2021-02-28,7,450,460,4,0,0,79217.9
World Omni Select Auto Trust 2020-A,2021-02-28,7,460,470,7,0,3,114144.58
World Omni Select Auto Trust 2020-A,2021-02-28,7,470,480,20,0,0,374021.26
World Omni Select Auto Trust 2020-A,2021-02-28,7,480,490,19,1,0,323993.8500000001
World Omni Select Auto Trust 2020-A,2021-02-28,7,490,500,27,2,1,569891.57
World Omni Select Auto Trust 2020-A,2021-02-28,7,500,510,71,5,4,1577197.2999999993
World Omni Select Auto Trust 2020-A,2021-02-28,7,510,520,88,9,1,1832608.3799999997
World Omni Select Auto Trust 2020-A,2021-02-28,7,520,530,106,10,6,2283268.8000000003
World Omni Select Auto Trust 2020-A,2021-02-28,7,530,540,148,7,5,3048690.329999999
World Omni Select Auto Trust 2020-A,2021-02-28,7,540,550,218,13,1,4542211.670000001
World Omni Select Auto Trust 2020-A,2021-02-28,7,550,560,246,15,10,5462536.680000006
World Omni Select Auto Trust 2020-A,2021-02-28,7,560,570,317,15,8,6654019.349999998
World Omni Select Auto Trust 2020-A,2021-02-28,7,570,580,565,33,11,12952052.140000014
World Omni Select Auto Trust 2020-A,2021-02-28,7,580,590,1431,72,22,36532677.83000002
World Omni Select Auto Trust 2020-A,2021-02-28,7,590,600,1787,103,28,45012620.33999994
World Omni Select Auto Trust 2020-A,2021-02-28,7,600,610,2083,101,27,52017861.589999914
World Omni Select Auto Trust 2020-A,2021-02-28,7,610,620,2063,99,26,50929155.65999997
World Omni Select Auto Trust 2020-A,2021-02-28,7,620,630,3074,92,45,77384083.83999997
World Omni Select Auto Trust 2020-A,2021-02-28,7,630,640,2789,83,30,70637875.08
World Omni Select Auto Trust 2020-A,2021-02-28,7,640,650,3407,94,31,85916045.17
World Omni Select Auto Trust 2020-A,2021-02-28,7,650,660,360,10,5,8053362.639999998
World Omni Select Auto Trust 2020-A,2021-02-28,7,660,670,397,11,4,9710883.779999986
World Omni Select Auto Trust 2020-A,2021-02-28,7,670,680,420,13,6,10213443.019999988
World Omni Select Auto Trust 2020-A,2021-02-28,7,680,690,415,8,4,9979632.919999996
World Omni Select Auto Trust 2020-A,2021-02-28,7,690,700,360,9,1,8340237.599999998
World Omni Select Auto Trust 2020-A,2021-02-28,7,700,710,672,9,6,16784545.68
World Omni Select Auto Trust 2020-A,2021-02-28,7,710,720,496,8,3,12403186.170000004
World Omni Select Auto Trust 2020-A,2021-02-28,7,720,730,915,7,2,24249253.890000027
World Omni Select Auto Trust 2020-A,2021-02-28,7,730,740,740,5,2,19407945.53999999
World Omni Select Auto Trust 2020-A,2021-02-28,7,740,750,615,7,0,15859606.670000004
World Omni Select Auto Trust 2020-A,2021-02-28,7,750,760,570,5,1,14723056.580000004
World Omni Select Auto Trust 2020-A,2021-02-28,7,760,770,493,2,0,12955834.75
World Omni Select Auto Trust 2020-A,2021-02-28,7,770,780,451,2,1,11585057.23000001
World Omni Select Auto Trust 2020-A,2021-02-28,7,780,790,416,4,0,10203007.969999988
World Omni Select Auto Trust 2020-A,2021-02-28,7,790,800,361,8,2,9448169.889999999
World Omni Select Auto Trust 2020-A,2021-02-28,7,800,810,372,1,1,9207529.240000004
World Omni Select Auto Trust 2020-A,2021-02-28,7,810,820,297,1,0,7403452.909999997
World Omni Select Auto Trust 2020-A,2021-02-28,7,820,830,294,1,0,7190127.929999997
World Omni Select Auto Trust 2020-A,2021-02-28,7,830,840,242,0,1,5865045.270000004
World Omni Select Auto Trust 2020-A,2021-02-28,7,840,850,186,0,0,4381581.560000001
World Omni Select Auto Trust 2020-A,2021-02-28,7,850,860,179,0,0,4334587.590000001
World Omni Select Auto Trust 2020-A,2021-02-28,7,860,870,123,0,0,2825421.0099999993
World Omni Select Auto Trust 2020-A,2021-02-28,7,870,880,58,1,0,1386527.56
World Omni Select Auto Trust 2020-A,2021-02-28,7,880,890,14,0,0,325150.17
World Omni Select Auto Trust 2020-A,2021-02-28,7,890,900,1,0,0,15356.84
World Omni Select Auto Trust 2020-A,2022-02-28,19,400,410,1,0,0,16400.16
World Omni Select Auto Trust 2020-A,2022-02-28,19,420,430,1,0,0,12937.5
World Omni Select Auto Trust 2020-A,2022-02-28,19,440,450,0,0,1,15078.29
World Omni Select Auto Trust 2020-A,2022-02-28,19,450,460,3,0,0,61731.08
World Omni Select Auto Trust 2020-A,2022-02-28,19,460,470,4,0,1,70145.53
World Omni Select Auto Trust 2020-A,2022-02-28,19,470,480,9,3,0,219995.07
World Omni Select Auto Trust 2020-A,2022-02-28,19,480,490,9,2,2,212734.66
World Omni Select Auto Trust 2020-A,2022-02-28,19,490,500,15,4,0,320715.16000000003
World Omni Select Auto Trust 2020-A,2022-02-28,19,500,510,40,7,1,808233.75
World Omni Select Auto Trust 2020-A,2022-02-28,19,510,520,47,8,0,930510.4099999998
World Omni Select Auto Trust 2020-A,2022-02-28,19,520,530,57,9,2,1083421.64
World Omni Select Auto Trust 2020-A,2022-02-28,19,530,540,89,6,2,1608138.02
World Omni Select Auto Trust 2020-A,2022-02-28,19,540,550,130,7,2,2496915.72
World Omni Select Auto Trust 2020-A,2022-02-28,19,550,560,141,18,11,3025724.3
World Omni Select Auto Trust 2020-A,2022-02-28,19,560,570,178,20,11,3678807.589999999
World Omni Select Auto Trust 2020-A,2022-02-28,19,570,580,309,34,15,6763552.520000004
World Omni Select Auto Trust 2020-A,2022-02-28,19,580,590,833,70,29,19419879.20000001
World Omni Select Auto Trust 2020-A,2022-02-28,19,590,600,1013,80,43,23232198.02000001
World Omni Select Auto Trust 2020-A,2022-02-28,19,600,610,1241,92,34,28177918.560000017
World Omni Select Auto Trust 2020-A,2022-02-28,19,610,620,1244,71,33,27742765.449999996
World Omni Select Auto Trust 2020-A,2022-02-28,19,620,630,1832,97,29,40805925.97999999
World Omni Select Auto Trust 2020-A,2022-02-28,19,630,640,1621,72,39,36452091.49999999
World Omni Select Auto Trust 2020-A,2022-02-28,19,640,650,2039,95,33,45579613.83999997
World Omni Select Auto Trust 2020-A,2022-02-28,19,650,660,197,7,7,3918401.420000002
World Omni Select Auto Trust 2020-A,2022-02-28,19,660,670,255,8,3,5310462.25
World Omni Select Auto Trust 2020-A,2022-02-28,19,670,680,262,10,4,5436316.420000002
World Omni Select Auto Trust 2020-A,2022-02-28,19,680,690,286,7,1,5876157.159999998
World Omni Select Auto Trust 2020-A,2022-02-28,19,690,700,235,7,1,4609186.009999999
World Omni Select Auto Trust 2020-A,2022-02-28,19,700,710,463,13,6,9960616.86
World Omni Select Auto Trust 2020-A,2022-02-28,19,710,720,322,5,4,6797318.130000002
World Omni Select Auto Trust 2020-A,2022-02-28,19,720,730,631,14,4,13923445.019999992
World Omni Select Auto Trust 2020-A,2022-02-28,19,730,740,512,4,2,10966220.370000001
World Omni Select Auto Trust 2020-A,2022-02-28,19,740,750,435,0,0,8996435.149999997
World Omni Select Auto Trust 2020-A,2022-02-28,19,750,760,405,5,2,8547930.260000004
World Omni Select Auto Trust 2020-A,2022-02-28,19,760,770,355,3,0,7776193.800000005
World Omni Select Auto Trust 2020-A,2022-02-28,19,770,780,310,3,0,6563172.009999998
World Omni Select Auto Trust 2020-A,2022-02-28,19,780,790,290,0,2,5817576.090000002
World Omni Select Auto Trust 2020-A,2022-02-28,19,790,800,270,3,1,5562383.11
World Omni Select Auto Trust 2020-A,2022-02-28,19,800,810,279,3,0,5686146.579999997
World Omni Select Auto Trust 2020-A,2022-02-28,19,810,820,224,1,0,4417979.4799999995
World Omni Select Auto Trust 2020-A,2022-02-28,19,820,830,214,3,0,4314929.460000001
World Omni Select Auto Trust 2020-A,2022-02-28,19,830,840,176,2,0,3548431.4200000004
World Omni Select Auto Trust 2020-A,2022-02-28,19,840,850,147,0,0,2792332.5500000003
World Omni Select Auto Trust 2020-A,2022-02-28,19,850,860,131,0,0,2635492.460000001
World Omni Select Auto Trust 2020-A,2022-02-28,19,860,870,98,0,0,1847640.0399999998
World Omni Select Auto Trust 2020-A,2022-02-28,19,870,880,46,1,0,874984.4199999999
World Omni Select Auto Trust 2020-A,2022-02-28,19,880,890,12,0,0,210493.69
World Omni Select Auto Trust 2020-A,2023-02-28,31,400,410,1,0,0,14138.33
World Omni Select Auto Trust 2020-A,2023-02-28,31,420,430,1,0,0,10585.48
World Omni Select Auto Trust 2020-A,2023-02-28,31,450,460,1,0,1,39153.57
World Omni Select Auto Trust 2020-A,2023-02-28,31,460,470,4,0,0,46343.94
World Omni Select Auto Trust 2020-A,2023-02-28,31,470,480,5,4,0,123706.78
World Omni Select Auto Trust 2020-A,2023-02-28,31,480,490,7,1,0,102960.18
World Omni Select Auto Trust 2020-A,2023-02-28,31,490,500,13,2,1,205361.06
World Omni Select Auto Trust 2020-A,2023-02-28,31,500,510,24,7,1,488322.80999999994
World Omni Select Auto Trust 2020-A,2023-02-28,31,510,520,33,5,2,574791.8300000001
World Omni Select Auto Trust 2020-A,2023-02-28,31,520,530,32,6,0,502834.2100000001
World Omni Select Auto Trust 2020-A,2023-02-28,31,530,540,53,6,1,844443.0899999997
World Omni Select Auto Trust 2020-A,2023-02-28,31,540,550,86,11,2,1478297.2899999998
World Omni Select Auto Trust 2020-A,2023-02-28,31,550,560,100,15,2,1719537.4300000002
World Omni Select Auto Trust 2020-A,2023-02-28,31,560,570,116,16,5,2038001.82
World Omni Select Auto Trust 2020-A,2023-02-28,31,570,580,208,25,15,3918936.7199999993
World Omni Select Auto Trust 2020-A,2023-02-28,31,580,590,526,74,31,10889738.979999993
World Omni Select Auto Trust 2020-A,2023-02-28,31,590,600,653,72,19,12347978.099999996
World Omni Select Auto Trust 2020-A,2023-02-28,31,600,610,838,85,20,15911916.459999997
World Omni Select Auto Trust 2020-A,2023-02-28,31,610,620,803,73,36,15390444.489999995
World Omni Select Auto Trust 2020-A,2023-02-28,31,620,630,1216,90,32,22694116.829999976
World Omni Select Auto Trust 2020-A,2023-02-28,31,630,640,1121,80,32,21087330.380000006
World Omni Select Auto Trust 2020-A,2023-02-28,31,640,650,1393,94,34,25823443.30999999
World Omni Select Auto Trust 2020-A,2023-02-28,31,650,660,136,6,0,2115466.7299999995
World Omni Select Auto Trust 2020-A,2023-02-28,31,660,670,194,7,1,3163663.11
World Omni Select Auto Trust 2020-A,2023-02-28,31,670,680,185,13,4,3219736.78
World Omni Select Auto Trust 2020-A,2023-02-28,31,680,690,201,7,0,3193184.7700000014
World Omni Select Auto Trust 2020-A,2023-02-28,31,690,700,145,7,1,2285944.0299999993
World Omni Select Auto Trust 2020-A,2023-02-28,31,700,710,332,9,2,5477487.579999998
World Omni Select Auto Trust 2020-A,2023-02-28,31,710,720,236,8,2,3960708.600000001
World Omni Select Auto Trust 2020-A,2023-02-28,31,720,730,483,3,0,8093164.540000005
World Omni Select Auto Trust 2020-A,2023-02-28,31,730,740,387,5,0,6324720.579999998
World Omni Select Auto Trust 2020-A,2023-02-28,31,740,750,339,5,1,5511138.359999999
World Omni Select Auto Trust 2020-A,2023-02-28,31,750,760,294,7,2,4832233.909999996
World Omni Select Auto Trust 2020-A,2023-02-28,31,760,770,267,3,0,4480635.379999998
World Omni Select Auto Trust 2020-A,2023-02-28,31,770,780,247,3,1,4046200.4400000027
World Omni Select Auto Trust 2020-A,2023-02-28,31,780,790,219,5,0,3489894.9199999976
World Omni Select Auto Trust 2020-A,2023-02-28,31,790,800,223,1,0,3562730.68
World Omni Select Auto Trust 2020-A,2023-02-28,31,800,810,218,4,2,3519716.189999998
World Omni Select Auto Trust 2020-A,2023-02-28,31,810,820,164,4,1,2611496.360000001
World Omni Select Auto Trust 2020-A,2023-02-28,31,820,830,159,6,1,2600246.1000000015
World Omni Select Auto Trust 2020-A,2023-02-28,31,830,840,136,2,0,2055330.04
World Omni Select Auto Trust 2020-A,2023-02-28,31,840,850,115,0,0,1626350.82
World Omni Select Auto Trust 2020-A,2023-02-28,31,850,860,105,2,0,1612172.8400000005
World Omni Select Auto Trust 2020-A,2023-02-28,31,860,870,75,2,0,1096276.7600000005
World Omni Select Auto Trust 2020-A,2023-02-28,31,870,880,35,0,1,494399.81000000006
World Omni Select Auto Trust 2020-A,2023-02-28,31,880,890,9,0,0,133130.07
World Omni Select Auto Trust 2020-A,2024-02-29,43,400,410,1,0,0,11022.28
World Omni Select Auto Trust 2020-A,2024-02-29,43,420,430,1,0,0,7957.88
World Omni Select Auto Trust 2020-A,2024-02-29,43,450,460,0,1,0,17228.08
World Omni Select Auto Trust 2020-A,2024-02-29,43,460,470,1,1,0,21653.25
World Omni Select Auto Trust 2020-A,2024-02-29,43,470,480,3,4,1,86546.41
World Omni Select Auto Trust 2020-A,2024-02-29,43,480,490,4,2,0,59907.37
World Omni Select Auto Trust 2020-A,2024-02-29,43,490,500,8,4,1,104927.66
World Omni Select Auto Trust 2020-A,2024-02-29,43,500,510,22,4,1,319360.54000000004
World Omni Select Auto Trust 2020-A,2024-02-29,43,510,520,20,4,1,258465.63999999998
World Omni Select Auto Trust 2020-A,2024-02-29,43,520,530,27,4,2,354845.36000000004
World Omni Select Auto Trust 2020-A,2024-02-29,43,530,540,39,6,0,435914.24000000005
World Omni Select Auto Trust 2020-A,2024-02-29,43,540,550,66,10,2,886886.4699999999
World Omni Select Auto Trust 2020-A,2024-02-29,43,550,560,70,8,2,913067.73
World Omni Select Auto Trust 2020-A,2024-02-29,43,560,570,73,19,3,1042589.3599999998
World Omni Select Auto Trust 2020-A,2024-02-29,43,570,580,159,24,5,2218589.33
World Omni Select Auto Trust 2020-A,2024-02-29,43,580,590,417,51,18,6154788.330000003
World Omni Select Auto Trust 2020-A,2024-02-29,43,590,600,481,60,15,6744677.309999999
World Omni Select Auto Trust 2020-A,2024-02-29,43,600,610,645,62,22,8989561.160000006
World Omni Select Auto Trust 2020-A,2024-02-29,43,610,620,629,54,30,8791890.280000001
World Omni Select Auto Trust 2020-A,2024-02-29,43,620,630,915,100,34,12959780.979999987
World Omni Select Auto Trust 2020-A,2024-02-29,43,630,640,889,52,16,11949572.570000011
World Omni Select Auto Trust 2020-A,2024-02-29,43,640,650,1082,70,35,14500044.949999992
World Omni Select Auto Trust 2020-A,2024-02-29,43,650,660,100,6,7,1193607.33
World Omni Select Auto Trust 2020-A,2024-02-29,43,660,670,136,2,4,1606043.7999999996
World Omni Select Auto Trust 2020-A,2024-02-29,43,670,680,143,8,6,1727133.560000001
World Omni Select Auto Trust 2020-A,2024-02-29,43,680,690,146,6,5,1724513.1499999994
World Omni Select Auto Trust 2020-A,2024-02-29,43,690,700,110,10,2,1343500.7899999996
World Omni Select Auto Trust 2020-A,2024-02-29,43,700,710,278,10,2,3292680.009999999
World Omni Select Auto Trust 2020-A,2024-02-29,43,710,720,180,6,4,2146968.899999999
World Omni Select Auto Trust 2020-A,2024-02-29,43,720,730,392,8,2,4692198.930000002
World Omni Select Auto Trust 2020-A,2024-02-29,43,730,740,305,7,3,3575893.78
World Omni Select Auto Trust 2020-A,2024-02-29,43,740,750,262,3,2,2894489.580000002
World Omni Select Auto Trust 2020-A,2024-02-29,43,750,760,232,3,1,2613574.0599999987
World Omni Select Auto Trust 2020-A,2024-02-29,43,760,770,224,4,0,2650066.4100000025
World Omni Select Auto Trust 2020-A,2024-02-29,43,770,780,202,3,0,2302844.6800000016
World Omni Select Auto Trust 2020-A,2024-02-29,43,780,790,182,1,0,1884729.85
World Omni Select Auto Trust 2020-A,2024-02-29,43,790,800,175,5,1,1958253.8100000003
World Omni Select Auto Trust 2020-A,2024-02-29,43,800,810,173,5,0,2009036.4499999995
World Omni Select Auto Trust 2020-A,2024-02-29,43,810,820,127,2,1,1413771.1600000004
World Omni Select Auto Trust 2020-A,2024-02-29,43,820,830,124,4,1,1439198.77
World Omni Select Auto Trust 2020-A,2024-02-29,43,830,840,106,0,1,1088586.7600000002
World Omni Select Auto Trust 2020-A,2024-02-29,43,840,850,83,0,0,827894.9499999998
World Omni Select Auto Trust 2020-A,2024-02-29,43,850,860,84,1,0,858936.4800000002
World Omni Select Auto Trust 2020-A,2024-02-29,43,860,870,61,1,0,611512.57
World Omni Select Auto Trust 2020-A,2024-02-29,43,870,880,27,0,0,254526.87999999998
World Omni Select Auto Trust 2020-A,2024-02-29,43,880,890,6,0,1,81548.54
World Omni Select Auto Trust 2020-A,2021-03-31,8,400,410,1,0,0,18705.98
World Omni Select Auto Trust 2020-A,2021-03-31,8,420,430,1,0,0,14585.49
World Omni Select Auto Trust 2020-A,2021-03-31,8,440,450,1,0,0,16414.01
World Omni Select Auto Trust 2020-A,2021-03-31,8,450,460,4,0,0,77554.4
World Omni Select Auto Trust 2020-A,2021-03-31,8,460,470,6,1,0,92170.72
World Omni Select Auto Trust 2020-A,2021-03-31,8,470,480,19,1,0,369683.72
World Omni Select Auto Trust 2020-A,2021-03-31,8,480,490,16,2,0,306804.21
World Omni Select Auto Trust 2020-A,2021-03-31,8,490,500,28,2,0,545637.54
World Omni Select Auto Trust 2020-A,2021-03-31,8,500,510,71,6,1,1500523.9200000002
World Omni Select Auto Trust 2020-A,2021-03-31,8,510,520,87,4,2,1729055.1
World Omni Select Auto Trust 2020-A,2021-03-31,8,520,530,104,7,7,2172183.84
World Omni Select Auto Trust 2020-A,2021-03-31,8,530,540,149,5,3,2975844.95
World Omni Select Auto Trust 2020-A,2021-03-31,8,540,550,216,6,4,4365364.319999999
World Omni Select Auto Trust 2020-A,2021-03-31,8,550,560,243,13,5,5231174.78
World Omni Select Auto Trust 2020-A,2021-03-31,8,560,570,311,15,4,6340374.680000001
World Omni Select Auto Trust 2020-A,2021-03-31,8,570,580,551,26,5,12180963.25
World Omni Select Auto Trust 2020-A,2021-03-31,8,580,590,1415,44,19,34915577.14000002
World Omni Select Auto Trust 2020-A,2021-03-31,8,590,600,1752,72,16,42672207.42
World Omni Select Auto Trust 2020-A,2021-03-31,8,600,610,2036,71,21,49460200.71999997
World Omni Select Auto Trust 2020-A,2021-03-31,8,610,620,2030,66,18,48428639.61000007
World Omni Select Auto Trust 2020-A,2021-03-31,8,620,630,2978,69,35,73149178.58999991
World Omni Select Auto Trust 2020-A,2021-03-31,8,630,640,2710,53,18,66914941.6
World Omni Select Auto Trust 2020-A,2021-03-31,8,640,650,3326,54,15,81568056.12999995
World Omni Select Auto Trust 2020-A,2021-03-31,8,650,660,343,5,7,7425009.879999999
World Omni Select Auto Trust 2020-A,2021-03-31,8,660,670,388,7,4,9264970.800000004
World Omni Select Auto Trust 2020-A,2021-03-31,8,670,680,414,2,5,9715545.14
World Omni Select Auto Trust 2020-A,2021-03-31,8,680,690,409,4,2,9544573.849999996
World Omni Select Auto Trust 2020-A,2021-03-31,8,690,700,359,4,0,8105410.540000002
World Omni Select Auto Trust 2020-A,2021-03-31,8,700,710,657,6,3,16034656.29
World Omni Select Auto Trust 2020-A,2021-03-31,8,710,720,475,11,2,11830727.030000001
World Omni Select Auto Trust 2020-A,2021-03-31,8,720,730,890,7,4,23226323.199999988
World Omni Select Auto Trust 2020-A,2021-03-31,8,730,740,716,4,1,18408681.699999996
World Omni Select Auto Trust 2020-A,2021-03-31,8,740,750,595,6,2,15040417.180000005
World Omni Select Auto Trust 2020-A,2021-03-31,8,750,760,560,6,0,14204478.190000003
World Omni Select Auto Trust 2020-A,2021-03-31,8,760,770,484,1,0,12539158.430000009
World Omni Select Auto Trust 2020-A,2021-03-31,8,770,780,438,2,0,11093576.079999994
World Omni Select Auto Trust 2020-A,2021-03-31,8,780,790,405,3,0,9781748.230000002
World Omni Select Auto Trust 2020-A,2021-03-31,8,790,800,356,2,0,8922732.160000002
World Omni Select Auto Trust 2020-A,2021-03-31,8,800,810,356,2,0,8667957.340000002
World Omni Select Auto Trust 2020-A,2021-03-31,8,810,820,289,1,0,7021813.149999999
World Omni Select Auto Trust 2020-A,2021-03-31,8,820,830,290,0,0,6965539.210000003
World Omni Select Auto Trust 2020-A,2021-03-31,8,830,840,240,0,1,5710260.92
World Omni Select Auto Trust 2020-A,2021-03-31,8,840,850,182,0,0,4156135.5600000005
World Omni Select Auto Trust 2020-A,2021-03-31,8,850,860,174,0,0,4155558.6799999997
World Omni Select Auto Trust 2020-A,2021-03-31,8,860,870,120,1,0,2699526.46
World Omni Select Auto Trust 2020-A,2021-03-31,8,870,880,56,0,0,1305071.42
World Omni Select Auto Trust 2020-A,2021-03-31,8,880,890,14,0,0,320007.82
World Omni Select Auto Trust 2020-A,2021-03-31,8,890,900,1,0,0,15129.91
World Omni Select Auto Trust 2020-A,2022-03-31,20,400,410,1,0,0,16143.52
World Omni Select Auto Trust 2020-A,2022-03-31,20,420,430,1,0,0,12741.92
World Omni Select Auto Trust 2020-A,2022-03-31,20,440,450,0,0,1,15078.29
World Omni Select Auto Trust 2020-A,2022-03-31,20,450,460,3,0,0,61224.59
World Omni Select Auto Trust 2020-A,2022-03-31,20,460,470,3,1,0,56983.73
World Omni Select Auto Trust 2020-A,2022-03-31,20,470,480,9,3,0,216147.76
World Omni Select Auto Trust 2020-A,2022-03-31,20,480,490,8,3,1,193811.81
World Omni Select Auto Trust 2020-A,2022-03-31,20,490,500,16,3,0,315815.43999999994
World Omni Select Auto Trust 2020-A,2022-03-31,20,500,510,41,6,1,792806.35
World Omni Select Auto Trust 2020-A,2022-03-31,20,510,520,45,6,2,874677.66
World Omni Select Auto Trust 2020-A,2022-03-31,20,520,530,49,12,3,1021577.92
World Omni Select Auto Trust 2020-A,2022-03-31,20,530,540,80,7,1,1482632.61
World Omni Select Auto Trust 2020-A,2022-03-31,20,540,550,126,8,2,2426220.85
World Omni Select Auto Trust 2020-A,2022-03-31,20,550,560,145,11,5,2820701.879999999
World Omni Select Auto Trust 2020-A,2022-03-31,20,560,570,173,18,8,3421055.050000001
World Omni Select Auto Trust 2020-A,2022-03-31,20,570,580,299,37,10,6478221.349999998
World Omni Select Auto Trust 2020-A,2022-03-31,20,580,590,799,69,23,18286772.119999982
World Omni Select Auto Trust 2020-A,2022-03-31,20,590,600,968,82,28,21713332.18000001
World Omni Select Auto Trust 2020-A,2022-03-31,20,600,610,1185,96,27,26435879.880000003
World Omni Select Auto Trust 2020-A,2022-03-31,20,610,620,1181,81,24,26156304.669999987
World Omni Select Auto Trust 2020-A,2022-03-31,20,620,630,1754,91,24,38544884.78999994
World Omni Select Auto Trust 2020-A,2022-03-31,20,630,640,1577,73,25,34763462.25999995
World Omni Select Auto Trust 2020-A,2022-03-31,20,640,650,1957,89,26,43205258.97000008
World Omni Select Auto Trust 2020-A,2022-03-31,20,650,660,194,4,4,3648981.4699999993
World Omni Select Auto Trust 2020-A,2022-03-31,20,660,670,239,14,2,4966302.360000001
World Omni Select Auto Trust 2020-A,2022-03-31,20,670,680,250,10,4,5164146.660000003
World Omni Select Auto Trust 2020-A,2022-03-31,20,680,690,273,3,0,5419433.139999999
World Omni Select Auto Trust 2020-A,2022-03-31,20,690,700,221,7,3,4330143.229999998
World Omni Select Auto Trust 2020-A,2022-03-31,20,700,710,449,10,5,9337185.820000002
World Omni Select Auto Trust 2020-A,2022-03-31,20,710,720,307,13,1,6492030.959999998
World Omni Select Auto Trust 2020-A,2022-03-31,20,720,730,613,11,6,13155851.279999997
World Omni Select Auto Trust 2020-A,2022-03-31,20,730,740,498,1,2,10369324.370000003
World Omni Select Auto Trust 2020-A,2022-03-31,20,740,750,425,3,0,8690234.399999993
World Omni Select Auto Trust 2020-A,2022-03-31,20,750,760,387,6,0,7948889.419999994
World Omni Select Auto Trust 2020-A,2022-03-31,20,760,770,343,6,0,7394688.220000005
World Omni Select Auto Trust 2020-A,2022-03-31,20,770,780,301,1,0,6260423.060000002
World Omni Select Auto Trust 2020-A,2022-03-31,20,780,790,276,1,0,5459397.029999998
World Omni Select Auto Trust 2020-A,2022-03-31,20,790,800,261,5,1,5339692.390000001
World Omni Select Auto Trust 2020-A,2022-03-31,20,800,810,270,4,0,5475729.180000003
World Omni Select Auto Trust 2020-A,2022-03-31,20,810,820,212,2,0,4182818.9399999995
World Omni Select Auto Trust 2020-A,2022-03-31,20,820,830,211,0,1,4116803.519999998
World Omni Select Auto Trust 2020-A,2022-03-31,20,830,840,173,2,0,3410148.3400000012
World Omni Select Auto Trust 2020-A,2022-03-31,20,840,850,142,0,0,2652233.9400000004
World Omni Select Auto Trust 2020-A,2022-03-31,20,850,860,127,1,0,2524188.8400000012
World Omni Select Auto Trust 2020-A,2022-03-31,20,860,870,95,1,0,1782638.8200000003
World Omni Select Auto Trust 2020-A,2022-03-31,20,870,880,46,0,0,856906.7300000002
World Omni Select Auto Trust 2020-A,2022-03-31,20,880,890,11,0,0,182510.56
World Omni Select Auto Trust 2020-A,2023-03-31,32,400,410,1,0,0,13862.27
World Omni Select Auto Trust 2020-A,2023-03-31,32,420,430,1,0,0,10371.08
World Omni Select Auto Trust 2020-A,2023-03-31,32,450,460,2,0,0,37521.37
World Omni Select Auto Trust 2020-A,2023-03-31,32,460,470,3,1,0,44896.17
World Omni Select Auto Trust 2020-A,2023-03-31,32,470,480,6,3,0,121009.76999999999
World Omni Select Auto Trust 2020-A,2023-03-31,32,480,490,6,1,1,100761.64000000001
World Omni Select Auto Trust 2020-A,2023-03-31,32,490,500,13,1,2,201107.51
World Omni Select Auto Trust 2020-A,2023-03-31,32,500,510,24,7,1,477458.58
World Omni Select Auto Trust 2020-A,2023-03-31,32,510,520,33,5,1,546137.7500000001
World Omni Select Auto Trust 2020-A,2023-03-31,32,520,530,30,7,1,490368.48000000016
World Omni Select Auto Trust 2020-A,2023-03-31,32,530,540,51,6,1,768385.2899999999
World Omni Select Auto Trust 2020-A,2023-03-31,32,540,550,85,13,0,1430232.4999999998
World Omni Select Auto Trust 2020-A,2023-03-31,32,550,560,96,16,0,1627513.3100000008
World Omni Select Auto Trust 2020-A,2023-03-31,32,560,570,109,18,4,1911959.82
World Omni Select Auto Trust 2020-A,2023-03-31,32,570,580,201,29,13,3691725.3100000015
World Omni Select Auto Trust 2020-A,2023-03-31,32,580,590,518,69,27,10314831.42
World Omni Select Auto Trust 2020-A,2023-03-31,32,590,600,637,63,23,11698505.069999984
World Omni Select Auto Trust 2020-A,2023-03-31,32,600,610,818,79,19,15114533.250000004
World Omni Select Auto Trust 2020-A,2023-03-31,32,610,620,806,72,19,14805677.730000028
World Omni Select Auto Trust 2020-A,2023-03-31,32,620,630,1193,96,24,21676071.649999972
World Omni Select Auto Trust 2020-A,2023-03-31,32,630,640,1103,85,25,20231665.54
World Omni Select Auto Trust 2020-A,2023-03-31,32,640,650,1360,89,29,24460526.369999956
World Omni Select Auto Trust 2020-A,2023-03-31,32,650,660,131,6,1,1982787.7899999998
World Omni Select Auto Trust 2020-A,2023-03-31,32,660,670,189,8,1,3022543.9
World Omni Select Auto Trust 2020-A,2023-03-31,32,670,680,185,10,6,3120377.1800000016
World Omni Select Auto Trust 2020-A,2023-03-31,32,680,690,201,6,1,3107067.2
World Omni Select Auto Trust 2020-A,2023-03-31,32,690,700,140,7,1,2165478.7900000005
World Omni Select Auto Trust 2020-A,2023-03-31,32,700,710,322,11,2,5227984.369999998
World Omni Select Auto Trust 2020-A,2023-03-31,32,710,720,230,9,1,3792712.6000000006
World Omni Select Auto Trust 2020-A,2023-03-31,32,720,730,475,4,0,7789618.320000001
World Omni Select Auto Trust 2020-A,2023-03-31,32,730,740,378,6,1,6061612.719999995
World Omni Select Auto Trust 2020-A,2023-03-31,32,740,750,333,3,1,5230514.959999998
World Omni Select Auto Trust 2020-A,2023-03-31,32,750,760,288,4,3,4547711.67
World Omni Select Auto Trust 2020-A,2023-03-31,32,760,770,266,1,1,4329587.550000002
World Omni Select Auto Trust 2020-A,2023-03-31,32,770,780,245,2,1,3880369.2
World Omni Select Auto Trust 2020-A,2023-03-31,32,780,790,216,2,2,3330093.6800000016
World Omni Select Auto Trust 2020-A,2023-03-31,32,790,800,217,2,0,3429907.330000001
World Omni Select Auto Trust 2020-A,2023-03-31,32,800,810,212,7,1,3373826.310000001
World Omni Select Auto Trust 2020-A,2023-03-31,32,810,820,159,3,1,2439022.3600000013
World Omni Select Auto Trust 2020-A,2023-03-31,32,820,830,159,3,0,2472169.08
World Omni Select Auto Trust 2020-A,2023-03-31,32,830,840,136,1,0,1980997.7499999998
World Omni Select Auto Trust 2020-A,2023-03-31,32,840,850,108,1,0,1541956.9600000002
World Omni Select Auto Trust 2020-A,2023-03-31,32,850,860,104,1,0,1523782.0100000002
World Omni Select Auto Trust 2020-A,2023-03-31,32,860,870,75,0,1,1048787.03
World Omni Select Auto Trust 2020-A,2023-03-31,32,870,880,33,1,0,446973.2599999999
World Omni Select Auto Trust 2020-A,2023-03-31,32,880,890,9,0,0,129253.02999999998
World Omni Select Auto Trust 2020-A,2024-03-31,44,400,410,1,0,0,10772.08
World Omni Select Auto Trust 2020-A,2024-03-31,44,420,430,1,0,0,7736.39
World Omni Select Auto Trust 2020-A,2024-03-31,44,450,460,0,1,0,16729.73
World Omni Select Auto Trust 2020-A,2024-03-31,44,460,470,1,1,0,21086.42
World Omni Select Auto Trust 2020-A,2024-03-31,44,470,480,4,3,1,84337.65000000001
World Omni Select Auto Trust 2020-A,2024-03-31,44,480,490,5,1,0,57478.6
World Omni Select Auto Trust 2020-A,2024-03-31,44,490,500,9,3,1,101349.37000000001
World Omni Select Auto Trust 2020-A,2024-03-31,44,500,510,18,7,2,300746.64999999997
World Omni Select Auto Trust 2020-A,2024-03-31,44,510,520,18,3,1,222393.17
World Omni Select Auto Trust 2020-A,2024-03-31,44,520,530,26,6,1,343523.9099999999
World Omni Select Auto Trust 2020-A,2024-03-31,44,530,540,35,9,1,424141.9100000001
World Omni Select Auto Trust 2020-A,2024-03-31,44,540,550,60,12,3,844053.7699999997
World Omni Select Auto Trust 2020-A,2024-03-31,44,550,560,67,9,3,882496.0300000003
World Omni Select Auto Trust 2020-A,2024-03-31,44,560,570,72,17,5,994806.2300000001
World Omni Select Auto Trust 2020-A,2024-03-31,44,570,580,147,24,8,2050003.18
World Omni Select Auto Trust 2020-A,2024-03-31,44,580,590,395,49,23,5715819.069999995
World Omni Select Auto Trust 2020-A,2024-03-31,44,590,600,466,63,17,6382305.699999999
World Omni Select Auto Trust 2020-A,2024-03-31,44,600,610,621,70,24,8547981.030000005
World Omni Select Auto Trust 2020-A,2024-03-31,44,610,620,611,63,20,8286903.390000005
World Omni Select Auto Trust 2020-A,2024-03-31,44,620,630,898,96,31,12259089.619999992
World Omni Select Auto Trust 2020-A,2024-03-31,44,630,640,856,74,8,11331040.800000003
World Omni Select Auto Trust 2020-A,2024-03-31,44,640,650,1064,85,18,13734264.569999985
World Omni Select Auto Trust 2020-A,2024-03-31,44,650,660,95,7,7,1106029.3599999999
World Omni Select Auto Trust 2020-A,2024-03-31,44,660,670,134,6,2,1550790.0000000007
World Omni Select Auto Trust 2020-A,2024-03-31,44,670,680,144,6,2,1627779.9099999995
World Omni Select Auto Trust 2020-A,2024-03-31,44,680,690,143,4,4,1592908.7600000002
World Omni Select Auto Trust 2020-A,2024-03-31,44,690,700,108,7,3,1242999.6199999999
World Omni Select Auto Trust 2020-A,2024-03-31,44,700,710,265,13,5,3112948.8500000006
World Omni Select Auto Trust 2020-A,2024-03-31,44,710,720,177,7,3,2032079.72
World Omni Select Auto Trust 2020-A,2024-03-31,44,720,730,380,12,1,4433379.000000004
World Omni Select Auto Trust 2020-A,2024-03-31,44,730,740,303,4,2,3407097.360000001
World Omni Select Auto Trust 2020-A,2024-03-31,44,740,750,254,4,1,2713198.18
World Omni Select Auto Trust 2020-A,2024-03-31,44,750,760,229,4,0,2464941.090000001
World Omni Select Auto Trust 2020-A,2024-03-31,44,760,770,218,5,0,2479597.5
World Omni Select Auto Trust 2020-A,2024-03-31,44,770,780,200,3,0,2200740.9899999998
World Omni Select Auto Trust 2020-A,2024-03-31,44,780,790,179,3,0,1788257.8
World Omni Select Auto Trust 2020-A,2024-03-31,44,790,800,175,2,1,1855271.89
World Omni Select Auto Trust 2020-A,2024-03-31,44,800,810,166,4,2,1873024.8099999994
World Omni Select Auto Trust 2020-A,2024-03-31,44,810,820,123,3,1,1321735.3399999994
World Omni Select Auto Trust 2020-A,2024-03-31,44,820,830,125,2,1,1375306.1300000001
World Omni Select Auto Trust 2020-A,2024-03-31,44,830,840,105,1,0,1029013.0499999995
World Omni Select Auto Trust 2020-A,2024-03-31,44,840,850,80,1,0,774220.7400000001
World Omni Select Auto Trust 2020-A,2024-03-31,44,850,860,81,1,1,806882.84
World Omni Select Auto Trust 2020-A,2024-03-31,44,860,870,59,1,0,587612.71
World Omni Select Auto Trust 2020-A,2024-03-31,44,870,880,27,0,0,243497.28000000006
World Omni Select Auto Trust 2020-A,2024-03-31,44,880,890,6,1,0,77801.11
World Omni Select Auto Trust 2020-A,2021-04-30,9,400,410,1,0,0,18469.63
World Omni Select Auto Trust 2020-A,2021-04-30,9,420,430,1,0,0,14585.49
World Omni Select Auto Trust 2020-A,2021-04-30,9,440,450,1,0,0,16410.52
World Omni Select Auto Trust 2020-A,2021-04-30,9,450,460,4,0,0,76638.53
World Omni Select Auto Trust 2020-A,2021-04-30,9,460,470,6,0,1,90916.04999999999
World Omni Select Auto Trust 2020-A,2021-04-30,9,470,480,17,2,0,364650.24999999994
World Omni Select Auto Trust 2020-A,2021-04-30,9,480,490,18,0,0,302188.38000000006
World Omni Select Auto Trust 2020-A,2021-04-30,9,490,500,26,1,1,497059.79
World Omni Select Auto Trust 2020-A,2021-04-30,9,500,510,71,3,0,1417919.9700000007
World Omni Select Auto Trust 2020-A,2021-04-30,9,510,520,84,7,1,1691573.99
World Omni Select Auto Trust 2020-A,2021-04-30,9,520,530,102,7,3,2019975.8599999999
World Omni Select Auto Trust 2020-A,2021-04-30,9,530,540,137,8,3,2748809.0599999996
World Omni Select Auto Trust 2020-A,2021-04-30,9,540,550,208,6,4,4160849.480000003
World Omni Select Auto Trust 2020-A,2021-04-30,9,550,560,232,12,6,4997285.7
World Omni Select Auto Trust 2020-A,2021-04-30,9,560,570,298,12,4,5999159.26
World Omni Select Auto Trust 2020-A,2021-04-30,9,570,580,536,15,9,11576481.69000001
World Omni Select Auto Trust 2020-A,2021-04-30,9,580,590,1369,47,15,33533387.96000001
World Omni Select Auto Trust 2020-A,2021-04-30,9,590,600,1689,55,28,40507494.77999999
World Omni Select Auto Trust 2020-A,2021-04-30,9,600,610,1958,56,26,46710287.45000003
World Omni Select Auto Trust 2020-A,2021-04-30,9,610,620,1936,56,14,45705665.20999988
World Omni Select Auto Trust 2020-A,2021-04-30,9,620,630,2858,51,20,69006167.14000008
World Omni Select Auto Trust 2020-A,2021-04-30,9,630,640,2620,47,18,63456690.58999996
World Omni Select Auto Trust 2020-A,2021-04-30,9,640,650,3195,47,13,77066882.10000005
World Omni Select Auto Trust 2020-A,2021-04-30,9,650,660,341,3,4,7231297.300000008
World Omni Select Auto Trust 2020-A,2021-04-30,9,660,670,377,3,3,8853903.749999998
World Omni Select Auto Trust 2020-A,2021-04-30,9,670,680,398,6,2,9277345.509999998
World Omni Select Auto Trust 2020-A,2021-04-30,9,680,690,396,3,3,9093204.170000004
World Omni Select Auto Trust 2020-A,2021-04-30,9,690,700,345,4,1,7641889.130000001
World Omni Select Auto Trust 2020-A,2021-04-30,9,700,710,642,8,1,15509299.459999984
World Omni Select Auto Trust 2020-A,2021-04-30,9,710,720,466,6,4,11296662.019999992
World Omni Select Auto Trust 2020-A,2021-04-30,9,720,730,864,7,5,22142394.07999999
World Omni Select Auto Trust 2020-A,2021-04-30,9,730,740,700,5,1,17784646.66
World Omni Select Auto Trust 2020-A,2021-04-30,9,740,750,584,2,1,14506300.21000001
World Omni Select Auto Trust 2020-A,2021-04-30,9,750,760,546,5,1,13640649.409999995
World Omni Select Auto Trust 2020-A,2021-04-30,9,760,770,465,0,0,11772222.079999996
World Omni Select Auto Trust 2020-A,2021-04-30,9,770,780,431,1,0,10710967.009999996
World Omni Select Auto Trust 2020-A,2021-04-30,9,780,790,392,2,1,9331700.78
World Omni Select Auto Trust 2020-A,2021-04-30,9,790,800,342,6,0,8551236.76
World Omni Select Auto Trust 2020-A,2021-04-30,9,800,810,346,3,0,8267592.790000002
World Omni Select Auto Trust 2020-A,2021-04-30,9,810,820,283,0,0,6706887.270000003
World Omni Select Auto Trust 2020-A,2021-04-30,9,820,830,281,0,0,6624649.200000001
World Omni Select Auto Trust 2020-A,2021-04-30,9,830,840,231,2,0,5492342.15
World Omni Select Auto Trust 2020-A,2021-04-30,9,840,850,177,0,0,3975574.679999999
World Omni Select Auto Trust 2020-A,2021-04-30,9,850,860,166,0,0,3934063.8499999978
World Omni Select Auto Trust 2020-A,2021-04-30,9,860,870,117,0,0,2604207.8499999996
World Omni Select Auto Trust 2020-A,2021-04-30,9,870,880,52,1,0,1227797.0700000005
World Omni Select Auto Trust 2020-A,2021-04-30,9,880,890,14,0,0,315112.02999999997
World Omni Select Auto Trust 2020-A,2021-04-30,9,890,900,1,0,0,14906.24
World Omni Select Auto Trust 2020-A,2022-04-30,21,400,410,1,0,0,15884.63
World Omni Select Auto Trust 2020-A,2022-04-30,21,420,430,1,0,0,12570.3
World Omni Select Auto Trust 2020-A,2022-04-30,21,440,450,0,0,1,14928.01
World Omni Select Auto Trust 2020-A,2022-04-30,21,450,460,2,0,0,45451.18
World Omni Select Auto Trust 2020-A,2022-04-30,21,460,470,3,0,1,56234.439999999995
World Omni Select Auto Trust 2020-A,2022-04-30,21,470,480,7,3,1,187588.91
World Omni Select Auto Trust 2020-A,2022-04-30,21,480,490,9,2,0,173781.49999999997
World Omni Select Auto Trust 2020-A,2022-04-30,21,490,500,14,5,0,311577.4199999999
World Omni Select Auto Trust 2020-A,2022-04-30,21,500,510,39,5,2,748385.6899999998
World Omni Select Auto Trust 2020-A,2022-04-30,21,510,520,42,7,4,864281.63
World Omni Select Auto Trust 2020-A,2022-04-30,21,520,530,45,10,3,938660.41
World Omni Select Auto Trust 2020-A,2022-04-30,21,530,540,78,4,1,1363656.03
World Omni Select Auto Trust 2020-A,2022-04-30,21,540,550,123,7,2,2329478.7300000004
World Omni Select Auto Trust 2020-A,2022-04-30,21,550,560,128,21,6,2663273.15
World Omni Select Auto Trust 2020-A,2022-04-30,21,560,570,168,20,7,3292924.8700000015
World Omni Select Auto Trust 2020-A,2022-04-30,21,570,580,292,27,16,6141087.009999999
World Omni Select Auto Trust 2020-A,2022-04-30,21,580,590,760,66,21,17246128.400000002
World Omni Select Auto Trust 2020-A,2022-04-30,21,590,600,916,81,38,20604219.510000013
World Omni Select Auto Trust 2020-A,2022-04-30,21,600,610,1135,83,35,25010854.250000007
World Omni Select Auto Trust 2020-A,2022-04-30,21,610,620,1140,78,23,24860494.900000036
World Omni Select Auto Trust 2020-A,2022-04-30,21,620,630,1669,81,33,36251291.969999984
World Omni Select Auto Trust 2020-A,2022-04-30,21,630,640,1514,63,27,32828384.94000003
World Omni Select Auto Trust 2020-A,2022-04-30,21,640,650,1896,79,28,41238428.02000007
World Omni Select Auto Trust 2020-A,2022-04-30,21,650,660,183,5,4,3416121.28
World Omni Select Auto Trust 2020-A,2022-04-30,21,660,670,239,8,3,4801987.040000003
World Omni Select Auto Trust 2020-A,2022-04-30,21,670,680,239,9,5,4838992.220000003
World Omni Select Auto Trust 2020-A,2022-04-30,21,680,690,262,2,2,5075497.3900000015
World Omni Select Auto Trust 2020-A,2022-04-30,21,690,700,214,8,1,4126311.279999999
World Omni Select Auto Trust 2020-A,2022-04-30,21,700,710,435,6,3,8741411.540000003
World Omni Select Auto Trust 2020-A,2022-04-30,21,710,720,300,11,1,6197732.279999999
World Omni Select Auto Trust 2020-A,2022-04-30,21,720,730,606,8,5,12704375.49
World Omni Select Auto Trust 2020-A,2022-04-30,21,730,740,482,7,1,9955247.480000002
World Omni Select Auto Trust 2020-A,2022-04-30,21,740,750,418,3,0,8403701.7
World Omni Select Auto Trust 2020-A,2022-04-30,21,750,760,379,1,1,7616814.069999997
World Omni Select Auto Trust 2020-A,2022-04-30,21,760,770,333,4,2,7077167.4499999955
World Omni Select Auto Trust 2020-A,2022-04-30,21,770,780,290,5,0,5978526.21
World Omni Select Auto Trust 2020-A,2022-04-30,21,780,790,269,1,0,5230836.760000003
World Omni Select Auto Trust 2020-A,2022-04-30,21,790,800,259,2,1,5146477.830000001
World Omni Select Auto Trust 2020-A,2022-04-30,21,800,810,268,2,1,5288563.88
World Omni Select Auto Trust 2020-A,2022-04-30,21,810,820,207,1,1,3983256.9599999995
World Omni Select Auto Trust 2020-A,2022-04-30,21,820,830,204,2,0,3932422.269999999
World Omni Select Auto Trust 2020-A,2022-04-30,21,830,840,173,0,0,3272855.9699999974
World Omni Select Auto Trust 2020-A,2022-04-30,21,840,850,137,0,0,2534571.0400000005
World Omni Select Auto Trust 2020-A,2022-04-30,21,850,860,126,1,0,2473106.3099999996
World Omni Select Auto Trust 2020-A,2022-04-30,21,860,870,94,0,0,1712439.59
World Omni Select Auto Trust 2020-A,2022-04-30,21,870,880,45,0,0,801747.3999999999
World Omni Select Auto Trust 2020-A,2022-04-30,21,880,890,11,0,0,178228.07000000004
World Omni Select Auto Trust 2020-A,2023-04-30,33,400,410,1,0,0,13723.55
World Omni Select Auto Trust 2020-A,2023-04-30,33,420,430,1,0,0,10175.72
World Omni Select Auto Trust 2020-A,2023-04-30,33,450,460,1,1,0,37239.240000000005
World Omni Select Auto Trust 2020-A,2023-04-30,33,460,470,3,1,0,43707.159999999996
World Omni Select Auto Trust 2020-A,2023-04-30,33,470,480,5,3,1,119843.03
World Omni Select Auto Trust 2020-A,2023-04-30,33,480,490,6,1,1,98496.88999999998
World Omni Select Auto Trust 2020-A,2023-04-30,33,490,500,12,1,3,196676.96000000002
World Omni Select Auto Trust 2020-A,2023-04-30,33,500,510,26,4,1,444292.77
World Omni Select Auto Trust 2020-A,2023-04-30,33,510,520,34,1,1,483474.83
World Omni Select Auto Trust 2020-A,2023-04-30,33,520,530,32,3,2,481479.70999999996
World Omni Select Auto Trust 2020-A,2023-04-30,33,530,540,49,5,3,729751.0299999999
World Omni Select Auto Trust 2020-A,2023-04-30,33,540,550,84,13,0,1395006.17
World Omni Select Auto Trust 2020-A,2023-04-30,33,550,560,94,11,4,1556687.5899999996
World Omni Select Auto Trust 2020-A,2023-04-30,33,560,570,104,14,7,1796650.4799999993
World Omni Select Auto Trust 2020-A,2023-04-30,33,570,580,194,32,11,3526414.130000001
World Omni Select Auto Trust 2020-A,2023-04-30,33,580,590,505,68,24,9850743.75999999
World Omni Select Auto Trust 2020-A,2023-04-30,33,590,600,614,71,22,11219378.850000003
World Omni Select Auto Trust 2020-A,2023-04-30,33,600,610,787,85,23,14460139.459999984
World Omni Select Auto Trust 2020-A,2023-04-30,33,610,620,773,80,25,14230937.360000005
World Omni Select Auto Trust 2020-A,2023-04-30,33,620,630,1161,100,32,20882374.910000023
World Omni Select Auto Trust 2020-A,2023-04-30,33,630,640,1072,81,37,19359229.279999983
World Omni Select Auto Trust 2020-A,2023-04-30,33,640,650,1329,85,34,23420802.700000003
World Omni Select Auto Trust 2020-A,2023-04-30,33,650,660,129,7,0,1900849.1500000004
World Omni Select Auto Trust 2020-A,2023-04-30,33,660,670,185,7,0,2868737.1899999985
World Omni Select Auto Trust 2020-A,2023-04-30,33,670,680,179,11,5,2960006.370000001
World Omni Select Auto Trust 2020-A,2023-04-30,33,680,690,197,5,2,2957043.55
World Omni Select Auto Trust 2020-A,2023-04-30,33,690,700,141,3,4,2120068.2500000005
World Omni Select Auto Trust 2020-A,2023-04-30,33,700,710,319,9,3,5059762.150000002
World Omni Select Auto Trust 2020-A,2023-04-30,33,710,720,227,9,2,3676187.829999999
World Omni Select Auto Trust 2020-A,2023-04-30,33,720,730,465,5,1,7439732.220000005
World Omni Select Auto Trust 2020-A,2023-04-30,33,730,740,371,4,2,5804054.110000001
World Omni Select Auto Trust 2020-A,2023-04-30,33,740,750,327,5,1,5037648.330000002
World Omni Select Auto Trust 2020-A,2023-04-30,33,750,760,283,5,0,4325285.510000002
World Omni Select Auto Trust 2020-A,2023-04-30,33,760,770,260,4,0,4151615.509999998
World Omni Select Auto Trust 2020-A,2023-04-30,33,770,780,241,2,1,3735427.539999999
World Omni Select Auto Trust 2020-A,2023-04-30,33,780,790,211,3,2,3170899.44
World Omni Select Auto Trust 2020-A,2023-04-30,33,790,800,211,5,0,3264812.540000001
World Omni Select Auto Trust 2020-A,2023-04-30,33,800,810,208,5,1,3193440.5300000007
World Omni Select Auto Trust 2020-A,2023-04-30,33,810,820,159,2,0,2347933.2899999996
World Omni Select Auto Trust 2020-A,2023-04-30,33,820,830,157,2,0,2366397.5200000005
World Omni Select Auto Trust 2020-A,2023-04-30,33,830,840,131,2,0,1886499.6399999983
World Omni Select Auto Trust 2020-A,2023-04-30,33,840,850,102,1,1,1426128.64
World Omni Select Auto Trust 2020-A,2023-04-30,33,850,860,105,0,0,1474785.1800000002
World Omni Select Auto Trust 2020-A,2023-04-30,33,860,870,75,1,0,1022188.71
World Omni Select Auto Trust 2020-A,2023-04-30,33,870,880,32,0,1,418489.55000000005
World Omni Select Auto Trust 2020-A,2023-04-30,33,880,890,8,0,0,111285.03
World Omni Select Auto Trust 2020-A,2024-04-30,45,400,410,1,0,0,10616.32
World Omni Select Auto Trust 2020-A,2024-04-30,45,420,430,1,0,0,7488.13
World Omni Select Auto Trust 2020-A,2024-04-30,45,450,460,0,0,1,16729.73
World Omni Select Auto Trust 2020-A,2024-04-30,45,460,470,1,1,0,20403.17
World Omni Select Auto Trust 2020-A,2024-04-30,45,470,480,2,5,1,81825.01
World Omni Select Auto Trust 2020-A,2024-04-30,45,480,490,5,1,0,55066.920000000006
World Omni Select Auto Trust 2020-A,2024-04-30,45,490,500,11,1,1,95745.45
World Omni Select Auto Trust 2020-A,2024-04-30,45,500,510,16,8,2,282360.32000000007
World Omni Select Auto Trust 2020-A,2024-04-30,45,510,520,17,3,1,204970.55000000002
World Omni Select Auto Trust 2020-A,2024-04-30,45,520,530,27,2,4,334283.4
World Omni Select Auto Trust 2020-A,2024-04-30,45,530,540,38,5,2,408893.07999999996
World Omni Select Auto Trust 2020-A,2024-04-30,45,540,550,56,12,3,786848.28
World Omni Select Auto Trust 2020-A,2024-04-30,45,550,560,67,10,1,850715.9700000002
World Omni Select Auto Trust 2020-A,2024-04-30,45,560,570,74,16,3,944286.8699999996
World Omni Select Auto Trust 2020-A,2024-04-30,45,570,580,141,25,10,1959431.2899999998
World Omni Select Auto Trust 2020-A,2024-04-30,45,580,590,392,50,18,5431994.170000002
World Omni Select Auto Trust 2020-A,2024-04-30,45,590,600,472,46,17,6023441.829999997
World Omni Select Auto Trust 2020-A,2024-04-30,45,600,610,605,70,22,8084455.830000005
World Omni Select Auto Trust 2020-A,2024-04-30,45,610,620,595,63,19,7827977.960000007
World Omni Select Auto Trust 2020-A,2024-04-30,45,620,630,871,94,37,11678394.809999974
World Omni Select Auto Trust 2020-A,2024-04-30,45,630,640,825,70,19,10738787.460000005
World Omni Select Auto Trust 2020-A,2024-04-30,45,640,650,1048,72,28,13028476.649999997
World Omni Select Auto Trust 2020-A,2024-04-30,45,650,660,94,7,6,1060840.23
World Omni Select Auto Trust 2020-A,2024-04-30,45,660,670,132,3,3,1454269.8700000013
World Omni Select Auto Trust 2020-A,2024-04-30,45,670,680,137,11,2,1545349.0900000008
World Omni Select Auto Trust 2020-A,2024-04-30,45,680,690,143,3,3,1509958.7499999995
World Omni Select Auto Trust 2020-A,2024-04-30,45,690,700,106,7,4,1183409.04
World Omni Select Auto Trust 2020-A,2024-04-30,45,700,710,266,8,4,2942229.4200000013
World Omni Select Auto Trust 2020-A,2024-04-30,45,710,720,173,5,4,1922118.3699999994
World Omni Select Auto Trust 2020-A,2024-04-30,45,720,730,377,4,2,4173407.7900000033
World Omni Select Auto Trust 2020-A,2024-04-30,45,730,740,291,6,0,3163554.4799999995
World Omni Select Auto Trust 2020-A,2024-04-30,45,740,750,246,5,1,2523686.23
World Omni Select Auto Trust 2020-A,2024-04-30,45,750,760,223,5,1,2328297.8900000006
World Omni Select Auto Trust 2020-A,2024-04-30,45,760,770,214,2,0,2313541.499999999
World Omni Select Auto Trust 2020-A,2024-04-30,45,770,780,197,3,0,2087856.4699999997
World Omni Select Auto Trust 2020-A,2024-04-30,45,780,790,176,2,0,1681980.5700000005
World Omni Select Auto Trust 2020-A,2024-04-30,45,790,800,172,3,1,1754652.38
World Omni Select Auto Trust 2020-A,2024-04-30,45,800,810,165,6,0,1769311.1599999992
World Omni Select Auto Trust 2020-A,2024-04-30,45,810,820,124,2,0,1251730.2900000005
World Omni Select Auto Trust 2020-A,2024-04-30,45,820,830,124,0,1,1272521.4200000002
World Omni Select Auto Trust 2020-A,2024-04-30,45,830,840,98,1,0,942781.1900000003
World Omni Select Auto Trust 2020-A,2024-04-30,45,840,850,78,1,0,726704.8400000001
World Omni Select Auto Trust 2020-A,2024-04-30,45,850,860,77,1,2,759510.6300000001
World Omni Select Auto Trust 2020-A,2024-04-30,45,860,870,57,0,0,537815.57
World Omni Select Auto Trust 2020-A,2024-04-30,45,870,880,27,0,0,232064.24000000002
World Omni Select Auto Trust 2020-A,2024-04-30,45,880,890,6,0,1,74944.97
World Omni Select Auto Trust 2020-A,2021-05-31,10,400,410,1,0,0,18350.67
World Omni Select Auto Trust 2020-A,2021-05-31,10,420,430,1,0,0,14549.14
World Omni Select Auto Trust 2020-A,2021-05-31,10,440,450,1,0,0,16273.27
World Omni Select Auto Trust 2020-A,2021-05-31,10,450,460,4,0,0,74919.27
World Omni Select Auto Trust 2020-A,2021-05-31,10,460,470,5,0,0,79245.92
World Omni Select Auto Trust 2020-A,2021-05-31,10,470,480,15,2,0,337540.83
World Omni Select Auto Trust 2020-A,2021-05-31,10,480,490,17,0,0,282191.48000000004
World Omni Select Auto Trust 2020-A,2021-05-31,10,490,500,24,1,2,456355.7999999999
World Omni Select Auto Trust 2020-A,2021-05-31,10,500,510,63,5,2,1293774.3899999994
World Omni Select Auto Trust 2020-A,2021-05-31,10,510,520,79,7,2,1572613.31
World Omni Select Auto Trust 2020-A,2021-05-31,10,520,530,92,10,5,1932921.4300000002
World Omni Select Auto Trust 2020-A,2021-05-31,10,530,540,134,6,3,2639138.0200000005
World Omni Select Auto Trust 2020-A,2021-05-31,10,540,550,200,6,1,3935969.7199999997
World Omni Select Auto Trust 2020-A,2021-05-31,10,550,560,218,19,5,4812897.569999999
World Omni Select Auto Trust 2020-A,2021-05-31,10,560,570,272,21,3,5545637.219999999
World Omni Select Auto Trust 2020-A,2021-05-31,10,570,580,509,24,10,10975303.789999986
World Omni Select Auto Trust 2020-A,2021-05-31,10,580,590,1285,67,18,31674542.539999995
World Omni Select Auto Trust 2020-A,2021-05-31,10,590,600,1590,72,22,38020627.990000054
World Omni Select Auto Trust 2020-A,2021-05-31,10,600,610,1843,82,24,44120152.98
World Omni Select Auto Trust 2020-A,2021-05-31,10,610,620,1859,64,12,43686103.27000004
World Omni Select Auto Trust 2020-A,2021-05-31,10,620,630,2698,85,25,65297656.709999956
World Omni Select Auto Trust 2020-A,2021-05-31,10,630,640,2476,61,29,59660083.720000006
World Omni Select Auto Trust 2020-A,2021-05-31,10,640,650,3036,64,15,72742705.33999987
World Omni Select Auto Trust 2020-A,2021-05-31,10,650,660,328,5,2,6871830.899999998
World Omni Select Auto Trust 2020-A,2021-05-31,10,660,670,361,11,2,8477150.660000004
World Omni Select Auto Trust 2020-A,2021-05-31,10,670,680,378,11,3,8805427.919999992
World Omni Select Auto Trust 2020-A,2021-05-31,10,680,690,383,3,2,8700475.719999991
World Omni Select Auto Trust 2020-A,2021-05-31,10,690,700,334,6,2,7331867.1199999945
World Omni Select Auto Trust 2020-A,2021-05-31,10,700,710,625,9,3,14875606.35
World Omni Select Auto Trust 2020-A,2021-05-31,10,710,720,447,8,2,10628959.710000006
World Omni Select Auto Trust 2020-A,2021-05-31,10,720,730,842,8,1,21163486.890000004
World Omni Select Auto Trust 2020-A,2021-05-31,10,730,740,677,6,2,17108563.640000004
World Omni Select Auto Trust 2020-A,2021-05-31,10,740,750,575,1,0,13991255.150000012
World Omni Select Auto Trust 2020-A,2021-05-31,10,750,760,522,4,4,12939068.129999986
World Omni Select Auto Trust 2020-A,2021-05-31,10,760,770,452,2,0,11307329.44
World Omni Select Auto Trust 2020-A,2021-05-31,10,770,780,417,3,0,10280676.090000004
World Omni Select Auto Trust 2020-A,2021-05-31,10,780,790,378,3,2,8882637.940000003
World Omni Select Auto Trust 2020-A,2021-05-31,10,790,800,334,3,1,8188335.720000004
World Omni Select Auto Trust 2020-A,2021-05-31,10,800,810,341,0,1,7994466.799999998
World Omni Select Auto Trust 2020-A,2021-05-31,10,810,820,279,0,0,6508708.010000001
World Omni Select Auto Trust 2020-A,2021-05-31,10,820,830,274,0,0,6378127.139999998
World Omni Select Auto Trust 2020-A,2021-05-31,10,830,840,226,1,0,5248893.760000001
World Omni Select Auto Trust 2020-A,2021-05-31,10,840,850,170,2,0,3820322.400000001
World Omni Select Auto Trust 2020-A,2021-05-31,10,850,860,163,1,0,3844107.2799999984
World Omni Select Auto Trust 2020-A,2021-05-31,10,860,870,116,0,0,2550016.2500000005
World Omni Select Auto Trust 2020-A,2021-05-31,10,870,880,52,0,0,1178132.5500000003
World Omni Select Auto Trust 2020-A,2021-05-31,10,880,890,14,0,0,310055.19000000006
World Omni Select Auto Trust 2020-A,2022-05-31,22,400,410,1,0,0,15754.33
World Omni Select Auto Trust 2020-A,2022-05-31,22,420,430,1,0,0,12371.79
World Omni Select Auto Trust 2020-A,2022-05-31,22,450,460,2,0,0,44253.729999999996
World Omni Select Auto Trust 2020-A,2022-05-31,22,460,470,3,0,1,55604.9
World Omni Select Auto Trust 2020-A,2022-05-31,22,470,480,7,3,1,185434.48
World Omni Select Auto Trust 2020-A,2022-05-31,22,480,490,8,3,0,171416.49
World Omni Select Auto Trust 2020-A,2022-05-31,22,490,500,15,4,0,306274.36000000004
World Omni Select Auto Trust 2020-A,2022-05-31,22,500,510,38,4,1,691346.4
World Omni Select Auto Trust 2020-A,2022-05-31,22,510,520,41,8,3,838262.0400000002
World Omni Select Auto Trust 2020-A,2022-05-31,22,520,530,42,10,2,847816.27
World Omni Select Auto Trust 2020-A,2022-05-31,22,530,540,72,6,1,1287883.3099999998
World Omni Select Auto Trust 2020-A,2022-05-31,22,540,550,117,9,2,2216559.92
World Omni Select Auto Trust 2020-A,2022-05-31,22,550,560,123,21,6,2590685.74
World Omni Select Auto Trust 2020-A,2022-05-31,22,560,570,156,22,7,3093136.5699999984
World Omni Select Auto Trust 2020-A,2022-05-31,22,570,580,275,34,14,5875272.069999998
World Omni Select Auto Trust 2020-A,2022-05-31,22,580,590,712,84,25,16565277.300000027
World Omni Select Auto Trust 2020-A,2022-05-31,22,590,600,890,84,31,19699817.87
World Omni Select Auto Trust 2020-A,2022-05-31,22,600,610,1075,92,32,23593338.300000045
World Omni Select Auto Trust 2020-A,2022-05-31,22,610,620,1074,87,31,23586178.87000003
World Omni Select Auto Trust 2020-A,2022-05-31,22,620,630,1581,93,33,34220263.509999976
World Omni Select Auto Trust 2020-A,2022-05-31,22,630,640,1446,90,21,31405184.51999998
World Omni Select Auto Trust 2020-A,2022-05-31,22,640,650,1806,89,29,39027941.41000006
World Omni Select Auto Trust 2020-A,2022-05-31,22,650,660,167,12,3,3195227.19
World Omni Select Auto Trust 2020-A,2022-05-31,22,660,670,236,9,2,4627849.400000001
World Omni Select Auto Trust 2020-A,2022-05-31,22,670,680,231,11,3,4606413.36
World Omni Select Auto Trust 2020-A,2022-05-31,22,680,690,249,8,2,4886085.689999998
World Omni Select Auto Trust 2020-A,2022-05-31,22,690,700,204,4,5,3836642.5700000008
World Omni Select Auto Trust 2020-A,2022-05-31,22,700,710,417,9,5,8334324.890000008
World Omni Select Auto Trust 2020-A,2022-05-31,22,710,720,292,10,3,5974824.040000002
World Omni Select Auto Trust 2020-A,2022-05-31,22,720,730,588,9,3,12064672.700000007
World Omni Select Auto Trust 2020-A,2022-05-31,22,730,740,470,7,2,9543597.700000003
World Omni Select Auto Trust 2020-A,2022-05-31,22,740,750,406,5,0,8030056.17000001
World Omni Select Auto Trust 2020-A,2022-05-31,22,750,760,369,5,1,7307242.110000005
World Omni Select Auto Trust 2020-A,2022-05-31,22,760,770,330,1,3,6796998.950000003
World Omni Select Auto Trust 2020-A,2022-05-31,22,770,780,288,2,0,5745762.530000002
World Omni Select Auto Trust 2020-A,2022-05-31,22,780,790,265,0,0,5023391.620000002
World Omni Select Auto Trust 2020-A,2022-05-31,22,790,800,252,5,1,4974322.980000001
World Omni Select Auto Trust 2020-A,2022-05-31,22,800,810,263,2,1,5113523.079999999
World Omni Select Auto Trust 2020-A,2022-05-31,22,810,820,203,1,2,3849634.360000001
World Omni Select Auto Trust 2020-A,2022-05-31,22,820,830,200,2,0,3771343.46
World Omni Select Auto Trust 2020-A,2022-05-31,22,830,840,169,2,0,3174542.7500000014
World Omni Select Auto Trust 2020-A,2022-05-31,22,840,850,131,0,0,2374799.080000001
World Omni Select Auto Trust 2020-A,2022-05-31,22,850,860,120,3,0,2355842.2800000003
World Omni Select Auto Trust 2020-A,2022-05-31,22,860,870,92,0,0,1617128.34
World Omni Select Auto Trust 2020-A,2022-05-31,22,870,880,45,0,0,783265.71
World Omni Select Auto Trust 2020-A,2022-05-31,22,880,890,11,0,0,174178.21
World Omni Select Auto Trust 2020-A,2023-05-31,34,400,410,1,0,0,13342.43
World Omni Select Auto Trust 2020-A,2023-05-31,34,420,430,1,0,0,9958.03
World Omni Select Auto Trust 2020-A,2023-05-31,34,450,460,1,1,0,36283.28
World Omni Select Auto Trust 2020-A,2023-05-31,34,460,470,3,1,0,42543.73
World Omni Select Auto Trust 2020-A,2023-05-31,34,470,480,5,3,1,117513.98999999999
World Omni Select Auto Trust 2020-A,2023-05-31,34,480,490,5,2,0,77001.62
World Omni Select Auto Trust 2020-A,2023-05-31,34,490,500,12,2,1,179337.76
World Omni Select Auto Trust 2020-A,2023-05-31,34,500,510,23,5,2,434961.47000000003
World Omni Select Auto Trust 2020-A,2023-05-31,34,510,520,29,3,2,441246.79000000004
World Omni Select Auto Trust 2020-A,2023-05-31,34,520,530,32,3,1,454172.81999999995
World Omni Select Auto Trust 2020-A,2023-05-31,34,530,540,46,7,2,681951.9000000001
World Omni Select Auto Trust 2020-A,2023-05-31,34,540,550,85,9,3,1365451.2899999998
World Omni Select Auto Trust 2020-A,2023-05-31,34,550,560,90,12,3,1469207.33
World Omni Select Auto Trust 2020-A,2023-05-31,34,560,570,103,17,5,1760949.5399999996
World Omni Select Auto Trust 2020-A,2023-05-31,34,570,580,185,33,9,3319113.4299999997
World Omni Select Auto Trust 2020-A,2023-05-31,34,580,590,487,76,25,9459902.699999994
World Omni Select Auto Trust 2020-A,2023-05-31,34,590,600,594,72,19,10573447.889999993
World Omni Select Auto Trust 2020-A,2023-05-31,34,600,610,750,100,23,13761393.639999997
World Omni Select Auto Trust 2020-A,2023-05-31,34,610,620,751,81,29,13605420.13000001
World Omni Select Auto Trust 2020-A,2023-05-31,34,620,630,1125,110,27,19846727.539999995
World Omni Select Auto Trust 2020-A,2023-05-31,34,630,640,1024,102,34,18515612.630000003
World Omni Select Auto Trust 2020-A,2023-05-31,34,640,650,1288,93,22,22129235.050000004
World Omni Select Auto Trust 2020-A,2023-05-31,34,650,660,119,13,0,1788613.2499999995
World Omni Select Auto Trust 2020-A,2023-05-31,34,660,670,174,14,0,2759238.66
World Omni Select Auto Trust 2020-A,2023-05-31,34,670,680,173,10,6,2784648.3699999996
World Omni Select Auto Trust 2020-A,2023-05-31,34,680,690,193,6,2,2829517.8499999996
World Omni Select Auto Trust 2020-A,2023-05-31,34,690,700,139,3,3,2026860.040000001
World Omni Select Auto Trust 2020-A,2023-05-31,34,700,710,318,7,3,4880602.25
World Omni Select Auto Trust 2020-A,2023-05-31,34,710,720,225,7,2,3513969.5199999986
World Omni Select Auto Trust 2020-A,2023-05-31,34,720,730,455,6,0,7088538.610000001
World Omni Select Auto Trust 2020-A,2023-05-31,34,730,740,365,4,3,5585700.73
World Omni Select Auto Trust 2020-A,2023-05-31,34,740,750,318,8,2,4821934.079999999
World Omni Select Auto Trust 2020-A,2023-05-31,34,750,760,269,6,0,4018568.960000001
World Omni Select Auto Trust 2020-A,2023-05-31,34,760,770,256,3,1,3999417.7500000014
World Omni Select Auto Trust 2020-A,2023-05-31,34,770,780,241,1,0,3576777.2900000005
World Omni Select Auto Trust 2020-A,2023-05-31,34,780,790,209,2,0,3000607.4300000006
World Omni Select Auto Trust 2020-A,2023-05-31,34,790,800,207,5,0,3085012.3099999996
World Omni Select Auto Trust 2020-A,2023-05-31,34,800,810,204,3,1,3016759.11
World Omni Select Auto Trust 2020-A,2023-05-31,34,810,820,152,4,0,2219086.0599999996
World Omni Select Auto Trust 2020-A,2023-05-31,34,820,830,153,4,0,2282365.63
World Omni Select Auto Trust 2020-A,2023-05-31,34,830,840,128,2,0,1802681.38
World Omni Select Auto Trust 2020-A,2023-05-31,34,840,850,101,0,1,1370891.2099999997
World Omni Select Auto Trust 2020-A,2023-05-31,34,850,860,101,1,0,1391094.3699999999
World Omni Select Auto Trust 2020-A,2023-05-31,34,860,870,74,1,0,973243.2900000002
World Omni Select Auto Trust 2020-A,2023-05-31,34,870,880,32,1,0,404326.51
World Omni Select Auto Trust 2020-A,2023-05-31,34,880,890,8,0,0,107915.77
World Omni Select Auto Trust 2020-A,2024-05-31,46,400,410,1,0,0,10336.16
World Omni Select Auto Trust 2020-A,2024-05-31,46,420,430,1,0,0,7237.88
World Omni Select Auto Trust 2020-A,2024-05-31,46,450,460,0,0,1,16729.73
World Omni Select Auto Trust 2020-A,2024-05-31,46,460,470,1,1,0,19828.16
World Omni Select Auto Trust 2020-A,2024-05-31,46,470,480,3,4,1,79484.91
World Omni Select Auto Trust 2020-A,2024-05-31,46,480,490,5,1,0,53957.86
World Omni Select Auto Trust 2020-A,2024-05-31,46,490,500,10,1,1,83197.87999999999
World Omni Select Auto Trust 2020-A,2024-05-31,46,500,510,17,5,2,239433.92
World Omni Select Auto Trust 2020-A,2024-05-31,46,510,520,18,1,2,198662.38
World Omni Select Auto Trust 2020-A,2024-05-31,46,520,530,27,4,1,315127.89
World Omni Select Auto Trust 2020-A,2024-05-31,46,530,540,37,6,1,394428.99999999994
World Omni Select Auto Trust 2020-A,2024-05-31,46,540,550,56,11,3,749100.9900000002
World Omni Select Auto Trust 2020-A,2024-05-31,46,550,560,63,13,2,820352.8000000002
World Omni Select Auto Trust 2020-A,2024-05-31,46,560,570,72,14,4,899139.0299999998
World Omni Select Auto Trust 2020-A,2024-05-31,46,570,580,141,25,8,1851602.5300000012
World Omni Select Auto Trust 2020-A,2024-05-31,46,580,590,374,61,11,5107955.410000004
World Omni Select Auto Trust 2020-A,2024-05-31,46,590,600,436,61,20,5640897.410000002
World Omni Select Auto Trust 2020-A,2024-05-31,46,600,610,583,77,30,7742094.720000004
World Omni Select Auto Trust 2020-A,2024-05-31,46,610,620,586,63,18,7440164.120000009
World Omni Select Auto Trust 2020-A,2024-05-31,46,620,630,859,94,33,11065738.610000018
World Omni Select Auto Trust 2020-A,2024-05-31,46,630,640,817,62,21,10207327.629999995
World Omni Select Auto Trust 2020-A,2024-05-31,46,640,650,1011,81,29,12276639.159999987
World Omni Select Auto Trust 2020-A,2024-05-31,46,650,660,93,7,5,1006423.1499999998
World Omni Select Auto Trust 2020-A,2024-05-31,46,660,670,125,10,2,1395737.2899999993
World Omni Select Auto Trust 2020-A,2024-05-31,46,670,680,132,7,4,1417216.7899999996
World Omni Select Auto Trust 2020-A,2024-05-31,46,680,690,139,3,3,1419340.3699999996
World Omni Select Auto Trust 2020-A,2024-05-31,46,690,700,108,6,2,1131984.71
World Omni Select Auto Trust 2020-A,2024-05-31,46,700,710,262,8,2,2749934.080000001
World Omni Select Auto Trust 2020-A,2024-05-31,46,710,720,175,3,2,1836356.2800000003
World Omni Select Auto Trust 2020-A,2024-05-31,46,720,730,371,6,0,3945808.69
World Omni Select Auto Trust 2020-A,2024-05-31,46,730,740,289,6,1,3008937.6500000004
World Omni Select Auto Trust 2020-A,2024-05-31,46,740,750,241,7,2,2385915.0199999996
World Omni Select Auto Trust 2020-A,2024-05-31,46,750,760,218,6,0,2162580.2399999998
World Omni Select Auto Trust 2020-A,2024-05-31,46,760,770,206,3,0,2164846.48
World Omni Select Auto Trust 2020-A,2024-05-31,46,770,780,194,3,0,1962800.3499999985
World Omni Select Auto Trust 2020-A,2024-05-31,46,780,790,172,3,0,1583912.909999999
World Omni Select Auto Trust 2020-A,2024-05-31,46,790,800,167,5,2,1672819.2300000002
World Omni Select Auto Trust 2020-A,2024-05-31,46,800,810,164,4,1,1682874.7000000002
World Omni Select Auto Trust 2020-A,2024-05-31,46,810,820,122,3,1,1196693.5300000003
World Omni Select Auto Trust 2020-A,2024-05-31,46,820,830,118,4,0,1196731.42
World Omni Select Auto Trust 2020-A,2024-05-31,46,830,840,96,1,1,883671.4900000003
World Omni Select Auto Trust 2020-A,2024-05-31,46,840,850,75,2,0,684742.01
World Omni Select Auto Trust 2020-A,2024-05-31,46,850,860,74,2,0,672068.8
World Omni Select Auto Trust 2020-A,2024-05-31,46,860,870,50,3,0,472161.96
World Omni Select Auto Trust 2020-A,2024-05-31,46,870,880,26,1,0,221241.55000000005
World Omni Select Auto Trust 2020-A,2024-05-31,46,880,890,6,0,1,71827.48999999999
World Omni Select Auto Trust 2020-A,2021-06-30,11,400,410,1,0,0,18215.56
World Omni Select Auto Trust 2020-A,2021-06-30,11,420,430,1,0,0,14370.64
World Omni Select Auto Trust 2020-A,2021-06-30,11,440,450,1,0,0,16057.84
World Omni Select Auto Trust 2020-A,2021-06-30,11,450,460,3,0,0,69156.97
World Omni Select Auto Trust 2020-A,2021-06-30,11,460,470,4,1,0,77450.52
World Omni Select Auto Trust 2020-A,2021-06-30,11,470,480,14,1,1,322605.22
World Omni Select Auto Trust 2020-A,2021-06-30,11,480,490,14,3,0,279635.43
World Omni Select Auto Trust 2020-A,2021-06-30,11,490,500,22,1,1,427583.35000000003
World Omni Select Auto Trust 2020-A,2021-06-30,11,500,510,59,5,2,1186033.13
World Omni Select Auto Trust 2020-A,2021-06-30,11,510,520,75,5,4,1465941.48
World Omni Select Auto Trust 2020-A,2021-06-30,11,520,530,92,10,2,1867483.7699999996
World Omni Select Auto Trust 2020-A,2021-06-30,11,530,540,130,5,4,2557352.5500000003
World Omni Select Auto Trust 2020-A,2021-06-30,11,540,550,190,8,2,3732354.849999999
World Omni Select Auto Trust 2020-A,2021-06-30,11,550,560,199,21,7,4465591.840000002
World Omni Select Auto Trust 2020-A,2021-06-30,11,560,570,261,16,5,5206345.550000001
World Omni Select Auto Trust 2020-A,2021-06-30,11,570,580,476,30,5,10176844.909999998
World Omni Select Auto Trust 2020-A,2021-06-30,11,580,590,1229,71,19,30071548.31000003
World Omni Select Auto Trust 2020-A,2021-06-30,11,590,600,1499,75,18,35614481.8
World Omni Select Auto Trust 2020-A,2021-06-30,11,600,610,1749,83,28,41596694.28
World Omni Select Auto Trust 2020-A,2021-06-30,11,610,620,1770,59,14,41114702.22000001
World Omni Select Auto Trust 2020-A,2021-06-30,11,620,630,2563,78,36,61382746.85000013
World Omni Select Auto Trust 2020-A,2021-06-30,11,630,640,2359,56,26,56235209.16999993
World Omni Select Auto Trust 2020-A,2021-06-30,11,640,650,2895,64,13,68615619.21000011
World Omni Select Auto Trust 2020-A,2021-06-30,11,650,660,309,10,2,6522230.490000002
World Omni Select Auto Trust 2020-A,2021-06-30,11,660,670,344,8,6,7957719.250000006
World Omni Select Auto Trust 2020-A,2021-06-30,11,670,680,361,6,4,8120237.920000005
World Omni Select Auto Trust 2020-A,2021-06-30,11,680,690,370,6,1,8377932.310000002
World Omni Select Auto Trust 2020-A,2021-06-30,11,690,700,326,6,1,7019854.450000002
World Omni Select Auto Trust 2020-A,2021-06-30,11,700,710,601,9,5,14265124.069999997
World Omni Select Auto Trust 2020-A,2021-06-30,11,710,720,432,4,0,9978990.940000001
World Omni Select Auto Trust 2020-A,2021-06-30,11,720,730,810,10,1,20109494.870000012
World Omni Select Auto Trust 2020-A,2021-06-30,11,730,740,654,2,2,16163311.580000008
World Omni Select Auto Trust 2020-A,2021-06-30,11,740,750,552,1,0,13164835.639999993
World Omni Select Auto Trust 2020-A,2021-06-30,11,750,760,512,2,3,12446574.299999993
World Omni Select Auto Trust 2020-A,2021-06-30,11,760,770,437,1,1,10733078.840000004
World Omni Select Auto Trust 2020-A,2021-06-30,11,770,780,396,4,1,9625999.099999998
World Omni Select Auto Trust 2020-A,2021-06-30,11,780,790,366,0,1,8363059.01
World Omni Select Auto Trust 2020-A,2021-06-30,11,790,800,333,1,1,8038235.6499999985
World Omni Select Auto Trust 2020-A,2021-06-30,11,800,810,330,2,1,7642140.210000001
World Omni Select Auto Trust 2020-A,2021-06-30,11,810,820,271,2,0,6254591.9799999995
World Omni Select Auto Trust 2020-A,2021-06-30,11,820,830,269,0,0,6148332.419999996
World Omni Select Auto Trust 2020-A,2021-06-30,11,830,840,220,1,0,5078356.619999999
World Omni Select Auto Trust 2020-A,2021-06-30,11,840,850,167,1,1,3725930.3899999987
World Omni Select Auto Trust 2020-A,2021-06-30,11,850,860,158,0,1,3641068.8500000006
World Omni Select Auto Trust 2020-A,2021-06-30,11,860,870,114,0,0,2413741.19
World Omni Select Auto Trust 2020-A,2021-06-30,11,870,880,52,0,0,1158226.7199999997
World Omni Select Auto Trust 2020-A,2021-06-30,11,880,890,14,0,0,304846.30000000005
World Omni Select Auto Trust 2020-A,2022-06-30,23,400,410,1,0,0,15432.5
World Omni Select Auto Trust 2020-A,2022-06-30,23,420,430,1,0,0,12171.69
World Omni Select Auto Trust 2020-A,2022-06-30,23,450,460,2,0,0,44005.34
World Omni Select Auto Trust 2020-A,2022-06-30,23,460,470,3,0,1,54589.65
World Omni Select Auto Trust 2020-A,2022-06-30,23,470,480,8,1,2,183869.19
World Omni Select Auto Trust 2020-A,2022-06-30,23,480,490,7,3,1,169652.12
World Omni Select Auto Trust 2020-A,2022-06-30,23,490,500,17,2,0,301442.43000000005
World Omni Select Auto Trust 2020-A,2022-06-30,23,500,510,34,5,2,675949.55
World Omni Select Auto Trust 2020-A,2022-06-30,23,510,520,43,5,4,823225.8500000001
World Omni Select Auto Trust 2020-A,2022-06-30,23,520,530,41,5,3,770250.8899999999
World Omni Select Auto Trust 2020-A,2022-06-30,23,530,540,66,7,2,1209730.0400000003
World Omni Select Auto Trust 2020-A,2022-06-30,23,540,550,110,12,4,2147028.3100000005
World Omni Select Auto Trust 2020-A,2022-06-30,23,550,560,118,16,8,2423585.46
World Omni Select Auto Trust 2020-A,2022-06-30,23,560,570,148,25,6,2956147.2199999997
World Omni Select Auto Trust 2020-A,2022-06-30,23,570,580,259,40,16,5674419.619999999
World Omni Select Auto Trust 2020-A,2022-06-30,23,580,590,679,85,30,15769370.00000001
World Omni Select Auto Trust 2020-A,2022-06-30,23,590,600,859,88,28,18815276.220000006
World Omni Select Auto Trust 2020-A,2022-06-30,23,600,610,1035,82,38,22411398.380000006
World Omni Select Auto Trust 2020-A,2022-06-30,23,610,620,1033,75,36,22330880.699999988
World Omni Select Auto Trust 2020-A,2022-06-30,23,620,630,1519,84,30,32142750.75999999
World Omni Select Auto Trust 2020-A,2022-06-30,23,630,640,1398,89,28,30151314.50999999
World Omni Select Auto Trust 2020-A,2022-06-30,23,640,650,1742,83,32,36995195.53
World Omni Select Auto Trust 2020-A,2022-06-30,23,650,660,164,8,3,3052282.499999999
World Omni Select Auto Trust 2020-A,2022-06-30,23,660,670,226,10,4,4397721.619999999
World Omni Select Auto Trust 2020-A,2022-06-30,23,670,680,223,13,3,4434389.220000001
World Omni Select Auto Trust 2020-A,2022-06-30,23,680,690,247,2,4,4651730.76
World Omni Select Auto Trust 2020-A,2022-06-30,23,690,700,199,2,5,3685852.6999999993
World Omni Select Auto Trust 2020-A,2022-06-30,23,700,710,401,9,4,7831530.649999999
World Omni Select Auto Trust 2020-A,2022-06-30,23,710,720,284,6,4,5655144.340000002
World Omni Select Auto Trust 2020-A,2022-06-30,23,720,730,576,6,3,11532215.540000007
World Omni Select Auto Trust 2020-A,2022-06-30,23,730,740,451,9,4,9078141.21
World Omni Select Auto Trust 2020-A,2022-06-30,23,740,750,400,4,1,7791785.730000001
World Omni Select Auto Trust 2020-A,2022-06-30,23,750,760,367,3,2,7096049.559999999
World Omni Select Auto Trust 2020-A,2022-06-30,23,760,770,319,4,0,6428784.890000002
World Omni Select Auto Trust 2020-A,2022-06-30,23,770,780,285,1,1,5573008.08
World Omni Select Auto Trust 2020-A,2022-06-30,23,780,790,255,2,0,4797742.369999999
World Omni Select Auto Trust 2020-A,2022-06-30,23,790,800,251,2,3,4836928.01
World Omni Select Auto Trust 2020-A,2022-06-30,23,800,810,255,2,2,4905732.800000001
World Omni Select Auto Trust 2020-A,2022-06-30,23,810,820,202,0,1,3725758.3699999996
World Omni Select Auto Trust 2020-A,2022-06-30,23,820,830,195,1,1,3605336.8100000015
World Omni Select Auto Trust 2020-A,2022-06-30,23,830,840,168,0,0,3013928.2100000004
World Omni Select Auto Trust 2020-A,2022-06-30,23,840,850,129,0,0,2259839.2799999993
World Omni Select Auto Trust 2020-A,2022-06-30,23,850,860,119,1,0,2240821.12
World Omni Select Auto Trust 2020-A,2022-06-30,23,860,870,88,2,0,1535943.3699999999
World Omni Select Auto Trust 2020-A,2022-06-30,23,870,880,44,0,0,743584.8300000001
World Omni Select Auto Trust 2020-A,2022-06-30,23,880,890,11,0,0,170477.93
World Omni Select Auto Trust 2020-A,2023-06-30,35,400,410,1,0,0,12883.67
World Omni Select Auto Trust 2020-A,2023-06-30,35,420,430,1,0,0,9758.54
World Omni Select Auto Trust 2020-A,2023-06-30,35,450,460,1,0,1,35970.51
World Omni Select Auto Trust 2020-A,2023-06-30,35,460,470,3,1,0,40856.59
World Omni Select Auto Trust 2020-A,2023-06-30,35,470,480,5,3,1,115562.37999999999
World Omni Select Auto Trust 2020-A,2023-06-30,35,480,490,5,2,0,75335.18000000001
World Omni Select Auto Trust 2020-A,2023-06-30,35,490,500,10,1,3,156935.9
World Omni Select Auto Trust 2020-A,2023-06-30,35,500,510,23,4,3,427388.87999999995
World Omni Select Auto Trust 2020-A,2023-06-30,35,510,520,24,6,3,415056.7999999998
World Omni Select Auto Trust 2020-A,2023-06-30,35,520,530,30,2,4,446195.84
World Omni Select Auto Trust 2020-A,2023-06-30,35,530,540,45,2,5,622777.9100000001
World Omni Select Auto Trust 2020-A,2023-06-30,35,540,550,84,9,3,1322070.5399999996
World Omni Select Auto Trust 2020-A,2023-06-30,35,550,560,80,16,5,1386758.6700000002
World Omni Select Auto Trust 2020-A,2023-06-30,35,560,570,95,15,4,1558737.1899999995
World Omni Select Auto Trust 2020-A,2023-06-30,35,570,580,180,31,12,3166271.6100000017
World Omni Select Auto Trust 2020-A,2023-06-30,35,580,590,484,68,24,9059817.350000007
World Omni Select Auto Trust 2020-A,2023-06-30,35,590,600,580,72,18,10113657.140000002
World Omni Select Auto Trust 2020-A,2023-06-30,35,600,610,744,87,26,13158905.980000006
World Omni Select Auto Trust 2020-A,2023-06-30,35,610,620,743,79,22,12946090.619999975
World Omni Select Auto Trust 2020-A,2023-06-30,35,620,630,1094,103,33,18954893.699999984
World Omni Select Auto Trust 2020-A,2023-06-30,35,630,640,1017,82,33,17689783.999999996
World Omni Select Auto Trust 2020-A,2023-06-30,35,640,650,1258,87,27,21176010.87
World Omni Select Auto Trust 2020-A,2023-06-30,35,650,660,117,9,2,1689021.5
World Omni Select Auto Trust 2020-A,2023-06-30,35,660,670,170,13,1,2632087.619999998
World Omni Select Auto Trust 2020-A,2023-06-30,35,670,680,169,7,8,2608994.4199999995
World Omni Select Auto Trust 2020-A,2023-06-30,35,680,690,185,5,2,2662483.16
World Omni Select Auto Trust 2020-A,2023-06-30,35,690,700,133,6,2,1935121.8400000003
World Omni Select Auto Trust 2020-A,2023-06-30,35,700,710,315,9,2,4728697.940000002
World Omni Select Auto Trust 2020-A,2023-06-30,35,710,720,225,6,0,3373481.000000003
World Omni Select Auto Trust 2020-A,2023-06-30,35,720,730,451,2,0,6759565.999999996
World Omni Select Auto Trust 2020-A,2023-06-30,35,730,740,354,4,1,5209133.649999995
World Omni Select Auto Trust 2020-A,2023-06-30,35,740,750,315,6,2,4634948.7799999975
World Omni Select Auto Trust 2020-A,2023-06-30,35,750,760,268,4,1,3873914.339999999
World Omni Select Auto Trust 2020-A,2023-06-30,35,760,770,255,3,0,3843124.089999999
World Omni Select Auto Trust 2020-A,2023-06-30,35,770,780,234,1,1,3397163.6499999994
World Omni Select Auto Trust 2020-A,2023-06-30,35,780,790,206,0,0,2817674.2499999986
World Omni Select Auto Trust 2020-A,2023-06-30,35,790,800,207,4,0,2984217.480000001
World Omni Select Auto Trust 2020-A,2023-06-30,35,800,810,202,3,1,2917290.6300000013
World Omni Select Auto Trust 2020-A,2023-06-30,35,810,820,153,3,0,2148759.95
World Omni Select Auto Trust 2020-A,2023-06-30,35,820,830,149,3,0,2154895.9599999995
World Omni Select Auto Trust 2020-A,2023-06-30,35,830,840,125,1,1,1704338.910000001
World Omni Select Auto Trust 2020-A,2023-06-30,35,840,850,99,1,0,1304352.54
World Omni Select Auto Trust 2020-A,2023-06-30,35,850,860,98,1,0,1313005.7299999997
World Omni Select Auto Trust 2020-A,2023-06-30,35,860,870,72,2,0,931510.3099999998
World Omni Select Auto Trust 2020-A,2023-06-30,35,870,880,31,1,0,387838.29000000004
World Omni Select Auto Trust 2020-A,2023-06-30,35,880,890,8,0,0,104540.70000000001
World Omni Select Auto Trust 2020-A,2024-06-30,47,400,410,1,0,0,9850.9
World Omni Select Auto Trust 2020-A,2024-06-30,47,420,430,1,0,0,6986.28
World Omni Select Auto Trust 2020-A,2024-06-30,47,450,460,1,0,0,16729.73
World Omni Select Auto Trust 2020-A,2024-06-30,47,460,470,1,0,1,19535.71
World Omni Select Auto Trust 2020-A,2024-06-30,47,470,480,4,2,2,75973.6
World Omni Select Auto Trust 2020-A,2024-06-30,47,480,490,4,2,0,52312.68000000001
World Omni Select Auto Trust 2020-A,2024-06-30,47,490,500,7,3,2,81063.59000000001
World Omni Select Auto Trust 2020-A,2024-06-30,47,500,510,17,5,1,232477.28
World Omni Select Auto Trust 2020-A,2024-06-30,47,510,520,17,1,1,180896.16000000003
World Omni Select Auto Trust 2020-A,2024-06-30,47,520,530,25,5,1,306207.36000000004
World Omni Select Auto Trust 2020-A,2024-06-30,47,530,540,37,4,2,370723.04
World Omni Select Auto Trust 2020-A,2024-06-30,47,540,550,51,14,4,726007.8800000001
World Omni Select Auto Trust 2020-A,2024-06-30,47,550,560,63,9,3,751650.1900000001
World Omni Select Auto Trust 2020-A,2024-06-30,47,560,570,67,16,4,836499.1499999998
World Omni Select Auto Trust 2020-A,2024-06-30,47,570,580,134,23,13,1779744.66
World Omni Select Auto Trust 2020-A,2024-06-30,47,580,590,357,58,20,4826666.319999999
World Omni Select Auto Trust 2020-A,2024-06-30,47,590,600,425,61,22,5357499.930000001
World Omni Select Auto Trust 2020-A,2024-06-30,47,600,610,575,81,29,7427605.61
World Omni Select Auto Trust 2020-A,2024-06-30,47,610,620,557,60,33,7002332.680000009
World Omni Select Auto Trust 2020-A,2024-06-30,47,620,630,833,93,45,10543420.130000006
World Omni Select Auto Trust 2020-A,2024-06-30,47,630,640,792,67,30,9731539.720000003
World Omni Select Auto Trust 2020-A,2024-06-30,47,640,650,992,85,27,11699932.959999992
World Omni Select Auto Trust 2020-A,2024-06-30,47,650,660,86,11,3,924852.1599999999
World Omni Select Auto Trust 2020-A,2024-06-30,47,660,670,123,11,3,1347180.1299999992
World Omni Select Auto Trust 2020-A,2024-06-30,47,670,680,128,7,4,1314206.8099999996
World Omni Select Auto Trust 2020-A,2024-06-30,47,680,690,133,4,2,1317869.3799999997
World Omni Select Auto Trust 2020-A,2024-06-30,47,690,700,108,4,3,1088139.66
World Omni Select Auto Trust 2020-A,2024-06-30,47,700,710,247,12,3,2558693.5999999996
World Omni Select Auto Trust 2020-A,2024-06-30,47,710,720,172,3,4,1758099.0099999998
World Omni Select Auto Trust 2020-A,2024-06-30,47,720,730,364,5,1,3728569.369999998
World Omni Select Auto Trust 2020-A,2024-06-30,47,730,740,280,8,1,2842229.3800000004
World Omni Select Auto Trust 2020-A,2024-06-30,47,740,750,238,4,3,2247673.510000001
World Omni Select Auto Trust 2020-A,2024-06-30,47,750,760,216,6,0,2049400.5899999994
World Omni Select Auto Trust 2020-A,2024-06-30,47,760,770,204,4,0,2065196.7299999988
World Omni Select Auto Trust 2020-A,2024-06-30,47,770,780,187,3,1,1853027.7399999995
World Omni Select Auto Trust 2020-A,2024-06-30,47,780,790,168,2,0,1491122.2700000003
World Omni Select Auto Trust 2020-A,2024-06-30,47,790,800,163,6,1,1585524.52
World Omni Select Auto Trust 2020-A,2024-06-30,47,800,810,162,3,2,1603850.6099999992
World Omni Select Auto Trust 2020-A,2024-06-30,47,810,820,120,2,1,1100074.9899999998
World Omni Select Auto Trust 2020-A,2024-06-30,47,820,830,116,3,1,1124083.61
World Omni Select Auto Trust 2020-A,2024-06-30,47,830,840,92,1,2,833111.0599999995
World Omni Select Auto Trust 2020-A,2024-06-30,47,840,850,73,1,0,640544.99
World Omni Select Auto Trust 2020-A,2024-06-30,47,850,860,72,2,1,638347.4800000002
World Omni Select Auto Trust 2020-A,2024-06-30,47,860,870,50,2,1,453117.60000000003
World Omni Select Auto Trust 2020-A,2024-06-30,47,870,880,27,0,0,209283.80999999997
World Omni Select Auto Trust 2020-A,2024-06-30,47,880,890,7,0,0,67985.32
World Omni Select Auto Trust 2020-A,2020-07-31,0,400,410,1,0,0,20341.81
World Omni Select Auto Trust 2020-A,2020-07-31,0,420,430,1,0,0,16125.1
World Omni Select Auto Trust 2020-A,2020-07-31,0,440,450,2,0,0,41850.96
World Omni Select Auto Trust 2020-A,2020-07-31,0,450,460,4,1,0,106913.27
World Omni Select Auto Trust 2020-A,2020-07-31,0,460,470,11,0,0,152213.78
World Omni Select Auto Trust 2020-A,2020-07-31,0,470,480,23,0,0,486593.5500000001
World Omni Select Auto Trust 2020-A,2020-07-31,0,480,490,25,0,0,442814.81000000006
World Omni Select Auto Trust 2020-A,2020-07-31,0,490,500,36,0,0,716640.25
World Omni Select Auto Trust 2020-A,2020-07-31,0,500,510,88,2,0,1941901.5499999998
World Omni Select Auto Trust 2020-A,2020-07-31,0,510,520,114,1,0,2327646.92
World Omni Select Auto Trust 2020-A,2020-07-31,0,520,530,139,3,0,2829316.7800000003
World Omni Select Auto Trust 2020-A,2020-07-31,0,530,540,176,3,0,3604402.329999999
World Omni Select Auto Trust 2020-A,2020-07-31,0,540,550,279,3,0,5925960.889999999
World Omni Select Auto Trust 2020-A,2020-07-31,0,550,560,314,4,0,6926511.310000001
World Omni Select Auto Trust 2020-A,2020-07-31,0,560,570,392,1,0,8154971.629999998
World Omni Select Auto Trust 2020-A,2020-07-31,0,570,580,712,7,0,16430927.019999987
World Omni Select Auto Trust 2020-A,2020-07-31,0,580,590,1725,16,0,44547729.95000003
World Omni Select Auto Trust 2020-A,2020-07-31,0,590,600,2185,14,4,55626569.22000003
World Omni Select Auto Trust 2020-A,2020-07-31,0,600,610,2503,20,0,64032347.94999993
World Omni Select Auto Trust 2020-A,2020-07-31,0,610,620,2494,15,0,63442784.52999987
World Omni Select Auto Trust 2020-A,2020-07-31,0,620,630,3651,18,2,95562501.44999988
World Omni Select Auto Trust 2020-A,2020-07-31,0,630,640,3359,16,0,88939561.19999996
World Omni Select Auto Trust 2020-A,2020-07-31,0,640,650,4032,16,2,107085591.42999984
World Omni Select Auto Trust 2020-A,2020-07-31,0,650,660,444,1,0,10358931.349999998
World Omni Select Auto Trust 2020-A,2020-07-31,0,660,670,470,2,0,12069868.559999999
World Omni Select Auto Trust 2020-A,2020-07-31,0,670,680,507,0,0,12785770.329999998
World Omni Select Auto Trust 2020-A,2020-07-31,0,680,690,475,1,0,12350356.530000001
World Omni Select Auto Trust 2020-A,2020-07-31,0,690,700,423,2,0,10434045.699999996
World Omni Select Auto Trust 2020-A,2020-07-31,0,700,710,770,1,2,20647448.91
World Omni Select Auto Trust 2020-A,2020-07-31,0,710,720,572,1,0,15507524.069999993
World Omni Select Auto Trust 2020-A,2020-07-31,0,720,730,1028,1,0,29969493.509999987
World Omni Select Auto Trust 2020-A,2020-07-31,0,730,740,851,3,0,24662129.44000001
World Omni Select Auto Trust 2020-A,2020-07-31,0,740,750,705,2,0,20067086.240000017
World Omni Select Auto Trust 2020-A,2020-07-31,0,750,760,649,6,0,18750608.269999985
World Omni Select Auto Trust 2020-A,2020-07-31,0,760,770,542,0,0,15628516.920000006
World Omni Select Auto Trust 2020-A,2020-07-31,0,770,780,517,0,0,14540456.209999992
World Omni Select Auto Trust 2020-A,2020-07-31,0,780,790,470,0,0,12753702.160000006
World Omni Select Auto Trust 2020-A,2020-07-31,0,790,800,403,0,0,11390273.699999997
World Omni Select Auto Trust 2020-A,2020-07-31,0,800,810,424,1,0,11751679.400000004
World Omni Select Auto Trust 2020-A,2020-07-31,0,810,820,340,0,0,9232220.529999996
World Omni Select Auto Trust 2020-A,2020-07-31,0,820,830,341,0,0,9167398.540000003
World Omni Select Auto Trust 2020-A,2020-07-31,0,830,840,272,0,0,7234578.830000006
World Omni Select Auto Trust 2020-A,2020-07-31,0,840,850,215,0,0,5656666.4799999995
World Omni Select Auto Trust 2020-A,2020-07-31,0,850,860,199,1,0,5409541.39
World Omni Select Auto Trust 2020-A,2020-07-31,0,860,870,128,0,0,3272218.5199999996
World Omni Select Auto Trust 2020-A,2020-07-31,0,870,880,68,0,0,1845577.0900000003
World Omni Select Auto Trust 2020-A,2020-07-31,0,880,890,15,0,0,377645.78
World Omni Select Auto Trust 2020-A,2020-07-31,0,890,900,1,0,0,16880.99
World Omni Select Auto Trust 2020-A,2021-07-31,12,400,410,1,0,0,18012.28
World Omni Select Auto Trust 2020-A,2021-07-31,12,420,430,1,0,0,14211.21
World Omni Select Auto Trust 2020-A,2021-07-31,12,440,450,1,0,0,15886.19
World Omni Select Auto Trust 2020-A,2021-07-31,12,450,460,3,0,0,68533.32
World Omni Select Auto Trust 2020-A,2021-07-31,12,460,470,4,0,1,76936.04
World Omni Select Auto Trust 2020-A,2021-07-31,12,470,480,13,3,0,319924.37999999995
World Omni Select Auto Trust 2020-A,2021-07-31,12,480,490,14,2,1,276688.97000000003
World Omni Select Auto Trust 2020-A,2021-07-31,12,490,500,21,2,0,401705.9799999999
World Omni Select Auto Trust 2020-A,2021-07-31,12,500,510,51,13,2,1172381.68
World Omni Select Auto Trust 2020-A,2021-07-31,12,510,520,69,6,3,1363169.6899999997
World Omni Select Auto Trust 2020-A,2021-07-31,12,520,530,85,10,2,1713304.379999999
World Omni Select Auto Trust 2020-A,2021-07-31,12,530,540,124,7,1,2378732.52
World Omni Select Auto Trust 2020-A,2021-07-31,12,540,550,176,12,4,3548185.689999999
World Omni Select Auto Trust 2020-A,2021-07-31,12,550,560,188,25,9,4313386.43
World Omni Select Auto Trust 2020-A,2021-07-31,12,560,570,244,18,9,4941453.669999997
World Omni Select Auto Trust 2020-A,2021-07-31,12,570,580,451,27,8,9620094.659999995
World Omni Select Auto Trust 2020-A,2021-07-31,12,580,590,1157,69,30,28326910.950000033
World Omni Select Auto Trust 2020-A,2021-07-31,12,590,600,1401,84,25,33347093.640000086
World Omni Select Auto Trust 2020-A,2021-07-31,12,600,610,1660,93,28,39441661.110000044
World Omni Select Auto Trust 2020-A,2021-07-31,12,610,620,1666,83,15,38827549.91999997
World Omni Select Auto Trust 2020-A,2021-07-31,12,620,630,2426,92,40,57684100.820000015
World Omni Select Auto Trust 2020-A,2021-07-31,12,630,640,2255,70,19,53288323.960000105
World Omni Select Auto Trust 2020-A,2021-07-31,12,640,650,2763,73,14,65237678.179999955
World Omni Select Auto Trust 2020-A,2021-07-31,12,650,660,294,8,6,6177163.599999999
World Omni Select Auto Trust 2020-A,2021-07-31,12,660,670,332,8,5,7556919.370000004
World Omni Select Auto Trust 2020-A,2021-07-31,12,670,680,346,9,3,7703767.780000003
World Omni Select Auto Trust 2020-A,2021-07-31,12,680,690,355,6,0,7928085.780000002
World Omni Select Auto Trust 2020-A,2021-07-31,12,690,700,307,8,1,6576890.259999996
World Omni Select Auto Trust 2020-A,2021-07-31,12,700,710,587,10,3,13643995.889999976
World Omni Select Auto Trust 2020-A,2021-07-31,12,710,720,405,10,1,9392688.49
World Omni Select Auto Trust 2020-A,2021-07-31,12,720,730,782,6,5,19067719.219999988
World Omni Select Auto Trust 2020-A,2021-07-31,12,730,740,635,4,0,15412533.040000008
World Omni Select Auto Trust 2020-A,2021-07-31,12,740,750,534,4,0,12585134.719999986
World Omni Select Auto Trust 2020-A,2021-07-31,12,750,760,498,7,1,11943556.129999995
World Omni Select Auto Trust 2020-A,2021-07-31,12,760,770,424,4,0,10345376.630000003
World Omni Select Auto Trust 2020-A,2021-07-31,12,770,780,384,3,1,9229453.740000008
World Omni Select Auto Trust 2020-A,2021-07-31,12,780,790,353,1,1,7918726.410000002
World Omni Select Auto Trust 2020-A,2021-07-31,12,790,800,323,4,0,7754677.99
World Omni Select Auto Trust 2020-A,2021-07-31,12,800,810,319,6,0,7318977.799999993
World Omni Select Auto Trust 2020-A,2021-07-31,12,810,820,263,0,0,5921373.609999997
World Omni Select Auto Trust 2020-A,2021-07-31,12,820,830,261,2,0,5914902.6800000025
World Omni Select Auto Trust 2020-A,2021-07-31,12,830,840,216,0,0,4891721.53
World Omni Select Auto Trust 2020-A,2021-07-31,12,840,850,165,1,1,3619026.709999999
World Omni Select Auto Trust 2020-A,2021-07-31,12,850,860,155,0,0,3491387.4800000014
World Omni Select Auto Trust 2020-A,2021-07-31,12,860,870,113,0,0,2343990.3200000008
World Omni Select Auto Trust 2020-A,2021-07-31,12,870,880,50,1,0,1108920.0799999998
World Omni Select Auto Trust 2020-A,2021-07-31,12,880,890,13,0,0,268824.29
World Omni Select Auto Trust 2020-A,2022-07-31,24,400,410,1,0,0,15162.49
World Omni Select Auto Trust 2020-A,2022-07-31,24,420,430,1,0,0,11997.84
World Omni Select Auto Trust 2020-A,2022-07-31,24,450,460,2,0,0,43425.09
World Omni Select Auto Trust 2020-A,2022-07-31,24,460,470,3,0,1,53657.939999999995
World Omni Select Auto Trust 2020-A,2022-07-31,24,470,480,7,1,2,162107.12
World Omni Select Auto Trust 2020-A,2022-07-31,24,480,490,7,4,0,166982.57
World Omni Select Auto Trust 2020-A,2022-07-31,24,490,500,15,3,1,297821.24000000005
World Omni Select Auto Trust 2020-A,2022-07-31,24,500,510,34,4,2,652167.87
World Omni Select Auto Trust 2020-A,2022-07-31,24,510,520,40,6,5,796353.0800000001
World Omni Select Auto Trust 2020-A,2022-07-31,24,520,530,37,9,1,721003.75
World Omni Select Auto Trust 2020-A,2022-07-31,24,530,540,62,9,2,1165923.5899999996
World Omni Select Auto Trust 2020-A,2022-07-31,24,540,550,105,13,3,2045909.2700000007
World Omni Select Auto Trust 2020-A,2022-07-31,24,550,560,109,18,9,2304096.5500000007
World Omni Select Auto Trust 2020-A,2022-07-31,24,560,570,140,23,7,2823639.910000001
World Omni Select Auto Trust 2020-A,2022-07-31,24,570,580,246,41,18,5470917.82
World Omni Select Auto Trust 2020-A,2022-07-31,24,580,590,666,67,37,15055897.209999986
World Omni Select Auto Trust 2020-A,2022-07-31,24,590,600,805,101,35,17855343.009999964
World Omni Select Auto Trust 2020-A,2022-07-31,24,600,610,996,100,36,21638532.939999994
World Omni Select Auto Trust 2020-A,2022-07-31,24,610,620,967,106,32,21203826.890000015
World Omni Select Auto Trust 2020-A,2022-07-31,24,620,630,1451,100,46,30903979.63999997
World Omni Select Auto Trust 2020-A,2022-07-31,24,630,640,1350,92,39,29009026.0
World Omni Select Auto Trust 2020-A,2022-07-31,24,640,650,1666,96,39,35190895.19999999
World Omni Select Auto Trust 2020-A,2022-07-31,24,650,660,160,9,3,2918713.21
World Omni Select Auto Trust 2020-A,2022-07-31,24,660,670,216,11,8,4225634.460000002
World Omni Select Auto Trust 2020-A,2022-07-31,24,670,680,215,9,7,4236276.420000003
World Omni Select Auto Trust 2020-A,2022-07-31,24,680,690,237,5,2,4362504.53
World Omni Select Auto Trust 2020-A,2022-07-31,24,690,700,187,6,3,3426303.7499999977
World Omni Select Auto Trust 2020-A,2022-07-31,24,700,710,385,11,4,7467973.040000002
World Omni Select Auto Trust 2020-A,2022-07-31,24,710,720,274,9,2,5419295.610000002
World Omni Select Auto Trust 2020-A,2022-07-31,24,720,730,547,12,3,10888772.69
World Omni Select Auto Trust 2020-A,2022-07-31,24,730,740,443,4,3,8594980.599999996
World Omni Select Auto Trust 2020-A,2022-07-31,24,740,750,382,11,2,7489854.029999999
World Omni Select Auto Trust 2020-A,2022-07-31,24,750,760,356,6,2,6754939.100000001
World Omni Select Auto Trust 2020-A,2022-07-31,24,760,770,310,1,2,6097115.500000006
World Omni Select Auto Trust 2020-A,2022-07-31,24,770,780,279,4,1,5401332.859999999
World Omni Select Auto Trust 2020-A,2022-07-31,24,780,790,249,1,1,4570846.530000002
World Omni Select Auto Trust 2020-A,2022-07-31,24,790,800,243,4,2,4634489.000000001
World Omni Select Auto Trust 2020-A,2022-07-31,24,800,810,250,3,2,4728176.509999998
World Omni Select Auto Trust 2020-A,2022-07-31,24,810,820,197,0,0,3570708.409999999
World Omni Select Auto Trust 2020-A,2022-07-31,24,820,830,190,2,1,3483255.6600000034
World Omni Select Auto Trust 2020-A,2022-07-31,24,830,840,160,0,0,2849258.9100000006
World Omni Select Auto Trust 2020-A,2022-07-31,24,840,850,124,1,0,2133180.2099999995
World Omni Select Auto Trust 2020-A,2022-07-31,24,850,860,117,1,1,2186641.78
World Omni Select Auto Trust 2020-A,2022-07-31,24,860,870,87,0,0,1483266.3700000006
World Omni Select Auto Trust 2020-A,2022-07-31,24,870,880,41,1,0,693525.0700000001
World Omni Select Auto Trust 2020-A,2022-07-31,24,880,890,11,0,0,166755.96
World Omni Select Auto Trust 2020-A,2023-07-31,36,400,410,1,0,0,12593.16
World Omni Select Auto Trust 2020-A,2023-07-31,36,420,430,1,0,0,9501.65
World Omni Select Auto Trust 2020-A,2023-07-31,36,450,460,1,1,0,34894.520000000004
World Omni Select Auto Trust 2020-A,2023-07-31,36,460,470,3,1,0,39641.729999999996
World Omni Select Auto Trust 2020-A,2023-07-31,36,470,480,5,3,1,113341.09
World Omni Select Auto Trust 2020-A,2023-07-31,36,480,490,4,2,1,74948.84
World Omni Select Auto Trust 2020-A,2023-07-31,36,490,500,10,1,3,153058.85
World Omni Select Auto Trust 2020-A,2023-07-31,36,500,510,23,4,3,418589.9099999999
World Omni Select Auto Trust 2020-A,2023-07-31,36,510,520,26,4,3,406461.29999999993
World Omni Select Auto Trust 2020-A,2023-07-31,36,520,530,30,4,2,436395.67999999993
World Omni Select Auto Trust 2020-A,2023-07-31,36,530,540,42,5,3,586086.7799999999
World Omni Select Auto Trust 2020-A,2023-07-31,36,540,550,88,6,2,1290120.0999999996
World Omni Select Auto Trust 2020-A,2023-07-31,36,550,560,79,16,3,1306494.6300000001
World Omni Select Auto Trust 2020-A,2023-07-31,36,560,570,91,14,7,1488547.8199999994
World Omni Select Auto Trust 2020-A,2023-07-31,36,570,580,180,25,12,3054985.9100000015
World Omni Select Auto Trust 2020-A,2023-07-31,36,580,590,467,66,28,8640238.530000001
World Omni Select Auto Trust 2020-A,2023-07-31,36,590,600,563,62,27,9584310.320000006
World Omni Select Auto Trust 2020-A,2023-07-31,36,600,610,716,102,25,12631129.629999997
World Omni Select Auto Trust 2020-A,2023-07-31,36,610,620,704,91,29,12399692.210000008
World Omni Select Auto Trust 2020-A,2023-07-31,36,620,630,1065,105,38,18164656.069999978
World Omni Select Auto Trust 2020-A,2023-07-31,36,630,640,976,97,31,16916202.38999996
World Omni Select Auto Trust 2020-A,2023-07-31,36,640,650,1230,92,27,20291691.199999984
World Omni Select Auto Trust 2020-A,2023-07-31,36,650,660,110,14,3,1636862.8900000006
World Omni Select Auto Trust 2020-A,2023-07-31,36,660,670,162,13,2,2470346.8599999985
World Omni Select Auto Trust 2020-A,2023-07-31,36,670,680,164,9,4,2425627.2299999995
World Omni Select Auto Trust 2020-A,2023-07-31,36,680,690,180,6,1,2520714.310000001
World Omni Select Auto Trust 2020-A,2023-07-31,36,690,700,130,2,3,1788652.29
World Omni Select Auto Trust 2020-A,2023-07-31,36,700,710,307,11,1,4506727.530000002
World Omni Select Auto Trust 2020-A,2023-07-31,36,710,720,214,4,3,3119941.7199999997
World Omni Select Auto Trust 2020-A,2023-07-31,36,720,730,438,10,1,6553375.300000009
World Omni Select Auto Trust 2020-A,2023-07-31,36,730,740,352,4,1,5026920.549999996
World Omni Select Auto Trust 2020-A,2023-07-31,36,740,750,307,7,2,4391834.56
World Omni Select Auto Trust 2020-A,2023-07-31,36,750,760,264,5,1,3716623.1299999994
World Omni Select Auto Trust 2020-A,2023-07-31,36,760,770,248,3,0,3640376.609999999
World Omni Select Auto Trust 2020-A,2023-07-31,36,770,780,230,4,0,3268560.6900000004
World Omni Select Auto Trust 2020-A,2023-07-31,36,780,790,202,2,0,2703859.430000001
World Omni Select Auto Trust 2020-A,2023-07-31,36,790,800,202,8,0,2878146.660000001
World Omni Select Auto Trust 2020-A,2023-07-31,36,800,810,195,6,1,2785416.19
World Omni Select Auto Trust 2020-A,2023-07-31,36,810,820,146,6,0,2047146.5699999998
World Omni Select Auto Trust 2020-A,2023-07-31,36,820,830,144,2,2,2074093.5000000007
World Omni Select Auto Trust 2020-A,2023-07-31,36,830,840,125,1,0,1637443.5000000005
World Omni Select Auto Trust 2020-A,2023-07-31,36,840,850,98,0,1,1263116.8100000005
World Omni Select Auto Trust 2020-A,2023-07-31,36,850,860,97,0,0,1257119.1300000001
World Omni Select Auto Trust 2020-A,2023-07-31,36,860,870,72,0,1,894200.58
World Omni Select Auto Trust 2020-A,2023-07-31,36,870,880,30,0,1,363863.61999999994
World Omni Select Auto Trust 2020-A,2023-07-31,36,880,890,8,0,0,101381.13
World Omni Select Auto Trust 2020-A,2024-07-31,48,400,410,1,0,0,9557.01
World Omni Select Auto Trust 2020-A,2024-07-31,48,420,430,1,0,0,6745.04
World Omni Select Auto Trust 2020-A,2024-07-31,48,460,470,1,1,0,18636.260000000002
World Omni Select Auto Trust 2020-A,2024-07-31,48,470,480,5,1,1,68882.37
World Omni Select Auto Trust 2020-A,2024-07-31,48,480,490,3,3,0,50615.06
World Omni Select Auto Trust 2020-A,2024-07-31,48,490,500,8,3,1,75626.58
World Omni Select Auto Trust 2020-A,2024-07-31,48,500,510,15,4,2,204471.07999999996
World Omni Select Auto Trust 2020-A,2024-07-31,48,510,520,14,3,1,158157.41000000003
World Omni Select Auto Trust 2020-A,2024-07-31,48,520,530,23,6,1,283015.7299999999
World Omni Select Auto Trust 2020-A,2024-07-31,48,530,540,35,3,1,315951.72000000003
World Omni Select Auto Trust 2020-A,2024-07-31,48,540,550,55,7,5,679182.6200000003
World Omni Select Auto Trust 2020-A,2024-07-31,48,550,560,59,13,3,726557.7599999999
World Omni Select Auto Trust 2020-A,2024-07-31,48,560,570,67,15,3,780037.6500000003
World Omni Select Auto Trust 2020-A,2024-07-31,48,570,580,129,26,12,1678943.2199999995
World Omni Select Auto Trust 2020-A,2024-07-31,48,580,590,350,49,26,4551488.200000002
World Omni Select Auto Trust 2020-A,2024-07-31,48,590,600,410,71,16,5050259.370000003
World Omni Select Auto Trust 2020-A,2024-07-31,48,600,610,558,81,30,7011345.200000004
World Omni Select Auto Trust 2020-A,2024-07-31,48,610,620,544,61,31,6553932.469999999
World Omni Select Auto Trust 2020-A,2024-07-31,48,620,630,803,98,44,9911706.549999993
World Omni Select Auto Trust 2020-A,2024-07-31,48,630,640,769,75,23,9151262.34999999
World Omni Select Auto Trust 2020-A,2024-07-31,48,640,650,966,92,23,11015801.549999993
World Omni Select Auto Trust 2020-A,2024-07-31,48,650,660,84,7,6,875259.6100000003
World Omni Select Auto Trust 2020-A,2024-07-31,48,660,670,122,10,2,1255212.5100000002
World Omni Select Auto Trust 2020-A,2024-07-31,48,670,680,127,5,3,1222806.3699999996
World Omni Select Auto Trust 2020-A,2024-07-31,48,680,690,132,2,3,1238101.4
World Omni Select Auto Trust 2020-A,2024-07-31,48,690,700,111,3,1,1039337.6100000002
World Omni Select Auto Trust 2020-A,2024-07-31,48,700,710,244,14,2,2427402.2900000014
World Omni Select Auto Trust 2020-A,2024-07-31,48,710,720,165,6,3,1631986.9399999995
World Omni Select Auto Trust 2020-A,2024-07-31,48,720,730,351,9,2,3484546.3000000017
World Omni Select Auto Trust 2020-A,2024-07-31,48,730,740,278,5,1,2662481.6500000004
World Omni Select Auto Trust 2020-A,2024-07-31,48,740,750,231,7,5,2124215.24
World Omni Select Auto Trust 2020-A,2024-07-31,48,750,760,210,6,2,1899057.060000001
World Omni Select Auto Trust 2020-A,2024-07-31,48,760,770,202,3,1,1929954.93
World Omni Select Auto Trust 2020-A,2024-07-31,48,770,780,183,3,1,1726084.52
World Omni Select Auto Trust 2020-A,2024-07-31,48,780,790,164,3,0,1399212.4300000006
World Omni Select Auto Trust 2020-A,2024-07-31,48,790,800,156,5,1,1427105.7699999996
World Omni Select Auto Trust 2020-A,2024-07-31,48,800,810,156,5,2,1510805.0500000005
World Omni Select Auto Trust 2020-A,2024-07-31,48,810,820,116,3,0,1007253.1299999999
World Omni Select Auto Trust 2020-A,2024-07-31,48,820,830,116,2,1,1061730.09
World Omni Select Auto Trust 2020-A,2024-07-31,48,830,840,91,0,0,744194.6599999999
World Omni Select Auto Trust 2020-A,2024-07-31,48,840,850,70,2,0,598314.63
World Omni Select Auto Trust 2020-A,2024-07-31,48,850,860,70,1,1,587226.72
World Omni Select Auto Trust 2020-A,2024-07-31,48,860,870,49,2,1,415356.37000000005
World Omni Select Auto Trust 2020-A,2024-07-31,48,870,880,25,0,0,198054.43000000002
World Omni Select Auto Trust 2020-A,2024-07-31,48,880,890,6,1,0,66351.37
World Omni Select Auto Trust 2020-A,2020-08-31,1,400,410,1,0,0,20169.58
World Omni Select Auto Trust 2020-A,2020-08-31,1,420,430,1,0,0,15954.71
World Omni Select Auto Trust 2020-A,2020-08-31,1,440,450,2,0,0,41430.619999999995
World Omni Select Auto Trust 2020-A,2020-08-31,1,450,460,3,2,0,106052.55
World Omni Select Auto Trust 2020-A,2020-08-31,1,460,470,10,1,0,150602.27000000002
World Omni Select Auto Trust 2020-A,2020-08-31,1,470,480,23,0,0,482649.57
World Omni Select Auto Trust 2020-A,2020-08-31,1,480,490,23,2,0,438565.2299999999
World Omni Select Auto Trust 2020-A,2020-08-31,1,490,500,35,1,0,711432.3499999999
World Omni Select Auto Trust 2020-A,2020-08-31,1,500,510,84,6,0,1923990.2599999993
World Omni Select Auto Trust 2020-A,2020-08-31,1,510,520,114,1,0,2303937.33
World Omni Select Auto Trust 2020-A,2020-08-31,1,520,530,131,9,0,2735795.6799999997
World Omni Select Auto Trust 2020-A,2020-08-31,1,530,540,173,6,0,3568429.479999999
World Omni Select Auto Trust 2020-A,2020-08-31,1,540,550,269,10,0,5807892.030000002
World Omni Select Auto Trust 2020-A,2020-08-31,1,550,560,306,9,0,6793812.269999994
World Omni Select Auto Trust 2020-A,2020-08-31,1,560,570,380,11,0,8040696.709999999
World Omni Select Auto Trust 2020-A,2020-08-31,1,570,580,699,18,0,16239197.329999998
World Omni Select Auto Trust 2020-A,2020-08-31,1,580,590,1676,49,1,43796820.20999994
World Omni Select Auto Trust 2020-A,2020-08-31,1,590,600,2136,48,1,54665200.679999985
World Omni Select Auto Trust 2020-A,2020-08-31,1,600,610,2442,63,0,62953984.39000001
World Omni Select Auto Trust 2020-A,2020-08-31,1,610,620,2449,41,0,62282229.79999999
World Omni Select Auto Trust 2020-A,2020-08-31,1,620,630,3595,51,0,93940894.33999997
World Omni Select Auto Trust 2020-A,2020-08-31,1,630,640,3300,51,0,87320167.88000003
World Omni Select Auto Trust 2020-A,2020-08-31,1,640,650,3947,56,0,104765334.13999976
World Omni Select Auto Trust 2020-A,2020-08-31,1,650,660,433,2,0,10037551.399999995
World Omni Select Auto Trust 2020-A,2020-08-31,1,660,670,460,7,0,11784881.53999999
World Omni Select Auto Trust 2020-A,2020-08-31,1,670,680,498,3,0,12519386.369999986
World Omni Select Auto Trust 2020-A,2020-08-31,1,680,690,469,5,0,12128877.219999993
World Omni Select Auto Trust 2020-A,2020-08-31,1,690,700,413,5,0,10145484.770000007
World Omni Select Auto Trust 2020-A,2020-08-31,1,700,710,760,8,0,20261604.80000002
World Omni Select Auto Trust 2020-A,2020-08-31,1,710,720,564,3,0,15156713.100000007
World Omni Select Auto Trust 2020-A,2020-08-31,1,720,730,1017,6,0,29356701.34999996
World Omni Select Auto Trust 2020-A,2020-08-31,1,730,740,839,6,0,24005350.21000004
World Omni Select Auto Trust 2020-A,2020-08-31,1,740,750,699,1,0,19618210.23
World Omni Select Auto Trust 2020-A,2020-08-31,1,750,760,642,4,0,18293972.780000012
World Omni Select Auto Trust 2020-A,2020-08-31,1,760,770,540,0,0,15354603.549999997
World Omni Select Auto Trust 2020-A,2020-08-31,1,770,780,513,2,0,14309609.810000004
World Omni Select Auto Trust 2020-A,2020-08-31,1,780,790,466,1,0,12478540.380000003
World Omni Select Auto Trust 2020-A,2020-08-31,1,790,800,399,2,0,11201405.300000006
World Omni Select Auto Trust 2020-A,2020-08-31,1,800,810,418,1,0,11362484.370000008
World Omni Select Auto Trust 2020-A,2020-08-31,1,810,820,335,1,0,8988688.799999993
World Omni Select Auto Trust 2020-A,2020-08-31,1,820,830,337,1,0,8929587.809999997
World Omni Select Auto Trust 2020-A,2020-08-31,1,830,840,267,0,0,7016619.050000001
World Omni Select Auto Trust 2020-A,2020-08-31,1,840,850,212,0,0,5507465.380000002
World Omni Select Auto Trust 2020-A,2020-08-31,1,850,860,199,0,0,5312141.960000002
World Omni Select Auto Trust 2020-A,2020-08-31,1,860,870,128,0,0,3226611.990000002
World Omni Select Auto Trust 2020-A,2020-08-31,1,870,880,66,0,0,1728467.07
World Omni Select Auto Trust 2020-A,2020-08-31,1,880,890,15,0,0,372506.86
World Omni Select Auto Trust 2020-A,2020-08-31,1,890,900,1,0,0,16666.61
World Omni Select Auto Trust 2020-A,2021-08-31,13,400,410,1,0,0,17769.56
World Omni Select Auto Trust 2020-A,2021-08-31,13,420,430,1,0,0,14025.84
World Omni Select Auto Trust 2020-A,2021-08-31,13,440,450,1,0,0,15725.39
World Omni Select Auto Trust 2020-A,2021-08-31,13,450,460,3,0,0,67620.7
World Omni Select Auto Trust 2020-A,2021-08-31,13,460,470,4,0,1,76265.29
World Omni Select Auto Trust 2020-A,2021-08-31,13,470,480,12,1,1,255559.38000000003
World Omni Select Auto Trust 2020-A,2021-08-31,13,480,490,14,2,0,255894.91999999998
World Omni Select Auto Trust 2020-A,2021-08-31,13,490,500,18,4,0,378149.37
World Omni Select Auto Trust 2020-A,2021-08-31,13,500,510,56,5,4,1141118.3600000006
World Omni Select Auto Trust 2020-A,2021-08-31,13,510,520,64,7,5,1305394.8099999998
World Omni Select Auto Trust 2020-A,2021-08-31,13,520,530,78,8,1,1526958.3100000003
World Omni Select Auto Trust 2020-A,2021-08-31,13,530,540,120,6,2,2278423.44
World Omni Select Auto Trust 2020-A,2021-08-31,13,540,550,169,12,4,3444005.7500000005
World Omni Select Auto Trust 2020-A,2021-08-31,13,550,560,191,17,7,4108086.6899999985
World Omni Select Auto Trust 2020-A,2021-08-31,13,560,570,238,22,4,4770928.349999998
World Omni Select Auto Trust 2020-A,2021-08-31,13,570,580,425,36,8,9267381.470000008
World Omni Select Auto Trust 2020-A,2021-08-31,13,580,590,1101,74,32,27019449.449999977
World Omni Select Auto Trust 2020-A,2021-08-31,13,590,600,1336,76,30,31522968.189999968
World Omni Select Auto Trust 2020-A,2021-08-31,13,600,610,1554,105,34,37254154.17000001
World Omni Select Auto Trust 2020-A,2021-08-31,13,610,620,1597,80,21,37048469.27999995
World Omni Select Auto Trust 2020-A,2021-08-31,13,620,630,2307,89,47,54435179.86000002
World Omni Select Auto Trust 2020-A,2021-08-31,13,630,640,2139,75,25,50309603.60999998
World Omni Select Auto Trust 2020-A,2021-08-31,13,640,650,2633,91,15,62041956.31999996
World Omni Select Auto Trust 2020-A,2021-08-31,13,650,660,269,11,6,5673364.959999998
World Omni Select Auto Trust 2020-A,2021-08-31,13,660,670,320,6,3,7069339.700000003
World Omni Select Auto Trust 2020-A,2021-08-31,13,670,680,325,8,4,7166178.849999999
World Omni Select Auto Trust 2020-A,2021-08-31,13,680,690,343,6,0,7520355.54
World Omni Select Auto Trust 2020-A,2021-08-31,13,690,700,301,6,1,6364462.350000002
World Omni Select Auto Trust 2020-A,2021-08-31,13,700,710,561,8,6,12875618.37
World Omni Select Auto Trust 2020-A,2021-08-31,13,710,720,403,5,0,9043729.430000005
World Omni Select Auto Trust 2020-A,2021-08-31,13,720,730,756,7,4,18118880.659999996
World Omni Select Auto Trust 2020-A,2021-08-31,13,730,740,616,6,0,14802478.530000001
World Omni Select Auto Trust 2020-A,2021-08-31,13,740,750,510,5,0,11764091.170000004
World Omni Select Auto Trust 2020-A,2021-08-31,13,750,760,493,5,1,11564182.410000004
World Omni Select Auto Trust 2020-A,2021-08-31,13,760,770,414,3,2,9932202.990000006
World Omni Select Auto Trust 2020-A,2021-08-31,13,770,780,376,1,2,8868949.57
World Omni Select Auto Trust 2020-A,2021-08-31,13,780,790,343,3,0,7588851.6300000055
World Omni Select Auto Trust 2020-A,2021-08-31,13,790,800,318,3,1,7489214.330000006
World Omni Select Auto Trust 2020-A,2021-08-31,13,800,810,315,3,2,7098891.209999996
World Omni Select Auto Trust 2020-A,2021-08-31,13,810,820,257,1,0,5710527.780000002
World Omni Select Auto Trust 2020-A,2021-08-31,13,820,830,255,2,1,5689421.370000003
World Omni Select Auto Trust 2020-A,2021-08-31,13,830,840,206,2,0,4671692.920000001
World Omni Select Auto Trust 2020-A,2021-08-31,13,840,850,163,0,0,3466584.4499999993
World Omni Select Auto Trust 2020-A,2021-08-31,13,850,860,153,0,0,3385667.669999998
World Omni Select Auto Trust 2020-A,2021-08-31,13,860,870,110,0,0,2267555.4899999993
World Omni Select Auto Trust 2020-A,2021-08-31,13,870,880,50,0,1,1087841.0899999996
World Omni Select Auto Trust 2020-A,2021-08-31,13,880,890,13,0,0,263025.18
World Omni Select Auto Trust 2020-A,2022-08-31,25,400,410,1,0,0,15072.71
World Omni Select Auto Trust 2020-A,2022-08-31,25,420,430,1,0,0,11791.32
World Omni Select Auto Trust 2020-A,2022-08-31,25,450,460,2,0,0,42645.869999999995
World Omni Select Auto Trust 2020-A,2022-08-31,25,460,470,3,0,1,52717.47
World Omni Select Auto Trust 2020-A,2022-08-31,25,470,480,7,2,1,158133.92
World Omni Select Auto Trust 2020-A,2022-08-31,25,480,490,6,3,2,164968.62
World Omni Select Auto Trust 2020-A,2022-08-31,25,490,500,15,2,2,293632.92
World Omni Select Auto Trust 2020-A,2022-08-31,25,500,510,34,5,1,636231.86
World Omni Select Auto Trust 2020-A,2022-08-31,25,510,520,40,5,3,755085.7799999998
World Omni Select Auto Trust 2020-A,2022-08-31,25,520,530,37,7,2,682360.5199999999
World Omni Select Auto Trust 2020-A,2022-08-31,25,530,540,64,4,2,1092879.87
World Omni Select Auto Trust 2020-A,2022-08-31,25,540,550,99,12,2,1923731.0300000017
World Omni Select Auto Trust 2020-A,2022-08-31,25,550,560,107,21,4,2186902.9000000004
World Omni Select Auto Trust 2020-A,2022-08-31,25,560,570,135,16,9,2659843.420000001
World Omni Select Auto Trust 2020-A,2022-08-31,25,570,580,248,33,19,5279010.44
World Omni Select Auto Trust 2020-A,2022-08-31,25,580,590,653,69,28,14490046.150000004
World Omni Select Auto Trust 2020-A,2022-08-31,25,590,600,789,79,44,17070740.260000005
World Omni Select Auto Trust 2020-A,2022-08-31,25,600,610,960,104,34,20688458.270000003
World Omni Select Auto Trust 2020-A,2022-08-31,25,610,620,936,99,40,20388740.999999948
World Omni Select Auto Trust 2020-A,2022-08-31,25,620,630,1411,101,42,29630683.22999997
World Omni Select Auto Trust 2020-A,2022-08-31,25,630,640,1300,98,32,27495059.539999966
World Omni Select Auto Trust 2020-A,2022-08-31,25,640,650,1611,101,28,33346065.780000027
World Omni Select Auto Trust 2020-A,2022-08-31,25,650,660,155,7,6,2822268.7100000004
World Omni Select Auto Trust 2020-A,2022-08-31,25,660,670,215,9,6,4064465.84
World Omni Select Auto Trust 2020-A,2022-08-31,25,670,680,207,11,6,4052052.379999999
World Omni Select Auto Trust 2020-A,2022-08-31,25,680,690,224,8,4,4140753.110000002
World Omni Select Auto Trust 2020-A,2022-08-31,25,690,700,179,6,5,3221160.480000001
World Omni Select Auto Trust 2020-A,2022-08-31,25,700,710,375,10,2,7022172.750000001
World Omni Select Auto Trust 2020-A,2022-08-31,25,710,720,269,8,2,5196118.580000003
World Omni Select Auto Trust 2020-A,2022-08-31,25,720,730,533,8,5,10390476.059999997
World Omni Select Auto Trust 2020-A,2022-08-31,25,730,740,437,2,2,8189063.210000002
World Omni Select Auto Trust 2020-A,2022-08-31,25,740,750,378,7,4,7194613.520000003
World Omni Select Auto Trust 2020-A,2022-08-31,25,750,760,346,6,1,6431365.810000003
World Omni Select Auto Trust 2020-A,2022-08-31,25,760,770,297,1,2,5684533.769999999
World Omni Select Auto Trust 2020-A,2022-08-31,25,770,780,274,4,0,5148965.959999996
World Omni Select Auto Trust 2020-A,2022-08-31,25,780,790,243,2,0,4394292.560000002
World Omni Select Auto Trust 2020-A,2022-08-31,25,790,800,236,5,2,4443117.63
World Omni Select Auto Trust 2020-A,2022-08-31,25,800,810,247,5,0,4587739.07
World Omni Select Auto Trust 2020-A,2022-08-31,25,810,820,191,1,0,3392463.2200000016
World Omni Select Auto Trust 2020-A,2022-08-31,25,820,830,188,1,1,3358397.8700000006
World Omni Select Auto Trust 2020-A,2022-08-31,25,830,840,156,0,0,2718721.32
World Omni Select Auto Trust 2020-A,2022-08-31,25,840,850,123,0,0,2054253.8800000001
World Omni Select Auto Trust 2020-A,2022-08-31,25,850,860,115,1,2,2113504.97
World Omni Select Auto Trust 2020-A,2022-08-31,25,860,870,84,1,0,1408168.3299999998
World Omni Select Auto Trust 2020-A,2022-08-31,25,870,880,41,1,0,676404.1299999999
World Omni Select Auto Trust 2020-A,2022-08-31,25,880,890,11,0,0,163801.52
World Omni Select Auto Trust 2020-A,2023-08-31,37,400,410,1,0,0,12593.15
World Omni Select Auto Trust 2020-A,2023-08-31,37,420,430,1,0,0,9272.69
World Omni Select Auto Trust 2020-A,2023-08-31,37,450,460,1,1,0,34024.18
World Omni Select Auto Trust 2020-A,2023-08-31,37,460,470,1,1,0,24879.57
World Omni Select Auto Trust 2020-A,2023-08-31,37,470,480,4,3,2,110695.81
World Omni Select Auto Trust 2020-A,2023-08-31,37,480,490,5,2,0,71836.58000000002
World Omni Select Auto Trust 2020-A,2023-08-31,37,490,500,9,3,2,149406.11000000002
World Omni Select Auto Trust 2020-A,2023-08-31,37,500,510,22,5,3,410140.55999999994
World Omni Select Auto Trust 2020-A,2023-08-31,37,510,520,23,7,1,370286.49
World Omni Select Auto Trust 2020-A,2023-08-31,37,520,530,29,5,1,421916.37
World Omni Select Auto Trust 2020-A,2023-08-31,37,530,540,43,5,2,570656.1
World Omni Select Auto Trust 2020-A,2023-08-31,37,540,550,80,8,3,1217460.5199999996
World Omni Select Auto Trust 2020-A,2023-08-31,37,550,560,72,20,2,1228133.8599999999
World Omni Select Auto Trust 2020-A,2023-08-31,37,560,570,86,19,4,1416115.7099999995
World Omni Select Auto Trust 2020-A,2023-08-31,37,570,580,173,28,10,2919897.4400000004
World Omni Select Auto Trust 2020-A,2023-08-31,37,580,590,467,56,24,8187500.659999997
World Omni Select Auto Trust 2020-A,2023-08-31,37,590,600,535,70,27,9088697.930000002
World Omni Select Auto Trust 2020-A,2023-08-31,37,600,610,709,83,33,12012529.109999994
World Omni Select Auto Trust 2020-A,2023-08-31,37,610,620,708,65,31,11810763.799999995
World Omni Select Auto Trust 2020-A,2023-08-31,37,620,630,1040,113,33,17376024.279999994
World Omni Select Auto Trust 2020-A,2023-08-31,37,630,640,962,86,36,16225680.730000008
World Omni Select Auto Trust 2020-A,2023-08-31,37,640,650,1206,91,25,19335454.560000014
World Omni Select Auto Trust 2020-A,2023-08-31,37,650,660,114,10,3,1579649.4499999997
World Omni Select Auto Trust 2020-A,2023-08-31,37,660,670,163,14,0,2402459.040000001
World Omni Select Auto Trust 2020-A,2023-08-31,37,670,680,159,9,4,2322438.8600000003
World Omni Select Auto Trust 2020-A,2023-08-31,37,680,690,174,9,0,2375845.6799999992
World Omni Select Auto Trust 2020-A,2023-08-31,37,690,700,130,2,1,1709800.480000001
World Omni Select Auto Trust 2020-A,2023-08-31,37,700,710,301,12,2,4325615.579999999
World Omni Select Auto Trust 2020-A,2023-08-31,37,710,720,206,5,3,2953493.819999999
World Omni Select Auto Trust 2020-A,2023-08-31,37,720,730,428,7,2,6252678.000000001
World Omni Select Auto Trust 2020-A,2023-08-31,37,730,740,344,4,0,4754220.390000001
World Omni Select Auto Trust 2020-A,2023-08-31,37,740,750,302,6,4,4217179.590000002
World Omni Select Auto Trust 2020-A,2023-08-31,37,750,760,258,5,2,3543417.1899999976
World Omni Select Auto Trust 2020-A,2023-08-31,37,760,770,244,3,0,3490439.2200000007
World Omni Select Auto Trust 2020-A,2023-08-31,37,770,780,225,2,2,3095635.5699999994
World Omni Select Auto Trust 2020-A,2023-08-31,37,780,790,200,2,0,2612283.07
World Omni Select Auto Trust 2020-A,2023-08-31,37,790,800,201,4,0,2734528.920000001
World Omni Select Auto Trust 2020-A,2023-08-31,37,800,810,190,4,2,2646076.6600000006
World Omni Select Auto Trust 2020-A,2023-08-31,37,810,820,146,4,1,1979596.2300000002
World Omni Select Auto Trust 2020-A,2023-08-31,37,820,830,144,3,0,1983622.8699999999
World Omni Select Auto Trust 2020-A,2023-08-31,37,830,840,124,2,0,1583029.639999999
World Omni Select Auto Trust 2020-A,2023-08-31,37,840,850,96,1,1,1219120.1300000001
World Omni Select Auto Trust 2020-A,2023-08-31,37,850,860,93,1,0,1199849.3499999999
World Omni Select Auto Trust 2020-A,2023-08-31,37,860,870,71,1,0,847334.9200000002
World Omni Select Auto Trust 2020-A,2023-08-31,37,870,880,30,0,1,353768.60000000003
World Omni Select Auto Trust 2020-A,2023-08-31,37,880,890,7,0,0,98868.16
World Omni Select Auto Trust 2020-A,2024-08-31,49,400,410,1,0,0,9259.47
World Omni Select Auto Trust 2020-A,2024-08-31,49,420,430,1,0,0,6513.2
World Omni Select Auto Trust 2020-A,2024-08-31,49,460,470,1,0,1,18189.4
World Omni Select Auto Trust 2020-A,2024-08-31,49,470,480,5,1,1,66980.65000000001
World Omni Select Auto Trust 2020-A,2024-08-31,49,480,490,5,1,0,47733.62
World Omni Select Auto Trust 2020-A,2024-08-31,49,490,500,8,4,0,74189.95
World Omni Select Auto Trust 2020-A,2024-08-31,49,500,510,17,2,2,198052.79
World Omni Select Auto Trust 2020-A,2024-08-31,49,510,520,14,2,2,152166.47999999998
World Omni Select Auto Trust 2020-A,2024-08-31,49,520,530,18,10,1,273223.66
World Omni Select Auto Trust 2020-A,2024-08-31,49,530,540,33,5,0,290571.81
World Omni Select Auto Trust 2020-A,2024-08-31,49,540,550,54,8,5,655598.1
World Omni Select Auto Trust 2020-A,2024-08-31,49,550,560,59,12,2,673731.74
World Omni Select Auto Trust 2020-A,2024-08-31,49,560,570,63,15,5,742784.0299999998
World Omni Select Auto Trust 2020-A,2024-08-31,49,570,580,125,25,14,1594300.85
World Omni Select Auto Trust 2020-A,2024-08-31,49,580,590,342,50,21,4247430.170000001
World Omni Select Auto Trust 2020-A,2024-08-31,49,590,600,403,64,20,4764759.680000001
World Omni Select Auto Trust 2020-A,2024-08-31,49,600,610,548,76,28,6578586.519999998
World Omni Select Auto Trust 2020-A,2024-08-31,49,610,620,548,53,23,6146476.519999999
World Omni Select Auto Trust 2020-A,2024-08-31,49,620,630,796,92,37,9348638.55
World Omni Select Auto Trust 2020-A,2024-08-31,49,630,640,763,66,21,8612915.359999998
World Omni Select Auto Trust 2020-A,2024-08-31,49,640,650,930,91,31,10325947.95
World Omni Select Auto Trust 2020-A,2024-08-31,49,650,660,83,9,4,836747.3299999998
World Omni Select Auto Trust 2020-A,2024-08-31,49,660,670,123,8,3,1198334.11
World Omni Select Auto Trust 2020-A,2024-08-31,49,670,680,124,7,3,1170619.8300000005
World Omni Select Auto Trust 2020-A,2024-08-31,49,680,690,128,4,1,1146264.1999999997
World Omni Select Auto Trust 2020-A,2024-08-31,49,690,700,109,4,0,974129.1900000002
World Omni Select Auto Trust 2020-A,2024-08-31,49,700,710,242,14,3,2312531.37
World Omni Select Auto Trust 2020-A,2024-08-31,49,710,720,164,5,3,1552204.18
World Omni Select Auto Trust 2020-A,2024-08-31,49,720,730,346,6,4,3265356.1999999997
World Omni Select Auto Trust 2020-A,2024-08-31,49,730,740,273,5,1,2488053.42
World Omni Select Auto Trust 2020-A,2024-08-31,49,740,750,224,5,5,1975146.0600000005
World Omni Select Auto Trust 2020-A,2024-08-31,49,750,760,201,6,3,1763612.1699999995
World Omni Select Auto Trust 2020-A,2024-08-31,49,760,770,200,3,0,1821805.6300000004
World Omni Select Auto Trust 2020-A,2024-08-31,49,770,780,180,3,0,1611556.6
World Omni Select Auto Trust 2020-A,2024-08-31,49,780,790,158,3,0,1275668.9000000004
World Omni Select Auto Trust 2020-A,2024-08-31,49,790,800,149,6,2,1323200.54
World Omni Select Auto Trust 2020-A,2024-08-31,49,800,810,151,5,2,1396225.4500000004
World Omni Select Auto Trust 2020-A,2024-08-31,49,810,820,114,2,0,927514.9299999999
World Omni Select Auto Trust 2020-A,2024-08-31,49,820,830,114,3,1,981308.0800000003
World Omni Select Auto Trust 2020-A,2024-08-31,49,830,840,89,1,0,694492.41
World Omni Select Auto Trust 2020-A,2024-08-31,49,840,850,67,4,0,560108.4900000001
World Omni Select Auto Trust 2020-A,2024-08-31,49,850,860,66,1,0,536932.74
World Omni Select Auto Trust 2020-A,2024-08-31,49,860,870,48,4,0,393384.29999999993
World Omni Select Auto Trust 2020-A,2024-08-31,49,870,880,25,0,0,187762.69
World Omni Select Auto Trust 2020-A,2024-08-31,49,880,890,7,0,0,62347.450000000004
World Omni Select Auto Trust 2020-A,2020-09-30,2,400,410,1,0,0,19945.61
World Omni Select Auto Trust 2020-A,2020-09-30,2,420,430,1,0,0,15796.61
World Omni Select Auto Trust 2020-A,2020-09-30,2,440,450,2,0,0,37087.8
World Omni Select Auto Trust 2020-A,2020-09-30,2,450,460,4,1,0,104418.85999999999
World Omni Select Auto Trust 2020-A,2020-09-30,2,460,470,10,1,0,148082.94
World Omni Select Auto Trust 2020-A,2020-09-30,2,470,480,22,0,0,457069.6500000001
World Omni Select Auto Trust 2020-A,2020-09-30,2,480,490,21,2,0,394930.31000000006
World Omni Select Auto Trust 2020-A,2020-09-30,2,490,500,33,2,0,701874.4900000001
World Omni Select Auto Trust 2020-A,2020-09-30,2,500,510,84,3,2,1895273.9899999998
World Omni Select Auto Trust 2020-A,2020-09-30,2,510,520,110,3,1,2243206.509999998
World Omni Select Auto Trust 2020-A,2020-09-30,2,520,530,123,12,4,2693047.929999998
World Omni Select Auto Trust 2020-A,2020-09-30,2,530,540,171,5,2,3512820.9399999985
World Omni Select Auto Trust 2020-A,2020-09-30,2,540,550,257,11,3,5617584.830000003
World Omni Select Auto Trust 2020-A,2020-09-30,2,550,560,298,12,0,6621503.269999997
World Omni Select Auto Trust 2020-A,2020-09-30,2,560,570,370,16,1,7898984.990000002
World Omni Select Auto Trust 2020-A,2020-09-30,2,570,580,673,31,4,15929635.689999994
World Omni Select Auto Trust 2020-A,2020-09-30,2,580,590,1633,57,13,42906184.48000001
World Omni Select Auto Trust 2020-A,2020-09-30,2,590,600,2092,45,13,53304758.019999966
World Omni Select Auto Trust 2020-A,2020-09-30,2,600,610,2381,68,21,61348077.43999999
World Omni Select Auto Trust 2020-A,2020-09-30,2,610,620,2362,64,8,60102756.719999954
World Omni Select Auto Trust 2020-A,2020-09-30,2,620,630,3502,76,15,91516830.68000019
World Omni Select Auto Trust 2020-A,2020-09-30,2,630,640,3218,64,14,85130188.01999997
World Omni Select Auto Trust 2020-A,2020-09-30,2,640,650,3871,57,14,101828208.50000004
World Omni Select Auto Trust 2020-A,2020-09-30,2,650,660,416,9,1,9718633.359999994
World Omni Select Auto Trust 2020-A,2020-09-30,2,660,670,454,9,1,11569008.499999985
World Omni Select Auto Trust 2020-A,2020-09-30,2,670,680,488,6,1,12212460.140000008
World Omni Select Auto Trust 2020-A,2020-09-30,2,680,690,460,6,0,11764013.070000006
World Omni Select Auto Trust 2020-A,2020-09-30,2,690,700,399,10,1,9914627.49
World Omni Select Auto Trust 2020-A,2020-09-30,2,700,710,749,6,0,19617581.430000007
World Omni Select Auto Trust 2020-A,2020-09-30,2,710,720,556,4,0,14762153.580000004
World Omni Select Auto Trust 2020-A,2020-09-30,2,720,730,1003,5,1,28590363.429999985
World Omni Select Auto Trust 2020-A,2020-09-30,2,730,740,822,4,4,23281941.13000002
World Omni Select Auto Trust 2020-A,2020-09-30,2,740,750,686,3,1,19096030.649999995
World Omni Select Auto Trust 2020-A,2020-09-30,2,750,760,627,4,2,17610493.839999992
World Omni Select Auto Trust 2020-A,2020-09-30,2,760,770,529,3,0,14885634.929999998
World Omni Select Auto Trust 2020-A,2020-09-30,2,770,780,505,1,0,13852952.809999995
World Omni Select Auto Trust 2020-A,2020-09-30,2,780,790,455,4,0,12054717.450000001
World Omni Select Auto Trust 2020-A,2020-09-30,2,790,800,396,0,0,10882972.32000001
World Omni Select Auto Trust 2020-A,2020-09-30,2,800,810,415,1,0,11101668.150000002
World Omni Select Auto Trust 2020-A,2020-09-30,2,810,820,332,0,0,8709226.210000008
World Omni Select Auto Trust 2020-A,2020-09-30,2,820,830,330,0,0,8562784.689999986
World Omni Select Auto Trust 2020-A,2020-09-30,2,830,840,261,3,0,6815789.660000002
World Omni Select Auto Trust 2020-A,2020-09-30,2,840,850,209,0,0,5332412.789999997
World Omni Select Auto Trust 2020-A,2020-09-30,2,850,860,194,0,0,5021449.6800000025
World Omni Select Auto Trust 2020-A,2020-09-30,2,860,870,126,0,0,3105778.0000000005
World Omni Select Auto Trust 2020-A,2020-09-30,2,870,880,65,0,0,1653345.1199999996
World Omni Select Auto Trust 2020-A,2020-09-30,2,880,890,15,0,0,367149.20999999996
World Omni Select Auto Trust 2020-A,2020-09-30,2,890,900,1,0,0,16451.34
World Omni Select Auto Trust 2020-A,2021-09-30,14,400,410,1,0,0,17519.44
World Omni Select Auto Trust 2020-A,2021-09-30,14,420,430,1,0,0,13838.99
World Omni Select Auto Trust 2020-A,2021-09-30,14,440,450,0,1,0,15725.39
World Omni Select Auto Trust 2020-A,2021-09-30,14,450,460,3,0,0,66866.47
World Omni Select Auto Trust 2020-A,2021-09-30,14,460,470,4,0,1,75289.79000000001
World Omni Select Auto Trust 2020-A,2021-09-30,14,470,480,9,4,0,249970.74
World Omni Select Auto Trust 2020-A,2021-09-30,14,480,490,11,5,0,251679.04999999996
World Omni Select Auto Trust 2020-A,2021-09-30,14,490,500,19,2,1,373306.38000000006
World Omni Select Auto Trust 2020-A,2021-09-30,14,500,510,50,6,3,1062793.0099999998
World Omni Select Auto Trust 2020-A,2021-09-30,14,510,520,61,4,4,1191290.5700000005
World Omni Select Auto Trust 2020-A,2021-09-30,14,520,530,77,7,1,1467042.06
World Omni Select Auto Trust 2020-A,2021-09-30,14,530,540,120,5,1,2206743.74
World Omni Select Auto Trust 2020-A,2021-09-30,14,540,550,162,8,4,3206524.4799999995
World Omni Select Auto Trust 2020-A,2021-09-30,14,550,560,174,20,6,3815778.3999999985
World Omni Select Auto Trust 2020-A,2021-09-30,14,560,570,222,22,6,4556378.4799999995
World Omni Select Auto Trust 2020-A,2021-09-30,14,570,580,409,28,12,8820690.120000005
World Omni Select Auto Trust 2020-A,2021-09-30,14,580,590,1058,68,30,25516804.99000003
World Omni Select Auto Trust 2020-A,2021-09-30,14,590,600,1291,72,35,30235566.339999963
World Omni Select Auto Trust 2020-A,2021-09-30,14,600,610,1505,97,35,35504672.51000005
World Omni Select Auto Trust 2020-A,2021-09-30,14,610,620,1546,72,20,35484724.38999999
World Omni Select Auto Trust 2020-A,2021-09-30,14,620,630,2222,100,32,51965654.36000006
World Omni Select Auto Trust 2020-A,2021-09-30,14,630,640,2051,77,25,47885451.3399999
World Omni Select Auto Trust 2020-A,2021-09-30,14,640,650,2522,89,27,58944521.66999995
World Omni Select Auto Trust 2020-A,2021-09-30,14,650,660,249,10,8,5262688.450000004
World Omni Select Auto Trust 2020-A,2021-09-30,14,660,670,307,10,1,6824465.45
World Omni Select Auto Trust 2020-A,2021-09-30,14,670,680,316,8,2,6856498.529999997
World Omni Select Auto Trust 2020-A,2021-09-30,14,680,690,336,4,2,7294773.690000006
World Omni Select Auto Trust 2020-A,2021-09-30,14,690,700,292,8,3,6176258.0799999945
World Omni Select Auto Trust 2020-A,2021-09-30,14,700,710,538,9,4,12176489.930000005
World Omni Select Auto Trust 2020-A,2021-09-30,14,710,720,386,9,0,8603156.529999997
World Omni Select Auto Trust 2020-A,2021-09-30,14,720,730,736,6,2,17324884.92999998
World Omni Select Auto Trust 2020-A,2021-09-30,14,730,740,589,9,1,13967015.649999997
World Omni Select Auto Trust 2020-A,2021-09-30,14,740,750,495,4,0,11161069.790000012
World Omni Select Auto Trust 2020-A,2021-09-30,14,750,760,475,6,0,10979394.169999996
World Omni Select Auto Trust 2020-A,2021-09-30,14,760,770,409,2,2,9671266.149999995
World Omni Select Auto Trust 2020-A,2021-09-30,14,770,780,368,2,0,8534188.010000002
World Omni Select Auto Trust 2020-A,2021-09-30,14,780,790,331,0,2,7190521.830000001
World Omni Select Auto Trust 2020-A,2021-09-30,14,790,800,314,4,0,7238504.410000002
World Omni Select Auto Trust 2020-A,2021-09-30,14,800,810,310,2,2,6888670.880000001
World Omni Select Auto Trust 2020-A,2021-09-30,14,810,820,252,1,0,5472268.740000002
World Omni Select Auto Trust 2020-A,2021-09-30,14,820,830,246,2,1,5352823.81
World Omni Select Auto Trust 2020-A,2021-09-30,14,830,840,203,1,0,4527087.679999999
World Omni Select Auto Trust 2020-A,2021-09-30,14,840,850,161,0,0,3333019.110000001
World Omni Select Auto Trust 2020-A,2021-09-30,14,850,860,148,0,0,3232640.8999999994
World Omni Select Auto Trust 2020-A,2021-09-30,14,860,870,108,0,0,2175488.7099999995
World Omni Select Auto Trust 2020-A,2021-09-30,14,870,880,49,0,0,1013005.44
World Omni Select Auto Trust 2020-A,2021-09-30,14,880,890,12,0,0,229486.64
World Omni Select Auto Trust 2020-A,2022-09-30,26,400,410,1,0,0,14871.07
World Omni Select Auto Trust 2020-A,2022-09-30,26,420,430,1,0,0,11791.32
World Omni Select Auto Trust 2020-A,2022-09-30,26,450,460,1,1,0,42443.44
World Omni Select Auto Trust 2020-A,2022-09-30,26,460,470,2,1,1,52113.75
World Omni Select Auto Trust 2020-A,2022-09-30,26,470,480,7,1,1,135868.98
World Omni Select Auto Trust 2020-A,2022-09-30,26,480,490,7,3,0,144260.97999999998
World Omni Select Auto Trust 2020-A,2022-09-30,26,490,500,14,3,2,288498.56
World Omni Select Auto Trust 2020-A,2022-09-30,26,500,510,31,6,2,606704.0599999999
World Omni Select Auto Trust 2020-A,2022-09-30,26,510,520,39,4,3,712358.59
World Omni Select Auto Trust 2020-A,2022-09-30,26,520,530,35,10,0,670180.0500000002
World Omni Select Auto Trust 2020-A,2022-09-30,26,530,540,62,3,3,1051042.7200000002
World Omni Select Auto Trust 2020-A,2022-09-30,26,540,550,97,10,3,1837154.2800000003
World Omni Select Auto Trust 2020-A,2022-09-30,26,550,560,103,17,7,2050279.9799999995
World Omni Select Auto Trust 2020-A,2022-09-30,26,560,570,124,22,8,2502647.8699999987
World Omni Select Auto Trust 2020-A,2022-09-30,26,570,580,236,38,16,5029335.870000001
World Omni Select Auto Trust 2020-A,2022-09-30,26,580,590,631,67,33,13849402.919999992
World Omni Select Auto Trust 2020-A,2022-09-30,26,590,600,767,73,33,16036989.010000005
World Omni Select Auto Trust 2020-A,2022-09-30,26,600,610,939,102,21,19647029.910000004
World Omni Select Auto Trust 2020-A,2022-09-30,26,610,620,907,94,40,19349290.15
World Omni Select Auto Trust 2020-A,2022-09-30,26,620,630,1360,104,36,28054555.599999975
World Omni Select Auto Trust 2020-A,2022-09-30,26,630,640,1264,91,28,26180065.680000044
World Omni Select Auto Trust 2020-A,2022-09-30,26,640,650,1575,84,32,31682124.06000006
World Omni Select Auto Trust 2020-A,2022-09-30,26,650,660,153,8,3,2709174.499999999
World Omni Select Auto Trust 2020-A,2022-09-30,26,660,670,207,8,6,3864648.439999999
World Omni Select Auto Trust 2020-A,2022-09-30,26,670,680,205,11,4,3922824.4300000016
World Omni Select Auto Trust 2020-A,2022-09-30,26,680,690,218,7,5,3975242.1299999994
World Omni Select Auto Trust 2020-A,2022-09-30,26,690,700,172,6,5,3035700.540000002
World Omni Select Auto Trust 2020-A,2022-09-30,26,700,710,374,7,1,6756446.569999995
World Omni Select Auto Trust 2020-A,2022-09-30,26,710,720,256,9,4,4882086.610000002
World Omni Select Auto Trust 2020-A,2022-09-30,26,720,730,518,9,6,9903243.330000008
World Omni Select Auto Trust 2020-A,2022-09-30,26,730,740,422,6,0,7783831.89
World Omni Select Auto Trust 2020-A,2022-09-30,26,740,750,371,8,4,6913442.239999997
World Omni Select Auto Trust 2020-A,2022-09-30,26,750,760,339,7,0,6183284.029999999
World Omni Select Auto Trust 2020-A,2022-09-30,26,760,770,288,2,1,5419785.620000002
World Omni Select Auto Trust 2020-A,2022-09-30,26,770,780,269,2,3,4985319.479999999
World Omni Select Auto Trust 2020-A,2022-09-30,26,780,790,239,1,0,4197951.629999997
World Omni Select Auto Trust 2020-A,2022-09-30,26,790,800,235,2,2,4257982.769999998
World Omni Select Auto Trust 2020-A,2022-09-30,26,800,810,241,5,1,4399975.359999997
World Omni Select Auto Trust 2020-A,2022-09-30,26,810,820,181,5,0,3222990.1300000013
World Omni Select Auto Trust 2020-A,2022-09-30,26,820,830,185,2,1,3258645.0300000003
World Omni Select Auto Trust 2020-A,2022-09-30,26,830,840,152,0,0,2566748.479999999
World Omni Select Auto Trust 2020-A,2022-09-30,26,840,850,119,0,0,1949056.2900000003
World Omni Select Auto Trust 2020-A,2022-09-30,26,850,860,115,0,1,2009697.8700000003
World Omni Select Auto Trust 2020-A,2022-09-30,26,860,870,80,2,0,1299588.69
World Omni Select Auto Trust 2020-A,2022-09-30,26,870,880,40,1,0,629701.2699999999
World Omni Select Auto Trust 2020-A,2022-09-30,26,880,890,11,0,0,159156.48000000004
World Omni Select Auto Trust 2020-A,2023-09-30,38,400,410,1,0,0,12459.19
World Omni Select Auto Trust 2020-A,2023-09-30,38,420,430,1,0,0,9055.47
World Omni Select Auto Trust 2020-A,2023-09-30,38,450,460,1,0,0,19270.95
World Omni Select Auto Trust 2020-A,2023-09-30,38,460,470,2,0,0,23897.28
World Omni Select Auto Trust 2020-A,2023-09-30,38,470,480,5,1,3,108204.28
World Omni Select Auto Trust 2020-A,2023-09-30,38,480,490,6,1,0,69389.18
World Omni Select Auto Trust 2020-A,2023-09-30,38,490,500,9,3,2,122869.9
World Omni Select Auto Trust 2020-A,2023-09-30,38,500,510,23,5,2,400318.2400000001
World Omni Select Auto Trust 2020-A,2023-09-30,38,510,520,26,2,3,362213.34
World Omni Select Auto Trust 2020-A,2023-09-30,38,520,530,27,7,0,401750.52
World Omni Select Auto Trust 2020-A,2023-09-30,38,530,540,40,7,2,557110.9500000001
World Omni Select Auto Trust 2020-A,2023-09-30,38,540,550,76,11,3,1182568.7600000002
World Omni Select Auto Trust 2020-A,2023-09-30,38,550,560,76,12,6,1200639.12
World Omni Select Auto Trust 2020-A,2023-09-30,38,560,570,82,21,4,1359508.67
World Omni Select Auto Trust 2020-A,2023-09-30,38,570,580,168,26,12,2802584.559999999
World Omni Select Auto Trust 2020-A,2023-09-30,38,580,590,456,54,25,7857782.4200000055
World Omni Select Auto Trust 2020-A,2023-09-30,38,590,600,508,71,35,8635433.900000006
World Omni Select Auto Trust 2020-A,2023-09-30,38,600,610,706,79,25,11534814.420000013
World Omni Select Auto Trust 2020-A,2023-09-30,38,610,620,689,70,30,11296591.56999999
World Omni Select Auto Trust 2020-A,2023-09-30,38,620,630,1014,108,42,16621841.370000023
World Omni Select Auto Trust 2020-A,2023-09-30,38,630,640,941,85,36,15456193.530000001
World Omni Select Auto Trust 2020-A,2023-09-30,38,640,650,1182,90,26,18483256.360000037
World Omni Select Auto Trust 2020-A,2023-09-30,38,650,660,113,7,6,1528411.1199999996
World Omni Select Auto Trust 2020-A,2023-09-30,38,660,670,160,11,1,2291073.8400000003
World Omni Select Auto Trust 2020-A,2023-09-30,38,670,680,154,10,5,2235468.42
World Omni Select Auto Trust 2020-A,2023-09-30,38,680,690,171,5,2,2261002.7799999993
World Omni Select Auto Trust 2020-A,2023-09-30,38,690,700,126,5,0,1637359.5099999993
World Omni Select Auto Trust 2020-A,2023-09-30,38,700,710,297,10,4,4146813.559999998
World Omni Select Auto Trust 2020-A,2023-09-30,38,710,720,198,7,4,2792363.829999999
World Omni Select Auto Trust 2020-A,2023-09-30,38,720,730,419,9,2,5995092.480000003
World Omni Select Auto Trust 2020-A,2023-09-30,38,730,740,340,5,0,4587542.23
World Omni Select Auto Trust 2020-A,2023-09-30,38,740,750,295,6,4,3996452.570000001
World Omni Select Auto Trust 2020-A,2023-09-30,38,750,760,256,3,3,3403649.520000002
World Omni Select Auto Trust 2020-A,2023-09-30,38,760,770,243,2,0,3366042.469999998
World Omni Select Auto Trust 2020-A,2023-09-30,38,770,780,223,3,1,2968976.329999998
World Omni Select Auto Trust 2020-A,2023-09-30,38,780,790,197,1,1,2471100.6199999996
World Omni Select Auto Trust 2020-A,2023-09-30,38,790,800,197,4,2,2616271.9600000014
World Omni Select Auto Trust 2020-A,2023-09-30,38,800,810,183,8,1,2537864.690000001
World Omni Select Auto Trust 2020-A,2023-09-30,38,810,820,144,5,1,1897394.8899999994
World Omni Select Auto Trust 2020-A,2023-09-30,38,820,830,141,2,1,1874051.7200000004
World Omni Select Auto Trust 2020-A,2023-09-30,38,830,840,121,1,0,1460335.1500000004
World Omni Select Auto Trust 2020-A,2023-09-30,38,840,850,94,0,0,1121681.4600000002
World Omni Select Auto Trust 2020-A,2023-09-30,38,850,860,92,1,0,1142937.0400000003
World Omni Select Auto Trust 2020-A,2023-09-30,38,860,870,68,1,0,799254.8900000001
World Omni Select Auto Trust 2020-A,2023-09-30,38,870,880,30,0,0,328813.3900000001
World Omni Select Auto Trust 2020-A,2023-09-30,38,880,890,7,0,0,95044.93
World Omni Select Auto Trust 2020-A,2020-10-31,3,400,410,1,0,0,19719.68
World Omni Select Auto Trust 2020-A,2020-10-31,3,420,430,1,0,0,15632.61
World Omni Select Auto Trust 2020-A,2020-10-31,3,440,450,2,0,0,36855.32
World Omni Select Auto Trust 2020-A,2020-10-31,3,450,460,5,0,0,102389.15
World Omni Select Auto Trust 2020-A,2020-10-31,3,460,470,9,1,0,123128.51000000001
World Omni Select Auto Trust 2020-A,2020-10-31,3,470,480,19,3,0,453851.19999999995
World Omni Select Auto Trust 2020-A,2020-10-31,3,480,490,20,2,0,388846.61000000004
World Omni Select Auto Trust 2020-A,2020-10-31,3,490,500,33,1,1,695299.5599999999
World Omni Select Auto Trust 2020-A,2020-10-31,3,500,510,77,9,2,1841675.6300000001
World Omni Select Auto Trust 2020-A,2020-10-31,3,510,520,105,7,1,2196163.2300000004
World Omni Select Auto Trust 2020-A,2020-10-31,3,520,530,114,14,7,2603313.559999999
World Omni Select Auto Trust 2020-A,2020-10-31,3,530,540,162,12,1,3446799.7699999986
World Omni Select Auto Trust 2020-A,2020-10-31,3,540,550,249,12,2,5388733.660000001
World Omni Select Auto Trust 2020-A,2020-10-31,3,550,560,280,21,4,6483966.160000001
World Omni Select Auto Trust 2020-A,2020-10-31,3,560,570,356,15,7,7684193.610000002
World Omni Select Auto Trust 2020-A,2020-10-31,3,570,580,643,33,11,15225486.520000016
World Omni Select Auto Trust 2020-A,2020-10-31,3,580,590,1602,61,20,41924947.160000026
World Omni Select Auto Trust 2020-A,2020-10-31,3,590,600,2011,88,21,51960332.509999946
World Omni Select Auto Trust 2020-A,2020-10-31,3,600,610,2317,83,25,59591392.39
World Omni Select Auto Trust 2020-A,2020-10-31,3,610,620,2310,70,20,58558968.44999992
World Omni Select Auto Trust 2020-A,2020-10-31,3,620,630,3420,93,34,89252456.39999978
World Omni Select Auto Trust 2020-A,2020-10-31,3,630,640,3118,81,30,82399230.6500001
World Omni Select Auto Trust 2020-A,2020-10-31,3,640,650,3772,84,24,99144210.86999954
World Omni Select Auto Trust 2020-A,2020-10-31,3,650,660,407,12,2,9482785.670000002
World Omni Select Auto Trust 2020-A,2020-10-31,3,660,670,444,9,0,11206126.869999997
World Omni Select Auto Trust 2020-A,2020-10-31,3,670,680,468,12,2,11778545.119999986
World Omni Select Auto Trust 2020-A,2020-10-31,3,680,690,456,4,0,11445486.029999996
World Omni Select Auto Trust 2020-A,2020-10-31,3,690,700,393,10,0,9589257.710000003
World Omni Select Auto Trust 2020-A,2020-10-31,3,700,710,726,13,0,18952959.83
World Omni Select Auto Trust 2020-A,2020-10-31,3,710,720,542,5,2,14226055.390000002
World Omni Select Auto Trust 2020-A,2020-10-31,3,720,730,983,11,3,27755216.17000003
World Omni Select Auto Trust 2020-A,2020-10-31,3,730,740,807,4,5,22491822.849999998
World Omni Select Auto Trust 2020-A,2020-10-31,3,740,750,669,6,2,18423330.79999998
World Omni Select Auto Trust 2020-A,2020-10-31,3,750,760,613,10,3,17135372.040000018
World Omni Select Auto Trust 2020-A,2020-10-31,3,760,770,518,5,2,14503939.23999999
World Omni Select Auto Trust 2020-A,2020-10-31,3,770,780,492,3,1,13352662.410000011
World Omni Select Auto Trust 2020-A,2020-10-31,3,780,790,450,1,1,11725162.01000001
World Omni Select Auto Trust 2020-A,2020-10-31,3,790,800,389,2,0,10565241.180000005
World Omni Select Auto Trust 2020-A,2020-10-31,3,800,810,403,1,0,10538462.159999996
World Omni Select Auto Trust 2020-A,2020-10-31,3,810,820,323,0,0,8418348.759999998
World Omni Select Auto Trust 2020-A,2020-10-31,3,820,830,324,3,0,8325769.849999998
World Omni Select Auto Trust 2020-A,2020-10-31,3,830,840,255,2,1,6544745.690000001
World Omni Select Auto Trust 2020-A,2020-10-31,3,840,850,207,0,0,5203810.989999998
World Omni Select Auto Trust 2020-A,2020-10-31,3,850,860,192,1,0,4930734.9
World Omni Select Auto Trust 2020-A,2020-10-31,3,860,870,126,0,0,3061023.74
World Omni Select Auto Trust 2020-A,2020-10-31,3,870,880,63,0,0,1592393.9800000002
World Omni Select Auto Trust 2020-A,2020-10-31,3,880,890,15,0,0,361806.05
World Omni Select Auto Trust 2020-A,2020-10-31,3,890,900,1,0,0,16230.66
World Omni Select Auto Trust 2020-A,2021-10-31,15,400,410,1,0,0,17272.65
World Omni Select Auto Trust 2020-A,2021-10-31,15,420,430,1,0,0,13678.35
World Omni Select Auto Trust 2020-A,2021-10-31,15,440,450,1,0,0,15318.39
World Omni Select Auto Trust 2020-A,2021-10-31,15,450,460,3,0,0,65275.04
World Omni Select Auto Trust 2020-A,2021-10-31,15,460,470,4,0,1,74538.54000000001
World Omni Select Auto Trust 2020-A,2021-10-31,15,470,480,8,4,1,247822.52
World Omni Select Auto Trust 2020-A,2021-10-31,15,480,490,14,0,2,248940.70999999996
World Omni Select Auto Trust 2020-A,2021-10-31,15,490,500,18,3,1,369251.08999999997
World Omni Select Auto Trust 2020-A,2021-10-31,15,500,510,44,9,4,1013846.8999999999
World Omni Select Auto Trust 2020-A,2021-10-31,15,510,520,55,6,5,1126484.81
World Omni Select Auto Trust 2020-A,2021-10-31,15,520,530,73,10,0,1401367.22
World Omni Select Auto Trust 2020-A,2021-10-31,15,530,540,112,7,2,2077660.7499999993
World Omni Select Auto Trust 2020-A,2021-10-31,15,540,550,156,9,2,3057296.7800000007
World Omni Select Auto Trust 2020-A,2021-10-31,15,550,560,160,24,10,3651565.390000001
World Omni Select Auto Trust 2020-A,2021-10-31,15,560,570,216,24,3,4386781.300000001
World Omni Select Auto Trust 2020-A,2021-10-31,15,570,580,388,34,13,8481965.620000005
World Omni Select Auto Trust 2020-A,2021-10-31,15,580,590,997,91,20,24176791.149999984
World Omni Select Auto Trust 2020-A,2021-10-31,15,590,600,1212,101,31,28681663.890000023
World Omni Select Auto Trust 2020-A,2021-10-31,15,600,610,1449,101,39,34114997.06
World Omni Select Auto Trust 2020-A,2021-10-31,15,610,620,1461,100,27,34008408.73999999
World Omni Select Auto Trust 2020-A,2021-10-31,15,620,630,2134,110,36,49575542.36000005
World Omni Select Auto Trust 2020-A,2021-10-31,15,630,640,1935,84,32,45015842.28999994
World Omni Select Auto Trust 2020-A,2021-10-31,15,640,650,2411,88,38,55969068.169999994
World Omni Select Auto Trust 2020-A,2021-10-31,15,650,660,245,7,9,5050242.66
World Omni Select Auto Trust 2020-A,2021-10-31,15,660,670,294,14,3,6575331.38
World Omni Select Auto Trust 2020-A,2021-10-31,15,670,680,307,12,1,6640856.670000002
World Omni Select Auto Trust 2020-A,2021-10-31,15,680,690,324,8,1,6980829.130000001
World Omni Select Auto Trust 2020-A,2021-10-31,15,690,700,286,6,0,5962247.669999999
World Omni Select Auto Trust 2020-A,2021-10-31,15,700,710,530,10,2,11832619.86
World Omni Select Auto Trust 2020-A,2021-10-31,15,710,720,371,8,4,8261077.379999999
World Omni Select Auto Trust 2020-A,2021-10-31,15,720,730,705,10,6,16690564.110000003
World Omni Select Auto Trust 2020-A,2021-10-31,15,730,740,571,6,3,13239800.779999994
World Omni Select Auto Trust 2020-A,2021-10-31,15,740,750,481,4,0,10673949.520000003
World Omni Select Auto Trust 2020-A,2021-10-31,15,750,760,459,6,1,10447368.830000002
World Omni Select Auto Trust 2020-A,2021-10-31,15,760,770,403,3,1,9366819.329999996
World Omni Select Auto Trust 2020-A,2021-10-31,15,770,780,355,2,1,8112640.459999999
World Omni Select Auto Trust 2020-A,2021-10-31,15,780,790,319,4,1,6882639.069999997
World Omni Select Auto Trust 2020-A,2021-10-31,15,790,800,305,2,0,6841053.099999999
World Omni Select Auto Trust 2020-A,2021-10-31,15,800,810,302,4,0,6642361.260000002
World Omni Select Auto Trust 2020-A,2021-10-31,15,810,820,248,3,0,5326023.49
World Omni Select Auto Trust 2020-A,2021-10-31,15,820,830,239,3,1,5109428.299999999
World Omni Select Auto Trust 2020-A,2021-10-31,15,830,840,198,2,0,4389805.449999998
World Omni Select Auto Trust 2020-A,2021-10-31,15,840,850,158,0,0,3234622.3
World Omni Select Auto Trust 2020-A,2021-10-31,15,850,860,143,0,0,3095255.95
World Omni Select Auto Trust 2020-A,2021-10-31,15,860,870,107,0,0,2108540.2800000003
World Omni Select Auto Trust 2020-A,2021-10-31,15,870,880,49,0,0,995688.9100000001
World Omni Select Auto Trust 2020-A,2021-10-31,15,880,890,12,0,0,225640.36000000004
World Omni Select Auto Trust 2020-A,2022-10-31,27,400,410,1,0,0,14871.07
World Omni Select Auto Trust 2020-A,2022-10-31,27,420,430,1,0,0,11404.14
World Omni Select Auto Trust 2020-A,2022-10-31,27,450,460,2,0,0,41260.5
World Omni Select Auto Trust 2020-A,2022-10-31,27,460,470,3,1,0,50188.71
World Omni Select Auto Trust 2020-A,2022-10-31,27,470,480,5,3,1,134037.11
World Omni Select Auto Trust 2020-A,2022-10-31,27,480,490,6,3,1,142180.06999999998
World Omni Select Auto Trust 2020-A,2022-10-31,27,490,500,14,2,1,241957.80000000002
World Omni Select Auto Trust 2020-A,2022-10-31,27,500,510,30,7,1,594099.31
World Omni Select Auto Trust 2020-A,2022-10-31,27,510,520,33,9,2,667684.4799999999
World Omni Select Auto Trust 2020-A,2022-10-31,27,520,530,33,7,5,659959.4700000001
World Omni Select Auto Trust 2020-A,2022-10-31,27,530,540,58,8,0,987158.8699999998
World Omni Select Auto Trust 2020-A,2022-10-31,27,540,550,94,11,3,1778381.1699999997
World Omni Select Auto Trust 2020-A,2022-10-31,27,550,560,109,12,4,1963668.6300000001
World Omni Select Auto Trust 2020-A,2022-10-31,27,560,570,122,21,7,2392138.4099999988
World Omni Select Auto Trust 2020-A,2022-10-31,27,570,580,233,37,11,4778386.080000006
World Omni Select Auto Trust 2020-A,2022-10-31,27,580,590,593,86,32,13199052.44
World Omni Select Auto Trust 2020-A,2022-10-31,27,590,600,731,83,38,15389091.799999978
World Omni Select Auto Trust 2020-A,2022-10-31,27,600,610,893,110,31,18799211.800000012
World Omni Select Auto Trust 2020-A,2022-10-31,27,610,620,890,82,40,18468097.040000003
World Omni Select Auto Trust 2020-A,2022-10-31,27,620,630,1316,98,47,26862438.919999976
World Omni Select Auto Trust 2020-A,2022-10-31,27,630,640,1235,91,27,25072527.900000017
World Omni Select Auto Trust 2020-A,2022-10-31,27,640,650,1517,93,39,30382763.259999976
World Omni Select Auto Trust 2020-A,2022-10-31,27,650,660,151,5,2,2563151.0199999996
World Omni Select Auto Trust 2020-A,2022-10-31,27,660,670,206,5,6,3716304.799999999
World Omni Select Auto Trust 2020-A,2022-10-31,27,670,680,201,11,5,3788611.4000000004
World Omni Select Auto Trust 2020-A,2022-10-31,27,680,690,217,9,2,3856311.6999999983
World Omni Select Auto Trust 2020-A,2022-10-31,27,690,700,167,5,7,2903890.0700000017
World Omni Select Auto Trust 2020-A,2022-10-31,27,700,710,362,9,2,6385779.879999999
World Omni Select Auto Trust 2020-A,2022-10-31,27,710,720,254,8,5,4725614.289999997
World Omni Select Auto Trust 2020-A,2022-10-31,27,720,730,502,8,8,9417097.749999993
World Omni Select Auto Trust 2020-A,2022-10-31,27,730,740,412,7,1,7465293.029999999
World Omni Select Auto Trust 2020-A,2022-10-31,27,740,750,362,7,1,6520945.790000004
World Omni Select Auto Trust 2020-A,2022-10-31,27,750,760,331,7,2,5914273.249999995
World Omni Select Auto Trust 2020-A,2022-10-31,27,760,770,286,3,0,5260557.690000004
World Omni Select Auto Trust 2020-A,2022-10-31,27,770,780,264,3,2,4774058.250000001
World Omni Select Auto Trust 2020-A,2022-10-31,27,780,790,236,0,0,4058935.4400000013
World Omni Select Auto Trust 2020-A,2022-10-31,27,790,800,233,4,1,4149735.789999998
World Omni Select Auto Trust 2020-A,2022-10-31,27,800,810,235,8,1,4230407.149999998
World Omni Select Auto Trust 2020-A,2022-10-31,27,810,820,174,5,1,3031400.660000002
World Omni Select Auto Trust 2020-A,2022-10-31,27,820,830,182,2,2,3141206.6499999994
World Omni Select Auto Trust 2020-A,2022-10-31,27,830,840,151,0,0,2491334.6199999996
World Omni Select Auto Trust 2020-A,2022-10-31,27,840,850,116,0,0,1836652.2499999998
World Omni Select Auto Trust 2020-A,2022-10-31,27,850,860,114,0,1,1935061.9200000004
World Omni Select Auto Trust 2020-A,2022-10-31,27,860,870,78,2,0,1237915.9500000002
World Omni Select Auto Trust 2020-A,2022-10-31,27,870,880,39,1,0,612138.48
World Omni Select Auto Trust 2020-A,2022-10-31,27,880,890,11,0,0,155265.01
World Omni Select Auto Trust 2020-A,2023-10-31,39,400,410,1,0,0,12104.09
World Omni Select Auto Trust 2020-A,2023-10-31,39,420,430,1,0,0,8842.94
World Omni Select Auto Trust 2020-A,2023-10-31,39,450,460,1,0,0,18672.73
World Omni Select Auto Trust 2020-A,2023-10-31,39,460,470,1,1,0,23619.06
World Omni Select Auto Trust 2020-A,2023-10-31,39,470,480,4,3,1,94998.5
World Omni Select Auto Trust 2020-A,2023-10-31,39,480,490,6,1,0,66645.39
World Omni Select Auto Trust 2020-A,2023-10-31,39,490,500,10,1,2,118490.93000000001
World Omni Select Auto Trust 2020-A,2023-10-31,39,500,510,24,4,2,390869.68000000005
World Omni Select Auto Trust 2020-A,2023-10-31,39,510,520,22,5,3,343599.13000000006
World Omni Select Auto Trust 2020-A,2023-10-31,39,520,530,30,2,2,391698.72
World Omni Select Auto Trust 2020-A,2023-10-31,39,530,540,40,6,1,518935.6699999999
World Omni Select Auto Trust 2020-A,2023-10-31,39,540,550,75,9,4,1126750.6600000001
World Omni Select Auto Trust 2020-A,2023-10-31,39,550,560,78,8,5,1148563.3099999996
World Omni Select Auto Trust 2020-A,2023-10-31,39,560,570,84,17,3,1289706.29
World Omni Select Auto Trust 2020-A,2023-10-31,39,570,580,167,30,6,2684013.689999997
World Omni Select Auto Trust 2020-A,2023-10-31,39,580,590,444,56,21,7449723.529999999
World Omni Select Auto Trust 2020-A,2023-10-31,39,590,600,498,75,29,8232826.530000005
World Omni Select Auto Trust 2020-A,2023-10-31,39,600,610,678,92,26,11025917.479999995
World Omni Select Auto Trust 2020-A,2023-10-31,39,610,620,660,83,29,10760265.119999995
World Omni Select Auto Trust 2020-A,2023-10-31,39,620,630,997,102,36,15759715.439999992
World Omni Select Auto Trust 2020-A,2023-10-31,39,630,640,915,88,35,14655531.700000003
World Omni Select Auto Trust 2020-A,2023-10-31,39,640,650,1156,90,28,17597401.589999974
World Omni Select Auto Trust 2020-A,2023-10-31,39,650,660,109,9,6,1454215.3199999998
World Omni Select Auto Trust 2020-A,2023-10-31,39,660,670,151,11,2,2107450.9800000004
World Omni Select Auto Trust 2020-A,2023-10-31,39,670,680,153,10,5,2152478.34
World Omni Select Auto Trust 2020-A,2023-10-31,39,680,690,163,10,1,2142728.75
World Omni Select Auto Trust 2020-A,2023-10-31,39,690,700,123,4,1,1578729.3400000008
World Omni Select Auto Trust 2020-A,2023-10-31,39,700,710,292,14,3,3985467.319999999
World Omni Select Auto Trust 2020-A,2023-10-31,39,710,720,193,8,2,2631042.9799999995
World Omni Select Auto Trust 2020-A,2023-10-31,39,720,730,417,10,3,5807907.820000001
World Omni Select Auto Trust 2020-A,2023-10-31,39,730,740,335,5,1,4386779.150000001
World Omni Select Auto Trust 2020-A,2023-10-31,39,740,750,286,7,3,3713445.3099999987
World Omni Select Auto Trust 2020-A,2023-10-31,39,750,760,250,5,3,3220924.0800000005
World Omni Select Auto Trust 2020-A,2023-10-31,39,760,770,237,4,0,3219411.08
World Omni Select Auto Trust 2020-A,2023-10-31,39,770,780,218,2,2,2820463.5799999996
World Omni Select Auto Trust 2020-A,2023-10-31,39,780,790,192,2,1,2345136.19
World Omni Select Auto Trust 2020-A,2023-10-31,39,790,800,194,4,2,2486529.2499999986
World Omni Select Auto Trust 2020-A,2023-10-31,39,800,810,185,3,2,2428230.5599999996
World Omni Select Auto Trust 2020-A,2023-10-31,39,810,820,140,3,0,1784015.5300000005
World Omni Select Auto Trust 2020-A,2023-10-31,39,820,830,141,3,0,1813308.2799999998
World Omni Select Auto Trust 2020-A,2023-10-31,39,830,840,118,2,0,1380284.7900000003
World Omni Select Auto Trust 2020-A,2023-10-31,39,840,850,89,0,0,1025765.4800000002
World Omni Select Auto Trust 2020-A,2023-10-31,39,850,860,92,1,0,1100630.9700000002
World Omni Select Auto Trust 2020-A,2023-10-31,39,860,870,64,2,0,744018.33
World Omni Select Auto Trust 2020-A,2023-10-31,39,870,880,29,0,0,305589.78
World Omni Select Auto Trust 2020-A,2023-10-31,39,880,890,7,0,0,93030.64000000001
World Omni Select Auto Trust 2020-A,2020-11-30,4,400,410,1,0,0,19605.97
World Omni Select Auto Trust 2020-A,2020-11-30,4,420,430,1,0,0,15471.66
World Omni Select Auto Trust 2020-A,2020-11-30,4,440,450,2,0,0,36522.009999999995
World Omni Select Auto Trust 2020-A,2020-11-30,4,450,460,5,0,0,100959.78
World Omni Select Auto Trust 2020-A,2020-11-30,4,460,470,8,1,1,120834.16
World Omni Select Auto Trust 2020-A,2020-11-30,4,470,480,19,0,2,403193.41000000003
World Omni Select Auto Trust 2020-A,2020-11-30,4,480,490,21,1,0,384600.06000000006
World Omni Select Auto Trust 2020-A,2020-11-30,4,490,500,30,2,2,670858.6800000002
World Omni Select Auto Trust 2020-A,2020-11-30,4,500,510,78,5,3,1775877.3599999999
World Omni Select Auto Trust 2020-A,2020-11-30,4,510,520,105,5,0,2115517.5300000003
World Omni Select Auto Trust 2020-A,2020-11-30,4,520,530,109,18,3,2528193.8400000003
World Omni Select Auto Trust 2020-A,2020-11-30,4,530,540,162,8,4,3381273.0100000016
World Omni Select Auto Trust 2020-A,2020-11-30,4,540,550,240,16,1,5179607.539999999
World Omni Select Auto Trust 2020-A,2020-11-30,4,550,560,273,17,7,6260838.609999999
World Omni Select Auto Trust 2020-A,2020-11-30,4,560,570,343,22,3,7497865.54
World Omni Select Auto Trust 2020-A,2020-11-30,4,570,580,619,41,15,14745502.839999987
World Omni Select Auto Trust 2020-A,2020-11-30,4,580,590,1549,81,22,40728190.78999999
World Omni Select Auto Trust 2020-A,2020-11-30,4,590,600,1945,101,29,50276441.140000015
World Omni Select Auto Trust 2020-A,2020-11-30,4,600,610,2240,101,27,57712922.239999995
World Omni Select Auto Trust 2020-A,2020-11-30,4,610,620,2246,86,23,57017066.17999996
World Omni Select Auto Trust 2020-A,2020-11-30,4,620,630,3323,107,41,86462740.81000002
World Omni Select Auto Trust 2020-A,2020-11-30,4,630,640,3039,82,45,79857783.71
World Omni Select Auto Trust 2020-A,2020-11-30,4,640,650,3683,80,34,96052494.49000007
World Omni Select Auto Trust 2020-A,2020-11-30,4,650,660,393,11,3,9072020.45
World Omni Select Auto Trust 2020-A,2020-11-30,4,660,670,429,13,3,10854366.26
World Omni Select Auto Trust 2020-A,2020-11-30,4,670,680,457,12,2,11410572.269999998
World Omni Select Auto Trust 2020-A,2020-11-30,4,680,690,449,5,1,11113479.350000001
World Omni Select Auto Trust 2020-A,2020-11-30,4,690,700,389,7,3,9346762.520000003
World Omni Select Auto Trust 2020-A,2020-11-30,4,700,710,706,12,1,18218192.74000001
World Omni Select Auto Trust 2020-A,2020-11-30,4,710,720,531,7,2,13792526.510000005
World Omni Select Auto Trust 2020-A,2020-11-30,4,720,730,955,10,9,26681059.08999999
World Omni Select Auto Trust 2020-A,2020-11-30,4,730,740,796,2,3,21771873.520000003
World Omni Select Auto Trust 2020-A,2020-11-30,4,740,750,655,6,0,17807280.369999997
World Omni Select Auto Trust 2020-A,2020-11-30,4,750,760,607,9,2,16600494.329999994
World Omni Select Auto Trust 2020-A,2020-11-30,4,760,770,517,2,2,14193238.91
World Omni Select Auto Trust 2020-A,2020-11-30,4,770,780,483,3,2,12920413.259999994
World Omni Select Auto Trust 2020-A,2020-11-30,4,780,790,437,6,1,11374683.019999998
World Omni Select Auto Trust 2020-A,2020-11-30,4,790,800,381,4,0,10272059.770000001
World Omni Select Auto Trust 2020-A,2020-11-30,4,800,810,391,4,0,10182916.910000002
World Omni Select Auto Trust 2020-A,2020-11-30,4,810,820,318,1,0,8220032.470000001
World Omni Select Auto Trust 2020-A,2020-11-30,4,820,830,313,4,0,8004153.389999999
World Omni Select Auto Trust 2020-A,2020-11-30,4,830,840,255,1,1,6441006.029999999
World Omni Select Auto Trust 2020-A,2020-11-30,4,840,850,200,0,0,4863710.14
World Omni Select Auto Trust 2020-A,2020-11-30,4,850,860,192,0,0,4823829.82
World Omni Select Auto Trust 2020-A,2020-11-30,4,860,870,126,0,0,3019369.66
World Omni Select Auto Trust 2020-A,2020-11-30,4,870,880,61,1,0,1529950.5599999998
World Omni Select Auto Trust 2020-A,2020-11-30,4,880,890,14,0,0,339588.51
World Omni Select Auto Trust 2020-A,2020-11-30,4,890,900,1,0,0,16015.75
World Omni Select Auto Trust 2020-A,2021-11-30,16,400,410,1,0,0,17153.85
World Omni Select Auto Trust 2020-A,2021-11-30,16,420,430,1,0,0,13488.72
World Omni Select Auto Trust 2020-A,2021-11-30,16,440,450,0,1,0,15318.39
World Omni Select Auto Trust 2020-A,2021-11-30,16,450,460,3,0,0,64828.28
World Omni Select Auto Trust 2020-A,2021-11-30,16,460,470,4,0,1,73227.33
World Omni Select Auto Trust 2020-A,2021-11-30,16,470,480,10,3,0,242959.11000000002
World Omni Select Auto Trust 2020-A,2021-11-30,16,480,490,11,3,1,246007.43000000002
World Omni Select Auto Trust 2020-A,2021-11-30,16,490,500,15,6,0,354217.72
World Omni Select Auto Trust 2020-A,2021-11-30,16,500,510,40,8,6,962851.78
World Omni Select Auto Trust 2020-A,2021-11-30,16,510,520,53,5,3,1075246.95
World Omni Select Auto Trust 2020-A,2021-11-30,16,520,530,70,9,2,1341868.1900000002
World Omni Select Auto Trust 2020-A,2021-11-30,16,530,540,107,6,3,1963924.3199999994
World Omni Select Auto Trust 2020-A,2021-11-30,16,540,550,143,12,3,2875937.5499999993
World Omni Select Auto Trust 2020-A,2021-11-30,16,550,560,159,25,6,3521711.600000001
World Omni Select Auto Trust 2020-A,2021-11-30,16,560,570,205,28,5,4282422.420000003
World Omni Select Auto Trust 2020-A,2021-11-30,16,570,580,367,37,12,8004946.869999994
World Omni Select Auto Trust 2020-A,2021-11-30,16,580,590,968,73,28,23028513.60999999
World Omni Select Auto Trust 2020-A,2021-11-30,16,590,600,1161,88,38,27071356.720000003
World Omni Select Auto Trust 2020-A,2021-11-30,16,600,610,1381,97,39,32327030.700000003
World Omni Select Auto Trust 2020-A,2021-11-30,16,610,620,1395,86,39,32310840.42999996
World Omni Select Auto Trust 2020-A,2021-11-30,16,620,630,2055,107,27,46958092.889999956
World Omni Select Auto Trust 2020-A,2021-11-30,16,630,640,1849,80,32,42622979.90000002
World Omni Select Auto Trust 2020-A,2021-11-30,16,640,650,2311,93,38,53349046.05999997
World Omni Select Auto Trust 2020-A,2021-11-30,16,650,660,229,10,6,4668554.429999997
World Omni Select Auto Trust 2020-A,2021-11-30,16,660,670,284,12,3,6174105.170000001
World Omni Select Auto Trust 2020-A,2021-11-30,16,670,680,294,12,3,6294908.3500000015
World Omni Select Auto Trust 2020-A,2021-11-30,16,680,690,310,10,2,6671554.050000003
World Omni Select Auto Trust 2020-A,2021-11-30,16,690,700,264,8,3,5500435.020000005
World Omni Select Auto Trust 2020-A,2021-11-30,16,700,710,495,18,3,11170081.229999995
World Omni Select Auto Trust 2020-A,2021-11-30,16,710,720,356,13,3,8001316.419999996
World Omni Select Auto Trust 2020-A,2021-11-30,16,720,730,689,7,6,15918409.830000002
World Omni Select Auto Trust 2020-A,2021-11-30,16,730,740,556,0,5,12496838.410000006
World Omni Select Auto Trust 2020-A,2021-11-30,16,740,750,470,2,1,10242320.730000006
World Omni Select Auto Trust 2020-A,2021-11-30,16,750,760,442,3,2,9755059.080000008
World Omni Select Auto Trust 2020-A,2021-11-30,16,760,770,396,2,0,9027497.879999995
World Omni Select Auto Trust 2020-A,2021-11-30,16,770,780,334,7,0,7582166.570000001
World Omni Select Auto Trust 2020-A,2021-11-30,16,780,790,309,1,0,6457165.779999999
World Omni Select Auto Trust 2020-A,2021-11-30,16,790,800,296,3,0,6490488.959999999
World Omni Select Auto Trust 2020-A,2021-11-30,16,800,810,297,2,0,6376382.81
World Omni Select Auto Trust 2020-A,2021-11-30,16,810,820,240,2,0,4996571.650000002
World Omni Select Auto Trust 2020-A,2021-11-30,16,820,830,230,4,0,4836378.290000001
World Omni Select Auto Trust 2020-A,2021-11-30,16,830,840,193,1,0,4211923.300000004
World Omni Select Auto Trust 2020-A,2021-11-30,16,840,850,153,1,0,3093443.5500000003
World Omni Select Auto Trust 2020-A,2021-11-30,16,850,860,140,0,0,3004240.73
World Omni Select Auto Trust 2020-A,2021-11-30,16,860,870,105,0,0,2044766.1200000003
World Omni Select Auto Trust 2020-A,2021-11-30,16,870,880,48,0,0,955464.9800000003
World Omni Select Auto Trust 2020-A,2021-11-30,16,880,890,12,0,0,221983.46000000002
World Omni Select Auto Trust 2020-A,2022-11-30,28,400,410,1,0,0,14690.59
World Omni Select Auto Trust 2020-A,2022-11-30,28,420,430,1,0,0,11196.29
World Omni Select Auto Trust 2020-A,2022-11-30,28,450,460,1,1,0,41016.380000000005
World Omni Select Auto Trust 2020-A,2022-11-30,28,460,470,3,0,1,49856.03
World Omni Select Auto Trust 2020-A,2022-11-30,28,470,480,6,2,1,131380.87
World Omni Select Auto Trust 2020-A,2022-11-30,28,480,490,6,0,4,140032.02999999997
World Omni Select Auto Trust 2020-A,2022-11-30,28,490,500,14,3,0,237236.35
World Omni Select Auto Trust 2020-A,2022-11-30,28,500,510,27,8,1,552474.03
World Omni Select Auto Trust 2020-A,2022-11-30,28,510,520,36,6,2,655001.4099999999
World Omni Select Auto Trust 2020-A,2022-11-30,28,520,530,34,5,4,601333.87
World Omni Select Auto Trust 2020-A,2022-11-30,28,530,540,54,10,1,971140.02
World Omni Select Auto Trust 2020-A,2022-11-30,28,540,550,93,10,4,1722727.92
World Omni Select Auto Trust 2020-A,2022-11-30,28,550,560,103,16,2,1885098.9099999997
World Omni Select Auto Trust 2020-A,2022-11-30,28,560,570,120,18,9,2301806.3200000003
World Omni Select Auto Trust 2020-A,2022-11-30,28,570,580,217,40,10,4457308.550000001
World Omni Select Auto Trust 2020-A,2022-11-30,28,580,590,573,78,32,12409864.759999998
World Omni Select Auto Trust 2020-A,2022-11-30,28,590,600,705,81,36,14507585.11
World Omni Select Auto Trust 2020-A,2022-11-30,28,600,610,884,95,29,18011689.67
World Omni Select Auto Trust 2020-A,2022-11-30,28,610,620,846,90,40,17585394.46999999
World Omni Select Auto Trust 2020-A,2022-11-30,28,620,630,1281,92,47,25653325.080000002
World Omni Select Auto Trust 2020-A,2022-11-30,28,630,640,1195,87,37,24059993.689999975
World Omni Select Auto Trust 2020-A,2022-11-30,28,640,650,1481,89,40,29094359.309999987
World Omni Select Auto Trust 2020-A,2022-11-30,28,650,660,144,7,2,2418801.619999999
World Omni Select Auto Trust 2020-A,2022-11-30,28,660,670,203,7,4,3603170.5200000005
World Omni Select Auto Trust 2020-A,2022-11-30,28,670,680,202,6,7,3651929.2300000004
World Omni Select Auto Trust 2020-A,2022-11-30,28,680,690,204,9,5,3623649.7600000007
World Omni Select Auto Trust 2020-A,2022-11-30,28,690,700,158,6,5,2695968.0599999996
World Omni Select Auto Trust 2020-A,2022-11-30,28,700,710,358,6,3,6217516.220000002
World Omni Select Auto Trust 2020-A,2022-11-30,28,710,720,254,6,5,4576510.160000002
World Omni Select Auto Trust 2020-A,2022-11-30,28,720,730,499,4,4,9034797.230000006
World Omni Select Auto Trust 2020-A,2022-11-30,28,730,740,405,7,1,7152045.32
World Omni Select Auto Trust 2020-A,2022-11-30,28,740,750,349,5,4,6141473.270000003
World Omni Select Auto Trust 2020-A,2022-11-30,28,750,760,322,3,3,5564972.17
World Omni Select Auto Trust 2020-A,2022-11-30,28,760,770,279,2,1,5022321.189999999
World Omni Select Auto Trust 2020-A,2022-11-30,28,770,780,262,5,0,4616241.7299999995
World Omni Select Auto Trust 2020-A,2022-11-30,28,780,790,229,1,0,3827255.3000000003
World Omni Select Auto Trust 2020-A,2022-11-30,28,790,800,224,4,1,3947403.5600000005
World Omni Select Auto Trust 2020-A,2022-11-30,28,800,810,232,2,1,3960099.7599999993
World Omni Select Auto Trust 2020-A,2022-11-30,28,810,820,169,7,2,2944732.74
World Omni Select Auto Trust 2020-A,2022-11-30,28,820,830,181,2,1,3041675.9300000006
World Omni Select Auto Trust 2020-A,2022-11-30,28,830,840,146,0,0,2358864.6799999997
World Omni Select Auto Trust 2020-A,2022-11-30,28,840,850,116,0,0,1789894.4000000004
World Omni Select Auto Trust 2020-A,2022-11-30,28,850,860,110,1,0,1819274.0699999998
World Omni Select Auto Trust 2020-A,2022-11-30,28,860,870,76,3,0,1205013.67
World Omni Select Auto Trust 2020-A,2022-11-30,28,870,880,38,0,1,576573.3799999999
World Omni Select Auto Trust 2020-A,2022-11-30,28,880,890,11,0,0,149123.63999999998
World Omni Select Auto Trust 2020-A,2023-11-30,40,400,410,1,0,0,12059.14
World Omni Select Auto Trust 2020-A,2023-11-30,40,420,430,1,0,0,8578.71
World Omni Select Auto Trust 2020-A,2023-11-30,40,450,460,1,0,0,18346.29
World Omni Select Auto Trust 2020-A,2023-11-30,40,460,470,1,1,0,23089.760000000002
World Omni Select Auto Trust 2020-A,2023-11-30,40,470,480,4,3,1,93062.3
World Omni Select Auto Trust 2020-A,2023-11-30,40,480,490,6,0,1,65239.590000000004
World Omni Select Auto Trust 2020-A,2023-11-30,40,490,500,9,4,0,115689.81
World Omni Select Auto Trust 2020-A,2023-11-30,40,500,510,22,6,2,383382.77999999997
World Omni Select Auto Trust 2020-A,2023-11-30,40,510,520,24,2,4,333093.88000000006
World Omni Select Auto Trust 2020-A,2023-11-30,40,520,530,27,4,2,382245.32999999996
World Omni Select Auto Trust 2020-A,2023-11-30,40,530,540,37,7,3,505816.98
World Omni Select Auto Trust 2020-A,2023-11-30,40,540,550,71,10,4,1063873.9999999998
World Omni Select Auto Trust 2020-A,2023-11-30,40,550,560,69,11,6,1067842.7799999993
World Omni Select Auto Trust 2020-A,2023-11-30,40,560,570,81,15,6,1229817.5700000003
World Omni Select Auto Trust 2020-A,2023-11-30,40,570,580,172,19,8,2562535.740000002
World Omni Select Auto Trust 2020-A,2023-11-30,40,580,590,432,59,25,7175361.94000001
World Omni Select Auto Trust 2020-A,2023-11-30,40,590,600,504,67,23,7905040.84
World Omni Select Auto Trust 2020-A,2023-11-30,40,600,610,675,81,27,10503884.520000014
World Omni Select Auto Trust 2020-A,2023-11-30,40,610,620,661,73,23,10275372.490000004
World Omni Select Auto Trust 2020-A,2023-11-30,40,620,630,969,101,39,15020108.569999984
World Omni Select Auto Trust 2020-A,2023-11-30,40,630,640,904,83,34,14020073.109999992
World Omni Select Auto Trust 2020-A,2023-11-30,40,640,650,1140,76,38,16862939.999999993
World Omni Select Auto Trust 2020-A,2023-11-30,40,650,660,103,10,7,1391116.0000000002
World Omni Select Auto Trust 2020-A,2023-11-30,40,660,670,142,13,5,1984866.4899999998
World Omni Select Auto Trust 2020-A,2023-11-30,40,670,680,149,9,5,1990774.8
World Omni Select Auto Trust 2020-A,2023-11-30,40,680,690,156,6,5,2020577.3800000006
World Omni Select Auto Trust 2020-A,2023-11-30,40,690,700,119,4,2,1513230.96
World Omni Select Auto Trust 2020-A,2023-11-30,40,700,710,287,15,3,3799018.940000002
World Omni Select Auto Trust 2020-A,2023-11-30,40,710,720,191,7,3,2514928.2399999998
World Omni Select Auto Trust 2020-A,2023-11-30,40,720,730,418,7,2,5587730.189999994
World Omni Select Auto Trust 2020-A,2023-11-30,40,730,740,331,3,1,4175054.020000002
World Omni Select Auto Trust 2020-A,2023-11-30,40,740,750,278,5,2,3472276.259999998
World Omni Select Auto Trust 2020-A,2023-11-30,40,750,760,244,6,2,3061031.22
World Omni Select Auto Trust 2020-A,2023-11-30,40,760,770,235,4,0,3073127.6999999993
World Omni Select Auto Trust 2020-A,2023-11-30,40,770,780,213,2,0,2662024.4200000027
World Omni Select Auto Trust 2020-A,2023-11-30,40,780,790,191,2,1,2256172.789999999
World Omni Select Auto Trust 2020-A,2023-11-30,40,790,800,189,5,2,2337649.8000000007
World Omni Select Auto Trust 2020-A,2023-11-30,40,800,810,179,5,1,2302028.8700000006
World Omni Select Auto Trust 2020-A,2023-11-30,40,810,820,139,2,0,1677034.5
World Omni Select Auto Trust 2020-A,2023-11-30,40,820,830,140,1,0,1735776.1699999995
World Omni Select Auto Trust 2020-A,2023-11-30,40,830,840,115,1,0,1309112.0899999994
World Omni Select Auto Trust 2020-A,2023-11-30,40,840,850,88,1,0,988194.2700000001
World Omni Select Auto Trust 2020-A,2023-11-30,40,850,860,89,1,0,1034292.4899999999
World Omni Select Auto Trust 2020-A,2023-11-30,40,860,870,64,2,0,717237.29
World Omni Select Auto Trust 2020-A,2023-11-30,40,870,880,29,0,0,294119.45999999996
World Omni Select Auto Trust 2020-A,2023-11-30,40,880,890,7,0,0,90210.73
World Omni Select Auto Trust 2020-A,2020-12-31,5,400,410,1,0,0,19402.78
World Omni Select Auto Trust 2020-A,2020-12-31,5,420,430,1,0,0,15304.88
World Omni Select Auto Trust 2020-A,2020-12-31,5,440,450,2,0,0,36241.86
World Omni Select Auto Trust 2020-A,2020-12-31,5,450,460,4,0,0,82001.92
World Omni Select Auto Trust 2020-A,2020-12-31,5,460,470,7,3,0,119330.18
World Omni Select Auto Trust 2020-A,2020-12-31,5,470,480,19,1,1,399497.36999999994
World Omni Select Auto Trust 2020-A,2020-12-31,5,480,490,18,4,0,345974.73
World Omni Select Auto Trust 2020-A,2020-12-31,5,490,500,29,1,0,583278.4600000001
World Omni Select Auto Trust 2020-A,2020-12-31,5,500,510,73,9,1,1663953.0999999992
World Omni Select Auto Trust 2020-A,2020-12-31,5,510,520,95,9,1,2027109.0899999999
World Omni Select Auto Trust 2020-A,2020-12-31,5,520,530,109,11,8,2433449.670000001
World Omni Select Auto Trust 2020-A,2020-12-31,5,530,540,157,8,6,3282641.6799999983
World Omni Select Auto Trust 2020-A,2020-12-31,5,540,550,224,14,9,4925868.3599999985
World Omni Select Auto Trust 2020-A,2020-12-31,5,550,560,254,29,7,6041881.629999995
World Omni Select Auto Trust 2020-A,2020-12-31,5,560,570,331,25,6,7226045.3400000045
World Omni Select Auto Trust 2020-A,2020-12-31,5,570,580,595,43,16,14136337.82999999
World Omni Select Auto Trust 2020-A,2020-12-31,5,580,590,1500,82,30,39482996.17000003
World Omni Select Auto Trust 2020-A,2020-12-31,5,590,600,1878,110,33,48455293.88999996
World Omni Select Auto Trust 2020-A,2020-12-31,5,600,610,2167,128,21,55810728.29999995
World Omni Select Auto Trust 2020-A,2020-12-31,5,610,620,2169,95,35,54998248.86000004
World Omni Select Auto Trust 2020-A,2020-12-31,5,620,630,3213,123,53,83387750.25000018
World Omni Select Auto Trust 2020-A,2020-12-31,5,630,640,2941,102,39,76730366.31999989
World Omni Select Auto Trust 2020-A,2020-12-31,5,640,650,3571,104,30,92517707.9200001
World Omni Select Auto Trust 2020-A,2020-12-31,5,650,660,389,8,4,8864746.89
World Omni Select Auto Trust 2020-A,2020-12-31,5,660,670,414,13,4,10370466.219999999
World Omni Select Auto Trust 2020-A,2020-12-31,5,670,680,441,13,6,11037362.969999993
World Omni Select Auto Trust 2020-A,2020-12-31,5,680,690,439,6,2,10822134.830000002
World Omni Select Auto Trust 2020-A,2020-12-31,5,690,700,376,7,5,9006596.879999999
World Omni Select Auto Trust 2020-A,2020-12-31,5,700,710,689,18,5,17796386.099999998
World Omni Select Auto Trust 2020-A,2020-12-31,5,710,720,518,4,3,13128885.86000001
World Omni Select Auto Trust 2020-A,2020-12-31,5,720,730,936,13,5,25723664.610000003
World Omni Select Auto Trust 2020-A,2020-12-31,5,730,740,773,5,0,20857788.02000002
World Omni Select Auto Trust 2020-A,2020-12-31,5,740,750,643,7,1,17162761.219999973
World Omni Select Auto Trust 2020-A,2020-12-31,5,750,760,588,8,3,15792816.2
World Omni Select Auto Trust 2020-A,2020-12-31,5,760,770,507,3,3,13810639.01999998
World Omni Select Auto Trust 2020-A,2020-12-31,5,770,780,474,6,1,12583202.42999997
World Omni Select Auto Trust 2020-A,2020-12-31,5,780,790,433,1,3,11020880.909999998
World Omni Select Auto Trust 2020-A,2020-12-31,5,790,800,372,4,2,9928862.040000003
World Omni Select Auto Trust 2020-A,2020-12-31,5,800,810,386,3,1,9864225.02
World Omni Select Auto Trust 2020-A,2020-12-31,5,810,820,313,0,0,7932526.379999998
World Omni Select Auto Trust 2020-A,2020-12-31,5,820,830,309,2,0,7739613.679999999
World Omni Select Auto Trust 2020-A,2020-12-31,5,830,840,249,3,1,6272874.590000002
World Omni Select Auto Trust 2020-A,2020-12-31,5,840,850,195,0,0,4649284.690000002
World Omni Select Auto Trust 2020-A,2020-12-31,5,850,860,189,0,0,4680458.799999999
World Omni Select Auto Trust 2020-A,2020-12-31,5,860,870,125,0,0,2952790.1400000006
World Omni Select Auto Trust 2020-A,2020-12-31,5,870,880,61,0,1,1504049.7100000002
World Omni Select Auto Trust 2020-A,2020-12-31,5,880,890,14,0,0,334983.86
World Omni Select Auto Trust 2020-A,2020-12-31,5,890,900,1,0,0,15795.54
World Omni Select Auto Trust 2020-A,2021-12-31,17,400,410,1,0,0,16906.74
World Omni Select Auto Trust 2020-A,2021-12-31,17,420,430,1,0,0,13297.56
World Omni Select Auto Trust 2020-A,2021-12-31,17,440,450,0,1,0,15251.64
World Omni Select Auto Trust 2020-A,2021-12-31,17,450,460,3,0,0,64119.31
World Omni Select Auto Trust 2020-A,2021-12-31,17,460,470,4,1,0,72393.16
World Omni Select Auto Trust 2020-A,2021-12-31,17,470,480,9,3,1,240642.84000000005
World Omni Select Auto Trust 2020-A,2021-12-31,17,480,490,10,3,1,229828.08
World Omni Select Auto Trust 2020-A,2021-12-31,17,490,500,16,4,0,336964.36999999994
World Omni Select Auto Trust 2020-A,2021-12-31,17,500,510,44,6,2,917695.1299999999
World Omni Select Auto Trust 2020-A,2021-12-31,17,510,520,47,11,1,1018906.7399999999
World Omni Select Auto Trust 2020-A,2021-12-31,17,520,530,64,11,2,1261618.57
World Omni Select Auto Trust 2020-A,2021-12-31,17,530,540,100,8,2,1846269.8299999996
World Omni Select Auto Trust 2020-A,2021-12-31,17,540,550,140,12,3,2772269.2399999998
World Omni Select Auto Trust 2020-A,2021-12-31,17,550,560,154,21,6,3309007.4500000016
World Omni Select Auto Trust 2020-A,2021-12-31,17,560,570,187,29,10,4031118.0600000015
World Omni Select Auto Trust 2020-A,2021-12-31,17,570,580,341,40,14,7568895.189999994
World Omni Select Auto Trust 2020-A,2021-12-31,17,580,590,913,76,29,21732690.02999997
World Omni Select Auto Trust 2020-A,2021-12-31,17,590,600,1098,93,35,25448892.48000003
World Omni Select Auto Trust 2020-A,2021-12-31,17,600,610,1316,108,36,30793142.85000007
World Omni Select Auto Trust 2020-A,2021-12-31,17,610,620,1325,102,36,30649544.649999946
World Omni Select Auto Trust 2020-A,2021-12-31,17,620,630,1973,102,32,44879020.520000055
World Omni Select Auto Trust 2020-A,2021-12-31,17,630,640,1752,82,37,40234447.51000005
World Omni Select Auto Trust 2020-A,2021-12-31,17,640,650,2203,104,42,50505070.9000001
World Omni Select Auto Trust 2020-A,2021-12-31,17,650,660,214,7,5,4306338.239999999
World Omni Select Auto Trust 2020-A,2021-12-31,17,660,670,269,8,4,5716717.710000002
World Omni Select Auto Trust 2020-A,2021-12-31,17,670,680,280,9,4,5927161.580000006
World Omni Select Auto Trust 2020-A,2021-12-31,17,680,690,306,8,0,6404769.86
World Omni Select Auto Trust 2020-A,2021-12-31,17,690,700,251,6,3,5081400.709999998
World Omni Select Auto Trust 2020-A,2021-12-31,17,700,710,489,10,4,10724207.009999992
World Omni Select Auto Trust 2020-A,2021-12-31,17,710,720,339,14,2,7562150.740000002
World Omni Select Auto Trust 2020-A,2021-12-31,17,720,730,666,12,5,15204054.839999989
World Omni Select Auto Trust 2020-A,2021-12-31,17,730,740,534,4,3,11845698.589999972
World Omni Select Auto Trust 2020-A,2021-12-31,17,740,750,450,1,2,9661795.599999988
World Omni Select Auto Trust 2020-A,2021-12-31,17,750,760,429,6,1,9284078.120000005
World Omni Select Auto Trust 2020-A,2021-12-31,17,760,770,379,2,0,8504109.159999998
World Omni Select Auto Trust 2020-A,2021-12-31,17,770,780,328,4,1,7238456.880000001
World Omni Select Auto Trust 2020-A,2021-12-31,17,780,790,300,3,1,6244322.630000002
World Omni Select Auto Trust 2020-A,2021-12-31,17,790,800,283,3,1,6031904.599999996
World Omni Select Auto Trust 2020-A,2021-12-31,17,800,810,289,2,3,6162497.22
World Omni Select Auto Trust 2020-A,2021-12-31,17,810,820,233,3,0,4798427.780000001
World Omni Select Auto Trust 2020-A,2021-12-31,17,820,830,229,2,0,4690704.040000001
World Omni Select Auto Trust 2020-A,2021-12-31,17,830,840,187,1,0,3982567.749999999
World Omni Select Auto Trust 2020-A,2021-12-31,17,840,850,152,0,0,2970058.59
World Omni Select Auto Trust 2020-A,2021-12-31,17,850,860,138,1,0,2935357.909999999
World Omni Select Auto Trust 2020-A,2021-12-31,17,860,870,102,0,0,1980782.73
World Omni Select Auto Trust 2020-A,2021-12-31,17,870,880,47,0,0,912450.9499999998
World Omni Select Auto Trust 2020-A,2021-12-31,17,880,890,12,0,0,217642.77000000002
World Omni Select Auto Trust 2020-A,2022-12-31,29,400,410,1,0,0,14489.04
World Omni Select Auto Trust 2020-A,2022-12-31,29,420,430,1,0,0,11009.19
World Omni Select Auto Trust 2020-A,2022-12-31,29,450,460,2,0,0,39758.42
World Omni Select Auto Trust 2020-A,2022-12-31,29,460,470,2,1,1,49477.590000000004
World Omni Select Auto Trust 2020-A,2022-12-31,29,470,480,6,2,1,128394.5
World Omni Select Auto Trust 2020-A,2022-12-31,29,480,490,8,1,1,137085.96000000002
World Omni Select Auto Trust 2020-A,2022-12-31,29,490,500,14,1,2,233844.71999999997
World Omni Select Auto Trust 2020-A,2022-12-31,29,500,510,26,8,2,543772.52
World Omni Select Auto Trust 2020-A,2022-12-31,29,510,520,33,6,4,638321.3699999998
World Omni Select Auto Trust 2020-A,2022-12-31,29,520,530,31,10,0,565788.5700000001
World Omni Select Auto Trust 2020-A,2022-12-31,29,530,540,56,6,1,922877.4399999997
World Omni Select Auto Trust 2020-A,2022-12-31,29,540,550,84,16,1,1565187.9599999997
World Omni Select Auto Trust 2020-A,2022-12-31,29,550,560,93,21,5,1818671.6600000001
World Omni Select Auto Trust 2020-A,2022-12-31,29,560,570,115,23,6,2227687.3099999996
World Omni Select Auto Trust 2020-A,2022-12-31,29,570,580,211,30,18,4234803.98
World Omni Select Auto Trust 2020-A,2022-12-31,29,580,590,552,84,34,12028200.309999987
World Omni Select Auto Trust 2020-A,2022-12-31,29,590,600,673,86,34,13681543.299999993
World Omni Select Auto Trust 2020-A,2022-12-31,29,600,610,840,113,31,17252766.310000014
World Omni Select Auto Trust 2020-A,2022-12-31,29,610,620,814,100,38,16763585.83999999
World Omni Select Auto Trust 2020-A,2022-12-31,29,620,630,1256,93,46,24731580.309999987
World Omni Select Auto Trust 2020-A,2022-12-31,29,630,640,1150,93,42,22885832.410000004
World Omni Select Auto Trust 2020-A,2022-12-31,29,640,650,1441,93,42,27868869.840000015
World Omni Select Auto Trust 2020-A,2022-12-31,29,650,660,140,8,2,2305443.7899999986
World Omni Select Auto Trust 2020-A,2022-12-31,29,660,670,197,9,3,3443131.3000000003
World Omni Select Auto Trust 2020-A,2022-12-31,29,670,680,197,10,4,3491553.06
World Omni Select Auto Trust 2020-A,2022-12-31,29,680,690,202,7,6,3502264.179999999
World Omni Select Auto Trust 2020-A,2022-12-31,29,690,700,158,4,3,2571215.0199999996
World Omni Select Auto Trust 2020-A,2022-12-31,29,700,710,347,11,4,6011508.889999995
World Omni Select Auto Trust 2020-A,2022-12-31,29,710,720,245,12,3,4420526.13
World Omni Select Auto Trust 2020-A,2022-12-31,29,720,730,492,2,5,8688243.490000006
World Omni Select Auto Trust 2020-A,2022-12-31,29,730,740,404,3,2,6925118.920000006
World Omni Select Auto Trust 2020-A,2022-12-31,29,740,750,344,7,2,5934621.079999996
World Omni Select Auto Trust 2020-A,2022-12-31,29,750,760,306,9,3,5277989.759999999
World Omni Select Auto Trust 2020-A,2022-12-31,29,760,770,276,1,2,4860673.949999996
World Omni Select Auto Trust 2020-A,2022-12-31,29,770,780,259,3,0,4425884.019999998
World Omni Select Auto Trust 2020-A,2022-12-31,29,780,790,228,0,0,3715616.53
World Omni Select Auto Trust 2020-A,2022-12-31,29,790,800,223,5,1,3847723.050000001
World Omni Select Auto Trust 2020-A,2022-12-31,29,800,810,227,1,3,3795765.1899999985
World Omni Select Auto Trust 2020-A,2022-12-31,29,810,820,170,4,1,2840712.3699999987
World Omni Select Auto Trust 2020-A,2022-12-31,29,820,830,176,3,1,2927045.75
World Omni Select Auto Trust 2020-A,2022-12-31,29,830,840,143,0,0,2239072.990000001
World Omni Select Auto Trust 2020-A,2022-12-31,29,840,850,116,0,0,1738390.1400000013
World Omni Select Auto Trust 2020-A,2022-12-31,29,850,860,108,2,0,1770216.7300000004
World Omni Select Auto Trust 2020-A,2022-12-31,29,860,870,77,2,0,1176063.5300000003
World Omni Select Auto Trust 2020-A,2022-12-31,29,870,880,38,1,0,561026.8299999998
World Omni Select Auto Trust 2020-A,2022-12-31,29,880,890,10,0,0,145351.26
World Omni Select Auto Trust 2020-A,2023-12-31,41,400,410,1,0,0,11598.86
World Omni Select Auto Trust 2020-A,2023-12-31,41,420,430,1,0,0,8379.54
World Omni Select Auto Trust 2020-A,2023-12-31,41,450,460,1,0,0,17922.15
World Omni Select Auto Trust 2020-A,2023-12-31,41,460,470,1,0,1,23082.23
World Omni Select Auto Trust 2020-A,2023-12-31,41,470,480,4,3,1,90801.32999999999
World Omni Select Auto Trust 2020-A,2023-12-31,41,480,490,6,0,0,62955.29000000001
World Omni Select Auto Trust 2020-A,2023-12-31,41,490,500,8,3,2,113262.1
World Omni Select Auto Trust 2020-A,2023-12-31,41,500,510,19,7,2,351174.85000000003
World Omni Select Auto Trust 2020-A,2023-12-31,41,510,520,22,5,2,314228.39
World Omni Select Auto Trust 2020-A,2023-12-31,41,520,530,26,5,2,373897.18000000005
World Omni Select Auto Trust 2020-A,2023-12-31,41,530,540,39,5,2,479250.14999999997
World Omni Select Auto Trust 2020-A,2023-12-31,41,540,550,59,19,3,992390.8500000001
World Omni Select Auto Trust 2020-A,2023-12-31,41,550,560,69,12,3,1012399.1999999998
World Omni Select Auto Trust 2020-A,2023-12-31,41,560,570,76,19,6,1184168.1500000001
World Omni Select Auto Trust 2020-A,2023-12-31,41,570,580,164,23,8,2452837.47
World Omni Select Auto Trust 2020-A,2023-12-31,41,580,590,400,79,28,6889394.590000002
World Omni Select Auto Trust 2020-A,2023-12-31,41,590,600,478,72,27,7448391.799999998
World Omni Select Auto Trust 2020-A,2023-12-31,41,600,610,645,92,32,10061296.909999996
World Omni Select Auto Trust 2020-A,2023-12-31,41,610,620,632,83,26,9735497.14000001
World Omni Select Auto Trust 2020-A,2023-12-31,41,620,630,942,107,38,14287334.839999996
World Omni Select Auto Trust 2020-A,2023-12-31,41,630,640,883,86,32,13342658.890000008
World Omni Select Auto Trust 2020-A,2023-12-31,41,640,650,1103,106,21,16019909.11000001
World Omni Select Auto Trust 2020-A,2023-12-31,41,650,660,99,8,10,1318444.3100000005
World Omni Select Auto Trust 2020-A,2023-12-31,41,660,670,143,5,7,1884471.4900000002
World Omni Select Auto Trust 2020-A,2023-12-31,41,670,680,147,10,4,1904086.2399999998
World Omni Select Auto Trust 2020-A,2023-12-31,41,680,690,152,7,5,1912002.4599999995
World Omni Select Auto Trust 2020-A,2023-12-31,41,690,700,114,9,0,1441453.8900000001
World Omni Select Auto Trust 2020-A,2023-12-31,41,700,710,285,13,4,3655378.3000000007
World Omni Select Auto Trust 2020-A,2023-12-31,41,710,720,185,8,4,2380521.5200000005
World Omni Select Auto Trust 2020-A,2023-12-31,41,720,730,408,11,1,5325565.629999997
World Omni Select Auto Trust 2020-A,2023-12-31,41,730,740,325,5,1,3997229.5699999984
World Omni Select Auto Trust 2020-A,2023-12-31,41,740,750,269,9,1,3278456.4299999997
World Omni Select Auto Trust 2020-A,2023-12-31,41,750,760,239,9,0,2904553.79
World Omni Select Auto Trust 2020-A,2023-12-31,41,760,770,231,4,0,2933334.81
World Omni Select Auto Trust 2020-A,2023-12-31,41,770,780,208,1,2,2520017.4099999997
World Omni Select Auto Trust 2020-A,2023-12-31,41,780,790,189,1,2,2149836.88
World Omni Select Auto Trust 2020-A,2023-12-31,41,790,800,191,2,2,2238580.7800000003
World Omni Select Auto Trust 2020-A,2023-12-31,41,800,810,176,5,2,2199352.5299999993
World Omni Select Auto Trust 2020-A,2023-12-31,41,810,820,136,2,0,1592620.65
World Omni Select Auto Trust 2020-A,2023-12-31,41,820,830,137,2,0,1648810.2099999997
World Omni Select Auto Trust 2020-A,2023-12-31,41,830,840,111,0,1,1228874.8499999996
World Omni Select Auto Trust 2020-A,2023-12-31,41,840,850,88,0,0,944483.3799999999
World Omni Select Auto Trust 2020-A,2023-12-31,41,850,860,87,2,0,981304.3999999999
World Omni Select Auto Trust 2020-A,2023-12-31,41,860,870,66,0,0,690918.03
World Omni Select Auto Trust 2020-A,2023-12-31,41,870,880,29,0,0,283265.64
World Omni Select Auto Trust 2020-A,2023-12-31,41,880,890,6,1,0,86541.86
World Omni Select Auto Trust 2021-A,2022-01-31,6,430,440,0,0,1,3936.01
World Omni Select Auto Trust 2021-A,2022-01-31,6,440,450,4,1,1,119463.22
World Omni Select Auto Trust 2021-A,2022-01-31,6,450,460,2,0,1,45185.96
World Omni Select Auto Trust 2021-A,2022-01-31,6,460,470,4,0,0,66983.96
World Omni Select Auto Trust 2021-A,2022-01-31,6,470,480,15,1,0,287966.06
World Omni Select Auto Trust 2021-A,2022-01-31,6,480,490,15,2,2,289605.06
World Omni Select Auto Trust 2021-A,2022-01-31,6,490,500,34,6,1,595686.3599999999
World Omni Select Auto Trust 2021-A,2022-01-31,6,500,510,73,5,1,1610799.0700000003
World Omni Select Auto Trust 2021-A,2022-01-31,6,510,520,77,10,4,1808226.9699999997
World Omni Select Auto Trust 2021-A,2022-01-31,6,520,530,122,11,8,2511458.15
World Omni Select Auto Trust 2021-A,2022-01-31,6,530,540,128,10,7,2777787.0700000003
World Omni Select Auto Trust 2021-A,2022-01-31,6,540,550,225,13,9,5000711.130000003
World Omni Select Auto Trust 2021-A,2022-01-31,6,550,560,242,20,8,5415756.260000003
World Omni Select Auto Trust 2021-A,2022-01-31,6,560,570,343,25,11,7708683.319999997
World Omni Select Auto Trust 2021-A,2022-01-31,6,570,580,605,40,12,14326260.949999992
World Omni Select Auto Trust 2021-A,2022-01-31,6,580,590,1498,114,25,38953645.74999998
World Omni Select Auto Trust 2021-A,2022-01-31,6,590,600,1908,110,41,49256749.21000005
World Omni Select Auto Trust 2021-A,2022-01-31,6,600,610,2284,142,44,59092278.360000044
World Omni Select Auto Trust 2021-A,2022-01-31,6,610,620,2327,128,43,60703066.35999994
World Omni Select Auto Trust 2021-A,2022-01-31,6,620,630,3513,154,51,92829118.32999983
World Omni Select Auto Trust 2021-A,2022-01-31,6,630,640,3145,137,49,84200936.1600001
World Omni Select Auto Trust 2021-A,2022-01-31,6,640,650,3930,146,43,105455827.24999984
World Omni Select Auto Trust 2021-A,2022-01-31,6,650,660,413,10,6,9665061.66
World Omni Select Auto Trust 2021-A,2022-01-31,6,660,670,501,18,7,12819337.88000001
World Omni Select Auto Trust 2021-A,2022-01-31,6,670,680,483,11,4,12003505.300000004
World Omni Select Auto Trust 2021-A,2022-01-31,6,680,690,425,8,3,10664458.589999994
World Omni Select Auto Trust 2021-A,2022-01-31,6,690,700,400,11,0,10072618.81000001
World Omni Select Auto Trust 2021-A,2022-01-31,6,700,710,755,14,8,20161462.49
World Omni Select Auto Trust 2021-A,2022-01-31,6,710,720,674,14,2,18308609.010000017
World Omni Select Auto Trust 2021-A,2022-01-31,6,720,730,1174,9,2,33990154.22000005
World Omni Select Auto Trust 2021-A,2022-01-31,6,730,740,1021,11,3,28689393.999999978
World Omni Select Auto Trust 2021-A,2022-01-31,6,740,750,805,3,1,22913353.899999984
World Omni Select Auto Trust 2021-A,2022-01-31,6,750,760,730,7,1,20481105.520000014
World Omni Select Auto Trust 2021-A,2022-01-31,6,760,770,590,5,0,16084920.010000002
World Omni Select Auto Trust 2021-A,2022-01-31,6,770,780,584,3,3,16788441.059999995
World Omni Select Auto Trust 2021-A,2022-01-31,6,780,790,554,7,2,15095773.479999993
World Omni Select Auto Trust 2021-A,2022-01-31,6,790,800,487,4,2,12788908.57999999
World Omni Select Auto Trust 2021-A,2022-01-31,6,800,810,472,2,0,12707758.659999996
World Omni Select Auto Trust 2021-A,2022-01-31,6,810,820,405,3,0,10733799.73
World Omni Select Auto Trust 2021-A,2022-01-31,6,820,830,385,1,1,10039622.460000005
World Omni Select Auto Trust 2021-A,2022-01-31,6,830,840,300,0,0,7794309.850000001
World Omni Select Auto Trust 2021-A,2022-01-31,6,840,850,287,1,1,7641121.640000001
World Omni Select Auto Trust 2021-A,2022-01-31,6,850,860,182,1,1,4633527.780000002
World Omni Select Auto Trust 2021-A,2022-01-31,6,860,870,145,0,0,3624156.110000001
World Omni Select Auto Trust 2021-A,2022-01-31,6,870,880,86,0,0,2108610.06
World Omni Select Auto Trust 2021-A,2022-01-31,6,880,890,12,0,0,315099.45999999996
World Omni Select Auto Trust 2021-A,2022-01-31,6,890,900,1,0,0,2205.54
World Omni Select Auto Trust 2021-A,2023-01-31,18,440,450,3,1,0,34569.07
World Omni Select Auto Trust 2021-A,2023-01-31,18,450,460,1,0,0,21215.19
World Omni Select Auto Trust 2021-A,2023-01-31,18,460,470,1,1,0,38127.97
World Omni Select Auto Trust 2021-A,2023-01-31,18,470,480,7,1,0,132052.33
World Omni Select Auto Trust 2021-A,2023-01-31,18,480,490,10,3,1,208593.11
World Omni Select Auto Trust 2021-A,2023-01-31,18,490,500,22,1,1,349743.25
World Omni Select Auto Trust 2021-A,2023-01-31,18,500,510,41,10,3,1019142.0800000003
World Omni Select Auto Trust 2021-A,2023-01-31,18,510,520,47,9,2,1096832.4
World Omni Select Auto Trust 2021-A,2023-01-31,18,520,530,70,10,11,1496300.47
World Omni Select Auto Trust 2021-A,2023-01-31,18,530,540,68,19,4,1626183.1099999999
World Omni Select Auto Trust 2021-A,2023-01-31,18,540,550,130,18,13,2919369.509999999
World Omni Select Auto Trust 2021-A,2023-01-31,18,550,560,129,23,5,2771346.2099999986
World Omni Select Auto Trust 2021-A,2023-01-31,18,560,570,201,29,7,4314413.200000005
World Omni Select Auto Trust 2021-A,2023-01-31,18,570,580,347,45,18,8072736.189999997
World Omni Select Auto Trust 2021-A,2023-01-31,18,580,590,921,112,42,22665549.229999993
World Omni Select Auto Trust 2021-A,2023-01-31,18,590,600,1134,123,38,27129826.02999999
World Omni Select Auto Trust 2021-A,2023-01-31,18,600,610,1369,168,63,33717464.760000005
World Omni Select Auto Trust 2021-A,2023-01-31,18,610,620,1452,146,45,35164376.349999994
World Omni Select Auto Trust 2021-A,2023-01-31,18,620,630,2125,192,86,52478538.85999996
World Omni Select Auto Trust 2021-A,2023-01-31,18,630,640,1918,161,58,47948744.49999999
World Omni Select Auto Trust 2021-A,2023-01-31,18,640,650,2457,184,60,60695594.64999997
World Omni Select Auto Trust 2021-A,2023-01-31,18,650,660,217,19,8,5010927.6899999995
World Omni Select Auto Trust 2021-A,2023-01-31,18,660,670,308,30,8,7536061.569999993
World Omni Select Auto Trust 2021-A,2023-01-31,18,670,680,313,20,10,7368103.959999999
World Omni Select Auto Trust 2021-A,2023-01-31,18,680,690,254,16,4,5756981.889999997
World Omni Select Auto Trust 2021-A,2023-01-31,18,690,700,278,12,7,6234929.239999999
World Omni Select Auto Trust 2021-A,2023-01-31,18,700,710,526,18,8,12211059.179999996
World Omni Select Auto Trust 2021-A,2023-01-31,18,710,720,486,16,4,11430810.489999995
World Omni Select Auto Trust 2021-A,2023-01-31,18,720,730,840,14,2,20123559.719999988
World Omni Select Auto Trust 2021-A,2023-01-31,18,730,740,788,10,2,18435025.800000012
World Omni Select Auto Trust 2021-A,2023-01-31,18,740,750,588,7,1,13823900.349999992
World Omni Select Auto Trust 2021-A,2023-01-31,18,750,760,562,9,4,13152101.560000006
World Omni Select Auto Trust 2021-A,2023-01-31,18,760,770,433,5,2,9676970.999999998
World Omni Select Auto Trust 2021-A,2023-01-31,18,770,780,435,4,6,10312267.100000005
World Omni Select Auto Trust 2021-A,2023-01-31,18,780,790,436,4,3,9729164.54
World Omni Select Auto Trust 2021-A,2023-01-31,18,790,800,384,2,3,8373691.529999997
World Omni Select Auto Trust 2021-A,2023-01-31,18,800,810,359,4,2,7962052.950000002
World Omni Select Auto Trust 2021-A,2023-01-31,18,810,820,312,4,0,6771603.439999996
World Omni Select Auto Trust 2021-A,2023-01-31,18,820,830,306,4,2,6568834.360000003
World Omni Select Auto Trust 2021-A,2023-01-31,18,830,840,233,2,1,5070950.049999999
World Omni Select Auto Trust 2021-A,2023-01-31,18,840,850,220,4,0,5085860.549999996
World Omni Select Auto Trust 2021-A,2023-01-31,18,850,860,149,1,1,3212787.8200000003
World Omni Select Auto Trust 2021-A,2023-01-31,18,860,870,109,3,0,2324017.9399999995
World Omni Select Auto Trust 2021-A,2023-01-31,18,870,880,61,2,0,1298290.0200000003
World Omni Select Auto Trust 2021-A,2023-01-31,18,880,890,11,0,0,240533.98
World Omni Select Auto Trust 2021-A,2024-01-31,30,440,450,1,0,0,4814.63
World Omni Select Auto Trust 2021-A,2024-01-31,30,450,460,1,0,0,17959.96
World Omni Select Auto Trust 2021-A,2024-01-31,30,460,470,1,1,0,31246.35
World Omni Select Auto Trust 2021-A,2024-01-31,30,470,480,5,0,2,106848.78
World Omni Select Auto Trust 2021-A,2024-01-31,30,480,490,7,2,0,119701.39
World Omni Select Auto Trust 2021-A,2024-01-31,30,490,500,12,3,1,201368.55999999997
World Omni Select Auto Trust 2021-A,2024-01-31,30,500,510,27,8,2,654100.36
World Omni Select Auto Trust 2021-A,2024-01-31,30,510,520,30,7,3,600910.2999999999
World Omni Select Auto Trust 2021-A,2024-01-31,30,520,530,45,13,4,880465.72
World Omni Select Auto Trust 2021-A,2024-01-31,30,530,540,54,11,2,1086038.1999999997
World Omni Select Auto Trust 2021-A,2024-01-31,30,540,550,92,17,7,1825082.010000001
World Omni Select Auto Trust 2021-A,2024-01-31,30,550,560,88,25,5,1843688.45
World Omni Select Auto Trust 2021-A,2024-01-31,30,560,570,120,27,12,2609645.2199999993
World Omni Select Auto Trust 2021-A,2024-01-31,30,570,580,250,38,10,4979352.320000002
World Omni Select Auto Trust 2021-A,2024-01-31,30,580,590,604,98,39,13230772.219999999
World Omni Select Auto Trust 2021-A,2024-01-31,30,590,600,753,106,44,16068917.68999999
World Omni Select Auto Trust 2021-A,2024-01-31,30,600,610,932,132,58,20016731.59999999
World Omni Select Auto Trust 2021-A,2024-01-31,30,610,620,976,122,58,20919596.600000016
World Omni Select Auto Trust 2021-A,2024-01-31,30,620,630,1516,179,72,32510357.839999963
World Omni Select Auto Trust 2021-A,2024-01-31,30,630,640,1329,145,52,28299319.120000023
World Omni Select Auto Trust 2021-A,2024-01-31,30,640,650,1772,171,53,36937226.92999999
World Omni Select Auto Trust 2021-A,2024-01-31,30,650,660,155,20,3,3094486.940000002
World Omni Select Auto Trust 2021-A,2024-01-31,30,660,670,229,26,5,4638029.48
World Omni Select Auto Trust 2021-A,2024-01-31,30,670,680,239,17,5,4614047.930000002
World Omni Select Auto Trust 2021-A,2024-01-31,30,680,690,179,16,4,3459244.4600000028
World Omni Select Auto Trust 2021-A,2024-01-31,30,690,700,212,12,5,3921271.480000001
World Omni Select Auto Trust 2021-A,2024-01-31,30,700,710,397,12,8,7285225.809999999
World Omni Select Auto Trust 2021-A,2024-01-31,30,710,720,388,18,2,7334843.840000001
World Omni Select Auto Trust 2021-A,2024-01-31,30,720,730,674,12,3,12488257.56000001
World Omni Select Auto Trust 2021-A,2024-01-31,30,730,740,630,13,6,11534482.389999993
World Omni Select Auto Trust 2021-A,2024-01-31,30,740,750,472,6,4,8672279.229999999
World Omni Select Auto Trust 2021-A,2024-01-31,30,750,760,449,6,6,8192214.9799999995
World Omni Select Auto Trust 2021-A,2024-01-31,30,760,770,338,6,2,5946370.389999995
World Omni Select Auto Trust 2021-A,2024-01-31,30,770,780,345,7,0,6278997.660000001
World Omni Select Auto Trust 2021-A,2024-01-31,30,780,790,352,2,1,6098264.730000001
World Omni Select Auto Trust 2021-A,2024-01-31,30,790,800,313,5,1,5393615.9799999995
World Omni Select Auto Trust 2021-A,2024-01-31,30,800,810,282,9,2,5015379.799999999
World Omni Select Auto Trust 2021-A,2024-01-31,30,810,820,262,3,1,4425355.42
World Omni Select Auto Trust 2021-A,2024-01-31,30,820,830,245,2,0,4062558.159999999
World Omni Select Auto Trust 2021-A,2024-01-31,30,830,840,182,1,0,3047463.8200000003
World Omni Select Auto Trust 2021-A,2024-01-31,30,840,850,174,5,2,3127607.559999998
World Omni Select Auto Trust 2021-A,2024-01-31,30,850,860,123,0,1,2064983.299999999
World Omni Select Auto Trust 2021-A,2024-01-31,30,860,870,94,2,0,1483150.4100000006
World Omni Select Auto Trust 2021-A,2024-01-31,30,870,880,50,0,0,755536.39
World Omni Select Auto Trust 2021-A,2024-01-31,30,880,890,10,1,0,181843.18000000002
World Omni Select Auto Trust 2021-A,2025-01-31,42,450,460,1,0,0,14104.96
World Omni Select Auto Trust 2021-A,2025-01-31,42,460,470,1,0,0,9488.13
World Omni Select Auto Trust 2021-A,2025-01-31,42,470,480,4,0,0,38120.54
World Omni Select Auto Trust 2021-A,2025-01-31,42,480,490,5,0,1,63256.88
World Omni Select Auto Trust 2021-A,2025-01-31,42,490,500,9,2,0,95459.75
World Omni Select Auto Trust 2021-A,2025-01-31,42,500,510,24,3,1,359636.69999999995
World Omni Select Auto Trust 2021-A,2025-01-31,42,510,520,24,4,1,344411.88000000006
World Omni Select Auto Trust 2021-A,2025-01-31,42,520,530,34,7,1,439334.6100000001
World Omni Select Auto Trust 2021-A,2025-01-31,42,530,540,28,9,4,499459.05999999994
World Omni Select Auto Trust 2021-A,2025-01-31,42,540,550,67,13,5,1010470.6499999999
World Omni Select Auto Trust 2021-A,2025-01-31,42,550,560,67,11,7,1027142.5400000003
World Omni Select Auto Trust 2021-A,2025-01-31,42,560,570,81,25,10,1498441.7400000002
World Omni Select Auto Trust 2021-A,2025-01-31,42,570,580,189,34,9,2925050.9399999995
World Omni Select Auto Trust 2021-A,2025-01-31,42,580,590,454,81,34,7545812.709999997
World Omni Select Auto Trust 2021-A,2025-01-31,42,590,600,524,110,32,8844234.240000002
World Omni Select Auto Trust 2021-A,2025-01-31,42,600,610,692,102,42,11065630.610000007
World Omni Select Auto Trust 2021-A,2025-01-31,42,610,620,725,100,43,11585088.700000005
World Omni Select Auto Trust 2021-A,2025-01-31,42,620,630,1167,151,60,18709819.609999992
World Omni Select Auto Trust 2021-A,2025-01-31,42,630,640,1010,123,33,16091506.2
World Omni Select Auto Trust 2021-A,2025-01-31,42,640,650,1354,126,47,20607320.690000013
World Omni Select Auto Trust 2021-A,2025-01-31,42,650,660,118,18,6,1793331.13
World Omni Select Auto Trust 2021-A,2025-01-31,42,660,670,179,21,4,2682240.3900000006
World Omni Select Auto Trust 2021-A,2025-01-31,42,670,680,184,13,4,2692179.0700000003
World Omni Select Auto Trust 2021-A,2025-01-31,42,680,690,134,16,2,1903424.01
World Omni Select Auto Trust 2021-A,2025-01-31,42,690,700,159,10,7,2078957.6800000002
World Omni Select Auto Trust 2021-A,2025-01-31,42,700,710,311,19,4,4118013.84
World Omni Select Auto Trust 2021-A,2025-01-31,42,710,720,312,13,3,4135991.280000001
World Omni Select Auto Trust 2021-A,2025-01-31,42,720,730,534,20,12,7093830.939999998
World Omni Select Auto Trust 2021-A,2025-01-31,42,730,740,478,15,6,6205473.51
World Omni Select Auto Trust 2021-A,2025-01-31,42,740,750,379,6,4,4727617.380000003
World Omni Select Auto Trust 2021-A,2025-01-31,42,750,760,369,7,3,4640927.120000001
World Omni Select Auto Trust 2021-A,2025-01-31,42,760,770,267,4,2,3229931.46
World Omni Select Auto Trust 2021-A,2025-01-31,42,770,780,272,6,2,3513469.9399999995
World Omni Select Auto Trust 2021-A,2025-01-31,42,780,790,273,2,2,3210643.1399999997
World Omni Select Auto Trust 2021-A,2025-01-31,42,790,800,260,2,3,3027941.9800000004
World Omni Select Auto Trust 2021-A,2025-01-31,42,800,810,225,4,1,2697997.6700000004
World Omni Select Auto Trust 2021-A,2025-01-31,42,810,820,216,2,2,2464655.99
World Omni Select Auto Trust 2021-A,2025-01-31,42,820,830,194,2,1,2215143.98
World Omni Select Auto Trust 2021-A,2025-01-31,42,830,840,141,1,0,1600101.77
World Omni Select Auto Trust 2021-A,2025-01-31,42,840,850,132,1,1,1570862.3900000001
World Omni Select Auto Trust 2021-A,2025-01-31,42,850,860,93,0,1,1072301.5700000003
World Omni Select Auto Trust 2021-A,2025-01-31,42,860,870,73,0,0,752591.6100000001
World Omni Select Auto Trust 2021-A,2025-01-31,42,870,880,36,3,0,434626.64999999997
World Omni Select Auto Trust 2021-A,2025-01-31,42,880,890,9,0,0,90215.50999999998
World Omni Select Auto Trust 2021-A,2022-02-28,7,440,450,3,2,0,90214.45999999999
World Omni Select Auto Trust 2021-A,2022-02-28,7,450,460,2,0,0,32321.239999999998
World Omni Select Auto Trust 2021-A,2022-02-28,7,460,470,2,1,0,66463.75
World Omni Select Auto Trust 2021-A,2022-02-28,7,470,480,14,2,0,283278.23
World Omni Select Auto Trust 2021-A,2022-02-28,7,480,490,16,1,2,288645.64
World Omni Select Auto Trust 2021-A,2022-02-28,7,490,500,36,3,2,585952.07
World Omni Select Auto Trust 2021-A,2022-02-28,7,500,510,73,3,1,1573334.9799999997
World Omni Select Auto Trust 2021-A,2022-02-28,7,510,520,74,10,4,1714858.5499999998
World Omni Select Auto Trust 2021-A,2022-02-28,7,520,530,123,11,3,2450449.399999999
World Omni Select Auto Trust 2021-A,2022-02-28,7,530,540,126,12,3,2720994.3600000003
World Omni Select Auto Trust 2021-A,2022-02-28,7,540,550,217,16,7,4806096.660000002
World Omni Select Auto Trust 2021-A,2022-02-28,7,550,560,240,13,6,5116426.029999998
World Omni Select Auto Trust 2021-A,2022-02-28,7,560,570,336,23,6,7399441.919999999
World Omni Select Auto Trust 2021-A,2022-02-28,7,570,580,582,34,14,13650413.830000006
World Omni Select Auto Trust 2021-A,2022-02-28,7,580,590,1456,99,26,37208754.62000001
World Omni Select Auto Trust 2021-A,2022-02-28,7,590,600,1831,127,34,47174498.84000014
World Omni Select Auto Trust 2021-A,2022-02-28,7,600,610,2239,125,35,56843522.29999992
World Omni Select Auto Trust 2021-A,2022-02-28,7,610,620,2268,103,51,58339632.19000011
World Omni Select Auto Trust 2021-A,2022-02-28,7,620,630,3440,119,57,89193634.04000002
World Omni Select Auto Trust 2021-A,2022-02-28,7,630,640,3051,110,50,79898063.12999985
World Omni Select Auto Trust 2021-A,2022-02-28,7,640,650,3811,124,43,100662918.61000007
World Omni Select Auto Trust 2021-A,2022-02-28,7,650,660,397,16,3,9254296.910000004
World Omni Select Auto Trust 2021-A,2022-02-28,7,660,670,491,14,5,12311588.680000013
World Omni Select Auto Trust 2021-A,2022-02-28,7,670,680,473,11,3,11639152.019999992
World Omni Select Auto Trust 2021-A,2022-02-28,7,680,690,415,9,3,10278775.69000001
World Omni Select Auto Trust 2021-A,2022-02-28,7,690,700,391,10,2,9782472.840000004
World Omni Select Auto Trust 2021-A,2022-02-28,7,700,710,745,11,4,19401667.609999996
World Omni Select Auto Trust 2021-A,2022-02-28,7,710,720,668,8,5,17814059.61000001
World Omni Select Auto Trust 2021-A,2022-02-28,7,720,730,1139,8,2,32299957.07000003
World Omni Select Auto Trust 2021-A,2022-02-28,7,730,740,1001,11,4,27747569.929999974
World Omni Select Auto Trust 2021-A,2022-02-28,7,740,750,779,6,0,21857811.229999997
World Omni Select Auto Trust 2021-A,2022-02-28,7,750,760,715,7,2,19822222.810000014
World Omni Select Auto Trust 2021-A,2022-02-28,7,760,770,572,7,2,15451107.989999993
World Omni Select Auto Trust 2021-A,2022-02-28,7,770,780,569,5,2,16102122.279999997
World Omni Select Auto Trust 2021-A,2022-02-28,7,780,790,539,5,2,14445852.669999998
World Omni Select Auto Trust 2021-A,2022-02-28,7,790,800,482,3,2,12461661.71
World Omni Select Auto Trust 2021-A,2022-02-28,7,800,810,468,2,0,12424614.929999996
World Omni Select Auto Trust 2021-A,2022-02-28,7,810,820,400,2,1,10417059.099999992
World Omni Select Auto Trust 2021-A,2022-02-28,7,820,830,382,0,0,9790828.869999995
World Omni Select Auto Trust 2021-A,2022-02-28,7,830,840,297,1,0,7618681.029999999
World Omni Select Auto Trust 2021-A,2022-02-28,7,840,850,287,0,0,7437566.179999994
World Omni Select Auto Trust 2021-A,2022-02-28,7,850,860,178,1,1,4443312.319999998
World Omni Select Auto Trust 2021-A,2022-02-28,7,860,870,142,1,0,3530599.3700000006
World Omni Select Auto Trust 2021-A,2022-02-28,7,870,880,84,0,0,2043575.6700000004
World Omni Select Auto Trust 2021-A,2022-02-28,7,880,890,12,0,0,310584.81
World Omni Select Auto Trust 2021-A,2022-02-28,7,890,900,1,0,0,1891.06
World Omni Select Auto Trust 2021-A,2023-02-28,19,440,450,3,0,0,32659.96
World Omni Select Auto Trust 2021-A,2023-02-28,19,450,460,1,0,0,21055.24
World Omni Select Auto Trust 2021-A,2023-02-28,19,460,470,1,0,1,37802.43
World Omni Select Auto Trust 2021-A,2023-02-28,19,470,480,7,1,0,130405.68
World Omni Select Auto Trust 2021-A,2023-02-28,19,480,490,11,2,0,202889.7
World Omni Select Auto Trust 2021-A,2023-02-28,19,490,500,19,2,1,319225.35
World Omni Select Auto Trust 2021-A,2023-02-28,19,500,510,43,6,3,982621.0199999998
World Omni Select Auto Trust 2021-A,2023-02-28,19,510,520,47,8,2,1058883.06
World Omni Select Auto Trust 2021-A,2023-02-28,19,520,530,64,13,8,1402381.8900000001
World Omni Select Auto Trust 2021-A,2023-02-28,19,530,540,66,14,4,1550563.05
World Omni Select Auto Trust 2021-A,2023-02-28,19,540,550,129,18,8,2812430.2899999986
World Omni Select Auto Trust 2021-A,2023-02-28,19,550,560,134,14,6,2703063.330000001
World Omni Select Auto Trust 2021-A,2023-02-28,19,560,570,203,23,4,4184660.9699999997
World Omni Select Auto Trust 2021-A,2023-02-28,19,570,580,344,41,19,7810455.819999993
World Omni Select Auto Trust 2021-A,2023-02-28,19,580,590,885,104,46,21560967.610000033
World Omni Select Auto Trust 2021-A,2023-02-28,19,590,600,1111,124,31,26231500.62000003
World Omni Select Auto Trust 2021-A,2023-02-28,19,600,610,1364,135,41,32266006.30999998
World Omni Select Auto Trust 2021-A,2023-02-28,19,610,620,1411,145,40,33769737.43000001
World Omni Select Auto Trust 2021-A,2023-02-28,19,620,630,2079,173,86,50667443.35999998
World Omni Select Auto Trust 2021-A,2023-02-28,19,630,640,1889,129,52,45934032.29999998
World Omni Select Auto Trust 2021-A,2023-02-28,19,640,650,2413,149,57,58460164.58000006
World Omni Select Auto Trust 2021-A,2023-02-28,19,650,660,210,23,5,4856467.079999998
World Omni Select Auto Trust 2021-A,2023-02-28,19,660,670,303,23,9,7250647.100000004
World Omni Select Auto Trust 2021-A,2023-02-28,19,670,680,311,12,11,7172375.310000005
World Omni Select Auto Trust 2021-A,2023-02-28,19,680,690,248,13,4,5547191.040000005
World Omni Select Auto Trust 2021-A,2023-02-28,19,690,700,277,9,4,6054350.43
World Omni Select Auto Trust 2021-A,2023-02-28,19,700,710,519,14,6,11742082.319999995
World Omni Select Auto Trust 2021-A,2023-02-28,19,710,720,476,12,6,11168377.540000001
World Omni Select Auto Trust 2021-A,2023-02-28,19,720,730,823,13,1,19259729.210000027
World Omni Select Auto Trust 2021-A,2023-02-28,19,730,740,769,13,3,17770610.98999999
World Omni Select Auto Trust 2021-A,2023-02-28,19,740,750,579,4,3,13304892.120000005
World Omni Select Auto Trust 2021-A,2023-02-28,19,750,760,554,7,6,12806528.010000002
World Omni Select Auto Trust 2021-A,2023-02-28,19,760,770,418,4,3,9221751.289999992
World Omni Select Auto Trust 2021-A,2023-02-28,19,770,780,431,3,3,10012394.930000005
World Omni Select Auto Trust 2021-A,2023-02-28,19,780,790,431,5,0,9462014.700000005
World Omni Select Auto Trust 2021-A,2023-02-28,19,790,800,381,1,2,8115003.879999997
World Omni Select Auto Trust 2021-A,2023-02-28,19,800,810,355,2,2,7752396.239999997
World Omni Select Auto Trust 2021-A,2023-02-28,19,810,820,306,4,0,6515977.219999998
World Omni Select Auto Trust 2021-A,2023-02-28,19,820,830,302,1,2,6366599.799999993
World Omni Select Auto Trust 2021-A,2023-02-28,19,830,840,230,2,1,4903119.239999999
World Omni Select Auto Trust 2021-A,2023-02-28,19,840,850,220,2,1,4968544.870000004
World Omni Select Auto Trust 2021-A,2023-02-28,19,850,860,146,1,0,3083390.2700000005
World Omni Select Auto Trust 2021-A,2023-02-28,19,860,870,110,1,0,2236288.2199999993
World Omni Select Auto Trust 2021-A,2023-02-28,19,870,880,61,1,0,1228487.8499999999
World Omni Select Auto Trust 2021-A,2023-02-28,19,880,890,11,0,0,236037.64
World Omni Select Auto Trust 2021-A,2025-02-28,43,450,460,1,0,0,13784.0
World Omni Select Auto Trust 2021-A,2025-02-28,43,460,470,1,0,0,9078.97
World Omni Select Auto Trust 2021-A,2025-02-28,43,470,480,4,0,0,37330.39
World Omni Select Auto Trust 2021-A,2025-02-28,43,480,490,5,0,1,61262.38
World Omni Select Auto Trust 2021-A,2025-02-28,43,490,500,9,0,0,76670.26
World Omni Select Auto Trust 2021-A,2025-02-28,43,500,510,25,1,2,349914.4799999999
World Omni Select Auto Trust 2021-A,2025-02-28,43,510,520,23,3,1,308025.74
World Omni Select Auto Trust 2021-A,2025-02-28,43,520,530,33,4,2,387844.45
World Omni Select Auto Trust 2021-A,2025-02-28,43,530,540,28,6,4,470772.38000000006
World Omni Select Auto Trust 2021-A,2025-02-28,43,540,550,66,12,4,948245.0600000002
World Omni Select Auto Trust 2021-A,2025-02-28,43,550,560,67,10,4,935116.7899999997
World Omni Select Auto Trust 2021-A,2025-02-28,43,560,570,82,24,5,1393053.9
World Omni Select Auto Trust 2021-A,2025-02-28,43,570,580,193,27,8,2790220.2100000004
World Omni Select Auto Trust 2021-A,2025-02-28,43,580,590,466,66,24,7118210.410000003
World Omni Select Auto Trust 2021-A,2025-02-28,43,590,600,533,86,32,8340630.2299999995
World Omni Select Auto Trust 2021-A,2025-02-28,43,600,610,696,97,28,10540837.909999978
World Omni Select Auto Trust 2021-A,2025-02-28,43,610,620,719,87,35,10893936.889999995
World Omni Select Auto Trust 2021-A,2025-02-28,43,620,630,1151,142,54,17699838.450000037
World Omni Select Auto Trust 2021-A,2025-02-28,43,630,640,1017,101,25,15252719.159999989
World Omni Select Auto Trust 2021-A,2025-02-28,43,640,650,1337,121,35,19488465.069999974
World Omni Select Auto Trust 2021-A,2025-02-28,43,650,660,126,10,2,1690253.520000001
World Omni Select Auto Trust 2021-A,2025-02-28,43,660,670,176,20,3,2529764.97
World Omni Select Auto Trust 2021-A,2025-02-28,43,670,680,185,10,5,2594566.329999999
World Omni Select Auto Trust 2021-A,2025-02-28,43,680,690,139,10,3,1838008.689999999
World Omni Select Auto Trust 2021-A,2025-02-28,43,690,700,161,9,5,1993961.2200000002
World Omni Select Auto Trust 2021-A,2025-02-28,43,700,710,305,16,3,3879368.939999999
World Omni Select Auto Trust 2021-A,2025-02-28,43,710,720,300,16,3,3913795.149999998
World Omni Select Auto Trust 2021-A,2025-02-28,43,720,730,532,14,6,6670835.929999997
World Omni Select Auto Trust 2021-A,2025-02-28,43,730,740,465,16,7,5824037.03
World Omni Select Auto Trust 2021-A,2025-02-28,43,740,750,368,6,3,4439254.169999996
World Omni Select Auto Trust 2021-A,2025-02-28,43,750,760,365,6,1,4388304.459999996
World Omni Select Auto Trust 2021-A,2025-02-28,43,760,770,263,3,1,3045112.910000001
World Omni Select Auto Trust 2021-A,2025-02-28,43,770,780,270,4,0,3308859.860000003
World Omni Select Auto Trust 2021-A,2025-02-28,43,780,790,266,2,0,2983036.0200000005
World Omni Select Auto Trust 2021-A,2025-02-28,43,790,800,252,5,0,2841244.879999999
World Omni Select Auto Trust 2021-A,2025-02-28,43,800,810,223,2,1,2542837.209999999
World Omni Select Auto Trust 2021-A,2025-02-28,43,810,820,214,3,0,2343612.749999999
World Omni Select Auto Trust 2021-A,2025-02-28,43,820,830,189,2,0,2054898.5999999999
World Omni Select Auto Trust 2021-A,2025-02-28,43,830,840,139,2,0,1523141.8000000007
World Omni Select Auto Trust 2021-A,2025-02-28,43,840,850,128,1,0,1453846.2199999997
World Omni Select Auto Trust 2021-A,2025-02-28,43,850,860,91,1,1,1015106.17
World Omni Select Auto Trust 2021-A,2025-02-28,43,860,870,72,0,0,711894.06
World Omni Select Auto Trust 2021-A,2025-02-28,43,870,880,37,1,0,405800.26000000007
World Omni Select Auto Trust 2021-A,2025-02-28,43,880,890,9,0,0,85830.56
World Omni Select Auto Trust 2021-A,2024-02-29,31,440,450,1,0,0,4561.89
World Omni Select Auto Trust 2021-A,2024-02-29,31,450,460,1,0,0,17700.23
World Omni Select Auto Trust 2021-A,2024-02-29,31,460,470,1,0,1,30880.940000000002
World Omni Select Auto Trust 2021-A,2024-02-29,31,470,480,6,1,0,104954.58
World Omni Select Auto Trust 2021-A,2024-02-29,31,480,490,7,1,0,101849.87000000001
World Omni Select Auto Trust 2021-A,2024-02-29,31,490,500,12,3,1,196967.69999999998
World Omni Select Auto Trust 2021-A,2024-02-29,31,500,510,30,6,1,641140.4600000001
World Omni Select Auto Trust 2021-A,2024-02-29,31,510,520,31,6,2,587093.37
World Omni Select Auto Trust 2021-A,2024-02-29,31,520,530,46,7,5,822195.2099999998
World Omni Select Auto Trust 2021-A,2024-02-29,31,530,540,56,6,4,1048646.46
World Omni Select Auto Trust 2021-A,2024-02-29,31,540,550,93,15,5,1751563.3699999999
World Omni Select Auto Trust 2021-A,2024-02-29,31,550,560,86,26,3,1765039.7799999996
World Omni Select Auto Trust 2021-A,2024-02-29,31,560,570,124,26,6,2514807.17
World Omni Select Auto Trust 2021-A,2024-02-29,31,570,580,238,43,12,4791480.800000002
World Omni Select Auto Trust 2021-A,2024-02-29,31,580,590,589,105,26,12576847.120000001
World Omni Select Auto Trust 2021-A,2024-02-29,31,590,600,741,101,35,15400909.46
World Omni Select Auto Trust 2021-A,2024-02-29,31,600,610,936,113,48,19147412.239999983
World Omni Select Auto Trust 2021-A,2024-02-29,31,610,620,957,127,46,19969765.620000012
World Omni Select Auto Trust 2021-A,2024-02-29,31,620,630,1505,160,55,30974713.150000006
World Omni Select Auto Trust 2021-A,2024-02-29,31,630,640,1317,131,48,27163349.28
World Omni Select Auto Trust 2021-A,2024-02-29,31,640,650,1764,153,37,35375664.79000001
World Omni Select Auto Trust 2021-A,2024-02-29,31,650,660,159,11,4,2956815.14
World Omni Select Auto Trust 2021-A,2024-02-29,31,660,670,229,20,5,4445591.72
World Omni Select Auto Trust 2021-A,2024-02-29,31,670,680,238,16,4,4462205.82
World Omni Select Auto Trust 2021-A,2024-02-29,31,680,690,179,9,4,3224374.709999999
World Omni Select Auto Trust 2021-A,2024-02-29,31,690,700,214,8,2,3723688.410000001
World Omni Select Auto Trust 2021-A,2024-02-29,31,700,710,387,14,8,6991876.649999999
World Omni Select Auto Trust 2021-A,2024-02-29,31,710,720,378,14,6,6986935.280000001
World Omni Select Auto Trust 2021-A,2024-02-29,31,720,730,661,14,2,11938205.940000005
World Omni Select Auto Trust 2021-A,2024-02-29,31,730,740,621,11,3,11034832.479999997
World Omni Select Auto Trust 2021-A,2024-02-29,31,740,750,465,7,2,8311864.120000001
World Omni Select Auto Trust 2021-A,2024-02-29,31,750,760,445,6,3,7836835.759999997
World Omni Select Auto Trust 2021-A,2024-02-29,31,760,770,336,5,0,5683165.8
World Omni Select Auto Trust 2021-A,2024-02-29,31,770,780,342,4,0,6032378.52
World Omni Select Auto Trust 2021-A,2024-02-29,31,780,790,344,4,2,5843344.079999999
World Omni Select Auto Trust 2021-A,2024-02-29,31,790,800,309,5,0,5156179.079999999
World Omni Select Auto Trust 2021-A,2024-02-29,31,800,810,285,3,2,4843361.910000001
World Omni Select Auto Trust 2021-A,2024-02-29,31,810,820,257,3,1,4226382.04
World Omni Select Auto Trust 2021-A,2024-02-29,31,820,830,240,4,0,3916618.21
World Omni Select Auto Trust 2021-A,2024-02-29,31,830,840,178,1,0,2913139.9799999995
World Omni Select Auto Trust 2021-A,2024-02-29,31,840,850,169,4,1,2963711.4699999993
World Omni Select Auto Trust 2021-A,2024-02-29,31,850,860,122,0,0,2001343.9100000001
World Omni Select Auto Trust 2021-A,2024-02-29,31,860,870,95,1,0,1429493.1200000003
World Omni Select Auto Trust 2021-A,2024-02-29,31,870,880,47,1,0,732311.22
World Omni Select Auto Trust 2021-A,2024-02-29,31,880,890,10,0,1,157655.52
World Omni Select Auto Trust 2021-A,2022-03-31,8,440,450,4,1,0,88155.34999999999
World Omni Select Auto Trust 2021-A,2022-03-31,8,450,460,1,0,0,23584.8
World Omni Select Auto Trust 2021-A,2022-03-31,8,460,470,3,0,0,65535.45
World Omni Select Auto Trust 2021-A,2022-03-31,8,470,480,11,3,1,273870.0
World Omni Select Auto Trust 2021-A,2022-03-31,8,480,490,16,2,1,288569.81999999995
World Omni Select Auto Trust 2021-A,2022-03-31,8,490,500,34,1,0,561021.5399999999
World Omni Select Auto Trust 2021-A,2022-03-31,8,500,510,67,6,0,1456278.78
World Omni Select Auto Trust 2021-A,2022-03-31,8,510,520,72,10,3,1649903.3299999998
World Omni Select Auto Trust 2021-A,2022-03-31,8,520,530,121,9,2,2300095.5300000003
World Omni Select Auto Trust 2021-A,2022-03-31,8,530,540,123,9,5,2619217.8800000004
World Omni Select Auto Trust 2021-A,2022-03-31,8,540,550,211,13,7,4601312.37
World Omni Select Auto Trust 2021-A,2022-03-31,8,550,560,222,21,4,4776677.519999998
World Omni Select Auto Trust 2021-A,2022-03-31,8,560,570,320,22,4,6894827.910000005
World Omni Select Auto Trust 2021-A,2022-03-31,8,570,580,549,38,9,12733289.429999987
World Omni Select Auto Trust 2021-A,2022-03-31,8,580,590,1396,102,23,35289699.20999999
World Omni Select Auto Trust 2021-A,2022-03-31,8,590,600,1780,93,27,44356946.06000004
World Omni Select Auto Trust 2021-A,2022-03-31,8,600,610,2143,120,37,53870715.08999986
World Omni Select Auto Trust 2021-A,2022-03-31,8,610,620,2164,124,40,55516486.77000005
World Omni Select Auto Trust 2021-A,2022-03-31,8,620,630,3309,123,53,84897360.44000006
World Omni Select Auto Trust 2021-A,2022-03-31,8,630,640,2933,105,35,75778060.60999994
World Omni Select Auto Trust 2021-A,2022-03-31,8,640,650,3679,121,31,95750239.3700002
World Omni Select Auto Trust 2021-A,2022-03-31,8,650,660,369,18,2,8471071.180000002
World Omni Select Auto Trust 2021-A,2022-03-31,8,660,670,467,16,3,11525760.310000004
World Omni Select Auto Trust 2021-A,2022-03-31,8,670,680,455,10,3,11058211.419999998
World Omni Select Auto Trust 2021-A,2022-03-31,8,680,690,394,9,3,9664321.930000007
World Omni Select Auto Trust 2021-A,2022-03-31,8,690,700,377,11,1,9280981.040000008
World Omni Select Auto Trust 2021-A,2022-03-31,8,700,710,708,13,4,18339596.05000001
World Omni Select Auto Trust 2021-A,2022-03-31,8,710,720,637,16,2,16875749.24000001
World Omni Select Auto Trust 2021-A,2022-03-31,8,720,730,1087,17,1,30517972.549999967
World Omni Select Auto Trust 2021-A,2022-03-31,8,730,740,971,9,3,26465939.45999998
World Omni Select Auto Trust 2021-A,2022-03-31,8,740,750,761,3,1,20909459.08999999
World Omni Select Auto Trust 2021-A,2022-03-31,8,750,760,704,4,3,19094771.56999999
World Omni Select Auto Trust 2021-A,2022-03-31,8,760,770,555,4,2,14672081.16000002
World Omni Select Auto Trust 2021-A,2022-03-31,8,770,780,554,3,1,15296325.659999985
World Omni Select Auto Trust 2021-A,2022-03-31,8,780,790,527,6,1,13853813.34000001
World Omni Select Auto Trust 2021-A,2022-03-31,8,790,800,470,4,1,11881723.759999992
World Omni Select Auto Trust 2021-A,2022-03-31,8,800,810,455,3,0,11842098.410000013
World Omni Select Auto Trust 2021-A,2022-03-31,8,810,820,389,3,0,9935286.280000005
World Omni Select Auto Trust 2021-A,2022-03-31,8,820,830,373,1,0,9367412.509999992
World Omni Select Auto Trust 2021-A,2022-03-31,8,830,840,286,1,0,7205981.46
World Omni Select Auto Trust 2021-A,2022-03-31,8,840,850,282,1,0,7299612.9900000105
World Omni Select Auto Trust 2021-A,2022-03-31,8,850,860,174,0,2,4239635.04
World Omni Select Auto Trust 2021-A,2022-03-31,8,860,870,139,0,0,3379671.2800000007
World Omni Select Auto Trust 2021-A,2022-03-31,8,870,880,81,0,0,1932904.8099999998
World Omni Select Auto Trust 2021-A,2022-03-31,8,880,890,12,0,0,305640.28
World Omni Select Auto Trust 2021-A,2022-03-31,8,890,900,1,0,0,1575.77
World Omni Select Auto Trust 2021-A,2023-03-31,20,440,450,2,0,0,19850.27
World Omni Select Auto Trust 2021-A,2023-03-31,20,450,460,1,0,0,20773.13
World Omni Select Auto Trust 2021-A,2023-03-31,20,460,470,1,1,0,36969.88
World Omni Select Auto Trust 2021-A,2023-03-31,20,470,480,7,0,1,127923.97
World Omni Select Auto Trust 2021-A,2023-03-31,20,480,490,10,2,0,199027.57
World Omni Select Auto Trust 2021-A,2023-03-31,20,490,500,20,1,1,310776.92
World Omni Select Auto Trust 2021-A,2023-03-31,20,500,510,36,10,5,983129.41
World Omni Select Auto Trust 2021-A,2023-03-31,20,510,520,44,9,3,1016185.8699999999
World Omni Select Auto Trust 2021-A,2023-03-31,20,520,530,61,12,8,1345258.09
World Omni Select Auto Trust 2021-A,2023-03-31,20,530,540,69,12,2,1491508.9300000002
World Omni Select Auto Trust 2021-A,2023-03-31,20,540,550,134,13,5,2672441.650000001
World Omni Select Auto Trust 2021-A,2023-03-31,20,550,560,126,22,3,2654236.9899999974
World Omni Select Auto Trust 2021-A,2023-03-31,20,560,570,189,24,8,4067641.4199999985
World Omni Select Auto Trust 2021-A,2023-03-31,20,570,580,334,44,13,7420668.0600000005
World Omni Select Auto Trust 2021-A,2023-03-31,20,580,590,846,105,39,20524513.449999988
World Omni Select Auto Trust 2021-A,2023-03-31,20,590,600,1083,113,30,25167277.109999996
World Omni Select Auto Trust 2021-A,2023-03-31,20,600,610,1315,135,37,30961865.49
World Omni Select Auto Trust 2021-A,2023-03-31,20,610,620,1383,121,42,32303857.88999998
World Omni Select Auto Trust 2021-A,2023-03-31,20,620,630,2054,156,53,48378702.47999999
World Omni Select Auto Trust 2021-A,2023-03-31,20,630,640,1821,134,41,43663495.160000026
World Omni Select Auto Trust 2021-A,2023-03-31,20,640,650,2327,158,45,55956048.1799999
World Omni Select Auto Trust 2021-A,2023-03-31,20,650,660,209,18,2,4613485.6099999985
World Omni Select Auto Trust 2021-A,2023-03-31,20,660,670,301,16,8,7026927.510000001
World Omni Select Auto Trust 2021-A,2023-03-31,20,670,680,305,18,2,6814665.42
World Omni Select Auto Trust 2021-A,2023-03-31,20,680,690,237,15,6,5253909.699999997
World Omni Select Auto Trust 2021-A,2023-03-31,20,690,700,268,9,4,5766881.179999997
World Omni Select Auto Trust 2021-A,2023-03-31,20,700,710,506,20,1,11279436.610000007
World Omni Select Auto Trust 2021-A,2023-03-31,20,710,720,470,13,4,10779359.090000004
World Omni Select Auto Trust 2021-A,2023-03-31,20,720,730,812,12,4,18699516.08
World Omni Select Auto Trust 2021-A,2023-03-31,20,730,740,753,14,3,17066645.400000013
World Omni Select Auto Trust 2021-A,2023-03-31,20,740,750,568,6,0,12803491.480000004
World Omni Select Auto Trust 2021-A,2023-03-31,20,750,760,541,11,3,12298300.489999998
World Omni Select Auto Trust 2021-A,2023-03-31,20,760,770,410,5,2,8887653.440000003
World Omni Select Auto Trust 2021-A,2023-03-31,20,770,780,426,3,2,9642510.33000001
World Omni Select Auto Trust 2021-A,2023-03-31,20,780,790,420,5,1,9065325.739999995
World Omni Select Auto Trust 2021-A,2023-03-31,20,790,800,371,2,1,7715271.590000001
World Omni Select Auto Trust 2021-A,2023-03-31,20,800,810,346,2,1,7415278.309999998
World Omni Select Auto Trust 2021-A,2023-03-31,20,810,820,301,4,1,6312420.5
World Omni Select Auto Trust 2021-A,2023-03-31,20,820,830,295,2,0,6085499.909999997
World Omni Select Auto Trust 2021-A,2023-03-31,20,830,840,226,3,0,4704698.970000001
World Omni Select Auto Trust 2021-A,2023-03-31,20,840,850,214,2,1,4733002.710000002
World Omni Select Auto Trust 2021-A,2023-03-31,20,850,860,144,2,0,3016626.060000001
World Omni Select Auto Trust 2021-A,2023-03-31,20,860,870,107,1,0,2142729.0599999996
World Omni Select Auto Trust 2021-A,2023-03-31,20,870,880,59,2,0,1179198.03
World Omni Select Auto Trust 2021-A,2023-03-31,20,880,890,11,0,0,230412.62
World Omni Select Auto Trust 2021-A,2024-03-31,32,440,450,1,0,0,4305.4
World Omni Select Auto Trust 2021-A,2024-03-31,32,450,460,1,0,0,17372.35
World Omni Select Auto Trust 2021-A,2024-03-31,32,460,470,2,0,0,29648.940000000002
World Omni Select Auto Trust 2021-A,2024-03-31,32,470,480,6,0,0,76201.83
World Omni Select Auto Trust 2021-A,2024-03-31,32,480,490,8,0,0,100487.97
World Omni Select Auto Trust 2021-A,2024-03-31,32,490,500,13,2,1,191578.62
World Omni Select Auto Trust 2021-A,2024-03-31,32,500,510,30,6,1,630944.5599999998
World Omni Select Auto Trust 2021-A,2024-03-31,32,510,520,26,6,4,537919.84
World Omni Select Auto Trust 2021-A,2024-03-31,32,520,530,45,10,2,783554.4099999998
World Omni Select Auto Trust 2021-A,2024-03-31,32,530,540,56,8,1,1009495.7000000001
World Omni Select Auto Trust 2021-A,2024-03-31,32,540,550,90,13,8,1708339.7099999988
World Omni Select Auto Trust 2021-A,2024-03-31,32,550,560,90,19,6,1729802.1000000008
World Omni Select Auto Trust 2021-A,2024-03-31,32,560,570,119,26,5,2360744.8800000004
World Omni Select Auto Trust 2021-A,2024-03-31,32,570,580,239,37,14,4636815.34
World Omni Select Auto Trust 2021-A,2024-03-31,32,580,590,574,102,29,12043695.500000006
World Omni Select Auto Trust 2021-A,2024-03-31,32,590,600,717,106,34,14742568.640000008
World Omni Select Auto Trust 2021-A,2024-03-31,32,600,610,902,123,45,18296701.940000005
World Omni Select Auto Trust 2021-A,2024-03-31,32,610,620,933,126,42,19011447.31000001
World Omni Select Auto Trust 2021-A,2024-03-31,32,620,630,1475,162,52,29720631.559999965
World Omni Select Auto Trust 2021-A,2024-03-31,32,630,640,1294,126,39,25872575.890000038
World Omni Select Auto Trust 2021-A,2024-03-31,32,640,650,1737,137,37,33802418.77
World Omni Select Auto Trust 2021-A,2024-03-31,32,650,660,150,16,2,2798525.830000001
World Omni Select Auto Trust 2021-A,2024-03-31,32,660,670,229,19,4,4313210.07
World Omni Select Auto Trust 2021-A,2024-03-31,32,670,680,234,17,3,4282198.269999999
World Omni Select Auto Trust 2021-A,2024-03-31,32,680,690,173,12,2,3082579.389999997
World Omni Select Auto Trust 2021-A,2024-03-31,32,690,700,200,16,2,3498588.1999999983
World Omni Select Auto Trust 2021-A,2024-03-31,32,700,710,387,10,5,6705037.909999999
World Omni Select Auto Trust 2021-A,2024-03-31,32,710,720,368,14,4,6597055.410000004
World Omni Select Auto Trust 2021-A,2024-03-31,32,720,730,653,15,1,11482809.95
World Omni Select Auto Trust 2021-A,2024-03-31,32,730,740,604,16,1,10487822.399999993
World Omni Select Auto Trust 2021-A,2024-03-31,32,740,750,459,8,2,8002685.279999999
World Omni Select Auto Trust 2021-A,2024-03-31,32,750,760,439,7,2,7515300.490000001
World Omni Select Auto Trust 2021-A,2024-03-31,32,760,770,328,1,3,5397102.860000003
World Omni Select Auto Trust 2021-A,2024-03-31,32,770,780,337,6,1,5824551.249999998
World Omni Select Auto Trust 2021-A,2024-03-31,32,780,790,337,4,2,5552656.9899999965
World Omni Select Auto Trust 2021-A,2024-03-31,32,790,800,308,3,1,4953328.9700000025
World Omni Select Auto Trust 2021-A,2024-03-31,32,800,810,278,6,1,4597394.889999997
World Omni Select Auto Trust 2021-A,2024-03-31,32,810,820,251,5,1,4040053.109999995
World Omni Select Auto Trust 2021-A,2024-03-31,32,820,830,238,3,1,3770729.9100000015
World Omni Select Auto Trust 2021-A,2024-03-31,32,830,840,175,3,0,2800000.2499999986
World Omni Select Auto Trust 2021-A,2024-03-31,32,840,850,165,2,1,2777763.6900000004
World Omni Select Auto Trust 2021-A,2024-03-31,32,850,860,118,0,0,1874467.2200000011
World Omni Select Auto Trust 2021-A,2024-03-31,32,860,870,95,1,0,1384433.1099999992
World Omni Select Auto Trust 2021-A,2024-03-31,32,870,880,45,0,1,692958.8799999999
World Omni Select Auto Trust 2021-A,2024-03-31,32,880,890,10,0,0,152122.65999999997
World Omni Select Auto Trust 2021-A,2025-03-31,44,450,460,1,0,0,13419.39
World Omni Select Auto Trust 2021-A,2025-03-31,44,460,470,1,0,0,8657.57
World Omni Select Auto Trust 2021-A,2025-03-31,44,470,480,4,0,0,35847.89
World Omni Select Auto Trust 2021-A,2025-03-31,44,480,490,5,1,0,58912.14
World Omni Select Auto Trust 2021-A,2025-03-31,44,490,500,8,0,1,74481.62
World Omni Select Auto Trust 2021-A,2025-03-31,44,500,510,21,5,0,322353.38000000006
World Omni Select Auto Trust 2021-A,2025-03-31,44,510,520,21,5,1,299279.67
World Omni Select Auto Trust 2021-A,2025-03-31,44,520,530,33,4,1,360039.13
World Omni Select Auto Trust 2021-A,2025-03-31,44,530,540,31,5,1,431407.5999999999
World Omni Select Auto Trust 2021-A,2025-03-31,44,540,550,64,11,4,881105.9600000001
World Omni Select Auto Trust 2021-A,2025-03-31,44,550,560,59,16,3,883858.7900000002
World Omni Select Auto Trust 2021-A,2025-03-31,44,560,570,81,20,7,1317986.6599999992
World Omni Select Auto Trust 2021-A,2025-03-31,44,570,580,181,29,10,2610774.62
World Omni Select Auto Trust 2021-A,2025-03-31,44,580,590,441,83,18,6702757.039999998
World Omni Select Auto Trust 2021-A,2025-03-31,44,590,600,534,73,25,7840633.260000003
World Omni Select Auto Trust 2021-A,2025-03-31,44,600,610,675,99,21,9836316.03000002
World Omni Select Auto Trust 2021-A,2025-03-31,44,610,620,698,95,33,10319430.780000007
World Omni Select Auto Trust 2021-A,2025-03-31,44,620,630,1120,144,46,16688340.479999984
World Omni Select Auto Trust 2021-A,2025-03-31,44,630,640,1005,90,24,14392332.299999995
World Omni Select Auto Trust 2021-A,2025-03-31,44,640,650,1314,123,32,18507528.240000024
World Omni Select Auto Trust 2021-A,2025-03-31,44,650,660,118,13,2,1586564.6700000009
World Omni Select Auto Trust 2021-A,2025-03-31,44,660,670,178,14,6,2403940.619999999
World Omni Select Auto Trust 2021-A,2025-03-31,44,670,680,178,13,5,2451429.09
World Omni Select Auto Trust 2021-A,2025-03-31,44,680,690,133,11,3,1708935.1900000004
World Omni Select Auto Trust 2021-A,2025-03-31,44,690,700,153,15,4,1886093.8299999994
World Omni Select Auto Trust 2021-A,2025-03-31,44,700,710,298,14,3,3650411.4899999984
World Omni Select Auto Trust 2021-A,2025-03-31,44,710,720,294,15,6,3683086.2200000007
World Omni Select Auto Trust 2021-A,2025-03-31,44,720,730,517,19,3,6257296.909999997
World Omni Select Auto Trust 2021-A,2025-03-31,44,730,740,457,12,6,5441852.900000004
World Omni Select Auto Trust 2021-A,2025-03-31,44,740,750,357,10,1,4139612.8400000003
World Omni Select Auto Trust 2021-A,2025-03-31,44,750,760,351,10,0,4107229.74
World Omni Select Auto Trust 2021-A,2025-03-31,44,760,770,256,4,1,2869248.8599999994
World Omni Select Auto Trust 2021-A,2025-03-31,44,770,780,260,3,0,3065627.3800000013
World Omni Select Auto Trust 2021-A,2025-03-31,44,780,790,257,5,0,2807520.6500000013
World Omni Select Auto Trust 2021-A,2025-03-31,44,790,800,248,3,1,2677812.1200000006
World Omni Select Auto Trust 2021-A,2025-03-31,44,800,810,217,3,0,2382889.0200000005
World Omni Select Auto Trust 2021-A,2025-03-31,44,810,820,202,6,0,2143335.519999998
World Omni Select Auto Trust 2021-A,2025-03-31,44,820,830,184,1,1,1926785.0800000008
World Omni Select Auto Trust 2021-A,2025-03-31,44,830,840,137,3,0,1448001.3999999997
World Omni Select Auto Trust 2021-A,2025-03-31,44,840,850,125,0,1,1355445.83
World Omni Select Auto Trust 2021-A,2025-03-31,44,850,860,88,0,3,950570.1100000002
World Omni Select Auto Trust 2021-A,2025-03-31,44,860,870,69,0,0,664937.2400000002
World Omni Select Auto Trust 2021-A,2025-03-31,44,870,880,37,1,0,385967.8599999999
World Omni Select Auto Trust 2021-A,2025-03-31,44,880,890,9,0,0,81414.58
World Omni Select Auto Trust 2021-A,2022-04-30,9,440,450,4,1,0,86314.58
World Omni Select Auto Trust 2021-A,2022-04-30,9,450,460,1,0,0,23398.29
World Omni Select Auto Trust 2021-A,2022-04-30,9,460,470,2,1,0,64833.2
World Omni Select Auto Trust 2021-A,2022-04-30,9,470,480,11,3,0,252212.0
World Omni Select Auto Trust 2021-A,2022-04-30,9,480,490,17,1,1,282849.13
World Omni Select Auto Trust 2021-A,2022-04-30,9,490,500,30,5,0,553298.09
World Omni Select Auto Trust 2021-A,2022-04-30,9,500,510,62,7,2,1408453.05
World Omni Select Auto Trust 2021-A,2022-04-30,9,510,520,69,9,3,1573449.2300000004
World Omni Select Auto Trust 2021-A,2022-04-30,9,520,530,115,11,2,2199176.8600000003
World Omni Select Auto Trust 2021-A,2022-04-30,9,530,540,112,12,5,2444121.35
World Omni Select Auto Trust 2021-A,2022-04-30,9,540,550,206,16,4,4452213.79
World Omni Select Auto Trust 2021-A,2022-04-30,9,550,560,217,12,10,4555507.780000001
World Omni Select Auto Trust 2021-A,2022-04-30,9,560,570,309,21,6,6592144.520000002
World Omni Select Auto Trust 2021-A,2022-04-30,9,570,580,528,34,11,12133979.009999998
World Omni Select Auto Trust 2021-A,2022-04-30,9,580,590,1318,113,27,33582267.359999985
World Omni Select Auto Trust 2021-A,2022-04-30,9,590,600,1716,96,22,42243948.850000024
World Omni Select Auto Trust 2021-A,2022-04-30,9,600,610,2067,113,49,51583284.17999995
World Omni Select Auto Trust 2021-A,2022-04-30,9,610,620,2096,90,56,52800378.619999975
World Omni Select Auto Trust 2021-A,2022-04-30,9,620,630,3163,134,52,80496692.65000007
World Omni Select Auto Trust 2021-A,2022-04-30,9,630,640,2828,93,30,72025684.97999996
World Omni Select Auto Trust 2021-A,2022-04-30,9,640,650,3518,123,38,90965463.38000007
World Omni Select Auto Trust 2021-A,2022-04-30,9,650,660,353,13,5,8056374.35
World Omni Select Auto Trust 2021-A,2022-04-30,9,660,670,450,16,4,11007088.270000003
World Omni Select Auto Trust 2021-A,2022-04-30,9,670,680,436,12,4,10551075.469999995
World Omni Select Auto Trust 2021-A,2022-04-30,9,680,690,374,7,4,9080752.760000002
World Omni Select Auto Trust 2021-A,2022-04-30,9,690,700,374,6,2,9080882.8
World Omni Select Auto Trust 2021-A,2022-04-30,9,700,710,682,11,4,17492913.760000005
World Omni Select Auto Trust 2021-A,2022-04-30,9,710,720,618,13,4,16149070.580000004
World Omni Select Auto Trust 2021-A,2022-04-30,9,720,730,1057,8,4,29069376.42000001
World Omni Select Auto Trust 2021-A,2022-04-30,9,730,740,942,12,5,25384675.729999997
World Omni Select Auto Trust 2021-A,2022-04-30,9,740,750,741,3,2,20060294.899999995
World Omni Select Auto Trust 2021-A,2022-04-30,9,750,760,691,3,2,18518266.02
World Omni Select Auto Trust 2021-A,2022-04-30,9,760,770,536,5,1,13920968.719999995
World Omni Select Auto Trust 2021-A,2022-04-30,9,770,780,536,3,2,14616704.910000004
World Omni Select Auto Trust 2021-A,2022-04-30,9,780,790,517,6,0,13316071.92
World Omni Select Auto Trust 2021-A,2022-04-30,9,790,800,459,4,1,11363073.599999998
World Omni Select Auto Trust 2021-A,2022-04-30,9,800,810,444,4,0,11360728.799999995
World Omni Select Auto Trust 2021-A,2022-04-30,9,810,820,377,2,1,9480211.56
World Omni Select Auto Trust 2021-A,2022-04-30,9,820,830,364,1,0,9009341.600000001
World Omni Select Auto Trust 2021-A,2022-04-30,9,830,840,276,1,0,6820383.9
World Omni Select Auto Trust 2021-A,2022-04-30,9,840,850,277,0,0,7026227.540000002
World Omni Select Auto Trust 2021-A,2022-04-30,9,850,860,172,1,2,4149087.2
World Omni Select Auto Trust 2021-A,2022-04-30,9,860,870,137,1,0,3302425.72
World Omni Select Auto Trust 2021-A,2022-04-30,9,870,880,79,1,0,1893941.5799999998
World Omni Select Auto Trust 2021-A,2022-04-30,9,880,890,11,0,0,281677.52
World Omni Select Auto Trust 2021-A,2022-04-30,9,890,900,1,0,0,1259.81
World Omni Select Auto Trust 2021-A,2023-04-30,21,440,450,2,0,0,19398.5
World Omni Select Auto Trust 2021-A,2023-04-30,21,450,460,1,0,0,20513.07
World Omni Select Auto Trust 2021-A,2023-04-30,21,460,470,2,0,0,36094.729999999996
World Omni Select Auto Trust 2021-A,2023-04-30,21,470,480,7,1,0,125511.04999999999
World Omni Select Auto Trust 2021-A,2023-04-30,21,480,490,9,1,2,197007.07
World Omni Select Auto Trust 2021-A,2023-04-30,21,490,500,18,3,1,304564.3
World Omni Select Auto Trust 2021-A,2023-04-30,21,500,510,38,8,4,947671.1200000005
World Omni Select Auto Trust 2021-A,2023-04-30,21,510,520,43,5,5,971518.5600000002
World Omni Select Auto Trust 2021-A,2023-04-30,21,520,530,61,13,5,1297234.0899999999
World Omni Select Auto Trust 2021-A,2023-04-30,21,530,540,64,9,8,1447277.4300000002
World Omni Select Auto Trust 2021-A,2023-04-30,21,540,550,126,18,5,2611672.8200000003
World Omni Select Auto Trust 2021-A,2023-04-30,21,550,560,125,16,8,2618576.0400000005
World Omni Select Auto Trust 2021-A,2023-04-30,21,560,570,174,27,11,3854247.429999998
World Omni Select Auto Trust 2021-A,2023-04-30,21,570,580,316,38,19,7083899.58
World Omni Select Auto Trust 2021-A,2023-04-30,21,580,590,814,101,39,19615514.739999983
World Omni Select Auto Trust 2021-A,2023-04-30,21,590,600,1042,119,35,24321800.299999986
World Omni Select Auto Trust 2021-A,2023-04-30,21,600,610,1258,144,44,29889176.069999985
World Omni Select Auto Trust 2021-A,2023-04-30,21,610,620,1314,141,46,31150977.439999986
World Omni Select Auto Trust 2021-A,2023-04-30,21,620,630,1988,150,68,46582418.77999999
World Omni Select Auto Trust 2021-A,2023-04-30,21,630,640,1750,129,46,41680443.190000065
World Omni Select Auto Trust 2021-A,2023-04-30,21,640,650,2257,139,57,53609839.47000009
World Omni Select Auto Trust 2021-A,2023-04-30,21,650,660,204,17,3,4484023.750000002
World Omni Select Auto Trust 2021-A,2023-04-30,21,660,670,292,16,9,6706794.150000002
World Omni Select Auto Trust 2021-A,2023-04-30,21,670,680,292,21,2,6557696.8299999945
World Omni Select Auto Trust 2021-A,2023-04-30,21,680,690,229,13,9,5046001.560000001
World Omni Select Auto Trust 2021-A,2023-04-30,21,690,700,259,8,6,5558838.260000001
World Omni Select Auto Trust 2021-A,2023-04-30,21,700,710,490,21,5,10868131.679999992
World Omni Select Auto Trust 2021-A,2023-04-30,21,710,720,460,12,4,10384088.370000003
World Omni Select Auto Trust 2021-A,2023-04-30,21,720,730,802,10,4,18164626.52000002
World Omni Select Auto Trust 2021-A,2023-04-30,21,730,740,737,15,4,16483532.770000009
World Omni Select Auto Trust 2021-A,2023-04-30,21,740,750,557,7,0,12387335.890000014
World Omni Select Auto Trust 2021-A,2023-04-30,21,750,760,536,7,3,11872169.520000022
World Omni Select Auto Trust 2021-A,2023-04-30,21,760,770,404,2,2,8551353.03
World Omni Select Auto Trust 2021-A,2023-04-30,21,770,780,418,6,0,9252017.690000005
World Omni Select Auto Trust 2021-A,2023-04-30,21,780,790,411,8,1,8797918.440000003
World Omni Select Auto Trust 2021-A,2023-04-30,21,790,800,364,2,2,7518488.4899999965
World Omni Select Auto Trust 2021-A,2023-04-30,21,800,810,336,5,0,7152416.82
World Omni Select Auto Trust 2021-A,2023-04-30,21,810,820,298,1,2,6147393.630000002
World Omni Select Auto Trust 2021-A,2023-04-30,21,820,830,292,2,0,5930443.24
World Omni Select Auto Trust 2021-A,2023-04-30,21,830,840,223,0,2,4540545.0200000005
World Omni Select Auto Trust 2021-A,2023-04-30,21,840,850,209,2,1,4566398.650000001
World Omni Select Auto Trust 2021-A,2023-04-30,21,850,860,140,2,0,2912065.1299999994
World Omni Select Auto Trust 2021-A,2023-04-30,21,860,870,106,1,0,2064521.1099999999
World Omni Select Auto Trust 2021-A,2023-04-30,21,870,880,58,2,0,1138236.2799999996
World Omni Select Auto Trust 2021-A,2023-04-30,21,880,890,11,0,0,226285.39
World Omni Select Auto Trust 2021-A,2024-04-30,33,440,450,1,0,0,4305.4
World Omni Select Auto Trust 2021-A,2024-04-30,33,450,460,1,0,0,17372.35
World Omni Select Auto Trust 2021-A,2024-04-30,33,460,470,1,1,0,29276.49
World Omni Select Auto Trust 2021-A,2024-04-30,33,470,480,5,0,0,55846.350000000006
World Omni Select Auto Trust 2021-A,2024-04-30,33,480,490,6,1,0,88523.27
World Omni Select Auto Trust 2021-A,2024-04-30,33,490,500,14,1,1,188075.36
World Omni Select Auto Trust 2021-A,2024-04-30,33,500,510,28,7,2,619074.9799999999
World Omni Select Auto Trust 2021-A,2024-04-30,33,510,520,31,3,2,526034.07
World Omni Select Auto Trust 2021-A,2024-04-30,33,520,530,42,8,5,727959.0500000003
World Omni Select Auto Trust 2021-A,2024-04-30,33,530,540,53,8,2,957516.8100000005
World Omni Select Auto Trust 2021-A,2024-04-30,33,540,550,87,13,8,1630733.5199999998
World Omni Select Auto Trust 2021-A,2024-04-30,33,550,560,87,24,1,1639572.5000000002
World Omni Select Auto Trust 2021-A,2024-04-30,33,560,570,117,18,10,2250640.51
World Omni Select Auto Trust 2021-A,2024-04-30,33,570,580,236,32,14,4397590.140000001
World Omni Select Auto Trust 2021-A,2024-04-30,33,580,590,563,92,33,11498091.690000005
World Omni Select Auto Trust 2021-A,2024-04-30,33,590,600,693,97,37,13863294.520000009
World Omni Select Auto Trust 2021-A,2024-04-30,33,600,610,901,109,41,17587010.62000002
World Omni Select Auto Trust 2021-A,2024-04-30,33,610,620,913,110,52,18172642.100000016
World Omni Select Auto Trust 2021-A,2024-04-30,33,620,630,1446,152,57,28488401.85999998
World Omni Select Auto Trust 2021-A,2024-04-30,33,630,640,1267,111,49,24759153.219999988
World Omni Select Auto Trust 2021-A,2024-04-30,33,640,650,1684,127,50,32103154.670000024
World Omni Select Auto Trust 2021-A,2024-04-30,33,650,660,147,13,4,2673248.8499999996
World Omni Select Auto Trust 2021-A,2024-04-30,33,660,670,221,23,3,4139559.6200000024
World Omni Select Auto Trust 2021-A,2024-04-30,33,670,680,233,13,4,4138381.72
World Omni Select Auto Trust 2021-A,2024-04-30,33,680,690,172,10,4,2979661.709999998
World Omni Select Auto Trust 2021-A,2024-04-30,33,690,700,200,13,1,3381542.189999999
World Omni Select Auto Trust 2021-A,2024-04-30,33,700,710,377,11,4,6391617.019999992
World Omni Select Auto Trust 2021-A,2024-04-30,33,710,720,360,17,2,6306408.599999999
World Omni Select Auto Trust 2021-A,2024-04-30,33,720,730,639,14,3,10961924.89999999
World Omni Select Auto Trust 2021-A,2024-04-30,33,730,740,597,12,1,10013421.280000003
World Omni Select Auto Trust 2021-A,2024-04-30,33,740,750,451,7,3,7601529.369999996
World Omni Select Auto Trust 2021-A,2024-04-30,33,750,760,432,8,1,7220772.040000002
World Omni Select Auto Trust 2021-A,2024-04-30,33,760,770,323,5,2,5207886.1
World Omni Select Auto Trust 2021-A,2024-04-30,33,770,780,328,5,2,5542750.949999998
World Omni Select Auto Trust 2021-A,2024-04-30,33,780,790,333,4,0,5312865.700000001
World Omni Select Auto Trust 2021-A,2024-04-30,33,790,800,302,2,1,4742137.110000002
World Omni Select Auto Trust 2021-A,2024-04-30,33,800,810,276,4,1,4384941.28
World Omni Select Auto Trust 2021-A,2024-04-30,33,810,820,251,1,2,3871551.5699999984
World Omni Select Auto Trust 2021-A,2024-04-30,33,820,830,235,2,0,3589040.500000002
World Omni Select Auto Trust 2021-A,2024-04-30,33,830,840,169,1,2,2660812.3499999996
World Omni Select Auto Trust 2021-A,2024-04-30,33,840,850,162,3,1,2644455.6799999992
World Omni Select Auto Trust 2021-A,2024-04-30,33,850,860,114,0,0,1754809.5399999996
World Omni Select Auto Trust 2021-A,2024-04-30,33,860,870,95,0,0,1330082.7499999993
World Omni Select Auto Trust 2021-A,2024-04-30,33,870,880,43,2,0,661350.5100000001
World Omni Select Auto Trust 2021-A,2024-04-30,33,880,890,10,0,0,148023.7
World Omni Select Auto Trust 2021-A,2025-04-30,45,450,460,1,0,0,13050.64
World Omni Select Auto Trust 2021-A,2025-04-30,45,460,470,1,0,0,8240.52
World Omni Select Auto Trust 2021-A,2025-04-30,45,470,480,4,0,0,34902.85
World Omni Select Auto Trust 2021-A,2025-04-30,45,480,490,5,0,1,57560.49
World Omni Select Auto Trust 2021-A,2025-04-30,45,490,500,7,0,1,59432.05
World Omni Select Auto Trust 2021-A,2025-04-30,45,500,510,18,6,1,287142.04
World Omni Select Auto Trust 2021-A,2025-04-30,45,510,520,19,6,0,277883.16000000003
World Omni Select Auto Trust 2021-A,2025-04-30,45,520,530,30,3,3,331772.7800000001
World Omni Select Auto Trust 2021-A,2025-04-30,45,530,540,29,4,3,404047.86999999994
World Omni Select Auto Trust 2021-A,2025-04-30,45,540,550,59,15,2,823518.5200000003
World Omni Select Auto Trust 2021-A,2025-04-30,45,550,560,57,15,4,835984.2000000002
World Omni Select Auto Trust 2021-A,2025-04-30,45,560,570,77,17,9,1220550.8599999996
World Omni Select Auto Trust 2021-A,2025-04-30,45,570,580,178,27,9,2452725.589999999
World Omni Select Auto Trust 2021-A,2025-04-30,45,580,590,426,78,24,6364859.699999996
World Omni Select Auto Trust 2021-A,2025-04-30,45,590,600,520,76,19,7374101.470000001
World Omni Select Auto Trust 2021-A,2025-04-30,45,600,610,655,77,34,9156037.30000001
World Omni Select Auto Trust 2021-A,2025-04-30,45,610,620,696,73,36,9680538.379999999
World Omni Select Auto Trust 2021-A,2025-04-30,45,620,630,1110,122,53,15840098.170000017
World Omni Select Auto Trust 2021-A,2025-04-30,45,630,640,968,104,25,13647309.949999982
World Omni Select Auto Trust 2021-A,2025-04-30,45,640,650,1281,105,40,17385220.43000001
World Omni Select Auto Trust 2021-A,2025-04-30,45,650,660,113,15,3,1501948.0599999991
World Omni Select Auto Trust 2021-A,2025-04-30,45,660,670,171,16,7,2279164.4400000004
World Omni Select Auto Trust 2021-A,2025-04-30,45,670,680,178,8,3,2264098.2099999995
World Omni Select Auto Trust 2021-A,2025-04-30,45,680,690,128,14,2,1617846.1899999997
World Omni Select Auto Trust 2021-A,2025-04-30,45,690,700,152,9,6,1765208.3500000003
World Omni Select Auto Trust 2021-A,2025-04-30,45,700,710,290,13,4,3420090.1999999974
World Omni Select Auto Trust 2021-A,2025-04-30,45,710,720,285,13,4,3401624.1400000025
World Omni Select Auto Trust 2021-A,2025-04-30,45,720,730,513,12,4,5889635.020000002
World Omni Select Auto Trust 2021-A,2025-04-30,45,730,740,449,14,4,5131867.800000005
World Omni Select Auto Trust 2021-A,2025-04-30,45,740,750,348,9,4,3906810.5600000015
World Omni Select Auto Trust 2021-A,2025-04-30,45,750,760,343,9,0,3841891.5699999984
World Omni Select Auto Trust 2021-A,2025-04-30,45,760,770,248,4,0,2667407.1200000006
World Omni Select Auto Trust 2021-A,2025-04-30,45,770,780,254,2,1,2878360.420000001
World Omni Select Auto Trust 2021-A,2025-04-30,45,780,790,251,2,1,2659379.4099999997
World Omni Select Auto Trust 2021-A,2025-04-30,45,790,800,242,7,1,2523431.3400000003
World Omni Select Auto Trust 2021-A,2025-04-30,45,800,810,214,3,1,2237335.3600000003
World Omni Select Auto Trust 2021-A,2025-04-30,45,810,820,200,5,0,2001615.5800000017
World Omni Select Auto Trust 2021-A,2025-04-30,45,820,830,181,2,0,1816902.1499999997
World Omni Select Auto Trust 2021-A,2025-04-30,45,830,840,136,1,0,1341131.0599999994
World Omni Select Auto Trust 2021-A,2025-04-30,45,840,850,119,3,0,1251537.8099999998
World Omni Select Auto Trust 2021-A,2025-04-30,45,850,860,88,2,1,902163.1600000003
World Omni Select Auto Trust 2021-A,2025-04-30,45,860,870,68,0,0,626300.6799999998
World Omni Select Auto Trust 2021-A,2025-04-30,45,870,880,37,1,0,369207.19999999995
World Omni Select Auto Trust 2021-A,2025-04-30,45,880,890,9,0,0,77382.51
World Omni Select Auto Trust 2021-A,2022-05-31,10,440,450,4,0,0,43195.840000000004
World Omni Select Auto Trust 2021-A,2022-05-31,10,450,460,1,0,0,23171.2
World Omni Select Auto Trust 2021-A,2022-05-31,10,460,470,3,0,0,64286.42
World Omni Select Auto Trust 2021-A,2022-05-31,10,470,480,10,1,0,186704.31
World Omni Select Auto Trust 2021-A,2022-05-31,10,480,490,14,2,0,260435.78999999995
World Omni Select Auto Trust 2021-A,2022-05-31,10,490,500,31,2,1,524686.86
World Omni Select Auto Trust 2021-A,2022-05-31,10,500,510,58,9,2,1373819.54
World Omni Select Auto Trust 2021-A,2022-05-31,10,510,520,69,8,4,1554245.4200000002
World Omni Select Auto Trust 2021-A,2022-05-31,10,520,530,98,20,4,2056824.1999999993
World Omni Select Auto Trust 2021-A,2022-05-31,10,530,540,110,12,5,2391848.7300000004
World Omni Select Auto Trust 2021-A,2022-05-31,10,540,550,194,15,3,4180085.4499999983
World Omni Select Auto Trust 2021-A,2022-05-31,10,550,560,201,23,7,4382181.550000001
World Omni Select Auto Trust 2021-A,2022-05-31,10,560,570,282,36,6,6295569.3999999985
World Omni Select Auto Trust 2021-A,2022-05-31,10,570,580,493,47,14,11664116.349999996
World Omni Select Auto Trust 2021-A,2022-05-31,10,580,590,1257,113,34,32040036.56000001
World Omni Select Auto Trust 2021-A,2022-05-31,10,590,600,1622,111,27,40090167.94000006
World Omni Select Auto Trust 2021-A,2022-05-31,10,600,610,1955,133,50,48671743.829999976
World Omni Select Auto Trust 2021-A,2022-05-31,10,610,620,1995,115,46,50045494.00999996
World Omni Select Auto Trust 2021-A,2022-05-31,10,620,630,3028,145,48,76460869.60000008
World Omni Select Auto Trust 2021-A,2022-05-31,10,630,640,2676,129,26,68508058.82000014
World Omni Select Auto Trust 2021-A,2022-05-31,10,640,650,3361,123,49,86233976.57000016
World Omni Select Auto Trust 2021-A,2022-05-31,10,650,660,333,16,2,7478588.589999997
World Omni Select Auto Trust 2021-A,2022-05-31,10,660,670,428,13,8,10470914.369999997
World Omni Select Auto Trust 2021-A,2022-05-31,10,670,680,416,18,1,10099042.389999997
World Omni Select Auto Trust 2021-A,2022-05-31,10,680,690,357,6,4,8637435.190000003
World Omni Select Auto Trust 2021-A,2022-05-31,10,690,700,355,9,1,8677769.740000002
World Omni Select Auto Trust 2021-A,2022-05-31,10,700,710,666,10,5,16877777.209999982
World Omni Select Auto Trust 2021-A,2022-05-31,10,710,720,605,9,3,15484770.020000014
World Omni Select Auto Trust 2021-A,2022-05-31,10,720,730,1020,10,6,27769007.46000004
World Omni Select Auto Trust 2021-A,2022-05-31,10,730,740,924,10,3,24428852.980000027
World Omni Select Auto Trust 2021-A,2022-05-31,10,740,750,719,3,1,19135844.380000003
World Omni Select Auto Trust 2021-A,2022-05-31,10,750,760,670,4,1,17579453.33000003
World Omni Select Auto Trust 2021-A,2022-05-31,10,760,770,523,4,3,13369929.259999994
World Omni Select Auto Trust 2021-A,2022-05-31,10,770,780,528,2,2,14114566.900000006
World Omni Select Auto Trust 2021-A,2022-05-31,10,780,790,507,3,0,12755067.989999996
World Omni Select Auto Trust 2021-A,2022-05-31,10,790,800,449,3,0,10889923.770000009
World Omni Select Auto Trust 2021-A,2022-05-31,10,800,810,432,7,0,11016060.330000008
World Omni Select Auto Trust 2021-A,2022-05-31,10,810,820,366,2,0,9025359.509999996
World Omni Select Auto Trust 2021-A,2022-05-31,10,820,830,355,1,0,8636052.179999998
World Omni Select Auto Trust 2021-A,2022-05-31,10,830,840,268,0,0,6488002.300000001
World Omni Select Auto Trust 2021-A,2022-05-31,10,840,850,272,1,0,6842027.829999991
World Omni Select Auto Trust 2021-A,2022-05-31,10,850,860,165,3,1,3989147.5900000012
World Omni Select Auto Trust 2021-A,2022-05-31,10,860,870,137,0,0,3224775.7799999993
World Omni Select Auto Trust 2021-A,2022-05-31,10,870,880,78,0,0,1829731.6999999997
World Omni Select Auto Trust 2021-A,2022-05-31,10,880,890,11,0,0,277516.61000000004
World Omni Select Auto Trust 2021-A,2022-05-31,10,890,900,1,0,0,943.36
World Omni Select Auto Trust 2021-A,2023-05-31,22,440,450,2,0,0,18892.260000000002
World Omni Select Auto Trust 2021-A,2023-05-31,22,450,460,1,0,0,20316.24
World Omni Select Auto Trust 2021-A,2023-05-31,22,460,470,1,1,0,35754.36
World Omni Select Auto Trust 2021-A,2023-05-31,22,470,480,8,0,0,123731.43
World Omni Select Auto Trust 2021-A,2023-05-31,22,480,490,8,0,2,165660.85
World Omni Select Auto Trust 2021-A,2023-05-31,22,490,500,17,1,2,264764.59
World Omni Select Auto Trust 2021-A,2023-05-31,22,500,510,34,11,4,900426.0299999998
World Omni Select Auto Trust 2021-A,2023-05-31,22,510,520,40,5,5,876243.2500000002
World Omni Select Auto Trust 2021-A,2023-05-31,22,520,530,61,13,2,1235694.5599999998
World Omni Select Auto Trust 2021-A,2023-05-31,22,530,540,63,9,8,1406728.01
World Omni Select Auto Trust 2021-A,2023-05-31,22,540,550,122,17,5,2511301.8499999996
World Omni Select Auto Trust 2021-A,2023-05-31,22,550,560,112,27,7,2551042.7399999993
World Omni Select Auto Trust 2021-A,2023-05-31,22,560,570,162,32,9,3662594.7699999996
World Omni Select Auto Trust 2021-A,2023-05-31,22,570,580,296,52,13,6810539.630000001
World Omni Select Auto Trust 2021-A,2023-05-31,22,580,590,774,112,38,18773858.090000015
World Omni Select Auto Trust 2021-A,2023-05-31,22,590,600,974,140,43,23245848.47
World Omni Select Auto Trust 2021-A,2023-05-31,22,600,610,1206,143,60,28628885.04000002
World Omni Select Auto Trust 2021-A,2023-05-31,22,610,620,1262,131,51,29537768.790000003
World Omni Select Auto Trust 2021-A,2023-05-31,22,620,630,1929,164,59,44886097.73999995
World Omni Select Auto Trust 2021-A,2023-05-31,22,630,640,1680,135,47,39776999.150000036
World Omni Select Auto Trust 2021-A,2023-05-31,22,640,650,2178,146,59,51172935.980000034
World Omni Select Auto Trust 2021-A,2023-05-31,22,650,660,194,18,7,4335472.310000001
World Omni Select Auto Trust 2021-A,2023-05-31,22,660,670,276,22,10,6383826.3
World Omni Select Auto Trust 2021-A,2023-05-31,22,670,680,290,17,5,6384849.980000001
World Omni Select Auto Trust 2021-A,2023-05-31,22,680,690,233,9,6,4899910.4
World Omni Select Auto Trust 2021-A,2023-05-31,22,690,700,249,11,4,5312479.51
World Omni Select Auto Trust 2021-A,2023-05-31,22,700,710,481,17,5,10447223.840000004
World Omni Select Auto Trust 2021-A,2023-05-31,22,710,720,450,10,6,9978271.520000003
World Omni Select Auto Trust 2021-A,2023-05-31,22,720,730,778,13,4,17414331.54000001
World Omni Select Auto Trust 2021-A,2023-05-31,22,730,740,723,15,4,15835646.670000002
World Omni Select Auto Trust 2021-A,2023-05-31,22,740,750,546,6,3,11947913.97
World Omni Select Auto Trust 2021-A,2023-05-31,22,750,760,522,6,4,11325757.27
World Omni Select Auto Trust 2021-A,2023-05-31,22,760,770,393,6,3,8235392.999999995
World Omni Select Auto Trust 2021-A,2023-05-31,22,770,780,409,4,1,8861173.930000002
World Omni Select Auto Trust 2021-A,2023-05-31,22,780,790,402,4,2,8392143.040000001
World Omni Select Auto Trust 2021-A,2023-05-31,22,790,800,356,4,1,7266504.460000003
World Omni Select Auto Trust 2021-A,2023-05-31,22,800,810,329,1,1,6837941.069999999
World Omni Select Auto Trust 2021-A,2023-05-31,22,810,820,286,7,1,5862088.690000001
World Omni Select Auto Trust 2021-A,2023-05-31,22,820,830,285,4,0,5735343.120000001
World Omni Select Auto Trust 2021-A,2023-05-31,22,830,840,216,2,1,4324570.220000001
World Omni Select Auto Trust 2021-A,2023-05-31,22,840,850,204,1,2,4355725.930000002
World Omni Select Auto Trust 2021-A,2023-05-31,22,850,860,137,2,1,2823051.0600000005
World Omni Select Auto Trust 2021-A,2023-05-31,22,860,870,103,2,0,1968302.23
World Omni Select Auto Trust 2021-A,2023-05-31,22,870,880,54,1,1,1036782.71
World Omni Select Auto Trust 2021-A,2023-05-31,22,880,890,11,0,0,220709.3
World Omni Select Auto Trust 2021-A,2024-05-31,34,440,450,1,0,0,4103.17
World Omni Select Auto Trust 2021-A,2024-05-31,34,450,460,1,0,0,16723.48
World Omni Select Auto Trust 2021-A,2024-05-31,34,460,470,1,0,1,28896.54
World Omni Select Auto Trust 2021-A,2024-05-31,34,470,480,5,0,0,54752.600000000006
World Omni Select Auto Trust 2021-A,2024-05-31,34,480,490,6,1,0,86410.46
World Omni Select Auto Trust 2021-A,2024-05-31,34,490,500,12,3,0,167035.18000000002
World Omni Select Auto Trust 2021-A,2024-05-31,34,500,510,28,5,3,572974.9800000002
World Omni Select Auto Trust 2021-A,2024-05-31,34,510,520,27,7,2,515926.62999999995
World Omni Select Auto Trust 2021-A,2024-05-31,34,520,530,42,8,3,698951.5
World Omni Select Auto Trust 2021-A,2024-05-31,34,530,540,45,12,2,883175.54
World Omni Select Auto Trust 2021-A,2024-05-31,34,540,550,79,19,6,1546935.6300000004
World Omni Select Auto Trust 2021-A,2024-05-31,34,550,560,84,14,10,1556236.1400000004
World Omni Select Auto Trust 2021-A,2024-05-31,34,560,570,110,25,6,2140075.2899999996
World Omni Select Auto Trust 2021-A,2024-05-31,34,570,580,221,38,12,4169378.469999997
World Omni Select Auto Trust 2021-A,2024-05-31,34,580,590,552,83,35,10941355.460000008
World Omni Select Auto Trust 2021-A,2024-05-31,34,590,600,676,107,24,13194674.890000012
World Omni Select Auto Trust 2021-A,2024-05-31,34,600,610,859,123,38,16581838.749999996
World Omni Select Auto Trust 2021-A,2024-05-31,34,610,620,890,114,42,17257187.52999998
World Omni Select Auto Trust 2021-A,2024-05-31,34,620,630,1421,146,58,27349250.73
World Omni Select Auto Trust 2021-A,2024-05-31,34,630,640,1241,110,44,23708930.46999998
World Omni Select Auto Trust 2021-A,2024-05-31,34,640,650,1629,140,48,30572874.17999998
World Omni Select Auto Trust 2021-A,2024-05-31,34,650,660,146,13,2,2567411.6200000006
World Omni Select Auto Trust 2021-A,2024-05-31,34,660,670,219,20,2,3941596.98
World Omni Select Auto Trust 2021-A,2024-05-31,34,670,680,226,14,1,3897474.6399999983
World Omni Select Auto Trust 2021-A,2024-05-31,34,680,690,166,13,4,2868393.9299999997
World Omni Select Auto Trust 2021-A,2024-05-31,34,690,700,188,17,1,3139714.0799999987
World Omni Select Auto Trust 2021-A,2024-05-31,34,700,710,367,17,2,6094108.719999997
World Omni Select Auto Trust 2021-A,2024-05-31,34,710,720,359,10,5,6042259.730000002
World Omni Select Auto Trust 2021-A,2024-05-31,34,720,730,630,11,5,10462245.669999985
World Omni Select Auto Trust 2021-A,2024-05-31,34,730,740,582,13,6,9575024.160000002
World Omni Select Auto Trust 2021-A,2024-05-31,34,740,750,442,9,4,7237503.350000004
World Omni Select Auto Trust 2021-A,2024-05-31,34,750,760,423,9,1,6895594.460000003
World Omni Select Auto Trust 2021-A,2024-05-31,34,760,770,318,2,2,4904236.379999997
World Omni Select Auto Trust 2021-A,2024-05-31,34,770,780,321,8,1,5304306.78
World Omni Select Auto Trust 2021-A,2024-05-31,34,780,790,322,4,2,5066538.0000000065
World Omni Select Auto Trust 2021-A,2024-05-31,34,790,800,296,5,0,4523807.360000002
World Omni Select Auto Trust 2021-A,2024-05-31,34,800,810,274,5,0,4200147.609999998
World Omni Select Auto Trust 2021-A,2024-05-31,34,810,820,248,3,3,3738540.0400000024
World Omni Select Auto Trust 2021-A,2024-05-31,34,820,830,229,3,0,3398803.4700000016
World Omni Select Auto Trust 2021-A,2024-05-31,34,830,840,168,2,0,2551563.0900000003
World Omni Select Auto Trust 2021-A,2024-05-31,34,840,850,160,1,1,2509407.62
World Omni Select Auto Trust 2021-A,2024-05-31,34,850,860,109,2,0,1649450.6399999997
World Omni Select Auto Trust 2021-A,2024-05-31,34,860,870,92,1,0,1272438.0800000003
World Omni Select Auto Trust 2021-A,2024-05-31,34,870,880,45,0,0,633343.6400000001
World Omni Select Auto Trust 2021-A,2024-05-31,34,880,890,10,0,0,142820.18
World Omni Select Auto Trust 2021-A,2025-05-31,46,450,460,1,0,0,12714.72
World Omni Select Auto Trust 2021-A,2025-05-31,46,460,470,1,0,0,7816.98
World Omni Select Auto Trust 2021-A,2025-05-31,46,470,480,4,0,0,33624.53
World Omni Select Auto Trust 2021-A,2025-05-31,46,480,490,5,1,0,56271.520000000004
World Omni Select Auto Trust 2021-A,2025-05-31,46,490,500,7,0,1,57141.57
World Omni Select Auto Trust 2021-A,2025-05-31,46,500,510,15,6,2,252894.68000000008
World Omni Select Auto Trust 2021-A,2025-05-31,46,510,520,18,4,2,267661.01999999996
World Omni Select Auto Trust 2021-A,2025-05-31,46,520,530,30,3,1,304630.01
World Omni Select Auto Trust 2021-A,2025-05-31,46,530,540,26,6,2,374653.38
World Omni Select Auto Trust 2021-A,2025-05-31,46,540,550,58,12,5,784550.4100000003
World Omni Select Auto Trust 2021-A,2025-05-31,46,550,560,57,15,4,812277.4799999996
World Omni Select Auto Trust 2021-A,2025-05-31,46,560,570,67,23,4,1079630.6199999999
World Omni Select Auto Trust 2021-A,2025-05-31,46,570,580,161,34,8,2264498.3200000008
World Omni Select Auto Trust 2021-A,2025-05-31,46,580,590,407,82,24,5996537.279999997
World Omni Select Auto Trust 2021-A,2025-05-31,46,590,600,492,81,27,6982645.729999994
World Omni Select Auto Trust 2021-A,2025-05-31,46,600,610,625,93,32,8638807.790000001
World Omni Select Auto Trust 2021-A,2025-05-31,46,610,620,676,91,21,9156583.610000003
World Omni Select Auto Trust 2021-A,2025-05-31,46,620,630,1084,120,50,14908950.360000014
World Omni Select Auto Trust 2021-A,2025-05-31,46,630,640,940,101,36,12884053.020000001
World Omni Select Auto Trust 2021-A,2025-05-31,46,640,650,1244,111,44,16431171.049999999
World Omni Select Auto Trust 2021-A,2025-05-31,46,650,660,108,17,4,1419507.2799999993
World Omni Select Auto Trust 2021-A,2025-05-31,46,660,670,167,11,7,2111737.28
World Omni Select Auto Trust 2021-A,2025-05-31,46,670,680,166,17,4,2152317.0500000007
World Omni Select Auto Trust 2021-A,2025-05-31,46,680,690,128,9,3,1498369.95
World Omni Select Auto Trust 2021-A,2025-05-31,46,690,700,146,13,3,1657753.5199999993
World Omni Select Auto Trust 2021-A,2025-05-31,46,700,710,285,13,4,3235805.3900000006
World Omni Select Auto Trust 2021-A,2025-05-31,46,710,720,280,8,5,3127834.0500000007
World Omni Select Auto Trust 2021-A,2025-05-31,46,720,730,502,15,3,5546577.289999994
World Omni Select Auto Trust 2021-A,2025-05-31,46,730,740,425,17,2,4679101.070000001
World Omni Select Auto Trust 2021-A,2025-05-31,46,740,750,337,11,3,3618758.4499999993
World Omni Select Auto Trust 2021-A,2025-05-31,46,750,760,329,11,3,3599325.640000001
World Omni Select Auto Trust 2021-A,2025-05-31,46,760,770,242,5,0,2518682.6099999985
World Omni Select Auto Trust 2021-A,2025-05-31,46,770,780,249,3,2,2729134.1
World Omni Select Auto Trust 2021-A,2025-05-31,46,780,790,247,2,1,2499805.469999999
World Omni Select Auto Trust 2021-A,2025-05-31,46,790,800,235,6,1,2341894.7899999996
World Omni Select Auto Trust 2021-A,2025-05-31,46,800,810,214,3,0,2131897.0600000005
World Omni Select Auto Trust 2021-A,2025-05-31,46,810,820,190,5,3,1808730.93
World Omni Select Auto Trust 2021-A,2025-05-31,46,820,830,178,1,0,1675512.7699999998
World Omni Select Auto Trust 2021-A,2025-05-31,46,830,840,133,2,0,1253037.6700000006
World Omni Select Auto Trust 2021-A,2025-05-31,46,840,850,116,1,1,1174656.6900000002
World Omni Select Auto Trust 2021-A,2025-05-31,46,850,860,87,1,1,854577.37
World Omni Select Auto Trust 2021-A,2025-05-31,46,860,870,67,1,0,595876.13
World Omni Select Auto Trust 2021-A,2025-05-31,46,870,880,35,1,1,352759.00999999995
World Omni Select Auto Trust 2021-A,2025-05-31,46,880,890,9,0,0,73133.95
World Omni Select Auto Trust 2021-A,2022-06-30,11,440,450,2,1,1,43355.409999999996
World Omni Select Auto Trust 2021-A,2022-06-30,11,450,460,1,0,0,22997.6
World Omni Select Auto Trust 2021-A,2022-06-30,11,460,470,3,0,0,63675.18
World Omni Select Auto Trust 2021-A,2022-06-30,11,470,480,9,1,1,184523.21999999997
World Omni Select Auto Trust 2021-A,2022-06-30,11,480,490,13,1,1,241529.02
World Omni Select Auto Trust 2021-A,2022-06-30,11,490,500,29,2,1,498332.99
World Omni Select Auto Trust 2021-A,2022-06-30,11,500,510,52,11,4,1304955.9800000002
World Omni Select Auto Trust 2021-A,2022-06-30,11,510,520,62,10,4,1449674.4600000004
World Omni Select Auto Trust 2021-A,2022-06-30,11,520,530,94,16,7,1953696.8199999996
World Omni Select Auto Trust 2021-A,2022-06-30,11,530,540,106,12,6,2308542.24
World Omni Select Auto Trust 2021-A,2022-06-30,11,540,550,177,26,1,3927697.1899999976
World Omni Select Auto Trust 2021-A,2022-06-30,11,550,560,195,21,4,4127107.0499999993
World Omni Select Auto Trust 2021-A,2022-06-30,11,560,570,268,30,14,5960289.149999996
World Omni Select Auto Trust 2021-A,2022-06-30,11,570,580,464,55,10,11097430.080000006
World Omni Select Auto Trust 2021-A,2022-06-30,11,580,590,1217,92,48,30774048.66000006
World Omni Select Auto Trust 2021-A,2022-06-30,11,590,600,1538,115,35,38043389.79999996
World Omni Select Auto Trust 2021-A,2022-06-30,11,600,610,1850,140,57,46147134.61999999
World Omni Select Auto Trust 2021-A,2022-06-30,11,610,620,1895,125,53,47487561.69000002
World Omni Select Auto Trust 2021-A,2022-06-30,11,620,630,2898,147,58,72761910.01000006
World Omni Select Auto Trust 2021-A,2022-06-30,11,630,640,2543,130,38,64726869.889999755
World Omni Select Auto Trust 2021-A,2022-06-30,11,640,650,3211,132,60,82346670.50000012
World Omni Select Auto Trust 2021-A,2022-06-30,11,650,660,305,20,4,7008838.530000005
World Omni Select Auto Trust 2021-A,2022-06-30,11,660,670,416,13,7,10071698.430000007
World Omni Select Auto Trust 2021-A,2022-06-30,11,670,680,394,18,3,9621553.070000004
World Omni Select Auto Trust 2021-A,2022-06-30,11,680,690,347,5,3,8254821.419999999
World Omni Select Auto Trust 2021-A,2022-06-30,11,690,700,347,9,2,8353362.450000006
World Omni Select Auto Trust 2021-A,2022-06-30,11,700,710,648,13,2,16287174.960000008
World Omni Select Auto Trust 2021-A,2022-06-30,11,710,720,582,14,2,14758559.180000016
World Omni Select Auto Trust 2021-A,2022-06-30,11,720,730,992,8,4,26593947.59999999
World Omni Select Auto Trust 2021-A,2022-06-30,11,730,740,899,9,2,23342319.869999994
World Omni Select Auto Trust 2021-A,2022-06-30,11,740,750,696,4,2,18335340.260000005
World Omni Select Auto Trust 2021-A,2022-06-30,11,750,760,654,5,1,16842469.039999995
World Omni Select Auto Trust 2021-A,2022-06-30,11,760,770,507,1,3,12645508.829999996
World Omni Select Auto Trust 2021-A,2022-06-30,11,770,780,513,4,2,13465733.370000001
World Omni Select Auto Trust 2021-A,2022-06-30,11,780,790,494,6,1,12386637.239999985
World Omni Select Auto Trust 2021-A,2022-06-30,11,790,800,441,4,0,10577022.440000001
World Omni Select Auto Trust 2021-A,2022-06-30,11,800,810,427,4,1,10665203.979999999
World Omni Select Auto Trust 2021-A,2022-06-30,11,810,820,355,3,1,8670411.449999994
World Omni Select Auto Trust 2021-A,2022-06-30,11,820,830,346,2,0,8342608.829999993
World Omni Select Auto Trust 2021-A,2022-06-30,11,830,840,257,0,0,6159193.289999999
World Omni Select Auto Trust 2021-A,2022-06-30,11,840,850,261,1,1,6534880.279999999
World Omni Select Auto Trust 2021-A,2022-06-30,11,850,860,164,2,2,3883615.4400000037
World Omni Select Auto Trust 2021-A,2022-06-30,11,860,870,129,2,0,3037751.3
World Omni Select Auto Trust 2021-A,2022-06-30,11,870,880,71,2,0,1726174.5200000003
World Omni Select Auto Trust 2021-A,2022-06-30,11,880,890,11,0,0,273017.21
World Omni Select Auto Trust 2021-A,2022-06-30,11,890,900,1,0,0,625.81
World Omni Select Auto Trust 2021-A,2023-06-30,23,440,450,2,0,0,18628.3
World Omni Select Auto Trust 2021-A,2023-06-30,23,450,460,1,0,0,20025.74
World Omni Select Auto Trust 2021-A,2023-06-30,23,460,470,1,1,0,35416.05
World Omni Select Auto Trust 2021-A,2023-06-30,23,470,480,7,0,0,119825.26000000001
World Omni Select Auto Trust 2021-A,2023-06-30,23,480,490,8,0,2,164013.65
World Omni Select Auto Trust 2021-A,2023-06-30,23,490,500,15,3,1,259031.26
World Omni Select Auto Trust 2021-A,2023-06-30,23,500,510,34,10,5,887633.4000000001
World Omni Select Auto Trust 2021-A,2023-06-30,23,510,520,36,6,6,820386.42
World Omni Select Auto Trust 2021-A,2023-06-30,23,520,530,56,12,6,1190837.69
World Omni Select Auto Trust 2021-A,2023-06-30,23,530,540,65,10,4,1364005.3900000001
World Omni Select Auto Trust 2021-A,2023-06-30,23,540,550,113,22,4,2406125.030000001
World Omni Select Auto Trust 2021-A,2023-06-30,23,550,560,110,22,11,2471219.01
World Omni Select Auto Trust 2021-A,2023-06-30,23,560,570,157,26,11,3498229.9400000013
World Omni Select Auto Trust 2021-A,2023-06-30,23,570,580,291,48,11,6520030.050000003
World Omni Select Auto Trust 2021-A,2023-06-30,23,580,590,755,105,38,17958004.799999982
World Omni Select Auto Trust 2021-A,2023-06-30,23,590,600,955,99,53,22123331.960000016
World Omni Select Auto Trust 2021-A,2023-06-30,23,600,610,1156,157,61,27399188.120000005
World Omni Select Auto Trust 2021-A,2023-06-30,23,610,620,1211,143,46,28273548.02000001
World Omni Select Auto Trust 2021-A,2023-06-30,23,620,630,1854,165,66,43030194.780000106
World Omni Select Auto Trust 2021-A,2023-06-30,23,630,640,1621,137,47,38021465.06
World Omni Select Auto Trust 2021-A,2023-06-30,23,640,650,2115,146,56,49030568.95000001
World Omni Select Auto Trust 2021-A,2023-06-30,23,650,660,193,13,7,4144223.9999999977
World Omni Select Auto Trust 2021-A,2023-06-30,23,660,670,273,19,9,6163869.880000001
World Omni Select Auto Trust 2021-A,2023-06-30,23,670,680,284,15,8,6167428.860000002
World Omni Select Auto Trust 2021-A,2023-06-30,23,680,690,222,12,3,4637429.39
World Omni Select Auto Trust 2021-A,2023-06-30,23,690,700,248,8,4,5147399.28
World Omni Select Auto Trust 2021-A,2023-06-30,23,700,710,467,14,9,9994587.029999992
World Omni Select Auto Trust 2021-A,2023-06-30,23,710,720,439,13,4,9563387.379999995
World Omni Select Auto Trust 2021-A,2023-06-30,23,720,730,761,16,4,16690729.129999986
World Omni Select Auto Trust 2021-A,2023-06-30,23,730,740,705,15,5,15182556.039999995
World Omni Select Auto Trust 2021-A,2023-06-30,23,740,750,534,4,3,11398308.329999989
World Omni Select Auto Trust 2021-A,2023-06-30,23,750,760,510,6,5,10845559.110000009
World Omni Select Auto Trust 2021-A,2023-06-30,23,760,770,387,3,3,7863303.800000005
World Omni Select Auto Trust 2021-A,2023-06-30,23,770,780,399,4,1,8471757.069999998
World Omni Select Auto Trust 2021-A,2023-06-30,23,780,790,396,5,1,8107643.4799999995
World Omni Select Auto Trust 2021-A,2023-06-30,23,790,800,351,3,2,7004507.8000000045
World Omni Select Auto Trust 2021-A,2023-06-30,23,800,810,322,1,1,6511402.220000001
World Omni Select Auto Trust 2021-A,2023-06-30,23,810,820,280,3,3,5631409.829999999
World Omni Select Auto Trust 2021-A,2023-06-30,23,820,830,280,5,0,5574931.539999998
World Omni Select Auto Trust 2021-A,2023-06-30,23,830,840,213,2,0,4165316.2300000004
World Omni Select Auto Trust 2021-A,2023-06-30,23,840,850,203,1,1,4219835.979999999
World Omni Select Auto Trust 2021-A,2023-06-30,23,850,860,134,2,1,2706394.31
World Omni Select Auto Trust 2021-A,2023-06-30,23,860,870,101,1,1,1864947.1500000001
World Omni Select Auto Trust 2021-A,2023-06-30,23,870,880,54,1,0,1005013.0200000005
World Omni Select Auto Trust 2021-A,2023-06-30,23,880,890,11,0,0,216317.27000000002
World Omni Select Auto Trust 2021-A,2024-06-30,35,440,450,1,0,0,3864.3
World Omni Select Auto Trust 2021-A,2024-06-30,35,450,460,1,0,0,16439.01
World Omni Select Auto Trust 2021-A,2024-06-30,35,460,470,2,0,0,28516.95
World Omni Select Auto Trust 2021-A,2024-06-30,35,470,480,5,0,0,53820.79
World Omni Select Auto Trust 2021-A,2024-06-30,35,480,490,5,2,0,84940.74
World Omni Select Auto Trust 2021-A,2024-06-30,35,490,500,12,3,0,162317.81
World Omni Select Auto Trust 2021-A,2024-06-30,35,500,510,29,4,2,558816.4400000001
World Omni Select Auto Trust 2021-A,2024-06-30,35,510,520,28,5,3,505256.6599999999
World Omni Select Auto Trust 2021-A,2024-06-30,35,520,530,41,6,4,662282.3300000001
World Omni Select Auto Trust 2021-A,2024-06-30,35,530,540,42,13,4,868885.52
World Omni Select Auto Trust 2021-A,2024-06-30,35,540,550,74,15,11,1446760.44
World Omni Select Auto Trust 2021-A,2024-06-30,35,550,560,83,14,11,1529130.530000001
World Omni Select Auto Trust 2021-A,2024-06-30,35,560,570,101,24,14,2084890.39
World Omni Select Auto Trust 2021-A,2024-06-30,35,570,580,215,38,12,3993957.949999997
World Omni Select Auto Trust 2021-A,2024-06-30,35,580,590,528,86,46,10559257.369999994
World Omni Select Auto Trust 2021-A,2024-06-30,35,590,600,659,102,34,12692612.929999992
World Omni Select Auto Trust 2021-A,2024-06-30,35,600,610,815,132,47,15824927.720000012
World Omni Select Auto Trust 2021-A,2024-06-30,35,610,620,860,115,41,16420189.809999978
World Omni Select Auto Trust 2021-A,2024-06-30,35,620,630,1371,161,66,26236584.40999995
World Omni Select Auto Trust 2021-A,2024-06-30,35,630,640,1223,104,51,22978369.48999997
World Omni Select Auto Trust 2021-A,2024-06-30,35,640,650,1593,139,55,29438288.529999997
World Omni Select Auto Trust 2021-A,2024-06-30,35,650,660,144,15,1,2507321.200000001
World Omni Select Auto Trust 2021-A,2024-06-30,35,660,670,209,22,6,3812201.360000001
World Omni Select Auto Trust 2021-A,2024-06-30,35,670,680,217,15,3,3733336.2799999993
World Omni Select Auto Trust 2021-A,2024-06-30,35,680,690,160,16,4,2738594.4399999976
World Omni Select Auto Trust 2021-A,2024-06-30,35,690,700,187,13,2,2998171.1199999996
World Omni Select Auto Trust 2021-A,2024-06-30,35,700,710,363,13,4,5821811.6199999945
World Omni Select Auto Trust 2021-A,2024-06-30,35,710,720,351,17,4,5859034.430000001
World Omni Select Auto Trust 2021-A,2024-06-30,35,720,730,617,16,2,10004780.670000002
World Omni Select Auto Trust 2021-A,2024-06-30,35,730,740,578,10,6,9206499.980000004
World Omni Select Auto Trust 2021-A,2024-06-30,35,740,750,432,8,4,6851163.400000004
World Omni Select Auto Trust 2021-A,2024-06-30,35,750,760,422,7,1,6663797.310000001
World Omni Select Auto Trust 2021-A,2024-06-30,35,760,770,311,3,2,4663183.2799999975
World Omni Select Auto Trust 2021-A,2024-06-30,35,770,780,311,8,5,5091671.499999998
World Omni Select Auto Trust 2021-A,2024-06-30,35,780,790,316,5,0,4813949.420000001
World Omni Select Auto Trust 2021-A,2024-06-30,35,790,800,294,4,2,4389697.99
World Omni Select Auto Trust 2021-A,2024-06-30,35,800,810,272,3,1,4048032.4400000037
World Omni Select Auto Trust 2021-A,2024-06-30,35,810,820,243,5,3,3594277.039999999
World Omni Select Auto Trust 2021-A,2024-06-30,35,820,830,223,3,1,3230696.5400000005
World Omni Select Auto Trust 2021-A,2024-06-30,35,830,840,166,1,0,2405693.479999999
World Omni Select Auto Trust 2021-A,2024-06-30,35,840,850,157,4,0,2430186.439999999
World Omni Select Auto Trust 2021-A,2024-06-30,35,850,860,109,2,0,1599026.469999999
World Omni Select Auto Trust 2021-A,2024-06-30,35,860,870,88,1,0,1174164.8399999999
World Omni Select Auto Trust 2021-A,2024-06-30,35,870,880,44,0,0,612371.38
World Omni Select Auto Trust 2021-A,2024-06-30,35,880,890,9,0,0,120618.21999999999
World Omni Select Auto Trust 2021-A,2025-06-30,47,450,460,1,0,0,12327.68
World Omni Select Auto Trust 2021-A,2025-06-30,47,460,470,1,0,0,7391.93
World Omni Select Auto Trust 2021-A,2025-06-30,47,470,480,3,0,0,25592.8
World Omni Select Auto Trust 2021-A,2025-06-30,47,480,490,4,1,1,55230.229999999996
World Omni Select Auto Trust 2021-A,2025-06-30,47,490,500,6,1,1,55403.5
World Omni Select Auto Trust 2021-A,2025-06-30,47,500,510,15,7,0,225808.90000000002
World Omni Select Auto Trust 2021-A,2025-06-30,47,510,520,18,2,3,252170.78000000003
World Omni Select Auto Trust 2021-A,2025-06-30,47,520,530,28,2,2,270481.72
World Omni Select Auto Trust 2021-A,2025-06-30,47,530,540,25,8,1,362453.56
World Omni Select Auto Trust 2021-A,2025-06-30,47,540,550,56,12,4,737446.3500000001
World Omni Select Auto Trust 2021-A,2025-06-30,47,550,560,55,14,4,763364.4199999999
World Omni Select Auto Trust 2021-A,2025-06-30,47,560,570,68,20,2,1007184.7900000002
World Omni Select Auto Trust 2021-A,2025-06-30,47,570,580,157,36,7,2169129.520000001
World Omni Select Auto Trust 2021-A,2025-06-30,47,580,590,387,86,25,5637452.96
World Omni Select Auto Trust 2021-A,2025-06-30,47,590,600,473,84,29,6565781.79
World Omni Select Auto Trust 2021-A,2025-06-30,47,600,610,610,85,32,8105394.279999985
World Omni Select Auto Trust 2021-A,2025-06-30,47,610,620,649,94,29,8634955.939999994
World Omni Select Auto Trust 2021-A,2025-06-30,47,620,630,1044,139,42,14036504.689999996
World Omni Select Auto Trust 2021-A,2025-06-30,47,630,640,919,96,34,12150631.819999998
World Omni Select Auto Trust 2021-A,2025-06-30,47,640,650,1193,131,37,15428476.040000007
World Omni Select Auto Trust 2021-A,2025-06-30,47,650,660,105,14,5,1325709.7500000002
World Omni Select Auto Trust 2021-A,2025-06-30,47,660,670,164,14,4,2000084.5599999996
World Omni Select Auto Trust 2021-A,2025-06-30,47,670,680,161,11,9,2015317.149999999
World Omni Select Auto Trust 2021-A,2025-06-30,47,680,690,125,10,3,1410616.1500000008
World Omni Select Auto Trust 2021-A,2025-06-30,47,690,700,141,13,3,1548173.0800000008
World Omni Select Auto Trust 2021-A,2025-06-30,47,700,710,278,12,4,2996521.0299999993
World Omni Select Auto Trust 2021-A,2025-06-30,47,710,720,270,9,5,2944982.7699999986
World Omni Select Auto Trust 2021-A,2025-06-30,47,720,730,494,16,2,5227040.129999998
World Omni Select Auto Trust 2021-A,2025-06-30,47,730,740,417,11,6,4390847.8599999985
World Omni Select Auto Trust 2021-A,2025-06-30,47,740,750,334,8,2,3373188.3999999994
World Omni Select Auto Trust 2021-A,2025-06-30,47,750,760,325,9,3,3367817.3699999964
World Omni Select Auto Trust 2021-A,2025-06-30,47,760,770,239,4,0,2376331.68
World Omni Select Auto Trust 2021-A,2025-06-30,47,770,780,241,7,1,2563921.67
World Omni Select Auto Trust 2021-A,2025-06-30,47,780,790,245,2,0,2353599.9699999997
World Omni Select Auto Trust 2021-A,2025-06-30,47,790,800,231,3,1,2179823.6199999987
World Omni Select Auto Trust 2021-A,2025-06-30,47,800,810,204,5,1,1967048.189999999
World Omni Select Auto Trust 2021-A,2025-06-30,47,810,820,185,4,2,1674131.130000001
World Omni Select Auto Trust 2021-A,2025-06-30,47,820,830,170,1,0,1553808.9700000002
World Omni Select Auto Trust 2021-A,2025-06-30,47,830,840,131,1,0,1159575.1300000004
World Omni Select Auto Trust 2021-A,2025-06-30,47,840,850,114,1,1,1115805.3699999996
World Omni Select Auto Trust 2021-A,2025-06-30,47,850,860,82,1,2,787753.3699999998
World Omni Select Auto Trust 2021-A,2025-06-30,47,860,870,63,0,0,550814.42
World Omni Select Auto Trust 2021-A,2025-06-30,47,870,880,35,1,0,334177.8900000001
World Omni Select Auto Trust 2021-A,2025-06-30,47,880,890,9,0,0,68240.88
World Omni Select Auto Trust 2021-A,2021-07-31,0,410,420,0,1,0,28571.6
World Omni Select Auto Trust 2021-A,2021-07-31,0,430,440,2,0,0,21745.72
World Omni Select Auto Trust 2021-A,2021-07-31,0,440,450,4,2,0,129780.54999999999
World Omni Select Auto Trust 2021-A,2021-07-31,0,450,460,3,0,0,47500.619999999995
World Omni Select Auto Trust 2021-A,2021-07-31,0,460,470,5,0,0,100399.08000000002
World Omni Select Auto Trust 2021-A,2021-07-31,0,470,480,19,0,0,364901.17
World Omni Select Auto Trust 2021-A,2021-07-31,0,480,490,24,1,0,416335.19
World Omni Select Auto Trust 2021-A,2021-07-31,0,490,500,42,2,0,718406.4700000001
World Omni Select Auto Trust 2021-A,2021-07-31,0,500,510,97,0,0,2098206.62
World Omni Select Auto Trust 2021-A,2021-07-31,0,510,520,104,2,1,2288692.29
World Omni Select Auto Trust 2021-A,2021-07-31,0,520,530,162,3,0,3250052.6799999997
World Omni Select Auto Trust 2021-A,2021-07-31,0,530,540,168,3,1,3521542.92
World Omni Select Auto Trust 2021-A,2021-07-31,0,540,550,286,4,0,6209848.050000004
World Omni Select Auto Trust 2021-A,2021-07-31,0,550,560,310,6,1,6796790.310000001
World Omni Select Auto Trust 2021-A,2021-07-31,0,560,570,433,6,1,9521724.890000002
World Omni Select Auto Trust 2021-A,2021-07-31,0,570,580,756,7,0,17782848.28999999
World Omni Select Auto Trust 2021-A,2021-07-31,0,580,590,1876,24,3,48577952.46000001
World Omni Select Auto Trust 2021-A,2021-07-31,0,590,600,2378,28,2,61035023.43999996
World Omni Select Auto Trust 2021-A,2021-07-31,0,600,610,2805,35,1,72909314.60999998
World Omni Select Auto Trust 2021-A,2021-07-31,0,610,620,2840,28,2,74608988.75999992
World Omni Select Auto Trust 2021-A,2021-07-31,0,620,630,4300,33,2,116049086.98000029
World Omni Select Auto Trust 2021-A,2021-07-31,0,630,640,3814,44,2,104611100.64000006
World Omni Select Auto Trust 2021-A,2021-07-31,0,640,650,4748,30,1,131806251.14000008
World Omni Select Auto Trust 2021-A,2021-07-31,0,650,660,492,0,1,12080854.329999994
World Omni Select Auto Trust 2021-A,2021-07-31,0,660,670,607,3,0,16013942.849999996
World Omni Select Auto Trust 2021-A,2021-07-31,0,670,680,555,3,0,14478904.949999996
World Omni Select Auto Trust 2021-A,2021-07-31,0,680,690,511,2,0,13720847.319999991
World Omni Select Auto Trust 2021-A,2021-07-31,0,690,700,484,1,0,12707717.240000002
World Omni Select Auto Trust 2021-A,2021-07-31,0,700,710,874,3,0,24955807.050000027
World Omni Select Auto Trust 2021-A,2021-07-31,0,710,720,784,3,1,22782997.280000005
World Omni Select Auto Trust 2021-A,2021-07-31,0,720,730,1342,3,0,41820714.96999999
World Omni Select Auto Trust 2021-A,2021-07-31,0,730,740,1161,2,1,35411794.77999998
World Omni Select Auto Trust 2021-A,2021-07-31,0,740,750,926,1,0,28678547.15
World Omni Select Auto Trust 2021-A,2021-07-31,0,750,760,850,0,1,25822196.020000007
World Omni Select Auto Trust 2021-A,2021-07-31,0,760,770,700,0,0,20965944.989999995
World Omni Select Auto Trust 2021-A,2021-07-31,0,770,780,659,0,0,20548758.97
World Omni Select Auto Trust 2021-A,2021-07-31,0,780,790,649,2,0,18905450.750000007
World Omni Select Auto Trust 2021-A,2021-07-31,0,790,800,560,0,0,16130518.190000005
World Omni Select Auto Trust 2021-A,2021-07-31,0,800,810,536,2,0,15936464.940000001
World Omni Select Auto Trust 2021-A,2021-07-31,0,810,820,457,3,0,13407059.160000004
World Omni Select Auto Trust 2021-A,2021-07-31,0,820,830,435,0,0,12456522.600000001
World Omni Select Auto Trust 2021-A,2021-07-31,0,830,840,338,0,0,9521650.71
World Omni Select Auto Trust 2021-A,2021-07-31,0,840,850,328,0,0,9455368.450000003
World Omni Select Auto Trust 2021-A,2021-07-31,0,850,860,207,0,0,5749106.750000002
World Omni Select Auto Trust 2021-A,2021-07-31,0,860,870,157,0,0,4345862.649999999
World Omni Select Auto Trust 2021-A,2021-07-31,0,870,880,95,0,0,2481673.0900000003
World Omni Select Auto Trust 2021-A,2021-07-31,0,880,890,14,0,0,424150.33
World Omni Select Auto Trust 2021-A,2021-07-31,0,890,900,1,0,0,4067.37
World Omni Select Auto Trust 2021-A,2022-07-31,12,440,450,3,0,1,42857.049999999996
World Omni Select Auto Trust 2021-A,2022-07-31,12,450,460,1,0,0,22700.25
World Omni Select Auto Trust 2021-A,2022-07-31,12,460,470,2,1,0,63364.37
World Omni Select Auto Trust 2021-A,2022-07-31,12,470,480,9,1,1,181363.51000000004
World Omni Select Auto Trust 2021-A,2022-07-31,12,480,490,12,2,1,237748.91
World Omni Select Auto Trust 2021-A,2022-07-31,12,490,500,28,2,2,490048.81
World Omni Select Auto Trust 2021-A,2022-07-31,12,500,510,49,13,3,1287825.04
World Omni Select Auto Trust 2021-A,2022-07-31,12,510,520,58,10,5,1414333.5699999998
World Omni Select Auto Trust 2021-A,2022-07-31,12,520,530,87,21,5,1850607.1199999996
World Omni Select Auto Trust 2021-A,2022-07-31,12,530,540,98,17,4,2235582.4299999997
World Omni Select Auto Trust 2021-A,2022-07-31,12,540,550,162,27,6,3679441.92
World Omni Select Auto Trust 2021-A,2022-07-31,12,550,560,182,23,8,3925054.1999999997
World Omni Select Auto Trust 2021-A,2022-07-31,12,560,570,252,35,15,5744774.400000002
World Omni Select Auto Trust 2021-A,2022-07-31,12,570,580,430,64,19,10628770.840000004
World Omni Select Auto Trust 2021-A,2022-07-31,12,580,590,1149,125,43,29520301.880000006
World Omni Select Auto Trust 2021-A,2022-07-31,12,590,600,1440,146,41,36245228.62000004
World Omni Select Auto Trust 2021-A,2022-07-31,12,600,610,1739,167,62,43844337.46000005
World Omni Select Auto Trust 2021-A,2022-07-31,12,610,620,1797,128,66,45122060.06000002
World Omni Select Auto Trust 2021-A,2022-07-31,12,620,630,2719,195,61,69141760.49999997
World Omni Select Auto Trust 2021-A,2022-07-31,12,630,640,2397,167,53,62052575.16999999
World Omni Select Auto Trust 2021-A,2022-07-31,12,640,650,3072,161,54,78454422.36000004
World Omni Select Auto Trust 2021-A,2022-07-31,12,650,660,292,18,8,6752600.14
World Omni Select Auto Trust 2021-A,2022-07-31,12,660,670,390,27,6,9600310.620000001
World Omni Select Auto Trust 2021-A,2022-07-31,12,670,680,380,20,5,9194543.870000003
World Omni Select Auto Trust 2021-A,2022-07-31,12,680,690,326,10,3,7755499.780000003
World Omni Select Auto Trust 2021-A,2022-07-31,12,690,700,334,13,2,7981639.84
World Omni Select Auto Trust 2021-A,2022-07-31,12,700,710,627,18,6,15777331.909999993
World Omni Select Auto Trust 2021-A,2022-07-31,12,710,720,565,16,5,14316016.609999998
World Omni Select Auto Trust 2021-A,2022-07-31,12,720,730,957,14,4,25394095.560000002
World Omni Select Auto Trust 2021-A,2022-07-31,12,730,740,873,10,6,22448596.9
World Omni Select Auto Trust 2021-A,2022-07-31,12,740,750,673,8,1,17455573.07
World Omni Select Auto Trust 2021-A,2022-07-31,12,750,760,634,5,2,16027846.010000013
World Omni Select Auto Trust 2021-A,2022-07-31,12,760,770,491,3,2,12112364.66
World Omni Select Auto Trust 2021-A,2022-07-31,12,770,780,500,7,2,12992926.620000001
World Omni Select Auto Trust 2021-A,2022-07-31,12,780,790,484,7,2,12026484.379999999
World Omni Select Auto Trust 2021-A,2022-07-31,12,790,800,434,3,0,10253149.88
World Omni Select Auto Trust 2021-A,2022-07-31,12,800,810,407,10,2,10210453.150000002
World Omni Select Auto Trust 2021-A,2022-07-31,12,810,820,345,5,0,8387267.489999998
World Omni Select Auto Trust 2021-A,2022-07-31,12,820,830,341,3,0,8110903.220000001
World Omni Select Auto Trust 2021-A,2022-07-31,12,830,840,251,1,0,5942043.989999998
World Omni Select Auto Trust 2021-A,2022-07-31,12,840,850,253,1,2,6315954.949999999
World Omni Select Auto Trust 2021-A,2022-07-31,12,850,860,164,1,1,3789410.2
World Omni Select Auto Trust 2021-A,2022-07-31,12,860,870,127,1,1,2941141.1799999997
World Omni Select Auto Trust 2021-A,2022-07-31,12,870,880,71,2,0,1695689.2599999998
World Omni Select Auto Trust 2021-A,2022-07-31,12,880,890,11,0,0,268319.13
World Omni Select Auto Trust 2021-A,2022-07-31,12,890,900,1,0,0,307.66
World Omni Select Auto Trust 2021-A,2023-07-31,24,440,450,1,1,0,18357.44
World Omni Select Auto Trust 2021-A,2023-07-31,24,450,460,1,0,0,19731.94
World Omni Select Auto Trust 2021-A,2023-07-31,24,460,470,1,1,0,34803.93
World Omni Select Auto Trust 2021-A,2023-07-31,24,470,480,5,2,0,118448.26999999999
World Omni Select Auto Trust 2021-A,2023-07-31,24,480,490,8,2,0,159412.75999999998
World Omni Select Auto Trust 2021-A,2023-07-31,24,490,500,16,2,0,254434.56
World Omni Select Auto Trust 2021-A,2023-07-31,24,500,510,31,10,6,856333.2100000003
World Omni Select Auto Trust 2021-A,2023-07-31,24,510,520,32,8,6,808321.6000000001
World Omni Select Auto Trust 2021-A,2023-07-31,24,520,530,48,16,7,1151680.37
World Omni Select Auto Trust 2021-A,2023-07-31,24,530,540,59,13,4,1306917.9399999995
World Omni Select Auto Trust 2021-A,2023-07-31,24,540,550,109,15,11,2336262.06
World Omni Select Auto Trust 2021-A,2023-07-31,24,550,560,106,25,8,2389238.980000001
World Omni Select Auto Trust 2021-A,2023-07-31,24,560,570,144,25,16,3344232.49
World Omni Select Auto Trust 2021-A,2023-07-31,24,570,580,278,47,14,6196752.569999999
World Omni Select Auto Trust 2021-A,2023-07-31,24,580,590,721,97,53,17167645.52000001
World Omni Select Auto Trust 2021-A,2023-07-31,24,590,600,900,110,59,21065040.860000014
World Omni Select Auto Trust 2021-A,2023-07-31,24,600,610,1124,133,71,26132600.659999978
World Omni Select Auto Trust 2021-A,2023-07-31,24,610,620,1148,140,62,26982784.410000045
World Omni Select Auto Trust 2021-A,2023-07-31,24,620,630,1746,203,75,41220285.67000012
World Omni Select Auto Trust 2021-A,2023-07-31,24,630,640,1554,158,54,36592221.18999998
World Omni Select Auto Trust 2021-A,2023-07-31,24,640,650,2028,161,70,46941185.56000015
World Omni Select Auto Trust 2021-A,2023-07-31,24,650,660,185,15,6,3948799.370000002
World Omni Select Auto Trust 2021-A,2023-07-31,24,660,670,257,25,12,5891246.949999999
World Omni Select Auto Trust 2021-A,2023-07-31,24,670,680,279,19,0,5925523.359999999
World Omni Select Auto Trust 2021-A,2023-07-31,24,680,690,205,14,7,4392736.330000001
World Omni Select Auto Trust 2021-A,2023-07-31,24,690,700,238,13,6,4965991.480000001
World Omni Select Auto Trust 2021-A,2023-07-31,24,700,710,457,14,10,9639111.84999999
World Omni Select Auto Trust 2021-A,2023-07-31,24,710,720,437,8,5,9222943.730000004
World Omni Select Auto Trust 2021-A,2023-07-31,24,720,730,753,7,10,16130902.569999987
World Omni Select Auto Trust 2021-A,2023-07-31,24,730,740,697,11,4,14553559.449999992
World Omni Select Auto Trust 2021-A,2023-07-31,24,740,750,529,4,3,11052265.280000007
World Omni Select Auto Trust 2021-A,2023-07-31,24,750,760,491,10,4,10317013.470000004
World Omni Select Auto Trust 2021-A,2023-07-31,24,760,770,380,8,1,7607871.550000006
World Omni Select Auto Trust 2021-A,2023-07-31,24,770,780,389,4,2,8106743.009999995
World Omni Select Auto Trust 2021-A,2023-07-31,24,780,790,388,5,1,7765206.560000001
World Omni Select Auto Trust 2021-A,2023-07-31,24,790,800,337,3,1,6609594.83
World Omni Select Auto Trust 2021-A,2023-07-31,24,800,810,315,5,0,6280642.29
World Omni Select Auto Trust 2021-A,2023-07-31,24,810,820,274,3,5,5429396.0699999975
World Omni Select Auto Trust 2021-A,2023-07-31,24,820,830,278,3,1,5410246.48
World Omni Select Auto Trust 2021-A,2023-07-31,24,830,840,211,1,1,4030809.9499999997
World Omni Select Auto Trust 2021-A,2023-07-31,24,840,850,199,4,1,4097536.9099999997
World Omni Select Auto Trust 2021-A,2023-07-31,24,850,860,135,0,1,2620867.92
World Omni Select Auto Trust 2021-A,2023-07-31,24,860,870,102,1,0,1825634.3499999992
World Omni Select Auto Trust 2021-A,2023-07-31,24,870,880,53,2,0,984288.84
World Omni Select Auto Trust 2021-A,2023-07-31,24,880,890,11,0,0,210984.12999999998
World Omni Select Auto Trust 2021-A,2024-07-31,36,440,450,0,1,0,3864.3
World Omni Select Auto Trust 2021-A,2024-07-31,36,450,460,1,0,0,16104.01
World Omni Select Auto Trust 2021-A,2024-07-31,36,460,470,2,0,0,28130.03
World Omni Select Auto Trust 2021-A,2024-07-31,36,470,480,5,0,0,51762.119999999995
World Omni Select Auto Trust 2021-A,2024-07-31,36,480,490,5,1,0,72200.09
World Omni Select Auto Trust 2021-A,2024-07-31,36,490,500,11,3,1,158963.97000000003
World Omni Select Auto Trust 2021-A,2024-07-31,36,500,510,29,5,0,533686.5
World Omni Select Auto Trust 2021-A,2024-07-31,36,510,520,25,7,2,470385.9
World Omni Select Auto Trust 2021-A,2024-07-31,36,520,530,37,6,5,604921.5700000001
World Omni Select Auto Trust 2021-A,2024-07-31,36,530,540,40,8,7,797449.49
World Omni Select Auto Trust 2021-A,2024-07-31,36,540,550,76,16,6,1381746.5600000003
World Omni Select Auto Trust 2021-A,2024-07-31,36,550,560,79,19,5,1434448.8199999998
World Omni Select Auto Trust 2021-A,2024-07-31,36,560,570,103,30,5,2021378.4500000002
World Omni Select Auto Trust 2021-A,2024-07-31,36,570,580,214,31,12,3782558.6499999985
World Omni Select Auto Trust 2021-A,2024-07-31,36,580,590,512,91,42,10103239.459999999
World Omni Select Auto Trust 2021-A,2024-07-31,36,590,600,644,98,37,12110941.240000002
World Omni Select Auto Trust 2021-A,2024-07-31,36,600,610,784,131,45,15013698.840000011
World Omni Select Auto Trust 2021-A,2024-07-31,36,610,620,836,115,47,15669293.539999992
World Omni Select Auto Trust 2021-A,2024-07-31,36,620,630,1337,168,63,25063798.540000007
World Omni Select Auto Trust 2021-A,2024-07-31,36,630,640,1185,123,37,21887399.059999995
World Omni Select Auto Trust 2021-A,2024-07-31,36,640,650,1540,146,65,28062658.269999996
World Omni Select Auto Trust 2021-A,2024-07-31,36,650,660,134,21,2,2370686.209999999
World Omni Select Auto Trust 2021-A,2024-07-31,36,660,670,209,16,6,3597113.120000001
World Omni Select Auto Trust 2021-A,2024-07-31,36,670,680,209,15,4,3553406.120000001
World Omni Select Auto Trust 2021-A,2024-07-31,36,680,690,153,13,9,2591139.5899999994
World Omni Select Auto Trust 2021-A,2024-07-31,36,690,700,172,21,3,2825620.44
World Omni Select Auto Trust 2021-A,2024-07-31,36,700,710,353,15,8,5583486.120000001
World Omni Select Auto Trust 2021-A,2024-07-31,36,710,720,347,11,7,5604986.280000001
World Omni Select Auto Trust 2021-A,2024-07-31,36,720,730,605,14,7,9552530.070000004
World Omni Select Auto Trust 2021-A,2024-07-31,36,730,740,555,12,7,8642492.010000002
World Omni Select Auto Trust 2021-A,2024-07-31,36,740,750,426,6,4,6491741.960000003
World Omni Select Auto Trust 2021-A,2024-07-31,36,750,760,410,10,0,6285836.869999997
World Omni Select Auto Trust 2021-A,2024-07-31,36,760,770,300,6,1,4400174.310000003
World Omni Select Auto Trust 2021-A,2024-07-31,36,770,780,308,6,3,4832830.069999999
World Omni Select Auto Trust 2021-A,2024-07-31,36,780,790,312,5,1,4604375.88
World Omni Select Auto Trust 2021-A,2024-07-31,36,790,800,290,3,3,4203986.3900000015
World Omni Select Auto Trust 2021-A,2024-07-31,36,800,810,265,5,0,3834209.2200000007
World Omni Select Auto Trust 2021-A,2024-07-31,36,810,820,241,5,3,3467359.4199999995
World Omni Select Auto Trust 2021-A,2024-07-31,36,820,830,218,3,1,3058501.72
World Omni Select Auto Trust 2021-A,2024-07-31,36,830,840,163,0,0,2277955.5099999993
World Omni Select Auto Trust 2021-A,2024-07-31,36,840,850,154,2,1,2280974.230000001
World Omni Select Auto Trust 2021-A,2024-07-31,36,850,860,107,0,2,1526317.81
World Omni Select Auto Trust 2021-A,2024-07-31,36,860,870,87,1,1,1135219.65
World Omni Select Auto Trust 2021-A,2024-07-31,36,870,880,42,1,0,589396.7400000001
World Omni Select Auto Trust 2021-A,2024-07-31,36,880,890,9,0,0,116034.65
World Omni Select Auto Trust 2021-A,2025-07-31,48,450,460,1,0,0,11981.51
World Omni Select Auto Trust 2021-A,2025-07-31,48,460,470,1,0,0,6960.59
World Omni Select Auto Trust 2021-A,2025-07-31,48,470,480,3,0,0,24608.62
World Omni Select Auto Trust 2021-A,2025-07-31,48,480,490,4,0,2,53754.31999999999
World Omni Select Auto Trust 2021-A,2025-07-31,48,490,500,6,1,1,53397.27999999999
World Omni Select Auto Trust 2021-A,2025-07-31,48,500,510,15,3,3,212213.21000000002
World Omni Select Auto Trust 2021-A,2025-07-31,48,510,520,14,7,1,231980.63999999998
World Omni Select Auto Trust 2021-A,2025-07-31,48,520,530,26,3,1,234282.62
World Omni Select Auto Trust 2021-A,2025-07-31,48,530,540,23,6,4,350951.75999999995
World Omni Select Auto Trust 2021-A,2025-07-31,48,540,550,61,7,4,708431.3899999998
World Omni Select Auto Trust 2021-A,2025-07-31,48,550,560,56,9,4,695206.5299999999
World Omni Select Auto Trust 2021-A,2025-07-31,48,560,570,64,18,5,960623.2800000001
World Omni Select Auto Trust 2021-A,2025-07-31,48,570,580,156,32,8,2049017.0699999994
World Omni Select Auto Trust 2021-A,2025-07-31,48,580,590,382,82,26,5336683.460000002
World Omni Select Auto Trust 2021-A,2025-07-31,48,590,600,456,85,25,6084091.4700000025
World Omni Select Auto Trust 2021-A,2025-07-31,48,600,610,600,77,30,7618011.499999991
World Omni Select Auto Trust 2021-A,2025-07-31,48,610,620,629,100,27,8090645.459999995
World Omni Select Auto Trust 2021-A,2025-07-31,48,620,630,1015,132,45,13147371.439999983
World Omni Select Auto Trust 2021-A,2025-07-31,48,630,640,868,115,32,11374968.199999997
World Omni Select Auto Trust 2021-A,2025-07-31,48,640,650,1152,129,49,14483195.35000001
World Omni Select Auto Trust 2021-A,2025-07-31,48,650,660,101,15,4,1235585.62
World Omni Select Auto Trust 2021-A,2025-07-31,48,660,670,153,21,3,1863662.7999999998
World Omni Select Auto Trust 2021-A,2025-07-31,48,670,680,157,14,6,1884448.1599999992
World Omni Select Auto Trust 2021-A,2025-07-31,48,680,690,120,11,4,1331831.4999999998
World Omni Select Auto Trust 2021-A,2025-07-31,48,690,700,135,15,5,1472030.1599999997
World Omni Select Auto Trust 2021-A,2025-07-31,48,700,710,271,11,4,2783045.959999999
World Omni Select Auto Trust 2021-A,2025-07-31,48,710,720,262,9,3,2687162.97
World Omni Select Auto Trust 2021-A,2025-07-31,48,720,730,488,12,5,4928446.339999999
World Omni Select Auto Trust 2021-A,2025-07-31,48,730,740,408,11,5,4059944.269999997
World Omni Select Auto Trust 2021-A,2025-07-31,48,740,750,323,10,1,3127373.2500000005
World Omni Select Auto Trust 2021-A,2025-07-31,48,750,760,313,15,2,3118171.6000000006
World Omni Select Auto Trust 2021-A,2025-07-31,48,760,770,233,6,1,2220794.9000000004
World Omni Select Auto Trust 2021-A,2025-07-31,48,770,780,237,6,3,2402153.2899999996
World Omni Select Auto Trust 2021-A,2025-07-31,48,780,790,237,2,1,2180244.94
World Omni Select Auto Trust 2021-A,2025-07-31,48,790,800,225,6,0,2042327.5199999996
World Omni Select Auto Trust 2021-A,2025-07-31,48,800,810,202,1,1,1819959.7199999993
World Omni Select Auto Trust 2021-A,2025-07-31,48,810,820,168,9,1,1507625.9899999998
World Omni Select Auto Trust 2021-A,2025-07-31,48,820,830,163,1,0,1433451.25
World Omni Select Auto Trust 2021-A,2025-07-31,48,830,840,128,0,0,1094835.5499999998
World Omni Select Auto Trust 2021-A,2025-07-31,48,840,850,108,1,1,1006473.0800000003
World Omni Select Auto Trust 2021-A,2025-07-31,48,850,860,80,0,2,708658.7000000001
World Omni Select Auto Trust 2021-A,2025-07-31,48,860,870,63,0,0,520869.69000000006
World Omni Select Auto Trust 2021-A,2025-07-31,48,870,880,36,0,0,316583.26
World Omni Select Auto Trust 2021-A,2025-07-31,48,880,890,8,0,0,64017.630000000005
World Omni Select Auto Trust 2021-A,2021-08-31,1,410,420,1,0,0,27323.64
World Omni Select Auto Trust 2021-A,2021-08-31,1,430,440,2,0,0,21524.489999999998
World Omni Select Auto Trust 2021-A,2021-08-31,1,440,450,5,1,0,128260.15
World Omni Select Auto Trust 2021-A,2021-08-31,1,450,460,3,0,0,47234.99999999999
World Omni Select Auto Trust 2021-A,2021-08-31,1,460,470,5,0,0,99620.84
World Omni Select Auto Trust 2021-A,2021-08-31,1,470,480,18,1,0,361888.96
World Omni Select Auto Trust 2021-A,2021-08-31,1,480,490,25,0,0,408323.92000000004
World Omni Select Auto Trust 2021-A,2021-08-31,1,490,500,40,4,0,708659.4600000001
World Omni Select Auto Trust 2021-A,2021-08-31,1,500,510,91,5,0,2073037.92
World Omni Select Auto Trust 2021-A,2021-08-31,1,510,520,98,8,0,2249151.13
World Omni Select Auto Trust 2021-A,2021-08-31,1,520,530,155,6,0,3138471.7399999998
World Omni Select Auto Trust 2021-A,2021-08-31,1,530,540,164,6,0,3443466.3600000003
World Omni Select Auto Trust 2021-A,2021-08-31,1,540,550,273,11,0,6020998.239999997
World Omni Select Auto Trust 2021-A,2021-08-31,1,550,560,303,10,0,6653489.409999999
World Omni Select Auto Trust 2021-A,2021-08-31,1,560,570,425,13,0,9353527.590000007
World Omni Select Auto Trust 2021-A,2021-08-31,1,570,580,733,21,0,17401748.44
World Omni Select Auto Trust 2021-A,2021-08-31,1,580,590,1810,64,1,47344979.560000055
World Omni Select Auto Trust 2021-A,2021-08-31,1,590,600,2321,55,1,59732943.24999994
World Omni Select Auto Trust 2021-A,2021-08-31,1,600,610,2737,72,0,71305358.22000001
World Omni Select Auto Trust 2021-A,2021-08-31,1,610,620,2778,62,1,73086681.40000011
World Omni Select Auto Trust 2021-A,2021-08-31,1,620,630,4199,87,0,113394556.58000043
World Omni Select Auto Trust 2021-A,2021-08-31,1,630,640,3753,72,0,102395475.78
World Omni Select Auto Trust 2021-A,2021-08-31,1,640,650,4666,58,0,128542447.03999987
World Omni Select Auto Trust 2021-A,2021-08-31,1,650,660,480,4,0,11715394.609999996
World Omni Select Auto Trust 2021-A,2021-08-31,1,660,670,597,6,0,15626053.37999998
World Omni Select Auto Trust 2021-A,2021-08-31,1,670,680,547,5,0,14171298.610000003
World Omni Select Auto Trust 2021-A,2021-08-31,1,680,690,495,8,0,13271941.780000009
World Omni Select Auto Trust 2021-A,2021-08-31,1,690,700,475,2,0,12379666.569999995
World Omni Select Auto Trust 2021-A,2021-08-31,1,700,710,860,12,0,24430474.560000017
World Omni Select Auto Trust 2021-A,2021-08-31,1,710,720,773,4,0,22174612.91000001
World Omni Select Auto Trust 2021-A,2021-08-31,1,720,730,1322,2,0,40655188.02999998
World Omni Select Auto Trust 2021-A,2021-08-31,1,730,740,1148,3,0,34542242.429999955
World Omni Select Auto Trust 2021-A,2021-08-31,1,740,750,913,3,0,27930548.110000003
World Omni Select Auto Trust 2021-A,2021-08-31,1,750,760,836,4,0,25057115.31000002
World Omni Select Auto Trust 2021-A,2021-08-31,1,760,770,680,6,0,20248472.019999977
World Omni Select Auto Trust 2021-A,2021-08-31,1,770,780,648,1,0,19866271.67000002
World Omni Select Auto Trust 2021-A,2021-08-31,1,780,790,637,3,0,18329374.460000012
World Omni Select Auto Trust 2021-A,2021-08-31,1,790,800,551,1,0,15654175.039999992
World Omni Select Auto Trust 2021-A,2021-08-31,1,800,810,531,2,0,15547923.009999996
World Omni Select Auto Trust 2021-A,2021-08-31,1,810,820,454,2,0,13090698.77
World Omni Select Auto Trust 2021-A,2021-08-31,1,820,830,428,0,0,12081715.31000001
World Omni Select Auto Trust 2021-A,2021-08-31,1,830,840,335,0,0,9312375.520000001
World Omni Select Auto Trust 2021-A,2021-08-31,1,840,850,323,2,0,9221108.529999996
World Omni Select Auto Trust 2021-A,2021-08-31,1,850,860,201,1,0,5502463.200000002
World Omni Select Auto Trust 2021-A,2021-08-31,1,860,870,157,0,0,4276408.010000002
World Omni Select Auto Trust 2021-A,2021-08-31,1,870,880,94,0,0,2425030.499999999
World Omni Select Auto Trust 2021-A,2021-08-31,1,880,890,14,0,0,418499.01
World Omni Select Auto Trust 2021-A,2021-08-31,1,890,900,1,0,0,3762.53
World Omni Select Auto Trust 2021-A,2022-08-31,13,440,450,4,0,0,39717.23
World Omni Select Auto Trust 2021-A,2022-08-31,13,450,460,1,0,0,22473.59
World Omni Select Auto Trust 2021-A,2022-08-31,13,460,470,2,1,0,62775.810000000005
World Omni Select Auto Trust 2021-A,2022-08-31,13,470,480,7,2,1,163316.32000000004
World Omni Select Auto Trust 2021-A,2022-08-31,13,480,490,13,1,1,234246.76000000007
World Omni Select Auto Trust 2021-A,2022-08-31,13,490,500,23,3,2,408207.25000000006
World Omni Select Auto Trust 2021-A,2022-08-31,13,500,510,52,10,2,1250616.4100000001
World Omni Select Auto Trust 2021-A,2022-08-31,13,510,520,53,10,6,1341807.68
World Omni Select Auto Trust 2021-A,2022-08-31,13,520,530,90,17,4,1806226.7999999993
World Omni Select Auto Trust 2021-A,2022-08-31,13,530,540,95,12,4,2070513.1899999995
World Omni Select Auto Trust 2021-A,2022-08-31,13,540,550,163,19,7,3544449.6799999983
World Omni Select Auto Trust 2021-A,2022-08-31,13,550,560,169,22,8,3597361.6799999997
World Omni Select Auto Trust 2021-A,2022-08-31,13,560,570,252,29,7,5427949.010000003
World Omni Select Auto Trust 2021-A,2022-08-31,13,570,580,430,37,24,10050539.940000001
World Omni Select Auto Trust 2021-A,2022-08-31,13,580,590,1117,117,34,28025260.289999984
World Omni Select Auto Trust 2021-A,2022-08-31,13,590,600,1386,137,43,34645681.25000005
World Omni Select Auto Trust 2021-A,2022-08-31,13,600,610,1687,149,59,41862461.710000016
World Omni Select Auto Trust 2021-A,2022-08-31,13,610,620,1739,135,60,43475675.050000064
World Omni Select Auto Trust 2021-A,2022-08-31,13,620,630,2584,195,71,65523676.1000001
World Omni Select Auto Trust 2021-A,2022-08-31,13,630,640,2290,166,53,58996139.02000001
World Omni Select Auto Trust 2021-A,2022-08-31,13,640,650,2929,159,57,74159583.98000008
World Omni Select Auto Trust 2021-A,2022-08-31,13,650,660,271,18,9,6414827.419999999
World Omni Select Auto Trust 2021-A,2022-08-31,13,660,670,373,24,8,9065989.749999994
World Omni Select Auto Trust 2021-A,2022-08-31,13,670,680,363,21,6,8760390.420000004
World Omni Select Auto Trust 2021-A,2022-08-31,13,680,690,304,14,2,7281049.170000001
World Omni Select Auto Trust 2021-A,2022-08-31,13,690,700,324,13,5,7762785.359999998
World Omni Select Auto Trust 2021-A,2022-08-31,13,700,710,611,13,5,14972025.010000004
World Omni Select Auto Trust 2021-A,2022-08-31,13,710,720,547,11,9,13703155.429999996
World Omni Select Auto Trust 2021-A,2022-08-31,13,720,730,931,14,3,24296143.659999993
World Omni Select Auto Trust 2021-A,2022-08-31,13,730,740,853,13,3,21709767.470000032
World Omni Select Auto Trust 2021-A,2022-08-31,13,740,750,653,5,3,16600911.579999987
World Omni Select Auto Trust 2021-A,2022-08-31,13,750,760,616,6,1,15444683.410000019
World Omni Select Auto Trust 2021-A,2022-08-31,13,760,770,479,5,2,11642640.350000007
World Omni Select Auto Trust 2021-A,2022-08-31,13,770,780,488,8,2,12499256.719999997
World Omni Select Auto Trust 2021-A,2022-08-31,13,780,790,479,7,1,11693259.55000002
World Omni Select Auto Trust 2021-A,2022-08-31,13,790,800,427,3,1,9941286.610000001
World Omni Select Auto Trust 2021-A,2022-08-31,13,800,810,396,7,0,9614377.879999999
World Omni Select Auto Trust 2021-A,2022-08-31,13,810,820,339,4,1,8088093.209999999
World Omni Select Auto Trust 2021-A,2022-08-31,13,820,830,335,3,0,7862598.789999996
World Omni Select Auto Trust 2021-A,2022-08-31,13,830,840,249,1,0,5790077.650000001
World Omni Select Auto Trust 2021-A,2022-08-31,13,840,850,245,2,0,5979057.750000001
World Omni Select Auto Trust 2021-A,2022-08-31,13,850,860,160,3,1,3718250.650000001
World Omni Select Auto Trust 2021-A,2022-08-31,13,860,870,122,2,1,2766903.0700000003
World Omni Select Auto Trust 2021-A,2022-08-31,13,870,880,69,1,1,1611263.7299999997
World Omni Select Auto Trust 2021-A,2022-08-31,13,880,890,11,0,0,263881.17000000004
World Omni Select Auto Trust 2021-A,2023-08-31,25,440,450,1,1,0,18039.260000000002
World Omni Select Auto Trust 2021-A,2023-08-31,25,450,460,1,0,0,19386.84
World Omni Select Auto Trust 2021-A,2023-08-31,25,460,470,1,1,0,34257.9
World Omni Select Auto Trust 2021-A,2023-08-31,25,470,480,6,1,0,116185.85
World Omni Select Auto Trust 2021-A,2023-08-31,25,480,490,9,1,0,157223.99
World Omni Select Auto Trust 2021-A,2023-08-31,25,490,500,14,3,1,249839.69
World Omni Select Auto Trust 2021-A,2023-08-31,25,500,510,33,5,6,810858.02
World Omni Select Auto Trust 2021-A,2023-08-31,25,510,520,34,4,7,767937.8399999997
World Omni Select Auto Trust 2021-A,2023-08-31,25,520,530,47,14,8,1107904.6300000001
World Omni Select Auto Trust 2021-A,2023-08-31,25,530,540,58,13,3,1268368.52
World Omni Select Auto Trust 2021-A,2023-08-31,25,540,550,108,14,10,2269530.9200000013
World Omni Select Auto Trust 2021-A,2023-08-31,25,550,560,107,21,7,2281438.6599999983
World Omni Select Auto Trust 2021-A,2023-08-31,25,560,570,143,25,12,3193321.3099999996
World Omni Select Auto Trust 2021-A,2023-08-31,25,570,580,272,41,19,6013590.729999998
World Omni Select Auto Trust 2021-A,2023-08-31,25,580,590,700,101,39,16379352.990000011
World Omni Select Auto Trust 2021-A,2023-08-31,25,590,600,874,109,48,20096584.370000012
World Omni Select Auto Trust 2021-A,2023-08-31,25,600,610,1075,151,55,24918406.050000027
World Omni Select Auto Trust 2021-A,2023-08-31,25,610,620,1125,132,57,25880854.9
World Omni Select Auto Trust 2021-A,2023-08-31,25,620,630,1708,189,71,39624075.520000026
World Omni Select Auto Trust 2021-A,2023-08-31,25,630,640,1507,138,68,34945318.84000001
World Omni Select Auto Trust 2021-A,2023-08-31,25,640,650,1991,170,62,45345219.64999997
World Omni Select Auto Trust 2021-A,2023-08-31,25,650,660,180,13,8,3777095.450000002
World Omni Select Auto Trust 2021-A,2023-08-31,25,660,670,254,19,15,5640169.089999996
World Omni Select Auto Trust 2021-A,2023-08-31,25,670,680,271,16,4,5683488.230000001
World Omni Select Auto Trust 2021-A,2023-08-31,25,680,690,204,11,5,4222587.239999999
World Omni Select Auto Trust 2021-A,2023-08-31,25,690,700,232,17,3,4775096.850000004
World Omni Select Auto Trust 2021-A,2023-08-31,25,700,710,447,12,7,9172798.579999998
World Omni Select Auto Trust 2021-A,2023-08-31,25,710,720,421,15,5,8861034.02999999
World Omni Select Auto Trust 2021-A,2023-08-31,25,720,730,730,13,6,15380835.990000004
World Omni Select Auto Trust 2021-A,2023-08-31,25,730,740,678,12,3,13822310.109999979
World Omni Select Auto Trust 2021-A,2023-08-31,25,740,750,519,5,2,10639427.539999992
World Omni Select Auto Trust 2021-A,2023-08-31,25,750,760,483,7,6,9913298.219999999
World Omni Select Auto Trust 2021-A,2023-08-31,25,760,770,373,5,1,7252219.870000003
World Omni Select Auto Trust 2021-A,2023-08-31,25,770,780,384,3,3,7814380.190000007
World Omni Select Auto Trust 2021-A,2023-08-31,25,780,790,385,3,2,7514381.769999993
World Omni Select Auto Trust 2021-A,2023-08-31,25,790,800,331,5,0,6370894.900000002
World Omni Select Auto Trust 2021-A,2023-08-31,25,800,810,307,5,0,5963681.47
World Omni Select Auto Trust 2021-A,2023-08-31,25,810,820,270,4,4,5284332.09
World Omni Select Auto Trust 2021-A,2023-08-31,25,820,830,269,4,1,5164498.5699999975
World Omni Select Auto Trust 2021-A,2023-08-31,25,830,840,208,1,0,3860402.3899999997
World Omni Select Auto Trust 2021-A,2023-08-31,25,840,850,194,4,2,3925395.469999999
World Omni Select Auto Trust 2021-A,2023-08-31,25,850,860,132,1,1,2521805.5399999996
World Omni Select Auto Trust 2021-A,2023-08-31,25,860,870,101,1,0,1771318.9399999992
World Omni Select Auto Trust 2021-A,2023-08-31,25,870,880,54,0,1,960259.75
World Omni Select Auto Trust 2021-A,2023-08-31,25,880,890,11,0,0,206409.96000000002
World Omni Select Auto Trust 2021-A,2024-08-31,37,440,450,0,1,0,3655.57
World Omni Select Auto Trust 2021-A,2024-08-31,37,450,460,1,0,0,15810.77
World Omni Select Auto Trust 2021-A,2024-08-31,37,460,470,1,0,0,11868.24
World Omni Select Auto Trust 2021-A,2024-08-31,37,470,480,5,0,0,50623.729999999996
World Omni Select Auto Trust 2021-A,2024-08-31,37,480,490,4,1,1,71214.53
World Omni Select Auto Trust 2021-A,2024-08-31,37,490,500,11,2,1,150613.09999999998
World Omni Select Auto Trust 2021-A,2024-08-31,37,500,510,27,5,1,513819.71
World Omni Select Auto Trust 2021-A,2024-08-31,37,510,520,24,6,4,441872.7900000001
World Omni Select Auto Trust 2021-A,2024-08-31,37,520,530,35,9,3,580005.13
World Omni Select Auto Trust 2021-A,2024-08-31,37,530,540,34,12,5,725541.23
World Omni Select Auto Trust 2021-A,2024-08-31,37,540,550,73,17,4,1288275.2800000005
World Omni Select Auto Trust 2021-A,2024-08-31,37,550,560,80,12,6,1334660.2200000004
World Omni Select Auto Trust 2021-A,2024-08-31,37,560,570,93,30,9,1893220.460000001
World Omni Select Auto Trust 2021-A,2024-08-31,37,570,580,207,36,10,3633129.309999999
World Omni Select Auto Trust 2021-A,2024-08-31,37,580,590,498,99,35,9644485.079999998
World Omni Select Auto Trust 2021-A,2024-08-31,37,590,600,618,103,33,11470234.359999994
World Omni Select Auto Trust 2021-A,2024-08-31,37,600,610,776,109,54,14325745.02
World Omni Select Auto Trust 2021-A,2024-08-31,37,610,620,822,108,41,14913201.519999996
World Omni Select Auto Trust 2021-A,2024-08-31,37,620,630,1300,156,66,23719901.61000003
World Omni Select Auto Trust 2021-A,2024-08-31,37,630,640,1155,110,45,20751962.89
World Omni Select Auto Trust 2021-A,2024-08-31,37,640,650,1512,134,70,26841084.020000003
World Omni Select Auto Trust 2021-A,2024-08-31,37,650,660,126,23,5,2262698.8599999994
World Omni Select Auto Trust 2021-A,2024-08-31,37,660,670,201,20,7,3464977.8100000024
World Omni Select Auto Trust 2021-A,2024-08-31,37,670,680,201,21,3,3435682.029999999
World Omni Select Auto Trust 2021-A,2024-08-31,37,680,690,152,17,1,2434610.3799999985
World Omni Select Auto Trust 2021-A,2024-08-31,37,690,700,171,17,7,2727014.630000001
World Omni Select Auto Trust 2021-A,2024-08-31,37,700,710,344,15,7,5286536.009999993
World Omni Select Auto Trust 2021-A,2024-08-31,37,710,720,341,10,7,5320662.719999999
World Omni Select Auto Trust 2021-A,2024-08-31,37,720,730,592,18,6,9136779.520000007
World Omni Select Auto Trust 2021-A,2024-08-31,37,730,740,538,14,5,8198329.200000003
World Omni Select Auto Trust 2021-A,2024-08-31,37,740,750,414,10,3,6175932.769999999
World Omni Select Auto Trust 2021-A,2024-08-31,37,750,760,405,11,1,6038574.969999998
World Omni Select Auto Trust 2021-A,2024-08-31,37,760,770,295,4,1,4162958.1799999997
World Omni Select Auto Trust 2021-A,2024-08-31,37,770,780,304,6,1,4596279.9799999995
World Omni Select Auto Trust 2021-A,2024-08-31,37,780,790,300,8,1,4332081.610000001
World Omni Select Auto Trust 2021-A,2024-08-31,37,790,800,290,2,1,4029434.62
World Omni Select Auto Trust 2021-A,2024-08-31,37,800,810,259,6,1,3658263.579999999
World Omni Select Auto Trust 2021-A,2024-08-31,37,810,820,238,4,1,3261426.2600000026
World Omni Select Auto Trust 2021-A,2024-08-31,37,820,830,215,3,1,2933155.229999998
World Omni Select Auto Trust 2021-A,2024-08-31,37,830,840,160,1,0,2188607.9799999995
World Omni Select Auto Trust 2021-A,2024-08-31,37,840,850,151,1,1,2160362.0700000003
World Omni Select Auto Trust 2021-A,2024-08-31,37,850,860,104,1,1,1451436.3099999996
World Omni Select Auto Trust 2021-A,2024-08-31,37,860,870,85,1,0,1066794.3200000003
World Omni Select Auto Trust 2021-A,2024-08-31,37,870,880,42,0,1,568872.9400000001
World Omni Select Auto Trust 2021-A,2024-08-31,37,880,890,9,0,0,112189.76000000001
World Omni Select Auto Trust 2021-A,2025-08-31,49,450,460,1,0,0,11596.45
World Omni Select Auto Trust 2021-A,2025-08-31,49,460,470,1,0,0,6527.41
World Omni Select Auto Trust 2021-A,2025-08-31,49,470,480,3,0,0,24047.78
World Omni Select Auto Trust 2021-A,2025-08-31,49,480,490,6,0,0,51031.409999999996
World Omni Select Auto Trust 2021-A,2025-08-31,49,490,500,7,0,1,51311.08
World Omni Select Auto Trust 2021-A,2025-08-31,49,500,510,15,4,2,204049.2
World Omni Select Auto Trust 2021-A,2025-08-31,49,510,520,15,4,2,201380.94999999995
World Omni Select Auto Trust 2021-A,2025-08-31,49,520,530,26,3,1,225008.38
World Omni Select Auto Trust 2021-A,2025-08-31,49,530,540,21,7,4,327605.0
World Omni Select Auto Trust 2021-A,2025-08-31,49,540,550,61,4,5,655050.74
World Omni Select Auto Trust 2021-A,2025-08-31,49,550,560,55,11,3,665778.2199999999
World Omni Select Auto Trust 2021-A,2025-08-31,49,560,570,64,20,3,930854.0500000002
World Omni Select Auto Trust 2021-A,2025-08-31,49,570,580,143,37,10,1918933.760000001
World Omni Select Auto Trust 2021-A,2025-08-31,49,580,590,383,78,22,5066333.219999999
World Omni Select Auto Trust 2021-A,2025-08-31,49,590,600,448,79,27,5710644.46
World Omni Select Auto Trust 2021-A,2025-08-31,49,600,610,583,80,27,7147215.419999996
World Omni Select Auto Trust 2021-A,2025-08-31,49,610,620,599,92,41,7572849.930000002
World Omni Select Auto Trust 2021-A,2025-08-31,49,620,630,983,135,46,12353295.67000001
World Omni Select Auto Trust 2021-A,2025-08-31,49,630,640,852,103,32,10693388.689999994
World Omni Select Auto Trust 2021-A,2025-08-31,49,640,650,1115,150,41,13671385.92000001
World Omni Select Auto Trust 2021-A,2025-08-31,49,650,660,99,15,2,1159434.2999999996
World Omni Select Auto Trust 2021-A,2025-08-31,49,660,670,145,18,6,1721249.4100000006
World Omni Select Auto Trust 2021-A,2025-08-31,49,670,680,148,21,2,1744844.26
World Omni Select Auto Trust 2021-A,2025-08-31,49,680,690,117,13,3,1246843.34
World Omni Select Auto Trust 2021-A,2025-08-31,49,690,700,132,15,6,1391351.1699999997
World Omni Select Auto Trust 2021-A,2025-08-31,49,700,710,266,9,5,2577782.909999999
World Omni Select Auto Trust 2021-A,2025-08-31,49,710,720,255,6,3,2456643.0799999996
World Omni Select Auto Trust 2021-A,2025-08-31,49,720,730,466,20,1,4559881.259999997
World Omni Select Auto Trust 2021-A,2025-08-31,49,730,740,400,12,6,3832120.8599999985
World Omni Select Auto Trust 2021-A,2025-08-31,49,740,750,312,12,2,2908561.1599999983
World Omni Select Auto Trust 2021-A,2025-08-31,49,750,760,306,13,3,2891648.639999998
World Omni Select Auto Trust 2021-A,2025-08-31,49,760,770,224,9,0,2050832.7999999982
World Omni Select Auto Trust 2021-A,2025-08-31,49,770,780,230,7,4,2231564.5099999993
World Omni Select Auto Trust 2021-A,2025-08-31,49,780,790,233,3,0,2024854.1900000002
World Omni Select Auto Trust 2021-A,2025-08-31,49,790,800,220,6,0,1917224.3500000008
World Omni Select Auto Trust 2021-A,2025-08-31,49,800,810,196,3,0,1704602.9300000009
World Omni Select Auto Trust 2021-A,2025-08-31,49,810,820,159,4,1,1324181.3700000003
World Omni Select Auto Trust 2021-A,2025-08-31,49,820,830,158,1,1,1337257.66
World Omni Select Auto Trust 2021-A,2025-08-31,49,830,840,121,1,0,999874.5699999994
World Omni Select Auto Trust 2021-A,2025-08-31,49,840,850,106,1,1,930683.44
World Omni Select Auto Trust 2021-A,2025-08-31,49,850,860,78,0,1,649192.7
World Omni Select Auto Trust 2021-A,2025-08-31,49,860,870,62,1,0,491185.82000000024
World Omni Select Auto Trust 2021-A,2025-08-31,49,870,880,33,2,0,296774.73000000004
World Omni Select Auto Trust 2021-A,2025-08-31,49,880,890,8,0,0,59748.630000000005
World Omni Select Auto Trust 2021-A,2021-09-30,2,410,420,1,0,0,27323.64
World Omni Select Auto Trust 2021-A,2021-09-30,2,430,440,1,1,0,21294.26
World Omni Select Auto Trust 2021-A,2021-09-30,2,440,450,5,1,0,125590.54999999999
World Omni Select Auto Trust 2021-A,2021-09-30,2,450,460,3,0,0,46636.65
World Omni Select Auto Trust 2021-A,2021-09-30,2,460,470,5,0,0,98436.69
World Omni Select Auto Trust 2021-A,2021-09-30,2,470,480,17,1,0,338604.14999999997
World Omni Select Auto Trust 2021-A,2021-09-30,2,480,490,25,0,0,402220.37000000005
World Omni Select Auto Trust 2021-A,2021-09-30,2,490,500,40,3,0,681682.9499999998
World Omni Select Auto Trust 2021-A,2021-09-30,2,500,510,89,6,0,2036906.049999999
World Omni Select Auto Trust 2021-A,2021-09-30,2,510,520,91,7,4,2142677.41
World Omni Select Auto Trust 2021-A,2021-09-30,2,520,530,151,8,0,3070637.0100000007
World Omni Select Auto Trust 2021-A,2021-09-30,2,530,540,159,6,1,3330177.2600000002
World Omni Select Auto Trust 2021-A,2021-09-30,2,540,550,263,13,3,5893746.610000005
World Omni Select Auto Trust 2021-A,2021-09-30,2,550,560,287,18,1,6453086.03
World Omni Select Auto Trust 2021-A,2021-09-30,2,560,570,408,15,3,9048703.810000006
World Omni Select Auto Trust 2021-A,2021-09-30,2,570,580,704,30,4,16831960.330000028
World Omni Select Auto Trust 2021-A,2021-09-30,2,580,590,1763,69,11,46095329.42999997
World Omni Select Auto Trust 2021-A,2021-09-30,2,590,600,2252,70,14,58084882.02999993
World Omni Select Auto Trust 2021-A,2021-09-30,2,600,610,2650,93,12,69027364.29
World Omni Select Auto Trust 2021-A,2021-09-30,2,610,620,2691,79,18,70996490.34000006
World Omni Select Auto Trust 2021-A,2021-09-30,2,620,630,4069,107,19,109842690.9600001
World Omni Select Auto Trust 2021-A,2021-09-30,2,630,640,3660,81,14,99430683.4700004
World Omni Select Auto Trust 2021-A,2021-09-30,2,640,650,4538,86,10,124541661.22000004
World Omni Select Auto Trust 2021-A,2021-09-30,2,650,660,465,6,1,11280023.01
World Omni Select Auto Trust 2021-A,2021-09-30,2,660,670,583,10,1,15260110.52000001
World Omni Select Auto Trust 2021-A,2021-09-30,2,670,680,533,10,0,13739360.410000002
World Omni Select Auto Trust 2021-A,2021-09-30,2,680,690,481,8,2,12791678.49
World Omni Select Auto Trust 2021-A,2021-09-30,2,690,700,463,2,1,12024292.270000013
World Omni Select Auto Trust 2021-A,2021-09-30,2,700,710,847,12,2,23757469.02000002
World Omni Select Auto Trust 2021-A,2021-09-30,2,710,720,749,14,1,21412803.53999998
World Omni Select Auto Trust 2021-A,2021-09-30,2,720,730,1293,7,1,39390514.81000005
World Omni Select Auto Trust 2021-A,2021-09-30,2,730,740,1129,7,0,33501414.640000008
World Omni Select Auto Trust 2021-A,2021-09-30,2,740,750,897,0,1,26937018.859999996
World Omni Select Auto Trust 2021-A,2021-09-30,2,750,760,810,3,2,24057853.98999997
World Omni Select Auto Trust 2021-A,2021-09-30,2,760,770,658,8,1,19330470.27
World Omni Select Auto Trust 2021-A,2021-09-30,2,770,780,635,3,0,19340356.899999995
World Omni Select Auto Trust 2021-A,2021-09-30,2,780,790,620,3,1,17621665.11999999
World Omni Select Auto Trust 2021-A,2021-09-30,2,790,800,533,5,0,15034383.530000007
World Omni Select Auto Trust 2021-A,2021-09-30,2,800,810,517,4,0,14970425.109999986
World Omni Select Auto Trust 2021-A,2021-09-30,2,810,820,439,5,0,12492855.099999992
World Omni Select Auto Trust 2021-A,2021-09-30,2,820,830,421,0,0,11681992.269999998
World Omni Select Auto Trust 2021-A,2021-09-30,2,830,840,328,0,0,8965790.260000005
World Omni Select Auto Trust 2021-A,2021-09-30,2,840,850,316,2,0,8928198.350000003
World Omni Select Auto Trust 2021-A,2021-09-30,2,850,860,198,1,0,5344197.060000001
World Omni Select Auto Trust 2021-A,2021-09-30,2,860,870,154,0,0,4131107.4399999995
World Omni Select Auto Trust 2021-A,2021-09-30,2,870,880,93,0,0,2385185.03
World Omni Select Auto Trust 2021-A,2021-09-30,2,880,890,14,0,0,412992.79
World Omni Select Auto Trust 2021-A,2021-09-30,2,890,900,1,0,0,3452.74
World Omni Select Auto Trust 2021-A,2022-09-30,14,440,450,3,1,0,38242.78
World Omni Select Auto Trust 2021-A,2022-09-30,14,450,460,1,0,0,22307.74
World Omni Select Auto Trust 2021-A,2022-09-30,14,460,470,1,1,1,62465.409999999996
World Omni Select Auto Trust 2021-A,2022-09-30,14,470,480,7,1,0,140843.58000000002
World Omni Select Auto Trust 2021-A,2022-09-30,14,480,490,12,2,1,230992.38999999998
World Omni Select Auto Trust 2021-A,2022-09-30,14,490,500,23,2,1,385634.7300000001
World Omni Select Auto Trust 2021-A,2022-09-30,14,500,510,44,15,1,1172247.0299999998
World Omni Select Auto Trust 2021-A,2022-09-30,14,510,520,58,3,5,1278994.7099999997
World Omni Select Auto Trust 2021-A,2022-09-30,14,520,530,84,15,6,1696534.2199999997
World Omni Select Auto Trust 2021-A,2022-09-30,14,530,540,95,9,4,1974420.2400000002
World Omni Select Auto Trust 2021-A,2022-09-30,14,540,550,155,24,5,3432084.889999999
World Omni Select Auto Trust 2021-A,2022-09-30,14,550,560,158,24,6,3356766.020000001
World Omni Select Auto Trust 2021-A,2022-09-30,14,560,570,240,35,5,5213087.929999997
World Omni Select Auto Trust 2021-A,2022-09-30,14,570,580,399,50,19,9590414.479999993
World Omni Select Auto Trust 2021-A,2022-09-30,14,580,590,1052,133,30,26639489.800000027
World Omni Select Auto Trust 2021-A,2022-09-30,14,590,600,1335,116,46,32689486.660000004
World Omni Select Auto Trust 2021-A,2022-09-30,14,600,610,1629,149,49,39988164.47999993
World Omni Select Auto Trust 2021-A,2022-09-30,14,610,620,1673,143,48,41308929.63999993
World Omni Select Auto Trust 2021-A,2022-09-30,14,620,630,2487,193,64,62338900.05999988
World Omni Select Auto Trust 2021-A,2022-09-30,14,630,640,2240,148,48,56661051.96000002
World Omni Select Auto Trust 2021-A,2022-09-30,14,640,650,2833,157,62,71216546.22999991
World Omni Select Auto Trust 2021-A,2022-09-30,14,650,660,266,15,6,6141151.8800000055
World Omni Select Auto Trust 2021-A,2022-09-30,14,660,670,359,23,8,8590841.969999997
World Omni Select Auto Trust 2021-A,2022-09-30,14,670,680,347,27,7,8523905.769999996
World Omni Select Auto Trust 2021-A,2022-09-30,14,680,690,301,5,6,7021083.370000003
World Omni Select Auto Trust 2021-A,2022-09-30,14,690,700,317,13,6,7494506.040000003
World Omni Select Auto Trust 2021-A,2022-09-30,14,700,710,591,16,7,14379852.44
World Omni Select Auto Trust 2021-A,2022-09-30,14,710,720,537,11,9,13223904.909999993
World Omni Select Auto Trust 2021-A,2022-09-30,14,720,730,912,13,5,23492945.240000006
World Omni Select Auto Trust 2021-A,2022-09-30,14,730,740,843,6,6,20983286.270000022
World Omni Select Auto Trust 2021-A,2022-09-30,14,740,750,638,8,1,15966581.869999984
World Omni Select Auto Trust 2021-A,2022-09-30,14,750,760,607,9,1,15051878.629999997
World Omni Select Auto Trust 2021-A,2022-09-30,14,760,770,472,4,3,11299845.470000003
World Omni Select Auto Trust 2021-A,2022-09-30,14,770,780,470,7,5,11916220.239999989
World Omni Select Auto Trust 2021-A,2022-09-30,14,780,790,470,7,2,11279577.650000002
World Omni Select Auto Trust 2021-A,2022-09-30,14,790,800,417,4,0,9566422.360000001
World Omni Select Auto Trust 2021-A,2022-09-30,14,800,810,391,4,1,9297020.580000006
World Omni Select Auto Trust 2021-A,2022-09-30,14,810,820,335,2,1,7781437.4
World Omni Select Auto Trust 2021-A,2022-09-30,14,820,830,329,2,1,7612035.169999995
World Omni Select Auto Trust 2021-A,2022-09-30,14,830,840,243,1,0,5595981.749999997
World Omni Select Auto Trust 2021-A,2022-09-30,14,840,850,242,1,0,5814970.580000003
World Omni Select Auto Trust 2021-A,2022-09-30,14,850,860,159,2,1,3595423.3099999996
World Omni Select Auto Trust 2021-A,2022-09-30,14,860,870,119,1,0,2643126.0299999993
World Omni Select Auto Trust 2021-A,2022-09-30,14,870,880,67,2,0,1523861.6300000004
World Omni Select Auto Trust 2021-A,2022-09-30,14,880,890,11,0,0,259194.11000000002
World Omni Select Auto Trust 2021-A,2023-09-30,26,440,450,1,1,0,17419.14
World Omni Select Auto Trust 2021-A,2023-09-30,26,450,460,1,0,0,19132.94
World Omni Select Auto Trust 2021-A,2023-09-30,26,460,470,1,0,1,33909.81
World Omni Select Auto Trust 2021-A,2023-09-30,26,470,480,6,1,0,114392.25000000001
World Omni Select Auto Trust 2021-A,2023-09-30,26,480,490,8,1,0,127592.33
World Omni Select Auto Trust 2021-A,2023-09-30,26,490,500,15,2,1,244831.78
World Omni Select Auto Trust 2021-A,2023-09-30,26,500,510,32,6,5,782207.31
World Omni Select Auto Trust 2021-A,2023-09-30,26,510,520,33,8,4,738455.0399999999
World Omni Select Auto Trust 2021-A,2023-09-30,26,520,530,51,12,4,1051129.77
World Omni Select Auto Trust 2021-A,2023-09-30,26,530,540,57,9,6,1233086.0899999999
World Omni Select Auto Trust 2021-A,2023-09-30,26,540,550,109,11,8,2140314.24
World Omni Select Auto Trust 2021-A,2023-09-30,26,550,560,106,19,6,2199168.7700000005
World Omni Select Auto Trust 2021-A,2023-09-30,26,560,570,134,25,12,2991683.0599999996
World Omni Select Auto Trust 2021-A,2023-09-30,26,570,580,270,43,12,5821558.699999998
World Omni Select Auto Trust 2021-A,2023-09-30,26,580,590,673,95,41,15510700.949999996
World Omni Select Auto Trust 2021-A,2023-09-30,26,590,600,843,117,46,19285003.609999992
World Omni Select Auto Trust 2021-A,2023-09-30,26,600,610,1054,126,64,23763352.449999973
World Omni Select Auto Trust 2021-A,2023-09-30,26,610,620,1091,140,50,24834366.429999985
World Omni Select Auto Trust 2021-A,2023-09-30,26,620,630,1654,187,76,38007700.719999984
World Omni Select Auto Trust 2021-A,2023-09-30,26,630,640,1457,158,65,33745149.380000025
World Omni Select Auto Trust 2021-A,2023-09-30,26,640,650,1952,152,75,43680132.669999905
World Omni Select Auto Trust 2021-A,2023-09-30,26,650,660,176,13,8,3622222.0000000005
World Omni Select Auto Trust 2021-A,2023-09-30,26,660,670,244,22,14,5419334.699999998
World Omni Select Auto Trust 2021-A,2023-09-30,26,670,680,263,15,5,5394701.189999998
World Omni Select Auto Trust 2021-A,2023-09-30,26,680,690,199,13,3,4023946.969999999
World Omni Select Auto Trust 2021-A,2023-09-30,26,690,700,228,12,4,4554035.6499999985
World Omni Select Auto Trust 2021-A,2023-09-30,26,700,710,433,9,8,8661057.37
World Omni Select Auto Trust 2021-A,2023-09-30,26,710,720,409,15,8,8486669.920000002
World Omni Select Auto Trust 2021-A,2023-09-30,26,720,730,720,9,7,14748083.01999999
World Omni Select Auto Trust 2021-A,2023-09-30,26,730,740,666,15,2,13317733.840000002
World Omni Select Auto Trust 2021-A,2023-09-30,26,740,750,507,8,1,10236934.160000006
World Omni Select Auto Trust 2021-A,2023-09-30,26,750,760,478,7,4,9570339.600000005
World Omni Select Auto Trust 2021-A,2023-09-30,26,760,770,371,3,0,7019462.310000002
World Omni Select Auto Trust 2021-A,2023-09-30,26,770,780,378,2,1,7488025.829999996
World Omni Select Auto Trust 2021-A,2023-09-30,26,780,790,373,2,2,7174815.099999994
World Omni Select Auto Trust 2021-A,2023-09-30,26,790,800,326,5,0,6155276.719999999
World Omni Select Auto Trust 2021-A,2023-09-30,26,800,810,304,6,0,5802658.349999999
World Omni Select Auto Trust 2021-A,2023-09-30,26,810,820,272,1,4,5151246.42
World Omni Select Auto Trust 2021-A,2023-09-30,26,820,830,263,5,1,4954082.879999999
World Omni Select Auto Trust 2021-A,2023-09-30,26,830,840,201,4,1,3710635.9000000013
World Omni Select Auto Trust 2021-A,2023-09-30,26,840,850,191,3,1,3755873.3599999975
World Omni Select Auto Trust 2021-A,2023-09-30,26,850,860,129,1,1,2414818.6599999997
World Omni Select Auto Trust 2021-A,2023-09-30,26,860,870,99,2,0,1705426.3599999996
World Omni Select Auto Trust 2021-A,2023-09-30,26,870,880,53,0,1,914709.58
World Omni Select Auto Trust 2021-A,2023-09-30,26,880,890,11,0,0,201907.65999999997
World Omni Select Auto Trust 2021-A,2024-09-30,38,440,450,0,0,1,3655.57
World Omni Select Auto Trust 2021-A,2024-09-30,38,450,460,1,0,0,15468.67
World Omni Select Auto Trust 2021-A,2024-09-30,38,460,470,1,0,0,11094.0
World Omni Select Auto Trust 2021-A,2024-09-30,38,470,480,5,0,0,49761.259999999995
World Omni Select Auto Trust 2021-A,2024-09-30,38,480,490,4,0,2,70044.46
World Omni Select Auto Trust 2021-A,2024-09-30,38,490,500,10,3,0,135133.5
World Omni Select Auto Trust 2021-A,2024-09-30,38,500,510,24,3,4,477088.37999999983
World Omni Select Auto Trust 2021-A,2024-09-30,38,510,520,24,3,5,418341.68000000005
World Omni Select Auto Trust 2021-A,2024-09-30,38,520,530,38,5,4,565259.29
World Omni Select Auto Trust 2021-A,2024-09-30,38,530,540,32,12,4,668806.1900000001
World Omni Select Auto Trust 2021-A,2024-09-30,38,540,550,76,13,4,1245938.2099999997
World Omni Select Auto Trust 2021-A,2024-09-30,38,550,560,82,11,4,1300030.9800000002
World Omni Select Auto Trust 2021-A,2024-09-30,38,560,570,94,21,13,1791150.9399999992
World Omni Select Auto Trust 2021-A,2024-09-30,38,570,580,206,32,12,3500503.4099999997
World Omni Select Auto Trust 2021-A,2024-09-30,38,580,590,511,79,35,9285821.829999998
World Omni Select Auto Trust 2021-A,2024-09-30,38,590,600,606,89,40,10866925.030000005
World Omni Select Auto Trust 2021-A,2024-09-30,38,600,610,752,109,56,13638710.759999987
World Omni Select Auto Trust 2021-A,2024-09-30,38,610,620,797,110,46,14256148.749999985
World Omni Select Auto Trust 2021-A,2024-09-30,38,620,630,1274,152,66,22625459.589999977
World Omni Select Auto Trust 2021-A,2024-09-30,38,630,640,1122,122,44,19904588.770000007
World Omni Select Auto Trust 2021-A,2024-09-30,38,640,650,1493,117,70,25509114.45999995
World Omni Select Auto Trust 2021-A,2024-09-30,38,650,660,127,16,9,2184510.3300000005
World Omni Select Auto Trust 2021-A,2024-09-30,38,660,670,199,15,10,3331395.2300000037
World Omni Select Auto Trust 2021-A,2024-09-30,38,670,680,199,15,6,3294002.379999999
World Omni Select Auto Trust 2021-A,2024-09-30,38,680,690,149,15,3,2311641.960000001
World Omni Select Auto Trust 2021-A,2024-09-30,38,690,700,168,16,6,2569734.35
World Omni Select Auto Trust 2021-A,2024-09-30,38,700,710,339,13,5,5000291.120000005
World Omni Select Auto Trust 2021-A,2024-09-30,38,710,720,336,13,4,5115708.720000001
World Omni Select Auto Trust 2021-A,2024-09-30,38,720,730,581,18,7,8721330.640000004
World Omni Select Auto Trust 2021-A,2024-09-30,38,730,740,533,16,3,7855383.140000002
World Omni Select Auto Trust 2021-A,2024-09-30,38,740,750,405,11,2,5873123.070000001
World Omni Select Auto Trust 2021-A,2024-09-30,38,750,760,401,6,4,5745671.490000005
World Omni Select Auto Trust 2021-A,2024-09-30,38,760,770,291,3,1,3956089.269999998
World Omni Select Auto Trust 2021-A,2024-09-30,38,770,780,300,4,2,4396863.319999999
World Omni Select Auto Trust 2021-A,2024-09-30,38,780,790,295,5,0,4038520.689999998
World Omni Select Auto Trust 2021-A,2024-09-30,38,790,800,283,4,0,3833883.289999999
World Omni Select Auto Trust 2021-A,2024-09-30,38,800,810,255,5,0,3419781.25
World Omni Select Auto Trust 2021-A,2024-09-30,38,810,820,232,6,1,3124511.98
World Omni Select Auto Trust 2021-A,2024-09-30,38,820,830,212,3,1,2812072.5399999986
World Omni Select Auto Trust 2021-A,2024-09-30,38,830,840,158,1,0,2082879.0200000012
World Omni Select Auto Trust 2021-A,2024-09-30,38,840,850,147,0,1,2018728.900000001
World Omni Select Auto Trust 2021-A,2024-09-30,38,850,860,103,2,1,1397137.8099999998
World Omni Select Auto Trust 2021-A,2024-09-30,38,860,870,83,2,0,992868.7600000001
World Omni Select Auto Trust 2021-A,2024-09-30,38,870,880,40,0,1,531401.2700000001
World Omni Select Auto Trust 2021-A,2024-09-30,38,880,890,9,0,0,107914.06999999999
World Omni Select Auto Trust 2021-A,2025-09-30,50,450,460,1,0,0,11207.02
World Omni Select Auto Trust 2021-A,2025-09-30,50,460,470,1,0,0,6090.11
World Omni Select Auto Trust 2021-A,2025-09-30,50,470,480,3,0,0,22618.4
World Omni Select Auto Trust 2021-A,2025-09-30,50,480,490,5,1,0,49389.11
World Omni Select Auto Trust 2021-A,2025-09-30,50,490,500,5,1,1,46281.42
World Omni Select Auto Trust 2021-A,2025-09-30,50,500,510,17,3,1,188965.03000000003
World Omni Select Auto Trust 2021-A,2025-09-30,50,510,520,14,3,3,193958.67000000004
World Omni Select Auto Trust 2021-A,2025-09-30,50,520,530,23,6,1,216292.65
World Omni Select Auto Trust 2021-A,2025-09-30,50,530,540,22,7,2,307021.41
World Omni Select Auto Trust 2021-A,2025-09-30,50,540,550,57,7,5,620787.48
World Omni Select Auto Trust 2021-A,2025-09-30,50,550,560,51,9,5,619508.7199999999
World Omni Select Auto Trust 2021-A,2025-09-30,50,560,570,67,11,7,881444.74
World Omni Select Auto Trust 2021-A,2025-09-30,50,570,580,142,33,11,1797821.7499999998
World Omni Select Auto Trust 2021-A,2025-09-30,50,580,590,376,73,26,4776153.240000003
World Omni Select Auto Trust 2021-A,2025-09-30,50,590,600,436,79,24,5333920.960000002
World Omni Select Auto Trust 2021-A,2025-09-30,50,600,610,545,88,29,6617885.510000007
World Omni Select Auto Trust 2021-A,2025-09-30,50,610,620,583,87,36,7045052.39
World Omni Select Auto Trust 2021-A,2025-09-30,50,620,630,964,122,51,11546040.959999992
World Omni Select Auto Trust 2021-A,2025-09-30,50,630,640,834,101,29,10012515.0
World Omni Select Auto Trust 2021-A,2025-09-30,50,640,650,1106,123,40,12683212.690000007
World Omni Select Auto Trust 2021-A,2025-09-30,50,650,660,97,15,2,1091067.72
World Omni Select Auto Trust 2021-A,2025-09-30,50,660,670,147,16,4,1612381.6599999995
World Omni Select Auto Trust 2021-A,2025-09-30,50,670,680,147,14,5,1644994.7799999998
World Omni Select Auto Trust 2021-A,2025-09-30,50,680,690,117,10,1,1166295.7499999998
World Omni Select Auto Trust 2021-A,2025-09-30,50,690,700,131,13,3,1265707.3399999994
World Omni Select Auto Trust 2021-A,2025-09-30,50,700,710,258,8,4,2355889.9
World Omni Select Auto Trust 2021-A,2025-09-30,50,710,720,249,5,2,2287911.8400000003
World Omni Select Auto Trust 2021-A,2025-09-30,50,720,730,452,13,8,4216391.34
World Omni Select Auto Trust 2021-A,2025-09-30,50,730,740,386,15,5,3532877.3599999985
World Omni Select Auto Trust 2021-A,2025-09-30,50,740,750,304,10,3,2705464.0900000012
World Omni Select Auto Trust 2021-A,2025-09-30,50,750,760,302,12,4,2696138.040000001
World Omni Select Auto Trust 2021-A,2025-09-30,50,760,770,216,5,3,1872282.1900000002
World Omni Select Auto Trust 2021-A,2025-09-30,50,770,780,224,2,5,2023949.1400000006
World Omni Select Auto Trust 2021-A,2025-09-30,50,780,790,228,1,0,1879755.3799999994
World Omni Select Auto Trust 2021-A,2025-09-30,50,790,800,210,5,0,1732449.9
World Omni Select Auto Trust 2021-A,2025-09-30,50,800,810,190,5,0,1576196.93
World Omni Select Auto Trust 2021-A,2025-09-30,50,810,820,159,2,1,1224275.1399999997
World Omni Select Auto Trust 2021-A,2025-09-30,50,820,830,152,1,0,1212939.5700000005
World Omni Select Auto Trust 2021-A,2025-09-30,50,830,840,118,0,0,921655.39
World Omni Select Auto Trust 2021-A,2025-09-30,50,840,850,101,1,0,845860.84
World Omni Select Auto Trust 2021-A,2025-09-30,50,850,860,75,1,1,597994.06
World Omni Select Auto Trust 2021-A,2025-09-30,50,860,870,60,1,0,449196.3299999998
World Omni Select Auto Trust 2021-A,2025-09-30,50,870,880,33,0,2,280319.51999999996
World Omni Select Auto Trust 2021-A,2025-09-30,50,880,890,8,0,0,55734.73
World Omni Select Auto Trust 2021-A,2021-10-31,3,410,420,1,0,0,27135.54
World Omni Select Auto Trust 2021-A,2021-10-31,3,430,440,1,0,1,21053.72
World Omni Select Auto Trust 2021-A,2021-10-31,3,440,450,6,0,0,123872.37
World Omni Select Auto Trust 2021-A,2021-10-31,3,450,460,3,0,0,46473.23
World Omni Select Auto Trust 2021-A,2021-10-31,3,460,470,4,0,0,78311.35
World Omni Select Auto Trust 2021-A,2021-10-31,3,470,480,16,2,0,334547.63
World Omni Select Auto Trust 2021-A,2021-10-31,3,480,490,20,3,0,370519.71
World Omni Select Auto Trust 2021-A,2021-10-31,3,490,500,37,4,1,645072.43
World Omni Select Auto Trust 2021-A,2021-10-31,3,500,510,84,8,1,1959633.3000000003
World Omni Select Auto Trust 2021-A,2021-10-31,3,510,520,93,5,4,2119299.13
World Omni Select Auto Trust 2021-A,2021-10-31,3,520,530,140,12,3,2952010.0900000003
World Omni Select Auto Trust 2021-A,2021-10-31,3,530,540,152,8,2,3196578.46
World Omni Select Auto Trust 2021-A,2021-10-31,3,540,550,251,20,3,5758642.940000001
World Omni Select Auto Trust 2021-A,2021-10-31,3,550,560,276,19,5,6274790.949999998
World Omni Select Auto Trust 2021-A,2021-10-31,3,560,570,385,26,4,8719746.66
World Omni Select Auto Trust 2021-A,2021-10-31,3,570,580,679,32,13,16306260.53
World Omni Select Auto Trust 2021-A,2021-10-31,3,580,590,1710,83,21,44909852.64999997
World Omni Select Auto Trust 2021-A,2021-10-31,3,590,600,2170,87,29,56313678.34000003
World Omni Select Auto Trust 2021-A,2021-10-31,3,600,610,2552,116,29,66664892.749999955
World Omni Select Auto Trust 2021-A,2021-10-31,3,610,620,2606,101,29,68847738.36000004
World Omni Select Auto Trust 2021-A,2021-10-31,3,620,630,3915,144,41,106127207.67999989
World Omni Select Auto Trust 2021-A,2021-10-31,3,630,640,3505,124,22,95489972.54000011
World Omni Select Auto Trust 2021-A,2021-10-31,3,640,650,4380,122,27,120350794.10999992
World Omni Select Auto Trust 2021-A,2021-10-31,3,650,660,448,10,3,10889648.620000001
World Omni Select Auto Trust 2021-A,2021-10-31,3,660,670,559,18,1,14577704.679999992
World Omni Select Auto Trust 2021-A,2021-10-31,3,670,680,521,13,3,13413704.399999997
World Omni Select Auto Trust 2021-A,2021-10-31,3,680,690,471,9,3,12415296.199999996
World Omni Select Auto Trust 2021-A,2021-10-31,3,690,700,446,3,0,11399555.669999998
World Omni Select Auto Trust 2021-A,2021-10-31,3,700,710,826,18,3,23033772.490000017
World Omni Select Auto Trust 2021-A,2021-10-31,3,710,720,735,9,3,20568175.029999994
World Omni Select Auto Trust 2021-A,2021-10-31,3,720,730,1268,11,1,38251906.39000004
World Omni Select Auto Trust 2021-A,2021-10-31,3,730,740,1108,6,3,32424463.99000001
World Omni Select Auto Trust 2021-A,2021-10-31,3,740,750,862,6,1,25629454.58000001
World Omni Select Auto Trust 2021-A,2021-10-31,3,750,760,791,7,1,23234554.440000005
World Omni Select Auto Trust 2021-A,2021-10-31,3,760,770,645,3,3,18540807.97
World Omni Select Auto Trust 2021-A,2021-10-31,3,770,780,624,7,0,18790353.960000012
World Omni Select Auto Trust 2021-A,2021-10-31,3,780,790,607,4,0,16929991.070000008
World Omni Select Auto Trust 2021-A,2021-10-31,3,790,800,526,0,1,14482585.359999996
World Omni Select Auto Trust 2021-A,2021-10-31,3,800,810,511,3,1,14497656.390000002
World Omni Select Auto Trust 2021-A,2021-10-31,3,810,820,435,4,0,12148466.329999994
World Omni Select Auto Trust 2021-A,2021-10-31,3,820,830,415,0,0,11313252.549999993
World Omni Select Auto Trust 2021-A,2021-10-31,3,830,840,322,1,0,8723772.919999996
World Omni Select Auto Trust 2021-A,2021-10-31,3,840,850,306,4,0,8615310.149999999
World Omni Select Auto Trust 2021-A,2021-10-31,3,850,860,192,2,0,5120742.950000001
World Omni Select Auto Trust 2021-A,2021-10-31,3,860,870,153,0,0,4027872.7700000005
World Omni Select Auto Trust 2021-A,2021-10-31,3,870,880,89,1,0,2284932.0599999996
World Omni Select Auto Trust 2021-A,2021-10-31,3,880,890,14,0,0,407271.02
World Omni Select Auto Trust 2021-A,2021-10-31,3,890,900,1,0,0,3142.73
World Omni Select Auto Trust 2021-A,2022-10-31,15,440,450,3,1,0,37208.21
World Omni Select Auto Trust 2021-A,2022-10-31,15,450,460,1,0,0,22307.74
World Omni Select Auto Trust 2021-A,2022-10-31,15,460,470,2,1,0,62146.060000000005
World Omni Select Auto Trust 2021-A,2022-10-31,15,470,480,7,1,0,138926.4
World Omni Select Auto Trust 2021-A,2022-10-31,15,480,490,11,3,1,228021.12000000002
World Omni Select Auto Trust 2021-A,2022-10-31,15,490,500,23,2,1,379044.83999999997
World Omni Select Auto Trust 2021-A,2022-10-31,15,500,510,43,10,6,1135283.8900000001
World Omni Select Auto Trust 2021-A,2022-10-31,15,510,520,50,7,5,1211520.4299999997
World Omni Select Auto Trust 2021-A,2022-10-31,15,520,530,80,13,8,1629392.3599999999
World Omni Select Auto Trust 2021-A,2022-10-31,15,530,540,83,17,2,1884270.55
World Omni Select Auto Trust 2021-A,2022-10-31,15,540,550,150,17,10,3273518.47
World Omni Select Auto Trust 2021-A,2022-10-31,15,550,560,148,23,9,3187997.14
World Omni Select Auto Trust 2021-A,2022-10-31,15,560,570,223,36,10,4933341.519999999
World Omni Select Auto Trust 2021-A,2022-10-31,15,570,580,379,45,28,9096247.2
World Omni Select Auto Trust 2021-A,2022-10-31,15,580,590,1011,136,43,25793202.70999999
World Omni Select Auto Trust 2021-A,2022-10-31,15,590,600,1273,119,44,31081772.539999954
World Omni Select Auto Trust 2021-A,2022-10-31,15,600,610,1548,153,64,38258419.19999999
World Omni Select Auto Trust 2021-A,2022-10-31,15,610,620,1598,150,51,39580409.5
World Omni Select Auto Trust 2021-A,2022-10-31,15,620,630,2355,211,79,59497457.43000002
World Omni Select Auto Trust 2021-A,2022-10-31,15,630,640,2138,159,59,54386715.91999996
World Omni Select Auto Trust 2021-A,2022-10-31,15,640,650,2713,170,67,68165174.53
World Omni Select Auto Trust 2021-A,2022-10-31,15,650,660,253,16,8,5875940.880000001
World Omni Select Auto Trust 2021-A,2022-10-31,15,660,670,346,30,6,8364216.68
World Omni Select Auto Trust 2021-A,2022-10-31,15,670,680,343,16,13,8269240.400000005
World Omni Select Auto Trust 2021-A,2022-10-31,15,680,690,290,8,4,6698625.810000001
World Omni Select Auto Trust 2021-A,2022-10-31,15,690,700,310,10,7,7235301.43
World Omni Select Auto Trust 2021-A,2022-10-31,15,700,710,576,14,6,13782173.670000006
World Omni Select Auto Trust 2021-A,2022-10-31,15,710,720,525,12,6,12715030.970000003
World Omni Select Auto Trust 2021-A,2022-10-31,15,720,730,892,12,7,22562240.69999999
World Omni Select Auto Trust 2021-A,2022-10-31,15,730,740,829,11,3,20364997.32
World Omni Select Auto Trust 2021-A,2022-10-31,15,740,750,627,8,1,15490127.42
World Omni Select Auto Trust 2021-A,2022-10-31,15,750,760,602,5,2,14579427.080000004
World Omni Select Auto Trust 2021-A,2022-10-31,15,760,770,461,8,0,10828776.28
World Omni Select Auto Trust 2021-A,2022-10-31,15,770,780,459,5,5,11394951.689999996
World Omni Select Auto Trust 2021-A,2022-10-31,15,780,790,460,8,5,10953330.020000007
World Omni Select Auto Trust 2021-A,2022-10-31,15,790,800,404,6,1,9248436.649999995
World Omni Select Auto Trust 2021-A,2022-10-31,15,800,810,381,5,0,8864921.400000002
World Omni Select Auto Trust 2021-A,2022-10-31,15,810,820,331,1,1,7527190.470000001
World Omni Select Auto Trust 2021-A,2022-10-31,15,820,830,325,2,1,7395466.359999998
World Omni Select Auto Trust 2021-A,2022-10-31,15,830,840,242,1,0,5497649.910000002
World Omni Select Auto Trust 2021-A,2022-10-31,15,840,850,233,5,0,5632809.800000001
World Omni Select Auto Trust 2021-A,2022-10-31,15,850,860,156,2,1,3504208.92
World Omni Select Auto Trust 2021-A,2022-10-31,15,860,870,116,3,0,2568139.6799999997
World Omni Select Auto Trust 2021-A,2022-10-31,15,870,880,67,1,0,1468779.2499999995
World Omni Select Auto Trust 2021-A,2022-10-31,15,880,890,11,0,0,253927.78000000003
World Omni Select Auto Trust 2021-A,2023-10-31,27,440,450,1,1,0,16914.28
World Omni Select Auto Trust 2021-A,2023-10-31,27,450,460,1,0,0,18836.76
World Omni Select Auto Trust 2021-A,2023-10-31,27,460,470,1,1,0,33116.14
World Omni Select Auto Trust 2021-A,2023-10-31,27,470,480,6,1,0,112407.95
World Omni Select Auto Trust 2021-A,2023-10-31,27,480,490,8,1,0,125766.28
World Omni Select Auto Trust 2021-A,2023-10-31,27,490,500,16,2,0,242473.71
World Omni Select Auto Trust 2021-A,2023-10-31,27,500,510,32,5,4,750403.41
World Omni Select Auto Trust 2021-A,2023-10-31,27,510,520,34,7,3,691328.09
World Omni Select Auto Trust 2021-A,2023-10-31,27,520,530,48,12,5,991912.7300000002
World Omni Select Auto Trust 2021-A,2023-10-31,27,530,540,60,8,4,1210812.6199999996
World Omni Select Auto Trust 2021-A,2023-10-31,27,540,550,100,13,11,2071197.1600000001
World Omni Select Auto Trust 2021-A,2023-10-31,27,550,560,105,17,7,2137783.3299999996
World Omni Select Auto Trust 2021-A,2023-10-31,27,560,570,132,24,12,2889818.54
World Omni Select Auto Trust 2021-A,2023-10-31,27,570,580,249,53,12,5541573.970000001
World Omni Select Auto Trust 2021-A,2023-10-31,27,580,590,654,91,47,14931112.280000007
World Omni Select Auto Trust 2021-A,2023-10-31,27,590,600,816,121,40,18401029.980000008
World Omni Select Auto Trust 2021-A,2023-10-31,27,600,610,1007,131,67,22674318.330000013
World Omni Select Auto Trust 2021-A,2023-10-31,27,610,620,1054,138,50,23770679.249999978
World Omni Select Auto Trust 2021-A,2023-10-31,27,620,630,1625,168,81,36492778.89
World Omni Select Auto Trust 2021-A,2023-10-31,27,630,640,1427,150,51,32140003.52000002
World Omni Select Auto Trust 2021-A,2023-10-31,27,640,650,1894,163,68,41824159.96999997
World Omni Select Auto Trust 2021-A,2023-10-31,27,650,660,169,18,3,3418421.8199999994
World Omni Select Auto Trust 2021-A,2023-10-31,27,660,670,243,22,6,5174476.88
World Omni Select Auto Trust 2021-A,2023-10-31,27,670,680,256,15,6,5175175.489999998
World Omni Select Auto Trust 2021-A,2023-10-31,27,680,690,192,14,4,3855037.3299999996
World Omni Select Auto Trust 2021-A,2023-10-31,27,690,700,220,15,6,4403250.199999999
World Omni Select Auto Trust 2021-A,2023-10-31,27,700,710,423,15,2,8270392.519999998
World Omni Select Auto Trust 2021-A,2023-10-31,27,710,720,407,12,7,8197855.12
World Omni Select Auto Trust 2021-A,2023-10-31,27,720,730,711,7,3,14152767.300000006
World Omni Select Auto Trust 2021-A,2023-10-31,27,730,740,657,10,5,12850823.649999985
World Omni Select Auto Trust 2021-A,2023-10-31,27,740,750,499,7,2,9819615.190000001
World Omni Select Auto Trust 2021-A,2023-10-31,27,750,760,465,7,6,9135820.080000002
World Omni Select Auto Trust 2021-A,2023-10-31,27,760,770,358,5,0,6669421.960000001
World Omni Select Auto Trust 2021-A,2023-10-31,27,770,780,370,3,1,7184074.380000001
World Omni Select Auto Trust 2021-A,2023-10-31,27,780,790,363,5,3,6881006.58
World Omni Select Auto Trust 2021-A,2023-10-31,27,790,800,318,6,1,5914119.17
World Omni Select Auto Trust 2021-A,2023-10-31,27,800,810,295,7,2,5575128.1499999985
World Omni Select Auto Trust 2021-A,2023-10-31,27,810,820,270,2,3,4967382.94
World Omni Select Auto Trust 2021-A,2023-10-31,27,820,830,261,4,2,4784496.6
World Omni Select Auto Trust 2021-A,2023-10-31,27,830,840,198,0,0,3495743.26
World Omni Select Auto Trust 2021-A,2023-10-31,27,840,850,191,2,1,3650660.7299999995
World Omni Select Auto Trust 2021-A,2023-10-31,27,850,860,127,1,1,2306955.440000001
World Omni Select Auto Trust 2021-A,2023-10-31,27,860,870,98,1,0,1636024.2199999997
World Omni Select Auto Trust 2021-A,2023-10-31,27,870,880,53,0,0,874629.0900000001
World Omni Select Auto Trust 2021-A,2023-10-31,27,880,890,11,0,0,196518.68999999997
World Omni Select Auto Trust 2021-A,2024-10-31,39,440,450,1,0,0,3655.57
World Omni Select Auto Trust 2021-A,2024-10-31,39,450,460,1,0,0,15122.69
World Omni Select Auto Trust 2021-A,2024-10-31,39,460,470,1,0,0,10696.42
World Omni Select Auto Trust 2021-A,2024-10-31,39,470,480,4,1,0,49052.659999999996
World Omni Select Auto Trust 2021-A,2024-10-31,39,480,490,4,0,2,68469.0
World Omni Select Auto Trust 2021-A,2024-10-31,39,490,500,9,4,0,131756.58
World Omni Select Auto Trust 2021-A,2024-10-31,39,500,510,23,3,5,464845.4700000002
World Omni Select Auto Trust 2021-A,2024-10-31,39,510,520,25,3,4,408397.91
World Omni Select Auto Trust 2021-A,2024-10-31,39,520,530,36,7,3,526994.3399999999
World Omni Select Auto Trust 2021-A,2024-10-31,39,530,540,29,10,7,616985.2299999999
World Omni Select Auto Trust 2021-A,2024-10-31,39,540,550,68,18,6,1202072.6099999994
World Omni Select Auto Trust 2021-A,2024-10-31,39,550,560,67,18,6,1181172.1099999996
World Omni Select Auto Trust 2021-A,2024-10-31,39,560,570,95,24,8,1740169.54
World Omni Select Auto Trust 2021-A,2024-10-31,39,570,580,188,40,16,3337451.029999997
World Omni Select Auto Trust 2021-A,2024-10-31,39,580,590,483,88,40,8870944.89
World Omni Select Auto Trust 2021-A,2024-10-31,39,590,600,569,106,39,10243672.480000006
World Omni Select Auto Trust 2021-A,2024-10-31,39,600,610,729,108,53,12866339.559999991
World Omni Select Auto Trust 2021-A,2024-10-31,39,610,620,766,111,48,13450816.5
World Omni Select Auto Trust 2021-A,2024-10-31,39,620,630,1246,153,63,21604219.63999997
World Omni Select Auto Trust 2021-A,2024-10-31,39,630,640,1075,137,47,18917454.88999998
World Omni Select Auto Trust 2021-A,2024-10-31,39,640,650,1418,160,61,24159445.560000006
World Omni Select Auto Trust 2021-A,2024-10-31,39,650,660,125,15,11,2109081.300000001
World Omni Select Auto Trust 2021-A,2024-10-31,39,660,670,193,21,5,3157977.520000003
World Omni Select Auto Trust 2021-A,2024-10-31,39,670,680,193,13,9,3150397.28
World Omni Select Auto Trust 2021-A,2024-10-31,39,680,690,142,12,7,2179809.9200000004
World Omni Select Auto Trust 2021-A,2024-10-31,39,690,700,167,16,5,2475207.7999999984
World Omni Select Auto Trust 2021-A,2024-10-31,39,700,710,333,16,4,4786772.81
World Omni Select Auto Trust 2021-A,2024-10-31,39,710,720,329,13,6,4862205.070000004
World Omni Select Auto Trust 2021-A,2024-10-31,39,720,730,574,17,10,8369548.0799999945
World Omni Select Auto Trust 2021-A,2024-10-31,39,730,740,520,17,6,7493956.359999997
World Omni Select Auto Trust 2021-A,2024-10-31,39,740,750,391,11,3,5483886.580000002
World Omni Select Auto Trust 2021-A,2024-10-31,39,750,760,394,6,3,5462758.990000003
World Omni Select Auto Trust 2021-A,2024-10-31,39,760,770,281,6,0,3731224.92
World Omni Select Auto Trust 2021-A,2024-10-31,39,770,780,291,6,4,4168914.1699999995
World Omni Select Auto Trust 2021-A,2024-10-31,39,780,790,287,6,1,3792668.5100000035
World Omni Select Auto Trust 2021-A,2024-10-31,39,790,800,281,4,0,3667651.190000001
World Omni Select Auto Trust 2021-A,2024-10-31,39,800,810,249,4,1,3249837.2899999986
World Omni Select Auto Trust 2021-A,2024-10-31,39,810,820,225,6,3,2955871.810000001
World Omni Select Auto Trust 2021-A,2024-10-31,39,820,830,210,2,1,2690679.500000001
World Omni Select Auto Trust 2021-A,2024-10-31,39,830,840,154,1,0,1968158.14
World Omni Select Auto Trust 2021-A,2024-10-31,39,840,850,143,0,1,1900007.1200000003
World Omni Select Auto Trust 2021-A,2024-10-31,39,850,860,100,2,1,1320337.1300000006
World Omni Select Auto Trust 2021-A,2024-10-31,39,860,870,80,1,0,904092.78
World Omni Select Auto Trust 2021-A,2024-10-31,39,870,880,39,0,1,504640.62999999995
World Omni Select Auto Trust 2021-A,2024-10-31,39,880,890,9,0,0,103600.23
World Omni Select Auto Trust 2021-A,2021-11-30,4,430,440,1,0,1,21007.989999999998
World Omni Select Auto Trust 2021-A,2021-11-30,4,440,450,4,2,0,122778.80999999998
World Omni Select Auto Trust 2021-A,2021-11-30,4,450,460,2,1,0,46220.18
World Omni Select Auto Trust 2021-A,2021-11-30,4,460,470,4,0,0,77475.06000000001
World Omni Select Auto Trust 2021-A,2021-11-30,4,470,480,15,2,1,330460.79
World Omni Select Auto Trust 2021-A,2021-11-30,4,480,490,21,1,1,366326.19
World Omni Select Auto Trust 2021-A,2021-11-30,4,490,500,38,3,1,633351.5900000001
World Omni Select Auto Trust 2021-A,2021-11-30,4,500,510,80,8,2,1855776.7299999997
World Omni Select Auto Trust 2021-A,2021-11-30,4,510,520,84,10,1,1935148.3300000003
World Omni Select Auto Trust 2021-A,2021-11-30,4,520,530,138,9,3,2813658.3599999985
World Omni Select Auto Trust 2021-A,2021-11-30,4,530,540,145,10,1,3055262.199999999
World Omni Select Auto Trust 2021-A,2021-11-30,4,540,550,238,18,11,5582913.840000001
World Omni Select Auto Trust 2021-A,2021-11-30,4,550,560,266,16,6,5975369.579999998
World Omni Select Auto Trust 2021-A,2021-11-30,4,560,570,377,17,11,8378017.899999997
World Omni Select Auto Trust 2021-A,2021-11-30,4,570,580,661,30,12,15608191.279999992
World Omni Select Auto Trust 2021-A,2021-11-30,4,580,590,1656,90,27,43304147.77999996
World Omni Select Auto Trust 2021-A,2021-11-30,4,590,600,2114,87,28,54382129.61000012
World Omni Select Auto Trust 2021-A,2021-11-30,4,600,610,2478,104,38,63990363.82000015
World Omni Select Auto Trust 2021-A,2021-11-30,4,610,620,2521,96,32,65935875.889999926
World Omni Select Auto Trust 2021-A,2021-11-30,4,620,630,3805,125,61,102077919.7500004
World Omni Select Auto Trust 2021-A,2021-11-30,4,630,640,3405,118,41,91950575.29000016
World Omni Select Auto Trust 2021-A,2021-11-30,4,640,650,4261,114,34,115682515.57000034
World Omni Select Auto Trust 2021-A,2021-11-30,4,650,660,428,18,3,10473413.020000001
World Omni Select Auto Trust 2021-A,2021-11-30,4,660,670,550,12,1,13926808.419999994
World Omni Select Auto Trust 2021-A,2021-11-30,4,670,680,510,12,6,13054703.529999997
World Omni Select Auto Trust 2021-A,2021-11-30,4,680,690,452,9,6,11774964.139999995
World Omni Select Auto Trust 2021-A,2021-11-30,4,690,700,426,7,1,10914920.160000004
World Omni Select Auto Trust 2021-A,2021-11-30,4,700,710,810,11,6,22219911.87000001
World Omni Select Auto Trust 2021-A,2021-11-30,4,710,720,721,9,3,19864638.830000013
World Omni Select Auto Trust 2021-A,2021-11-30,4,720,730,1245,4,2,36915153.740000054
World Omni Select Auto Trust 2021-A,2021-11-30,4,730,740,1083,7,4,31264384.200000055
World Omni Select Auto Trust 2021-A,2021-11-30,4,740,750,846,9,0,24890562.089999996
World Omni Select Auto Trust 2021-A,2021-11-30,4,750,760,773,3,1,22289484.31
World Omni Select Auto Trust 2021-A,2021-11-30,4,760,770,631,6,2,17895195.380000014
World Omni Select Auto Trust 2021-A,2021-11-30,4,770,780,609,6,1,18079126.219999995
World Omni Select Auto Trust 2021-A,2021-11-30,4,780,790,584,3,2,16181825.680000024
World Omni Select Auto Trust 2021-A,2021-11-30,4,790,800,514,2,0,13921920.239999998
World Omni Select Auto Trust 2021-A,2021-11-30,4,800,810,496,4,0,13926116.740000004
World Omni Select Auto Trust 2021-A,2021-11-30,4,810,820,428,1,1,11681527.220000008
World Omni Select Auto Trust 2021-A,2021-11-30,4,820,830,402,2,0,10780271.409999985
World Omni Select Auto Trust 2021-A,2021-11-30,4,830,840,310,1,0,8299903.8900000015
World Omni Select Auto Trust 2021-A,2021-11-30,4,840,850,299,2,1,8256750.830000001
World Omni Select Auto Trust 2021-A,2021-11-30,4,850,860,186,4,0,4977413.86
World Omni Select Auto Trust 2021-A,2021-11-30,4,860,870,148,0,0,3828788.3899999997
World Omni Select Auto Trust 2021-A,2021-11-30,4,870,880,87,1,0,2231695.5600000005
World Omni Select Auto Trust 2021-A,2021-11-30,4,880,890,14,0,0,401654.47000000003
World Omni Select Auto Trust 2021-A,2021-11-30,4,890,900,1,0,0,2825.46
World Omni Select Auto Trust 2021-A,2022-11-30,16,440,450,3,1,0,36740.07
World Omni Select Auto Trust 2021-A,2022-11-30,16,450,460,1,0,0,21880.36
World Omni Select Auto Trust 2021-A,2022-11-30,16,460,470,1,1,0,39128.899999999994
World Omni Select Auto Trust 2021-A,2022-11-30,16,470,480,7,1,0,136507.00999999998
World Omni Select Auto Trust 2021-A,2022-11-30,16,480,490,12,2,1,222807.22999999998
World Omni Select Auto Trust 2021-A,2022-11-30,16,490,500,23,1,2,373133.29999999993
World Omni Select Auto Trust 2021-A,2022-11-30,16,500,510,44,8,7,1120169.32
World Omni Select Auto Trust 2021-A,2022-11-30,16,510,520,53,4,4,1169016.97
World Omni Select Auto Trust 2021-A,2022-11-30,16,520,530,77,14,7,1568581.51
World Omni Select Auto Trust 2021-A,2022-11-30,16,530,540,82,13,4,1808486.0299999998
World Omni Select Auto Trust 2021-A,2022-11-30,16,540,550,136,22,11,3079471.7799999993
World Omni Select Auto Trust 2021-A,2022-11-30,16,550,560,142,21,9,3064377.1199999987
World Omni Select Auto Trust 2021-A,2022-11-30,16,560,570,225,23,12,4718064.489999997
World Omni Select Auto Trust 2021-A,2022-11-30,16,570,580,373,41,24,8754204.620000003
World Omni Select Auto Trust 2021-A,2022-11-30,16,580,590,981,111,61,24814859.84999998
World Omni Select Auto Trust 2021-A,2022-11-30,16,590,600,1219,126,40,29699661.799999975
World Omni Select Auto Trust 2021-A,2022-11-30,16,600,610,1495,147,66,36604363.03999998
World Omni Select Auto Trust 2021-A,2022-11-30,16,610,620,1556,131,55,38045400.15000006
World Omni Select Auto Trust 2021-A,2022-11-30,16,620,630,2275,193,84,56818594.19000005
World Omni Select Auto Trust 2021-A,2022-11-30,16,630,640,2043,169,63,52074058.749999896
World Omni Select Auto Trust 2021-A,2022-11-30,16,640,650,2625,154,78,65421323.63000014
World Omni Select Auto Trust 2021-A,2022-11-30,16,650,660,244,14,9,5586804.500000001
World Omni Select Auto Trust 2021-A,2022-11-30,16,660,670,338,23,8,8074587.439999999
World Omni Select Auto Trust 2021-A,2022-11-30,16,670,680,341,16,8,7942125.58
World Omni Select Auto Trust 2021-A,2022-11-30,16,680,690,275,12,4,6353594.190000002
World Omni Select Auto Trust 2021-A,2022-11-30,16,690,700,301,11,6,6907407.699999999
World Omni Select Auto Trust 2021-A,2022-11-30,16,700,710,566,10,9,13330495.300000012
World Omni Select Auto Trust 2021-A,2022-11-30,16,710,720,513,12,6,12207853.470000008
World Omni Select Auto Trust 2021-A,2022-11-30,16,720,730,873,13,6,21662065.21
World Omni Select Auto Trust 2021-A,2022-11-30,16,730,740,809,14,3,19657889.11
World Omni Select Auto Trust 2021-A,2022-11-30,16,740,750,615,7,3,14996963.030000007
World Omni Select Auto Trust 2021-A,2022-11-30,16,750,760,586,6,2,14025014.459999992
World Omni Select Auto Trust 2021-A,2022-11-30,16,760,770,451,5,3,10444712.460000006
World Omni Select Auto Trust 2021-A,2022-11-30,16,770,780,447,8,5,11031077.250000004
World Omni Select Auto Trust 2021-A,2022-11-30,16,780,790,453,5,4,10524853.269999994
World Omni Select Auto Trust 2021-A,2022-11-30,16,790,800,396,3,2,8870171.119999997
World Omni Select Auto Trust 2021-A,2022-11-30,16,800,810,374,3,3,8595730.170000004
World Omni Select Auto Trust 2021-A,2022-11-30,16,810,820,327,3,1,7310665.43
World Omni Select Auto Trust 2021-A,2022-11-30,16,820,830,319,3,0,7038891.919999998
World Omni Select Auto Trust 2021-A,2022-11-30,16,830,840,240,0,0,5326828.980000001
World Omni Select Auto Trust 2021-A,2022-11-30,16,840,850,232,3,0,5466442.710000002
World Omni Select Auto Trust 2021-A,2022-11-30,16,850,860,153,4,1,3432574.5200000005
World Omni Select Auto Trust 2021-A,2022-11-30,16,860,870,114,0,1,2474978.4799999995
World Omni Select Auto Trust 2021-A,2022-11-30,16,870,880,65,0,1,1407183.7199999993
World Omni Select Auto Trust 2021-A,2022-11-30,16,880,890,11,0,0,249263.61
World Omni Select Auto Trust 2021-A,2023-11-30,28,440,450,1,0,1,16635.99
World Omni Select Auto Trust 2021-A,2023-11-30,28,450,460,1,0,0,18529.48
World Omni Select Auto Trust 2021-A,2023-11-30,28,460,470,1,1,0,32407.45
World Omni Select Auto Trust 2021-A,2023-11-30,28,470,480,6,1,0,110499.01000000001
World Omni Select Auto Trust 2021-A,2023-11-30,28,480,490,8,1,0,123946.84000000001
World Omni Select Auto Trust 2021-A,2023-11-30,28,490,500,13,3,1,227508.79000000007
World Omni Select Auto Trust 2021-A,2023-11-30,28,500,510,30,5,5,722867.69
World Omni Select Auto Trust 2021-A,2023-11-30,28,510,520,33,7,3,672086.21
World Omni Select Auto Trust 2021-A,2023-11-30,28,520,530,49,10,5,938585.7699999997
World Omni Select Auto Trust 2021-A,2023-11-30,28,530,540,58,9,4,1174445.04
World Omni Select Auto Trust 2021-A,2023-11-30,28,540,550,99,15,8,2009938.8199999998
World Omni Select Auto Trust 2021-A,2023-11-30,28,550,560,99,15,10,2005061.880000001
World Omni Select Auto Trust 2021-A,2023-11-30,28,560,570,128,21,16,2778123.029999999
World Omni Select Auto Trust 2021-A,2023-11-30,28,570,580,259,36,14,5360276.769999999
World Omni Select Auto Trust 2021-A,2023-11-30,28,580,590,641,87,48,14362717.059999982
World Omni Select Auto Trust 2021-A,2023-11-30,28,590,600,801,114,43,17647631.89000001
World Omni Select Auto Trust 2021-A,2023-11-30,28,600,610,985,121,61,21575432.549999975
World Omni Select Auto Trust 2021-A,2023-11-30,28,610,620,1028,132,53,22787365.889999993
World Omni Select Auto Trust 2021-A,2023-11-30,28,620,630,1584,184,72,35223080.20999993
World Omni Select Auto Trust 2021-A,2023-11-30,28,630,640,1401,143,52,30974785.640000004
World Omni Select Auto Trust 2021-A,2023-11-30,28,640,650,1863,153,60,40108873.18999999
World Omni Select Auto Trust 2021-A,2023-11-30,28,650,660,165,14,6,3313196.5999999996
World Omni Select Auto Trust 2021-A,2023-11-30,28,660,670,233,29,5,4976735.630000002
World Omni Select Auto Trust 2021-A,2023-11-30,28,670,680,246,19,4,4916429.94
World Omni Select Auto Trust 2021-A,2023-11-30,28,680,690,186,16,4,3743258.02
World Omni Select Auto Trust 2021-A,2023-11-30,28,690,700,221,12,5,4274224.560000004
World Omni Select Auto Trust 2021-A,2023-11-30,28,700,710,414,14,3,7886219.869999997
World Omni Select Auto Trust 2021-A,2023-11-30,28,710,720,405,11,6,7937855.299999999
World Omni Select Auto Trust 2021-A,2023-11-30,28,720,730,698,11,2,13581353.969999995
World Omni Select Auto Trust 2021-A,2023-11-30,28,730,740,643,15,6,12403037.719999988
World Omni Select Auto Trust 2021-A,2023-11-30,28,740,750,492,6,2,9447717.610000001
World Omni Select Auto Trust 2021-A,2023-11-30,28,750,760,460,8,5,8847914.11
World Omni Select Auto Trust 2021-A,2023-11-30,28,760,770,352,6,0,6437206.6999999955
World Omni Select Auto Trust 2021-A,2023-11-30,28,770,780,362,4,1,6886580.0799999945
World Omni Select Auto Trust 2021-A,2023-11-30,28,780,790,363,4,1,6656720.8500000015
World Omni Select Auto Trust 2021-A,2023-11-30,28,790,800,317,1,3,5720075.010000004
World Omni Select Auto Trust 2021-A,2023-11-30,28,800,810,286,7,4,5329428.369999998
World Omni Select Auto Trust 2021-A,2023-11-30,28,810,820,268,2,1,4782172.669999999
World Omni Select Auto Trust 2021-A,2023-11-30,28,820,830,257,2,3,4574079.449999996
World Omni Select Auto Trust 2021-A,2023-11-30,28,830,840,195,0,0,3376291.88
World Omni Select Auto Trust 2021-A,2023-11-30,28,840,850,188,2,1,3501748.2400000007
World Omni Select Auto Trust 2021-A,2023-11-30,28,850,860,124,1,1,2210377.49
World Omni Select Auto Trust 2021-A,2023-11-30,28,860,870,96,2,0,1582467.2299999997
World Omni Select Auto Trust 2021-A,2023-11-30,28,870,880,49,1,0,806309.7200000001
World Omni Select Auto Trust 2021-A,2023-11-30,28,880,890,11,0,0,191135.15999999997
World Omni Select Auto Trust 2021-A,2024-11-30,40,450,460,1,0,0,14815.58
World Omni Select Auto Trust 2021-A,2024-11-30,40,460,470,1,0,0,10298.47
World Omni Select Auto Trust 2021-A,2024-11-30,40,470,480,4,0,0,40869.59
World Omni Select Auto Trust 2021-A,2024-11-30,40,480,490,4,1,1,66747.32
World Omni Select Auto Trust 2021-A,2024-11-30,40,490,500,9,3,0,105614.13
World Omni Select Auto Trust 2021-A,2024-11-30,40,500,510,26,1,3,439242.87
World Omni Select Auto Trust 2021-A,2024-11-30,40,510,520,23,4,4,384708.8999999999
World Omni Select Auto Trust 2021-A,2024-11-30,40,520,530,36,7,1,497268.53
World Omni Select Auto Trust 2021-A,2024-11-30,40,530,540,32,7,5,565651.3799999999
World Omni Select Auto Trust 2021-A,2024-11-30,40,540,550,69,15,5,1125920.7
World Omni Select Auto Trust 2021-A,2024-11-30,40,550,560,71,13,6,1143452.7700000003
World Omni Select Auto Trust 2021-A,2024-11-30,40,560,570,93,25,5,1660863.74
World Omni Select Auto Trust 2021-A,2024-11-30,40,570,580,186,41,13,3212366.0999999978
World Omni Select Auto Trust 2021-A,2024-11-30,40,580,590,486,84,32,8492807.589999994
World Omni Select Auto Trust 2021-A,2024-11-30,40,590,600,578,90,32,9811019.890000008
World Omni Select Auto Trust 2021-A,2024-11-30,40,600,610,736,91,47,12265929.05000003
World Omni Select Auto Trust 2021-A,2024-11-30,40,610,620,762,97,48,12879625.930000002
World Omni Select Auto Trust 2021-A,2024-11-30,40,620,630,1234,143,69,20761725.939999964
World Omni Select Auto Trust 2021-A,2024-11-30,40,630,640,1059,122,47,17986820.35
World Omni Select Auto Trust 2021-A,2024-11-30,40,640,650,1405,137,60,22960824.330000006
World Omni Select Auto Trust 2021-A,2024-11-30,40,650,660,126,11,8,1944540.6000000006
World Omni Select Auto Trust 2021-A,2024-11-30,40,660,670,192,17,4,2964484.190000002
World Omni Select Auto Trust 2021-A,2024-11-30,40,670,680,188,13,8,2998624.03
World Omni Select Auto Trust 2021-A,2024-11-30,40,680,690,144,12,3,2110860.4899999998
World Omni Select Auto Trust 2021-A,2024-11-30,40,690,700,162,13,7,2331645.7100000004
World Omni Select Auto Trust 2021-A,2024-11-30,40,700,710,322,20,6,4568745.660000004
World Omni Select Auto Trust 2021-A,2024-11-30,40,710,720,324,12,7,4624846.450000002
World Omni Select Auto Trust 2021-A,2024-11-30,40,720,730,561,21,8,7956576.420000004
World Omni Select Auto Trust 2021-A,2024-11-30,40,730,740,505,19,7,7065030.089999997
World Omni Select Auto Trust 2021-A,2024-11-30,40,740,750,391,7,3,5233128.830000004
World Omni Select Auto Trust 2021-A,2024-11-30,40,750,760,393,3,4,5239164.49
World Omni Select Auto Trust 2021-A,2024-11-30,40,760,770,275,5,1,3538813.5900000003
World Omni Select Auto Trust 2021-A,2024-11-30,40,770,780,283,5,4,3920765.170000001
World Omni Select Auto Trust 2021-A,2024-11-30,40,780,790,285,2,2,3604895.599999998
World Omni Select Auto Trust 2021-A,2024-11-30,40,790,800,272,4,2,3450489.000000002
World Omni Select Auto Trust 2021-A,2024-11-30,40,800,810,238,8,0,3086578.710000002
World Omni Select Auto Trust 2021-A,2024-11-30,40,810,820,223,4,3,2781089.5699999984
World Omni Select Auto Trust 2021-A,2024-11-30,40,820,830,205,3,2,2567421.319999999
World Omni Select Auto Trust 2021-A,2024-11-30,40,830,840,152,0,0,1842487.5799999994
World Omni Select Auto Trust 2021-A,2024-11-30,40,840,850,137,1,1,1780402.9400000009
World Omni Select Auto Trust 2021-A,2024-11-30,40,850,860,98,1,1,1249830.67
World Omni Select Auto Trust 2021-A,2024-11-30,40,860,870,75,2,0,851294.0900000002
World Omni Select Auto Trust 2021-A,2024-11-30,40,870,880,38,0,1,471806.35000000003
World Omni Select Auto Trust 2021-A,2024-11-30,40,880,890,9,0,0,99181.69
World Omni Select Auto Trust 2021-A,2021-12-31,5,430,440,0,1,0,3936.01
World Omni Select Auto Trust 2021-A,2021-12-31,5,440,450,5,1,0,120527.15000000001
World Omni Select Auto Trust 2021-A,2021-12-31,5,450,460,2,0,1,45855.52
World Omni Select Auto Trust 2021-A,2021-12-31,5,460,470,4,0,0,76422.42000000001
World Omni Select Auto Trust 2021-A,2021-12-31,5,470,480,15,1,1,305904.26
World Omni Select Auto Trust 2021-A,2021-12-31,5,480,490,18,2,2,307471.17000000004
World Omni Select Auto Trust 2021-A,2021-12-31,5,490,500,38,2,1,604390.8300000001
World Omni Select Auto Trust 2021-A,2021-12-31,5,500,510,77,6,0,1696600.4299999997
World Omni Select Auto Trust 2021-A,2021-12-31,5,510,520,81,9,3,1856746.9100000006
World Omni Select Auto Trust 2021-A,2021-12-31,5,520,530,126,14,5,2641016.56
World Omni Select Auto Trust 2021-A,2021-12-31,5,530,540,137,9,6,2942425.48
World Omni Select Auto Trust 2021-A,2021-12-31,5,540,550,232,15,12,5317409.949999998
World Omni Select Auto Trust 2021-A,2021-12-31,5,550,560,251,20,6,5662113.539999995
World Omni Select Auto Trust 2021-A,2021-12-31,5,560,570,349,32,11,8066034.519999998
World Omni Select Auto Trust 2021-A,2021-12-31,5,570,580,628,44,11,15071993.809999997
World Omni Select Auto Trust 2021-A,2021-12-31,5,580,590,1590,92,27,41254663.86000002
World Omni Select Auto Trust 2021-A,2021-12-31,5,590,600,2018,110,25,51924174.25999997
World Omni Select Auto Trust 2021-A,2021-12-31,5,600,610,2366,129,42,61159527.98999994
World Omni Select Auto Trust 2021-A,2021-12-31,5,610,620,2400,129,36,63033843.23000005
World Omni Select Auto Trust 2021-A,2021-12-31,5,620,630,3658,142,48,97491673.77999994
World Omni Select Auto Trust 2021-A,2021-12-31,5,630,640,3247,135,48,87632779.47999987
World Omni Select Auto Trust 2021-A,2021-12-31,5,640,650,4082,132,37,110234403.64000006
World Omni Select Auto Trust 2021-A,2021-12-31,5,650,660,421,12,5,9994035.309999991
World Omni Select Auto Trust 2021-A,2021-12-31,5,660,670,521,17,3,13261264.319999997
World Omni Select Auto Trust 2021-A,2021-12-31,5,670,680,498,13,5,12594456.350000007
World Omni Select Auto Trust 2021-A,2021-12-31,5,680,690,435,9,2,11088356.339999998
World Omni Select Auto Trust 2021-A,2021-12-31,5,690,700,415,5,3,10444057.700000003
World Omni Select Auto Trust 2021-A,2021-12-31,5,700,710,775,18,8,21161541.459999997
World Omni Select Auto Trust 2021-A,2021-12-31,5,710,720,691,12,2,19010300.09000003
World Omni Select Auto Trust 2021-A,2021-12-31,5,720,730,1212,8,3,35660695.50999997
World Omni Select Auto Trust 2021-A,2021-12-31,5,730,740,1058,9,3,30154977.979999986
World Omni Select Auto Trust 2021-A,2021-12-31,5,740,750,822,2,2,23663983.579999946
World Omni Select Auto Trust 2021-A,2021-12-31,5,750,760,749,6,1,21323241.81
World Omni Select Auto Trust 2021-A,2021-12-31,5,760,770,610,1,3,16874762.410000008
World Omni Select Auto Trust 2021-A,2021-12-31,5,770,780,596,4,1,17379901.240000006
World Omni Select Auto Trust 2021-A,2021-12-31,5,780,790,564,5,3,15572674.419999981
World Omni Select Auto Trust 2021-A,2021-12-31,5,790,800,497,4,0,13231045.69999999
World Omni Select Auto Trust 2021-A,2021-12-31,5,800,810,481,3,0,13258263.17
World Omni Select Auto Trust 2021-A,2021-12-31,5,810,820,419,2,0,11249842.420000006
World Omni Select Auto Trust 2021-A,2021-12-31,5,820,830,392,2,0,10418460.94
World Omni Select Auto Trust 2021-A,2021-12-31,5,830,840,306,1,0,8068799.05
World Omni Select Auto Trust 2021-A,2021-12-31,5,840,850,296,3,0,8013755.98
World Omni Select Auto Trust 2021-A,2021-12-31,5,850,860,182,2,1,4747339.529999997
World Omni Select Auto Trust 2021-A,2021-12-31,5,860,870,146,0,0,3698734.299999999
World Omni Select Auto Trust 2021-A,2021-12-31,5,870,880,87,1,0,2196737.35
World Omni Select Auto Trust 2021-A,2021-12-31,5,880,890,13,0,0,366098.19000000006
World Omni Select Auto Trust 2021-A,2021-12-31,5,890,900,1,0,0,2514.39
World Omni Select Auto Trust 2021-A,2022-12-31,17,440,450,3,1,0,35570.28
World Omni Select Auto Trust 2021-A,2022-12-31,17,450,460,1,0,0,21492.35
World Omni Select Auto Trust 2021-A,2022-12-31,17,460,470,1,1,0,38609.16
World Omni Select Auto Trust 2021-A,2022-12-31,17,470,480,7,1,0,134456.89
World Omni Select Auto Trust 2021-A,2022-12-31,17,480,490,11,4,0,218364.27999999997
World Omni Select Auto Trust 2021-A,2022-12-31,17,490,500,23,1,1,357617.99000000005
World Omni Select Auto Trust 2021-A,2022-12-31,17,500,510,40,9,7,1068575.94
World Omni Select Auto Trust 2021-A,2022-12-31,17,510,520,51,5,3,1131634.4800000002
World Omni Select Auto Trust 2021-A,2022-12-31,17,520,530,69,15,12,1525317.2200000004
World Omni Select Auto Trust 2021-A,2022-12-31,17,530,540,69,19,5,1662587.89
World Omni Select Auto Trust 2021-A,2022-12-31,17,540,550,133,25,8,3030322.500000001
World Omni Select Auto Trust 2021-A,2022-12-31,17,550,560,134,21,8,2911941.9000000022
World Omni Select Auto Trust 2021-A,2022-12-31,17,560,570,215,26,8,4503991.89
World Omni Select Auto Trust 2021-A,2022-12-31,17,570,580,360,50,18,8414472.37
World Omni Select Auto Trust 2021-A,2022-12-31,17,580,590,931,134,46,23661595.579999994
World Omni Select Auto Trust 2021-A,2022-12-31,17,590,600,1183,123,33,28243447.610000018
World Omni Select Auto Trust 2021-A,2022-12-31,17,600,610,1422,159,68,35019635.0
World Omni Select Auto Trust 2021-A,2022-12-31,17,610,620,1500,135,61,36725473.610000044
World Omni Select Auto Trust 2021-A,2022-12-31,17,620,630,2187,205,83,54721933.70999994
World Omni Select Auto Trust 2021-A,2022-12-31,17,630,640,1964,172,69,50100747.88999999
World Omni Select Auto Trust 2021-A,2022-12-31,17,640,650,2535,187,60,63084065.75999999
World Omni Select Auto Trust 2021-A,2022-12-31,17,650,660,226,22,8,5322013.3
World Omni Select Auto Trust 2021-A,2022-12-31,17,660,670,315,30,10,7778163.369999998
World Omni Select Auto Trust 2021-A,2022-12-31,17,670,680,326,23,9,7721480.5
World Omni Select Auto Trust 2021-A,2022-12-31,17,680,690,269,8,3,6053074.249999994
World Omni Select Auto Trust 2021-A,2022-12-31,17,690,700,286,12,7,6545402.539999996
World Omni Select Auto Trust 2021-A,2022-12-31,17,700,710,541,16,7,12674104.960000006
World Omni Select Auto Trust 2021-A,2022-12-31,17,710,720,502,13,2,11755111.079999993
World Omni Select Auto Trust 2021-A,2022-12-31,17,720,730,855,14,5,20903785.10999996
World Omni Select Auto Trust 2021-A,2022-12-31,17,730,740,796,12,6,19009876.919999976
World Omni Select Auto Trust 2021-A,2022-12-31,17,740,750,600,6,2,14322036.08999999
World Omni Select Auto Trust 2021-A,2022-12-31,17,750,760,569,13,0,13483933.640000006
World Omni Select Auto Trust 2021-A,2022-12-31,17,760,770,439,6,4,10041895.120000005
World Omni Select Auto Trust 2021-A,2022-12-31,17,770,780,443,3,7,10675567.810000004
World Omni Select Auto Trust 2021-A,2022-12-31,17,780,790,443,7,2,10086307.289999997
World Omni Select Auto Trust 2021-A,2022-12-31,17,790,800,389,5,2,8618323.029999996
World Omni Select Auto Trust 2021-A,2022-12-31,17,800,810,362,6,1,8245521.110000007
World Omni Select Auto Trust 2021-A,2022-12-31,17,810,820,316,3,1,6956428.760000005
World Omni Select Auto Trust 2021-A,2022-12-31,17,820,830,309,8,0,6813634.9
World Omni Select Auto Trust 2021-A,2022-12-31,17,830,840,239,1,0,5228692.960000002
World Omni Select Auto Trust 2021-A,2022-12-31,17,840,850,226,3,1,5303276.719999996
World Omni Select Auto Trust 2021-A,2022-12-31,17,850,860,150,3,1,3314750.3300000005
World Omni Select Auto Trust 2021-A,2022-12-31,17,860,870,111,1,1,2399263.6799999992
World Omni Select Auto Trust 2021-A,2022-12-31,17,870,880,62,1,0,1322326.2300000004
World Omni Select Auto Trust 2021-A,2022-12-31,17,880,890,11,0,0,245250.53999999998
World Omni Select Auto Trust 2021-A,2023-12-31,29,440,450,2,0,0,15423.509999999998
World Omni Select Auto Trust 2021-A,2023-12-31,29,450,460,1,0,0,18529.48
World Omni Select Auto Trust 2021-A,2023-12-31,29,460,470,1,0,1,32044.739999999998
World Omni Select Auto Trust 2021-A,2023-12-31,29,470,480,5,2,0,108596.20999999999
World Omni Select Auto Trust 2021-A,2023-12-31,29,480,490,6,3,0,122259.90000000001
World Omni Select Auto Trust 2021-A,2023-12-31,29,490,500,11,5,0,205619.29000000004
World Omni Select Auto Trust 2021-A,2023-12-31,29,500,510,30,6,2,681260.1199999998
World Omni Select Auto Trust 2021-A,2023-12-31,29,510,520,30,5,6,636754.6500000001
World Omni Select Auto Trust 2021-A,2023-12-31,29,520,530,45,12,5,894073.1499999999
World Omni Select Auto Trust 2021-A,2023-12-31,29,530,540,57,9,2,1108868.54
World Omni Select Auto Trust 2021-A,2023-12-31,29,540,550,95,16,7,1889950.1899999995
World Omni Select Auto Trust 2021-A,2023-12-31,29,550,560,97,21,4,1938523.6300000006
World Omni Select Auto Trust 2021-A,2023-12-31,29,560,570,122,31,9,2701319.9300000006
World Omni Select Auto Trust 2021-A,2023-12-31,29,570,580,248,46,11,5187064.879999999
World Omni Select Auto Trust 2021-A,2023-12-31,29,580,590,601,117,40,13828310.810000002
World Omni Select Auto Trust 2021-A,2023-12-31,29,590,600,754,129,49,16886294.52000001
World Omni Select Auto Trust 2021-A,2023-12-31,29,600,610,953,131,60,20801036.669999998
World Omni Select Auto Trust 2021-A,2023-12-31,29,610,620,1005,124,61,21951700.209999934
World Omni Select Auto Trust 2021-A,2023-12-31,29,620,630,1533,196,83,34059015.03999997
World Omni Select Auto Trust 2021-A,2023-12-31,29,630,640,1358,143,62,29686747.700000014
World Omni Select Auto Trust 2021-A,2023-12-31,29,640,650,1800,175,68,38635755.6800001
World Omni Select Auto Trust 2021-A,2023-12-31,29,650,660,164,17,3,3225681.680000001
World Omni Select Auto Trust 2021-A,2023-12-31,29,660,670,229,26,9,4818656.059999999
World Omni Select Auto Trust 2021-A,2023-12-31,29,670,680,237,19,8,4761603.869999998
World Omni Select Auto Trust 2021-A,2023-12-31,29,680,690,178,15,8,3579115.899999999
World Omni Select Auto Trust 2021-A,2023-12-31,29,690,700,214,12,7,4075352.4400000013
World Omni Select Auto Trust 2021-A,2023-12-31,29,700,710,399,22,2,7560847.439999994
World Omni Select Auto Trust 2021-A,2023-12-31,29,710,720,399,10,8,7678691.739999997
World Omni Select Auto Trust 2021-A,2023-12-31,29,720,730,687,12,3,13110557.230000006
World Omni Select Auto Trust 2021-A,2023-12-31,29,730,740,633,16,7,11983921.93
World Omni Select Auto Trust 2021-A,2023-12-31,29,740,750,481,9,2,9067113.79
World Omni Select Auto Trust 2021-A,2023-12-31,29,750,760,452,7,7,8495200.64
World Omni Select Auto Trust 2021-A,2023-12-31,29,760,770,343,5,3,6168654.930000005
World Omni Select Auto Trust 2021-A,2023-12-31,29,770,780,351,6,3,6567293.680000001
World Omni Select Auto Trust 2021-A,2023-12-31,29,780,790,355,6,2,6396911.780000006
World Omni Select Auto Trust 2021-A,2023-12-31,29,790,800,315,6,0,5578235.820000002
World Omni Select Auto Trust 2021-A,2023-12-31,29,800,810,286,8,0,5181639.030000005
World Omni Select Auto Trust 2021-A,2023-12-31,29,810,820,262,2,4,4605495.540000001
World Omni Select Auto Trust 2021-A,2023-12-31,29,820,830,253,2,0,4313947.94
World Omni Select Auto Trust 2021-A,2023-12-31,29,830,840,185,1,0,3174891.56
World Omni Select Auto Trust 2021-A,2023-12-31,29,840,850,182,3,2,3342637.7800000003
World Omni Select Auto Trust 2021-A,2023-12-31,29,850,860,122,1,1,2125328.02
World Omni Select Auto Trust 2021-A,2023-12-31,29,860,870,96,1,0,1539468.0699999998
World Omni Select Auto Trust 2021-A,2023-12-31,29,870,880,49,1,0,784628.0999999999
World Omni Select Auto Trust 2021-A,2023-12-31,29,880,890,11,0,0,186997.63999999998
World Omni Select Auto Trust 2021-A,2024-12-31,41,450,460,1,0,0,14462.21
World Omni Select Auto Trust 2021-A,2024-12-31,41,460,470,1,0,0,9893.6
World Omni Select Auto Trust 2021-A,2024-12-31,41,470,480,4,0,0,39372.950000000004
World Omni Select Auto Trust 2021-A,2024-12-31,41,480,490,4,1,1,65681.27
World Omni Select Auto Trust 2021-A,2024-12-31,41,490,500,10,1,0,98190.59
World Omni Select Auto Trust 2021-A,2024-12-31,41,500,510,26,1,1,384672.2800000001
World Omni Select Auto Trust 2021-A,2024-12-31,41,510,520,25,3,2,359947.6999999999
World Omni Select Auto Trust 2021-A,2024-12-31,41,520,530,33,9,1,471733.32999999996
World Omni Select Auto Trust 2021-A,2024-12-31,41,530,540,30,7,5,526136.9600000001
World Omni Select Auto Trust 2021-A,2024-12-31,41,540,550,68,12,8,1090177.6200000003
World Omni Select Auto Trust 2021-A,2024-12-31,41,550,560,63,18,7,1085417.6500000004
World Omni Select Auto Trust 2021-A,2024-12-31,41,560,570,86,22,11,1580554.5899999999
World Omni Select Auto Trust 2021-A,2024-12-31,41,570,580,182,39,13,3046626.1200000006
World Omni Select Auto Trust 2021-A,2024-12-31,41,580,590,459,97,29,8008362.310000002
World Omni Select Auto Trust 2021-A,2024-12-31,41,590,600,544,95,40,9320666.700000001
World Omni Select Auto Trust 2021-A,2024-12-31,41,600,610,703,105,46,11684753.99
World Omni Select Auto Trust 2021-A,2024-12-31,41,610,620,726,123,34,12144157.299999991
World Omni Select Auto Trust 2021-A,2024-12-31,41,620,630,1175,163,70,19677004.22999998
World Omni Select Auto Trust 2021-A,2024-12-31,41,630,640,1015,135,43,17009109.02000001
World Omni Select Auto Trust 2021-A,2024-12-31,41,640,650,1364,148,49,21756358.37999999
World Omni Select Auto Trust 2021-A,2024-12-31,41,650,660,125,13,6,1885017.200000001
World Omni Select Auto Trust 2021-A,2024-12-31,41,660,670,187,18,3,2811139.850000001
World Omni Select Auto Trust 2021-A,2024-12-31,41,670,680,179,19,5,2801042.1999999993
World Omni Select Auto Trust 2021-A,2024-12-31,41,680,690,135,17,2,1997754.6000000003
World Omni Select Auto Trust 2021-A,2024-12-31,41,690,700,160,10,9,2211961.63
World Omni Select Auto Trust 2021-A,2024-12-31,41,700,710,316,19,7,4357407.079999997
World Omni Select Auto Trust 2021-A,2024-12-31,41,710,720,313,14,6,4363071.670000002
World Omni Select Auto Trust 2021-A,2024-12-31,41,720,730,549,20,7,7457776.949999999
World Omni Select Auto Trust 2021-A,2024-12-31,41,730,740,495,14,8,6666095.969999998
World Omni Select Auto Trust 2021-A,2024-12-31,41,740,750,381,8,5,4980164.6
World Omni Select Auto Trust 2021-A,2024-12-31,41,750,760,375,11,3,4920652.060000002
World Omni Select Auto Trust 2021-A,2024-12-31,41,760,770,270,4,2,3382697.9099999988
World Omni Select Auto Trust 2021-A,2024-12-31,41,770,780,282,2,6,3738168.330000001
World Omni Select Auto Trust 2021-A,2024-12-31,41,780,790,278,5,1,3428078.6599999997
World Omni Select Auto Trust 2021-A,2024-12-31,41,790,800,266,2,4,3242984.3199999994
World Omni Select Auto Trust 2021-A,2024-12-31,41,800,810,230,5,3,2881166.9999999986
World Omni Select Auto Trust 2021-A,2024-12-31,41,810,820,223,4,1,2665387.359999999
World Omni Select Auto Trust 2021-A,2024-12-31,41,820,830,201,3,1,2404136.2699999986
World Omni Select Auto Trust 2021-A,2024-12-31,41,830,840,146,3,0,1734153.2600000005
World Omni Select Auto Trust 2021-A,2024-12-31,41,840,850,137,0,1,1692483.6099999999
World Omni Select Auto Trust 2021-A,2024-12-31,41,850,860,95,2,0,1160781.8099999998
World Omni Select Auto Trust 2021-A,2024-12-31,41,860,870,75,0,1,803119.3300000001
World Omni Select Auto Trust 2021-A,2024-12-31,41,870,880,38,1,0,452950.3500000001
World Omni Select Auto Trust 2021-A,2024-12-31,41,880,890,9,0,0,94560.53
World Omni Select Auto Trust 2023-A,2023-01-31,0,410,420,1,0,0,14028.92
World Omni Select Auto Trust 2023-A,2023-01-31,0,430,440,1,0,0,788.35
World Omni Select Auto Trust 2023-A,2023-01-31,0,440,450,2,0,0,14531.529999999999
World Omni Select Auto Trust 2023-A,2023-01-31,0,450,460,8,1,0,135655.88
World Omni Select Auto Trust 2023-A,2023-01-31,0,460,470,10,0,0,157480.56
World Omni Select Auto Trust 2023-A,2023-01-31,0,470,480,12,1,0,202955.25
World Omni Select Auto Trust 2023-A,2023-01-31,0,480,490,9,0,0,161287.7
World Omni Select Auto Trust 2023-A,2023-01-31,0,490,500,28,2,0,364592.63000000006
World Omni Select Auto Trust 2023-A,2023-01-31,0,500,510,57,2,0,973390.22
World Omni Select Auto Trust 2023-A,2023-01-31,0,510,520,74,2,0,1392881.25
World Omni Select Auto Trust 2023-A,2023-01-31,0,520,530,106,4,0,1781278.2499999998
World Omni Select Auto Trust 2023-A,2023-01-31,0,530,540,153,8,1,2442679.540000001
World Omni Select Auto Trust 2023-A,2023-01-31,0,540,550,228,11,1,3955781.1600000006
World Omni Select Auto Trust 2023-A,2023-01-31,0,550,560,275,15,0,4535006.9099999955
World Omni Select Auto Trust 2023-A,2023-01-31,0,560,570,331,14,2,5634967.340000004
World Omni Select Auto Trust 2023-A,2023-01-31,0,570,580,573,19,3,10620207.360000005
World Omni Select Auto Trust 2023-A,2023-01-31,0,580,590,1403,52,1,29903601.039999973
World Omni Select Auto Trust 2023-A,2023-01-31,0,590,600,1766,68,4,38669320.020000055
World Omni Select Auto Trust 2023-A,2023-01-31,0,600,610,2146,74,8,46818773.79000007
World Omni Select Auto Trust 2023-A,2023-01-31,0,610,620,2369,72,9,53271884.83
World Omni Select Auto Trust 2023-A,2023-01-31,0,620,630,4000,86,10,96927443.92000018
World Omni Select Auto Trust 2023-A,2023-01-31,0,630,640,3729,83,8,91698638.68000008
World Omni Select Auto Trust 2023-A,2023-01-31,0,640,650,5289,100,3,139484606.64999953
World Omni Select Auto Trust 2023-A,2023-01-31,0,650,660,476,9,0,11453372.050000008
World Omni Select Auto Trust 2023-A,2023-01-31,0,660,670,579,12,2,15126651.870000001
World Omni Select Auto Trust 2023-A,2023-01-31,0,670,680,615,6,0,15113555.100000001
World Omni Select Auto Trust 2023-A,2023-01-31,0,680,690,632,8,0,16672958.499999978
World Omni Select Auto Trust 2023-A,2023-01-31,0,690,700,660,9,1,18042343.829999987
World Omni Select Auto Trust 2023-A,2023-01-31,0,700,710,1082,12,2,30804253.930000048
World Omni Select Auto Trust 2023-A,2023-01-31,0,710,720,945,7,0,28162311.660000004
World Omni Select Auto Trust 2023-A,2023-01-31,0,720,730,1201,10,1,36511903.95999994
World Omni Select Auto Trust 2023-A,2023-01-31,0,730,740,1087,11,0,32212445.900000002
World Omni Select Auto Trust 2023-A,2023-01-31,0,740,750,881,6,0,26283740.200000007
World Omni Select Auto Trust 2023-A,2023-01-31,0,750,760,841,9,0,25428378.55000002
World Omni Select Auto Trust 2023-A,2023-01-31,0,760,770,694,2,0,21040008.730000004
World Omni Select Auto Trust 2023-A,2023-01-31,0,770,780,717,2,0,21808644.459999993
World Omni Select Auto Trust 2023-A,2023-01-31,0,780,790,619,3,0,18863742.57000001
World Omni Select Auto Trust 2023-A,2023-01-31,0,790,800,492,0,0,13906423.52999999
World Omni Select Auto Trust 2023-A,2023-01-31,0,800,810,558,2,0,16577125.630000008
World Omni Select Auto Trust 2023-A,2023-01-31,0,810,820,422,4,1,11994247.530000003
World Omni Select Auto Trust 2023-A,2023-01-31,0,820,830,430,4,0,12672383.43
World Omni Select Auto Trust 2023-A,2023-01-31,0,830,840,389,2,0,10921285.529999986
World Omni Select Auto Trust 2023-A,2023-01-31,0,840,850,249,2,1,6725106.670000002
World Omni Select Auto Trust 2023-A,2023-01-31,0,850,860,240,0,0,6858999.8699999945
World Omni Select Auto Trust 2023-A,2023-01-31,0,860,870,183,0,0,5134545.530000002
World Omni Select Auto Trust 2023-A,2023-01-31,0,870,880,74,1,0,2059086.5199999993
World Omni Select Auto Trust 2023-A,2023-01-31,0,880,890,12,0,0,343607.64999999997
World Omni Select Auto Trust 2023-A,2024-01-31,12,440,450,1,0,0,9202.99
World Omni Select Auto Trust 2023-A,2024-01-31,12,450,460,4,3,0,97818.09000000001
World Omni Select Auto Trust 2023-A,2024-01-31,12,460,470,5,1,0,81298.6
World Omni Select Auto Trust 2023-A,2024-01-31,12,470,480,5,1,1,106414.16
World Omni Select Auto Trust 2023-A,2024-01-31,12,480,490,7,0,0,94640.33999999998
World Omni Select Auto Trust 2023-A,2024-01-31,12,490,500,11,2,0,179173.75
World Omni Select Auto Trust 2023-A,2024-01-31,12,500,510,34,3,0,660765.3
World Omni Select Auto Trust 2023-A,2024-01-31,12,510,520,36,7,6,777529.5399999999
World Omni Select Auto Trust 2023-A,2024-01-31,12,520,530,58,10,2,1059450.5999999999
World Omni Select Auto Trust 2023-A,2024-01-31,12,530,540,72,9,8,1319482.94
World Omni Select Auto Trust 2023-A,2024-01-31,12,540,550,127,21,3,2184178.0199999996
World Omni Select Auto Trust 2023-A,2024-01-31,12,550,560,151,21,7,2352306.439999999
World Omni Select Auto Trust 2023-A,2024-01-31,12,560,570,165,26,9,2973015.6999999997
World Omni Select Auto Trust 2023-A,2024-01-31,12,570,580,314,48,12,6169863.589999996
World Omni Select Auto Trust 2023-A,2024-01-31,12,580,590,831,97,30,17960142.240000032
World Omni Select Auto Trust 2023-A,2024-01-31,12,590,600,1069,130,39,23344916.21
World Omni Select Auto Trust 2023-A,2024-01-31,12,600,610,1336,137,37,28829306.609999992
World Omni Select Auto Trust 2023-A,2024-01-31,12,610,620,1422,151,57,32350120.110000007
World Omni Select Auto Trust 2023-A,2024-01-31,12,620,630,2414,229,93,59209445.29999996
World Omni Select Auto Trust 2023-A,2024-01-31,12,630,640,2354,196,74,57467959.249999925
World Omni Select Auto Trust 2023-A,2024-01-31,12,640,650,3506,233,76,89156076.89999986
World Omni Select Auto Trust 2023-A,2024-01-31,12,650,660,283,23,10,6911695.579999998
World Omni Select Auto Trust 2023-A,2024-01-31,12,660,670,373,22,18,9948907.149999999
World Omni Select Auto Trust 2023-A,2024-01-31,12,670,680,386,21,12,9521285.060000002
World Omni Select Auto Trust 2023-A,2024-01-31,12,680,690,425,24,6,11047085.39
World Omni Select Auto Trust 2023-A,2024-01-31,12,690,700,469,25,5,12302631.45
World Omni Select Auto Trust 2023-A,2024-01-31,12,700,710,712,32,12,20450812.20999999
World Omni Select Auto Trust 2023-A,2024-01-31,12,710,720,699,17,10,19875886.700000003
World Omni Select Auto Trust 2023-A,2024-01-31,12,720,730,878,25,9,25248951.280000005
World Omni Select Auto Trust 2023-A,2024-01-31,12,730,740,816,13,4,22759038.02999999
World Omni Select Auto Trust 2023-A,2024-01-31,12,740,750,665,19,6,18616317.549999986
World Omni Select Auto Trust 2023-A,2024-01-31,12,750,760,627,17,4,17755123.689999998
World Omni Select Auto Trust 2023-A,2024-01-31,12,760,770,531,6,0,14813254.679999994
World Omni Select Auto Trust 2023-A,2024-01-31,12,770,780,535,11,3,15007562.679999994
World Omni Select Auto Trust 2023-A,2024-01-31,12,780,790,471,8,1,13248205.79
World Omni Select Auto Trust 2023-A,2024-01-31,12,790,800,346,2,0,9176381.870000001
World Omni Select Auto Trust 2023-A,2024-01-31,12,800,810,385,5,2,10872682.33
World Omni Select Auto Trust 2023-A,2024-01-31,12,810,820,313,9,2,7817975.27
World Omni Select Auto Trust 2023-A,2024-01-31,12,820,830,319,6,0,8799517.560000002
World Omni Select Auto Trust 2023-A,2024-01-31,12,830,840,284,4,1,7172376.020000001
World Omni Select Auto Trust 2023-A,2024-01-31,12,840,850,182,5,0,4538310.579999999
World Omni Select Auto Trust 2023-A,2024-01-31,12,850,860,181,3,0,4958273.080000002
World Omni Select Auto Trust 2023-A,2024-01-31,12,860,870,138,2,1,3571218.269999999
World Omni Select Auto Trust 2023-A,2024-01-31,12,870,880,53,1,0,1429772.3900000004
World Omni Select Auto Trust 2023-A,2024-01-31,12,880,890,10,0,0,225265.73
World Omni Select Auto Trust 2023-A,2025-01-31,24,450,460,4,1,0,65874.68
World Omni Select Auto Trust 2023-A,2025-01-31,24,460,470,3,0,0,42678.42999999999
World Omni Select Auto Trust 2023-A,2025-01-31,24,470,480,4,0,0,40480.36
World Omni Select Auto Trust 2023-A,2025-01-31,24,480,490,4,0,0,58347.34
World Omni Select Auto Trust 2023-A,2025-01-31,24,490,500,6,0,0,100191.39
World Omni Select Auto Trust 2023-A,2025-01-31,24,500,510,23,4,0,431755.46
World Omni Select Auto Trust 2023-A,2025-01-31,24,510,520,21,1,5,482961.82
World Omni Select Auto Trust 2023-A,2025-01-31,24,520,530,30,5,0,507494.30999999994
World Omni Select Auto Trust 2023-A,2025-01-31,24,530,540,35,4,3,702143.64
World Omni Select Auto Trust 2023-A,2025-01-31,24,540,550,59,11,6,1270440.4
World Omni Select Auto Trust 2023-A,2025-01-31,24,550,560,53,10,3,1117073.1000000003
World Omni Select Auto Trust 2023-A,2025-01-31,24,560,570,77,11,3,1602944.3700000008
World Omni Select Auto Trust 2023-A,2025-01-31,24,570,580,165,29,10,3496066.0200000005
World Omni Select Auto Trust 2023-A,2025-01-31,24,580,590,425,66,33,9697191.710000014
World Omni Select Auto Trust 2023-A,2025-01-31,24,590,600,559,92,26,13010868.730000006
World Omni Select Auto Trust 2023-A,2025-01-31,24,600,610,730,86,29,15771573.96
World Omni Select Auto Trust 2023-A,2025-01-31,24,610,620,800,115,40,18583066.83000002
World Omni Select Auto Trust 2023-A,2025-01-31,24,620,630,1401,191,76,34615399.22000002
World Omni Select Auto Trust 2023-A,2025-01-31,24,630,640,1366,143,60,32543596.88999999
World Omni Select Auto Trust 2023-A,2025-01-31,24,640,650,2156,211,73,52084732.95999996
World Omni Select Auto Trust 2023-A,2025-01-31,24,650,660,153,23,8,4104244.68
World Omni Select Auto Trust 2023-A,2025-01-31,24,660,670,237,20,12,5806320.909999998
World Omni Select Auto Trust 2023-A,2025-01-31,24,670,680,225,15,10,5337866.260000004
World Omni Select Auto Trust 2023-A,2025-01-31,24,680,690,291,18,5,7033860.440000003
World Omni Select Auto Trust 2023-A,2025-01-31,24,690,700,305,24,9,7916239.65
World Omni Select Auto Trust 2023-A,2025-01-31,24,700,710,466,25,12,12471285.799999997
World Omni Select Auto Trust 2023-A,2025-01-31,24,710,720,486,15,7,12768970.329999998
World Omni Select Auto Trust 2023-A,2025-01-31,24,720,730,632,26,4,16507796.479999982
World Omni Select Auto Trust 2023-A,2025-01-31,24,730,740,576,14,13,14522500.14
World Omni Select Auto Trust 2023-A,2025-01-31,24,740,750,479,15,5,12017628.280000007
World Omni Select Auto Trust 2023-A,2025-01-31,24,750,760,437,11,8,11453895.829999993
World Omni Select Auto Trust 2023-A,2025-01-31,24,760,770,381,10,3,9650094.269999994
World Omni Select Auto Trust 2023-A,2025-01-31,24,770,780,391,9,1,10104838.340000004
World Omni Select Auto Trust 2023-A,2025-01-31,24,780,790,332,8,2,8375630.070000001
World Omni Select Auto Trust 2023-A,2025-01-31,24,790,800,263,3,1,6195638.180000005
World Omni Select Auto Trust 2023-A,2025-01-31,24,800,810,289,3,0,6975893.899999998
World Omni Select Auto Trust 2023-A,2025-01-31,24,810,820,214,4,1,4921423.11
World Omni Select Auto Trust 2023-A,2025-01-31,24,820,830,236,4,1,5651874.53
World Omni Select Auto Trust 2023-A,2025-01-31,24,830,840,190,1,0,4456007.549999997
World Omni Select Auto Trust 2023-A,2025-01-31,24,840,850,123,0,0,2587633.2799999993
World Omni Select Auto Trust 2023-A,2025-01-31,24,850,860,144,4,0,3336694.7899999996
World Omni Select Auto Trust 2023-A,2025-01-31,24,860,870,108,0,0,2442226.63
World Omni Select Auto Trust 2023-A,2025-01-31,24,870,880,45,0,0,1014644.5
World Omni Select Auto Trust 2023-A,2025-01-31,24,880,890,9,0,0,176592.43
World Omni Select Auto Trust 2023-A,2026-01-31,36,450,460,0,0,3,40622.96
World Omni Select Auto Trust 2023-A,2026-01-31,36,460,470,1,0,0,11530.62
World Omni Select Auto Trust 2023-A,2026-01-31,36,470,480,1,0,0,1065.31
World Omni Select Auto Trust 2023-A,2026-01-31,36,480,490,1,0,0,7305.96
World Omni Select Auto Trust 2023-A,2026-01-31,36,490,500,3,0,0,12667.19
World Omni Select Auto Trust 2023-A,2026-01-31,36,500,510,13,5,0,223980.83
World Omni Select Auto Trust 2023-A,2026-01-31,36,510,520,13,3,1,247619.01
World Omni Select Auto Trust 2023-A,2026-01-31,36,520,530,18,2,1,243825.34
World Omni Select Auto Trust 2023-A,2026-01-31,36,530,540,21,3,1,328044.32
World Omni Select Auto Trust 2023-A,2026-01-31,36,540,550,39,12,0,669203.8199999996
World Omni Select Auto Trust 2023-A,2026-01-31,36,550,560,33,9,3,614132.32
World Omni Select Auto Trust 2023-A,2026-01-31,36,560,570,59,6,0,887491.0
World Omni Select Auto Trust 2023-A,2026-01-31,36,570,580,96,22,8,1694275.1699999997
World Omni Select Auto Trust 2023-A,2026-01-31,36,580,590,269,52,26,5132818.939999995
World Omni Select Auto Trust 2023-A,2026-01-31,36,590,600,359,65,28,6914908.999999995
World Omni Select Auto Trust 2023-A,2026-01-31,36,600,610,436,92,30,8289386.54
World Omni Select Auto Trust 2023-A,2026-01-31,36,610,620,536,81,38,9835808.779999986
World Omni Select Auto Trust 2023-A,2026-01-31,36,620,630,961,158,52,19006706.75000002
World Omni Select Auto Trust 2023-A,2026-01-31,36,630,640,921,124,38,17506219.72
World Omni Select Auto Trust 2023-A,2026-01-31,36,640,650,1555,186,61,29396426.81999995
World Omni Select Auto Trust 2023-A,2026-01-31,36,650,660,109,14,6,2206410.610000001
World Omni Select Auto Trust 2023-A,2026-01-31,36,660,670,161,20,7,3064046.4699999997
World Omni Select Auto Trust 2023-A,2026-01-31,36,670,680,171,12,8,3075044.2700000023
World Omni Select Auto Trust 2023-A,2026-01-31,36,680,690,211,19,2,3918982.699999999
World Omni Select Auto Trust 2023-A,2026-01-31,36,690,700,229,13,8,4412861.140000003
World Omni Select Auto Trust 2023-A,2026-01-31,36,700,710,334,14,10,6869884.340000003
World Omni Select Auto Trust 2023-A,2026-01-31,36,710,720,345,19,8,7092844.190000006
World Omni Select Auto Trust 2023-A,2026-01-31,36,720,730,476,25,3,9768445.790000008
World Omni Select Auto Trust 2023-A,2026-01-31,36,730,740,423,18,5,8311501.400000002
World Omni Select Auto Trust 2023-A,2026-01-31,36,740,750,356,14,3,6958957.289999996
World Omni Select Auto Trust 2023-A,2026-01-31,36,750,760,337,10,3,6880964.329999997
World Omni Select Auto Trust 2023-A,2026-01-31,36,760,770,283,6,3,5435843.330000001
World Omni Select Auto Trust 2023-A,2026-01-31,36,770,780,291,7,5,5871162.459999999
World Omni Select Auto Trust 2023-A,2026-01-31,36,780,790,250,2,3,4783828.62
World Omni Select Auto Trust 2023-A,2026-01-31,36,790,800,208,3,0,3648120.839999998
World Omni Select Auto Trust 2023-A,2026-01-31,36,800,810,224,2,1,4160377.3900000006
World Omni Select Auto Trust 2023-A,2026-01-31,36,810,820,166,4,1,3003159.1900000004
World Omni Select Auto Trust 2023-A,2026-01-31,36,820,830,184,5,2,3357874.4099999997
World Omni Select Auto Trust 2023-A,2026-01-31,36,830,840,151,1,2,2735250.1700000013
World Omni Select Auto Trust 2023-A,2026-01-31,36,840,850,90,1,0,1467614.6200000003
World Omni Select Auto Trust 2023-A,2026-01-31,36,850,860,115,3,1,2066838.4400000013
World Omni Select Auto Trust 2023-A,2026-01-31,36,860,870,82,0,0,1446858.27
World Omni Select Auto Trust 2023-A,2026-01-31,36,870,880,41,0,0,696018.4400000002
World Omni Select Auto Trust 2023-A,2026-01-31,36,880,890,6,0,0,96485.79999999999
World Omni Select Auto Trust 2023-A,2023-02-28,1,410,420,1,0,0,12512.13
World Omni Select Auto Trust 2023-A,2023-02-28,1,430,440,1,0,0,682.94
World Omni Select Auto Trust 2023-A,2023-02-28,1,440,450,2,0,0,14214.369999999999
World Omni Select Auto Trust 2023-A,2023-02-28,1,450,460,9,0,0,133473.28
World Omni Select Auto Trust 2023-A,2023-02-28,1,460,470,10,0,0,154358.95
World Omni Select Auto Trust 2023-A,2023-02-28,1,470,480,12,1,0,199526.85
World Omni Select Auto Trust 2023-A,2023-02-28,1,480,490,9,0,0,159057.44
World Omni Select Auto Trust 2023-A,2023-02-28,1,490,500,27,2,0,352317.28
World Omni Select Auto Trust 2023-A,2023-02-28,1,500,510,53,4,1,953566.0099999999
World Omni Select Auto Trust 2023-A,2023-02-28,1,510,520,69,5,0,1360801.2100000011
World Omni Select Auto Trust 2023-A,2023-02-28,1,520,530,102,7,0,1729856.5100000005
World Omni Select Auto Trust 2023-A,2023-02-28,1,530,540,151,7,0,2349410.159999999
World Omni Select Auto Trust 2023-A,2023-02-28,1,540,550,228,11,0,3833976.469999998
World Omni Select Auto Trust 2023-A,2023-02-28,1,550,560,274,16,0,4441014.1800000025
World Omni Select Auto Trust 2023-A,2023-02-28,1,560,570,329,14,0,5462314.51
World Omni Select Auto Trust 2023-A,2023-02-28,1,570,580,568,23,0,10355349.390000008
World Omni Select Auto Trust 2023-A,2023-02-28,1,580,590,1375,72,0,29285544.529999956
World Omni Select Auto Trust 2023-A,2023-02-28,1,590,600,1730,90,0,37703482.86999996
World Omni Select Auto Trust 2023-A,2023-02-28,1,600,610,2119,95,0,45704335.06999997
World Omni Select Auto Trust 2023-A,2023-02-28,1,610,620,2327,96,1,51895712.300000004
World Omni Select Auto Trust 2023-A,2023-02-28,1,620,630,3933,123,1,94676625.92999992
World Omni Select Auto Trust 2023-A,2023-02-28,1,630,640,3681,97,0,89377177.84000003
World Omni Select Auto Trust 2023-A,2023-02-28,1,640,650,5219,126,0,136472428.56000006
World Omni Select Auto Trust 2023-A,2023-02-28,1,650,660,458,21,0,11157626.110000016
World Omni Select Auto Trust 2023-A,2023-02-28,1,660,670,575,11,0,14835061.880000003
World Omni Select Auto Trust 2023-A,2023-02-28,1,670,680,609,7,0,14759930.21999999
World Omni Select Auto Trust 2023-A,2023-02-28,1,680,690,623,11,0,16284258.020000005
World Omni Select Auto Trust 2023-A,2023-02-28,1,690,700,644,15,0,17551838.69999999
World Omni Select Auto Trust 2023-A,2023-02-28,1,700,710,1071,19,0,30210390.900000025
World Omni Select Auto Trust 2023-A,2023-02-28,1,710,720,937,8,0,27628909.94000005
World Omni Select Auto Trust 2023-A,2023-02-28,1,720,730,1194,9,1,35864476.17999997
World Omni Select Auto Trust 2023-A,2023-02-28,1,730,740,1079,8,0,31608403.33000004
World Omni Select Auto Trust 2023-A,2023-02-28,1,740,750,874,7,0,25817527.170000013
World Omni Select Auto Trust 2023-A,2023-02-28,1,750,760,837,6,0,24916521.46999998
World Omni Select Auto Trust 2023-A,2023-02-28,1,760,770,685,6,0,20667094.34999998
World Omni Select Auto Trust 2023-A,2023-02-28,1,770,780,713,2,0,21339720.690000016
World Omni Select Auto Trust 2023-A,2023-02-28,1,780,790,613,5,0,18437411.83999999
World Omni Select Auto Trust 2023-A,2023-02-28,1,790,800,487,4,0,13637615.029999992
World Omni Select Auto Trust 2023-A,2023-02-28,1,800,810,550,2,0,16106182.86000001
World Omni Select Auto Trust 2023-A,2023-02-28,1,810,820,421,4,0,11745236.249999998
World Omni Select Auto Trust 2023-A,2023-02-28,1,820,830,423,6,0,12335177.800000004
World Omni Select Auto Trust 2023-A,2023-02-28,1,830,840,385,2,0,10666647.880000005
World Omni Select Auto Trust 2023-A,2023-02-28,1,840,850,248,2,0,6523064.610000002
World Omni Select Auto Trust 2023-A,2023-02-28,1,850,860,236,1,0,6689500.500000004
World Omni Select Auto Trust 2023-A,2023-02-28,1,860,870,178,1,0,5007753.140000002
World Omni Select Auto Trust 2023-A,2023-02-28,1,870,880,74,1,0,2025996.73
World Omni Select Auto Trust 2023-A,2023-02-28,1,880,890,12,0,0,340706.45999999996
World Omni Select Auto Trust 2023-A,2025-02-28,25,450,460,4,0,0,63481.850000000006
World Omni Select Auto Trust 2023-A,2025-02-28,25,460,470,2,0,0,32234.480000000003
World Omni Select Auto Trust 2023-A,2025-02-28,25,470,480,2,1,0,20883.09
World Omni Select Auto Trust 2023-A,2025-02-28,25,480,490,4,0,0,57451.34
World Omni Select Auto Trust 2023-A,2025-02-28,25,490,500,6,0,0,98146.15
World Omni Select Auto Trust 2023-A,2025-02-28,25,500,510,23,2,0,388015.33999999997
World Omni Select Auto Trust 2023-A,2025-02-28,25,510,520,21,2,1,468455.19999999995
World Omni Select Auto Trust 2023-A,2025-02-28,25,520,530,28,4,2,496087.01
World Omni Select Auto Trust 2023-A,2025-02-28,25,530,540,34,4,1,658616.3699999998
World Omni Select Auto Trust 2023-A,2025-02-28,25,540,550,55,11,5,1171698.4800000002
World Omni Select Auto Trust 2023-A,2025-02-28,25,550,560,45,14,3,1012865.1400000001
World Omni Select Auto Trust 2023-A,2025-02-28,25,560,570,78,7,3,1553617.33
World Omni Select Auto Trust 2023-A,2025-02-28,25,570,580,161,25,9,3305185.220000001
World Omni Select Auto Trust 2023-A,2025-02-28,25,580,590,414,64,24,9235279.859999998
World Omni Select Auto Trust 2023-A,2025-02-28,25,590,600,535,83,28,12287663.929999989
World Omni Select Auto Trust 2023-A,2025-02-28,25,600,610,706,80,23,14999878.909999998
World Omni Select Auto Trust 2023-A,2025-02-28,25,610,620,785,98,37,17652953.780000005
World Omni Select Auto Trust 2023-A,2025-02-28,25,620,630,1391,159,64,33122067.00000002
World Omni Select Auto Trust 2023-A,2025-02-28,25,630,640,1343,136,37,31082961.259999987
World Omni Select Auto Trust 2023-A,2025-02-28,25,640,650,2117,173,74,49769024.060000174
World Omni Select Auto Trust 2023-A,2025-02-28,25,650,660,156,16,5,3915401.8999999994
World Omni Select Auto Trust 2023-A,2025-02-28,25,660,670,237,17,8,5531246.670000001
World Omni Select Auto Trust 2023-A,2025-02-28,25,670,680,223,14,4,5096213.200000002
World Omni Select Auto Trust 2023-A,2025-02-28,25,680,690,288,12,7,6696674.120000004
World Omni Select Auto Trust 2023-A,2025-02-28,25,690,700,297,15,12,7476721.989999999
World Omni Select Auto Trust 2023-A,2025-02-28,25,700,710,465,18,6,11920677.430000005
World Omni Select Auto Trust 2023-A,2025-02-28,25,710,720,474,15,6,12259489.450000005
World Omni Select Auto Trust 2023-A,2025-02-28,25,720,730,617,26,8,16051396.709999992
World Omni Select Auto Trust 2023-A,2025-02-28,25,730,740,565,13,9,14004494.53
World Omni Select Auto Trust 2023-A,2025-02-28,25,740,750,465,14,4,11547532.270000001
World Omni Select Auto Trust 2023-A,2025-02-28,25,750,760,423,12,5,10985083.700000001
World Omni Select Auto Trust 2023-A,2025-02-28,25,760,770,370,9,4,9274029.740000002
World Omni Select Auto Trust 2023-A,2025-02-28,25,770,780,389,7,1,9794858.070000006
World Omni Select Auto Trust 2023-A,2025-02-28,25,780,790,326,6,1,7966322.720000003
World Omni Select Auto Trust 2023-A,2025-02-28,25,790,800,260,3,1,6044289.380000001
World Omni Select Auto Trust 2023-A,2025-02-28,25,800,810,284,5,1,6818236.300000003
World Omni Select Auto Trust 2023-A,2025-02-28,25,810,820,210,4,0,4673877.12
World Omni Select Auto Trust 2023-A,2025-02-28,25,820,830,233,4,1,5517433.079999999
World Omni Select Auto Trust 2023-A,2025-02-28,25,830,840,188,1,0,4312940.170000001
World Omni Select Auto Trust 2023-A,2025-02-28,25,840,850,119,1,0,2459041.9899999998
World Omni Select Auto Trust 2023-A,2025-02-28,25,850,860,146,1,0,3242391.73
World Omni Select Auto Trust 2023-A,2025-02-28,25,860,870,103,1,0,2310715.85
World Omni Select Auto Trust 2023-A,2025-02-28,25,870,880,43,1,0,976816.3099999999
World Omni Select Auto Trust 2023-A,2025-02-28,25,880,890,9,0,0,172607.07
World Omni Select Auto Trust 2023-A,2026-02-28,37,450,460,2,0,1,39127.54
World Omni Select Auto Trust 2023-A,2026-02-28,37,460,470,0,1,0,11530.62
World Omni Select Auto Trust 2023-A,2026-02-28,37,470,480,1,0,0,1065.31
World Omni Select Auto Trust 2023-A,2026-02-28,37,480,490,1,0,0,7064.04
World Omni Select Auto Trust 2023-A,2026-02-28,37,490,500,2,1,0,7389.21
World Omni Select Auto Trust 2023-A,2026-02-28,37,500,510,13,4,0,204683.93
World Omni Select Auto Trust 2023-A,2026-02-28,37,510,520,14,3,0,242136.75
World Omni Select Auto Trust 2023-A,2026-02-28,37,520,530,20,1,0,235992.81
World Omni Select Auto Trust 2023-A,2026-02-28,37,530,540,20,4,1,321117.02999999997
World Omni Select Auto Trust 2023-A,2026-02-28,37,540,550,47,4,0,646549.27
World Omni Select Auto Trust 2023-A,2026-02-28,37,550,560,37,6,1,578235.6500000001
World Omni Select Auto Trust 2023-A,2026-02-28,37,560,570,55,7,2,837830.4699999999
World Omni Select Auto Trust 2023-A,2026-02-28,37,570,580,104,14,4,1565085.3599999996
World Omni Select Auto Trust 2023-A,2026-02-28,37,580,590,277,43,18,4869933.81
World Omni Select Auto Trust 2023-A,2026-02-28,37,590,600,358,59,27,6585921.7
World Omni Select Auto Trust 2023-A,2026-02-28,37,600,610,439,82,27,7933177.9300000025
World Omni Select Auto Trust 2023-A,2026-02-28,37,610,620,541,70,29,9343501.739999998
World Omni Select Auto Trust 2023-A,2026-02-28,37,620,630,960,139,53,18239328.030000012
World Omni Select Auto Trust 2023-A,2026-02-28,37,630,640,925,103,34,16695153.07000001
World Omni Select Auto Trust 2023-A,2026-02-28,37,640,650,1548,162,55,27992035.079999994
World Omni Select Auto Trust 2023-A,2026-02-28,37,650,660,106,18,3,2125078.51
World Omni Select Auto Trust 2023-A,2026-02-28,37,660,670,162,16,6,2903275.7499999995
World Omni Select Auto Trust 2023-A,2026-02-28,37,670,680,163,15,9,2946825.6199999996
World Omni Select Auto Trust 2023-A,2026-02-28,37,680,690,206,15,6,3716603.1399999987
World Omni Select Auto Trust 2023-A,2026-02-28,37,690,700,228,10,6,4202736.249999999
World Omni Select Auto Trust 2023-A,2026-02-28,37,700,710,325,17,6,6530302.430000001
World Omni Select Auto Trust 2023-A,2026-02-28,37,710,720,338,14,8,6688079.71
World Omni Select Auto Trust 2023-A,2026-02-28,37,720,730,456,34,3,9355012.22
World Omni Select Auto Trust 2023-A,2026-02-28,37,730,740,419,13,5,7918821.219999998
World Omni Select Auto Trust 2023-A,2026-02-28,37,740,750,343,14,5,6631429.819999998
World Omni Select Auto Trust 2023-A,2026-02-28,37,750,760,323,10,3,6480479.390000001
World Omni Select Auto Trust 2023-A,2026-02-28,37,760,770,276,10,1,5209080.010000001
World Omni Select Auto Trust 2023-A,2026-02-28,37,770,780,285,9,2,5600402.630000002
World Omni Select Auto Trust 2023-A,2026-02-28,37,780,790,241,1,0,4460590.61
World Omni Select Auto Trust 2023-A,2026-02-28,37,790,800,202,4,1,3501889.429999999
World Omni Select Auto Trust 2023-A,2026-02-28,37,800,810,218,3,1,4002889.36
World Omni Select Auto Trust 2023-A,2026-02-28,37,810,820,165,4,0,2894245.61
World Omni Select Auto Trust 2023-A,2026-02-28,37,820,830,179,3,2,3112002.0199999996
World Omni Select Auto Trust 2023-A,2026-02-28,37,830,840,147,2,1,2581613.5500000003
World Omni Select Auto Trust 2023-A,2026-02-28,37,840,850,83,3,0,1345828.26
World Omni Select Auto Trust 2023-A,2026-02-28,37,850,860,116,0,1,1980836.0199999998
World Omni Select Auto Trust 2023-A,2026-02-28,37,860,870,80,0,0,1378302.0000000002
World Omni Select Auto Trust 2023-A,2026-02-28,37,870,880,41,0,0,649154.6900000001
World Omni Select Auto Trust 2023-A,2026-02-28,37,880,890,6,0,0,94084.64
World Omni Select Auto Trust 2023-A,2024-02-29,13,450,460,7,0,0,95666.77
World Omni Select Auto Trust 2023-A,2024-02-29,13,460,470,4,1,0,76051.53
World Omni Select Auto Trust 2023-A,2024-02-29,13,470,480,6,0,0,100937.84
World Omni Select Auto Trust 2023-A,2024-02-29,13,480,490,7,0,0,92860.34999999999
World Omni Select Auto Trust 2023-A,2024-02-29,13,490,500,11,2,0,174512.78
World Omni Select Auto Trust 2023-A,2024-02-29,13,500,510,33,5,0,668871.81
World Omni Select Auto Trust 2023-A,2024-02-29,13,510,520,36,8,3,739757.7299999999
World Omni Select Auto Trust 2023-A,2024-02-29,13,520,530,57,8,1,990954.0699999998
World Omni Select Auto Trust 2023-A,2024-02-29,13,530,540,69,10,6,1235075.0599999998
World Omni Select Auto Trust 2023-A,2024-02-29,13,540,550,118,17,3,2092799.7100000002
World Omni Select Auto Trust 2023-A,2024-02-29,13,550,560,140,19,8,2200211.1100000003
World Omni Select Auto Trust 2023-A,2024-02-29,13,560,570,160,23,9,2852374.0600000005
World Omni Select Auto Trust 2023-A,2024-02-29,13,570,580,298,39,12,5801052.79
World Omni Select Auto Trust 2023-A,2024-02-29,13,580,590,782,101,23,17069492.57
World Omni Select Auto Trust 2023-A,2024-02-29,13,590,600,1023,127,38,22448320.299999993
World Omni Select Auto Trust 2023-A,2024-02-29,13,600,610,1281,135,26,27426911.320000015
World Omni Select Auto Trust 2023-A,2024-02-29,13,610,620,1358,139,49,30661890.39
World Omni Select Auto Trust 2023-A,2024-02-29,13,620,630,2369,178,76,56717939.73000001
World Omni Select Auto Trust 2023-A,2024-02-29,13,630,640,2298,168,55,54749139.600000076
World Omni Select Auto Trust 2023-A,2024-02-29,13,640,650,3399,217,69,85876409.85999969
World Omni Select Auto Trust 2023-A,2024-02-29,13,650,660,274,24,6,6603067.94
World Omni Select Auto Trust 2023-A,2024-02-29,13,660,670,361,30,9,9654572.59999999
World Omni Select Auto Trust 2023-A,2024-02-29,13,670,680,371,24,8,9111164.29
World Omni Select Auto Trust 2023-A,2024-02-29,13,680,690,418,20,3,10550160.190000003
World Omni Select Auto Trust 2023-A,2024-02-29,13,690,700,444,28,7,11929485.669999992
World Omni Select Auto Trust 2023-A,2024-02-29,13,700,710,696,33,8,19748571.18999999
World Omni Select Auto Trust 2023-A,2024-02-29,13,710,720,677,20,7,19209212.300000016
World Omni Select Auto Trust 2023-A,2024-02-29,13,720,730,861,20,11,24536381.429999966
World Omni Select Auto Trust 2023-A,2024-02-29,13,730,740,788,13,5,21980013.900000013
World Omni Select Auto Trust 2023-A,2024-02-29,13,740,750,657,10,8,18092446.68
World Omni Select Auto Trust 2023-A,2024-02-29,13,750,760,612,15,5,17197151.6
World Omni Select Auto Trust 2023-A,2024-02-29,13,760,770,516,9,0,14365382.190000009
World Omni Select Auto Trust 2023-A,2024-02-29,13,770,780,528,10,3,14700518.299999995
World Omni Select Auto Trust 2023-A,2024-02-29,13,780,790,463,4,2,12820756.599999994
World Omni Select Auto Trust 2023-A,2024-02-29,13,790,800,339,1,0,8790349.110000001
World Omni Select Auto Trust 2023-A,2024-02-29,13,800,810,375,5,1,10430164.56
World Omni Select Auto Trust 2023-A,2024-02-29,13,810,820,306,8,3,7575859.669999999
World Omni Select Auto Trust 2023-A,2024-02-29,13,820,830,315,2,2,8547943.560000008
World Omni Select Auto Trust 2023-A,2024-02-29,13,830,840,281,2,0,7028191.749999997
World Omni Select Auto Trust 2023-A,2024-02-29,13,840,850,177,4,0,4397469.170000003
World Omni Select Auto Trust 2023-A,2024-02-29,13,850,860,180,1,0,4873997.949999998
World Omni Select Auto Trust 2023-A,2024-02-29,13,860,870,137,1,0,3475330.12
World Omni Select Auto Trust 2023-A,2024-02-29,13,870,880,51,0,1,1374994.6099999999
World Omni Select Auto Trust 2023-A,2024-02-29,13,880,890,10,0,0,221338.16
World Omni Select Auto Trust 2023-A,2023-03-31,2,410,420,1,0,0,12512.13
World Omni Select Auto Trust 2023-A,2023-03-31,2,430,440,1,0,0,460.9
World Omni Select Auto Trust 2023-A,2023-03-31,2,440,450,2,0,0,13367.51
World Omni Select Auto Trust 2023-A,2023-03-31,2,450,460,8,1,0,130906.62999999999
World Omni Select Auto Trust 2023-A,2023-03-31,2,460,470,9,1,0,151784.94999999998
World Omni Select Auto Trust 2023-A,2023-03-31,2,470,480,10,2,0,192839.91999999998
World Omni Select Auto Trust 2023-A,2023-03-31,2,480,490,9,0,0,155804.27999999997
World Omni Select Auto Trust 2023-A,2023-03-31,2,490,500,26,3,0,343978.18000000005
World Omni Select Auto Trust 2023-A,2023-03-31,2,500,510,53,2,2,936769.97
World Omni Select Auto Trust 2023-A,2023-03-31,2,510,520,67,6,0,1318718.1900000002
World Omni Select Auto Trust 2023-A,2023-03-31,2,520,530,97,7,0,1613497.7400000007
World Omni Select Auto Trust 2023-A,2023-03-31,2,530,540,144,11,1,2275697.16
World Omni Select Auto Trust 2023-A,2023-03-31,2,540,550,217,17,1,3699746.690000001
World Omni Select Auto Trust 2023-A,2023-03-31,2,550,560,257,20,2,4193186.049999999
World Omni Select Auto Trust 2023-A,2023-03-31,2,560,570,309,23,3,5232376.689999998
World Omni Select Auto Trust 2023-A,2023-03-31,2,570,580,539,35,1,9940304.960000008
World Omni Select Auto Trust 2023-A,2023-03-31,2,580,590,1330,74,9,28223585.97
World Omni Select Auto Trust 2023-A,2023-03-31,2,590,600,1671,95,9,36167102.41000001
World Omni Select Auto Trust 2023-A,2023-03-31,2,600,610,2049,106,5,43854435.02999993
World Omni Select Auto Trust 2023-A,2023-03-31,2,610,620,2248,113,9,49883493.84000011
World Omni Select Auto Trust 2023-A,2023-03-31,2,620,630,3800,134,22,90854964.30999972
World Omni Select Auto Trust 2023-A,2023-03-31,2,630,640,3565,127,11,86319346.22999993
World Omni Select Auto Trust 2023-A,2023-03-31,2,640,650,5093,134,14,131854811.68000013
World Omni Select Auto Trust 2023-A,2023-03-31,2,650,660,440,23,6,10691673.329999994
World Omni Select Auto Trust 2023-A,2023-03-31,2,660,670,552,20,2,14333104.399999993
World Omni Select Auto Trust 2023-A,2023-03-31,2,670,680,586,17,1,14262265.98999999
World Omni Select Auto Trust 2023-A,2023-03-31,2,680,690,605,17,0,15760660.760000007
World Omni Select Auto Trust 2023-A,2023-03-31,2,690,700,627,16,2,16840777.900000006
World Omni Select Auto Trust 2023-A,2023-03-31,2,700,710,1043,22,5,29196545.60999997
World Omni Select Auto Trust 2023-A,2023-03-31,2,710,720,912,15,0,26835876.83999997
World Omni Select Auto Trust 2023-A,2023-03-31,2,720,730,1157,18,5,34638871.27
World Omni Select Auto Trust 2023-A,2023-03-31,2,730,740,1058,8,2,30732370.809999976
World Omni Select Auto Trust 2023-A,2023-03-31,2,740,750,861,9,0,25220738.249999993
World Omni Select Auto Trust 2023-A,2023-03-31,2,750,760,810,5,2,23953621.85000002
World Omni Select Auto Trust 2023-A,2023-03-31,2,760,770,669,7,1,20013385.340000007
World Omni Select Auto Trust 2023-A,2023-03-31,2,770,780,698,5,0,20726080.579999987
World Omni Select Auto Trust 2023-A,2023-03-31,2,780,790,603,2,0,17821933.13000001
World Omni Select Auto Trust 2023-A,2023-03-31,2,790,800,469,5,1,13054909.890000008
World Omni Select Auto Trust 2023-A,2023-03-31,2,800,810,535,6,0,15541125.619999988
World Omni Select Auto Trust 2023-A,2023-03-31,2,810,820,409,4,1,11280583.959999993
World Omni Select Auto Trust 2023-A,2023-03-31,2,820,830,412,3,1,11810950.460000003
World Omni Select Auto Trust 2023-A,2023-03-31,2,830,840,377,3,0,10341649.160000002
World Omni Select Auto Trust 2023-A,2023-03-31,2,840,850,240,1,1,6287275.910000002
World Omni Select Auto Trust 2023-A,2023-03-31,2,850,860,231,2,0,6453351.000000003
World Omni Select Auto Trust 2023-A,2023-03-31,2,860,870,173,2,0,4778956.110000001
World Omni Select Auto Trust 2023-A,2023-03-31,2,870,880,70,1,0,1911696.0700000003
World Omni Select Auto Trust 2023-A,2023-03-31,2,880,890,11,0,0,271507.73000000004
World Omni Select Auto Trust 2023-A,2024-03-31,14,450,460,4,2,0,94551.42
World Omni Select Auto Trust 2023-A,2024-03-31,14,460,470,4,0,1,74971.09
World Omni Select Auto Trust 2023-A,2024-03-31,14,470,480,5,1,0,99637.99
World Omni Select Auto Trust 2023-A,2024-03-31,14,480,490,6,1,0,91402.09
World Omni Select Auto Trust 2023-A,2024-03-31,14,490,500,10,2,0,170124.64
World Omni Select Auto Trust 2023-A,2024-03-31,14,500,510,35,1,0,654785.3300000001
World Omni Select Auto Trust 2023-A,2024-03-31,14,510,520,34,9,3,727079.4199999999
World Omni Select Auto Trust 2023-A,2024-03-31,14,520,530,57,6,2,971834.2
World Omni Select Auto Trust 2023-A,2024-03-31,14,530,540,61,10,7,1163402.14
World Omni Select Auto Trust 2023-A,2024-03-31,14,540,550,105,19,4,1999430.65
World Omni Select Auto Trust 2023-A,2024-03-31,14,550,560,130,15,11,2084297.21
World Omni Select Auto Trust 2023-A,2024-03-31,14,560,570,151,22,7,2633698.16
World Omni Select Auto Trust 2023-A,2024-03-31,14,570,580,285,29,11,5538422.519999998
World Omni Select Auto Trust 2023-A,2024-03-31,14,580,590,746,84,29,16269794.819999997
World Omni Select Auto Trust 2023-A,2024-03-31,14,590,600,967,110,45,21341591.10000001
World Omni Select Auto Trust 2023-A,2024-03-31,14,600,610,1220,119,33,26157567.590000015
World Omni Select Auto Trust 2023-A,2024-03-31,14,610,620,1301,135,39,29267026.850000013
World Omni Select Auto Trust 2023-A,2024-03-31,14,620,630,2261,195,46,53834850.14999999
World Omni Select Auto Trust 2023-A,2024-03-31,14,630,640,2171,179,68,52287284.510000065
World Omni Select Auto Trust 2023-A,2024-03-31,14,640,650,3270,222,62,82024654.16999991
World Omni Select Auto Trust 2023-A,2024-03-31,14,650,660,260,24,5,6302358.7700000005
World Omni Select Auto Trust 2023-A,2024-03-31,14,660,670,361,24,5,9314444.459999997
World Omni Select Auto Trust 2023-A,2024-03-31,14,670,680,363,22,3,8762678.849999998
World Omni Select Auto Trust 2023-A,2024-03-31,14,680,690,407,16,4,10170834.219999997
World Omni Select Auto Trust 2023-A,2024-03-31,14,690,700,435,22,7,11536455.909999995
World Omni Select Auto Trust 2023-A,2024-03-31,14,700,710,675,30,13,19052486.88999999
World Omni Select Auto Trust 2023-A,2024-03-31,14,710,720,653,23,6,18478622.899999987
World Omni Select Auto Trust 2023-A,2024-03-31,14,720,730,842,23,5,23722375.049999997
World Omni Select Auto Trust 2023-A,2024-03-31,14,730,740,777,10,9,21486138.939999994
World Omni Select Auto Trust 2023-A,2024-03-31,14,740,750,632,17,11,17510846.659999996
World Omni Select Auto Trust 2023-A,2024-03-31,14,750,760,597,10,4,16523859.78000001
World Omni Select Auto Trust 2023-A,2024-03-31,14,760,770,506,9,1,13963757.070000008
World Omni Select Auto Trust 2023-A,2024-03-31,14,770,780,517,8,5,14253159.450000003
World Omni Select Auto Trust 2023-A,2024-03-31,14,780,790,452,9,1,12432122.959999997
World Omni Select Auto Trust 2023-A,2024-03-31,14,790,800,332,1,1,8606411.88
World Omni Select Auto Trust 2023-A,2024-03-31,14,800,810,363,3,0,10011478.640000004
World Omni Select Auto Trust 2023-A,2024-03-31,14,810,820,292,8,2,7289171.230000002
World Omni Select Auto Trust 2023-A,2024-03-31,14,820,830,315,0,2,8361795.079999998
World Omni Select Auto Trust 2023-A,2024-03-31,14,830,840,266,1,0,6728829.140000001
World Omni Select Auto Trust 2023-A,2024-03-31,14,840,850,170,4,1,4168808.519999999
World Omni Select Auto Trust 2023-A,2024-03-31,14,850,860,175,1,0,4672250.049999999
World Omni Select Auto Trust 2023-A,2024-03-31,14,860,870,132,2,0,3365503.9499999993
World Omni Select Auto Trust 2023-A,2024-03-31,14,870,880,50,0,0,1331415.4500000002
World Omni Select Auto Trust 2023-A,2024-03-31,14,880,890,9,1,0,218030.67999999996
World Omni Select Auto Trust 2023-A,2025-03-31,26,450,460,2,0,1,47238.88
World Omni Select Auto Trust 2023-A,2025-03-31,26,460,470,2,0,0,31580.91
World Omni Select Auto Trust 2023-A,2025-03-31,26,470,480,2,0,1,20384.33
World Omni Select Auto Trust 2023-A,2025-03-31,26,480,490,3,1,0,56173.37
World Omni Select Auto Trust 2023-A,2025-03-31,26,490,500,4,2,0,97282.82999999999
World Omni Select Auto Trust 2023-A,2025-03-31,26,500,510,18,6,0,380132.17000000004
World Omni Select Auto Trust 2023-A,2025-03-31,26,510,520,19,4,1,462198.76999999996
World Omni Select Auto Trust 2023-A,2025-03-31,26,520,530,25,3,3,438956.2399999999
World Omni Select Auto Trust 2023-A,2025-03-31,26,530,540,31,3,1,587653.05
World Omni Select Auto Trust 2023-A,2025-03-31,26,540,550,51,15,2,1098148.6000000003
World Omni Select Auto Trust 2023-A,2025-03-31,26,550,560,49,8,3,979009.46
World Omni Select Auto Trust 2023-A,2025-03-31,26,560,570,74,12,1,1504612.9300000002
World Omni Select Auto Trust 2023-A,2025-03-31,26,570,580,154,27,6,3107212.990000001
World Omni Select Auto Trust 2023-A,2025-03-31,26,580,590,401,68,16,8763763.080000002
World Omni Select Auto Trust 2023-A,2025-03-31,26,590,600,512,76,22,11500925.870000005
World Omni Select Auto Trust 2023-A,2025-03-31,26,600,610,662,91,17,14281539.310000006
World Omni Select Auto Trust 2023-A,2025-03-31,26,610,620,757,98,37,16756966.060000017
World Omni Select Auto Trust 2023-A,2025-03-31,26,620,630,1341,167,43,31250040.399999984
World Omni Select Auto Trust 2023-A,2025-03-31,26,630,640,1284,137,42,29557672.15
World Omni Select Auto Trust 2023-A,2025-03-31,26,640,650,2082,163,52,47550671.750000015
World Omni Select Auto Trust 2023-A,2025-03-31,26,650,660,145,23,4,3760500.74
World Omni Select Auto Trust 2023-A,2025-03-31,26,660,670,232,12,10,5271857.879999999
World Omni Select Auto Trust 2023-A,2025-03-31,26,670,680,215,13,5,4810568.419999999
World Omni Select Auto Trust 2023-A,2025-03-31,26,680,690,282,14,4,6438735.069999999
World Omni Select Auto Trust 2023-A,2025-03-31,26,690,700,294,10,12,7177428.690000001
World Omni Select Auto Trust 2023-A,2025-03-31,26,700,710,452,18,5,11383780.279999997
World Omni Select Auto Trust 2023-A,2025-03-31,26,710,720,458,20,4,11679046.100000003
World Omni Select Auto Trust 2023-A,2025-03-31,26,720,730,608,21,3,15343535.98999999
World Omni Select Auto Trust 2023-A,2025-03-31,26,730,740,545,17,6,13285613.779999997
World Omni Select Auto Trust 2023-A,2025-03-31,26,740,750,458,11,1,11049202.469999995
World Omni Select Auto Trust 2023-A,2025-03-31,26,750,760,409,16,5,10568315.280000005
World Omni Select Auto Trust 2023-A,2025-03-31,26,760,770,368,7,0,8941350.049999999
World Omni Select Auto Trust 2023-A,2025-03-31,26,770,780,378,6,2,9328693.2
World Omni Select Auto Trust 2023-A,2025-03-31,26,780,790,320,6,2,7682800.310000002
World Omni Select Auto Trust 2023-A,2025-03-31,26,790,800,258,2,0,5737611.279999999
World Omni Select Auto Trust 2023-A,2025-03-31,26,800,810,279,2,3,6582727.24
World Omni Select Auto Trust 2023-A,2025-03-31,26,810,820,203,6,1,4524381.550000002
World Omni Select Auto Trust 2023-A,2025-03-31,26,820,830,226,5,1,5180255.109999999
World Omni Select Auto Trust 2023-A,2025-03-31,26,830,840,180,3,0,4110044.91
World Omni Select Auto Trust 2023-A,2025-03-31,26,840,850,118,0,0,2330606.92
World Omni Select Auto Trust 2023-A,2025-03-31,26,850,860,144,1,0,3147023.5000000005
World Omni Select Auto Trust 2023-A,2025-03-31,26,860,870,101,1,0,2212682.5599999996
World Omni Select Auto Trust 2023-A,2025-03-31,26,870,880,44,0,0,956057.5300000001
World Omni Select Auto Trust 2023-A,2025-03-31,26,880,890,9,0,0,167749.88
World Omni Select Auto Trust 2023-A,2023-04-30,3,430,440,1,0,0,460.9
World Omni Select Auto Trust 2023-A,2023-04-30,3,440,450,1,0,0,9909.7
World Omni Select Auto Trust 2023-A,2023-04-30,3,450,460,7,1,1,129987.51999999999
World Omni Select Auto Trust 2023-A,2023-04-30,3,460,470,10,0,0,148589.03
World Omni Select Auto Trust 2023-A,2023-04-30,3,470,480,10,1,1,190530.46
World Omni Select Auto Trust 2023-A,2023-04-30,3,480,490,9,0,0,153444.94
World Omni Select Auto Trust 2023-A,2023-04-30,3,490,500,25,3,0,335233.11
World Omni Select Auto Trust 2023-A,2023-04-30,3,500,510,50,2,4,920330.2999999997
World Omni Select Auto Trust 2023-A,2023-04-30,3,510,520,63,7,2,1268598.0799999996
World Omni Select Auto Trust 2023-A,2023-04-30,3,520,530,96,4,2,1570744.6800000004
World Omni Select Auto Trust 2023-A,2023-04-30,3,530,540,131,15,5,2214510.5199999996
World Omni Select Auto Trust 2023-A,2023-04-30,3,540,550,209,13,6,3551762.9699999974
World Omni Select Auto Trust 2023-A,2023-04-30,3,550,560,241,27,3,4002510.64
World Omni Select Auto Trust 2023-A,2023-04-30,3,560,570,290,24,9,4973034.640000001
World Omni Select Auto Trust 2023-A,2023-04-30,3,570,580,518,41,4,9595543.239999995
World Omni Select Auto Trust 2023-A,2023-04-30,3,580,590,1274,87,19,27306697.51000004
World Omni Select Auto Trust 2023-A,2023-04-30,3,590,600,1624,95,18,35006041.619999975
World Omni Select Auto Trust 2023-A,2023-04-30,3,600,610,1962,113,24,42049027.590000026
World Omni Select Auto Trust 2023-A,2023-04-30,3,610,620,2151,125,28,47941184.66000002
World Omni Select Auto Trust 2023-A,2023-04-30,3,620,630,3684,158,38,87937363.12000006
World Omni Select Auto Trust 2023-A,2023-04-30,3,630,640,3438,143,27,83301907.3699997
World Omni Select Auto Trust 2023-A,2023-04-30,3,640,650,4930,161,33,127565426.02999972
World Omni Select Auto Trust 2023-A,2023-04-30,3,650,660,432,19,7,10388871.080000002
World Omni Select Auto Trust 2023-A,2023-04-30,3,660,670,540,13,8,13947058.269999992
World Omni Select Auto Trust 2023-A,2023-04-30,3,670,680,574,18,5,13909778.93
World Omni Select Auto Trust 2023-A,2023-04-30,3,680,690,592,22,2,15211014.430000003
World Omni Select Auto Trust 2023-A,2023-04-30,3,690,700,618,13,5,16440341.640000015
World Omni Select Auto Trust 2023-A,2023-04-30,3,700,710,1017,25,5,28098318.17999997
World Omni Select Auto Trust 2023-A,2023-04-30,3,710,720,899,12,4,26226667.390000023
World Omni Select Auto Trust 2023-A,2023-04-30,3,720,730,1139,14,5,33701640.97999999
World Omni Select Auto Trust 2023-A,2023-04-30,3,730,740,1035,8,2,29923009.94000002
World Omni Select Auto Trust 2023-A,2023-04-30,3,740,750,839,9,3,24345730.000000004
World Omni Select Auto Trust 2023-A,2023-04-30,3,750,760,801,4,2,23387347.749999978
World Omni Select Auto Trust 2023-A,2023-04-30,3,760,770,658,8,2,19554715.35000001
World Omni Select Auto Trust 2023-A,2023-04-30,3,770,780,677,11,1,20253925.459999986
World Omni Select Auto Trust 2023-A,2023-04-30,3,780,790,592,2,0,17415668.720000003
World Omni Select Auto Trust 2023-A,2023-04-30,3,790,800,466,3,0,12701212.09000001
World Omni Select Auto Trust 2023-A,2023-04-30,3,800,810,522,4,1,15019141.340000018
World Omni Select Auto Trust 2023-A,2023-04-30,3,810,820,399,4,0,10796240.78
World Omni Select Auto Trust 2023-A,2023-04-30,3,820,830,406,2,3,11562372.81
World Omni Select Auto Trust 2023-A,2023-04-30,3,830,840,367,3,0,10041453.609999992
World Omni Select Auto Trust 2023-A,2023-04-30,3,840,850,233,1,0,6059980.129999998
World Omni Select Auto Trust 2023-A,2023-04-30,3,850,860,227,0,1,6249984.559999998
World Omni Select Auto Trust 2023-A,2023-04-30,3,860,870,170,0,0,4619043.300000003
World Omni Select Auto Trust 2023-A,2023-04-30,3,870,880,69,0,0,1884185.93
World Omni Select Auto Trust 2023-A,2023-04-30,3,880,890,11,0,0,268317.3
World Omni Select Auto Trust 2023-A,2024-04-30,15,450,460,4,2,0,93437.39
World Omni Select Auto Trust 2023-A,2024-04-30,15,460,470,4,0,0,52534.88
World Omni Select Auto Trust 2023-A,2024-04-30,15,470,480,5,1,0,97776.69
World Omni Select Auto Trust 2023-A,2024-04-30,15,480,490,6,0,0,87589.74
World Omni Select Auto Trust 2023-A,2024-04-30,15,490,500,9,2,0,151261.91
World Omni Select Auto Trust 2023-A,2024-04-30,15,500,510,32,2,1,611763.25
World Omni Select Auto Trust 2023-A,2024-04-30,15,510,520,37,4,3,706303.0900000001
World Omni Select Auto Trust 2023-A,2024-04-30,15,520,530,52,6,2,881511.3099999999
World Omni Select Auto Trust 2023-A,2024-04-30,15,530,540,59,7,6,1059104.3299999998
World Omni Select Auto Trust 2023-A,2024-04-30,15,540,550,103,18,3,1899466.3900000001
World Omni Select Auto Trust 2023-A,2024-04-30,15,550,560,124,13,8,1945637.63
World Omni Select Auto Trust 2023-A,2024-04-30,15,560,570,130,28,6,2467118.08
World Omni Select Auto Trust 2023-A,2024-04-30,15,570,580,271,28,8,5261077.089999999
World Omni Select Auto Trust 2023-A,2024-04-30,15,580,590,705,86,25,15385175.23999999
World Omni Select Auto Trust 2023-A,2024-04-30,15,590,600,910,111,35,20261290.459999993
World Omni Select Auto Trust 2023-A,2024-04-30,15,600,610,1158,102,48,24863113.74
World Omni Select Auto Trust 2023-A,2024-04-30,15,610,620,1269,103,40,27938174.549999982
World Omni Select Auto Trust 2023-A,2024-04-30,15,620,630,2183,175,46,51733182.830000035
World Omni Select Auto Trust 2023-A,2024-04-30,15,630,640,2090,150,71,49907263.06999994
World Omni Select Auto Trust 2023-A,2024-04-30,15,640,650,3124,202,82,78031225.91000012
World Omni Select Auto Trust 2023-A,2024-04-30,15,650,660,247,26,3,6137667.3
World Omni Select Auto Trust 2023-A,2024-04-30,15,660,670,351,18,7,8976384.94
World Omni Select Auto Trust 2023-A,2024-04-30,15,670,680,343,22,5,8287141.519999999
World Omni Select Auto Trust 2023-A,2024-04-30,15,680,690,397,10,5,9826862.209999999
World Omni Select Auto Trust 2023-A,2024-04-30,15,690,700,423,13,11,11182791.389999999
World Omni Select Auto Trust 2023-A,2024-04-30,15,700,710,653,25,10,18154410.670000013
World Omni Select Auto Trust 2023-A,2024-04-30,15,710,720,636,15,10,17854163.42000001
World Omni Select Auto Trust 2023-A,2024-04-30,15,720,730,819,22,3,22796888.960000042
World Omni Select Auto Trust 2023-A,2024-04-30,15,730,740,761,7,9,20848474.700000007
World Omni Select Auto Trust 2023-A,2024-04-30,15,740,750,615,17,7,16768144.039999994
World Omni Select Auto Trust 2023-A,2024-04-30,15,750,760,575,12,3,15856866.770000014
World Omni Select Auto Trust 2023-A,2024-04-30,15,760,770,489,8,3,13297560.459999992
World Omni Select Auto Trust 2023-A,2024-04-30,15,770,780,506,5,6,13889358.899999987
World Omni Select Auto Trust 2023-A,2024-04-30,15,780,790,438,7,2,11943133.610000001
World Omni Select Auto Trust 2023-A,2024-04-30,15,790,800,322,2,0,8334472.069999994
World Omni Select Auto Trust 2023-A,2024-04-30,15,800,810,353,4,0,9681768.189999998
World Omni Select Auto Trust 2023-A,2024-04-30,15,810,820,285,7,2,7044852.8500000015
World Omni Select Auto Trust 2023-A,2024-04-30,15,820,830,306,3,1,8115224.77
World Omni Select Auto Trust 2023-A,2024-04-30,15,830,840,256,3,0,6408635.460000002
World Omni Select Auto Trust 2023-A,2024-04-30,15,840,850,162,3,3,3971702.1099999985
World Omni Select Auto Trust 2023-A,2024-04-30,15,850,860,172,0,0,4467198.519999999
World Omni Select Auto Trust 2023-A,2024-04-30,15,860,870,129,1,0,3282209.1999999997
World Omni Select Auto Trust 2023-A,2024-04-30,15,870,880,49,0,0,1304912.3900000001
World Omni Select Auto Trust 2023-A,2024-04-30,15,880,890,10,0,0,213201.12
World Omni Select Auto Trust 2023-A,2025-04-30,27,450,460,2,0,1,46857.99
World Omni Select Auto Trust 2023-A,2025-04-30,27,460,470,2,0,0,30901.239999999998
World Omni Select Auto Trust 2023-A,2025-04-30,27,470,480,2,0,0,8570.33
World Omni Select Auto Trust 2023-A,2025-04-30,27,480,490,3,0,0,33667.07000000001
World Omni Select Auto Trust 2023-A,2025-04-30,27,490,500,3,2,0,76366.19
World Omni Select Auto Trust 2023-A,2025-04-30,27,500,510,18,5,1,373132.58
World Omni Select Auto Trust 2023-A,2025-04-30,27,510,520,18,3,2,438733.93
World Omni Select Auto Trust 2023-A,2025-04-30,27,520,530,26,2,1,408634.6
World Omni Select Auto Trust 2023-A,2025-04-30,27,530,540,27,4,0,513166.06999999995
World Omni Select Auto Trust 2023-A,2025-04-30,27,540,550,49,10,5,1043381.7999999998
World Omni Select Auto Trust 2023-A,2025-04-30,27,550,560,45,8,4,936843.5999999999
World Omni Select Auto Trust 2023-A,2025-04-30,27,560,570,66,11,4,1394267.4000000001
World Omni Select Auto Trust 2023-A,2025-04-30,27,570,580,147,23,7,2935367.7000000007
World Omni Select Auto Trust 2023-A,2025-04-30,27,580,590,400,51,21,8368448.709999999
World Omni Select Auto Trust 2023-A,2025-04-30,27,590,600,482,82,19,10818193.47
World Omni Select Auto Trust 2023-A,2025-04-30,27,600,610,643,83,23,13753812.95000001
World Omni Select Auto Trust 2023-A,2025-04-30,27,610,620,726,87,35,15711252.11000001
World Omni Select Auto Trust 2023-A,2025-04-30,27,620,630,1292,151,57,29790259.83000002
World Omni Select Auto Trust 2023-A,2025-04-30,27,630,640,1254,125,44,28274971.03999995
World Omni Select Auto Trust 2023-A,2025-04-30,27,640,650,2010,160,60,45266311.11000009
World Omni Select Auto Trust 2023-A,2025-04-30,27,650,660,143,19,4,3602267.1299999994
World Omni Select Auto Trust 2023-A,2025-04-30,27,660,670,223,16,9,5010502.25
World Omni Select Auto Trust 2023-A,2025-04-30,27,670,680,213,11,4,4573919.370000001
World Omni Select Auto Trust 2023-A,2025-04-30,27,680,690,277,9,5,6097457.419999998
World Omni Select Auto Trust 2023-A,2025-04-30,27,690,700,290,14,7,6915324.049999998
World Omni Select Auto Trust 2023-A,2025-04-30,27,700,710,446,15,5,10997287.0
World Omni Select Auto Trust 2023-A,2025-04-30,27,710,720,446,20,3,11158349.450000003
World Omni Select Auto Trust 2023-A,2025-04-30,27,720,730,588,25,5,14694310.969999991
World Omni Select Auto Trust 2023-A,2025-04-30,27,730,740,534,14,8,12759719.700000003
World Omni Select Auto Trust 2023-A,2025-04-30,27,740,750,443,12,3,10468299.280000001
World Omni Select Auto Trust 2023-A,2025-04-30,27,750,760,407,9,6,10142561.930000002
World Omni Select Auto Trust 2023-A,2025-04-30,27,760,770,361,5,3,8610145.57
World Omni Select Auto Trust 2023-A,2025-04-30,27,770,780,362,7,2,8821212.330000002
World Omni Select Auto Trust 2023-A,2025-04-30,27,780,790,313,7,3,7406137.029999999
World Omni Select Auto Trust 2023-A,2025-04-30,27,790,800,249,3,1,5469188.879999994
World Omni Select Auto Trust 2023-A,2025-04-30,27,800,810,271,2,3,6282584.420000001
World Omni Select Auto Trust 2023-A,2025-04-30,27,810,820,199,3,2,4324829.549999999
World Omni Select Auto Trust 2023-A,2025-04-30,27,820,830,222,4,1,5024401.190000001
World Omni Select Auto Trust 2023-A,2025-04-30,27,830,840,176,0,1,3921283.0500000003
World Omni Select Auto Trust 2023-A,2025-04-30,27,840,850,113,2,1,2235763.8
World Omni Select Auto Trust 2023-A,2025-04-30,27,850,860,143,0,0,3021300.1799999997
World Omni Select Auto Trust 2023-A,2025-04-30,27,860,870,96,1,0,2057743.4099999997
World Omni Select Auto Trust 2023-A,2025-04-30,27,870,880,44,0,0,934494.5500000003
World Omni Select Auto Trust 2023-A,2025-04-30,27,880,890,9,0,0,163001.11
World Omni Select Auto Trust 2023-A,2023-05-31,4,430,440,1,0,0,352.41
World Omni Select Auto Trust 2023-A,2023-05-31,4,440,450,1,0,0,9909.7
World Omni Select Auto Trust 2023-A,2023-05-31,4,450,460,6,1,2,129256.93
World Omni Select Auto Trust 2023-A,2023-05-31,4,460,470,10,0,0,146601.57
World Omni Select Auto Trust 2023-A,2023-05-31,4,470,480,10,1,1,186137.48999999996
World Omni Select Auto Trust 2023-A,2023-05-31,4,480,490,6,1,0,108703.56000000001
World Omni Select Auto Trust 2023-A,2023-05-31,4,490,500,21,5,1,327557.06999999995
World Omni Select Auto Trust 2023-A,2023-05-31,4,500,510,49,3,3,887807.5099999999
World Omni Select Auto Trust 2023-A,2023-05-31,4,510,520,59,6,3,1178691.82
World Omni Select Auto Trust 2023-A,2023-05-31,4,520,530,92,4,3,1506737.6899999995
World Omni Select Auto Trust 2023-A,2023-05-31,4,530,540,129,13,6,2150116.47
World Omni Select Auto Trust 2023-A,2023-05-31,4,540,550,199,14,5,3385295.3599999975
World Omni Select Auto Trust 2023-A,2023-05-31,4,550,560,226,27,8,3848066.7799999984
World Omni Select Auto Trust 2023-A,2023-05-31,4,560,570,273,28,10,4714655.040000001
World Omni Select Auto Trust 2023-A,2023-05-31,4,570,580,493,41,7,9121691.829999994
World Omni Select Auto Trust 2023-A,2023-05-31,4,580,590,1198,105,23,26005809.580000028
World Omni Select Auto Trust 2023-A,2023-05-31,4,590,600,1554,101,30,33494129.400000006
World Omni Select Auto Trust 2023-A,2023-05-31,4,600,610,1870,126,25,40200754.59000002
World Omni Select Auto Trust 2023-A,2023-05-31,4,610,620,2062,126,39,45949741.239999935
World Omni Select Auto Trust 2023-A,2023-05-31,4,620,630,3515,178,47,83858883.28000006
World Omni Select Auto Trust 2023-A,2023-05-31,4,630,640,3292,177,36,80071568.01999994
World Omni Select Auto Trust 2023-A,2023-05-31,4,640,650,4731,201,49,122239153.1599999
World Omni Select Auto Trust 2023-A,2023-05-31,4,650,660,411,21,6,9780976.010000002
World Omni Select Auto Trust 2023-A,2023-05-31,4,660,670,522,19,5,13369428.6
World Omni Select Auto Trust 2023-A,2023-05-31,4,670,680,552,28,7,13511285.110000018
World Omni Select Auto Trust 2023-A,2023-05-31,4,680,690,565,23,3,14689031.509999998
World Omni Select Auto Trust 2023-A,2023-05-31,4,690,700,597,19,4,15913394.060000027
World Omni Select Auto Trust 2023-A,2023-05-31,4,700,710,985,19,6,27142481.099999987
World Omni Select Auto Trust 2023-A,2023-05-31,4,710,720,869,19,4,25414207.629999984
World Omni Select Auto Trust 2023-A,2023-05-31,4,720,730,1099,19,7,32581383.320000034
World Omni Select Auto Trust 2023-A,2023-05-31,4,730,740,1014,10,0,29099783.25999998
World Omni Select Auto Trust 2023-A,2023-05-31,4,740,750,825,9,2,23777326.44000002
World Omni Select Auto Trust 2023-A,2023-05-31,4,750,760,777,8,0,22668791.389999986
World Omni Select Auto Trust 2023-A,2023-05-31,4,760,770,643,5,4,19077958.329999994
World Omni Select Auto Trust 2023-A,2023-05-31,4,770,780,665,9,1,19587835.46999996
World Omni Select Auto Trust 2023-A,2023-05-31,4,780,790,572,4,0,16663313.74
World Omni Select Auto Trust 2023-A,2023-05-31,4,790,800,450,3,0,12193767.66
World Omni Select Auto Trust 2023-A,2023-05-31,4,800,810,505,4,2,14367029.899999997
World Omni Select Auto Trust 2023-A,2023-05-31,4,810,820,387,2,1,10306344.020000003
World Omni Select Auto Trust 2023-A,2023-05-31,4,820,830,391,3,1,11033051.119999988
World Omni Select Auto Trust 2023-A,2023-05-31,4,830,840,351,2,1,9518837.410000004
World Omni Select Auto Trust 2023-A,2023-05-31,4,840,850,226,3,0,5845949.960000003
World Omni Select Auto Trust 2023-A,2023-05-31,4,850,860,222,3,0,6126537.999999997
World Omni Select Auto Trust 2023-A,2023-05-31,4,860,870,163,1,0,4377183.639999999
World Omni Select Auto Trust 2023-A,2023-05-31,4,870,880,68,0,0,1845948.1400000001
World Omni Select Auto Trust 2023-A,2023-05-31,4,880,890,11,0,0,263726.14
World Omni Select Auto Trust 2023-A,2024-05-31,16,450,460,5,0,1,92877.81999999999
World Omni Select Auto Trust 2023-A,2024-05-31,16,460,470,3,1,0,51674.03
World Omni Select Auto Trust 2023-A,2024-05-31,16,470,480,4,1,1,96399.09
World Omni Select Auto Trust 2023-A,2024-05-31,16,480,490,6,0,0,86074.96000000002
World Omni Select Auto Trust 2023-A,2024-05-31,16,490,500,9,0,1,147843.88000000003
World Omni Select Auto Trust 2023-A,2024-05-31,16,500,510,31,3,1,582824.4299999999
World Omni Select Auto Trust 2023-A,2024-05-31,16,510,520,34,5,2,669393.4400000001
World Omni Select Auto Trust 2023-A,2024-05-31,16,520,530,48,4,4,794994.3800000001
World Omni Select Auto Trust 2023-A,2024-05-31,16,530,540,54,7,5,1003003.13
World Omni Select Auto Trust 2023-A,2024-05-31,16,540,550,90,23,4,1806532.82
World Omni Select Auto Trust 2023-A,2024-05-31,16,550,560,112,17,5,1836283.7000000004
World Omni Select Auto Trust 2023-A,2024-05-31,16,560,570,123,23,7,2376081.0700000003
World Omni Select Auto Trust 2023-A,2024-05-31,16,570,580,255,31,9,5022228.410000002
World Omni Select Auto Trust 2023-A,2024-05-31,16,580,590,675,77,30,14672298.400000023
World Omni Select Auto Trust 2023-A,2024-05-31,16,590,600,860,103,33,19235196.280000005
World Omni Select Auto Trust 2023-A,2024-05-31,16,600,610,1094,128,28,23650498.289999995
World Omni Select Auto Trust 2023-A,2024-05-31,16,610,620,1173,144,37,26734326.250000026
World Omni Select Auto Trust 2023-A,2024-05-31,16,620,630,2051,199,55,49592694.43000002
World Omni Select Auto Trust 2023-A,2024-05-31,16,630,640,2002,159,57,47572559.339999944
World Omni Select Auto Trust 2023-A,2024-05-31,16,640,650,2992,206,66,74412561.15000004
World Omni Select Auto Trust 2023-A,2024-05-31,16,650,660,226,34,4,5870250.900000004
World Omni Select Auto Trust 2023-A,2024-05-31,16,660,670,338,22,6,8598406.899999993
World Omni Select Auto Trust 2023-A,2024-05-31,16,670,680,331,15,8,7955359.300000001
World Omni Select Auto Trust 2023-A,2024-05-31,16,680,690,376,15,5,9517691.18000001
World Omni Select Auto Trust 2023-A,2024-05-31,16,690,700,403,24,8,10803512.879999999
World Omni Select Auto Trust 2023-A,2024-05-31,16,700,710,634,26,11,17459696.67999999
World Omni Select Auto Trust 2023-A,2024-05-31,16,710,720,614,16,12,17251730.480000027
World Omni Select Auto Trust 2023-A,2024-05-31,16,720,730,783,17,9,21831248.98999997
World Omni Select Auto Trust 2023-A,2024-05-31,16,730,740,731,11,7,20094789.04000001
World Omni Select Auto Trust 2023-A,2024-05-31,16,740,750,604,13,7,16113013.410000004
World Omni Select Auto Trust 2023-A,2024-05-31,16,750,760,561,11,3,15234300.790000008
World Omni Select Auto Trust 2023-A,2024-05-31,16,760,770,476,4,6,12760915.630000006
World Omni Select Auto Trust 2023-A,2024-05-31,16,770,780,493,9,2,13438856.989999989
World Omni Select Auto Trust 2023-A,2024-05-31,16,780,790,421,7,0,11434091.560000014
World Omni Select Auto Trust 2023-A,2024-05-31,16,790,800,317,1,0,8094874.870000002
World Omni Select Auto Trust 2023-A,2024-05-31,16,800,810,346,3,0,9333113.559999999
World Omni Select Auto Trust 2023-A,2024-05-31,16,810,820,280,1,2,6804569.51
World Omni Select Auto Trust 2023-A,2024-05-31,16,820,830,299,4,2,7812286.309999999
World Omni Select Auto Trust 2023-A,2024-05-31,16,830,840,249,1,0,6119967.029999995
World Omni Select Auto Trust 2023-A,2024-05-31,16,840,850,158,2,3,3804427.9600000014
World Omni Select Auto Trust 2023-A,2024-05-31,16,850,860,169,1,0,4367516.880000001
World Omni Select Auto Trust 2023-A,2024-05-31,16,860,870,129,0,0,3200397.6099999985
World Omni Select Auto Trust 2023-A,2024-05-31,16,870,880,48,0,0,1258966.89
World Omni Select Auto Trust 2023-A,2024-05-31,16,880,890,10,0,0,208718.68000000002
World Omni Select Auto Trust 2023-A,2025-05-31,28,450,460,1,1,1,46161.53999999999
World Omni Select Auto Trust 2023-A,2025-05-31,28,460,470,2,0,0,30149.260000000002
World Omni Select Auto Trust 2023-A,2025-05-31,28,470,480,1,1,0,7737.070000000001
World Omni Select Auto Trust 2023-A,2025-05-31,28,480,490,2,0,1,33024.28999999999
World Omni Select Auto Trust 2023-A,2025-05-31,28,490,500,4,0,1,75004.06
World Omni Select Auto Trust 2023-A,2025-05-31,28,500,510,22,2,0,364686.76999999996
World Omni Select Auto Trust 2023-A,2025-05-31,28,510,520,16,6,1,432778.61999999994
World Omni Select Auto Trust 2023-A,2025-05-31,28,520,530,22,5,1,380276.38000000006
World Omni Select Auto Trust 2023-A,2025-05-31,28,530,540,27,1,2,477662.54000000004
World Omni Select Auto Trust 2023-A,2025-05-31,28,540,550,46,11,5,1003894.34
World Omni Select Auto Trust 2023-A,2025-05-31,28,550,560,43,8,3,877290.9599999997
World Omni Select Auto Trust 2023-A,2025-05-31,28,560,570,64,9,4,1318655.2800000005
World Omni Select Auto Trust 2023-A,2025-05-31,28,570,580,136,27,7,2802529.4499999983
World Omni Select Auto Trust 2023-A,2025-05-31,28,580,590,369,67,22,7954622.330000005
World Omni Select Auto Trust 2023-A,2025-05-31,28,590,600,457,81,18,10168944.37
World Omni Select Auto Trust 2023-A,2025-05-31,28,600,610,609,88,27,13001563.369999992
World Omni Select Auto Trust 2023-A,2025-05-31,28,610,620,699,92,33,14977485.350000026
World Omni Select Auto Trust 2023-A,2025-05-31,28,620,630,1254,152,48,28424627.250000026
World Omni Select Auto Trust 2023-A,2025-05-31,28,630,640,1205,123,46,26768267.459999997
World Omni Select Auto Trust 2023-A,2025-05-31,28,640,650,1934,177,66,43328139.43999999
World Omni Select Auto Trust 2023-A,2025-05-31,28,650,660,136,20,4,3430274.7999999993
World Omni Select Auto Trust 2023-A,2025-05-31,28,660,670,218,18,6,4781078.509999998
World Omni Select Auto Trust 2023-A,2025-05-31,28,670,680,204,15,4,4386221.289999999
World Omni Select Auto Trust 2023-A,2025-05-31,28,680,690,267,11,7,5873334.419999997
World Omni Select Auto Trust 2023-A,2025-05-31,28,690,700,278,17,5,6517977.229999998
World Omni Select Auto Trust 2023-A,2025-05-31,28,700,710,429,18,6,10572712.560000012
World Omni Select Auto Trust 2023-A,2025-05-31,28,710,720,434,19,3,10619837.659999995
World Omni Select Auto Trust 2023-A,2025-05-31,28,720,730,563,25,10,13968782.679999998
World Omni Select Auto Trust 2023-A,2025-05-31,28,730,740,519,15,8,12213684.700000014
World Omni Select Auto Trust 2023-A,2025-05-31,28,740,750,430,13,2,10011398.730000002
World Omni Select Auto Trust 2023-A,2025-05-31,28,750,760,394,11,7,9739558.499999996
World Omni Select Auto Trust 2023-A,2025-05-31,28,760,770,356,5,2,8237279.439999991
World Omni Select Auto Trust 2023-A,2025-05-31,28,770,780,349,8,1,8370489.279999995
World Omni Select Auto Trust 2023-A,2025-05-31,28,780,790,306,5,3,7060001.61
World Omni Select Auto Trust 2023-A,2025-05-31,28,790,800,243,5,1,5276814.950000002
World Omni Select Auto Trust 2023-A,2025-05-31,28,800,810,268,1,1,6004735.779999999
World Omni Select Auto Trust 2023-A,2025-05-31,28,810,820,191,5,0,4158426.17
World Omni Select Auto Trust 2023-A,2025-05-31,28,820,830,214,4,2,4752454.269999998
World Omni Select Auto Trust 2023-A,2025-05-31,28,830,840,172,3,0,3820622.300000002
World Omni Select Auto Trust 2023-A,2025-05-31,28,840,850,112,1,0,2148784.4000000004
World Omni Select Auto Trust 2023-A,2025-05-31,28,850,860,138,1,1,2888339.9500000007
World Omni Select Auto Trust 2023-A,2025-05-31,28,860,870,96,1,0,2015615.1199999996
World Omni Select Auto Trust 2023-A,2025-05-31,28,870,880,44,0,0,915806.7800000001
World Omni Select Auto Trust 2023-A,2025-05-31,28,880,890,8,0,0,158600.72999999998
World Omni Select Auto Trust 2023-A,2023-06-30,5,430,440,1,0,0,239.36
World Omni Select Auto Trust 2023-A,2023-06-30,5,440,450,1,0,0,9909.7
World Omni Select Auto Trust 2023-A,2023-06-30,5,450,460,7,0,2,127952.34
World Omni Select Auto Trust 2023-A,2023-06-30,5,460,470,8,2,0,144283.99
World Omni Select Auto Trust 2023-A,2023-06-30,5,470,480,9,2,0,183859.71999999997
World Omni Select Auto Trust 2023-A,2023-06-30,5,480,490,7,0,0,107136.95
World Omni Select Auto Trust 2023-A,2023-06-30,5,490,500,19,5,0,298784.13
World Omni Select Auto Trust 2023-A,2023-06-30,5,500,510,46,2,3,852581.2599999998
World Omni Select Auto Trust 2023-A,2023-06-30,5,510,520,59,4,3,1135705.75
World Omni Select Auto Trust 2023-A,2023-06-30,5,520,530,87,5,1,1410310.03
World Omni Select Auto Trust 2023-A,2023-06-30,5,530,540,116,16,8,2019191.8999999997
World Omni Select Auto Trust 2023-A,2023-06-30,5,540,550,187,16,7,3267073.95
World Omni Select Auto Trust 2023-A,2023-06-30,5,550,560,218,21,6,3590949.740000002
World Omni Select Auto Trust 2023-A,2023-06-30,5,560,570,263,28,9,4554460.130000001
World Omni Select Auto Trust 2023-A,2023-06-30,5,570,580,465,42,13,8733569.050000006
World Omni Select Auto Trust 2023-A,2023-06-30,5,580,590,1157,86,30,24769763.919999987
World Omni Select Auto Trust 2023-A,2023-06-30,5,590,600,1486,116,31,32050325.93999999
World Omni Select Auto Trust 2023-A,2023-06-30,5,600,610,1800,122,31,38483793.33000005
World Omni Select Auto Trust 2023-A,2023-06-30,5,610,620,1985,127,41,44018751.649999976
World Omni Select Auto Trust 2023-A,2023-06-30,5,620,630,3366,183,61,80157253.63000011
World Omni Select Auto Trust 2023-A,2023-06-30,5,630,640,3163,162,53,76407310.73999998
World Omni Select Auto Trust 2023-A,2023-06-30,5,640,650,4561,189,56,117102944.59000017
World Omni Select Auto Trust 2023-A,2023-06-30,5,650,660,389,25,4,9208144.010000002
World Omni Select Auto Trust 2023-A,2023-06-30,5,660,670,506,23,5,12974568.650000012
World Omni Select Auto Trust 2023-A,2023-06-30,5,670,680,541,23,5,12909611.770000001
World Omni Select Auto Trust 2023-A,2023-06-30,5,680,690,541,20,5,14071883.719999999
World Omni Select Auto Trust 2023-A,2023-06-30,5,690,700,581,20,7,15507668.54999999
World Omni Select Auto Trust 2023-A,2023-06-30,5,700,710,953,20,12,26337114.709999986
World Omni Select Auto Trust 2023-A,2023-06-30,5,710,720,840,19,3,24492750.639999986
World Omni Select Auto Trust 2023-A,2023-06-30,5,720,730,1075,14,9,31665348.870000027
World Omni Select Auto Trust 2023-A,2023-06-30,5,730,740,994,8,3,28321426.12
World Omni Select Auto Trust 2023-A,2023-06-30,5,740,750,794,11,1,22973998.769999992
World Omni Select Auto Trust 2023-A,2023-06-30,5,750,760,758,5,2,21948522.779999994
World Omni Select Auto Trust 2023-A,2023-06-30,5,760,770,625,7,3,18331397.67
World Omni Select Auto Trust 2023-A,2023-06-30,5,770,780,650,8,2,18942850.809999987
World Omni Select Auto Trust 2023-A,2023-06-30,5,780,790,562,2,1,16194027.220000006
World Omni Select Auto Trust 2023-A,2023-06-30,5,790,800,428,5,0,11676216.179999998
World Omni Select Auto Trust 2023-A,2023-06-30,5,800,810,481,4,1,13618989.480000012
World Omni Select Auto Trust 2023-A,2023-06-30,5,810,820,380,3,0,10074894.260000002
World Omni Select Auto Trust 2023-A,2023-06-30,5,820,830,382,4,2,10769251.880000006
World Omni Select Auto Trust 2023-A,2023-06-30,5,830,840,341,1,1,9209652.049999999
World Omni Select Auto Trust 2023-A,2023-06-30,5,840,850,218,2,1,5647631.540000001
World Omni Select Auto Trust 2023-A,2023-06-30,5,850,860,216,3,0,5974297.500000002
World Omni Select Auto Trust 2023-A,2023-06-30,5,860,870,162,1,0,4310735.449999999
World Omni Select Auto Trust 2023-A,2023-06-30,5,870,880,67,0,0,1797064.41
World Omni Select Auto Trust 2023-A,2023-06-30,5,880,890,11,0,0,260108.14
World Omni Select Auto Trust 2023-A,2024-06-30,17,450,460,5,0,1,92248.68
World Omni Select Auto Trust 2023-A,2024-06-30,17,460,470,4,0,0,49685.770000000004
World Omni Select Auto Trust 2023-A,2024-06-30,17,470,480,2,3,0,92677.43
World Omni Select Auto Trust 2023-A,2024-06-30,17,480,490,6,0,0,85394.67000000001
World Omni Select Auto Trust 2023-A,2024-06-30,17,490,500,7,1,0,136046.09000000003
World Omni Select Auto Trust 2023-A,2024-06-30,17,500,510,29,3,1,552061.2899999999
World Omni Select Auto Trust 2023-A,2024-06-30,17,510,520,30,3,4,621784.56
World Omni Select Auto Trust 2023-A,2024-06-30,17,520,530,45,5,2,755330.6399999999
World Omni Select Auto Trust 2023-A,2024-06-30,17,530,540,53,7,4,962061.4900000003
World Omni Select Auto Trust 2023-A,2024-06-30,17,540,550,82,20,7,1771612.6299999994
World Omni Select Auto Trust 2023-A,2024-06-30,17,550,560,99,16,10,1702672.1800000009
World Omni Select Auto Trust 2023-A,2024-06-30,17,560,570,125,15,8,2325228.64
World Omni Select Auto Trust 2023-A,2024-06-30,17,570,580,243,28,15,4831599.760000002
World Omni Select Auto Trust 2023-A,2024-06-30,17,580,590,627,83,40,14089676.900000008
World Omni Select Auto Trust 2023-A,2024-06-30,17,590,600,815,99,42,18435440.189999986
World Omni Select Auto Trust 2023-A,2024-06-30,17,600,610,1040,117,44,22638732.949999966
World Omni Select Auto Trust 2023-A,2024-06-30,17,610,620,1130,125,48,25790553.969999988
World Omni Select Auto Trust 2023-A,2024-06-30,17,620,630,1978,193,59,47749723.10000007
World Omni Select Auto Trust 2023-A,2024-06-30,17,630,640,1872,184,61,45399310.69000005
World Omni Select Auto Trust 2023-A,2024-06-30,17,640,650,2839,224,92,71712530.67999998
World Omni Select Auto Trust 2023-A,2024-06-30,17,650,660,219,24,7,5646636.749999994
World Omni Select Auto Trust 2023-A,2024-06-30,17,660,670,321,21,12,8185150.560000003
World Omni Select Auto Trust 2023-A,2024-06-30,17,670,680,306,24,6,7719616.260000003
World Omni Select Auto Trust 2023-A,2024-06-30,17,680,690,362,14,7,9135109.93
World Omni Select Auto Trust 2023-A,2024-06-30,17,690,700,396,23,6,10511783.479999999
World Omni Select Auto Trust 2023-A,2024-06-30,17,700,710,602,35,9,16852725.070000008
World Omni Select Auto Trust 2023-A,2024-06-30,17,710,720,591,21,10,16602423.950000005
World Omni Select Auto Trust 2023-A,2024-06-30,17,720,730,760,18,10,21123216.280000016
World Omni Select Auto Trust 2023-A,2024-06-30,17,730,740,709,16,6,19472593.379999977
World Omni Select Auto Trust 2023-A,2024-06-30,17,740,750,588,14,5,15594609.400000013
World Omni Select Auto Trust 2023-A,2024-06-30,17,750,760,540,17,3,14759882.12999999
World Omni Select Auto Trust 2023-A,2024-06-30,17,760,770,467,6,1,12469290.170000007
World Omni Select Auto Trust 2023-A,2024-06-30,17,770,780,482,11,2,13064529.200000009
World Omni Select Auto Trust 2023-A,2024-06-30,17,780,790,403,9,3,11058016.900000006
World Omni Select Auto Trust 2023-A,2024-06-30,17,790,800,312,3,0,7919497.810000006
World Omni Select Auto Trust 2023-A,2024-06-30,17,800,810,332,5,1,8943508.799999995
World Omni Select Auto Trust 2023-A,2024-06-30,17,810,820,265,9,1,6551270.67
World Omni Select Auto Trust 2023-A,2024-06-30,17,820,830,290,8,1,7552773.020000001
World Omni Select Auto Trust 2023-A,2024-06-30,17,830,840,237,3,0,5951947.620000004
World Omni Select Auto Trust 2023-A,2024-06-30,17,840,850,158,2,1,3696046.9899999984
World Omni Select Auto Trust 2023-A,2024-06-30,17,850,860,167,2,0,4270231.430000001
World Omni Select Auto Trust 2023-A,2024-06-30,17,860,870,122,3,0,3079589.2600000002
World Omni Select Auto Trust 2023-A,2024-06-30,17,870,880,48,0,0,1240286.0200000003
World Omni Select Auto Trust 2023-A,2024-06-30,17,880,890,9,0,0,205133.09000000003
World Omni Select Auto Trust 2023-A,2025-06-30,29,450,460,1,1,1,45597.47
World Omni Select Auto Trust 2023-A,2025-06-30,29,460,470,2,0,0,29473.3
World Omni Select Auto Trust 2023-A,2025-06-30,29,470,480,1,0,1,7152.52
World Omni Select Auto Trust 2023-A,2025-06-30,29,480,490,3,0,0,32588.56
World Omni Select Auto Trust 2023-A,2025-06-30,29,490,500,3,1,0,41938.079999999994
World Omni Select Auto Trust 2023-A,2025-06-30,29,500,510,19,3,0,329260.38
World Omni Select Auto Trust 2023-A,2025-06-30,29,510,520,15,5,1,362100.61999999994
World Omni Select Auto Trust 2023-A,2025-06-30,29,520,530,19,3,4,354021.32999999996
World Omni Select Auto Trust 2023-A,2025-06-30,29,530,540,27,1,0,454533.61
World Omni Select Auto Trust 2023-A,2025-06-30,29,540,550,47,10,3,958889.18
World Omni Select Auto Trust 2023-A,2025-06-30,29,550,560,43,7,2,835435.7199999997
World Omni Select Auto Trust 2023-A,2025-06-30,29,560,570,62,10,3,1266203.1200000003
World Omni Select Auto Trust 2023-A,2025-06-30,29,570,580,138,19,6,2659513.5499999993
World Omni Select Auto Trust 2023-A,2025-06-30,29,580,590,357,59,23,7570322.279999995
World Omni Select Auto Trust 2023-A,2025-06-30,29,590,600,437,81,27,9744451.749999994
World Omni Select Auto Trust 2023-A,2025-06-30,29,600,610,592,77,32,12393744.069999997
World Omni Select Auto Trust 2023-A,2025-06-30,29,610,620,677,85,37,14255398.979999997
World Omni Select Auto Trust 2023-A,2025-06-30,29,620,630,1215,153,51,27247018.869999968
World Omni Select Auto Trust 2023-A,2025-06-30,29,630,640,1165,118,39,25199494.32000001
World Omni Select Auto Trust 2023-A,2025-06-30,29,640,650,1885,161,82,41461740.18000009
World Omni Select Auto Trust 2023-A,2025-06-30,29,650,660,132,16,5,3221580.0399999986
World Omni Select Auto Trust 2023-A,2025-06-30,29,660,670,212,17,5,4542723.150000001
World Omni Select Auto Trust 2023-A,2025-06-30,29,670,680,197,17,4,4165289.180000001
World Omni Select Auto Trust 2023-A,2025-06-30,29,680,690,265,10,3,5603375.840000001
World Omni Select Auto Trust 2023-A,2025-06-30,29,690,700,268,16,6,6128031.259999999
World Omni Select Auto Trust 2023-A,2025-06-30,29,700,710,410,27,4,10061710.369999994
World Omni Select Auto Trust 2023-A,2025-06-30,29,710,720,416,19,9,10208676.549999995
World Omni Select Auto Trust 2023-A,2025-06-30,29,720,730,560,18,11,13481041.269999992
World Omni Select Auto Trust 2023-A,2025-06-30,29,730,740,505,16,9,11650460.079999998
World Omni Select Auto Trust 2023-A,2025-06-30,29,740,750,418,15,5,9653146.199999997
World Omni Select Auto Trust 2023-A,2025-06-30,29,750,760,385,12,3,9246603.84
World Omni Select Auto Trust 2023-A,2025-06-30,29,760,770,341,7,1,7771868.010000001
World Omni Select Auto Trust 2023-A,2025-06-30,29,770,780,346,7,0,8042702.2799999975
World Omni Select Auto Trust 2023-A,2025-06-30,29,780,790,294,7,3,6643930.220000002
World Omni Select Auto Trust 2023-A,2025-06-30,29,790,800,241,2,2,5100228.690000002
World Omni Select Auto Trust 2023-A,2025-06-30,29,800,810,263,3,0,5799316.419999999
World Omni Select Auto Trust 2023-A,2025-06-30,29,810,820,188,2,0,3948317.72
World Omni Select Auto Trust 2023-A,2025-06-30,29,820,830,214,3,1,4593602.639999998
World Omni Select Auto Trust 2023-A,2025-06-30,29,830,840,167,4,1,3682729.1099999985
World Omni Select Auto Trust 2023-A,2025-06-30,29,840,850,109,2,0,2069407.4799999997
World Omni Select Auto Trust 2023-A,2025-06-30,29,850,860,134,0,1,2744362.100000001
World Omni Select Auto Trust 2023-A,2025-06-30,29,860,870,93,1,0,1923021.5500000012
World Omni Select Auto Trust 2023-A,2025-06-30,29,870,880,44,0,0,893719.1200000001
World Omni Select Auto Trust 2023-A,2025-06-30,29,880,890,8,0,0,153809.59
World Omni Select Auto Trust 2023-A,2023-07-31,6,430,440,1,0,0,239.36
World Omni Select Auto Trust 2023-A,2023-07-31,6,440,450,0,1,0,9769.22
World Omni Select Auto Trust 2023-A,2023-07-31,6,450,460,5,1,1,107296.15
World Omni Select Auto Trust 2023-A,2023-07-31,6,460,470,8,2,0,141889.43
World Omni Select Auto Trust 2023-A,2023-07-31,6,470,480,9,2,0,180514.94999999998
World Omni Select Auto Trust 2023-A,2023-07-31,6,480,490,7,0,0,105641.41
World Omni Select Auto Trust 2023-A,2023-07-31,6,490,500,18,3,2,287908.87
World Omni Select Auto Trust 2023-A,2023-07-31,6,500,510,41,8,1,836911.0199999999
World Omni Select Auto Trust 2023-A,2023-07-31,6,510,520,54,9,2,1120076.35
World Omni Select Auto Trust 2023-A,2023-07-31,6,520,530,86,5,1,1368620.5900000005
World Omni Select Auto Trust 2023-A,2023-07-31,6,530,540,105,19,6,1874000.0600000008
World Omni Select Auto Trust 2023-A,2023-07-31,6,540,550,176,17,8,3085778.770000002
World Omni Select Auto Trust 2023-A,2023-07-31,6,550,560,215,24,4,3485861.8800000004
World Omni Select Auto Trust 2023-A,2023-07-31,6,560,570,236,34,14,4337656.380000001
World Omni Select Auto Trust 2023-A,2023-07-31,6,570,580,450,37,19,8532425.839999994
World Omni Select Auto Trust 2023-A,2023-07-31,6,580,590,1102,93,36,23659304.47000001
World Omni Select Auto Trust 2023-A,2023-07-31,6,590,600,1405,141,38,30862233.55999999
World Omni Select Auto Trust 2023-A,2023-07-31,6,600,610,1712,134,35,36980760.269999966
World Omni Select Auto Trust 2023-A,2023-07-31,6,610,620,1892,138,50,42310911.90999999
World Omni Select Auto Trust 2023-A,2023-07-31,6,620,630,3195,207,69,76622903.08000007
World Omni Select Auto Trust 2023-A,2023-07-31,6,630,640,3028,178,61,73509095.16999996
World Omni Select Auto Trust 2023-A,2023-07-31,6,640,650,4368,227,75,112843142.46000001
World Omni Select Auto Trust 2023-A,2023-07-31,6,650,660,372,23,4,8744867.399999999
World Omni Select Auto Trust 2023-A,2023-07-31,6,660,670,486,25,12,12571510.280000003
World Omni Select Auto Trust 2023-A,2023-07-31,6,670,680,525,18,9,12409303.889999999
World Omni Select Auto Trust 2023-A,2023-07-31,6,680,690,527,24,3,13729736.79
World Omni Select Auto Trust 2023-A,2023-07-31,6,690,700,565,23,8,15076663.159999996
World Omni Select Auto Trust 2023-A,2023-07-31,6,700,710,915,27,10,25385415.669999972
World Omni Select Auto Trust 2023-A,2023-07-31,6,710,720,814,26,6,23765432.569999985
World Omni Select Auto Trust 2023-A,2023-07-31,6,720,730,1041,25,4,30713144.23999998
World Omni Select Auto Trust 2023-A,2023-07-31,6,730,740,953,19,3,27422074.7
World Omni Select Auto Trust 2023-A,2023-07-31,6,740,750,770,16,5,22451563.029999975
World Omni Select Auto Trust 2023-A,2023-07-31,6,750,760,738,9,3,21371716.460000016
World Omni Select Auto Trust 2023-A,2023-07-31,6,760,770,608,7,3,17747729.090000022
World Omni Select Auto Trust 2023-A,2023-07-31,6,770,780,626,14,3,18359952.089999977
World Omni Select Auto Trust 2023-A,2023-07-31,6,780,790,540,4,0,15584313.270000001
World Omni Select Auto Trust 2023-A,2023-07-31,6,790,800,412,4,0,11215635.849999992
World Omni Select Auto Trust 2023-A,2023-07-31,6,800,810,460,6,3,13234489.59
World Omni Select Auto Trust 2023-A,2023-07-31,6,810,820,371,4,1,9722819.739999996
World Omni Select Auto Trust 2023-A,2023-07-31,6,820,830,365,5,3,10416105.890000002
World Omni Select Auto Trust 2023-A,2023-07-31,6,830,840,329,0,1,8811894.030000007
World Omni Select Auto Trust 2023-A,2023-07-31,6,840,850,214,2,0,5461300.529999999
World Omni Select Auto Trust 2023-A,2023-07-31,6,850,860,211,3,1,5832474.9700000025
World Omni Select Auto Trust 2023-A,2023-07-31,6,860,870,159,1,0,4234418.309999999
World Omni Select Auto Trust 2023-A,2023-07-31,6,870,880,61,2,0,1695899.5200000003
World Omni Select Auto Trust 2023-A,2023-07-31,6,880,890,11,0,0,251532.89
World Omni Select Auto Trust 2023-A,2024-07-31,18,450,460,5,1,0,91442.92
World Omni Select Auto Trust 2023-A,2024-07-31,18,460,470,4,0,0,48320.0
World Omni Select Auto Trust 2023-A,2024-07-31,18,470,480,3,1,1,91062.95
World Omni Select Auto Trust 2023-A,2024-07-31,18,480,490,3,2,0,65396.369999999995
World Omni Select Auto Trust 2023-A,2024-07-31,18,490,500,8,0,0,132481.69
World Omni Select Auto Trust 2023-A,2024-07-31,18,500,510,29,3,1,543502.4900000001
World Omni Select Auto Trust 2023-A,2024-07-31,18,510,520,24,9,2,586806.73
World Omni Select Auto Trust 2023-A,2024-07-31,18,520,530,36,10,0,688324.88
World Omni Select Auto Trust 2023-A,2024-07-31,18,530,540,46,11,4,942638.3500000001
World Omni Select Auto Trust 2023-A,2024-07-31,18,540,550,75,22,7,1698625.4400000004
World Omni Select Auto Trust 2023-A,2024-07-31,18,550,560,85,18,6,1610908.27
World Omni Select Auto Trust 2023-A,2024-07-31,18,560,570,105,25,6,2181031.4299999997
World Omni Select Auto Trust 2023-A,2024-07-31,18,570,580,222,40,11,4693742.580000001
World Omni Select Auto Trust 2023-A,2024-07-31,18,580,590,600,89,26,13389032.160000004
World Omni Select Auto Trust 2023-A,2024-07-31,18,590,600,759,113,33,17537500.86
World Omni Select Auto Trust 2023-A,2024-07-31,18,600,610,996,109,36,21624909.06
World Omni Select Auto Trust 2023-A,2024-07-31,18,610,620,1072,126,53,24719043.42
World Omni Select Auto Trust 2023-A,2024-07-31,18,620,630,1854,212,63,45524284.63000004
World Omni Select Auto Trust 2023-A,2024-07-31,18,630,640,1764,195,66,43383796.56000002
World Omni Select Auto Trust 2023-A,2024-07-31,18,640,650,2727,233,77,68486242.09
World Omni Select Auto Trust 2023-A,2024-07-31,18,650,660,198,31,8,5431333.289999999
World Omni Select Auto Trust 2023-A,2024-07-31,18,660,670,308,19,16,7856348.5600000005
World Omni Select Auto Trust 2023-A,2024-07-31,18,670,680,281,22,11,7085899.71
World Omni Select Auto Trust 2023-A,2024-07-31,18,680,690,347,20,5,8791882.65
World Omni Select Auto Trust 2023-A,2024-07-31,18,690,700,385,21,5,10076189.92
World Omni Select Auto Trust 2023-A,2024-07-31,18,700,710,582,27,12,16158455.849999998
World Omni Select Auto Trust 2023-A,2024-07-31,18,710,720,572,20,8,15956690.490000002
World Omni Select Auto Trust 2023-A,2024-07-31,18,720,730,735,20,5,20299365.84000001
World Omni Select Auto Trust 2023-A,2024-07-31,18,730,740,681,20,10,18762397.87
World Omni Select Auto Trust 2023-A,2024-07-31,18,740,750,560,20,6,15029550.55
World Omni Select Auto Trust 2023-A,2024-07-31,18,750,760,523,13,6,14231153.999999993
World Omni Select Auto Trust 2023-A,2024-07-31,18,760,770,451,5,0,11937297.499999996
World Omni Select Auto Trust 2023-A,2024-07-31,18,770,780,467,10,2,12617331.96
World Omni Select Auto Trust 2023-A,2024-07-31,18,780,790,393,11,3,10605877.099999998
World Omni Select Auto Trust 2023-A,2024-07-31,18,790,800,307,2,0,7715324.839999998
World Omni Select Auto Trust 2023-A,2024-07-31,18,800,810,325,3,2,8573903.620000001
World Omni Select Auto Trust 2023-A,2024-07-31,18,810,820,258,3,1,6224551.489999999
World Omni Select Auto Trust 2023-A,2024-07-31,18,820,830,279,3,4,7246442.550000001
World Omni Select Auto Trust 2023-A,2024-07-31,18,830,840,232,2,1,5747770.73
World Omni Select Auto Trust 2023-A,2024-07-31,18,840,850,149,1,2,3420231.25
World Omni Select Auto Trust 2023-A,2024-07-31,18,850,860,166,2,1,4197903.03
World Omni Select Auto Trust 2023-A,2024-07-31,18,860,870,121,1,1,3023501.05
World Omni Select Auto Trust 2023-A,2024-07-31,18,870,880,48,0,0,1218797.1099999999
World Omni Select Auto Trust 2023-A,2024-07-31,18,880,890,9,0,0,199211.59
World Omni Select Auto Trust 2023-A,2025-07-31,30,450,460,0,2,1,45142.03
World Omni Select Auto Trust 2023-A,2025-07-31,30,460,470,2,0,0,29062.989999999998
World Omni Select Auto Trust 2023-A,2025-07-31,30,470,480,1,0,0,6636.38
World Omni Select Auto Trust 2023-A,2025-07-31,30,480,490,2,1,0,32129.3
World Omni Select Auto Trust 2023-A,2025-07-31,30,490,500,3,1,0,40291.44
World Omni Select Auto Trust 2023-A,2025-07-31,30,500,510,17,4,1,322278.43
World Omni Select Auto Trust 2023-A,2025-07-31,30,510,520,15,5,0,319914.8
World Omni Select Auto Trust 2023-A,2025-07-31,30,520,530,20,2,4,346609.39
World Omni Select Auto Trust 2023-A,2025-07-31,30,530,540,25,3,0,427003.9799999999
World Omni Select Auto Trust 2023-A,2025-07-31,30,540,550,45,9,5,927098.8900000001
World Omni Select Auto Trust 2023-A,2025-07-31,30,550,560,39,8,1,759633.8799999998
World Omni Select Auto Trust 2023-A,2025-07-31,30,560,570,62,9,2,1157163.6799999997
World Omni Select Auto Trust 2023-A,2025-07-31,30,570,580,132,20,6,2508822.6300000013
World Omni Select Auto Trust 2023-A,2025-07-31,30,580,590,338,65,18,7141418.549999996
World Omni Select Auto Trust 2023-A,2025-07-31,30,590,600,425,78,30,9399640.649999999
World Omni Select Auto Trust 2023-A,2025-07-31,30,600,610,582,75,25,11892751.320000004
World Omni Select Auto Trust 2023-A,2025-07-31,30,610,620,634,96,38,13431671.33000001
World Omni Select Auto Trust 2023-A,2025-07-31,30,620,630,1158,168,58,26106070.909999996
World Omni Select Auto Trust 2023-A,2025-07-31,30,630,640,1121,129,37,23916711.320000026
World Omni Select Auto Trust 2023-A,2025-07-31,30,640,650,1833,180,63,39565461.56999994
World Omni Select Auto Trust 2023-A,2025-07-31,30,650,660,129,15,7,3099855.340000001
World Omni Select Auto Trust 2023-A,2025-07-31,30,660,670,204,16,10,4355751.080000006
World Omni Select Auto Trust 2023-A,2025-07-31,30,670,680,190,20,2,3982807.57
World Omni Select Auto Trust 2023-A,2025-07-31,30,680,690,255,16,2,5369130.430000001
World Omni Select Auto Trust 2023-A,2025-07-31,30,690,700,258,25,2,5922406.150000003
World Omni Select Auto Trust 2023-A,2025-07-31,30,700,710,403,25,6,9666381.739999996
World Omni Select Auto Trust 2023-A,2025-07-31,30,710,720,401,21,10,9745001.329999993
World Omni Select Auto Trust 2023-A,2025-07-31,30,720,730,549,17,7,12787582.240000017
World Omni Select Auto Trust 2023-A,2025-07-31,30,730,740,497,16,8,11164965.57999999
World Omni Select Auto Trust 2023-A,2025-07-31,30,740,750,406,18,5,9224947.009999998
World Omni Select Auto Trust 2023-A,2025-07-31,30,750,760,383,8,4,8935115.83
World Omni Select Auto Trust 2023-A,2025-07-31,30,760,770,329,8,4,7386613.890000007
World Omni Select Auto Trust 2023-A,2025-07-31,30,770,780,334,10,0,7663025.390000002
World Omni Select Auto Trust 2023-A,2025-07-31,30,780,790,290,4,3,6407229.599999999
World Omni Select Auto Trust 2023-A,2025-07-31,30,790,800,238,4,1,4972494.009999997
World Omni Select Auto Trust 2023-A,2025-07-31,30,800,810,257,2,1,5539908.819999998
World Omni Select Auto Trust 2023-A,2025-07-31,30,810,820,181,5,0,3776717.5699999984
World Omni Select Auto Trust 2023-A,2025-07-31,30,820,830,204,3,3,4293124.469999996
World Omni Select Auto Trust 2023-A,2025-07-31,30,830,840,165,2,2,3553661.869999998
World Omni Select Auto Trust 2023-A,2025-07-31,30,840,850,105,2,0,1959404.01
World Omni Select Auto Trust 2023-A,2025-07-31,30,850,860,132,1,0,2624566.860000001
World Omni Select Auto Trust 2023-A,2025-07-31,30,860,870,93,0,0,1880473.8999999997
World Omni Select Auto Trust 2023-A,2025-07-31,30,870,880,42,1,0,861206.5400000003
World Omni Select Auto Trust 2023-A,2025-07-31,30,880,890,8,0,0,150082.75
World Omni Select Auto Trust 2023-A,2023-08-31,7,440,450,0,1,0,9575.15
World Omni Select Auto Trust 2023-A,2023-08-31,7,450,460,6,1,0,106046.7
World Omni Select Auto Trust 2023-A,2023-08-31,7,460,470,7,1,1,116197.56
World Omni Select Auto Trust 2023-A,2023-08-31,7,470,480,8,2,0,148842.69
World Omni Select Auto Trust 2023-A,2023-08-31,7,480,490,5,2,0,104800.29999999999
World Omni Select Auto Trust 2023-A,2023-08-31,7,490,500,17,2,2,277846.30000000005
World Omni Select Auto Trust 2023-A,2023-08-31,7,500,510,40,7,1,822294.1
World Omni Select Auto Trust 2023-A,2023-08-31,7,510,520,56,6,1,1050134.5799999996
World Omni Select Auto Trust 2023-A,2023-08-31,7,520,530,78,10,1,1319494.7300000007
World Omni Select Auto Trust 2023-A,2023-08-31,7,530,540,99,16,5,1744665.4300000002
World Omni Select Auto Trust 2023-A,2023-08-31,7,540,550,168,15,6,2857519.0300000003
World Omni Select Auto Trust 2023-A,2023-08-31,7,550,560,203,28,5,3285104.0999999987
World Omni Select Auto Trust 2023-A,2023-08-31,7,560,570,231,29,11,4082764.100000001
World Omni Select Auto Trust 2023-A,2023-08-31,7,570,580,429,41,12,8104792.160000004
World Omni Select Auto Trust 2023-A,2023-08-31,7,580,590,1040,98,35,22493458.66999999
World Omni Select Auto Trust 2023-A,2023-08-31,7,590,600,1345,139,39,29444608.71999995
World Omni Select Auto Trust 2023-A,2023-08-31,7,600,610,1634,144,40,35371456.580000065
World Omni Select Auto Trust 2023-A,2023-08-31,7,610,620,1812,144,43,40324022.13999996
World Omni Select Auto Trust 2023-A,2023-08-31,7,620,630,3060,208,54,73172016.74999978
World Omni Select Auto Trust 2023-A,2023-08-31,7,630,640,2922,162,68,70650923.37999992
World Omni Select Auto Trust 2023-A,2023-08-31,7,640,650,4200,235,79,108319546.46000008
World Omni Select Auto Trust 2023-A,2023-08-31,7,650,660,353,25,4,8353355.659999992
World Omni Select Auto Trust 2023-A,2023-08-31,7,660,670,474,28,7,12160148.240000006
World Omni Select Auto Trust 2023-A,2023-08-31,7,670,680,498,24,8,11902761.250000006
World Omni Select Auto Trust 2023-A,2023-08-31,7,680,690,502,24,4,13118321.830000008
World Omni Select Auto Trust 2023-A,2023-08-31,7,690,700,543,26,9,14446171.819999998
World Omni Select Auto Trust 2023-A,2023-08-31,7,700,710,877,27,12,24417696.88999997
World Omni Select Auto Trust 2023-A,2023-08-31,7,710,720,806,13,6,23093418.809999995
World Omni Select Auto Trust 2023-A,2023-08-31,7,720,730,1015,19,8,29894293.820000026
World Omni Select Auto Trust 2023-A,2023-08-31,7,730,740,918,20,6,26401944.02000004
World Omni Select Auto Trust 2023-A,2023-08-31,7,740,750,748,16,7,21740080.959999982
World Omni Select Auto Trust 2023-A,2023-08-31,7,750,760,717,12,2,20811738.989999995
World Omni Select Auto Trust 2023-A,2023-08-31,7,760,770,578,6,4,16982824.609999977
World Omni Select Auto Trust 2023-A,2023-08-31,7,770,780,606,13,3,17562995.56000001
World Omni Select Auto Trust 2023-A,2023-08-31,7,780,790,526,4,1,15078917.980000006
World Omni Select Auto Trust 2023-A,2023-08-31,7,790,800,396,6,1,10892876.38
World Omni Select Auto Trust 2023-A,2023-08-31,7,800,810,442,5,2,12680955.879999995
World Omni Select Auto Trust 2023-A,2023-08-31,7,810,820,363,3,3,9470396.5
World Omni Select Auto Trust 2023-A,2023-08-31,7,820,830,358,4,1,10082094.83000001
World Omni Select Auto Trust 2023-A,2023-08-31,7,830,840,315,5,1,8468888.389999995
World Omni Select Auto Trust 2023-A,2023-08-31,7,840,850,203,3,1,5232408.54
World Omni Select Auto Trust 2023-A,2023-08-31,7,850,860,208,1,0,5655611.889999995
World Omni Select Auto Trust 2023-A,2023-08-31,7,860,870,153,0,1,4139682.1899999985
World Omni Select Auto Trust 2023-A,2023-08-31,7,870,880,61,0,0,1667898.0100000005
World Omni Select Auto Trust 2023-A,2023-08-31,7,880,890,10,0,0,244951.33000000005
World Omni Select Auto Trust 2023-A,2024-08-31,19,450,460,2,3,0,72197.19
World Omni Select Auto Trust 2023-A,2024-08-31,19,460,470,4,0,0,46995.8
World Omni Select Auto Trust 2023-A,2024-08-31,19,470,480,4,1,0,88445.3
World Omni Select Auto Trust 2023-A,2024-08-31,19,480,490,3,1,0,63992.17
World Omni Select Auto Trust 2023-A,2024-08-31,19,490,500,7,1,0,130695.62
World Omni Select Auto Trust 2023-A,2024-08-31,19,500,510,29,2,0,509314.9799999999
World Omni Select Auto Trust 2023-A,2024-08-31,19,510,520,24,6,5,578440.9600000001
World Omni Select Auto Trust 2023-A,2024-08-31,19,520,530,34,5,3,625329.2799999998
World Omni Select Auto Trust 2023-A,2024-08-31,19,530,540,42,11,1,876458.1900000001
World Omni Select Auto Trust 2023-A,2024-08-31,19,540,550,65,23,8,1556709.3400000005
World Omni Select Auto Trust 2023-A,2024-08-31,19,550,560,83,11,7,1531494.1300000006
World Omni Select Auto Trust 2023-A,2024-08-31,19,560,570,95,21,5,2078556.4799999997
World Omni Select Auto Trust 2023-A,2024-08-31,19,570,580,216,31,12,4471338.069999999
World Omni Select Auto Trust 2023-A,2024-08-31,19,580,590,570,84,31,12769226.789999992
World Omni Select Auto Trust 2023-A,2024-08-31,19,590,600,716,114,38,16559620.83000001
World Omni Select Auto Trust 2023-A,2024-08-31,19,600,610,956,102,35,20757640.900000006
World Omni Select Auto Trust 2023-A,2024-08-31,19,610,620,1011,132,43,23331861.150000025
World Omni Select Auto Trust 2023-A,2024-08-31,19,620,630,1764,201,76,43500273.32999996
World Omni Select Auto Trust 2023-A,2024-08-31,19,630,640,1698,175,66,41437164.84000008
World Omni Select Auto Trust 2023-A,2024-08-31,19,640,650,2601,241,74,65478485.94999999
World Omni Select Auto Trust 2023-A,2024-08-31,19,650,660,189,25,10,5173025.789999999
World Omni Select Auto Trust 2023-A,2024-08-31,19,660,670,300,15,18,7556731.419999997
World Omni Select Auto Trust 2023-A,2024-08-31,19,670,680,265,20,11,6701100.739999996
World Omni Select Auto Trust 2023-A,2024-08-31,19,680,690,338,18,6,8504679.150000008
World Omni Select Auto Trust 2023-A,2024-08-31,19,690,700,369,24,5,9688854.669999996
World Omni Select Auto Trust 2023-A,2024-08-31,19,700,710,561,28,5,15443923.080000006
World Omni Select Auto Trust 2023-A,2024-08-31,19,710,720,556,24,8,15510531.479999999
World Omni Select Auto Trust 2023-A,2024-08-31,19,720,730,716,18,6,19513631.879999988
World Omni Select Auto Trust 2023-A,2024-08-31,19,730,740,670,17,11,18211392.329999972
World Omni Select Auto Trust 2023-A,2024-08-31,19,740,750,532,22,9,14473909.72000002
World Omni Select Auto Trust 2023-A,2024-08-31,19,750,760,503,13,8,13763644.710000005
World Omni Select Auto Trust 2023-A,2024-08-31,19,760,770,435,6,3,11424507.370000003
World Omni Select Auto Trust 2023-A,2024-08-31,19,770,780,458,7,3,12298129.709999999
World Omni Select Auto Trust 2023-A,2024-08-31,19,780,790,383,9,2,10263425.079999994
World Omni Select Auto Trust 2023-A,2024-08-31,19,790,800,296,4,0,7393009.050000003
World Omni Select Auto Trust 2023-A,2024-08-31,19,800,810,315,5,0,8271017.549999999
World Omni Select Auto Trust 2023-A,2024-08-31,19,810,820,247,3,3,5958900.530000003
World Omni Select Auto Trust 2023-A,2024-08-31,19,820,830,270,3,4,6914833.5500000045
World Omni Select Auto Trust 2023-A,2024-08-31,19,830,840,227,1,1,5568098.279999998
World Omni Select Auto Trust 2023-A,2024-08-31,19,840,850,143,3,1,3280178.03
World Omni Select Auto Trust 2023-A,2024-08-31,19,850,860,165,1,1,4103170.8100000005
World Omni Select Auto Trust 2023-A,2024-08-31,19,860,870,118,2,1,2907543.3800000013
World Omni Select Auto Trust 2023-A,2024-08-31,19,870,880,48,0,0,1196597.5899999999
World Omni Select Auto Trust 2023-A,2024-08-31,19,880,890,9,0,0,195561.42
World Omni Select Auto Trust 2023-A,2025-08-31,31,450,460,1,2,0,43652.060000000005
World Omni Select Auto Trust 2023-A,2025-08-31,31,460,470,1,0,0,13543.3
World Omni Select Auto Trust 2023-A,2025-08-31,31,470,480,1,0,0,6636.38
World Omni Select Auto Trust 2023-A,2025-08-31,31,480,490,2,0,1,31701.33
World Omni Select Auto Trust 2023-A,2025-08-31,31,490,500,3,0,1,39215.020000000004
World Omni Select Auto Trust 2023-A,2025-08-31,31,500,510,17,3,0,286959.6
World Omni Select Auto Trust 2023-A,2025-08-31,31,510,520,12,6,1,304044.05
World Omni Select Auto Trust 2023-A,2025-08-31,31,520,530,21,2,2,325405.07000000007
World Omni Select Auto Trust 2023-A,2025-08-31,31,530,540,24,3,0,415165.75
World Omni Select Auto Trust 2023-A,2025-08-31,31,540,550,46,9,3,882404.3599999999
World Omni Select Auto Trust 2023-A,2025-08-31,31,550,560,40,6,2,743554.27
World Omni Select Auto Trust 2023-A,2025-08-31,31,560,570,61,7,4,1116568.24
World Omni Select Auto Trust 2023-A,2025-08-31,31,570,580,127,23,4,2382444.4200000004
World Omni Select Auto Trust 2023-A,2025-08-31,31,580,590,331,50,23,6718931.590000002
World Omni Select Auto Trust 2023-A,2025-08-31,31,590,600,415,70,33,8913430.620000001
World Omni Select Auto Trust 2023-A,2025-08-31,31,600,610,545,84,32,11193736.929999996
World Omni Select Auto Trust 2023-A,2025-08-31,31,610,620,609,83,52,12721416.170000002
World Omni Select Auto Trust 2023-A,2025-08-31,31,620,630,1117,166,60,24911445.130000003
World Omni Select Auto Trust 2023-A,2025-08-31,31,630,640,1069,137,46,22707987.94000001
World Omni Select Auto Trust 2023-A,2025-08-31,31,640,650,1760,192,69,37615519.62999998
World Omni Select Auto Trust 2023-A,2025-08-31,31,650,660,128,13,5,2922280.0100000002
World Omni Select Auto Trust 2023-A,2025-08-31,31,660,670,196,14,9,4051686.61
World Omni Select Auto Trust 2023-A,2025-08-31,31,670,680,186,17,5,3782509.47
World Omni Select Auto Trust 2023-A,2025-08-31,31,680,690,247,16,6,5168641.710000001
World Omni Select Auto Trust 2023-A,2025-08-31,31,690,700,257,15,9,5626814.119999999
World Omni Select Auto Trust 2023-A,2025-08-31,31,700,710,395,20,10,9267084.190000001
World Omni Select Auto Trust 2023-A,2025-08-31,31,710,720,396,16,4,9111501.309999999
World Omni Select Auto Trust 2023-A,2025-08-31,31,720,730,535,19,4,12254675.329999998
World Omni Select Auto Trust 2023-A,2025-08-31,31,730,740,490,14,7,10700702.619999997
World Omni Select Auto Trust 2023-A,2025-08-31,31,740,750,403,10,8,8884565.819999998
World Omni Select Auto Trust 2023-A,2025-08-31,31,750,760,364,13,4,8431623.439999998
World Omni Select Auto Trust 2023-A,2025-08-31,31,760,770,320,7,5,7038568.529999999
World Omni Select Auto Trust 2023-A,2025-08-31,31,770,780,326,12,1,7408257.799999999
World Omni Select Auto Trust 2023-A,2025-08-31,31,780,790,279,9,1,6106581.5
World Omni Select Auto Trust 2023-A,2025-08-31,31,790,800,230,4,1,4684507.67
World Omni Select Auto Trust 2023-A,2025-08-31,31,800,810,253,2,1,5331918.529999999
World Omni Select Auto Trust 2023-A,2025-08-31,31,810,820,178,2,2,3649018.9299999997
World Omni Select Auto Trust 2023-A,2025-08-31,31,820,830,199,6,2,4117563.84
World Omni Select Auto Trust 2023-A,2025-08-31,31,830,840,163,0,1,3363798.59
World Omni Select Auto Trust 2023-A,2025-08-31,31,840,850,100,3,0,1850996.0399999996
World Omni Select Auto Trust 2023-A,2025-08-31,31,850,860,131,0,0,2538312.62
World Omni Select Auto Trust 2023-A,2025-08-31,31,860,870,91,0,0,1791929.71
World Omni Select Auto Trust 2023-A,2025-08-31,31,870,880,42,0,0,807902.6499999999
World Omni Select Auto Trust 2023-A,2025-08-31,31,880,890,8,0,0,147058.9
World Omni Select Auto Trust 2023-A,2023-09-30,8,440,450,0,0,1,9471.02
World Omni Select Auto Trust 2023-A,2023-09-30,8,450,460,6,1,0,103885.34
World Omni Select Auto Trust 2023-A,2023-09-30,8,460,470,9,0,0,112048.54999999999
World Omni Select Auto Trust 2023-A,2023-09-30,8,470,480,8,1,1,146624.46
World Omni Select Auto Trust 2023-A,2023-09-30,8,480,490,7,0,0,102493.37000000001
World Omni Select Auto Trust 2023-A,2023-09-30,8,490,500,17,1,2,245040.33000000002
World Omni Select Auto Trust 2023-A,2023-09-30,8,500,510,37,8,1,787494.71
World Omni Select Auto Trust 2023-A,2023-09-30,8,510,520,56,4,2,1034095.4199999999
World Omni Select Auto Trust 2023-A,2023-09-30,8,520,530,82,4,1,1234462.8600000003
World Omni Select Auto Trust 2023-A,2023-09-30,8,530,540,91,15,8,1648527.5300000005
World Omni Select Auto Trust 2023-A,2023-09-30,8,540,550,162,17,2,2724859.78
World Omni Select Auto Trust 2023-A,2023-09-30,8,550,560,191,25,8,3063897.9699999993
World Omni Select Auto Trust 2023-A,2023-09-30,8,560,570,223,21,7,3785072.69
World Omni Select Auto Trust 2023-A,2023-09-30,8,570,580,408,32,17,7606179.580000007
World Omni Select Auto Trust 2023-A,2023-09-30,8,580,590,987,106,40,21572759.569999993
World Omni Select Auto Trust 2023-A,2023-09-30,8,590,600,1301,118,45,28090602.30000008
World Omni Select Auto Trust 2023-A,2023-09-30,8,600,610,1569,140,49,34019375.389999986
World Omni Select Auto Trust 2023-A,2023-09-30,8,610,620,1766,125,43,38779434.71000004
World Omni Select Auto Trust 2023-A,2023-09-30,8,620,630,2938,208,57,70074749.4399999
World Omni Select Auto Trust 2023-A,2023-09-30,8,630,640,2804,167,66,67829476.90999989
World Omni Select Auto Trust 2023-A,2023-09-30,8,640,650,4094,208,69,104236657.71999991
World Omni Select Auto Trust 2023-A,2023-09-30,8,650,660,341,25,4,8144488.010000001
World Omni Select Auto Trust 2023-A,2023-09-30,8,660,670,448,27,10,11691764.190000001
World Omni Select Auto Trust 2023-A,2023-09-30,8,670,680,471,28,6,11426639.880000005
World Omni Select Auto Trust 2023-A,2023-09-30,8,680,690,487,23,6,12744324.669999985
World Omni Select Auto Trust 2023-A,2023-09-30,8,690,700,526,22,14,14022305.739999996
World Omni Select Auto Trust 2023-A,2023-09-30,8,700,710,838,30,11,23509758.269999992
World Omni Select Auto Trust 2023-A,2023-09-30,8,710,720,780,21,5,22457312.830000006
World Omni Select Auto Trust 2023-A,2023-09-30,8,720,730,991,19,9,29012573.280000012
World Omni Select Auto Trust 2023-A,2023-09-30,8,730,740,907,15,5,25746888.08000001
World Omni Select Auto Trust 2023-A,2023-09-30,8,740,750,726,21,8,21032190.520000026
World Omni Select Auto Trust 2023-A,2023-09-30,8,750,760,701,13,3,20093327.7
World Omni Select Auto Trust 2023-A,2023-09-30,8,760,770,564,9,3,16450626.639999999
World Omni Select Auto Trust 2023-A,2023-09-30,8,770,780,588,8,3,16925102.420000006
World Omni Select Auto Trust 2023-A,2023-09-30,8,780,790,510,3,1,14670802.770000016
World Omni Select Auto Trust 2023-A,2023-09-30,8,790,800,385,4,3,10598853.059999999
World Omni Select Auto Trust 2023-A,2023-09-30,8,800,810,435,1,3,12399314.320000013
World Omni Select Auto Trust 2023-A,2023-09-30,8,810,820,356,3,1,9132122.37
World Omni Select Auto Trust 2023-A,2023-09-30,8,820,830,339,5,2,9675240.860000009
World Omni Select Auto Trust 2023-A,2023-09-30,8,830,840,307,5,1,8143236.850000001
World Omni Select Auto Trust 2023-A,2023-09-30,8,840,850,198,3,1,5031712.179999996
World Omni Select Auto Trust 2023-A,2023-09-30,8,850,860,201,2,0,5536849.22
World Omni Select Auto Trust 2023-A,2023-09-30,8,860,870,149,0,1,4058063.51
World Omni Select Auto Trust 2023-A,2023-09-30,8,870,880,59,1,0,1611297.7300000004
World Omni Select Auto Trust 2023-A,2023-09-30,8,880,890,10,0,0,241168.29
World Omni Select Auto Trust 2023-A,2024-09-30,20,450,460,4,1,0,70687.57
World Omni Select Auto Trust 2023-A,2024-09-30,20,460,470,3,0,0,45615.04
World Omni Select Auto Trust 2023-A,2024-09-30,20,470,480,4,1,0,87864.26000000001
World Omni Select Auto Trust 2023-A,2024-09-30,20,480,490,4,0,0,62325.549999999996
World Omni Select Auto Trust 2023-A,2024-09-30,20,490,500,6,1,0,127667.37
World Omni Select Auto Trust 2023-A,2024-09-30,20,500,510,27,2,1,482339.2700000001
World Omni Select Auto Trust 2023-A,2024-09-30,20,510,520,24,4,5,565694.49
World Omni Select Auto Trust 2023-A,2024-09-30,20,520,530,33,4,3,608733.2700000001
World Omni Select Auto Trust 2023-A,2024-09-30,20,530,540,46,8,0,852503.7599999999
World Omni Select Auto Trust 2023-A,2024-09-30,20,540,550,66,17,7,1507737.57
World Omni Select Auto Trust 2023-A,2024-09-30,20,550,560,81,13,5,1497172.9299999995
World Omni Select Auto Trust 2023-A,2024-09-30,20,560,570,87,21,7,1984110.2699999998
World Omni Select Auto Trust 2023-A,2024-09-30,20,570,580,208,27,10,4280219.159999999
World Omni Select Auto Trust 2023-A,2024-09-30,20,580,590,517,95,35,12124687.220000008
World Omni Select Auto Trust 2023-A,2024-09-30,20,590,600,695,100,40,15962186.61
World Omni Select Auto Trust 2023-A,2024-09-30,20,600,610,898,119,30,19661104.019999992
World Omni Select Auto Trust 2023-A,2024-09-30,20,610,620,969,121,52,22326053.629999995
World Omni Select Auto Trust 2023-A,2024-09-30,20,620,630,1674,201,77,41595719.50000005
World Omni Select Auto Trust 2023-A,2024-09-30,20,630,640,1636,153,63,39474357.78000002
World Omni Select Auto Trust 2023-A,2024-09-30,20,640,650,2490,225,87,62532370.44999989
World Omni Select Auto Trust 2023-A,2024-09-30,20,650,660,184,25,6,4881138.850000004
World Omni Select Auto Trust 2023-A,2024-09-30,20,660,670,288,19,9,7136679.170000003
World Omni Select Auto Trust 2023-A,2024-09-30,20,670,680,257,20,12,6503479.7600000035
World Omni Select Auto Trust 2023-A,2024-09-30,20,680,690,329,23,4,8282492.669999994
World Omni Select Auto Trust 2023-A,2024-09-30,20,690,700,350,22,9,9288009.159999995
World Omni Select Auto Trust 2023-A,2024-09-30,20,700,710,544,26,7,14850568.789999986
World Omni Select Auto Trust 2023-A,2024-09-30,20,710,720,543,19,13,15020165.999999996
World Omni Select Auto Trust 2023-A,2024-09-30,20,720,730,698,23,6,18943036.24000001
World Omni Select Auto Trust 2023-A,2024-09-30,20,730,740,652,20,5,17470123.87999999
World Omni Select Auto Trust 2023-A,2024-09-30,20,740,750,524,15,10,13952477.379999993
World Omni Select Auto Trust 2023-A,2024-09-30,20,750,760,481,12,11,13297703.140000021
World Omni Select Auto Trust 2023-A,2024-09-30,20,760,770,421,6,2,10969290.849999987
World Omni Select Auto Trust 2023-A,2024-09-30,20,770,780,439,10,4,11799029.290000007
World Omni Select Auto Trust 2023-A,2024-09-30,20,780,790,377,4,4,9953512.490000002
World Omni Select Auto Trust 2023-A,2024-09-30,20,790,800,291,5,0,7164581.010000004
World Omni Select Auto Trust 2023-A,2024-09-30,20,800,810,314,2,2,8040769.910000003
World Omni Select Auto Trust 2023-A,2024-09-30,20,810,820,239,5,1,5676938.270000005
World Omni Select Auto Trust 2023-A,2024-09-30,20,820,830,264,3,4,6714754.869999999
World Omni Select Auto Trust 2023-A,2024-09-30,20,830,840,220,1,1,5424599.670000002
World Omni Select Auto Trust 2023-A,2024-09-30,20,840,850,136,2,2,3130674.1199999973
World Omni Select Auto Trust 2023-A,2024-09-30,20,850,860,162,1,0,3924893.6500000027
World Omni Select Auto Trust 2023-A,2024-09-30,20,860,870,117,1,0,2790671.2199999997
World Omni Select Auto Trust 2023-A,2024-09-30,20,870,880,47,1,0,1177071.21
World Omni Select Auto Trust 2023-A,2024-09-30,20,880,890,9,0,0,191869.59999999998
World Omni Select Auto Trust 2023-A,2025-09-30,32,450,460,1,1,1,43283.65
World Omni Select Auto Trust 2023-A,2025-09-30,32,460,470,1,0,0,13130.48
World Omni Select Auto Trust 2023-A,2025-09-30,32,470,480,1,0,0,6183.11
World Omni Select Auto Trust 2023-A,2025-09-30,32,480,490,2,0,1,31235.019999999997
World Omni Select Auto Trust 2023-A,2025-09-30,32,490,500,3,0,1,37887.12
World Omni Select Auto Trust 2023-A,2025-09-30,32,500,510,15,5,0,280516.25
World Omni Select Auto Trust 2023-A,2025-09-30,32,510,520,12,5,1,284687.42000000004
World Omni Select Auto Trust 2023-A,2025-09-30,32,520,530,19,1,2,283450.91000000003
World Omni Select Auto Trust 2023-A,2025-09-30,32,530,540,24,3,0,405355.57000000007
World Omni Select Auto Trust 2023-A,2025-09-30,32,540,550,44,9,3,844016.78
World Omni Select Auto Trust 2023-A,2025-09-30,32,550,560,36,7,4,712264.31
World Omni Select Auto Trust 2023-A,2025-09-30,32,560,570,57,8,4,1059838.76
World Omni Select Auto Trust 2023-A,2025-09-30,32,570,580,130,17,4,2270399.1399999987
World Omni Select Auto Trust 2023-A,2025-09-30,32,580,590,331,42,22,6419721.069999999
World Omni Select Auto Trust 2023-A,2025-09-30,32,590,600,408,63,28,8393898.920000004
World Omni Select Auto Trust 2023-A,2025-09-30,32,600,610,533,76,29,10583116.120000007
World Omni Select Auto Trust 2023-A,2025-09-30,32,610,620,592,83,47,12031934.129999995
World Omni Select Auto Trust 2023-A,2025-09-30,32,620,630,1092,142,66,23489159.18000002
World Omni Select Auto Trust 2023-A,2025-09-30,32,630,640,1036,135,41,21537277.670000013
World Omni Select Auto Trust 2023-A,2025-09-30,32,640,650,1713,181,74,35805103.51999996
World Omni Select Auto Trust 2023-A,2025-09-30,32,650,660,126,16,3,2827916.69
World Omni Select Auto Trust 2023-A,2025-09-30,32,660,670,186,14,8,3801700.8800000004
World Omni Select Auto Trust 2023-A,2025-09-30,32,670,680,182,18,4,3626671.8000000007
World Omni Select Auto Trust 2023-A,2025-09-30,32,680,690,248,12,3,4923139.310000003
World Omni Select Auto Trust 2023-A,2025-09-30,32,690,700,246,17,8,5322187.939999999
World Omni Select Auto Trust 2023-A,2025-09-30,32,700,710,383,17,7,8604337.170000007
World Omni Select Auto Trust 2023-A,2025-09-30,32,710,720,385,19,3,8743685.150000006
World Omni Select Auto Trust 2023-A,2025-09-30,32,720,730,522,21,4,11775540.250000002
World Omni Select Auto Trust 2023-A,2025-09-30,32,730,740,470,13,6,10073228.179999996
World Omni Select Auto Trust 2023-A,2025-09-30,32,740,750,394,14,5,8556086.299999999
World Omni Select Auto Trust 2023-A,2025-09-30,32,750,760,357,12,4,8068483.999999992
World Omni Select Auto Trust 2023-A,2025-09-30,32,760,770,314,6,5,6692889.399999995
World Omni Select Auto Trust 2023-A,2025-09-30,32,770,780,323,4,3,7022966.380000001
World Omni Select Auto Trust 2023-A,2025-09-30,32,780,790,275,5,3,5839336.15
World Omni Select Auto Trust 2023-A,2025-09-30,32,790,800,226,1,3,4467327.829999999
World Omni Select Auto Trust 2023-A,2025-09-30,32,800,810,249,1,1,5122428.8500000015
World Omni Select Auto Trust 2023-A,2025-09-30,32,810,820,178,0,1,3464582.1199999996
World Omni Select Auto Trust 2023-A,2025-09-30,32,820,830,202,4,1,4010874.289999999
World Omni Select Auto Trust 2023-A,2025-09-30,32,830,840,157,2,0,3166500.9099999983
World Omni Select Auto Trust 2023-A,2025-09-30,32,840,850,99,1,1,1777295.08
World Omni Select Auto Trust 2023-A,2025-09-30,32,850,860,128,2,0,2462457.750000001
World Omni Select Auto Trust 2023-A,2025-09-30,32,860,870,90,0,0,1749493.32
World Omni Select Auto Trust 2023-A,2025-09-30,32,870,880,41,0,0,773334.7499999999
World Omni Select Auto Trust 2023-A,2025-09-30,32,880,890,8,0,0,138520.74
World Omni Select Auto Trust 2023-A,2023-10-31,9,440,450,0,0,1,9299.44
World Omni Select Auto Trust 2023-A,2023-10-31,9,450,460,7,0,0,101749.31
World Omni Select Auto Trust 2023-A,2023-10-31,9,460,470,9,0,0,109569.16
World Omni Select Auto Trust 2023-A,2023-10-31,9,470,480,6,2,1,142815.81
World Omni Select Auto Trust 2023-A,2023-10-31,9,480,490,5,2,0,100954.0
World Omni Select Auto Trust 2023-A,2023-10-31,9,490,500,18,2,0,238289.66000000006
World Omni Select Auto Trust 2023-A,2023-10-31,9,500,510,41,3,2,773446.7599999999
World Omni Select Auto Trust 2023-A,2023-10-31,9,510,520,52,6,1,936506.7100000001
World Omni Select Auto Trust 2023-A,2023-10-31,9,520,530,77,6,0,1161849.5300000003
World Omni Select Auto Trust 2023-A,2023-10-31,9,530,540,83,15,8,1504562.0
World Omni Select Auto Trust 2023-A,2023-10-31,9,540,550,151,19,7,2639654.880000001
World Omni Select Auto Trust 2023-A,2023-10-31,9,550,560,183,22,12,2963766.740000002
World Omni Select Auto Trust 2023-A,2023-10-31,9,560,570,206,27,5,3517530.2299999995
World Omni Select Auto Trust 2023-A,2023-10-31,9,570,580,376,44,13,7208795.820000003
World Omni Select Auto Trust 2023-A,2023-10-31,9,580,590,959,101,35,20587884.589999992
World Omni Select Auto Trust 2023-A,2023-10-31,9,590,600,1241,134,35,26871925.770000003
World Omni Select Auto Trust 2023-A,2023-10-31,9,600,610,1503,121,59,32543726.320000052
World Omni Select Auto Trust 2023-A,2023-10-31,9,610,620,1674,140,43,37205151.23000001
World Omni Select Auto Trust 2023-A,2023-10-31,9,620,630,2804,225,66,67722875.30000012
World Omni Select Auto Trust 2023-A,2023-10-31,9,630,640,2661,193,58,64517676.96000013
World Omni Select Auto Trust 2023-A,2023-10-31,9,640,650,3925,215,82,99873275.68000053
World Omni Select Auto Trust 2023-A,2023-10-31,9,650,660,319,24,8,7648465.22
World Omni Select Auto Trust 2023-A,2023-10-31,9,660,670,429,25,11,11278481.619999992
World Omni Select Auto Trust 2023-A,2023-10-31,9,670,680,458,22,6,10951007.23
World Omni Select Auto Trust 2023-A,2023-10-31,9,680,690,467,22,8,12323499.519999992
World Omni Select Auto Trust 2023-A,2023-10-31,9,690,700,506,27,9,13444359.660000013
World Omni Select Auto Trust 2023-A,2023-10-31,9,700,710,802,32,9,22645892.19999999
World Omni Select Auto Trust 2023-A,2023-10-31,9,710,720,758,20,5,21809630.639999986
World Omni Select Auto Trust 2023-A,2023-10-31,9,720,730,957,19,14,28029272.78999997
World Omni Select Auto Trust 2023-A,2023-10-31,9,730,740,882,17,7,25027824.67000001
World Omni Select Auto Trust 2023-A,2023-10-31,9,740,750,718,14,7,20385118.280000005
World Omni Select Auto Trust 2023-A,2023-10-31,9,750,760,679,15,3,19441014.160000008
World Omni Select Auto Trust 2023-A,2023-10-31,9,760,770,550,10,3,15993047.879999992
World Omni Select Auto Trust 2023-A,2023-10-31,9,770,780,574,8,2,16417521.60000002
World Omni Select Auto Trust 2023-A,2023-10-31,9,780,790,497,3,1,14210358.389999997
World Omni Select Auto Trust 2023-A,2023-10-31,9,790,800,377,3,2,10189467.78999999
World Omni Select Auto Trust 2023-A,2023-10-31,9,800,810,420,5,0,12009563.730000002
World Omni Select Auto Trust 2023-A,2023-10-31,9,810,820,343,4,0,8717671.129999992
World Omni Select Auto Trust 2023-A,2023-10-31,9,820,830,334,4,1,9440410.390000006
World Omni Select Auto Trust 2023-A,2023-10-31,9,830,840,302,3,2,7868049.010000002
World Omni Select Auto Trust 2023-A,2023-10-31,9,840,850,194,3,3,4949255.569999999
World Omni Select Auto Trust 2023-A,2023-10-31,9,850,860,194,3,0,5395478.320000001
World Omni Select Auto Trust 2023-A,2023-10-31,9,860,870,145,2,0,3841735.550000002
World Omni Select Auto Trust 2023-A,2023-10-31,9,870,880,57,2,0,1553834.2000000002
World Omni Select Auto Trust 2023-A,2023-10-31,9,880,890,10,0,0,236966.26999999996
World Omni Select Auto Trust 2023-A,2024-10-31,21,450,460,4,0,1,69649.48000000001
World Omni Select Auto Trust 2023-A,2024-10-31,21,460,470,3,0,0,44998.29
World Omni Select Auto Trust 2023-A,2024-10-31,21,470,480,4,1,0,86773.84999999999
World Omni Select Auto Trust 2023-A,2024-10-31,21,480,490,4,0,0,61043.78
World Omni Select Auto Trust 2023-A,2024-10-31,21,490,500,5,1,0,106403.95999999999
World Omni Select Auto Trust 2023-A,2024-10-31,21,500,510,28,2,0,472194.94999999995
World Omni Select Auto Trust 2023-A,2024-10-31,21,510,520,24,3,4,556484.43
World Omni Select Auto Trust 2023-A,2024-10-31,21,520,530,33,2,3,562373.63
World Omni Select Auto Trust 2023-A,2024-10-31,21,530,540,41,10,2,807671.8599999999
World Omni Select Auto Trust 2023-A,2024-10-31,21,540,550,60,17,6,1412168.9899999995
World Omni Select Auto Trust 2023-A,2024-10-31,21,550,560,75,14,4,1403490.2900000005
World Omni Select Auto Trust 2023-A,2024-10-31,21,560,570,85,14,9,1879738.5800000003
World Omni Select Auto Trust 2023-A,2024-10-31,21,570,580,196,26,10,4010636.65
World Omni Select Auto Trust 2023-A,2024-10-31,21,580,590,490,87,38,11419893.709999995
World Omni Select Auto Trust 2023-A,2024-10-31,21,590,600,661,88,42,15024471.490000015
World Omni Select Auto Trust 2023-A,2024-10-31,21,600,610,836,120,38,18579666.290000018
World Omni Select Auto Trust 2023-A,2024-10-31,21,610,620,902,142,43,21327446.779999994
World Omni Select Auto Trust 2023-A,2024-10-31,21,620,630,1569,211,77,39588225.72999998
World Omni Select Auto Trust 2023-A,2024-10-31,21,630,640,1516,192,71,37645276.23999997
World Omni Select Auto Trust 2023-A,2024-10-31,21,640,650,2383,227,96,59762339.63999983
World Omni Select Auto Trust 2023-A,2024-10-31,21,650,660,171,26,11,4649411.45
World Omni Select Auto Trust 2023-A,2024-10-31,21,660,670,272,23,10,6808179.200000003
World Omni Select Auto Trust 2023-A,2024-10-31,21,670,680,242,22,10,6070845.090000005
World Omni Select Auto Trust 2023-A,2024-10-31,21,680,690,312,24,7,7994967.4099999955
World Omni Select Auto Trust 2023-A,2024-10-31,21,690,700,334,26,9,8979604.319999991
World Omni Select Auto Trust 2023-A,2024-10-31,21,700,710,520,30,7,14127085.660000013
World Omni Select Auto Trust 2023-A,2024-10-31,21,710,720,532,12,13,14361289.419999994
World Omni Select Auto Trust 2023-A,2024-10-31,21,720,730,680,23,6,18323117.669999987
World Omni Select Auto Trust 2023-A,2024-10-31,21,730,740,623,19,12,16649132.969999999
World Omni Select Auto Trust 2023-A,2024-10-31,21,740,750,508,21,3,13386248.299999999
World Omni Select Auto Trust 2023-A,2024-10-31,21,750,760,465,18,9,12814017.170000002
World Omni Select Auto Trust 2023-A,2024-10-31,21,760,770,410,5,2,10607679.969999995
World Omni Select Auto Trust 2023-A,2024-10-31,21,770,780,424,12,7,11424837.149999993
World Omni Select Auto Trust 2023-A,2024-10-31,21,780,790,360,14,2,9583157.449999994
World Omni Select Auto Trust 2023-A,2024-10-31,21,790,800,280,6,1,6831815.080000002
World Omni Select Auto Trust 2023-A,2024-10-31,21,800,810,307,4,0,7779068.060000003
World Omni Select Auto Trust 2023-A,2024-10-31,21,810,820,225,5,2,5387168.990000001
World Omni Select Auto Trust 2023-A,2024-10-31,21,820,830,254,3,4,6393999.119999997
World Omni Select Auto Trust 2023-A,2024-10-31,21,830,840,208,2,0,5089033.02
World Omni Select Auto Trust 2023-A,2024-10-31,21,840,850,131,4,2,3036829.9499999997
World Omni Select Auto Trust 2023-A,2024-10-31,21,850,860,157,0,0,3644513.7300000004
World Omni Select Auto Trust 2023-A,2024-10-31,21,860,870,113,1,0,2656552.720000001
World Omni Select Auto Trust 2023-A,2024-10-31,21,870,880,47,0,0,1122646.1400000004
World Omni Select Auto Trust 2023-A,2024-10-31,21,880,890,9,0,0,188341.81999999998
World Omni Select Auto Trust 2023-A,2025-10-31,33,450,460,0,1,2,42618.17999999999
World Omni Select Auto Trust 2023-A,2025-10-31,33,460,470,1,0,0,12758.08
World Omni Select Auto Trust 2023-A,2025-10-31,33,470,480,1,0,0,6006.45
World Omni Select Auto Trust 2023-A,2025-10-31,33,480,490,2,0,0,18596.420000000002
World Omni Select Auto Trust 2023-A,2025-10-31,33,490,500,2,0,1,16724.07
World Omni Select Auto Trust 2023-A,2025-10-31,33,500,510,15,1,3,257400.41
World Omni Select Auto Trust 2023-A,2025-10-31,33,510,520,13,4,1,278036.45999999996
World Omni Select Auto Trust 2023-A,2025-10-31,33,520,530,20,0,2,276127.4199999999
World Omni Select Auto Trust 2023-A,2025-10-31,33,530,540,22,3,0,354636.81999999995
World Omni Select Auto Trust 2023-A,2025-10-31,33,540,550,40,11,4,807907.49
World Omni Select Auto Trust 2023-A,2025-10-31,33,550,560,37,5,4,682555.52
World Omni Select Auto Trust 2023-A,2025-10-31,33,560,570,57,7,5,1033486.4700000003
World Omni Select Auto Trust 2023-A,2025-10-31,33,570,580,116,23,7,2131166.1400000006
World Omni Select Auto Trust 2023-A,2025-10-31,33,580,590,310,56,20,6109470.37
World Omni Select Auto Trust 2023-A,2025-10-31,33,590,600,381,79,21,7928029.3
World Omni Select Auto Trust 2023-A,2025-10-31,33,600,610,512,75,23,9884946.590000004
World Omni Select Auto Trust 2023-A,2025-10-31,33,610,620,590,72,36,11317538.080000004
World Omni Select Auto Trust 2023-A,2025-10-31,33,620,630,1048,155,60,22194507.529999986
World Omni Select Auto Trust 2023-A,2025-10-31,33,630,640,1013,118,42,20408755.48
World Omni Select Auto Trust 2023-A,2025-10-31,33,640,650,1682,167,69,33921166.88000001
World Omni Select Auto Trust 2023-A,2025-10-31,33,650,660,118,18,5,2669796.910000001
World Omni Select Auto Trust 2023-A,2025-10-31,33,660,670,175,19,3,3476456.1799999997
World Omni Select Auto Trust 2023-A,2025-10-31,33,670,680,185,12,5,3526689.3799999994
World Omni Select Auto Trust 2023-A,2025-10-31,33,680,690,243,11,2,4700793.479999994
World Omni Select Auto Trust 2023-A,2025-10-31,33,690,700,240,20,6,5085678.890000001
World Omni Select Auto Trust 2023-A,2025-10-31,33,700,710,366,17,10,8199103.61
World Omni Select Auto Trust 2023-A,2025-10-31,33,710,720,372,19,7,8305541.969999998
World Omni Select Auto Trust 2023-A,2025-10-31,33,720,730,507,22,8,11359286.09
World Omni Select Auto Trust 2023-A,2025-10-31,33,730,740,459,17,7,9695873.729999997
World Omni Select Auto Trust 2023-A,2025-10-31,33,740,750,380,16,5,8076087.239999999
World Omni Select Auto Trust 2023-A,2025-10-31,33,750,760,349,11,4,7719393.480000001
World Omni Select Auto Trust 2023-A,2025-10-31,33,760,770,310,4,1,6278623.119999997
World Omni Select Auto Trust 2023-A,2025-10-31,33,770,780,309,6,3,6603054.47
World Omni Select Auto Trust 2023-A,2025-10-31,33,780,790,267,7,4,5606018.169999999
World Omni Select Auto Trust 2023-A,2025-10-31,33,790,800,220,3,1,4239517.49
World Omni Select Auto Trust 2023-A,2025-10-31,33,800,810,240,3,1,4865008.01
World Omni Select Auto Trust 2023-A,2025-10-31,33,810,820,175,1,1,3350444.159999999
World Omni Select Auto Trust 2023-A,2025-10-31,33,820,830,195,5,3,3819314.870000002
World Omni Select Auto Trust 2023-A,2025-10-31,33,830,840,153,3,1,3040640.7800000007
World Omni Select Auto Trust 2023-A,2025-10-31,33,840,850,96,1,0,1675218.3799999994
World Omni Select Auto Trust 2023-A,2025-10-31,33,850,860,122,3,1,2343471.7900000005
World Omni Select Auto Trust 2023-A,2025-10-31,33,860,870,85,1,0,1642009.7199999997
World Omni Select Auto Trust 2023-A,2025-10-31,33,870,880,40,1,0,753278.7999999999
World Omni Select Auto Trust 2023-A,2025-10-31,33,880,890,7,0,0,112696.87000000001
World Omni Select Auto Trust 2023-A,2023-11-30,10,440,450,0,0,1,9203.0
World Omni Select Auto Trust 2023-A,2023-11-30,10,450,460,7,0,0,100399.14
World Omni Select Auto Trust 2023-A,2023-11-30,10,460,470,8,0,0,85985.98000000001
World Omni Select Auto Trust 2023-A,2023-11-30,10,470,480,7,1,0,112036.2
World Omni Select Auto Trust 2023-A,2023-11-30,10,480,490,5,1,1,98820.52
World Omni Select Auto Trust 2023-A,2023-11-30,10,490,500,14,1,0,203186.11000000002
World Omni Select Auto Trust 2023-A,2023-11-30,10,500,510,38,4,2,743582.3199999998
World Omni Select Auto Trust 2023-A,2023-11-30,10,510,520,48,7,1,853274.4799999996
World Omni Select Auto Trust 2023-A,2023-11-30,10,520,530,66,8,3,1129480.8899999997
World Omni Select Auto Trust 2023-A,2023-11-30,10,530,540,83,17,2,1452689.1300000004
World Omni Select Auto Trust 2023-A,2023-11-30,10,540,550,149,13,9,2549194.6
World Omni Select Auto Trust 2023-A,2023-11-30,10,550,560,178,17,10,2729316.59
World Omni Select Auto Trust 2023-A,2023-11-30,10,560,570,191,29,6,3295931.230000002
World Omni Select Auto Trust 2023-A,2023-11-30,10,570,580,355,48,15,6862230.280000003
World Omni Select Auto Trust 2023-A,2023-11-30,10,580,590,916,97,30,19617730.4
World Omni Select Auto Trust 2023-A,2023-11-30,10,590,600,1188,119,48,25603526.450000033
World Omni Select Auto Trust 2023-A,2023-11-30,10,600,610,1461,111,46,31330221.870000046
World Omni Select Auto Trust 2023-A,2023-11-30,10,610,620,1578,146,53,35514986.279999994
World Omni Select Auto Trust 2023-A,2023-11-30,10,620,630,2707,216,71,65042007.869999975
World Omni Select Auto Trust 2023-A,2023-11-30,10,630,640,2567,182,73,61841029.55999998
World Omni Select Auto Trust 2023-A,2023-11-30,10,640,650,3812,201,81,96296953.79999995
World Omni Select Auto Trust 2023-A,2023-11-30,10,650,660,309,24,6,7390891.8199999975
World Omni Select Auto Trust 2023-A,2023-11-30,10,660,670,407,28,11,10693397.43
World Omni Select Auto Trust 2023-A,2023-11-30,10,670,680,427,25,11,10517613.270000003
World Omni Select Auto Trust 2023-A,2023-11-30,10,680,690,458,20,7,11939637.819999985
World Omni Select Auto Trust 2023-A,2023-11-30,10,690,700,502,22,8,13030336.959999999
World Omni Select Auto Trust 2023-A,2023-11-30,10,700,710,767,32,6,21786905.310000006
World Omni Select Auto Trust 2023-A,2023-11-30,10,710,720,743,19,7,21242980.21000002
World Omni Select Auto Trust 2023-A,2023-11-30,10,720,730,937,21,11,27182630.01999997
World Omni Select Auto Trust 2023-A,2023-11-30,10,730,740,862,17,4,24256645.289999995
World Omni Select Auto Trust 2023-A,2023-11-30,10,740,750,697,23,4,19800949.380000018
World Omni Select Auto Trust 2023-A,2023-11-30,10,750,760,659,8,4,18779069.49999999
World Omni Select Auto Trust 2023-A,2023-11-30,10,760,770,546,3,4,15567629.620000012
World Omni Select Auto Trust 2023-A,2023-11-30,10,770,780,564,10,2,16006439.139999991
World Omni Select Auto Trust 2023-A,2023-11-30,10,780,790,493,2,2,13895614.41
World Omni Select Auto Trust 2023-A,2023-11-30,10,790,800,364,5,3,9686236.490000002
World Omni Select Auto Trust 2023-A,2023-11-30,10,800,810,414,6,0,11680225.079999989
World Omni Select Auto Trust 2023-A,2023-11-30,10,810,820,332,5,2,8416080.909999996
World Omni Select Auto Trust 2023-A,2023-11-30,10,820,830,330,3,0,9207982.57
World Omni Select Auto Trust 2023-A,2023-11-30,10,830,840,297,5,1,7621999.139999992
World Omni Select Auto Trust 2023-A,2023-11-30,10,840,850,191,3,2,4794919.409999998
World Omni Select Auto Trust 2023-A,2023-11-30,10,850,860,192,1,1,5320270.259999998
World Omni Select Auto Trust 2023-A,2023-11-30,10,860,870,145,2,0,3784177.8999999985
World Omni Select Auto Trust 2023-A,2023-11-30,10,870,880,54,2,1,1494027.72
World Omni Select Auto Trust 2023-A,2023-11-30,10,880,890,10,0,0,233683.02
World Omni Select Auto Trust 2023-A,2024-11-30,22,450,460,4,1,0,68846.4
World Omni Select Auto Trust 2023-A,2024-11-30,22,460,470,3,0,0,44304.16
World Omni Select Auto Trust 2023-A,2024-11-30,22,470,480,5,0,0,85219.49999999999
World Omni Select Auto Trust 2023-A,2024-11-30,22,480,490,4,0,0,60367.45
World Omni Select Auto Trust 2023-A,2024-11-30,22,490,500,5,1,0,105044.15
World Omni Select Auto Trust 2023-A,2024-11-30,22,500,510,26,3,1,463640.68
World Omni Select Auto Trust 2023-A,2024-11-30,22,510,520,23,3,4,541285.94
World Omni Select Auto Trust 2023-A,2024-11-30,22,520,530,32,4,1,531654.43
World Omni Select Auto Trust 2023-A,2024-11-30,22,530,540,35,14,1,768018.7799999998
World Omni Select Auto Trust 2023-A,2024-11-30,22,540,550,59,16,6,1387032.4299999997
World Omni Select Auto Trust 2023-A,2024-11-30,22,550,560,67,12,5,1280171.2199999995
World Omni Select Auto Trust 2023-A,2024-11-30,22,560,570,84,13,6,1823834.04
World Omni Select Auto Trust 2023-A,2024-11-30,22,570,580,182,32,8,3855784.3000000003
World Omni Select Auto Trust 2023-A,2024-11-30,22,580,590,472,80,31,10783600.980000004
World Omni Select Auto Trust 2023-A,2024-11-30,22,590,600,624,96,30,14364658.160000004
World Omni Select Auto Trust 2023-A,2024-11-30,22,600,610,793,107,39,17654555.089999996
World Omni Select Auto Trust 2023-A,2024-11-30,22,610,620,871,121,37,20153347.620000023
World Omni Select Auto Trust 2023-A,2024-11-30,22,620,630,1539,182,83,38132072.31000001
World Omni Select Auto Trust 2023-A,2024-11-30,22,630,640,1480,161,73,36136248.83999997
World Omni Select Auto Trust 2023-A,2024-11-30,22,640,650,2347,195,76,57339293.54
World Omni Select Auto Trust 2023-A,2024-11-30,22,650,660,171,20,10,4429453.16
World Omni Select Auto Trust 2023-A,2024-11-30,22,660,670,267,17,12,6537016.170000003
World Omni Select Auto Trust 2023-A,2024-11-30,22,670,680,232,22,12,5816347.579999998
World Omni Select Auto Trust 2023-A,2024-11-30,22,680,690,311,16,8,7713840.030000004
World Omni Select Auto Trust 2023-A,2024-11-30,22,690,700,325,22,10,8654549.78
World Omni Select Auto Trust 2023-A,2024-11-30,22,700,710,501,28,10,13564882.289999995
World Omni Select Auto Trust 2023-A,2024-11-30,22,710,720,515,18,10,13857686.66999999
World Omni Select Auto Trust 2023-A,2024-11-30,22,720,730,665,17,9,17727641.840000007
World Omni Select Auto Trust 2023-A,2024-11-30,22,730,740,611,12,13,16005632.89
World Omni Select Auto Trust 2023-A,2024-11-30,22,740,750,498,15,3,12818860.169999996
World Omni Select Auto Trust 2023-A,2024-11-30,22,750,760,453,14,14,12286435.700000001
World Omni Select Auto Trust 2023-A,2024-11-30,22,760,770,402,7,3,10321138.919999998
World Omni Select Auto Trust 2023-A,2024-11-30,22,770,780,419,5,7,11031814.88000001
World Omni Select Auto Trust 2023-A,2024-11-30,22,780,790,347,9,4,9156579.969999999
World Omni Select Auto Trust 2023-A,2024-11-30,22,790,800,276,5,1,6612001.799999998
World Omni Select Auto Trust 2023-A,2024-11-30,22,800,810,301,3,0,7500751.43
World Omni Select Auto Trust 2023-A,2024-11-30,22,810,820,221,6,1,5217366.329999996
World Omni Select Auto Trust 2023-A,2024-11-30,22,820,830,245,5,3,6163844.260000001
World Omni Select Auto Trust 2023-A,2024-11-30,22,830,840,203,1,0,4896658.550000001
World Omni Select Auto Trust 2023-A,2024-11-30,22,840,850,129,2,1,2862108.459999999
World Omni Select Auto Trust 2023-A,2024-11-30,22,850,860,154,2,0,3571963.899999999
World Omni Select Auto Trust 2023-A,2024-11-30,22,860,870,111,0,1,2564169.6400000006
World Omni Select Auto Trust 2023-A,2024-11-30,22,870,880,47,0,0,1101817.3800000001
World Omni Select Auto Trust 2023-A,2024-11-30,22,880,890,9,0,0,184737.90000000002
World Omni Select Auto Trust 2023-A,2025-11-30,34,450,460,1,0,2,41944.25
World Omni Select Auto Trust 2023-A,2025-11-30,34,460,470,1,0,0,12366.17
World Omni Select Auto Trust 2023-A,2025-11-30,34,470,480,1,0,0,5891.65
World Omni Select Auto Trust 2023-A,2025-11-30,34,480,490,2,0,0,18386.39
World Omni Select Auto Trust 2023-A,2025-11-30,34,490,500,3,0,0,14611.170000000002
World Omni Select Auto Trust 2023-A,2025-11-30,34,500,510,15,3,1,252004.68
World Omni Select Auto Trust 2023-A,2025-11-30,34,510,520,12,5,1,272585.37
World Omni Select Auto Trust 2023-A,2025-11-30,34,520,530,21,0,1,270741.07000000007
World Omni Select Auto Trust 2023-A,2025-11-30,34,530,540,21,3,1,347116.42
World Omni Select Auto Trust 2023-A,2025-11-30,34,540,550,39,12,3,766307.22
World Omni Select Auto Trust 2023-A,2025-11-30,34,550,560,38,5,2,642266.26
World Omni Select Auto Trust 2023-A,2025-11-30,34,560,570,59,6,4,1010086.79
World Omni Select Auto Trust 2023-A,2025-11-30,34,570,580,108,18,14,1995455.780000001
World Omni Select Auto Trust 2023-A,2025-11-30,34,580,590,308,46,21,5853147.5000000065
World Omni Select Auto Trust 2023-A,2025-11-30,34,590,600,377,64,33,7598992.050000002
World Omni Select Auto Trust 2023-A,2025-11-30,34,600,610,483,82,25,9312796.249999993
World Omni Select Auto Trust 2023-A,2025-11-30,34,610,620,555,88,39,10807031.400000015
World Omni Select Auto Trust 2023-A,2025-11-30,34,620,630,1018,149,63,21061358.409999996
World Omni Select Auto Trust 2023-A,2025-11-30,34,630,640,989,113,43,19501537.59
World Omni Select Auto Trust 2023-A,2025-11-30,34,640,650,1631,180,59,32169644.50999995
World Omni Select Auto Trust 2023-A,2025-11-30,34,650,660,109,14,12,2473990.6200000006
World Omni Select Auto Trust 2023-A,2025-11-30,34,660,670,175,14,6,3317274.9099999983
World Omni Select Auto Trust 2023-A,2025-11-30,34,670,680,180,18,3,3427280.2699999986
World Omni Select Auto Trust 2023-A,2025-11-30,34,680,690,234,14,2,4447971.499999998
World Omni Select Auto Trust 2023-A,2025-11-30,34,690,700,231,20,8,4834363.61
World Omni Select Auto Trust 2023-A,2025-11-30,34,700,710,353,23,7,7797014.570000001
World Omni Select Auto Trust 2023-A,2025-11-30,34,710,720,357,23,8,7918059.299999998
World Omni Select Auto Trust 2023-A,2025-11-30,34,720,730,501,19,10,10932589.54
World Omni Select Auto Trust 2023-A,2025-11-30,34,730,740,439,17,6,9055691.079999998
World Omni Select Auto Trust 2023-A,2025-11-30,34,740,750,373,20,5,7836745.6499999985
World Omni Select Auto Trust 2023-A,2025-11-30,34,750,760,344,11,3,7404883.179999996
World Omni Select Auto Trust 2023-A,2025-11-30,34,760,770,298,5,2,5929473.079999999
World Omni Select Auto Trust 2023-A,2025-11-30,34,770,780,302,10,0,6378801.129999999
World Omni Select Auto Trust 2023-A,2025-11-30,34,780,790,261,6,3,5325437.769999999
World Omni Select Auto Trust 2023-A,2025-11-30,34,790,800,218,1,3,4115129.7999999993
World Omni Select Auto Trust 2023-A,2025-11-30,34,800,810,236,1,1,4619905.44
World Omni Select Auto Trust 2023-A,2025-11-30,34,810,820,171,2,1,3223202.5899999994
World Omni Select Auto Trust 2023-A,2025-11-30,34,820,830,189,5,3,3654652.1899999976
World Omni Select Auto Trust 2023-A,2025-11-30,34,830,840,151,2,2,2900456.5500000026
World Omni Select Auto Trust 2023-A,2025-11-30,34,840,850,96,0,0,1633730.6699999997
World Omni Select Auto Trust 2023-A,2025-11-30,34,850,860,121,1,2,2252427.8100000015
World Omni Select Auto Trust 2023-A,2025-11-30,34,860,870,84,1,0,1585299.4800000002
World Omni Select Auto Trust 2023-A,2025-11-30,34,870,880,40,1,0,736272.31
World Omni Select Auto Trust 2023-A,2025-11-30,34,880,890,6,0,0,101790.18999999999
World Omni Select Auto Trust 2023-A,2023-12-31,11,440,450,1,0,0,9202.99
World Omni Select Auto Trust 2023-A,2023-12-31,11,450,460,5,2,0,99224.22
World Omni Select Auto Trust 2023-A,2023-12-31,11,460,470,6,1,0,83678.34
World Omni Select Auto Trust 2023-A,2023-12-31,11,470,480,5,2,1,109095.03
World Omni Select Auto Trust 2023-A,2023-12-31,11,480,490,7,0,0,96137.44
World Omni Select Auto Trust 2023-A,2023-12-31,11,490,500,13,2,0,200220.03
World Omni Select Auto Trust 2023-A,2023-12-31,11,500,510,37,5,0,710532.79
World Omni Select Auto Trust 2023-A,2023-12-31,11,510,520,38,11,4,822624.77
World Omni Select Auto Trust 2023-A,2023-12-31,11,520,530,63,9,3,1084663.26
World Omni Select Auto Trust 2023-A,2023-12-31,11,530,540,76,13,7,1397297.6800000002
World Omni Select Auto Trust 2023-A,2023-12-31,11,540,550,140,15,7,2408363.860000001
World Omni Select Auto Trust 2023-A,2023-12-31,11,550,560,165,20,7,2521415.1999999993
World Omni Select Auto Trust 2023-A,2023-12-31,11,560,570,174,31,7,3120836.17
World Omni Select Auto Trust 2023-A,2023-12-31,11,570,580,329,56,13,6516169.650000002
World Omni Select Auto Trust 2023-A,2023-12-31,11,580,590,859,109,33,18834181.159999996
World Omni Select Auto Trust 2023-A,2023-12-31,11,590,600,1131,130,47,24724145.209999993
World Omni Select Auto Trust 2023-A,2023-12-31,11,600,610,1375,148,44,30096011.52000001
World Omni Select Auto Trust 2023-A,2023-12-31,11,610,620,1491,158,59,33998530.55000001
World Omni Select Auto Trust 2023-A,2023-12-31,11,620,630,2549,248,74,62166801.10000005
World Omni Select Auto Trust 2023-A,2023-12-31,11,630,640,2448,207,79,59837596.610000014
World Omni Select Auto Trust 2023-A,2023-12-31,11,640,650,3604,246,102,92910095.73999983
World Omni Select Auto Trust 2023-A,2023-12-31,11,650,660,297,20,9,7160551.169999998
World Omni Select Auto Trust 2023-A,2023-12-31,11,660,670,388,29,13,10292241.670000002
World Omni Select Auto Trust 2023-A,2023-12-31,11,670,680,404,29,10,10071059.89
World Omni Select Auto Trust 2023-A,2023-12-31,11,680,690,443,26,9,11642747.839999996
World Omni Select Auto Trust 2023-A,2023-12-31,11,690,700,480,22,12,12651298.320000004
World Omni Select Auto Trust 2023-A,2023-12-31,11,700,710,744,31,10,21200056.75999999
World Omni Select Auto Trust 2023-A,2023-12-31,11,710,720,716,19,11,20483880.370000005
World Omni Select Auto Trust 2023-A,2023-12-31,11,720,730,913,23,7,26382894.33000002
World Omni Select Auto Trust 2023-A,2023-12-31,11,730,740,841,15,8,23648762.620000005
World Omni Select Auto Trust 2023-A,2023-12-31,11,740,750,680,14,9,19176911.239999995
World Omni Select Auto Trust 2023-A,2023-12-31,11,750,760,638,19,4,18329650.069999997
World Omni Select Auto Trust 2023-A,2023-12-31,11,760,770,535,6,1,15128870.04
World Omni Select Auto Trust 2023-A,2023-12-31,11,770,780,550,10,2,15535066.169999998
World Omni Select Auto Trust 2023-A,2023-12-31,11,780,790,480,6,2,13555381.91999999
World Omni Select Auto Trust 2023-A,2023-12-31,11,790,800,354,4,2,9436764.879999999
World Omni Select Auto Trust 2023-A,2023-12-31,11,800,810,401,5,2,11305317.889999997
World Omni Select Auto Trust 2023-A,2023-12-31,11,810,820,322,8,1,8206194.499999998
World Omni Select Auto Trust 2023-A,2023-12-31,11,820,830,325,5,0,9024692.199999997
World Omni Select Auto Trust 2023-A,2023-12-31,11,830,840,287,6,1,7361318.01
World Omni Select Auto Trust 2023-A,2023-12-31,11,840,850,181,6,2,4617987.43
World Omni Select Auto Trust 2023-A,2023-12-31,11,850,860,186,2,2,5163721.1
World Omni Select Auto Trust 2023-A,2023-12-31,11,860,870,141,1,2,3637956.290000001
World Omni Select Auto Trust 2023-A,2023-12-31,11,870,880,54,1,2,1470819.8800000001
World Omni Select Auto Trust 2023-A,2023-12-31,11,880,890,10,0,0,230182.38
World Omni Select Auto Trust 2023-A,2024-12-31,23,450,460,4,0,1,67518.36000000002
World Omni Select Auto Trust 2023-A,2024-12-31,23,460,470,3,0,0,43347.490000000005
World Omni Select Auto Trust 2023-A,2024-12-31,23,470,480,5,0,0,84009.72
World Omni Select Auto Trust 2023-A,2024-12-31,23,480,490,4,0,0,59408.090000000004
World Omni Select Auto Trust 2023-A,2024-12-31,23,490,500,5,1,0,102632.23999999999
World Omni Select Auto Trust 2023-A,2024-12-31,23,500,510,25,2,1,455357.81
World Omni Select Auto Trust 2023-A,2024-12-31,23,510,520,23,2,4,530284.4500000001
World Omni Select Auto Trust 2023-A,2024-12-31,23,520,530,31,5,0,518174.64999999997
World Omni Select Auto Trust 2023-A,2024-12-31,23,530,540,36,8,3,750312.2100000001
World Omni Select Auto Trust 2023-A,2024-12-31,23,540,550,59,14,5,1307644.7199999997
World Omni Select Auto Trust 2023-A,2024-12-31,23,550,560,58,9,6,1161721.33
World Omni Select Auto Trust 2023-A,2024-12-31,23,560,570,81,11,4,1703602.050000001
World Omni Select Auto Trust 2023-A,2024-12-31,23,570,580,165,37,8,3628147.780000001
World Omni Select Auto Trust 2023-A,2024-12-31,23,580,590,444,77,38,10381279.570000002
World Omni Select Auto Trust 2023-A,2024-12-31,23,590,600,578,98,31,13646125.71999999
World Omni Select Auto Trust 2023-A,2024-12-31,23,600,610,757,106,38,16852735.50000001
World Omni Select Auto Trust 2023-A,2024-12-31,23,610,620,815,132,44,19425258.300000027
World Omni Select Auto Trust 2023-A,2024-12-31,23,620,630,1452,203,77,36105928.39
World Omni Select Auto Trust 2023-A,2024-12-31,23,630,640,1410,175,70,34573673.95999997
World Omni Select Auto Trust 2023-A,2024-12-31,23,640,650,2237,210,87,54753254.13999998
World Omni Select Auto Trust 2023-A,2024-12-31,23,650,660,160,17,13,4248804.98
World Omni Select Auto Trust 2023-A,2024-12-31,23,660,670,250,18,11,6146723.180000005
World Omni Select Auto Trust 2023-A,2024-12-31,23,670,680,227,18,10,5550316.449999999
World Omni Select Auto Trust 2023-A,2024-12-31,23,680,690,293,21,8,7327328.300000003
World Omni Select Auto Trust 2023-A,2024-12-31,23,690,700,306,32,9,8228984.98
World Omni Select Auto Trust 2023-A,2024-12-31,23,700,710,481,26,13,13036224.239999998
World Omni Select Auto Trust 2023-A,2024-12-31,23,710,720,496,16,9,13207229.740000002
World Omni Select Auto Trust 2023-A,2024-12-31,23,720,730,641,27,5,17018109.94
World Omni Select Auto Trust 2023-A,2024-12-31,23,730,740,598,11,13,15397726.43999998
World Omni Select Auto Trust 2023-A,2024-12-31,23,740,750,489,16,3,12409236.640000006
World Omni Select Auto Trust 2023-A,2024-12-31,23,750,760,442,17,10,11901720.669999994
World Omni Select Auto Trust 2023-A,2024-12-31,23,760,770,385,12,5,9936443.020000001
World Omni Select Auto Trust 2023-A,2024-12-31,23,770,780,400,10,6,10587702.279999996
World Omni Select Auto Trust 2023-A,2024-12-31,23,780,790,340,9,1,8737187.039999994
World Omni Select Auto Trust 2023-A,2024-12-31,23,790,800,269,2,1,6338110.3500000015
World Omni Select Auto Trust 2023-A,2024-12-31,23,800,810,297,4,0,7278333.379999999
World Omni Select Auto Trust 2023-A,2024-12-31,23,810,820,216,6,1,5071011.49
World Omni Select Auto Trust 2023-A,2024-12-31,23,820,830,247,2,1,6011359.000000004
World Omni Select Auto Trust 2023-A,2024-12-31,23,830,840,198,1,0,4710156.740000001
World Omni Select Auto Trust 2023-A,2024-12-31,23,840,850,127,1,1,2712497.76
World Omni Select Auto Trust 2023-A,2024-12-31,23,850,860,149,3,0,3451465.89
World Omni Select Auto Trust 2023-A,2024-12-31,23,860,870,109,1,0,2515735.8100000005
World Omni Select Auto Trust 2023-A,2024-12-31,23,870,880,45,0,0,1036951.6100000001
World Omni Select Auto Trust 2023-A,2024-12-31,23,880,890,9,0,0,180640.11
World Omni Select Auto Trust 2023-A,2025-12-31,35,450,460,0,1,2,41121.13
World Omni Select Auto Trust 2023-A,2025-12-31,35,460,470,1,0,0,11960.02
World Omni Select Auto Trust 2023-A,2025-12-31,35,470,480,1,0,0,5891.65
World Omni Select Auto Trust 2023-A,2025-12-31,35,480,490,1,0,0,7583.75
World Omni Select Auto Trust 2023-A,2025-12-31,35,490,500,3,0,0,13472.21
World Omni Select Auto Trust 2023-A,2025-12-31,35,500,510,17,1,1,245317.40000000005
World Omni Select Auto Trust 2023-A,2025-12-31,35,510,520,14,4,0,265435.42
World Omni Select Auto Trust 2023-A,2025-12-31,35,520,530,19,2,1,262925.75999999995
World Omni Select Auto Trust 2023-A,2025-12-31,35,530,540,21,3,1,337884.93999999994
World Omni Select Auto Trust 2023-A,2025-12-31,35,540,550,44,5,3,704907.0999999997
World Omni Select Auto Trust 2023-A,2025-12-31,35,550,560,36,6,3,628312.6800000002
World Omni Select Auto Trust 2023-A,2025-12-31,35,560,570,55,8,4,944306.2999999999
World Omni Select Auto Trust 2023-A,2025-12-31,35,570,580,104,19,10,1824333.6400000001
World Omni Select Auto Trust 2023-A,2025-12-31,35,580,590,278,53,26,5461075.2399999965
World Omni Select Auto Trust 2023-A,2025-12-31,35,590,600,368,69,27,7216637.259999991
World Omni Select Auto Trust 2023-A,2025-12-31,35,600,610,465,84,25,8786507.099999992
World Omni Select Auto Trust 2023-A,2025-12-31,35,610,620,540,93,36,10280419.009999996
World Omni Select Auto Trust 2023-A,2025-12-31,35,620,630,974,170,58,20036981.02999999
World Omni Select Auto Trust 2023-A,2025-12-31,35,630,640,957,119,40,18454009.700000003
World Omni Select Auto Trust 2023-A,2025-12-31,35,640,650,1592,182,59,30680996.489999957
World Omni Select Auto Trust 2023-A,2025-12-31,35,650,660,109,19,7,2401909.13
World Omni Select Auto Trust 2023-A,2025-12-31,35,660,670,163,20,6,3166474.1900000004
World Omni Select Auto Trust 2023-A,2025-12-31,35,670,680,175,11,8,3218852.400000001
World Omni Select Auto Trust 2023-A,2025-12-31,35,680,690,222,18,2,4151034.920000001
World Omni Select Auto Trust 2023-A,2025-12-31,35,690,700,228,19,7,4621318.28
World Omni Select Auto Trust 2023-A,2025-12-31,35,700,710,342,23,4,7240694.89
World Omni Select Auto Trust 2023-A,2025-12-31,35,710,720,351,20,9,7486089.7399999965
World Omni Select Auto Trust 2023-A,2025-12-31,35,720,730,485,26,6,10360061.080000004
World Omni Select Auto Trust 2023-A,2025-12-31,35,730,740,433,18,5,8681767.090000002
World Omni Select Auto Trust 2023-A,2025-12-31,35,740,750,364,16,7,7463293.350000007
World Omni Select Auto Trust 2023-A,2025-12-31,35,750,760,339,12,5,7186077.259999998
World Omni Select Auto Trust 2023-A,2025-12-31,35,760,770,287,11,0,5695331.670000001
World Omni Select Auto Trust 2023-A,2025-12-31,35,770,780,295,10,2,6097218.810000004
World Omni Select Auto Trust 2023-A,2025-12-31,35,780,790,256,1,6,5043877.120000002
World Omni Select Auto Trust 2023-A,2025-12-31,35,790,800,210,2,2,3825188.950000003
World Omni Select Auto Trust 2023-A,2025-12-31,35,800,810,228,2,1,4356588.24
World Omni Select Auto Trust 2023-A,2025-12-31,35,810,820,169,4,1,3134570.940000001
World Omni Select Auto Trust 2023-A,2025-12-31,35,820,830,185,5,4,3479389.1699999976
World Omni Select Auto Trust 2023-A,2025-12-31,35,830,840,152,2,1,2825612.9
World Omni Select Auto Trust 2023-A,2025-12-31,35,840,850,94,1,0,1574455.3999999997
World Omni Select Auto Trust 2023-A,2025-12-31,35,850,860,119,1,1,2152490.22
World Omni Select Auto Trust 2023-A,2025-12-31,35,860,870,83,0,0,1490733.4200000006
World Omni Select Auto Trust 2023-A,2025-12-31,35,870,880,41,0,0,715424.3599999999
World Omni Select Auto Trust 2023-A,2025-12-31,35,880,890,6,0,0,99118.37
World Omni Select Auto Trust 2024-A,2025-01-31,7,420,430,1,0,0,29496.75
World Omni Select Auto Trust 2024-A,2025-01-31,7,430,440,1,0,0,22457.44
World Omni Select Auto Trust 2024-A,2025-01-31,7,440,450,2,1,0,94559.66
World Omni Select Auto Trust 2024-A,2025-01-31,7,450,460,2,0,1,38329.88
World Omni Select Auto Trust 2024-A,2025-01-31,7,460,470,1,0,0,19303.46
World Omni Select Auto Trust 2024-A,2025-01-31,7,470,480,3,0,0,50274.41
World Omni Select Auto Trust 2024-A,2025-01-31,7,480,490,8,1,0,138951.04
World Omni Select Auto Trust 2024-A,2025-01-31,7,490,500,7,0,0,183859.87
World Omni Select Auto Trust 2024-A,2025-01-31,7,500,510,16,1,1,478976.92999999993
World Omni Select Auto Trust 2024-A,2025-01-31,7,510,520,30,10,2,722579.43
World Omni Select Auto Trust 2024-A,2025-01-31,7,520,530,47,3,3,1157256.6
World Omni Select Auto Trust 2024-A,2025-01-31,7,530,540,66,7,1,1339748.9800000004
World Omni Select Auto Trust 2024-A,2025-01-31,7,540,550,79,14,2,1709071.1399999994
World Omni Select Auto Trust 2024-A,2025-01-31,7,550,560,108,13,4,2513597.63
World Omni Select Auto Trust 2024-A,2025-01-31,7,560,570,123,10,3,2847723.3600000003
World Omni Select Auto Trust 2024-A,2025-01-31,7,570,580,232,23,12,5832318.599999999
World Omni Select Auto Trust 2024-A,2025-01-31,7,580,590,628,53,20,15534479.73
World Omni Select Auto Trust 2024-A,2025-01-31,7,590,600,802,80,28,20561125.88
World Omni Select Auto Trust 2024-A,2025-01-31,7,600,610,1008,93,33,26579961.960000012
World Omni Select Auto Trust 2024-A,2025-01-31,7,610,620,1141,107,37,30437031.950000014
World Omni Select Auto Trust 2024-A,2025-01-31,7,620,630,2068,133,64,58484431.21999992
World Omni Select Auto Trust 2024-A,2025-01-31,7,630,640,2060,144,67,60659930.63999999
World Omni Select Auto Trust 2024-A,2025-01-31,7,640,650,3263,183,63,101616041.26999986
World Omni Select Auto Trust 2024-A,2025-01-31,7,650,660,262,21,2,8010498.449999999
World Omni Select Auto Trust 2024-A,2025-01-31,7,660,670,350,18,7,10650695.500000004
World Omni Select Auto Trust 2024-A,2025-01-31,7,670,680,350,23,7,11535195.169999992
World Omni Select Auto Trust 2024-A,2025-01-31,7,680,690,375,25,12,12088583.110000016
World Omni Select Auto Trust 2024-A,2025-01-31,7,690,700,409,17,10,13413324.409999989
World Omni Select Auto Trust 2024-A,2025-01-31,7,700,710,724,33,4,24590397.32999997
World Omni Select Auto Trust 2024-A,2025-01-31,7,710,720,606,15,7,21047752.120000012
World Omni Select Auto Trust 2024-A,2025-01-31,7,720,730,777,18,6,25723563.190000027
World Omni Select Auto Trust 2024-A,2025-01-31,7,730,740,672,18,3,22986642.15999999
World Omni Select Auto Trust 2024-A,2025-01-31,7,740,750,573,10,7,19134869.29999999
World Omni Select Auto Trust 2024-A,2025-01-31,7,750,760,514,7,4,17380437.599999987
World Omni Select Auto Trust 2024-A,2025-01-31,7,760,770,454,4,2,15479085.830000004
World Omni Select Auto Trust 2024-A,2025-01-31,7,770,780,454,7,1,14969327.860000001
World Omni Select Auto Trust 2024-A,2025-01-31,7,780,790,386,6,3,12502621.780000003
World Omni Select Auto Trust 2024-A,2025-01-31,7,790,800,359,5,3,11843562.199999997
World Omni Select Auto Trust 2024-A,2025-01-31,7,800,810,357,4,3,11767243.260000004
World Omni Select Auto Trust 2024-A,2025-01-31,7,810,820,301,4,0,9286318.36
World Omni Select Auto Trust 2024-A,2025-01-31,7,820,830,309,3,2,10253177.180000007
World Omni Select Auto Trust 2024-A,2025-01-31,7,830,840,260,0,0,8140673.100000003
World Omni Select Auto Trust 2024-A,2025-01-31,7,840,850,179,3,1,5188375.489999999
World Omni Select Auto Trust 2024-A,2025-01-31,7,850,860,188,1,1,5601121.759999999
World Omni Select Auto Trust 2024-A,2025-01-31,7,860,870,113,2,0,3156622.6399999997
World Omni Select Auto Trust 2024-A,2025-01-31,7,870,880,60,2,0,1516377.5100000005
World Omni Select Auto Trust 2024-A,2025-01-31,7,880,890,12,0,0,404289.85
World Omni Select Auto Trust 2024-A,2025-01-31,7,890,900,1,0,0,45649.8
World Omni Select Auto Trust 2024-A,2026-01-31,19,430,440,1,0,0,19529.52
World Omni Select Auto Trust 2024-A,2026-01-31,19,440,450,1,1,1,85642.84999999999
World Omni Select Auto Trust 2024-A,2026-01-31,19,450,460,1,0,0,24511.3
World Omni Select Auto Trust 2024-A,2026-01-31,19,470,480,2,0,0,38301.44
World Omni Select Auto Trust 2024-A,2026-01-31,19,480,490,1,0,1,17808.34
World Omni Select Auto Trust 2024-A,2026-01-31,19,490,500,2,1,0,68814.34
World Omni Select Auto Trust 2024-A,2026-01-31,19,500,510,6,2,0,244387.53999999998
World Omni Select Auto Trust 2024-A,2026-01-31,19,510,520,10,6,2,350841.36999999994
World Omni Select Auto Trust 2024-A,2026-01-31,19,520,530,22,6,3,684001.04
World Omni Select Auto Trust 2024-A,2026-01-31,19,530,540,23,8,4,758909.3900000001
World Omni Select Auto Trust 2024-A,2026-01-31,19,540,550,36,6,1,864854.2400000001
World Omni Select Auto Trust 2024-A,2026-01-31,19,550,560,52,10,3,1351872.0899999996
World Omni Select Auto Trust 2024-A,2026-01-31,19,560,570,53,11,1,1281468.6300000004
World Omni Select Auto Trust 2024-A,2026-01-31,19,570,580,115,17,8,3218615.13
World Omni Select Auto Trust 2024-A,2026-01-31,19,580,590,284,46,21,7861061.960000002
World Omni Select Auto Trust 2024-A,2026-01-31,19,590,600,371,64,21,10668225.900000015
World Omni Select Auto Trust 2024-A,2026-01-31,19,600,610,513,80,32,14465145.160000015
World Omni Select Auto Trust 2024-A,2026-01-31,19,610,620,554,80,40,16094651.630000005
World Omni Select Auto Trust 2024-A,2026-01-31,19,620,630,1072,124,55,31532993.259999968
World Omni Select Auto Trust 2024-A,2026-01-31,19,630,640,1147,121,53,33427980.980000034
World Omni Select Auto Trust 2024-A,2026-01-31,19,640,650,1838,190,70,56801879.65000007
World Omni Select Auto Trust 2024-A,2026-01-31,19,650,660,136,7,4,4020642.7699999996
World Omni Select Auto Trust 2024-A,2026-01-31,19,660,670,195,15,10,5826433.290000005
World Omni Select Auto Trust 2024-A,2026-01-31,19,670,680,206,24,8,6746810.310000005
World Omni Select Auto Trust 2024-A,2026-01-31,19,680,690,233,11,5,7159461.790000002
World Omni Select Auto Trust 2024-A,2026-01-31,19,690,700,251,15,9,7878429.560000003
World Omni Select Auto Trust 2024-A,2026-01-31,19,700,710,464,24,10,14555320.31
World Omni Select Auto Trust 2024-A,2026-01-31,19,710,720,396,19,6,13059469.360000009
World Omni Select Auto Trust 2024-A,2026-01-31,19,720,730,519,22,9,16363885.130000006
World Omni Select Auto Trust 2024-A,2026-01-31,19,730,740,466,13,10,14985170.959999992
World Omni Select Auto Trust 2024-A,2026-01-31,19,740,750,393,11,5,12073439.03
World Omni Select Auto Trust 2024-A,2026-01-31,19,750,760,362,9,1,11142663.94
World Omni Select Auto Trust 2024-A,2026-01-31,19,760,770,316,5,2,9573583.89
World Omni Select Auto Trust 2024-A,2026-01-31,19,770,780,323,5,6,9611193.330000006
World Omni Select Auto Trust 2024-A,2026-01-31,19,780,790,263,3,0,7627282.299999999
World Omni Select Auto Trust 2024-A,2026-01-31,19,790,800,254,4,0,7588211.739999998
World Omni Select Auto Trust 2024-A,2026-01-31,19,800,810,248,6,1,7149456.210000001
World Omni Select Auto Trust 2024-A,2026-01-31,19,810,820,203,6,1,5755679.780000001
World Omni Select Auto Trust 2024-A,2026-01-31,19,820,830,220,3,1,6646448.710000001
World Omni Select Auto Trust 2024-A,2026-01-31,19,830,840,184,1,1,4983537.170000002
World Omni Select Auto Trust 2024-A,2026-01-31,19,840,850,116,0,0,3064969.700000001
World Omni Select Auto Trust 2024-A,2026-01-31,19,850,860,114,2,0,3148959.07
World Omni Select Auto Trust 2024-A,2026-01-31,19,860,870,78,0,0,1830178.96
World Omni Select Auto Trust 2024-A,2026-01-31,19,870,880,38,1,1,875595.38
World Omni Select Auto Trust 2024-A,2026-01-31,19,880,890,7,0,0,190355.50999999998
World Omni Select Auto Trust 2024-A,2026-01-31,19,890,900,1,0,0,38813.47
World Omni Select Auto Trust 2024-A,2025-02-28,8,420,430,1,0,0,29496.75
World Omni Select Auto Trust 2024-A,2025-02-28,8,430,440,1,0,0,22194.82
World Omni Select Auto Trust 2024-A,2025-02-28,8,440,450,2,1,0,94066.38
World Omni Select Auto Trust 2024-A,2025-02-28,8,450,460,3,0,0,37020.57000000001
World Omni Select Auto Trust 2024-A,2025-02-28,8,460,470,1,0,0,19097.49
World Omni Select Auto Trust 2024-A,2025-02-28,8,470,480,3,0,0,49446.06
World Omni Select Auto Trust 2024-A,2025-02-28,8,480,490,7,0,0,101800.18999999999
World Omni Select Auto Trust 2024-A,2025-02-28,8,490,500,6,1,0,182645.69999999998
World Omni Select Auto Trust 2024-A,2025-02-28,8,500,510,15,3,0,472617.1099999999
World Omni Select Auto Trust 2024-A,2025-02-28,8,510,520,32,5,4,708935.73
World Omni Select Auto Trust 2024-A,2025-02-28,8,520,530,47,4,1,1123817.74
World Omni Select Auto Trust 2024-A,2025-02-28,8,530,540,62,7,1,1262272.03
World Omni Select Auto Trust 2024-A,2025-02-28,8,540,550,84,5,4,1670897.6399999997
World Omni Select Auto Trust 2024-A,2025-02-28,8,550,560,106,8,7,2443794.5499999993
World Omni Select Auto Trust 2024-A,2025-02-28,8,560,570,118,6,6,2653408.57
World Omni Select Auto Trust 2024-A,2025-02-28,8,570,580,228,20,12,5657946.8100000005
World Omni Select Auto Trust 2024-A,2025-02-28,8,580,590,596,45,22,14537079.410000002
World Omni Select Auto Trust 2024-A,2025-02-28,8,590,600,786,55,25,19460517.54
World Omni Select Auto Trust 2024-A,2025-02-28,8,600,610,969,94,26,25462008.70000001
World Omni Select Auto Trust 2024-A,2025-02-28,8,610,620,1111,93,34,29192583.400000006
World Omni Select Auto Trust 2024-A,2025-02-28,8,620,630,1981,138,51,55744960.509999976
World Omni Select Auto Trust 2024-A,2025-02-28,8,630,640,2008,122,54,58020523.83000004
World Omni Select Auto Trust 2024-A,2025-02-28,8,640,650,3153,157,74,96883493.82000005
World Omni Select Auto Trust 2024-A,2025-02-28,8,650,660,257,11,5,7751499.09
World Omni Select Auto Trust 2024-A,2025-02-28,8,660,670,335,20,7,10250179.340000007
World Omni Select Auto Trust 2024-A,2025-02-28,8,670,680,346,17,7,11030172.440000001
World Omni Select Auto Trust 2024-A,2025-02-28,8,680,690,363,24,6,11619092.519999998
World Omni Select Auto Trust 2024-A,2025-02-28,8,690,700,405,14,5,12989123.470000003
World Omni Select Auto Trust 2024-A,2025-02-28,8,700,710,701,27,9,23775658.23
World Omni Select Auto Trust 2024-A,2025-02-28,8,710,720,594,10,4,20411013.36
World Omni Select Auto Trust 2024-A,2025-02-28,8,720,730,760,17,6,25061660.800000012
World Omni Select Auto Trust 2024-A,2025-02-28,8,730,740,654,13,7,22299003.710000016
World Omni Select Auto Trust 2024-A,2025-02-28,8,740,750,558,10,7,18600115.009999998
World Omni Select Auto Trust 2024-A,2025-02-28,8,750,760,501,5,3,16772550.090000011
World Omni Select Auto Trust 2024-A,2025-02-28,8,760,770,439,3,1,14894571.27
World Omni Select Auto Trust 2024-A,2025-02-28,8,770,780,444,6,3,14542604.529999997
World Omni Select Auto Trust 2024-A,2025-02-28,8,780,790,381,2,1,12121596.800000004
World Omni Select Auto Trust 2024-A,2025-02-28,8,790,800,355,3,1,11515622.490000004
World Omni Select Auto Trust 2024-A,2025-02-28,8,800,810,350,3,3,11482920.36
World Omni Select Auto Trust 2024-A,2025-02-28,8,810,820,290,6,0,8958327.27
World Omni Select Auto Trust 2024-A,2025-02-28,8,820,830,304,1,1,9891822.639999999
World Omni Select Auto Trust 2024-A,2025-02-28,8,830,840,250,1,0,7758199.700000001
World Omni Select Auto Trust 2024-A,2025-02-28,8,840,850,175,4,0,5040699.890000001
World Omni Select Auto Trust 2024-A,2025-02-28,8,850,860,182,0,0,5340133.620000001
World Omni Select Auto Trust 2024-A,2025-02-28,8,860,870,110,1,0,3014447.2299999995
World Omni Select Auto Trust 2024-A,2025-02-28,8,870,880,59,1,0,1462345.9399999997
World Omni Select Auto Trust 2024-A,2025-02-28,8,880,890,12,0,0,399275.24
World Omni Select Auto Trust 2024-A,2025-02-28,8,890,900,1,0,0,45222.3
World Omni Select Auto Trust 2024-A,2026-02-28,20,440,450,2,1,0,85371.73999999999
World Omni Select Auto Trust 2024-A,2026-02-28,20,450,460,1,0,0,24069.1
World Omni Select Auto Trust 2024-A,2026-02-28,20,470,480,2,0,0,37669.55
World Omni Select Auto Trust 2024-A,2026-02-28,20,480,490,1,0,1,17808.34
World Omni Select Auto Trust 2024-A,2026-02-28,20,490,500,1,1,0,46460.88
World Omni Select Auto Trust 2024-A,2026-02-28,20,500,510,6,1,1,242102.71
World Omni Select Auto Trust 2024-A,2026-02-28,20,510,520,12,4,2,345481.7499999999
World Omni Select Auto Trust 2024-A,2026-02-28,20,520,530,21,5,3,646787.8899999999
World Omni Select Auto Trust 2024-A,2026-02-28,20,530,540,22,10,2,727115.4000000001
World Omni Select Auto Trust 2024-A,2026-02-28,20,540,550,32,6,3,824589.3999999998
World Omni Select Auto Trust 2024-A,2026-02-28,20,550,560,46,8,5,1161501.9000000001
World Omni Select Auto Trust 2024-A,2026-02-28,20,560,570,48,8,2,1200140.18
World Omni Select Auto Trust 2024-A,2026-02-28,20,570,580,113,20,4,3167900.1200000015
World Omni Select Auto Trust 2024-A,2026-02-28,20,580,590,270,50,16,7493041.819999999
World Omni Select Auto Trust 2024-A,2026-02-28,20,590,600,350,63,20,10064504.220000006
World Omni Select Auto Trust 2024-A,2026-02-28,20,600,610,502,66,28,13765750.97000001
World Omni Select Auto Trust 2024-A,2026-02-28,20,610,620,542,69,31,15300076.159999998
World Omni Select Auto Trust 2024-A,2026-02-28,20,620,630,1048,115,47,30329782.030000005
World Omni Select Auto Trust 2024-A,2026-02-28,20,630,640,1129,110,40,32255236.2
World Omni Select Auto Trust 2024-A,2026-02-28,20,640,650,1811,151,76,54061682.75000009
World Omni Select Auto Trust 2024-A,2026-02-28,20,650,660,130,10,1,3839079.3500000006
World Omni Select Auto Trust 2024-A,2026-02-28,20,660,670,190,16,5,5540867.769999998
World Omni Select Auto Trust 2024-A,2026-02-28,20,670,680,204,20,9,6495429.1099999985
World Omni Select Auto Trust 2024-A,2026-02-28,20,680,690,230,12,3,6964029.340000006
World Omni Select Auto Trust 2024-A,2026-02-28,20,690,700,243,13,5,7450033.100000001
World Omni Select Auto Trust 2024-A,2026-02-28,20,700,710,444,23,12,13824199.580000002
World Omni Select Auto Trust 2024-A,2026-02-28,20,710,720,394,14,7,12700001.210000003
World Omni Select Auto Trust 2024-A,2026-02-28,20,720,730,510,16,8,15696530.699999984
World Omni Select Auto Trust 2024-A,2026-02-28,20,730,740,451,12,7,14232951.839999992
World Omni Select Auto Trust 2024-A,2026-02-28,20,740,750,384,8,3,11535954.120000005
World Omni Select Auto Trust 2024-A,2026-02-28,20,750,760,356,10,0,10862597.259999992
World Omni Select Auto Trust 2024-A,2026-02-28,20,760,770,311,7,3,9334690.190000003
World Omni Select Auto Trust 2024-A,2026-02-28,20,770,780,317,6,2,9251362.960000005
World Omni Select Auto Trust 2024-A,2026-02-28,20,780,790,256,2,0,7328819.65
World Omni Select Auto Trust 2024-A,2026-02-28,20,790,800,249,2,1,7295043.540000003
World Omni Select Auto Trust 2024-A,2026-02-28,20,800,810,244,6,2,6940981.000000004
World Omni Select Auto Trust 2024-A,2026-02-28,20,810,820,203,4,0,5553327.77
World Omni Select Auto Trust 2024-A,2026-02-28,20,820,830,215,1,1,6283051.350000004
World Omni Select Auto Trust 2024-A,2026-02-28,20,830,840,176,2,0,4638662.509999999
World Omni Select Auto Trust 2024-A,2026-02-28,20,840,850,109,2,0,2864858.180000001
World Omni Select Auto Trust 2024-A,2026-02-28,20,850,860,113,0,0,3022807.82
World Omni Select Auto Trust 2024-A,2026-02-28,20,860,870,75,0,0,1719921.18
World Omni Select Auto Trust 2024-A,2026-02-28,20,870,880,38,0,1,831989.6100000001
World Omni Select Auto Trust 2024-A,2026-02-28,20,880,890,7,0,0,186636.79
World Omni Select Auto Trust 2024-A,2026-02-28,20,890,900,1,0,0,38316.94
World Omni Select Auto Trust 2024-A,2025-03-31,9,420,430,1,0,0,28931.53
World Omni Select Auto Trust 2024-A,2025-03-31,9,430,440,1,0,0,21919.18
World Omni Select Auto Trust 2024-A,2025-03-31,9,440,450,2,0,1,93478.18999999999
World Omni Select Auto Trust 2024-A,2025-03-31,9,450,460,3,0,0,34689.380000000005
World Omni Select Auto Trust 2024-A,2025-03-31,9,460,470,1,0,0,19097.49
World Omni Select Auto Trust 2024-A,2025-03-31,9,470,480,3,0,0,48527.32
World Omni Select Auto Trust 2024-A,2025-03-31,9,480,490,5,2,0,99931.07
World Omni Select Auto Trust 2024-A,2025-03-31,9,490,500,6,1,0,179760.12
World Omni Select Auto Trust 2024-A,2025-03-31,9,500,510,13,4,0,452456.97
World Omni Select Auto Trust 2024-A,2025-03-31,9,510,520,31,5,4,649198.79
World Omni Select Auto Trust 2024-A,2025-03-31,9,520,530,46,4,1,1079190.4100000001
World Omni Select Auto Trust 2024-A,2025-03-31,9,530,540,54,8,3,1140073.5
World Omni Select Auto Trust 2024-A,2025-03-31,9,540,550,75,10,2,1611559.8299999996
World Omni Select Auto Trust 2024-A,2025-03-31,9,550,560,95,10,5,2324185.63
World Omni Select Auto Trust 2024-A,2025-03-31,9,560,570,111,10,2,2508600.4600000004
World Omni Select Auto Trust 2024-A,2025-03-31,9,570,580,219,21,7,5399454.8100000005
World Omni Select Auto Trust 2024-A,2025-03-31,9,580,590,565,47,15,13609251.3
World Omni Select Auto Trust 2024-A,2025-03-31,9,590,600,745,71,13,18662786.829999987
World Omni Select Auto Trust 2024-A,2025-03-31,9,600,610,943,76,24,24189840.839999996
World Omni Select Auto Trust 2024-A,2025-03-31,9,610,620,1058,95,26,27781837.62
World Omni Select Auto Trust 2024-A,2025-03-31,9,620,630,1892,140,45,53093264.24999997
World Omni Select Auto Trust 2024-A,2025-03-31,9,630,640,1944,116,39,55574148.640000015
World Omni Select Auto Trust 2024-A,2025-03-31,9,640,650,3032,159,58,92700090.64000005
World Omni Select Auto Trust 2024-A,2025-03-31,9,650,660,250,13,2,7546265.489999999
World Omni Select Auto Trust 2024-A,2025-03-31,9,660,670,318,16,9,9592395.209999997
World Omni Select Auto Trust 2024-A,2025-03-31,9,670,680,340,16,5,10731013.219999995
World Omni Select Auto Trust 2024-A,2025-03-31,9,680,690,355,21,2,11227831.95
World Omni Select Auto Trust 2024-A,2025-03-31,9,690,700,396,13,4,12671381.900000004
World Omni Select Auto Trust 2024-A,2025-03-31,9,700,710,671,23,10,22675272.2
World Omni Select Auto Trust 2024-A,2025-03-31,9,710,720,580,9,3,19775738.300000012
World Omni Select Auto Trust 2024-A,2025-03-31,9,720,730,736,21,4,24208136.94000001
World Omni Select Auto Trust 2024-A,2025-03-31,9,730,740,644,10,7,21579584.64
World Omni Select Auto Trust 2024-A,2025-03-31,9,740,750,544,10,5,17759034.89999999
World Omni Select Auto Trust 2024-A,2025-03-31,9,750,760,489,5,3,16255950.059999997
World Omni Select Auto Trust 2024-A,2025-03-31,9,760,770,433,3,0,14403960.95
World Omni Select Auto Trust 2024-A,2025-03-31,9,770,780,434,4,5,14008562.460000005
World Omni Select Auto Trust 2024-A,2025-03-31,9,780,790,363,3,2,11599812.000000002
World Omni Select Auto Trust 2024-A,2025-03-31,9,790,800,338,8,0,10873527.82
World Omni Select Auto Trust 2024-A,2025-03-31,9,800,810,338,4,2,10952108.459999997
World Omni Select Auto Trust 2024-A,2025-03-31,9,810,820,281,3,0,8546432.920000002
World Omni Select Auto Trust 2024-A,2025-03-31,9,820,830,295,2,0,9535286.670000002
World Omni Select Auto Trust 2024-A,2025-03-31,9,830,840,244,0,1,7365998.8999999985
World Omni Select Auto Trust 2024-A,2025-03-31,9,840,850,168,4,0,4747121.8100000005
World Omni Select Auto Trust 2024-A,2025-03-31,9,850,860,173,3,0,5147146.640000001
World Omni Select Auto Trust 2024-A,2025-03-31,9,860,870,108,1,0,2917457.97
World Omni Select Auto Trust 2024-A,2025-03-31,9,870,880,56,0,0,1371633.24
World Omni Select Auto Trust 2024-A,2025-03-31,9,880,890,12,0,0,393175.07999999996
World Omni Select Auto Trust 2024-A,2025-03-31,9,890,900,1,0,0,44645.68
World Omni Select Auto Trust 2024-A,2025-04-30,10,420,430,1,0,0,28625.37
World Omni Select Auto Trust 2024-A,2025-04-30,10,430,440,1,0,0,21602.19
World Omni Select Auto Trust 2024-A,2025-04-30,10,440,450,2,0,1,92847.48
World Omni Select Auto Trust 2024-A,2025-04-30,10,450,460,3,0,0,32189.14
World Omni Select Auto Trust 2024-A,2025-04-30,10,460,470,1,0,0,18955.45
World Omni Select Auto Trust 2024-A,2025-04-30,10,470,480,3,0,0,47693.71
World Omni Select Auto Trust 2024-A,2025-04-30,10,480,490,5,1,1,97094.11000000002
World Omni Select Auto Trust 2024-A,2025-04-30,10,490,500,4,3,0,178455.89999999997
World Omni Select Auto Trust 2024-A,2025-04-30,10,500,510,11,5,1,444688.9700000001
World Omni Select Auto Trust 2024-A,2025-04-30,10,510,520,27,5,4,571443.0199999999
World Omni Select Auto Trust 2024-A,2025-04-30,10,520,530,45,3,1,1004346.1400000001
World Omni Select Auto Trust 2024-A,2025-04-30,10,530,540,54,6,3,1118713.11
World Omni Select Auto Trust 2024-A,2025-04-30,10,540,550,70,7,5,1579207.0300000003
World Omni Select Auto Trust 2024-A,2025-04-30,10,550,560,95,9,3,2219837.730000001
World Omni Select Auto Trust 2024-A,2025-04-30,10,560,570,104,12,1,2364228.9499999993
World Omni Select Auto Trust 2024-A,2025-04-30,10,570,580,201,22,4,4979775.930000002
World Omni Select Auto Trust 2024-A,2025-04-30,10,580,590,525,51,18,12880697.350000005
World Omni Select Auto Trust 2024-A,2025-04-30,10,590,600,706,60,20,17649529.58000001
World Omni Select Auto Trust 2024-A,2025-04-30,10,600,610,901,84,25,23174537.58999998
World Omni Select Auto Trust 2024-A,2025-04-30,10,610,620,1021,86,23,26382102.12000004
World Omni Select Auto Trust 2024-A,2025-04-30,10,620,630,1797,125,54,50188004.25000003
World Omni Select Auto Trust 2024-A,2025-04-30,10,630,640,1854,119,38,52824071.99
World Omni Select Auto Trust 2024-A,2025-04-30,10,640,650,2885,157,55,88087112.76000012
World Omni Select Auto Trust 2024-A,2025-04-30,10,650,660,238,13,1,7031767.219999997
World Omni Select Auto Trust 2024-A,2025-04-30,10,660,670,306,18,7,9241927.289999992
World Omni Select Auto Trust 2024-A,2025-04-30,10,670,680,321,14,7,10063346.850000001
World Omni Select Auto Trust 2024-A,2025-04-30,10,680,690,338,21,3,10858260.280000007
World Omni Select Auto Trust 2024-A,2025-04-30,10,690,700,383,18,1,12312438.620000003
World Omni Select Auto Trust 2024-A,2025-04-30,10,700,710,652,22,7,21750345.71000001
World Omni Select Auto Trust 2024-A,2025-04-30,10,710,720,568,7,4,19178843.35000001
World Omni Select Auto Trust 2024-A,2025-04-30,10,720,730,712,24,7,23477874.450000044
World Omni Select Auto Trust 2024-A,2025-04-30,10,730,740,626,15,5,20952912.169999987
World Omni Select Auto Trust 2024-A,2025-04-30,10,740,750,524,8,2,16953498.110000007
World Omni Select Auto Trust 2024-A,2025-04-30,10,750,760,478,4,1,15687761.849999998
World Omni Select Auto Trust 2024-A,2025-04-30,10,760,770,417,4,1,13885704.36
World Omni Select Auto Trust 2024-A,2025-04-30,10,770,780,423,3,4,13600708.049999995
World Omni Select Auto Trust 2024-A,2025-04-30,10,780,790,349,4,1,11133569.770000001
World Omni Select Auto Trust 2024-A,2025-04-30,10,790,800,326,6,1,10467999.419999998
World Omni Select Auto Trust 2024-A,2025-04-30,10,800,810,326,3,2,10428959.07
World Omni Select Auto Trust 2024-A,2025-04-30,10,810,820,276,1,0,8229340.720000004
World Omni Select Auto Trust 2024-A,2025-04-30,10,820,830,283,3,0,9059307.570000006
World Omni Select Auto Trust 2024-A,2025-04-30,10,830,840,232,3,1,7020979.83
World Omni Select Auto Trust 2024-A,2025-04-30,10,840,850,160,3,1,4529958.880000001
World Omni Select Auto Trust 2024-A,2025-04-30,10,850,860,166,1,1,4955135.969999998
World Omni Select Auto Trust 2024-A,2025-04-30,10,860,870,108,1,0,2862633.230000001
World Omni Select Auto Trust 2024-A,2025-04-30,10,870,880,54,0,0,1290088.44
World Omni Select Auto Trust 2024-A,2025-04-30,10,880,890,10,0,0,347616.88
World Omni Select Auto Trust 2024-A,2025-04-30,10,890,900,1,0,0,44065.08
World Omni Select Auto Trust 2024-A,2025-05-31,11,420,430,1,0,0,28231.18
World Omni Select Auto Trust 2024-A,2025-05-31,11,430,440,1,0,0,21384.49
World Omni Select Auto Trust 2024-A,2025-05-31,11,440,450,2,0,1,92847.48
World Omni Select Auto Trust 2024-A,2025-05-31,11,450,460,3,0,0,31402.84
World Omni Select Auto Trust 2024-A,2025-05-31,11,460,470,1,0,0,18900.44
World Omni Select Auto Trust 2024-A,2025-05-31,11,470,480,3,0,0,46808.630000000005
World Omni Select Auto Trust 2024-A,2025-05-31,11,480,490,6,1,0,95484.5
World Omni Select Auto Trust 2024-A,2025-05-31,11,490,500,4,2,1,175903.34
World Omni Select Auto Trust 2024-A,2025-05-31,11,500,510,12,4,1,438023.42999999993
World Omni Select Auto Trust 2024-A,2025-05-31,11,510,520,22,6,4,536721.8300000001
World Omni Select Auto Trust 2024-A,2025-05-31,11,520,530,43,3,1,973281.01
World Omni Select Auto Trust 2024-A,2025-05-31,11,530,540,46,10,3,1099640.3199999996
World Omni Select Auto Trust 2024-A,2025-05-31,11,540,550,64,11,2,1460306.3600000006
World Omni Select Auto Trust 2024-A,2025-05-31,11,550,560,88,11,4,2091213.0199999996
World Omni Select Auto Trust 2024-A,2025-05-31,11,560,570,92,12,4,2195833.56
World Omni Select Auto Trust 2024-A,2025-05-31,11,570,580,186,22,8,4730583.58
World Omni Select Auto Trust 2024-A,2025-05-31,11,580,590,484,62,14,12102123.770000003
World Omni Select Auto Trust 2024-A,2025-05-31,11,590,600,643,75,21,16629783.919999994
World Omni Select Auto Trust 2024-A,2025-05-31,11,600,610,824,89,33,21813367.09999999
World Omni Select Auto Trust 2024-A,2025-05-31,11,610,620,934,102,31,24768947.650000017
World Omni Select Auto Trust 2024-A,2025-05-31,11,620,630,1669,141,54,47470503.46000002
World Omni Select Auto Trust 2024-A,2025-05-31,11,630,640,1751,128,42,50430294.19999999
World Omni Select Auto Trust 2024-A,2025-05-31,11,640,650,2740,175,51,83625622.34999992
World Omni Select Auto Trust 2024-A,2025-05-31,11,650,660,224,12,3,6562836.2700000005
World Omni Select Auto Trust 2024-A,2025-05-31,11,660,670,293,18,7,8705123.799999997
World Omni Select Auto Trust 2024-A,2025-05-31,11,670,680,308,17,3,9703616.940000001
World Omni Select Auto Trust 2024-A,2025-05-31,11,680,690,326,16,4,10264679.070000002
World Omni Select Auto Trust 2024-A,2025-05-31,11,690,700,357,21,8,11736402.77
World Omni Select Auto Trust 2024-A,2025-05-31,11,700,710,623,25,8,20817026.53999999
World Omni Select Auto Trust 2024-A,2025-05-31,11,710,720,528,22,5,18348609.21
World Omni Select Auto Trust 2024-A,2025-05-31,11,720,730,683,23,5,22503499.869999964
World Omni Select Auto Trust 2024-A,2025-05-31,11,730,740,604,20,5,20327130.819999978
World Omni Select Auto Trust 2024-A,2025-05-31,11,740,750,504,8,3,16319434.589999998
World Omni Select Auto Trust 2024-A,2025-05-31,11,750,760,461,5,1,15030933.939999996
World Omni Select Auto Trust 2024-A,2025-05-31,11,760,770,400,7,1,13372086.400000006
World Omni Select Auto Trust 2024-A,2025-05-31,11,770,780,405,7,3,13121305.970000008
World Omni Select Auto Trust 2024-A,2025-05-31,11,780,790,330,4,2,10450520.999999993
World Omni Select Auto Trust 2024-A,2025-05-31,11,790,800,314,5,1,10092885.379999992
World Omni Select Auto Trust 2024-A,2025-05-31,11,800,810,321,1,3,10116492.78
World Omni Select Auto Trust 2024-A,2025-05-31,11,810,820,257,5,0,7840822.630000003
World Omni Select Auto Trust 2024-A,2025-05-31,11,820,830,272,5,0,8713064.949999994
World Omni Select Auto Trust 2024-A,2025-05-31,11,830,840,230,1,0,6721028.289999999
World Omni Select Auto Trust 2024-A,2025-05-31,11,840,850,153,3,1,4266564.979999998
World Omni Select Auto Trust 2024-A,2025-05-31,11,850,860,162,0,0,4776215.259999999
World Omni Select Auto Trust 2024-A,2025-05-31,11,860,870,105,2,0,2780526.379999999
World Omni Select Auto Trust 2024-A,2025-05-31,11,870,880,51,2,0,1242343.0999999996
World Omni Select Auto Trust 2024-A,2025-05-31,11,880,890,10,0,0,342522.74
World Omni Select Auto Trust 2024-A,2025-05-31,11,890,900,1,0,0,43480.48
World Omni Select Auto Trust 2024-A,2024-06-30,0,420,430,1,0,0,32008.47
World Omni Select Auto Trust 2024-A,2024-06-30,0,430,440,2,0,0,34815.57
World Omni Select Auto Trust 2024-A,2024-06-30,0,440,450,3,0,0,100131.21
World Omni Select Auto Trust 2024-A,2024-06-30,0,450,460,4,0,0,60142.85
World Omni Select Auto Trust 2024-A,2024-06-30,0,460,470,1,0,0,20716.85
World Omni Select Auto Trust 2024-A,2024-06-30,0,470,480,3,0,0,55875.82000000001
World Omni Select Auto Trust 2024-A,2024-06-30,0,480,490,8,1,0,155755.86
World Omni Select Auto Trust 2024-A,2024-06-30,0,490,500,10,0,0,285422.67
World Omni Select Auto Trust 2024-A,2024-06-30,0,500,510,21,1,0,593222.52
World Omni Select Auto Trust 2024-A,2024-06-30,0,510,520,46,1,1,882557.9299999998
World Omni Select Auto Trust 2024-A,2024-06-30,0,520,530,70,1,0,1630060.5800000003
World Omni Select Auto Trust 2024-A,2024-06-30,0,530,540,91,2,0,1804187.85
World Omni Select Auto Trust 2024-A,2024-06-30,0,540,550,124,0,0,2405865.6399999997
World Omni Select Auto Trust 2024-A,2024-06-30,0,550,560,143,5,0,3036364.67
World Omni Select Auto Trust 2024-A,2024-06-30,0,560,570,167,2,0,3628351.429999999
World Omni Select Auto Trust 2024-A,2024-06-30,0,570,580,323,6,2,7666193.3500000015
World Omni Select Auto Trust 2024-A,2024-06-30,0,580,590,821,16,0,19939672.060000006
World Omni Select Auto Trust 2024-A,2024-06-30,0,590,600,1062,18,0,26202435.400000006
World Omni Select Auto Trust 2024-A,2024-06-30,0,600,610,1321,20,0,33583634.84000001
World Omni Select Auto Trust 2024-A,2024-06-30,0,610,620,1507,19,2,38983022.13999999
World Omni Select Auto Trust 2024-A,2024-06-30,0,620,630,2719,26,1,76596972.64000006
World Omni Select Auto Trust 2024-A,2024-06-30,0,630,640,2707,21,2,78086179.41000012
World Omni Select Auto Trust 2024-A,2024-06-30,0,640,650,4140,23,2,129862303.91000007
World Omni Select Auto Trust 2024-A,2024-06-30,0,650,660,334,5,0,10113921.500000011
World Omni Select Auto Trust 2024-A,2024-06-30,0,660,670,449,0,0,13850007.170000006
World Omni Select Auto Trust 2024-A,2024-06-30,0,670,680,445,2,0,14396319.089999996
World Omni Select Auto Trust 2024-A,2024-06-30,0,680,690,476,3,0,14857005.959999993
World Omni Select Auto Trust 2024-A,2024-06-30,0,690,700,522,5,1,16997270.000000004
World Omni Select Auto Trust 2024-A,2024-06-30,0,700,710,867,5,0,30193390.949999977
World Omni Select Auto Trust 2024-A,2024-06-30,0,710,720,716,3,1,25780747.26000002
World Omni Select Auto Trust 2024-A,2024-06-30,0,720,730,910,3,0,31626604.410000015
World Omni Select Auto Trust 2024-A,2024-06-30,0,730,740,815,3,1,28961619.639999975
World Omni Select Auto Trust 2024-A,2024-06-30,0,740,750,660,3,0,23288273.139999986
World Omni Select Auto Trust 2024-A,2024-06-30,0,750,760,616,0,0,21882948.510000013
World Omni Select Auto Trust 2024-A,2024-06-30,0,760,770,536,0,1,19612045.81999998
World Omni Select Auto Trust 2024-A,2024-06-30,0,770,780,528,0,0,18435594.71999999
World Omni Select Auto Trust 2024-A,2024-06-30,0,780,790,458,2,0,15760963.130000005
World Omni Select Auto Trust 2024-A,2024-06-30,0,790,800,432,2,0,15119659.09
World Omni Select Auto Trust 2024-A,2024-06-30,0,800,810,417,2,0,14484237.760000011
World Omni Select Auto Trust 2024-A,2024-06-30,0,810,820,358,0,0,11671595.23999999
World Omni Select Auto Trust 2024-A,2024-06-30,0,820,830,365,1,0,12921524.670000007
World Omni Select Auto Trust 2024-A,2024-06-30,0,830,840,304,0,0,10362198.270000001
World Omni Select Auto Trust 2024-A,2024-06-30,0,840,850,220,0,0,6845825.599999998
World Omni Select Auto Trust 2024-A,2024-06-30,0,850,860,228,0,0,7315954.210000005
World Omni Select Auto Trust 2024-A,2024-06-30,0,860,870,134,0,0,4119073.0599999996
World Omni Select Auto Trust 2024-A,2024-06-30,0,870,880,73,0,0,1973641.5300000005
World Omni Select Auto Trust 2024-A,2024-06-30,0,880,890,14,0,0,482847.06
World Omni Select Auto Trust 2024-A,2024-06-30,0,890,900,1,0,0,49049.78
World Omni Select Auto Trust 2024-A,2025-06-30,12,430,440,1,0,0,21052.48
World Omni Select Auto Trust 2024-A,2025-06-30,12,440,450,2,0,1,92316.08
World Omni Select Auto Trust 2024-A,2025-06-30,12,450,460,1,1,0,30146.190000000002
World Omni Select Auto Trust 2024-A,2025-06-30,12,460,470,1,0,0,18691.29
World Omni Select Auto Trust 2024-A,2025-06-30,12,470,480,3,0,0,45934.479999999996
World Omni Select Auto Trust 2024-A,2025-06-30,12,480,490,6,0,0,63914.54
World Omni Select Auto Trust 2024-A,2025-06-30,12,490,500,6,0,1,173669.78
World Omni Select Auto Trust 2024-A,2025-06-30,12,500,510,12,3,1,428115.87000000005
World Omni Select Auto Trust 2024-A,2025-06-30,12,510,520,20,6,2,492104.51999999996
World Omni Select Auto Trust 2024-A,2025-06-30,12,520,530,35,8,1,933018.9299999999
World Omni Select Auto Trust 2024-A,2025-06-30,12,530,540,43,9,3,1031976.5200000001
World Omni Select Auto Trust 2024-A,2025-06-30,12,540,550,59,8,6,1376605.5399999998
World Omni Select Auto Trust 2024-A,2025-06-30,12,550,560,85,12,3,1989065.72
World Omni Select Auto Trust 2024-A,2025-06-30,12,560,570,85,9,3,1953797.5699999998
World Omni Select Auto Trust 2024-A,2025-06-30,12,570,580,173,21,6,4333778.160000001
World Omni Select Auto Trust 2024-A,2025-06-30,12,580,590,452,54,22,11387540.38
World Omni Select Auto Trust 2024-A,2025-06-30,12,590,600,603,71,23,15716663.749999993
World Omni Select Auto Trust 2024-A,2025-06-30,12,600,610,780,87,34,20687309.770000003
World Omni Select Auto Trust 2024-A,2025-06-30,12,610,620,872,96,33,23095197.76999999
World Omni Select Auto Trust 2024-A,2025-06-30,12,620,630,1559,139,58,44834506.60000002
World Omni Select Auto Trust 2024-A,2025-06-30,12,630,640,1674,124,42,48184780.81000004
World Omni Select Auto Trust 2024-A,2025-06-30,12,640,650,2608,172,53,79307250.61000001
World Omni Select Auto Trust 2024-A,2025-06-30,12,650,660,208,13,4,6096026.63
World Omni Select Auto Trust 2024-A,2025-06-30,12,660,670,273,20,8,8193658.110000002
World Omni Select Auto Trust 2024-A,2025-06-30,12,670,680,282,25,8,9184104.469999986
World Omni Select Auto Trust 2024-A,2025-06-30,12,680,690,309,17,7,9964274.74
World Omni Select Auto Trust 2024-A,2025-06-30,12,690,700,342,20,5,11128009.940000001
World Omni Select Auto Trust 2024-A,2025-06-30,12,700,710,600,20,5,19680141.939999986
World Omni Select Auto Trust 2024-A,2025-06-30,12,710,720,515,15,5,17361142.630000006
World Omni Select Auto Trust 2024-A,2025-06-30,12,720,730,664,17,4,21470064.790000007
World Omni Select Auto Trust 2024-A,2025-06-30,12,730,740,589,15,6,19758528.31999999
World Omni Select Auto Trust 2024-A,2025-06-30,12,740,750,491,9,3,15881066.620000008
World Omni Select Auto Trust 2024-A,2025-06-30,12,750,760,457,6,0,14767818.67000001
World Omni Select Auto Trust 2024-A,2025-06-30,12,760,770,386,6,3,12766884.239999998
World Omni Select Auto Trust 2024-A,2025-06-30,12,770,780,397,5,5,12783091.619999992
World Omni Select Auto Trust 2024-A,2025-06-30,12,780,790,311,10,2,9961269.229999999
World Omni Select Auto Trust 2024-A,2025-06-30,12,790,800,303,3,3,9612478.809999999
World Omni Select Auto Trust 2024-A,2025-06-30,12,800,810,304,5,3,9508833.420000006
World Omni Select Auto Trust 2024-A,2025-06-30,12,810,820,242,4,2,7452957.549999996
World Omni Select Auto Trust 2024-A,2025-06-30,12,820,830,266,2,0,8319054.600000001
World Omni Select Auto Trust 2024-A,2025-06-30,12,830,840,223,3,0,6579189.619999998
World Omni Select Auto Trust 2024-A,2025-06-30,12,840,850,148,1,3,4060574.940000002
World Omni Select Auto Trust 2024-A,2025-06-30,12,850,860,157,1,0,4645480.710000001
World Omni Select Auto Trust 2024-A,2025-06-30,12,860,870,100,1,0,2661255.9299999997
World Omni Select Auto Trust 2024-A,2025-06-30,12,870,880,52,1,0,1217340.4100000001
World Omni Select Auto Trust 2024-A,2025-06-30,12,880,890,10,0,0,336861.63
World Omni Select Auto Trust 2024-A,2025-06-30,12,890,900,1,0,0,42881.14
World Omni Select Auto Trust 2024-A,2024-07-31,1,420,430,1,0,0,32008.47
World Omni Select Auto Trust 2024-A,2024-07-31,1,430,440,2,0,0,34034.33
World Omni Select Auto Trust 2024-A,2024-07-31,1,440,450,2,1,0,99757.99
World Omni Select Auto Trust 2024-A,2024-07-31,1,450,460,3,0,0,43571.12
World Omni Select Auto Trust 2024-A,2024-07-31,1,460,470,1,0,0,20522.02
World Omni Select Auto Trust 2024-A,2024-07-31,1,470,480,3,0,0,54880.75
World Omni Select Auto Trust 2024-A,2024-07-31,1,480,490,8,1,0,153644.89
World Omni Select Auto Trust 2024-A,2024-07-31,1,490,500,8,1,0,230701.37
World Omni Select Auto Trust 2024-A,2024-07-31,1,500,510,20,1,1,587910.0000000002
World Omni Select Auto Trust 2024-A,2024-07-31,1,510,520,40,7,0,856941.58
World Omni Select Auto Trust 2024-A,2024-07-31,1,520,530,64,4,0,1511279.0400000003
World Omni Select Auto Trust 2024-A,2024-07-31,1,530,540,89,3,0,1751301.4899999995
World Omni Select Auto Trust 2024-A,2024-07-31,1,540,550,119,3,0,2334366.9200000004
World Omni Select Auto Trust 2024-A,2024-07-31,1,550,560,136,12,0,2989307.640000001
World Omni Select Auto Trust 2024-A,2024-07-31,1,560,570,157,7,0,3496628.2000000007
World Omni Select Auto Trust 2024-A,2024-07-31,1,570,580,302,22,0,7391642.559999999
World Omni Select Auto Trust 2024-A,2024-07-31,1,580,590,791,38,0,19506884.380000018
World Omni Select Auto Trust 2024-A,2024-07-31,1,590,600,1016,57,1,25690514.229999997
World Omni Select Auto Trust 2024-A,2024-07-31,1,600,610,1244,80,1,32707729.440000024
World Omni Select Auto Trust 2024-A,2024-07-31,1,610,620,1445,61,2,38023356.11999989
World Omni Select Auto Trust 2024-A,2024-07-31,1,620,630,2602,104,1,74708694.45999993
World Omni Select Auto Trust 2024-A,2024-07-31,1,630,640,2590,85,1,75712085.99999979
World Omni Select Auto Trust 2024-A,2024-07-31,1,640,650,4003,117,1,126813513.57000004
World Omni Select Auto Trust 2024-A,2024-07-31,1,650,660,322,10,0,9798815.330000011
World Omni Select Auto Trust 2024-A,2024-07-31,1,660,670,427,12,0,13400275.88999998
World Omni Select Auto Trust 2024-A,2024-07-31,1,670,680,427,13,0,14052226.400000008
World Omni Select Auto Trust 2024-A,2024-07-31,1,680,690,465,11,0,14573263.790000007
World Omni Select Auto Trust 2024-A,2024-07-31,1,690,700,509,13,0,16630872.950000014
World Omni Select Auto Trust 2024-A,2024-07-31,1,700,710,853,11,0,29519403.52999999
World Omni Select Auto Trust 2024-A,2024-07-31,1,710,720,705,11,0,25296879.710000012
World Omni Select Auto Trust 2024-A,2024-07-31,1,720,730,893,9,1,30832994.31999999
World Omni Select Auto Trust 2024-A,2024-07-31,1,730,740,784,25,0,28264652.71999999
World Omni Select Auto Trust 2024-A,2024-07-31,1,740,750,652,6,0,22834967.409999978
World Omni Select Auto Trust 2024-A,2024-07-31,1,750,760,606,2,0,21321490.149999984
World Omni Select Auto Trust 2024-A,2024-07-31,1,760,770,522,4,1,18903193.160000015
World Omni Select Auto Trust 2024-A,2024-07-31,1,770,780,520,4,0,18078917.91000001
World Omni Select Auto Trust 2024-A,2024-07-31,1,780,790,452,2,0,15331244.50000001
World Omni Select Auto Trust 2024-A,2024-07-31,1,790,800,417,5,0,14520534.109999996
World Omni Select Auto Trust 2024-A,2024-07-31,1,800,810,409,6,0,14116433.489999993
World Omni Select Auto Trust 2024-A,2024-07-31,1,810,820,347,4,0,11316439.63
World Omni Select Auto Trust 2024-A,2024-07-31,1,820,830,357,2,0,12456043.029999988
World Omni Select Auto Trust 2024-A,2024-07-31,1,830,840,298,2,0,10152112.259999996
World Omni Select Auto Trust 2024-A,2024-07-31,1,840,850,214,0,0,6588137.890000001
World Omni Select Auto Trust 2024-A,2024-07-31,1,850,860,222,1,0,6998826.129999998
World Omni Select Auto Trust 2024-A,2024-07-31,1,860,870,130,1,0,4014432.04
World Omni Select Auto Trust 2024-A,2024-07-31,1,870,880,70,0,0,1841191.97
World Omni Select Auto Trust 2024-A,2024-07-31,1,880,890,14,0,0,476010.71
World Omni Select Auto Trust 2024-A,2024-07-31,1,890,900,1,0,0,49049.78
World Omni Select Auto Trust 2024-A,2025-07-31,13,430,440,1,0,0,20817.14
World Omni Select Auto Trust 2024-A,2025-07-31,13,440,450,2,0,1,91178.12
World Omni Select Auto Trust 2024-A,2025-07-31,13,450,460,1,1,0,29635.02
World Omni Select Auto Trust 2024-A,2025-07-31,13,460,470,1,0,0,18307.05
World Omni Select Auto Trust 2024-A,2025-07-31,13,470,480,3,0,0,45047.53
World Omni Select Auto Trust 2024-A,2025-07-31,13,480,490,4,2,0,61780.619999999995
World Omni Select Auto Trust 2024-A,2025-07-31,13,490,500,7,0,0,170618.83999999997
World Omni Select Auto Trust 2024-A,2025-07-31,13,500,510,10,4,1,400629.62999999995
World Omni Select Auto Trust 2024-A,2025-07-31,13,510,520,19,7,1,476632.48000000004
World Omni Select Auto Trust 2024-A,2025-07-31,13,520,530,32,8,2,917340.05
World Omni Select Auto Trust 2024-A,2025-07-31,13,530,540,38,10,3,971481.3600000001
World Omni Select Auto Trust 2024-A,2025-07-31,13,540,550,53,10,5,1269154.06
World Omni Select Auto Trust 2024-A,2025-07-31,13,550,560,81,9,4,1859574.8500000006
World Omni Select Auto Trust 2024-A,2025-07-31,13,560,570,77,8,6,1792400.04
World Omni Select Auto Trust 2024-A,2025-07-31,13,570,580,164,16,10,4124639.0099999993
World Omni Select Auto Trust 2024-A,2025-07-31,13,580,590,425,53,23,10820513.329999998
World Omni Select Auto Trust 2024-A,2025-07-31,13,590,600,560,71,26,14847393.280000001
World Omni Select Auto Trust 2024-A,2025-07-31,13,600,610,721,87,41,19513367.269999992
World Omni Select Auto Trust 2024-A,2025-07-31,13,610,620,801,98,37,21858803.659999993
World Omni Select Auto Trust 2024-A,2025-07-31,13,620,630,1464,122,69,42264841.23000002
World Omni Select Auto Trust 2024-A,2025-07-31,13,630,640,1554,139,42,45349208.85000004
World Omni Select Auto Trust 2024-A,2025-07-31,13,640,650,2451,172,73,75345656.06000006
World Omni Select Auto Trust 2024-A,2025-07-31,13,650,660,186,17,4,5762286.959999998
World Omni Select Auto Trust 2024-A,2025-07-31,13,660,670,263,17,5,7776484.09
World Omni Select Auto Trust 2024-A,2025-07-31,13,670,680,271,18,8,8694533.189999998
World Omni Select Auto Trust 2024-A,2025-07-31,13,680,690,286,21,8,9417795.730000002
World Omni Select Auto Trust 2024-A,2025-07-31,13,690,700,328,20,3,10609970.129999995
World Omni Select Auto Trust 2024-A,2025-07-31,13,700,710,563,19,11,18485298.320000008
World Omni Select Auto Trust 2024-A,2025-07-31,13,710,720,484,17,8,16446183.289999997
World Omni Select Auto Trust 2024-A,2025-07-31,13,720,730,630,18,8,20452375.910000008
World Omni Select Auto Trust 2024-A,2025-07-31,13,730,740,562,21,5,18934614.200000003
World Omni Select Auto Trust 2024-A,2025-07-31,13,740,750,472,8,4,15257002.0
World Omni Select Auto Trust 2024-A,2025-07-31,13,750,760,438,8,2,14196094.030000001
World Omni Select Auto Trust 2024-A,2025-07-31,13,760,770,369,7,3,12109129.920000004
World Omni Select Auto Trust 2024-A,2025-07-31,13,770,780,381,3,6,12199239.900000004
World Omni Select Auto Trust 2024-A,2025-07-31,13,780,790,303,6,3,9652935.65
World Omni Select Auto Trust 2024-A,2025-07-31,13,790,800,294,5,1,9147602.47
World Omni Select Auto Trust 2024-A,2025-07-31,13,800,810,294,6,2,9089057.660000004
World Omni Select Auto Trust 2024-A,2025-07-31,13,810,820,231,5,2,7144282.220000001
World Omni Select Auto Trust 2024-A,2025-07-31,13,820,830,255,2,1,8036248.620000001
World Omni Select Auto Trust 2024-A,2025-07-31,13,830,840,214,5,0,6315676.79
World Omni Select Auto Trust 2024-A,2025-07-31,13,840,850,142,2,1,3925885.05
World Omni Select Auto Trust 2024-A,2025-07-31,13,850,860,150,1,0,4303113.99
World Omni Select Auto Trust 2024-A,2025-07-31,13,860,870,94,0,0,2440069.25
World Omni Select Auto Trust 2024-A,2025-07-31,13,870,880,51,0,0,1190946.06
World Omni Select Auto Trust 2024-A,2025-07-31,13,880,890,10,0,0,314211.7199999999
World Omni Select Auto Trust 2024-A,2025-07-31,13,890,900,1,0,0,42298.94
World Omni Select Auto Trust 2024-A,2024-08-31,2,420,430,1,0,0,31414.34
World Omni Select Auto Trust 2024-A,2024-08-31,2,430,440,2,0,0,33438.88
World Omni Select Auto Trust 2024-A,2024-08-31,2,440,450,2,0,1,99369.23
World Omni Select Auto Trust 2024-A,2024-08-31,2,450,460,3,0,0,42541.51
World Omni Select Auto Trust 2024-A,2024-08-31,2,460,470,1,0,0,20373.33
World Omni Select Auto Trust 2024-A,2024-08-31,2,470,480,3,0,0,54320.93
World Omni Select Auto Trust 2024-A,2024-08-31,2,480,490,8,1,0,151031.28
World Omni Select Auto Trust 2024-A,2024-08-31,2,490,500,8,1,0,229119.36
World Omni Select Auto Trust 2024-A,2024-08-31,2,500,510,21,1,0,581995.0700000001
World Omni Select Auto Trust 2024-A,2024-08-31,2,510,520,36,8,3,845958.3399999997
World Omni Select Auto Trust 2024-A,2024-08-31,2,520,530,59,5,1,1399983.9899999998
World Omni Select Auto Trust 2024-A,2024-08-31,2,530,540,84,8,0,1714923.9799999995
World Omni Select Auto Trust 2024-A,2024-08-31,2,540,550,111,5,2,2254449.17
World Omni Select Auto Trust 2024-A,2024-08-31,2,550,560,134,9,2,2937198.1999999997
World Omni Select Auto Trust 2024-A,2024-08-31,2,560,570,154,6,1,3423439.539999999
World Omni Select Auto Trust 2024-A,2024-08-31,2,570,580,284,25,4,7086129.270000007
World Omni Select Auto Trust 2024-A,2024-08-31,2,580,590,756,54,7,19064715.730000015
World Omni Select Auto Trust 2024-A,2024-08-31,2,590,600,968,79,13,25004439.940000016
World Omni Select Auto Trust 2024-A,2024-08-31,2,600,610,1207,80,18,31875530.069999985
World Omni Select Auto Trust 2024-A,2024-08-31,2,610,620,1393,75,13,36823864.689999975
World Omni Select Auto Trust 2024-A,2024-08-31,2,620,630,2505,129,28,72474948.91999993
World Omni Select Auto Trust 2024-A,2024-08-31,2,630,640,2515,110,14,73671215.61999987
World Omni Select Auto Trust 2024-A,2024-08-31,2,640,650,3866,154,37,123642394.04999994
World Omni Select Auto Trust 2024-A,2024-08-31,2,650,660,317,12,1,9650046.980000008
World Omni Select Auto Trust 2024-A,2024-08-31,2,660,670,410,20,2,13021934.640000006
World Omni Select Auto Trust 2024-A,2024-08-31,2,670,680,416,16,0,13645831.28
World Omni Select Auto Trust 2024-A,2024-08-31,2,680,690,455,14,1,14199983.729999987
World Omni Select Auto Trust 2024-A,2024-08-31,2,690,700,492,11,5,15990979.260000004
World Omni Select Auto Trust 2024-A,2024-08-31,2,700,710,822,22,5,28791949.92000003
World Omni Select Auto Trust 2024-A,2024-08-31,2,710,720,687,12,3,24533686.929999996
World Omni Select Auto Trust 2024-A,2024-08-31,2,720,730,874,14,4,30067544.84
World Omni Select Auto Trust 2024-A,2024-08-31,2,730,740,764,26,5,27503235.10000003
World Omni Select Auto Trust 2024-A,2024-08-31,2,740,750,640,8,2,22189019.000000007
World Omni Select Auto Trust 2024-A,2024-08-31,2,750,760,592,4,1,20788189.74999999
World Omni Select Auto Trust 2024-A,2024-08-31,2,760,770,509,7,1,18317010.52000001
World Omni Select Auto Trust 2024-A,2024-08-31,2,770,780,512,6,0,17539801.019999996
World Omni Select Auto Trust 2024-A,2024-08-31,2,780,790,441,3,0,14771614.19999999
World Omni Select Auto Trust 2024-A,2024-08-31,2,790,800,408,6,1,14123838.739999995
World Omni Select Auto Trust 2024-A,2024-08-31,2,800,810,402,6,0,13718101.190000005
World Omni Select Auto Trust 2024-A,2024-08-31,2,810,820,342,5,0,11017770.989999996
World Omni Select Auto Trust 2024-A,2024-08-31,2,820,830,346,5,1,12015506.339999996
World Omni Select Auto Trust 2024-A,2024-08-31,2,830,840,295,1,0,9901119.829999994
World Omni Select Auto Trust 2024-A,2024-08-31,2,840,850,206,2,0,6341171.900000001
World Omni Select Auto Trust 2024-A,2024-08-31,2,850,860,215,1,1,6645615.34
World Omni Select Auto Trust 2024-A,2024-08-31,2,860,870,125,1,0,3675547.669999998
World Omni Select Auto Trust 2024-A,2024-08-31,2,870,880,67,1,0,1766078.5000000005
World Omni Select Auto Trust 2024-A,2024-08-31,2,880,890,13,0,0,432905.39
World Omni Select Auto Trust 2024-A,2024-08-31,2,890,900,1,0,0,48724.47
World Omni Select Auto Trust 2024-A,2025-08-31,14,430,440,1,0,0,20560.23
World Omni Select Auto Trust 2024-A,2025-08-31,14,440,450,2,1,0,90140.16
World Omni Select Auto Trust 2024-A,2025-08-31,14,450,460,2,0,0,28502.07
World Omni Select Auto Trust 2024-A,2025-08-31,14,460,470,1,0,0,18307.05
World Omni Select Auto Trust 2024-A,2025-08-31,14,470,480,3,0,0,44160.7
World Omni Select Auto Trust 2024-A,2025-08-31,14,480,490,3,0,2,24675.700000000004
World Omni Select Auto Trust 2024-A,2025-08-31,14,490,500,7,0,0,168448.3
World Omni Select Auto Trust 2024-A,2025-08-31,14,500,510,10,3,1,394543.3400000001
World Omni Select Auto Trust 2024-A,2025-08-31,14,510,520,16,8,2,468903.26999999996
World Omni Select Auto Trust 2024-A,2025-08-31,14,520,530,32,4,3,861025.4600000002
World Omni Select Auto Trust 2024-A,2025-08-31,14,530,540,35,10,4,931968.4699999999
World Omni Select Auto Trust 2024-A,2025-08-31,14,540,550,51,9,4,1199849.14
World Omni Select Auto Trust 2024-A,2025-08-31,14,550,560,76,8,5,1787599.7399999998
World Omni Select Auto Trust 2024-A,2025-08-31,14,560,570,74,9,2,1647704.7699999998
World Omni Select Auto Trust 2024-A,2025-08-31,14,570,580,151,21,8,3935726.280000001
World Omni Select Auto Trust 2024-A,2025-08-31,14,580,590,396,52,16,10197610.510000013
World Omni Select Auto Trust 2024-A,2025-08-31,14,590,600,528,66,36,14275184.199999982
World Omni Select Auto Trust 2024-A,2025-08-31,14,600,610,664,103,30,18520153.530000016
World Omni Select Auto Trust 2024-A,2025-08-31,14,610,620,741,95,48,20893115.54
World Omni Select Auto Trust 2024-A,2025-08-31,14,620,630,1384,130,64,40255243.20999997
World Omni Select Auto Trust 2024-A,2025-08-31,14,630,640,1462,129,48,42956190.10999993
World Omni Select Auto Trust 2024-A,2025-08-31,14,640,650,2329,169,77,72121860.53999989
World Omni Select Auto Trust 2024-A,2025-08-31,14,650,660,180,12,7,5553242.569999998
World Omni Select Auto Trust 2024-A,2025-08-31,14,660,670,245,17,8,7420545.540000003
World Omni Select Auto Trust 2024-A,2025-08-31,14,670,680,261,19,7,8382502.269999996
World Omni Select Auto Trust 2024-A,2025-08-31,14,680,690,275,18,8,8906839.150000002
World Omni Select Auto Trust 2024-A,2025-08-31,14,690,700,309,25,5,10193632.72
World Omni Select Auto Trust 2024-A,2025-08-31,14,700,710,550,17,10,17808975.83
World Omni Select Auto Trust 2024-A,2025-08-31,14,710,720,470,14,9,15773629.54999999
World Omni Select Auto Trust 2024-A,2025-08-31,14,720,730,613,14,7,19804146.089999977
World Omni Select Auto Trust 2024-A,2025-08-31,14,730,740,549,15,11,18400589.729999993
World Omni Select Auto Trust 2024-A,2025-08-31,14,740,750,458,8,4,14742342.820000008
World Omni Select Auto Trust 2024-A,2025-08-31,14,750,760,430,6,4,13867361.900000006
World Omni Select Auto Trust 2024-A,2025-08-31,14,760,770,364,7,5,11792597.75
World Omni Select Auto Trust 2024-A,2025-08-31,14,770,780,366,9,4,11708767.370000005
World Omni Select Auto Trust 2024-A,2025-08-31,14,780,790,300,3,3,9393900.74999999
World Omni Select Auto Trust 2024-A,2025-08-31,14,790,800,279,9,2,8862703.309999999
World Omni Select Auto Trust 2024-A,2025-08-31,14,800,810,286,4,1,8644832.579999998
World Omni Select Auto Trust 2024-A,2025-08-31,14,810,820,230,3,3,6909480.030000001
World Omni Select Auto Trust 2024-A,2025-08-31,14,820,830,247,3,1,7812989.070000006
World Omni Select Auto Trust 2024-A,2025-08-31,14,830,840,206,5,2,6122307.870000008
World Omni Select Auto Trust 2024-A,2025-08-31,14,840,850,135,1,2,3730035.7099999995
World Omni Select Auto Trust 2024-A,2025-08-31,14,850,860,143,2,0,4120700.7099999995
World Omni Select Auto Trust 2024-A,2025-08-31,14,860,870,93,0,0,2383497.279999999
World Omni Select Auto Trust 2024-A,2025-08-31,14,870,880,46,1,0,1119779.35
World Omni Select Auto Trust 2024-A,2025-08-31,14,880,890,10,0,0,307729.27999999997
World Omni Select Auto Trust 2024-A,2025-08-31,14,890,900,1,0,0,41702.16
World Omni Select Auto Trust 2024-A,2024-09-30,3,420,430,1,0,0,31071.86
World Omni Select Auto Trust 2024-A,2024-09-30,3,430,440,2,0,0,33087.08
World Omni Select Auto Trust 2024-A,2024-09-30,3,440,450,3,0,0,98524.57
World Omni Select Auto Trust 2024-A,2024-09-30,3,450,460,3,0,0,41549.29
World Omni Select Auto Trust 2024-A,2024-09-30,3,460,470,1,0,0,20117.51
World Omni Select Auto Trust 2024-A,2024-09-30,3,470,480,3,0,0,53549.62000000001
World Omni Select Auto Trust 2024-A,2024-09-30,3,480,490,8,1,0,148099.61000000004
World Omni Select Auto Trust 2024-A,2024-09-30,3,490,500,7,1,0,199189.62
World Omni Select Auto Trust 2024-A,2024-09-30,3,500,510,19,3,0,575535.2500000001
World Omni Select Auto Trust 2024-A,2024-09-30,3,510,520,32,12,3,835980.13
World Omni Select Auto Trust 2024-A,2024-09-30,3,520,530,54,10,0,1382549.7400000007
World Omni Select Auto Trust 2024-A,2024-09-30,3,530,540,77,9,1,1590006.4900000002
World Omni Select Auto Trust 2024-A,2024-09-30,3,540,550,103,8,4,2144513.1500000004
World Omni Select Auto Trust 2024-A,2024-09-30,3,550,560,133,7,4,2882890.8499999996
World Omni Select Auto Trust 2024-A,2024-09-30,3,560,570,139,16,2,3319522.8600000003
World Omni Select Auto Trust 2024-A,2024-09-30,3,570,580,278,23,7,6845552.499999999
World Omni Select Auto Trust 2024-A,2024-09-30,3,580,590,733,53,15,18458352.090000026
World Omni Select Auto Trust 2024-A,2024-09-30,3,590,600,944,70,21,24136574.539999995
World Omni Select Auto Trust 2024-A,2024-09-30,3,600,610,1169,87,24,31006991.94000002
World Omni Select Auto Trust 2024-A,2024-09-30,3,610,620,1355,86,17,35805136.56999996
World Omni Select Auto Trust 2024-A,2024-09-30,3,620,630,2435,138,46,70467153.5800001
World Omni Select Auto Trust 2024-A,2024-09-30,3,630,640,2424,127,41,71447562.81000003
World Omni Select Auto Trust 2024-A,2024-09-30,3,640,650,3766,145,64,119841008.75999974
World Omni Select Auto Trust 2024-A,2024-09-30,3,650,660,313,11,2,9442474.420000006
World Omni Select Auto Trust 2024-A,2024-09-30,3,660,670,396,22,4,12494638.819999997
World Omni Select Auto Trust 2024-A,2024-09-30,3,670,680,401,14,5,13171542.04
World Omni Select Auto Trust 2024-A,2024-09-30,3,680,690,445,18,1,13895976.350000003
World Omni Select Auto Trust 2024-A,2024-09-30,3,690,700,484,12,6,15592817.990000002
World Omni Select Auto Trust 2024-A,2024-09-30,3,700,710,810,15,7,27952016.219999995
World Omni Select Auto Trust 2024-A,2024-09-30,3,710,720,677,13,3,23916042.27000001
World Omni Select Auto Trust 2024-A,2024-09-30,3,720,730,854,19,4,29202164.799999982
World Omni Select Auto Trust 2024-A,2024-09-30,3,730,740,756,17,7,26683968.310000006
World Omni Select Auto Trust 2024-A,2024-09-30,3,740,750,626,13,2,21582695.289999995
World Omni Select Auto Trust 2024-A,2024-09-30,3,750,760,581,6,0,20237144.029999994
World Omni Select Auto Trust 2024-A,2024-09-30,3,760,770,504,4,5,17946036.12000002
World Omni Select Auto Trust 2024-A,2024-09-30,3,770,780,505,3,1,17118521.180000003
World Omni Select Auto Trust 2024-A,2024-09-30,3,780,790,433,2,1,14269229.120000005
World Omni Select Auto Trust 2024-A,2024-09-30,3,790,800,404,4,1,13827778.030000005
World Omni Select Auto Trust 2024-A,2024-09-30,3,800,810,391,5,2,13351029.490000002
World Omni Select Auto Trust 2024-A,2024-09-30,3,810,820,338,3,1,10646106.40999999
World Omni Select Auto Trust 2024-A,2024-09-30,3,820,830,341,7,0,11692477.260000007
World Omni Select Auto Trust 2024-A,2024-09-30,3,830,840,293,0,0,9675392.670000002
World Omni Select Auto Trust 2024-A,2024-09-30,3,840,850,201,2,0,6130741.939999998
World Omni Select Auto Trust 2024-A,2024-09-30,3,850,860,210,0,1,6367775.949999995
World Omni Select Auto Trust 2024-A,2024-09-30,3,860,870,123,0,0,3516519.8899999997
World Omni Select Auto Trust 2024-A,2024-09-30,3,870,880,66,1,0,1735112.27
World Omni Select Auto Trust 2024-A,2024-09-30,3,880,890,13,0,0,427279.17999999993
World Omni Select Auto Trust 2024-A,2024-09-30,3,890,900,1,0,0,48183.06
World Omni Select Auto Trust 2024-A,2025-09-30,15,430,440,1,0,0,20258.96
World Omni Select Auto Trust 2024-A,2025-09-30,15,440,450,3,0,0,88986.19
World Omni Select Auto Trust 2024-A,2025-09-30,15,450,460,2,0,0,27613.91
World Omni Select Auto Trust 2024-A,2025-09-30,15,470,480,3,0,0,43147.12
World Omni Select Auto Trust 2024-A,2025-09-30,15,480,490,2,0,1,22828.44
World Omni Select Auto Trust 2024-A,2025-09-30,15,490,500,3,1,1,127363.77
World Omni Select Auto Trust 2024-A,2025-09-30,15,500,510,7,3,1,331810.80999999994
World Omni Select Auto Trust 2024-A,2025-09-30,15,510,520,16,3,6,460762.23999999993
World Omni Select Auto Trust 2024-A,2025-09-30,15,520,530,30,5,3,841109.48
World Omni Select Auto Trust 2024-A,2025-09-30,15,530,540,35,8,5,917893.0000000001
World Omni Select Auto Trust 2024-A,2025-09-30,15,540,550,48,4,6,1118143.39
World Omni Select Auto Trust 2024-A,2025-09-30,15,550,560,73,10,3,1714319.6500000006
World Omni Select Auto Trust 2024-A,2025-09-30,15,560,570,63,12,5,1591055.3400000003
World Omni Select Auto Trust 2024-A,2025-09-30,15,570,580,137,24,7,3724614.35
World Omni Select Auto Trust 2024-A,2025-09-30,15,580,590,371,60,12,9843600.010000004
World Omni Select Auto Trust 2024-A,2025-09-30,15,590,600,491,71,30,13588626.629999992
World Omni Select Auto Trust 2024-A,2025-09-30,15,600,610,640,87,33,17609981.960000016
World Omni Select Auto Trust 2024-A,2025-09-30,15,610,620,702,92,39,19896150.909999985
World Omni Select Auto Trust 2024-A,2025-09-30,15,620,630,1292,130,63,38038333.97000001
World Omni Select Auto Trust 2024-A,2025-09-30,15,630,640,1394,127,53,40858055.35999998
World Omni Select Auto Trust 2024-A,2025-09-30,15,640,650,2239,152,64,68782533.64999998
World Omni Select Auto Trust 2024-A,2025-09-30,15,650,660,171,9,5,5192304.379999997
World Omni Select Auto Trust 2024-A,2025-09-30,15,660,670,232,15,7,6965848.829999997
World Omni Select Auto Trust 2024-A,2025-09-30,15,670,680,247,25,7,8015934.5900000045
World Omni Select Auto Trust 2024-A,2025-09-30,15,680,690,260,21,7,8489972.17999999
World Omni Select Auto Trust 2024-A,2025-09-30,15,690,700,298,21,6,9667817.000000006
World Omni Select Auto Trust 2024-A,2025-09-30,15,700,710,530,19,5,16861840.749999993
World Omni Select Auto Trust 2024-A,2025-09-30,15,710,720,458,14,7,15195992.230000002
World Omni Select Auto Trust 2024-A,2025-09-30,15,720,730,596,15,2,19058386.530000027
World Omni Select Auto Trust 2024-A,2025-09-30,15,730,740,531,18,8,17717885.57000001
World Omni Select Auto Trust 2024-A,2025-09-30,15,740,750,443,9,1,14209624.4
World Omni Select Auto Trust 2024-A,2025-09-30,15,750,760,418,7,1,13477723.570000008
World Omni Select Auto Trust 2024-A,2025-09-30,15,760,770,357,6,3,11349596.930000005
World Omni Select Auto Trust 2024-A,2025-09-30,15,770,780,357,6,5,11254438.870000012
World Omni Select Auto Trust 2024-A,2025-09-30,15,780,790,283,2,3,8829081.16
World Omni Select Auto Trust 2024-A,2025-09-30,15,790,800,277,3,3,8568515.110000007
World Omni Select Auto Trust 2024-A,2025-09-30,15,800,810,276,6,1,8277167.620000006
World Omni Select Auto Trust 2024-A,2025-09-30,15,810,820,220,3,4,6615771.599999996
World Omni Select Auto Trust 2024-A,2025-09-30,15,820,830,243,2,1,7560202.799999997
World Omni Select Auto Trust 2024-A,2025-09-30,15,830,840,204,3,2,5867705.160000002
World Omni Select Auto Trust 2024-A,2025-09-30,15,840,850,127,1,1,3501216.7799999984
World Omni Select Auto Trust 2024-A,2025-09-30,15,850,860,140,1,1,3961313.3100000005
World Omni Select Auto Trust 2024-A,2025-09-30,15,860,870,90,0,0,2280686.3200000008
World Omni Select Auto Trust 2024-A,2025-09-30,15,870,880,44,1,0,1037106.2500000003
World Omni Select Auto Trust 2024-A,2025-09-30,15,880,890,9,0,0,246877.25
World Omni Select Auto Trust 2024-A,2025-09-30,15,890,900,1,0,0,41245.06
World Omni Select Auto Trust 2024-A,2024-10-31,4,420,430,1,0,0,30694.65
World Omni Select Auto Trust 2024-A,2024-10-31,4,430,440,2,0,0,32183.2
World Omni Select Auto Trust 2024-A,2024-10-31,4,440,450,2,0,1,97793.29
World Omni Select Auto Trust 2024-A,2024-10-31,4,450,460,3,0,0,40512.56
World Omni Select Auto Trust 2024-A,2024-10-31,4,460,470,1,0,0,19940.0
World Omni Select Auto Trust 2024-A,2024-10-31,4,470,480,3,0,0,52754.51
World Omni Select Auto Trust 2024-A,2024-10-31,4,480,490,8,1,0,145742.03999999998
World Omni Select Auto Trust 2024-A,2024-10-31,4,490,500,5,2,0,190510.54
World Omni Select Auto Trust 2024-A,2024-10-31,4,500,510,18,2,0,547860.8400000001
World Omni Select Auto Trust 2024-A,2024-10-31,4,510,520,32,10,3,767109.23
World Omni Select Auto Trust 2024-A,2024-10-31,4,520,530,52,6,2,1300831.92
World Omni Select Auto Trust 2024-A,2024-10-31,4,530,540,75,10,1,1512644.0199999996
World Omni Select Auto Trust 2024-A,2024-10-31,4,540,550,97,11,1,2030236.9400000002
World Omni Select Auto Trust 2024-A,2024-10-31,4,550,560,127,9,4,2805988.769999999
World Omni Select Auto Trust 2024-A,2024-10-31,4,560,570,133,14,4,3222424.52
World Omni Select Auto Trust 2024-A,2024-10-31,4,570,580,266,23,11,6652147.4
World Omni Select Auto Trust 2024-A,2024-10-31,4,580,590,707,63,13,17629257.330000013
World Omni Select Auto Trust 2024-A,2024-10-31,4,590,600,903,77,24,23230635.679999996
World Omni Select Auto Trust 2024-A,2024-10-31,4,600,610,1125,96,31,30082350.900000017
World Omni Select Auto Trust 2024-A,2024-10-31,4,610,620,1287,106,26,34445166.03999994
World Omni Select Auto Trust 2024-A,2024-10-31,4,620,630,2336,147,59,67519697.74999997
World Omni Select Auto Trust 2024-A,2024-10-31,4,630,640,2317,141,56,68413165.44999996
World Omni Select Auto Trust 2024-A,2024-10-31,4,640,650,3626,166,64,114770118.55999994
World Omni Select Auto Trust 2024-A,2024-10-31,4,650,660,299,19,2,9138741.87
World Omni Select Auto Trust 2024-A,2024-10-31,4,660,670,388,16,10,12128914.009999996
World Omni Select Auto Trust 2024-A,2024-10-31,4,670,680,387,20,7,12879994.409999995
World Omni Select Auto Trust 2024-A,2024-10-31,4,680,690,422,20,4,13265731.480000002
World Omni Select Auto Trust 2024-A,2024-10-31,4,690,700,461,17,7,15025588.299999999
World Omni Select Auto Trust 2024-A,2024-10-31,4,700,710,786,23,5,27121289.069999993
World Omni Select Auto Trust 2024-A,2024-10-31,4,710,720,661,13,2,23216792.260000013
World Omni Select Auto Trust 2024-A,2024-10-31,4,720,730,840,13,5,28263695.75999998
World Omni Select Auto Trust 2024-A,2024-10-31,4,730,740,728,18,8,25629745.43000003
World Omni Select Auto Trust 2024-A,2024-10-31,4,740,750,613,12,8,21039996.41000001
World Omni Select Auto Trust 2024-A,2024-10-31,4,750,760,566,8,0,19475740.41999997
World Omni Select Auto Trust 2024-A,2024-10-31,4,760,770,497,4,1,17445040.02
World Omni Select Auto Trust 2024-A,2024-10-31,4,770,780,487,11,1,16685134.92
World Omni Select Auto Trust 2024-A,2024-10-31,4,780,790,419,8,0,13744319.160000006
World Omni Select Auto Trust 2024-A,2024-10-31,4,790,800,397,4,1,13419641.419999996
World Omni Select Auto Trust 2024-A,2024-10-31,4,800,810,379,6,3,12919036.919999994
World Omni Select Auto Trust 2024-A,2024-10-31,4,810,820,327,3,1,10303887.35000001
World Omni Select Auto Trust 2024-A,2024-10-31,4,820,830,334,5,2,11357232.290000005
World Omni Select Auto Trust 2024-A,2024-10-31,4,830,840,280,2,0,9136104.719999997
World Omni Select Auto Trust 2024-A,2024-10-31,4,840,850,192,2,1,5747296.890000003
World Omni Select Auto Trust 2024-A,2024-10-31,4,850,860,205,2,0,6189408.779999998
World Omni Select Auto Trust 2024-A,2024-10-31,4,860,870,120,0,0,3412201.1499999985
World Omni Select Auto Trust 2024-A,2024-10-31,4,870,880,64,1,0,1669227.91
World Omni Select Auto Trust 2024-A,2024-10-31,4,880,890,13,0,0,421643.49000000005
World Omni Select Auto Trust 2024-A,2024-10-31,4,890,900,1,0,0,47668.3
World Omni Select Auto Trust 2024-A,2025-10-31,16,430,440,1,0,0,19909.21
World Omni Select Auto Trust 2024-A,2025-10-31,16,440,450,2,0,1,88438.02
World Omni Select Auto Trust 2024-A,2025-10-31,16,450,460,1,0,0,25567.15
World Omni Select Auto Trust 2024-A,2025-10-31,16,470,480,3,0,0,42237.229999999996
World Omni Select Auto Trust 2024-A,2025-10-31,16,480,490,2,1,0,20419.399999999998
World Omni Select Auto Trust 2024-A,2025-10-31,16,490,500,2,1,1,87311.91
World Omni Select Auto Trust 2024-A,2025-10-31,16,500,510,7,3,0,301554.38
World Omni Select Auto Trust 2024-A,2025-10-31,16,510,520,14,5,2,432046.13
World Omni Select Auto Trust 2024-A,2025-10-31,16,520,530,27,5,2,756256.05
World Omni Select Auto Trust 2024-A,2025-10-31,16,530,540,33,9,1,882797.1200000001
World Omni Select Auto Trust 2024-A,2025-10-31,16,540,550,43,5,4,1070152.9400000002
World Omni Select Auto Trust 2024-A,2025-10-31,16,550,560,68,11,4,1597180.1700000004
World Omni Select Auto Trust 2024-A,2025-10-31,16,560,570,61,10,7,1479658.6500000006
World Omni Select Auto Trust 2024-A,2025-10-31,16,570,580,133,21,7,3594923.6400000006
World Omni Select Auto Trust 2024-A,2025-10-31,16,580,590,345,52,20,9338804.050000008
World Omni Select Auto Trust 2024-A,2025-10-31,16,590,600,462,68,24,12718077.589999992
World Omni Select Auto Trust 2024-A,2025-10-31,16,600,610,595,89,30,16705842.469999991
World Omni Select Auto Trust 2024-A,2025-10-31,16,610,620,666,89,37,18902519.37999996
World Omni Select Auto Trust 2024-A,2025-10-31,16,620,630,1214,132,61,36111608.71999998
World Omni Select Auto Trust 2024-A,2025-10-31,16,630,640,1324,135,42,38816497.13999998
World Omni Select Auto Trust 2024-A,2025-10-31,16,640,650,2115,172,61,65100595.80000014
World Omni Select Auto Trust 2024-A,2025-10-31,16,650,660,158,11,5,4888174.9700000025
World Omni Select Auto Trust 2024-A,2025-10-31,16,660,670,220,18,7,6592260.5799999945
World Omni Select Auto Trust 2024-A,2025-10-31,16,670,680,232,24,9,7605598.2
World Omni Select Auto Trust 2024-A,2025-10-31,16,680,690,248,20,9,8210714.840000003
World Omni Select Auto Trust 2024-A,2025-10-31,16,690,700,288,16,8,9184292.019999998
World Omni Select Auto Trust 2024-A,2025-10-31,16,700,710,506,22,6,16116713.160000004
World Omni Select Auto Trust 2024-A,2025-10-31,16,710,720,437,15,7,14439306.47
World Omni Select Auto Trust 2024-A,2025-10-31,16,720,730,576,12,3,18195289.52
World Omni Select Auto Trust 2024-A,2025-10-31,16,730,740,510,17,11,16899695.25000001
World Omni Select Auto Trust 2024-A,2025-10-31,16,740,750,421,16,2,13749531.250000004
World Omni Select Auto Trust 2024-A,2025-10-31,16,750,760,404,3,2,12795188.09000001
World Omni Select Auto Trust 2024-A,2025-10-31,16,760,770,343,5,3,10865681.760000002
World Omni Select Auto Trust 2024-A,2025-10-31,16,770,780,349,8,4,10839900.939999992
World Omni Select Auto Trust 2024-A,2025-10-31,16,780,790,277,3,4,8520935.390000004
World Omni Select Auto Trust 2024-A,2025-10-31,16,790,800,267,7,0,8326985.950000002
World Omni Select Auto Trust 2024-A,2025-10-31,16,800,810,266,7,0,7908626.790000001
World Omni Select Auto Trust 2024-A,2025-10-31,16,810,820,214,3,2,6350218.02
World Omni Select Auto Trust 2024-A,2025-10-31,16,820,830,234,4,0,7315596.300000001
World Omni Select Auto Trust 2024-A,2025-10-31,16,830,840,196,0,5,5579013.559999996
World Omni Select Auto Trust 2024-A,2025-10-31,16,840,850,124,1,1,3420631.299999999
World Omni Select Auto Trust 2024-A,2025-10-31,16,850,860,133,1,0,3740381.0500000017
World Omni Select Auto Trust 2024-A,2025-10-31,16,860,870,84,1,0,2070172.5899999996
World Omni Select Auto Trust 2024-A,2025-10-31,16,870,880,39,2,0,960036.7
World Omni Select Auto Trust 2024-A,2025-10-31,16,880,890,7,0,0,201543.16999999998
World Omni Select Auto Trust 2024-A,2025-10-31,16,890,900,1,0,0,40641.02
World Omni Select Auto Trust 2024-A,2024-11-30,5,420,430,1,0,0,30694.65
World Omni Select Auto Trust 2024-A,2024-11-30,5,430,440,2,0,0,31829.96
World Omni Select Auto Trust 2024-A,2024-11-30,5,440,450,3,0,0,96995.20000000001
World Omni Select Auto Trust 2024-A,2024-11-30,5,450,460,2,1,0,39795.25
World Omni Select Auto Trust 2024-A,2024-11-30,5,460,470,1,0,0,19303.46
World Omni Select Auto Trust 2024-A,2024-11-30,5,470,480,3,0,0,51968.619999999995
World Omni Select Auto Trust 2024-A,2024-11-30,5,480,490,8,1,0,143341.62
World Omni Select Auto Trust 2024-A,2024-11-30,5,490,500,4,3,0,189450.48
World Omni Select Auto Trust 2024-A,2024-11-30,5,500,510,17,1,2,542322.43
World Omni Select Auto Trust 2024-A,2024-11-30,5,510,520,37,5,2,753020.9899999999
World Omni Select Auto Trust 2024-A,2024-11-30,5,520,530,52,4,3,1263743.95
World Omni Select Auto Trust 2024-A,2024-11-30,5,530,540,73,7,4,1464422.9600000002
World Omni Select Auto Trust 2024-A,2024-11-30,5,540,550,94,12,1,1929126.2700000005
World Omni Select Auto Trust 2024-A,2024-11-30,5,550,560,124,9,3,2691451.1000000006
World Omni Select Auto Trust 2024-A,2024-11-30,5,560,570,136,9,5,3184168.8700000015
World Omni Select Auto Trust 2024-A,2024-11-30,5,570,580,260,28,7,6523559.469999998
World Omni Select Auto Trust 2024-A,2024-11-30,5,580,590,670,70,16,16973850.279999997
World Omni Select Auto Trust 2024-A,2024-11-30,5,590,600,881,78,15,22299691.45999997
World Omni Select Auto Trust 2024-A,2024-11-30,5,600,610,1100,85,33,29059938.219999988
World Omni Select Auto Trust 2024-A,2024-11-30,5,610,620,1239,106,34,32969981.159999996
World Omni Select Auto Trust 2024-A,2024-11-30,5,620,630,2271,123,66,64706003.14999988
World Omni Select Auto Trust 2024-A,2024-11-30,5,630,640,2245,128,66,66161303.20999989
World Omni Select Auto Trust 2024-A,2024-11-30,5,640,650,3527,152,57,110348909.11999996
World Omni Select Auto Trust 2024-A,2024-11-30,5,650,660,284,18,2,8706889.469999993
World Omni Select Auto Trust 2024-A,2024-11-30,5,660,670,380,17,6,11687837.140000004
World Omni Select Auto Trust 2024-A,2024-11-30,5,670,680,380,13,8,12397598.359999985
World Omni Select Auto Trust 2024-A,2024-11-30,5,680,690,402,24,8,12912789.05
World Omni Select Auto Trust 2024-A,2024-11-30,5,690,700,447,15,6,14506168.589999994
World Omni Select Auto Trust 2024-A,2024-11-30,5,700,710,764,21,8,26206031.059999965
World Omni Select Auto Trust 2024-A,2024-11-30,5,710,720,649,11,5,22626450.500000022
World Omni Select Auto Trust 2024-A,2024-11-30,5,720,730,820,20,4,27405518.160000034
World Omni Select Auto Trust 2024-A,2024-11-30,5,730,740,715,12,5,24670664.480000004
World Omni Select Auto Trust 2024-A,2024-11-30,5,740,750,604,12,7,20604208.54999997
World Omni Select Auto Trust 2024-A,2024-11-30,5,750,760,549,7,3,18773702.610000003
World Omni Select Auto Trust 2024-A,2024-11-30,5,760,770,484,3,1,16693193.529999986
World Omni Select Auto Trust 2024-A,2024-11-30,5,770,780,481,4,5,16240510.300000006
World Omni Select Auto Trust 2024-A,2024-11-30,5,780,790,415,3,0,13307198.860000005
World Omni Select Auto Trust 2024-A,2024-11-30,5,790,800,384,4,1,12810719.880000008
World Omni Select Auto Trust 2024-A,2024-11-30,5,800,810,377,1,4,12565523.879999992
World Omni Select Auto Trust 2024-A,2024-11-30,5,810,820,316,6,1,9979553.689999998
World Omni Select Auto Trust 2024-A,2024-11-30,5,820,830,325,3,0,11006843.019999996
World Omni Select Auto Trust 2024-A,2024-11-30,5,830,840,274,3,0,8868255.930000009
World Omni Select Auto Trust 2024-A,2024-11-30,5,840,850,189,2,0,5600192.380000005
World Omni Select Auto Trust 2024-A,2024-11-30,5,850,860,202,1,0,6010241.379999996
World Omni Select Auto Trust 2024-A,2024-11-30,5,860,870,118,0,0,3288031.0300000003
World Omni Select Auto Trust 2024-A,2024-11-30,5,870,880,63,1,0,1611402.5499999998
World Omni Select Auto Trust 2024-A,2024-11-30,5,880,890,12,0,0,415528.1599999999
World Omni Select Auto Trust 2024-A,2024-11-30,5,890,900,1,0,0,46996.14
World Omni Select Auto Trust 2024-A,2025-11-30,17,430,440,1,0,0,19691.81
World Omni Select Auto Trust 2024-A,2025-11-30,17,440,450,2,0,1,87264.35
World Omni Select Auto Trust 2024-A,2025-11-30,17,450,460,1,0,0,25121.42
World Omni Select Auto Trust 2024-A,2025-11-30,17,470,480,2,1,0,41463.85
World Omni Select Auto Trust 2024-A,2025-11-30,17,480,490,1,1,1,19490.260000000002
World Omni Select Auto Trust 2024-A,2025-11-30,17,490,500,2,0,1,70765.45000000001
World Omni Select Auto Trust 2024-A,2025-11-30,17,500,510,7,1,1,296034.61000000004
World Omni Select Auto Trust 2024-A,2025-11-30,17,510,520,12,6,2,391601.82
World Omni Select Auto Trust 2024-A,2025-11-30,17,520,530,27,5,1,706730.5199999999
World Omni Select Auto Trust 2024-A,2025-11-30,17,530,540,27,9,4,847393.5400000002
World Omni Select Auto Trust 2024-A,2025-11-30,17,540,550,40,7,2,970447.8800000002
World Omni Select Auto Trust 2024-A,2025-11-30,17,550,560,59,10,5,1476347.9600000004
World Omni Select Auto Trust 2024-A,2025-11-30,17,560,570,59,10,6,1408395.1600000001
World Omni Select Auto Trust 2024-A,2025-11-30,17,570,580,113,31,8,3474108.700000002
World Omni Select Auto Trust 2024-A,2025-11-30,17,580,590,322,49,27,8912581.93
World Omni Select Auto Trust 2024-A,2025-11-30,17,590,600,423,75,22,12153407.07000001
World Omni Select Auto Trust 2024-A,2025-11-30,17,600,610,563,80,40,16045580.750000022
World Omni Select Auto Trust 2024-A,2025-11-30,17,610,620,621,90,34,17824435.73000001
World Omni Select Auto Trust 2024-A,2025-11-30,17,620,630,1162,128,55,34365036.2
World Omni Select Auto Trust 2024-A,2025-11-30,17,630,640,1262,137,49,37199023.77999996
World Omni Select Auto Trust 2024-A,2025-11-30,17,640,650,2013,185,71,62452446.43999996
World Omni Select Auto Trust 2024-A,2025-11-30,17,650,660,143,16,3,4627762.649999997
World Omni Select Auto Trust 2024-A,2025-11-30,17,660,670,207,19,10,6325778.010000002
World Omni Select Auto Trust 2024-A,2025-11-30,17,670,680,223,22,9,7293575.159999999
World Omni Select Auto Trust 2024-A,2025-11-30,17,680,690,242,19,9,7988550.590000002
World Omni Select Auto Trust 2024-A,2025-11-30,17,690,700,278,15,7,8784674.090000007
World Omni Select Auto Trust 2024-A,2025-11-30,17,700,710,486,28,10,15622779.330000002
World Omni Select Auto Trust 2024-A,2025-11-30,17,710,720,420,24,9,14107545.500000007
World Omni Select Auto Trust 2024-A,2025-11-30,17,720,730,546,24,3,17541038.879999988
World Omni Select Auto Trust 2024-A,2025-11-30,17,730,740,493,16,12,16250679.210000008
World Omni Select Auto Trust 2024-A,2025-11-30,17,740,750,404,16,6,13147426.740000002
World Omni Select Auto Trust 2024-A,2025-11-30,17,750,760,380,8,2,12131195.94
World Omni Select Auto Trust 2024-A,2025-11-30,17,760,770,339,4,2,10538112.689999996
World Omni Select Auto Trust 2024-A,2025-11-30,17,770,780,346,2,5,10469975.629999999
World Omni Select Auto Trust 2024-A,2025-11-30,17,780,790,272,4,2,8170958.99
World Omni Select Auto Trust 2024-A,2025-11-30,17,790,800,263,4,0,8084978.62
World Omni Select Auto Trust 2024-A,2025-11-30,17,800,810,255,12,0,7689333.340000005
World Omni Select Auto Trust 2024-A,2025-11-30,17,810,820,211,6,0,6173664.929999999
World Omni Select Auto Trust 2024-A,2025-11-30,17,820,830,230,4,1,7110939.600000001
World Omni Select Auto Trust 2024-A,2025-11-30,17,830,840,189,2,3,5421821.360000005
World Omni Select Auto Trust 2024-A,2025-11-30,17,840,850,118,2,2,3317363.090000001
World Omni Select Auto Trust 2024-A,2025-11-30,17,850,860,126,1,0,3499751.72
World Omni Select Auto Trust 2024-A,2025-11-30,17,860,870,81,0,0,2005594.2999999998
World Omni Select Auto Trust 2024-A,2025-11-30,17,870,880,39,1,1,939220.81
World Omni Select Auto Trust 2024-A,2025-11-30,17,880,890,7,0,0,197776.28
World Omni Select Auto Trust 2024-A,2025-11-30,17,890,900,1,0,0,40032.8
World Omni Select Auto Trust 2024-A,2024-12-31,6,420,430,1,0,0,30060.62
World Omni Select Auto Trust 2024-A,2024-12-31,6,430,440,2,0,0,30981.47
World Omni Select Auto Trust 2024-A,2024-12-31,6,440,450,2,1,0,95898.32
World Omni Select Auto Trust 2024-A,2024-12-31,6,450,460,2,0,1,39074.270000000004
World Omni Select Auto Trust 2024-A,2024-12-31,6,460,470,1,0,0,19303.46
World Omni Select Auto Trust 2024-A,2024-12-31,6,470,480,3,0,0,51117.87999999999
World Omni Select Auto Trust 2024-A,2024-12-31,6,480,490,8,1,0,140954.99
World Omni Select Auto Trust 2024-A,2024-12-31,6,490,500,6,1,0,187065.74
World Omni Select Auto Trust 2024-A,2024-12-31,6,500,510,17,1,1,506440.01
World Omni Select Auto Trust 2024-A,2024-12-31,6,510,520,33,7,2,734121.3900000001
World Omni Select Auto Trust 2024-A,2024-12-31,6,520,530,48,4,4,1223197.4600000004
World Omni Select Auto Trust 2024-A,2024-12-31,6,530,540,66,11,2,1394694.51
World Omni Select Auto Trust 2024-A,2024-12-31,6,540,550,82,15,2,1771098.79
World Omni Select Auto Trust 2024-A,2024-12-31,6,550,560,113,12,5,2586824.3000000007
World Omni Select Auto Trust 2024-A,2024-12-31,6,560,570,127,12,5,3010873.2300000014
World Omni Select Auto Trust 2024-A,2024-12-31,6,570,580,250,22,10,6198284.4700000025
World Omni Select Auto Trust 2024-A,2024-12-31,6,580,590,637,64,21,16106678.54999999
World Omni Select Auto Trust 2024-A,2024-12-31,6,590,600,839,86,22,21474367.740000047
World Omni Select Auto Trust 2024-A,2024-12-31,6,600,610,1035,111,34,27759893.259999976
World Omni Select Auto Trust 2024-A,2024-12-31,6,610,620,1196,108,34,31852427.179999962
World Omni Select Auto Trust 2024-A,2024-12-31,6,620,630,2144,157,68,61809990.729999855
World Omni Select Auto Trust 2024-A,2024-12-31,6,630,640,2150,144,65,63257026.00000003
World Omni Select Auto Trust 2024-A,2024-12-31,6,640,650,3365,191,65,105958455.92999996
World Omni Select Auto Trust 2024-A,2024-12-31,6,650,660,277,14,4,8371776.039999998
World Omni Select Auto Trust 2024-A,2024-12-31,6,660,670,367,17,7,11223639.959999995
World Omni Select Auto Trust 2024-A,2024-12-31,6,670,680,355,23,11,11977667.03
World Omni Select Auto Trust 2024-A,2024-12-31,6,680,690,388,32,8,12553351.270000003
World Omni Select Auto Trust 2024-A,2024-12-31,6,690,700,424,23,8,13922564.949999992
World Omni Select Auto Trust 2024-A,2024-12-31,6,700,710,747,29,5,25535567.710000005
World Omni Select Auto Trust 2024-A,2024-12-31,6,710,720,628,14,4,21752608.810000017
World Omni Select Auto Trust 2024-A,2024-12-31,6,720,730,792,18,9,26364876.170000017
World Omni Select Auto Trust 2024-A,2024-12-31,6,730,740,683,22,5,23731123.20999996
World Omni Select Auto Trust 2024-A,2024-12-31,6,740,750,590,10,7,19985059.040000014
World Omni Select Auto Trust 2024-A,2024-12-31,6,750,760,529,7,6,17987256.59999999
World Omni Select Auto Trust 2024-A,2024-12-31,6,760,770,470,3,1,16134325.98
World Omni Select Auto Trust 2024-A,2024-12-31,6,770,780,469,7,3,15700797.499999985
World Omni Select Auto Trust 2024-A,2024-12-31,6,780,790,398,7,1,12925296.610000003
World Omni Select Auto Trust 2024-A,2024-12-31,6,790,800,372,6,1,12384018.790000005
World Omni Select Auto Trust 2024-A,2024-12-31,6,800,810,368,6,1,12160982.159999998
World Omni Select Auto Trust 2024-A,2024-12-31,6,810,820,308,6,0,9576917.220000004
World Omni Select Auto Trust 2024-A,2024-12-31,6,820,830,316,5,1,10593847.819999995
World Omni Select Auto Trust 2024-A,2024-12-31,6,830,840,269,1,0,8585758.209999997
World Omni Select Auto Trust 2024-A,2024-12-31,6,840,850,185,2,1,5412233.220000001
World Omni Select Auto Trust 2024-A,2024-12-31,6,850,860,197,1,0,5766379.689999996
World Omni Select Auto Trust 2024-A,2024-12-31,6,860,870,118,0,0,3217789.9800000004
World Omni Select Auto Trust 2024-A,2024-12-31,6,870,880,62,2,0,1577427.21
World Omni Select Auto Trust 2024-A,2024-12-31,6,880,890,12,0,0,409855.7899999999
World Omni Select Auto Trust 2024-A,2024-12-31,6,890,900,1,0,0,46319.36
World Omni Select Auto Trust 2024-A,2025-12-31,18,430,440,1,0,0,19691.81
World Omni Select Auto Trust 2024-A,2025-12-31,18,440,450,2,1,0,85964.37999999999
World Omni Select Auto Trust 2024-A,2025-12-31,18,450,460,1,0,0,24790.46
World Omni Select Auto Trust 2024-A,2025-12-31,18,470,480,2,0,1,40840.89
World Omni Select Auto Trust 2024-A,2025-12-31,18,480,490,1,0,1,18097.93
World Omni Select Auto Trust 2024-A,2025-12-31,18,490,500,1,1,1,69480.07999999999
World Omni Select Auto Trust 2024-A,2025-12-31,18,500,510,5,3,0,247293.49
World Omni Select Auto Trust 2024-A,2025-12-31,18,510,520,12,5,2,361929.41000000003
World Omni Select Auto Trust 2024-A,2025-12-31,18,520,530,23,8,1,695358.99
World Omni Select Auto Trust 2024-A,2025-12-31,18,530,540,24,10,4,796987.0900000001
World Omni Select Auto Trust 2024-A,2025-12-31,18,540,550,39,6,3,933461.8700000001
World Omni Select Auto Trust 2024-A,2025-12-31,18,550,560,54,10,5,1440836.6199999999
World Omni Select Auto Trust 2024-A,2025-12-31,18,560,570,56,8,3,1309960.2600000002
World Omni Select Auto Trust 2024-A,2025-12-31,18,570,580,116,18,11,3304688.070000001
World Omni Select Auto Trust 2024-A,2025-12-31,18,580,590,290,53,30,8357864.66
World Omni Select Auto Trust 2024-A,2025-12-31,18,590,600,384,73,26,11286726.070000002
World Omni Select Auto Trust 2024-A,2025-12-31,18,600,610,530,87,28,15037655.890000023
World Omni Select Auto Trust 2024-A,2025-12-31,18,610,620,581,79,45,16871792.96
World Omni Select Auto Trust 2024-A,2025-12-31,18,620,630,1114,133,48,32853937.430000015
World Omni Select Auto Trust 2024-A,2025-12-31,18,630,640,1204,141,37,35294736.629999995
World Omni Select Auto Trust 2024-A,2025-12-31,18,640,650,1910,196,71,59403039.25000005
World Omni Select Auto Trust 2024-A,2025-12-31,18,650,660,139,13,4,4310019.470000001
World Omni Select Auto Trust 2024-A,2025-12-31,18,660,670,204,15,11,6051468.029999999
World Omni Select Auto Trust 2024-A,2025-12-31,18,670,680,214,25,6,7015687.709999999
World Omni Select Auto Trust 2024-A,2025-12-31,18,680,690,234,17,9,7650259.5600000005
World Omni Select Auto Trust 2024-A,2025-12-31,18,690,700,264,19,4,8322295.329999999
World Omni Select Auto Trust 2024-A,2025-12-31,18,700,710,476,24,9,15068456.900000004
World Omni Select Auto Trust 2024-A,2025-12-31,18,710,720,408,16,12,13659564.220000004
World Omni Select Auto Trust 2024-A,2025-12-31,18,720,730,531,23,7,16982443.589999996
World Omni Select Auto Trust 2024-A,2025-12-31,18,730,740,478,14,12,15522575.100000005
World Omni Select Auto Trust 2024-A,2025-12-31,18,740,750,402,12,5,12633560.06999999
World Omni Select Auto Trust 2024-A,2025-12-31,18,750,760,374,5,2,11733954.87
World Omni Select Auto Trust 2024-A,2025-12-31,18,760,770,330,4,1,10093894.970000003
World Omni Select Auto Trust 2024-A,2025-12-31,18,770,780,332,6,4,9999193.409999998
World Omni Select Auto Trust 2024-A,2025-12-31,18,780,790,267,1,2,7826527.9700000025
World Omni Select Auto Trust 2024-A,2025-12-31,18,790,800,262,2,0,7932432.199999997
World Omni Select Auto Trust 2024-A,2025-12-31,18,800,810,254,6,0,7316285.459999999
World Omni Select Auto Trust 2024-A,2025-12-31,18,810,820,205,6,0,5904133.290000001
World Omni Select Auto Trust 2024-A,2025-12-31,18,820,830,226,5,1,6903946.150000002
World Omni Select Auto Trust 2024-A,2025-12-31,18,830,840,186,2,2,5179322.38
World Omni Select Auto Trust 2024-A,2025-12-31,18,840,850,118,2,0,3214278.6999999997
World Omni Select Auto Trust 2024-A,2025-12-31,18,850,860,122,0,0,3336068.45
World Omni Select Auto Trust 2024-A,2025-12-31,18,860,870,81,0,0,1961464.1499999992
World Omni Select Auto Trust 2024-A,2025-12-31,18,870,880,39,0,1,893291.8200000001
World Omni Select Auto Trust 2024-A,2025-12-31,18,880,890,7,0,0,194057.66
World Omni Select Auto Trust 2024-A,2025-12-31,18,890,900,1,0,0,39420.4
World Omni Select Auto Trust 2025-A,2026-01-31,5,400,410,1,0,0,3697.09
World Omni Select Auto Trust 2025-A,2026-01-31,5,440,450,2,1,0,72168.70999999999
World Omni Select Auto Trust 2025-A,2026-01-31,5,450,460,3,0,0,83725.73000000001
World Omni Select Auto Trust 2025-A,2026-01-31,5,460,470,6,0,0,159313.72
World Omni Select Auto Trust 2025-A,2026-01-31,5,470,480,8,2,1,234367.97999999998
World Omni Select Auto Trust 2025-A,2026-01-31,5,480,490,16,0,0,358079.03
World Omni Select Auto Trust 2025-A,2026-01-31,5,490,500,15,2,0,385100.62999999995
World Omni Select Auto Trust 2025-A,2026-01-31,5,500,510,37,6,4,1222747.03
World Omni Select Auto Trust 2025-A,2026-01-31,5,510,520,50,6,1,1349900.9900000002
World Omni Select Auto Trust 2025-A,2026-01-31,5,520,530,76,10,3,2355275.299999999
World Omni Select Auto Trust 2025-A,2026-01-31,5,530,540,90,13,2,2677613.2799999993
World Omni Select Auto Trust 2025-A,2026-01-31,5,540,550,121,12,6,3851762.1600000006
World Omni Select Auto Trust 2025-A,2026-01-31,5,550,560,159,14,5,4670042.959999997
World Omni Select Auto Trust 2025-A,2026-01-31,5,560,570,192,31,16,6579257.460000002
World Omni Select Auto Trust 2025-A,2026-01-31,5,570,580,338,42,14,10685653.87999999
World Omni Select Auto Trust 2025-A,2026-01-31,5,580,590,747,75,25,22541889.919999987
World Omni Select Auto Trust 2025-A,2026-01-31,5,590,600,851,90,29,26065598.68999995
World Omni Select Auto Trust 2025-A,2026-01-31,5,600,610,1189,118,30,35188903.29999998
World Omni Select Auto Trust 2025-A,2026-01-31,5,610,620,1251,84,43,37059803.879999965
World Omni Select Auto Trust 2025-A,2026-01-31,5,620,630,2080,160,59,67383215.59000008
World Omni Select Auto Trust 2025-A,2026-01-31,5,630,640,2028,140,56,64736030.5999999
World Omni Select Auto Trust 2025-A,2026-01-31,5,640,650,3157,190,75,110366373.8499999
World Omni Select Auto Trust 2025-A,2026-01-31,5,650,660,219,10,9,7269760.840000002
World Omni Select Auto Trust 2025-A,2026-01-31,5,660,670,343,19,7,12645104.070000013
World Omni Select Auto Trust 2025-A,2026-01-31,5,670,680,356,21,5,13363502.33
World Omni Select Auto Trust 2025-A,2026-01-31,5,680,690,416,15,4,15101154.899999993
World Omni Select Auto Trust 2025-A,2026-01-31,5,690,700,435,17,9,15844927.570000002
World Omni Select Auto Trust 2025-A,2026-01-31,5,700,710,642,21,10,24201373.839999985
World Omni Select Auto Trust 2025-A,2026-01-31,5,710,720,545,14,7,20783546.88000001
World Omni Select Auto Trust 2025-A,2026-01-31,5,720,730,804,15,17,30451311.170000024
World Omni Select Auto Trust 2025-A,2026-01-31,5,730,740,717,10,11,26420365.080000013
World Omni Select Auto Trust 2025-A,2026-01-31,5,740,750,554,8,3,20651000.91
World Omni Select Auto Trust 2025-A,2026-01-31,5,750,760,531,10,3,19955697.65999999
World Omni Select Auto Trust 2025-A,2026-01-31,5,760,770,410,8,4,14779273.44000001
World Omni Select Auto Trust 2025-A,2026-01-31,5,770,780,415,5,0,14702403.629999988
World Omni Select Auto Trust 2025-A,2026-01-31,5,780,790,401,6,3,14591421.650000008
World Omni Select Auto Trust 2025-A,2026-01-31,5,790,800,319,8,0,11100067.270000007
World Omni Select Auto Trust 2025-A,2026-01-31,5,800,810,327,3,1,11505527.85000001
World Omni Select Auto Trust 2025-A,2026-01-31,5,810,820,252,3,2,8650199.209999997
World Omni Select Auto Trust 2025-A,2026-01-31,5,820,830,252,1,2,8599584.479999999
World Omni Select Auto Trust 2025-A,2026-01-31,5,830,840,214,1,2,7633932.349999999
World Omni Select Auto Trust 2025-A,2026-01-31,5,840,850,164,0,0,5418473.869999998
World Omni Select Auto Trust 2025-A,2026-01-31,5,850,860,165,1,0,5347973.439999999
World Omni Select Auto Trust 2025-A,2026-01-31,5,860,870,96,2,0,3140600.81
World Omni Select Auto Trust 2025-A,2026-01-31,5,870,880,59,0,1,1804862.0599999996
World Omni Select Auto Trust 2025-A,2026-01-31,5,880,890,10,1,0,273105.33999999997
World Omni Select Auto Trust 2025-A,2026-02-28,6,440,450,3,0,0,71586.06999999999
World Omni Select Auto Trust 2025-A,2026-02-28,6,450,460,3,0,0,83037.36
World Omni Select Auto Trust 2025-A,2026-02-28,6,460,470,6,0,0,157864.84
World Omni Select Auto Trust 2025-A,2026-02-28,6,470,480,9,1,0,206459.69999999998
World Omni Select Auto Trust 2025-A,2026-02-28,6,480,490,15,0,0,325322.26999999996
World Omni Select Auto Trust 2025-A,2026-02-28,6,490,500,15,1,0,347376.24
World Omni Select Auto Trust 2025-A,2026-02-28,6,500,510,37,6,1,1158696.12
World Omni Select Auto Trust 2025-A,2026-02-28,6,510,520,51,2,3,1334494.1799999997
World Omni Select Auto Trust 2025-A,2026-02-28,6,520,530,76,6,6,2289805.14
World Omni Select Auto Trust 2025-A,2026-02-28,6,530,540,88,9,4,2611308.6699999995
World Omni Select Auto Trust 2025-A,2026-02-28,6,540,550,114,13,7,3731153.119999999
World Omni Select Auto Trust 2025-A,2026-02-28,6,550,560,158,11,6,4599000.759999999
World Omni Select Auto Trust 2025-A,2026-02-28,6,560,570,182,27,13,6237679.370000001
World Omni Select Auto Trust 2025-A,2026-02-28,6,570,580,334,29,15,10176389.400000002
World Omni Select Auto Trust 2025-A,2026-02-28,6,580,590,703,74,24,21478892.63000001
World Omni Select Auto Trust 2025-A,2026-02-28,6,590,600,814,78,26,24930282.3
World Omni Select Auto Trust 2025-A,2026-02-28,6,600,610,1134,106,39,33773693.38
World Omni Select Auto Trust 2025-A,2026-02-28,6,610,620,1214,89,30,35561136.55999999
World Omni Select Auto Trust 2025-A,2026-02-28,6,620,630,1992,156,56,64394648.10999997
World Omni Select Auto Trust 2025-A,2026-02-28,6,630,640,1939,116,63,61640564.30000006
World Omni Select Auto Trust 2025-A,2026-02-28,6,640,650,3048,158,61,105633470.04000007
World Omni Select Auto Trust 2025-A,2026-02-28,6,650,660,204,14,7,6926517.680000001
World Omni Select Auto Trust 2025-A,2026-02-28,6,660,670,334,20,5,12246867.79999999
World Omni Select Auto Trust 2025-A,2026-02-28,6,670,680,344,19,3,12851252.950000003
World Omni Select Auto Trust 2025-A,2026-02-28,6,680,690,398,17,4,14524541.060000002
World Omni Select Auto Trust 2025-A,2026-02-28,6,690,700,423,14,11,15455431.930000003
World Omni Select Auto Trust 2025-A,2026-02-28,6,700,710,626,24,7,23399988.250000004
World Omni Select Auto Trust 2025-A,2026-02-28,6,710,720,527,16,6,20207307.449999988
World Omni Select Auto Trust 2025-A,2026-02-28,6,720,730,785,14,10,29235685.360000003
World Omni Select Auto Trust 2025-A,2026-02-28,6,730,740,698,11,4,25494068.410000004
World Omni Select Auto Trust 2025-A,2026-02-28,6,740,750,544,7,4,20098371.749999985
World Omni Select Auto Trust 2025-A,2026-02-28,6,750,760,520,4,4,19444479.029999986
World Omni Select Auto Trust 2025-A,2026-02-28,6,760,770,396,5,5,14298086.450000003
World Omni Select Auto Trust 2025-A,2026-02-28,6,770,780,411,2,2,14312483.59
World Omni Select Auto Trust 2025-A,2026-02-28,6,780,790,398,4,1,14206265.900000002
World Omni Select Auto Trust 2025-A,2026-02-28,6,790,800,308,8,1,10765047.230000002
World Omni Select Auto Trust 2025-A,2026-02-28,6,800,810,315,4,2,11061324.859999996
World Omni Select Auto Trust 2025-A,2026-02-28,6,810,820,246,2,2,8459059.12
World Omni Select Auto Trust 2025-A,2026-02-28,6,820,830,247,1,1,8374050.469999998
World Omni Select Auto Trust 2025-A,2026-02-28,6,830,840,209,4,1,7461606.890000001
World Omni Select Auto Trust 2025-A,2026-02-28,6,840,850,157,0,0,5248013.2700000005
World Omni Select Auto Trust 2025-A,2026-02-28,6,850,860,162,0,0,5217271.39
World Omni Select Auto Trust 2025-A,2026-02-28,6,860,870,93,1,0,3080082.5999999996
World Omni Select Auto Trust 2025-A,2026-02-28,6,870,880,57,1,1,1783567.17
World Omni Select Auto Trust 2025-A,2026-02-28,6,880,890,9,1,0,237517.81
World Omni Select Auto Trust 2025-A,2025-08-31,0,400,410,1,0,0,5488.51
World Omni Select Auto Trust 2025-A,2025-08-31,0,440,450,3,0,0,75280.31
World Omni Select Auto Trust 2025-A,2025-08-31,0,450,460,4,0,0,112432.86
World Omni Select Auto Trust 2025-A,2025-08-31,0,460,470,7,0,0,200608.23000000004
World Omni Select Auto Trust 2025-A,2025-08-31,0,470,480,13,0,0,321993.6599999999
World Omni Select Auto Trust 2025-A,2025-08-31,0,480,490,17,0,0,379685.0
World Omni Select Auto Trust 2025-A,2025-08-31,0,490,500,18,1,0,442203.3299999999
World Omni Select Auto Trust 2025-A,2025-08-31,0,500,510,51,0,0,1336270.03
World Omni Select Auto Trust 2025-A,2025-08-31,0,510,520,61,0,0,1530254.97
World Omni Select Auto Trust 2025-A,2025-08-31,0,520,530,101,2,0,2803208.580000001
World Omni Select Auto Trust 2025-A,2025-08-31,0,530,540,123,0,0,3231080.2799999993
World Omni Select Auto Trust 2025-A,2025-08-31,0,540,550,159,1,0,4430137.209999999
World Omni Select Auto Trust 2025-A,2025-08-31,0,550,560,194,3,0,5384004.1899999995
World Omni Select Auto Trust 2025-A,2025-08-31,0,560,570,279,1,0,7943601.749999995
World Omni Select Auto Trust 2025-A,2025-08-31,0,570,580,435,6,0,12247614.200000005
World Omni Select Auto Trust 2025-A,2025-08-31,0,580,590,975,7,0,26846551.82000001
World Omni Select Auto Trust 2025-A,2025-08-31,0,590,600,1117,9,0,30742251.590000004
World Omni Select Auto Trust 2025-A,2025-08-31,0,600,610,1513,17,0,41608758.75999994
World Omni Select Auto Trust 2025-A,2025-08-31,0,610,620,1605,6,0,44896638.670000024
World Omni Select Auto Trust 2025-A,2025-08-31,0,620,630,2641,18,0,79914221.04000008
World Omni Select Auto Trust 2025-A,2025-08-31,0,630,640,2537,12,0,76126440.10999992
World Omni Select Auto Trust 2025-A,2025-08-31,0,640,650,3903,16,0,129402353.48999962
World Omni Select Auto Trust 2025-A,2025-08-31,0,650,660,266,2,0,8464060.93
World Omni Select Auto Trust 2025-A,2025-08-31,0,660,670,420,1,0,14537150.119999995
World Omni Select Auto Trust 2025-A,2025-08-31,0,670,680,428,1,0,15114883.95
World Omni Select Auto Trust 2025-A,2025-08-31,0,680,690,500,0,0,17504450.02
World Omni Select Auto Trust 2025-A,2025-08-31,0,690,700,517,1,0,18282676.39999999
World Omni Select Auto Trust 2025-A,2025-08-31,0,700,710,741,2,0,27626549.05999999
World Omni Select Auto Trust 2025-A,2025-08-31,0,710,720,624,3,0,23837032.45999999
World Omni Select Auto Trust 2025-A,2025-08-31,0,720,730,962,0,0,36208757.75
World Omni Select Auto Trust 2025-A,2025-08-31,0,730,740,816,0,0,30590239.44
World Omni Select Auto Trust 2025-A,2025-08-31,0,740,750,638,0,2,23979520.020000007
World Omni Select Auto Trust 2025-A,2025-08-31,0,750,760,606,0,0,22917747.920000017
World Omni Select Auto Trust 2025-A,2025-08-31,0,760,770,472,0,0,17416651.479999986
World Omni Select Auto Trust 2025-A,2025-08-31,0,770,780,470,0,0,17144772.46
World Omni Select Auto Trust 2025-A,2025-08-31,0,780,790,458,1,0,17043592.39999999
World Omni Select Auto Trust 2025-A,2025-08-31,0,790,800,361,0,0,12759393.81
World Omni Select Auto Trust 2025-A,2025-08-31,0,800,810,383,2,0,13717456.82
World Omni Select Auto Trust 2025-A,2025-08-31,0,810,820,283,1,0,10082051.00999999
World Omni Select Auto Trust 2025-A,2025-08-31,0,820,830,284,0,0,9989758.03
World Omni Select Auto Trust 2025-A,2025-08-31,0,830,840,249,0,0,9083793.380000003
World Omni Select Auto Trust 2025-A,2025-08-31,0,840,850,186,0,0,6439801.230000004
World Omni Select Auto Trust 2025-A,2025-08-31,0,850,860,189,0,0,6411593.609999997
World Omni Select Auto Trust 2025-A,2025-08-31,0,860,870,113,0,0,3622850.08
World Omni Select Auto Trust 2025-A,2025-08-31,0,870,880,64,1,0,2023705.3100000005
World Omni Select Auto Trust 2025-A,2025-08-31,0,880,890,12,0,0,329228.84
World Omni Select Auto Trust 2025-A,2025-09-30,1,400,410,1,0,0,5141.71
World Omni Select Auto Trust 2025-A,2025-09-30,1,440,450,3,0,0,74906.59999999999
World Omni Select Auto Trust 2025-A,2025-09-30,1,450,460,4,0,0,111795.09
World Omni Select Auto Trust 2025-A,2025-09-30,1,460,470,6,1,0,199569.09000000003
World Omni Select Auto Trust 2025-A,2025-09-30,1,470,480,13,0,0,320129.49999999994
World Omni Select Auto Trust 2025-A,2025-09-30,1,480,490,17,0,0,375077.77999999997
World Omni Select Auto Trust 2025-A,2025-09-30,1,490,500,18,1,0,439517.85
World Omni Select Auto Trust 2025-A,2025-09-30,1,500,510,48,3,0,1325227.1899999997
World Omni Select Auto Trust 2025-A,2025-09-30,1,510,520,56,3,1,1504453.0700000003
World Omni Select Auto Trust 2025-A,2025-09-30,1,520,530,95,4,1,2704112.1800000006
World Omni Select Auto Trust 2025-A,2025-09-30,1,530,540,115,5,0,3106523.2900000005
World Omni Select Auto Trust 2025-A,2025-09-30,1,540,550,149,8,2,4357300.54
World Omni Select Auto Trust 2025-A,2025-09-30,1,550,560,180,13,1,5184811.7700000005
World Omni Select Auto Trust 2025-A,2025-09-30,1,560,570,259,13,0,7637882.809999994
World Omni Select Auto Trust 2025-A,2025-09-30,1,570,580,414,21,0,12022374.600000007
World Omni Select Auto Trust 2025-A,2025-09-30,1,580,590,918,48,1,26222250.319999956
World Omni Select Auto Trust 2025-A,2025-09-30,1,590,600,1082,30,1,30130340.679999996
World Omni Select Auto Trust 2025-A,2025-09-30,1,600,610,1456,50,2,40567700.389999986
World Omni Select Auto Trust 2025-A,2025-09-30,1,610,620,1537,49,0,43639900.839999996
World Omni Select Auto Trust 2025-A,2025-09-30,1,620,630,2510,100,2,77702942.39000005
World Omni Select Auto Trust 2025-A,2025-09-30,1,630,640,2425,79,1,74107278.06000003
World Omni Select Auto Trust 2025-A,2025-09-30,1,640,650,3764,90,3,126057305.73999986
World Omni Select Auto Trust 2025-A,2025-09-30,1,650,660,253,12,0,8301694.140000002
World Omni Select Auto Trust 2025-A,2025-09-30,1,660,670,404,12,0,14207491.55000001
World Omni Select Auto Trust 2025-A,2025-09-30,1,670,680,418,8,0,14857972.719999997
World Omni Select Auto Trust 2025-A,2025-09-30,1,680,690,487,7,0,17170796.380000006
World Omni Select Auto Trust 2025-A,2025-09-30,1,690,700,499,10,0,17779872.419999987
World Omni Select Auto Trust 2025-A,2025-09-30,1,700,710,723,10,0,26947408.68000001
World Omni Select Auto Trust 2025-A,2025-09-30,1,710,720,608,8,0,23181759.27
World Omni Select Auto Trust 2025-A,2025-09-30,1,720,730,929,16,1,35253223.74999999
World Omni Select Auto Trust 2025-A,2025-09-30,1,730,740,796,8,0,29794442.52
World Omni Select Auto Trust 2025-A,2025-09-30,1,740,750,622,8,0,23315254.630000003
World Omni Select Auto Trust 2025-A,2025-09-30,1,750,760,592,4,0,22333483.14999999
World Omni Select Auto Trust 2025-A,2025-09-30,1,760,770,464,4,0,17030021.24
World Omni Select Auto Trust 2025-A,2025-09-30,1,770,780,463,1,0,16606456.949999996
World Omni Select Auto Trust 2025-A,2025-09-30,1,780,790,452,4,0,16690492.669999992
World Omni Select Auto Trust 2025-A,2025-09-30,1,790,800,351,4,0,12418881.219999999
World Omni Select Auto Trust 2025-A,2025-09-30,1,800,810,374,4,0,13359245.03000001
World Omni Select Auto Trust 2025-A,2025-09-30,1,810,820,282,1,0,9887881.050000003
World Omni Select Auto Trust 2025-A,2025-09-30,1,820,830,276,2,0,9624899.19000001
World Omni Select Auto Trust 2025-A,2025-09-30,1,830,840,244,2,0,8817796.499999993
World Omni Select Auto Trust 2025-A,2025-09-30,1,840,850,182,1,0,6245178.33
World Omni Select Auto Trust 2025-A,2025-09-30,1,850,860,186,0,0,6139803.25
World Omni Select Auto Trust 2025-A,2025-09-30,1,860,870,111,1,0,3531645.0699999994
World Omni Select Auto Trust 2025-A,2025-09-30,1,870,880,65,0,0,1995759.7599999998
World Omni Select Auto Trust 2025-A,2025-09-30,1,880,890,12,0,0,325660.0
World Omni Select Auto Trust 2025-A,2025-10-31,2,400,410,1,0,0,4427.46
World Omni Select Auto Trust 2025-A,2025-10-31,2,440,450,3,0,0,73811.79000000001
World Omni Select Auto Trust 2025-A,2025-10-31,2,450,460,4,0,0,110839.33
World Omni Select Auto Trust 2025-A,2025-10-31,2,460,470,7,0,0,197076.97000000003
World Omni Select Auto Trust 2025-A,2025-10-31,2,470,480,10,3,0,318403.47000000003
World Omni Select Auto Trust 2025-A,2025-10-31,2,480,490,17,0,0,370839.89999999997
World Omni Select Auto Trust 2025-A,2025-10-31,2,490,500,15,1,1,399187.81
World Omni Select Auto Trust 2025-A,2025-10-31,2,500,510,45,5,0,1304847.6900000002
World Omni Select Auto Trust 2025-A,2025-10-31,2,510,520,55,4,1,1483629.1400000001
World Omni Select Auto Trust 2025-A,2025-10-31,2,520,530,90,5,4,2650472.19
World Omni Select Auto Trust 2025-A,2025-10-31,2,530,540,112,7,0,3068082.409999999
World Omni Select Auto Trust 2025-A,2025-10-31,2,540,550,138,15,2,4190727.92
World Omni Select Auto Trust 2025-A,2025-10-31,2,550,560,180,9,4,5097008.530000001
World Omni Select Auto Trust 2025-A,2025-10-31,2,560,570,244,20,4,7461364.5799999945
World Omni Select Auto Trust 2025-A,2025-10-31,2,570,580,389,26,8,11646367.059999999
World Omni Select Auto Trust 2025-A,2025-10-31,2,580,590,873,65,10,25294647.579999965
World Omni Select Auto Trust 2025-A,2025-10-31,2,590,600,1022,63,6,29142468.68999998
World Omni Select Auto Trust 2025-A,2025-10-31,2,600,610,1381,79,9,39133344.71999997
World Omni Select Auto Trust 2025-A,2025-10-31,2,610,620,1468,62,15,41966965.98999999
World Omni Select Auto Trust 2025-A,2025-10-31,2,620,630,2389,122,34,74881552.30000009
World Omni Select Auto Trust 2025-A,2025-10-31,2,630,640,2327,106,16,71854100.97000003
World Omni Select Auto Trust 2025-A,2025-10-31,2,640,650,3606,146,28,122425012.45000005
World Omni Select Auto Trust 2025-A,2025-10-31,2,650,660,241,15,4,8051522.049999999
World Omni Select Auto Trust 2025-A,2025-10-31,2,660,670,390,15,1,13765188.590000002
World Omni Select Auto Trust 2025-A,2025-10-31,2,670,680,403,13,0,14345860.650000006
World Omni Select Auto Trust 2025-A,2025-10-31,2,680,690,471,12,3,16706906.6
World Omni Select Auto Trust 2025-A,2025-10-31,2,690,700,493,6,1,17354079.739999995
World Omni Select Auto Trust 2025-A,2025-10-31,2,700,710,708,17,3,26469771.510000013
World Omni Select Auto Trust 2025-A,2025-10-31,2,710,720,594,9,2,22499568.710000012
World Omni Select Auto Trust 2025-A,2025-10-31,2,720,730,903,18,3,33889781.25000001
World Omni Select Auto Trust 2025-A,2025-10-31,2,730,740,771,15,2,29054329.120000005
World Omni Select Auto Trust 2025-A,2025-10-31,2,740,750,605,9,3,22615168.509999998
World Omni Select Auto Trust 2025-A,2025-10-31,2,750,760,580,7,1,21887703.40999998
World Omni Select Auto Trust 2025-A,2025-10-31,2,760,770,452,2,2,16349542.290000012
World Omni Select Auto Trust 2025-A,2025-10-31,2,770,780,457,5,0,16363920.489999996
World Omni Select Auto Trust 2025-A,2025-10-31,2,780,790,442,5,1,16144010.110000012
World Omni Select Auto Trust 2025-A,2025-10-31,2,790,800,343,5,1,12097756.39
World Omni Select Auto Trust 2025-A,2025-10-31,2,800,810,363,4,2,12804306.459999993
World Omni Select Auto Trust 2025-A,2025-10-31,2,810,820,276,1,1,9582885.270000001
World Omni Select Auto Trust 2025-A,2025-10-31,2,820,830,271,3,0,9214224.419999992
World Omni Select Auto Trust 2025-A,2025-10-31,2,830,840,238,2,0,8520040.279999996
World Omni Select Auto Trust 2025-A,2025-10-31,2,840,850,177,1,0,5970290.240000001
World Omni Select Auto Trust 2025-A,2025-10-31,2,850,860,181,1,0,5976454.280000002
World Omni Select Auto Trust 2025-A,2025-10-31,2,860,870,109,2,0,3465740.9799999986
World Omni Select Auto Trust 2025-A,2025-10-31,2,870,880,62,1,0,1961882.5799999998
World Omni Select Auto Trust 2025-A,2025-10-31,2,880,890,12,0,0,321247.41
World Omni Select Auto Trust 2025-A,2025-11-30,3,400,410,1,0,0,4227.34
World Omni Select Auto Trust 2025-A,2025-11-30,3,440,450,2,1,0,73709.23000000001
World Omni Select Auto Trust 2025-A,2025-11-30,3,450,460,4,0,0,110477.53
World Omni Select Auto Trust 2025-A,2025-11-30,3,460,470,6,0,0,161858.41
World Omni Select Auto Trust 2025-A,2025-11-30,3,470,480,9,3,1,315288.48000000004
World Omni Select Auto Trust 2025-A,2025-11-30,3,480,490,17,0,0,366411.59
World Omni Select Auto Trust 2025-A,2025-11-30,3,490,500,16,1,0,393681.43000000005
World Omni Select Auto Trust 2025-A,2025-11-30,3,500,510,44,4,1,1248600.7200000004
World Omni Select Auto Trust 2025-A,2025-11-30,3,510,520,56,1,2,1434721.59
World Omni Select Auto Trust 2025-A,2025-11-30,3,520,530,90,6,2,2571711.4599999986
World Omni Select Auto Trust 2025-A,2025-11-30,3,530,540,103,11,1,2943425.0
World Omni Select Auto Trust 2025-A,2025-11-30,3,540,550,125,23,2,4046253.7499999986
World Omni Select Auto Trust 2025-A,2025-11-30,3,550,560,169,16,5,4966679.579999998
World Omni Select Auto Trust 2025-A,2025-11-30,3,560,570,224,24,7,7116364.720000001
World Omni Select Auto Trust 2025-A,2025-11-30,3,570,580,376,28,14,11463439.849999998
World Omni Select Auto Trust 2025-A,2025-11-30,3,580,590,835,68,24,24577163.440000027
World Omni Select Auto Trust 2025-A,2025-11-30,3,590,600,968,66,25,28273233.419999987
World Omni Select Auto Trust 2025-A,2025-11-30,3,600,610,1321,100,18,37976696.50999995
World Omni Select Auto Trust 2025-A,2025-11-30,3,610,620,1392,89,22,40617340.09
World Omni Select Auto Trust 2025-A,2025-11-30,3,620,630,2286,143,57,72802832.43000007
World Omni Select Auto Trust 2025-A,2025-11-30,3,630,640,2236,112,36,69632568.21999982
World Omni Select Auto Trust 2025-A,2025-11-30,3,640,650,3469,154,61,119145972.26999988
World Omni Select Auto Trust 2025-A,2025-11-30,3,650,660,231,15,7,7818521.669999998
World Omni Select Auto Trust 2025-A,2025-11-30,3,660,670,381,14,5,13465946.58000001
World Omni Select Auto Trust 2025-A,2025-11-30,3,670,680,384,16,3,13911102.439999994
World Omni Select Auto Trust 2025-A,2025-11-30,3,680,690,446,16,10,16269246.680000003
World Omni Select Auto Trust 2025-A,2025-11-30,3,690,700,481,10,3,17040262.290000003
World Omni Select Auto Trust 2025-A,2025-11-30,3,700,710,693,18,7,25907316.979999986
World Omni Select Auto Trust 2025-A,2025-11-30,3,710,720,579,13,4,22072380.359999985
World Omni Select Auto Trust 2025-A,2025-11-30,3,720,730,874,20,10,32902965.100000005
World Omni Select Auto Trust 2025-A,2025-11-30,3,730,740,753,17,8,28473285.75999998
World Omni Select Auto Trust 2025-A,2025-11-30,3,740,750,592,9,4,22067144.69
World Omni Select Auto Trust 2025-A,2025-11-30,3,750,760,570,5,3,21429520.509999994
World Omni Select Auto Trust 2025-A,2025-11-30,3,760,770,443,6,1,16007656.230000012
World Omni Select Auto Trust 2025-A,2025-11-30,3,770,780,447,5,0,15993202.959999999
World Omni Select Auto Trust 2025-A,2025-11-30,3,780,790,428,7,3,15734045.850000003
World Omni Select Auto Trust 2025-A,2025-11-30,3,790,800,336,6,0,11726463.740000002
World Omni Select Auto Trust 2025-A,2025-11-30,3,800,810,351,4,4,12349943.609999994
World Omni Select Auto Trust 2025-A,2025-11-30,3,810,820,267,1,1,9175641.299999997
World Omni Select Auto Trust 2025-A,2025-11-30,3,820,830,265,2,0,9066780.579999998
World Omni Select Auto Trust 2025-A,2025-11-30,3,830,840,233,1,1,8261587.089999999
World Omni Select Auto Trust 2025-A,2025-11-30,3,840,850,173,1,0,5787179.279999999
World Omni Select Auto Trust 2025-A,2025-11-30,3,850,860,178,1,0,5773540.6
World Omni Select Auto Trust 2025-A,2025-11-30,3,860,870,101,3,1,3308995.1200000015
World Omni Select Auto Trust 2025-A,2025-11-30,3,870,880,63,0,0,1927495.1400000001
World Omni Select Auto Trust 2025-A,2025-11-30,3,880,890,12,0,0,318006.41
World Omni Select Auto Trust 2025-A,2025-12-31,4,400,410,1,0,0,4064.45
World Omni Select Auto Trust 2025-A,2025-12-31,4,440,450,3,0,0,72991.21
World Omni Select Auto Trust 2025-A,2025-12-31,4,450,460,3,1,0,84637.59
World Omni Select Auto Trust 2025-A,2025-12-31,4,460,470,6,0,0,160161.13
World Omni Select Auto Trust 2025-A,2025-12-31,4,470,480,6,3,2,237507.87999999998
World Omni Select Auto Trust 2025-A,2025-12-31,4,480,490,15,2,0,362441.72
World Omni Select Auto Trust 2025-A,2025-12-31,4,490,500,16,0,1,389669.39
World Omni Select Auto Trust 2025-A,2025-12-31,4,500,510,38,11,0,1236597.2999999993
World Omni Select Auto Trust 2025-A,2025-12-31,4,510,520,54,3,2,1416468.9499999995
World Omni Select Auto Trust 2025-A,2025-12-31,4,520,530,84,8,3,2492265.2399999998
World Omni Select Auto Trust 2025-A,2025-12-31,4,530,540,101,10,0,2819045.4100000006
World Omni Select Auto Trust 2025-A,2025-12-31,4,540,550,126,14,7,3996115.969999999
World Omni Select Auto Trust 2025-A,2025-12-31,4,550,560,167,14,4,4875760.440000001
World Omni Select Auto Trust 2025-A,2025-12-31,4,560,570,211,28,7,6799323.530000002
World Omni Select Auto Trust 2025-A,2025-12-31,4,570,580,356,39,15,11128176.489999996
World Omni Select Auto Trust 2025-A,2025-12-31,4,580,590,787,81,27,23742376.679999944
World Omni Select Auto Trust 2025-A,2025-12-31,4,590,600,904,81,31,27156641.71000001
World Omni Select Auto Trust 2025-A,2025-12-31,4,600,610,1245,113,30,36425240.55
World Omni Select Auto Trust 2025-A,2025-12-31,4,610,620,1317,100,34,39038252.24999997
World Omni Select Auto Trust 2025-A,2025-12-31,4,620,630,2175,164,61,70256478.66000015
World Omni Select Auto Trust 2025-A,2025-12-31,4,630,640,2142,132,52,67370194.55999988
World Omni Select Auto Trust 2025-A,2025-12-31,4,640,650,3311,166,70,114690514.37999992
World Omni Select Auto Trust 2025-A,2025-12-31,4,650,660,228,16,4,7646748.37
World Omni Select Auto Trust 2025-A,2025-12-31,4,660,670,369,13,6,13044966.610000001
World Omni Select Auto Trust 2025-A,2025-12-31,4,670,680,376,14,4,13609396.25
World Omni Select Auto Trust 2025-A,2025-12-31,4,680,690,427,19,8,15777285.150000008
World Omni Select Auto Trust 2025-A,2025-12-31,4,690,700,457,17,4,16522780.189999996
World Omni Select Auto Trust 2025-A,2025-12-31,4,700,710,665,21,8,24980130.670000013
World Omni Select Auto Trust 2025-A,2025-12-31,4,710,720,557,20,6,21583465.590000004
World Omni Select Auto Trust 2025-A,2025-12-31,4,720,730,837,28,10,31786917.57999999
World Omni Select Auto Trust 2025-A,2025-12-31,4,730,740,738,12,9,27460422.75000003
World Omni Select Auto Trust 2025-A,2025-12-31,4,740,750,572,12,6,21602290.5
World Omni Select Auto Trust 2025-A,2025-12-31,4,750,760,549,7,4,20601169.299999997
World Omni Select Auto Trust 2025-A,2025-12-31,4,760,770,423,10,2,15470378.549999995
World Omni Select Auto Trust 2025-A,2025-12-31,4,770,780,436,0,1,15295288.689999994
World Omni Select Auto Trust 2025-A,2025-12-31,4,780,790,418,2,5,15036874.799999997
World Omni Select Auto Trust 2025-A,2025-12-31,4,790,800,327,6,1,11412509.789999997
World Omni Select Auto Trust 2025-A,2025-12-31,4,800,810,340,4,2,11865485.000000002
World Omni Select Auto Trust 2025-A,2025-12-31,4,810,820,256,3,1,8835591.279999997
World Omni Select Auto Trust 2025-A,2025-12-31,4,820,830,254,4,1,8791587.810000012
World Omni Select Auto Trust 2025-A,2025-12-31,4,830,840,223,2,1,7935712.939999998
World Omni Select Auto Trust 2025-A,2025-12-31,4,840,850,165,0,1,5579305.670000001
World Omni Select Auto Trust 2025-A,2025-12-31,4,850,860,172,0,0,5527040.700000001
World Omni Select Auto Trust 2025-A,2025-12-31,4,860,870,101,1,0,3227765.7
World Omni Select Auto Trust 2025-A,2025-12-31,4,870,880,61,1,0,1859417.8399999996
World Omni Select Auto Trust 2025-A,2025-12-31,4,880,890,12,0,0,310643.52999999997
