series,reporting_date,vintage_month,fico_low,fico_high,loan_count_current,loan_count_30_59,loan_count_60_plus,balance
CarMax Select Receivables Trust 2024-A,2025-01-31,8,360,370,2,0,0,14100.67
CarMax Select Receivables Trust 2024-A,2025-01-31,8,380,390,2,0,0,36703.93
CarMax Select Receivables Trust 2024-A,2025-01-31,8,390,400,3,0,0,44652.61
CarMax Select Receivables Trust 2024-A,2025-01-31,8,400,410,7,2,1,169545.76
CarMax Select Receivables Trust 2024-A,2025-01-31,8,410,420,6,1,2,153384.95
CarMax Select Receivables Trust 2024-A,2025-01-31,8,420,430,10,5,2,282234.43
CarMax Select Receivables Trust 2024-A,2025-01-31,8,430,440,21,5,1,401577.06999999995
CarMax Select Receivables Trust 2024-A,2025-01-31,8,440,450,24,4,5,480184.52
CarMax Select Receivables Trust 2024-A,2025-01-31,8,450,460,25,5,1,422623.1799999999
CarMax Select Receivables Trust 2024-A,2025-01-31,8,460,470,45,10,4,891644.6700000002
CarMax Select Receivables Trust 2024-A,2025-01-31,8,470,480,63,10,6,1214849.4400000004
CarMax Select Receivables Trust 2024-A,2025-01-31,8,480,490,88,15,10,1844365.47
CarMax Select Receivables Trust 2024-A,2025-01-31,8,490,500,111,15,9,2155919.74
CarMax Select Receivables Trust 2024-A,2025-01-31,8,500,510,110,20,20,2539770.940000001
CarMax Select Receivables Trust 2024-A,2025-01-31,8,510,520,185,33,19,4431153.820000001
CarMax Select Receivables Trust 2024-A,2025-01-31,8,520,530,227,47,26,6257951.140000004
CarMax Select Receivables Trust 2024-A,2025-01-31,8,530,540,695,93,60,18025553.44000003
CarMax Select Receivables Trust 2024-A,2025-01-31,8,540,550,817,94,63,20782882.83000001
CarMax Select Receivables Trust 2024-A,2025-01-31,8,550,560,1024,125,58,24525343.500000015
CarMax Select Receivables Trust 2024-A,2025-01-31,8,560,570,1083,143,75,26821941.330000073
CarMax Select Receivables Trust 2024-A,2025-01-31,8,570,580,1390,125,62,31805987.73000001
CarMax Select Receivables Trust 2024-A,2025-01-31,8,580,590,1557,128,86,34955923.34000002
CarMax Select Receivables Trust 2024-A,2025-01-31,8,590,600,1885,137,76,41701755.27
CarMax Select Receivables Trust 2024-A,2025-01-31,8,600,610,2228,135,68,46586606.89000001
CarMax Select Receivables Trust 2024-A,2025-01-31,8,610,620,2396,120,80,50203948.369999975
CarMax Select Receivables Trust 2024-A,2025-01-31,8,620,630,2778,136,77,56041484.509999946
CarMax Select Receivables Trust 2024-A,2025-01-31,8,630,640,2919,122,63,57963122.49000005
CarMax Select Receivables Trust 2024-A,2025-01-31,8,640,650,3108,118,60,61157196.39999994
CarMax Select Receivables Trust 2024-A,2025-01-31,8,650,660,202,13,4,4559287.890000001
CarMax Select Receivables Trust 2024-A,2025-01-31,8,660,670,183,11,9,4519369.579999997
CarMax Select Receivables Trust 2024-A,2025-01-31,8,670,680,164,11,3,3784574.540000001
CarMax Select Receivables Trust 2024-A,2025-01-31,8,680,690,122,3,5,2640715.0999999987
CarMax Select Receivables Trust 2024-A,2025-01-31,8,690,700,121,2,5,2578404.1999999997
CarMax Select Receivables Trust 2024-A,2025-01-31,8,700,710,96,4,4,2110577.31
CarMax Select Receivables Trust 2024-A,2025-01-31,8,710,720,78,1,1,1546807.5000000005
CarMax Select Receivables Trust 2024-A,2025-01-31,8,720,730,75,2,1,1659021.3099999998
CarMax Select Receivables Trust 2024-A,2025-01-31,8,730,740,47,3,0,1056941.1800000004
CarMax Select Receivables Trust 2024-A,2025-01-31,8,740,750,32,0,0,681613.03
CarMax Select Receivables Trust 2024-A,2025-01-31,8,750,760,29,1,0,594801.9299999999
CarMax Select Receivables Trust 2024-A,2025-01-31,8,760,770,16,1,0,340592.23000000004
CarMax Select Receivables Trust 2024-A,2025-01-31,8,770,780,10,0,1,237683.24000000002
CarMax Select Receivables Trust 2024-A,2025-01-31,8,780,790,2,0,0,44678.33
CarMax Select Receivables Trust 2024-A,2025-01-31,8,790,800,4,0,0,64913.64
CarMax Select Receivables Trust 2024-A,2025-01-31,8,810,820,1,0,0,12004.02
CarMax Select Receivables Trust 2024-A,2025-01-31,8,860,870,1,0,0,23014.35
CarMax Select Receivables Trust 2024-A,2026-01-31,20,360,370,0,1,0,7390.2
CarMax Select Receivables Trust 2024-A,2026-01-31,20,380,390,2,0,0,32592.59
CarMax Select Receivables Trust 2024-A,2026-01-31,20,390,400,1,1,1,26718.269999999997
CarMax Select Receivables Trust 2024-A,2026-01-31,20,400,410,3,2,1,101629.62000000001
CarMax Select Receivables Trust 2024-A,2026-01-31,20,410,420,4,1,2,86200.08000000002
CarMax Select Receivables Trust 2024-A,2026-01-31,20,420,430,10,1,1,157594.66999999998
CarMax Select Receivables Trust 2024-A,2026-01-31,20,430,440,11,6,2,249968.58000000002
CarMax Select Receivables Trust 2024-A,2026-01-31,20,440,450,18,8,0,304490.07000000007
CarMax Select Receivables Trust 2024-A,2026-01-31,20,450,460,13,2,3,244398.4
CarMax Select Receivables Trust 2024-A,2026-01-31,20,460,470,24,7,8,505234.4699999999
CarMax Select Receivables Trust 2024-A,2026-01-31,20,470,480,40,4,8,763880.0599999998
CarMax Select Receivables Trust 2024-A,2026-01-31,20,480,490,49,18,8,1102243.02
CarMax Select Receivables Trust 2024-A,2026-01-31,20,490,500,59,16,19,1351140.72
CarMax Select Receivables Trust 2024-A,2026-01-31,20,500,510,63,15,20,1512939.3800000001
CarMax Select Receivables Trust 2024-A,2026-01-31,20,510,520,99,28,22,2681078.9100000015
CarMax Select Receivables Trust 2024-A,2026-01-31,20,520,530,148,36,39,4177309.3800000004
CarMax Select Receivables Trust 2024-A,2026-01-31,20,530,540,445,91,94,11892857.429999998
CarMax Select Receivables Trust 2024-A,2026-01-31,20,540,550,546,90,88,13899668.449999997
CarMax Select Receivables Trust 2024-A,2026-01-31,20,550,560,684,101,83,15933361.909999989
CarMax Select Receivables Trust 2024-A,2026-01-31,20,560,570,677,142,89,17539227.180000026
CarMax Select Receivables Trust 2024-A,2026-01-31,20,570,580,895,132,87,20777741.519999992
CarMax Select Receivables Trust 2024-A,2026-01-31,20,580,590,1018,139,88,22731548.44000001
CarMax Select Receivables Trust 2024-A,2026-01-31,20,590,600,1243,153,110,27563823.7
CarMax Select Receivables Trust 2024-A,2026-01-31,20,600,610,1421,168,103,30387291.58000002
CarMax Select Receivables Trust 2024-A,2026-01-31,20,610,620,1567,127,117,33156201.019999955
CarMax Select Receivables Trust 2024-A,2026-01-31,20,620,630,1821,135,99,36420812.75999994
CarMax Select Receivables Trust 2024-A,2026-01-31,20,630,640,1869,139,96,37489897.03999994
CarMax Select Receivables Trust 2024-A,2026-01-31,20,640,650,2059,121,81,39881032.65999998
CarMax Select Receivables Trust 2024-A,2026-01-31,20,650,660,145,13,7,2749933.5200000014
CarMax Select Receivables Trust 2024-A,2026-01-31,20,660,670,131,13,9,2852085.9899999998
CarMax Select Receivables Trust 2024-A,2026-01-31,20,670,680,113,13,7,2395306.109999999
CarMax Select Receivables Trust 2024-A,2026-01-31,20,680,690,76,7,4,1496496.2400000005
CarMax Select Receivables Trust 2024-A,2026-01-31,20,690,700,83,5,6,1637060.9400000002
CarMax Select Receivables Trust 2024-A,2026-01-31,20,700,710,72,6,5,1381713.0399999996
CarMax Select Receivables Trust 2024-A,2026-01-31,20,710,720,61,2,1,912860.2000000003
CarMax Select Receivables Trust 2024-A,2026-01-31,20,720,730,57,2,3,1052367.4400000002
CarMax Select Receivables Trust 2024-A,2026-01-31,20,730,740,30,3,2,536721.7099999998
CarMax Select Receivables Trust 2024-A,2026-01-31,20,740,750,20,0,1,359388.89999999997
CarMax Select Receivables Trust 2024-A,2026-01-31,20,750,760,26,0,1,387752.4800000001
CarMax Select Receivables Trust 2024-A,2026-01-31,20,760,770,14,1,0,243342.88999999996
CarMax Select Receivables Trust 2024-A,2026-01-31,20,770,780,8,0,1,143397.41999999998
CarMax Select Receivables Trust 2024-A,2026-01-31,20,780,790,1,0,0,13928.32
CarMax Select Receivables Trust 2024-A,2026-01-31,20,790,800,3,0,0,48335.89
CarMax Select Receivables Trust 2024-A,2026-01-31,20,810,820,1,0,0,9432.13
CarMax Select Receivables Trust 2024-A,2025-02-28,9,360,370,2,0,0,13223.49
CarMax Select Receivables Trust 2024-A,2025-02-28,9,380,390,2,0,0,36225.55
CarMax Select Receivables Trust 2024-A,2025-02-28,9,390,400,3,0,0,44053.590000000004
CarMax Select Receivables Trust 2024-A,2025-02-28,9,400,410,8,1,1,167089.96
CarMax Select Receivables Trust 2024-A,2025-02-28,9,410,420,6,2,0,131247.8
CarMax Select Receivables Trust 2024-A,2025-02-28,9,420,430,8,4,5,280613.5
CarMax Select Receivables Trust 2024-A,2025-02-28,9,430,440,22,2,3,396748.07
CarMax Select Receivables Trust 2024-A,2025-02-28,9,440,450,26,3,3,449380.41
CarMax Select Receivables Trust 2024-A,2025-02-28,9,450,460,21,6,2,398581.83
CarMax Select Receivables Trust 2024-A,2025-02-28,9,460,470,42,12,5,875812.8200000001
CarMax Select Receivables Trust 2024-A,2025-02-28,9,470,480,63,5,7,1169351.0200000003
CarMax Select Receivables Trust 2024-A,2025-02-28,9,480,490,85,21,6,1789334.8899999994
CarMax Select Receivables Trust 2024-A,2025-02-28,9,490,500,108,18,7,2091389.5399999996
CarMax Select Receivables Trust 2024-A,2025-02-28,9,500,510,110,28,8,2470814.660000001
CarMax Select Receivables Trust 2024-A,2025-02-28,9,510,520,184,30,18,4311558.980000001
CarMax Select Receivables Trust 2024-A,2025-02-28,9,520,530,230,45,23,6150159.159999998
CarMax Select Receivables Trust 2024-A,2025-02-28,9,530,540,687,105,45,17488594.999999996
CarMax Select Receivables Trust 2024-A,2025-02-28,9,540,550,814,95,45,20176778.960000016
CarMax Select Receivables Trust 2024-A,2025-02-28,9,550,560,1030,113,42,23866532.74
CarMax Select Receivables Trust 2024-A,2025-02-28,9,560,570,1076,126,62,25965953.360000048
CarMax Select Receivables Trust 2024-A,2025-02-28,9,570,580,1350,132,56,30794420.349999994
CarMax Select Receivables Trust 2024-A,2025-02-28,9,580,590,1557,104,63,34008934.409999974
CarMax Select Receivables Trust 2024-A,2025-02-28,9,590,600,1860,126,55,40352567.36000001
CarMax Select Receivables Trust 2024-A,2025-02-28,9,600,610,2196,113,66,45315038.49999992
CarMax Select Receivables Trust 2024-A,2025-02-28,9,610,620,2340,129,55,48808322.10000002
CarMax Select Receivables Trust 2024-A,2025-02-28,9,620,630,2718,134,63,54473306.18999989
CarMax Select Receivables Trust 2024-A,2025-02-28,9,630,640,2862,94,61,56008161.23999994
CarMax Select Receivables Trust 2024-A,2025-02-28,9,640,650,3037,94,50,59113270.22000001
CarMax Select Receivables Trust 2024-A,2025-02-28,9,650,660,202,10,5,4445556.0600000005
CarMax Select Receivables Trust 2024-A,2025-02-28,9,660,670,183,11,5,4351684.73
CarMax Select Receivables Trust 2024-A,2025-02-28,9,670,680,162,9,4,3654688.2199999997
CarMax Select Receivables Trust 2024-A,2025-02-28,9,680,690,114,8,3,2535066.14
CarMax Select Receivables Trust 2024-A,2025-02-28,9,690,700,117,4,5,2494473.3400000017
CarMax Select Receivables Trust 2024-A,2025-02-28,9,700,710,95,5,3,2054033.5799999994
CarMax Select Receivables Trust 2024-A,2025-02-28,9,710,720,77,1,0,1470622.19
CarMax Select Receivables Trust 2024-A,2025-02-28,9,720,730,72,3,1,1609728.0599999996
CarMax Select Receivables Trust 2024-A,2025-02-28,9,730,740,47,1,1,1020943.0400000003
CarMax Select Receivables Trust 2024-A,2025-02-28,9,740,750,29,1,0,662418.87
CarMax Select Receivables Trust 2024-A,2025-02-28,9,750,760,29,1,0,586361.87
CarMax Select Receivables Trust 2024-A,2025-02-28,9,760,770,16,1,0,335468.97000000003
CarMax Select Receivables Trust 2024-A,2025-02-28,9,770,780,10,0,0,202016.93000000002
CarMax Select Receivables Trust 2024-A,2025-02-28,9,780,790,2,0,0,44284.32
CarMax Select Receivables Trust 2024-A,2025-02-28,9,790,800,4,0,0,63829.95
CarMax Select Receivables Trust 2024-A,2025-02-28,9,810,820,1,0,0,11814.25
CarMax Select Receivables Trust 2024-A,2025-02-28,9,860,870,1,0,0,22253.16
CarMax Select Receivables Trust 2024-A,2025-03-31,10,360,370,2,0,0,12718.06
CarMax Select Receivables Trust 2024-A,2025-03-31,10,380,390,2,0,0,35666.54
CarMax Select Receivables Trust 2024-A,2025-03-31,10,390,400,3,0,0,43420.19
CarMax Select Receivables Trust 2024-A,2025-03-31,10,400,410,7,2,1,165408.62999999998
CarMax Select Receivables Trust 2024-A,2025-03-31,10,410,420,6,1,1,130195.48000000001
CarMax Select Receivables Trust 2024-A,2025-03-31,10,420,430,11,3,2,259999.08000000002
CarMax Select Receivables Trust 2024-A,2025-03-31,10,430,440,21,3,2,370857.19
CarMax Select Receivables Trust 2024-A,2025-03-31,10,440,450,28,1,3,442148.73999999993
CarMax Select Receivables Trust 2024-A,2025-03-31,10,450,460,19,6,2,389162.9000000001
CarMax Select Receivables Trust 2024-A,2025-03-31,10,460,470,44,8,6,848075.9899999999
CarMax Select Receivables Trust 2024-A,2025-03-31,10,470,480,62,7,3,1107302.84
CarMax Select Receivables Trust 2024-A,2025-03-31,10,480,490,86,14,9,1724548.55
CarMax Select Receivables Trust 2024-A,2025-03-31,10,490,500,105,20,4,2003983.3099999994
CarMax Select Receivables Trust 2024-A,2025-03-31,10,500,510,106,19,14,2344279.9099999997
CarMax Select Receivables Trust 2024-A,2025-03-31,10,510,520,179,26,19,4169545.910000002
CarMax Select Receivables Trust 2024-A,2025-03-31,10,520,530,218,54,18,5856959.34
CarMax Select Receivables Trust 2024-A,2025-03-31,10,530,540,666,98,52,16932537.429999996
CarMax Select Receivables Trust 2024-A,2025-03-31,10,540,550,791,99,44,19587817.68000001
CarMax Select Receivables Trust 2024-A,2025-03-31,10,550,560,972,128,56,23166315.339999992
CarMax Select Receivables Trust 2024-A,2025-03-31,10,560,570,1036,125,68,25141682.91
CarMax Select Receivables Trust 2024-A,2025-03-31,10,570,580,1313,124,65,29879899.830000006
CarMax Select Receivables Trust 2024-A,2025-03-31,10,580,590,1485,138,56,32967313.249999966
CarMax Select Receivables Trust 2024-A,2025-03-31,10,590,600,1810,136,59,39083340.04000003
CarMax Select Receivables Trust 2024-A,2025-03-31,10,600,610,2101,149,62,43810084.20000003
CarMax Select Receivables Trust 2024-A,2025-03-31,10,610,620,2248,146,59,47070572.34000002
CarMax Select Receivables Trust 2024-A,2025-03-31,10,620,630,2629,128,65,52391405.32000003
CarMax Select Receivables Trust 2024-A,2025-03-31,10,630,640,2773,121,53,54350049.950000025
CarMax Select Receivables Trust 2024-A,2025-03-31,10,640,650,2920,127,41,57295436.140000075
CarMax Select Receivables Trust 2024-A,2025-03-31,10,650,660,199,10,4,4294830.229999999
CarMax Select Receivables Trust 2024-A,2025-03-31,10,660,670,176,14,5,4184498.210000001
CarMax Select Receivables Trust 2024-A,2025-03-31,10,670,680,158,9,4,3530010.9500000034
CarMax Select Receivables Trust 2024-A,2025-03-31,10,680,690,115,3,4,2460391.0600000005
CarMax Select Receivables Trust 2024-A,2025-03-31,10,690,700,117,4,2,2392498.910000001
CarMax Select Receivables Trust 2024-A,2025-03-31,10,700,710,93,6,3,2006736.27
CarMax Select Receivables Trust 2024-A,2025-03-31,10,710,720,74,1,1,1401438.1100000006
CarMax Select Receivables Trust 2024-A,2025-03-31,10,720,730,73,2,1,1581149.77
CarMax Select Receivables Trust 2024-A,2025-03-31,10,730,740,46,1,1,957476.4399999997
CarMax Select Receivables Trust 2024-A,2025-03-31,10,740,750,29,1,0,651485.7200000001
CarMax Select Receivables Trust 2024-A,2025-03-31,10,750,760,29,1,0,575690.74
CarMax Select Receivables Trust 2024-A,2025-03-31,10,760,770,16,1,0,330504.31999999995
CarMax Select Receivables Trust 2024-A,2025-03-31,10,770,780,9,1,0,198881.00999999998
CarMax Select Receivables Trust 2024-A,2025-03-31,10,780,790,2,0,0,43100.729999999996
CarMax Select Receivables Trust 2024-A,2025-03-31,10,790,800,4,0,0,62613.06999999999
CarMax Select Receivables Trust 2024-A,2025-03-31,10,810,820,1,0,0,11626.29
CarMax Select Receivables Trust 2024-A,2025-03-31,10,860,870,1,0,0,22253.16
CarMax Select Receivables Trust 2024-A,2025-04-30,11,360,370,2,0,0,12186.27
CarMax Select Receivables Trust 2024-A,2025-04-30,11,380,390,2,0,0,35179.28
CarMax Select Receivables Trust 2024-A,2025-04-30,11,390,400,2,1,0,41776.509999999995
CarMax Select Receivables Trust 2024-A,2025-04-30,11,400,410,7,3,0,163730.06000000003
CarMax Select Receivables Trust 2024-A,2025-04-30,11,410,420,6,1,1,128997.19000000002
CarMax Select Receivables Trust 2024-A,2025-04-30,11,420,430,12,3,0,237406.36
CarMax Select Receivables Trust 2024-A,2025-04-30,11,430,440,18,4,2,331212.74000000005
CarMax Select Receivables Trust 2024-A,2025-04-30,11,440,450,23,6,1,391041.87
CarMax Select Receivables Trust 2024-A,2025-04-30,11,450,460,17,5,5,380182.82000000007
CarMax Select Receivables Trust 2024-A,2025-04-30,11,460,470,38,9,6,772927.5700000004
CarMax Select Receivables Trust 2024-A,2025-04-30,11,470,480,59,9,1,1082243.7899999996
CarMax Select Receivables Trust 2024-A,2025-04-30,11,480,490,82,13,14,1676447.1500000001
CarMax Select Receivables Trust 2024-A,2025-04-30,11,490,500,98,20,9,1950056.1099999996
CarMax Select Receivables Trust 2024-A,2025-04-30,11,500,510,97,22,15,2257785.5100000007
CarMax Select Receivables Trust 2024-A,2025-04-30,11,510,520,168,33,18,4021795.7100000014
CarMax Select Receivables Trust 2024-A,2025-04-30,11,520,530,214,47,20,5701715.110000005
CarMax Select Receivables Trust 2024-A,2025-04-30,11,530,540,634,97,66,16335523.22
CarMax Select Receivables Trust 2024-A,2025-04-30,11,540,550,747,99,74,19054082.239999987
CarMax Select Receivables Trust 2024-A,2025-04-30,11,550,560,930,133,67,22459399.76
CarMax Select Receivables Trust 2024-A,2025-04-30,11,560,570,970,148,77,24384055.03000002
CarMax Select Receivables Trust 2024-A,2025-04-30,11,570,580,1268,117,77,28926915.059999987
CarMax Select Receivables Trust 2024-A,2025-04-30,11,580,590,1429,143,78,32029163.52
CarMax Select Receivables Trust 2024-A,2025-04-30,11,590,600,1729,156,84,38055299.70999998
CarMax Select Receivables Trust 2024-A,2025-04-30,11,600,610,2014,142,86,42129100.210000105
CarMax Select Receivables Trust 2024-A,2025-04-30,11,610,620,2169,155,74,45780759.61000001
CarMax Select Receivables Trust 2024-A,2025-04-30,11,620,630,2542,128,82,50775774.999999866
CarMax Select Receivables Trust 2024-A,2025-04-30,11,630,640,2670,130,64,52478544.16000004
CarMax Select Receivables Trust 2024-A,2025-04-30,11,640,650,2814,109,68,54968792.38000003
CarMax Select Receivables Trust 2024-A,2025-04-30,11,650,660,187,15,7,4178692.049999999
CarMax Select Receivables Trust 2024-A,2025-04-30,11,660,670,171,8,11,4036277.289999999
CarMax Select Receivables Trust 2024-A,2025-04-30,11,670,680,156,8,6,3469904.470000002
CarMax Select Receivables Trust 2024-A,2025-04-30,11,680,690,109,4,6,2377925.8500000006
CarMax Select Receivables Trust 2024-A,2025-04-30,11,690,700,115,7,1,2364998.8499999987
CarMax Select Receivables Trust 2024-A,2025-04-30,11,700,710,91,6,3,1911902.6399999997
CarMax Select Receivables Trust 2024-A,2025-04-30,11,710,720,74,1,1,1381880.9800000002
CarMax Select Receivables Trust 2024-A,2025-04-30,11,720,730,72,2,1,1546029.2999999998
CarMax Select Receivables Trust 2024-A,2025-04-30,11,730,740,45,1,0,865440.2899999998
CarMax Select Receivables Trust 2024-A,2025-04-30,11,740,750,29,0,1,641035.7600000001
CarMax Select Receivables Trust 2024-A,2025-04-30,11,750,760,28,0,0,525430.2099999998
CarMax Select Receivables Trust 2024-A,2025-04-30,11,760,770,16,1,0,324530.39999999997
CarMax Select Receivables Trust 2024-A,2025-04-30,11,770,780,9,0,0,165402.5
CarMax Select Receivables Trust 2024-A,2025-04-30,11,780,790,2,0,0,42700.92
CarMax Select Receivables Trust 2024-A,2025-04-30,11,790,800,3,0,0,60314.46000000001
CarMax Select Receivables Trust 2024-A,2025-04-30,11,810,820,1,0,0,11449.81
CarMax Select Receivables Trust 2024-A,2025-04-30,11,860,870,1,0,0,21892.44
CarMax Select Receivables Trust 2024-A,2024-05-31,0,360,370,2,0,0,16013.69
CarMax Select Receivables Trust 2024-A,2024-05-31,0,380,390,3,0,0,44493.71000000001
CarMax Select Receivables Trust 2024-A,2024-05-31,0,390,400,3,0,0,48844.01
CarMax Select Receivables Trust 2024-A,2024-05-31,0,400,410,10,0,0,181903.18
CarMax Select Receivables Trust 2024-A,2024-05-31,0,410,420,12,0,0,200929.64
CarMax Select Receivables Trust 2024-A,2024-05-31,0,420,430,22,0,0,371269.63
CarMax Select Receivables Trust 2024-A,2024-05-31,0,430,440,30,0,0,493873.98000000004
CarMax Select Receivables Trust 2024-A,2024-05-31,0,440,450,39,0,0,597184.5999999999
CarMax Select Receivables Trust 2024-A,2024-05-31,0,450,460,37,0,0,516974.32999999984
CarMax Select Receivables Trust 2024-A,2024-05-31,0,460,470,72,0,0,1127334.2100000004
CarMax Select Receivables Trust 2024-A,2024-05-31,0,470,480,90,0,0,1510642.96
CarMax Select Receivables Trust 2024-A,2024-05-31,0,480,490,128,1,0,2230181.12
CarMax Select Receivables Trust 2024-A,2024-05-31,0,490,500,155,0,0,2702968.349999999
CarMax Select Receivables Trust 2024-A,2024-05-31,0,500,510,169,2,0,3133897.929999998
CarMax Select Receivables Trust 2024-A,2024-05-31,0,510,520,275,1,0,5396237.380000004
CarMax Select Receivables Trust 2024-A,2024-05-31,0,520,530,345,0,0,7599557.460000002
CarMax Select Receivables Trust 2024-A,2024-05-31,0,530,540,946,8,0,21643432.909999996
CarMax Select Receivables Trust 2024-A,2024-05-31,0,540,550,1102,2,0,25365464.019999966
CarMax Select Receivables Trust 2024-A,2024-05-31,0,550,560,1364,3,0,29889837.190000013
CarMax Select Receivables Trust 2024-A,2024-05-31,0,560,570,1494,6,0,32719836.17000001
CarMax Select Receivables Trust 2024-A,2024-05-31,0,570,580,1805,5,0,39208775.71999999
CarMax Select Receivables Trust 2024-A,2024-05-31,0,580,590,2037,6,0,42931079.01999995
CarMax Select Receivables Trust 2024-A,2024-05-31,0,590,600,2422,11,0,50946500.290000014
CarMax Select Receivables Trust 2024-A,2024-05-31,0,600,610,2860,5,0,58060113.72000008
CarMax Select Receivables Trust 2024-A,2024-05-31,0,610,620,3060,5,0,61614092.41000006
CarMax Select Receivables Trust 2024-A,2024-05-31,0,620,630,3511,6,0,70349257.88000007
CarMax Select Receivables Trust 2024-A,2024-05-31,0,630,640,3733,2,0,73838568.7200001
CarMax Select Receivables Trust 2024-A,2024-05-31,0,640,650,3909,4,0,77695500.05000019
CarMax Select Receivables Trust 2024-A,2024-05-31,0,650,660,263,0,0,5882436.199999994
CarMax Select Receivables Trust 2024-A,2024-05-31,0,660,670,234,0,0,5730104.34
CarMax Select Receivables Trust 2024-A,2024-05-31,0,670,680,203,0,0,4809610.529999998
CarMax Select Receivables Trust 2024-A,2024-05-31,0,680,690,145,0,0,3307232.530000001
CarMax Select Receivables Trust 2024-A,2024-05-31,0,690,700,147,1,0,3399716.769999999
CarMax Select Receivables Trust 2024-A,2024-05-31,0,700,710,123,0,0,2851796.3000000007
CarMax Select Receivables Trust 2024-A,2024-05-31,0,710,720,90,0,0,1988161.1500000001
CarMax Select Receivables Trust 2024-A,2024-05-31,0,720,730,87,0,0,2067319.040000001
CarMax Select Receivables Trust 2024-A,2024-05-31,0,730,740,62,0,0,1447044.77
CarMax Select Receivables Trust 2024-A,2024-05-31,0,740,750,33,0,0,804145.7399999999
CarMax Select Receivables Trust 2024-A,2024-05-31,0,750,760,32,0,0,736370.8399999999
CarMax Select Receivables Trust 2024-A,2024-05-31,0,760,770,19,0,0,398298.82000000007
CarMax Select Receivables Trust 2024-A,2024-05-31,0,770,780,12,0,0,263550.45
CarMax Select Receivables Trust 2024-A,2024-05-31,0,780,790,2,0,0,50699.28
CarMax Select Receivables Trust 2024-A,2024-05-31,0,790,800,4,0,0,75719.03
CarMax Select Receivables Trust 2024-A,2024-05-31,0,810,820,2,0,0,32505.81
CarMax Select Receivables Trust 2024-A,2024-05-31,0,860,870,1,0,0,25506.0
CarMax Select Receivables Trust 2024-A,2025-05-31,12,360,370,2,0,0,11810.689999999999
CarMax Select Receivables Trust 2024-A,2025-05-31,12,380,390,2,0,0,34841.46
CarMax Select Receivables Trust 2024-A,2025-05-31,12,390,400,2,1,0,41124.62
CarMax Select Receivables Trust 2024-A,2025-05-31,12,400,410,7,0,3,162733.82
CarMax Select Receivables Trust 2024-A,2025-05-31,12,410,420,5,3,0,127767.1
CarMax Select Receivables Trust 2024-A,2025-05-31,12,420,430,12,2,1,234091.70000000004
CarMax Select Receivables Trust 2024-A,2025-05-31,12,430,440,18,4,1,316996.5
CarMax Select Receivables Trust 2024-A,2025-05-31,12,440,450,24,5,1,384385.5900000001
CarMax Select Receivables Trust 2024-A,2025-05-31,12,450,460,17,3,6,357425.51
CarMax Select Receivables Trust 2024-A,2025-05-31,12,460,470,37,9,4,730849.3399999999
CarMax Select Receivables Trust 2024-A,2025-05-31,12,470,480,53,10,6,1069131.2899999996
CarMax Select Receivables Trust 2024-A,2025-05-31,12,480,490,83,9,11,1588699.68
CarMax Select Receivables Trust 2024-A,2025-05-31,12,490,500,93,24,6,1900170.2800000003
CarMax Select Receivables Trust 2024-A,2025-05-31,12,500,510,91,17,19,2168641.3699999996
CarMax Select Receivables Trust 2024-A,2025-05-31,12,510,520,150,39,20,3789251.4
CarMax Select Receivables Trust 2024-A,2025-05-31,12,520,530,211,40,28,5591367.939999998
CarMax Select Receivables Trust 2024-A,2025-05-31,12,530,540,605,109,69,15855299.76999999
CarMax Select Receivables Trust 2024-A,2025-05-31,12,540,550,714,117,66,18359331.37
CarMax Select Receivables Trust 2024-A,2025-05-31,12,550,560,890,120,94,21730583.850000028
CarMax Select Receivables Trust 2024-A,2025-05-31,12,560,570,940,146,81,23514402.180000022
CarMax Select Receivables Trust 2024-A,2025-05-31,12,570,580,1206,138,79,27859333.12999996
CarMax Select Receivables Trust 2024-A,2025-05-31,12,580,590,1373,148,75,30936996.840000026
CarMax Select Receivables Trust 2024-A,2025-05-31,12,590,600,1660,179,88,36993966.42000005
CarMax Select Receivables Trust 2024-A,2025-05-31,12,600,610,1956,147,83,40798515.56000005
CarMax Select Receivables Trust 2024-A,2025-05-31,12,610,620,2097,160,79,44247500.55000013
CarMax Select Receivables Trust 2024-A,2025-05-31,12,620,630,2448,139,93,49063936.400000036
CarMax Select Receivables Trust 2024-A,2025-05-31,12,630,640,2553,147,74,50699364.760000035
CarMax Select Receivables Trust 2024-A,2025-05-31,12,640,650,2717,128,75,53210611.97000015
CarMax Select Receivables Trust 2024-A,2025-05-31,12,650,660,181,13,9,3983510.6100000003
CarMax Select Receivables Trust 2024-A,2025-05-31,12,660,670,162,11,12,3847396.59
CarMax Select Receivables Trust 2024-A,2025-05-31,12,670,680,152,5,5,3312339.2500000014
CarMax Select Receivables Trust 2024-A,2025-05-31,12,680,690,106,5,7,2313991.3400000003
CarMax Select Receivables Trust 2024-A,2025-05-31,12,690,700,109,8,2,2274980.71
CarMax Select Receivables Trust 2024-A,2025-05-31,12,700,710,89,4,6,1852709.7199999995
CarMax Select Receivables Trust 2024-A,2025-05-31,12,710,720,73,1,1,1342176.7500000005
CarMax Select Receivables Trust 2024-A,2025-05-31,12,720,730,68,6,1,1523730.02
CarMax Select Receivables Trust 2024-A,2025-05-31,12,730,740,42,3,1,851937.2599999999
CarMax Select Receivables Trust 2024-A,2025-05-31,12,740,750,29,0,1,629662.0200000001
CarMax Select Receivables Trust 2024-A,2025-05-31,12,750,760,28,0,0,516957.10000000003
CarMax Select Receivables Trust 2024-A,2025-05-31,12,760,770,17,0,0,319567.41000000003
CarMax Select Receivables Trust 2024-A,2025-05-31,12,770,780,9,0,0,163229.9
CarMax Select Receivables Trust 2024-A,2025-05-31,12,780,790,2,0,0,41517.740000000005
CarMax Select Receivables Trust 2024-A,2025-05-31,12,790,800,3,0,0,58776.46000000001
CarMax Select Receivables Trust 2024-A,2025-05-31,12,810,820,1,0,0,11262.1
CarMax Select Receivables Trust 2024-A,2025-05-31,12,860,870,1,0,0,21124.58
CarMax Select Receivables Trust 2024-A,2024-06-30,1,360,370,2,0,0,15533.55
CarMax Select Receivables Trust 2024-A,2024-06-30,1,380,390,2,1,0,44127.229999999996
CarMax Select Receivables Trust 2024-A,2024-06-30,1,390,400,2,1,0,48615.689999999995
CarMax Select Receivables Trust 2024-A,2024-06-30,1,400,410,9,1,0,180203.36
CarMax Select Receivables Trust 2024-A,2024-06-30,1,410,420,11,1,0,199576.67
CarMax Select Receivables Trust 2024-A,2024-06-30,1,420,430,16,6,0,368698.85000000003
CarMax Select Receivables Trust 2024-A,2024-06-30,1,430,440,29,1,0,488971.4400000001
CarMax Select Receivables Trust 2024-A,2024-06-30,1,440,450,34,4,0,579682.5
CarMax Select Receivables Trust 2024-A,2024-06-30,1,450,460,34,2,0,502526.22
CarMax Select Receivables Trust 2024-A,2024-06-30,1,460,470,65,6,0,1092103.7000000002
CarMax Select Receivables Trust 2024-A,2024-06-30,1,470,480,84,6,0,1494777.0799999998
CarMax Select Receivables Trust 2024-A,2024-06-30,1,480,490,108,18,2,2181677.9699999997
CarMax Select Receivables Trust 2024-A,2024-06-30,1,490,500,135,19,0,2673766.6999999993
CarMax Select Receivables Trust 2024-A,2024-06-30,1,500,510,151,18,0,3068851.979999997
CarMax Select Receivables Trust 2024-A,2024-06-30,1,510,520,255,18,0,5338919.299999999
CarMax Select Receivables Trust 2024-A,2024-06-30,1,520,530,311,31,0,7487079.549999999
CarMax Select Receivables Trust 2024-A,2024-06-30,1,530,540,864,79,4,21344439.309999995
CarMax Select Receivables Trust 2024-A,2024-06-30,1,540,550,1039,61,0,25032134.020000014
CarMax Select Receivables Trust 2024-A,2024-06-30,1,550,560,1270,85,2,29455717.480000008
CarMax Select Receivables Trust 2024-A,2024-06-30,1,560,570,1398,86,2,32166365.029999997
CarMax Select Receivables Trust 2024-A,2024-06-30,1,570,580,1719,73,4,38585228.119999945
CarMax Select Receivables Trust 2024-A,2024-06-30,1,580,590,1945,75,4,42221025.40999997
CarMax Select Receivables Trust 2024-A,2024-06-30,1,590,600,2318,91,1,50036338.70000002
CarMax Select Receivables Trust 2024-A,2024-06-30,1,600,610,2755,84,3,56963206.10000005
CarMax Select Receivables Trust 2024-A,2024-06-30,1,610,620,2945,77,2,60444244.95000003
CarMax Select Receivables Trust 2024-A,2024-06-30,1,620,630,3390,86,4,68886972.06000005
CarMax Select Receivables Trust 2024-A,2024-06-30,1,630,640,3599,82,1,72003122.27000003
CarMax Select Receivables Trust 2024-A,2024-06-30,1,640,650,3811,56,0,75923006.93000008
CarMax Select Receivables Trust 2024-A,2024-06-30,1,650,660,255,6,0,5780195.000000001
CarMax Select Receivables Trust 2024-A,2024-06-30,1,660,670,223,8,0,5601151.26
CarMax Select Receivables Trust 2024-A,2024-06-30,1,670,680,192,9,0,4672334.15
CarMax Select Receivables Trust 2024-A,2024-06-30,1,680,690,141,2,0,3202398.0000000005
CarMax Select Receivables Trust 2024-A,2024-06-30,1,690,700,143,1,0,3266257.8300000005
CarMax Select Receivables Trust 2024-A,2024-06-30,1,700,710,123,0,0,2789191.98
CarMax Select Receivables Trust 2024-A,2024-06-30,1,710,720,89,0,0,1948254.23
CarMax Select Receivables Trust 2024-A,2024-06-30,1,720,730,86,0,0,2019571.6999999997
CarMax Select Receivables Trust 2024-A,2024-06-30,1,730,740,61,1,0,1421189.84
CarMax Select Receivables Trust 2024-A,2024-06-30,1,740,750,33,0,0,793747.3200000001
CarMax Select Receivables Trust 2024-A,2024-06-30,1,750,760,32,0,0,729118.7500000002
CarMax Select Receivables Trust 2024-A,2024-06-30,1,760,770,19,0,0,393909.99999999994
CarMax Select Receivables Trust 2024-A,2024-06-30,1,770,780,11,1,0,260670.47
CarMax Select Receivables Trust 2024-A,2024-06-30,1,780,790,2,0,0,49963.880000000005
CarMax Select Receivables Trust 2024-A,2024-06-30,1,790,800,4,0,0,74509.82
CarMax Select Receivables Trust 2024-A,2024-06-30,1,810,820,2,0,0,32112.89
CarMax Select Receivables Trust 2024-A,2024-06-30,1,860,870,1,0,0,25506.0
CarMax Select Receivables Trust 2024-A,2025-06-30,13,360,370,2,0,0,11300.699999999999
CarMax Select Receivables Trust 2024-A,2025-06-30,13,380,390,2,0,0,34608.05
CarMax Select Receivables Trust 2024-A,2025-06-30,13,390,400,2,0,1,41124.619999999995
CarMax Select Receivables Trust 2024-A,2025-06-30,13,400,410,6,1,3,160883.66999999998
CarMax Select Receivables Trust 2024-A,2025-06-30,13,410,420,5,2,1,126537.1
CarMax Select Receivables Trust 2024-A,2025-06-30,13,420,430,7,6,2,232429.16
CarMax Select Receivables Trust 2024-A,2025-06-30,13,430,440,19,2,1,301704.13
CarMax Select Receivables Trust 2024-A,2025-06-30,13,440,450,23,4,3,380356.68
CarMax Select Receivables Trust 2024-A,2025-06-30,13,450,460,16,6,2,327594.84
CarMax Select Receivables Trust 2024-A,2025-06-30,13,460,470,33,12,4,720778.72
CarMax Select Receivables Trust 2024-A,2025-06-30,13,470,480,51,12,6,1052606.6899999997
CarMax Select Receivables Trust 2024-A,2025-06-30,13,480,490,77,15,7,1482862.56
CarMax Select Receivables Trust 2024-A,2025-06-30,13,490,500,90,17,12,1848102.31
CarMax Select Receivables Trust 2024-A,2025-06-30,13,500,510,82,25,15,2098979.8800000004
CarMax Select Receivables Trust 2024-A,2025-06-30,13,510,520,147,32,23,3701360.03
CarMax Select Receivables Trust 2024-A,2025-06-30,13,520,530,202,40,31,5382214.260000002
CarMax Select Receivables Trust 2024-A,2025-06-30,13,530,540,602,86,80,15394283.019999994
CarMax Select Receivables Trust 2024-A,2025-06-30,13,540,550,681,111,77,17726761.960000012
CarMax Select Receivables Trust 2024-A,2025-06-30,13,550,560,861,129,82,20800392.629999988
CarMax Select Receivables Trust 2024-A,2025-06-30,13,560,570,903,154,80,22651115.320000008
CarMax Select Receivables Trust 2024-A,2025-06-30,13,570,580,1166,131,86,26947819.880000006
CarMax Select Receivables Trust 2024-A,2025-06-30,13,580,590,1321,148,88,29922039.629999973
CarMax Select Receivables Trust 2024-A,2025-06-30,13,590,600,1628,146,99,35740232.6900001
CarMax Select Receivables Trust 2024-A,2025-06-30,13,600,610,1866,163,101,39480278.910000026
CarMax Select Receivables Trust 2024-A,2025-06-30,13,610,620,2030,147,92,42634686.630000025
CarMax Select Receivables Trust 2024-A,2025-06-30,13,620,630,2351,148,96,47243377.63999999
CarMax Select Receivables Trust 2024-A,2025-06-30,13,630,640,2468,143,87,48866492.06999995
CarMax Select Receivables Trust 2024-A,2025-06-30,13,640,650,2617,122,85,51479071.14000004
CarMax Select Receivables Trust 2024-A,2025-06-30,13,650,660,180,9,9,3846862.5800000015
CarMax Select Receivables Trust 2024-A,2025-06-30,13,660,670,159,12,10,3700409.9799999986
CarMax Select Receivables Trust 2024-A,2025-06-30,13,670,680,148,8,2,3190880.03
CarMax Select Receivables Trust 2024-A,2025-06-30,13,680,690,102,7,5,2200184.7100000004
CarMax Select Receivables Trust 2024-A,2025-06-30,13,690,700,108,9,1,2223411.26
CarMax Select Receivables Trust 2024-A,2025-06-30,13,700,710,87,3,7,1792893.0699999996
CarMax Select Receivables Trust 2024-A,2025-06-30,13,710,720,70,3,1,1297728.9900000002
CarMax Select Receivables Trust 2024-A,2025-06-30,13,720,730,67,2,4,1466371.9299999995
CarMax Select Receivables Trust 2024-A,2025-06-30,13,730,740,42,1,2,803965.6700000003
CarMax Select Receivables Trust 2024-A,2025-06-30,13,740,750,29,0,0,570487.5499999999
CarMax Select Receivables Trust 2024-A,2025-06-30,13,750,760,27,1,0,507600.4600000001
CarMax Select Receivables Trust 2024-A,2025-06-30,13,760,770,16,0,0,297251.2
CarMax Select Receivables Trust 2024-A,2025-06-30,13,770,780,8,1,0,160935.5
CarMax Select Receivables Trust 2024-A,2025-06-30,13,780,790,2,0,0,41112.130000000005
CarMax Select Receivables Trust 2024-A,2025-06-30,13,790,800,3,0,0,57986.13
CarMax Select Receivables Trust 2024-A,2025-06-30,13,810,820,1,0,0,11072.82
CarMax Select Receivables Trust 2024-A,2025-06-30,13,860,870,1,0,0,20712.13
CarMax Select Receivables Trust 2024-A,2024-07-31,2,360,370,2,0,0,15373.02
CarMax Select Receivables Trust 2024-A,2024-07-31,2,380,390,2,0,0,39183.130000000005
CarMax Select Receivables Trust 2024-A,2024-07-31,2,390,400,2,1,0,48177.22
CarMax Select Receivables Trust 2024-A,2024-07-31,2,400,410,8,2,0,178248.46
CarMax Select Receivables Trust 2024-A,2024-07-31,2,410,420,8,3,0,167710.33000000002
CarMax Select Receivables Trust 2024-A,2024-07-31,2,420,430,19,0,3,366456.48999999993
CarMax Select Receivables Trust 2024-A,2024-07-31,2,430,440,29,0,1,482904.07000000007
CarMax Select Receivables Trust 2024-A,2024-07-31,2,440,450,28,8,2,572952.6000000001
CarMax Select Receivables Trust 2024-A,2024-07-31,2,450,460,32,3,1,493847.55000000005
CarMax Select Receivables Trust 2024-A,2024-07-31,2,460,470,60,10,1,1079284.6099999999
CarMax Select Receivables Trust 2024-A,2024-07-31,2,470,480,80,9,0,1464272.25
CarMax Select Receivables Trust 2024-A,2024-07-31,2,480,490,100,21,5,2138101.0999999996
CarMax Select Receivables Trust 2024-A,2024-07-31,2,490,500,130,21,2,2642602.5500000007
CarMax Select Receivables Trust 2024-A,2024-07-31,2,500,510,138,21,7,2970166.85
CarMax Select Receivables Trust 2024-A,2024-07-31,2,510,520,240,27,4,5264080.290000003
CarMax Select Receivables Trust 2024-A,2024-07-31,2,520,530,283,47,8,7310647.199999999
CarMax Select Receivables Trust 2024-A,2024-07-31,2,530,540,804,105,30,20960874.38999996
CarMax Select Receivables Trust 2024-A,2024-07-31,2,540,550,973,96,22,24598917.740000054
CarMax Select Receivables Trust 2024-A,2024-07-31,2,550,560,1193,125,25,28894454.359999944
CarMax Select Receivables Trust 2024-A,2024-07-31,2,560,570,1328,108,37,31511795.66000001
CarMax Select Receivables Trust 2024-A,2024-07-31,2,570,580,1643,112,25,37835531.810000055
CarMax Select Receivables Trust 2024-A,2024-07-31,2,580,590,1831,147,24,41299869.69000002
CarMax Select Receivables Trust 2024-A,2024-07-31,2,590,600,2255,105,34,48942647.260000095
CarMax Select Receivables Trust 2024-A,2024-07-31,2,600,610,2655,116,28,55710309.56000013
CarMax Select Receivables Trust 2024-A,2024-07-31,2,610,620,2848,102,29,59219339.29999983
CarMax Select Receivables Trust 2024-A,2024-07-31,2,620,630,3280,121,30,67127474.37999995
CarMax Select Receivables Trust 2024-A,2024-07-31,2,630,640,3487,100,28,70099688.82000005
CarMax Select Receivables Trust 2024-A,2024-07-31,2,640,650,3701,94,20,74189423.44000025
CarMax Select Receivables Trust 2024-A,2024-07-31,2,650,660,246,9,2,5643770.36
CarMax Select Receivables Trust 2024-A,2024-07-31,2,660,670,216,9,4,5486354.410000002
CarMax Select Receivables Trust 2024-A,2024-07-31,2,670,680,189,7,5,4612115.850000001
CarMax Select Receivables Trust 2024-A,2024-07-31,2,680,690,138,1,0,3055146.4400000004
CarMax Select Receivables Trust 2024-A,2024-07-31,2,690,700,135,4,1,3122813.34
CarMax Select Receivables Trust 2024-A,2024-07-31,2,700,710,119,3,0,2711750.890000001
CarMax Select Receivables Trust 2024-A,2024-07-31,2,710,720,89,0,0,1923153.2699999993
CarMax Select Receivables Trust 2024-A,2024-07-31,2,720,730,86,0,0,1990815.3099999998
CarMax Select Receivables Trust 2024-A,2024-07-31,2,730,740,58,0,1,1376226.3800000004
CarMax Select Receivables Trust 2024-A,2024-07-31,2,740,750,33,0,0,782635.4000000003
CarMax Select Receivables Trust 2024-A,2024-07-31,2,750,760,32,0,0,686884.2199999997
CarMax Select Receivables Trust 2024-A,2024-07-31,2,760,770,18,1,0,388258.10000000003
CarMax Select Receivables Trust 2024-A,2024-07-31,2,770,780,9,2,1,257542.02000000002
CarMax Select Receivables Trust 2024-A,2024-07-31,2,780,790,2,0,0,49221.28
CarMax Select Receivables Trust 2024-A,2024-07-31,2,790,800,4,0,0,73081.45
CarMax Select Receivables Trust 2024-A,2024-07-31,2,810,820,2,0,0,31715.43
CarMax Select Receivables Trust 2024-A,2024-07-31,2,860,870,1,0,0,25282.4
CarMax Select Receivables Trust 2024-A,2025-07-31,14,360,370,2,0,0,11287.48
CarMax Select Receivables Trust 2024-A,2025-07-31,14,380,390,2,0,0,34310.520000000004
CarMax Select Receivables Trust 2024-A,2025-07-31,14,390,400,3,0,0,40073.729999999996
CarMax Select Receivables Trust 2024-A,2025-07-31,14,400,410,7,1,0,138082.47
CarMax Select Receivables Trust 2024-A,2025-07-31,14,410,420,5,1,2,124974.30999999998
CarMax Select Receivables Trust 2024-A,2025-07-31,14,420,430,8,3,5,236469.27
CarMax Select Receivables Trust 2024-A,2025-07-31,14,430,440,17,5,0,297527.67000000004
CarMax Select Receivables Trust 2024-A,2025-07-31,14,440,450,23,3,3,356402.13
CarMax Select Receivables Trust 2024-A,2025-07-31,14,450,460,15,4,3,301090.06
CarMax Select Receivables Trust 2024-A,2025-07-31,14,460,470,30,13,3,652468.6100000001
CarMax Select Receivables Trust 2024-A,2025-07-31,14,470,480,50,11,5,988981.25
CarMax Select Receivables Trust 2024-A,2025-07-31,14,480,490,70,15,11,1407494.1500000001
CarMax Select Receivables Trust 2024-A,2025-07-31,14,490,500,87,16,13,1796015.34
CarMax Select Receivables Trust 2024-A,2025-07-31,14,500,510,78,25,13,1986244.3599999999
CarMax Select Receivables Trust 2024-A,2025-07-31,14,510,520,143,26,25,3567336.409999999
CarMax Select Receivables Trust 2024-A,2025-07-31,14,520,530,184,49,29,5151587.580000003
CarMax Select Receivables Trust 2024-A,2025-07-31,14,530,540,573,101,74,14883961.870000007
CarMax Select Receivables Trust 2024-A,2025-07-31,14,540,550,677,97,75,17182985.640000004
CarMax Select Receivables Trust 2024-A,2025-07-31,14,550,560,862,107,71,19872801.860000007
CarMax Select Receivables Trust 2024-A,2025-07-31,14,560,570,863,136,97,21942526.169999994
CarMax Select Receivables Trust 2024-A,2025-07-31,14,570,580,1115,138,90,25936248.359999985
CarMax Select Receivables Trust 2024-A,2025-07-31,14,580,590,1265,139,97,28554271.669999972
CarMax Select Receivables Trust 2024-A,2025-07-31,14,590,600,1582,142,100,34485020.86000002
CarMax Select Receivables Trust 2024-A,2025-07-31,14,600,610,1792,166,111,38062054.180000044
CarMax Select Receivables Trust 2024-A,2025-07-31,14,610,620,1967,152,82,41076828.00000003
CarMax Select Receivables Trust 2024-A,2025-07-31,14,620,630,2250,151,99,45284471.050000064
CarMax Select Receivables Trust 2024-A,2025-07-31,14,630,640,2359,150,84,46983812.17999996
CarMax Select Receivables Trust 2024-A,2025-07-31,14,640,650,2542,132,65,49481265.60999999
CarMax Select Receivables Trust 2024-A,2025-07-31,14,650,660,175,11,9,3723937.4700000007
CarMax Select Receivables Trust 2024-A,2025-07-31,14,660,670,155,12,6,3484508.8199999975
CarMax Select Receivables Trust 2024-A,2025-07-31,14,670,680,140,10,2,3030314.1600000006
CarMax Select Receivables Trust 2024-A,2025-07-31,14,680,690,101,5,4,2101449.9300000006
CarMax Select Receivables Trust 2024-A,2025-07-31,14,690,700,100,7,4,2092484.1
CarMax Select Receivables Trust 2024-A,2025-07-31,14,700,710,82,10,1,1683610.6500000001
CarMax Select Receivables Trust 2024-A,2025-07-31,14,710,720,71,1,1,1239419.1500000001
CarMax Select Receivables Trust 2024-A,2025-07-31,14,720,730,66,3,2,1395720.89
CarMax Select Receivables Trust 2024-A,2025-07-31,14,730,740,41,0,4,790649.5800000001
CarMax Select Receivables Trust 2024-A,2025-07-31,14,740,750,29,0,0,559843.35
CarMax Select Receivables Trust 2024-A,2025-07-31,14,750,760,27,0,1,498619.64000000013
CarMax Select Receivables Trust 2024-A,2025-07-31,14,760,770,16,0,0,291594.86000000004
CarMax Select Receivables Trust 2024-A,2025-07-31,14,770,780,8,0,1,158250.37
CarMax Select Receivables Trust 2024-A,2025-07-31,14,780,790,2,0,0,39908.0
CarMax Select Receivables Trust 2024-A,2025-07-31,14,790,800,3,0,0,57039.68
CarMax Select Receivables Trust 2024-A,2025-07-31,14,810,820,1,0,0,10881.95
CarMax Select Receivables Trust 2024-A,2024-08-31,3,360,370,2,0,0,15307.130000000001
CarMax Select Receivables Trust 2024-A,2024-08-31,3,380,390,2,0,0,38999.57
CarMax Select Receivables Trust 2024-A,2024-08-31,3,390,400,3,0,0,47186.02
CarMax Select Receivables Trust 2024-A,2024-08-31,3,400,410,8,2,0,176732.83000000002
CarMax Select Receivables Trust 2024-A,2024-08-31,3,410,420,7,4,0,166996.19
CarMax Select Receivables Trust 2024-A,2024-08-31,3,420,430,14,3,4,351789.95999999996
CarMax Select Receivables Trust 2024-A,2024-08-31,3,430,440,28,1,1,463537.36999999994
CarMax Select Receivables Trust 2024-A,2024-08-31,3,440,450,27,7,4,568236.5
CarMax Select Receivables Trust 2024-A,2024-08-31,3,450,460,31,3,1,485992.2299999999
CarMax Select Receivables Trust 2024-A,2024-08-31,3,460,470,59,6,2,1028989.94
CarMax Select Receivables Trust 2024-A,2024-08-31,3,470,480,77,9,3,1434525.7100000004
CarMax Select Receivables Trust 2024-A,2024-08-31,3,480,490,97,21,6,2076355.53
CarMax Select Receivables Trust 2024-A,2024-08-31,3,490,500,121,24,6,2578340.1499999994
CarMax Select Receivables Trust 2024-A,2024-08-31,3,500,510,134,16,13,2926048.44
CarMax Select Receivables Trust 2024-A,2024-08-31,3,510,520,218,31,17,5125556.58
CarMax Select Receivables Trust 2024-A,2024-08-31,3,520,530,269,47,18,7150205.559999997
CarMax Select Receivables Trust 2024-A,2024-08-31,3,530,540,778,106,48,20561703.109999996
CarMax Select Receivables Trust 2024-A,2024-08-31,3,540,550,937,90,50,24061827.400000002
CarMax Select Receivables Trust 2024-A,2024-08-31,3,550,560,1151,130,50,28328804.300000004
CarMax Select Receivables Trust 2024-A,2024-08-31,3,560,570,1278,114,63,30835002.259999998
CarMax Select Receivables Trust 2024-A,2024-08-31,3,570,580,1595,102,57,37019498.79
CarMax Select Receivables Trust 2024-A,2024-08-31,3,580,590,1793,129,53,40241797.91000004
CarMax Select Receivables Trust 2024-A,2024-08-31,3,590,600,2203,101,55,47838271.64
CarMax Select Receivables Trust 2024-A,2024-08-31,3,600,610,2592,96,62,54110265.83000001
CarMax Select Receivables Trust 2024-A,2024-08-31,3,610,620,2765,106,55,57541579.50999994
CarMax Select Receivables Trust 2024-A,2024-08-31,3,620,630,3215,106,56,65430957.78999998
CarMax Select Receivables Trust 2024-A,2024-08-31,3,630,640,3394,97,45,68141043.41999996
CarMax Select Receivables Trust 2024-A,2024-08-31,3,640,650,3614,84,42,72033330.69999993
CarMax Select Receivables Trust 2024-A,2024-08-31,3,650,660,240,9,4,5444322.020000001
CarMax Select Receivables Trust 2024-A,2024-08-31,3,660,670,209,11,7,5394493.8100000005
CarMax Select Receivables Trust 2024-A,2024-08-31,3,670,680,181,10,6,4475778.4
CarMax Select Receivables Trust 2024-A,2024-08-31,3,680,690,135,3,0,2995659.4000000004
CarMax Select Receivables Trust 2024-A,2024-08-31,3,690,700,135,3,1,3017393.1299999994
CarMax Select Receivables Trust 2024-A,2024-08-31,3,700,710,115,3,0,2611235.69
CarMax Select Receivables Trust 2024-A,2024-08-31,3,710,720,88,1,0,1899702.8200000003
CarMax Select Receivables Trust 2024-A,2024-08-31,3,720,730,83,2,0,1934658.9699999995
CarMax Select Receivables Trust 2024-A,2024-08-31,3,730,740,51,4,0,1230992.49
CarMax Select Receivables Trust 2024-A,2024-08-31,3,740,750,32,1,0,771146.64
CarMax Select Receivables Trust 2024-A,2024-08-31,3,750,760,32,0,0,678258.44
CarMax Select Receivables Trust 2024-A,2024-08-31,3,760,770,18,0,0,378353.16
CarMax Select Receivables Trust 2024-A,2024-08-31,3,770,780,10,1,1,253571.25999999998
CarMax Select Receivables Trust 2024-A,2024-08-31,3,780,790,2,0,0,48476.03999999999
CarMax Select Receivables Trust 2024-A,2024-08-31,3,790,800,4,0,0,72236.68
CarMax Select Receivables Trust 2024-A,2024-08-31,3,810,820,2,0,0,31309.800000000003
CarMax Select Receivables Trust 2024-A,2024-08-31,3,860,870,1,0,0,24900.19
CarMax Select Receivables Trust 2024-A,2025-08-31,15,360,370,1,1,0,11093.04
CarMax Select Receivables Trust 2024-A,2025-08-31,15,380,390,2,0,0,34057.28
CarMax Select Receivables Trust 2024-A,2025-08-31,15,390,400,2,1,0,39744.65
CarMax Select Receivables Trust 2024-A,2025-08-31,15,400,410,5,2,1,137149.82
CarMax Select Receivables Trust 2024-A,2025-08-31,15,410,420,5,0,3,124295.07
CarMax Select Receivables Trust 2024-A,2025-08-31,15,420,430,7,3,6,234337.9
CarMax Select Receivables Trust 2024-A,2025-08-31,15,430,440,15,6,1,292363.18000000005
CarMax Select Receivables Trust 2024-A,2025-08-31,15,440,450,21,5,2,342056.28
CarMax Select Receivables Trust 2024-A,2025-08-31,15,450,460,14,4,3,295094.65
CarMax Select Receivables Trust 2024-A,2025-08-31,15,460,470,32,10,4,644331.9000000001
CarMax Select Receivables Trust 2024-A,2025-08-31,15,470,480,48,11,5,957290.8099999997
CarMax Select Receivables Trust 2024-A,2025-08-31,15,480,490,69,16,9,1381657.2000000002
CarMax Select Receivables Trust 2024-A,2025-08-31,15,490,500,79,17,17,1728379.2400000005
CarMax Select Receivables Trust 2024-A,2025-08-31,15,500,510,80,19,16,1907146.8700000008
CarMax Select Receivables Trust 2024-A,2025-08-31,15,510,520,140,31,14,3398427.9299999983
CarMax Select Receivables Trust 2024-A,2025-08-31,15,520,530,182,37,32,4891268.730000003
CarMax Select Receivables Trust 2024-A,2025-08-31,15,530,540,554,93,77,14273837.640000008
CarMax Select Receivables Trust 2024-A,2025-08-31,15,540,550,651,106,70,16599564.499999994
CarMax Select Receivables Trust 2024-A,2025-08-31,15,550,560,817,130,67,19244220.41000003
CarMax Select Receivables Trust 2024-A,2025-08-31,15,560,570,842,138,86,21278354.470000006
CarMax Select Receivables Trust 2024-A,2025-08-31,15,570,580,1085,126,95,25173130.52999994
CarMax Select Receivables Trust 2024-A,2025-08-31,15,580,590,1244,123,87,27421502.349999998
CarMax Select Receivables Trust 2024-A,2025-08-31,15,590,600,1511,145,92,32972873.990000032
CarMax Select Receivables Trust 2024-A,2025-08-31,15,600,610,1731,153,127,36747667.99999998
CarMax Select Receivables Trust 2024-A,2025-08-31,15,610,620,1896,150,90,39890883.42000008
CarMax Select Receivables Trust 2024-A,2025-08-31,15,620,630,2171,144,102,43649508.98000002
CarMax Select Receivables Trust 2024-A,2025-08-31,15,630,640,2285,149,78,45247457.17000001
CarMax Select Receivables Trust 2024-A,2025-08-31,15,640,650,2451,121,78,47500069.88999997
CarMax Select Receivables Trust 2024-A,2025-08-31,15,650,660,165,15,9,3516788.689999998
CarMax Select Receivables Trust 2024-A,2025-08-31,15,660,670,150,14,6,3372314.4699999997
CarMax Select Receivables Trust 2024-A,2025-08-31,15,670,680,137,6,6,2911668.5900000003
CarMax Select Receivables Trust 2024-A,2025-08-31,15,680,690,93,8,5,2022438.3200000003
CarMax Select Receivables Trust 2024-A,2025-08-31,15,690,700,103,1,5,2040282.3400000003
CarMax Select Receivables Trust 2024-A,2025-08-31,15,700,710,81,6,5,1648196.2100000004
CarMax Select Receivables Trust 2024-A,2025-08-31,15,710,720,71,1,1,1218436.3900000001
CarMax Select Receivables Trust 2024-A,2025-08-31,15,720,730,63,5,1,1312914.1800000004
CarMax Select Receivables Trust 2024-A,2025-08-31,15,730,740,38,2,2,716989.3400000001
CarMax Select Receivables Trust 2024-A,2025-08-31,15,740,750,25,1,0,521265.48999999993
CarMax Select Receivables Trust 2024-A,2025-08-31,15,750,760,27,1,0,485380.28
CarMax Select Receivables Trust 2024-A,2025-08-31,15,760,770,16,0,0,286775.71
CarMax Select Receivables Trust 2024-A,2025-08-31,15,770,780,7,1,1,155886.26
CarMax Select Receivables Trust 2024-A,2025-08-31,15,780,790,2,0,0,39104.31
CarMax Select Receivables Trust 2024-A,2025-08-31,15,790,800,3,0,0,55998.95
CarMax Select Receivables Trust 2024-A,2025-08-31,15,810,820,1,0,0,10701.64
CarMax Select Receivables Trust 2024-A,2024-09-30,4,360,370,2,0,0,15219.02
CarMax Select Receivables Trust 2024-A,2024-09-30,4,380,390,2,0,0,38608.82000000001
CarMax Select Receivables Trust 2024-A,2024-09-30,4,390,400,3,0,0,46366.43
CarMax Select Receivables Trust 2024-A,2024-09-30,4,400,410,8,2,0,175539.78999999998
CarMax Select Receivables Trust 2024-A,2024-09-30,4,410,420,9,2,0,165481.08000000002
CarMax Select Receivables Trust 2024-A,2024-09-30,4,420,430,15,4,2,349749.52
CarMax Select Receivables Trust 2024-A,2024-09-30,4,430,440,27,3,0,456917.06
CarMax Select Receivables Trust 2024-A,2024-09-30,4,440,450,30,2,4,547624.05
CarMax Select Receivables Trust 2024-A,2024-09-30,4,450,460,30,4,1,479831.24000000005
CarMax Select Receivables Trust 2024-A,2024-09-30,4,460,470,55,10,1,1019261.64
CarMax Select Receivables Trust 2024-A,2024-09-30,4,470,480,73,13,3,1417819.15
CarMax Select Receivables Trust 2024-A,2024-09-30,4,480,490,99,16,8,2052890.6
CarMax Select Receivables Trust 2024-A,2024-09-30,4,490,500,123,18,7,2511174.8100000005
CarMax Select Receivables Trust 2024-A,2024-09-30,4,500,510,138,13,8,2825141.7999999993
CarMax Select Receivables Trust 2024-A,2024-09-30,4,510,520,220,24,18,5026158.3900000015
CarMax Select Receivables Trust 2024-A,2024-09-30,4,520,530,262,49,16,6978153.379999997
CarMax Select Receivables Trust 2024-A,2024-09-30,4,530,540,772,89,55,20126041.169999987
CarMax Select Receivables Trust 2024-A,2024-09-30,4,540,550,894,109,53,23474057.68000002
CarMax Select Receivables Trust 2024-A,2024-09-30,4,550,560,1122,123,73,27786750.14999997
CarMax Select Receivables Trust 2024-A,2024-09-30,4,560,570,1229,123,74,30014938.59999997
CarMax Select Receivables Trust 2024-A,2024-09-30,4,570,580,1517,137,61,36076111.13999998
CarMax Select Receivables Trust 2024-A,2024-09-30,4,580,590,1742,139,59,39078594.250000045
CarMax Select Receivables Trust 2024-A,2024-09-30,4,590,600,2143,124,52,46646914.36000003
CarMax Select Receivables Trust 2024-A,2024-09-30,4,600,610,2502,108,64,52496619.01999995
CarMax Select Receivables Trust 2024-A,2024-09-30,4,610,620,2697,116,55,56099330.469999954
CarMax Select Receivables Trust 2024-A,2024-09-30,4,620,630,3123,125,64,63510205.42999989
CarMax Select Receivables Trust 2024-A,2024-09-30,4,630,640,3282,119,49,66367823.270000085
CarMax Select Receivables Trust 2024-A,2024-09-30,4,640,650,3502,103,49,69904772.54000004
CarMax Select Receivables Trust 2024-A,2024-09-30,4,650,660,229,11,7,5230295.729999998
CarMax Select Receivables Trust 2024-A,2024-09-30,4,660,670,201,13,8,5250815.180000001
CarMax Select Receivables Trust 2024-A,2024-09-30,4,670,680,178,9,5,4289549.890000003
CarMax Select Receivables Trust 2024-A,2024-09-30,4,680,690,131,6,1,2957876.9600000004
CarMax Select Receivables Trust 2024-A,2024-09-30,4,690,700,133,3,0,2898016.9299999992
CarMax Select Receivables Trust 2024-A,2024-09-30,4,700,710,110,7,0,2558650.76
CarMax Select Receivables Trust 2024-A,2024-09-30,4,710,720,88,0,1,1875783.88
CarMax Select Receivables Trust 2024-A,2024-09-30,4,720,730,80,2,1,1874795.2400000002
CarMax Select Receivables Trust 2024-A,2024-09-30,4,730,740,52,1,2,1214963.8299999998
CarMax Select Receivables Trust 2024-A,2024-09-30,4,740,750,33,0,0,759061.8400000002
CarMax Select Receivables Trust 2024-A,2024-09-30,4,750,760,32,0,0,668563.86
CarMax Select Receivables Trust 2024-A,2024-09-30,4,760,770,18,0,0,373750.8399999999
CarMax Select Receivables Trust 2024-A,2024-09-30,4,770,780,11,0,1,250301.37
CarMax Select Receivables Trust 2024-A,2024-09-30,4,780,790,2,0,0,47734.21
CarMax Select Receivables Trust 2024-A,2024-09-30,4,790,800,3,1,0,71569.22
CarMax Select Receivables Trust 2024-A,2024-09-30,4,810,820,2,0,0,31309.800000000003
CarMax Select Receivables Trust 2024-A,2024-09-30,4,860,870,1,0,0,24501.25
CarMax Select Receivables Trust 2024-A,2025-09-30,16,360,370,1,1,0,10792.439999999999
CarMax Select Receivables Trust 2024-A,2025-09-30,16,380,390,2,0,0,33785.619999999995
CarMax Select Receivables Trust 2024-A,2025-09-30,16,390,400,3,0,0,39021.630000000005
CarMax Select Receivables Trust 2024-A,2025-09-30,16,400,410,4,2,2,136316.44999999998
CarMax Select Receivables Trust 2024-A,2025-09-30,16,410,420,4,1,3,123324.06
CarMax Select Receivables Trust 2024-A,2025-09-30,16,420,430,6,5,2,183151.45
CarMax Select Receivables Trust 2024-A,2025-09-30,16,430,440,17,3,2,286961.20000000007
CarMax Select Receivables Trust 2024-A,2025-09-30,16,440,450,22,4,1,325559.70000000007
CarMax Select Receivables Trust 2024-A,2025-09-30,16,450,460,13,5,2,277339.86
CarMax Select Receivables Trust 2024-A,2025-09-30,16,460,470,29,9,7,631358.3700000001
CarMax Select Receivables Trust 2024-A,2025-09-30,16,470,480,42,11,8,903028.7999999999
CarMax Select Receivables Trust 2024-A,2025-09-30,16,480,490,63,17,11,1324370.2100000002
CarMax Select Receivables Trust 2024-A,2025-09-30,16,490,500,72,19,19,1648282.6900000006
CarMax Select Receivables Trust 2024-A,2025-09-30,16,500,510,76,17,17,1830729.44
CarMax Select Receivables Trust 2024-A,2025-09-30,16,510,520,123,38,15,3158637.9899999993
CarMax Select Receivables Trust 2024-A,2025-09-30,16,520,530,188,37,24,4780733.48
CarMax Select Receivables Trust 2024-A,2025-09-30,16,530,540,533,94,73,13621182.219999988
CarMax Select Receivables Trust 2024-A,2025-09-30,16,540,550,614,111,78,15964599.029999984
CarMax Select Receivables Trust 2024-A,2025-09-30,16,550,560,794,113,73,18308849.84000001
CarMax Select Receivables Trust 2024-A,2025-09-30,16,560,570,804,142,83,20519522.60999997
CarMax Select Receivables Trust 2024-A,2025-09-30,16,570,580,1030,144,94,24279702.689999994
CarMax Select Receivables Trust 2024-A,2025-09-30,16,580,590,1186,142,69,26189452.29
CarMax Select Receivables Trust 2024-A,2025-09-30,16,590,600,1477,139,93,31909642.199999988
CarMax Select Receivables Trust 2024-A,2025-09-30,16,600,610,1677,166,99,35109311.18000001
CarMax Select Receivables Trust 2024-A,2025-09-30,16,610,620,1796,178,104,38768601.030000076
CarMax Select Receivables Trust 2024-A,2025-09-30,16,620,630,2087,137,100,41890845.790000014
CarMax Select Receivables Trust 2024-A,2025-09-30,16,630,640,2209,138,96,43772063.480000034
CarMax Select Receivables Trust 2024-A,2025-09-30,16,640,650,2384,118,83,46025186.399999976
CarMax Select Receivables Trust 2024-A,2025-09-30,16,650,660,163,11,12,3408192.700000001
CarMax Select Receivables Trust 2024-A,2025-09-30,16,660,670,148,11,10,3306739.4899999993
CarMax Select Receivables Trust 2024-A,2025-09-30,16,670,680,133,8,6,2841729.16
CarMax Select Receivables Trust 2024-A,2025-09-30,16,680,690,89,7,5,1897567.7299999997
CarMax Select Receivables Trust 2024-A,2025-09-30,16,690,700,93,8,2,1851626.5899999994
CarMax Select Receivables Trust 2024-A,2025-09-30,16,700,710,79,5,5,1584060.4499999997
CarMax Select Receivables Trust 2024-A,2025-09-30,16,710,720,69,2,1,1183792.7800000003
CarMax Select Receivables Trust 2024-A,2025-09-30,16,720,730,63,3,2,1275003.0499999998
CarMax Select Receivables Trust 2024-A,2025-09-30,16,730,740,37,1,3,654447.96
CarMax Select Receivables Trust 2024-A,2025-09-30,16,740,750,23,0,1,467959.55000000005
CarMax Select Receivables Trust 2024-A,2025-09-30,16,750,760,26,0,1,454074.69
CarMax Select Receivables Trust 2024-A,2025-09-30,16,760,770,16,0,0,282342.86000000004
CarMax Select Receivables Trust 2024-A,2025-09-30,16,770,780,7,0,2,153946.41999999998
CarMax Select Receivables Trust 2024-A,2025-09-30,16,780,790,2,0,0,38295.18
CarMax Select Receivables Trust 2024-A,2025-09-30,16,790,800,3,0,0,54943.240000000005
CarMax Select Receivables Trust 2024-A,2025-09-30,16,810,820,1,0,0,10510.65
CarMax Select Receivables Trust 2024-A,2024-10-31,5,360,370,2,0,0,14996.96
CarMax Select Receivables Trust 2024-A,2024-10-31,5,380,390,2,0,0,38059.09
CarMax Select Receivables Trust 2024-A,2024-10-31,5,390,400,3,0,0,45858.12
CarMax Select Receivables Trust 2024-A,2024-10-31,5,400,410,8,2,0,173923.78
CarMax Select Receivables Trust 2024-A,2024-10-31,5,410,420,9,2,0,163662.44
CarMax Select Receivables Trust 2024-A,2024-10-31,5,420,430,12,7,1,329863.64
CarMax Select Receivables Trust 2024-A,2024-10-31,5,430,440,27,1,2,450894.99
CarMax Select Receivables Trust 2024-A,2024-10-31,5,440,450,28,5,3,540035.8799999998
CarMax Select Receivables Trust 2024-A,2024-10-31,5,450,460,28,4,3,473849.26000000007
CarMax Select Receivables Trust 2024-A,2024-10-31,5,460,470,55,6,4,990013.8500000001
CarMax Select Receivables Trust 2024-A,2024-10-31,5,470,480,72,10,5,1341435.1199999999
CarMax Select Receivables Trust 2024-A,2024-10-31,5,480,490,95,18,9,2016268.3199999991
CarMax Select Receivables Trust 2024-A,2024-10-31,5,490,500,123,15,7,2422155.1000000024
CarMax Select Receivables Trust 2024-A,2024-10-31,5,500,510,129,21,5,2683152.909999999
CarMax Select Receivables Trust 2024-A,2024-10-31,5,510,520,213,30,16,4911236.699999997
CarMax Select Receivables Trust 2024-A,2024-10-31,5,520,530,254,48,18,6828253.879999994
CarMax Select Receivables Trust 2024-A,2024-10-31,5,530,540,749,95,57,19569368.83999998
CarMax Select Receivables Trust 2024-A,2024-10-31,5,540,550,870,115,49,22747790.16999996
CarMax Select Receivables Trust 2024-A,2024-10-31,5,550,560,1104,116,72,26927589.620000012
CarMax Select Receivables Trust 2024-A,2024-10-31,5,560,570,1189,127,79,29013713.51
CarMax Select Receivables Trust 2024-A,2024-10-31,5,570,580,1485,126,69,34945011.03000005
CarMax Select Receivables Trust 2024-A,2024-10-31,5,580,590,1697,144,64,37991051.36999999
CarMax Select Receivables Trust 2024-A,2024-10-31,5,590,600,2059,141,63,45448306.87000004
CarMax Select Receivables Trust 2024-A,2024-10-31,5,600,610,2430,107,69,50841213.35000005
CarMax Select Receivables Trust 2024-A,2024-10-31,5,610,620,2624,123,56,54586133.06999991
CarMax Select Receivables Trust 2024-A,2024-10-31,5,620,630,3024,128,74,61476541.65000001
CarMax Select Receivables Trust 2024-A,2024-10-31,5,630,640,3191,131,51,64006874.05999985
CarMax Select Receivables Trust 2024-A,2024-10-31,5,640,650,3410,112,53,68057131.05000018
CarMax Select Receivables Trust 2024-A,2024-10-31,5,650,660,214,17,8,5046367.060000003
CarMax Select Receivables Trust 2024-A,2024-10-31,5,660,670,195,9,10,4967431.180000002
CarMax Select Receivables Trust 2024-A,2024-10-31,5,670,680,174,8,7,4200213.039999999
CarMax Select Receivables Trust 2024-A,2024-10-31,5,680,690,127,8,1,2919809.8200000017
CarMax Select Receivables Trust 2024-A,2024-10-31,5,690,700,123,8,1,2821599.8100000005
CarMax Select Receivables Trust 2024-A,2024-10-31,5,700,710,107,5,4,2509407.159999999
CarMax Select Receivables Trust 2024-A,2024-10-31,5,710,720,86,0,0,1797281.9999999993
CarMax Select Receivables Trust 2024-A,2024-10-31,5,720,730,82,0,1,1849460.0400000005
CarMax Select Receivables Trust 2024-A,2024-10-31,5,730,740,51,2,2,1199048.14
CarMax Select Receivables Trust 2024-A,2024-10-31,5,740,750,33,0,0,748995.0599999998
CarMax Select Receivables Trust 2024-A,2024-10-31,5,750,760,29,3,0,660985.4499999998
CarMax Select Receivables Trust 2024-A,2024-10-31,5,760,770,18,0,0,369069.5
CarMax Select Receivables Trust 2024-A,2024-10-31,5,770,780,10,1,0,246058.96000000002
CarMax Select Receivables Trust 2024-A,2024-10-31,5,780,790,2,0,0,46968.57
CarMax Select Receivables Trust 2024-A,2024-10-31,5,790,800,2,1,1,70732.65999999999
CarMax Select Receivables Trust 2024-A,2024-10-31,5,810,820,1,0,0,12568.67
CarMax Select Receivables Trust 2024-A,2024-10-31,5,860,870,1,0,0,24133.87
CarMax Select Receivables Trust 2024-A,2025-10-31,17,360,370,1,1,0,10079.349999999999
CarMax Select Receivables Trust 2024-A,2025-10-31,17,380,390,2,0,0,33155.29
CarMax Select Receivables Trust 2024-A,2025-10-31,17,390,400,3,0,0,37832.52
CarMax Select Receivables Trust 2024-A,2025-10-31,17,400,410,3,1,3,122180.70000000001
CarMax Select Receivables Trust 2024-A,2025-10-31,17,410,420,4,1,2,97645.12000000001
CarMax Select Receivables Trust 2024-A,2025-10-31,17,420,430,9,2,2,181152.71999999997
CarMax Select Receivables Trust 2024-A,2025-10-31,17,430,440,17,3,1,280644.71
CarMax Select Receivables Trust 2024-A,2025-10-31,17,440,450,23,3,2,337606.1600000001
CarMax Select Receivables Trust 2024-A,2025-10-31,17,450,460,14,3,3,272124.56
CarMax Select Receivables Trust 2024-A,2025-10-31,17,460,470,29,7,8,609843.63
CarMax Select Receivables Trust 2024-A,2025-10-31,17,470,480,41,11,6,862162.49
CarMax Select Receivables Trust 2024-A,2025-10-31,17,480,490,63,11,12,1266254.2600000002
CarMax Select Receivables Trust 2024-A,2025-10-31,17,490,500,70,20,15,1531339.5100000005
CarMax Select Receivables Trust 2024-A,2025-10-31,17,500,510,72,25,9,1702452.9499999997
CarMax Select Receivables Trust 2024-A,2025-10-31,17,510,520,115,30,24,3035997.9200000013
CarMax Select Receivables Trust 2024-A,2025-10-31,17,520,530,170,44,30,4663414.790000002
CarMax Select Receivables Trust 2024-A,2025-10-31,17,530,540,489,112,78,13095333.999999976
CarMax Select Receivables Trust 2024-A,2025-10-31,17,540,550,601,111,71,15429417.18000002
CarMax Select Receivables Trust 2024-A,2025-10-31,17,550,560,773,120,61,17767791.450000003
CarMax Select Receivables Trust 2024-A,2025-10-31,17,560,570,781,124,100,19784558.170000017
CarMax Select Receivables Trust 2024-A,2025-10-31,17,570,580,994,149,86,23346459.669999976
CarMax Select Receivables Trust 2024-A,2025-10-31,17,580,590,1137,132,83,25092830.539999988
CarMax Select Receivables Trust 2024-A,2025-10-31,17,590,600,1415,142,96,30604406.949999973
CarMax Select Receivables Trust 2024-A,2025-10-31,17,600,610,1628,151,88,33616797.74000003
CarMax Select Receivables Trust 2024-A,2025-10-31,17,610,620,1721,182,119,37433534.13000002
CarMax Select Receivables Trust 2024-A,2025-10-31,17,620,630,2004,149,93,40163341.03999999
CarMax Select Receivables Trust 2024-A,2025-10-31,17,630,640,2121,149,100,42221327.889999986
CarMax Select Receivables Trust 2024-A,2025-10-31,17,640,650,2302,116,84,44217033.500000045
CarMax Select Receivables Trust 2024-A,2025-10-31,17,650,660,162,8,9,3190084.340000001
CarMax Select Receivables Trust 2024-A,2025-10-31,17,660,670,147,6,10,3164433.1000000006
CarMax Select Receivables Trust 2024-A,2025-10-31,17,670,680,131,7,6,2724207.1499999994
CarMax Select Receivables Trust 2024-A,2025-10-31,17,680,690,86,9,3,1780175.3599999992
CarMax Select Receivables Trust 2024-A,2025-10-31,17,690,700,94,5,2,1792394.4200000004
CarMax Select Receivables Trust 2024-A,2025-10-31,17,700,710,76,7,3,1509234.590000001
CarMax Select Receivables Trust 2024-A,2025-10-31,17,710,720,66,2,1,1066029.4100000006
CarMax Select Receivables Trust 2024-A,2025-10-31,17,720,730,63,3,0,1204643.8699999999
CarMax Select Receivables Trust 2024-A,2025-10-31,17,730,740,35,0,3,625495.74
CarMax Select Receivables Trust 2024-A,2025-10-31,17,740,750,21,0,1,403355.49
CarMax Select Receivables Trust 2024-A,2025-10-31,17,750,760,26,1,0,445377.60000000003
CarMax Select Receivables Trust 2024-A,2025-10-31,17,760,770,14,1,0,256922.93
CarMax Select Receivables Trust 2024-A,2025-10-31,17,770,780,8,0,1,151224.28
CarMax Select Receivables Trust 2024-A,2025-10-31,17,780,790,1,0,0,15138.1
CarMax Select Receivables Trust 2024-A,2025-10-31,17,790,800,2,1,0,54213.01
CarMax Select Receivables Trust 2024-A,2025-10-31,17,810,820,1,0,0,10262.04
CarMax Select Receivables Trust 2024-A,2024-11-30,6,360,370,2,0,0,14841.94
CarMax Select Receivables Trust 2024-A,2024-11-30,6,380,390,2,0,0,37646.34
CarMax Select Receivables Trust 2024-A,2024-11-30,6,390,400,2,1,0,45200.700000000004
CarMax Select Receivables Trust 2024-A,2024-11-30,6,400,410,8,2,0,172438.72999999998
CarMax Select Receivables Trust 2024-A,2024-11-30,6,410,420,7,3,0,158175.74
CarMax Select Receivables Trust 2024-A,2024-11-30,6,420,430,11,6,3,327796.58999999997
CarMax Select Receivables Trust 2024-A,2024-11-30,6,430,440,27,2,0,441405.89999999997
CarMax Select Receivables Trust 2024-A,2024-11-30,6,440,450,23,8,4,506678.30999999994
CarMax Select Receivables Trust 2024-A,2024-11-30,6,450,460,30,2,2,462006.52999999997
CarMax Select Receivables Trust 2024-A,2024-11-30,6,460,470,49,11,4,980739.48
CarMax Select Receivables Trust 2024-A,2024-11-30,6,470,480,72,8,6,1300329.4899999998
CarMax Select Receivables Trust 2024-A,2024-11-30,6,480,490,100,11,11,1995922.38
CarMax Select Receivables Trust 2024-A,2024-11-30,6,490,500,120,14,7,2331439.5199999996
CarMax Select Receivables Trust 2024-A,2024-11-30,6,500,510,119,23,10,2617870.64
CarMax Select Receivables Trust 2024-A,2024-11-30,6,510,520,203,31,13,4663332.340000003
CarMax Select Receivables Trust 2024-A,2024-11-30,6,520,530,242,52,19,6636440.860000002
CarMax Select Receivables Trust 2024-A,2024-11-30,6,530,540,737,78,66,18968083.59999999
CarMax Select Receivables Trust 2024-A,2024-11-30,6,540,550,841,102,69,22135922.189999998
CarMax Select Receivables Trust 2024-A,2024-11-30,6,550,560,1070,117,78,26137958.440000016
CarMax Select Receivables Trust 2024-A,2024-11-30,6,560,570,1167,118,68,28117684.050000004
CarMax Select Receivables Trust 2024-A,2024-11-30,6,570,580,1453,125,72,33941864.450000025
CarMax Select Receivables Trust 2024-A,2024-11-30,6,580,590,1660,133,73,36966480.65
CarMax Select Receivables Trust 2024-A,2024-11-30,6,590,600,1988,143,81,44177469.990000054
CarMax Select Receivables Trust 2024-A,2024-11-30,6,600,610,2374,114,64,49294133.11999998
CarMax Select Receivables Trust 2024-A,2024-11-30,6,610,620,2552,122,68,53170928.76000003
CarMax Select Receivables Trust 2024-A,2024-11-30,6,620,630,2949,124,74,59394647.480000034
CarMax Select Receivables Trust 2024-A,2024-11-30,6,630,640,3108,123,63,62024955.63999999
CarMax Select Receivables Trust 2024-A,2024-11-30,6,640,650,3306,113,55,65588120.12000012
CarMax Select Receivables Trust 2024-A,2024-11-30,6,650,660,212,10,10,4900354.210000001
CarMax Select Receivables Trust 2024-A,2024-11-30,6,660,670,197,10,5,4858406.929999997
CarMax Select Receivables Trust 2024-A,2024-11-30,6,670,680,168,11,3,4005272.859999998
CarMax Select Receivables Trust 2024-A,2024-11-30,6,680,690,127,3,4,2831635.400000001
CarMax Select Receivables Trust 2024-A,2024-11-30,6,690,700,123,4,3,2720720.13
CarMax Select Receivables Trust 2024-A,2024-11-30,6,700,710,98,6,6,2348971.81
CarMax Select Receivables Trust 2024-A,2024-11-30,6,710,720,82,1,0,1673936.7299999997
CarMax Select Receivables Trust 2024-A,2024-11-30,6,720,730,79,1,1,1765329.9100000001
CarMax Select Receivables Trust 2024-A,2024-11-30,6,730,740,48,2,2,1134789.0599999998
CarMax Select Receivables Trust 2024-A,2024-11-30,6,740,750,32,1,0,737209.37
CarMax Select Receivables Trust 2024-A,2024-11-30,6,750,760,31,0,1,651464.7500000001
CarMax Select Receivables Trust 2024-A,2024-11-30,6,760,770,18,0,0,364611.35000000003
CarMax Select Receivables Trust 2024-A,2024-11-30,6,770,780,9,1,1,244095.28999999998
CarMax Select Receivables Trust 2024-A,2024-11-30,6,780,790,2,0,0,46212.36
CarMax Select Receivables Trust 2024-A,2024-11-30,6,790,800,4,0,0,68022.51999999999
CarMax Select Receivables Trust 2024-A,2024-11-30,6,810,820,1,0,0,12365.75
CarMax Select Receivables Trust 2024-A,2024-11-30,6,860,870,1,0,0,23756.77
CarMax Select Receivables Trust 2024-A,2025-11-30,18,360,370,1,1,0,8771.56
CarMax Select Receivables Trust 2024-A,2025-11-30,18,380,390,2,0,0,32910.79
CarMax Select Receivables Trust 2024-A,2025-11-30,18,390,400,3,0,0,37479.23
CarMax Select Receivables Trust 2024-A,2025-11-30,18,400,410,4,1,1,103349.76999999999
CarMax Select Receivables Trust 2024-A,2025-11-30,18,410,420,3,2,2,97100.59
CarMax Select Receivables Trust 2024-A,2025-11-30,18,420,430,8,3,2,178964.84999999998
CarMax Select Receivables Trust 2024-A,2025-11-30,18,430,440,11,7,1,258925.34999999998
CarMax Select Receivables Trust 2024-A,2025-11-30,18,440,450,24,2,2,333058.17999999993
CarMax Select Receivables Trust 2024-A,2025-11-30,18,450,460,13,3,3,265496.9
CarMax Select Receivables Trust 2024-A,2025-11-30,18,460,470,29,8,5,563394.14
CarMax Select Receivables Trust 2024-A,2025-11-30,18,470,480,40,10,6,833070.15
CarMax Select Receivables Trust 2024-A,2025-11-30,18,480,490,60,13,11,1208604.44
CarMax Select Receivables Trust 2024-A,2025-11-30,18,490,500,70,20,13,1507306.18
CarMax Select Receivables Trust 2024-A,2025-11-30,18,500,510,70,20,16,1673795.44
CarMax Select Receivables Trust 2024-A,2025-11-30,18,510,520,112,23,26,2894511.9499999993
CarMax Select Receivables Trust 2024-A,2025-11-30,18,520,530,170,37,32,4539697.83
CarMax Select Receivables Trust 2024-A,2025-11-30,18,530,540,480,100,87,12704502.790000007
CarMax Select Receivables Trust 2024-A,2025-11-30,18,540,550,582,100,80,14789030.50999999
CarMax Select Receivables Trust 2024-A,2025-11-30,18,550,560,725,124,74,17198260.34999999
CarMax Select Receivables Trust 2024-A,2025-11-30,18,560,570,751,127,97,19109067.730000004
CarMax Select Receivables Trust 2024-A,2025-11-30,18,570,580,967,132,96,22596205.430000003
CarMax Select Receivables Trust 2024-A,2025-11-30,18,580,590,1103,127,89,24254148.489999987
CarMax Select Receivables Trust 2024-A,2025-11-30,18,590,600,1355,149,95,29372887.680000015
CarMax Select Receivables Trust 2024-A,2025-11-30,18,600,610,1552,169,92,32559497.57000002
CarMax Select Receivables Trust 2024-A,2025-11-30,18,610,620,1687,145,126,36321233.48000002
CarMax Select Receivables Trust 2024-A,2025-11-30,18,620,630,1932,142,103,38904939.250000045
CarMax Select Receivables Trust 2024-A,2025-11-30,18,630,640,2021,154,107,40637575.329999976
CarMax Select Receivables Trust 2024-A,2025-11-30,18,640,650,2229,129,78,42841401.299999945
CarMax Select Receivables Trust 2024-A,2025-11-30,18,650,660,158,9,8,3025746.3299999996
CarMax Select Receivables Trust 2024-A,2025-11-30,18,660,670,142,8,9,3066757.2799999993
CarMax Select Receivables Trust 2024-A,2025-11-30,18,670,680,122,10,6,2566813.209999999
CarMax Select Receivables Trust 2024-A,2025-11-30,18,680,690,82,6,6,1729472.1099999994
CarMax Select Receivables Trust 2024-A,2025-11-30,18,690,700,93,4,2,1749756.92
CarMax Select Receivables Trust 2024-A,2025-11-30,18,700,710,73,9,4,1485537.3200000003
CarMax Select Receivables Trust 2024-A,2025-11-30,18,710,720,64,3,1,1033572.4400000002
CarMax Select Receivables Trust 2024-A,2025-11-30,18,720,730,61,3,1,1169906.0100000002
CarMax Select Receivables Trust 2024-A,2025-11-30,18,730,740,35,1,1,594771.0
CarMax Select Receivables Trust 2024-A,2025-11-30,18,740,750,21,0,0,376611.19999999995
CarMax Select Receivables Trust 2024-A,2025-11-30,18,750,760,26,0,1,436416.69000000006
CarMax Select Receivables Trust 2024-A,2025-11-30,18,760,770,14,1,0,252015.83000000002
CarMax Select Receivables Trust 2024-A,2025-11-30,18,770,780,8,0,1,148934.63
CarMax Select Receivables Trust 2024-A,2025-11-30,18,780,790,1,0,0,14738.38
CarMax Select Receivables Trust 2024-A,2025-11-30,18,790,800,2,0,1,53446.54000000001
CarMax Select Receivables Trust 2024-A,2025-11-30,18,810,820,1,0,0,10113.83
CarMax Select Receivables Trust 2024-A,2024-12-31,7,360,370,2,0,0,14178.21
CarMax Select Receivables Trust 2024-A,2024-12-31,7,380,390,2,0,0,37204.28
CarMax Select Receivables Trust 2024-A,2024-12-31,7,390,400,2,0,1,44976.490000000005
CarMax Select Receivables Trust 2024-A,2024-12-31,7,400,410,7,2,1,170473.79
CarMax Select Receivables Trust 2024-A,2024-12-31,7,410,420,7,2,1,156227.28
CarMax Select Receivables Trust 2024-A,2024-12-31,7,420,430,10,4,5,317487.63
CarMax Select Receivables Trust 2024-A,2024-12-31,7,430,440,24,4,1,436953.70999999996
CarMax Select Receivables Trust 2024-A,2024-12-31,7,440,450,20,8,6,499625.8899999999
CarMax Select Receivables Trust 2024-A,2024-12-31,7,450,460,27,5,0,428922.55000000005
CarMax Select Receivables Trust 2024-A,2024-12-31,7,460,470,48,11,2,918532.45
CarMax Select Receivables Trust 2024-A,2024-12-31,7,470,480,68,11,4,1254565.8
CarMax Select Receivables Trust 2024-A,2024-12-31,7,480,490,87,19,13,1942842.2200000002
CarMax Select Receivables Trust 2024-A,2024-12-31,7,490,500,108,22,7,2246853.0999999996
CarMax Select Receivables Trust 2024-A,2024-12-31,7,500,510,108,30,15,2612314.6999999997
CarMax Select Receivables Trust 2024-A,2024-12-31,7,510,520,193,35,14,4543423.51
CarMax Select Receivables Trust 2024-A,2024-12-31,7,520,530,235,50,22,6437493.259999999
CarMax Select Receivables Trust 2024-A,2024-12-31,7,530,540,700,114,51,18495266.569999997
CarMax Select Receivables Trust 2024-A,2024-12-31,7,540,550,830,114,48,21365820.600000005
CarMax Select Receivables Trust 2024-A,2024-12-31,7,550,560,1052,116,76,25433890.499999996
CarMax Select Receivables Trust 2024-A,2024-12-31,7,560,570,1106,154,67,27526538.460000005
CarMax Select Receivables Trust 2024-A,2024-12-31,7,570,580,1411,132,74,32932992.689999975
CarMax Select Receivables Trust 2024-A,2024-12-31,7,580,590,1591,152,78,36007854.11999998
CarMax Select Receivables Trust 2024-A,2024-12-31,7,590,600,1921,164,84,43122505.24000002
CarMax Select Receivables Trust 2024-A,2024-12-31,7,600,610,2291,139,68,47942612.329999946
CarMax Select Receivables Trust 2024-A,2024-12-31,7,610,620,2461,139,74,51613125.529999964
CarMax Select Receivables Trust 2024-A,2024-12-31,7,620,630,2843,148,72,57521404.19999995
CarMax Select Receivables Trust 2024-A,2024-12-31,7,630,640,3002,130,70,59961314.9
CarMax Select Receivables Trust 2024-A,2024-12-31,7,640,650,3201,113,66,63384609.720000006
CarMax Select Receivables Trust 2024-A,2024-12-31,7,650,660,205,14,6,4712141.77
CarMax Select Receivables Trust 2024-A,2024-12-31,7,660,670,192,14,4,4735287.540000001
CarMax Select Receivables Trust 2024-A,2024-12-31,7,670,680,167,8,4,3870726.05
CarMax Select Receivables Trust 2024-A,2024-12-31,7,680,690,125,4,5,2794325.980000001
CarMax Select Receivables Trust 2024-A,2024-12-31,7,690,700,123,4,3,2667904.2100000004
CarMax Select Receivables Trust 2024-A,2024-12-31,7,700,710,95,7,3,2170336.7700000005
CarMax Select Receivables Trust 2024-A,2024-12-31,7,710,720,80,0,1,1591442.6299999997
CarMax Select Receivables Trust 2024-A,2024-12-31,7,720,730,77,3,0,1735417.9199999997
CarMax Select Receivables Trust 2024-A,2024-12-31,7,730,740,48,1,1,1074129.3299999998
CarMax Select Receivables Trust 2024-A,2024-12-31,7,740,750,31,1,0,694728.53
CarMax Select Receivables Trust 2024-A,2024-12-31,7,750,760,30,1,1,612601.35
CarMax Select Receivables Trust 2024-A,2024-12-31,7,760,770,17,0,0,344905.18000000005
CarMax Select Receivables Trust 2024-A,2024-12-31,7,770,780,9,0,2,241352.33
CarMax Select Receivables Trust 2024-A,2024-12-31,7,780,790,2,0,0,45444.84
CarMax Select Receivables Trust 2024-A,2024-12-31,7,790,800,4,0,0,66218.70999999999
CarMax Select Receivables Trust 2024-A,2024-12-31,7,810,820,1,0,0,12178.81
CarMax Select Receivables Trust 2024-A,2024-12-31,7,860,870,1,0,0,23014.35
CarMax Select Receivables Trust 2024-A,2025-12-31,19,360,370,1,0,1,7942.889999999999
CarMax Select Receivables Trust 2024-A,2025-12-31,19,380,390,2,0,0,32863.8
CarMax Select Receivables Trust 2024-A,2025-12-31,19,390,400,2,1,0,27644.9
CarMax Select Receivables Trust 2024-A,2025-12-31,19,400,410,4,1,1,102614.28
CarMax Select Receivables Trust 2024-A,2025-12-31,19,410,420,4,1,2,86962.1
CarMax Select Receivables Trust 2024-A,2025-12-31,19,420,430,9,2,2,175754.93
CarMax Select Receivables Trust 2024-A,2025-12-31,19,430,440,12,5,2,254857.36999999997
CarMax Select Receivables Trust 2024-A,2025-12-31,19,440,450,19,7,1,329043.38
CarMax Select Receivables Trust 2024-A,2025-12-31,19,450,460,12,5,2,260759.83000000005
CarMax Select Receivables Trust 2024-A,2025-12-31,19,460,470,26,8,5,526084.62
CarMax Select Receivables Trust 2024-A,2025-12-31,19,470,480,37,10,9,823699.6099999999
CarMax Select Receivables Trust 2024-A,2025-12-31,19,480,490,52,17,9,1149507.0299999998
CarMax Select Receivables Trust 2024-A,2025-12-31,19,490,500,61,21,18,1447659.9200000002
CarMax Select Receivables Trust 2024-A,2025-12-31,19,500,510,57,27,17,1584746.6600000004
CarMax Select Receivables Trust 2024-A,2025-12-31,19,510,520,104,28,23,2817097.550000001
CarMax Select Receivables Trust 2024-A,2025-12-31,19,520,530,158,39,36,4416643.3100000005
CarMax Select Receivables Trust 2024-A,2025-12-31,19,530,540,450,102,93,12276487.95999998
CarMax Select Receivables Trust 2024-A,2025-12-31,19,540,550,545,123,73,14322582.559999995
CarMax Select Receivables Trust 2024-A,2025-12-31,19,550,560,686,125,88,16530007.340000018
CarMax Select Receivables Trust 2024-A,2025-12-31,19,560,570,708,139,98,18322206.510000013
CarMax Select Receivables Trust 2024-A,2025-12-31,19,570,580,906,130,112,21582056.939999968
CarMax Select Receivables Trust 2024-A,2025-12-31,19,580,590,1052,132,96,23543336.79000004
CarMax Select Receivables Trust 2024-A,2025-12-31,19,590,600,1277,182,101,28506264.009999976
CarMax Select Receivables Trust 2024-A,2025-12-31,19,600,610,1474,182,106,31494024.220000044
CarMax Select Receivables Trust 2024-A,2025-12-31,19,610,620,1603,161,117,34633029.72000004
CarMax Select Receivables Trust 2024-A,2025-12-31,19,620,630,1873,146,98,37595970.96000001
CarMax Select Receivables Trust 2024-A,2025-12-31,19,630,640,1929,153,101,38985386.91000001
CarMax Select Receivables Trust 2024-A,2025-12-31,19,640,650,2148,119,80,41287023.45999991
CarMax Select Receivables Trust 2024-A,2025-12-31,19,650,660,149,11,7,2836721.879999999
CarMax Select Receivables Trust 2024-A,2025-12-31,19,660,670,135,12,9,2983570.53
CarMax Select Receivables Trust 2024-A,2025-12-31,19,670,680,117,11,7,2442339.4400000004
CarMax Select Receivables Trust 2024-A,2025-12-31,19,680,690,77,9,7,1672763.8000000005
CarMax Select Receivables Trust 2024-A,2025-12-31,19,690,700,88,6,4,1707004.83
CarMax Select Receivables Trust 2024-A,2025-12-31,19,700,710,73,7,4,1420260.2700000007
CarMax Select Receivables Trust 2024-A,2025-12-31,19,710,720,61,2,2,933530.95
CarMax Select Receivables Trust 2024-A,2025-12-31,19,720,730,57,5,2,1117452.7699999998
CarMax Select Receivables Trust 2024-A,2025-12-31,19,730,740,32,1,2,546360.5
CarMax Select Receivables Trust 2024-A,2025-12-31,19,740,750,21,0,0,367561.38999999996
CarMax Select Receivables Trust 2024-A,2025-12-31,19,750,760,25,1,1,418274.0
CarMax Select Receivables Trust 2024-A,2025-12-31,19,760,770,14,1,0,247971.13
CarMax Select Receivables Trust 2024-A,2025-12-31,19,770,780,8,0,1,146575.28
CarMax Select Receivables Trust 2024-A,2025-12-31,19,780,790,1,0,0,14333.13
CarMax Select Receivables Trust 2024-A,2025-12-31,19,790,800,3,0,0,51152.740000000005
CarMax Select Receivables Trust 2024-A,2025-12-31,19,810,820,1,0,0,9923.4
CarMax Select Receivables Trust 2025-A,2026-01-31,11,370,380,2,2,0,53973.49
CarMax Select Receivables Trust 2025-A,2026-01-31,11,380,390,0,1,1,39264.86
CarMax Select Receivables Trust 2025-A,2026-01-31,11,390,400,1,1,3,63964.1
CarMax Select Receivables Trust 2025-A,2026-01-31,11,400,410,5,2,1,114760.94
CarMax Select Receivables Trust 2025-A,2026-01-31,11,410,420,10,0,4,185356.16000000003
CarMax Select Receivables Trust 2025-A,2026-01-31,11,420,430,8,2,3,205962.25
CarMax Select Receivables Trust 2025-A,2026-01-31,11,430,440,23,6,7,479518.38999999996
CarMax Select Receivables Trust 2025-A,2026-01-31,11,440,450,25,5,7,531479.46
CarMax Select Receivables Trust 2025-A,2026-01-31,11,450,460,26,11,8,601877.9299999999
CarMax Select Receivables Trust 2025-A,2026-01-31,11,460,470,26,9,6,572938.33
CarMax Select Receivables Trust 2025-A,2026-01-31,11,470,480,45,20,13,1103942.2600000002
CarMax Select Receivables Trust 2025-A,2026-01-31,11,480,490,60,20,18,1393278.8299999996
CarMax Select Receivables Trust 2025-A,2026-01-31,11,490,500,91,25,25,2192682.8000000003
CarMax Select Receivables Trust 2025-A,2026-01-31,11,500,510,104,37,26,2787996.839999999
CarMax Select Receivables Trust 2025-A,2026-01-31,11,510,520,158,29,27,3820039.799999998
CarMax Select Receivables Trust 2025-A,2026-01-31,11,520,530,192,49,37,5085497.909999998
CarMax Select Receivables Trust 2025-A,2026-01-31,11,530,540,640,116,68,16210778.849999998
CarMax Select Receivables Trust 2025-A,2026-01-31,11,540,550,840,116,98,20871214.18000001
CarMax Select Receivables Trust 2025-A,2026-01-31,11,550,560,862,120,71,20321100.71
CarMax Select Receivables Trust 2025-A,2026-01-31,11,560,570,1036,150,107,25054413.81000003
CarMax Select Receivables Trust 2025-A,2026-01-31,11,570,580,1255,162,103,29751961.679999996
CarMax Select Receivables Trust 2025-A,2026-01-31,11,580,590,1515,151,97,33871837.88999996
CarMax Select Receivables Trust 2025-A,2026-01-31,11,590,600,1926,191,123,42422493.390000045
CarMax Select Receivables Trust 2025-A,2026-01-31,11,600,610,2227,167,107,46413044.03999998
CarMax Select Receivables Trust 2025-A,2026-01-31,11,610,620,2606,191,115,52358154.32000014
CarMax Select Receivables Trust 2025-A,2026-01-31,11,620,630,3242,185,96,62275582.40999997
CarMax Select Receivables Trust 2025-A,2026-01-31,11,630,640,3503,189,101,68089419.61000004
CarMax Select Receivables Trust 2025-A,2026-01-31,11,640,650,3926,152,91,74713583.61999992
CarMax Select Receivables Trust 2025-A,2026-01-31,11,650,660,429,25,20,10345073.760000005
CarMax Select Receivables Trust 2025-A,2026-01-31,11,660,670,320,15,10,7723230.18
CarMax Select Receivables Trust 2025-A,2026-01-31,11,670,680,309,12,7,7318611.129999998
CarMax Select Receivables Trust 2025-A,2026-01-31,11,680,690,264,9,5,6402973.9399999995
CarMax Select Receivables Trust 2025-A,2026-01-31,11,690,700,238,6,6,5727732.8199999975
CarMax Select Receivables Trust 2025-A,2026-01-31,11,700,710,79,5,6,1706225.4899999998
CarMax Select Receivables Trust 2025-A,2026-01-31,11,710,720,77,6,1,1466665.93
CarMax Select Receivables Trust 2025-A,2026-01-31,11,720,730,92,5,2,1748824.2699999998
CarMax Select Receivables Trust 2025-A,2026-01-31,11,730,740,48,3,1,832607.8700000001
CarMax Select Receivables Trust 2025-A,2026-01-31,11,740,750,36,2,0,672772.13
CarMax Select Receivables Trust 2025-A,2026-01-31,11,750,760,21,1,1,405015.88
CarMax Select Receivables Trust 2025-A,2026-01-31,11,760,770,12,2,0,268715.9199999999
CarMax Select Receivables Trust 2025-A,2026-01-31,11,770,780,11,0,0,193023.35
CarMax Select Receivables Trust 2025-A,2026-01-31,11,780,790,14,1,0,264388.20000000007
CarMax Select Receivables Trust 2025-A,2026-01-31,11,790,800,8,0,0,142305.51
CarMax Select Receivables Trust 2025-A,2026-01-31,11,800,810,6,0,0,103549.85
CarMax Select Receivables Trust 2025-A,2026-01-31,11,810,820,2,0,0,35943.42
CarMax Select Receivables Trust 2025-A,2026-01-31,11,820,830,4,0,0,70524.42
CarMax Select Receivables Trust 2025-A,2026-01-31,11,830,840,5,0,0,114213.07
CarMax Select Receivables Trust 2025-A,2026-01-31,11,840,850,1,0,0,13585.6
CarMax Select Receivables Trust 2025-A,2026-01-31,11,850,860,7,0,0,110830.29000000001
CarMax Select Receivables Trust 2025-A,2026-01-31,11,860,870,2,0,0,19596.95
CarMax Select Receivables Trust 2025-A,2026-01-31,11,870,880,1,0,0,19958.67
CarMax Select Receivables Trust 2025-A,2025-02-28,0,370,380,4,0,0,64725.299999999996
CarMax Select Receivables Trust 2025-A,2025-02-28,0,380,390,2,0,0,42893.67
CarMax Select Receivables Trust 2025-A,2025-02-28,0,390,400,9,0,0,104741.66
CarMax Select Receivables Trust 2025-A,2025-02-28,0,400,410,11,0,0,171453.51
CarMax Select Receivables Trust 2025-A,2025-02-28,0,410,420,18,0,0,264973.08
CarMax Select Receivables Trust 2025-A,2025-02-28,0,420,430,19,0,0,295890.98000000004
CarMax Select Receivables Trust 2025-A,2025-02-28,0,430,440,45,0,0,692280.8
CarMax Select Receivables Trust 2025-A,2025-02-28,0,440,450,48,0,0,775704.33
CarMax Select Receivables Trust 2025-A,2025-02-28,0,450,460,58,0,0,877441.6200000001
CarMax Select Receivables Trust 2025-A,2025-02-28,0,460,470,58,0,0,908298.4000000001
CarMax Select Receivables Trust 2025-A,2025-02-28,0,470,480,113,0,0,1740316.450000001
CarMax Select Receivables Trust 2025-A,2025-02-28,0,480,490,131,0,0,2054621.1600000004
CarMax Select Receivables Trust 2025-A,2025-02-28,0,490,500,193,0,0,3240594.7100000004
CarMax Select Receivables Trust 2025-A,2025-02-28,0,500,510,215,0,0,3906450.980000001
CarMax Select Receivables Trust 2025-A,2025-02-28,0,510,520,273,0,0,5221085.590000001
CarMax Select Receivables Trust 2025-A,2025-02-28,0,520,530,362,0,0,7191730.829999998
CarMax Select Receivables Trust 2025-A,2025-02-28,0,530,540,1028,0,0,21849353.770000003
CarMax Select Receivables Trust 2025-A,2025-02-28,0,540,550,1312,0,0,28603659.54999999
CarMax Select Receivables Trust 2025-A,2025-02-28,0,550,560,1359,0,0,28683067.819999997
CarMax Select Receivables Trust 2025-A,2025-02-28,0,560,570,1649,0,0,34274867.58999998
CarMax Select Receivables Trust 2025-A,2025-02-28,0,570,580,1945,0,0,40594432.24999997
CarMax Select Receivables Trust 2025-A,2025-02-28,0,580,590,2272,0,0,47124925.599999964
CarMax Select Receivables Trust 2025-A,2025-02-28,0,590,600,2902,0,0,58836058.700000025
CarMax Select Receivables Trust 2025-A,2025-02-28,0,600,610,3260,0,0,65457458.31000007
CarMax Select Receivables Trust 2025-A,2025-02-28,0,610,620,3887,0,0,75301038.72999999
CarMax Select Receivables Trust 2025-A,2025-02-28,0,620,630,4657,0,0,88950541.55999987
CarMax Select Receivables Trust 2025-A,2025-02-28,0,630,640,5003,0,0,96414076.1400004
CarMax Select Receivables Trust 2025-A,2025-02-28,0,640,650,5468,0,0,106427885.20999989
CarMax Select Receivables Trust 2025-A,2025-02-28,0,650,660,586,0,0,14332205.739999996
CarMax Select Receivables Trust 2025-A,2025-02-28,0,660,670,428,0,0,10859052.839999994
CarMax Select Receivables Trust 2025-A,2025-02-28,0,670,680,411,0,0,10287731.77
CarMax Select Receivables Trust 2025-A,2025-02-28,0,680,690,341,0,0,8912889.48999999
CarMax Select Receivables Trust 2025-A,2025-02-28,0,690,700,313,0,0,8154725.439999998
CarMax Select Receivables Trust 2025-A,2025-02-28,0,700,710,112,0,0,2326375.3799999994
CarMax Select Receivables Trust 2025-A,2025-02-28,0,710,720,110,0,0,2221506.8400000003
CarMax Select Receivables Trust 2025-A,2025-02-28,0,720,730,115,0,0,2353611.0199999996
CarMax Select Receivables Trust 2025-A,2025-02-28,0,730,740,69,0,0,1317835.6799999997
CarMax Select Receivables Trust 2025-A,2025-02-28,0,740,750,55,0,0,1024927.5099999999
CarMax Select Receivables Trust 2025-A,2025-02-28,0,750,760,31,0,0,660348.6799999999
CarMax Select Receivables Trust 2025-A,2025-02-28,0,760,770,19,0,0,393311.01000000007
CarMax Select Receivables Trust 2025-A,2025-02-28,0,770,780,12,0,0,239828.68
CarMax Select Receivables Trust 2025-A,2025-02-28,0,780,790,18,0,0,381333.74
CarMax Select Receivables Trust 2025-A,2025-02-28,0,790,800,9,0,0,198002.40999999997
CarMax Select Receivables Trust 2025-A,2025-02-28,0,800,810,7,0,0,144085.75
CarMax Select Receivables Trust 2025-A,2025-02-28,0,810,820,2,0,0,41300.73
CarMax Select Receivables Trust 2025-A,2025-02-28,0,820,830,6,0,0,134609.82
CarMax Select Receivables Trust 2025-A,2025-02-28,0,830,840,8,0,0,191877.47
CarMax Select Receivables Trust 2025-A,2025-02-28,0,840,850,3,0,0,43030.55
CarMax Select Receivables Trust 2025-A,2025-02-28,0,850,860,10,0,0,171298.16999999998
CarMax Select Receivables Trust 2025-A,2025-02-28,0,860,870,4,0,0,50618.06999999999
CarMax Select Receivables Trust 2025-A,2025-02-28,0,870,880,1,0,0,23663.42
CarMax Select Receivables Trust 2025-A,2025-03-31,1,370,380,3,1,0,63389.13
CarMax Select Receivables Trust 2025-A,2025-03-31,1,380,390,2,0,0,42475.56
CarMax Select Receivables Trust 2025-A,2025-03-31,1,390,400,6,2,1,103604.46999999999
CarMax Select Receivables Trust 2025-A,2025-03-31,1,400,410,9,2,0,169064.75
CarMax Select Receivables Trust 2025-A,2025-03-31,1,410,420,12,6,0,262544.06
CarMax Select Receivables Trust 2025-A,2025-03-31,1,420,430,18,1,0,292138.4
CarMax Select Receivables Trust 2025-A,2025-03-31,1,430,440,38,7,0,683268.39
CarMax Select Receivables Trust 2025-A,2025-03-31,1,440,450,43,5,0,763739.9799999997
CarMax Select Receivables Trust 2025-A,2025-03-31,1,450,460,50,8,0,865847.0999999996
CarMax Select Receivables Trust 2025-A,2025-03-31,1,460,470,50,7,0,886064.92
CarMax Select Receivables Trust 2025-A,2025-03-31,1,470,480,92,21,0,1719760.7000000002
CarMax Select Receivables Trust 2025-A,2025-03-31,1,480,490,119,11,0,2008454.2800000003
CarMax Select Receivables Trust 2025-A,2025-03-31,1,490,500,170,23,0,3198672.719999999
CarMax Select Receivables Trust 2025-A,2025-03-31,1,500,510,185,30,0,3863051.6900000013
CarMax Select Receivables Trust 2025-A,2025-03-31,1,510,520,238,33,1,5156442.820000001
CarMax Select Receivables Trust 2025-A,2025-03-31,1,520,530,320,39,0,7086699.760000001
CarMax Select Receivables Trust 2025-A,2025-03-31,1,530,540,917,100,0,21429540.94000002
CarMax Select Receivables Trust 2025-A,2025-03-31,1,540,550,1197,97,1,28003538.890000038
CarMax Select Receivables Trust 2025-A,2025-03-31,1,550,560,1256,83,0,28031563.540000018
CarMax Select Receivables Trust 2025-A,2025-03-31,1,560,570,1497,132,1,33548182.14000004
CarMax Select Receivables Trust 2025-A,2025-03-31,1,570,580,1785,132,3,39723464.47999993
CarMax Select Receivables Trust 2025-A,2025-03-31,1,580,590,2127,119,1,46188904.95000011
CarMax Select Receivables Trust 2025-A,2025-03-31,1,590,600,2735,129,0,57311813.109999925
CarMax Select Receivables Trust 2025-A,2025-03-31,1,600,610,3084,126,3,63657558.210000105
CarMax Select Receivables Trust 2025-A,2025-03-31,1,610,620,3711,122,1,73418478.29000002
CarMax Select Receivables Trust 2025-A,2025-03-31,1,620,630,4457,125,1,86422250.54999995
CarMax Select Receivables Trust 2025-A,2025-03-31,1,630,640,4813,124,0,94075181.38000011
CarMax Select Receivables Trust 2025-A,2025-03-31,1,640,650,5280,110,1,103584428.46999986
CarMax Select Receivables Trust 2025-A,2025-03-31,1,650,660,572,10,0,13992170.029999996
CarMax Select Receivables Trust 2025-A,2025-03-31,1,660,670,414,11,0,10658080.360000003
CarMax Select Receivables Trust 2025-A,2025-03-31,1,670,680,399,4,0,9999388.050000004
CarMax Select Receivables Trust 2025-A,2025-03-31,1,680,690,338,3,0,8812580.979999993
CarMax Select Receivables Trust 2025-A,2025-03-31,1,690,700,305,2,0,7887208.550000003
CarMax Select Receivables Trust 2025-A,2025-03-31,1,700,710,106,3,0,2264468.0600000005
CarMax Select Receivables Trust 2025-A,2025-03-31,1,710,720,103,4,0,2135255.3800000004
CarMax Select Receivables Trust 2025-A,2025-03-31,1,720,730,109,5,0,2295251.0100000002
CarMax Select Receivables Trust 2025-A,2025-03-31,1,730,740,69,0,0,1275184.5699999998
CarMax Select Receivables Trust 2025-A,2025-03-31,1,740,750,53,2,0,983317.11
CarMax Select Receivables Trust 2025-A,2025-03-31,1,750,760,31,0,0,651153.8700000001
CarMax Select Receivables Trust 2025-A,2025-03-31,1,760,770,19,0,0,387205.19
CarMax Select Receivables Trust 2025-A,2025-03-31,1,770,780,11,0,0,218337.44000000003
CarMax Select Receivables Trust 2025-A,2025-03-31,1,780,790,17,0,0,337671.03
CarMax Select Receivables Trust 2025-A,2025-03-31,1,790,800,9,0,0,195891.84
CarMax Select Receivables Trust 2025-A,2025-03-31,1,800,810,7,0,0,141605.43
CarMax Select Receivables Trust 2025-A,2025-03-31,1,810,820,2,0,0,40805.67999999999
CarMax Select Receivables Trust 2025-A,2025-03-31,1,820,830,6,0,0,133102.99
CarMax Select Receivables Trust 2025-A,2025-03-31,1,830,840,8,0,0,179748.91999999998
CarMax Select Receivables Trust 2025-A,2025-03-31,1,840,850,3,0,0,41974.38
CarMax Select Receivables Trust 2025-A,2025-03-31,1,850,860,10,0,0,148102.68999999997
CarMax Select Receivables Trust 2025-A,2025-03-31,1,860,870,4,0,0,49258.469999999994
CarMax Select Receivables Trust 2025-A,2025-03-31,1,870,880,1,0,0,23283.19
CarMax Select Receivables Trust 2025-A,2025-04-30,2,370,380,2,2,0,62872.350000000006
CarMax Select Receivables Trust 2025-A,2025-04-30,2,380,390,1,1,0,42260.07
CarMax Select Receivables Trust 2025-A,2025-04-30,2,390,400,5,2,2,102215.91999999998
CarMax Select Receivables Trust 2025-A,2025-04-30,2,400,410,9,1,1,165797.48
CarMax Select Receivables Trust 2025-A,2025-04-30,2,410,420,12,2,4,248309.44
CarMax Select Receivables Trust 2025-A,2025-04-30,2,420,430,17,1,1,288261.63
CarMax Select Receivables Trust 2025-A,2025-04-30,2,430,440,37,7,1,670903.5000000001
CarMax Select Receivables Trust 2025-A,2025-04-30,2,440,450,35,11,2,756233.7500000001
CarMax Select Receivables Trust 2025-A,2025-04-30,2,450,460,47,9,2,855227.9900000002
CarMax Select Receivables Trust 2025-A,2025-04-30,2,460,470,42,10,4,871837.2299999997
CarMax Select Receivables Trust 2025-A,2025-04-30,2,470,480,82,22,8,1688187.18
CarMax Select Receivables Trust 2025-A,2025-04-30,2,480,490,105,19,4,1975981.9099999997
CarMax Select Receivables Trust 2025-A,2025-04-30,2,490,500,156,26,9,3160597.6800000006
CarMax Select Receivables Trust 2025-A,2025-04-30,2,500,510,166,32,14,3788138.6000000015
CarMax Select Receivables Trust 2025-A,2025-04-30,2,510,520,224,31,12,5033180.849999995
CarMax Select Receivables Trust 2025-A,2025-04-30,2,520,530,295,47,12,6948670.170000003
CarMax Select Receivables Trust 2025-A,2025-04-30,2,530,540,871,102,35,21100111.54999998
CarMax Select Receivables Trust 2025-A,2025-04-30,2,540,550,1141,116,30,27503221.130000014
CarMax Select Receivables Trust 2025-A,2025-04-30,2,550,560,1188,88,32,27220950.24000005
CarMax Select Receivables Trust 2025-A,2025-04-30,2,560,570,1419,137,45,32705300.940000005
CarMax Select Receivables Trust 2025-A,2025-04-30,2,570,580,1716,134,49,38964893.389999956
CarMax Select Receivables Trust 2025-A,2025-04-30,2,580,590,2041,125,45,45061018.66000004
CarMax Select Receivables Trust 2025-A,2025-04-30,2,590,600,2605,156,51,55786419.04999987
CarMax Select Receivables Trust 2025-A,2025-04-30,2,600,610,2974,131,58,62058677.180000015
CarMax Select Receivables Trust 2025-A,2025-04-30,2,610,620,3590,135,39,71172688.71000001
CarMax Select Receivables Trust 2025-A,2025-04-30,2,620,630,4324,143,33,83956221.15000024
CarMax Select Receivables Trust 2025-A,2025-04-30,2,630,640,4685,141,37,91656600.47000006
CarMax Select Receivables Trust 2025-A,2025-04-30,2,640,650,5119,125,45,100056768.18000008
CarMax Select Receivables Trust 2025-A,2025-04-30,2,650,660,552,11,3,13502853.040000007
CarMax Select Receivables Trust 2025-A,2025-04-30,2,660,670,405,16,0,10460408.339999994
CarMax Select Receivables Trust 2025-A,2025-04-30,2,670,680,376,11,2,9563020.400000002
CarMax Select Receivables Trust 2025-A,2025-04-30,2,680,690,329,2,2,8513992.819999993
CarMax Select Receivables Trust 2025-A,2025-04-30,2,690,700,297,3,1,7548825.27
CarMax Select Receivables Trust 2025-A,2025-04-30,2,700,710,100,4,2,2172815.5299999993
CarMax Select Receivables Trust 2025-A,2025-04-30,2,710,720,98,3,3,2065990.8300000005
CarMax Select Receivables Trust 2025-A,2025-04-30,2,720,730,108,3,2,2261769.4099999997
CarMax Select Receivables Trust 2025-A,2025-04-30,2,730,740,61,5,0,1163584.63
CarMax Select Receivables Trust 2025-A,2025-04-30,2,740,750,51,1,1,935553.24
CarMax Select Receivables Trust 2025-A,2025-04-30,2,750,760,29,2,0,644374.3200000001
CarMax Select Receivables Trust 2025-A,2025-04-30,2,760,770,17,0,0,339868.52999999997
CarMax Select Receivables Trust 2025-A,2025-04-30,2,770,780,11,0,0,215692.0
CarMax Select Receivables Trust 2025-A,2025-04-30,2,780,790,17,0,0,326503.75
CarMax Select Receivables Trust 2025-A,2025-04-30,2,790,800,9,0,0,193707.77
CarMax Select Receivables Trust 2025-A,2025-04-30,2,800,810,7,0,0,139187.66999999998
CarMax Select Receivables Trust 2025-A,2025-04-30,2,810,820,2,0,0,40354.369999999995
CarMax Select Receivables Trust 2025-A,2025-04-30,2,820,830,6,0,0,131393.28
CarMax Select Receivables Trust 2025-A,2025-04-30,2,830,840,7,0,0,148840.75
CarMax Select Receivables Trust 2025-A,2025-04-30,2,840,850,2,0,0,39432.9
CarMax Select Receivables Trust 2025-A,2025-04-30,2,850,860,10,0,0,145512.77000000002
CarMax Select Receivables Trust 2025-A,2025-04-30,2,860,870,4,0,0,47921.28
CarMax Select Receivables Trust 2025-A,2025-04-30,2,870,880,1,0,0,22900.22
CarMax Select Receivables Trust 2025-A,2025-05-31,3,370,380,4,0,0,61459.42999999999
CarMax Select Receivables Trust 2025-A,2025-05-31,3,380,390,1,0,1,41806.61
CarMax Select Receivables Trust 2025-A,2025-05-31,3,390,400,3,3,3,101560.7
CarMax Select Receivables Trust 2025-A,2025-05-31,3,400,410,7,1,1,159992.97
CarMax Select Receivables Trust 2025-A,2025-05-31,3,410,420,11,2,5,245191.31
CarMax Select Receivables Trust 2025-A,2025-05-31,3,420,430,15,3,1,285941.08
CarMax Select Receivables Trust 2025-A,2025-05-31,3,430,440,35,7,2,654943.6299999999
CarMax Select Receivables Trust 2025-A,2025-05-31,3,440,450,33,6,9,748309.99
CarMax Select Receivables Trust 2025-A,2025-05-31,3,450,460,47,5,6,842092.0599999999
CarMax Select Receivables Trust 2025-A,2025-05-31,3,460,470,38,13,5,862050.4800000002
CarMax Select Receivables Trust 2025-A,2025-05-31,3,470,480,80,21,10,1660567.4300000004
CarMax Select Receivables Trust 2025-A,2025-05-31,3,480,490,96,20,10,1932282.8599999999
CarMax Select Receivables Trust 2025-A,2025-05-31,3,490,500,144,31,16,3124541.819999999
CarMax Select Receivables Trust 2025-A,2025-05-31,3,500,510,151,40,20,3725721.7999999984
CarMax Select Receivables Trust 2025-A,2025-05-31,3,510,520,211,32,19,4908636.489999999
CarMax Select Receivables Trust 2025-A,2025-05-31,3,520,530,264,61,25,6862590.289999999
CarMax Select Receivables Trust 2025-A,2025-05-31,3,530,540,841,106,50,20628144.530000005
CarMax Select Receivables Trust 2025-A,2025-05-31,3,540,550,1098,108,60,26854314.16999997
CarMax Select Receivables Trust 2025-A,2025-05-31,3,550,560,1136,108,47,26517399.06000001
CarMax Select Receivables Trust 2025-A,2025-05-31,3,560,570,1395,119,61,31746370.74000004
CarMax Select Receivables Trust 2025-A,2025-05-31,3,570,580,1659,151,67,38197170.45
CarMax Select Receivables Trust 2025-A,2025-05-31,3,580,590,1962,145,66,43967888.12000006
CarMax Select Receivables Trust 2025-A,2025-05-31,3,590,600,2503,158,93,54363164.97999997
CarMax Select Receivables Trust 2025-A,2025-05-31,3,600,610,2884,148,76,60328286.39999994
CarMax Select Receivables Trust 2025-A,2025-05-31,3,610,620,3443,162,68,68944281.41000012
CarMax Select Receivables Trust 2025-A,2025-05-31,3,620,630,4187,142,66,81429273.45000002
CarMax Select Receivables Trust 2025-A,2025-05-31,3,630,640,4568,142,59,89291416.13
CarMax Select Receivables Trust 2025-A,2025-05-31,3,640,650,4998,130,59,97322239.42999992
CarMax Select Receivables Trust 2025-A,2025-05-31,3,650,660,529,18,7,13105973.820000004
CarMax Select Receivables Trust 2025-A,2025-05-31,3,660,670,394,15,6,10146499.299999993
CarMax Select Receivables Trust 2025-A,2025-05-31,3,670,680,367,12,2,9276528.99
CarMax Select Receivables Trust 2025-A,2025-05-31,3,680,690,322,3,1,8212887.079999996
CarMax Select Receivables Trust 2025-A,2025-05-31,3,690,700,287,6,3,7397966.869999995
CarMax Select Receivables Trust 2025-A,2025-05-31,3,700,710,96,5,2,2108772.6099999994
CarMax Select Receivables Trust 2025-A,2025-05-31,3,710,720,94,7,2,2033150.4699999986
CarMax Select Receivables Trust 2025-A,2025-05-31,3,720,730,105,5,2,2230835.3100000005
CarMax Select Receivables Trust 2025-A,2025-05-31,3,730,740,62,2,1,1147801.05
CarMax Select Receivables Trust 2025-A,2025-05-31,3,740,750,47,3,0,890145.4599999998
CarMax Select Receivables Trust 2025-A,2025-05-31,3,750,760,28,1,2,620036.69
CarMax Select Receivables Trust 2025-A,2025-05-31,3,760,770,17,0,0,333494.27
CarMax Select Receivables Trust 2025-A,2025-05-31,3,770,780,11,0,0,212243.36
CarMax Select Receivables Trust 2025-A,2025-05-31,3,780,790,16,1,0,321618.29000000004
CarMax Select Receivables Trust 2025-A,2025-05-31,3,790,800,9,0,0,191054.02000000002
CarMax Select Receivables Trust 2025-A,2025-05-31,3,800,810,7,0,0,136714.29
CarMax Select Receivables Trust 2025-A,2025-05-31,3,810,820,2,0,0,39881.34
CarMax Select Receivables Trust 2025-A,2025-05-31,3,820,830,6,0,0,129589.79999999999
CarMax Select Receivables Trust 2025-A,2025-05-31,3,830,840,7,0,0,145137.0
CarMax Select Receivables Trust 2025-A,2025-05-31,3,840,850,2,0,0,38752.86
CarMax Select Receivables Trust 2025-A,2025-05-31,3,850,860,9,0,0,141830.15
CarMax Select Receivables Trust 2025-A,2025-05-31,3,860,870,4,0,0,46561.28
CarMax Select Receivables Trust 2025-A,2025-05-31,3,870,880,1,0,0,22320.58
CarMax Select Receivables Trust 2025-A,2025-06-30,4,370,380,4,0,0,60839.649999999994
CarMax Select Receivables Trust 2025-A,2025-06-30,4,380,390,2,0,0,40897.98
CarMax Select Receivables Trust 2025-A,2025-06-30,4,390,400,2,3,3,84506.35
CarMax Select Receivables Trust 2025-A,2025-06-30,4,400,410,6,1,2,158565.21
CarMax Select Receivables Trust 2025-A,2025-06-30,4,410,420,12,2,3,241116.57999999996
CarMax Select Receivables Trust 2025-A,2025-06-30,4,420,430,15,2,1,271504.98
CarMax Select Receivables Trust 2025-A,2025-06-30,4,430,440,33,7,4,647106.92
CarMax Select Receivables Trust 2025-A,2025-06-30,4,440,450,30,8,9,732267.2399999999
CarMax Select Receivables Trust 2025-A,2025-06-30,4,450,460,45,6,6,813842.0400000002
CarMax Select Receivables Trust 2025-A,2025-06-30,4,460,470,38,10,5,810166.0399999999
CarMax Select Receivables Trust 2025-A,2025-06-30,4,470,480,76,21,9,1575051.1900000004
CarMax Select Receivables Trust 2025-A,2025-06-30,4,480,490,90,20,15,1909620.9599999995
CarMax Select Receivables Trust 2025-A,2025-06-30,4,490,500,134,33,18,2986687.3199999984
CarMax Select Receivables Trust 2025-A,2025-06-30,4,500,510,152,35,15,3548059.5700000008
CarMax Select Receivables Trust 2025-A,2025-06-30,4,510,520,197,40,17,4780628.169999999
CarMax Select Receivables Trust 2025-A,2025-06-30,4,520,530,261,45,38,6698055.27
CarMax Select Receivables Trust 2025-A,2025-06-30,4,530,540,806,108,59,19965726.389999997
CarMax Select Receivables Trust 2025-A,2025-06-30,4,540,550,1075,101,66,26134351.319999963
CarMax Select Receivables Trust 2025-A,2025-06-30,4,550,560,1120,90,53,25646102.12000001
CarMax Select Receivables Trust 2025-A,2025-06-30,4,560,570,1326,123,76,30648260.140000053
CarMax Select Receivables Trust 2025-A,2025-06-30,4,570,580,1627,125,85,37199225.24999998
CarMax Select Receivables Trust 2025-A,2025-06-30,4,580,590,1898,140,85,42650278.800000064
CarMax Select Receivables Trust 2025-A,2025-06-30,4,590,600,2426,147,104,52677481.21999995
CarMax Select Receivables Trust 2025-A,2025-06-30,4,600,610,2783,147,87,58454448.73000001
CarMax Select Receivables Trust 2025-A,2025-06-30,4,610,620,3335,158,85,66768155.869999945
CarMax Select Receivables Trust 2025-A,2025-06-30,4,620,630,4056,153,80,78912160.3999998
CarMax Select Receivables Trust 2025-A,2025-06-30,4,630,640,4430,148,75,86817102.47000009
CarMax Select Receivables Trust 2025-A,2025-06-30,4,640,650,4855,133,68,94434001.77999985
CarMax Select Receivables Trust 2025-A,2025-06-30,4,650,660,516,19,10,12787969.570000013
CarMax Select Receivables Trust 2025-A,2025-06-30,4,660,670,391,14,5,9949081.429999996
CarMax Select Receivables Trust 2025-A,2025-06-30,4,670,680,362,10,6,9055391.33
CarMax Select Receivables Trust 2025-A,2025-06-30,4,680,690,312,9,2,8029248.379999999
CarMax Select Receivables Trust 2025-A,2025-06-30,4,690,700,280,6,3,7173901.2700000005
CarMax Select Receivables Trust 2025-A,2025-06-30,4,700,710,93,4,3,2041511.5899999999
CarMax Select Receivables Trust 2025-A,2025-06-30,4,710,720,93,5,4,2009330.3199999996
CarMax Select Receivables Trust 2025-A,2025-06-30,4,720,730,104,1,6,2204017.96
CarMax Select Receivables Trust 2025-A,2025-06-30,4,730,740,60,5,0,1131320.5500000003
CarMax Select Receivables Trust 2025-A,2025-06-30,4,740,750,46,1,2,868544.7200000001
CarMax Select Receivables Trust 2025-A,2025-06-30,4,750,760,28,1,2,612206.74
CarMax Select Receivables Trust 2025-A,2025-06-30,4,760,770,16,0,0,298100.57999999996
CarMax Select Receivables Trust 2025-A,2025-06-30,4,770,780,11,0,0,209456.8
CarMax Select Receivables Trust 2025-A,2025-06-30,4,780,790,17,0,0,316390.6
CarMax Select Receivables Trust 2025-A,2025-06-30,4,790,800,9,0,0,188273.78000000003
CarMax Select Receivables Trust 2025-A,2025-06-30,4,800,810,6,0,0,120792.64
CarMax Select Receivables Trust 2025-A,2025-06-30,4,810,820,2,0,0,39418.76
CarMax Select Receivables Trust 2025-A,2025-06-30,4,820,830,6,0,0,127990.96
CarMax Select Receivables Trust 2025-A,2025-06-30,4,830,840,7,0,0,140887.5
CarMax Select Receivables Trust 2025-A,2025-06-30,4,840,850,2,0,0,37596.67
CarMax Select Receivables Trust 2025-A,2025-06-30,4,850,860,8,0,0,130802.12000000001
CarMax Select Receivables Trust 2025-A,2025-06-30,4,860,870,4,0,0,44238.24
CarMax Select Receivables Trust 2025-A,2025-06-30,4,870,880,1,0,0,21930.66
CarMax Select Receivables Trust 2025-A,2025-07-31,5,370,380,4,0,0,59585.06
CarMax Select Receivables Trust 2025-A,2025-07-31,5,380,390,2,0,0,40285.2
CarMax Select Receivables Trust 2025-A,2025-07-31,5,390,400,0,6,2,79477.27
CarMax Select Receivables Trust 2025-A,2025-07-31,5,400,410,6,2,1,155793.94
CarMax Select Receivables Trust 2025-A,2025-07-31,5,410,420,13,2,1,219903.47
CarMax Select Receivables Trust 2025-A,2025-07-31,5,420,430,13,5,0,269542.19999999995
CarMax Select Receivables Trust 2025-A,2025-07-31,5,430,440,33,7,4,637327.36
CarMax Select Receivables Trust 2025-A,2025-07-31,5,440,450,30,7,5,647717.62
CarMax Select Receivables Trust 2025-A,2025-07-31,5,450,460,43,8,5,763651.4699999996
CarMax Select Receivables Trust 2025-A,2025-07-31,5,460,470,34,7,11,787059.1300000001
CarMax Select Receivables Trust 2025-A,2025-07-31,5,470,480,67,22,13,1518660.49
CarMax Select Receivables Trust 2025-A,2025-07-31,5,480,490,81,26,14,1829625.9799999993
CarMax Select Receivables Trust 2025-A,2025-07-31,5,490,500,124,32,17,2831574.1
CarMax Select Receivables Trust 2025-A,2025-07-31,5,500,510,140,38,20,3434911.9099999988
CarMax Select Receivables Trust 2025-A,2025-07-31,5,510,520,185,45,20,4641108.06
CarMax Select Receivables Trust 2025-A,2025-07-31,5,520,530,253,47,37,6465440.899999999
CarMax Select Receivables Trust 2025-A,2025-07-31,5,530,540,794,99,59,19467746.280000016
CarMax Select Receivables Trust 2025-A,2025-07-31,5,540,550,1038,107,66,25381727.099999998
CarMax Select Receivables Trust 2025-A,2025-07-31,5,550,560,1065,128,45,24898703.34
CarMax Select Receivables Trust 2025-A,2025-07-31,5,560,570,1267,141,72,29588948.51000003
CarMax Select Receivables Trust 2025-A,2025-07-31,5,570,580,1560,145,74,35865336.53000005
CarMax Select Receivables Trust 2025-A,2025-07-31,5,580,590,1827,139,97,41068861.379999995
CarMax Select Receivables Trust 2025-A,2025-07-31,5,590,600,2350,167,79,50717652.95
CarMax Select Receivables Trust 2025-A,2025-07-31,5,600,610,2695,157,88,56558592.94000014
CarMax Select Receivables Trust 2025-A,2025-07-31,5,610,620,3224,146,86,64131297.610000044
CarMax Select Receivables Trust 2025-A,2025-07-31,5,620,630,3885,186,73,76096445.36000001
CarMax Select Receivables Trust 2025-A,2025-07-31,5,630,640,4269,142,86,83545251.76000006
CarMax Select Receivables Trust 2025-A,2025-07-31,5,640,650,4673,165,71,91268032.49999979
CarMax Select Receivables Trust 2025-A,2025-07-31,5,650,660,500,20,13,12363841.350000001
CarMax Select Receivables Trust 2025-A,2025-07-31,5,660,670,374,19,8,9630948.390000014
CarMax Select Receivables Trust 2025-A,2025-07-31,5,670,680,352,11,6,8730055.239999995
CarMax Select Receivables Trust 2025-A,2025-07-31,5,680,690,307,5,1,7587815.340000001
CarMax Select Receivables Trust 2025-A,2025-07-31,5,690,700,273,3,6,6937823.149999999
CarMax Select Receivables Trust 2025-A,2025-07-31,5,700,710,92,4,2,1995875.6999999995
CarMax Select Receivables Trust 2025-A,2025-07-31,5,710,720,89,6,4,1969864.7200000002
CarMax Select Receivables Trust 2025-A,2025-07-31,5,720,730,102,2,5,2153841.81
CarMax Select Receivables Trust 2025-A,2025-07-31,5,730,740,56,7,1,1094127.1999999997
CarMax Select Receivables Trust 2025-A,2025-07-31,5,740,750,44,3,2,852973.7199999997
CarMax Select Receivables Trust 2025-A,2025-07-31,5,750,760,28,0,1,538561.24
CarMax Select Receivables Trust 2025-A,2025-07-31,5,760,770,15,0,0,292271.62
CarMax Select Receivables Trust 2025-A,2025-07-31,5,770,780,11,0,0,207991.57999999996
CarMax Select Receivables Trust 2025-A,2025-07-31,5,780,790,16,1,0,311910.85
CarMax Select Receivables Trust 2025-A,2025-07-31,5,790,800,9,0,0,185659.56999999998
CarMax Select Receivables Trust 2025-A,2025-07-31,5,800,810,6,0,0,118502.15
CarMax Select Receivables Trust 2025-A,2025-07-31,5,810,820,2,0,0,38934.68
CarMax Select Receivables Trust 2025-A,2025-07-31,5,820,830,5,0,0,104821.19
CarMax Select Receivables Trust 2025-A,2025-07-31,5,830,840,7,0,0,139171.26
CarMax Select Receivables Trust 2025-A,2025-07-31,5,840,850,2,0,0,36913.409999999996
CarMax Select Receivables Trust 2025-A,2025-07-31,5,850,860,8,0,0,128670.38
CarMax Select Receivables Trust 2025-A,2025-07-31,5,860,870,4,0,0,43025.270000000004
CarMax Select Receivables Trust 2025-A,2025-07-31,5,870,880,1,0,0,21537.93
CarMax Select Receivables Trust 2025-A,2025-08-31,6,370,380,3,1,0,58955.09
CarMax Select Receivables Trust 2025-A,2025-08-31,6,380,390,1,1,0,40092.19
CarMax Select Receivables Trust 2025-A,2025-08-31,6,390,400,0,2,5,76006.18000000001
CarMax Select Receivables Trust 2025-A,2025-08-31,6,400,410,7,0,2,153933.86000000002
CarMax Select Receivables Trust 2025-A,2025-08-31,6,410,420,9,6,1,218148.57
CarMax Select Receivables Trust 2025-A,2025-08-31,6,420,430,10,5,2,263402.79000000004
CarMax Select Receivables Trust 2025-A,2025-08-31,6,430,440,32,6,3,565915.52
CarMax Select Receivables Trust 2025-A,2025-08-31,6,440,450,31,7,4,641374.6199999999
CarMax Select Receivables Trust 2025-A,2025-08-31,6,450,460,45,6,3,727440.33
CarMax Select Receivables Trust 2025-A,2025-08-31,6,460,470,36,8,7,748037.63
CarMax Select Receivables Trust 2025-A,2025-08-31,6,470,480,73,14,10,1390710.7500000002
CarMax Select Receivables Trust 2025-A,2025-08-31,6,480,490,83,11,21,1748981.1299999992
CarMax Select Receivables Trust 2025-A,2025-08-31,6,490,500,119,32,17,2710733.49
CarMax Select Receivables Trust 2025-A,2025-08-31,6,500,510,138,35,20,3260601.060000002
CarMax Select Receivables Trust 2025-A,2025-08-31,6,510,520,180,35,29,4498790.029999999
CarMax Select Receivables Trust 2025-A,2025-08-31,6,520,530,244,46,34,6172126.67
CarMax Select Receivables Trust 2025-A,2025-08-31,6,530,540,761,111,59,18873602.33000001
CarMax Select Receivables Trust 2025-A,2025-08-31,6,540,550,1008,119,67,24673735.78999998
CarMax Select Receivables Trust 2025-A,2025-08-31,6,550,560,1027,118,63,24148353.669999994
CarMax Select Receivables Trust 2025-A,2025-08-31,6,560,570,1229,135,83,28820484.16000001
CarMax Select Receivables Trust 2025-A,2025-08-31,6,570,580,1508,141,80,34689750.16000001
CarMax Select Receivables Trust 2025-A,2025-08-31,6,580,590,1772,144,94,39786328.79000006
CarMax Select Receivables Trust 2025-A,2025-08-31,6,590,600,2297,157,85,49320577.73000001
CarMax Select Receivables Trust 2025-A,2025-08-31,6,600,610,2590,152,110,54595652.6000001
CarMax Select Receivables Trust 2025-A,2025-08-31,6,610,620,3117,157,88,61953787.77999981
CarMax Select Receivables Trust 2025-A,2025-08-31,6,620,630,3773,169,89,73592892.40999992
CarMax Select Receivables Trust 2025-A,2025-08-31,6,630,640,4136,143,82,80600273.3300002
CarMax Select Receivables Trust 2025-A,2025-08-31,6,640,650,4542,133,99,88329336.0400002
CarMax Select Receivables Trust 2025-A,2025-08-31,6,650,660,493,20,9,11993291.1
CarMax Select Receivables Trust 2025-A,2025-08-31,6,660,670,362,17,13,9244011.139999995
CarMax Select Receivables Trust 2025-A,2025-08-31,6,670,680,342,12,5,8453234.679999998
CarMax Select Receivables Trust 2025-A,2025-08-31,6,680,690,299,7,2,7358624.559999996
CarMax Select Receivables Trust 2025-A,2025-08-31,6,690,700,265,7,4,6720678.8100000005
CarMax Select Receivables Trust 2025-A,2025-08-31,6,700,710,91,5,1,1936012.9799999995
CarMax Select Receivables Trust 2025-A,2025-08-31,6,710,720,86,9,3,1912218.5799999996
CarMax Select Receivables Trust 2025-A,2025-08-31,6,720,730,102,3,2,2074028.7900000003
CarMax Select Receivables Trust 2025-A,2025-08-31,6,730,740,54,3,5,1049280.19
CarMax Select Receivables Trust 2025-A,2025-08-31,6,740,750,43,2,2,833129.3800000001
CarMax Select Receivables Trust 2025-A,2025-08-31,6,750,760,28,0,0,508268.1
CarMax Select Receivables Trust 2025-A,2025-08-31,6,760,770,14,1,0,288534.0200000001
CarMax Select Receivables Trust 2025-A,2025-08-31,6,770,780,11,0,0,205865.65
CarMax Select Receivables Trust 2025-A,2025-08-31,6,780,790,16,1,0,305849.58999999997
CarMax Select Receivables Trust 2025-A,2025-08-31,6,790,800,9,0,0,182864.35
CarMax Select Receivables Trust 2025-A,2025-08-31,6,800,810,6,0,0,116237.56999999999
CarMax Select Receivables Trust 2025-A,2025-08-31,6,810,820,2,0,0,38460.55
CarMax Select Receivables Trust 2025-A,2025-08-31,6,820,830,5,0,0,102880.81
CarMax Select Receivables Trust 2025-A,2025-08-31,6,830,840,7,0,0,134846.93
CarMax Select Receivables Trust 2025-A,2025-08-31,6,840,850,2,0,0,35719.18
CarMax Select Receivables Trust 2025-A,2025-08-31,6,850,860,7,0,0,120834.33000000002
CarMax Select Receivables Trust 2025-A,2025-08-31,6,860,870,3,0,0,24328.93
CarMax Select Receivables Trust 2025-A,2025-08-31,6,870,880,1,0,0,21142.36
CarMax Select Receivables Trust 2025-A,2025-09-30,7,370,380,3,1,0,58058.59999999999
CarMax Select Receivables Trust 2025-A,2025-09-30,7,380,390,1,1,0,39779.72
CarMax Select Receivables Trust 2025-A,2025-09-30,7,390,400,0,3,3,73384.92
CarMax Select Receivables Trust 2025-A,2025-09-30,7,400,410,7,0,2,151050.46
CarMax Select Receivables Trust 2025-A,2025-09-30,7,410,420,9,3,4,216235.09999999998
CarMax Select Receivables Trust 2025-A,2025-09-30,7,420,430,10,2,3,250944.74000000002
CarMax Select Receivables Trust 2025-A,2025-09-30,7,430,440,29,6,5,555781.3999999999
CarMax Select Receivables Trust 2025-A,2025-09-30,7,440,450,29,8,4,619049.0300000003
CarMax Select Receivables Trust 2025-A,2025-09-30,7,450,460,37,14,3,714194.3800000001
CarMax Select Receivables Trust 2025-A,2025-09-30,7,460,470,35,8,5,693480.9199999999
CarMax Select Receivables Trust 2025-A,2025-09-30,7,470,480,68,15,13,1340538.8299999998
CarMax Select Receivables Trust 2025-A,2025-09-30,7,480,490,79,19,15,1703322.509999999
CarMax Select Receivables Trust 2025-A,2025-09-30,7,490,500,107,43,18,2684231.590000001
CarMax Select Receivables Trust 2025-A,2025-09-30,7,500,510,132,36,17,3140884.150000001
CarMax Select Receivables Trust 2025-A,2025-09-30,7,510,520,171,41,24,4329577.150000001
CarMax Select Receivables Trust 2025-A,2025-09-30,7,520,530,235,46,33,5905513.3900000015
CarMax Select Receivables Trust 2025-A,2025-09-30,7,530,540,748,111,52,18365131.790000003
CarMax Select Receivables Trust 2025-A,2025-09-30,7,540,550,990,106,73,23934265.28999998
CarMax Select Receivables Trust 2025-A,2025-09-30,7,550,560,999,111,70,23418203.469999954
CarMax Select Receivables Trust 2025-A,2025-09-30,7,560,570,1207,132,75,28084321.970000014
CarMax Select Receivables Trust 2025-A,2025-09-30,7,570,580,1449,161,79,33825922.92000004
CarMax Select Receivables Trust 2025-A,2025-09-30,7,580,590,1721,148,90,38405242.06999997
CarMax Select Receivables Trust 2025-A,2025-09-30,7,590,600,2219,165,96,48101606.01000001
CarMax Select Receivables Trust 2025-A,2025-09-30,7,600,610,2528,162,99,53043712.12000001
CarMax Select Receivables Trust 2025-A,2025-09-30,7,610,620,3038,154,78,59873918.39999999
CarMax Select Receivables Trust 2025-A,2025-09-30,7,620,630,3664,164,95,71176252.49999999
CarMax Select Receivables Trust 2025-A,2025-09-30,7,630,640,4008,157,80,77763860.8100004
CarMax Select Receivables Trust 2025-A,2025-09-30,7,640,650,4432,134,81,85406343.12000012
CarMax Select Receivables Trust 2025-A,2025-09-30,7,650,660,485,16,7,11585795.42
CarMax Select Receivables Trust 2025-A,2025-09-30,7,660,670,363,11,9,8877136.350000003
CarMax Select Receivables Trust 2025-A,2025-09-30,7,670,680,335,11,8,8183241.349999999
CarMax Select Receivables Trust 2025-A,2025-09-30,7,680,690,289,9,4,7183975.710000002
CarMax Select Receivables Trust 2025-A,2025-09-30,7,690,700,260,8,3,6519615.279999997
CarMax Select Receivables Trust 2025-A,2025-09-30,7,700,710,89,3,4,1890306.0899999996
CarMax Select Receivables Trust 2025-A,2025-09-30,7,710,720,86,5,5,1861039.0300000003
CarMax Select Receivables Trust 2025-A,2025-09-30,7,720,730,100,4,2,2025310.8900000008
CarMax Select Receivables Trust 2025-A,2025-09-30,7,730,740,54,2,4,1020242.8600000001
CarMax Select Receivables Trust 2025-A,2025-09-30,7,740,750,41,3,2,802566.97
CarMax Select Receivables Trust 2025-A,2025-09-30,7,750,760,26,1,0,485241.35000000003
CarMax Select Receivables Trust 2025-A,2025-09-30,7,760,770,15,0,0,284195.73000000004
CarMax Select Receivables Trust 2025-A,2025-09-30,7,770,780,11,0,0,203137.45
CarMax Select Receivables Trust 2025-A,2025-09-30,7,780,790,16,1,0,301366.68999999994
CarMax Select Receivables Trust 2025-A,2025-09-30,7,790,800,9,0,0,180262.65000000002
CarMax Select Receivables Trust 2025-A,2025-09-30,7,800,810,6,0,0,113918.0
CarMax Select Receivables Trust 2025-A,2025-09-30,7,810,820,2,0,0,37980.64
CarMax Select Receivables Trust 2025-A,2025-09-30,7,820,830,5,0,0,101149.56
CarMax Select Receivables Trust 2025-A,2025-09-30,7,830,840,6,0,0,122638.17000000001
CarMax Select Receivables Trust 2025-A,2025-09-30,7,840,850,2,0,0,34793.19
CarMax Select Receivables Trust 2025-A,2025-09-30,7,850,860,7,0,0,118849.79999999999
CarMax Select Receivables Trust 2025-A,2025-09-30,7,860,870,2,0,0,22922.08
CarMax Select Receivables Trust 2025-A,2025-09-30,7,870,880,1,0,0,20743.94
CarMax Select Receivables Trust 2025-A,2025-10-31,8,370,380,3,1,0,56810.04
CarMax Select Receivables Trust 2025-A,2025-10-31,8,380,390,1,1,0,39779.72
CarMax Select Receivables Trust 2025-A,2025-10-31,8,390,400,3,1,2,71837.28
CarMax Select Receivables Trust 2025-A,2025-10-31,8,400,410,7,0,1,128826.51999999999
CarMax Select Receivables Trust 2025-A,2025-10-31,8,410,420,8,3,5,214228.37000000002
CarMax Select Receivables Trust 2025-A,2025-10-31,8,420,430,9,3,2,229428.59999999998
CarMax Select Receivables Trust 2025-A,2025-10-31,8,430,440,30,7,3,543420.33
CarMax Select Receivables Trust 2025-A,2025-10-31,8,440,450,25,10,6,611846.93
CarMax Select Receivables Trust 2025-A,2025-10-31,8,450,460,31,11,9,690238.4599999998
CarMax Select Receivables Trust 2025-A,2025-10-31,8,460,470,31,12,4,668447.0699999997
CarMax Select Receivables Trust 2025-A,2025-10-31,8,470,480,63,16,10,1283134.8500000003
CarMax Select Receivables Trust 2025-A,2025-10-31,8,480,490,75,16,16,1586857.75
CarMax Select Receivables Trust 2025-A,2025-10-31,8,490,500,105,34,22,2586067.3899999997
CarMax Select Receivables Trust 2025-A,2025-10-31,8,500,510,126,38,13,2984794.2100000004
CarMax Select Receivables Trust 2025-A,2025-10-31,8,510,520,168,39,22,4183804.2
CarMax Select Receivables Trust 2025-A,2025-10-31,8,520,530,233,44,27,5688272.650000001
CarMax Select Receivables Trust 2025-A,2025-10-31,8,530,540,707,116,58,17682086.610000014
CarMax Select Receivables Trust 2025-A,2025-10-31,8,540,550,957,110,67,22982719.01000001
CarMax Select Receivables Trust 2025-A,2025-10-31,8,550,560,966,120,60,22684144.029999968
CarMax Select Receivables Trust 2025-A,2025-10-31,8,560,570,1159,150,70,27233344.460000034
CarMax Select Receivables Trust 2025-A,2025-10-31,8,570,580,1404,152,92,32660955.41
CarMax Select Receivables Trust 2025-A,2025-10-31,8,580,590,1680,147,90,37371063.319999985
CarMax Select Receivables Trust 2025-A,2025-10-31,8,590,600,2138,183,101,46674334.31000005
CarMax Select Receivables Trust 2025-A,2025-10-31,8,600,610,2460,163,83,51243504.379999995
CarMax Select Receivables Trust 2025-A,2025-10-31,8,610,620,2938,156,88,57928147.35999996
CarMax Select Receivables Trust 2025-A,2025-10-31,8,620,630,3561,185,91,68923535.16000004
CarMax Select Receivables Trust 2025-A,2025-10-31,8,630,640,3885,146,83,74917242.44000004
CarMax Select Receivables Trust 2025-A,2025-10-31,8,640,650,4284,150,79,82411879.21000007
CarMax Select Receivables Trust 2025-A,2025-10-31,8,650,660,474,15,11,11278463.429999992
CarMax Select Receivables Trust 2025-A,2025-10-31,8,660,670,348,17,8,8625405.849999998
CarMax Select Receivables Trust 2025-A,2025-10-31,8,670,680,327,13,7,7925423.559999999
CarMax Select Receivables Trust 2025-A,2025-10-31,8,680,690,283,7,4,6887634.14
CarMax Select Receivables Trust 2025-A,2025-10-31,8,690,700,259,3,5,6340226.250000002
CarMax Select Receivables Trust 2025-A,2025-10-31,8,700,710,88,3,3,1818388.8799999997
CarMax Select Receivables Trust 2025-A,2025-10-31,8,710,720,83,9,4,1835893.6400000001
CarMax Select Receivables Trust 2025-A,2025-10-31,8,720,730,99,3,3,1968321.1200000003
CarMax Select Receivables Trust 2025-A,2025-10-31,8,730,740,53,2,2,951994.8199999997
CarMax Select Receivables Trust 2025-A,2025-10-31,8,740,750,40,1,2,758775.65
CarMax Select Receivables Trust 2025-A,2025-10-31,8,750,760,24,2,0,464013.23
CarMax Select Receivables Trust 2025-A,2025-10-31,8,760,770,15,0,0,280942.28
CarMax Select Receivables Trust 2025-A,2025-10-31,8,770,780,10,1,0,200863.66999999998
CarMax Select Receivables Trust 2025-A,2025-10-31,8,780,790,15,2,0,287984.85000000003
CarMax Select Receivables Trust 2025-A,2025-10-31,8,790,800,9,0,0,178156.40999999997
CarMax Select Receivables Trust 2025-A,2025-10-31,8,800,810,6,0,0,111626.71
CarMax Select Receivables Trust 2025-A,2025-10-31,8,810,820,2,0,0,37479.58
CarMax Select Receivables Trust 2025-A,2025-10-31,8,820,830,4,0,0,75202.78
CarMax Select Receivables Trust 2025-A,2025-10-31,8,830,840,6,0,0,120976.31999999999
CarMax Select Receivables Trust 2025-A,2025-10-31,8,840,850,2,0,0,33849.91
CarMax Select Receivables Trust 2025-A,2025-10-31,8,850,860,7,0,0,116833.59
CarMax Select Receivables Trust 2025-A,2025-10-31,8,860,870,2,0,0,22110.04
CarMax Select Receivables Trust 2025-A,2025-10-31,8,870,880,1,0,0,20342.64
CarMax Select Receivables Trust 2025-A,2025-11-30,9,370,380,3,1,0,55893.049999999996
CarMax Select Receivables Trust 2025-A,2025-11-30,9,380,390,0,1,1,39779.72
CarMax Select Receivables Trust 2025-A,2025-11-30,9,390,400,1,4,1,66664.54000000001
CarMax Select Receivables Trust 2025-A,2025-11-30,9,400,410,5,2,1,126944.88999999998
CarMax Select Receivables Trust 2025-A,2025-11-30,9,410,420,9,2,4,196170.22999999998
CarMax Select Receivables Trust 2025-A,2025-11-30,9,420,430,10,1,2,211518.42
CarMax Select Receivables Trust 2025-A,2025-11-30,9,430,440,29,7,3,523384.22
CarMax Select Receivables Trust 2025-A,2025-11-30,9,440,450,24,9,6,581299.45
CarMax Select Receivables Trust 2025-A,2025-11-30,9,450,460,34,9,8,676370.27
CarMax Select Receivables Trust 2025-A,2025-11-30,9,460,470,30,7,8,633987.6300000002
CarMax Select Receivables Trust 2025-A,2025-11-30,9,470,480,54,22,9,1217726.2300000007
CarMax Select Receivables Trust 2025-A,2025-11-30,9,480,490,72,17,18,1567887.2699999996
CarMax Select Receivables Trust 2025-A,2025-11-30,9,490,500,102,24,31,2482915.059999999
CarMax Select Receivables Trust 2025-A,2025-11-30,9,500,510,121,39,16,2934392.9400000004
CarMax Select Receivables Trust 2025-A,2025-11-30,9,510,520,166,31,24,3999979.4699999997
CarMax Select Receivables Trust 2025-A,2025-11-30,9,520,530,211,46,36,5481354.04
CarMax Select Receivables Trust 2025-A,2025-11-30,9,530,540,690,113,64,17251448.80000003
CarMax Select Receivables Trust 2025-A,2025-11-30,9,540,550,914,121,73,22252809.740000017
CarMax Select Receivables Trust 2025-A,2025-11-30,9,550,560,924,120,78,22079772.589999963
CarMax Select Receivables Trust 2025-A,2025-11-30,9,560,570,1123,131,98,26513352.789999995
CarMax Select Receivables Trust 2025-A,2025-11-30,9,570,580,1355,156,94,31657666.90000001
CarMax Select Receivables Trust 2025-A,2025-11-30,9,580,590,1620,140,95,36042839.67000002
CarMax Select Receivables Trust 2025-A,2025-11-30,9,590,600,2078,175,115,45289798.21
CarMax Select Receivables Trust 2025-A,2025-11-30,9,600,610,2378,168,93,49715362.4200001
CarMax Select Receivables Trust 2025-A,2025-11-30,9,610,620,2851,156,95,56135275.27000008
CarMax Select Receivables Trust 2025-A,2025-11-30,9,620,630,3465,175,100,66860254.44000009
CarMax Select Receivables Trust 2025-A,2025-11-30,9,630,640,3776,158,80,72675437.18999992
CarMax Select Receivables Trust 2025-A,2025-11-30,9,640,650,4183,144,84,79972026.52000009
CarMax Select Receivables Trust 2025-A,2025-11-30,9,650,660,455,24,13,10931030.66999999
CarMax Select Receivables Trust 2025-A,2025-11-30,9,660,670,344,11,12,8381949.680000003
CarMax Select Receivables Trust 2025-A,2025-11-30,9,670,680,321,12,6,7691190.28
CarMax Select Receivables Trust 2025-A,2025-11-30,9,680,690,278,5,5,6708887.460000007
CarMax Select Receivables Trust 2025-A,2025-11-30,9,690,700,247,7,5,6101193.850000001
CarMax Select Receivables Trust 2025-A,2025-11-30,9,700,710,84,6,3,1793950.88
CarMax Select Receivables Trust 2025-A,2025-11-30,9,710,720,81,4,7,1728246.7200000004
CarMax Select Receivables Trust 2025-A,2025-11-30,9,720,730,97,3,2,1851453.95
CarMax Select Receivables Trust 2025-A,2025-11-30,9,730,740,52,1,1,888296.8599999999
CarMax Select Receivables Trust 2025-A,2025-11-30,9,740,750,39,1,2,739683.5799999998
CarMax Select Receivables Trust 2025-A,2025-11-30,9,750,760,24,1,1,456812.98
CarMax Select Receivables Trust 2025-A,2025-11-30,9,760,770,15,0,0,276634.91
CarMax Select Receivables Trust 2025-A,2025-11-30,9,770,780,10,0,1,198180.66
CarMax Select Receivables Trust 2025-A,2025-11-30,9,780,790,16,0,1,278166.6400000001
CarMax Select Receivables Trust 2025-A,2025-11-30,9,790,800,8,0,0,145951.7
CarMax Select Receivables Trust 2025-A,2025-11-30,9,800,810,6,0,0,109325.76999999999
CarMax Select Receivables Trust 2025-A,2025-11-30,9,810,820,2,0,0,36987.69
CarMax Select Receivables Trust 2025-A,2025-11-30,9,820,830,4,0,0,73612.24
CarMax Select Receivables Trust 2025-A,2025-11-30,9,830,840,6,0,0,119320.94
CarMax Select Receivables Trust 2025-A,2025-11-30,9,840,850,2,0,0,32888.5
CarMax Select Receivables Trust 2025-A,2025-11-30,9,850,860,7,0,0,115198.28000000001
CarMax Select Receivables Trust 2025-A,2025-11-30,9,860,870,2,0,0,21297.57
CarMax Select Receivables Trust 2025-A,2025-11-30,9,870,880,1,0,0,20140.91
CarMax Select Receivables Trust 2025-A,2025-12-31,10,370,380,3,0,1,55103.2
CarMax Select Receivables Trust 2025-A,2025-12-31,10,380,390,0,2,0,39300.18
CarMax Select Receivables Trust 2025-A,2025-12-31,10,390,400,1,2,3,66076.02
CarMax Select Receivables Trust 2025-A,2025-12-31,10,400,410,6,2,0,115642.78
CarMax Select Receivables Trust 2025-A,2025-12-31,10,410,420,7,5,2,188767.43999999997
CarMax Select Receivables Trust 2025-A,2025-12-31,10,420,430,9,2,2,208479.83
CarMax Select Receivables Trust 2025-A,2025-12-31,10,430,440,25,6,6,497343.43000000005
CarMax Select Receivables Trust 2025-A,2025-12-31,10,440,450,23,9,5,540046.16
CarMax Select Receivables Trust 2025-A,2025-12-31,10,450,460,31,10,7,636431.4399999998
CarMax Select Receivables Trust 2025-A,2025-12-31,10,460,470,28,9,7,620194.0600000002
CarMax Select Receivables Trust 2025-A,2025-12-31,10,470,480,47,22,12,1155970.8800000001
CarMax Select Receivables Trust 2025-A,2025-12-31,10,480,490,62,25,14,1465387.52
CarMax Select Receivables Trust 2025-A,2025-12-31,10,490,500,91,29,28,2368623.56
CarMax Select Receivables Trust 2025-A,2025-12-31,10,500,510,114,36,24,2888410.5100000007
CarMax Select Receivables Trust 2025-A,2025-12-31,10,510,520,152,35,31,3934309.500000002
CarMax Select Receivables Trust 2025-A,2025-12-31,10,520,530,198,47,42,5297695.340000003
CarMax Select Receivables Trust 2025-A,2025-12-31,10,530,540,664,132,56,16775121.799999995
CarMax Select Receivables Trust 2025-A,2025-12-31,10,540,550,870,125,86,21553101.66999997
CarMax Select Receivables Trust 2025-A,2025-12-31,10,550,560,873,122,96,21274611.999999966
CarMax Select Receivables Trust 2025-A,2025-12-31,10,560,570,1075,149,101,25824357.259999987
CarMax Select Receivables Trust 2025-A,2025-12-31,10,570,580,1301,178,89,30814293.1
CarMax Select Receivables Trust 2025-A,2025-12-31,10,580,590,1552,163,95,34904783.490000054
CarMax Select Receivables Trust 2025-A,2025-12-31,10,590,600,1981,193,130,43924546.759999976
CarMax Select Receivables Trust 2025-A,2025-12-31,10,600,610,2289,185,106,48183319.65000017
CarMax Select Receivables Trust 2025-A,2025-12-31,10,610,620,2700,197,108,54178231.35
CarMax Select Receivables Trust 2025-A,2025-12-31,10,620,630,3344,191,102,64504022.099999994
CarMax Select Receivables Trust 2025-A,2025-12-31,10,630,640,3638,179,94,70306313.24
CarMax Select Receivables Trust 2025-A,2025-12-31,10,640,650,4032,185,88,77467012.5999999
CarMax Select Receivables Trust 2025-A,2025-12-31,10,650,660,443,22,16,10589050.839999989
CarMax Select Receivables Trust 2025-A,2025-12-31,10,660,670,331,15,10,8035455.649999995
CarMax Select Receivables Trust 2025-A,2025-12-31,10,670,680,312,19,3,7493189.330000001
CarMax Select Receivables Trust 2025-A,2025-12-31,10,680,690,269,9,5,6527641.039999998
CarMax Select Receivables Trust 2025-A,2025-12-31,10,690,700,240,6,7,5862579.240000006
CarMax Select Receivables Trust 2025-A,2025-12-31,10,700,710,83,4,4,1733670.439999999
CarMax Select Receivables Trust 2025-A,2025-12-31,10,710,720,79,5,4,1569458.62
CarMax Select Receivables Trust 2025-A,2025-12-31,10,720,730,93,4,2,1789247.9799999993
CarMax Select Receivables Trust 2025-A,2025-12-31,10,730,740,51,3,0,876380.4500000002
CarMax Select Receivables Trust 2025-A,2025-12-31,10,740,750,37,1,3,724432.3099999998
CarMax Select Receivables Trust 2025-A,2025-12-31,10,750,760,21,2,1,429311.14
CarMax Select Receivables Trust 2025-A,2025-12-31,10,760,770,15,0,0,272883.61
CarMax Select Receivables Trust 2025-A,2025-12-31,10,770,780,11,0,0,195663.11000000002
CarMax Select Receivables Trust 2025-A,2025-12-31,10,780,790,14,1,0,269102.47000000003
CarMax Select Receivables Trust 2025-A,2025-12-31,10,790,800,8,0,0,144042.24999999997
CarMax Select Receivables Trust 2025-A,2025-12-31,10,800,810,6,0,0,106446.41
CarMax Select Receivables Trust 2025-A,2025-12-31,10,810,820,2,0,0,36465.76
CarMax Select Receivables Trust 2025-A,2025-12-31,10,820,830,4,0,0,72050.89
CarMax Select Receivables Trust 2025-A,2025-12-31,10,830,840,6,0,0,117550.3
CarMax Select Receivables Trust 2025-A,2025-12-31,10,840,850,2,0,0,31928.81
CarMax Select Receivables Trust 2025-A,2025-12-31,10,850,860,7,0,0,113207.95999999999
CarMax Select Receivables Trust 2025-A,2025-12-31,10,860,870,2,0,0,20476.260000000002
CarMax Select Receivables Trust 2025-A,2025-12-31,10,870,880,1,0,0,20140.91
CarMax Select Receivables Trust 2025-B,2026-01-31,5,390,400,0,1,0,21205.03
CarMax Select Receivables Trust 2025-B,2026-01-31,5,400,410,2,0,0,26660.559999999998
CarMax Select Receivables Trust 2025-B,2026-01-31,5,410,420,4,2,1,95113.1
CarMax Select Receivables Trust 2025-B,2026-01-31,5,420,430,7,1,2,142341.36000000002
CarMax Select Receivables Trust 2025-B,2026-01-31,5,430,440,15,6,1,420125.22000000003
CarMax Select Receivables Trust 2025-B,2026-01-31,5,440,450,18,5,4,464741.58
CarMax Select Receivables Trust 2025-B,2026-01-31,5,450,460,45,9,0,973923.1100000001
CarMax Select Receivables Trust 2025-B,2026-01-31,5,460,470,65,11,7,1395918.8000000003
CarMax Select Receivables Trust 2025-B,2026-01-31,5,470,480,82,19,7,1912934.8599999994
CarMax Select Receivables Trust 2025-B,2026-01-31,5,480,490,82,17,10,1804205.76
CarMax Select Receivables Trust 2025-B,2026-01-31,5,490,500,127,20,10,2931918.3200000003
CarMax Select Receivables Trust 2025-B,2026-01-31,5,500,510,147,29,15,3462743.640000002
CarMax Select Receivables Trust 2025-B,2026-01-31,5,510,520,231,34,18,5228635.810000002
CarMax Select Receivables Trust 2025-B,2026-01-31,5,520,530,229,33,26,5631157.889999999
CarMax Select Receivables Trust 2025-B,2026-01-31,5,530,540,752,82,38,16273792.069999985
CarMax Select Receivables Trust 2025-B,2026-01-31,5,540,550,994,94,46,21367722.349999987
CarMax Select Receivables Trust 2025-B,2026-01-31,5,550,560,1214,84,56,25941490.589999992
CarMax Select Receivables Trust 2025-B,2026-01-31,5,560,570,1412,119,58,29726441.75000004
CarMax Select Receivables Trust 2025-B,2026-01-31,5,570,580,1891,153,59,38764405.129999965
CarMax Select Receivables Trust 2025-B,2026-01-31,5,580,590,2204,151,67,43835284.49000001
CarMax Select Receivables Trust 2025-B,2026-01-31,5,590,600,2870,141,63,54215044.610000096
CarMax Select Receivables Trust 2025-B,2026-01-31,5,600,610,3370,140,91,64223969.87000005
CarMax Select Receivables Trust 2025-B,2026-01-31,5,610,620,3834,179,87,70621769.34999987
CarMax Select Receivables Trust 2025-B,2026-01-31,5,620,630,4572,179,98,85259485.69999981
CarMax Select Receivables Trust 2025-B,2026-01-31,5,630,640,5104,154,79,93208379.1599996
CarMax Select Receivables Trust 2025-B,2026-01-31,5,640,650,5659,166,58,102029438.1399997
CarMax Select Receivables Trust 2025-B,2026-01-31,5,650,660,675,27,12,17301613.83999999
CarMax Select Receivables Trust 2025-B,2026-01-31,5,660,670,594,15,8,15506366.290000008
CarMax Select Receivables Trust 2025-B,2026-01-31,5,670,680,606,7,7,15694731.17999999
CarMax Select Receivables Trust 2025-B,2026-01-31,5,680,690,565,10,6,14925058.959999997
CarMax Select Receivables Trust 2025-B,2026-01-31,5,690,700,607,7,6,15908907.220000003
CarMax Select Receivables Trust 2025-B,2026-01-31,5,700,710,64,3,1,1503849.8799999994
CarMax Select Receivables Trust 2025-B,2026-01-31,5,710,720,58,1,0,1198589.8099999994
CarMax Select Receivables Trust 2025-B,2026-01-31,5,720,730,48,1,1,1082302.1899999997
CarMax Select Receivables Trust 2025-B,2026-01-31,5,730,740,34,3,2,891920.7499999999
CarMax Select Receivables Trust 2025-B,2026-01-31,5,740,750,28,1,1,665603.48
CarMax Select Receivables Trust 2025-B,2026-01-31,5,750,760,23,0,0,459733.55000000005
CarMax Select Receivables Trust 2025-B,2026-01-31,5,760,770,9,2,0,187448.89
CarMax Select Receivables Trust 2025-B,2026-01-31,5,770,780,13,0,0,219038.54000000004
CarMax Select Receivables Trust 2025-B,2026-01-31,5,780,790,6,0,0,180988.49000000002
CarMax Select Receivables Trust 2025-B,2026-01-31,5,790,800,2,0,0,39526.85
CarMax Select Receivables Trust 2025-B,2026-01-31,5,800,810,6,0,0,156817.62
CarMax Select Receivables Trust 2025-B,2026-01-31,5,810,820,3,0,0,108330.40000000001
CarMax Select Receivables Trust 2025-B,2026-01-31,5,820,830,7,0,0,140405.22000000003
CarMax Select Receivables Trust 2025-B,2026-01-31,5,830,840,1,0,0,24813.49
CarMax Select Receivables Trust 2025-B,2026-01-31,5,840,850,4,0,0,77965.8
CarMax Select Receivables Trust 2025-B,2026-01-31,5,850,860,3,0,0,60525.78
CarMax Select Receivables Trust 2025-B,2026-01-31,5,860,870,1,0,0,13742.62
CarMax Select Receivables Trust 2025-B,2026-01-31,5,870,880,1,0,0,25805.18
CarMax Select Receivables Trust 2025-B,2025-08-31,0,390,400,2,0,0,27224.940000000002
CarMax Select Receivables Trust 2025-B,2025-08-31,0,400,410,2,0,0,28879.449999999997
CarMax Select Receivables Trust 2025-B,2025-08-31,0,410,420,10,0,0,137870.5
CarMax Select Receivables Trust 2025-B,2025-08-31,0,420,430,13,0,0,169128.85000000003
CarMax Select Receivables Trust 2025-B,2025-08-31,0,430,440,24,0,0,461784.14999999997
CarMax Select Receivables Trust 2025-B,2025-08-31,0,440,450,29,1,0,521655.04
CarMax Select Receivables Trust 2025-B,2025-08-31,0,450,460,58,0,0,1062825.34
CarMax Select Receivables Trust 2025-B,2025-08-31,0,460,470,88,0,0,1522872.5700000003
CarMax Select Receivables Trust 2025-B,2025-08-31,0,470,480,115,0,0,2097522.6000000006
CarMax Select Receivables Trust 2025-B,2025-08-31,0,480,490,117,1,0,2075545.409999999
CarMax Select Receivables Trust 2025-B,2025-08-31,0,490,500,171,0,0,3251162.599999999
CarMax Select Receivables Trust 2025-B,2025-08-31,0,500,510,204,1,0,3836948.879999999
CarMax Select Receivables Trust 2025-B,2025-08-31,0,510,520,300,0,0,5836449.5100000035
CarMax Select Receivables Trust 2025-B,2025-08-31,0,520,530,302,3,0,6143382.990000001
CarMax Select Receivables Trust 2025-B,2025-08-31,0,530,540,934,3,0,18401730.06000002
CarMax Select Receivables Trust 2025-B,2025-08-31,0,540,550,1201,0,0,23855972.399999987
CarMax Select Receivables Trust 2025-B,2025-08-31,0,550,560,1458,4,0,29311433.359999966
CarMax Select Receivables Trust 2025-B,2025-08-31,0,560,570,1715,5,0,33635197.95000002
CarMax Select Receivables Trust 2025-B,2025-08-31,0,570,580,2273,8,0,43842870.37000012
CarMax Select Receivables Trust 2025-B,2025-08-31,0,580,590,2629,5,0,49754644.65000008
CarMax Select Receivables Trust 2025-B,2025-08-31,0,590,600,3351,9,0,62409270.02000004
CarMax Select Receivables Trust 2025-B,2025-08-31,0,600,610,3913,5,0,73965997.05000015
CarMax Select Receivables Trust 2025-B,2025-08-31,0,610,620,4511,10,0,82415977.49999958
CarMax Select Receivables Trust 2025-B,2025-08-31,0,620,630,5340,9,0,99191714.24000031
CarMax Select Receivables Trust 2025-B,2025-08-31,0,630,640,5870,6,0,109037512.18999986
CarMax Select Receivables Trust 2025-B,2025-08-31,0,640,650,6488,3,0,119287699.00000048
CarMax Select Receivables Trust 2025-B,2025-08-31,0,650,660,769,2,0,19662596.659999993
CarMax Select Receivables Trust 2025-B,2025-08-31,0,660,670,661,0,0,17463515.66999999
CarMax Select Receivables Trust 2025-B,2025-08-31,0,670,680,663,0,0,17724336.39999998
CarMax Select Receivables Trust 2025-B,2025-08-31,0,680,690,626,0,0,16983603.009999998
CarMax Select Receivables Trust 2025-B,2025-08-31,0,690,700,664,0,0,18172575.630000006
CarMax Select Receivables Trust 2025-B,2025-08-31,0,700,710,69,0,0,1616667.47
CarMax Select Receivables Trust 2025-B,2025-08-31,0,710,720,65,0,0,1375766.2400000007
CarMax Select Receivables Trust 2025-B,2025-08-31,0,720,730,56,0,0,1296601.56
CarMax Select Receivables Trust 2025-B,2025-08-31,0,730,740,42,0,0,1052165.1000000003
CarMax Select Receivables Trust 2025-B,2025-08-31,0,740,750,33,0,0,763102.5
CarMax Select Receivables Trust 2025-B,2025-08-31,0,750,760,25,0,0,547755.9299999999
CarMax Select Receivables Trust 2025-B,2025-08-31,0,760,770,12,0,0,215528.46
CarMax Select Receivables Trust 2025-B,2025-08-31,0,770,780,14,0,0,238942.37999999998
CarMax Select Receivables Trust 2025-B,2025-08-31,0,780,790,6,0,0,192291.02000000002
CarMax Select Receivables Trust 2025-B,2025-08-31,0,790,800,2,0,0,41783.35
CarMax Select Receivables Trust 2025-B,2025-08-31,0,800,810,8,0,0,206948.42
CarMax Select Receivables Trust 2025-B,2025-08-31,0,810,820,3,0,0,115540.76
CarMax Select Receivables Trust 2025-B,2025-08-31,0,820,830,8,0,0,197589.00000000003
CarMax Select Receivables Trust 2025-B,2025-08-31,0,830,840,3,0,0,101110.23999999999
CarMax Select Receivables Trust 2025-B,2025-08-31,0,840,850,4,0,0,86288.88999999998
CarMax Select Receivables Trust 2025-B,2025-08-31,0,850,860,3,0,0,65726.38
CarMax Select Receivables Trust 2025-B,2025-08-31,0,860,870,1,0,0,19096.03
CarMax Select Receivables Trust 2025-B,2025-08-31,0,870,880,1,0,0,27641.76
CarMax Select Receivables Trust 2025-B,2025-09-30,1,390,400,1,0,0,21401.02
CarMax Select Receivables Trust 2025-B,2025-09-30,1,400,410,2,0,0,28453.760000000002
CarMax Select Receivables Trust 2025-B,2025-09-30,1,410,420,8,2,0,136018.05
CarMax Select Receivables Trust 2025-B,2025-09-30,1,420,430,12,1,0,166731.92
CarMax Select Receivables Trust 2025-B,2025-09-30,1,430,440,19,5,0,458027.46
CarMax Select Receivables Trust 2025-B,2025-09-30,1,440,450,24,5,0,511821.56000000006
CarMax Select Receivables Trust 2025-B,2025-09-30,1,450,460,52,6,0,1053550.78
CarMax Select Receivables Trust 2025-B,2025-09-30,1,460,470,78,9,0,1503670.2000000002
CarMax Select Receivables Trust 2025-B,2025-09-30,1,470,480,105,10,0,2082434.7999999993
CarMax Select Receivables Trust 2025-B,2025-09-30,1,480,490,100,17,0,2035195.1300000004
CarMax Select Receivables Trust 2025-B,2025-09-30,1,490,500,156,14,1,3225271.0900000003
CarMax Select Receivables Trust 2025-B,2025-09-30,1,500,510,175,28,1,3801391.7799999984
CarMax Select Receivables Trust 2025-B,2025-09-30,1,510,520,271,25,0,5721709.680000001
CarMax Select Receivables Trust 2025-B,2025-09-30,1,520,530,271,28,2,6061693.870000001
CarMax Select Receivables Trust 2025-B,2025-09-30,1,530,540,868,62,1,18110558.49999998
CarMax Select Receivables Trust 2025-B,2025-09-30,1,540,550,1130,63,0,23466354.49000002
CarMax Select Receivables Trust 2025-B,2025-09-30,1,550,560,1366,72,0,28644757.409999985
CarMax Select Receivables Trust 2025-B,2025-09-30,1,560,570,1621,83,3,33018383.850000035
CarMax Select Receivables Trust 2025-B,2025-09-30,1,570,580,2147,105,4,42861551.529999964
CarMax Select Receivables Trust 2025-B,2025-09-30,1,580,590,2509,89,1,48501007.32000006
CarMax Select Receivables Trust 2025-B,2025-09-30,1,590,600,3210,94,2,60776228.06999982
CarMax Select Receivables Trust 2025-B,2025-09-30,1,600,610,3754,110,2,72001865.4
CarMax Select Receivables Trust 2025-B,2025-09-30,1,610,620,4351,108,5,80095060.20999984
CarMax Select Receivables Trust 2025-B,2025-09-30,1,620,630,5157,104,2,96449382.21000011
CarMax Select Receivables Trust 2025-B,2025-09-30,1,630,640,5666,104,4,105684703.07999994
CarMax Select Receivables Trust 2025-B,2025-09-30,1,640,650,6304,97,4,115934897.14999995
CarMax Select Receivables Trust 2025-B,2025-09-30,1,650,660,750,14,0,19326555.84999998
CarMax Select Receivables Trust 2025-B,2025-09-30,1,660,670,641,10,0,17031738.23000001
CarMax Select Receivables Trust 2025-B,2025-09-30,1,670,680,643,7,0,17125947.09999999
CarMax Select Receivables Trust 2025-B,2025-09-30,1,680,690,618,2,0,16610146.39
CarMax Select Receivables Trust 2025-B,2025-09-30,1,690,700,651,6,0,17772805.369999986
CarMax Select Receivables Trust 2025-B,2025-09-30,1,700,710,67,1,0,1566422.31
CarMax Select Receivables Trust 2025-B,2025-09-30,1,710,720,64,0,0,1346638.28
CarMax Select Receivables Trust 2025-B,2025-09-30,1,720,730,51,3,0,1246739.3599999999
CarMax Select Receivables Trust 2025-B,2025-09-30,1,730,740,40,1,0,999762.3099999997
CarMax Select Receivables Trust 2025-B,2025-09-30,1,740,750,32,1,0,756010.3700000001
CarMax Select Receivables Trust 2025-B,2025-09-30,1,750,760,24,0,0,509487.1500000001
CarMax Select Receivables Trust 2025-B,2025-09-30,1,760,770,11,0,0,194150.54000000004
CarMax Select Receivables Trust 2025-B,2025-09-30,1,770,780,14,0,0,235910.93
CarMax Select Receivables Trust 2025-B,2025-09-30,1,780,790,6,0,0,190258.22
CarMax Select Receivables Trust 2025-B,2025-09-30,1,790,800,2,0,0,41344.03999999999
CarMax Select Receivables Trust 2025-B,2025-09-30,1,800,810,7,0,0,177227.19
CarMax Select Receivables Trust 2025-B,2025-09-30,1,810,820,3,0,0,114146.83
CarMax Select Receivables Trust 2025-B,2025-09-30,1,820,830,7,1,0,194457.39
CarMax Select Receivables Trust 2025-B,2025-09-30,1,830,840,3,0,0,99909.3
CarMax Select Receivables Trust 2025-B,2025-09-30,1,840,850,4,0,0,84645.23
CarMax Select Receivables Trust 2025-B,2025-09-30,1,850,860,3,0,0,64543.31
CarMax Select Receivables Trust 2025-B,2025-09-30,1,860,870,1,0,0,17812.08
CarMax Select Receivables Trust 2025-B,2025-09-30,1,870,880,1,0,0,27280.89
CarMax Select Receivables Trust 2025-B,2025-10-31,2,390,400,1,0,0,21592.41
CarMax Select Receivables Trust 2025-B,2025-10-31,2,400,410,2,0,0,28196.78
CarMax Select Receivables Trust 2025-B,2025-10-31,2,410,420,6,3,1,134053.87
CarMax Select Receivables Trust 2025-B,2025-10-31,2,420,430,10,2,1,164077.02
CarMax Select Receivables Trust 2025-B,2025-10-31,2,430,440,17,5,2,454973.25
CarMax Select Receivables Trust 2025-B,2025-10-31,2,440,450,20,7,1,496373.17
CarMax Select Receivables Trust 2025-B,2025-10-31,2,450,460,48,9,1,1044211.8699999998
CarMax Select Receivables Trust 2025-B,2025-10-31,2,460,470,71,12,4,1492297.0200000003
CarMax Select Receivables Trust 2025-B,2025-10-31,2,470,480,98,13,3,2063513.2100000002
CarMax Select Receivables Trust 2025-B,2025-10-31,2,480,490,94,20,3,2015952.3799999997
CarMax Select Receivables Trust 2025-B,2025-10-31,2,490,500,140,23,6,3172030.9100000006
CarMax Select Receivables Trust 2025-B,2025-10-31,2,500,510,166,27,11,3756721.859999997
CarMax Select Receivables Trust 2025-B,2025-10-31,2,510,520,256,33,6,5609537.120000001
CarMax Select Receivables Trust 2025-B,2025-10-31,2,520,530,254,34,10,5963649.040000004
CarMax Select Receivables Trust 2025-B,2025-10-31,2,530,540,820,84,13,17656244.27999999
CarMax Select Receivables Trust 2025-B,2025-10-31,2,540,550,1092,76,13,22868387.83000003
CarMax Select Receivables Trust 2025-B,2025-10-31,2,550,560,1305,100,15,27978438.67999999
CarMax Select Receivables Trust 2025-B,2025-10-31,2,560,570,1546,108,25,32127564.970000025
CarMax Select Receivables Trust 2025-B,2025-10-31,2,570,580,2070,121,33,41927600.49000002
CarMax Select Receivables Trust 2025-B,2025-10-31,2,580,590,2427,118,22,47455707.86999986
CarMax Select Receivables Trust 2025-B,2025-10-31,2,590,600,3099,135,28,59154144.919999994
CarMax Select Receivables Trust 2025-B,2025-10-31,2,600,610,3634,155,25,70092357.10999994
CarMax Select Receivables Trust 2025-B,2025-10-31,2,610,620,4226,123,43,78012961.1900001
CarMax Select Receivables Trust 2025-B,2025-10-31,2,620,630,5001,148,30,93444878.17000005
CarMax Select Receivables Trust 2025-B,2025-10-31,2,630,640,5516,138,26,102417538.46999992
CarMax Select Receivables Trust 2025-B,2025-10-31,2,640,650,6140,133,26,112435191.71000019
CarMax Select Receivables Trust 2025-B,2025-10-31,2,650,660,723,18,6,18682212.58999999
CarMax Select Receivables Trust 2025-B,2025-10-31,2,660,670,625,14,3,16639880.360000005
CarMax Select Receivables Trust 2025-B,2025-10-31,2,670,680,633,7,1,16716881.459999993
CarMax Select Receivables Trust 2025-B,2025-10-31,2,680,690,604,6,2,16242728.719999991
CarMax Select Receivables Trust 2025-B,2025-10-31,2,690,700,640,5,2,17292164.030000016
CarMax Select Receivables Trust 2025-B,2025-10-31,2,700,710,68,0,0,1549770.9000000001
CarMax Select Receivables Trust 2025-B,2025-10-31,2,710,720,62,2,0,1333628.1
CarMax Select Receivables Trust 2025-B,2025-10-31,2,720,730,51,2,1,1230939.8199999998
CarMax Select Receivables Trust 2025-B,2025-10-31,2,730,740,37,3,0,968650.1899999998
CarMax Select Receivables Trust 2025-B,2025-10-31,2,740,750,31,1,0,696664.2500000002
CarMax Select Receivables Trust 2025-B,2025-10-31,2,750,760,24,0,0,502744.15
CarMax Select Receivables Trust 2025-B,2025-10-31,2,760,770,11,0,0,192406.66999999998
CarMax Select Receivables Trust 2025-B,2025-10-31,2,770,780,14,0,0,232978.64999999997
CarMax Select Receivables Trust 2025-B,2025-10-31,2,780,790,6,0,0,188121.77000000002
CarMax Select Receivables Trust 2025-B,2025-10-31,2,790,800,2,0,0,40888.78
CarMax Select Receivables Trust 2025-B,2025-10-31,2,800,810,6,0,0,165321.26
CarMax Select Receivables Trust 2025-B,2025-10-31,2,810,820,3,0,0,112911.07
CarMax Select Receivables Trust 2025-B,2025-10-31,2,820,830,7,1,0,190987.51
CarMax Select Receivables Trust 2025-B,2025-10-31,2,830,840,2,0,0,79376.74
CarMax Select Receivables Trust 2025-B,2025-10-31,2,840,850,4,0,0,82989.01999999999
CarMax Select Receivables Trust 2025-B,2025-10-31,2,850,860,3,0,0,63441.090000000004
CarMax Select Receivables Trust 2025-B,2025-10-31,2,860,870,1,0,0,17424.63
CarMax Select Receivables Trust 2025-B,2025-10-31,2,870,880,1,0,0,26912.6
CarMax Select Receivables Trust 2025-B,2025-11-30,3,390,400,0,1,0,21592.41
CarMax Select Receivables Trust 2025-B,2025-11-30,3,400,410,2,0,0,27859.71
CarMax Select Receivables Trust 2025-B,2025-11-30,3,410,420,6,0,4,132160.47
CarMax Select Receivables Trust 2025-B,2025-11-30,3,420,430,8,3,2,162318.34999999998
CarMax Select Receivables Trust 2025-B,2025-11-30,3,430,440,16,4,4,451834.24000000005
CarMax Select Receivables Trust 2025-B,2025-11-30,3,440,450,21,4,3,494579.3200000001
CarMax Select Receivables Trust 2025-B,2025-11-30,3,450,460,46,8,4,1035764.14
CarMax Select Receivables Trust 2025-B,2025-11-30,3,460,470,68,11,8,1479722.0899999999
CarMax Select Receivables Trust 2025-B,2025-11-30,3,470,480,91,19,2,2014812.7200000002
CarMax Select Receivables Trust 2025-B,2025-11-30,3,480,490,88,20,6,1975265.7
CarMax Select Receivables Trust 2025-B,2025-11-30,3,490,500,133,26,9,3124934.8000000003
CarMax Select Receivables Trust 2025-B,2025-11-30,3,500,510,159,29,15,3706794.4699999993
CarMax Select Receivables Trust 2025-B,2025-11-30,3,510,520,244,35,12,5496517.770000002
CarMax Select Receivables Trust 2025-B,2025-11-30,3,520,530,237,44,16,5905207.330000007
CarMax Select Receivables Trust 2025-B,2025-11-30,3,530,540,795,76,38,17259047.099999994
CarMax Select Receivables Trust 2025-B,2025-11-30,3,540,550,1060,85,25,22433948.820000015
CarMax Select Receivables Trust 2025-B,2025-11-30,3,550,560,1293,72,38,27340637.799999952
CarMax Select Receivables Trust 2025-B,2025-11-30,3,560,570,1511,101,36,31313695.629999977
CarMax Select Receivables Trust 2025-B,2025-11-30,3,570,580,2028,119,45,40927307.20999999
CarMax Select Receivables Trust 2025-B,2025-11-30,3,580,590,2362,119,51,46361492.400000006
CarMax Select Receivables Trust 2025-B,2025-11-30,3,590,600,3024,128,59,57498884.830000065
CarMax Select Receivables Trust 2025-B,2025-11-30,3,600,610,3554,151,52,68335755.65999998
CarMax Select Receivables Trust 2025-B,2025-11-30,3,610,620,4119,120,70,75552742.12000003
CarMax Select Receivables Trust 2025-B,2025-11-30,3,620,630,4883,150,58,90889817.02000017
CarMax Select Receivables Trust 2025-B,2025-11-30,3,630,640,5382,148,54,99351373.70999984
CarMax Select Receivables Trust 2025-B,2025-11-30,3,640,650,6018,121,56,109205503.52999976
CarMax Select Receivables Trust 2025-B,2025-11-30,3,650,660,715,16,9,18309482.710000005
CarMax Select Receivables Trust 2025-B,2025-11-30,3,660,670,612,16,9,16337891.560000006
CarMax Select Receivables Trust 2025-B,2025-11-30,3,670,680,618,8,4,16249139.989999983
CarMax Select Receivables Trust 2025-B,2025-11-30,3,680,690,598,6,2,15942927.39
CarMax Select Receivables Trust 2025-B,2025-11-30,3,690,700,627,6,3,16830281.349999994
CarMax Select Receivables Trust 2025-B,2025-11-30,3,700,710,67,1,0,1534223.99
CarMax Select Receivables Trust 2025-B,2025-11-30,3,710,720,60,0,2,1283687.4299999997
CarMax Select Receivables Trust 2025-B,2025-11-30,3,720,730,50,2,2,1215918.5300000003
CarMax Select Receivables Trust 2025-B,2025-11-30,3,730,740,37,1,1,919565.7000000001
CarMax Select Receivables Trust 2025-B,2025-11-30,3,740,750,30,1,0,690373.0900000001
CarMax Select Receivables Trust 2025-B,2025-11-30,3,750,760,24,0,0,495816.48
CarMax Select Receivables Trust 2025-B,2025-11-30,3,760,770,11,0,0,190646.44
CarMax Select Receivables Trust 2025-B,2025-11-30,3,770,780,13,0,0,224386.37999999998
CarMax Select Receivables Trust 2025-B,2025-11-30,3,780,790,6,0,0,185887.8
CarMax Select Receivables Trust 2025-B,2025-11-30,3,790,800,2,0,0,40446.04
CarMax Select Receivables Trust 2025-B,2025-11-30,3,800,810,6,0,0,162147.21000000002
CarMax Select Receivables Trust 2025-B,2025-11-30,3,810,820,3,0,0,111690.93
CarMax Select Receivables Trust 2025-B,2025-11-30,3,820,830,7,0,1,187186.5
CarMax Select Receivables Trust 2025-B,2025-11-30,3,830,840,2,0,0,78412.3
CarMax Select Receivables Trust 2025-B,2025-11-30,3,840,850,4,0,0,81317.14
CarMax Select Receivables Trust 2025-B,2025-11-30,3,850,860,3,0,0,62479.25
CarMax Select Receivables Trust 2025-B,2025-11-30,3,860,870,1,0,0,17020.53
CarMax Select Receivables Trust 2025-B,2025-11-30,3,870,880,1,0,0,26547.37
CarMax Select Receivables Trust 2025-B,2025-12-31,4,390,400,1,0,0,21205.03
CarMax Select Receivables Trust 2025-B,2025-12-31,4,400,410,2,0,0,27135.44
CarMax Select Receivables Trust 2025-B,2025-12-31,4,410,420,5,1,3,126732.62000000001
CarMax Select Receivables Trust 2025-B,2025-12-31,4,420,430,7,1,3,145272.59000000003
CarMax Select Receivables Trust 2025-B,2025-12-31,4,430,440,15,6,1,423572.44000000006
CarMax Select Receivables Trust 2025-B,2025-12-31,4,440,450,15,9,3,468390.06000000006
CarMax Select Receivables Trust 2025-B,2025-12-31,4,450,460,45,8,3,1025351.4000000001
CarMax Select Receivables Trust 2025-B,2025-12-31,4,460,470,63,12,12,1468239.7599999998
CarMax Select Receivables Trust 2025-B,2025-12-31,4,470,480,86,17,7,1960848.6
CarMax Select Receivables Trust 2025-B,2025-12-31,4,480,490,80,22,9,1859111.0300000003
CarMax Select Receivables Trust 2025-B,2025-12-31,4,490,500,133,15,16,3038944.7000000007
CarMax Select Receivables Trust 2025-B,2025-12-31,4,500,510,153,29,14,3545394.8600000013
CarMax Select Receivables Trust 2025-B,2025-12-31,4,510,520,228,46,13,5368656.78
CarMax Select Receivables Trust 2025-B,2025-12-31,4,520,530,225,41,27,5765010.419999998
CarMax Select Receivables Trust 2025-B,2025-12-31,4,530,540,757,98,42,16920613.840000004
CarMax Select Receivables Trust 2025-B,2025-12-31,4,540,550,1004,109,39,21913912.91
CarMax Select Receivables Trust 2025-B,2025-12-31,4,550,560,1237,94,52,26708059.899999987
CarMax Select Receivables Trust 2025-B,2025-12-31,4,560,570,1448,127,44,30516298.869999964
CarMax Select Receivables Trust 2025-B,2025-12-31,4,570,580,1953,129,58,39804506.86999998
CarMax Select Receivables Trust 2025-B,2025-12-31,4,580,590,2266,155,55,45209878.95999998
CarMax Select Receivables Trust 2025-B,2025-12-31,4,590,600,2925,153,70,55979257.35000002
CarMax Select Receivables Trust 2025-B,2025-12-31,4,600,610,3439,173,75,66460872.620000005
CarMax Select Receivables Trust 2025-B,2025-12-31,4,610,620,3974,170,70,73167392.42999992
CarMax Select Receivables Trust 2025-B,2025-12-31,4,620,630,4687,208,74,87983989.67999995
CarMax Select Receivables Trust 2025-B,2025-12-31,4,630,640,5241,157,71,96479421.21000002
CarMax Select Receivables Trust 2025-B,2025-12-31,4,640,650,5822,177,49,105843831.8000001
CarMax Select Receivables Trust 2025-B,2025-12-31,4,650,660,676,38,11,17806541.349999998
CarMax Select Receivables Trust 2025-B,2025-12-31,4,660,670,602,14,13,15943544.440000001
CarMax Select Receivables Trust 2025-B,2025-12-31,4,670,680,607,13,4,15964967.469999999
CarMax Select Receivables Trust 2025-B,2025-12-31,4,680,690,581,11,2,15375531.97999999
CarMax Select Receivables Trust 2025-B,2025-12-31,4,690,700,618,4,7,16426003.350000001
CarMax Select Receivables Trust 2025-B,2025-12-31,4,700,710,67,1,0,1518460.4199999997
CarMax Select Receivables Trust 2025-B,2025-12-31,4,710,720,58,1,1,1243861.59
CarMax Select Receivables Trust 2025-B,2025-12-31,4,720,730,48,1,3,1147909.6099999999
CarMax Select Receivables Trust 2025-B,2025-12-31,4,730,740,35,4,0,908811.3500000002
CarMax Select Receivables Trust 2025-B,2025-12-31,4,740,750,28,3,0,683759.3999999999
CarMax Select Receivables Trust 2025-B,2025-12-31,4,750,760,23,0,0,465618.22
CarMax Select Receivables Trust 2025-B,2025-12-31,4,760,770,10,1,0,189328.1
CarMax Select Receivables Trust 2025-B,2025-12-31,4,770,780,13,0,0,221967.53
CarMax Select Receivables Trust 2025-B,2025-12-31,4,780,790,6,0,0,182975.52000000002
CarMax Select Receivables Trust 2025-B,2025-12-31,4,790,800,2,0,0,39998.5
CarMax Select Receivables Trust 2025-B,2025-12-31,4,800,810,6,0,0,159482.21
CarMax Select Receivables Trust 2025-B,2025-12-31,4,810,820,3,0,0,109405.76000000001
CarMax Select Receivables Trust 2025-B,2025-12-31,4,820,830,7,0,1,183584.01
CarMax Select Receivables Trust 2025-B,2025-12-31,4,830,840,1,0,0,25123.23
CarMax Select Receivables Trust 2025-B,2025-12-31,4,840,850,4,0,0,79634.51
CarMax Select Receivables Trust 2025-B,2025-12-31,4,850,860,3,0,0,61426.43000000001
CarMax Select Receivables Trust 2025-B,2025-12-31,4,860,870,1,0,0,16096.86
CarMax Select Receivables Trust 2025-B,2025-12-31,4,870,880,1,0,0,26174.83
CarMax Select Receivables Trust 2026-A,2026-01-31,0,390,400,2,0,0,35625.64
CarMax Select Receivables Trust 2026-A,2026-01-31,0,400,410,1,0,0,19274.61
CarMax Select Receivables Trust 2026-A,2026-01-31,0,410,420,7,0,0,130403.99
CarMax Select Receivables Trust 2026-A,2026-01-31,0,420,430,8,1,0,196328.15000000002
CarMax Select Receivables Trust 2026-A,2026-01-31,0,430,440,18,1,0,363675.94999999995
CarMax Select Receivables Trust 2026-A,2026-01-31,0,440,450,30,0,0,564231.9800000001
CarMax Select Receivables Trust 2026-A,2026-01-31,0,450,460,49,2,0,920582.8
CarMax Select Receivables Trust 2026-A,2026-01-31,0,460,470,48,2,0,1011515.6300000001
CarMax Select Receivables Trust 2026-A,2026-01-31,0,470,480,86,1,0,1656119.0100000002
CarMax Select Receivables Trust 2026-A,2026-01-31,0,480,490,99,0,0,1980636.0
CarMax Select Receivables Trust 2026-A,2026-01-31,0,490,500,122,1,0,2452629.04
CarMax Select Receivables Trust 2026-A,2026-01-31,0,500,510,134,0,0,2752324.62
CarMax Select Receivables Trust 2026-A,2026-01-31,0,510,520,211,3,0,4335088.609999999
CarMax Select Receivables Trust 2026-A,2026-01-31,0,520,530,299,3,0,6031742.280000005
CarMax Select Receivables Trust 2026-A,2026-01-31,0,530,540,918,4,0,16531119.339999977
CarMax Select Receivables Trust 2026-A,2026-01-31,0,540,550,1153,6,0,20369894.119999994
CarMax Select Receivables Trust 2026-A,2026-01-31,0,550,560,1617,13,0,27746446.630000003
CarMax Select Receivables Trust 2026-A,2026-01-31,0,560,570,1885,11,0,31091240.259999998
CarMax Select Receivables Trust 2026-A,2026-01-31,0,570,580,2437,15,0,40451898.12999995
CarMax Select Receivables Trust 2026-A,2026-01-31,0,580,590,2917,9,0,46795405.82999984
CarMax Select Receivables Trust 2026-A,2026-01-31,0,590,600,3405,16,0,53794765.54000002
CarMax Select Receivables Trust 2026-A,2026-01-31,0,600,610,3724,12,0,59840846.71999993
CarMax Select Receivables Trust 2026-A,2026-01-31,0,610,620,4059,11,0,63970306.890000105
CarMax Select Receivables Trust 2026-A,2026-01-31,0,620,630,4582,16,0,74845082.79000002
CarMax Select Receivables Trust 2026-A,2026-01-31,0,630,640,4897,5,0,83255657.16000007
CarMax Select Receivables Trust 2026-A,2026-01-31,0,640,650,4837,8,0,82933003.18999995
CarMax Select Receivables Trust 2026-A,2026-01-31,0,650,660,821,2,0,22141872.879999984
CarMax Select Receivables Trust 2026-A,2026-01-31,0,660,670,733,0,0,20279024.17
CarMax Select Receivables Trust 2026-A,2026-01-31,0,670,680,745,0,0,21142259.179999966
CarMax Select Receivables Trust 2026-A,2026-01-31,0,680,690,656,1,0,18614682.480000008
CarMax Select Receivables Trust 2026-A,2026-01-31,0,690,700,673,0,0,18603634.190000005
CarMax Select Receivables Trust 2026-A,2026-01-31,0,700,710,69,2,0,1542819.1000000006
CarMax Select Receivables Trust 2026-A,2026-01-31,0,710,720,69,0,0,1500703.6400000001
CarMax Select Receivables Trust 2026-A,2026-01-31,0,720,730,43,0,0,991922.62
CarMax Select Receivables Trust 2026-A,2026-01-31,0,730,740,43,0,0,936629.06
CarMax Select Receivables Trust 2026-A,2026-01-31,0,740,750,22,0,0,485592.54999999993
CarMax Select Receivables Trust 2026-A,2026-01-31,0,750,760,15,0,0,319385.14
CarMax Select Receivables Trust 2026-A,2026-01-31,0,760,770,10,0,0,228981.88999999998
CarMax Select Receivables Trust 2026-A,2026-01-31,0,770,780,10,0,0,195296.87
CarMax Select Receivables Trust 2026-A,2026-01-31,0,780,790,5,0,0,106232.88
CarMax Select Receivables Trust 2026-A,2026-01-31,0,790,800,5,0,0,138519.0
CarMax Select Receivables Trust 2026-A,2026-01-31,0,800,810,3,0,0,57430.509999999995
CarMax Select Receivables Trust 2026-A,2026-01-31,0,810,820,3,0,0,95102.63
CarMax Select Receivables Trust 2026-A,2026-01-31,0,820,830,3,0,0,75215.73999999999
CarMax Select Receivables Trust 2026-A,2026-01-31,0,830,840,2,0,0,28123.910000000003
CarMax Select Receivables Trust 2026-A,2026-01-31,0,840,850,6,0,0,135155.59000000003
CarMax Select Receivables Trust 2026-A,2026-01-31,0,860,870,2,0,0,46596.56
CarMax Select Receivables Trust 2026-A,2026-01-31,0,870,880,1,0,0,25551.34
