month,fico_low,new_used,seasoned,at_risk,repos,reversed
2017-02,380,1,0,1,0,0
2017-02,400,2,0,1,0,0
2017-02,410,2,0,1,0,0
2017-02,420,1,0,2,0,0
2017-02,420,2,0,1,0,0
2017-02,430,1,0,5,0,0
2017-02,440,1,0,8,0,0
2017-02,440,2,0,2,0,0
2017-02,450,1,0,11,0,0
2017-02,450,2,0,1,0,0
2017-02,460,1,0,19,0,0
2017-02,460,2,0,1,0,0
2017-02,470,1,0,27,0,0
2017-02,470,2,0,2,0,0
2017-02,480,1,0,28,0,0
2017-02,480,2,0,9,0,0
2017-02,490,1,0,50,0,0
2017-02,490,2,0,13,0,0
2017-02,500,1,0,60,0,0
2017-02,500,2,0,16,0,0
2017-02,510,1,0,95,0,0
2017-02,510,2,0,15,0,0
2017-02,520,1,0,130,0,0
2017-02,520,2,0,26,0,0
2017-02,530,1,0,193,2,1
2017-02,530,2,0,44,0,0
2017-02,540,1,0,223,0,0
2017-02,540,2,0,39,0,0
2017-02,550,1,0,307,0,0
2017-02,550,2,0,56,0,0
2017-02,560,1,0,312,0,0
2017-02,560,2,0,73,0,0
2017-02,570,1,0,475,0,0
2017-02,570,2,0,102,1,0
2017-02,580,1,0,487,0,0
2017-02,580,2,0,102,0,0
2017-02,590,1,0,617,2,0
2017-02,590,2,0,114,0,0
2017-02,600,1,0,761,0,0
2017-02,600,2,0,141,0,0
2017-02,610,1,0,858,3,0
2017-02,610,2,0,156,0,0
2017-02,620,1,0,951,1,0
2017-02,620,2,0,251,0,0
2017-02,630,1,0,1091,2,0
2017-02,630,2,0,287,0,0
2017-02,640,1,0,1133,0,0
2017-02,640,2,0,300,0,0
2017-02,650,1,0,1332,0,0
2017-02,650,2,0,310,0,0
2017-02,660,1,0,1375,1,0
2017-02,660,2,0,312,0,0
2017-02,670,1,0,1488,0,0
2017-02,670,2,0,360,0,0
2017-02,680,1,0,1344,0,0
2017-02,680,2,0,297,0,0
2017-02,690,1,0,1561,1,0
2017-02,690,2,0,340,0,0
2017-02,700,1,0,1502,0,0
2017-02,700,2,0,268,0,0
2017-02,710,1,0,1591,0,0
2017-02,710,2,0,320,1,0
2017-02,720,1,0,1601,0,0
2017-02,720,2,0,331,0,0
2017-02,730,1,0,1555,1,0
2017-02,730,2,0,289,0,0
2017-02,740,1,0,1528,0,0
2017-02,740,2,0,279,0,0
2017-02,750,1,0,1616,0,0
2017-02,750,2,0,252,0,0
2017-02,760,1,0,1593,1,0
2017-02,760,2,0,273,0,0
2017-02,770,1,0,1659,1,0
2017-02,770,2,0,226,0,0
2017-02,780,1,0,1611,0,0
2017-02,780,2,0,207,0,0
2017-02,790,1,0,1795,0,0
2017-02,790,2,0,233,0,0
2017-02,800,1,0,1834,0,0
2017-02,800,2,0,219,0,0
2017-02,810,1,0,2113,0,0
2017-02,810,2,0,230,0,0
2017-02,820,1,0,2108,0,0
2017-02,820,2,0,224,0,0
2017-02,830,1,0,2075,0,0
2017-02,830,2,0,232,0,0
2017-02,840,1,0,1963,0,0
2017-02,840,2,0,176,0,0
2017-02,850,1,0,1903,0,0
2017-02,850,2,0,182,0,0
2017-02,860,1,0,1388,0,0
2017-02,860,2,0,154,0,0
2017-02,870,1,0,1006,0,0
2017-02,870,2,0,72,0,0
2017-02,880,1,0,512,0,0
2017-02,880,2,0,64,0,0
2017-02,890,1,0,212,0,0
2017-02,890,2,0,14,0,0
2017-03,380,1,0,1,1,0
2017-03,400,2,0,1,0,0
2017-03,410,2,0,1,0,0
2017-03,420,1,0,2,0,0
2017-03,420,2,0,1,0,0
2017-03,430,1,0,5,0,0
2017-03,440,1,0,8,0,0
2017-03,440,2,0,2,0,0
2017-03,450,1,0,11,0,0
2017-03,450,2,0,1,0,0
2017-03,460,1,0,17,0,0
2017-03,460,2,0,1,0,0
2017-03,470,1,0,27,0,0
2017-03,470,2,0,2,0,0
2017-03,480,1,0,28,0,0
2017-03,480,2,0,9,0,0
2017-03,490,1,0,50,0,0
2017-03,490,2,0,12,0,0
2017-03,500,1,0,58,0,0
2017-03,500,2,0,16,0,0
2017-03,510,1,0,93,0,0
2017-03,510,2,0,15,0,0
2017-03,520,1,0,130,0,0
2017-03,520,2,0,26,0,0
2017-03,530,1,0,190,0,0
2017-03,530,2,0,44,0,0
2017-03,540,1,0,222,1,0
2017-03,540,2,0,38,0,0
2017-03,550,1,0,303,1,0
2017-03,550,2,0,55,0,0
2017-03,560,1,0,311,1,0
2017-03,560,2,0,72,0,0
2017-03,570,1,0,469,0,0
2017-03,570,2,0,100,0,0
2017-03,580,1,0,481,0,0
2017-03,580,2,0,101,0,0
2017-03,590,1,0,610,0,0
2017-03,590,2,0,113,0,0
2017-03,600,1,0,756,2,0
2017-03,600,2,0,140,1,0
2017-03,610,1,0,849,0,0
2017-03,610,2,0,153,0,0
2017-03,620,1,0,937,2,0
2017-03,620,2,0,250,0,0
2017-03,630,1,0,1071,0,0
2017-03,630,2,0,282,1,0
2017-03,640,1,0,1125,2,0
2017-03,640,2,0,298,0,0
2017-03,650,1,0,1320,1,0
2017-03,650,2,0,308,0,0
2017-03,660,1,0,1359,1,0
2017-03,660,2,0,307,0,0
2017-03,670,1,0,1474,3,0
2017-03,670,2,0,352,0,0
2017-03,680,1,0,1328,0,0
2017-03,680,2,0,292,1,0
2017-03,690,1,0,1533,0,0
2017-03,690,2,0,334,0,0
2017-03,700,1,0,1472,0,0
2017-03,700,2,0,266,0,0
2017-03,710,1,0,1559,1,0
2017-03,710,2,0,316,1,0
2017-03,720,1,0,1571,0,0
2017-03,720,2,0,325,0,0
2017-03,730,1,0,1523,1,0
2017-03,730,2,0,285,0,0
2017-03,740,1,0,1506,2,0
2017-03,740,2,0,275,0,0
2017-03,750,1,0,1574,0,0
2017-03,750,2,0,247,0,0
2017-03,760,1,0,1563,0,0
2017-03,760,2,0,269,0,0
2017-03,770,1,0,1611,1,0
2017-03,770,2,0,220,0,0
2017-03,780,1,0,1565,0,0
2017-03,780,2,0,205,0,0
2017-03,790,1,0,1750,1,0
2017-03,790,2,0,228,0,0
2017-03,800,1,0,1783,0,0
2017-03,800,2,0,219,0,0
2017-03,810,1,0,2051,0,0
2017-03,810,2,0,224,0,0
2017-03,820,1,0,2053,0,0
2017-03,820,2,0,221,1,0
2017-03,830,1,0,2030,0,0
2017-03,830,2,0,227,0,0
2017-03,840,1,0,1920,0,0
2017-03,840,2,0,171,0,0
2017-03,850,1,0,1855,0,0
2017-03,850,2,0,181,0,0
2017-03,860,1,0,1363,0,0
2017-03,860,2,0,152,0,0
2017-03,870,1,0,985,0,0
2017-03,870,2,0,69,0,0
2017-03,880,1,0,504,0,0
2017-03,880,2,0,64,0,0
2017-03,890,1,0,210,0,0
2017-03,890,2,0,14,0,0
2017-04,400,2,0,1,0,0
2017-04,410,2,0,1,0,0
2017-04,420,1,0,2,0,0
2017-04,420,2,0,1,0,0
2017-04,430,1,0,5,1,1
2017-04,440,1,0,8,0,0
2017-04,440,2,0,2,0,0
2017-04,450,1,0,11,0,0
2017-04,450,2,0,1,0,0
2017-04,460,1,0,17,0,0
2017-04,460,2,0,1,0,0
2017-04,470,1,0,27,0,0
2017-04,470,2,0,2,0,0
2017-04,480,1,0,28,0,0
2017-04,480,2,0,9,0,0
2017-04,490,1,0,49,0,0
2017-04,490,2,0,12,0,0
2017-04,500,1,0,57,0,0
2017-04,500,2,0,15,0,0
2017-04,510,1,0,91,0,0
2017-04,510,2,0,15,0,0
2017-04,520,1,0,128,0,0
2017-04,520,2,0,26,0,0
2017-04,530,1,0,189,0,0
2017-04,530,2,0,43,0,0
2017-04,540,1,0,218,0,0
2017-04,540,2,0,38,0,0
2017-04,550,1,0,296,0,0
2017-04,550,2,0,55,0,0
2017-04,560,1,0,307,2,0
2017-04,560,2,0,69,0,0
2017-04,570,1,0,465,1,0
2017-04,570,2,0,100,1,1
2017-04,580,1,0,477,0,0
2017-04,580,2,0,98,0,0
2017-04,590,1,0,598,2,0
2017-04,590,2,0,109,0,0
2017-04,600,1,0,746,3,0
2017-04,600,2,0,133,1,0
2017-04,610,1,0,840,1,0
2017-04,610,2,0,150,0,0
2017-04,620,1,0,926,2,0
2017-04,620,2,0,247,0,0
2017-04,630,1,0,1052,3,1
2017-04,630,2,0,277,0,0
2017-04,640,1,0,1111,2,0
2017-04,640,2,0,298,0,0
2017-04,650,1,0,1297,1,0
2017-04,650,2,0,302,1,0
2017-04,660,1,0,1336,2,0
2017-04,660,2,0,299,0,0
2017-04,670,1,0,1448,3,0
2017-04,670,2,0,345,0,0
2017-04,680,1,0,1307,1,0
2017-04,680,2,0,286,0,0
2017-04,690,1,0,1508,0,0
2017-04,690,2,0,330,0,0
2017-04,700,1,0,1453,1,0
2017-04,700,2,0,263,0,0
2017-04,710,1,0,1534,1,0
2017-04,710,2,0,310,0,0
2017-04,720,1,0,1536,0,0
2017-04,720,2,0,315,0,0
2017-04,730,1,0,1489,0,0
2017-04,730,2,0,280,0,0
2017-04,740,1,0,1465,0,0
2017-04,740,2,0,270,0,0
2017-04,750,1,0,1538,0,0
2017-04,750,2,0,246,0,0
2017-04,760,1,0,1527,0,0
2017-04,760,2,0,263,0,0
2017-04,770,1,0,1559,0,0
2017-04,770,2,0,217,0,0
2017-04,780,1,0,1519,1,0
2017-04,780,2,0,200,0,0
2017-04,790,1,0,1703,1,0
2017-04,790,2,0,223,0,0
2017-04,800,1,0,1738,0,0
2017-04,800,2,0,211,0,0
2017-04,810,1,0,1990,0,0
2017-04,810,2,0,218,0,0
2017-04,820,1,0,1992,0,0
2017-04,820,2,0,211,0,0
2017-04,830,1,0,1986,0,0
2017-04,830,2,0,220,0,0
2017-04,840,1,0,1876,0,0
2017-04,840,2,0,163,0,0
2017-04,850,1,0,1810,0,0
2017-04,850,2,0,177,0,0
2017-04,860,1,0,1332,0,0
2017-04,860,2,0,149,0,0
2017-04,870,1,0,964,0,0
2017-04,870,2,0,67,0,0
2017-04,880,1,0,492,0,0
2017-04,880,2,0,61,0,0
2017-04,890,1,0,205,0,0
2017-04,890,2,0,13,0,0
2017-05,400,2,0,1,0,0
2017-05,410,2,0,1,0,0
2017-05,420,1,0,2,0,0
2017-05,420,2,0,1,0,0
2017-05,430,1,0,4,0,0
2017-05,440,1,0,8,0,0
2017-05,440,2,0,2,0,0
2017-05,450,1,0,11,0,0
2017-05,450,2,0,1,0,0
2017-05,460,1,0,17,0,0
2017-05,460,2,0,1,0,0
2017-05,470,1,0,26,0,0
2017-05,470,2,0,2,0,0
2017-05,480,1,0,28,0,0
2017-05,480,2,0,9,0,0
2017-05,490,1,0,49,0,0
2017-05,490,2,0,12,0,0
2017-05,500,1,0,56,0,0
2017-05,500,2,0,15,0,0
2017-05,510,1,0,89,1,0
2017-05,510,2,0,15,0,0
2017-05,520,1,0,125,0,0
2017-05,520,2,0,25,0,0
2017-05,530,1,0,187,0,0
2017-05,530,2,0,43,0,0
2017-05,540,1,0,214,1,1
2017-05,540,2,0,38,0,0
2017-05,550,1,0,294,1,0
2017-05,550,2,0,54,0,0
2017-05,560,1,0,304,0,0
2017-05,560,2,0,67,0,0
2017-05,570,1,0,456,1,0
2017-05,570,2,0,97,0,0
2017-05,580,1,0,471,1,0
2017-05,580,2,0,98,0,0
2017-05,590,1,0,591,2,0
2017-05,590,2,0,106,0,0
2017-05,600,1,0,733,3,0
2017-05,600,2,0,129,0,0
2017-05,610,1,0,827,1,0
2017-05,610,2,0,150,1,1
2017-05,620,1,0,917,1,0
2017-05,620,2,0,242,0,0
2017-05,630,1,0,1040,1,0
2017-05,630,2,0,267,0,0
2017-05,640,1,0,1094,2,0
2017-05,640,2,0,290,0,0
2017-05,650,1,0,1280,1,0
2017-05,650,2,0,295,0,0
2017-05,660,1,0,1319,3,1
2017-05,660,2,0,295,1,0
2017-05,670,1,0,1427,0,0
2017-05,670,2,0,341,0,0
2017-05,680,1,0,1284,0,0
2017-05,680,2,0,285,0,0
2017-05,690,1,0,1484,0,0
2017-05,690,2,0,321,0,0
2017-05,700,1,0,1435,3,0
2017-05,700,2,0,260,0,0
2017-05,710,1,0,1513,0,0
2017-05,710,2,0,307,0,0
2017-05,720,1,0,1503,1,0
2017-05,720,2,0,312,0,0
2017-05,730,1,0,1469,0,0
2017-05,730,2,0,276,0,0
2017-05,740,1,0,1442,0,0
2017-05,740,2,0,265,0,0
2017-05,750,1,0,1507,0,0
2017-05,750,2,0,244,0,0
2017-05,760,1,0,1492,0,0
2017-05,760,2,0,260,0,0
2017-05,770,1,0,1535,1,0
2017-05,770,2,0,213,0,0
2017-05,780,1,0,1491,0,0
2017-05,780,2,0,198,0,0
2017-05,790,1,0,1665,0,0
2017-05,790,2,0,218,0,0
2017-05,800,1,0,1707,0,0
2017-05,800,2,0,204,0,0
2017-05,810,1,0,1946,1,0
2017-05,810,2,0,213,0,0
2017-05,820,1,0,1952,0,0
2017-05,820,2,0,206,0,0
2017-05,830,1,0,1942,0,0
2017-05,830,2,0,219,0,0
2017-05,840,1,0,1835,0,0
2017-05,840,2,0,160,0,0
2017-05,850,1,0,1778,0,0
2017-05,850,2,0,174,0,0
2017-05,860,1,0,1308,0,0
2017-05,860,2,0,144,0,0
2017-05,870,1,0,947,0,0
2017-05,870,2,0,67,0,0
2017-05,880,1,0,481,0,0
2017-05,880,2,0,61,0,0
2017-05,890,1,0,200,0,0
2017-05,890,2,0,13,0,0
2017-06,390,1,0,1,0,0
2017-06,400,2,0,1,0,0
2017-06,410,1,0,1,0,0
2017-06,410,2,0,1,0,0
2017-06,420,1,0,3,0,0
2017-06,420,2,0,1,0,0
2017-06,430,1,0,9,0,0
2017-06,430,2,0,1,0,0
2017-06,440,1,0,15,0,0
2017-06,440,2,0,4,0,0
2017-06,450,1,0,29,0,0
2017-06,450,2,0,2,0,0
2017-06,460,1,0,34,0,0
2017-06,460,2,0,5,0,0
2017-06,470,1,0,51,0,0
2017-06,470,2,0,5,0,0
2017-06,480,1,0,50,0,0
2017-06,480,2,0,19,0,0
2017-06,490,1,0,94,0,0
2017-06,490,2,0,21,0,0
2017-06,500,1,0,110,0,0
2017-06,500,2,0,29,0,0
2017-06,510,1,0,159,2,0
2017-06,510,2,0,33,0,0
2017-06,520,1,0,230,0,0
2017-06,520,2,0,46,0,0
2017-06,530,1,0,331,0,0
2017-06,530,2,0,81,0,0
2017-06,540,1,0,401,0,0
2017-06,540,2,0,69,0,0
2017-06,550,1,0,560,1,0
2017-06,550,2,0,97,0,0
2017-06,560,1,0,613,0,0
2017-06,560,2,0,121,0,0
2017-06,570,1,0,849,1,0
2017-06,570,2,0,157,1,0
2017-06,580,1,0,909,0,0
2017-06,580,2,0,181,0,0
2017-06,590,1,0,1125,1,0
2017-06,590,2,0,206,2,0
2017-06,600,1,0,1350,2,1
2017-06,600,2,0,253,0,0
2017-06,610,1,0,1551,0,0
2017-06,610,2,0,283,1,1
2017-06,620,1,0,1793,4,1
2017-06,620,2,0,467,0,0
2017-06,630,1,0,1983,1,0
2017-06,630,2,0,512,1,0
2017-06,640,1,0,1994,0,0
2017-06,640,2,0,561,0,0
2017-06,650,1,0,2373,2,0
2017-06,650,2,0,605,0,0
2017-06,660,1,0,2402,1,0
2017-06,660,2,0,569,1,0
2017-06,670,1,0,2648,0,0
2017-06,670,2,0,627,0,0
2017-06,680,1,0,2491,1,0
2017-06,680,2,0,559,0,0
2017-06,690,1,0,2712,3,0
2017-06,690,2,0,610,0,0
2017-06,700,1,0,2637,1,0
2017-06,700,2,0,567,0,0
2017-06,710,1,0,2797,1,0
2017-06,710,2,0,584,0,0
2017-06,720,1,0,2694,0,0
2017-06,720,2,0,577,0,0
2017-06,730,1,0,2819,0,0
2017-06,730,2,0,519,0,0
2017-06,740,1,0,2783,1,0
2017-06,740,2,0,501,0,0
2017-06,750,1,0,2837,1,0
2017-06,750,2,0,452,0,0
2017-06,760,1,0,2810,1,0
2017-06,760,2,0,498,0,0
2017-06,770,1,0,2854,0,0
2017-06,770,2,0,426,0,0
2017-06,780,1,0,2834,0,0
2017-06,780,2,0,407,0,0
2017-06,790,1,0,3038,0,0
2017-06,790,2,0,445,0,0
2017-06,800,1,0,3221,0,0
2017-06,800,2,0,422,0,0
2017-06,810,1,0,3597,0,0
2017-06,810,2,0,431,0,0
2017-06,820,1,0,3617,0,0
2017-06,820,2,0,442,0,0
2017-06,830,1,0,3594,0,0
2017-06,830,2,0,439,0,0
2017-06,840,1,0,3320,0,0
2017-06,840,2,0,381,0,0
2017-06,850,1,0,3260,0,0
2017-06,850,2,0,367,0,0
2017-06,860,1,0,2427,0,0
2017-06,860,2,0,279,0,0
2017-06,870,1,0,1762,0,0
2017-06,870,2,0,158,0,0
2017-06,880,1,0,919,0,0
2017-06,880,2,0,99,0,0
2017-06,890,1,0,368,0,0
2017-06,890,2,0,28,0,0
2017-07,390,1,0,1,0,0
2017-07,400,2,1,1,0,0
2017-07,410,1,0,1,0,0
2017-07,410,2,1,1,0,0
2017-07,420,1,0,1,0,0
2017-07,420,1,1,2,0,0
2017-07,420,2,1,1,0,0
2017-07,430,1,0,4,0,0
2017-07,430,1,1,4,0,0
2017-07,430,2,0,1,0,0
2017-07,440,1,0,8,0,0
2017-07,440,1,1,7,0,0
2017-07,440,2,0,3,0,0
2017-07,440,2,1,1,0,0
2017-07,450,1,0,18,0,0
2017-07,450,1,1,11,0,0
2017-07,450,2,0,1,0,0
2017-07,450,2,1,1,0,0
2017-07,460,1,0,17,0,0
2017-07,460,1,1,17,0,0
2017-07,460,2,0,4,0,0
2017-07,460,2,1,1,0,0
2017-07,470,1,0,25,0,0
2017-07,470,1,1,25,0,0
2017-07,470,2,0,3,0,0
2017-07,470,2,1,2,0,0
2017-07,480,1,0,22,0,0
2017-07,480,1,1,27,0,0
2017-07,480,2,0,10,0,0
2017-07,480,2,1,9,0,0
2017-07,490,1,0,45,0,0
2017-07,490,1,1,49,1,1
2017-07,490,2,0,9,0,0
2017-07,490,2,1,12,0,0
2017-07,500,1,0,55,0,0
2017-07,500,1,1,53,0,0
2017-07,500,2,0,14,0,0
2017-07,500,2,1,15,0,0
2017-07,510,1,0,72,0,0
2017-07,510,1,1,84,0,0
2017-07,510,2,0,17,0,0
2017-07,510,2,1,15,0,0
2017-07,520,1,0,107,0,0
2017-07,520,1,1,119,0,0
2017-07,520,2,0,20,0,0
2017-07,520,2,1,25,0,0
2017-07,530,1,0,147,0,0
2017-07,530,1,1,181,0,0
2017-07,530,2,0,37,0,0
2017-07,530,2,1,42,0,0
2017-07,540,1,0,191,0,0
2017-07,540,1,1,205,0,0
2017-07,540,2,0,33,0,0
2017-07,540,2,1,35,0,0
2017-07,550,1,0,268,0,0
2017-07,550,1,1,284,0,0
2017-07,550,2,0,43,0,0
2017-07,550,2,1,53,0,0
2017-07,560,1,0,310,1,0
2017-07,560,1,1,293,0,0
2017-07,560,2,0,54,0,0
2017-07,560,2,1,65,0,0
2017-07,570,1,0,393,1,0
2017-07,570,1,1,443,0,0
2017-07,570,2,0,65,0,0
2017-07,570,2,1,88,0,0
2017-07,580,1,0,440,0,0
2017-07,580,1,1,462,0,0
2017-07,580,2,0,83,0,0
2017-07,580,2,1,92,2,1
2017-07,590,1,0,534,1,0
2017-07,590,1,1,575,0,0
2017-07,590,2,0,101,0,0
2017-07,590,2,1,100,0,0
2017-07,600,1,0,626,0,0
2017-07,600,1,1,708,2,1
2017-07,600,2,0,122,0,0
2017-07,600,2,1,128,0,0
2017-07,610,1,0,730,1,0
2017-07,610,1,1,798,1,0
2017-07,610,2,0,137,1,0
2017-07,610,2,1,141,0,0
2017-07,620,1,0,881,0,0
2017-07,620,1,1,888,3,0
2017-07,620,2,0,227,0,0
2017-07,620,2,1,236,0,0
2017-07,630,1,0,944,1,0
2017-07,630,1,1,1013,0,0
2017-07,630,2,0,247,0,0
2017-07,630,2,1,257,0,0
2017-07,640,1,0,909,0,0
2017-07,640,1,1,1073,2,0
2017-07,640,2,0,276,0,0
2017-07,640,2,1,278,0,0
2017-07,650,1,0,1092,0,0
2017-07,650,1,1,1238,1,0
2017-07,650,2,0,311,0,0
2017-07,650,2,1,284,0,0
2017-07,660,1,0,1092,2,0
2017-07,660,1,1,1290,1,0
2017-07,660,2,0,275,0,0
2017-07,660,2,1,287,0,0
2017-07,670,1,0,1225,0,0
2017-07,670,1,1,1389,1,0
2017-07,670,2,0,291,0,0
2017-07,670,2,1,330,0,0
2017-07,680,1,0,1211,0,0
2017-07,680,1,1,1244,0,0
2017-07,680,2,0,280,0,0
2017-07,680,2,1,275,0,0
2017-07,690,1,0,1239,0,0
2017-07,690,1,1,1430,1,0
2017-07,690,2,0,291,0,0
2017-07,690,2,1,308,1,0
2017-07,700,1,0,1212,0,0
2017-07,700,1,1,1385,0,0
2017-07,700,2,0,306,0,0
2017-07,700,2,1,257,0,0
2017-07,710,1,0,1288,0,0
2017-07,710,1,1,1470,1,0
2017-07,710,2,0,278,0,0
2017-07,710,2,1,293,0,0
2017-07,720,1,0,1210,0,0
2017-07,720,1,1,1439,1,0
2017-07,720,2,0,264,0,0
2017-07,720,2,1,302,0,0
2017-07,730,1,0,1362,0,0
2017-07,730,1,1,1410,0,0
2017-07,730,2,0,244,0,0
2017-07,730,2,1,268,0,0
2017-07,740,1,0,1339,1,0
2017-07,740,1,1,1391,0,0
2017-07,740,2,0,240,0,0
2017-07,740,2,1,253,0,0
2017-07,750,1,0,1347,0,0
2017-07,750,1,1,1443,0,0
2017-07,750,2,0,212,0,0
2017-07,750,2,1,236,0,0
2017-07,760,1,0,1325,0,0
2017-07,760,1,1,1435,0,0
2017-07,760,2,0,241,0,0
2017-07,760,2,1,247,0,0
2017-07,770,1,0,1322,0,0
2017-07,770,1,1,1483,0,0
2017-07,770,2,0,216,0,0
2017-07,770,2,1,204,0,0
2017-07,780,1,0,1326,0,0
2017-07,780,1,1,1433,0,0
2017-07,780,2,0,213,0,0
2017-07,780,2,1,192,0,0
2017-07,790,1,0,1377,0,0
2017-07,790,1,1,1587,1,0
2017-07,790,2,0,228,0,0
2017-07,790,2,1,210,0,0
2017-07,800,1,0,1506,0,0
2017-07,800,1,1,1638,0,0
2017-07,800,2,0,223,0,0
2017-07,800,2,1,196,0,0
2017-07,810,1,0,1654,0,0
2017-07,810,1,1,1865,0,0
2017-07,810,2,0,219,0,0
2017-07,810,2,1,203,0,0
2017-07,820,1,0,1655,0,0
2017-07,820,1,1,1872,0,0
2017-07,820,2,0,240,0,0
2017-07,820,2,1,197,0,0
2017-07,830,1,0,1651,0,0
2017-07,830,1,1,1870,0,0
2017-07,830,2,0,217,0,0
2017-07,830,2,1,216,0,0
2017-07,840,1,0,1476,0,0
2017-07,840,1,1,1763,0,0
2017-07,840,2,0,219,0,0
2017-07,840,2,1,155,0,0
2017-07,850,1,0,1488,0,0
2017-07,850,1,1,1705,0,0
2017-07,850,2,0,193,0,0
2017-07,850,2,1,170,0,0
2017-07,860,1,0,1111,0,0
2017-07,860,1,1,1269,0,0
2017-07,860,2,0,138,0,0
2017-07,860,2,1,138,0,0
2017-07,870,1,0,811,0,0
2017-07,870,1,1,919,0,0
2017-07,870,2,0,92,0,0
2017-07,870,2,1,66,0,0
2017-07,880,1,0,443,0,0
2017-07,880,1,1,466,0,0
2017-07,880,2,0,38,0,0
2017-07,880,2,1,61,0,0
2017-07,890,1,0,171,0,0
2017-07,890,1,1,193,0,0
2017-07,890,2,0,15,0,0
2017-07,890,2,1,13,0,0
2017-08,390,1,0,1,0,0
2017-08,400,2,1,1,0,0
2017-08,410,1,0,1,0,0
2017-08,410,2,1,1,0,0
2017-08,420,1,0,1,0,0
2017-08,420,1,1,2,0,0
2017-08,420,2,1,1,0,0
2017-08,430,1,0,4,0,0
2017-08,430,1,1,4,0,0
2017-08,430,2,0,1,0,0
2017-08,440,1,0,8,0,0
2017-08,440,1,1,7,0,0
2017-08,440,2,0,3,0,0
2017-08,440,2,1,1,0,0
2017-08,450,1,0,18,0,0
2017-08,450,1,1,11,0,0
2017-08,450,2,0,1,0,0
2017-08,450,2,1,1,0,0
2017-08,460,1,0,17,0,0
2017-08,460,1,1,17,0,0
2017-08,460,2,0,4,0,0
2017-08,460,2,1,1,0,0
2017-08,470,1,0,24,0,0
2017-08,470,1,1,25,0,0
2017-08,470,2,0,3,0,0
2017-08,470,2,1,2,0,0
2017-08,480,1,0,21,0,0
2017-08,480,1,1,27,0,0
2017-08,480,2,0,10,0,0
2017-08,480,2,1,9,0,0
2017-08,490,1,0,44,0,0
2017-08,490,1,1,48,0,0
2017-08,490,2,0,9,0,0
2017-08,490,2,1,11,0,0
2017-08,500,1,0,54,0,0
2017-08,500,1,1,53,0,0
2017-08,500,2,0,13,0,0
2017-08,500,2,1,13,0,0
2017-08,510,1,0,72,0,0
2017-08,510,1,1,83,0,0
2017-08,510,2,0,17,1,0
2017-08,510,2,1,15,0,0
2017-08,520,1,0,105,1,0
2017-08,520,1,1,116,0,0
2017-08,520,2,0,20,0,0
2017-08,520,2,1,25,0,0
2017-08,530,1,0,144,0,0
2017-08,530,1,1,179,1,1
2017-08,530,2,0,37,0,0
2017-08,530,2,1,40,0,0
2017-08,540,1,0,190,0,0
2017-08,540,1,1,202,0,0
2017-08,540,2,0,33,0,0
2017-08,540,2,1,34,0,0
2017-08,550,1,0,267,0,0
2017-08,550,1,1,282,1,0
2017-08,550,2,0,42,0,0
2017-08,550,2,1,53,0,0
2017-08,560,1,0,307,2,1
2017-08,560,1,1,285,2,0
2017-08,560,2,0,53,0,0
2017-08,560,2,1,63,0,0
2017-08,570,1,0,390,0,0
2017-08,570,1,1,436,1,0
2017-08,570,2,0,64,0,0
2017-08,570,2,1,88,1,0
2017-08,580,1,0,437,1,1
2017-08,580,1,1,456,1,0
2017-08,580,2,0,82,0,0
2017-08,580,2,1,89,1,0
2017-08,590,1,0,525,2,0
2017-08,590,1,1,566,1,0
2017-08,590,2,0,100,0,0
2017-08,590,2,1,98,0,0
2017-08,600,1,0,615,2,0
2017-08,600,1,1,697,1,0
2017-08,600,2,0,116,1,0
2017-08,600,2,1,126,1,0
2017-08,610,1,0,724,2,0
2017-08,610,1,1,786,1,1
2017-08,610,2,0,133,0,0
2017-08,610,2,1,138,0,0
2017-08,620,1,0,872,2,0
2017-08,620,1,1,867,1,0
2017-08,620,2,0,224,1,1
2017-08,620,2,1,230,0,0
2017-08,630,1,0,936,0,0
2017-08,630,1,1,1002,1,0
2017-08,630,2,0,247,0,0
2017-08,630,2,1,255,2,0
2017-08,640,1,0,898,0,0
2017-08,640,1,1,1058,3,0
2017-08,640,2,0,273,0,0
2017-08,640,2,1,266,1,0
2017-08,650,1,0,1079,2,0
2017-08,650,1,1,1219,0,0
2017-08,650,2,0,306,0,0
2017-08,650,2,1,279,0,0
2017-08,660,1,0,1078,0,0
2017-08,660,1,1,1270,1,0
2017-08,660,2,0,274,0,0
2017-08,660,2,1,281,0,0
2017-08,670,1,0,1209,0,0
2017-08,670,1,1,1370,4,0
2017-08,670,2,0,284,0,0
2017-08,670,2,1,325,0,0
2017-08,680,1,0,1196,0,0
2017-08,680,1,1,1222,0,0
2017-08,680,2,0,275,0,0
2017-08,680,2,1,270,0,0
2017-08,690,1,0,1215,0,0
2017-08,690,1,1,1411,2,0
2017-08,690,2,0,289,1,0
2017-08,690,2,1,305,0,0
2017-08,700,1,0,1192,1,0
2017-08,700,1,1,1372,0,0
2017-08,700,2,0,295,0,0
2017-08,700,2,1,250,0,0
2017-08,710,1,0,1264,0,0
2017-08,710,1,1,1446,1,0
2017-08,710,2,0,275,0,0
2017-08,710,2,1,285,1,0
2017-08,720,1,0,1177,0,0
2017-08,720,1,1,1408,2,0
2017-08,720,2,0,258,0,0
2017-08,720,2,1,295,0,0
2017-08,730,1,0,1337,0,0
2017-08,730,1,1,1386,0,0
2017-08,730,2,0,238,0,0
2017-08,730,2,1,264,0,0
2017-08,740,1,0,1310,0,0
2017-08,740,1,1,1367,0,0
2017-08,740,2,0,238,0,0
2017-08,740,2,1,249,0,0
2017-08,750,1,0,1318,1,0
2017-08,750,1,1,1420,1,0
2017-08,750,2,0,208,0,0
2017-08,750,2,1,234,0,0
2017-08,760,1,0,1300,0,0
2017-08,760,1,1,1406,0,0
2017-08,760,2,0,238,0,0
2017-08,760,2,1,241,0,0
2017-08,770,1,0,1289,0,0
2017-08,770,1,1,1455,0,0
2017-08,770,2,0,210,0,0
2017-08,770,2,1,202,0,0
2017-08,780,1,0,1296,0,0
2017-08,780,1,1,1401,1,0
2017-08,780,2,0,211,0,0
2017-08,780,2,1,188,0,0
2017-08,790,1,0,1335,1,0
2017-08,790,1,1,1548,1,0
2017-08,790,2,0,225,0,0
2017-08,790,2,1,207,0,0
2017-08,800,1,0,1461,0,0
2017-08,800,1,1,1620,1,0
2017-08,800,2,0,222,0,0
2017-08,800,2,1,196,0,0
2017-08,810,1,0,1610,0,0
2017-08,810,1,1,1833,0,0
2017-08,810,2,0,214,0,0
2017-08,810,2,1,201,0,0
2017-08,820,1,0,1620,0,0
2017-08,820,1,1,1845,0,0
2017-08,820,2,0,237,0,0
2017-08,820,2,1,194,0,0
2017-08,830,1,0,1613,0,0
2017-08,830,1,1,1846,0,0
2017-08,830,2,0,216,0,0
2017-08,830,2,1,214,0,0
2017-08,840,1,0,1435,0,0
2017-08,840,1,1,1735,0,0
2017-08,840,2,0,214,0,0
2017-08,840,2,1,150,0,0
2017-08,850,1,0,1454,0,0
2017-08,850,1,1,1673,0,0
2017-08,850,2,0,186,0,0
2017-08,850,2,1,165,1,0
2017-08,860,1,0,1086,0,0
2017-08,860,1,1,1247,0,0
2017-08,860,2,0,137,0,0
2017-08,860,2,1,135,0,0
2017-08,870,1,0,789,0,0
2017-08,870,1,1,911,0,0
2017-08,870,2,0,91,0,0
2017-08,870,2,1,64,0,0
2017-08,880,1,0,437,0,0
2017-08,880,1,1,456,0,0
2017-08,880,2,0,38,0,0
2017-08,880,2,1,61,0,0
2017-08,890,1,0,168,0,0
2017-08,890,1,1,193,0,0
2017-08,890,2,0,15,0,0
2017-08,890,2,1,13,0,0
2017-09,390,1,0,1,0,0
2017-09,400,2,1,1,0,0
2017-09,410,1,0,1,0,0
2017-09,410,2,1,1,0,0
2017-09,420,1,0,1,0,0
2017-09,420,1,1,2,0,0
2017-09,420,2,1,1,0,0
2017-09,430,1,0,4,0,0
2017-09,430,1,1,3,0,0
2017-09,430,2,0,1,0,0
2017-09,440,1,0,8,0,0
2017-09,440,1,1,7,0,0
2017-09,440,2,0,3,0,0
2017-09,440,2,1,1,0,0
2017-09,450,1,0,17,0,0
2017-09,450,1,1,11,0,0
2017-09,450,2,0,1,0,0
2017-09,450,2,1,1,0,0
2017-09,460,1,0,17,0,0
2017-09,460,1,1,17,0,0
2017-09,460,2,0,4,0,0
2017-09,460,2,1,1,0,0
2017-09,470,1,0,24,0,0
2017-09,470,1,1,25,0,0
2017-09,470,2,0,2,0,0
2017-09,470,2,1,2,0,0
2017-09,480,1,0,21,0,0
2017-09,480,1,1,27,0,0
2017-09,480,2,0,9,0,0
2017-09,480,2,1,9,0,0
2017-09,490,1,0,44,1,0
2017-09,490,1,1,48,0,0
2017-09,490,2,0,8,0,0
2017-09,490,2,1,11,0,0
2017-09,500,1,0,53,0,0
2017-09,500,1,1,53,0,0
2017-09,500,2,0,13,0,0
2017-09,500,2,1,13,0,0
2017-09,510,1,0,72,0,0
2017-09,510,1,1,82,0,0
2017-09,510,2,0,16,0,0
2017-09,510,2,1,14,0,0
2017-09,520,1,0,101,1,1
2017-09,520,1,1,115,1,1
2017-09,520,2,0,19,0,0
2017-09,520,2,1,25,0,0
2017-09,530,1,0,143,0,0
2017-09,530,1,1,176,1,1
2017-09,530,2,0,36,0,0
2017-09,530,2,1,39,0,0
2017-09,540,1,0,186,0,0
2017-09,540,1,1,195,1,0
2017-09,540,2,0,32,1,1
2017-09,540,2,1,34,0,0
2017-09,550,1,0,265,0,0
2017-09,550,1,1,276,0,0
2017-09,550,2,0,41,0,0
2017-09,550,2,1,52,0,0
2017-09,560,1,0,304,3,0
2017-09,560,1,1,281,0,0
2017-09,560,2,0,53,0,0
2017-09,560,2,1,62,0,0
2017-09,570,1,0,382,0,0
2017-09,570,1,1,425,2,0
2017-09,570,2,0,61,0,0
2017-09,570,2,1,87,0,0
2017-09,580,1,0,433,1,0
2017-09,580,1,1,448,0,0
2017-09,580,2,0,78,0,0
2017-09,580,2,1,88,0,0
2017-09,590,1,0,517,2,1
2017-09,590,1,1,562,0,0
2017-09,590,2,0,97,0,0
2017-09,590,2,1,98,0,0
2017-09,600,1,0,603,0,0
2017-09,600,1,1,687,0,0
2017-09,600,2,0,115,0,0
2017-09,600,2,1,124,0,0
2017-09,610,1,0,709,0,0
2017-09,610,1,1,773,1,0
2017-09,610,2,0,129,1,1
2017-09,610,2,1,136,0,0
2017-09,620,1,0,859,2,1
2017-09,620,1,1,855,0,0
2017-09,620,2,0,215,0,0
2017-09,620,2,1,225,1,0
2017-09,630,1,0,927,0,0
2017-09,630,1,1,987,2,0
2017-09,630,2,0,243,0,0
2017-09,630,2,1,247,1,0
2017-09,640,1,0,881,0,0
2017-09,640,1,1,1042,2,1
2017-09,640,2,0,270,0,0
2017-09,640,2,1,260,0,0
2017-09,650,1,0,1061,0,0
2017-09,650,1,1,1193,2,0
2017-09,650,2,0,300,0,0
2017-09,650,2,1,268,1,0
2017-09,660,1,0,1057,1,0
2017-09,660,1,1,1251,1,0
2017-09,660,2,0,270,0,0
2017-09,660,2,1,273,1,0
2017-09,670,1,0,1191,0,0
2017-09,670,1,1,1338,0,0
2017-09,670,2,0,279,0,0
2017-09,670,2,1,319,0,0
2017-09,680,1,0,1181,0,0
2017-09,680,1,1,1203,1,0
2017-09,680,2,0,273,0,0
2017-09,680,2,1,268,0,0
2017-09,690,1,0,1195,1,0
2017-09,690,1,1,1386,1,1
2017-09,690,2,0,280,1,0
2017-09,690,2,1,302,0,0
2017-09,700,1,0,1161,0,0
2017-09,700,1,1,1353,3,0
2017-09,700,2,0,291,0,0
2017-09,700,2,1,244,0,0
2017-09,710,1,0,1236,0,0
2017-09,710,1,1,1418,0,0
2017-09,710,2,0,270,0,0
2017-09,710,2,1,280,0,0
2017-09,720,1,0,1152,0,0
2017-09,720,1,1,1384,0,0
2017-09,720,2,0,255,0,0
2017-09,720,2,1,292,0,0
2017-09,730,1,0,1313,0,0
2017-09,730,1,1,1373,1,1
2017-09,730,2,0,232,0,0
2017-09,730,2,1,259,0,0
2017-09,740,1,0,1281,0,0
2017-09,740,1,1,1345,0,0
2017-09,740,2,0,232,0,0
2017-09,740,2,1,247,0,0
2017-09,750,1,0,1284,0,0
2017-09,750,1,1,1396,0,0
2017-09,750,2,0,203,0,0
2017-09,750,2,1,227,0,0
2017-09,760,1,0,1265,1,0
2017-09,760,1,1,1381,1,0
2017-09,760,2,0,235,0,0
2017-09,760,2,1,232,0,0
2017-09,770,1,0,1259,0,0
2017-09,770,1,1,1423,1,0
2017-09,770,2,0,206,0,0
2017-09,770,2,1,197,0,0
2017-09,780,1,0,1253,1,0
2017-09,780,1,1,1379,1,0
2017-09,780,2,0,207,0,0
2017-09,780,2,1,185,0,0
2017-09,790,1,0,1298,0,0
2017-09,790,1,1,1514,0,0
2017-09,790,2,0,220,0,0
2017-09,790,2,1,203,0,0
2017-09,800,1,0,1416,0,0
2017-09,800,1,1,1585,0,0
2017-09,800,2,0,220,0,0
2017-09,800,2,1,192,0,0
2017-09,810,1,0,1567,0,0
2017-09,810,1,1,1804,0,0
2017-09,810,2,0,212,0,0
2017-09,810,2,1,198,0,0
2017-09,820,1,0,1562,0,0
2017-09,820,1,1,1808,0,0
2017-09,820,2,0,234,0,0
2017-09,820,2,1,193,0,0
2017-09,830,1,0,1576,0,0
2017-09,830,1,1,1795,0,0
2017-09,830,2,0,213,0,0
2017-09,830,2,1,211,0,0
2017-09,840,1,0,1401,0,0
2017-09,840,1,1,1710,0,0
2017-09,840,2,0,213,0,0
2017-09,840,2,1,145,0,0
2017-09,850,1,0,1423,0,0
2017-09,850,1,1,1641,0,0
2017-09,850,2,0,184,0,0
2017-09,850,2,1,158,0,0
2017-09,860,1,0,1061,0,0
2017-09,860,1,1,1226,0,0
2017-09,860,2,0,136,0,0
2017-09,860,2,1,133,0,0
2017-09,870,1,0,772,0,0
2017-09,870,1,1,902,0,0
2017-09,870,2,0,89,0,0
2017-09,870,2,1,63,0,0
2017-09,880,1,0,431,0,0
2017-09,880,1,1,451,0,0
2017-09,880,2,0,38,0,0
2017-09,880,2,1,61,0,0
2017-09,890,1,0,163,0,0
2017-09,890,1,1,191,0,0
2017-09,890,2,0,15,0,0
2017-09,890,2,1,13,0,0
2017-10,390,1,0,1,0,0
2017-10,400,2,1,1,0,0
2017-10,410,1,0,1,0,0
2017-10,410,2,1,1,0,0
2017-10,420,1,0,1,0,0
2017-10,420,1,1,2,1,0
2017-10,420,2,1,1,0,0
2017-10,430,1,0,3,0,0
2017-10,430,1,1,3,0,0
2017-10,430,2,0,1,0,0
2017-10,440,1,0,8,0,0
2017-10,440,1,1,7,0,0
2017-10,440,2,0,3,0,0
2017-10,440,2,1,1,0,0
2017-10,450,1,0,17,0,0
2017-10,450,1,1,11,0,0
2017-10,450,2,0,1,0,0
2017-10,450,2,1,1,0,0
2017-10,460,1,0,17,0,0
2017-10,460,1,1,16,1,1
2017-10,460,2,0,4,0,0
2017-10,460,2,1,1,0,0
2017-10,470,1,0,24,0,0
2017-10,470,1,1,25,0,0
2017-10,470,2,0,2,0,0
2017-10,470,2,1,2,0,0
2017-10,480,1,0,21,0,0
2017-10,480,1,1,27,0,0
2017-10,480,2,0,9,0,0
2017-10,480,2,1,9,0,0
2017-10,490,1,0,43,0,0
2017-10,490,1,1,48,0,0
2017-10,490,2,0,8,0,0
2017-10,490,2,1,11,0,0
2017-10,500,1,0,51,0,0
2017-10,500,1,1,53,0,0
2017-10,500,2,0,13,0,0
2017-10,500,2,1,11,0,0
2017-10,510,1,0,72,0,0
2017-10,510,1,1,82,0,0
2017-10,510,2,0,16,0,0
2017-10,510,2,1,14,0,0
2017-10,520,1,0,99,0,0
2017-10,520,1,1,113,0,0
2017-10,520,2,0,18,0,0
2017-10,520,2,1,25,0,0
2017-10,530,1,0,142,0,0
2017-10,530,1,1,172,0,0
2017-10,530,2,0,36,0,0
2017-10,530,2,1,38,0,0
2017-10,540,1,0,185,0,0
2017-10,540,1,1,192,0,0
2017-10,540,2,0,29,0,0
2017-10,540,2,1,33,0,0
2017-10,550,1,0,261,0,0
2017-10,550,1,1,274,1,0
2017-10,550,2,0,40,0,0
2017-10,550,2,1,52,0,0
2017-10,560,1,0,298,0,0
2017-10,560,1,1,276,1,0
2017-10,560,2,0,53,0,0
2017-10,560,2,1,62,0,0
2017-10,570,1,0,378,0,0
2017-10,570,1,1,415,3,0
2017-10,570,2,0,60,0,0
2017-10,570,2,1,85,0,0
2017-10,580,1,0,427,0,0
2017-10,580,1,1,439,2,0
2017-10,580,2,0,76,0,0
2017-10,580,2,1,83,0,0
2017-10,590,1,0,507,0,0
2017-10,590,1,1,552,1,0
2017-10,590,2,0,95,0,0
2017-10,590,2,1,97,0,0
2017-10,600,1,0,596,1,0
2017-10,600,1,1,681,1,0
2017-10,600,2,0,115,0,0
2017-10,600,2,1,124,0,0
2017-10,610,1,0,700,0,0
2017-10,610,1,1,758,4,0
2017-10,610,2,0,127,0,0
2017-10,610,2,1,135,0,0
2017-10,620,1,0,846,0,0
2017-10,620,1,1,841,4,1
2017-10,620,2,0,210,0,0
2017-10,620,2,1,219,0,0
2017-10,630,1,0,910,5,0
2017-10,630,1,1,971,0,0
2017-10,630,2,0,240,1,0
2017-10,630,2,1,242,1,0
2017-10,640,1,0,869,0,0
2017-10,640,1,1,1027,2,1
2017-10,640,2,0,266,0,0
2017-10,640,2,1,258,0,0
2017-10,650,1,0,1046,2,0
2017-10,650,1,1,1175,2,1
2017-10,650,2,0,298,0,0
2017-10,650,2,1,264,0,0
2017-10,660,1,0,1039,1,0
2017-10,660,1,1,1237,0,0
2017-10,660,2,0,267,0,0
2017-10,660,2,1,264,0,0
2017-10,670,1,0,1170,1,0
2017-10,670,1,1,1314,1,0
2017-10,670,2,0,273,0,0
2017-10,670,2,1,311,0,0
2017-10,680,1,0,1161,0,0
2017-10,680,1,1,1188,1,0
2017-10,680,2,0,269,0,0
2017-10,680,2,1,264,0,0
2017-10,690,1,0,1174,0,0
2017-10,690,1,1,1364,0,0
2017-10,690,2,0,270,0,0
2017-10,690,2,1,297,0,0
2017-10,700,1,0,1143,0,0
2017-10,700,1,1,1333,1,0
2017-10,700,2,0,288,0,0
2017-10,700,2,1,240,0,0
2017-10,710,1,0,1214,0,0
2017-10,710,1,1,1391,0,0
2017-10,710,2,0,268,0,0
2017-10,710,2,1,278,0,0
2017-10,720,1,0,1131,0,0
2017-10,720,1,1,1362,3,0
2017-10,720,2,0,253,0,0
2017-10,720,2,1,282,0,0
2017-10,730,1,0,1285,0,0
2017-10,730,1,1,1346,1,1
2017-10,730,2,0,229,0,0
2017-10,730,2,1,258,0,0
2017-10,740,1,0,1257,0,0
2017-10,740,1,1,1327,0,0
2017-10,740,2,0,228,0,0
2017-10,740,2,1,241,0,0
2017-10,750,1,0,1261,0,0
2017-10,750,1,1,1363,1,0
2017-10,750,2,0,201,0,0
2017-10,750,2,1,224,0,0
2017-10,760,1,0,1244,0,0
2017-10,760,1,1,1357,0,0
2017-10,760,2,0,229,0,0
2017-10,760,2,1,231,0,0
2017-10,770,1,0,1236,1,0
2017-10,770,1,1,1399,1,0
2017-10,770,2,0,201,0,0
2017-10,770,2,1,189,0,0
2017-10,780,1,0,1222,0,0
2017-10,780,1,1,1353,0,0
2017-10,780,2,0,201,0,0
2017-10,780,2,1,181,1,0
2017-10,790,1,0,1266,0,0
2017-10,790,1,1,1480,0,0
2017-10,790,2,0,220,0,0
2017-10,790,2,1,200,0,0
2017-10,800,1,0,1383,0,0
2017-10,800,1,1,1567,0,0
2017-10,800,2,0,216,0,0
2017-10,800,2,1,187,0,0
2017-10,810,1,0,1523,0,0
2017-10,810,1,1,1777,1,0
2017-10,810,2,0,207,0,0
2017-10,810,2,1,192,1,0
2017-10,820,1,0,1530,0,0
2017-10,820,1,1,1782,1,1
2017-10,820,2,0,226,0,0
2017-10,820,2,1,189,0,0
2017-10,830,1,0,1540,0,0
2017-10,830,1,1,1766,0,0
2017-10,830,2,0,209,0,0
2017-10,830,2,1,204,0,0
2017-10,840,1,0,1365,0,0
2017-10,840,1,1,1691,0,0
2017-10,840,2,0,210,1,0
2017-10,840,2,1,145,0,0
2017-10,850,1,0,1392,0,0
2017-10,850,1,1,1606,0,0
2017-10,850,2,0,182,0,0
2017-10,850,2,1,157,0,0
2017-10,860,1,0,1031,0,0
2017-10,860,1,1,1211,0,0
2017-10,860,2,0,135,0,0
2017-10,860,2,1,131,0,0
2017-10,870,1,0,757,0,0
2017-10,870,1,1,890,0,0
2017-10,870,2,0,88,0,0
2017-10,870,2,1,63,0,0
2017-10,880,1,0,421,0,0
2017-10,880,1,1,445,1,0
2017-10,880,2,0,36,0,0
2017-10,880,2,1,59,0,0
2017-10,890,1,0,161,0,0
2017-10,890,1,1,191,0,0
2017-10,890,2,0,15,0,0
2017-10,890,2,1,13,0,0
2017-11,390,1,1,1,0,0
2017-11,400,2,1,1,0,0
2017-11,410,1,0,2,0,0
2017-11,410,1,1,1,0,0
2017-11,410,2,1,1,0,0
2017-11,420,1,0,3,0,0
2017-11,420,1,1,2,0,0
2017-11,420,2,1,1,0,0
2017-11,430,1,0,6,0,0
2017-11,430,1,1,6,0,0
2017-11,430,2,1,1,0,0
2017-11,440,1,0,8,0,0
2017-11,440,1,1,15,1,0
2017-11,440,2,0,2,0,0
2017-11,440,2,1,4,0,0
2017-11,450,1,0,13,0,0
2017-11,450,1,1,28,0,0
2017-11,450,2,0,6,0,0
2017-11,450,2,1,2,0,0
2017-11,460,1,0,15,0,0
2017-11,460,1,1,31,0,0
2017-11,460,2,0,5,0,0
2017-11,460,2,1,5,0,0
2017-11,470,1,0,26,0,0
2017-11,470,1,1,48,0,0
2017-11,470,2,0,7,0,0
2017-11,470,2,1,2,0,0
2017-11,480,1,0,30,0,0
2017-11,480,1,1,48,0,0
2017-11,480,2,0,9,0,0
2017-11,480,2,1,18,0,0
2017-11,490,1,0,44,0,0
2017-11,490,1,1,90,0,0
2017-11,490,2,0,20,0,0
2017-11,490,2,1,18,0,0
2017-11,500,1,0,77,0,0
2017-11,500,1,1,103,0,0
2017-11,500,2,0,16,0,0
2017-11,500,2,1,24,0,0
2017-11,510,1,0,110,0,0
2017-11,510,1,1,151,0,0
2017-11,510,2,0,32,0,0
2017-11,510,2,1,30,0,0
2017-11,520,1,0,143,0,0
2017-11,520,1,1,208,0,0
2017-11,520,2,0,41,0,0
2017-11,520,2,1,38,0,0
2017-11,530,1,0,230,0,0
2017-11,530,1,1,309,1,1
2017-11,530,2,0,48,0,0
2017-11,530,2,1,73,0,0
2017-11,540,1,0,252,0,0
2017-11,540,1,1,372,1,1
2017-11,540,2,0,47,0,0
2017-11,540,2,1,60,0,0
2017-11,550,1,0,341,0,0
2017-11,550,1,1,528,2,1
2017-11,550,2,0,62,0,0
2017-11,550,2,1,92,0,0
2017-11,560,1,0,421,0,0
2017-11,560,1,1,567,2,0
2017-11,560,2,0,67,0,0
2017-11,560,2,1,112,0,0
2017-11,570,1,0,501,0,0
2017-11,570,1,1,774,1,1
2017-11,570,2,0,106,0,0
2017-11,570,2,1,140,2,0
2017-11,580,1,0,555,0,0
2017-11,580,1,1,848,3,0
2017-11,580,2,0,105,0,0
2017-11,580,2,1,157,0,0
2017-11,590,1,0,674,0,0
2017-11,590,1,1,1041,5,0
2017-11,590,2,0,155,0,0
2017-11,590,2,1,190,2,1
2017-11,600,1,0,804,0,0
2017-11,600,1,1,1259,2,0
2017-11,600,2,0,158,0,0
2017-11,600,2,1,235,1,0
2017-11,610,1,0,1072,0,0
2017-11,610,1,1,1431,2,1
2017-11,610,2,0,169,0,0
2017-11,610,2,1,255,1,0
2017-11,620,1,0,1006,0,0
2017-11,620,1,1,1662,2,0
2017-11,620,2,0,285,0,0
2017-11,620,2,1,422,0,0
2017-11,630,1,0,1198,0,0
2017-11,630,1,1,1850,5,0
2017-11,630,2,0,373,0,0
2017-11,630,2,1,467,1,0
2017-11,640,1,0,1290,0,0
2017-11,640,1,1,1868,3,0
2017-11,640,2,0,341,0,0
2017-11,640,2,1,514,0,0
2017-11,650,1,0,1554,1,0
2017-11,650,1,1,2155,5,0
2017-11,650,2,0,388,0,0
2017-11,650,2,1,553,0,0
2017-11,660,1,0,1539,0,0
2017-11,660,1,1,2236,2,0
2017-11,660,2,0,397,0,0
2017-11,660,2,1,521,1,0
2017-11,670,1,0,1675,0,0
2017-11,670,1,1,2447,1,0
2017-11,670,2,0,420,0,0
2017-11,670,2,1,576,0,0
2017-11,680,1,0,1644,0,0
2017-11,680,1,1,2305,0,0
2017-11,680,2,0,422,0,0
2017-11,680,2,1,520,0,0
2017-11,690,1,0,1787,0,0
2017-11,690,1,1,2494,1,0
2017-11,690,2,0,418,0,0
2017-11,690,2,1,558,2,0
2017-11,700,1,0,1644,0,0
2017-11,700,1,1,2427,3,0
2017-11,700,2,0,389,0,0
2017-11,700,2,1,523,0,0
2017-11,710,1,0,1777,0,0
2017-11,710,1,1,2571,1,0
2017-11,710,2,0,372,0,0
2017-11,710,2,1,532,0,0
2017-11,720,1,0,1778,0,0
2017-11,720,1,1,2459,1,0
2017-11,720,2,0,413,0,0
2017-11,720,2,1,522,0,0
2017-11,730,1,0,1930,1,0
2017-11,730,1,1,2579,1,0
2017-11,730,2,0,386,0,0
2017-11,730,2,1,477,0,0
2017-11,740,1,0,1860,0,0
2017-11,740,1,1,2540,1,0
2017-11,740,2,0,368,0,0
2017-11,740,2,1,458,0,0
2017-11,750,1,0,1989,0,0
2017-11,750,1,1,2582,0,0
2017-11,750,2,0,354,0,0
2017-11,750,2,1,416,0,0
2017-11,760,1,0,1869,0,0
2017-11,760,1,1,2549,0,0
2017-11,760,2,0,342,0,0
2017-11,760,2,1,452,0,0
2017-11,770,1,0,1982,0,0
2017-11,770,1,1,2591,0,0
2017-11,770,2,0,322,0,0
2017-11,770,2,1,382,0,0
2017-11,780,1,0,2057,0,0
2017-11,780,1,1,2528,0,0
2017-11,780,2,0,332,0,0
2017-11,780,2,1,375,0,0
2017-11,790,1,0,2201,0,0
2017-11,790,1,1,2698,0,0
2017-11,790,2,0,333,0,0
2017-11,790,2,1,405,1,0
2017-11,800,1,0,2251,0,0
2017-11,800,1,1,2903,1,0
2017-11,800,2,0,325,0,0
2017-11,800,2,1,398,0,0
2017-11,810,1,0,2400,0,0
2017-11,810,1,1,3232,0,0
2017-11,810,2,0,334,0,0
2017-11,810,2,1,389,0,0
2017-11,820,1,0,2496,0,0
2017-11,820,1,1,3262,0,0
2017-11,820,2,0,345,0,0
2017-11,820,2,1,408,0,0
2017-11,830,1,0,2529,0,0
2017-11,830,1,1,3252,2,0
2017-11,830,2,0,307,0,0
2017-11,830,2,1,406,0,0
2017-11,840,1,0,2309,0,0
2017-11,840,1,1,3002,0,0
2017-11,840,2,0,278,0,0
2017-11,840,2,1,348,0,0
2017-11,850,1,0,2226,0,0
2017-11,850,1,1,2934,0,0
2017-11,850,2,0,291,0,0
2017-11,850,2,1,334,0,0
2017-11,860,1,0,1710,0,0
2017-11,860,1,1,2206,0,0
2017-11,860,2,0,187,0,0
2017-11,860,2,1,261,0,0
2017-11,870,1,0,1210,0,0
2017-11,870,1,1,1619,0,0
2017-11,870,2,0,149,0,0
2017-11,870,2,1,149,0,0
2017-11,880,1,0,718,0,0
2017-11,880,1,1,854,0,0
2017-11,880,2,0,78,0,0
2017-11,880,2,1,94,0,0
2017-11,890,1,0,262,0,0
2017-11,890,1,1,347,0,0
2017-11,890,2,0,23,0,0
2017-11,890,2,1,28,0,0
2017-12,390,1,1,1,0,0
2017-12,400,2,1,1,0,0
2017-12,410,1,0,2,0,0
2017-12,410,1,1,1,0,0
2017-12,410,2,1,1,0,0
2017-12,420,1,0,3,0,0
2017-12,420,1,1,2,0,0
2017-12,420,2,1,1,0,0
2017-12,430,1,0,6,0,0
2017-12,430,1,1,6,0,0
2017-12,430,2,1,1,0,0
2017-12,440,1,0,8,0,0
2017-12,440,1,1,14,0,0
2017-12,440,2,0,2,0,0
2017-12,440,2,1,4,1,0
2017-12,450,1,0,13,0,0
2017-12,450,1,1,28,0,0
2017-12,450,2,0,6,0,0
2017-12,450,2,1,2,0,0
2017-12,460,1,0,15,0,0
2017-12,460,1,1,31,0,0
2017-12,460,2,0,5,0,0
2017-12,460,2,1,5,0,0
2017-12,470,1,0,26,0,0
2017-12,470,1,1,48,0,0
2017-12,470,2,0,7,0,0
2017-12,470,2,1,2,0,0
2017-12,480,1,0,29,0,0
2017-12,480,1,1,47,0,0
2017-12,480,2,0,9,0,0
2017-12,480,2,1,17,0,0
2017-12,490,1,0,44,0,0
2017-12,490,1,1,88,1,0
2017-12,490,2,0,19,0,0
2017-12,490,2,1,17,0,0
2017-12,500,1,0,77,0,0
2017-12,500,1,1,103,0,0
2017-12,500,2,0,16,0,0
2017-12,500,2,1,24,0,0
2017-12,510,1,0,110,0,0
2017-12,510,1,1,148,0,0
2017-12,510,2,0,31,0,0
2017-12,510,2,1,30,0,0
2017-12,520,1,0,143,0,0
2017-12,520,1,1,206,2,1
2017-12,520,2,0,41,0,0
2017-12,520,2,1,38,0,0
2017-12,530,1,0,230,0,0
2017-12,530,1,1,303,0,0
2017-12,530,2,0,47,0,0
2017-12,530,2,1,72,0,0
2017-12,540,1,0,251,0,0
2017-12,540,1,1,363,1,1
2017-12,540,2,0,47,0,0
2017-12,540,2,1,57,0,0
2017-12,550,1,0,338,0,0
2017-12,550,1,1,515,2,1
2017-12,550,2,0,61,0,0
2017-12,550,2,1,90,1,0
2017-12,560,1,0,414,0,0
2017-12,560,1,1,559,3,1
2017-12,560,2,0,64,0,0
2017-12,560,2,1,112,0,0
2017-12,570,1,0,496,1,0
2017-12,570,1,1,763,1,0
2017-12,570,2,0,105,0,0
2017-12,570,2,1,133,1,0
2017-12,580,1,0,547,0,0
2017-12,580,1,1,833,2,1
2017-12,580,2,0,103,1,1
2017-12,580,2,1,153,2,0
2017-12,590,1,0,669,2,1
2017-12,590,1,1,1025,1,0
2017-12,590,2,0,154,0,0
2017-12,590,2,1,186,0,0
2017-12,600,1,0,795,1,0
2017-12,600,1,1,1244,3,0
2017-12,600,2,0,156,0,0
2017-12,600,2,1,230,0,0
2017-12,610,1,0,1067,1,0
2017-12,610,1,1,1404,1,0
2017-12,610,2,0,168,1,0
2017-12,610,2,1,247,0,0
2017-12,620,1,0,1000,0,0
2017-12,620,1,1,1640,2,0
2017-12,620,2,0,278,0,0
2017-12,620,2,1,410,1,0
2017-12,630,1,0,1184,0,0
2017-12,630,1,1,1814,4,0
2017-12,630,2,0,368,0,0
2017-12,630,2,1,457,3,1
2017-12,640,1,0,1276,1,0
2017-12,640,1,1,1829,2,0
2017-12,640,2,0,338,0,0
2017-12,640,2,1,510,0,0
2017-12,650,1,0,1534,0,0
2017-12,650,1,1,2112,2,0
2017-12,650,2,0,382,1,1
2017-12,650,2,1,538,0,0
2017-12,660,1,0,1513,1,0
2017-12,660,1,1,2199,5,3
2017-12,660,2,0,390,0,0
2017-12,660,2,1,512,0,0
2017-12,670,1,0,1649,1,0
2017-12,670,1,1,2404,2,0
2017-12,670,2,0,412,0,0
2017-12,670,2,1,562,0,0
2017-12,680,1,0,1614,2,0
2017-12,680,1,1,2273,2,1
2017-12,680,2,0,416,0,0
2017-12,680,2,1,508,0,0
2017-12,690,1,0,1754,1,0
2017-12,690,1,1,2453,2,0
2017-12,690,2,0,410,0,0
2017-12,690,2,1,546,0,0
2017-12,700,1,0,1608,1,0
2017-12,700,1,1,2392,4,0
2017-12,700,2,0,381,0,0
2017-12,700,2,1,510,0,0
2017-12,710,1,0,1760,0,0
2017-12,710,1,1,2520,2,0
2017-12,710,2,0,371,0,0
2017-12,710,2,1,520,0,0
2017-12,720,1,0,1727,0,0
2017-12,720,1,1,2420,0,0
2017-12,720,2,0,406,0,0
2017-12,720,2,1,517,0,0
2017-12,730,1,0,1878,0,0
2017-12,730,1,1,2528,1,0
2017-12,730,2,0,381,0,0
2017-12,730,2,1,470,0,0
2017-12,740,1,0,1798,0,0
2017-12,740,1,1,2494,0,0
2017-12,740,2,0,364,0,0
2017-12,740,2,1,445,0,0
2017-12,750,1,0,1939,0,0
2017-12,750,1,1,2528,0,0
2017-12,750,2,0,349,0,0
2017-12,750,2,1,409,0,0
2017-12,760,1,0,1805,0,0
2017-12,760,1,1,2502,0,0
2017-12,760,2,0,342,0,0
2017-12,760,2,1,449,0,0
2017-12,770,1,0,1906,2,0
2017-12,770,1,1,2551,0,0
2017-12,770,2,0,317,0,0
2017-12,770,2,1,378,0,0
2017-12,780,1,0,1961,0,0
2017-12,780,1,1,2484,1,0
2017-12,780,2,0,330,0,0
2017-12,780,2,1,365,0,0
2017-12,790,1,0,2108,0,0
2017-12,790,1,1,2660,0,0
2017-12,790,2,0,326,0,0
2017-12,790,2,1,398,0,0
2017-12,800,1,0,2151,0,0
2017-12,800,1,1,2859,0,0
2017-12,800,2,0,318,0,0
2017-12,800,2,1,397,0,0
2017-12,810,1,0,2293,0,0
2017-12,810,1,1,3164,0,0
2017-12,810,2,0,325,0,0
2017-12,810,2,1,387,0,0
2017-12,820,1,0,2379,0,0
2017-12,820,1,1,3204,0,0
2017-12,820,2,0,340,0,0
2017-12,820,2,1,403,0,0
2017-12,830,1,0,2429,0,0
2017-12,830,1,1,3193,0,0
2017-12,830,2,0,303,0,0
2017-12,830,2,1,394,0,0
2017-12,840,1,0,2220,0,0
2017-12,840,1,1,2954,0,0
2017-12,840,2,0,272,0,0
2017-12,840,2,1,339,0,0
2017-12,850,1,0,2139,0,0
2017-12,850,1,1,2891,0,0
2017-12,850,2,0,287,0,0
2017-12,850,2,1,329,0,0
2017-12,860,1,0,1649,0,0
2017-12,860,1,1,2181,0,0
2017-12,860,2,0,185,0,0
2017-12,860,2,1,256,0,0
2017-12,870,1,0,1177,0,0
2017-12,870,1,1,1599,0,0
2017-12,870,2,0,149,0,0
2017-12,870,2,1,148,0,0
2017-12,880,1,0,696,0,0
2017-12,880,1,1,847,0,0
2017-12,880,2,0,78,0,0
2017-12,880,2,1,93,0,0
2017-12,890,1,0,260,0,0
2017-12,890,1,1,342,0,0
2017-12,890,2,0,23,0,0
2017-12,890,2,1,27,0,0
2018-01,390,1,1,1,0,0
2018-01,400,2,1,1,0,0
2018-01,410,1,0,2,0,0
2018-01,410,1,1,1,0,0
2018-01,410,2,1,1,0,0
2018-01,420,1,0,3,0,0
2018-01,420,1,1,2,0,0
2018-01,420,2,1,1,0,0
2018-01,430,1,0,5,0,0
2018-01,430,1,1,6,0,0
2018-01,430,2,1,1,0,0
2018-01,440,1,0,8,0,0
2018-01,440,1,1,14,0,0
2018-01,440,2,0,2,0,0
2018-01,440,2,1,3,0,0
2018-01,450,1,0,13,0,0
2018-01,450,1,1,27,0,0
2018-01,450,2,0,6,1,0
2018-01,450,2,1,2,0,0
2018-01,460,1,0,15,0,0
2018-01,460,1,1,31,0,0
2018-01,460,2,0,5,0,0
2018-01,460,2,1,5,0,0
2018-01,470,1,0,26,0,0
2018-01,470,1,1,45,1,0
2018-01,470,2,0,7,0,0
2018-01,470,2,1,2,0,0
2018-01,480,1,0,29,0,0
2018-01,480,1,1,47,0,0
2018-01,480,2,0,9,0,0
2018-01,480,2,1,17,0,0
2018-01,490,1,0,44,0,0
2018-01,490,1,1,85,0,0
2018-01,490,2,0,19,0,0
2018-01,490,2,1,16,0,0
2018-01,500,1,0,77,0,0
2018-01,500,1,1,103,1,0
2018-01,500,2,0,16,0,0
2018-01,500,2,1,21,0,0
2018-01,510,1,0,108,0,0
2018-01,510,1,1,148,0,0
2018-01,510,2,0,31,1,0
2018-01,510,2,1,30,0,0
2018-01,520,1,0,141,0,0
2018-01,520,1,1,202,2,0
2018-01,520,2,0,41,0,0
2018-01,520,2,1,38,0,0
2018-01,530,1,0,228,1,0
2018-01,530,1,1,300,0,0
2018-01,530,2,0,46,0,0
2018-01,530,2,1,72,0,0
2018-01,540,1,0,246,1,0
2018-01,540,1,1,360,0,0
2018-01,540,2,0,45,0,0
2018-01,540,2,1,57,1,0
2018-01,550,1,0,335,0,0
2018-01,550,1,1,505,1,0
2018-01,550,2,0,61,0,0
2018-01,550,2,1,89,0,0
2018-01,560,1,0,409,0,0
2018-01,560,1,1,545,2,0
2018-01,560,2,0,63,0,0
2018-01,560,2,1,110,0,0
2018-01,570,1,0,488,2,1
2018-01,570,1,1,752,2,1
2018-01,570,2,0,101,0,0
2018-01,570,2,1,131,0,0
2018-01,580,1,0,545,1,0
2018-01,580,1,1,817,3,0
2018-01,580,2,0,100,0,0
2018-01,580,2,1,150,0,0
2018-01,590,1,0,649,1,0
2018-01,590,1,1,1017,0,0
2018-01,590,2,0,152,0,0
2018-01,590,2,1,185,0,0
2018-01,600,1,0,785,0,0
2018-01,600,1,1,1218,6,1
2018-01,600,2,0,151,0,0
2018-01,600,2,1,226,0,0
2018-01,610,1,0,1061,2,0
2018-01,610,1,1,1392,7,0
2018-01,610,2,0,167,0,0
2018-01,610,2,1,245,0,0
2018-01,620,1,0,986,2,0
2018-01,620,1,1,1615,2,0
2018-01,620,2,0,275,0,0
2018-01,620,2,1,407,1,0
2018-01,630,1,0,1176,1,1
2018-01,630,1,1,1779,2,0
2018-01,630,2,0,365,1,0
2018-01,630,2,1,452,0,0
2018-01,640,1,0,1257,1,0
2018-01,640,1,1,1797,4,1
2018-01,640,2,0,332,0,0
2018-01,640,2,1,500,1,0
2018-01,650,1,0,1514,4,1
2018-01,650,1,1,2072,3,1
2018-01,650,2,0,373,0,0
2018-01,650,2,1,531,0,0
2018-01,660,1,0,1496,3,0
2018-01,660,1,1,2154,4,0
2018-01,660,2,0,382,0,0
2018-01,660,2,1,507,0,0
2018-01,670,1,0,1619,0,0
2018-01,670,1,1,2363,2,0
2018-01,670,2,0,402,0,0
2018-01,670,2,1,549,0,0
2018-01,680,1,0,1576,1,0
2018-01,680,1,1,2228,0,0
2018-01,680,2,0,408,0,0
2018-01,680,2,1,501,2,1
2018-01,690,1,0,1735,1,0
2018-01,690,1,1,2411,3,0
2018-01,690,2,0,404,0,0
2018-01,690,2,1,540,0,0
2018-01,700,1,0,1572,1,0
2018-01,700,1,1,2350,3,0
2018-01,700,2,0,376,0,0
2018-01,700,2,1,504,4,0
2018-01,710,1,0,1712,1,0
2018-01,710,1,1,2483,0,0
2018-01,710,2,0,365,0,0
2018-01,710,2,1,507,0,0
2018-01,720,1,0,1687,0,0
2018-01,720,1,1,2378,1,0
2018-01,720,2,0,403,0,0
2018-01,720,2,1,507,0,0
2018-01,730,1,0,1830,0,0
2018-01,730,1,1,2480,1,0
2018-01,730,2,0,375,0,0
2018-01,730,2,1,462,0,0
2018-01,740,1,0,1743,1,0
2018-01,740,1,1,2454,0,0
2018-01,740,2,0,359,0,0
2018-01,740,2,1,441,0,0
2018-01,750,1,0,1889,0,0
2018-01,750,1,1,2478,1,0
2018-01,750,2,0,342,0,0
2018-01,750,2,1,404,0,0
2018-01,760,1,0,1757,0,0
2018-01,760,1,1,2457,0,0
2018-01,760,2,0,339,0,0
2018-01,760,2,1,439,0,0
2018-01,770,1,0,1849,0,0
2018-01,770,1,1,2506,1,0
2018-01,770,2,0,312,0,0
2018-01,770,2,1,371,0,0
2018-01,780,1,0,1884,0,0
2018-01,780,1,1,2439,0,0
2018-01,780,2,0,329,0,0
2018-01,780,2,1,356,0,0
2018-01,790,1,0,2036,0,0
2018-01,790,1,1,2615,0,0
2018-01,790,2,0,319,0,0
2018-01,790,2,1,392,1,0
2018-01,800,1,0,2067,0,0
2018-01,800,1,1,2821,0,0
2018-01,800,2,0,314,0,0
2018-01,800,2,1,386,0,0
2018-01,810,1,0,2209,0,0
2018-01,810,1,1,3114,0,0
2018-01,810,2,0,319,0,0
2018-01,810,2,1,377,0,0
2018-01,820,1,0,2307,0,0
2018-01,820,1,1,3147,0,0
2018-01,820,2,0,335,0,0
2018-01,820,2,1,398,1,0
2018-01,830,1,0,2365,0,0
2018-01,830,1,1,3151,0,0
2018-01,830,2,0,295,0,0
2018-01,830,2,1,388,0,0
2018-01,840,1,0,2155,0,0
2018-01,840,1,1,2902,0,0
2018-01,840,2,0,269,0,0
2018-01,840,2,1,333,0,0
2018-01,850,1,0,2074,0,0
2018-01,850,1,1,2849,0,0
2018-01,850,2,0,283,0,0
2018-01,850,2,1,324,0,0
2018-01,860,1,0,1595,0,0
2018-01,860,1,1,2152,0,0
2018-01,860,2,0,181,0,0
2018-01,860,2,1,255,0,0
2018-01,870,1,0,1150,0,0
2018-01,870,1,1,1569,1,0
2018-01,870,2,0,147,0,0
2018-01,870,2,1,146,0,0
2018-01,880,1,0,678,0,0
2018-01,880,1,1,833,0,0
2018-01,880,2,0,77,0,0
2018-01,880,2,1,90,0,0
2018-01,890,1,0,252,0,0
2018-01,890,1,1,337,0,0
2018-01,890,2,0,23,0,0
2018-01,890,2,1,26,0,0
2018-02,390,1,1,1,0,0
2018-02,410,1,0,2,0,0
2018-02,410,1,1,1,0,0
2018-02,410,2,1,1,0,0
2018-02,420,1,0,3,0,0
2018-02,420,1,1,2,0,0
2018-02,420,2,1,1,0,0
2018-02,430,1,0,5,0,0
2018-02,430,1,1,6,0,0
2018-02,430,2,1,1,0,0
2018-02,440,1,0,8,0,0
2018-02,440,1,1,14,0,0
2018-02,440,2,0,2,0,0
2018-02,440,2,1,3,0,0
2018-02,450,1,0,13,1,0
2018-02,450,1,1,27,0,0
2018-02,450,2,0,5,0,0
2018-02,450,2,1,2,0,0
2018-02,460,1,0,15,0,0
2018-02,460,1,1,30,0,0
2018-02,460,2,0,5,0,0
2018-02,460,2,1,5,0,0
2018-02,470,1,0,25,0,0
2018-02,470,1,1,42,0,0
2018-02,470,2,0,7,0,0
2018-02,470,2,1,2,0,0
2018-02,480,1,0,28,0,0
2018-02,480,1,1,46,0,0
2018-02,480,2,0,9,0,0
2018-02,480,2,1,16,0,0
2018-02,490,1,0,44,0,0
2018-02,490,1,1,84,1,0
2018-02,490,2,0,19,0,0
2018-02,490,2,1,16,0,0
2018-02,500,1,0,77,0,0
2018-02,500,1,1,100,1,1
2018-02,500,2,0,16,0,0
2018-02,500,2,1,21,0,0
2018-02,510,1,0,108,0,0
2018-02,510,1,1,147,0,0
2018-02,510,2,0,28,0,0
2018-02,510,2,1,27,0,0
2018-02,520,1,0,138,0,0
2018-02,520,1,1,196,2,0
2018-02,520,2,0,41,0,0
2018-02,520,2,1,38,0,0
2018-02,530,1,0,223,0,0
2018-02,530,1,1,296,0,0
2018-02,530,2,0,45,0,0
2018-02,530,2,1,69,0,0
2018-02,540,1,0,244,0,0
2018-02,540,1,1,351,0,0
2018-02,540,2,0,45,0,0
2018-02,540,2,1,55,0,0
2018-02,550,1,0,333,1,0
2018-02,550,1,1,500,0,0
2018-02,550,2,0,60,1,1
2018-02,550,2,1,88,0,0
2018-02,560,1,0,407,0,0
2018-02,560,1,1,536,0,0
2018-02,560,2,0,63,0,0
2018-02,560,2,1,108,0,0
2018-02,570,1,0,477,2,0
2018-02,570,1,1,736,0,0
2018-02,570,2,0,97,0,0
2018-02,570,2,1,130,1,0
2018-02,580,1,0,539,1,0
2018-02,580,1,1,802,1,0
2018-02,580,2,0,97,0,0
2018-02,580,2,1,147,0,0
2018-02,590,1,0,639,1,0
2018-02,590,1,1,1003,3,0
2018-02,590,2,0,151,1,0
2018-02,590,2,1,181,2,0
2018-02,600,1,0,777,1,1
2018-02,600,1,1,1193,4,0
2018-02,600,2,0,149,1,1
2018-02,600,2,1,223,0,0
2018-02,610,1,0,1048,1,0
2018-02,610,1,1,1368,1,0
2018-02,610,2,0,163,0,0
2018-02,610,2,1,237,0,0
2018-02,620,1,0,970,0,0
2018-02,620,1,1,1573,3,0
2018-02,620,2,0,271,0,0
2018-02,620,2,1,396,0,0
2018-02,630,1,0,1156,0,0
2018-02,630,1,1,1743,1,0
2018-02,630,2,0,358,0,0
2018-02,630,2,1,446,0,0
2018-02,640,1,0,1235,1,1
2018-02,640,1,1,1763,1,0
2018-02,640,2,0,326,1,1
2018-02,640,2,1,489,0,0
2018-02,650,1,0,1483,1,0
2018-02,650,1,1,2036,7,0
2018-02,650,2,0,371,0,0
2018-02,650,2,1,520,0,0
2018-02,660,1,0,1472,0,0
2018-02,660,1,1,2127,2,0
2018-02,660,2,0,375,0,0
2018-02,660,2,1,502,0,0
2018-02,670,1,0,1593,1,0
2018-02,670,1,1,2321,3,1
2018-02,670,2,0,395,0,0
2018-02,670,2,1,545,0,0
2018-02,680,1,0,1545,0,0
2018-02,680,1,1,2189,0,0
2018-02,680,2,0,399,0,0
2018-02,680,2,1,492,2,0
2018-02,690,1,0,1707,0,0
2018-02,690,1,1,2364,1,0
2018-02,690,2,0,394,0,0
2018-02,690,2,1,528,1,0
2018-02,700,1,0,1541,0,0
2018-02,700,1,1,2298,2,1
2018-02,700,2,0,371,0,0
2018-02,700,2,1,496,1,0
2018-02,710,1,0,1670,1,0
2018-02,710,1,1,2440,3,0
2018-02,710,2,0,359,0,0
2018-02,710,2,1,501,0,0
2018-02,720,1,0,1647,1,0
2018-02,720,1,1,2325,1,0
2018-02,720,2,0,397,1,0
2018-02,720,2,1,495,1,0
2018-02,730,1,0,1779,0,0
2018-02,730,1,1,2428,0,0
2018-02,730,2,0,366,0,0
2018-02,730,2,1,457,0,0
2018-02,740,1,0,1694,0,0
2018-02,740,1,1,2411,0,0
2018-02,740,2,0,353,0,0
2018-02,740,2,1,432,0,0
2018-02,750,1,0,1839,0,0
2018-02,750,1,1,2439,0,0
2018-02,750,2,0,334,0,0
2018-02,750,2,1,400,0,0
2018-02,760,1,0,1708,0,0
2018-02,760,1,1,2393,1,0
2018-02,760,2,0,331,0,0
2018-02,760,2,1,427,0,0
2018-02,770,1,0,1789,0,0
2018-02,770,1,1,2460,0,0
2018-02,770,2,0,307,0,0
2018-02,770,2,1,360,0,0
2018-02,780,1,0,1810,0,0
2018-02,780,1,1,2389,0,0
2018-02,780,2,0,320,0,0
2018-02,780,2,1,343,0,0
2018-02,790,1,0,1964,0,0
2018-02,790,1,1,2572,0,0
2018-02,790,2,0,314,0,0
2018-02,790,2,1,378,0,0
2018-02,800,1,0,1980,0,0
2018-02,800,1,1,2755,0,0
2018-02,800,2,0,303,0,0
2018-02,800,2,1,379,0,0
2018-02,810,1,0,2118,0,0
2018-02,810,1,1,3056,1,0
2018-02,810,2,0,307,0,0
2018-02,810,2,1,367,0,0
2018-02,820,1,0,2216,0,0
2018-02,820,1,1,3093,1,0
2018-02,820,2,0,333,0,0
2018-02,820,2,1,392,0,0
2018-02,830,1,0,2278,1,0
2018-02,830,1,1,3084,0,0
2018-02,830,2,0,289,0,0
2018-02,830,2,1,375,0,0
2018-02,840,1,0,2092,0,0
2018-02,840,1,1,2848,0,0
2018-02,840,2,0,265,0,0
2018-02,840,2,1,327,0,0
2018-02,850,1,0,1996,1,0
2018-02,850,1,1,2808,0,0
2018-02,850,2,0,276,0,0
2018-02,850,2,1,314,0,0
2018-02,860,1,0,1548,0,0
2018-02,860,1,1,2116,0,0
2018-02,860,2,0,180,0,0
2018-02,860,2,1,250,0,0
2018-02,870,1,0,1121,0,0
2018-02,870,1,1,1548,0,0
2018-02,870,2,0,143,0,0
2018-02,870,2,1,141,0,0
2018-02,880,1,0,659,0,0
2018-02,880,1,1,818,0,0
2018-02,880,2,0,76,0,0
2018-02,880,2,1,88,0,0
2018-02,890,1,0,246,0,0
2018-02,890,1,1,333,0,0
2018-02,890,2,0,23,0,0
2018-02,890,2,1,25,0,0
2018-03,390,1,1,1,0,0
2018-03,410,1,0,2,0,0
2018-03,410,1,1,1,0,0
2018-03,410,2,1,1,0,0
2018-03,420,1,0,3,0,0
2018-03,420,1,1,2,0,0
2018-03,420,2,1,1,0,0
2018-03,430,1,0,5,0,0
2018-03,430,1,1,6,0,0
2018-03,430,2,1,1,0,0
2018-03,440,1,0,8,0,0
2018-03,440,1,1,14,0,0
2018-03,440,2,0,1,0,0
2018-03,440,2,1,3,0,0
2018-03,450,1,0,12,0,0
2018-03,450,1,1,26,0,0
2018-03,450,2,0,5,0,0
2018-03,450,2,1,2,0,0
2018-03,460,1,0,15,0,0
2018-03,460,1,1,30,0,0
2018-03,460,2,0,5,0,0
2018-03,460,2,1,5,0,0
2018-03,470,1,0,25,0,0
2018-03,470,1,1,42,0,0
2018-03,470,2,0,6,0,0
2018-03,470,2,1,1,0,0
2018-03,480,1,0,28,0,0
2018-03,480,1,1,45,1,1
2018-03,480,2,0,9,0,0
2018-03,480,2,1,15,0,0
2018-03,490,1,0,44,1,0
2018-03,490,1,1,83,0,0
2018-03,490,2,0,18,0,0
2018-03,490,2,1,15,0,0
2018-03,500,1,0,77,0,0
2018-03,500,1,1,99,0,0
2018-03,500,2,0,16,0,0
2018-03,500,2,1,20,0,0
2018-03,510,1,0,108,0,0
2018-03,510,1,1,146,3,0
2018-03,510,2,0,28,0,0
2018-03,510,2,1,27,0,0
2018-03,520,1,0,137,0,0
2018-03,520,1,1,192,1,0
2018-03,520,2,0,41,0,0
2018-03,520,2,1,37,0,0
2018-03,530,1,0,219,0,0
2018-03,530,1,1,292,1,1
2018-03,530,2,0,45,0,0
2018-03,530,2,1,66,1,0
2018-03,540,1,0,241,1,0
2018-03,540,1,1,347,0,0
2018-03,540,2,0,45,0,0
2018-03,540,2,1,55,0,0
2018-03,550,1,0,327,1,1
2018-03,550,1,1,492,0,0
2018-03,550,2,0,58,0,0
2018-03,550,2,1,88,0,0
2018-03,560,1,0,401,2,0
2018-03,560,1,1,527,2,0
2018-03,560,2,0,61,0,0
2018-03,560,2,1,105,2,0
2018-03,570,1,0,471,0,0
2018-03,570,1,1,723,0,0
2018-03,570,2,0,94,0,0
2018-03,570,2,1,127,0,0
2018-03,580,1,0,532,2,0
2018-03,580,1,1,790,3,0
2018-03,580,2,0,95,0,0
2018-03,580,2,1,146,0,0
2018-03,590,1,0,629,1,0
2018-03,590,1,1,986,3,1
2018-03,590,2,0,148,1,0
2018-03,590,2,1,177,0,0
2018-03,600,1,0,763,0,0
2018-03,600,1,1,1178,3,0
2018-03,600,2,0,147,0,0
2018-03,600,2,1,219,0,0
2018-03,610,1,0,1032,5,0
2018-03,610,1,1,1347,3,0
2018-03,610,2,0,162,1,0
2018-03,610,2,1,237,0,0
2018-03,620,1,0,954,2,0
2018-03,620,1,1,1538,2,0
2018-03,620,2,0,264,1,0
2018-03,620,2,1,389,1,0
2018-03,630,1,0,1147,4,0
2018-03,630,1,1,1720,5,0
2018-03,630,2,0,346,0,0
2018-03,630,2,1,439,3,0
2018-03,640,1,0,1219,1,0
2018-03,640,1,1,1737,4,1
2018-03,640,2,0,320,0,0
2018-03,640,2,1,481,0,0
2018-03,650,1,0,1461,3,0
2018-03,650,1,1,1996,4,0
2018-03,650,2,0,363,0,0
2018-03,650,2,1,510,1,0
2018-03,660,1,0,1443,2,0
2018-03,660,1,1,2088,5,1
2018-03,660,2,0,367,0,0
2018-03,660,2,1,491,0,0
2018-03,670,1,0,1568,0,0
2018-03,670,1,1,2288,2,0
2018-03,670,2,0,384,1,0
2018-03,670,2,1,531,0,0
2018-03,680,1,0,1530,1,0
2018-03,680,1,1,2159,4,0
2018-03,680,2,0,390,0,0
2018-03,680,2,1,479,0,0
2018-03,690,1,0,1683,2,0
2018-03,690,1,1,2327,1,0
2018-03,690,2,0,388,0,0
2018-03,690,2,1,522,1,0
2018-03,700,1,0,1511,1,0
2018-03,700,1,1,2257,1,0
2018-03,700,2,0,365,1,0
2018-03,700,2,1,485,1,0
2018-03,710,1,0,1632,1,0
2018-03,710,1,1,2399,4,0
2018-03,710,2,0,354,0,0
2018-03,710,2,1,494,0,0
2018-03,720,1,0,1604,0,0
2018-03,720,1,1,2279,1,0
2018-03,720,2,0,390,0,0
2018-03,720,2,1,483,0,0
2018-03,730,1,0,1743,0,0
2018-03,730,1,1,2385,3,0
2018-03,730,2,0,360,0,0
2018-03,730,2,1,444,0,0
2018-03,740,1,0,1652,0,0
2018-03,740,1,1,2378,0,0
2018-03,740,2,0,341,0,0
2018-03,740,2,1,426,0,0
2018-03,750,1,0,1794,1,0
2018-03,750,1,1,2395,0,0
2018-03,750,2,0,328,0,0
2018-03,750,2,1,396,0,0
2018-03,760,1,0,1664,0,0
2018-03,760,1,1,2363,0,0
2018-03,760,2,0,323,0,0
2018-03,760,2,1,420,0,0
2018-03,770,1,0,1747,0,0
2018-03,770,1,1,2424,2,0
2018-03,770,2,0,306,0,0
2018-03,770,2,1,354,0,0
2018-03,780,1,0,1767,0,0
2018-03,780,1,1,2356,0,0
2018-03,780,2,0,313,0,0
2018-03,780,2,1,335,0,0
2018-03,790,1,0,1903,0,0
2018-03,790,1,1,2525,0,0
2018-03,790,2,0,308,0,0
2018-03,790,2,1,371,0,0
2018-03,800,1,0,1926,0,0
2018-03,800,1,1,2714,0,0
2018-03,800,2,0,299,0,0
2018-03,800,2,1,371,0,0
2018-03,810,1,0,2064,0,0
2018-03,810,1,1,3008,0,0
2018-03,810,2,0,302,0,0
2018-03,810,2,1,359,0,0
2018-03,820,1,0,2156,0,0
2018-03,820,1,1,3037,0,0
2018-03,820,2,0,327,0,0
2018-03,820,2,1,384,0,0
2018-03,830,1,0,2203,0,0
2018-03,830,1,1,3034,0,0
2018-03,830,2,0,286,0,0
2018-03,830,2,1,370,0,0
2018-03,840,1,0,2048,0,0
2018-03,840,1,1,2808,0,0
2018-03,840,2,0,257,0,0
2018-03,840,2,1,324,0,0
2018-03,850,1,0,1950,0,0
2018-03,850,1,1,2773,0,0
2018-03,850,2,0,270,0,0
2018-03,850,2,1,309,0,0
2018-03,860,1,0,1522,0,0
2018-03,860,1,1,2084,0,0
2018-03,860,2,0,178,0,0
2018-03,860,2,1,241,0,0
2018-03,870,1,0,1097,0,0
2018-03,870,1,1,1528,0,0
2018-03,870,2,0,141,0,0
2018-03,870,2,1,139,0,0
2018-03,880,1,0,646,0,0
2018-03,880,1,1,809,0,0
2018-03,880,2,0,75,0,0
2018-03,880,2,1,86,0,0
2018-03,890,1,0,237,0,0
2018-03,890,1,1,330,0,0
2018-03,890,2,0,23,0,0
2018-03,890,2,1,23,0,0
2018-04,390,1,1,1,0,0
2018-04,410,1,1,3,0,0
2018-04,410,2,1,1,0,0
2018-04,420,1,1,5,0,0
2018-04,420,2,1,1,0,0
2018-04,430,1,1,11,0,0
2018-04,430,2,1,1,0,0
2018-04,440,1,1,20,0,0
2018-04,440,2,1,4,0,0
2018-04,450,1,1,38,0,0
2018-04,450,2,1,7,0,0
2018-04,460,1,1,44,0,0
2018-04,460,2,1,10,0,0
2018-04,470,1,1,67,1,0
2018-04,470,2,1,7,0,0
2018-04,480,1,1,71,0,0
2018-04,480,2,1,23,0,0
2018-04,490,1,1,124,0,0
2018-04,490,2,1,32,0,0
2018-04,500,1,1,174,2,0
2018-04,500,2,1,35,0,0
2018-04,510,1,1,249,0,0
2018-04,510,2,1,54,0,0
2018-04,520,1,1,323,2,0
2018-04,520,2,1,73,0,0
2018-04,530,1,1,500,0,0
2018-04,530,2,1,109,0,0
2018-04,540,1,1,578,3,0
2018-04,540,2,1,99,0,0
2018-04,550,1,1,811,2,0
2018-04,550,2,1,144,0,0
2018-04,560,1,1,914,1,0
2018-04,560,2,1,158,0,0
2018-04,570,1,1,1159,1,0
2018-04,570,2,1,220,0,0
2018-04,580,1,1,1288,2,0
2018-04,580,2,1,238,0,0
2018-04,590,1,1,1579,6,1
2018-04,590,2,1,320,0,0
2018-04,600,1,1,1884,5,0
2018-04,600,2,1,358,1,1
2018-04,610,1,1,2330,0,0
2018-04,610,2,1,396,1,1
2018-04,620,1,1,2442,1,0
2018-04,620,2,1,638,0,0
2018-04,630,1,1,2810,9,1
2018-04,630,2,1,764,0,0
2018-04,640,1,1,2894,3,0
2018-04,640,2,1,783,0,0
2018-04,650,1,1,3374,2,0
2018-04,650,2,1,859,1,0
2018-04,660,1,1,3449,5,1
2018-04,660,2,1,845,0,0
2018-04,670,1,1,3768,2,0
2018-04,670,2,1,893,2,0
2018-04,680,1,1,3612,0,0
2018-04,680,2,1,852,0,0
2018-04,690,1,1,3931,3,0
2018-04,690,2,1,893,0,0
2018-04,700,1,1,3701,0,0
2018-04,700,2,1,835,0,0
2018-04,710,1,1,3945,1,0
2018-04,710,2,1,835,0,0
2018-04,720,1,1,3788,1,0
2018-04,720,2,1,852,2,1
2018-04,730,1,1,4040,2,0
2018-04,730,2,1,783,0,0
2018-04,740,1,1,3935,0,0
2018-04,740,2,1,754,0,0
2018-04,750,1,1,4109,1,0
2018-04,750,2,1,708,0,0
2018-04,760,1,1,3948,0,0
2018-04,760,2,1,730,0,0
2018-04,770,1,1,4083,0,0
2018-04,770,2,1,650,0,0
2018-04,780,1,1,4021,1,0
2018-04,780,2,1,636,0,0
2018-04,790,1,1,4327,0,0
2018-04,790,2,1,664,0,0
2018-04,800,1,1,4527,0,0
2018-04,800,2,1,657,0,0
2018-04,810,1,1,4951,1,0
2018-04,810,2,1,647,1,0
2018-04,820,1,1,5081,0,0
2018-04,820,2,1,699,1,0
2018-04,830,1,1,5124,0,0
2018-04,830,2,1,644,0,0
2018-04,840,1,1,4756,0,0
2018-04,840,2,1,573,0,0
2018-04,850,1,1,4627,1,0
2018-04,850,2,1,561,0,0
2018-04,860,1,1,3543,0,0
2018-04,860,2,1,414,0,0
2018-04,870,1,1,2567,0,0
2018-04,870,2,1,273,0,0
2018-04,880,1,1,1435,0,0
2018-04,880,2,1,158,0,0
2018-04,890,1,1,558,0,0
2018-04,890,2,1,44,0,0
2018-05,390,1,1,1,0,0
2018-05,400,2,0,1,0,0
2018-05,410,1,1,3,0,0
2018-05,410,2,0,2,0,0
2018-05,410,2,1,1,0,0
2018-05,420,1,0,1,0,0
2018-05,420,1,1,5,0,0
2018-05,420,2,0,1,0,0
2018-05,420,2,1,1,0,0
2018-05,430,1,0,6,0,0
2018-05,430,1,1,11,0,0
2018-05,430,2,0,1,0,0
2018-05,430,2,1,1,0,0
2018-05,440,1,0,3,0,0
2018-05,440,1,1,20,0,0
2018-05,440,2,0,2,0,0
2018-05,440,2,1,4,0,0
2018-05,450,1,0,12,0,0
2018-05,450,1,1,38,0,0
2018-05,450,2,0,2,0,0
2018-05,450,2,1,7,0,0
2018-05,460,1,0,11,0,0
2018-05,460,1,1,41,0,0
2018-05,460,2,0,3,0,0
2018-05,460,2,1,10,0,0
2018-05,470,1,0,18,0,0
2018-05,470,1,1,66,0,0
2018-05,470,2,0,7,0,0
2018-05,470,2,1,7,0,0
2018-05,480,1,0,32,0,0
2018-05,480,1,1,69,1,1
2018-05,480,2,0,4,0,0
2018-05,480,2,1,23,0,0
2018-05,490,1,0,52,0,0
2018-05,490,1,1,121,0,0
2018-05,490,2,0,14,0,0
2018-05,490,2,1,31,0,0
2018-05,500,1,0,60,0,0
2018-05,500,1,1,170,0,0
2018-05,500,2,0,22,0,0
2018-05,500,2,1,35,0,0
2018-05,510,1,0,107,0,0
2018-05,510,1,1,243,1,0
2018-05,510,2,0,21,0,0
2018-05,510,2,1,53,0,0
2018-05,520,1,0,121,0,0
2018-05,520,1,1,319,1,0
2018-05,520,2,0,32,0,0
2018-05,520,2,1,72,0,0
2018-05,530,1,0,177,0,0
2018-05,530,1,1,496,1,0
2018-05,530,2,0,41,0,0
2018-05,530,2,1,107,0,0
2018-05,540,1,0,225,0,0
2018-05,540,1,1,561,1,0
2018-05,540,2,0,69,0,0
2018-05,540,2,1,97,0,0
2018-05,550,1,0,267,0,0
2018-05,550,1,1,794,2,0
2018-05,550,2,0,87,0,0
2018-05,550,2,1,144,0,0
2018-05,560,1,0,324,0,0
2018-05,560,1,1,894,0,0
2018-05,560,2,0,80,0,0
2018-05,560,2,1,155,0,0
2018-05,570,1,0,437,0,0
2018-05,570,1,1,1142,2,0
2018-05,570,2,0,111,0,0
2018-05,570,2,1,207,0,0
2018-05,580,1,0,481,0,0
2018-05,580,1,1,1256,2,0
2018-05,580,2,0,116,0,0
2018-05,580,2,1,229,1,0
2018-05,590,1,0,590,1,0
2018-05,590,1,1,1549,3,1
2018-05,590,2,0,135,0,0
2018-05,590,2,1,314,0,0
2018-05,600,1,0,667,0,0
2018-05,600,1,1,1851,7,0
2018-05,600,2,0,164,0,0
2018-05,600,2,1,347,0,0
2018-05,610,1,0,808,0,0
2018-05,610,1,1,2285,6,1
2018-05,610,2,0,188,0,0
2018-05,610,2,1,391,0,0
2018-05,620,1,0,880,0,0
2018-05,620,1,1,2402,1,0
2018-05,620,2,0,272,0,0
2018-05,620,2,1,625,2,0
2018-05,630,1,0,1023,0,0
2018-05,630,1,1,2743,7,0
2018-05,630,2,0,301,0,0
2018-05,630,2,1,755,0,0
2018-05,640,1,0,1032,0,0
2018-05,640,1,1,2831,3,0
2018-05,640,2,0,297,0,0
2018-05,640,2,1,766,0,0
2018-05,650,1,0,1156,1,0
2018-05,650,1,1,3315,3,0
2018-05,650,2,0,360,0,0
2018-05,650,2,1,840,0,0
2018-05,660,1,0,1136,0,0
2018-05,660,1,1,3379,2,0
2018-05,660,2,0,377,0,0
2018-05,660,2,1,830,2,1
2018-05,670,1,0,1236,0,0
2018-05,670,1,1,3687,4,0
2018-05,670,2,0,390,0,0
2018-05,670,2,1,870,0,0
2018-05,680,1,0,1237,0,0
2018-05,680,1,1,3544,5,0
2018-05,680,2,0,348,0,0
2018-05,680,2,1,837,0,0
2018-05,690,1,0,1450,0,0
2018-05,690,1,1,3847,2,0
2018-05,690,2,0,383,0,0
2018-05,690,2,1,879,1,0
2018-05,700,1,0,1342,0,0
2018-05,700,1,1,3625,1,0
2018-05,700,2,0,355,1,0
2018-05,700,2,1,820,1,0
2018-05,710,1,0,1434,0,0
2018-05,710,1,1,3871,3,0
2018-05,710,2,0,373,0,0
2018-05,710,2,1,816,0,0
2018-05,720,1,0,1471,0,0
2018-05,720,1,1,3708,1,0
2018-05,720,2,0,360,0,0
2018-05,720,2,1,838,0,0
2018-05,730,1,0,1592,0,0
2018-05,730,1,1,3956,2,0
2018-05,730,2,0,356,0,0
2018-05,730,2,1,765,0,0
2018-05,740,1,0,1453,0,0
2018-05,740,1,1,3852,0,0
2018-05,740,2,0,348,0,0
2018-05,740,2,1,739,0,0
2018-05,750,1,0,1514,0,0
2018-05,750,1,1,4008,0,0
2018-05,750,2,0,320,0,0
2018-05,750,2,1,699,1,0
2018-05,760,1,0,1412,0,0
2018-05,760,1,1,3871,2,0
2018-05,760,2,0,317,0,0
2018-05,760,2,1,717,0,0
2018-05,770,1,0,1555,0,0
2018-05,770,1,1,4008,1,0
2018-05,770,2,0,308,0,0
2018-05,770,2,1,634,0,0
2018-05,780,1,0,1642,0,0
2018-05,780,1,1,3943,0,0
2018-05,780,2,0,251,0,0
2018-05,780,2,1,622,0,0
2018-05,790,1,0,1737,0,0
2018-05,790,1,1,4255,0,0
2018-05,790,2,0,290,0,0
2018-05,790,2,1,647,0,0
2018-05,800,1,0,1814,0,0
2018-05,800,1,1,4448,0,0
2018-05,800,2,0,281,0,0
2018-05,800,2,1,643,0,0
2018-05,810,1,0,1951,0,0
2018-05,810,1,1,4838,0,0
2018-05,810,2,0,307,0,0
2018-05,810,2,1,635,0,0
2018-05,820,1,0,1992,0,0
2018-05,820,1,1,4963,1,0
2018-05,820,2,0,296,0,0
2018-05,820,2,1,684,0,0
2018-05,830,1,0,1906,0,0
2018-05,830,1,1,5012,2,0
2018-05,830,2,0,321,0,0
2018-05,830,2,1,629,0,0
2018-05,840,1,0,1862,0,0
2018-05,840,1,1,4676,0,0
2018-05,840,2,0,282,0,0
2018-05,840,2,1,562,0,0
2018-05,850,1,0,1667,0,0
2018-05,850,1,1,4528,0,0
2018-05,850,2,0,238,0,0
2018-05,850,2,1,553,0,0
2018-05,860,1,0,1378,0,0
2018-05,860,1,1,3480,0,0
2018-05,860,2,0,178,0,0
2018-05,860,2,1,405,0,0
2018-05,870,1,0,991,0,0
2018-05,870,1,1,2522,0,0
2018-05,870,2,0,127,0,0
2018-05,870,2,1,269,0,0
2018-05,880,1,0,538,0,0
2018-05,880,1,1,1407,0,0
2018-05,880,2,0,64,0,0
2018-05,880,2,1,154,0,0
2018-05,890,1,0,238,0,0
2018-05,890,1,1,550,0,0
2018-05,890,2,0,27,0,0
2018-05,890,2,1,44,0,0
2018-06,390,1,1,1,0,0
2018-06,400,2,0,1,0,0
2018-06,410,1,1,3,0,0
2018-06,410,2,0,2,0,0
2018-06,410,2,1,1,0,0
2018-06,420,1,0,1,0,0
2018-06,420,1,1,5,0,0
2018-06,420,2,0,1,0,0
2018-06,420,2,1,1,0,0
2018-06,430,1,0,6,0,0
2018-06,430,1,1,11,0,0
2018-06,430,2,1,1,0,0
2018-06,440,1,0,3,0,0
2018-06,440,1,1,19,0,0
2018-06,440,2,0,2,0,0
2018-06,440,2,1,3,0,0
2018-06,450,1,0,12,0,0
2018-06,450,1,1,37,0,0
2018-06,450,2,0,1,0,0
2018-06,450,2,1,7,0,0
2018-06,460,1,0,11,0,0
2018-06,460,1,1,41,0,0
2018-06,460,2,0,3,0,0
2018-06,460,2,1,10,0,0
2018-06,470,1,0,18,0,0
2018-06,470,1,1,63,0,0
2018-06,470,2,0,7,0,0
2018-06,470,2,1,7,0,0
2018-06,480,1,0,32,0,0
2018-06,480,1,1,68,0,0
2018-06,480,2,0,4,0,0
2018-06,480,2,1,22,0,0
2018-06,490,1,0,52,0,0
2018-06,490,1,1,119,0,0
2018-06,490,2,0,13,0,0
2018-06,490,2,1,29,0,0
2018-06,500,1,0,59,0,0
2018-06,500,1,1,165,0,0
2018-06,500,2,0,22,0,0
2018-06,500,2,1,35,0,0
2018-06,510,1,0,104,0,0
2018-06,510,1,1,236,0,0
2018-06,510,2,0,21,0,0
2018-06,510,2,1,53,0,0
2018-06,520,1,0,117,0,0
2018-06,520,1,1,316,1,0
2018-06,520,2,0,32,0,0
2018-06,520,2,1,71,0,0
2018-06,530,1,0,174,0,0
2018-06,530,1,1,480,0,0
2018-06,530,2,0,40,0,0
2018-06,530,2,1,103,0,0
2018-06,540,1,0,220,0,0
2018-06,540,1,1,543,0,0
2018-06,540,2,0,66,0,0
2018-06,540,2,1,94,1,0
2018-06,550,1,0,266,0,0
2018-06,550,1,1,778,3,1
2018-06,550,2,0,83,0,0
2018-06,550,2,1,139,0,0
2018-06,560,1,0,320,0,0
2018-06,560,1,1,879,2,0
2018-06,560,2,0,77,1,0
2018-06,560,2,1,150,1,0
2018-06,570,1,0,430,0,0
2018-06,570,1,1,1123,2,0
2018-06,570,2,0,106,0,0
2018-06,570,2,1,202,1,1
2018-06,580,1,0,473,0,0
2018-06,580,1,1,1230,2,0
2018-06,580,2,0,115,0,0
2018-06,580,2,1,222,1,0
2018-06,590,1,0,583,0,0
2018-06,590,1,1,1510,4,0
2018-06,590,2,0,132,0,0
2018-06,590,2,1,305,1,0
2018-06,600,1,0,660,1,0
2018-06,600,1,1,1813,2,0
2018-06,600,2,0,163,0,0
2018-06,600,2,1,341,1,1
2018-06,610,1,0,796,0,0
2018-06,610,1,1,2236,3,0
2018-06,610,2,0,184,0,0
2018-06,610,2,1,381,0,0
2018-06,620,1,0,869,2,0
2018-06,620,1,1,2361,4,0
2018-06,620,2,0,266,1,0
2018-06,620,2,1,605,0,0
2018-06,630,1,0,1009,0,0
2018-06,630,1,1,2687,4,0
2018-06,630,2,0,298,0,0
2018-06,630,2,1,740,0,0
2018-06,640,1,0,1016,3,2
2018-06,640,1,1,2763,5,0
2018-06,640,2,0,291,0,0
2018-06,640,2,1,749,0,0
2018-06,650,1,0,1146,1,1
2018-06,650,1,1,3242,9,2
2018-06,650,2,0,351,0,0
2018-06,650,2,1,818,1,0
2018-06,660,1,0,1119,1,0
2018-06,660,1,1,3299,3,0
2018-06,660,2,0,370,0,0
2018-06,660,2,1,811,2,0
2018-06,670,1,0,1213,1,0
2018-06,670,1,1,3615,5,0
2018-06,670,2,0,387,0,0
2018-06,670,2,1,858,1,0
2018-06,680,1,0,1214,0,0
2018-06,680,1,1,3447,2,0
2018-06,680,2,0,346,0,0
2018-06,680,2,1,822,0,0
2018-06,690,1,0,1413,1,0
2018-06,690,1,1,3775,2,0
2018-06,690,2,0,376,0,0
2018-06,690,2,1,867,0,0
2018-06,700,1,0,1305,0,0
2018-06,700,1,1,3554,1,0
2018-06,700,2,0,347,0,0
2018-06,700,2,1,803,0,0
2018-06,710,1,0,1396,0,0
2018-06,710,1,1,3793,2,0
2018-06,710,2,0,369,0,0
2018-06,710,2,1,798,0,0
2018-06,720,1,0,1434,0,0
2018-06,720,1,1,3639,4,0
2018-06,720,2,0,356,0,0
2018-06,720,2,1,814,0,0
2018-06,730,1,0,1555,0,0
2018-06,730,1,1,3877,1,0
2018-06,730,2,0,349,0,0
2018-06,730,2,1,752,0,0
2018-06,740,1,0,1407,0,0
2018-06,740,1,1,3770,0,0
2018-06,740,2,0,344,0,0
2018-06,740,2,1,727,0,0
2018-06,750,1,0,1464,0,0
2018-06,750,1,1,3920,2,0
2018-06,750,2,0,315,0,0
2018-06,750,2,1,678,0,0
2018-06,760,1,0,1356,0,0
2018-06,760,1,1,3787,1,0
2018-06,760,2,0,314,0,0
2018-06,760,2,1,707,0,0
2018-06,770,1,0,1486,0,0
2018-06,770,1,1,3933,0,0
2018-06,770,2,0,301,0,0
2018-06,770,2,1,613,0,0
2018-06,780,1,0,1564,0,0
2018-06,780,1,1,3861,1,0
2018-06,780,2,0,247,0,0
2018-06,780,2,1,610,1,0
2018-06,790,1,0,1646,0,0
2018-06,790,1,1,4177,0,0
2018-06,790,2,0,289,0,0
2018-06,790,2,1,635,0,0
2018-06,800,1,0,1734,0,0
2018-06,800,1,1,4354,0,0
2018-06,800,2,0,280,0,0
2018-06,800,2,1,626,0,0
2018-06,810,1,0,1865,1,0
2018-06,810,1,1,4747,0,0
2018-06,810,2,0,304,0,0
2018-06,810,2,1,620,0,0
2018-06,820,1,0,1894,0,0
2018-06,820,1,1,4859,1,0
2018-06,820,2,0,290,0,0
2018-06,820,2,1,668,0,0
2018-06,830,1,0,1827,0,0
2018-06,830,1,1,4902,0,0
2018-06,830,2,0,316,0,0
2018-06,830,2,1,616,0,0
2018-06,840,1,0,1781,0,0
2018-06,840,1,1,4598,0,0
2018-06,840,2,0,275,0,0
2018-06,840,2,1,543,0,0
2018-06,850,1,0,1605,0,0
2018-06,850,1,1,4449,1,0
2018-06,850,2,0,236,0,0
2018-06,850,2,1,542,0,0
2018-06,860,1,0,1320,0,0
2018-06,860,1,1,3431,0,0
2018-06,860,2,0,176,0,0
2018-06,860,2,1,393,0,0
2018-06,870,1,0,951,0,0
2018-06,870,1,1,2467,0,0
2018-06,870,2,0,125,0,0
2018-06,870,2,1,266,0,0
2018-06,880,1,0,520,0,0
2018-06,880,1,1,1388,0,0
2018-06,880,2,0,64,0,0
2018-06,880,2,1,152,0,0
2018-06,890,1,0,232,0,0
2018-06,890,1,1,544,1,0
2018-06,890,2,0,27,0,0
2018-06,890,2,1,44,0,0
2018-07,390,1,1,1,0,0
2018-07,400,2,0,1,0,0
2018-07,410,1,1,3,0,0
2018-07,410,2,0,2,0,0
2018-07,410,2,1,1,0,0
2018-07,420,1,0,1,0,0
2018-07,420,1,1,5,0,0
2018-07,420,2,0,1,0,0
2018-07,420,2,1,1,0,0
2018-07,430,1,0,6,0,0
2018-07,430,1,1,11,0,0
2018-07,430,2,1,1,0,0
2018-07,440,1,0,3,0,0
2018-07,440,1,1,19,0,0
2018-07,440,2,0,2,0,0
2018-07,440,2,1,3,0,0
2018-07,450,1,0,12,0,0
2018-07,450,1,1,37,0,0
2018-07,450,2,0,1,0,0
2018-07,450,2,1,7,0,0
2018-07,460,1,0,11,0,0
2018-07,460,1,1,40,0,0
2018-07,460,2,0,3,0,0
2018-07,460,2,1,10,0,0
2018-07,470,1,0,18,0,0
2018-07,470,1,1,62,0,0
2018-07,470,2,0,7,0,0
2018-07,470,2,1,7,0,0
2018-07,480,1,0,32,0,0
2018-07,480,1,1,66,0,0
2018-07,480,2,0,4,0,0
2018-07,480,2,1,20,0,0
2018-07,490,1,0,52,0,0
2018-07,490,1,1,116,0,0
2018-07,490,2,0,13,0,0
2018-07,490,2,1,27,0,0
2018-07,500,1,0,58,0,0
2018-07,500,1,1,163,0,0
2018-07,500,2,0,22,0,0
2018-07,500,2,1,35,0,0
2018-07,510,1,0,104,1,0
2018-07,510,1,1,231,0,0
2018-07,510,2,0,21,0,0
2018-07,510,2,1,52,0,0
2018-07,520,1,0,115,0,0
2018-07,520,1,1,310,1,1
2018-07,520,2,0,31,0,0
2018-07,520,2,1,67,0,0
2018-07,530,1,0,172,0,0
2018-07,530,1,1,473,4,0
2018-07,530,2,0,40,0,0
2018-07,530,2,1,101,0,0
2018-07,540,1,0,220,0,0
2018-07,540,1,1,536,4,2
2018-07,540,2,0,66,0,0
2018-07,540,2,1,91,0,0
2018-07,550,1,0,263,0,0
2018-07,550,1,1,765,2,0
2018-07,550,2,0,82,0,0
2018-07,550,2,1,136,1,0
2018-07,560,1,0,319,0,0
2018-07,560,1,1,862,3,0
2018-07,560,2,0,74,0,0
2018-07,560,2,1,147,0,0
2018-07,570,1,0,427,2,0
2018-07,570,1,1,1102,2,1
2018-07,570,2,0,105,0,0
2018-07,570,2,1,198,1,0
2018-07,580,1,0,467,0,0
2018-07,580,1,1,1217,2,0
2018-07,580,2,0,114,0,0
2018-07,580,2,1,216,0,0
2018-07,590,1,0,575,1,0
2018-07,590,1,1,1468,7,0
2018-07,590,2,0,130,0,0
2018-07,590,2,1,296,0,0
2018-07,600,1,0,645,1,0
2018-07,600,1,1,1777,5,0
2018-07,600,2,0,160,1,0
2018-07,600,2,1,332,0,0
2018-07,610,1,0,786,0,0
2018-07,610,1,1,2183,3,0
2018-07,610,2,0,178,0,0
2018-07,610,2,1,374,0,0
2018-07,620,1,0,855,1,0
2018-07,620,1,1,2306,8,0
2018-07,620,2,0,264,2,0
2018-07,620,2,1,587,0,0
2018-07,630,1,0,995,1,0
2018-07,630,1,1,2638,6,0
2018-07,630,2,0,294,0,0
2018-07,630,2,1,726,2,1
2018-07,640,1,0,991,1,0
2018-07,640,1,1,2696,4,0
2018-07,640,2,0,288,0,0
2018-07,640,2,1,738,0,0
2018-07,650,1,0,1123,1,0
2018-07,650,1,1,3176,4,0
2018-07,650,2,0,346,0,0
2018-07,650,2,1,807,0,0
2018-07,660,1,0,1102,0,0
2018-07,660,1,1,3233,4,0
2018-07,660,2,0,363,0,0
2018-07,660,2,1,800,0,0
2018-07,670,1,0,1201,2,0
2018-07,670,1,1,3536,4,0
2018-07,670,2,0,386,1,0
2018-07,670,2,1,836,0,0
2018-07,680,1,0,1187,1,0
2018-07,680,1,1,3388,1,0
2018-07,680,2,0,343,0,0
2018-07,680,2,1,805,1,0
2018-07,690,1,0,1376,1,0
2018-07,690,1,1,3683,7,0
2018-07,690,2,0,374,0,0
2018-07,690,2,1,845,2,1
2018-07,700,1,0,1277,0,0
2018-07,700,1,1,3486,2,0
2018-07,700,2,0,343,0,0
2018-07,700,2,1,782,0,0
2018-07,710,1,0,1361,0,0
2018-07,710,1,1,3719,4,0
2018-07,710,2,0,366,0,0
2018-07,710,2,1,780,2,1
2018-07,720,1,0,1380,1,0
2018-07,720,1,1,3557,1,0
2018-07,720,2,0,353,0,0
2018-07,720,2,1,803,0,0
2018-07,730,1,0,1512,0,0
2018-07,730,1,1,3812,1,0
2018-07,730,2,0,342,0,0
2018-07,730,2,1,731,0,0
2018-07,740,1,0,1363,0,0
2018-07,740,1,1,3697,0,0
2018-07,740,2,0,340,0,0
2018-07,740,2,1,716,0,0
2018-07,750,1,0,1418,0,0
2018-07,750,1,1,3843,1,0
2018-07,750,2,0,308,0,0
2018-07,750,2,1,669,0,0
2018-07,760,1,0,1319,1,0
2018-07,760,1,1,3726,1,0
2018-07,760,2,0,309,0,0
2018-07,760,2,1,697,0,0
2018-07,770,1,0,1426,0,0
2018-07,770,1,1,3858,0,0
2018-07,770,2,0,297,0,0
2018-07,770,2,1,602,0,0
2018-07,780,1,0,1504,0,0
2018-07,780,1,1,3791,0,0
2018-07,780,2,0,242,0,0
2018-07,780,2,1,593,0,0
2018-07,790,1,0,1576,0,0
2018-07,790,1,1,4102,1,0
2018-07,790,2,0,282,0,0
2018-07,790,2,1,621,0,0
2018-07,800,1,0,1657,0,0
2018-07,800,1,1,4259,0,0
2018-07,800,2,0,276,0,0
2018-07,800,2,1,611,0,0
2018-07,810,1,0,1784,0,0
2018-07,810,1,1,4656,0,0
2018-07,810,2,0,293,0,0
2018-07,810,2,1,604,0,0
2018-07,820,1,0,1814,1,0
2018-07,820,1,1,4763,0,0
2018-07,820,2,0,284,0,0
2018-07,820,2,1,654,0,0
2018-07,830,1,0,1752,0,0
2018-07,830,1,1,4814,0,0
2018-07,830,2,0,309,0,0
2018-07,830,2,1,603,0,0
2018-07,840,1,0,1704,0,0
2018-07,840,1,1,4522,0,0
2018-07,840,2,0,273,0,0
2018-07,840,2,1,528,0,0
2018-07,850,1,0,1556,0,0
2018-07,850,1,1,4366,0,0
2018-07,850,2,0,231,0,0
2018-07,850,2,1,531,0,0
2018-07,860,1,0,1273,0,0
2018-07,860,1,1,3360,0,0
2018-07,860,2,0,173,0,0
2018-07,860,2,1,389,0,0
2018-07,870,1,0,908,0,0
2018-07,870,1,1,2418,0,0
2018-07,870,2,0,123,0,0
2018-07,870,2,1,258,0,0
2018-07,880,1,0,504,0,0
2018-07,880,1,1,1358,0,0
2018-07,880,2,0,63,0,0
2018-07,880,2,1,150,0,0
2018-07,890,1,0,228,0,0
2018-07,890,1,1,537,0,0
2018-07,890,2,0,25,0,0
2018-07,890,2,1,44,0,0
2018-08,390,1,1,1,0,0
2018-08,400,2,0,1,0,0
2018-08,410,1,1,2,0,0
2018-08,410,2,0,2,0,0
2018-08,410,2,1,1,0,0
2018-08,420,1,0,1,0,0
2018-08,420,1,1,5,0,0
2018-08,420,2,0,1,0,0
2018-08,420,2,1,1,0,0
2018-08,430,1,0,6,0,0
2018-08,430,1,1,11,0,0
2018-08,430,2,1,1,0,0
2018-08,440,1,0,3,0,0
2018-08,440,1,1,19,0,0
2018-08,440,2,0,2,0,0
2018-08,440,2,1,3,0,0
2018-08,450,1,0,12,0,0
2018-08,450,1,1,35,0,0
2018-08,450,2,0,1,0,0
2018-08,450,2,1,7,0,0
2018-08,460,1,0,11,0,0
2018-08,460,1,1,39,0,0
2018-08,460,2,0,3,0,0
2018-08,460,2,1,10,1,0
2018-08,470,1,0,18,0,0
2018-08,470,1,1,59,0,0
2018-08,470,2,0,7,0,0
2018-08,470,2,1,7,0,0
2018-08,480,1,0,31,0,0
2018-08,480,1,1,63,0,0
2018-08,480,2,0,4,0,0
2018-08,480,2,1,20,0,0
2018-08,490,1,0,52,0,0
2018-08,490,1,1,115,0,0
2018-08,490,2,0,13,0,0
2018-08,490,2,1,26,0,0
2018-08,500,1,0,58,0,0
2018-08,500,1,1,158,0,0
2018-08,500,2,0,22,0,0
2018-08,500,2,1,34,0,0
2018-08,510,1,0,101,0,0
2018-08,510,1,1,228,2,0
2018-08,510,2,0,21,0,0
2018-08,510,2,1,51,0,0
2018-08,520,1,0,112,0,0
2018-08,520,1,1,302,0,0
2018-08,520,2,0,31,0,0
2018-08,520,2,1,65,0,0
2018-08,530,1,0,170,1,0
2018-08,530,1,1,461,1,0
2018-08,530,2,0,40,0,0
2018-08,530,2,1,99,0,0
2018-08,540,1,0,217,0,0
2018-08,540,1,1,528,1,0
2018-08,540,2,0,64,0,0
2018-08,540,2,1,89,0,0
2018-08,550,1,0,260,2,0
2018-08,550,1,1,751,2,0
2018-08,550,2,0,79,0,0
2018-08,550,2,1,135,0,0
2018-08,560,1,0,314,0,0
2018-08,560,1,1,844,0,0
2018-08,560,2,0,74,0,0
2018-08,560,2,1,139,1,0
2018-08,570,1,0,418,2,0
2018-08,570,1,1,1078,4,2
2018-08,570,2,0,103,0,0
2018-08,570,2,1,190,1,0
2018-08,580,1,0,461,3,1
2018-08,580,1,1,1198,3,0
2018-08,580,2,0,114,0,0
2018-08,580,2,1,213,0,0
2018-08,590,1,0,561,1,0
2018-08,590,1,1,1433,4,1
2018-08,590,2,0,128,0,0
2018-08,590,2,1,290,1,0
2018-08,600,1,0,634,1,0
2018-08,600,1,1,1741,2,1
2018-08,600,2,0,157,0,0
2018-08,600,2,1,323,0,0
2018-08,610,1,0,769,2,0
2018-08,610,1,1,2145,6,0
2018-08,610,2,0,177,0,0
2018-08,610,2,1,368,0,0
2018-08,620,1,0,844,1,0
2018-08,620,1,1,2250,5,2
2018-08,620,2,0,256,0,0
2018-08,620,2,1,573,1,0
2018-08,630,1,0,975,2,0
2018-08,630,1,1,2570,7,0
2018-08,630,2,0,290,0,0
2018-08,630,2,1,710,1,0
2018-08,640,1,0,969,3,0
2018-08,640,1,1,2641,8,1
2018-08,640,2,0,281,0,0
2018-08,640,2,1,722,0,0
2018-08,650,1,0,1101,1,0
2018-08,650,1,1,3103,1,0
2018-08,650,2,0,339,0,0
2018-08,650,2,1,793,1,0
2018-08,660,1,0,1086,0,0
2018-08,660,1,1,3176,4,0
2018-08,660,2,0,360,0,0
2018-08,660,2,1,778,2,0
2018-08,670,1,0,1183,1,0
2018-08,670,1,1,3462,3,0
2018-08,670,2,0,376,0,0
2018-08,670,2,1,819,0,0
2018-08,680,1,0,1161,0,0
2018-08,680,1,1,3315,4,0
2018-08,680,2,0,340,0,0
2018-08,680,2,1,783,0,0
2018-08,690,1,0,1340,0,0
2018-08,690,1,1,3608,2,0
2018-08,690,2,0,368,0,0
2018-08,690,2,1,829,0,0
2018-08,700,1,0,1254,2,0
2018-08,700,1,1,3425,6,0
2018-08,700,2,0,337,1,0
2018-08,700,2,1,766,0,0
2018-08,710,1,0,1327,2,0
2018-08,710,1,1,3650,1,0
2018-08,710,2,0,356,0,0
2018-08,710,2,1,763,0,0
2018-08,720,1,0,1342,1,0
2018-08,720,1,1,3489,0,0
2018-08,720,2,0,346,0,0
2018-08,720,2,1,786,0,0
2018-08,730,1,0,1474,0,0
2018-08,730,1,1,3739,0,0
2018-08,730,2,0,332,0,0
2018-08,730,2,1,718,0,0
2018-08,740,1,0,1326,0,0
2018-08,740,1,1,3625,1,0
2018-08,740,2,0,332,0,0
2018-08,740,2,1,709,1,0
2018-08,750,1,0,1372,0,0
2018-08,750,1,1,3763,0,0
2018-08,750,2,0,303,0,0
2018-08,750,2,1,656,0,0
2018-08,760,1,0,1277,0,0
2018-08,760,1,1,3658,1,0
2018-08,760,2,0,302,0,0
2018-08,760,2,1,686,0,0
2018-08,770,1,0,1371,1,0
2018-08,770,1,1,3771,1,0
2018-08,770,2,0,289,1,0
2018-08,770,2,1,593,0,0
2018-08,780,1,0,1439,0,0
2018-08,780,1,1,3721,1,0
2018-08,780,2,0,238,0,0
2018-08,780,2,1,580,0,0
2018-08,790,1,0,1509,1,0
2018-08,790,1,1,4022,1,0
2018-08,790,2,0,276,0,0
2018-08,790,2,1,605,0,0
2018-08,800,1,0,1587,0,0
2018-08,800,1,1,4167,0,0
2018-08,800,2,0,272,0,0
2018-08,800,2,1,597,1,0
2018-08,810,1,0,1705,0,0
2018-08,810,1,1,4559,0,0
2018-08,810,2,0,290,0,0
2018-08,810,2,1,594,0,0
2018-08,820,1,0,1738,0,0
2018-08,820,1,1,4662,1,0
2018-08,820,2,0,277,0,0
2018-08,820,2,1,641,0,0
2018-08,830,1,0,1684,0,0
2018-08,830,1,1,4724,0,0
2018-08,830,2,0,303,0,0
2018-08,830,2,1,592,0,0
2018-08,840,1,0,1647,0,0
2018-08,840,1,1,4423,0,0
2018-08,840,2,0,271,0,0
2018-08,840,2,1,519,1,0
2018-08,850,1,0,1502,0,0
2018-08,850,1,1,4284,0,0
2018-08,850,2,0,226,0,0
2018-08,850,2,1,523,0,0
2018-08,860,1,0,1230,0,0
2018-08,860,1,1,3299,0,0
2018-08,860,2,0,166,0,0
2018-08,860,2,1,380,0,0
2018-08,870,1,0,884,0,0
2018-08,870,1,1,2374,0,0
2018-08,870,2,0,119,0,0
2018-08,870,2,1,252,0,0
2018-08,880,1,0,492,0,0
2018-08,880,1,1,1327,0,0
2018-08,880,2,0,62,0,0
2018-08,880,2,1,149,0,0
2018-08,890,1,0,219,0,0
2018-08,890,1,1,526,0,0
2018-08,890,2,0,25,0,0
2018-08,890,2,1,44,0,0
2018-09,390,1,1,1,0,0
2018-09,400,2,0,1,0,0
2018-09,410,1,1,2,0,0
2018-09,410,2,0,2,0,0
2018-09,410,2,1,1,0,0
2018-09,420,1,0,1,0,0
2018-09,420,1,1,5,0,0
2018-09,420,2,0,1,0,0
2018-09,420,2,1,1,0,0
2018-09,430,1,0,6,0,0
2018-09,430,1,1,11,0,0
2018-09,430,2,1,1,0,0
2018-09,440,1,0,3,0,0
2018-09,440,1,1,19,0,0
2018-09,440,2,0,2,0,0
2018-09,440,2,1,3,0,0
2018-09,450,1,0,11,0,0
2018-09,450,1,1,35,0,0
2018-09,450,2,0,1,0,0
2018-09,450,2,1,7,0,0
2018-09,460,1,0,11,0,0
2018-09,460,1,1,37,0,0
2018-09,460,2,0,3,0,0
2018-09,460,2,1,9,0,0
2018-09,470,1,0,16,0,0
2018-09,470,1,1,59,0,0
2018-09,470,2,0,7,0,0
2018-09,470,2,1,7,0,0
2018-09,480,1,0,31,0,0
2018-09,480,1,1,63,0,0
2018-09,480,2,0,4,0,0
2018-09,480,2,1,18,0,0
2018-09,490,1,0,52,0,0
2018-09,490,1,1,115,0,0
2018-09,490,2,0,13,0,0
2018-09,490,2,1,25,0,0
2018-09,500,1,0,58,0,0
2018-09,500,1,1,153,1,0
2018-09,500,2,0,22,0,0
2018-09,500,2,1,33,0,0
2018-09,510,1,0,100,0,0
2018-09,510,1,1,222,4,0
2018-09,510,2,0,20,0,0
2018-09,510,2,1,50,0,0
2018-09,520,1,0,111,0,0
2018-09,520,1,1,298,1,1
2018-09,520,2,0,31,0,0
2018-09,520,2,1,65,0,0
2018-09,530,1,0,166,0,0
2018-09,530,1,1,452,3,2
2018-09,530,2,0,40,0,0
2018-09,530,2,1,96,0,0
2018-09,540,1,0,215,0,0
2018-09,540,1,1,521,3,1
2018-09,540,2,0,60,0,0
2018-09,540,2,1,82,0,0
2018-09,550,1,0,253,0,0
2018-09,550,1,1,731,0,0
2018-09,550,2,0,77,0,0
2018-09,550,2,1,128,0,0
2018-09,560,1,0,310,1,0
2018-09,560,1,1,827,3,0
2018-09,560,2,0,74,0,0
2018-09,560,2,1,137,0,0
2018-09,570,1,0,414,1,0
2018-09,570,1,1,1050,0,0
2018-09,570,2,0,102,0,0
2018-09,570,2,1,184,0,0
2018-09,580,1,0,451,0,0
2018-09,580,1,1,1169,4,2
2018-09,580,2,0,114,2,0
2018-09,580,2,1,207,2,0
2018-09,590,1,0,555,1,0
2018-09,590,1,1,1399,4,1
2018-09,590,2,0,128,0,0
2018-09,590,2,1,279,0,0
2018-09,600,1,0,619,1,1
2018-09,600,1,1,1703,0,0
2018-09,600,2,0,156,0,0
2018-09,600,2,1,315,0,0
2018-09,610,1,0,758,2,0
2018-09,610,1,1,2102,4,0
2018-09,610,2,0,172,0,0
2018-09,610,2,1,356,1,0
2018-09,620,1,0,830,1,0
2018-09,620,1,1,2196,1,1
2018-09,620,2,0,251,0,0
2018-09,620,2,1,563,1,0
2018-09,630,1,0,957,2,1
2018-09,630,1,1,2510,3,0
2018-09,630,2,0,285,0,0
2018-09,630,2,1,693,0,0
2018-09,640,1,0,951,0,0
2018-09,640,1,1,2584,4,1
2018-09,640,2,0,278,0,0
2018-09,640,2,1,709,1,0
2018-09,650,1,0,1080,0,0
2018-09,650,1,1,3048,8,3
2018-09,650,2,0,335,0,0
2018-09,650,2,1,777,1,0
2018-09,660,1,0,1068,0,0
2018-09,660,1,1,3110,3,0
2018-09,660,2,0,356,0,0
2018-09,660,2,1,758,0,0
2018-09,670,1,0,1157,0,0
2018-09,670,1,1,3382,6,0
2018-09,670,2,0,363,1,0
2018-09,670,2,1,809,0,0
2018-09,680,1,0,1126,0,0
2018-09,680,1,1,3244,5,1
2018-09,680,2,0,332,0,0
2018-09,680,2,1,769,0,0
2018-09,690,1,0,1312,2,0
2018-09,690,1,1,3528,3,0
2018-09,690,2,0,362,1,0
2018-09,690,2,1,816,3,0
2018-09,700,1,0,1223,1,0
2018-09,700,1,1,3353,3,0
2018-09,700,2,0,329,0,0
2018-09,700,2,1,751,0,0
2018-09,710,1,0,1288,0,0
2018-09,710,1,1,3570,3,0
2018-09,710,2,0,345,0,0
2018-09,710,2,1,749,0,0
2018-09,720,1,0,1298,0,0
2018-09,720,1,1,3419,1,0
2018-09,720,2,0,336,1,1
2018-09,720,2,1,762,1,0
2018-09,730,1,0,1434,0,0
2018-09,730,1,1,3651,0,0
2018-09,730,2,0,329,0,0
2018-09,730,2,1,703,0,0
2018-09,740,1,0,1292,0,0
2018-09,740,1,1,3532,2,0
2018-09,740,2,0,327,0,0
2018-09,740,2,1,690,0,0
2018-09,750,1,0,1332,0,0
2018-09,750,1,1,3685,1,0
2018-09,750,2,0,296,0,0
2018-09,750,2,1,638,0,0
2018-09,760,1,0,1248,0,0
2018-09,760,1,1,3578,0,0
2018-09,760,2,0,295,0,0
2018-09,760,2,1,671,1,1
2018-09,770,1,0,1324,0,0
2018-09,770,1,1,3691,0,0
2018-09,770,2,0,286,0,0
2018-09,770,2,1,584,0,0
2018-09,780,1,0,1392,0,0
2018-09,780,1,1,3633,0,0
2018-09,780,2,0,230,0,0
2018-09,780,2,1,569,0,0
2018-09,790,1,0,1468,1,0
2018-09,790,1,1,3949,0,0
2018-09,790,2,0,270,0,0
2018-09,790,2,1,584,0,0
2018-09,800,1,0,1533,0,0
2018-09,800,1,1,4071,1,0
2018-09,800,2,0,262,0,0
2018-09,800,2,1,583,0,0
2018-09,810,1,0,1653,0,0
2018-09,810,1,1,4448,0,0
2018-09,810,2,0,286,0,0
2018-09,810,2,1,583,0,0
2018-09,820,1,0,1673,0,0
2018-09,820,1,1,4566,0,0
2018-09,820,2,0,275,0,0
2018-09,820,2,1,625,0,0
2018-09,830,1,0,1619,0,0
2018-09,830,1,1,4626,0,0
2018-09,830,2,0,297,0,0
2018-09,830,2,1,579,0,0
2018-09,840,1,0,1591,0,0
2018-09,840,1,1,4334,2,0
2018-09,840,2,0,267,0,0
2018-09,840,2,1,509,0,0
2018-09,850,1,0,1458,0,0
2018-09,850,1,1,4184,0,0
2018-09,850,2,0,222,0,0
2018-09,850,2,1,514,0,0
2018-09,860,1,0,1184,0,0
2018-09,860,1,1,3224,0,0
2018-09,860,2,0,162,0,0
2018-09,860,2,1,375,0,0
2018-09,870,1,0,856,0,0
2018-09,870,1,1,2326,0,0
2018-09,870,2,0,115,0,0
2018-09,870,2,1,246,0,0
2018-09,880,1,0,476,0,0
2018-09,880,1,1,1295,0,0
2018-09,880,2,0,61,0,0
2018-09,880,2,1,144,0,0
2018-09,890,1,0,213,0,0
2018-09,890,1,1,519,0,0
2018-09,890,2,0,22,0,0
2018-09,890,2,1,44,0,0
2018-10,390,1,1,1,0,0
2018-10,400,2,1,1,0,0
2018-10,410,1,0,2,0,0
2018-10,410,1,1,2,0,0
2018-10,410,2,1,3,0,0
2018-10,420,1,1,6,0,0
2018-10,420,2,0,1,0,0
2018-10,420,2,1,2,0,0
2018-10,430,1,1,17,0,0
2018-10,430,2,0,1,0,0
2018-10,430,2,1,1,0,0
2018-10,440,1,0,4,0,0
2018-10,440,1,1,22,0,0
2018-10,440,2,0,2,0,0
2018-10,440,2,1,4,0,0
2018-10,450,1,0,7,0,0
2018-10,450,1,1,46,0,0
2018-10,450,2,0,3,0,0
2018-10,450,2,1,7,0,0
2018-10,460,1,0,11,0,0
2018-10,460,1,1,47,0,0
2018-10,460,2,0,2,0,0
2018-10,460,2,1,11,0,0
2018-10,470,1,0,14,0,0
2018-10,470,1,1,74,0,0
2018-10,470,2,0,3,0,0
2018-10,470,2,1,14,0,0
2018-10,480,1,0,21,0,0
2018-10,480,1,1,91,0,0
2018-10,480,2,0,7,0,0
2018-10,480,2,1,21,0,0
2018-10,490,1,0,37,0,0
2018-10,490,1,1,165,1,0
2018-10,490,2,0,18,0,0
2018-10,490,2,1,38,0,0
2018-10,500,1,0,53,0,0
2018-10,500,1,1,206,1,0
2018-10,500,2,0,8,0,0
2018-10,500,2,1,55,0,0
2018-10,510,1,0,75,0,0
2018-10,510,1,1,315,2,0
2018-10,510,2,0,17,0,0
2018-10,510,2,1,69,0,0
2018-10,520,1,0,95,0,0
2018-10,520,1,1,401,0,0
2018-10,520,2,0,27,0,0
2018-10,520,2,1,95,0,0
2018-10,530,1,0,88,0,0
2018-10,530,1,1,604,1,0
2018-10,530,2,0,32,0,0
2018-10,530,2,1,134,0,0
2018-10,540,1,0,147,0,0
2018-10,540,1,1,717,1,1
2018-10,540,2,0,27,0,0
2018-10,540,2,1,139,0,0
2018-10,550,1,0,163,0,0
2018-10,550,1,1,965,4,0
2018-10,550,2,0,50,0,0
2018-10,550,2,1,201,1,1
2018-10,560,1,0,201,0,0
2018-10,560,1,1,1125,2,0
2018-10,560,2,0,39,0,0
2018-10,560,2,1,204,0,0
2018-10,570,1,0,273,0,0
2018-10,570,1,1,1429,8,0
2018-10,570,2,0,69,0,0
2018-10,570,2,1,283,1,1
2018-10,580,1,0,272,0,0
2018-10,580,1,1,1584,7,1
2018-10,580,2,0,69,0,0
2018-10,580,2,1,310,1,0
2018-10,590,1,0,374,0,0
2018-10,590,1,1,1910,3,1
2018-10,590,2,0,87,0,0
2018-10,590,2,1,405,2,1
2018-10,600,1,0,438,2,0
2018-10,600,1,1,2290,8,1
2018-10,600,2,0,105,0,0
2018-10,600,2,1,459,0,0
2018-10,610,1,0,501,0,0
2018-10,610,1,1,2809,4,0
2018-10,610,2,0,127,0,0
2018-10,610,2,1,522,3,0
2018-10,620,1,0,546,0,0
2018-10,620,1,1,2977,4,0
2018-10,620,2,0,188,0,0
2018-10,620,2,1,802,0,0
2018-10,630,1,0,642,0,0
2018-10,630,1,1,3395,7,2
2018-10,630,2,0,217,0,0
2018-10,630,2,1,961,1,0
2018-10,640,1,0,609,0,0
2018-10,640,1,1,3455,5,0
2018-10,640,2,0,219,0,0
2018-10,640,2,1,967,0,0
2018-10,650,1,0,716,0,0
2018-10,650,1,1,4033,5,0
2018-10,650,2,0,238,0,0
2018-10,650,2,1,1093,0,0
2018-10,660,1,0,736,0,0
2018-10,660,1,1,4096,8,1
2018-10,660,2,0,215,0,0
2018-10,660,2,1,1096,2,0
2018-10,670,1,0,832,0,0
2018-10,670,1,1,4436,7,0
2018-10,670,2,0,268,0,0
2018-10,670,2,1,1154,2,0
2018-10,680,1,0,774,0,0
2018-10,680,1,1,4271,3,0
2018-10,680,2,0,265,0,0
2018-10,680,2,1,1078,2,0
2018-10,690,1,0,828,0,0
2018-10,690,1,1,4744,2,0
2018-10,690,2,0,208,0,0
2018-10,690,2,1,1162,0,0
2018-10,700,1,0,873,0,0
2018-10,700,1,1,4482,0,0
2018-10,700,2,0,272,0,0
2018-10,700,2,1,1058,0,0
2018-10,710,1,0,852,0,0
2018-10,710,1,1,4752,4,1
2018-10,710,2,0,278,0,0
2018-10,710,2,1,1076,1,0
2018-10,720,1,0,894,0,0
2018-10,720,1,1,4615,1,0
2018-10,720,2,0,234,0,0
2018-10,720,2,1,1076,2,0
2018-10,730,1,0,931,0,0
2018-10,730,1,1,4991,4,0
2018-10,730,2,0,274,0,0
2018-10,730,2,1,1010,1,0
2018-10,740,1,0,919,0,0
2018-10,740,1,1,4706,2,0
2018-10,740,2,0,260,0,0
2018-10,740,2,1,1001,0,0
2018-10,750,1,0,959,0,0
2018-10,750,1,1,4916,0,0
2018-10,750,2,0,235,0,0
2018-10,750,2,1,920,0,0
2018-10,760,1,0,987,0,0
2018-10,760,1,1,4731,1,0
2018-10,760,2,0,215,0,0
2018-10,760,2,1,945,1,0
2018-10,770,1,0,920,0,0
2018-10,770,1,1,4914,2,0
2018-10,770,2,0,243,0,0
2018-10,770,2,1,848,0,0
2018-10,780,1,0,997,0,0
2018-10,780,1,1,4909,1,0
2018-10,780,2,0,209,0,0
2018-10,780,2,1,787,0,0
2018-10,790,1,0,1146,0,0
2018-10,790,1,1,5306,1,0
2018-10,790,2,0,228,0,0
2018-10,790,2,1,839,0,0
2018-10,800,1,0,1126,0,0
2018-10,800,1,1,5493,0,0
2018-10,800,2,0,233,0,0
2018-10,800,2,1,825,0,0
2018-10,810,1,0,1251,0,0
2018-10,810,1,1,5975,0,0
2018-10,810,2,0,245,0,0
2018-10,810,2,1,849,0,0
2018-10,820,1,0,1238,0,0
2018-10,820,1,1,6109,0,0
2018-10,820,2,0,223,0,0
2018-10,820,2,1,878,0,0
2018-10,830,1,0,1153,0,0
2018-10,830,1,1,6137,0,0
2018-10,830,2,0,221,0,0
2018-10,830,2,1,861,0,0
2018-10,840,1,0,1171,0,0
2018-10,840,1,1,5790,0,0
2018-10,840,2,0,197,0,0
2018-10,840,2,1,762,0,0
2018-10,850,1,0,1145,0,0
2018-10,850,1,1,5530,0,0
2018-10,850,2,0,188,0,0
2018-10,850,2,1,724,0,0
2018-10,860,1,0,912,0,0
2018-10,860,1,1,4324,0,0
2018-10,860,2,0,130,0,0
2018-10,860,2,1,524,0,0
2018-10,870,1,0,658,0,0
2018-10,870,1,1,3119,0,0
2018-10,870,2,0,90,0,0
2018-10,870,2,1,355,0,0
2018-10,880,1,0,386,0,0
2018-10,880,1,1,1740,0,0
2018-10,880,2,0,62,0,0
2018-10,880,2,1,202,0,0
2018-10,890,1,0,131,0,0
2018-10,890,1,1,721,0,0
2018-10,890,2,0,33,0,0
2018-10,890,2,1,64,0,0
2018-11,390,1,1,1,0,0
2018-11,400,2,1,1,0,0
2018-11,410,1,0,2,0,0
2018-11,410,1,1,2,0,0
2018-11,410,2,1,3,0,0
2018-11,420,1,1,5,0,0
2018-11,420,2,0,1,0,0
2018-11,420,2,1,2,0,0
2018-11,430,1,1,17,0,0
2018-11,430,2,0,1,0,0
2018-11,430,2,1,1,0,0
2018-11,440,1,0,4,0,0
2018-11,440,1,1,21,0,0
2018-11,440,2,0,2,0,0
2018-11,440,2,1,4,0,0
2018-11,450,1,0,7,0,0
2018-11,450,1,1,45,0,0
2018-11,450,2,0,3,0,0
2018-11,450,2,1,7,0,0
2018-11,460,1,0,11,0,0
2018-11,460,1,1,45,0,0
2018-11,460,2,0,2,0,0
2018-11,460,2,1,11,0,0
2018-11,470,1,0,14,0,0
2018-11,470,1,1,73,0,0
2018-11,470,2,0,3,0,0
2018-11,470,2,1,13,0,0
2018-11,480,1,0,21,0,0
2018-11,480,1,1,89,0,0
2018-11,480,2,0,7,0,0
2018-11,480,2,1,21,0,0
2018-11,490,1,0,37,0,0
2018-11,490,1,1,160,0,0
2018-11,490,2,0,18,0,0
2018-11,490,2,1,38,0,0
2018-11,500,1,0,52,0,0
2018-11,500,1,1,201,1,0
2018-11,500,2,0,8,0,0
2018-11,500,2,1,52,0,0
2018-11,510,1,0,74,2,0
2018-11,510,1,1,308,2,0
2018-11,510,2,0,17,0,0
2018-11,510,2,1,68,0,0
2018-11,520,1,0,95,0,0
2018-11,520,1,1,395,0,0
2018-11,520,2,0,27,0,0
2018-11,520,2,1,93,0,0
2018-11,530,1,0,87,0,0
2018-11,530,1,1,595,2,0
2018-11,530,2,0,32,0,0
2018-11,530,2,1,134,0,0
2018-11,540,1,0,145,0,0
2018-11,540,1,1,708,3,0
2018-11,540,2,0,27,0,0
2018-11,540,2,1,134,0,0
2018-11,550,1,0,159,0,0
2018-11,550,1,1,942,1,0
2018-11,550,2,0,49,1,0
2018-11,550,2,1,198,0,0
2018-11,560,1,0,198,0,0
2018-11,560,1,1,1097,1,1
2018-11,560,2,0,39,0,0
2018-11,560,2,1,200,1,1
2018-11,570,1,0,271,0,0
2018-11,570,1,1,1396,5,0
2018-11,570,2,0,69,0,0
2018-11,570,2,1,275,1,0
2018-11,580,1,0,271,1,0
2018-11,580,1,1,1541,3,1
2018-11,580,2,0,66,0,0
2018-11,580,2,1,300,0,0
2018-11,590,1,0,371,1,0
2018-11,590,1,1,1866,3,2
2018-11,590,2,0,87,0,0
2018-11,590,2,1,393,0,0
2018-11,600,1,0,433,0,0
2018-11,600,1,1,2237,5,1
2018-11,600,2,0,104,0,0
2018-11,600,2,1,449,1,0
2018-11,610,1,0,495,0,0
2018-11,610,1,1,2744,6,1
2018-11,610,2,0,125,0,0
2018-11,610,2,1,507,0,0
2018-11,620,1,0,538,0,0
2018-11,620,1,1,2902,3,0
2018-11,620,2,0,187,1,0
2018-11,620,2,1,790,2,0
2018-11,630,1,0,633,0,0
2018-11,630,1,1,3316,6,1
2018-11,630,2,0,210,0,0
2018-11,630,2,1,944,0,0
2018-11,640,1,0,593,0,0
2018-11,640,1,1,3383,2,0
2018-11,640,2,0,218,1,0
2018-11,640,2,1,942,0,0
2018-11,650,1,0,705,2,0
2018-11,650,1,1,3943,6,0
2018-11,650,2,0,238,0,0
2018-11,650,2,1,1081,3,1
2018-11,660,1,0,725,0,0
2018-11,660,1,1,4004,2,0
2018-11,660,2,0,215,0,0
2018-11,660,2,1,1070,1,0
2018-11,670,1,0,823,1,0
2018-11,670,1,1,4334,6,0
2018-11,670,2,0,264,0,0
2018-11,670,2,1,1131,2,0
2018-11,680,1,0,760,0,0
2018-11,680,1,1,4161,1,0
2018-11,680,2,0,265,0,0
2018-11,680,2,1,1055,1,0
2018-11,690,1,0,815,0,0
2018-11,690,1,1,4630,1,0
2018-11,690,2,0,206,0,0
2018-11,690,2,1,1143,0,0
2018-11,700,1,0,865,0,0
2018-11,700,1,1,4402,2,0
2018-11,700,2,0,269,0,0
2018-11,700,2,1,1039,1,1
2018-11,710,1,0,837,1,0
2018-11,710,1,1,4644,2,0
2018-11,710,2,0,277,0,0
2018-11,710,2,1,1052,0,0
2018-11,720,1,0,877,0,0
2018-11,720,1,1,4528,0,0
2018-11,720,2,0,230,0,0
2018-11,720,2,1,1057,0,0
2018-11,730,1,0,913,0,0
2018-11,730,1,1,4884,1,0
2018-11,730,2,0,270,0,0
2018-11,730,2,1,988,1,0
2018-11,740,1,0,897,1,1
2018-11,740,1,1,4585,1,0
2018-11,740,2,0,258,0,0
2018-11,740,2,1,987,0,0
2018-11,750,1,0,933,0,0
2018-11,750,1,1,4797,0,0
2018-11,750,2,0,232,0,0
2018-11,750,2,1,906,0,0
2018-11,760,1,0,950,0,0
2018-11,760,1,1,4629,1,0
2018-11,760,2,0,215,0,0
2018-11,760,2,1,930,0,0
2018-11,770,1,0,879,0,0
2018-11,770,1,1,4810,0,0
2018-11,770,2,0,240,0,0
2018-11,770,2,1,830,0,0
2018-11,780,1,0,944,0,0
2018-11,780,1,1,4813,0,0
2018-11,780,2,0,207,0,0
2018-11,780,2,1,774,0,0
2018-11,790,1,0,1096,0,0
2018-11,790,1,1,5173,1,0
2018-11,790,2,0,225,0,0
2018-11,790,2,1,816,1,0
2018-11,800,1,0,1074,0,0
2018-11,800,1,1,5370,3,0
2018-11,800,2,0,230,0,0
2018-11,800,2,1,810,0,0
2018-11,810,1,0,1192,0,0
2018-11,810,1,1,5852,0,0
2018-11,810,2,0,239,0,0
2018-11,810,2,1,824,0,0
2018-11,820,1,0,1174,0,0
2018-11,820,1,1,5959,0,0
2018-11,820,2,0,220,0,0
2018-11,820,2,1,858,0,0
2018-11,830,1,0,1102,0,0
2018-11,830,1,1,5999,1,0
2018-11,830,2,0,216,0,0
2018-11,830,2,1,845,0,0
2018-11,840,1,0,1127,0,0
2018-11,840,1,1,5659,0,0
2018-11,840,2,0,193,0,0
2018-11,840,2,1,747,0,0
2018-11,850,1,0,1109,0,0
2018-11,850,1,1,5406,0,0
2018-11,850,2,0,187,0,0
2018-11,850,2,1,711,0,0
2018-11,860,1,0,885,0,0
2018-11,860,1,1,4245,0,0
2018-11,860,2,0,128,0,0
2018-11,860,2,1,517,0,0
2018-11,870,1,0,632,0,0
2018-11,870,1,1,3070,0,0
2018-11,870,2,0,87,0,0
2018-11,870,2,1,346,0,0
2018-11,880,1,0,366,0,0
2018-11,880,1,1,1713,0,0
2018-11,880,2,0,61,0,0
2018-11,880,2,1,197,0,0
2018-11,890,1,0,126,0,0
2018-11,890,1,1,709,0,0
2018-11,890,2,0,32,0,0
2018-11,890,2,1,59,0,0
2018-12,390,1,1,1,0,0
2018-12,400,2,1,1,0,0
2018-12,410,1,0,2,0,0
2018-12,410,1,1,2,0,0
2018-12,410,2,1,3,0,0
2018-12,420,1,1,5,0,0
2018-12,420,2,0,1,0,0
2018-12,420,2,1,2,0,0
2018-12,430,1,1,17,0,0
2018-12,430,2,0,1,0,0
2018-12,430,2,1,1,0,0
2018-12,440,1,0,4,0,0
2018-12,440,1,1,21,0,0
2018-12,440,2,0,2,0,0
2018-12,440,2,1,4,0,0
2018-12,450,1,0,7,0,0
2018-12,450,1,1,45,0,0
2018-12,450,2,0,3,0,0
2018-12,450,2,1,7,0,0
2018-12,460,1,0,11,0,0
2018-12,460,1,1,44,0,0
2018-12,460,2,0,2,0,0
2018-12,460,2,1,11,0,0
2018-12,470,1,0,13,0,0
2018-12,470,1,1,71,0,0
2018-12,470,2,0,3,0,0
2018-12,470,2,1,13,0,0
2018-12,480,1,0,21,0,0
2018-12,480,1,1,87,0,0
2018-12,480,2,0,7,0,0
2018-12,480,2,1,21,1,1
2018-12,490,1,0,36,0,0
2018-12,490,1,1,158,2,0
2018-12,490,2,0,18,0,0
2018-12,490,2,1,37,0,0
2018-12,500,1,0,51,0,0
2018-12,500,1,1,197,1,0
2018-12,500,2,0,8,1,0
2018-12,500,2,1,51,0,0
2018-12,510,1,0,72,0,0
2018-12,510,1,1,301,1,0
2018-12,510,2,0,17,0,0
2018-12,510,2,1,67,0,0
2018-12,520,1,0,95,1,0
2018-12,520,1,1,387,1,0
2018-12,520,2,0,27,0,0
2018-12,520,2,1,89,0,0
2018-12,530,1,0,85,1,0
2018-12,530,1,1,583,0,0
2018-12,530,2,0,32,0,0
2018-12,530,2,1,133,0,0
2018-12,540,1,0,145,0,0
2018-12,540,1,1,699,2,0
2018-12,540,2,0,27,0,0
2018-12,540,2,1,127,1,0
2018-12,550,1,0,159,1,1
2018-12,550,1,1,925,2,0
2018-12,550,2,0,45,0,0
2018-12,550,2,1,191,1,0
2018-12,560,1,0,197,2,0
2018-12,560,1,1,1073,5,0
2018-12,560,2,0,39,0,0
2018-12,560,2,1,195,0,0
2018-12,570,1,0,268,1,1
2018-12,570,1,1,1366,3,0
2018-12,570,2,0,69,0,0
2018-12,570,2,1,259,0,0
2018-12,580,1,0,267,1,0
2018-12,580,1,1,1515,1,1
2018-12,580,2,0,66,0,0
2018-12,580,2,1,294,0,0
2018-12,590,1,0,365,0,0
2018-12,590,1,1,1821,1,1
2018-12,590,2,0,86,0,0
2018-12,590,2,1,385,0,0
2018-12,600,1,0,427,0,0
2018-12,600,1,1,2190,4,1
2018-12,600,2,0,103,0,0
2018-12,600,2,1,430,2,0
2018-12,610,1,0,485,0,0
2018-12,610,1,1,2689,5,2
2018-12,610,2,0,125,0,0
2018-12,610,2,1,503,2,1
2018-12,620,1,0,533,2,0
2018-12,620,1,1,2845,5,3
2018-12,620,2,0,181,0,0
2018-12,620,2,1,773,1,1
2018-12,630,1,0,618,0,0
2018-12,630,1,1,3258,3,0
2018-12,630,2,0,206,0,0
2018-12,630,2,1,920,2,0
2018-12,640,1,0,580,0,0
2018-12,640,1,1,3320,7,2
2018-12,640,2,0,215,0,0
2018-12,640,2,1,918,1,0
2018-12,650,1,0,700,0,0
2018-12,650,1,1,3867,5,0
2018-12,650,2,0,235,0,0
2018-12,650,2,1,1049,2,0
2018-12,660,1,0,710,0,0
2018-12,660,1,1,3926,6,1
2018-12,660,2,0,209,0,0
2018-12,660,2,1,1043,2,1
2018-12,670,1,0,813,0,0
2018-12,670,1,1,4255,6,1
2018-12,670,2,0,263,0,0
2018-12,670,2,1,1109,0,0
2018-12,680,1,0,747,1,0
2018-12,680,1,1,4089,4,1
2018-12,680,2,0,262,0,0
2018-12,680,2,1,1037,0,0
2018-12,690,1,0,802,0,0
2018-12,690,1,1,4544,3,0
2018-12,690,2,0,204,0,0
2018-12,690,2,1,1130,0,0
2018-12,700,1,0,850,0,0
2018-12,700,1,1,4330,2,1
2018-12,700,2,0,266,0,0
2018-12,700,2,1,1026,2,0
2018-12,710,1,0,822,0,0
2018-12,710,1,1,4558,1,0
2018-12,710,2,0,275,0,0
2018-12,710,2,1,1038,2,0
2018-12,720,1,0,859,1,0
2018-12,720,1,1,4444,1,0
2018-12,720,2,0,227,0,0
2018-12,720,2,1,1034,0,0
2018-12,730,1,0,894,0,0
2018-12,730,1,1,4770,0,0
2018-12,730,2,0,263,0,0
2018-12,730,2,1,973,0,0
2018-12,740,1,0,871,0,0
2018-12,740,1,1,4498,2,0
2018-12,740,2,0,255,0,0
2018-12,740,2,1,970,0,0
2018-12,750,1,0,911,0,0
2018-12,750,1,1,4711,3,0
2018-12,750,2,0,231,0,0
2018-12,750,2,1,892,2,0
2018-12,760,1,0,927,0,0
2018-12,760,1,1,4548,0,0
2018-12,760,2,0,213,0,0
2018-12,760,2,1,906,0,0
2018-12,770,1,0,856,1,0
2018-12,770,1,1,4725,0,0
2018-12,770,2,0,238,0,0
2018-12,770,2,1,815,0,0
2018-12,780,1,0,911,0,0
2018-12,780,1,1,4702,0,0
2018-12,780,2,0,204,0,0
2018-12,780,2,1,757,0,0
2018-12,790,1,0,1061,0,0
2018-12,790,1,1,5064,0,0
2018-12,790,2,0,223,0,0
2018-12,790,2,1,789,0,0
2018-12,800,1,0,1043,0,0
2018-12,800,1,1,5252,1,0
2018-12,800,2,0,227,0,0
2018-12,800,2,1,796,0,0
2018-12,810,1,0,1157,0,0
2018-12,810,1,1,5722,0,0
2018-12,810,2,0,235,0,0
2018-12,810,2,1,807,0,0
2018-12,820,1,0,1142,0,0
2018-12,820,1,1,5848,0,0
2018-12,820,2,0,216,0,0
2018-12,820,2,1,840,0,0
2018-12,830,1,0,1065,0,0
2018-12,830,1,1,5881,0,0
2018-12,830,2,0,211,0,0
2018-12,830,2,1,832,0,0
2018-12,840,1,0,1089,0,0
2018-12,840,1,1,5549,0,0
2018-12,840,2,0,189,0,0
2018-12,840,2,1,730,0,0
2018-12,850,1,0,1072,0,0
2018-12,850,1,1,5313,0,0
2018-12,850,2,0,183,0,0
2018-12,850,2,1,699,0,0
2018-12,860,1,0,854,0,0
2018-12,860,1,1,4172,0,0
2018-12,860,2,0,127,0,0
2018-12,860,2,1,504,0,0
2018-12,870,1,0,610,0,0
2018-12,870,1,1,3018,0,0
2018-12,870,2,0,86,0,0
2018-12,870,2,1,340,0,0
2018-12,880,1,0,358,0,0
2018-12,880,1,1,1682,0,0
2018-12,880,2,0,61,0,0
2018-12,880,2,1,196,0,0
2018-12,890,1,0,124,0,0
2018-12,890,1,1,699,0,0
2018-12,890,2,0,32,0,0
2018-12,890,2,1,59,0,0
2019-01,390,1,1,1,0,0
2019-01,400,2,1,1,0,0
2019-01,410,1,0,2,0,0
2019-01,410,1,1,2,0,0
2019-01,410,2,1,3,0,0
2019-01,420,1,1,5,0,0
2019-01,420,2,0,1,0,0
2019-01,420,2,1,2,0,0
2019-01,430,1,1,16,0,0
2019-01,430,2,0,1,0,0
2019-01,430,2,1,1,0,0
2019-01,440,1,0,4,0,0
2019-01,440,1,1,20,0,0
2019-01,440,2,0,2,0,0
2019-01,440,2,1,4,0,0
2019-01,450,1,0,7,0,0
2019-01,450,1,1,45,0,0
2019-01,450,2,0,3,0,0
2019-01,450,2,1,7,0,0
2019-01,460,1,0,11,0,0
2019-01,460,1,1,42,0,0
2019-01,460,2,0,2,0,0
2019-01,460,2,1,11,0,0
2019-01,470,1,0,13,0,0
2019-01,470,1,1,71,1,0
2019-01,470,2,0,3,0,0
2019-01,470,2,1,13,0,0
2019-01,480,1,0,21,1,0
2019-01,480,1,1,87,0,0
2019-01,480,2,0,7,0,0
2019-01,480,2,1,19,1,0
2019-01,490,1,0,36,0,0
2019-01,490,1,1,156,1,0
2019-01,490,2,0,18,0,0
2019-01,490,2,1,35,0,0
2019-01,500,1,0,50,1,0
2019-01,500,1,1,194,1,0
2019-01,500,2,0,7,0,0
2019-01,500,2,1,51,0,0
2019-01,510,1,0,72,0,0
2019-01,510,1,1,294,1,0
2019-01,510,2,0,17,0,0
2019-01,510,2,1,66,0,0
2019-01,520,1,0,91,0,0
2019-01,520,1,1,380,2,0
2019-01,520,2,0,27,0,0
2019-01,520,2,1,89,0,0
2019-01,530,1,0,81,1,0
2019-01,530,1,1,576,0,0
2019-01,530,2,0,32,0,0
2019-01,530,2,1,130,0,0
2019-01,540,1,0,145,1,0
2019-01,540,1,1,680,1,0
2019-01,540,2,0,26,0,0
2019-01,540,2,1,125,0,0
2019-01,550,1,0,158,0,0
2019-01,550,1,1,912,3,0
2019-01,550,2,0,45,0,0
2019-01,550,2,1,189,0,0
2019-01,560,1,0,194,1,0
2019-01,560,1,1,1048,2,0
2019-01,560,2,0,39,0,0
2019-01,560,2,1,194,0,0
2019-01,570,1,0,263,2,1
2019-01,570,1,1,1337,2,1
2019-01,570,2,0,69,0,0
2019-01,570,2,1,258,0,0
2019-01,580,1,0,264,0,0
2019-01,580,1,1,1490,2,1
2019-01,580,2,0,66,0,0
2019-01,580,2,1,292,0,0
2019-01,590,1,0,361,2,0
2019-01,590,1,1,1793,7,0
2019-01,590,2,0,84,0,0
2019-01,590,2,1,376,0,0
2019-01,600,1,0,425,2,0
2019-01,600,1,1,2142,7,0
2019-01,600,2,0,101,2,1
2019-01,600,2,1,420,2,0
2019-01,610,1,0,482,1,0
2019-01,610,1,1,2643,7,1
2019-01,610,2,0,123,0,0
2019-01,610,2,1,494,1,1
2019-01,620,1,0,527,1,0
2019-01,620,1,1,2793,8,1
2019-01,620,2,0,181,0,0
2019-01,620,2,1,761,0,0
2019-01,630,1,0,609,2,0
2019-01,630,1,1,3189,5,2
2019-01,630,2,0,206,0,0
2019-01,630,2,1,900,1,0
2019-01,640,1,0,575,2,0
2019-01,640,1,1,3244,5,1
2019-01,640,2,0,211,0,0
2019-01,640,2,1,906,1,0
2019-01,650,1,0,691,0,0
2019-01,650,1,1,3791,5,0
2019-01,650,2,0,231,0,0
2019-01,650,2,1,1031,2,1
2019-01,660,1,0,696,3,0
2019-01,660,1,1,3851,1,0
2019-01,660,2,0,207,0,0
2019-01,660,2,1,1026,3,2
2019-01,670,1,0,799,1,0
2019-01,670,1,1,4181,2,1
2019-01,670,2,0,263,0,0
2019-01,670,2,1,1094,2,0
2019-01,680,1,0,729,1,0
2019-01,680,1,1,4000,5,1
2019-01,680,2,0,256,0,0
2019-01,680,2,1,1023,1,0
2019-01,690,1,0,792,0,0
2019-01,690,1,1,4449,3,0
2019-01,690,2,0,202,0,0
2019-01,690,2,1,1108,1,0
2019-01,700,1,0,827,0,0
2019-01,700,1,1,4261,2,0
2019-01,700,2,0,265,0,0
2019-01,700,2,1,1001,0,0
2019-01,710,1,0,802,0,0
2019-01,710,1,1,4472,4,0
2019-01,710,2,0,269,0,0
2019-01,710,2,1,1019,0,0
2019-01,720,1,0,843,0,0
2019-01,720,1,1,4366,3,1
2019-01,720,2,0,226,0,0
2019-01,720,2,1,1021,0,0
2019-01,730,1,0,872,1,0
2019-01,730,1,1,4670,3,0
2019-01,730,2,0,262,0,0
2019-01,730,2,1,958,0,0
2019-01,740,1,0,852,0,0
2019-01,740,1,1,4411,1,0
2019-01,740,2,0,248,0,0
2019-01,740,2,1,952,1,0
2019-01,750,1,0,888,0,0
2019-01,750,1,1,4626,1,1
2019-01,750,2,0,224,0,0
2019-01,750,2,1,877,0,0
2019-01,760,1,0,904,0,0
2019-01,760,1,1,4455,1,0
2019-01,760,2,0,209,0,0
2019-01,760,2,1,894,0,0
2019-01,770,1,0,838,0,0
2019-01,770,1,1,4648,0,0
2019-01,770,2,0,237,0,0
2019-01,770,2,1,798,0,0
2019-01,780,1,0,890,0,0
2019-01,780,1,1,4605,0,0
2019-01,780,2,0,203,0,0
2019-01,780,2,1,741,0,0
2019-01,790,1,0,1032,0,0
2019-01,790,1,1,4953,0,0
2019-01,790,2,0,221,0,0
2019-01,790,2,1,769,0,0
2019-01,800,1,0,1009,0,0
2019-01,800,1,1,5141,1,0
2019-01,800,2,0,224,0,0
2019-01,800,2,1,777,0,0
2019-01,810,1,0,1122,0,0
2019-01,810,1,1,5610,0,0
2019-01,810,2,0,231,0,0
2019-01,810,2,1,789,0,0
2019-01,820,1,0,1115,0,0
2019-01,820,1,1,5717,0,0
2019-01,820,2,0,210,0,0
2019-01,820,2,1,818,0,0
2019-01,830,1,0,1034,0,0
2019-01,830,1,1,5757,2,0
2019-01,830,2,0,209,0,0
2019-01,830,2,1,818,0,0
2019-01,840,1,0,1059,0,0
2019-01,840,1,1,5429,0,0
2019-01,840,2,0,187,0,0
2019-01,840,2,1,713,0,0
2019-01,850,1,0,1034,0,0
2019-01,850,1,1,5203,0,0
2019-01,850,2,0,182,0,0
2019-01,850,2,1,689,0,0
2019-01,860,1,0,826,0,0
2019-01,860,1,1,4108,0,0
2019-01,860,2,0,127,0,0
2019-01,860,2,1,493,0,0
2019-01,870,1,0,589,0,0
2019-01,870,1,1,2970,0,0
2019-01,870,2,0,86,0,0
2019-01,870,2,1,326,0,0
2019-01,880,1,0,350,0,0
2019-01,880,1,1,1660,0,0
2019-01,880,2,0,61,0,0
2019-01,880,2,1,192,0,0
2019-01,890,1,0,123,0,0
2019-01,890,1,1,690,0,0
2019-01,890,2,0,32,0,0
2019-01,890,2,1,59,0,0
2019-02,390,1,1,1,0,0
2019-02,400,2,1,1,0,0
2019-02,410,1,0,2,0,0
2019-02,410,1,1,2,0,0
2019-02,410,2,1,3,0,0
2019-02,420,1,1,4,0,0
2019-02,420,2,0,1,0,0
2019-02,420,2,1,2,0,0
2019-02,430,1,1,16,0,0
2019-02,430,2,0,1,0,0
2019-02,430,2,1,1,0,0
2019-02,440,1,0,4,0,0
2019-02,440,1,1,20,0,0
2019-02,440,2,0,2,0,0
2019-02,440,2,1,4,0,0
2019-02,450,1,0,7,0,0
2019-02,450,1,1,45,0,0
2019-02,450,2,0,3,0,0
2019-02,450,2,1,7,0,0
2019-02,460,1,0,11,0,0
2019-02,460,1,1,41,0,0
2019-02,460,2,0,2,0,0
2019-02,460,2,1,10,0,0
2019-02,470,1,0,13,0,0
2019-02,470,1,1,69,0,0
2019-02,470,2,0,3,0,0
2019-02,470,2,1,13,1,0
2019-02,480,1,0,20,0,0
2019-02,480,1,1,84,0,0
2019-02,480,2,0,7,0,0
2019-02,480,2,1,18,0,0
2019-02,490,1,0,36,0,0
2019-02,490,1,1,152,1,0
2019-02,490,2,0,17,0,0
2019-02,490,2,1,35,0,0
2019-02,500,1,0,48,0,0
2019-02,500,1,1,189,0,0
2019-02,500,2,0,7,0,0
2019-02,500,2,1,50,0,0
2019-02,510,1,0,72,0,0
2019-02,510,1,1,288,2,0
2019-02,510,2,0,16,0,0
2019-02,510,2,1,65,0,0
2019-02,520,1,0,89,0,0
2019-02,520,1,1,370,4,1
2019-02,520,2,0,26,0,0
2019-02,520,2,1,88,0,0
2019-02,530,1,0,80,0,0
2019-02,530,1,1,564,2,1
2019-02,530,2,0,32,0,0
2019-02,530,2,1,130,0,0
2019-02,540,1,0,143,0,0
2019-02,540,1,1,669,2,0
2019-02,540,2,0,26,0,0
2019-02,540,2,1,123,1,0
2019-02,550,1,0,157,1,0
2019-02,550,1,1,899,5,2
2019-02,550,2,0,43,0,0
2019-02,550,2,1,186,1,0
2019-02,560,1,0,191,0,0
2019-02,560,1,1,1027,0,0
2019-02,560,2,0,38,0,0
2019-02,560,2,1,191,0,0
2019-02,570,1,0,259,1,0
2019-02,570,1,1,1313,4,1
2019-02,570,2,0,66,0,0
2019-02,570,2,1,254,0,0
2019-02,580,1,0,263,1,0
2019-02,580,1,1,1457,5,3
2019-02,580,2,0,63,0,0
2019-02,580,2,1,280,0,0
2019-02,590,1,0,353,1,0
2019-02,590,1,1,1746,3,1
2019-02,590,2,0,84,0,0
2019-02,590,2,1,372,2,0
2019-02,600,1,0,420,0,0
2019-02,600,1,1,2080,3,0
2019-02,600,2,0,98,0,0
2019-02,600,2,1,412,1,0
2019-02,610,1,0,476,0,0
2019-02,610,1,1,2590,9,1
2019-02,610,2,0,123,0,0
2019-02,610,2,1,485,0,0
2019-02,620,1,0,520,0,0
2019-02,620,1,1,2743,3,0
2019-02,620,2,0,176,0,0
2019-02,620,2,1,747,2,0
2019-02,630,1,0,596,0,0
2019-02,630,1,1,3120,8,0
2019-02,630,2,0,204,0,0
2019-02,630,2,1,877,2,1
2019-02,640,1,0,566,2,0
2019-02,640,1,1,3170,3,1
2019-02,640,2,0,207,0,0
2019-02,640,2,1,893,2,0
2019-02,650,1,0,683,0,0
2019-02,650,1,1,3716,4,0
2019-02,650,2,0,228,0,0
2019-02,650,2,1,1009,1,0
2019-02,660,1,0,682,2,0
2019-02,660,1,1,3777,9,0
2019-02,660,2,0,201,0,0
2019-02,660,2,1,997,2,1
2019-02,670,1,0,786,0,0
2019-02,670,1,1,4120,5,0
2019-02,670,2,0,258,0,0
2019-02,670,2,1,1070,0,0
2019-02,680,1,0,720,0,0
2019-02,680,1,1,3923,3,0
2019-02,680,2,0,250,0,0
2019-02,680,2,1,1001,2,2
2019-02,690,1,0,781,1,0
2019-02,690,1,1,4354,4,0
2019-02,690,2,0,197,0,0
2019-02,690,2,1,1092,1,0
2019-02,700,1,0,812,0,0
2019-02,700,1,1,4184,2,0
2019-02,700,2,0,261,0,0
2019-02,700,2,1,977,0,0
2019-02,710,1,0,785,0,0
2019-02,710,1,1,4381,1,0
2019-02,710,2,0,268,0,0
2019-02,710,2,1,1001,1,0
2019-02,720,1,0,830,0,0
2019-02,720,1,1,4274,4,0
2019-02,720,2,0,224,0,0
2019-02,720,2,1,995,1,0
2019-02,730,1,0,851,0,0
2019-02,730,1,1,4561,0,0
2019-02,730,2,0,254,0,0
2019-02,730,2,1,941,0,0
2019-02,740,1,0,835,0,0
2019-02,740,1,1,4313,2,0
2019-02,740,2,0,246,0,0
2019-02,740,2,1,932,0,0
2019-02,750,1,0,870,0,0
2019-02,750,1,1,4531,0,0
2019-02,750,2,0,219,0,0
2019-02,750,2,1,850,0,0
2019-02,760,1,0,879,0,0
2019-02,760,1,1,4356,0,0
2019-02,760,2,0,207,0,0
2019-02,760,2,1,875,0,0
2019-02,770,1,0,811,0,0
2019-02,770,1,1,4563,1,0
2019-02,770,2,0,234,0,0
2019-02,770,2,1,780,0,0
2019-02,780,1,0,870,0,0
2019-02,780,1,1,4519,0,0
2019-02,780,2,0,197,0,0
2019-02,780,2,1,720,0,0
2019-02,790,1,0,1000,0,0
2019-02,790,1,1,4852,1,0
2019-02,790,2,0,211,0,0
2019-02,790,2,1,758,0,0
2019-02,800,1,0,989,0,0
2019-02,800,1,1,5028,0,0
2019-02,800,2,0,222,0,0
2019-02,800,2,1,762,0,0
2019-02,810,1,0,1085,0,0
2019-02,810,1,1,5489,0,0
2019-02,810,2,0,225,0,0
2019-02,810,2,1,764,0,0
2019-02,820,1,0,1084,0,0
2019-02,820,1,1,5587,1,0
2019-02,820,2,0,210,0,0
2019-02,820,2,1,803,0,0
2019-02,830,1,0,1005,0,0
2019-02,830,1,1,5638,0,0
2019-02,830,2,0,204,0,0
2019-02,830,2,1,798,0,0
2019-02,840,1,0,1028,0,0
2019-02,840,1,1,5331,0,0
2019-02,840,2,0,187,0,0
2019-02,840,2,1,696,0,0
2019-02,850,1,0,1013,0,0
2019-02,850,1,1,5113,0,0
2019-02,850,2,0,179,0,0
2019-02,850,2,1,677,0,0
2019-02,860,1,0,802,0,0
2019-02,860,1,1,4033,0,0
2019-02,860,2,0,127,0,0
2019-02,860,2,1,480,0,0
2019-02,870,1,0,579,0,0
2019-02,870,1,1,2906,0,0
2019-02,870,2,0,85,0,0
2019-02,870,2,1,318,0,0
2019-02,880,1,0,344,0,0
2019-02,880,1,1,1632,0,0
2019-02,880,2,0,61,0,0
2019-02,880,2,1,189,0,0
2019-02,890,1,0,120,0,0
2019-02,890,1,1,675,0,0
2019-02,890,2,0,32,0,0
2019-02,890,2,1,59,0,0
2019-03,390,1,1,1,0,0
2019-03,400,1,0,1,0,0
2019-03,400,2,1,1,0,0
2019-03,410,1,0,3,0,0
2019-03,410,1,1,4,0,0
2019-03,410,2,0,1,0,0
2019-03,410,2,1,3,0,0
2019-03,420,1,0,1,0,0
2019-03,420,1,1,4,0,0
2019-03,420,2,1,3,0,0
2019-03,430,1,0,1,0,0
2019-03,430,1,1,15,0,0
2019-03,430,2,0,1,0,0
2019-03,430,2,1,2,0,0
2019-03,440,1,0,2,0,0
2019-03,440,1,1,24,0,0
2019-03,440,2,0,5,0,0
2019-03,440,2,1,6,0,0
2019-03,450,1,0,9,0,0
2019-03,450,1,1,52,0,0
2019-03,450,2,0,1,0,0
2019-03,450,2,1,10,0,0
2019-03,460,1,0,16,0,0
2019-03,460,1,1,52,0,0
2019-03,460,2,0,4,0,0
2019-03,460,2,1,12,0,0
2019-03,470,1,0,24,0,0
2019-03,470,1,1,80,0,0
2019-03,470,2,0,7,0,0
2019-03,470,2,1,15,0,0
2019-03,480,1,0,34,0,0
2019-03,480,1,1,102,0,0
2019-03,480,2,0,10,0,0
2019-03,480,2,1,24,0,0
2019-03,490,1,0,49,0,0
2019-03,490,1,1,184,0,0
2019-03,490,2,0,13,0,0
2019-03,490,2,1,50,0,0
2019-03,500,1,0,51,0,0
2019-03,500,1,1,233,0,0
2019-03,500,2,0,26,0,0
2019-03,500,2,1,56,1,0
2019-03,510,1,0,74,0,0
2019-03,510,1,1,352,1,0
2019-03,510,2,0,37,0,0
2019-03,510,2,1,80,0,0
2019-03,520,1,0,128,0,0
2019-03,520,1,1,451,0,0
2019-03,520,2,0,25,0,0
2019-03,520,2,1,113,1,0
2019-03,530,1,0,169,0,0
2019-03,530,1,1,634,3,0
2019-03,530,2,0,41,0,0
2019-03,530,2,1,159,1,0
2019-03,540,1,0,188,0,0
2019-03,540,1,1,794,1,0
2019-03,540,2,0,49,0,0
2019-03,540,2,1,147,0,0
2019-03,550,1,0,251,0,0
2019-03,550,1,1,1035,0,0
2019-03,550,2,0,56,0,0
2019-03,550,2,1,225,1,0
2019-03,560,1,0,321,0,0
2019-03,560,1,1,1200,2,0
2019-03,560,2,0,83,0,0
2019-03,560,2,1,225,1,0
2019-03,570,1,0,404,0,0
2019-03,570,1,1,1538,2,1
2019-03,570,2,0,106,0,0
2019-03,570,2,1,315,0,0
2019-03,580,1,0,469,0,0
2019-03,580,1,1,1687,2,0
2019-03,580,2,0,107,0,0
2019-03,580,2,1,336,0,0
2019-03,590,1,0,592,0,0
2019-03,590,1,1,2071,7,0
2019-03,590,2,0,142,0,0
2019-03,590,2,1,444,1,0
2019-03,600,1,0,661,0,0
2019-03,600,1,1,2457,4,1
2019-03,600,2,0,152,0,0
2019-03,600,2,1,502,3,0
2019-03,610,1,0,790,0,0
2019-03,610,1,1,3009,2,0
2019-03,610,2,0,155,0,0
2019-03,610,2,1,599,1,0
2019-03,620,1,0,814,0,0
2019-03,620,1,1,3200,8,3
2019-03,620,2,0,247,1,0
2019-03,620,2,1,903,1,0
2019-03,630,1,0,907,0,0
2019-03,630,1,1,3653,5,0
2019-03,630,2,0,276,0,0
2019-03,630,2,1,1054,1,0
2019-03,640,1,0,966,0,0
2019-03,640,1,1,3679,3,0
2019-03,640,2,0,282,0,0
2019-03,640,2,1,1072,2,0
2019-03,650,1,0,1132,0,0
2019-03,650,1,1,4336,5,0
2019-03,650,2,0,344,0,0
2019-03,650,2,1,1215,0,0
2019-03,660,1,0,1128,0,0
2019-03,660,1,1,4369,6,0
2019-03,660,2,0,330,0,0
2019-03,660,2,1,1178,1,0
2019-03,670,1,0,1284,0,0
2019-03,670,1,1,4820,2,1
2019-03,670,2,0,345,0,0
2019-03,670,2,1,1305,0,0
2019-03,680,1,0,1207,0,0
2019-03,680,1,1,4560,2,0
2019-03,680,2,0,351,0,0
2019-03,680,2,1,1235,0,0
2019-03,690,1,0,1261,0,0
2019-03,690,1,1,5048,4,0
2019-03,690,2,0,398,0,0
2019-03,690,2,1,1261,0,0
2019-03,700,1,0,1273,0,0
2019-03,700,1,1,4901,1,0
2019-03,700,2,0,358,0,0
2019-03,700,2,1,1219,1,0
2019-03,710,1,0,1247,0,0
2019-03,710,1,1,5063,2,0
2019-03,710,2,0,373,0,0
2019-03,710,2,1,1243,2,0
2019-03,720,1,0,1313,0,0
2019-03,720,1,1,5000,2,0
2019-03,720,2,0,352,0,0
2019-03,720,2,1,1196,0,0
2019-03,730,1,0,1408,0,0
2019-03,730,1,1,5320,3,0
2019-03,730,2,0,337,0,0
2019-03,730,2,1,1178,1,0
2019-03,740,1,0,1366,0,0
2019-03,740,1,1,5061,2,0
2019-03,740,2,0,317,0,0
2019-03,740,2,1,1158,0,0
2019-03,750,1,0,1374,0,0
2019-03,750,1,1,5307,1,0
2019-03,750,2,0,318,0,0
2019-03,750,2,1,1050,0,0
2019-03,760,1,0,1375,0,0
2019-03,760,1,1,5131,0,0
2019-03,760,2,0,302,0,0
2019-03,760,2,1,1068,0,0
2019-03,770,1,0,1453,0,0
2019-03,770,1,1,5279,0,0
2019-03,770,2,0,289,0,0
2019-03,770,2,1,995,0,0
2019-03,780,1,0,1500,0,0
2019-03,780,1,1,5287,0,0
2019-03,780,2,0,298,0,0
2019-03,780,2,1,899,0,0
2019-03,790,1,0,1592,0,0
2019-03,790,1,1,5741,1,0
2019-03,790,2,0,288,0,0
2019-03,790,2,1,949,0,0
2019-03,800,1,0,1679,0,0
2019-03,800,1,1,5916,0,0
2019-03,800,2,0,302,0,0
2019-03,800,2,1,971,0,0
2019-03,810,1,0,1745,0,0
2019-03,810,1,1,6462,1,0
2019-03,810,2,0,262,0,0
2019-03,810,2,1,974,0,0
2019-03,820,1,0,1825,0,0
2019-03,820,1,1,6559,0,0
2019-03,820,2,0,291,0,0
2019-03,820,2,1,987,0,0
2019-03,830,1,0,1739,0,0
2019-03,830,1,1,6523,0,0
2019-03,830,2,0,314,0,0
2019-03,830,2,1,987,0,0
2019-03,840,1,0,1721,0,0
2019-03,840,1,1,6235,1,0
2019-03,840,2,0,243,0,0
2019-03,840,2,1,864,0,0
2019-03,850,1,0,1662,0,0
2019-03,850,1,1,6027,1,0
2019-03,850,2,0,272,0,0
2019-03,850,2,1,844,0,0
2019-03,860,1,0,1350,0,0
2019-03,860,1,1,4764,0,0
2019-03,860,2,0,183,0,0
2019-03,860,2,1,595,0,0
2019-03,870,1,0,1014,0,0
2019-03,870,1,1,3439,0,0
2019-03,870,2,0,152,0,0
2019-03,870,2,1,397,0,0
2019-03,880,1,0,574,0,0
2019-03,880,1,1,1956,0,0
2019-03,880,2,0,59,0,0
2019-03,880,2,1,245,0,0
2019-03,890,1,0,202,0,0
2019-03,890,1,1,783,0,0
2019-03,890,2,0,25,0,0
2019-03,890,2,1,87,0,0
2019-04,390,1,1,1,0,0
2019-04,400,1,0,1,0,0
2019-04,400,2,1,1,0,0
2019-04,410,1,0,3,0,0
2019-04,410,1,1,4,0,0
2019-04,410,2,0,1,0,0
2019-04,410,2,1,3,0,0
2019-04,420,1,0,1,0,0
2019-04,420,1,1,4,0,0
2019-04,420,2,1,3,0,0
2019-04,430,1,0,1,0,0
2019-04,430,1,1,15,0,0
2019-04,430,2,0,1,0,0
2019-04,430,2,1,2,0,0
2019-04,440,1,0,2,0,0
2019-04,440,1,1,24,1,0
2019-04,440,2,0,5,0,0
2019-04,440,2,1,6,0,0
2019-04,450,1,0,9,0,0
2019-04,450,1,1,51,0,0
2019-04,450,2,0,1,0,0
2019-04,450,2,1,9,0,0
2019-04,460,1,0,15,0,0
2019-04,460,1,1,51,0,0
2019-04,460,2,0,4,0,0
2019-04,460,2,1,12,0,0
2019-04,470,1,0,23,0,0
2019-04,470,1,1,77,0,0
2019-04,470,2,0,7,0,0
2019-04,470,2,1,15,0,0
2019-04,480,1,0,34,0,0
2019-04,480,1,1,98,0,0
2019-04,480,2,0,10,0,0
2019-04,480,2,1,23,0,0
2019-04,490,1,0,47,0,0
2019-04,490,1,1,181,2,0
2019-04,490,2,0,13,0,0
2019-04,490,2,1,48,1,0
2019-04,500,1,0,50,0,0
2019-04,500,1,1,228,0,0
2019-04,500,2,0,26,0,0
2019-04,500,2,1,55,0,0
2019-04,510,1,0,74,0,0
2019-04,510,1,1,345,0,0
2019-04,510,2,0,37,0,0
2019-04,510,2,1,79,0,0
2019-04,520,1,0,125,0,0
2019-04,520,1,1,437,2,0
2019-04,520,2,0,25,0,0
2019-04,520,2,1,109,0,0
2019-04,530,1,0,167,0,0
2019-04,530,1,1,618,3,0
2019-04,530,2,0,41,0,0
2019-04,530,2,1,156,0,0
2019-04,540,1,0,184,1,0
2019-04,540,1,1,781,0,0
2019-04,540,2,0,49,0,0
2019-04,540,2,1,144,1,0
2019-04,550,1,0,249,0,0
2019-04,550,1,1,1010,1,0
2019-04,550,2,0,55,0,0
2019-04,550,2,1,220,0,0
2019-04,560,1,0,318,0,0
2019-04,560,1,1,1169,1,0
2019-04,560,2,0,83,0,0
2019-04,560,2,1,221,1,0
2019-04,570,1,0,402,0,0
2019-04,570,1,1,1496,1,0
2019-04,570,2,0,105,1,0
2019-04,570,2,1,306,0,0
2019-04,580,1,0,466,1,0
2019-04,580,1,1,1654,3,0
2019-04,580,2,0,107,0,0
2019-04,580,2,1,328,2,0
2019-04,590,1,0,587,0,0
2019-04,590,1,1,2034,4,0
2019-04,590,2,0,140,0,0
2019-04,590,2,1,438,0,0
2019-04,600,1,0,654,0,0
2019-04,600,1,1,2414,8,1
2019-04,600,2,0,151,0,0
2019-04,600,2,1,490,0,0
2019-04,610,1,0,780,1,0
2019-04,610,1,1,2947,6,0
2019-04,610,2,0,155,0,0
2019-04,610,2,1,586,0,0
2019-04,620,1,0,806,0,0
2019-04,620,1,1,3137,5,2
2019-04,620,2,0,245,0,0
2019-04,620,2,1,891,0,0
2019-04,630,1,0,902,1,0
2019-04,630,1,1,3593,4,0
2019-04,630,2,0,272,0,0
2019-04,630,2,1,1033,4,1
2019-04,640,1,0,957,0,0
2019-04,640,1,1,3621,3,0
2019-04,640,2,0,277,0,0
2019-04,640,2,1,1049,0,0
2019-04,650,1,0,1118,2,1
2019-04,650,1,1,4242,2,1
2019-04,650,2,0,344,0,0
2019-04,650,2,1,1190,2,0
2019-04,660,1,0,1117,1,0
2019-04,660,1,1,4282,9,1
2019-04,660,2,0,327,0,0
2019-04,660,2,1,1152,3,0
2019-04,670,1,0,1258,0,0
2019-04,670,1,1,4739,3,0
2019-04,670,2,0,342,0,0
2019-04,670,2,1,1276,0,0
2019-04,680,1,0,1188,0,0
2019-04,680,1,1,4461,2,0
2019-04,680,2,0,347,0,0
2019-04,680,2,1,1214,3,0
2019-04,690,1,0,1242,0,0
2019-04,690,1,1,4941,7,0
2019-04,690,2,0,393,0,0
2019-04,690,2,1,1239,2,0
2019-04,700,1,0,1256,0,0
2019-04,700,1,1,4803,1,0
2019-04,700,2,0,356,0,0
2019-04,700,2,1,1188,2,0
2019-04,710,1,0,1231,1,0
2019-04,710,1,1,4959,4,0
2019-04,710,2,0,369,0,0
2019-04,710,2,1,1216,1,0
2019-04,720,1,0,1293,0,0
2019-04,720,1,1,4891,1,0
2019-04,720,2,0,351,0,0
2019-04,720,2,1,1172,0,0
2019-04,730,1,0,1372,1,0
2019-04,730,1,1,5221,4,1
2019-04,730,2,0,335,0,0
2019-04,730,2,1,1154,1,0
2019-04,740,1,0,1323,0,0
2019-04,740,1,1,4959,0,0
2019-04,740,2,0,314,0,0
2019-04,740,2,1,1134,0,0
2019-04,750,1,0,1330,0,0
2019-04,750,1,1,5200,2,0
2019-04,750,2,0,317,0,0
2019-04,750,2,1,1027,1,0
2019-04,760,1,0,1342,0,0
2019-04,760,1,1,5016,1,0
2019-04,760,2,0,300,0,0
2019-04,760,2,1,1057,0,0
2019-04,770,1,0,1414,0,0
2019-04,770,1,1,5166,1,0
2019-04,770,2,0,284,0,0
2019-04,770,2,1,976,0,0
2019-04,780,1,0,1440,0,0
2019-04,780,1,1,5191,2,0
2019-04,780,2,0,295,0,0
2019-04,780,2,1,888,0,0
2019-04,790,1,0,1525,0,0
2019-04,790,1,1,5626,0,0
2019-04,790,2,0,285,0,0
2019-04,790,2,1,928,0,0
2019-04,800,1,0,1616,0,0
2019-04,800,1,1,5807,1,0
2019-04,800,2,0,294,0,0
2019-04,800,2,1,954,0,0
2019-04,810,1,0,1678,0,0
2019-04,810,1,1,6327,0,0
2019-04,810,2,0,259,0,0
2019-04,810,2,1,949,0,0
2019-04,820,1,0,1760,0,0
2019-04,820,1,1,6426,0,0
2019-04,820,2,0,285,0,0
2019-04,820,2,1,961,0,0
2019-04,830,1,0,1678,0,0
2019-04,830,1,1,6387,0,0
2019-04,830,2,0,309,0,0
2019-04,830,2,1,961,0,0
2019-04,840,1,0,1664,0,0
2019-04,840,1,1,6106,1,0
2019-04,840,2,0,234,0,0
2019-04,840,2,1,847,0,0
2019-04,850,1,0,1605,0,0
2019-04,850,1,1,5913,0,0
2019-04,850,2,0,269,0,0
2019-04,850,2,1,824,0,0
2019-04,860,1,0,1299,0,0
2019-04,860,1,1,4684,0,0
2019-04,860,2,0,179,0,0
2019-04,860,2,1,583,0,0
2019-04,870,1,0,984,0,0
2019-04,870,1,1,3382,0,0
2019-04,870,2,0,150,0,0
2019-04,870,2,1,390,0,0
2019-04,880,1,0,559,0,0
2019-04,880,1,1,1924,0,0
2019-04,880,2,0,59,0,0
2019-04,880,2,1,241,0,0
2019-04,890,1,0,197,0,0
2019-04,890,1,1,763,0,0
2019-04,890,2,0,23,0,0
2019-04,890,2,1,85,0,0
2019-05,390,1,1,1,0,0
2019-05,400,1,0,1,0,0
2019-05,400,2,1,1,0,0
2019-05,410,1,0,3,0,0
2019-05,410,1,1,4,0,0
2019-05,410,2,0,1,0,0
2019-05,410,2,1,3,0,0
2019-05,420,1,0,1,0,0
2019-05,420,1,1,4,0,0
2019-05,420,2,1,3,0,0
2019-05,430,1,0,1,0,0
2019-05,430,1,1,15,0,0
2019-05,430,2,0,1,0,0
2019-05,430,2,1,1,0,0
2019-05,440,1,0,2,0,0
2019-05,440,1,1,22,0,0
2019-05,440,2,0,5,0,0
2019-05,440,2,1,6,0,0
2019-05,450,1,0,9,0,0
2019-05,450,1,1,48,0,0
2019-05,450,2,0,1,0,0
2019-05,450,2,1,9,0,0
2019-05,460,1,0,14,0,0
2019-05,460,1,1,50,1,0
2019-05,460,2,0,4,0,0
2019-05,460,2,1,12,0,0
2019-05,470,1,0,23,0,0
2019-05,470,1,1,77,0,0
2019-05,470,2,0,7,0,0
2019-05,470,2,1,15,0,0
2019-05,480,1,0,34,0,0
2019-05,480,1,1,96,0,0
2019-05,480,2,0,10,0,0
2019-05,480,2,1,22,0,0
2019-05,490,1,0,47,0,0
2019-05,490,1,1,176,0,0
2019-05,490,2,0,13,0,0
2019-05,490,2,1,44,0,0
2019-05,500,1,0,50,0,0
2019-05,500,1,1,223,0,0
2019-05,500,2,0,25,0,0
2019-05,500,2,1,54,0,0
2019-05,510,1,0,72,0,0
2019-05,510,1,1,340,2,0
2019-05,510,2,0,36,0,0
2019-05,510,2,1,79,0,0
2019-05,520,1,0,125,0,0
2019-05,520,1,1,425,2,0
2019-05,520,2,0,25,0,0
2019-05,520,2,1,104,0,0
2019-05,530,1,0,167,0,0
2019-05,530,1,1,599,3,0
2019-05,530,2,0,39,0,0
2019-05,530,2,1,152,0,0
2019-05,540,1,0,182,0,0
2019-05,540,1,1,757,1,0
2019-05,540,2,0,49,0,0
2019-05,540,2,1,140,0,0
2019-05,550,1,0,246,0,0
2019-05,550,1,1,988,5,1
2019-05,550,2,0,54,0,0
2019-05,550,2,1,214,0,0
2019-05,560,1,0,316,2,1
2019-05,560,1,1,1148,2,0
2019-05,560,2,0,82,0,0
2019-05,560,2,1,219,0,0
2019-05,570,1,0,397,0,0
2019-05,570,1,1,1461,3,0
2019-05,570,2,0,103,0,0
2019-05,570,2,1,305,0,0
2019-05,580,1,0,460,1,0
2019-05,580,1,1,1620,2,1
2019-05,580,2,0,106,0,0
2019-05,580,2,1,322,1,0
2019-05,590,1,0,583,0,0
2019-05,590,1,1,1984,2,0
2019-05,590,2,0,137,0,0
2019-05,590,2,1,421,0,0
2019-05,600,1,0,646,1,0
2019-05,600,1,1,2360,3,0
2019-05,600,2,0,149,0,0
2019-05,600,2,1,484,2,0
2019-05,610,1,0,768,1,0
2019-05,610,1,1,2888,0,0
2019-05,610,2,0,152,0,0
2019-05,610,2,1,576,1,1
2019-05,620,1,0,797,2,0
2019-05,620,1,1,3070,10,1
2019-05,620,2,0,240,0,0
2019-05,620,2,1,876,1,0
2019-05,630,1,0,889,0,0
2019-05,630,1,1,3517,11,3
2019-05,630,2,0,269,0,0
2019-05,630,2,1,1010,2,0
2019-05,640,1,0,942,0,0
2019-05,640,1,1,3551,6,0
2019-05,640,2,0,276,0,0
2019-05,640,2,1,1021,1,0
2019-05,650,1,0,1101,1,0
2019-05,650,1,1,4150,10,1
2019-05,650,2,0,343,0,0
2019-05,650,2,1,1169,1,0
2019-05,660,1,0,1104,1,0
2019-05,660,1,1,4191,5,1
2019-05,660,2,0,322,0,0
2019-05,660,2,1,1120,0,0
2019-05,670,1,0,1240,2,1
2019-05,670,1,1,4644,3,0
2019-05,670,2,0,337,1,1
2019-05,670,2,1,1254,1,0
2019-05,680,1,0,1165,2,1
2019-05,680,1,1,4377,4,0
2019-05,680,2,0,343,0,0
2019-05,680,2,1,1184,1,0
2019-05,690,1,0,1218,0,0
2019-05,690,1,1,4826,1,0
2019-05,690,2,0,391,0,0
2019-05,690,2,1,1213,0,0
2019-05,700,1,0,1227,0,0
2019-05,700,1,1,4692,5,0
2019-05,700,2,0,353,0,0
2019-05,700,2,1,1168,2,0
2019-05,710,1,0,1207,0,0
2019-05,710,1,1,4854,3,2
2019-05,710,2,0,363,0,0
2019-05,710,2,1,1184,0,0
2019-05,720,1,0,1264,0,0
2019-05,720,1,1,4787,2,0
2019-05,720,2,0,342,0,0
2019-05,720,2,1,1146,0,0
2019-05,730,1,0,1334,1,0
2019-05,730,1,1,5098,1,0
2019-05,730,2,0,329,0,0
2019-05,730,2,1,1126,1,0
2019-05,740,1,0,1289,0,0
2019-05,740,1,1,4860,0,0
2019-05,740,2,0,310,0,0
2019-05,740,2,1,1111,0,0
2019-05,750,1,0,1309,0,0
2019-05,750,1,1,5100,1,0
2019-05,750,2,0,314,0,0
2019-05,750,2,1,1000,1,0
2019-05,760,1,0,1303,0,0
2019-05,760,1,1,4919,2,0
2019-05,760,2,0,294,0,0
2019-05,760,2,1,1031,1,0
2019-05,770,1,0,1364,1,0
2019-05,770,1,1,5070,1,0
2019-05,770,2,0,282,0,0
2019-05,770,2,1,959,0,0
2019-05,780,1,0,1381,0,0
2019-05,780,1,1,5083,0,0
2019-05,780,2,0,294,0,0
2019-05,780,2,1,869,0,0
2019-05,790,1,0,1469,0,0
2019-05,790,1,1,5508,0,0
2019-05,790,2,0,280,0,0
2019-05,790,2,1,908,0,0
2019-05,800,1,0,1554,0,0
2019-05,800,1,1,5674,0,0
2019-05,800,2,0,285,0,0
2019-05,800,2,1,928,0,0
2019-05,810,1,0,1620,0,0
2019-05,810,1,1,6178,1,1
2019-05,810,2,0,256,0,0
2019-05,810,2,1,930,0,0
2019-05,820,1,0,1702,0,0
2019-05,820,1,1,6287,0,0
2019-05,820,2,0,279,0,0
2019-05,820,2,1,933,0,0
2019-05,830,1,0,1626,0,0
2019-05,830,1,1,6243,0,0
2019-05,830,2,0,303,0,0
2019-05,830,2,1,946,0,0
2019-05,840,1,0,1609,0,0
2019-05,840,1,1,5973,0,0
2019-05,840,2,0,234,0,0
2019-05,840,2,1,823,0,0
2019-05,850,1,0,1549,0,0
2019-05,850,1,1,5803,1,0
2019-05,850,2,0,263,0,0
2019-05,850,2,1,802,0,0
2019-05,860,1,0,1266,0,0
2019-05,860,1,1,4588,0,0
2019-05,860,2,0,175,0,0
2019-05,860,2,1,573,0,0
2019-05,870,1,0,956,0,0
2019-05,870,1,1,3317,0,0
2019-05,870,2,0,145,0,0
2019-05,870,2,1,380,0,0
2019-05,880,1,0,537,0,0
2019-05,880,1,1,1895,0,0
2019-05,880,2,0,59,0,0
2019-05,880,2,1,238,0,0
2019-05,890,1,0,190,0,0
2019-05,890,1,1,747,0,0
2019-05,890,2,0,23,0,0
2019-05,890,2,1,85,0,0
2019-06,390,1,1,1,0,0
2019-06,400,1,0,2,0,0
2019-06,410,1,0,3,0,0
2019-06,410,1,1,4,0,0
2019-06,410,2,0,1,0,0
2019-06,410,2,1,3,0,0
2019-06,420,1,0,3,0,0
2019-06,420,1,1,4,0,0
2019-06,420,2,1,3,0,0
2019-06,430,1,0,2,0,0
2019-06,430,1,1,15,0,0
2019-06,430,2,0,1,0,0
2019-06,430,2,1,1,0,0
2019-06,440,1,0,3,0,0
2019-06,440,1,1,22,0,0
2019-06,440,2,0,6,0,0
2019-06,440,2,1,6,0,0
2019-06,450,1,0,14,0,0
2019-06,450,1,1,45,0,0
2019-06,450,2,0,3,0,0
2019-06,450,2,1,9,0,0
2019-06,460,1,0,23,0,0
2019-06,460,1,1,49,1,0
2019-06,460,2,0,8,0,0
2019-06,460,2,1,12,0,0
2019-06,470,1,0,31,0,0
2019-06,470,1,1,73,0,0
2019-06,470,2,0,10,0,0
2019-06,470,2,1,15,0,0
2019-06,480,1,0,52,0,0
2019-06,480,1,1,94,0,0
2019-06,480,2,0,19,0,0
2019-06,480,2,1,22,0,0
2019-06,490,1,0,72,0,0
2019-06,490,1,1,173,0,0
2019-06,490,2,0,24,0,0
2019-06,490,2,1,42,1,1
2019-06,500,1,0,78,0,0
2019-06,500,1,1,215,1,0
2019-06,500,2,0,33,0,0
2019-06,500,2,1,53,0,0
2019-06,510,1,0,123,0,0
2019-06,510,1,1,334,3,0
2019-06,510,2,0,49,0,0
2019-06,510,2,1,78,0,0
2019-06,520,1,0,220,0,0
2019-06,520,1,1,410,0,0
2019-06,520,2,0,49,0,0
2019-06,520,2,1,103,0,0
2019-06,530,1,0,273,0,0
2019-06,530,1,1,580,4,0
2019-06,530,2,0,69,0,0
2019-06,530,2,1,148,0,0
2019-06,540,1,0,309,0,0
2019-06,540,1,1,746,4,1
2019-06,540,2,0,90,0,0
2019-06,540,2,1,136,0,0
2019-06,550,1,0,442,0,0
2019-06,550,1,1,961,2,0
2019-06,550,2,0,98,0,0
2019-06,550,2,1,207,0,0
2019-06,560,1,0,522,0,0
2019-06,560,1,1,1126,2,0
2019-06,560,2,0,131,0,0
2019-06,560,2,1,217,0,0
2019-06,570,1,0,675,0,0
2019-06,570,1,1,1424,4,1
2019-06,570,2,0,152,0,0
2019-06,570,2,1,300,0,0
2019-06,580,1,0,772,0,0
2019-06,580,1,1,1589,5,0
2019-06,580,2,0,167,1,1
2019-06,580,2,1,315,0,0
2019-06,590,1,0,949,1,0
2019-06,590,1,1,1944,6,1
2019-06,590,2,0,217,0,0
2019-06,590,2,1,418,1,0
2019-06,600,1,0,1109,0,0
2019-06,600,1,1,2313,4,0
2019-06,600,2,0,233,0,0
2019-06,600,2,1,473,1,0
2019-06,610,1,0,1275,1,0
2019-06,610,1,1,2820,8,2
2019-06,610,2,0,263,0,0
2019-06,610,2,1,567,1,1
2019-06,620,1,0,1356,0,0
2019-06,620,1,1,2984,9,1
2019-06,620,2,0,380,3,1
2019-06,620,2,1,860,0,0
2019-06,630,1,0,1548,3,1
2019-06,630,1,1,3437,3,0
2019-06,630,2,0,436,1,0
2019-06,630,2,1,992,1,0
2019-06,640,1,0,1561,1,0
2019-06,640,1,1,3460,3,1
2019-06,640,2,0,460,0,0
2019-06,640,2,1,997,0,0
2019-06,650,1,0,1886,1,0
2019-06,650,1,1,4052,7,2
2019-06,650,2,0,552,2,1
2019-06,650,2,1,1144,2,1
2019-06,660,1,0,1786,1,0
2019-06,660,1,1,4099,7,2
2019-06,660,2,0,539,0,0
2019-06,660,2,1,1096,1,0
2019-06,670,1,0,1990,0,0
2019-06,670,1,1,4552,4,0
2019-06,670,2,0,575,0,0
2019-06,670,2,1,1226,2,0
2019-06,680,1,0,1904,2,0
2019-06,680,1,1,4276,3,0
2019-06,680,2,0,577,0,0
2019-06,680,2,1,1163,0,0
2019-06,690,1,0,2027,3,0
2019-06,690,1,1,4723,3,0
2019-06,690,2,0,612,0,0
2019-06,690,2,1,1195,0,0
2019-06,700,1,0,2022,0,0
2019-06,700,1,1,4583,0,0
2019-06,700,2,0,583,0,0
2019-06,700,2,1,1144,0,0
2019-06,710,1,0,2079,0,0
2019-06,710,1,1,4756,3,0
2019-06,710,2,0,595,0,0
2019-06,710,2,1,1156,0,0
2019-06,720,1,0,2073,0,0
2019-06,720,1,1,4685,3,0
2019-06,720,2,0,538,0,0
2019-06,720,2,1,1122,0,0
2019-06,730,1,0,2267,1,0
2019-06,730,1,1,4998,2,0
2019-06,730,2,0,541,0,0
2019-06,730,2,1,1107,0,0
2019-06,740,1,0,2226,0,0
2019-06,740,1,1,4774,1,0
2019-06,740,2,0,479,0,0
2019-06,740,2,1,1097,0,0
2019-06,750,1,0,2214,0,0
2019-06,750,1,1,5001,1,0
2019-06,750,2,0,510,0,0
2019-06,750,2,1,981,0,0
2019-06,760,1,0,2177,0,0
2019-06,760,1,1,4815,0,0
2019-06,760,2,0,459,1,0
2019-06,760,2,1,1011,0,0
2019-06,770,1,0,2313,1,0
2019-06,770,1,1,4955,0,0
2019-06,770,2,0,455,0,0
2019-06,770,2,1,944,0,0
2019-06,780,1,0,2294,0,0
2019-06,780,1,1,4982,1,0
2019-06,780,2,0,444,0,0
2019-06,780,2,1,850,0,0
2019-06,790,1,0,2528,0,0
2019-06,790,1,1,5384,1,0
2019-06,790,2,0,416,0,0
2019-06,790,2,1,884,1,0
2019-06,800,1,0,2652,0,0
2019-06,800,1,1,5555,0,0
2019-06,800,2,0,474,0,0
2019-06,800,2,1,908,0,0
2019-06,810,1,0,2696,0,0
2019-06,810,1,1,6041,1,1
2019-06,810,2,0,435,0,0
2019-06,810,2,1,913,0,0
2019-06,820,1,0,2821,0,0
2019-06,820,1,1,6149,0,0
2019-06,820,2,0,434,0,0
2019-06,820,2,1,912,0,0
2019-06,830,1,0,2767,0,0
2019-06,830,1,1,6118,1,0
2019-06,830,2,0,447,0,0
2019-06,830,2,1,918,0,0
2019-06,840,1,0,2717,0,0
2019-06,840,1,1,5850,0,0
2019-06,840,2,0,371,0,0
2019-06,840,2,1,805,0,0
2019-06,850,1,0,2621,0,0
2019-06,850,1,1,5694,0,0
2019-06,850,2,0,400,0,0
2019-06,850,2,1,787,0,0
2019-06,860,1,0,2107,0,0
2019-06,860,1,1,4499,0,0
2019-06,860,2,0,295,0,0
2019-06,860,2,1,558,0,0
2019-06,870,1,0,1547,0,0
2019-06,870,1,1,3251,0,0
2019-06,870,2,0,215,0,0
2019-06,870,2,1,376,0,0
2019-06,880,1,0,880,0,0
2019-06,880,1,1,1862,0,0
2019-06,880,2,0,104,0,0
2019-06,880,2,1,235,0,0
2019-06,890,1,0,338,0,0
2019-06,890,1,1,735,0,0
2019-06,890,2,0,40,0,0
2019-06,890,2,1,85,0,0
2019-07,390,1,1,1,0,0
2019-07,400,1,0,2,0,0
2019-07,410,1,0,3,0,0
2019-07,410,1,1,4,0,0
2019-07,410,2,0,1,0,0
2019-07,410,2,1,3,0,0
2019-07,420,1,0,3,0,0
2019-07,420,1,1,4,0,0
2019-07,420,2,1,3,0,0
2019-07,430,1,0,2,0,0
2019-07,430,1,1,15,0,0
2019-07,430,2,0,1,0,0
2019-07,430,2,1,1,0,0
2019-07,440,1,0,3,0,0
2019-07,440,1,1,22,0,0
2019-07,440,2,0,6,0,0
2019-07,440,2,1,6,0,0
2019-07,450,1,0,14,0,0
2019-07,450,1,1,45,0,0
2019-07,450,2,0,3,0,0
2019-07,450,2,1,9,0,0
2019-07,460,1,0,23,0,0
2019-07,460,1,1,45,1,0
2019-07,460,2,0,8,0,0
2019-07,460,2,1,12,0,0
2019-07,470,1,0,30,0,0
2019-07,470,1,1,73,0,0
2019-07,470,2,0,10,0,0
2019-07,470,2,1,14,0,0
2019-07,480,1,0,52,0,0
2019-07,480,1,1,90,1,0
2019-07,480,2,0,19,0,0
2019-07,480,2,1,22,0,0
2019-07,490,1,0,71,0,0
2019-07,490,1,1,169,0,0
2019-07,490,2,0,24,0,0
2019-07,490,2,1,41,0,0
2019-07,500,1,0,77,0,0
2019-07,500,1,1,209,0,0
2019-07,500,2,0,33,0,0
2019-07,500,2,1,53,0,0
2019-07,510,1,0,122,0,0
2019-07,510,1,1,324,0,0
2019-07,510,2,0,49,0,0
2019-07,510,2,1,78,0,0
2019-07,520,1,0,216,0,0
2019-07,520,1,1,403,2,1
2019-07,520,2,0,48,0,0
2019-07,520,2,1,102,0,0
2019-07,530,1,0,270,0,0
2019-07,530,1,1,563,1,0
2019-07,530,2,0,67,0,0
2019-07,530,2,1,142,1,0
2019-07,540,1,0,306,0,0
2019-07,540,1,1,732,0,0
2019-07,540,2,0,88,0,0
2019-07,540,2,1,136,0,0
2019-07,550,1,0,438,0,0
2019-07,550,1,1,941,3,0
2019-07,550,2,0,98,1,1
2019-07,550,2,1,204,0,0
2019-07,560,1,0,516,1,0
2019-07,560,1,1,1104,3,0
2019-07,560,2,0,128,0,0
2019-07,560,2,1,215,1,0
2019-07,570,1,0,670,0,0
2019-07,570,1,1,1389,2,0
2019-07,570,2,0,150,0,0
2019-07,570,2,1,292,1,0
2019-07,580,1,0,763,0,0
2019-07,580,1,1,1554,4,0
2019-07,580,2,0,165,0,0
2019-07,580,2,1,309,1,1
2019-07,590,1,0,937,2,1
2019-07,590,1,1,1908,8,1
2019-07,590,2,0,213,0,0
2019-07,590,2,1,409,0,0
2019-07,600,1,0,1102,0,0
2019-07,600,1,1,2254,10,0
2019-07,600,2,0,230,0,0
2019-07,600,2,1,458,0,0
2019-07,610,1,0,1263,1,0
2019-07,610,1,1,2748,4,1
2019-07,610,2,0,262,1,0
2019-07,610,2,1,557,1,0
2019-07,620,1,0,1339,4,1
2019-07,620,1,1,2911,1,0
2019-07,620,2,0,370,0,0
2019-07,620,2,1,847,5,1
2019-07,630,1,0,1522,0,0
2019-07,630,1,1,3369,5,0
2019-07,630,2,0,431,0,0
2019-07,630,2,1,978,0,0
2019-07,640,1,0,1544,3,0
2019-07,640,1,1,3386,2,0
2019-07,640,2,0,451,2,0
2019-07,640,2,1,979,2,0
2019-07,650,1,0,1857,1,0
2019-07,650,1,1,3973,3,0
2019-07,650,2,0,541,0,0
2019-07,650,2,1,1126,2,1
2019-07,660,1,0,1760,3,1
2019-07,660,1,1,4002,6,0
2019-07,660,2,0,531,1,1
2019-07,660,2,1,1076,0,0
2019-07,670,1,0,1960,2,0
2019-07,670,1,1,4456,7,0
2019-07,670,2,0,563,0,0
2019-07,670,2,1,1198,1,1
2019-07,680,1,0,1874,1,0
2019-07,680,1,1,4194,4,1
2019-07,680,2,0,571,0,0
2019-07,680,2,1,1139,1,0
2019-07,690,1,0,1975,0,0
2019-07,690,1,1,4638,4,0
2019-07,690,2,0,601,1,1
2019-07,690,2,1,1166,1,0
2019-07,700,1,0,1993,1,0
2019-07,700,1,1,4480,3,0
2019-07,700,2,0,572,0,0
2019-07,700,2,1,1117,0,0
2019-07,710,1,0,2037,1,0
2019-07,710,1,1,4644,5,0
2019-07,710,2,0,591,0,0
2019-07,710,2,1,1135,1,0
2019-07,720,1,0,2023,0,0
2019-07,720,1,1,4564,2,0
2019-07,720,2,0,532,0,0
2019-07,720,2,1,1104,1,0
2019-07,730,1,0,2220,0,0
2019-07,730,1,1,4892,0,0
2019-07,730,2,0,536,1,1
2019-07,730,2,1,1087,0,0
2019-07,740,1,0,2182,0,0
2019-07,740,1,1,4675,1,0
2019-07,740,2,0,476,0,0
2019-07,740,2,1,1079,1,0
2019-07,750,1,0,2171,0,0
2019-07,750,1,1,4909,0,0
2019-07,750,2,0,502,1,0
2019-07,750,2,1,963,0,0
2019-07,760,1,0,2119,0,0
2019-07,760,1,1,4727,1,0
2019-07,760,2,0,451,0,0
2019-07,760,2,1,989,1,0
2019-07,770,1,0,2250,0,0
2019-07,770,1,1,4856,0,0
2019-07,770,2,0,449,0,0
2019-07,770,2,1,929,0,0
2019-07,780,1,0,2232,0,0
2019-07,780,1,1,4880,0,0
2019-07,780,2,0,443,0,0
2019-07,780,2,1,829,0,0
2019-07,790,1,0,2462,0,0
2019-07,790,1,1,5257,0,0
2019-07,790,2,0,406,0,0
2019-07,790,2,1,861,0,0
2019-07,800,1,0,2589,0,0
2019-07,800,1,1,5434,0,0
2019-07,800,2,0,465,0,0
2019-07,800,2,1,893,0,0
2019-07,810,1,0,2613,0,0
2019-07,810,1,1,5907,0,0
2019-07,810,2,0,431,0,0
2019-07,810,2,1,897,0,0
2019-07,820,1,0,2747,0,0
2019-07,820,1,1,6018,0,0
2019-07,820,2,0,429,0,0
2019-07,820,2,1,884,0,0
2019-07,830,1,0,2682,0,0
2019-07,830,1,1,6000,2,0
2019-07,830,2,0,438,0,0
2019-07,830,2,1,899,0,0
2019-07,840,1,0,2662,0,0
2019-07,840,1,1,5736,0,0
2019-07,840,2,0,366,0,0
2019-07,840,2,1,791,0,0
2019-07,850,1,0,2571,0,0
2019-07,850,1,1,5577,0,0
2019-07,850,2,0,395,0,0
2019-07,850,2,1,767,0,0
2019-07,860,1,0,2057,0,0
2019-07,860,1,1,4408,0,0
2019-07,860,2,0,288,0,0
2019-07,860,2,1,548,0,0
2019-07,870,1,0,1513,0,0
2019-07,870,1,1,3197,0,0
2019-07,870,2,0,213,0,0
2019-07,870,2,1,366,0,0
2019-07,880,1,0,858,0,0
2019-07,880,1,1,1827,0,0
2019-07,880,2,0,103,0,0
2019-07,880,2,1,230,0,0
2019-07,890,1,0,335,0,0
2019-07,890,1,1,724,0,0
2019-07,890,2,0,40,0,0
2019-07,890,2,1,84,0,0
2019-08,390,1,1,1,0,0
2019-08,400,1,0,1,0,0
2019-08,400,1,1,1,0,0
2019-08,410,1,1,7,0,0
2019-08,410,2,1,4,0,0
2019-08,420,1,0,2,0,0
2019-08,420,1,1,4,0,0
2019-08,420,2,1,3,0,0
2019-08,430,1,0,1,0,0
2019-08,430,1,1,16,0,0
2019-08,430,2,1,2,0,0
2019-08,440,1,0,1,0,0
2019-08,440,1,1,24,0,0
2019-08,440,2,0,1,0,0
2019-08,440,2,1,11,0,0
2019-08,450,1,0,5,0,0
2019-08,450,1,1,53,0,0
2019-08,450,2,0,2,0,0
2019-08,450,2,1,10,0,0
2019-08,460,1,0,9,0,0
2019-08,460,1,1,58,0,0
2019-08,460,2,0,4,0,0
2019-08,460,2,1,16,0,0
2019-08,470,1,0,9,0,0
2019-08,470,1,1,93,0,0
2019-08,470,2,0,4,0,0
2019-08,470,2,1,20,0,0
2019-08,480,1,0,19,1,0
2019-08,480,1,1,121,1,0
2019-08,480,2,0,9,0,0
2019-08,480,2,1,30,0,0
2019-08,490,1,0,25,0,0
2019-08,490,1,1,212,2,0
2019-08,490,2,0,11,0,0
2019-08,490,2,1,54,0,0
2019-08,500,1,0,29,0,0
2019-08,500,1,1,251,0,0
2019-08,500,2,0,8,0,0
2019-08,500,2,1,76,0,0
2019-08,510,1,0,49,0,0
2019-08,510,1,1,383,0,0
2019-08,510,2,0,13,0,0
2019-08,510,2,1,114,1,0
2019-08,520,1,0,94,0,0
2019-08,520,1,1,509,1,0
2019-08,520,2,0,24,0,0
2019-08,520,2,1,125,0,0
2019-08,530,1,0,105,0,0
2019-08,530,1,1,713,4,1
2019-08,530,2,0,27,0,0
2019-08,530,2,1,177,0,0
2019-08,540,1,0,127,0,0
2019-08,540,1,1,891,1,0
2019-08,540,2,0,39,0,0
2019-08,540,2,1,178,0,0
2019-08,550,1,0,192,1,0
2019-08,550,1,1,1152,3,2
2019-08,550,2,0,45,0,0
2019-08,550,2,1,247,0,0
2019-08,560,1,0,205,0,0
2019-08,560,1,1,1374,7,1
2019-08,560,2,0,48,0,0
2019-08,560,2,1,290,1,1
2019-08,570,1,0,276,0,0
2019-08,570,1,1,1744,10,1
2019-08,570,2,0,50,0,0
2019-08,570,2,1,382,2,0
2019-08,580,1,0,310,0,0
2019-08,580,1,1,1948,8,0
2019-08,580,2,0,60,0,0
2019-08,580,2,1,401,2,0
2019-08,590,1,0,365,0,0
2019-08,590,1,1,2428,5,0
2019-08,590,2,0,82,0,0
2019-08,590,2,1,526,2,0
2019-08,600,1,0,460,1,1
2019-08,600,1,1,2819,8,0
2019-08,600,2,0,85,0,0
2019-08,600,2,1,589,1,0
2019-08,610,1,0,508,1,1
2019-08,610,1,1,3416,10,2
2019-08,610,2,0,113,0,0
2019-08,610,2,1,691,1,0
2019-08,620,1,0,552,2,0
2019-08,620,1,1,3604,5,0
2019-08,620,2,0,143,0,0
2019-08,620,2,1,1036,1,0
2019-08,630,1,0,661,1,0
2019-08,630,1,1,4124,9,2
2019-08,630,2,0,168,0,0
2019-08,630,2,1,1211,3,0
2019-08,640,1,0,615,1,0
2019-08,640,1,1,4201,10,1
2019-08,640,2,0,181,0,0
2019-08,640,2,1,1215,2,0
2019-08,650,1,0,778,0,0
2019-08,650,1,1,4920,7,0
2019-08,650,2,0,207,0,0
2019-08,650,2,1,1424,0,0
2019-08,660,1,0,676,0,0
2019-08,660,1,1,4943,8,0
2019-08,660,2,0,220,0,0
2019-08,660,2,1,1348,0,0
2019-08,670,1,0,747,0,0
2019-08,670,1,1,5515,2,0
2019-08,670,2,0,238,0,0
2019-08,670,2,1,1490,1,0
2019-08,680,1,0,733,0,0
2019-08,680,1,1,5217,5,0
2019-08,680,2,0,231,0,0
2019-08,680,2,1,1435,1,0
2019-08,690,1,0,781,2,0
2019-08,690,1,1,5689,5,0
2019-08,690,2,0,226,0,0
2019-08,690,2,1,1490,0,0
2019-08,700,1,0,791,0,0
2019-08,700,1,1,5541,1,0
2019-08,700,2,0,223,0,0
2019-08,700,2,1,1434,1,0
2019-08,710,1,0,854,0,0
2019-08,710,1,1,5668,1,0
2019-08,710,2,0,235,0,0
2019-08,710,2,1,1460,1,0
2019-08,720,1,0,798,0,0
2019-08,720,1,1,5664,2,0
2019-08,720,2,0,198,0,0
2019-08,720,2,1,1397,2,0
2019-08,730,1,0,918,1,0
2019-08,730,1,1,6032,0,0
2019-08,730,2,0,207,0,0
2019-08,730,2,1,1381,1,0
2019-08,740,1,0,935,0,0
2019-08,740,1,1,5772,3,0
2019-08,740,2,0,167,0,0
2019-08,740,2,1,1354,0,0
2019-08,750,1,0,880,0,0
2019-08,750,1,1,6053,1,0
2019-08,750,2,0,195,0,0
2019-08,750,2,1,1229,0,0
2019-08,760,1,0,857,0,0
2019-08,760,1,1,5855,3,0
2019-08,760,2,0,164,0,0
2019-08,760,2,1,1242,0,0
2019-08,770,1,0,930,0,0
2019-08,770,1,1,6016,0,0
2019-08,770,2,0,171,0,0
2019-08,770,2,1,1177,0,0
2019-08,780,1,0,891,0,0
2019-08,780,1,1,6044,1,0
2019-08,780,2,0,152,0,0
2019-08,780,2,1,1094,0,0
2019-08,790,1,0,1031,0,0
2019-08,790,1,1,6471,1,0
2019-08,790,2,0,139,0,0
2019-08,790,2,1,1088,0,0
2019-08,800,1,0,1069,1,0
2019-08,800,1,1,6729,2,0
2019-08,800,2,0,192,0,0
2019-08,800,2,1,1143,0,0
2019-08,810,1,0,1051,0,0
2019-08,810,1,1,7236,0,0
2019-08,810,2,0,179,0,0
2019-08,810,2,1,1127,1,0
2019-08,820,1,0,1098,0,0
2019-08,820,1,1,7455,0,0
2019-08,820,2,0,154,0,0
2019-08,820,2,1,1130,1,0
2019-08,830,1,0,1088,0,0
2019-08,830,1,1,7366,0,0
2019-08,830,2,0,144,0,0
2019-08,830,2,1,1167,0,0
2019-08,840,1,0,1097,0,0
2019-08,840,1,1,7109,0,0
2019-08,840,2,0,137,0,0
2019-08,840,2,1,993,0,0
2019-08,850,1,0,1039,0,0
2019-08,850,1,1,6908,0,0
2019-08,850,2,0,135,0,0
2019-08,850,2,1,1005,0,0
2019-08,860,1,0,827,0,0
2019-08,860,1,1,5501,0,0
2019-08,860,2,0,110,0,0
2019-08,860,2,1,706,0,0
2019-08,870,1,0,583,0,0
2019-08,870,1,1,4026,0,0
2019-08,870,2,0,72,0,0
2019-08,870,2,1,493,0,0
2019-08,880,1,0,327,0,0
2019-08,880,1,1,2291,0,0
2019-08,880,2,0,44,0,0
2019-08,880,2,1,284,0,0
2019-08,890,1,0,150,0,0
2019-08,890,1,1,891,0,0
2019-08,890,2,0,17,0,0
2019-08,890,2,1,103,0,0
2019-09,390,1,1,1,0,0
2019-09,400,1,0,1,0,0
2019-09,400,1,1,1,0,0
2019-09,410,1,1,7,0,0
2019-09,410,2,1,4,0,0
2019-09,420,1,0,2,0,0
2019-09,420,1,1,3,0,0
2019-09,420,2,1,3,0,0
2019-09,430,1,0,1,0,0
2019-09,430,1,1,16,0,0
2019-09,430,2,1,2,0,0
2019-09,440,1,0,1,0,0
2019-09,440,1,1,22,0,0
2019-09,440,2,0,1,0,0
2019-09,440,2,1,11,0,0
2019-09,450,1,0,4,0,0
2019-09,450,1,1,51,1,0
2019-09,450,2,0,2,0,0
2019-09,450,2,1,10,0,0
2019-09,460,1,0,9,0,0
2019-09,460,1,1,57,1,1
2019-09,460,2,0,4,0,0
2019-09,460,2,1,16,0,0
2019-09,470,1,0,8,1,0
2019-09,470,1,1,89,0,0
2019-09,470,2,0,4,0,0
2019-09,470,2,1,20,0,0
2019-09,480,1,0,18,0,0
2019-09,480,1,1,117,0,0
2019-09,480,2,0,8,0,0
2019-09,480,2,1,30,0,0
2019-09,490,1,0,25,0,0
2019-09,490,1,1,205,0,0
2019-09,490,2,0,11,0,0
2019-09,490,2,1,54,0,0
2019-09,500,1,0,27,1,0
2019-09,500,1,1,244,1,0
2019-09,500,2,0,8,0,0
2019-09,500,2,1,75,0,0
2019-09,510,1,0,48,1,1
2019-09,510,1,1,375,1,0
2019-09,510,2,0,13,1,0
2019-09,510,2,1,109,0,0
2019-09,520,1,0,93,1,0
2019-09,520,1,1,497,3,0
2019-09,520,2,0,24,0,0
2019-09,520,2,1,124,0,0
2019-09,530,1,0,102,0,0
2019-09,530,1,1,689,3,1
2019-09,530,2,0,27,0,0
2019-09,530,2,1,175,0,0
2019-09,540,1,0,127,1,1
2019-09,540,1,1,872,6,0
2019-09,540,2,0,38,0,0
2019-09,540,2,1,170,1,0
2019-09,550,1,0,187,0,0
2019-09,550,1,1,1130,3,1
2019-09,550,2,0,45,0,0
2019-09,550,2,1,240,1,0
2019-09,560,1,0,202,1,0
2019-09,560,1,1,1335,2,1
2019-09,560,2,0,48,0,0
2019-09,560,2,1,283,2,0
2019-09,570,1,0,273,0,0
2019-09,570,1,1,1701,5,0
2019-09,570,2,0,50,0,0
2019-09,570,2,1,373,0,0
2019-09,580,1,0,306,0,0
2019-09,580,1,1,1900,2,0
2019-09,580,2,0,60,0,0
2019-09,580,2,1,391,0,0
2019-09,590,1,0,364,0,0
2019-09,590,1,1,2371,6,0
2019-09,590,2,0,81,0,0
2019-09,590,2,1,510,1,1
2019-09,600,1,0,448,3,0
2019-09,600,1,1,2755,8,0
2019-09,600,2,0,83,0,0
2019-09,600,2,1,577,0,0
2019-09,610,1,0,501,1,0
2019-09,610,1,1,3337,9,3
2019-09,610,2,0,112,0,0
2019-09,610,2,1,674,0,0
2019-09,620,1,0,546,1,0
2019-09,620,1,1,3531,8,2
2019-09,620,2,0,140,0,0
2019-09,620,2,1,1025,0,0
2019-09,630,1,0,648,1,0
2019-09,630,1,1,4018,9,1
2019-09,630,2,0,165,0,0
2019-09,630,2,1,1181,2,0
2019-09,640,1,0,604,0,0
2019-09,640,1,1,4109,11,1
2019-09,640,2,0,178,1,0
2019-09,640,2,1,1184,2,1
2019-09,650,1,0,763,1,0
2019-09,650,1,1,4798,3,1
2019-09,650,2,0,202,0,0
2019-09,650,2,1,1397,1,0
2019-09,660,1,0,669,0,0
2019-09,660,1,1,4799,7,1
2019-09,660,2,0,217,1,0
2019-09,660,2,1,1315,2,0
2019-09,670,1,0,726,0,0
2019-09,670,1,1,5398,6,2
2019-09,670,2,0,231,0,0
2019-09,670,2,1,1458,4,0
2019-09,680,1,0,716,0,0
2019-09,680,1,1,5094,4,0
2019-09,680,2,0,229,0,0
2019-09,680,2,1,1403,5,0
2019-09,690,1,0,765,0,0
2019-09,690,1,1,5574,3,0
2019-09,690,2,0,219,0,0
2019-09,690,2,1,1452,1,0
2019-09,700,1,0,773,0,0
2019-09,700,1,1,5412,6,1
2019-09,700,2,0,218,0,0
2019-09,700,2,1,1401,0,0
2019-09,710,1,0,838,0,0
2019-09,710,1,1,5537,4,0
2019-09,710,2,0,232,0,0
2019-09,710,2,1,1428,0,0
2019-09,720,1,0,782,1,0
2019-09,720,1,1,5521,3,1
2019-09,720,2,0,196,0,0
2019-09,720,2,1,1364,1,0
2019-09,730,1,0,903,0,0
2019-09,730,1,1,5894,2,0
2019-09,730,2,0,202,0,0
2019-09,730,2,1,1349,0,0
2019-09,740,1,0,906,0,0
2019-09,740,1,1,5631,1,0
2019-09,740,2,0,166,0,0
2019-09,740,2,1,1314,1,0
2019-09,750,1,0,851,0,0
2019-09,750,1,1,5900,0,0
2019-09,750,2,0,193,0,0
2019-09,750,2,1,1200,1,0
2019-09,760,1,0,835,0,0
2019-09,760,1,1,5704,2,0
2019-09,760,2,0,160,1,0
2019-09,760,2,1,1219,0,0
2019-09,770,1,0,909,0,0
2019-09,770,1,1,5881,1,1
2019-09,770,2,0,169,0,0
2019-09,770,2,1,1149,0,0
2019-09,780,1,0,863,0,0
2019-09,780,1,1,5916,1,0
2019-09,780,2,0,150,0,0
2019-09,780,2,1,1072,0,0
2019-09,790,1,0,1006,0,0
2019-09,790,1,1,6309,0,0
2019-09,790,2,0,135,0,0
2019-09,790,2,1,1069,0,0
2019-09,800,1,0,1038,0,0
2019-09,800,1,1,6555,1,0
2019-09,800,2,0,189,0,0
2019-09,800,2,1,1117,0,0
2019-09,810,1,0,1018,0,0
2019-09,810,1,1,7031,0,0
2019-09,810,2,0,176,0,0
2019-09,810,2,1,1099,0,0
2019-09,820,1,0,1068,0,0
2019-09,820,1,1,7255,1,0
2019-09,820,2,0,151,0,0
2019-09,820,2,1,1109,0,0
2019-09,830,1,0,1063,0,0
2019-09,830,1,1,7181,0,0
2019-09,830,2,0,138,0,0
2019-09,830,2,1,1137,0,0
2019-09,840,1,0,1066,0,0
2019-09,840,1,1,6917,0,0
2019-09,840,2,0,131,0,0
2019-09,840,2,1,966,0,0
2019-09,850,1,0,1020,0,0
2019-09,850,1,1,6742,0,0
2019-09,850,2,0,131,0,0
2019-09,850,2,1,985,0,0
2019-09,860,1,0,804,0,0
2019-09,860,1,1,5385,0,0
2019-09,860,2,0,107,0,0
2019-09,860,2,1,685,0,0
2019-09,870,1,0,575,0,0
2019-09,870,1,1,3948,0,0
2019-09,870,2,0,71,0,0
2019-09,870,2,1,482,0,0
2019-09,880,1,0,320,0,0
2019-09,880,1,1,2233,0,0
2019-09,880,2,0,44,0,0
2019-09,880,2,1,277,0,0
2019-09,890,1,0,147,0,0
2019-09,890,1,1,868,0,0
2019-09,890,2,0,16,0,0
2019-09,890,2,1,102,0,0
2019-10,390,1,1,1,0,0
2019-10,400,1,0,1,0,0
2019-10,400,1,1,1,0,0
2019-10,410,1,1,7,0,0
2019-10,410,2,1,4,0,0
2019-10,420,1,0,2,0,0
2019-10,420,1,1,3,0,0
2019-10,420,2,1,3,0,0
2019-10,430,1,0,1,0,0
2019-10,430,1,1,16,0,0
2019-10,430,2,1,2,0,0
2019-10,440,1,0,1,0,0
2019-10,440,1,1,22,0,0
2019-10,440,2,0,1,0,0
2019-10,440,2,1,11,0,0
2019-10,450,1,0,4,0,0
2019-10,450,1,1,48,0,0
2019-10,450,2,0,2,0,0
2019-10,450,2,1,9,0,0
2019-10,460,1,0,8,0,0
2019-10,460,1,1,55,0,0
2019-10,460,2,0,4,0,0
2019-10,460,2,1,16,0,0
2019-10,470,1,0,7,0,0
2019-10,470,1,1,88,0,0
2019-10,470,2,0,4,0,0
2019-10,470,2,1,20,0,0
2019-10,480,1,0,18,0,0
2019-10,480,1,1,116,0,0
2019-10,480,2,0,8,0,0
2019-10,480,2,1,30,0,0
2019-10,490,1,0,24,0,0
2019-10,490,1,1,197,1,0
2019-10,490,2,0,11,0,0
2019-10,490,2,1,53,1,0
2019-10,500,1,0,25,0,0
2019-10,500,1,1,239,1,0
2019-10,500,2,0,8,0,0
2019-10,500,2,1,72,0,0
2019-10,510,1,0,47,0,0
2019-10,510,1,1,363,0,0
2019-10,510,2,0,12,0,0
2019-10,510,2,1,108,0,0
2019-10,520,1,0,90,0,0
2019-10,520,1,1,480,0,0
2019-10,520,2,0,24,0,0
2019-10,520,2,1,121,0,0
2019-10,530,1,0,102,0,0
2019-10,530,1,1,681,3,1
2019-10,530,2,0,27,0,0
2019-10,530,2,1,172,0,0
2019-10,540,1,0,125,0,0
2019-10,540,1,1,850,3,1
2019-10,540,2,0,38,1,0
2019-10,540,2,1,165,0,0
2019-10,550,1,0,184,1,1
2019-10,550,1,1,1100,5,1
2019-10,550,2,0,45,0,0
2019-10,550,2,1,235,0,0
2019-10,560,1,0,196,2,0
2019-10,560,1,1,1302,7,1
2019-10,560,2,0,48,1,0
2019-10,560,2,1,276,0,0
2019-10,570,1,0,269,0,0
2019-10,570,1,1,1648,12,0
2019-10,570,2,0,49,0,0
2019-10,570,2,1,367,0,0
2019-10,580,1,0,301,0,0
2019-10,580,1,1,1855,2,0
2019-10,580,2,0,58,0,0
2019-10,580,2,1,380,0,0
2019-10,590,1,0,360,1,1
2019-10,590,1,1,2332,6,0
2019-10,590,2,0,76,0,0
2019-10,590,2,1,499,3,0
2019-10,600,1,0,440,0,0
2019-10,600,1,1,2684,11,3
2019-10,600,2,0,82,0,0
2019-10,600,2,1,560,4,0
2019-10,610,1,0,491,0,0
2019-10,610,1,1,3261,4,1
2019-10,610,2,0,111,0,0
2019-10,610,2,1,661,1,1
2019-10,620,1,0,539,0,0
2019-10,620,1,1,3457,8,0
2019-10,620,2,0,136,0,0
2019-10,620,2,1,1010,2,1
2019-10,630,1,0,631,0,0
2019-10,630,1,1,3923,7,1
2019-10,630,2,0,162,0,0
2019-10,630,2,1,1148,3,1
2019-10,640,1,0,594,0,0
2019-10,640,1,1,4011,6,0
2019-10,640,2,0,174,0,0
2019-10,640,2,1,1157,2,0
2019-10,650,1,0,750,1,0
2019-10,650,1,1,4703,6,0
2019-10,650,2,0,198,0,0
2019-10,650,2,1,1359,1,0
2019-10,660,1,0,659,0,0
2019-10,660,1,1,4676,11,1
2019-10,660,2,0,214,0,0
2019-10,660,2,1,1291,1,0
2019-10,670,1,0,712,0,0
2019-10,670,1,1,5271,6,0
2019-10,670,2,0,227,1,0
2019-10,670,2,1,1430,3,1
2019-10,680,1,0,707,0,0
2019-10,680,1,1,4970,6,1
2019-10,680,2,0,226,2,0
2019-10,680,2,1,1375,3,0
2019-10,690,1,0,747,1,0
2019-10,690,1,1,5450,7,1
2019-10,690,2,0,216,0,0
2019-10,690,2,1,1419,1,1
2019-10,700,1,0,757,0,0
2019-10,700,1,1,5280,2,0
2019-10,700,2,0,215,0,0
2019-10,700,2,1,1368,1,0
2019-10,710,1,0,825,0,0
2019-10,710,1,1,5433,6,0
2019-10,710,2,0,229,0,0
2019-10,710,2,1,1407,0,0
2019-10,720,1,0,764,0,0
2019-10,720,1,1,5401,1,0
2019-10,720,2,0,194,0,0
2019-10,720,2,1,1345,0,0
2019-10,730,1,0,885,0,0
2019-10,730,1,1,5758,7,1
2019-10,730,2,0,201,0,0
2019-10,730,2,1,1326,1,0
2019-10,740,1,0,890,3,1
2019-10,740,1,1,5512,1,0
2019-10,740,2,0,162,0,0
2019-10,740,2,1,1287,0,0
2019-10,750,1,0,824,0,0
2019-10,750,1,1,5768,0,0
2019-10,750,2,0,191,0,0
2019-10,750,2,1,1174,1,1
2019-10,760,1,0,818,0,0
2019-10,760,1,1,5581,0,0
2019-10,760,2,0,153,0,0
2019-10,760,2,1,1194,0,0
2019-10,770,1,0,884,0,0
2019-10,770,1,1,5754,0,0
2019-10,770,2,0,165,0,0
2019-10,770,2,1,1121,0,0
2019-10,780,1,0,845,0,0
2019-10,780,1,1,5790,0,0
2019-10,780,2,0,146,0,0
2019-10,780,2,1,1055,1,0
2019-10,790,1,0,976,0,0
2019-10,790,1,1,6185,0,0
2019-10,790,2,0,131,0,0
2019-10,790,2,1,1049,0,0
2019-10,800,1,0,1020,0,0
2019-10,800,1,1,6411,1,0
2019-10,800,2,0,186,0,0
2019-10,800,2,1,1100,0,0
2019-10,810,1,0,991,0,0
2019-10,810,1,1,6861,0,0
2019-10,810,2,0,173,0,0
2019-10,810,2,1,1078,0,0
2019-10,820,1,0,1035,0,0
2019-10,820,1,1,7102,0,0
2019-10,820,2,0,146,0,0
2019-10,820,2,1,1083,1,0
2019-10,830,1,0,1038,0,0
2019-10,830,1,1,7034,1,0
2019-10,830,2,0,134,0,0
2019-10,830,2,1,1115,1,0
2019-10,840,1,0,1041,0,0
2019-10,840,1,1,6772,0,0
2019-10,840,2,0,131,0,0
2019-10,840,2,1,945,1,0
2019-10,850,1,0,998,0,0
2019-10,850,1,1,6585,1,0
2019-10,850,2,0,130,0,0
2019-10,850,2,1,964,0,0
2019-10,860,1,0,793,0,0
2019-10,860,1,1,5266,0,0
2019-10,860,2,0,102,0,0
2019-10,860,2,1,672,0,0
2019-10,870,1,0,565,0,0
2019-10,870,1,1,3869,0,0
2019-10,870,2,0,71,0,0
2019-10,870,2,1,470,0,0
2019-10,880,1,0,316,0,0
2019-10,880,1,1,2192,0,0
2019-10,880,2,0,43,0,0
2019-10,880,2,1,276,0,0
2019-10,890,1,0,143,0,0
2019-10,890,1,1,852,0,0
2019-10,890,2,0,16,0,0
2019-10,890,2,1,101,0,0
2019-11,390,1,1,1,0,0
2019-11,400,1,1,2,0,0
2019-11,410,1,1,7,0,0
2019-11,410,2,1,4,0,0
2019-11,420,1,1,5,0,0
2019-11,420,2,1,3,0,0
2019-11,430,1,1,17,0,0
2019-11,430,2,1,2,0,0
2019-11,440,1,1,21,1,0
2019-11,440,2,1,12,0,0
2019-11,450,1,1,51,0,0
2019-11,450,2,1,11,0,0
2019-11,460,1,1,63,0,0
2019-11,460,2,1,18,0,0
2019-11,470,1,1,94,0,0
2019-11,470,2,1,24,0,0
2019-11,480,1,1,130,0,0
2019-11,480,2,1,36,0,0
2019-11,490,1,1,217,1,0
2019-11,490,2,1,61,0,0
2019-11,500,1,1,257,4,0
2019-11,500,2,1,80,0,0
2019-11,510,1,1,403,2,1
2019-11,510,2,1,114,0,0
2019-11,520,1,1,557,3,0
2019-11,520,2,1,141,0,0
2019-11,530,1,1,765,3,0
2019-11,530,2,1,192,1,0
2019-11,540,1,1,956,1,1
2019-11,540,2,1,201,0,0
2019-11,550,1,1,1253,5,0
2019-11,550,2,1,275,0,0
2019-11,560,1,1,1461,1,1
2019-11,560,2,1,318,1,0
2019-11,570,1,1,1867,7,2
2019-11,570,2,1,408,2,0
2019-11,580,1,1,2105,5,0
2019-11,580,2,1,429,0,0
2019-11,590,1,1,2622,6,0
2019-11,590,2,1,563,2,1
2019-11,600,1,1,3040,8,1
2019-11,600,2,1,625,3,0
2019-11,610,1,1,3659,10,2
2019-11,610,2,1,755,3,0
2019-11,620,1,1,3915,4,2
2019-11,620,2,1,1122,0,0
2019-11,630,1,1,4454,10,1
2019-11,630,2,1,1278,0,0
2019-11,640,1,1,4504,4,0
2019-11,640,2,1,1299,2,0
2019-11,650,1,1,5313,4,0
2019-11,650,2,1,1524,2,0
2019-11,660,1,1,5210,11,1
2019-11,660,2,1,1475,1,0
2019-11,670,1,1,5845,8,0
2019-11,670,2,1,1615,1,0
2019-11,680,1,1,5568,5,1
2019-11,680,2,1,1559,2,0
2019-11,690,1,1,6045,2,0
2019-11,690,2,1,1594,0,0
2019-11,700,1,1,5901,5,1
2019-11,700,2,1,1548,0,0
2019-11,710,1,1,6125,3,0
2019-11,710,2,1,1610,0,0
2019-11,720,1,1,6027,1,0
2019-11,720,2,1,1506,1,0
2019-11,730,1,1,6508,0,0
2019-11,730,2,1,1499,0,0
2019-11,740,1,1,6261,3,0
2019-11,740,2,1,1420,2,0
2019-11,750,1,1,6460,0,0
2019-11,750,2,1,1337,0,0
2019-11,760,1,1,6269,1,0
2019-11,760,2,1,1310,0,0
2019-11,770,1,1,6499,2,0
2019-11,770,2,1,1257,0,0
2019-11,780,1,1,6474,0,0
2019-11,780,2,1,1172,0,0
2019-11,790,1,1,6990,0,0
2019-11,790,2,1,1161,0,0
2019-11,800,1,1,7263,0,0
2019-11,800,2,1,1262,0,0
2019-11,810,1,1,7657,1,0
2019-11,810,2,1,1217,0,0
2019-11,820,1,1,7955,0,0
2019-11,820,2,1,1193,0,0
2019-11,830,1,1,7905,1,0
2019-11,830,2,1,1221,0,0
2019-11,840,1,1,7618,0,0
2019-11,840,2,1,1051,0,0
2019-11,850,1,1,7435,0,0
2019-11,850,2,1,1056,0,0
2019-11,860,1,1,5922,0,0
2019-11,860,2,1,760,0,0
2019-11,870,1,1,4348,0,0
2019-11,870,2,1,528,0,0
2019-11,880,1,1,2461,0,0
2019-11,880,2,1,312,0,0
2019-11,890,1,1,975,0,0
2019-11,890,2,1,116,0,0
2019-12,390,1,1,1,0,0
2019-12,400,1,1,2,0,0
2019-12,410,1,0,3,0,0
2019-12,410,1,1,7,0,0
2019-12,410,2,1,4,0,0
2019-12,420,1,1,5,0,0
2019-12,420,2,0,1,0,0
2019-12,420,2,1,2,0,0
2019-12,430,1,0,1,0,0
2019-12,430,1,1,17,0,0
2019-12,430,2,0,1,0,0
2019-12,430,2,1,2,0,0
2019-12,440,1,0,6,0,0
2019-12,440,1,1,18,0,0
2019-12,440,2,0,1,0,0
2019-12,440,2,1,12,0,0
2019-12,450,1,0,3,0,0
2019-12,450,1,1,51,0,0
2019-12,450,2,0,2,0,0
2019-12,450,2,1,11,0,0
2019-12,460,1,0,13,0,0
2019-12,460,1,1,62,0,0
2019-12,460,2,0,2,0,0
2019-12,460,2,1,18,1,0
2019-12,470,1,0,11,0,0
2019-12,470,1,1,93,1,0
2019-12,470,2,0,6,0,0
2019-12,470,2,1,24,0,0
2019-12,480,1,0,33,0,0
2019-12,480,1,1,127,1,0
2019-12,480,2,0,4,0,0
2019-12,480,2,1,35,0,0
2019-12,490,1,0,35,0,0
2019-12,490,1,1,213,0,0
2019-12,490,2,0,9,0,0
2019-12,490,2,1,60,0,0
2019-12,500,1,0,43,0,0
2019-12,500,1,1,250,2,0
2019-12,500,2,0,15,0,0
2019-12,500,2,1,79,0,0
2019-12,510,1,0,53,0,0
2019-12,510,1,1,393,2,0
2019-12,510,2,0,16,0,0
2019-12,510,2,1,113,0,0
2019-12,520,1,0,83,0,0
2019-12,520,1,1,546,0,0
2019-12,520,2,0,16,0,0
2019-12,520,2,1,139,0,0
2019-12,530,1,0,126,0,0
2019-12,530,1,1,753,1,0
2019-12,530,2,0,21,0,0
2019-12,530,2,1,190,0,0
2019-12,540,1,0,170,0,0
2019-12,540,1,1,936,1,0
2019-12,540,2,0,51,0,0
2019-12,540,2,1,196,1,0
2019-12,550,1,0,235,1,0
2019-12,550,1,1,1224,5,0
2019-12,550,2,0,36,0,0
2019-12,550,2,1,267,1,1
2019-12,560,1,0,256,0,0
2019-12,560,1,1,1430,7,1
2019-12,560,2,0,45,0,0
2019-12,560,2,1,310,1,0
2019-12,570,1,0,334,0,0
2019-12,570,1,1,1822,2,0
2019-12,570,2,0,67,0,0
2019-12,570,2,1,400,1,0
2019-12,580,1,0,395,0,0
2019-12,580,1,1,2065,9,2
2019-12,580,2,0,69,0,0
2019-12,580,2,1,418,1,0
2019-12,590,1,0,471,1,0
2019-12,590,1,1,2564,5,1
2019-12,590,2,0,111,0,0
2019-12,590,2,1,552,0,0
2019-12,600,1,0,564,1,0
2019-12,600,1,1,2974,2,0
2019-12,600,2,0,105,0,0
2019-12,600,2,1,612,0,0
2019-12,610,1,0,685,0,0
2019-12,610,1,1,3587,6,0
2019-12,610,2,0,142,0,0
2019-12,610,2,1,729,0,0
2019-12,620,1,0,701,1,0
2019-12,620,1,1,3855,9,0
2019-12,620,2,0,189,0,0
2019-12,620,2,1,1103,1,0
2019-12,630,1,0,807,0,0
2019-12,630,1,1,4363,8,0
2019-12,630,2,0,230,0,0
2019-12,630,2,1,1253,4,1
2019-12,640,1,0,834,1,0
2019-12,640,1,1,4420,7,1
2019-12,640,2,0,195,0,0
2019-12,640,2,1,1272,3,0
2019-12,650,1,0,940,0,0
2019-12,650,1,1,5224,5,0
2019-12,650,2,0,248,0,0
2019-12,650,2,1,1487,3,1
2019-12,660,1,0,992,0,0
2019-12,660,1,1,5115,6,1
2019-12,660,2,0,267,0,0
2019-12,660,2,1,1454,2,1
2019-12,670,1,0,1051,0,0
2019-12,670,1,1,5735,4,0
2019-12,670,2,0,288,0,0
2019-12,670,2,1,1589,2,1
2019-12,680,1,0,1046,0,0
2019-12,680,1,1,5451,8,0
2019-12,680,2,0,273,0,0
2019-12,680,2,1,1525,3,1
2019-12,690,1,0,1104,0,0
2019-12,690,1,1,5920,7,0
2019-12,690,2,0,277,0,0
2019-12,690,2,1,1567,2,0
2019-12,700,1,0,1101,0,0
2019-12,700,1,1,5776,2,0
2019-12,700,2,0,287,0,0
2019-12,700,2,1,1524,0,0
2019-12,710,1,0,1186,1,0
2019-12,710,1,1,6001,3,0
2019-12,710,2,0,272,0,0
2019-12,710,2,1,1587,0,0
2019-12,720,1,0,1164,1,0
2019-12,720,1,1,5917,1,0
2019-12,720,2,0,271,0,0
2019-12,720,2,1,1477,1,1
2019-12,730,1,0,1187,1,0
2019-12,730,1,1,6385,3,0
2019-12,730,2,0,298,0,0
2019-12,730,2,1,1472,0,0
2019-12,740,1,0,1180,0,0
2019-12,740,1,1,6130,1,0
2019-12,740,2,0,280,0,0
2019-12,740,2,1,1397,1,0
2019-12,750,1,0,1218,0,0
2019-12,750,1,1,6331,3,0
2019-12,750,2,0,273,0,0
2019-12,750,2,1,1306,0,0
2019-12,760,1,0,1235,0,0
2019-12,760,1,1,6165,2,0
2019-12,760,2,0,274,0,0
2019-12,760,2,1,1288,0,0
2019-12,770,1,0,1221,0,0
2019-12,770,1,1,6383,1,0
2019-12,770,2,0,254,0,0
2019-12,770,2,1,1234,0,0
2019-12,780,1,0,1342,2,0
2019-12,780,1,1,6341,2,0
2019-12,780,2,0,262,0,0
2019-12,780,2,1,1145,0,0
2019-12,790,1,0,1435,1,0
2019-12,790,1,1,6867,0,0
2019-12,790,2,0,247,0,0
2019-12,790,2,1,1131,0,0
2019-12,800,1,0,1434,0,0
2019-12,800,1,1,7125,0,0
2019-12,800,2,0,234,0,0
2019-12,800,2,1,1240,0,0
2019-12,810,1,0,1642,0,0
2019-12,810,1,1,7486,0,0
2019-12,810,2,0,245,0,0
2019-12,810,2,1,1190,0,0
2019-12,820,1,0,1608,0,0
2019-12,820,1,1,7801,1,0
2019-12,820,2,0,297,0,0
2019-12,820,2,1,1170,0,0
2019-12,830,1,0,1603,0,0
2019-12,830,1,1,7744,0,0
2019-12,830,2,0,269,0,0
2019-12,830,2,1,1200,0,0
2019-12,840,1,0,1479,0,0
2019-12,840,1,1,7469,0,0
2019-12,840,2,0,223,0,0
2019-12,840,2,1,1030,0,0
2019-12,850,1,0,1441,0,0
2019-12,850,1,1,7317,0,0
2019-12,850,2,0,198,0,0
2019-12,850,2,1,1027,0,0
2019-12,860,1,0,1180,0,0
2019-12,860,1,1,5816,0,0
2019-12,860,2,0,170,0,0
2019-12,860,2,1,745,0,0
2019-12,870,1,0,910,0,0
2019-12,870,1,1,4270,0,0
2019-12,870,2,0,133,0,0
2019-12,870,2,1,520,0,0
2019-12,880,1,0,454,0,0
2019-12,880,1,1,2415,0,0
2019-12,880,2,0,65,0,0
2019-12,880,2,1,307,0,0
2019-12,890,1,0,182,0,0
2019-12,890,1,1,959,0,0
2019-12,890,2,0,20,0,0
2019-12,890,2,1,115,0,0
2020-01,390,1,1,1,0,0
2020-01,400,1,1,2,0,0
2020-01,410,1,0,3,0,0
2020-01,410,1,1,7,0,0
2020-01,410,2,1,3,0,0
2020-01,420,1,1,5,0,0
2020-01,420,2,0,1,0,0
2020-01,420,2,1,2,0,0
2020-01,430,1,0,1,0,0
2020-01,430,1,1,17,0,0
2020-01,430,2,0,1,0,0
2020-01,430,2,1,2,0,0
2020-01,440,1,0,6,0,0
2020-01,440,1,1,18,0,0
2020-01,440,2,0,1,0,0
2020-01,440,2,1,12,0,0
2020-01,450,1,0,3,0,0
2020-01,450,1,1,51,0,0
2020-01,450,2,0,2,0,0
2020-01,450,2,1,11,0,0
2020-01,460,1,0,13,0,0
2020-01,460,1,1,60,0,0
2020-01,460,2,0,2,0,0
2020-01,460,2,1,17,0,0
2020-01,470,1,0,11,0,0
2020-01,470,1,1,91,0,0
2020-01,470,2,0,6,0,0
2020-01,470,2,1,22,0,0
2020-01,480,1,0,33,0,0
2020-01,480,1,1,122,0,0
2020-01,480,2,0,4,0,0
2020-01,480,2,1,35,0,0
2020-01,490,1,0,35,0,0
2020-01,490,1,1,209,0,0
2020-01,490,2,0,9,0,0
2020-01,490,2,1,60,0,0
2020-01,500,1,0,41,0,0
2020-01,500,1,1,244,1,0
2020-01,500,2,0,15,0,0
2020-01,500,2,1,76,0,0
2020-01,510,1,0,53,0,0
2020-01,510,1,1,388,1,1
2020-01,510,2,0,16,0,0
2020-01,510,2,1,110,0,0
2020-01,520,1,0,83,0,0
2020-01,520,1,1,544,0,0
2020-01,520,2,0,16,0,0
2020-01,520,2,1,134,0,0
2020-01,530,1,0,124,0,0
2020-01,530,1,1,745,1,0
2020-01,530,2,0,21,0,0
2020-01,530,2,1,187,2,0
2020-01,540,1,0,165,0,0
2020-01,540,1,1,914,3,0
2020-01,540,2,0,50,1,0
2020-01,540,2,1,191,0,0
2020-01,550,1,0,234,0,0
2020-01,550,1,1,1201,4,1
2020-01,550,2,0,36,0,0
2020-01,550,2,1,257,1,0
2020-01,560,1,0,253,0,0
2020-01,560,1,1,1401,5,0
2020-01,560,2,0,44,0,0
2020-01,560,2,1,304,0,0
2020-01,570,1,0,330,1,0
2020-01,570,1,1,1786,11,0
2020-01,570,2,0,66,1,1
2020-01,570,2,1,396,1,0
2020-01,580,1,0,390,2,0
2020-01,580,1,1,2016,4,0
2020-01,580,2,0,67,0,0
2020-01,580,2,1,412,1,0
2020-01,590,1,0,467,0,0
2020-01,590,1,1,2516,8,2
2020-01,590,2,0,109,0,0
2020-01,590,2,1,542,1,0
2020-01,600,1,0,553,0,0
2020-01,600,1,1,2903,5,0
2020-01,600,2,0,102,0,0
2020-01,600,2,1,600,4,0
2020-01,610,1,0,679,1,0
2020-01,610,1,1,3514,9,3
2020-01,610,2,0,142,1,0
2020-01,610,2,1,714,2,0
2020-01,620,1,0,687,0,0
2020-01,620,1,1,3774,15,1
2020-01,620,2,0,188,0,0
2020-01,620,2,1,1078,3,0
2020-01,630,1,0,795,2,0
2020-01,630,1,1,4270,8,1
2020-01,630,2,0,228,0,0
2020-01,630,2,1,1223,3,0
2020-01,640,1,0,823,0,0
2020-01,640,1,1,4331,5,0
2020-01,640,2,0,193,0,0
2020-01,640,2,1,1242,4,1
2020-01,650,1,0,918,1,0
2020-01,650,1,1,5142,5,0
2020-01,650,2,0,243,0,0
2020-01,650,2,1,1453,1,0
2020-01,660,1,0,973,0,0
2020-01,660,1,1,5008,5,2
2020-01,660,2,0,256,0,0
2020-01,660,2,1,1415,0,0
2020-01,670,1,0,1029,0,0
2020-01,670,1,1,5617,10,1
2020-01,670,2,0,285,0,0
2020-01,670,2,1,1565,1,0
2020-01,680,1,0,1036,2,1
2020-01,680,1,1,5339,6,0
2020-01,680,2,0,270,0,0
2020-01,680,2,1,1486,0,0
2020-01,690,1,0,1073,0,0
2020-01,690,1,1,5782,5,2
2020-01,690,2,0,270,0,0
2020-01,690,2,1,1536,0,0
2020-01,700,1,0,1080,0,0
2020-01,700,1,1,5659,3,0
2020-01,700,2,0,278,0,0
2020-01,700,2,1,1498,1,0
2020-01,710,1,0,1160,0,0
2020-01,710,1,1,5867,4,1
2020-01,710,2,0,265,0,0
2020-01,710,2,1,1564,1,0
2020-01,720,1,0,1131,0,0
2020-01,720,1,1,5795,1,0
2020-01,720,2,0,271,0,0
2020-01,720,2,1,1451,2,0
2020-01,730,1,0,1156,0,0
2020-01,730,1,1,6240,1,0
2020-01,730,2,0,293,0,0
2020-01,730,2,1,1444,0,0
2020-01,740,1,0,1147,0,0
2020-01,740,1,1,6005,4,0
2020-01,740,2,0,275,0,0
2020-01,740,2,1,1361,0,0
2020-01,750,1,0,1184,0,0
2020-01,750,1,1,6185,0,0
2020-01,750,2,0,269,0,0
2020-01,750,2,1,1282,1,0
2020-01,760,1,0,1203,0,0
2020-01,760,1,1,6035,1,0
2020-01,760,2,0,270,0,0
2020-01,760,2,1,1265,0,0
2020-01,770,1,0,1192,1,0
2020-01,770,1,1,6245,0,0
2020-01,770,2,0,251,0,0
2020-01,770,2,1,1207,1,0
2020-01,780,1,0,1304,1,0
2020-01,780,1,1,6206,1,0
2020-01,780,2,0,255,0,0
2020-01,780,2,1,1114,0,0
2020-01,790,1,0,1373,0,0
2020-01,790,1,1,6740,1,0
2020-01,790,2,0,243,0,0
2020-01,790,2,1,1105,0,0
2020-01,800,1,0,1395,0,0
2020-01,800,1,1,6984,1,0
2020-01,800,2,0,226,0,0
2020-01,800,2,1,1216,0,0
2020-01,810,1,0,1582,1,0
2020-01,810,1,1,7300,0,0
2020-01,810,2,0,242,0,0
2020-01,810,2,1,1163,0,0
2020-01,820,1,0,1572,0,0
2020-01,820,1,1,7644,1,0
2020-01,820,2,0,293,0,0
2020-01,820,2,1,1145,0,0
2020-01,830,1,0,1553,0,0
2020-01,830,1,1,7570,0,0
2020-01,830,2,0,260,0,0
2020-01,830,2,1,1174,1,0
2020-01,840,1,0,1435,0,0
2020-01,840,1,1,7289,0,0
2020-01,840,2,0,221,0,0
2020-01,840,2,1,1013,0,0
2020-01,850,1,0,1400,0,0
2020-01,850,1,1,7190,0,0
2020-01,850,2,0,195,0,0
2020-01,850,2,1,987,0,0
2020-01,860,1,0,1146,0,0
2020-01,860,1,1,5690,0,0
2020-01,860,2,0,170,0,0
2020-01,860,2,1,726,0,0
2020-01,870,1,0,881,0,0
2020-01,870,1,1,4192,1,0
2020-01,870,2,0,130,0,0
2020-01,870,2,1,509,0,0
2020-01,880,1,0,443,0,0
2020-01,880,1,1,2361,0,0
2020-01,880,2,0,65,0,0
2020-01,880,2,1,302,0,0
2020-01,890,1,0,178,0,0
2020-01,890,1,1,938,0,0
2020-01,890,2,0,20,0,0
2020-01,890,2,1,114,0,0
2020-02,390,1,1,1,0,0
2020-02,400,1,1,2,0,0
2020-02,410,1,0,3,0,0
2020-02,410,1,1,7,0,0
2020-02,410,2,1,3,0,0
2020-02,420,1,1,5,0,0
2020-02,420,2,0,1,0,0
2020-02,420,2,1,2,0,0
2020-02,430,1,0,1,0,0
2020-02,430,1,1,17,0,0
2020-02,430,2,0,1,0,0
2020-02,430,2,1,2,0,0
2020-02,440,1,0,6,0,0
2020-02,440,1,1,18,0,0
2020-02,440,2,0,1,0,0
2020-02,440,2,1,12,0,0
2020-02,450,1,0,3,0,0
2020-02,450,1,1,47,0,0
2020-02,450,2,0,2,0,0
2020-02,450,2,1,11,0,0
2020-02,460,1,0,12,0,0
2020-02,460,1,1,59,1,0
2020-02,460,2,0,2,0,0
2020-02,460,2,1,17,0,0
2020-02,470,1,0,11,0,0
2020-02,470,1,1,91,1,0
2020-02,470,2,0,6,0,0
2020-02,470,2,1,22,0,0
2020-02,480,1,0,31,0,0
2020-02,480,1,1,116,0,0
2020-02,480,2,0,4,0,0
2020-02,480,2,1,35,0,0
2020-02,490,1,0,35,0,0
2020-02,490,1,1,205,0,0
2020-02,490,2,0,9,0,0
2020-02,490,2,1,59,0,0
2020-02,500,1,0,40,0,0
2020-02,500,1,1,239,1,0
2020-02,500,2,0,15,0,0
2020-02,500,2,1,74,0,0
2020-02,510,1,0,52,0,0
2020-02,510,1,1,380,1,0
2020-02,510,2,0,15,0,0
2020-02,510,2,1,109,1,0
2020-02,520,1,0,82,0,0
2020-02,520,1,1,535,1,0
2020-02,520,2,0,16,0,0
2020-02,520,2,1,132,0,0
2020-02,530,1,0,123,0,0
2020-02,530,1,1,733,2,1
2020-02,530,2,0,21,0,0
2020-02,530,2,1,183,0,0
2020-02,540,1,0,161,0,0
2020-02,540,1,1,895,5,0
2020-02,540,2,0,49,0,0
2020-02,540,2,1,188,1,0
2020-02,550,1,0,231,2,2
2020-02,550,1,1,1171,2,1
2020-02,550,2,0,34,0,0
2020-02,550,2,1,253,2,1
2020-02,560,1,0,248,0,0
2020-02,560,1,1,1373,6,0
2020-02,560,2,0,44,0,0
2020-02,560,2,1,297,1,1
2020-02,570,1,0,326,0,0
2020-02,570,1,1,1736,7,1
2020-02,570,2,0,65,0,0
2020-02,570,2,1,388,1,0
2020-02,580,1,0,380,1,0
2020-02,580,1,1,1968,4,0
2020-02,580,2,0,66,0,0
2020-02,580,2,1,400,2,0
2020-02,590,1,0,464,0,0
2020-02,590,1,1,2464,7,1
2020-02,590,2,0,108,1,0
2020-02,590,2,1,529,0,0
2020-02,600,1,0,539,0,0
2020-02,600,1,1,2839,5,2
2020-02,600,2,0,101,0,0
2020-02,600,2,1,581,3,1
2020-02,610,1,0,668,0,0
2020-02,610,1,1,3430,7,0
2020-02,610,2,0,138,0,0
2020-02,610,2,1,705,1,0
2020-02,620,1,0,677,0,0
2020-02,620,1,1,3675,8,0
2020-02,620,2,0,187,1,0
2020-02,620,2,1,1054,1,0
2020-02,630,1,0,778,0,0
2020-02,630,1,1,4177,10,1
2020-02,630,2,0,225,1,1
2020-02,630,2,1,1202,2,0
2020-02,640,1,0,816,0,0
2020-02,640,1,1,4246,6,0
2020-02,640,2,0,185,0,0
2020-02,640,2,1,1214,1,0
2020-02,650,1,0,896,0,0
2020-02,650,1,1,5040,7,2
2020-02,650,2,0,236,0,0
2020-02,650,2,1,1422,2,0
2020-02,660,1,0,951,0,0
2020-02,660,1,1,4894,4,0
2020-02,660,2,0,250,1,0
2020-02,660,2,1,1392,1,0
2020-02,670,1,0,998,1,0
2020-02,670,1,1,5488,3,0
2020-02,670,2,0,282,0,0
2020-02,670,2,1,1527,1,0
2020-02,680,1,0,1016,2,1
2020-02,680,1,1,5243,8,0
2020-02,680,2,0,267,1,0
2020-02,680,2,1,1461,1,0
2020-02,690,1,0,1044,1,0
2020-02,690,1,1,5656,7,0
2020-02,690,2,0,265,0,0
2020-02,690,2,1,1508,0,0
2020-02,700,1,0,1057,0,0
2020-02,700,1,1,5541,3,0
2020-02,700,2,0,268,0,0
2020-02,700,2,1,1467,0,0
2020-02,710,1,0,1139,0,0
2020-02,710,1,1,5756,2,0
2020-02,710,2,0,260,0,0
2020-02,710,2,1,1538,1,0
2020-02,720,1,0,1102,0,0
2020-02,720,1,1,5676,4,1
2020-02,720,2,0,258,0,0
2020-02,720,2,1,1422,0,0
2020-02,730,1,0,1142,0,0
2020-02,730,1,1,6114,1,0
2020-02,730,2,0,287,0,0
2020-02,730,2,1,1418,0,0
2020-02,740,1,0,1117,0,0
2020-02,740,1,1,5845,1,0
2020-02,740,2,0,271,0,0
2020-02,740,2,1,1341,0,0
2020-02,750,1,0,1148,0,0
2020-02,750,1,1,6045,0,0
2020-02,750,2,0,260,0,0
2020-02,750,2,1,1254,1,0
2020-02,760,1,0,1160,0,0
2020-02,760,1,1,5904,0,0
2020-02,760,2,0,266,0,0
2020-02,760,2,1,1235,0,0
2020-02,770,1,0,1161,0,0
2020-02,770,1,1,6121,1,0
2020-02,770,2,0,247,0,0
2020-02,770,2,1,1178,0,0
2020-02,780,1,0,1255,0,0
2020-02,780,1,1,6082,0,0
2020-02,780,2,0,249,0,0
2020-02,780,2,1,1082,0,0
2020-02,790,1,0,1326,0,0
2020-02,790,1,1,6590,0,0
2020-02,790,2,0,239,0,0
2020-02,790,2,1,1077,0,0
2020-02,800,1,0,1335,0,0
2020-02,800,1,1,6824,1,0
2020-02,800,2,0,224,0,0
2020-02,800,2,1,1192,0,0
2020-02,810,1,0,1532,0,0
2020-02,810,1,1,7133,0,0
2020-02,810,2,0,239,0,0
2020-02,810,2,1,1142,0,0
2020-02,820,1,0,1532,0,0
2020-02,820,1,1,7480,0,0
2020-02,820,2,0,289,0,0
2020-02,820,2,1,1110,0,0
2020-02,830,1,0,1496,0,0
2020-02,830,1,1,7403,0,0
2020-02,830,2,0,258,0,0
2020-02,830,2,1,1141,0,0
2020-02,840,1,0,1374,0,0
2020-02,840,1,1,7133,0,0
2020-02,840,2,0,216,0,0
2020-02,840,2,1,995,0,0
2020-02,850,1,0,1360,0,0
2020-02,850,1,1,7021,0,0
2020-02,850,2,0,191,0,0
2020-02,850,2,1,966,0,0
2020-02,860,1,0,1115,0,0
2020-02,860,1,1,5571,0,0
2020-02,860,2,0,166,0,0
2020-02,860,2,1,706,0,0
2020-02,870,1,0,862,0,0
2020-02,870,1,1,4103,0,0
2020-02,870,2,0,129,0,0
2020-02,870,2,1,500,0,0
2020-02,880,1,0,435,0,0
2020-02,880,1,1,2312,0,0
2020-02,880,2,0,63,0,0
2020-02,880,2,1,300,0,0
2020-02,890,1,0,175,0,0
2020-02,890,1,1,916,0,0
2020-02,890,2,0,19,0,0
2020-02,890,2,1,110,0,0
2020-03,390,1,1,1,0,0
2020-03,400,1,1,2,0,0
2020-03,410,1,0,3,0,0
2020-03,410,1,1,7,0,0
2020-03,410,2,1,3,0,0
2020-03,420,1,1,5,0,0
2020-03,420,2,1,2,0,0
2020-03,430,1,0,1,0,0
2020-03,430,1,1,16,0,0
2020-03,430,2,0,1,0,0
2020-03,430,2,1,2,0,0
2020-03,440,1,0,6,0,0
2020-03,440,1,1,17,0,0
2020-03,440,2,0,1,0,0
2020-03,440,2,1,12,0,0
2020-03,450,1,0,3,0,0
2020-03,450,1,1,45,0,0
2020-03,450,2,0,2,0,0
2020-03,450,2,1,11,0,0
2020-03,460,1,0,12,0,0
2020-03,460,1,1,57,0,0
2020-03,460,2,0,2,0,0
2020-03,460,2,1,17,0,0
2020-03,470,1,0,11,0,0
2020-03,470,1,1,86,0,0
2020-03,470,2,0,6,0,0
2020-03,470,2,1,22,0,0
2020-03,480,1,0,31,0,0
2020-03,480,1,1,114,0,0
2020-03,480,2,0,3,0,0
2020-03,480,2,1,35,0,0
2020-03,490,1,0,30,0,0
2020-03,490,1,1,200,0,0
2020-03,490,2,0,9,0,0
2020-03,490,2,1,55,0,0
2020-03,500,1,0,39,0,0
2020-03,500,1,1,231,0,0
2020-03,500,2,0,15,0,0
2020-03,500,2,1,74,0,0
2020-03,510,1,0,52,0,0
2020-03,510,1,1,376,0,0
2020-03,510,2,0,15,0,0
2020-03,510,2,1,106,0,0
2020-03,520,1,0,81,0,0
2020-03,520,1,1,525,2,0
2020-03,520,2,0,15,0,0
2020-03,520,2,1,130,0,0
2020-03,530,1,0,122,0,0
2020-03,530,1,1,716,1,0
2020-03,530,2,0,21,0,0
2020-03,530,2,1,181,0,0
2020-03,540,1,0,156,1,0
2020-03,540,1,1,875,2,1
2020-03,540,2,0,48,0,0
2020-03,540,2,1,179,0,0
2020-03,550,1,0,228,1,0
2020-03,550,1,1,1148,3,0
2020-03,550,2,0,33,0,0
2020-03,550,2,1,241,0,0
2020-03,560,1,0,245,0,0
2020-03,560,1,1,1333,5,1
2020-03,560,2,0,44,0,0
2020-03,560,2,1,289,0,0
2020-03,570,1,0,321,0,0
2020-03,570,1,1,1697,5,0
2020-03,570,2,0,64,0,0
2020-03,570,2,1,377,1,0
2020-03,580,1,0,371,0,0
2020-03,580,1,1,1921,3,0
2020-03,580,2,0,65,0,0
2020-03,580,2,1,388,1,0
2020-03,590,1,0,453,1,0
2020-03,590,1,1,2403,1,0
2020-03,590,2,0,104,0,0
2020-03,590,2,1,524,1,0
2020-03,600,1,0,530,1,0
2020-03,600,1,1,2778,5,0
2020-03,600,2,0,101,1,0
2020-03,600,2,1,566,0,0
2020-03,610,1,0,659,3,0
2020-03,610,1,1,3364,7,2
2020-03,610,2,0,137,1,0
2020-03,610,2,1,692,2,0
2020-03,620,1,0,663,2,0
2020-03,620,1,1,3597,6,0
2020-03,620,2,0,181,1,0
2020-03,620,2,1,1030,1,0
2020-03,630,1,0,764,1,0
2020-03,630,1,1,4089,10,0
2020-03,630,2,0,219,1,0
2020-03,630,2,1,1178,3,0
2020-03,640,1,0,805,0,0
2020-03,640,1,1,4168,6,0
2020-03,640,2,0,177,0,0
2020-03,640,2,1,1187,4,1
2020-03,650,1,0,878,0,0
2020-03,650,1,1,4935,5,0
2020-03,650,2,0,229,0,0
2020-03,650,2,1,1378,2,0
2020-03,660,1,0,937,1,0
2020-03,660,1,1,4791,3,0
2020-03,660,2,0,245,0,0
2020-03,660,2,1,1351,0,0
2020-03,670,1,0,984,1,0
2020-03,670,1,1,5375,2,0
2020-03,670,2,0,276,0,0
2020-03,670,2,1,1492,0,0
2020-03,680,1,0,995,0,0
2020-03,680,1,1,5152,4,0
2020-03,680,2,0,259,0,0
2020-03,680,2,1,1435,1,0
2020-03,690,1,0,1026,1,0
2020-03,690,1,1,5548,2,0
2020-03,690,2,0,262,0,0
2020-03,690,2,1,1470,0,0
2020-03,700,1,0,1033,0,0
2020-03,700,1,1,5436,0,0
2020-03,700,2,0,266,0,0
2020-03,700,2,1,1437,0,0
2020-03,710,1,0,1120,0,0
2020-03,710,1,1,5655,2,0
2020-03,710,2,0,257,0,0
2020-03,710,2,1,1502,1,0
2020-03,720,1,0,1086,1,0
2020-03,720,1,1,5560,1,0
2020-03,720,2,0,254,0,0
2020-03,720,2,1,1380,2,0
2020-03,730,1,0,1119,0,0
2020-03,730,1,1,5992,1,1
2020-03,730,2,0,283,0,0
2020-03,730,2,1,1392,0,0
2020-03,740,1,0,1086,0,0
2020-03,740,1,1,5749,0,0
2020-03,740,2,0,264,0,0
2020-03,740,2,1,1308,0,0
2020-03,750,1,0,1128,0,0
2020-03,750,1,1,5930,1,0
2020-03,750,2,0,257,0,0
2020-03,750,2,1,1224,0,0
2020-03,760,1,0,1128,0,0
2020-03,760,1,1,5788,0,0
2020-03,760,2,0,262,0,0
2020-03,760,2,1,1203,0,0
2020-03,770,1,0,1131,0,0
2020-03,770,1,1,6027,1,0
2020-03,770,2,0,244,0,0
2020-03,770,2,1,1160,1,0
2020-03,780,1,0,1225,1,0
2020-03,780,1,1,5958,0,0
2020-03,780,2,0,244,0,0
2020-03,780,2,1,1064,0,0
2020-03,790,1,0,1293,0,0
2020-03,790,1,1,6484,0,0
2020-03,790,2,0,232,0,0
2020-03,790,2,1,1053,0,0
2020-03,800,1,0,1298,0,0
2020-03,800,1,1,6665,1,0
2020-03,800,2,0,218,0,0
2020-03,800,2,1,1159,0,0
2020-03,810,1,0,1481,0,0
2020-03,810,1,1,7010,0,0
2020-03,810,2,0,230,0,0
2020-03,810,2,1,1118,0,0
2020-03,820,1,0,1492,0,0
2020-03,820,1,1,7329,0,0
2020-03,820,2,0,283,0,0
2020-03,820,2,1,1072,0,0
2020-03,830,1,0,1467,0,0
2020-03,830,1,1,7265,0,0
2020-03,830,2,0,254,0,0
2020-03,830,2,1,1119,1,0
2020-03,840,1,0,1340,0,0
2020-03,840,1,1,7009,1,0
2020-03,840,2,0,215,0,0
2020-03,840,2,1,973,0,0
2020-03,850,1,0,1334,0,0
2020-03,850,1,1,6923,0,0
2020-03,850,2,0,190,0,0
2020-03,850,2,1,940,0,0
2020-03,860,1,0,1086,0,0
2020-03,860,1,1,5474,0,0
2020-03,860,2,0,161,0,0
2020-03,860,2,1,687,0,0
2020-03,870,1,0,844,0,0
2020-03,870,1,1,4033,0,0
2020-03,870,2,0,128,0,0
2020-03,870,2,1,482,0,0
2020-03,880,1,0,429,0,0
2020-03,880,1,1,2271,0,0
2020-03,880,2,0,59,0,0
2020-03,880,2,1,293,0,0
2020-03,890,1,0,172,0,0
2020-03,890,1,1,897,0,0
2020-03,890,2,0,18,0,0
2020-03,890,2,1,106,0,0
2020-04,380,2,0,1,0,0
2020-04,390,1,1,1,0,0
2020-04,400,1,1,2,0,0
2020-04,410,1,1,10,0,0
2020-04,410,2,1,3,0,0
2020-04,420,1,1,5,0,0
2020-04,420,2,1,2,0,0
2020-04,430,1,0,1,0,0
2020-04,430,1,1,15,0,0
2020-04,430,2,1,3,0,0
2020-04,440,1,0,1,0,0
2020-04,440,1,1,22,0,0
2020-04,440,2,0,1,0,0
2020-04,440,2,1,12,0,0
2020-04,450,1,0,2,0,0
2020-04,450,1,1,47,0,0
2020-04,450,2,0,1,0,0
2020-04,450,2,1,13,0,0
2020-04,460,1,0,5,0,0
2020-04,460,1,1,67,0,0
2020-04,460,2,0,1,0,0
2020-04,460,2,1,19,0,0
2020-04,470,1,0,12,0,0
2020-04,470,1,1,94,0,0
2020-04,470,2,0,4,0,0
2020-04,470,2,1,28,0,0
2020-04,480,1,0,6,0,0
2020-04,480,1,1,142,0,0
2020-04,480,2,0,4,0,0
2020-04,480,2,1,38,0,0
2020-04,490,1,0,19,0,0
2020-04,490,1,1,223,0,0
2020-04,490,2,0,4,0,0
2020-04,490,2,1,62,0,0
2020-04,500,1,0,18,0,0
2020-04,500,1,1,264,0,0
2020-04,500,2,0,10,0,0
2020-04,500,2,1,89,0,0
2020-04,510,1,0,33,0,0
2020-04,510,1,1,417,1,0
2020-04,510,2,0,11,0,0
2020-04,510,2,1,120,0,0
2020-04,520,1,0,54,0,0
2020-04,520,1,1,585,0,0
2020-04,520,2,0,10,0,0
2020-04,520,2,1,140,0,0
2020-04,530,1,0,78,0,0
2020-04,530,1,1,819,1,0
2020-04,530,2,0,17,0,0
2020-04,530,2,1,199,0,0
2020-04,540,1,0,94,0,0
2020-04,540,1,1,1003,2,0
2020-04,540,2,0,27,0,0
2020-04,540,2,1,224,0,0
2020-04,550,1,0,128,0,0
2020-04,550,1,1,1328,1,0
2020-04,550,2,0,21,0,0
2020-04,550,2,1,266,0,0
2020-04,560,1,0,160,0,0
2020-04,560,1,1,1526,1,0
2020-04,560,2,0,38,0,0
2020-04,560,2,1,326,0,0
2020-04,570,1,0,196,0,0
2020-04,570,1,1,1968,1,0
2020-04,570,2,0,47,0,0
2020-04,570,2,1,432,0,0
2020-04,580,1,0,210,0,0
2020-04,580,1,1,2241,1,0
2020-04,580,2,0,54,0,0
2020-04,580,2,1,443,0,0
2020-04,590,1,0,269,1,0
2020-04,590,1,1,2784,3,0
2020-04,590,2,0,60,0,0
2020-04,590,2,1,617,0,0
2020-04,600,1,0,345,0,0
2020-04,600,1,1,3225,2,0
2020-04,600,2,0,91,0,0
2020-04,600,2,1,650,0,0
2020-04,610,1,0,369,0,0
2020-04,610,1,1,3929,9,0
2020-04,610,2,0,96,0,0
2020-04,610,2,1,804,0,0
2020-04,620,1,0,423,0,0
2020-04,620,1,1,4145,3,0
2020-04,620,2,0,151,0,0
2020-04,620,2,1,1189,1,0
2020-04,630,1,0,477,0,0
2020-04,630,1,1,4742,5,0
2020-04,630,2,0,149,0,0
2020-04,630,2,1,1360,0,0
2020-04,640,1,0,466,0,0
2020-04,640,1,1,4858,2,0
2020-04,640,2,0,151,0,0
2020-04,640,2,1,1337,0,0
2020-04,650,1,0,532,0,0
2020-04,650,1,1,5713,3,0
2020-04,650,2,0,187,0,0
2020-04,650,2,1,1579,2,0
2020-04,660,1,0,538,0,0
2020-04,660,1,1,5608,2,0
2020-04,660,2,0,179,0,0
2020-04,660,2,1,1566,2,0
2020-04,670,1,0,638,0,0
2020-04,670,1,1,6226,2,0
2020-04,670,2,0,198,0,0
2020-04,670,2,1,1730,2,0
2020-04,680,1,0,598,0,0
2020-04,680,1,1,6018,3,0
2020-04,680,2,0,190,0,0
2020-04,680,2,1,1660,0,0
2020-04,690,1,0,740,0,0
2020-04,690,1,1,6426,0,0
2020-04,690,2,0,193,1,0
2020-04,690,2,1,1687,1,0
2020-04,700,1,0,642,0,0
2020-04,700,1,1,6340,2,0
2020-04,700,2,0,206,0,0
2020-04,700,2,1,1667,0,0
2020-04,710,1,0,729,0,0
2020-04,710,1,1,6632,3,0
2020-04,710,2,0,204,0,0
2020-04,710,2,1,1736,0,0
2020-04,720,1,0,792,0,0
2020-04,720,1,1,6507,2,0
2020-04,720,2,0,198,0,0
2020-04,720,2,1,1592,0,0
2020-04,730,1,0,849,0,0
2020-04,730,1,1,6968,2,0
2020-04,730,2,0,225,0,0
2020-04,730,2,1,1637,0,0
2020-04,740,1,0,787,0,0
2020-04,740,1,1,6716,0,0
2020-04,740,2,0,207,0,0
2020-04,740,2,1,1540,1,0
2020-04,750,1,0,823,0,0
2020-04,750,1,1,6888,0,0
2020-04,750,2,0,202,0,0
2020-04,750,2,1,1445,0,0
2020-04,760,1,0,794,0,0
2020-04,760,1,1,6770,0,0
2020-04,760,2,0,189,0,0
2020-04,760,2,1,1432,0,0
2020-04,770,1,0,836,0,0
2020-04,770,1,1,6973,0,0
2020-04,770,2,0,165,0,0
2020-04,770,2,1,1376,0,0
2020-04,780,1,0,819,0,0
2020-04,780,1,1,7023,0,0
2020-04,780,2,0,199,0,0
2020-04,780,2,1,1280,1,0
2020-04,790,1,0,927,0,0
2020-04,790,1,1,7610,0,0
2020-04,790,2,0,157,0,0
2020-04,790,2,1,1260,0,0
2020-04,800,1,0,1020,0,0
2020-04,800,1,1,7777,2,0
2020-04,800,2,0,193,0,0
2020-04,800,2,1,1348,0,0
2020-04,810,1,0,1127,0,0
2020-04,810,1,1,8266,0,0
2020-04,810,2,0,183,0,0
2020-04,810,2,1,1316,0,0
2020-04,820,1,0,1081,0,0
2020-04,820,1,1,8606,0,0
2020-04,820,2,0,205,0,0
2020-04,820,2,1,1321,0,0
2020-04,830,1,0,1025,0,0
2020-04,830,1,1,8534,0,0
2020-04,830,2,0,209,0,0
2020-04,830,2,1,1335,0,0
2020-04,840,1,0,943,0,0
2020-04,840,1,1,8157,0,0
2020-04,840,2,0,161,0,0
2020-04,840,2,1,1155,0,0
2020-04,850,1,0,986,0,0
2020-04,850,1,1,8084,0,0
2020-04,850,2,0,167,0,0
2020-04,850,2,1,1105,0,0
2020-04,860,1,0,788,0,0
2020-04,860,1,1,6420,0,0
2020-04,860,2,0,133,0,0
2020-04,860,2,1,831,0,0
2020-04,870,1,0,578,0,0
2020-04,870,1,1,4793,0,0
2020-04,870,2,0,83,0,0
2020-04,870,2,1,590,0,0
2020-04,880,1,0,317,0,0
2020-04,880,1,1,2665,0,0
2020-04,880,2,0,35,0,0
2020-04,880,2,1,340,0,0
2020-04,890,1,0,129,0,0
2020-04,890,1,1,1049,0,0
2020-04,890,2,0,12,0,0
2020-04,890,2,1,122,0,0
2020-05,380,2,0,1,0,0
2020-05,390,1,1,1,0,0
2020-05,400,1,1,2,0,0
2020-05,410,1,1,9,1,0
2020-05,410,2,1,3,0,0
2020-05,420,1,1,5,0,0
2020-05,420,2,1,2,0,0
2020-05,430,1,0,1,0,0
2020-05,430,1,1,15,0,0
2020-05,430,2,1,3,0,0
2020-05,440,1,0,1,0,0
2020-05,440,1,1,22,0,0
2020-05,440,2,1,12,0,0
2020-05,450,1,0,2,0,0
2020-05,450,1,1,47,0,0
2020-05,450,2,0,1,0,0
2020-05,450,2,1,13,0,0
2020-05,460,1,0,5,0,0
2020-05,460,1,1,66,0,0
2020-05,460,2,0,1,0,0
2020-05,460,2,1,19,0,0
2020-05,470,1,0,12,0,0
2020-05,470,1,1,92,0,0
2020-05,470,2,0,4,0,0
2020-05,470,2,1,28,0,0
2020-05,480,1,0,6,0,0
2020-05,480,1,1,140,0,0
2020-05,480,2,0,4,0,0
2020-05,480,2,1,38,0,0
2020-05,490,1,0,19,0,0
2020-05,490,1,1,218,0,0
2020-05,490,2,0,4,0,0
2020-05,490,2,1,62,0,0
2020-05,500,1,0,18,0,0
2020-05,500,1,1,258,0,0
2020-05,500,2,0,10,0,0
2020-05,500,2,1,88,0,0
2020-05,510,1,0,33,0,0
2020-05,510,1,1,408,0,0
2020-05,510,2,0,11,0,0
2020-05,510,2,1,117,2,0
2020-05,520,1,0,54,0,0
2020-05,520,1,1,578,1,0
2020-05,520,2,0,10,0,0
2020-05,520,2,1,139,0,0
2020-05,530,1,0,78,0,0
2020-05,530,1,1,797,0,0
2020-05,530,2,0,17,0,0
2020-05,530,2,1,192,2,0
2020-05,540,1,0,94,0,0
2020-05,540,1,1,983,0,0
2020-05,540,2,0,27,0,0
2020-05,540,2,1,216,0,0
2020-05,550,1,0,127,0,0
2020-05,550,1,1,1294,2,0
2020-05,550,2,0,20,0,0
2020-05,550,2,1,263,0,0
2020-05,560,1,0,158,0,0
2020-05,560,1,1,1493,1,0
2020-05,560,2,0,38,0,0
2020-05,560,2,1,321,1,0
2020-05,570,1,0,193,0,0
2020-05,570,1,1,1932,1,0
2020-05,570,2,0,47,0,0
2020-05,570,2,1,422,2,0
2020-05,580,1,0,205,0,0
2020-05,580,1,1,2194,1,0
2020-05,580,2,0,54,0,0
2020-05,580,2,1,435,0,0
2020-05,590,1,0,266,0,0
2020-05,590,1,1,2715,2,0
2020-05,590,2,0,60,0,0
2020-05,590,2,1,605,1,0
2020-05,600,1,0,344,1,0
2020-05,600,1,1,3155,6,0
2020-05,600,2,0,89,0,0
2020-05,600,2,1,638,1,0
2020-05,610,1,0,362,0,0
2020-05,610,1,1,3854,2,0
2020-05,610,2,0,96,0,0
2020-05,610,2,1,796,1,0
2020-05,620,1,0,418,0,0
2020-05,620,1,1,4042,2,0
2020-05,620,2,0,148,0,0
2020-05,620,2,1,1159,1,0
2020-05,630,1,0,467,0,0
2020-05,630,1,1,4600,4,0
2020-05,630,2,0,147,0,0
2020-05,630,2,1,1323,4,0
2020-05,640,1,0,461,1,0
2020-05,640,1,1,4755,5,0
2020-05,640,2,0,149,0,0
2020-05,640,2,1,1308,1,0
2020-05,650,1,0,524,1,0
2020-05,650,1,1,5586,5,0
2020-05,650,2,0,185,0,0
2020-05,650,2,1,1547,0,0
2020-05,660,1,0,534,0,0
2020-05,660,1,1,5462,3,0
2020-05,660,2,0,178,0,0
2020-05,660,2,1,1532,1,0
2020-05,670,1,0,632,0,0
2020-05,670,1,1,6094,4,1
2020-05,670,2,0,193,0,0
2020-05,670,2,1,1701,2,0
2020-05,680,1,0,586,0,0
2020-05,680,1,1,5898,4,0
2020-05,680,2,0,188,0,0
2020-05,680,2,1,1627,1,0
2020-05,690,1,0,731,0,0
2020-05,690,1,1,6295,1,0
2020-05,690,2,0,189,0,0
2020-05,690,2,1,1656,0,0
2020-05,700,1,0,631,0,0
2020-05,700,1,1,6180,1,0
2020-05,700,2,0,205,0,0
2020-05,700,2,1,1634,1,0
2020-05,710,1,0,708,0,0
2020-05,710,1,1,6481,5,0
2020-05,710,2,0,199,0,0
2020-05,710,2,1,1704,0,0
2020-05,720,1,0,777,0,0
2020-05,720,1,1,6364,4,0
2020-05,720,2,0,196,0,0
2020-05,720,2,1,1562,0,0
2020-05,730,1,0,827,0,0
2020-05,730,1,1,6818,2,0
2020-05,730,2,0,223,0,0
2020-05,730,2,1,1605,0,0
2020-05,740,1,0,769,0,0
2020-05,740,1,1,6578,1,0
2020-05,740,2,0,203,0,0
2020-05,740,2,1,1504,0,0
2020-05,750,1,0,805,0,0
2020-05,750,1,1,6741,1,0
2020-05,750,2,0,201,0,0
2020-05,750,2,1,1418,0,0
2020-05,760,1,0,786,0,0
2020-05,760,1,1,6642,1,0
2020-05,760,2,0,185,0,0
2020-05,760,2,1,1402,0,0
2020-05,770,1,0,818,0,0
2020-05,770,1,1,6811,2,0
2020-05,770,2,0,163,0,0
2020-05,770,2,1,1343,0,0
2020-05,780,1,0,791,0,0
2020-05,780,1,1,6886,2,0
2020-05,780,2,0,196,0,0
2020-05,780,2,1,1257,0,0
2020-05,790,1,0,898,0,0
2020-05,790,1,1,7456,0,0
2020-05,790,2,0,153,0,0
2020-05,790,2,1,1229,0,0
2020-05,800,1,0,999,0,0
2020-05,800,1,1,7612,0,0
2020-05,800,2,0,190,0,0
2020-05,800,2,1,1327,0,0
2020-05,810,1,0,1094,0,0
2020-05,810,1,1,8098,0,0
2020-05,810,2,0,180,0,0
2020-05,810,2,1,1292,0,0
2020-05,820,1,0,1046,0,0
2020-05,820,1,1,8384,0,0
2020-05,820,2,0,202,0,0
2020-05,820,2,1,1283,0,0
2020-05,830,1,0,1001,0,0
2020-05,830,1,1,8371,0,0
2020-05,830,2,0,204,0,0
2020-05,830,2,1,1306,0,0
2020-05,840,1,0,914,0,0
2020-05,840,1,1,7971,0,0
2020-05,840,2,0,160,0,0
2020-05,840,2,1,1125,0,0
2020-05,850,1,0,955,0,0
2020-05,850,1,1,7919,1,1
2020-05,850,2,0,164,0,0
2020-05,850,2,1,1081,0,0
2020-05,860,1,0,764,0,0
2020-05,860,1,1,6309,0,0
2020-05,860,2,0,133,0,0
2020-05,860,2,1,813,0,0
2020-05,870,1,0,564,0,0
2020-05,870,1,1,4710,0,0
2020-05,870,2,0,82,0,0
2020-05,870,2,1,581,0,0
2020-05,880,1,0,307,0,0
2020-05,880,1,1,2607,0,0
2020-05,880,2,0,34,0,0
2020-05,880,2,1,330,0,0
2020-05,890,1,0,126,0,0
2020-05,890,1,1,1032,0,0
2020-05,890,2,0,12,0,0
2020-05,890,2,1,120,0,0
2020-06,380,2,0,1,0,0
2020-06,390,1,1,1,0,0
2020-06,400,1,1,2,0,0
2020-06,410,1,1,8,0,0
2020-06,410,2,1,3,0,0
2020-06,420,1,1,5,0,0
2020-06,420,2,1,2,0,0
2020-06,430,1,0,1,0,0
2020-06,430,1,1,15,0,0
2020-06,430,2,1,3,0,0
2020-06,440,1,0,1,0,0
2020-06,440,1,1,22,0,0
2020-06,440,2,1,12,0,0
2020-06,450,1,0,2,0,0
2020-06,450,1,1,44,0,0
2020-06,450,2,0,1,0,0
2020-06,450,2,1,13,0,0
2020-06,460,1,0,5,0,0
2020-06,460,1,1,63,0,0
2020-06,460,2,0,1,0,0
2020-06,460,2,1,19,0,0
2020-06,470,1,0,11,0,0
2020-06,470,1,1,92,0,0
2020-06,470,2,0,4,0,0
2020-06,470,2,1,26,1,0
2020-06,480,1,0,6,0,0
2020-06,480,1,1,139,0,0
2020-06,480,2,0,4,0,0
2020-06,480,2,1,38,0,0
2020-06,490,1,0,17,0,0
2020-06,490,1,1,214,0,0
2020-06,490,2,0,4,0,0
2020-06,490,2,1,62,0,0
2020-06,500,1,0,18,0,0
2020-06,500,1,1,254,1,1
2020-06,500,2,0,10,0,0
2020-06,500,2,1,87,0,0
2020-06,510,1,0,33,0,0
2020-06,510,1,1,402,0,0
2020-06,510,2,0,10,0,0
2020-06,510,2,1,111,0,0
2020-06,520,1,0,54,0,0
2020-06,520,1,1,564,3,0
2020-06,520,2,0,10,0,0
2020-06,520,2,1,137,0,0
2020-06,530,1,0,77,0,0
2020-06,530,1,1,784,1,1
2020-06,530,2,0,17,0,0
2020-06,530,2,1,185,1,0
2020-06,540,1,0,93,0,0
2020-06,540,1,1,967,0,0
2020-06,540,2,0,27,0,0
2020-06,540,2,1,213,2,0
2020-06,550,1,0,127,0,0
2020-06,550,1,1,1263,2,0
2020-06,550,2,0,20,0,0
2020-06,550,2,1,254,0,0
2020-06,560,1,0,155,0,0
2020-06,560,1,1,1462,4,1
2020-06,560,2,0,37,0,0
2020-06,560,2,1,316,1,0
2020-06,570,1,0,190,0,0
2020-06,570,1,1,1890,5,1
2020-06,570,2,0,47,0,0
2020-06,570,2,1,409,1,1
2020-06,580,1,0,202,0,0
2020-06,580,1,1,2147,3,0
2020-06,580,2,0,51,0,0
2020-06,580,2,1,421,0,0
2020-06,590,1,0,263,0,0
2020-06,590,1,1,2652,4,0
2020-06,590,2,0,59,0,0
2020-06,590,2,1,589,0,0
2020-06,600,1,0,337,1,0
2020-06,600,1,1,3092,4,0
2020-06,600,2,0,89,0,0
2020-06,600,2,1,619,0,0
2020-06,610,1,0,360,0,0
2020-06,610,1,1,3766,12,2
2020-06,610,2,0,94,0,0
2020-06,610,2,1,782,1,0
2020-06,620,1,0,415,0,0
2020-06,620,1,1,3950,9,4
2020-06,620,2,0,145,0,0
2020-06,620,2,1,1132,0,0
2020-06,630,1,0,461,0,0
2020-06,630,1,1,4479,7,0
2020-06,630,2,0,145,0,0
2020-06,630,2,1,1282,2,0
2020-06,640,1,0,448,0,0
2020-06,640,1,1,4645,9,0
2020-06,640,2,0,146,0,0
2020-06,640,2,1,1277,1,0
2020-06,650,1,0,512,0,0
2020-06,650,1,1,5440,7,0
2020-06,650,2,0,183,0,0
2020-06,650,2,1,1517,1,0
2020-06,660,1,0,523,0,0
2020-06,660,1,1,5323,5,1
2020-06,660,2,0,171,0,0
2020-06,660,2,1,1487,0,0
2020-06,670,1,0,618,1,0
2020-06,670,1,1,5957,8,0
2020-06,670,2,0,191,0,0
2020-06,670,2,1,1653,0,0
2020-06,680,1,0,574,0,0
2020-06,680,1,1,5745,4,0
2020-06,680,2,0,187,0,0
2020-06,680,2,1,1590,1,0
2020-06,690,1,0,712,0,0
2020-06,690,1,1,6131,8,0
2020-06,690,2,0,185,0,0
2020-06,690,2,1,1627,1,0
2020-06,700,1,0,614,0,0
2020-06,700,1,1,6048,5,0
2020-06,700,2,0,202,0,0
2020-06,700,2,1,1599,0,0
2020-06,710,1,0,693,0,0
2020-06,710,1,1,6339,3,0
2020-06,710,2,0,193,0,0
2020-06,710,2,1,1668,0,0
2020-06,720,1,0,750,0,0
2020-06,720,1,1,6229,4,2
2020-06,720,2,0,189,0,0
2020-06,720,2,1,1531,1,0
2020-06,730,1,0,814,0,0
2020-06,730,1,1,6648,3,1
2020-06,730,2,0,214,0,0
2020-06,730,2,1,1570,0,0
2020-06,740,1,0,750,0,0
2020-06,740,1,1,6409,1,0
2020-06,740,2,0,200,0,0
2020-06,740,2,1,1465,0,0
2020-06,750,1,0,784,0,0
2020-06,750,1,1,6570,0,0
2020-06,750,2,0,196,0,0
2020-06,750,2,1,1387,0,0
2020-06,760,1,0,761,0,0
2020-06,760,1,1,6503,3,0
2020-06,760,2,0,184,0,0
2020-06,760,2,1,1370,0,0
2020-06,770,1,0,790,0,0
2020-06,770,1,1,6658,2,0
2020-06,770,2,0,163,0,0
2020-06,770,2,1,1302,1,0
2020-06,780,1,0,770,0,0
2020-06,780,1,1,6733,0,0
2020-06,780,2,0,194,0,0
2020-06,780,2,1,1227,0,0
2020-06,790,1,0,871,0,0
2020-06,790,1,1,7281,2,0
2020-06,790,2,0,150,0,0
2020-06,790,2,1,1203,1,0
2020-06,800,1,0,971,0,0
2020-06,800,1,1,7449,0,0
2020-06,800,2,0,183,0,0
2020-06,800,2,1,1288,0,0
2020-06,810,1,0,1075,0,0
2020-06,810,1,1,7892,2,1
2020-06,810,2,0,175,0,0
2020-06,810,2,1,1244,0,0
2020-06,820,1,0,1015,0,0
2020-06,820,1,1,8180,0,0
2020-06,820,2,0,199,0,0
2020-06,820,2,1,1246,1,0
2020-06,830,1,0,977,0,0
2020-06,830,1,1,8192,0,0
2020-06,830,2,0,200,0,0
2020-06,830,2,1,1269,0,0
2020-06,840,1,0,885,0,0
2020-06,840,1,1,7799,0,0
2020-06,840,2,0,154,0,0
2020-06,840,2,1,1100,0,0
2020-06,850,1,0,922,0,0
2020-06,850,1,1,7761,0,0
2020-06,850,2,0,158,0,0
2020-06,850,2,1,1047,0,0
2020-06,860,1,0,740,0,0
2020-06,860,1,1,6159,1,0
2020-06,860,2,0,129,0,0
2020-06,860,2,1,798,0,0
2020-06,870,1,0,548,0,0
2020-06,870,1,1,4606,0,0
2020-06,870,2,0,80,0,0
2020-06,870,2,1,566,0,0
2020-06,880,1,0,300,0,0
2020-06,880,1,1,2552,1,0
2020-06,880,2,0,34,0,0
2020-06,880,2,1,320,0,0
2020-06,890,1,0,125,0,0
2020-06,890,1,1,1012,0,0
2020-06,890,2,0,12,0,0
2020-06,890,2,1,120,0,0
2020-07,380,2,0,1,0,0
2020-07,390,1,0,1,0,0
2020-07,390,1,1,1,0,0
2020-07,400,1,1,2,0,0
2020-07,410,1,1,8,0,0
2020-07,410,2,0,3,0,0
2020-07,410,2,1,3,0,0
2020-07,420,1,0,1,0,0
2020-07,420,1,1,5,0,0
2020-07,420,2,1,2,0,0
2020-07,430,1,0,4,0,0
2020-07,430,1,1,15,0,0
2020-07,430,2,1,3,0,0
2020-07,440,1,0,4,0,0
2020-07,440,1,1,22,0,0
2020-07,440,2,0,2,0,0
2020-07,440,2,1,12,0,0
2020-07,450,1,0,10,0,0
2020-07,450,1,1,44,0,0
2020-07,450,2,0,3,0,0
2020-07,450,2,1,12,0,0
2020-07,460,1,0,10,0,0
2020-07,460,1,1,63,0,0
2020-07,460,2,0,1,0,0
2020-07,460,2,1,18,0,0
2020-07,470,1,0,28,0,0
2020-07,470,1,1,88,0,0
2020-07,470,2,0,13,0,0
2020-07,470,2,1,23,0,0
2020-07,480,1,0,34,0,0
2020-07,480,1,1,137,0,0
2020-07,480,2,0,12,0,0
2020-07,480,2,1,36,0,0
2020-07,490,1,0,49,0,0
2020-07,490,1,1,205,1,0
2020-07,490,2,0,16,0,0
2020-07,490,2,1,59,0,0
2020-07,500,1,0,60,0,0
2020-07,500,1,1,242,1,0
2020-07,500,2,0,31,0,0
2020-07,500,2,1,85,0,0
2020-07,510,1,0,125,0,0
2020-07,510,1,1,391,2,2
2020-07,510,2,0,38,0,0
2020-07,510,2,1,110,0,0
2020-07,520,1,0,189,0,0
2020-07,520,1,1,549,2,2
2020-07,520,2,0,38,0,0
2020-07,520,2,1,135,0,0
2020-07,530,1,0,237,0,0
2020-07,530,1,1,761,3,0
2020-07,530,2,0,64,1,1
2020-07,530,2,1,180,0,0
2020-07,540,1,0,308,1,0
2020-07,540,1,1,946,5,0
2020-07,540,2,0,79,0,0
2020-07,540,2,1,208,1,0
2020-07,550,1,0,437,1,0
2020-07,550,1,1,1228,1,0
2020-07,550,2,0,82,0,0
2020-07,550,2,1,246,0,0
2020-07,560,1,0,528,0,0
2020-07,560,1,1,1440,5,0
2020-07,560,2,0,108,0,0
2020-07,560,2,1,311,0,0
2020-07,570,1,0,663,0,0
2020-07,570,1,1,1842,2,1
2020-07,570,2,0,152,0,0
2020-07,570,2,1,394,1,1
2020-07,580,1,0,696,1,1
2020-07,580,1,1,2099,9,1
2020-07,580,2,0,154,0,0
2020-07,580,2,1,407,0,0
2020-07,590,1,0,911,0,0
2020-07,590,1,1,2585,6,1
2020-07,590,2,0,235,0,0
2020-07,590,2,1,572,1,1
2020-07,600,1,0,1117,2,0
2020-07,600,1,1,3017,3,0
2020-07,600,2,0,275,0,0
2020-07,600,2,1,601,0,0
2020-07,610,1,0,1222,2,0
2020-07,610,1,1,3681,8,3
2020-07,610,2,0,329,0,0
2020-07,610,2,1,760,2,1
2020-07,620,1,0,1297,1,0
2020-07,620,1,1,3857,14,3
2020-07,620,2,0,456,1,0
2020-07,620,2,1,1114,2,2
2020-07,630,1,0,1443,0,0
2020-07,630,1,1,4370,10,0
2020-07,630,2,0,528,0,0
2020-07,630,2,1,1253,2,0
2020-07,640,1,0,1517,0,0
2020-07,640,1,1,4535,7,1
2020-07,640,2,0,514,1,0
2020-07,640,2,1,1254,2,0
2020-07,650,1,0,1666,1,0
2020-07,650,1,1,5317,4,1
2020-07,650,2,0,643,0,0
2020-07,650,2,1,1477,2,1
2020-07,660,1,0,1827,0,0
2020-07,660,1,1,5206,6,2
2020-07,660,2,0,552,0,0
2020-07,660,2,1,1456,0,0
2020-07,670,1,0,1950,0,0
2020-07,670,1,1,5814,4,0
2020-07,670,2,0,580,0,0
2020-07,670,2,1,1608,2,1
2020-07,680,1,0,1930,2,0
2020-07,680,1,1,5621,6,1
2020-07,680,2,0,561,0,0
2020-07,680,2,1,1550,2,0
2020-07,690,1,0,2138,0,0
2020-07,690,1,1,5943,4,1
2020-07,690,2,0,643,0,0
2020-07,690,2,1,1595,0,0
2020-07,700,1,0,2103,0,0
2020-07,700,1,1,5881,6,0
2020-07,700,2,0,615,0,0
2020-07,700,2,1,1553,0,0
2020-07,710,1,0,2275,1,0
2020-07,710,1,1,6187,4,0
2020-07,710,2,0,647,0,0
2020-07,710,2,1,1638,0,0
2020-07,720,1,0,2399,0,0
2020-07,720,1,1,6078,3,1
2020-07,720,2,0,611,0,0
2020-07,720,2,1,1489,2,0
2020-07,730,1,0,2478,0,0
2020-07,730,1,1,6463,0,0
2020-07,730,2,0,690,1,0
2020-07,730,2,1,1533,0,0
2020-07,740,1,0,2556,0,0
2020-07,740,1,1,6276,2,0
2020-07,740,2,0,638,0,0
2020-07,740,2,1,1431,0,0
2020-07,750,1,0,2583,0,0
2020-07,750,1,1,6402,2,0
2020-07,750,2,0,623,0,0
2020-07,750,2,1,1357,0,0
2020-07,760,1,0,2616,0,0
2020-07,760,1,1,6337,1,0
2020-07,760,2,0,589,0,0
2020-07,760,2,1,1330,0,0
2020-07,770,1,0,2710,0,0
2020-07,770,1,1,6496,1,0
2020-07,770,2,0,545,0,0
2020-07,770,2,1,1262,0,0
2020-07,780,1,0,2854,0,0
2020-07,780,1,1,6561,1,0
2020-07,780,2,0,612,0,0
2020-07,780,2,1,1193,0,0
2020-07,790,1,0,3029,0,0
2020-07,790,1,1,7091,0,0
2020-07,790,2,0,525,0,0
2020-07,790,2,1,1173,0,0
2020-07,800,1,0,3285,0,0
2020-07,800,1,1,7266,1,1
2020-07,800,2,0,581,0,0
2020-07,800,2,1,1246,1,0
2020-07,810,1,0,3538,0,0
2020-07,810,1,1,7692,0,0
2020-07,810,2,0,601,0,0
2020-07,810,2,1,1212,0,0
2020-07,820,1,0,3523,0,0
2020-07,820,1,1,7977,0,0
2020-07,820,2,0,613,0,0
2020-07,820,2,1,1201,0,0
2020-07,830,1,0,3513,1,0
2020-07,830,1,1,7989,0,0
2020-07,830,2,0,612,0,0
2020-07,830,2,1,1243,0,0
2020-07,840,1,0,3213,0,0
2020-07,840,1,1,7596,0,0
2020-07,840,2,0,524,0,0
2020-07,840,2,1,1063,1,0
2020-07,850,1,0,3254,0,0
2020-07,850,1,1,7566,0,0
2020-07,850,2,0,515,0,0
2020-07,850,2,1,1026,0,0
2020-07,860,1,0,2500,0,0
2020-07,860,1,1,6004,0,0
2020-07,860,2,0,419,0,0
2020-07,860,2,1,771,0,0
2020-07,870,1,0,1891,0,0
2020-07,870,1,1,4516,0,0
2020-07,870,2,0,271,0,0
2020-07,870,2,1,553,0,0
2020-07,880,1,0,1090,0,0
2020-07,880,1,1,2486,0,0
2020-07,880,2,0,142,0,0
2020-07,880,2,1,312,0,0
2020-07,890,1,0,415,0,0
2020-07,890,1,1,989,0,0
2020-07,890,2,0,53,0,0
2020-07,890,2,1,115,0,0
2020-08,380,2,0,1,0,0
2020-08,390,1,0,1,0,0
2020-08,390,1,1,1,0,0
2020-08,400,1,1,2,0,0
2020-08,410,1,1,8,0,0
2020-08,410,2,0,3,0,0
2020-08,410,2,1,3,0,0
2020-08,420,1,0,1,0,0
2020-08,420,1,1,5,0,0
2020-08,420,2,1,2,0,0
2020-08,430,1,0,4,0,0
2020-08,430,1,1,13,0,0
2020-08,430,2,1,2,0,0
2020-08,440,1,0,4,0,0
2020-08,440,1,1,22,0,0
2020-08,440,2,0,2,0,0
2020-08,440,2,1,12,0,0
2020-08,450,1,0,10,0,0
2020-08,450,1,1,42,0,0
2020-08,450,2,0,3,0,0
2020-08,450,2,1,12,0,0
2020-08,460,1,0,10,0,0
2020-08,460,1,1,61,0,0
2020-08,460,2,0,1,0,0
2020-08,460,2,1,17,0,0
2020-08,470,1,0,28,0,0
2020-08,470,1,1,87,0,0
2020-08,470,2,0,13,0,0
2020-08,470,2,1,23,0,0
2020-08,480,1,0,30,0,0
2020-08,480,1,1,133,1,1
2020-08,480,2,0,12,0,0
2020-08,480,2,1,33,0,0
2020-08,490,1,0,47,0,0
2020-08,490,1,1,201,0,0
2020-08,490,2,0,15,0,0
2020-08,490,2,1,59,0,0
2020-08,500,1,0,60,0,0
2020-08,500,1,1,233,0,0
2020-08,500,2,0,31,0,0
2020-08,500,2,1,84,0,0
2020-08,510,1,0,122,0,0
2020-08,510,1,1,375,2,1
2020-08,510,2,0,37,0,0
2020-08,510,2,1,109,0,0
2020-08,520,1,0,184,0,0
2020-08,520,1,1,535,1,0
2020-08,520,2,0,35,0,0
2020-08,520,2,1,129,0,0
2020-08,530,1,0,234,0,0
2020-08,530,1,1,739,6,0
2020-08,530,2,0,62,0,0
2020-08,530,2,1,177,0,0
2020-08,540,1,0,299,0,0
2020-08,540,1,1,919,3,0
2020-08,540,2,0,78,0,0
2020-08,540,2,1,204,0,0
2020-08,550,1,0,426,1,0
2020-08,550,1,1,1199,2,0
2020-08,550,2,0,81,0,0
2020-08,550,2,1,239,0,0
2020-08,560,1,0,522,0,0
2020-08,560,1,1,1387,2,0
2020-08,560,2,0,108,0,0
2020-08,560,2,1,304,1,1
2020-08,570,1,0,652,1,1
2020-08,570,1,1,1788,6,1
2020-08,570,2,0,150,0,0
2020-08,570,2,1,380,1,0
2020-08,580,1,0,684,0,0
2020-08,580,1,1,2044,5,1
2020-08,580,2,0,152,0,0
2020-08,580,2,1,395,0,0
2020-08,590,1,0,898,1,0
2020-08,590,1,1,2507,8,2
2020-08,590,2,0,232,1,0
2020-08,590,2,1,556,0,0
2020-08,600,1,0,1102,3,0
2020-08,600,1,1,2952,7,1
2020-08,600,2,0,267,0,0
2020-08,600,2,1,580,0,0
2020-08,610,1,0,1199,2,1
2020-08,610,1,1,3589,10,3
2020-08,610,2,0,324,0,0
2020-08,610,2,1,733,2,0
2020-08,620,1,0,1262,0,0
2020-08,620,1,1,3749,4,2
2020-08,620,2,0,445,0,0
2020-08,620,2,1,1082,1,0
2020-08,630,1,0,1415,1,0
2020-08,630,1,1,4265,6,2
2020-08,630,2,0,520,0,0
2020-08,630,2,1,1218,0,0
2020-08,640,1,0,1487,1,0
2020-08,640,1,1,4417,7,1
2020-08,640,2,0,503,0,0
2020-08,640,2,1,1215,2,0
2020-08,650,1,0,1644,1,1
2020-08,650,1,1,5184,4,0
2020-08,650,2,0,631,0,0
2020-08,650,2,1,1433,0,0
2020-08,660,1,0,1789,1,0
2020-08,660,1,1,5079,8,1
2020-08,660,2,0,542,0,0
2020-08,660,2,1,1420,1,0
2020-08,670,1,0,1905,0,0
2020-08,670,1,1,5665,5,2
2020-08,670,2,0,565,0,0
2020-08,670,2,1,1561,3,0
2020-08,680,1,0,1877,3,0
2020-08,680,1,1,5469,3,0
2020-08,680,2,0,547,0,0
2020-08,680,2,1,1512,1,1
2020-08,690,1,0,2094,0,0
2020-08,690,1,1,5793,5,1
2020-08,690,2,0,631,0,0
2020-08,690,2,1,1555,2,1
2020-08,700,1,0,2048,0,0
2020-08,700,1,1,5729,5,3
2020-08,700,2,0,601,0,0
2020-08,700,2,1,1498,0,0
2020-08,710,1,0,2218,1,0
2020-08,710,1,1,5988,5,0
2020-08,710,2,0,635,0,0
2020-08,710,2,1,1588,0,0
2020-08,720,1,0,2333,0,0
2020-08,720,1,1,5917,3,0
2020-08,720,2,0,599,0,0
2020-08,720,2,1,1431,1,0
2020-08,730,1,0,2399,2,0
2020-08,730,1,1,6314,2,0
2020-08,730,2,0,670,0,0
2020-08,730,2,1,1488,1,0
2020-08,740,1,0,2482,0,0
2020-08,740,1,1,6098,1,0
2020-08,740,2,0,628,0,0
2020-08,740,2,1,1387,1,1
2020-08,750,1,0,2508,1,0
2020-08,750,1,1,6224,2,0
2020-08,750,2,0,605,0,0
2020-08,750,2,1,1320,0,0
2020-08,760,1,0,2532,0,0
2020-08,760,1,1,6142,1,0
2020-08,760,2,0,577,1,0
2020-08,760,2,1,1291,0,0
2020-08,770,1,0,2624,0,0
2020-08,770,1,1,6295,1,0
2020-08,770,2,0,537,0,0
2020-08,770,2,1,1225,0,0
2020-08,780,1,0,2753,0,0
2020-08,780,1,1,6409,2,0
2020-08,780,2,0,598,0,0
2020-08,780,2,1,1163,1,0
2020-08,790,1,0,2904,0,0
2020-08,790,1,1,6896,1,0
2020-08,790,2,0,515,0,0
2020-08,790,2,1,1130,0,0
2020-08,800,1,0,3170,0,0
2020-08,800,1,1,7089,0,0
2020-08,800,2,0,564,0,0
2020-08,800,2,1,1192,0,0
2020-08,810,1,0,3416,0,0
2020-08,810,1,1,7501,2,0
2020-08,810,2,0,582,0,0
2020-08,810,2,1,1187,0,0
2020-08,820,1,0,3388,0,0
2020-08,820,1,1,7771,1,0
2020-08,820,2,0,599,0,0
2020-08,820,2,1,1162,0,0
2020-08,830,1,0,3391,0,0
2020-08,830,1,1,7781,0,0
2020-08,830,2,0,602,0,0
2020-08,830,2,1,1204,0,0
2020-08,840,1,0,3094,0,0
2020-08,840,1,1,7401,1,0
2020-08,840,2,0,510,0,0
2020-08,840,2,1,1025,0,0
2020-08,850,1,0,3148,0,0
2020-08,850,1,1,7394,0,0
2020-08,850,2,0,502,0,0
2020-08,850,2,1,989,0,0
2020-08,860,1,0,2419,0,0
2020-08,860,1,1,5870,0,0
2020-08,860,2,0,413,0,0
2020-08,860,2,1,751,0,0
2020-08,870,1,0,1823,0,0
2020-08,870,1,1,4393,0,0
2020-08,870,2,0,265,0,0
2020-08,870,2,1,540,0,0
2020-08,880,1,0,1054,0,0
2020-08,880,1,1,2427,0,0
2020-08,880,2,0,136,0,0
2020-08,880,2,1,304,0,0
2020-08,890,1,0,402,0,0
2020-08,890,1,1,964,0,0
2020-08,890,2,0,53,0,0
2020-08,890,2,1,110,0,0
2020-09,380,2,1,1,0,0
2020-09,390,1,0,1,0,0
2020-09,390,1,1,1,0,0
2020-09,400,1,1,2,0,0
2020-09,410,1,1,8,0,0
2020-09,410,2,0,3,0,0
2020-09,410,2,1,3,0,0
2020-09,420,1,0,1,0,0
2020-09,420,1,1,5,0,0
2020-09,420,2,1,2,0,0
2020-09,430,1,0,3,0,0
2020-09,430,1,1,14,0,0
2020-09,430,2,1,2,0,0
2020-09,440,1,0,3,0,0
2020-09,440,1,1,23,0,0
2020-09,440,2,0,2,0,0
2020-09,440,2,1,12,0,0
2020-09,450,1,0,8,0,0
2020-09,450,1,1,43,0,0
2020-09,450,2,0,2,0,0
2020-09,450,2,1,13,0,0
2020-09,460,1,0,5,0,0
2020-09,460,1,1,64,1,0
2020-09,460,2,1,18,0,0
2020-09,470,1,0,17,0,0
2020-09,470,1,1,97,0,0
2020-09,470,2,0,9,0,0
2020-09,470,2,1,27,0,0
2020-09,480,1,0,25,0,0
2020-09,480,1,1,134,0,0
2020-09,480,2,0,8,0,0
2020-09,480,2,1,37,0,0
2020-09,490,1,0,31,0,0
2020-09,490,1,1,213,0,0
2020-09,490,2,0,11,0,0
2020-09,490,2,1,61,0,0
2020-09,500,1,0,42,0,0
2020-09,500,1,1,246,0,0
2020-09,500,2,0,21,0,0
2020-09,500,2,1,92,0,0
2020-09,510,1,0,91,0,0
2020-09,510,1,1,393,2,2
2020-09,510,2,0,26,0,0
2020-09,510,2,1,116,0,0
2020-09,520,1,0,131,0,0
2020-09,520,1,1,575,6,2
2020-09,520,2,0,26,0,0
2020-09,520,2,1,135,0,0
2020-09,530,1,0,158,0,0
2020-09,530,1,1,786,2,1
2020-09,530,2,0,45,0,0
2020-09,530,2,1,190,0,0
2020-09,540,1,0,209,0,0
2020-09,540,1,1,986,5,1
2020-09,540,2,0,51,0,0
2020-09,540,2,1,228,1,1
2020-09,550,1,0,304,0,0
2020-09,550,1,1,1281,2,0
2020-09,550,2,0,60,0,0
2020-09,550,2,1,255,0,0
2020-09,560,1,0,365,1,1
2020-09,560,1,1,1493,4,1
2020-09,560,2,0,71,0,0
2020-09,560,2,1,331,0,0
2020-09,570,1,0,462,0,0
2020-09,570,1,1,1926,1,0
2020-09,570,2,0,104,0,0
2020-09,570,2,1,414,0,0
2020-09,580,1,0,479,1,0
2020-09,580,1,1,2186,2,1
2020-09,580,2,0,103,0,0
2020-09,580,2,1,437,0,0
2020-09,590,1,0,635,0,0
2020-09,590,1,1,2695,5,0
2020-09,590,2,0,171,0,0
2020-09,590,2,1,598,3,0
2020-09,600,1,0,766,0,0
2020-09,600,1,1,3180,6,2
2020-09,600,2,0,178,0,0
2020-09,600,2,1,648,0,0
2020-09,610,1,0,831,0,0
2020-09,610,1,1,3830,7,1
2020-09,610,2,0,232,0,0
2020-09,610,2,1,799,1,0
2020-09,620,1,0,854,0,0
2020-09,620,1,1,4058,9,1
2020-09,620,2,0,300,0,0
2020-09,620,2,1,1196,3,0
2020-09,630,1,0,955,0,0
2020-09,630,1,1,4572,4,1
2020-09,630,2,0,366,0,0
2020-09,630,2,1,1328,4,1
2020-09,640,1,0,1024,2,0
2020-09,640,1,1,4726,8,0
2020-09,640,2,0,360,0,0
2020-09,640,2,1,1310,1,0
2020-09,650,1,0,1120,0,0
2020-09,650,1,1,5540,9,2
2020-09,650,2,0,442,0,0
2020-09,650,2,1,1584,1,0
2020-09,660,1,0,1258,0,0
2020-09,660,1,1,5441,4,2
2020-09,660,2,0,370,0,0
2020-09,660,2,1,1549,0,0
2020-09,670,1,0,1288,1,0
2020-09,670,1,1,6091,4,1
2020-09,670,2,0,372,0,0
2020-09,670,2,1,1695,1,0
2020-09,680,1,0,1284,0,0
2020-09,680,1,1,5861,6,0
2020-09,680,2,0,360,0,0
2020-09,680,2,1,1648,1,0
2020-09,690,1,0,1383,1,0
2020-09,690,1,1,6291,8,2
2020-09,690,2,0,447,0,0
2020-09,690,2,1,1674,2,1
2020-09,700,1,0,1427,0,0
2020-09,700,1,1,6159,5,0
2020-09,700,2,0,404,0,0
2020-09,700,2,1,1649,0,0
2020-09,710,1,0,1518,0,0
2020-09,710,1,1,6460,2,1
2020-09,710,2,0,441,0,0
2020-09,710,2,1,1733,1,0
2020-09,720,1,0,1580,0,0
2020-09,720,1,1,6447,1,0
2020-09,720,2,0,412,0,0
2020-09,720,2,1,1576,0,0
2020-09,730,1,0,1572,0,0
2020-09,730,1,1,6902,2,0
2020-09,730,2,0,459,0,0
2020-09,730,2,1,1627,1,1
2020-09,740,1,0,1745,0,0
2020-09,740,1,1,6629,3,0
2020-09,740,2,0,424,0,0
2020-09,740,2,1,1533,0,0
2020-09,750,1,0,1699,0,0
2020-09,750,1,1,6763,2,0
2020-09,750,2,0,404,0,0
2020-09,750,2,1,1464,1,0
2020-09,760,1,0,1746,0,0
2020-09,760,1,1,6677,1,0
2020-09,760,2,0,388,0,0
2020-09,760,2,1,1425,0,0
2020-09,770,1,0,1830,0,0
2020-09,770,1,1,6845,1,0
2020-09,770,2,0,374,0,0
2020-09,770,2,1,1342,0,0
2020-09,780,1,0,1963,0,0
2020-09,780,1,1,6945,1,1
2020-09,780,2,0,405,0,0
2020-09,780,2,1,1318,0,0
2020-09,790,1,0,1989,0,0
2020-09,790,1,1,7496,2,0
2020-09,790,2,0,359,0,0
2020-09,790,2,1,1230,0,0
2020-09,800,1,0,2174,0,0
2020-09,800,1,1,7797,0,0
2020-09,800,2,0,386,0,0
2020-09,800,2,1,1318,0,0
2020-09,810,1,0,2308,0,0
2020-09,810,1,1,8289,0,0
2020-09,810,2,0,411,0,0
2020-09,810,2,1,1322,0,0
2020-09,820,1,0,2340,0,0
2020-09,820,1,1,8482,1,0
2020-09,820,2,0,392,0,0
2020-09,820,2,1,1312,1,0
2020-09,830,1,0,2393,0,0
2020-09,830,1,1,8461,0,0
2020-09,830,2,0,398,0,0
2020-09,830,2,1,1353,0,0
2020-09,840,1,0,2190,0,0
2020-09,840,1,1,8025,0,0
2020-09,840,2,0,356,0,0
2020-09,840,2,1,1140,0,0
2020-09,850,1,0,2191,0,0
2020-09,850,1,1,8065,0,0
2020-09,850,2,0,348,0,0
2020-09,850,2,1,1100,0,0
2020-09,860,1,0,1656,0,0
2020-09,860,1,1,6437,0,0
2020-09,860,2,0,286,0,0
2020-09,860,2,1,851,1,0
2020-09,870,1,0,1267,0,0
2020-09,870,1,1,4797,0,0
2020-09,870,2,0,182,0,0
2020-09,870,2,1,597,0,0
2020-09,880,1,0,747,0,0
2020-09,880,1,1,2650,0,0
2020-09,880,2,0,101,0,0
2020-09,880,2,1,322,0,0
2020-09,890,1,0,280,0,0
2020-09,890,1,1,1052,0,0
2020-09,890,2,0,40,0,0
2020-09,890,2,1,122,0,0
2020-10,380,2,1,1,0,0
2020-10,390,1,0,1,0,0
2020-10,390,1,1,1,0,0
2020-10,400,1,1,2,0,0
2020-10,410,1,1,8,0,0
2020-10,410,2,0,3,0,0
2020-10,410,2,1,3,1,0
2020-10,420,1,0,1,0,0
2020-10,420,1,1,5,0,0
2020-10,420,2,1,2,0,0
2020-10,430,1,0,3,0,0
2020-10,430,1,1,13,0,0
2020-10,430,2,1,2,0,0
2020-10,440,1,0,3,0,0
2020-10,440,1,1,23,0,0
2020-10,440,2,0,2,0,0
2020-10,440,2,1,12,0,0
2020-10,450,1,0,8,0,0
2020-10,450,1,1,41,0,0
2020-10,450,2,0,2,0,0
2020-10,450,2,1,13,1,0
2020-10,460,1,0,5,0,0
2020-10,460,1,1,62,0,0
2020-10,460,2,1,18,0,0
2020-10,470,1,0,17,0,0
2020-10,470,1,1,97,0,0
2020-10,470,2,0,8,0,0
2020-10,470,2,1,26,0,0
2020-10,480,1,0,25,0,0
2020-10,480,1,1,133,0,0
2020-10,480,2,0,8,0,0
2020-10,480,2,1,35,0,0
2020-10,490,1,0,31,0,0
2020-10,490,1,1,208,2,0
2020-10,490,2,0,11,0,0
2020-10,490,2,1,61,1,0
2020-10,500,1,0,42,0,0
2020-10,500,1,1,240,1,1
2020-10,500,2,0,21,0,0
2020-10,500,2,1,92,0,0
2020-10,510,1,0,89,0,0
2020-10,510,1,1,383,0,0
2020-10,510,2,0,26,0,0
2020-10,510,2,1,115,1,1
2020-10,520,1,0,129,0,0
2020-10,520,1,1,551,2,1
2020-10,520,2,0,26,0,0
2020-10,520,2,1,129,0,0
2020-10,530,1,0,154,1,0
2020-10,530,1,1,754,1,1
2020-10,530,2,0,44,0,0
2020-10,530,2,1,187,1,0
2020-10,540,1,0,207,0,0
2020-10,540,1,1,954,1,1
2020-10,540,2,0,49,1,0
2020-10,540,2,1,224,1,0
2020-10,550,1,0,299,1,0
2020-10,550,1,1,1237,1,0
2020-10,550,2,0,60,0,0
2020-10,550,2,1,247,0,0
2020-10,560,1,0,356,0,0
2020-10,560,1,1,1457,5,2
2020-10,560,2,0,68,0,0
2020-10,560,2,1,319,0,0
2020-10,570,1,0,450,0,0
2020-10,570,1,1,1878,4,0
2020-10,570,2,0,100,0,0
2020-10,570,2,1,402,0,0
2020-10,580,1,0,470,0,0
2020-10,580,1,1,2120,4,1
2020-10,580,2,0,101,1,0
2020-10,580,2,1,423,0,0
2020-10,590,1,0,631,0,0
2020-10,590,1,1,2622,7,0
2020-10,590,2,0,168,0,0
2020-10,590,2,1,585,1,0
2020-10,600,1,0,745,0,0
2020-10,600,1,1,3088,8,0
2020-10,600,2,0,175,1,0
2020-10,600,2,1,631,2,0
2020-10,610,1,0,816,0,0
2020-10,610,1,1,3728,7,1
2020-10,610,2,0,227,0,0
2020-10,610,2,1,782,1,1
2020-10,620,1,0,829,0,0
2020-10,620,1,1,3938,5,0
2020-10,620,2,0,294,1,0
2020-10,620,2,1,1152,2,0
2020-10,630,1,0,926,1,0
2020-10,630,1,1,4424,9,0
2020-10,630,2,0,359,0,0
2020-10,630,2,1,1289,0,0
2020-10,640,1,0,993,1,0
2020-10,640,1,1,4598,5,3
2020-10,640,2,0,348,0,0
2020-10,640,2,1,1277,0,0
2020-10,650,1,0,1102,2,0
2020-10,650,1,1,5377,8,0
2020-10,650,2,0,433,0,0
2020-10,650,2,1,1534,2,0
2020-10,660,1,0,1225,0,0
2020-10,660,1,1,5276,4,0
2020-10,660,2,0,363,0,0
2020-10,660,2,1,1505,1,1
2020-10,670,1,0,1262,1,0
2020-10,670,1,1,5908,5,0
2020-10,670,2,0,359,0,0
2020-10,670,2,1,1634,0,0
2020-10,680,1,0,1252,0,0
2020-10,680,1,1,5691,7,3
2020-10,680,2,0,356,0,0
2020-10,680,2,1,1601,1,1
2020-10,690,1,0,1353,0,0
2020-10,690,1,1,6109,2,0
2020-10,690,2,0,432,1,0
2020-10,690,2,1,1619,1,0
2020-10,700,1,0,1386,0,0
2020-10,700,1,1,5991,2,0
2020-10,700,2,0,399,1,0
2020-10,700,2,1,1608,2,0
2020-10,710,1,0,1478,0,0
2020-10,710,1,1,6278,3,1
2020-10,710,2,0,431,0,0
2020-10,710,2,1,1682,1,0
2020-10,720,1,0,1543,0,0
2020-10,720,1,1,6274,3,0
2020-10,720,2,0,402,0,0
2020-10,720,2,1,1531,0,0
2020-10,730,1,0,1526,0,0
2020-10,730,1,1,6737,2,0
2020-10,730,2,0,445,0,0
2020-10,730,2,1,1581,0,0
2020-10,740,1,0,1698,0,0
2020-10,740,1,1,6451,1,0
2020-10,740,2,0,412,0,0
2020-10,740,2,1,1479,1,0
2020-10,750,1,0,1637,0,0
2020-10,750,1,1,6577,1,0
2020-10,750,2,0,400,0,0
2020-10,750,2,1,1419,0,0
2020-10,760,1,0,1698,0,0
2020-10,760,1,1,6502,0,0
2020-10,760,2,0,381,0,0
2020-10,760,2,1,1388,0,0
2020-10,770,1,0,1776,0,0
2020-10,770,1,1,6644,0,0
2020-10,770,2,0,366,0,0
2020-10,770,2,1,1311,0,0
2020-10,780,1,0,1898,0,0
2020-10,780,1,1,6759,1,0
2020-10,780,2,0,391,0,0
2020-10,780,2,1,1276,0,0
2020-10,790,1,0,1923,0,0
2020-10,790,1,1,7315,1,0
2020-10,790,2,0,350,0,0
2020-10,790,2,1,1197,0,0
2020-10,800,1,0,2115,0,0
2020-10,800,1,1,7583,0,0
2020-10,800,2,0,380,0,0
2020-10,800,2,1,1274,0,0
2020-10,810,1,0,2225,1,0
2020-10,810,1,1,8079,1,0
2020-10,810,2,0,397,0,0
2020-10,810,2,1,1278,0,0
2020-10,820,1,0,2277,0,0
2020-10,820,1,1,8252,1,0
2020-10,820,2,0,386,0,0
2020-10,820,2,1,1267,0,0
2020-10,830,1,0,2314,0,0
2020-10,830,1,1,8236,0,0
2020-10,830,2,0,387,0,0
2020-10,830,2,1,1305,1,0
2020-10,840,1,0,2138,0,0
2020-10,840,1,1,7805,2,0
2020-10,840,2,0,349,0,0
2020-10,840,2,1,1112,0,0
2020-10,850,1,0,2133,0,0
2020-10,850,1,1,7853,1,0
2020-10,850,2,0,336,0,0
2020-10,850,2,1,1062,1,0
2020-10,860,1,0,1616,0,0
2020-10,860,1,1,6275,0,0
2020-10,860,2,0,277,0,0
2020-10,860,2,1,827,0,0
2020-10,870,1,0,1233,0,0
2020-10,870,1,1,4675,0,0
2020-10,870,2,0,178,0,0
2020-10,870,2,1,579,0,0
2020-10,880,1,0,722,0,0
2020-10,880,1,1,2595,0,0
2020-10,880,2,0,98,0,0
2020-10,880,2,1,311,0,0
2020-10,890,1,0,276,0,0
2020-10,890,1,1,1035,0,0
2020-10,890,2,0,38,0,0
2020-10,890,2,1,118,0,0
2020-11,380,1,0,1,0,0
2020-11,380,2,1,1,0,0
2020-11,390,1,1,2,0,0
2020-11,400,1,1,2,0,0
2020-11,410,1,1,8,0,0
2020-11,410,2,1,5,0,0
2020-11,420,1,0,2,0,0
2020-11,420,1,1,5,0,0
2020-11,420,2,1,2,0,0
2020-11,430,1,0,1,0,0
2020-11,430,1,1,15,0,0
2020-11,430,2,0,1,0,0
2020-11,430,2,1,2,0,0
2020-11,440,1,1,23,0,0
2020-11,440,2,0,1,0,0
2020-11,440,2,1,13,0,0
2020-11,450,1,0,4,0,0
2020-11,450,1,1,42,0,0
2020-11,450,2,0,2,0,0
2020-11,450,2,1,14,0,0
2020-11,460,1,0,1,0,0
2020-11,460,1,1,59,0,0
2020-11,460,2,0,3,0,0
2020-11,460,2,1,16,0,0
2020-11,470,1,0,9,0,0
2020-11,470,1,1,100,0,0
2020-11,470,2,0,1,0,0
2020-11,470,2,1,34,0,0
2020-11,480,1,0,10,0,0
2020-11,480,1,1,151,0,0
2020-11,480,2,0,6,0,0
2020-11,480,2,1,40,0,0
2020-11,490,1,0,18,0,0
2020-11,490,1,1,214,1,0
2020-11,490,2,0,8,0,0
2020-11,490,2,1,67,0,0
2020-11,500,1,0,27,0,0
2020-11,500,1,1,255,0,0
2020-11,500,2,0,10,0,0
2020-11,500,2,1,108,1,0
2020-11,510,1,0,43,0,0
2020-11,510,1,1,430,0,0
2020-11,510,2,0,15,0,0
2020-11,510,2,1,133,1,1
2020-11,520,1,0,62,0,0
2020-11,520,1,1,617,2,0
2020-11,520,2,0,10,0,0
2020-11,520,2,1,144,0,0
2020-11,530,1,0,89,0,0
2020-11,530,1,1,810,1,0
2020-11,530,2,0,18,0,0
2020-11,530,2,1,214,1,0
2020-11,540,1,0,149,0,0
2020-11,540,1,1,1060,3,0
2020-11,540,2,0,40,0,0
2020-11,540,2,1,253,1,0
2020-11,550,1,0,194,0,0
2020-11,550,1,1,1394,1,1
2020-11,550,2,0,36,0,0
2020-11,550,2,1,276,1,0
2020-11,560,1,0,206,0,0
2020-11,560,1,1,1654,0,0
2020-11,560,2,0,51,0,0
2020-11,560,2,1,351,1,0
2020-11,570,1,0,291,0,0
2020-11,570,1,1,2116,3,0
2020-11,570,2,0,60,0,0
2020-11,570,2,1,463,2,1
2020-11,580,1,0,355,0,0
2020-11,580,1,1,2355,1,1
2020-11,580,2,0,72,0,0
2020-11,580,2,1,476,1,0
2020-11,590,1,0,456,0,0
2020-11,590,1,1,2973,6,0
2020-11,590,2,0,98,0,0
2020-11,590,2,1,695,0,0
2020-11,600,1,0,480,0,0
2020-11,600,1,1,3465,9,1
2020-11,600,2,0,114,0,0
2020-11,600,2,1,739,1,0
2020-11,610,1,0,649,0,0
2020-11,610,1,1,4121,5,0
2020-11,610,2,0,125,0,0
2020-11,610,2,1,932,0,0
2020-11,620,1,0,699,0,0
2020-11,620,1,1,4334,5,0
2020-11,620,2,0,212,0,0
2020-11,620,2,1,1333,3,1
2020-11,630,1,0,817,1,0
2020-11,630,1,1,4829,4,1
2020-11,630,2,0,199,0,0
2020-11,630,2,1,1512,2,0
2020-11,640,1,0,799,0,0
2020-11,640,1,1,5023,8,1
2020-11,640,2,0,221,0,0
2020-11,640,2,1,1497,0,0
2020-11,650,1,0,887,0,0
2020-11,650,1,1,5852,11,0
2020-11,650,2,0,228,0,0
2020-11,650,2,1,1802,3,2
2020-11,660,1,0,800,1,0
2020-11,660,1,1,5839,6,0
2020-11,660,2,0,163,0,0
2020-11,660,2,1,1723,1,1
2020-11,670,1,0,894,0,0
2020-11,670,1,1,6474,8,1
2020-11,670,2,0,186,0,0
2020-11,670,2,1,1812,1,1
2020-11,680,1,0,847,0,0
2020-11,680,1,1,6297,3,1
2020-11,680,2,0,191,0,0
2020-11,680,2,1,1821,1,0
2020-11,690,1,0,1053,0,0
2020-11,690,1,1,6738,4,1
2020-11,690,2,0,183,0,0
2020-11,690,2,1,1886,2,1
2020-11,700,1,0,996,0,0
2020-11,700,1,1,6654,3,0
2020-11,700,2,0,187,0,0
2020-11,700,2,1,1884,2,0
2020-11,710,1,0,1017,0,0
2020-11,710,1,1,7006,1,0
2020-11,710,2,0,176,0,0
2020-11,710,2,1,1970,1,0
2020-11,720,1,0,1157,0,0
2020-11,720,1,1,7067,1,0
2020-11,720,2,0,191,0,0
2020-11,720,2,1,1777,0,0
2020-11,730,1,0,1110,0,0
2020-11,730,1,1,7517,1,0
2020-11,730,2,0,188,0,0
2020-11,730,2,1,1888,1,0
2020-11,740,1,0,1087,0,0
2020-11,740,1,1,7402,1,0
2020-11,740,2,0,164,0,0
2020-11,740,2,1,1785,0,0
2020-11,750,1,0,1073,0,0
2020-11,750,1,1,7508,1,0
2020-11,750,2,0,145,0,0
2020-11,750,2,1,1694,0,0
2020-11,760,1,0,1122,0,0
2020-11,760,1,1,7454,0,0
2020-11,760,2,0,152,0,0
2020-11,760,2,1,1635,1,0
2020-11,770,1,0,1178,0,0
2020-11,770,1,1,7641,1,0
2020-11,770,2,0,143,0,0
2020-11,770,2,1,1576,1,1
2020-11,780,1,0,1208,0,0
2020-11,780,1,1,7905,0,0
2020-11,780,2,0,164,0,0
2020-11,780,2,1,1575,0,0
2020-11,790,1,0,1164,0,0
2020-11,790,1,1,8379,0,0
2020-11,790,2,0,159,0,0
2020-11,790,2,1,1443,1,0
2020-11,800,1,0,1300,0,0
2020-11,800,1,1,8841,0,0
2020-11,800,2,0,139,0,0
2020-11,800,2,1,1546,0,0
2020-11,810,1,0,1403,0,0
2020-11,810,1,1,9355,0,0
2020-11,810,2,0,158,0,0
2020-11,810,2,1,1572,0,0
2020-11,820,1,0,1349,0,0
2020-11,820,1,1,9563,0,0
2020-11,820,2,0,127,0,0
2020-11,820,2,1,1561,0,0
2020-11,830,1,0,1420,0,0
2020-11,830,1,1,9569,0,0
2020-11,830,2,0,155,0,0
2020-11,830,2,1,1568,1,0
2020-11,840,1,0,1309,0,0
2020-11,840,1,1,9017,0,0
2020-11,840,2,0,147,0,0
2020-11,840,2,1,1371,0,0
2020-11,850,1,0,1247,0,0
2020-11,850,1,1,9115,0,0
2020-11,850,2,0,139,0,0
2020-11,850,2,1,1314,0,0
2020-11,860,1,0,993,0,0
2020-11,860,1,1,7244,0,0
2020-11,860,2,0,98,0,0
2020-11,860,2,1,1035,0,0
2020-11,870,1,0,785,0,0
2020-11,870,1,1,5414,0,0
2020-11,870,2,0,77,0,0
2020-11,870,2,1,725,0,0
2020-11,880,1,0,436,0,0
2020-11,880,1,1,3061,0,0
2020-11,880,2,0,33,0,0
2020-11,880,2,1,382,0,0
2020-11,890,1,0,169,0,0
2020-11,890,1,1,1200,0,0
2020-11,890,2,0,12,0,0
2020-11,890,2,1,150,0,0
2020-12,380,1,0,1,0,0
2020-12,380,2,1,1,0,0
2020-12,390,1,1,2,0,0
2020-12,400,1,1,2,0,0
2020-12,410,1,1,8,0,0
2020-12,410,2,1,5,0,0
2020-12,420,1,0,2,0,0
2020-12,420,1,1,5,0,0
2020-12,420,2,1,2,0,0
2020-12,430,1,0,1,0,0
2020-12,430,1,1,15,0,0
2020-12,430,2,0,1,0,0
2020-12,430,2,1,2,0,0
2020-12,440,1,1,23,0,0
2020-12,440,2,0,1,0,0
2020-12,440,2,1,13,0,0
2020-12,450,1,0,4,0,0
2020-12,450,1,1,41,0,0
2020-12,450,2,0,2,0,0
2020-12,450,2,1,14,0,0
2020-12,460,1,0,1,0,0
2020-12,460,1,1,58,0,0
2020-12,460,2,0,3,0,0
2020-12,460,2,1,16,0,0
2020-12,470,1,0,9,0,0
2020-12,470,1,1,100,0,0
2020-12,470,2,0,1,0,0
2020-12,470,2,1,34,1,0
2020-12,480,1,0,10,0,0
2020-12,480,1,1,146,0,0
2020-12,480,2,0,6,0,0
2020-12,480,2,1,39,0,0
2020-12,490,1,0,18,0,0
2020-12,490,1,1,208,0,0
2020-12,490,2,0,8,0,0
2020-12,490,2,1,66,0,0
2020-12,500,1,0,27,0,0
2020-12,500,1,1,247,0,0
2020-12,500,2,0,9,0,0
2020-12,500,2,1,103,0,0
2020-12,510,1,0,43,0,0
2020-12,510,1,1,421,0,0
2020-12,510,2,0,15,0,0
2020-12,510,2,1,129,0,0
2020-12,520,1,0,61,0,0
2020-12,520,1,1,607,1,0
2020-12,520,2,0,10,0,0
2020-12,520,2,1,142,0,0
2020-12,530,1,0,89,0,0
2020-12,530,1,1,787,2,1
2020-12,530,2,0,18,0,0
2020-12,530,2,1,205,0,0
2020-12,540,1,0,149,0,0
2020-12,540,1,1,1041,0,0
2020-12,540,2,0,39,0,0
2020-12,540,2,1,243,1,0
2020-12,550,1,0,190,0,0
2020-12,550,1,1,1366,2,1
2020-12,550,2,0,35,0,0
2020-12,550,2,1,272,0,0
2020-12,560,1,0,205,0,0
2020-12,560,1,1,1622,3,0
2020-12,560,2,0,51,0,0
2020-12,560,2,1,343,1,0
2020-12,570,1,0,287,0,0
2020-12,570,1,1,2066,3,0
2020-12,570,2,0,59,0,0
2020-12,570,2,1,451,1,1
2020-12,580,1,0,353,0,0
2020-12,580,1,1,2313,6,1
2020-12,580,2,0,71,0,0
2020-12,580,2,1,463,1,0
2020-12,590,1,0,455,1,0
2020-12,590,1,1,2901,4,0
2020-12,590,2,0,98,0,0
2020-12,590,2,1,677,0,0
2020-12,600,1,0,477,1,0
2020-12,600,1,1,3367,9,3
2020-12,600,2,0,113,0,0
2020-12,600,2,1,726,1,0
2020-12,610,1,0,649,0,0
2020-12,610,1,1,4023,8,3
2020-12,610,2,0,124,0,0
2020-12,610,2,1,910,0,0
2020-12,620,1,0,694,0,0
2020-12,620,1,1,4238,4,1
2020-12,620,2,0,211,0,0
2020-12,620,2,1,1302,1,1
2020-12,630,1,0,806,0,0
2020-12,630,1,1,4710,3,0
2020-12,630,2,0,198,0,0
2020-12,630,2,1,1480,2,1
2020-12,640,1,0,792,0,0
2020-12,640,1,1,4910,8,3
2020-12,640,2,0,216,0,0
2020-12,640,2,1,1461,1,1
2020-12,650,1,0,881,0,0
2020-12,650,1,1,5718,5,0
2020-12,650,2,0,224,0,0
2020-12,650,2,1,1766,0,0
2020-12,660,1,0,792,0,0
2020-12,660,1,1,5695,12,1
2020-12,660,2,0,160,0,0
2020-12,660,2,1,1691,1,0
2020-12,670,1,0,885,0,0
2020-12,670,1,1,6328,6,1
2020-12,670,2,0,184,0,0
2020-12,670,2,1,1757,1,1
2020-12,680,1,0,840,0,0
2020-12,680,1,1,6151,3,0
2020-12,680,2,0,185,0,0
2020-12,680,2,1,1779,1,0
2020-12,690,1,0,1039,0,0
2020-12,690,1,1,6605,5,0
2020-12,690,2,0,179,0,0
2020-12,690,2,1,1840,0,0
2020-12,700,1,0,983,0,0
2020-12,700,1,1,6495,3,0
2020-12,700,2,0,184,0,0
2020-12,700,2,1,1850,1,0
2020-12,710,1,0,1001,0,0
2020-12,710,1,1,6863,5,0
2020-12,710,2,0,173,0,0
2020-12,710,2,1,1931,0,0
2020-12,720,1,0,1145,0,0
2020-12,720,1,1,6908,2,0
2020-12,720,2,0,187,0,0
2020-12,720,2,1,1730,1,0
2020-12,730,1,0,1095,0,0
2020-12,730,1,1,7382,0,0
2020-12,730,2,0,180,0,0
2020-12,730,2,1,1846,1,0
2020-12,740,1,0,1072,0,0
2020-12,740,1,1,7233,2,0
2020-12,740,2,0,161,0,0
2020-12,740,2,1,1738,0,0
2020-12,750,1,0,1052,0,0
2020-12,750,1,1,7359,0,0
2020-12,750,2,0,143,0,0
2020-12,750,2,1,1651,0,0
2020-12,760,1,0,1104,0,0
2020-12,760,1,1,7297,2,0
2020-12,760,2,0,149,0,0
2020-12,760,2,1,1585,0,0
2020-12,770,1,0,1142,0,0
2020-12,770,1,1,7473,4,1
2020-12,770,2,0,139,0,0
2020-12,770,2,1,1542,0,0
2020-12,780,1,0,1188,0,0
2020-12,780,1,1,7721,1,0
2020-12,780,2,0,159,0,0
2020-12,780,2,1,1536,0,0
2020-12,790,1,0,1136,0,0
2020-12,790,1,1,8176,0,0
2020-12,790,2,0,155,0,0
2020-12,790,2,1,1410,0,0
2020-12,800,1,0,1272,0,0
2020-12,800,1,1,8632,0,0
2020-12,800,2,0,137,0,0
2020-12,800,2,1,1514,0,0
2020-12,810,1,0,1363,0,0
2020-12,810,1,1,9113,2,0
2020-12,810,2,0,156,0,0
2020-12,810,2,1,1527,0,0
2020-12,820,1,0,1317,0,0
2020-12,820,1,1,9328,1,0
2020-12,820,2,0,125,0,0
2020-12,820,2,1,1519,0,0
2020-12,830,1,0,1391,0,0
2020-12,830,1,1,9365,1,0
2020-12,830,2,0,153,0,0
2020-12,830,2,1,1518,1,0
2020-12,840,1,0,1276,0,0
2020-12,840,1,1,8833,0,0
2020-12,840,2,0,144,0,0
2020-12,840,2,1,1340,1,0
2020-12,850,1,0,1223,1,0
2020-12,850,1,1,8925,0,0
2020-12,850,2,0,135,0,0
2020-12,850,2,1,1277,0,0
2020-12,860,1,0,971,0,0
2020-12,860,1,1,7117,1,1
2020-12,860,2,0,94,0,0
2020-12,860,2,1,1015,0,0
2020-12,870,1,0,776,0,0
2020-12,870,1,1,5293,0,0
2020-12,870,2,0,77,0,0
2020-12,870,2,1,703,0,0
2020-12,880,1,0,427,0,0
2020-12,880,1,1,2995,0,0
2020-12,880,2,0,33,0,0
2020-12,880,2,1,377,0,0
2020-12,890,1,0,167,0,0
2020-12,890,1,1,1178,0,0
2020-12,890,2,0,12,0,0
2020-12,890,2,1,149,0,0
2021-01,380,1,0,1,0,0
2021-01,380,2,1,1,0,0
2021-01,390,1,1,2,0,0
2021-01,400,1,1,2,0,0
2021-01,410,1,1,8,0,0
2021-01,410,2,1,4,0,0
2021-01,420,1,0,2,0,0
2021-01,420,1,1,5,0,0
2021-01,420,2,1,2,0,0
2021-01,430,1,0,1,0,0
2021-01,430,1,1,15,0,0
2021-01,430,2,0,1,0,0
2021-01,430,2,1,2,0,0
2021-01,440,1,1,21,0,0
2021-01,440,2,0,1,0,0
2021-01,440,2,1,12,0,0
2021-01,450,1,0,4,0,0
2021-01,450,1,1,40,0,0
2021-01,450,2,0,2,0,0
2021-01,450,2,1,14,0,0
2021-01,460,1,0,1,0,0
2021-01,460,1,1,56,0,0
2021-01,460,2,0,3,0,0
2021-01,460,2,1,15,0,0
2021-01,470,1,0,9,0,0
2021-01,470,1,1,97,0,0
2021-01,470,2,0,1,0,0
2021-01,470,2,1,32,0,0
2021-01,480,1,0,10,0,0
2021-01,480,1,1,145,0,0
2021-01,480,2,0,6,0,0
2021-01,480,2,1,39,0,0
2021-01,490,1,0,18,0,0
2021-01,490,1,1,201,0,0
2021-01,490,2,0,8,0,0
2021-01,490,2,1,66,0,0
2021-01,500,1,0,26,0,0
2021-01,500,1,1,238,1,0
2021-01,500,2,0,9,0,0
2021-01,500,2,1,98,0,0
2021-01,510,1,0,42,0,0
2021-01,510,1,1,409,2,0
2021-01,510,2,0,15,0,0
2021-01,510,2,1,128,0,0
2021-01,520,1,0,60,0,0
2021-01,520,1,1,591,1,0
2021-01,520,2,0,9,0,0
2021-01,520,2,1,137,0,0
2021-01,530,1,0,89,0,0
2021-01,530,1,1,762,1,0
2021-01,530,2,0,18,0,0
2021-01,530,2,1,198,0,0
2021-01,540,1,0,145,0,0
2021-01,540,1,1,1011,4,1
2021-01,540,2,0,39,0,0
2021-01,540,2,1,240,0,0
2021-01,550,1,0,188,0,0
2021-01,550,1,1,1328,4,0
2021-01,550,2,0,34,0,0
2021-01,550,2,1,266,0,0
2021-01,560,1,0,203,0,0
2021-01,560,1,1,1585,8,0
2021-01,560,2,0,50,0,0
2021-01,560,2,1,331,0,0
2021-01,570,1,0,284,0,0
2021-01,570,1,1,2021,4,1
2021-01,570,2,0,58,0,0
2021-01,570,2,1,443,0,0
2021-01,580,1,0,347,0,0
2021-01,580,1,1,2252,4,2
2021-01,580,2,0,69,0,0
2021-01,580,2,1,451,2,1
2021-01,590,1,0,451,2,0
2021-01,590,1,1,2820,8,0
2021-01,590,2,0,97,0,0
2021-01,590,2,1,661,1,0
2021-01,600,1,0,469,0,0
2021-01,600,1,1,3263,4,2
2021-01,600,2,0,111,0,0
2021-01,600,2,1,709,1,0
2021-01,610,1,0,645,2,1
2021-01,610,1,1,3932,6,1
2021-01,610,2,0,122,0,0
2021-01,610,2,1,888,1,0
2021-01,620,1,0,689,1,0
2021-01,620,1,1,4143,3,0
2021-01,620,2,0,207,0,0
2021-01,620,2,1,1270,0,0
2021-01,630,1,0,798,0,0
2021-01,630,1,1,4599,8,0
2021-01,630,2,0,198,0,0
2021-01,630,2,1,1440,0,0
2021-01,640,1,0,779,0,0
2021-01,640,1,1,4773,4,2
2021-01,640,2,0,213,0,0
2021-01,640,2,1,1432,0,0
2021-01,650,1,0,867,1,0
2021-01,650,1,1,5541,6,1
2021-01,650,2,0,219,0,0
2021-01,650,2,1,1724,3,0
2021-01,660,1,0,782,0,0
2021-01,660,1,1,5535,7,1
2021-01,660,2,0,156,0,0
2021-01,660,2,1,1650,1,0
2021-01,670,1,0,875,0,0
2021-01,670,1,1,6153,9,3
2021-01,670,2,0,181,0,0
2021-01,670,2,1,1709,0,0
2021-01,680,1,0,825,0,0
2021-01,680,1,1,5996,4,1
2021-01,680,2,0,181,0,0
2021-01,680,2,1,1742,3,0
2021-01,690,1,0,1023,0,0
2021-01,690,1,1,6429,5,0
2021-01,690,2,0,176,0,0
2021-01,690,2,1,1796,0,0
2021-01,700,1,0,970,0,0
2021-01,700,1,1,6327,4,0
2021-01,700,2,0,183,0,0
2021-01,700,2,1,1799,0,0
2021-01,710,1,0,982,0,0
2021-01,710,1,1,6690,2,1
2021-01,710,2,0,169,0,0
2021-01,710,2,1,1897,0,0
2021-01,720,1,0,1132,0,0
2021-01,720,1,1,6741,1,0
2021-01,720,2,0,182,0,0
2021-01,720,2,1,1685,0,0
2021-01,730,1,0,1076,0,0
2021-01,730,1,1,7178,2,0
2021-01,730,2,0,176,0,0
2021-01,730,2,1,1795,1,0
2021-01,740,1,0,1052,0,0
2021-01,740,1,1,7017,1,0
2021-01,740,2,0,155,0,0
2021-01,740,2,1,1696,0,0
2021-01,750,1,0,1029,1,0
2021-01,750,1,1,7164,2,0
2021-01,750,2,0,141,0,0
2021-01,750,2,1,1616,0,0
2021-01,760,1,0,1071,1,0
2021-01,760,1,1,7087,2,0
2021-01,760,2,0,146,0,0
2021-01,760,2,1,1532,0,0
2021-01,770,1,0,1119,0,0
2021-01,770,1,1,7266,0,0
2021-01,770,2,0,135,0,0
2021-01,770,2,1,1488,0,0
2021-01,780,1,0,1159,0,0
2021-01,780,1,1,7531,0,0
2021-01,780,2,0,156,0,0
2021-01,780,2,1,1499,0,0
2021-01,790,1,0,1110,0,0
2021-01,790,1,1,7935,0,0
2021-01,790,2,0,147,0,0
2021-01,790,2,1,1365,0,0
2021-01,800,1,0,1234,0,0
2021-01,800,1,1,8389,0,0
2021-01,800,2,0,134,0,0
2021-01,800,2,1,1473,0,0
2021-01,810,1,0,1342,0,0
2021-01,810,1,1,8861,0,0
2021-01,810,2,0,150,0,0
2021-01,810,2,1,1478,0,0
2021-01,820,1,0,1285,0,0
2021-01,820,1,1,9100,0,0
2021-01,820,2,0,124,0,0
2021-01,820,2,1,1485,0,0
2021-01,830,1,0,1362,0,0
2021-01,830,1,1,9117,0,0
2021-01,830,2,0,149,0,0
2021-01,830,2,1,1470,1,0
2021-01,840,1,0,1254,0,0
2021-01,840,1,1,8590,1,0
2021-01,840,2,0,140,0,0
2021-01,840,2,1,1302,0,0
2021-01,850,1,0,1193,0,0
2021-01,850,1,1,8720,0,0
2021-01,850,2,0,131,0,0
2021-01,850,2,1,1238,0,0
2021-01,860,1,0,953,0,0
2021-01,860,1,1,6939,1,1
2021-01,860,2,0,93,0,0
2021-01,860,2,1,977,0,0
2021-01,870,1,0,764,0,0
2021-01,870,1,1,5172,0,0
2021-01,870,2,0,76,0,0
2021-01,870,2,1,684,0,0
2021-01,880,1,0,423,0,0
2021-01,880,1,1,2928,0,0
2021-01,880,2,0,33,0,0
2021-01,880,2,1,362,0,0
2021-01,890,1,0,163,0,0
2021-01,890,1,1,1149,0,0
2021-01,890,2,0,11,0,0
2021-01,890,2,1,142,0,0
2021-02,380,1,0,1,0,0
2021-02,380,2,1,1,0,0
2021-02,390,1,0,1,0,0
2021-02,390,1,1,2,0,0
2021-02,400,1,1,2,0,0
2021-02,410,1,0,1,0,0
2021-02,410,1,1,7,0,0
2021-02,410,2,0,1,0,0
2021-02,410,2,1,3,0,0
2021-02,420,1,0,4,0,0
2021-02,420,1,1,5,0,0
2021-02,420,2,1,2,0,0
2021-02,430,1,0,2,0,0
2021-02,430,1,1,14,0,0
2021-02,430,2,0,1,0,0
2021-02,430,2,1,2,0,0
2021-02,440,1,0,1,0,0
2021-02,440,1,1,20,0,0
2021-02,440,2,0,1,0,0
2021-02,440,2,1,12,0,0
2021-02,450,1,0,6,0,0
2021-02,450,1,1,40,0,0
2021-02,450,2,0,4,0,0
2021-02,450,2,1,14,0,0
2021-02,460,1,0,6,0,0
2021-02,460,1,1,55,0,0
2021-02,460,2,0,5,0,0
2021-02,460,2,1,14,0,0
2021-02,470,1,0,17,0,0
2021-02,470,1,1,97,0,0
2021-02,470,2,0,5,0,0
2021-02,470,2,1,32,0,0
2021-02,480,1,0,17,0,0
2021-02,480,1,1,144,1,0
2021-02,480,2,0,6,0,0
2021-02,480,2,1,39,0,0
2021-02,490,1,0,31,0,0
2021-02,490,1,1,197,1,0
2021-02,490,2,0,13,0,0
2021-02,490,2,1,62,0,0
2021-02,500,1,0,52,0,0
2021-02,500,1,1,233,1,0
2021-02,500,2,0,19,0,0
2021-02,500,2,1,98,0,0
2021-02,510,1,0,89,0,0
2021-02,510,1,1,398,1,0
2021-02,510,2,0,28,0,0
2021-02,510,2,1,126,2,0
2021-02,520,1,0,122,0,0
2021-02,520,1,1,582,0,0
2021-02,520,2,0,23,0,0
2021-02,520,2,1,133,0,0
2021-02,530,1,0,184,1,0
2021-02,530,1,1,749,1,1
2021-02,530,2,0,40,0,0
2021-02,530,2,1,195,0,0
2021-02,540,1,0,286,0,0
2021-02,540,1,1,988,1,0
2021-02,540,2,0,62,0,0
2021-02,540,2,1,236,0,0
2021-02,550,1,0,425,0,0
2021-02,550,1,1,1287,2,1
2021-02,550,2,0,74,0,0
2021-02,550,2,1,261,0,0
2021-02,560,1,0,455,0,0
2021-02,560,1,1,1554,3,0
2021-02,560,2,0,100,0,0
2021-02,560,2,1,326,0,0
2021-02,570,1,0,590,0,0
2021-02,570,1,1,1966,4,3
2021-02,570,2,0,121,1,0
2021-02,570,2,1,428,0,0
2021-02,580,1,0,701,0,0
2021-02,580,1,1,2188,4,1
2021-02,580,2,0,138,0,0
2021-02,580,2,1,444,0,0
2021-02,590,1,0,903,0,0
2021-02,590,1,1,2747,5,3
2021-02,590,2,0,191,0,0
2021-02,590,2,1,649,1,0
2021-02,600,1,0,954,0,0
2021-02,600,1,1,3190,3,2
2021-02,600,2,0,223,0,0
2021-02,600,2,1,691,0,0
2021-02,610,1,0,1217,0,0
2021-02,610,1,1,3835,3,0
2021-02,610,2,0,260,0,0
2021-02,610,2,1,867,0,0
2021-02,620,1,0,1411,1,0
2021-02,620,1,1,4032,9,2
2021-02,620,2,0,418,0,0
2021-02,620,2,1,1239,1,1
2021-02,630,1,0,1641,1,0
2021-02,630,1,1,4490,9,1
2021-02,630,2,0,417,0,0
2021-02,630,2,1,1410,2,1
2021-02,640,1,0,1594,1,1
2021-02,640,1,1,4675,3,0
2021-02,640,2,0,448,1,0
2021-02,640,2,1,1385,1,0
2021-02,650,1,0,1794,0,0
2021-02,650,1,1,5394,5,1
2021-02,650,2,0,456,0,0
2021-02,650,2,1,1684,1,0
2021-02,660,1,0,1672,1,0
2021-02,660,1,1,5383,3,0
2021-02,660,2,0,309,0,0
2021-02,660,2,1,1597,0,0
2021-02,670,1,0,1776,0,0
2021-02,670,1,1,5996,2,0
2021-02,670,2,0,356,0,0
2021-02,670,2,1,1678,1,0
2021-02,680,1,0,1685,0,0
2021-02,680,1,1,5863,3,0
2021-02,680,2,0,377,0,0
2021-02,680,2,1,1703,0,0
2021-02,690,1,0,2037,1,0
2021-02,690,1,1,6279,3,0
2021-02,690,2,0,368,0,0
2021-02,690,2,1,1743,1,1
2021-02,700,1,0,2015,1,0
2021-02,700,1,1,6167,2,0
2021-02,700,2,0,364,0,0
2021-02,700,2,1,1747,0,0
2021-02,710,1,0,2006,0,0
2021-02,710,1,1,6524,3,1
2021-02,710,2,0,335,0,0
2021-02,710,2,1,1852,2,0
2021-02,720,1,0,2158,0,0
2021-02,720,1,1,6572,3,1
2021-02,720,2,0,324,0,0
2021-02,720,2,1,1642,0,0
2021-02,730,1,0,2185,0,0
2021-02,730,1,1,6998,0,0
2021-02,730,2,0,324,0,0
2021-02,730,2,1,1743,0,0
2021-02,740,1,0,2082,0,0
2021-02,740,1,1,6829,1,0
2021-02,740,2,0,290,0,0
2021-02,740,2,1,1638,0,0
2021-02,750,1,0,2097,0,0
2021-02,750,1,1,6966,0,0
2021-02,750,2,0,281,0,0
2021-02,750,2,1,1561,0,0
2021-02,760,1,0,2112,0,0
2021-02,760,1,1,6910,0,0
2021-02,760,2,0,281,0,0
2021-02,760,2,1,1487,0,0
2021-02,770,1,0,2163,0,0
2021-02,770,1,1,7075,2,0
2021-02,770,2,0,272,0,0
2021-02,770,2,1,1447,0,0
2021-02,780,1,0,2335,0,0
2021-02,780,1,1,7328,0,0
2021-02,780,2,0,289,0,0
2021-02,780,2,1,1467,0,0
2021-02,790,1,0,2359,1,0
2021-02,790,1,1,7718,0,0
2021-02,790,2,0,260,0,0
2021-02,790,2,1,1315,1,0
2021-02,800,1,0,2533,0,0
2021-02,800,1,1,8152,0,0
2021-02,800,2,0,258,0,0
2021-02,800,2,1,1423,0,0
2021-02,810,1,0,2628,0,0
2021-02,810,1,1,8616,1,0
2021-02,810,2,0,267,0,0
2021-02,810,2,1,1435,0,0
2021-02,820,1,0,2645,0,0
2021-02,820,1,1,8836,0,0
2021-02,820,2,0,252,0,0
2021-02,820,2,1,1446,0,0
2021-02,830,1,0,2806,0,0
2021-02,830,1,1,8892,0,0
2021-02,830,2,0,260,0,0
2021-02,830,2,1,1413,0,0
2021-02,840,1,0,2517,0,0
2021-02,840,1,1,8330,0,0
2021-02,840,2,0,252,0,0
2021-02,840,2,1,1263,0,0
2021-02,850,1,0,2420,0,0
2021-02,850,1,1,8464,0,0
2021-02,850,2,0,249,1,1
2021-02,850,2,1,1203,0,0
2021-02,860,1,0,1900,0,0
2021-02,860,1,1,6777,0,0
2021-02,860,2,0,163,0,0
2021-02,860,2,1,946,0,0
2021-02,870,1,0,1479,0,0
2021-02,870,1,1,5049,0,0
2021-02,870,2,0,145,0,0
2021-02,870,2,1,654,0,0
2021-02,880,1,0,848,0,0
2021-02,880,1,1,2855,0,0
2021-02,880,2,0,69,0,0
2021-02,880,2,1,356,0,0
2021-02,890,1,0,317,0,0
2021-02,890,1,1,1117,0,0
2021-02,890,2,0,27,0,0
2021-02,890,2,1,135,0,0
2021-03,380,1,0,1,0,0
2021-03,380,2,1,1,0,0
2021-03,390,1,0,1,0,0
2021-03,390,1,1,2,0,0
2021-03,400,1,1,2,0,0
2021-03,410,1,0,1,0,0
2021-03,410,1,1,7,0,0
2021-03,410,2,0,1,0,0
2021-03,410,2,1,3,0,0
2021-03,420,1,0,4,0,0
2021-03,420,1,1,5,0,0
2021-03,420,2,1,2,0,0
2021-03,430,1,0,2,0,0
2021-03,430,1,1,14,0,0
2021-03,430,2,0,1,0,0
2021-03,430,2,1,2,0,0
2021-03,440,1,0,1,0,0
2021-03,440,1,1,20,0,0
2021-03,440,2,0,1,0,0
2021-03,440,2,1,12,0,0
2021-03,450,1,0,6,0,0
2021-03,450,1,1,40,0,0
2021-03,450,2,0,4,0,0
2021-03,450,2,1,14,0,0
2021-03,460,1,0,5,0,0
2021-03,460,1,1,52,0,0
2021-03,460,2,0,5,0,0
2021-03,460,2,1,12,0,0
2021-03,470,1,0,17,0,0
2021-03,470,1,1,93,0,0
2021-03,470,2,0,5,0,0
2021-03,470,2,1,30,0,0
2021-03,480,1,0,17,0,0
2021-03,480,1,1,142,0,0
2021-03,480,2,0,6,0,0
2021-03,480,2,1,38,0,0
2021-03,490,1,0,31,0,0
2021-03,490,1,1,192,0,0
2021-03,490,2,0,13,0,0
2021-03,490,2,1,59,0,0
2021-03,500,1,0,52,0,0
2021-03,500,1,1,226,0,0
2021-03,500,2,0,19,0,0
2021-03,500,2,1,96,0,0
2021-03,510,1,0,88,0,0
2021-03,510,1,1,389,1,0
2021-03,510,2,0,28,0,0
2021-03,510,2,1,120,0,0
2021-03,520,1,0,121,0,0
2021-03,520,1,1,560,2,0
2021-03,520,2,0,23,0,0
2021-03,520,2,1,129,0,0
2021-03,530,1,0,182,0,0
2021-03,530,1,1,731,1,0
2021-03,530,2,0,39,0,0
2021-03,530,2,1,193,1,0
2021-03,540,1,0,284,0,0
2021-03,540,1,1,965,0,0
2021-03,540,2,0,61,0,0
2021-03,540,2,1,227,0,0
2021-03,550,1,0,424,0,0
2021-03,550,1,1,1258,2,0
2021-03,550,2,0,74,0,0
2021-03,550,2,1,257,1,0
2021-03,560,1,0,451,0,0
2021-03,560,1,1,1526,4,1
2021-03,560,2,0,99,0,0
2021-03,560,2,1,315,1,0
2021-03,570,1,0,586,0,0
2021-03,570,1,1,1926,8,0
2021-03,570,2,0,118,0,0
2021-03,570,2,1,424,0,0
2021-03,580,1,0,696,1,0
2021-03,580,1,1,2132,5,1
2021-03,580,2,0,137,0,0
2021-03,580,2,1,436,1,0
2021-03,590,1,0,898,0,0
2021-03,590,1,1,2690,4,2
2021-03,590,2,0,191,0,0
2021-03,590,2,1,636,0,0
2021-03,600,1,0,946,2,0
2021-03,600,1,1,3121,8,1
2021-03,600,2,0,221,0,0
2021-03,600,2,1,672,1,0
2021-03,610,1,0,1205,2,0
2021-03,610,1,1,3766,4,0
2021-03,610,2,0,259,0,0
2021-03,610,2,1,846,1,0
2021-03,620,1,0,1392,0,0
2021-03,620,1,1,3959,3,0
2021-03,620,2,0,416,0,0
2021-03,620,2,1,1211,1,0
2021-03,630,1,0,1624,0,0
2021-03,630,1,1,4388,6,1
2021-03,630,2,0,412,0,0
2021-03,630,2,1,1387,2,0
2021-03,640,1,0,1581,0,0
2021-03,640,1,1,4580,7,0
2021-03,640,2,0,443,0,0
2021-03,640,2,1,1355,1,0
2021-03,650,1,0,1774,0,0
2021-03,650,1,1,5288,4,0
2021-03,650,2,0,451,0,0
2021-03,650,2,1,1649,0,0
2021-03,660,1,0,1645,0,0
2021-03,660,1,1,5265,6,1
2021-03,660,2,0,306,1,0
2021-03,660,2,1,1561,0,0
2021-03,670,1,0,1760,0,0
2021-03,670,1,1,5868,7,0
2021-03,670,2,0,349,0,0
2021-03,670,2,1,1643,1,0
2021-03,680,1,0,1662,1,0
2021-03,680,1,1,5747,8,1
2021-03,680,2,0,374,1,0
2021-03,680,2,1,1660,0,0
2021-03,690,1,0,2010,1,0
2021-03,690,1,1,6150,2,0
2021-03,690,2,0,361,0,0
2021-03,690,2,1,1693,1,0
2021-03,700,1,0,1986,0,0
2021-03,700,1,1,6024,2,0
2021-03,700,2,0,355,0,0
2021-03,700,2,1,1714,1,0
2021-03,710,1,0,1976,1,0
2021-03,710,1,1,6363,6,1
2021-03,710,2,0,331,0,0
2021-03,710,2,1,1810,0,0
2021-03,720,1,0,2127,1,0
2021-03,720,1,1,6393,1,0
2021-03,720,2,0,319,0,0
2021-03,720,2,1,1607,0,0
2021-03,730,1,0,2149,0,0
2021-03,730,1,1,6846,1,1
2021-03,730,2,0,314,0,0
2021-03,730,2,1,1699,0,0
2021-03,740,1,0,2053,0,0
2021-03,740,1,1,6683,2,0
2021-03,740,2,0,286,0,0
2021-03,740,2,1,1586,0,0
2021-03,750,1,0,2056,1,0
2021-03,750,1,1,6789,1,0
2021-03,750,2,0,274,1,0
2021-03,750,2,1,1515,0,0
2021-03,760,1,0,2079,0,0
2021-03,760,1,1,6725,1,0
2021-03,760,2,0,278,0,0
2021-03,760,2,1,1445,0,0
2021-03,770,1,0,2122,0,0
2021-03,770,1,1,6902,1,0
2021-03,770,2,0,271,0,0
2021-03,770,2,1,1400,0,0
2021-03,780,1,0,2281,0,0
2021-03,780,1,1,7143,0,0
2021-03,780,2,0,286,0,0
2021-03,780,2,1,1437,1,0
2021-03,790,1,0,2306,0,0
2021-03,790,1,1,7520,3,1
2021-03,790,2,0,256,0,0
2021-03,790,2,1,1280,2,0
2021-03,800,1,0,2474,0,0
2021-03,800,1,1,7957,1,0
2021-03,800,2,0,250,0,0
2021-03,800,2,1,1396,0,0
2021-03,810,1,0,2582,0,0
2021-03,810,1,1,8404,1,0
2021-03,810,2,0,259,0,0
2021-03,810,2,1,1399,0,0
2021-03,820,1,0,2589,0,0
2021-03,820,1,1,8632,0,0
2021-03,820,2,0,243,0,0
2021-03,820,2,1,1402,1,0
2021-03,830,1,0,2739,0,0
2021-03,830,1,1,8696,0,0
2021-03,830,2,0,252,0,0
2021-03,830,2,1,1366,0,0
2021-03,840,1,0,2471,0,0
2021-03,840,1,1,8138,0,0
2021-03,840,2,0,244,0,0
2021-03,840,2,1,1226,0,0
2021-03,850,1,0,2377,0,0
2021-03,850,1,1,8252,0,0
2021-03,850,2,0,247,0,0
2021-03,850,2,1,1170,0,0
2021-03,860,1,0,1868,0,0
2021-03,860,1,1,6629,0,0
2021-03,860,2,0,159,0,0
2021-03,860,2,1,924,0,0
2021-03,870,1,0,1457,0,0
2021-03,870,1,1,4958,0,0
2021-03,870,2,0,140,0,0
2021-03,870,2,1,639,0,0
2021-03,880,1,0,841,0,0
2021-03,880,1,1,2796,0,0
2021-03,880,2,0,68,0,0
2021-03,880,2,1,343,0,0
2021-03,890,1,0,313,0,0
2021-03,890,1,1,1099,0,0
2021-03,890,2,0,26,0,0
2021-03,890,2,1,133,0,0
2021-04,380,1,1,1,0,0
2021-04,380,2,1,1,0,0
2021-04,390,1,0,1,0,0
2021-04,390,1,1,1,0,0
2021-04,400,1,1,2,0,0
2021-04,410,1,0,1,0,0
2021-04,410,1,1,7,0,0
2021-04,410,2,0,1,0,0
2021-04,410,2,1,3,0,0
2021-04,420,1,0,2,0,0
2021-04,420,1,1,7,0,0
2021-04,420,2,1,2,0,0
2021-04,430,1,0,1,0,0
2021-04,430,1,1,12,0,0
2021-04,430,2,1,3,0,0
2021-04,440,1,0,1,0,0
2021-04,440,1,1,15,0,0
2021-04,440,2,1,12,0,0
2021-04,450,1,0,2,1,0
2021-04,450,1,1,36,0,0
2021-04,450,2,0,2,0,0
2021-04,450,2,1,15,0,0
2021-04,460,1,0,4,0,0
2021-04,460,1,1,45,0,0
2021-04,460,2,0,2,0,0
2021-04,460,2,1,13,0,0
2021-04,470,1,0,7,0,0
2021-04,470,1,1,94,0,0
2021-04,470,2,0,4,0,0
2021-04,470,2,1,31,0,0
2021-04,480,1,0,7,0,0
2021-04,480,1,1,140,0,0
2021-04,480,2,1,41,0,0
2021-04,490,1,0,13,0,0
2021-04,490,1,1,190,0,0
2021-04,490,2,0,5,0,0
2021-04,490,2,1,64,0,0
2021-04,500,1,0,25,0,0
2021-04,500,1,1,229,0,0
2021-04,500,2,0,10,0,0
2021-04,500,2,1,100,0,0
2021-04,510,1,0,45,0,0
2021-04,510,1,1,392,0,0
2021-04,510,2,0,12,0,0
2021-04,510,2,1,126,0,0
2021-04,520,1,0,60,0,0
2021-04,520,1,1,574,0,0
2021-04,520,2,0,14,0,0
2021-04,520,2,1,128,0,0
2021-04,530,1,0,94,0,0
2021-04,530,1,1,735,1,0
2021-04,530,2,0,20,0,0
2021-04,530,2,1,192,0,0
2021-04,540,1,0,139,0,0
2021-04,540,1,1,1013,1,0
2021-04,540,2,0,24,0,0
2021-04,540,2,1,246,0,0
2021-04,550,1,0,233,0,0
2021-04,550,1,1,1323,0,0
2021-04,550,2,0,40,0,0
2021-04,550,2,1,266,1,0
2021-04,560,1,0,247,1,0
2021-04,560,1,1,1573,2,0
2021-04,560,2,0,51,0,0
2021-04,560,2,1,336,0,0
2021-04,570,1,0,306,0,0
2021-04,570,1,1,2028,7,1
2021-04,570,2,0,63,0,0
2021-04,570,2,1,443,0,0
2021-04,580,1,0,349,0,0
2021-04,580,1,1,2276,6,1
2021-04,580,2,0,69,0,0
2021-04,580,2,1,463,2,0
2021-04,590,1,0,450,0,0
2021-04,590,1,1,2866,2,0
2021-04,590,2,0,94,0,0
2021-04,590,2,1,684,0,0
2021-04,600,1,0,480,0,0
2021-04,600,1,1,3257,4,1
2021-04,600,2,0,109,0,0
2021-04,600,2,1,733,1,0
2021-04,610,1,0,562,1,0
2021-04,610,1,1,4010,6,1
2021-04,610,2,0,135,0,0
2021-04,610,2,1,886,0,0
2021-04,620,1,0,713,2,0
2021-04,620,1,1,4174,7,0
2021-04,620,2,0,207,0,0
2021-04,620,2,1,1309,0,0
2021-04,630,1,0,825,0,0
2021-04,630,1,1,4681,4,0
2021-04,630,2,0,216,0,0
2021-04,630,2,1,1449,2,0
2021-04,640,1,0,800,1,0
2021-04,640,1,1,4892,7,0
2021-04,640,2,0,232,0,0
2021-04,640,2,1,1428,1,1
2021-04,650,1,0,901,0,0
2021-04,650,1,1,5559,2,0
2021-04,650,2,0,233,0,0
2021-04,650,2,1,1680,0,0
2021-04,660,1,0,872,0,0
2021-04,660,1,1,5446,0,0
2021-04,660,2,0,144,0,0
2021-04,660,2,1,1570,0,0
2021-04,670,1,0,891,0,0
2021-04,670,1,1,6082,2,1
2021-04,670,2,0,171,0,0
2021-04,670,2,1,1665,1,0
2021-04,680,1,0,835,0,0
2021-04,680,1,1,5925,5,1
2021-04,680,2,0,190,0,0
2021-04,680,2,1,1676,0,0
2021-04,690,1,0,998,0,0
2021-04,690,1,1,6511,2,0
2021-04,690,2,0,183,0,0
2021-04,690,2,1,1712,0,0
2021-04,700,1,0,1018,0,0
2021-04,700,1,1,6330,2,0
2021-04,700,2,0,172,0,0
2021-04,700,2,1,1737,1,0
2021-04,710,1,0,1008,0,0
2021-04,710,1,1,6656,2,0
2021-04,710,2,0,159,0,0
2021-04,710,2,1,1817,0,0
2021-04,720,1,0,1017,0,0
2021-04,720,1,1,6862,0,0
2021-04,720,2,0,142,0,0
2021-04,720,2,1,1646,0,0
2021-04,730,1,0,1078,0,0
2021-04,730,1,1,7196,2,0
2021-04,730,2,0,144,0,0
2021-04,730,2,1,1716,0,0
2021-04,740,1,0,1022,0,0
2021-04,740,1,1,7004,1,0
2021-04,740,2,0,135,0,0
2021-04,740,2,1,1586,0,0
2021-04,750,1,0,1043,0,0
2021-04,750,1,1,7076,1,0
2021-04,750,2,0,134,0,0
2021-04,750,2,1,1531,0,0
2021-04,760,1,0,1029,0,0
2021-04,760,1,1,7042,0,0
2021-04,760,2,0,130,0,0
2021-04,760,2,1,1443,0,0
2021-04,770,1,0,1029,0,0
2021-04,770,1,1,7295,0,0
2021-04,770,2,0,134,0,0
2021-04,770,2,1,1422,0,0
2021-04,780,1,0,1146,0,0
2021-04,780,1,1,7555,1,0
2021-04,780,2,0,128,0,0
2021-04,780,2,1,1457,0,0
2021-04,790,1,0,1220,0,0
2021-04,790,1,1,7806,1,0
2021-04,790,2,0,108,0,0
2021-04,790,2,1,1316,1,0
2021-04,800,1,0,1246,0,0
2021-04,800,1,1,8334,0,0
2021-04,800,2,0,114,0,0
2021-04,800,2,1,1403,0,0
2021-04,810,1,0,1261,0,0
2021-04,810,1,1,8872,1,0
2021-04,810,2,0,115,0,0
2021-04,810,2,1,1402,0,0
2021-04,820,1,0,1313,0,0
2021-04,820,1,1,8987,0,0
2021-04,820,2,0,123,0,0
2021-04,820,2,1,1399,0,0
2021-04,830,1,0,1384,0,0
2021-04,830,1,1,9113,1,0
2021-04,830,2,0,108,0,0
2021-04,830,2,1,1392,0,0
2021-04,840,1,0,1223,0,0
2021-04,840,1,1,8559,1,0
2021-04,840,2,0,102,0,0
2021-04,840,2,1,1226,0,0
2021-04,850,1,0,1204,0,0
2021-04,850,1,1,8544,0,0
2021-04,850,2,0,117,0,0
2021-04,850,2,1,1183,0,0
2021-04,860,1,0,923,0,0
2021-04,860,1,1,6931,0,0
2021-04,860,2,0,68,0,0
2021-04,860,2,1,925,0,0
2021-04,870,1,0,702,0,0
2021-04,870,1,1,5250,0,0
2021-04,870,2,0,66,0,0
2021-04,870,2,1,663,0,0
2021-04,880,1,0,415,0,0
2021-04,880,1,1,2973,0,0
2021-04,880,2,0,34,0,0
2021-04,880,2,1,353,0,0
2021-04,890,1,0,149,0,0
2021-04,890,1,1,1169,0,0
2021-04,890,2,0,15,0,0
2021-04,890,2,1,140,0,0
2021-05,380,1,1,1,0,0
2021-05,380,2,1,1,0,0
2021-05,390,1,0,1,0,0
2021-05,390,1,1,1,0,0
2021-05,400,1,1,2,0,0
2021-05,410,1,0,1,0,0
2021-05,410,1,1,7,0,0
2021-05,410,2,0,1,0,0
2021-05,410,2,1,3,0,0
2021-05,420,1,0,2,0,0
2021-05,420,1,1,7,0,0
2021-05,420,2,1,2,0,0
2021-05,430,1,0,1,0,0
2021-05,430,1,1,12,0,0
2021-05,430,2,1,3,0,0
2021-05,440,1,0,1,0,0
2021-05,440,1,1,15,0,0
2021-05,440,2,1,12,0,0
2021-05,450,1,0,1,0,0
2021-05,450,1,1,36,0,0
2021-05,450,2,0,2,0,0
2021-05,450,2,1,12,0,0
2021-05,460,1,0,4,0,0
2021-05,460,1,1,45,0,0
2021-05,460,2,0,2,0,0
2021-05,460,2,1,13,0,0
2021-05,470,1,0,7,0,0
2021-05,470,1,1,94,0,0
2021-05,470,2,0,4,0,0
2021-05,470,2,1,31,0,0
2021-05,480,1,0,7,0,0
2021-05,480,1,1,134,0,0
2021-05,480,2,1,39,0,0
2021-05,490,1,0,12,0,0
2021-05,490,1,1,185,0,0
2021-05,490,2,0,5,0,0
2021-05,490,2,1,60,0,0
2021-05,500,1,0,25,0,0
2021-05,500,1,1,227,0,0
2021-05,500,2,0,10,0,0
2021-05,500,2,1,96,0,0
2021-05,510,1,0,45,0,0
2021-05,510,1,1,386,0,0
2021-05,510,2,0,12,0,0
2021-05,510,2,1,123,0,0
2021-05,520,1,0,59,0,0
2021-05,520,1,1,558,1,0
2021-05,520,2,0,14,0,0
2021-05,520,2,1,126,0,0
2021-05,530,1,0,94,1,1
2021-05,530,1,1,702,0,0
2021-05,530,2,0,19,0,0
2021-05,530,2,1,187,1,1
2021-05,540,1,0,139,0,0
2021-05,540,1,1,975,0,0
2021-05,540,2,0,23,0,0
2021-05,540,2,1,240,0,0
2021-05,550,1,0,229,0,0
2021-05,550,1,1,1285,1,0
2021-05,550,2,0,40,0,0
2021-05,550,2,1,257,1,0
2021-05,560,1,0,240,0,0
2021-05,560,1,1,1538,3,1
2021-05,560,2,0,51,0,0
2021-05,560,2,1,327,0,0
2021-05,570,1,0,304,0,0
2021-05,570,1,1,1975,2,0
2021-05,570,2,0,61,0,0
2021-05,570,2,1,432,0,0
2021-05,580,1,0,342,0,0
2021-05,580,1,1,2210,2,0
2021-05,580,2,0,68,0,0
2021-05,580,2,1,447,1,0
2021-05,590,1,0,444,0,0
2021-05,590,1,1,2785,2,1
2021-05,590,2,0,90,0,0
2021-05,590,2,1,665,1,0
2021-05,600,1,0,473,1,0
2021-05,600,1,1,3161,4,0
2021-05,600,2,0,108,0,0
2021-05,600,2,1,711,0,0
2021-05,610,1,0,550,0,0
2021-05,610,1,1,3883,5,0
2021-05,610,2,0,132,0,0
2021-05,610,2,1,868,0,0
2021-05,620,1,0,699,0,0
2021-05,620,1,1,4036,4,0
2021-05,620,2,0,201,0,0
2021-05,620,2,1,1268,0,0
2021-05,630,1,0,800,2,1
2021-05,630,1,1,4549,8,0
2021-05,630,2,0,212,1,0
2021-05,630,2,1,1415,2,0
2021-05,640,1,0,785,0,0
2021-05,640,1,1,4748,1,0
2021-05,640,2,0,230,0,0
2021-05,640,2,1,1385,1,1
2021-05,650,1,0,882,0,0
2021-05,650,1,1,5403,3,0
2021-05,650,2,0,225,1,0
2021-05,650,2,1,1625,1,1
2021-05,660,1,0,857,0,0
2021-05,660,1,1,5279,3,1
2021-05,660,2,0,138,0,0
2021-05,660,2,1,1521,2,0
2021-05,670,1,0,875,0,0
2021-05,670,1,1,5895,5,0
2021-05,670,2,0,167,0,0
2021-05,670,2,1,1610,2,0
2021-05,680,1,0,821,0,0
2021-05,680,1,1,5762,3,0
2021-05,680,2,0,188,0,0
2021-05,680,2,1,1628,2,0
2021-05,690,1,0,977,0,0
2021-05,690,1,1,6342,1,0
2021-05,690,2,0,179,0,0
2021-05,690,2,1,1651,1,0
2021-05,700,1,0,989,0,0
2021-05,700,1,1,6132,0,0
2021-05,700,2,0,169,0,0
2021-05,700,2,1,1687,0,0
2021-05,710,1,0,981,0,0
2021-05,710,1,1,6457,2,0
2021-05,710,2,0,151,0,0
2021-05,710,2,1,1768,1,0
2021-05,720,1,0,996,0,0
2021-05,720,1,1,6661,2,1
2021-05,720,2,0,138,0,0
2021-05,720,2,1,1611,1,0
2021-05,730,1,0,1050,0,0
2021-05,730,1,1,6996,1,0
2021-05,730,2,0,139,0,0
2021-05,730,2,1,1657,1,0
2021-05,740,1,0,1003,0,0
2021-05,740,1,1,6820,0,0
2021-05,740,2,0,135,0,0
2021-05,740,2,1,1535,0,0
2021-05,750,1,0,1014,0,0
2021-05,750,1,1,6875,1,0
2021-05,750,2,0,133,0,0
2021-05,750,2,1,1471,0,0
2021-05,760,1,0,998,0,0
2021-05,760,1,1,6849,0,0
2021-05,760,2,0,127,0,0
2021-05,760,2,1,1392,0,0
2021-05,770,1,0,1002,0,0
2021-05,770,1,1,7108,1,0
2021-05,770,2,0,133,0,0
2021-05,770,2,1,1364,1,1
2021-05,780,1,0,1119,0,0
2021-05,780,1,1,7362,1,0
2021-05,780,2,0,125,0,0
2021-05,780,2,1,1400,0,0
2021-05,790,1,0,1192,0,0
2021-05,790,1,1,7562,0,0
2021-05,790,2,0,108,0,0
2021-05,790,2,1,1260,0,0
2021-05,800,1,0,1208,0,0
2021-05,800,1,1,8090,2,0
2021-05,800,2,0,113,0,0
2021-05,800,2,1,1352,1,0
2021-05,810,1,0,1228,0,0
2021-05,810,1,1,8604,0,0
2021-05,810,2,0,110,0,0
2021-05,810,2,1,1351,0,0
2021-05,820,1,0,1281,1,0
2021-05,820,1,1,8729,0,0
2021-05,820,2,0,119,0,0
2021-05,820,2,1,1353,0,0
2021-05,830,1,0,1348,0,0
2021-05,830,1,1,8872,0,0
2021-05,830,2,0,104,0,0
2021-05,830,2,1,1341,0,0
2021-05,840,1,0,1199,0,0
2021-05,840,1,1,8301,0,0
2021-05,840,2,0,100,0,0
2021-05,840,2,1,1190,0,0
2021-05,850,1,0,1170,0,0
2021-05,850,1,1,8295,0,0
2021-05,850,2,0,114,0,0
2021-05,850,2,1,1137,0,0
2021-05,860,1,0,900,0,0
2021-05,860,1,1,6755,1,0
2021-05,860,2,0,66,0,0
2021-05,860,2,1,894,0,0
2021-05,870,1,0,684,0,0
2021-05,870,1,1,5129,0,0
2021-05,870,2,0,65,0,0
2021-05,870,2,1,628,0,0
2021-05,880,1,0,404,0,0
2021-05,880,1,1,2898,0,0
2021-05,880,2,0,32,0,0
2021-05,880,2,1,338,0,0
2021-05,890,1,0,142,0,0
2021-05,890,1,1,1141,0,0
2021-05,890,2,0,15,0,0
2021-05,890,2,1,135,0,0
2021-06,380,1,1,1,0,0
2021-06,380,2,1,1,0,0
2021-06,390,1,0,1,0,0
2021-06,390,1,1,1,0,0
2021-06,400,1,1,2,0,0
2021-06,410,1,0,1,0,0
2021-06,410,1,1,7,0,0
2021-06,410,2,0,1,0,0
2021-06,410,2,1,3,0,0
2021-06,420,1,0,2,0,0
2021-06,420,1,1,6,0,0
2021-06,420,2,1,2,0,0
2021-06,430,1,0,1,0,0
2021-06,430,1,1,11,0,0
2021-06,430,2,1,3,0,0
2021-06,440,1,0,1,0,0
2021-06,440,1,1,15,0,0
2021-06,440,2,1,12,0,0
2021-06,450,1,0,1,0,0
2021-06,450,1,1,36,0,0
2021-06,450,2,0,2,0,0
2021-06,450,2,1,12,1,0
2021-06,460,1,0,4,0,0
2021-06,460,1,1,42,0,0
2021-06,460,2,0,2,0,0
2021-06,460,2,1,13,0,0
2021-06,470,1,0,7,0,0
2021-06,470,1,1,92,0,0
2021-06,470,2,0,4,0,0
2021-06,470,2,1,31,0,0
2021-06,480,1,0,7,0,0
2021-06,480,1,1,129,0,0
2021-06,480,2,1,37,0,0
2021-06,490,1,0,12,0,0
2021-06,490,1,1,185,0,0
2021-06,490,2,0,5,0,0
2021-06,490,2,1,59,0,0
2021-06,500,1,0,25,0,0
2021-06,500,1,1,226,0,0
2021-06,500,2,0,9,0,0
2021-06,500,2,1,95,0,0
2021-06,510,1,0,45,0,0
2021-06,510,1,1,370,0,0
2021-06,510,2,0,12,0,0
2021-06,510,2,1,118,0,0
2021-06,520,1,0,58,0,0
2021-06,520,1,1,545,0,0
2021-06,520,2,0,14,0,0
2021-06,520,2,1,123,0,0
2021-06,530,1,0,91,0,0
2021-06,530,1,1,682,0,0
2021-06,530,2,0,19,0,0
2021-06,530,2,1,183,1,1
2021-06,540,1,0,138,0,0
2021-06,540,1,1,956,2,0
2021-06,540,2,0,22,0,0
2021-06,540,2,1,229,0,0
2021-06,550,1,0,228,0,0
2021-06,550,1,1,1246,1,0
2021-06,550,2,0,39,0,0
2021-06,550,2,1,245,0,0
2021-06,560,1,0,237,0,0
2021-06,560,1,1,1497,1,0
2021-06,560,2,0,49,0,0
2021-06,560,2,1,319,0,0
2021-06,570,1,0,300,0,0
2021-06,570,1,1,1912,3,1
2021-06,570,2,0,59,0,0
2021-06,570,2,1,413,0,0
2021-06,580,1,0,335,1,0
2021-06,580,1,1,2152,4,1
2021-06,580,2,0,67,0,0
2021-06,580,2,1,432,1,0
2021-06,590,1,0,441,2,1
2021-06,590,1,1,2719,4,2
2021-06,590,2,0,87,0,0
2021-06,590,2,1,653,0,0
2021-06,600,1,0,465,0,0
2021-06,600,1,1,3067,7,0
2021-06,600,2,0,107,0,0
2021-06,600,2,1,692,2,2
2021-06,610,1,0,536,1,0
2021-06,610,1,1,3766,1,0
2021-06,610,2,0,131,0,0
2021-06,610,2,1,850,0,0
2021-06,620,1,0,688,1,1
2021-06,620,1,1,3917,3,1
2021-06,620,2,0,196,0,0
2021-06,620,2,1,1233,1,0
2021-06,630,1,0,786,0,0
2021-06,630,1,1,4420,4,0
2021-06,630,2,0,204,0,0
2021-06,630,2,1,1381,1,1
2021-06,640,1,0,771,0,0
2021-06,640,1,1,4599,2,0
2021-06,640,2,0,226,0,0
2021-06,640,2,1,1340,0,0
2021-06,650,1,0,872,0,0
2021-06,650,1,1,5248,3,0
2021-06,650,2,0,218,0,0
2021-06,650,2,1,1586,1,0
2021-06,660,1,0,840,0,0
2021-06,660,1,1,5141,0,0
2021-06,660,2,0,136,0,0
2021-06,660,2,1,1489,0,0
2021-06,670,1,0,857,1,0
2021-06,670,1,1,5743,5,0
2021-06,670,2,0,165,0,0
2021-06,670,2,1,1562,1,0
2021-06,680,1,0,800,0,0
2021-06,680,1,1,5627,2,0
2021-06,680,2,0,182,0,0
2021-06,680,2,1,1587,0,0
2021-06,690,1,0,955,0,0
2021-06,690,1,1,6177,3,0
2021-06,690,2,0,177,0,0
2021-06,690,2,1,1604,0,0
2021-06,700,1,0,964,0,0
2021-06,700,1,1,5955,0,0
2021-06,700,2,0,168,0,0
2021-06,700,2,1,1646,0,0
2021-06,710,1,0,959,0,0
2021-06,710,1,1,6248,1,0
2021-06,710,2,0,149,0,0
2021-06,710,2,1,1718,0,0
2021-06,720,1,0,974,0,0
2021-06,720,1,1,6469,3,0
2021-06,720,2,0,135,0,0
2021-06,720,2,1,1555,1,0
2021-06,730,1,0,1023,0,0
2021-06,730,1,1,6825,0,0
2021-06,730,2,0,134,0,0
2021-06,730,2,1,1617,0,0
2021-06,740,1,0,975,0,0
2021-06,740,1,1,6614,0,0
2021-06,740,2,0,133,0,0
2021-06,740,2,1,1499,0,0
2021-06,750,1,0,993,0,0
2021-06,750,1,1,6714,3,2
2021-06,750,2,0,131,0,0
2021-06,750,2,1,1432,1,0
2021-06,760,1,0,977,0,0
2021-06,760,1,1,6668,0,0
2021-06,760,2,0,123,0,0
2021-06,760,2,1,1356,0,0
2021-06,770,1,0,975,0,0
2021-06,770,1,1,6937,1,0
2021-06,770,2,0,130,0,0
2021-06,770,2,1,1322,0,0
2021-06,780,1,0,1100,0,0
2021-06,780,1,1,7143,0,0
2021-06,780,2,0,123,0,0
2021-06,780,2,1,1353,0,0
2021-06,790,1,0,1165,0,0
2021-06,790,1,1,7362,0,0
2021-06,790,2,0,101,0,0
2021-06,790,2,1,1225,0,0
2021-06,800,1,0,1184,0,0
2021-06,800,1,1,7873,0,0
2021-06,800,2,0,110,0,0
2021-06,800,2,1,1304,0,0
2021-06,810,1,0,1204,0,0
2021-06,810,1,1,8412,0,0
2021-06,810,2,0,108,0,0
2021-06,810,2,1,1322,0,0
2021-06,820,1,0,1248,0,0
2021-06,820,1,1,8529,0,0
2021-06,820,2,0,119,0,0
2021-06,820,2,1,1319,0,0
2021-06,830,1,0,1310,0,0
2021-06,830,1,1,8659,0,0
2021-06,830,2,0,102,0,0
2021-06,830,2,1,1302,0,0
2021-06,840,1,0,1171,0,0
2021-06,840,1,1,8081,0,0
2021-06,840,2,0,98,0,0
2021-06,840,2,1,1164,0,0
2021-06,850,1,0,1153,0,0
2021-06,850,1,1,8095,0,0
2021-06,850,2,0,114,0,0
2021-06,850,2,1,1099,0,0
2021-06,860,1,0,879,0,0
2021-06,860,1,1,6583,0,0
2021-06,860,2,0,64,0,0
2021-06,860,2,1,872,0,0
2021-06,870,1,0,671,0,0
2021-06,870,1,1,4999,0,0
2021-06,870,2,0,64,0,0
2021-06,870,2,1,609,0,0
2021-06,880,1,0,392,0,0
2021-06,880,1,1,2826,0,0
2021-06,880,2,0,32,0,0
2021-06,880,2,1,333,0,0
2021-06,890,1,0,140,0,0
2021-06,890,1,1,1114,0,0
2021-06,890,2,0,15,0,0
2021-06,890,2,1,129,0,0
2021-07,380,1,1,1,0,0
2021-07,380,2,1,1,0,0
2021-07,390,1,1,2,0,0
2021-07,400,1,1,2,0,0
2021-07,410,1,1,8,0,0
2021-07,410,2,1,4,0,0
2021-07,420,1,1,7,0,0
2021-07,420,2,1,2,0,0
2021-07,430,1,1,12,0,0
2021-07,430,2,1,3,0,0
2021-07,440,1,1,14,0,0
2021-07,440,2,1,11,0,0
2021-07,450,1,1,37,0,0
2021-07,450,2,1,12,0,0
2021-07,460,1,1,43,0,0
2021-07,460,2,1,15,0,0
2021-07,470,1,1,96,0,0
2021-07,470,2,1,33,0,0
2021-07,480,1,1,131,1,1
2021-07,480,2,1,37,0,0
2021-07,490,1,1,190,0,0
2021-07,490,2,1,64,0,0
2021-07,500,1,1,242,0,0
2021-07,500,2,1,101,0,0
2021-07,510,1,1,406,0,0
2021-07,510,2,1,127,1,0
2021-07,520,1,1,589,2,0
2021-07,520,2,1,132,0,0
2021-07,530,1,1,755,0,0
2021-07,530,2,1,195,0,0
2021-07,540,1,1,1056,2,0
2021-07,540,2,1,242,0,0
2021-07,550,1,1,1430,4,1
2021-07,550,2,1,276,0,0
2021-07,560,1,1,1662,0,0
2021-07,560,2,1,356,0,0
2021-07,570,1,1,2139,3,0
2021-07,570,2,1,462,1,0
2021-07,580,1,1,2411,3,0
2021-07,580,2,1,486,0,0
2021-07,590,1,1,3049,2,0
2021-07,590,2,1,717,0,0
2021-07,600,1,1,3425,2,0
2021-07,600,2,1,769,1,0
2021-07,610,1,1,4159,5,1
2021-07,610,2,1,946,0,0
2021-07,620,1,1,4466,3,2
2021-07,620,2,1,1381,2,0
2021-07,630,1,1,5050,5,2
2021-07,630,2,1,1527,0,0
2021-07,640,1,1,5208,4,1
2021-07,640,2,1,1522,0,0
2021-07,650,1,1,5899,2,0
2021-07,650,2,1,1736,2,0
2021-07,660,1,1,5758,2,1
2021-07,660,2,1,1575,0,0
2021-07,670,1,1,6383,7,1
2021-07,670,2,1,1657,0,0
2021-07,680,1,1,6230,3,2
2021-07,680,2,1,1709,1,0
2021-07,690,1,1,6875,2,1
2021-07,690,2,1,1711,0,0
2021-07,700,1,1,6700,3,1
2021-07,700,2,1,1760,1,0
2021-07,710,1,1,6981,1,0
2021-07,710,2,1,1808,0,0
2021-07,720,1,1,7218,2,0
2021-07,720,2,1,1620,0,0
2021-07,730,1,1,7612,0,0
2021-07,730,2,1,1700,0,0
2021-07,740,1,1,7352,2,0
2021-07,740,2,1,1571,0,0
2021-07,750,1,1,7470,2,0
2021-07,750,2,1,1513,0,0
2021-07,760,1,1,7398,0,0
2021-07,760,2,1,1430,0,0
2021-07,770,1,1,7694,0,0
2021-07,770,2,1,1394,0,0
2021-07,780,1,1,7992,1,0
2021-07,780,2,1,1433,0,0
2021-07,790,1,1,8263,0,0
2021-07,790,2,1,1282,0,0
2021-07,800,1,1,8759,0,0
2021-07,800,2,1,1367,0,0
2021-07,810,1,1,9332,1,0
2021-07,810,2,1,1380,0,0
2021-07,820,1,1,9475,0,0
2021-07,820,2,1,1388,1,0
2021-07,830,1,1,9692,0,0
2021-07,830,2,1,1348,0,0
2021-07,840,1,1,8978,0,0
2021-07,840,2,1,1204,0,0
2021-07,850,1,1,8990,0,0
2021-07,850,2,1,1162,0,0
2021-07,860,1,1,7252,0,0
2021-07,860,2,1,898,0,0
2021-07,870,1,1,5516,0,0
2021-07,870,2,1,653,0,0
2021-07,880,1,1,3119,0,0
2021-07,880,2,1,355,0,0
2021-07,890,1,1,1223,0,0
2021-07,890,2,1,138,0,0
2021-08,380,1,1,1,0,0
2021-08,380,2,1,1,0,0
2021-08,390,1,1,2,0,0
2021-08,400,1,1,2,0,0
2021-08,410,1,1,6,0,0
2021-08,410,2,1,4,0,0
2021-08,420,1,1,7,0,0
2021-08,420,2,1,2,0,0
2021-08,430,1,1,10,0,0
2021-08,430,2,1,3,0,0
2021-08,440,1,1,10,0,0
2021-08,440,2,1,10,0,0
2021-08,450,1,1,31,0,0
2021-08,450,2,1,11,0,0
2021-08,460,1,1,37,0,0
2021-08,460,2,1,12,0,0
2021-08,470,1,1,80,1,0
2021-08,470,2,1,29,0,0
2021-08,480,1,1,118,0,0
2021-08,480,2,1,35,0,0
2021-08,490,1,1,168,0,0
2021-08,490,2,1,59,0,0
2021-08,500,1,1,210,1,0
2021-08,500,2,1,93,0,0
2021-08,510,1,1,359,1,0
2021-08,510,2,1,109,0,0
2021-08,520,1,1,531,2,0
2021-08,520,2,1,113,0,0
2021-08,530,1,1,663,0,0
2021-08,530,2,1,173,0,0
2021-08,540,1,1,943,2,2
2021-08,540,2,1,226,0,0
2021-08,550,1,1,1278,0,0
2021-08,550,2,1,248,0,0
2021-08,560,1,1,1484,0,0
2021-08,560,2,1,326,0,0
2021-08,570,1,1,1925,3,0
2021-08,570,2,1,420,1,0
2021-08,580,1,1,2176,2,2
2021-08,580,2,1,452,0,0
2021-08,590,1,1,2743,1,0
2021-08,590,2,1,651,0,0
2021-08,600,1,1,3096,6,0
2021-08,600,2,1,704,1,0
2021-08,610,1,1,3696,3,0
2021-08,610,2,1,862,0,0
2021-08,620,1,1,3996,3,1
2021-08,620,2,1,1243,0,0
2021-08,630,1,1,4503,2,1
2021-08,630,2,1,1347,2,0
2021-08,640,1,1,4646,3,1
2021-08,640,2,1,1389,0,0
2021-08,650,1,1,5226,2,1
2021-08,650,2,1,1577,1,1
2021-08,660,1,1,5115,2,0
2021-08,660,2,1,1420,2,0
2021-08,670,1,1,5649,3,0
2021-08,670,2,1,1483,0,0
2021-08,680,1,1,5507,3,0
2021-08,680,2,1,1527,1,1
2021-08,690,1,1,6106,4,0
2021-08,690,2,1,1523,1,0
2021-08,700,1,1,5983,2,0
2021-08,700,2,1,1582,0,0
2021-08,710,1,1,6213,0,0
2021-08,710,2,1,1621,0,0
2021-08,720,1,1,6444,1,0
2021-08,720,2,1,1441,1,0
2021-08,730,1,1,6801,0,0
2021-08,730,2,1,1547,1,1
2021-08,740,1,1,6583,4,2
2021-08,740,2,1,1409,1,0
2021-08,750,1,1,6641,0,0
2021-08,750,2,1,1375,0,0
2021-08,760,1,1,6643,0,0
2021-08,760,2,1,1288,0,0
2021-08,770,1,1,6853,0,0
2021-08,770,2,1,1252,0,0
2021-08,780,1,1,7144,0,0
2021-08,780,2,1,1305,0,0
2021-08,790,1,1,7410,0,0
2021-08,790,2,1,1168,0,0
2021-08,800,1,1,7918,0,0
2021-08,800,2,1,1239,1,0
2021-08,810,1,1,8419,1,0
2021-08,810,2,1,1247,0,0
2021-08,820,1,1,8551,2,0
2021-08,820,2,1,1267,0,0
2021-08,830,1,1,8721,3,0
2021-08,830,2,1,1237,0,0
2021-08,840,1,1,8048,0,0
2021-08,840,2,1,1094,0,0
2021-08,850,1,1,8089,0,0
2021-08,850,2,1,1047,0,0
2021-08,860,1,1,6554,0,0
2021-08,860,2,1,812,0,0
2021-08,870,1,1,4964,1,0
2021-08,870,2,1,580,0,0
2021-08,880,1,1,2808,0,0
2021-08,880,2,1,323,0,0
2021-08,890,1,1,1109,0,0
2021-08,890,2,1,124,0,0
2021-09,380,1,1,1,0,0
2021-09,380,2,1,1,0,0
2021-09,390,1,1,2,0,0
2021-09,400,1,1,2,0,0
2021-09,410,1,1,5,0,0
2021-09,410,2,1,4,0,0
2021-09,420,1,1,7,0,0
2021-09,420,2,1,2,0,0
2021-09,430,1,1,10,0,0
2021-09,430,2,1,3,0,0
2021-09,440,1,1,10,0,0
2021-09,440,2,1,10,0,0
2021-09,450,1,1,29,0,0
2021-09,450,2,1,11,0,0
2021-09,460,1,1,33,0,0
2021-09,460,2,1,12,0,0
2021-09,470,1,1,78,0,0
2021-09,470,2,1,27,0,0
2021-09,480,1,1,114,0,0
2021-09,480,2,1,35,0,0
2021-09,490,1,1,164,0,0
2021-09,490,2,1,57,0,0
2021-09,500,1,1,203,0,0
2021-09,500,2,1,92,0,0
2021-09,510,1,1,350,1,1
2021-09,510,2,1,101,1,0
2021-09,520,1,1,513,1,0
2021-09,520,2,1,108,0,0
2021-09,530,1,1,646,0,0
2021-09,530,2,1,164,0,0
2021-09,540,1,1,914,0,0
2021-09,540,2,1,221,0,0
2021-09,550,1,1,1254,4,0
2021-09,550,2,1,241,0,0
2021-09,560,1,1,1448,0,0
2021-09,560,2,1,320,1,0
2021-09,570,1,1,1873,5,1
2021-09,570,2,1,408,0,0
2021-09,580,1,1,2123,7,2
2021-09,580,2,1,435,0,0
2021-09,590,1,1,2672,2,0
2021-09,590,2,1,638,2,2
2021-09,600,1,1,3001,3,0
2021-09,600,2,1,682,1,1
2021-09,610,1,1,3571,2,0
2021-09,610,2,1,831,0,0
2021-09,620,1,1,3889,4,1
2021-09,620,2,1,1204,0,0
2021-09,630,1,1,4346,3,3
2021-09,630,2,1,1309,2,0
2021-09,640,1,1,4514,5,1
2021-09,640,2,1,1339,2,0
2021-09,650,1,1,5085,3,1
2021-09,650,2,1,1538,0,0
2021-09,660,1,1,4973,2,0
2021-09,660,2,1,1379,2,1
2021-09,670,1,1,5475,3,0
2021-09,670,2,1,1433,0,0
2021-09,680,1,1,5338,2,0
2021-09,680,2,1,1489,0,0
2021-09,690,1,1,5886,1,0
2021-09,690,2,1,1485,0,0
2021-09,700,1,1,5788,0,0
2021-09,700,2,1,1533,0,0
2021-09,710,1,1,6024,3,0
2021-09,710,2,1,1579,0,0
2021-09,720,1,1,6229,1,0
2021-09,720,2,1,1395,0,0
2021-09,730,1,1,6603,3,0
2021-09,730,2,1,1480,0,0
2021-09,740,1,1,6386,1,0
2021-09,740,2,1,1365,0,0
2021-09,750,1,1,6440,0,0
2021-09,750,2,1,1322,1,0
2021-09,760,1,1,6454,2,1
2021-09,760,2,1,1245,0,0
2021-09,770,1,1,6651,0,0
2021-09,770,2,1,1217,1,0
2021-09,780,1,1,6928,1,0
2021-09,780,2,1,1255,0,0
2021-09,790,1,1,7182,0,0
2021-09,790,2,1,1132,0,0
2021-09,800,1,1,7686,1,0
2021-09,800,2,1,1203,0,0
2021-09,810,1,1,8118,0,0
2021-09,810,2,1,1216,0,0
2021-09,820,1,1,8285,0,0
2021-09,820,2,1,1226,0,0
2021-09,830,1,1,8432,0,0
2021-09,830,2,1,1198,0,0
2021-09,840,1,1,7807,0,0
2021-09,840,2,1,1056,0,0
2021-09,850,1,1,7840,0,0
2021-09,850,2,1,1012,0,0
2021-09,860,1,1,6366,0,0
2021-09,860,2,1,786,0,0
2021-09,870,1,1,4815,0,0
2021-09,870,2,1,561,0,0
2021-09,880,1,1,2733,1,0
2021-09,880,2,1,317,0,0
2021-09,890,1,1,1080,0,0
2021-09,890,2,1,122,0,0
2021-10,380,1,1,1,0,0
2021-10,380,2,1,1,0,0
2021-10,390,1,1,2,0,0
2021-10,400,1,1,2,0,0
2021-10,410,1,1,5,0,0
2021-10,410,2,1,4,0,0
2021-10,420,1,1,6,0,0
2021-10,420,2,1,2,0,0
2021-10,430,1,1,10,0,0
2021-10,430,2,1,3,0,0
2021-10,440,1,1,10,0,0
2021-10,440,2,1,10,0,0
2021-10,450,1,1,28,0,0
2021-10,450,2,1,10,0,0
2021-10,460,1,1,31,0,0
2021-10,460,2,1,12,0,0
2021-10,470,1,1,77,0,0
2021-10,470,2,1,25,0,0
2021-10,480,1,1,111,0,0
2021-10,480,2,1,35,1,0
2021-10,490,1,1,160,1,0
2021-10,490,2,1,57,0,0
2021-10,500,1,1,196,0,0
2021-10,500,2,1,90,0,0
2021-10,510,1,1,342,0,0
2021-10,510,2,1,99,0,0
2021-10,520,1,1,493,0,0
2021-10,520,2,1,106,0,0
2021-10,530,1,1,628,1,0
2021-10,530,2,1,159,0,0
2021-10,540,1,1,897,2,2
2021-10,540,2,1,216,0,0
2021-10,550,1,1,1217,1,0
2021-10,550,2,1,236,0,0
2021-10,560,1,1,1411,0,0
2021-10,560,2,1,306,3,1
2021-10,570,1,1,1824,3,0
2021-10,570,2,1,395,2,0
2021-10,580,1,1,2063,3,0
2021-10,580,2,1,421,0,0
2021-10,590,1,1,2587,0,0
2021-10,590,2,1,620,3,0
2021-10,600,1,1,2922,2,1
2021-10,600,2,1,663,0,0
2021-10,610,1,1,3462,4,0
2021-10,610,2,1,806,0,0
2021-10,620,1,1,3767,4,0
2021-10,620,2,1,1173,3,0
2021-10,630,1,1,4212,0,0
2021-10,630,2,1,1283,0,0
2021-10,640,1,1,4364,4,2
2021-10,640,2,1,1291,1,0
2021-10,650,1,1,4933,2,1
2021-10,650,2,1,1502,1,0
2021-10,660,1,1,4812,6,0
2021-10,660,2,1,1347,2,0
2021-10,670,1,1,5270,0,0
2021-10,670,2,1,1395,2,1
2021-10,680,1,1,5144,4,1
2021-10,680,2,1,1450,0,0
2021-10,690,1,1,5680,1,0
2021-10,690,2,1,1445,0,0
2021-10,700,1,1,5592,5,2
2021-10,700,2,1,1486,1,0
2021-10,710,1,1,5811,1,0
2021-10,710,2,1,1539,0,0
2021-10,720,1,1,6011,2,0
2021-10,720,2,1,1357,1,0
2021-10,730,1,1,6377,1,0
2021-10,730,2,1,1439,1,0
2021-10,740,1,1,6175,0,0
2021-10,740,2,1,1325,0,0
2021-10,750,1,1,6207,0,0
2021-10,750,2,1,1294,0,0
2021-10,760,1,1,6219,0,0
2021-10,760,2,1,1223,0,0
2021-10,770,1,1,6421,1,1
2021-10,770,2,1,1180,0,0
2021-10,780,1,1,6695,1,0
2021-10,780,2,1,1221,0,0
2021-10,790,1,1,6954,1,0
2021-10,790,2,1,1091,1,0
2021-10,800,1,1,7385,0,0
2021-10,800,2,1,1171,0,0
2021-10,810,1,1,7851,0,0
2021-10,810,2,1,1176,0,0
2021-10,820,1,1,8022,0,0
2021-10,820,2,1,1186,0,0
2021-10,830,1,1,8181,0,0
2021-10,830,2,1,1154,0,0
2021-10,840,1,1,7556,0,0
2021-10,840,2,1,1027,0,0
2021-10,850,1,1,7612,0,0
2021-10,850,2,1,977,0,0
2021-10,860,1,1,6175,0,0
2021-10,860,2,1,766,0,0
2021-10,870,1,1,4672,0,0
2021-10,870,2,1,547,0,0
2021-10,880,1,1,2659,0,0
2021-10,880,2,1,304,0,0
2021-10,890,1,1,1052,0,0
2021-10,890,2,1,120,0,0
2021-11,380,1,1,1,0,0
2021-11,380,2,1,1,0,0
2021-11,390,1,1,2,0,0
2021-11,400,1,1,2,0,0
2021-11,410,1,1,5,0,0
2021-11,410,2,1,3,0,0
2021-11,420,1,1,5,0,0
2021-11,420,2,1,2,0,0
2021-11,430,1,1,10,0,0
2021-11,430,2,1,3,0,0
2021-11,440,1,1,10,0,0
2021-11,440,2,1,10,0,0
2021-11,450,1,1,26,0,0
2021-11,450,2,1,10,0,0
2021-11,460,1,1,30,0,0
2021-11,460,2,1,12,0,0
2021-11,470,1,1,75,0,0
2021-11,470,2,1,24,0,0
2021-11,480,1,1,108,0,0
2021-11,480,2,1,32,0,0
2021-11,490,1,1,155,1,0
2021-11,490,2,1,56,0,0
2021-11,500,1,1,190,0,0
2021-11,500,2,1,90,0,0
2021-11,510,1,1,332,1,0
2021-11,510,2,1,96,2,0
2021-11,520,1,1,486,1,1
2021-11,520,2,1,102,0,0
2021-11,530,1,1,617,0,0
2021-11,530,2,1,157,0,0
2021-11,540,1,1,874,2,0
2021-11,540,2,1,213,0,0
2021-11,550,1,1,1196,2,1
2021-11,550,2,1,229,2,0
2021-11,560,1,1,1388,3,1
2021-11,560,2,1,293,0,0
2021-11,570,1,1,1775,5,0
2021-11,570,2,1,384,0,0
2021-11,580,1,1,2006,3,0
2021-11,580,2,1,406,0,0
2021-11,590,1,1,2507,3,0
2021-11,590,2,1,600,0,0
2021-11,600,1,1,2842,3,0
2021-11,600,2,1,641,0,0
2021-11,610,1,1,3366,2,0
2021-11,610,2,1,779,1,1
2021-11,620,1,1,3663,3,0
2021-11,620,2,1,1139,0,0
2021-11,630,1,1,4102,4,1
2021-11,630,2,1,1249,2,0
2021-11,640,1,1,4246,6,0
2021-11,640,2,1,1260,0,0
2021-11,650,1,1,4792,4,1
2021-11,650,2,1,1459,2,0
2021-11,660,1,1,4699,4,1
2021-11,660,2,1,1314,0,0
2021-11,670,1,1,5131,6,4
2021-11,670,2,1,1347,0,0
2021-11,680,1,1,4991,2,0
2021-11,680,2,1,1416,0,0
2021-11,690,1,1,5534,3,1
2021-11,690,2,1,1408,2,0
2021-11,700,1,1,5436,1,0
2021-11,700,2,1,1436,0,0
2021-11,710,1,1,5667,3,0
2021-11,710,2,1,1492,1,0
2021-11,720,1,1,5842,0,0
2021-11,720,2,1,1319,1,1
2021-11,730,1,1,6211,0,0
2021-11,730,2,1,1404,0,0
2021-11,740,1,1,5990,0,0
2021-11,740,2,1,1289,0,0
2021-11,750,1,1,6069,0,0
2021-11,750,2,1,1269,0,0
2021-11,760,1,1,6088,0,0
2021-11,760,2,1,1200,0,0
2021-11,770,1,1,6254,0,0
2021-11,770,2,1,1153,0,0
2021-11,780,1,1,6539,0,0
2021-11,780,2,1,1192,0,0
2021-11,790,1,1,6782,0,0
2021-11,790,2,1,1053,0,0
2021-11,800,1,1,7212,0,0
2021-11,800,2,1,1147,0,0
2021-11,810,1,1,7669,0,0
2021-11,810,2,1,1139,0,0
2021-11,820,1,1,7847,0,0
2021-11,820,2,1,1154,0,0
2021-11,830,1,1,8005,0,0
2021-11,830,2,1,1125,0,0
2021-11,840,1,1,7383,0,0
2021-11,840,2,1,992,0,0
2021-11,850,1,1,7433,0,0
2021-11,850,2,1,946,0,0
2021-11,860,1,1,6047,0,0
2021-11,860,2,1,747,0,0
2021-11,870,1,1,4575,0,0
2021-11,870,2,1,532,0,0
2021-11,880,1,1,2607,0,0
2021-11,880,2,1,297,0,0
2021-11,890,1,1,1037,1,0
2021-11,890,2,1,117,0,0
2021-12,380,1,1,1,0,0
2021-12,380,2,1,1,0,0
2021-12,390,1,1,2,0,0
2021-12,400,1,1,2,0,0
2021-12,410,1,1,5,0,0
2021-12,410,2,1,2,0,0
2021-12,420,1,1,5,0,0
2021-12,420,2,1,2,0,0
2021-12,430,1,1,10,0,0
2021-12,430,2,1,3,0,0
2021-12,440,1,1,9,0,0
2021-12,440,2,1,10,0,0
2021-12,450,1,1,25,0,0
2021-12,450,2,1,10,0,0
2021-12,460,1,1,30,0,0
2021-12,460,2,1,11,0,0
2021-12,470,1,1,75,0,0
2021-12,470,2,1,24,0,0
2021-12,480,1,1,107,0,0
2021-12,480,2,1,32,0,0
2021-12,490,1,1,150,0,0
2021-12,490,2,1,53,0,0
2021-12,500,1,1,186,0,0
2021-12,500,2,1,88,0,0
2021-12,510,1,1,323,0,0
2021-12,510,2,1,89,0,0
2021-12,520,1,1,473,1,0
2021-12,520,2,1,98,0,0
2021-12,530,1,1,597,1,0
2021-12,530,2,1,155,0,0
2021-12,540,1,1,857,0,0
2021-12,540,2,1,207,0,0
2021-12,550,1,1,1155,4,0
2021-12,550,2,1,219,0,0
2021-12,560,1,1,1345,3,2
2021-12,560,2,1,286,1,0
2021-12,570,1,1,1723,1,0
2021-12,570,2,1,377,0,0
2021-12,580,1,1,1955,2,0
2021-12,580,2,1,394,1,0
2021-12,590,1,1,2441,1,1
2021-12,590,2,1,588,0,0
2021-12,600,1,1,2755,4,1
2021-12,600,2,1,628,0,0
2021-12,610,1,1,3249,2,1
2021-12,610,2,1,762,0,0
2021-12,620,1,1,3538,6,1
2021-12,620,2,1,1107,0,0
2021-12,630,1,1,3997,5,0
2021-12,630,2,1,1208,1,0
2021-12,640,1,1,4112,2,0
2021-12,640,2,1,1228,2,1
2021-12,650,1,1,4645,3,0
2021-12,650,2,1,1413,1,1
2021-12,660,1,1,4560,1,0
2021-12,660,2,1,1273,0,0
2021-12,670,1,1,5001,0,0
2021-12,670,2,1,1310,1,0
2021-12,680,1,1,4835,0,0
2021-12,680,2,1,1363,0,0
2021-12,690,1,1,5372,3,0
2021-12,690,2,1,1363,0,0
2021-12,700,1,1,5294,1,0
2021-12,700,2,1,1399,1,0
2021-12,710,1,1,5497,2,0
2021-12,710,2,1,1446,0,0
2021-12,720,1,1,5708,3,0
2021-12,720,2,1,1277,0,0
2021-12,730,1,1,6053,1,0
2021-12,730,2,1,1357,0,0
2021-12,740,1,1,5827,2,0
2021-12,740,2,1,1256,0,0
2021-12,750,1,1,5934,0,0
2021-12,750,2,1,1223,0,0
2021-12,760,1,1,5938,0,0
2021-12,760,2,1,1170,0,0
2021-12,770,1,1,6110,1,0
2021-12,770,2,1,1119,0,0
2021-12,780,1,1,6371,2,0
2021-12,780,2,1,1148,0,0
2021-12,790,1,1,6596,0,0
2021-12,790,2,1,1025,0,0
2021-12,800,1,1,7027,0,0
2021-12,800,2,1,1112,0,0
2021-12,810,1,1,7498,0,0
2021-12,810,2,1,1104,0,0
2021-12,820,1,1,7668,0,0
2021-12,820,2,1,1119,0,0
2021-12,830,1,1,7810,0,0
2021-12,830,2,1,1089,0,0
2021-12,840,1,1,7216,1,0
2021-12,840,2,1,952,0,0
2021-12,850,1,1,7261,0,0
2021-12,850,2,1,924,1,0
2021-12,860,1,1,5929,0,0
2021-12,860,2,1,724,0,0
2021-12,870,1,1,4472,1,0
2021-12,870,2,1,516,0,0
2021-12,880,1,1,2563,0,0
2021-12,880,2,1,290,0,0
2021-12,890,1,1,1013,0,0
2021-12,890,2,1,114,0,0
2022-01,380,1,1,1,0,0
2022-01,380,2,1,1,0,0
2022-01,390,1,1,2,0,0
2022-01,400,1,1,2,0,0
2022-01,410,1,1,5,0,0
2022-01,410,2,1,2,0,0
2022-01,420,1,1,5,0,0
2022-01,420,2,1,1,0,0
2022-01,430,1,0,1,0,0
2022-01,430,1,1,9,0,0
2022-01,430,2,1,3,0,0
2022-01,440,1,0,1,0,0
2022-01,440,1,1,9,0,0
2022-01,440,2,1,10,0,0
2022-01,450,1,0,5,0,0
2022-01,450,1,1,25,0,0
2022-01,450,2,1,10,0,0
2022-01,460,1,0,3,0,0
2022-01,460,1,1,29,0,0
2022-01,460,2,1,11,0,0
2022-01,470,1,0,6,0,0
2022-01,470,1,1,75,0,0
2022-01,470,2,0,3,0,0
2022-01,470,2,1,22,0,0
2022-01,480,1,0,7,0,0
2022-01,480,1,1,103,0,0
2022-01,480,2,0,2,0,0
2022-01,480,2,1,32,0,0
2022-01,490,1,0,7,0,0
2022-01,490,1,1,143,0,0
2022-01,490,2,0,5,0,0
2022-01,490,2,1,51,0,0
2022-01,500,1,0,20,0,0
2022-01,500,1,1,177,0,0
2022-01,500,2,0,2,0,0
2022-01,500,2,1,88,0,0
2022-01,510,1,0,19,0,0
2022-01,510,1,1,315,0,0
2022-01,510,2,0,6,0,0
2022-01,510,2,1,86,0,0
2022-01,520,1,0,41,0,0
2022-01,520,1,1,462,0,0
2022-01,520,2,0,13,0,0
2022-01,520,2,1,95,1,1
2022-01,530,1,0,44,0,0
2022-01,530,1,1,577,1,1
2022-01,530,2,0,14,0,0
2022-01,530,2,1,152,0,0
2022-01,540,1,0,71,0,0
2022-01,540,1,1,825,1,0
2022-01,540,2,0,17,0,0
2022-01,540,2,1,203,0,0
2022-01,550,1,0,121,0,0
2022-01,550,1,1,1121,5,1
2022-01,550,2,0,18,0,0
2022-01,550,2,1,209,0,0
2022-01,560,1,0,128,0,0
2022-01,560,1,1,1303,1,1
2022-01,560,2,0,22,0,0
2022-01,560,2,1,279,0,0
2022-01,570,1,0,199,0,0
2022-01,570,1,1,1668,5,0
2022-01,570,2,0,40,0,0
2022-01,570,2,1,369,0,0
2022-01,580,1,0,199,0,0
2022-01,580,1,1,1893,2,1
2022-01,580,2,0,40,0,0
2022-01,580,2,1,379,0,0
2022-01,590,1,0,286,0,0
2022-01,590,1,1,2371,1,0
2022-01,590,2,0,43,0,0
2022-01,590,2,1,569,0,0
2022-01,600,1,0,336,0,0
2022-01,600,1,1,2678,1,1
2022-01,600,2,0,53,0,0
2022-01,600,2,1,617,1,0
2022-01,610,1,0,416,0,0
2022-01,610,1,1,3155,3,0
2022-01,610,2,0,64,0,0
2022-01,610,2,1,748,0,0
2022-01,620,1,0,465,0,0
2022-01,620,1,1,3422,5,1
2022-01,620,2,0,133,0,0
2022-01,620,2,1,1070,2,1
2022-01,630,1,0,549,0,0
2022-01,630,1,1,3863,4,1
2022-01,630,2,0,151,0,0
2022-01,630,2,1,1169,3,0
2022-01,640,1,0,563,0,0
2022-01,640,1,1,3997,5,1
2022-01,640,2,0,133,0,0
2022-01,640,2,1,1191,1,0
2022-01,650,1,0,685,0,0
2022-01,650,1,1,4486,3,0
2022-01,650,2,0,141,0,0
2022-01,650,2,1,1386,0,0
2022-01,660,1,0,690,0,0
2022-01,660,1,1,4428,2,0
2022-01,660,2,0,121,0,0
2022-01,660,2,1,1239,2,0
2022-01,670,1,0,766,0,0
2022-01,670,1,1,4870,2,0
2022-01,670,2,0,121,0,0
2022-01,670,2,1,1271,1,1
2022-01,680,1,0,761,0,0
2022-01,680,1,1,4709,5,3
2022-01,680,2,0,129,0,0
2022-01,680,2,1,1331,1,0
2022-01,690,1,0,846,0,0
2022-01,690,1,1,5244,4,1
2022-01,690,2,0,136,0,0
2022-01,690,2,1,1322,1,0
2022-01,700,1,0,876,0,0
2022-01,700,1,1,5146,2,1
2022-01,700,2,0,108,0,0
2022-01,700,2,1,1358,1,0
2022-01,710,1,0,886,0,0
2022-01,710,1,1,5362,0,0
2022-01,710,2,0,119,0,0
2022-01,710,2,1,1412,0,0
2022-01,720,1,0,940,0,0
2022-01,720,1,1,5553,0,0
2022-01,720,2,0,128,0,0
2022-01,720,2,1,1232,2,1
2022-01,730,1,0,978,0,0
2022-01,730,1,1,5881,1,0
2022-01,730,2,0,119,0,0
2022-01,730,2,1,1317,0,0
2022-01,740,1,0,977,0,0
2022-01,740,1,1,5685,1,0
2022-01,740,2,0,125,0,0
2022-01,740,2,1,1219,2,0
2022-01,750,1,0,1028,0,0
2022-01,750,1,1,5799,1,0
2022-01,750,2,0,119,0,0
2022-01,750,2,1,1190,0,0
2022-01,760,1,0,958,0,0
2022-01,760,1,1,5789,1,0
2022-01,760,2,0,92,0,0
2022-01,760,2,1,1132,0,0
2022-01,770,1,0,1022,0,0
2022-01,770,1,1,5963,0,0
2022-01,770,2,0,95,0,0
2022-01,770,2,1,1082,0,0
2022-01,780,1,0,1071,0,0
2022-01,780,1,1,6200,0,0
2022-01,780,2,0,103,0,0
2022-01,780,2,1,1113,0,0
2022-01,790,1,0,1097,0,0
2022-01,790,1,1,6443,0,0
2022-01,790,2,0,98,0,0
2022-01,790,2,1,990,0,0
2022-01,800,1,0,1251,0,0
2022-01,800,1,1,6839,0,0
2022-01,800,2,0,103,0,0
2022-01,800,2,1,1064,0,0
2022-01,810,1,0,1307,0,0
2022-01,810,1,1,7340,1,0
2022-01,810,2,0,96,0,0
2022-01,810,2,1,1077,0,0
2022-01,820,1,0,1234,0,0
2022-01,820,1,1,7471,0,0
2022-01,820,2,0,104,0,0
2022-01,820,2,1,1083,0,0
2022-01,830,1,0,1207,0,0
2022-01,830,1,1,7622,0,0
2022-01,830,2,0,107,0,0
2022-01,830,2,1,1051,0,0
2022-01,840,1,0,1146,0,0
2022-01,840,1,1,7040,0,0
2022-01,840,2,0,90,0,0
2022-01,840,2,1,929,0,0
2022-01,850,1,0,1125,0,0
2022-01,850,1,1,7118,0,0
2022-01,850,2,0,92,0,0
2022-01,850,2,1,893,0,0
2022-01,860,1,0,873,0,0
2022-01,860,1,1,5813,0,0
2022-01,860,2,0,59,0,0
2022-01,860,2,1,706,0,0
2022-01,870,1,0,691,0,0
2022-01,870,1,1,4362,1,0
2022-01,870,2,0,49,0,0
2022-01,870,2,1,499,0,0
2022-01,880,1,0,373,0,0
2022-01,880,1,1,2501,0,0
2022-01,880,2,0,31,0,0
2022-01,880,2,1,283,0,0
2022-01,890,1,0,156,0,0
2022-01,890,1,1,996,0,0
2022-01,890,2,0,6,0,0
2022-01,890,2,1,112,0,0
2022-02,380,1,1,1,0,0
2022-02,380,2,1,1,0,0
2022-02,390,1,1,2,0,0
2022-02,400,1,1,2,0,0
2022-02,410,1,1,5,0,0
2022-02,410,2,1,1,0,0
2022-02,420,1,1,4,0,0
2022-02,430,1,0,1,0,0
2022-02,430,1,1,6,0,0
2022-02,430,2,1,3,0,0
2022-02,440,1,0,1,0,0
2022-02,440,1,1,9,0,0
2022-02,440,2,1,8,0,0
2022-02,450,1,0,4,0,0
2022-02,450,1,1,22,0,0
2022-02,450,2,1,10,0,0
2022-02,460,1,0,3,0,0
2022-02,460,1,1,27,0,0
2022-02,460,2,1,9,0,0
2022-02,470,1,0,6,0,0
2022-02,470,1,1,66,0,0
2022-02,470,2,0,3,0,0
2022-02,470,2,1,20,0,0
2022-02,480,1,0,7,0,0
2022-02,480,1,1,96,0,0
2022-02,480,2,0,2,0,0
2022-02,480,2,1,30,0,0
2022-02,490,1,0,7,0,0
2022-02,490,1,1,123,1,0
2022-02,490,2,0,5,0,0
2022-02,490,2,1,45,0,0
2022-02,500,1,0,20,0,0
2022-02,500,1,1,155,1,0
2022-02,500,2,0,2,0,0
2022-02,500,2,1,75,1,1
2022-02,510,1,0,17,0,0
2022-02,510,1,1,274,2,0
2022-02,510,2,0,6,0,0
2022-02,510,2,1,76,1,0
2022-02,520,1,0,41,0,0
2022-02,520,1,1,404,1,0
2022-02,520,2,0,13,0,0
2022-02,520,2,1,81,0,0
2022-02,530,1,0,44,0,0
2022-02,530,1,1,517,1,0
2022-02,530,2,0,14,0,0
2022-02,530,2,1,136,1,1
2022-02,540,1,0,69,0,0
2022-02,540,1,1,720,1,0
2022-02,540,2,0,17,0,0
2022-02,540,2,1,173,0,0
2022-02,550,1,0,119,0,0
2022-02,550,1,1,1012,1,1
2022-02,550,2,0,18,0,0
2022-02,550,2,1,184,1,0
2022-02,560,1,0,127,0,0
2022-02,560,1,1,1168,1,0
2022-02,560,2,0,22,0,0
2022-02,560,2,1,245,0,0
2022-02,570,1,0,197,0,0
2022-02,570,1,1,1490,1,0
2022-02,570,2,0,40,0,0
2022-02,570,2,1,328,1,0
2022-02,580,1,0,195,1,1
2022-02,580,1,1,1684,3,0
2022-02,580,2,0,39,0,0
2022-02,580,2,1,341,0,0
2022-02,590,1,0,282,0,0
2022-02,590,1,1,2118,4,0
2022-02,590,2,0,43,0,0
2022-02,590,2,1,502,1,0
2022-02,600,1,0,324,0,0
2022-02,600,1,1,2407,1,0
2022-02,600,2,0,52,0,0
2022-02,600,2,1,542,0,0
2022-02,610,1,0,412,0,0
2022-02,610,1,1,2818,6,2
2022-02,610,2,0,63,0,0
2022-02,610,2,1,670,0,0
2022-02,620,1,0,456,0,0
2022-02,620,1,1,3053,5,2
2022-02,620,2,0,131,0,0
2022-02,620,2,1,936,0,0
2022-02,630,1,0,534,0,0
2022-02,630,1,1,3445,5,1
2022-02,630,2,0,146,0,0
2022-02,630,2,1,1032,0,0
2022-02,640,1,0,557,0,0
2022-02,640,1,1,3560,3,0
2022-02,640,2,0,131,0,0
2022-02,640,2,1,1079,0,0
2022-02,650,1,0,678,0,0
2022-02,650,1,1,4005,6,0
2022-02,650,2,0,138,0,0
2022-02,650,2,1,1225,0,0
2022-02,660,1,0,674,0,0
2022-02,660,1,1,3960,2,1
2022-02,660,2,0,121,0,0
2022-02,660,2,1,1069,0,0
2022-02,670,1,0,755,0,0
2022-02,670,1,1,4347,5,2
2022-02,670,2,0,115,0,0
2022-02,670,2,1,1119,1,0
2022-02,680,1,0,756,1,0
2022-02,680,1,1,4187,1,0
2022-02,680,2,0,127,0,0
2022-02,680,2,1,1173,0,0
2022-02,690,1,0,832,1,0
2022-02,690,1,1,4678,3,0
2022-02,690,2,0,136,0,0
2022-02,690,2,1,1162,0,0
2022-02,700,1,0,863,1,0
2022-02,700,1,1,4603,2,0
2022-02,700,2,0,107,0,0
2022-02,700,2,1,1212,0,0
2022-02,710,1,0,868,0,0
2022-02,710,1,1,4763,1,1
2022-02,710,2,0,117,0,0
2022-02,710,2,1,1220,0,0
2022-02,720,1,0,929,0,0
2022-02,720,1,1,4973,1,0
2022-02,720,2,0,124,0,0
2022-02,720,2,1,1084,0,0
2022-02,730,1,0,962,0,0
2022-02,730,1,1,5242,0,0
2022-02,730,2,0,116,0,0
2022-02,730,2,1,1173,0,0
2022-02,740,1,0,958,0,0
2022-02,740,1,1,5117,1,0
2022-02,740,2,0,122,0,0
2022-02,740,2,1,1074,0,0
2022-02,750,1,0,1011,0,0
2022-02,750,1,1,5183,0,0
2022-02,750,2,0,116,0,0
2022-02,750,2,1,1050,0,0
2022-02,760,1,0,942,0,0
2022-02,760,1,1,5229,0,0
2022-02,760,2,0,90,0,0
2022-02,760,2,1,1015,0,0
2022-02,770,1,0,1011,0,0
2022-02,770,1,1,5362,1,0
2022-02,770,2,0,93,0,0
2022-02,770,2,1,960,0,0
2022-02,780,1,0,1051,0,0
2022-02,780,1,1,5613,0,0
2022-02,780,2,0,102,0,0
2022-02,780,2,1,1019,1,0
2022-02,790,1,0,1079,0,0
2022-02,790,1,1,5811,0,0
2022-02,790,2,0,97,0,0
2022-02,790,2,1,870,0,0
2022-02,800,1,0,1235,0,0
2022-02,800,1,1,6180,0,0
2022-02,800,2,0,100,0,0
2022-02,800,2,1,947,0,0
2022-02,810,1,0,1290,0,0
2022-02,810,1,1,6651,1,0
2022-02,810,2,0,94,0,0
2022-02,810,2,1,971,0,0
2022-02,820,1,0,1211,0,0
2022-02,820,1,1,6768,0,0
2022-02,820,2,0,102,0,0
2022-02,820,2,1,979,0,0
2022-02,830,1,0,1187,0,0
2022-02,830,1,1,6891,0,0
2022-02,830,2,0,105,0,0
2022-02,830,2,1,927,0,0
2022-02,840,1,0,1127,0,0
2022-02,840,1,1,6376,1,1
2022-02,840,2,0,90,0,0
2022-02,840,2,1,835,0,0
2022-02,850,1,0,1114,0,0
2022-02,850,1,1,6496,0,0
2022-02,850,2,0,91,0,0
2022-02,850,2,1,811,0,0
2022-02,860,1,0,860,0,0
2022-02,860,1,1,5257,0,0
2022-02,860,2,0,57,0,0
2022-02,860,2,1,638,0,0
2022-02,870,1,0,684,0,0
2022-02,870,1,1,3949,0,0
2022-02,870,2,0,49,0,0
2022-02,870,2,1,454,0,0
2022-02,880,1,0,364,0,0
2022-02,880,1,1,2286,0,0
2022-02,880,2,0,31,0,0
2022-02,880,2,1,264,0,0
2022-02,890,1,0,154,0,0
2022-02,890,1,1,896,0,0
2022-02,890,2,0,6,0,0
2022-02,890,2,1,101,0,0
2022-03,380,1,1,1,0,0
2022-03,380,2,1,1,0,0
2022-03,390,1,1,2,0,0
2022-03,400,1,1,2,0,0
2022-03,410,1,1,5,0,0
2022-03,410,2,1,1,0,0
2022-03,420,1,1,3,0,0
2022-03,430,1,0,1,0,0
2022-03,430,1,1,6,0,0
2022-03,430,2,1,3,0,0
2022-03,440,1,0,1,0,0
2022-03,440,1,1,8,0,0
2022-03,440,2,1,8,0,0
2022-03,450,1,0,4,0,0
2022-03,450,1,1,22,0,0
2022-03,450,2,1,10,0,0
2022-03,460,1,0,3,0,0
2022-03,460,1,1,27,0,0
2022-03,460,2,1,9,0,0
2022-03,470,1,0,5,0,0
2022-03,470,1,1,63,0,0
2022-03,470,2,0,3,0,0
2022-03,470,2,1,20,0,0
2022-03,480,1,0,6,0,0
2022-03,480,1,1,93,0,0
2022-03,480,2,0,2,0,0
2022-03,480,2,1,29,0,0
2022-03,490,1,0,7,0,0
2022-03,490,1,1,119,0,0
2022-03,490,2,0,5,0,0
2022-03,490,2,1,43,0,0
2022-03,500,1,0,19,0,0
2022-03,500,1,1,151,0,0
2022-03,500,2,0,1,0,0
2022-03,500,2,1,72,0,0
2022-03,510,1,0,16,0,0
2022-03,510,1,1,266,0,0
2022-03,510,2,0,6,0,0
2022-03,510,2,1,74,0,0
2022-03,520,1,0,39,0,0
2022-03,520,1,1,392,0,0
2022-03,520,2,0,13,0,0
2022-03,520,2,1,78,0,0
2022-03,530,1,0,43,0,0
2022-03,530,1,1,505,1,0
2022-03,530,2,0,13,0,0
2022-03,530,2,1,132,0,0
2022-03,540,1,0,68,0,0
2022-03,540,1,1,697,1,0
2022-03,540,2,0,17,0,0
2022-03,540,2,1,166,0,0
2022-03,550,1,0,117,0,0
2022-03,550,1,1,989,1,0
2022-03,550,2,0,17,0,0
2022-03,550,2,1,176,0,0
2022-03,560,1,0,127,0,0
2022-03,560,1,1,1132,0,0
2022-03,560,2,0,22,0,0
2022-03,560,2,1,238,1,0
2022-03,570,1,0,193,0,0
2022-03,570,1,1,1455,3,1
2022-03,570,2,0,39,0,0
2022-03,570,2,1,315,0,0
2022-03,580,1,0,191,0,0
2022-03,580,1,1,1632,3,0
2022-03,580,2,0,39,0,0
2022-03,580,2,1,338,0,0
2022-03,590,1,0,276,0,0
2022-03,590,1,1,2061,3,1
2022-03,590,2,0,42,0,0
2022-03,590,2,1,491,0,0
2022-03,600,1,0,319,0,0
2022-03,600,1,1,2340,2,0
2022-03,600,2,0,50,0,0
2022-03,600,2,1,526,1,0
2022-03,610,1,0,406,0,0
2022-03,610,1,1,2729,1,0
2022-03,610,2,0,62,0,0
2022-03,610,2,1,653,0,0
2022-03,620,1,0,447,0,0
2022-03,620,1,1,2971,3,0
2022-03,620,2,0,124,0,0
2022-03,620,2,1,908,2,1
2022-03,630,1,0,526,0,0
2022-03,630,1,1,3370,3,0
2022-03,630,2,0,144,0,0
2022-03,630,2,1,1002,1,0
2022-03,640,1,0,539,0,0
2022-03,640,1,1,3473,6,0
2022-03,640,2,0,125,0,0
2022-03,640,2,1,1053,1,0
2022-03,650,1,0,664,0,0
2022-03,650,1,1,3886,6,0
2022-03,650,2,0,135,0,0
2022-03,650,2,1,1197,0,0
2022-03,660,1,0,665,1,0
2022-03,660,1,1,3859,1,0
2022-03,660,2,0,119,0,0
2022-03,660,2,1,1046,0,0
2022-03,670,1,0,740,0,0
2022-03,670,1,1,4220,3,0
2022-03,670,2,0,109,0,0
2022-03,670,2,1,1087,1,1
2022-03,680,1,0,737,0,0
2022-03,680,1,1,4088,0,0
2022-03,680,2,0,126,0,0
2022-03,680,2,1,1148,0,0
2022-03,690,1,0,817,0,0
2022-03,690,1,1,4557,1,0
2022-03,690,2,0,131,0,0
2022-03,690,2,1,1134,0,0
2022-03,700,1,0,843,0,0
2022-03,700,1,1,4494,2,0
2022-03,700,2,0,105,0,0
2022-03,700,2,1,1173,1,0
2022-03,710,1,0,847,0,0
2022-03,710,1,1,4647,1,0
2022-03,710,2,0,114,0,0
2022-03,710,2,1,1188,0,0
2022-03,720,1,0,909,0,0
2022-03,720,1,1,4864,0,0
2022-03,720,2,0,124,0,0
2022-03,720,2,1,1052,0,0
2022-03,730,1,0,948,0,0
2022-03,730,1,1,5126,0,0
2022-03,730,2,0,109,0,0
2022-03,730,2,1,1136,0,0
2022-03,740,1,0,946,0,0
2022-03,740,1,1,4980,1,0
2022-03,740,2,0,115,0,0
2022-03,740,2,1,1047,0,0
2022-03,750,1,0,986,0,0
2022-03,750,1,1,5096,0,0
2022-03,750,2,0,114,0,0
2022-03,750,2,1,1018,0,0
2022-03,760,1,0,929,0,0
2022-03,760,1,1,5106,1,0
2022-03,760,2,0,89,0,0
2022-03,760,2,1,985,0,0
2022-03,770,1,0,994,1,0
2022-03,770,1,1,5254,1,0
2022-03,770,2,0,91,0,0
2022-03,770,2,1,936,0,0
2022-03,780,1,0,1040,0,0
2022-03,780,1,1,5510,0,0
2022-03,780,2,0,97,0,0
2022-03,780,2,1,983,0,0
2022-03,790,1,0,1060,0,0
2022-03,790,1,1,5685,0,0
2022-03,790,2,0,95,0,0
2022-03,790,2,1,853,0,0
2022-03,800,1,0,1214,0,0
2022-03,800,1,1,6056,0,0
2022-03,800,2,0,96,0,0
2022-03,800,2,1,921,0,0
2022-03,810,1,0,1275,0,0
2022-03,810,1,1,6515,0,0
2022-03,810,2,0,93,0,0
2022-03,810,2,1,947,0,0
2022-03,820,1,0,1184,0,0
2022-03,820,1,1,6620,0,0
2022-03,820,2,0,96,0,0
2022-03,820,2,1,949,0,0
2022-03,830,1,0,1159,0,0
2022-03,830,1,1,6778,0,0
2022-03,830,2,0,104,0,0
2022-03,830,2,1,901,0,0
2022-03,840,1,0,1103,0,0
2022-03,840,1,1,6244,0,0
2022-03,840,2,0,88,0,0
2022-03,840,2,1,808,0,0
2022-03,850,1,0,1092,0,0
2022-03,850,1,1,6373,0,0
2022-03,850,2,0,91,0,0
2022-03,850,2,1,787,0,0
2022-03,860,1,0,850,0,0
2022-03,860,1,1,5150,0,0
2022-03,860,2,0,54,0,0
2022-03,860,2,1,614,0,0
2022-03,870,1,0,675,1,0
2022-03,870,1,1,3882,0,0
2022-03,870,2,0,49,0,0
2022-03,870,2,1,445,0,0
2022-03,880,1,0,359,0,0
2022-03,880,1,1,2255,0,0
2022-03,880,2,0,31,0,0
2022-03,880,2,1,262,0,0
2022-03,890,1,0,151,0,0
2022-03,890,1,1,882,0,0
2022-03,890,2,0,6,0,0
2022-03,890,2,1,99,0,0
2022-04,380,1,1,1,0,0
2022-04,380,2,1,1,0,0
2022-04,390,1,1,2,0,0
2022-04,400,1,1,2,0,0
2022-04,410,1,1,5,0,0
2022-04,410,2,1,1,0,0
2022-04,420,1,1,3,0,0
2022-04,430,1,0,1,0,0
2022-04,430,1,1,6,0,0
2022-04,430,2,1,2,0,0
2022-04,440,1,0,1,0,0
2022-04,440,1,1,7,0,0
2022-04,440,2,1,6,0,0
2022-04,450,1,0,3,0,0
2022-04,450,1,1,22,0,0
2022-04,450,2,1,10,0,0
2022-04,460,1,0,3,0,0
2022-04,460,1,1,26,0,0
2022-04,460,2,1,9,0,0
2022-04,470,1,0,5,0,0
2022-04,470,1,1,58,0,0
2022-04,470,2,0,2,0,0
2022-04,470,2,1,18,0,0
2022-04,480,1,0,6,0,0
2022-04,480,1,1,93,1,0
2022-04,480,2,0,2,0,0
2022-04,480,2,1,28,0,0
2022-04,490,1,0,7,0,0
2022-04,490,1,1,114,2,1
2022-04,490,2,0,5,0,0
2022-04,490,2,1,42,0,0
2022-04,500,1,0,19,0,0
2022-04,500,1,1,150,0,0
2022-04,500,2,0,1,0,0
2022-04,500,2,1,68,1,1
2022-04,510,1,0,16,0,0
2022-04,510,1,1,256,0,0
2022-04,510,2,0,6,0,0
2022-04,510,2,1,73,0,0
2022-04,520,1,0,38,0,0
2022-04,520,1,1,378,0,0
2022-04,520,2,0,13,0,0
2022-04,520,2,1,75,0,0
2022-04,530,1,0,42,0,0
2022-04,530,1,1,492,0,0
2022-04,530,2,0,13,0,0
2022-04,530,2,1,127,0,0
2022-04,540,1,0,66,1,1
2022-04,540,1,1,674,0,0
2022-04,540,2,0,17,0,0
2022-04,540,2,1,164,0,0
2022-04,550,1,0,113,0,0
2022-04,550,1,1,960,1,0
2022-04,550,2,0,16,0,0
2022-04,550,2,1,167,0,0
2022-04,560,1,0,125,1,1
2022-04,560,1,1,1102,2,0
2022-04,560,2,0,21,0,0
2022-04,560,2,1,227,0,0
2022-04,570,1,0,188,1,0
2022-04,570,1,1,1419,0,0
2022-04,570,2,0,38,0,0
2022-04,570,2,1,309,1,1
2022-04,580,1,0,189,1,0
2022-04,580,1,1,1583,3,0
2022-04,580,2,0,39,0,0
2022-04,580,2,1,326,1,0
2022-04,590,1,0,269,0,0
2022-04,590,1,1,1987,3,1
2022-04,590,2,0,42,0,0
2022-04,590,2,1,476,0,0
2022-04,600,1,0,312,1,0
2022-04,600,1,1,2269,2,0
2022-04,600,2,0,49,0,0
2022-04,600,2,1,507,0,0
2022-04,610,1,0,399,0,0
2022-04,610,1,1,2643,7,2
2022-04,610,2,0,62,0,0
2022-04,610,2,1,635,1,1
2022-04,620,1,0,428,1,0
2022-04,620,1,1,2891,2,0
2022-04,620,2,0,122,0,0
2022-04,620,2,1,878,1,0
2022-04,630,1,0,516,0,0
2022-04,630,1,1,3277,4,0
2022-04,630,2,0,139,0,0
2022-04,630,2,1,962,0,0
2022-04,640,1,0,521,0,0
2022-04,640,1,1,3363,3,2
2022-04,640,2,0,124,0,0
2022-04,640,2,1,1023,0,0
2022-04,650,1,0,648,0,0
2022-04,650,1,1,3767,1,0
2022-04,650,2,0,130,0,0
2022-04,650,2,1,1176,0,0
2022-04,660,1,0,647,0,0
2022-04,660,1,1,3740,1,0
2022-04,660,2,0,118,0,0
2022-04,660,2,1,1021,1,0
2022-04,670,1,0,727,0,0
2022-04,670,1,1,4095,3,0
2022-04,670,2,0,108,0,0
2022-04,670,2,1,1052,1,0
2022-04,680,1,0,723,0,0
2022-04,680,1,1,3958,0,0
2022-04,680,2,0,119,0,0
2022-04,680,2,1,1106,1,1
2022-04,690,1,0,795,0,0
2022-04,690,1,1,4451,0,0
2022-04,690,2,0,126,0,0
2022-04,690,2,1,1088,0,0
2022-04,700,1,0,823,0,0
2022-04,700,1,1,4364,0,0
2022-04,700,2,0,100,0,0
2022-04,700,2,1,1141,0,0
2022-04,710,1,0,828,1,1
2022-04,710,1,1,4518,1,1
2022-04,710,2,0,112,0,0
2022-04,710,2,1,1167,0,0
2022-04,720,1,0,896,0,0
2022-04,720,1,1,4729,1,1
2022-04,720,2,0,118,0,0
2022-04,720,2,1,1021,0,0
2022-04,730,1,0,932,0,0
2022-04,730,1,1,5008,1,0
2022-04,730,2,0,101,0,0
2022-04,730,2,1,1106,0,0
2022-04,740,1,0,920,1,0
2022-04,740,1,1,4845,2,1
2022-04,740,2,0,109,0,0
2022-04,740,2,1,1018,0,0
2022-04,750,1,0,965,0,0
2022-04,750,1,1,4983,0,0
2022-04,750,2,0,110,0,0
2022-04,750,2,1,978,0,0
2022-04,760,1,0,911,0,0
2022-04,760,1,1,4985,0,0
2022-04,760,2,0,87,0,0
2022-04,760,2,1,960,0,0
2022-04,770,1,0,981,0,0
2022-04,770,1,1,5117,0,0
2022-04,770,2,0,90,0,0
2022-04,770,2,1,908,0,0
2022-04,780,1,0,1014,0,0
2022-04,780,1,1,5392,0,0
2022-04,780,2,0,91,0,0
2022-04,780,2,1,949,0,0
2022-04,790,1,0,1037,0,0
2022-04,790,1,1,5536,0,0
2022-04,790,2,0,92,0,0
2022-04,790,2,1,829,0,0
2022-04,800,1,0,1187,0,0
2022-04,800,1,1,5915,1,0
2022-04,800,2,0,93,0,0
2022-04,800,2,1,890,0,0
2022-04,810,1,0,1255,0,0
2022-04,810,1,1,6345,0,0
2022-04,810,2,0,89,0,0
2022-04,810,2,1,913,1,0
2022-04,820,1,0,1160,0,0
2022-04,820,1,1,6455,0,0
2022-04,820,2,0,94,0,0
2022-04,820,2,1,916,0,0
2022-04,830,1,0,1138,0,0
2022-04,830,1,1,6631,0,0
2022-04,830,2,0,100,0,0
2022-04,830,2,1,866,0,0
2022-04,840,1,0,1081,0,0
2022-04,840,1,1,6120,0,0
2022-04,840,2,0,87,0,0
2022-04,840,2,1,776,0,0
2022-04,850,1,0,1077,0,0
2022-04,850,1,1,6224,0,0
2022-04,850,2,0,88,0,0
2022-04,850,2,1,755,0,0
2022-04,860,1,0,835,0,0
2022-04,860,1,1,5046,0,0
2022-04,860,2,0,52,0,0
2022-04,860,2,1,589,0,0
2022-04,870,1,0,666,0,0
2022-04,870,1,1,3781,0,0
2022-04,870,2,0,49,0,0
2022-04,870,2,1,433,0,0
2022-04,880,1,0,354,0,0
2022-04,880,1,1,2217,0,0
2022-04,880,2,0,30,0,0
2022-04,880,2,1,253,0,0
2022-04,890,1,0,146,0,0
2022-04,890,1,1,864,1,1
2022-04,890,2,0,6,0,0
2022-04,890,2,1,94,0,0
2022-05,380,1,1,1,0,0
2022-05,380,2,1,1,0,0
2022-05,390,1,1,2,0,0
2022-05,400,1,1,2,0,0
2022-05,410,1,1,5,0,0
2022-05,410,2,1,1,0,0
2022-05,420,1,1,2,0,0
2022-05,430,1,0,1,0,0
2022-05,430,1,1,6,0,0
2022-05,430,2,1,2,0,0
2022-05,440,1,0,1,0,0
2022-05,440,1,1,6,0,0
2022-05,440,2,1,5,0,0
2022-05,450,1,0,3,0,0
2022-05,450,1,1,22,0,0
2022-05,450,2,1,9,0,0
2022-05,460,1,0,3,0,0
2022-05,460,1,1,25,0,0
2022-05,460,2,1,9,0,0
2022-05,470,1,0,5,0,0
2022-05,470,1,1,57,0,0
2022-05,470,2,0,2,0,0
2022-05,470,2,1,18,0,0
2022-05,480,1,0,6,0,0
2022-05,480,1,1,89,0,0
2022-05,480,2,0,2,0,0
2022-05,480,2,1,24,0,0
2022-05,490,1,0,7,0,0
2022-05,490,1,1,108,0,0
2022-05,490,2,0,4,0,0
2022-05,490,2,1,42,0,0
2022-05,500,1,0,17,0,0
2022-05,500,1,1,145,0,0
2022-05,500,2,0,1,0,0
2022-05,500,2,1,63,0,0
2022-05,510,1,0,16,0,0
2022-05,510,1,1,252,1,0
2022-05,510,2,0,6,0,0
2022-05,510,2,1,70,0,0
2022-05,520,1,0,36,0,0
2022-05,520,1,1,366,0,0
2022-05,520,2,0,13,0,0
2022-05,520,2,1,73,0,0
2022-05,530,1,0,41,0,0
2022-05,530,1,1,483,3,2
2022-05,530,2,0,13,0,0
2022-05,530,2,1,125,0,0
2022-05,540,1,0,64,0,0
2022-05,540,1,1,647,2,0
2022-05,540,2,0,17,0,0
2022-05,540,2,1,161,0,0
2022-05,550,1,0,109,0,0
2022-05,550,1,1,934,2,0
2022-05,550,2,0,15,0,0
2022-05,550,2,1,166,1,0
2022-05,560,1,0,121,0,0
2022-05,560,1,1,1075,5,2
2022-05,560,2,0,21,0,0
2022-05,560,2,1,219,1,1
2022-05,570,1,0,183,0,0
2022-05,570,1,1,1376,1,0
2022-05,570,2,0,38,0,0
2022-05,570,2,1,302,1,0
2022-05,580,1,0,184,0,0
2022-05,580,1,1,1532,1,1
2022-05,580,2,0,37,0,0
2022-05,580,2,1,317,0,0
2022-05,590,1,0,259,0,0
2022-05,590,1,1,1926,2,0
2022-05,590,2,0,41,0,0
2022-05,590,2,1,461,1,0
2022-05,600,1,0,303,0,0
2022-05,600,1,1,2208,2,0
2022-05,600,2,0,49,0,0
2022-05,600,2,1,492,1,0
2022-05,610,1,0,391,0,0
2022-05,610,1,1,2552,3,1
2022-05,610,2,0,60,0,0
2022-05,610,2,1,617,0,0
2022-05,620,1,0,421,0,0
2022-05,620,1,1,2816,2,0
2022-05,620,2,0,120,0,0
2022-05,620,2,1,857,2,1
2022-05,630,1,0,509,0,0
2022-05,630,1,1,3178,5,1
2022-05,630,2,0,137,0,0
2022-05,630,2,1,935,1,0
2022-05,640,1,0,508,0,0
2022-05,640,1,1,3262,3,0
2022-05,640,2,0,122,0,0
2022-05,640,2,1,993,0,0
2022-05,650,1,0,629,0,0
2022-05,650,1,1,3674,4,0
2022-05,650,2,0,124,0,0
2022-05,650,2,1,1146,0,0
2022-05,660,1,0,632,0,0
2022-05,660,1,1,3660,3,0
2022-05,660,2,0,116,0,0
2022-05,660,2,1,991,1,0
2022-05,670,1,0,705,0,0
2022-05,670,1,1,3961,1,1
2022-05,670,2,0,106,0,0
2022-05,670,2,1,1028,0,0
2022-05,680,1,0,707,0,0
2022-05,680,1,1,3872,2,0
2022-05,680,2,0,117,0,0
2022-05,680,2,1,1073,0,0
2022-05,690,1,0,779,0,0
2022-05,690,1,1,4363,1,1
2022-05,690,2,0,122,0,0
2022-05,690,2,1,1060,1,0
2022-05,700,1,0,809,1,0
2022-05,700,1,1,4266,3,1
2022-05,700,2,0,98,0,0
2022-05,700,2,1,1104,0,0
2022-05,710,1,0,811,0,0
2022-05,710,1,1,4421,2,1
2022-05,710,2,0,110,1,0
2022-05,710,2,1,1139,0,0
2022-05,720,1,0,879,0,0
2022-05,720,1,1,4597,2,1
2022-05,720,2,0,114,0,0
2022-05,720,2,1,997,0,0
2022-05,730,1,0,917,0,0
2022-05,730,1,1,4904,0,0
2022-05,730,2,0,99,0,0
2022-05,730,2,1,1077,0,0
2022-05,740,1,0,899,0,0
2022-05,740,1,1,4742,1,0
2022-05,740,2,0,102,0,0
2022-05,740,2,1,990,0,0
2022-05,750,1,0,947,0,0
2022-05,750,1,1,4889,1,0
2022-05,750,2,0,109,0,0
2022-05,750,2,1,950,0,0
2022-05,760,1,0,890,0,0
2022-05,760,1,1,4867,0,0
2022-05,760,2,0,85,0,0
2022-05,760,2,1,923,0,0
2022-05,770,1,0,956,0,0
2022-05,770,1,1,5007,2,1
2022-05,770,2,0,86,0,0
2022-05,770,2,1,881,0,0
2022-05,780,1,0,995,0,0
2022-05,780,1,1,5270,0,0
2022-05,780,2,0,89,0,0
2022-05,780,2,1,916,0,0
2022-05,790,1,0,1026,0,0
2022-05,790,1,1,5424,0,0
2022-05,790,2,0,87,0,0
2022-05,790,2,1,805,0,0
2022-05,800,1,0,1159,0,0
2022-05,800,1,1,5785,0,0
2022-05,800,2,0,92,0,0
2022-05,800,2,1,865,0,0
2022-05,810,1,0,1230,0,0
2022-05,810,1,1,6216,0,0
2022-05,810,2,0,86,0,0
2022-05,810,2,1,891,0,0
2022-05,820,1,0,1140,0,0
2022-05,820,1,1,6308,0,0
2022-05,820,2,0,92,0,0
2022-05,820,2,1,895,0,0
2022-05,830,1,0,1131,0,0
2022-05,830,1,1,6456,0,0
2022-05,830,2,0,99,0,0
2022-05,830,2,1,842,0,0
2022-05,840,1,0,1066,0,0
2022-05,840,1,1,5995,0,0
2022-05,840,2,0,86,0,0
2022-05,840,2,1,745,0,0
2022-05,850,1,0,1053,0,0
2022-05,850,1,1,6075,0,0
2022-05,850,2,0,82,0,0
2022-05,850,2,1,729,0,0
2022-05,860,1,0,822,0,0
2022-05,860,1,1,4942,0,0
2022-05,860,2,0,50,0,0
2022-05,860,2,1,572,0,0
2022-05,870,1,0,661,0,0
2022-05,870,1,1,3712,0,0
2022-05,870,2,0,48,0,0
2022-05,870,2,1,416,0,0
2022-05,880,1,0,347,0,0
2022-05,880,1,1,2171,0,0
2022-05,880,2,0,29,0,0
2022-05,880,2,1,244,0,0
2022-05,890,1,0,145,0,0
2022-05,890,1,1,851,0,0
2022-05,890,2,0,6,0,0
2022-05,890,2,1,89,0,0
2022-06,380,1,1,1,0,0
2022-06,380,2,1,1,0,0
2022-06,390,1,1,2,0,0
2022-06,400,1,1,2,0,0
2022-06,410,1,1,5,0,0
2022-06,410,2,1,1,0,0
2022-06,420,1,1,2,0,0
2022-06,430,1,0,1,0,0
2022-06,430,1,1,7,0,0
2022-06,430,2,1,2,0,0
2022-06,440,1,1,7,0,0
2022-06,440,2,1,5,1,0
2022-06,450,1,1,25,0,0
2022-06,450,2,0,2,0,0
2022-06,450,2,1,9,0,0
2022-06,460,1,0,3,0,0
2022-06,460,1,1,27,0,0
2022-06,460,2,0,1,0,0
2022-06,460,2,1,9,0,0
2022-06,470,1,0,3,0,0
2022-06,470,1,1,62,0,0
2022-06,470,2,0,1,0,0
2022-06,470,2,1,20,0,0
2022-06,480,1,0,4,0,0
2022-06,480,1,1,94,0,0
2022-06,480,2,0,3,0,0
2022-06,480,2,1,26,0,0
2022-06,490,1,0,9,0,0
2022-06,490,1,1,115,0,0
2022-06,490,2,0,2,0,0
2022-06,490,2,1,44,0,0
2022-06,500,1,0,12,0,0
2022-06,500,1,1,157,0,0
2022-06,500,2,0,3,0,0
2022-06,500,2,1,64,0,0
2022-06,510,1,0,12,0,0
2022-06,510,1,1,264,1,0
2022-06,510,2,0,9,0,0
2022-06,510,2,1,73,0,0
2022-06,520,1,0,27,0,0
2022-06,520,1,1,392,0,0
2022-06,520,2,0,13,0,0
2022-06,520,2,1,84,0,0
2022-06,530,1,0,36,0,0
2022-06,530,1,1,502,0,0
2022-06,530,2,0,13,0,0
2022-06,530,2,1,135,0,0
2022-06,540,1,0,87,0,0
2022-06,540,1,1,690,0,0
2022-06,540,2,0,16,0,0
2022-06,540,2,1,175,0,0
2022-06,550,1,0,98,0,0
2022-06,550,1,1,1007,0,0
2022-06,550,2,0,11,0,0
2022-06,550,2,1,176,0,0
2022-06,560,1,0,134,0,0
2022-06,560,1,1,1159,2,0
2022-06,560,2,0,17,0,0
2022-06,560,2,1,230,3,1
2022-06,570,1,0,177,0,0
2022-06,570,1,1,1521,0,0
2022-06,570,2,0,37,0,0
2022-06,570,2,1,329,0,0
2022-06,580,1,0,183,0,0
2022-06,580,1,1,1670,2,0
2022-06,580,2,0,40,0,0
2022-06,580,2,1,349,0,0
2022-06,590,1,0,259,0,0
2022-06,590,1,1,2134,3,0
2022-06,590,2,0,41,0,0
2022-06,590,2,1,492,0,0
2022-06,600,1,0,308,0,0
2022-06,600,1,1,2440,4,0
2022-06,600,2,0,56,0,0
2022-06,600,2,1,527,0,0
2022-06,610,1,0,398,0,0
2022-06,610,1,1,2855,3,0
2022-06,610,2,0,65,0,0
2022-06,610,2,1,653,1,0
2022-06,620,1,0,413,0,0
2022-06,620,1,1,3145,2,0
2022-06,620,2,0,110,0,0
2022-06,620,2,1,942,3,1
2022-06,630,1,0,510,0,0
2022-06,630,1,1,3587,3,2
2022-06,630,2,0,123,0,0
2022-06,630,2,1,1042,1,0
2022-06,640,1,0,555,0,0
2022-06,640,1,1,3674,6,0
2022-06,640,2,0,125,0,0
2022-06,640,2,1,1088,1,0
2022-06,650,1,0,654,0,0
2022-06,650,1,1,4173,3,1
2022-06,650,2,0,134,0,0
2022-06,650,2,1,1238,0,0
2022-06,660,1,0,655,0,0
2022-06,660,1,1,4168,4,2
2022-06,660,2,0,149,0,0
2022-06,660,2,1,1077,0,0
2022-06,670,1,0,810,0,0
2022-06,670,1,1,4533,1,0
2022-06,670,2,0,146,0,0
2022-06,670,2,1,1106,0,0
2022-06,680,1,0,815,0,0
2022-06,680,1,1,4455,2,1
2022-06,680,2,0,147,0,0
2022-06,680,2,1,1153,0,0
2022-06,690,1,0,878,0,0
2022-06,690,1,1,5007,5,0
2022-06,690,2,0,154,0,0
2022-06,690,2,1,1144,0,0
2022-06,700,1,0,900,0,0
2022-06,700,1,1,4941,1,0
2022-06,700,2,0,102,0,0
2022-06,700,2,1,1175,0,0
2022-06,710,1,0,943,0,0
2022-06,710,1,1,5104,1,0
2022-06,710,2,0,123,0,0
2022-06,710,2,1,1216,0,0
2022-06,720,1,0,997,0,0
2022-06,720,1,1,5349,4,1
2022-06,720,2,0,111,0,0
2022-06,720,2,1,1084,0,0
2022-06,730,1,0,1020,0,0
2022-06,730,1,1,5698,1,0
2022-06,730,2,0,97,0,0
2022-06,730,2,1,1143,0,0
2022-06,740,1,0,1056,0,0
2022-06,740,1,1,5505,0,0
2022-06,740,2,0,106,0,0
2022-06,740,2,1,1067,0,0
2022-06,750,1,0,1024,0,0
2022-06,750,1,1,5700,0,0
2022-06,750,2,0,106,0,0
2022-06,750,2,1,1028,0,0
2022-06,760,1,0,1031,0,0
2022-06,760,1,1,5652,0,0
2022-06,760,2,0,93,0,0
2022-06,760,2,1,976,0,0
2022-06,770,1,0,1113,0,0
2022-06,770,1,1,5826,0,0
2022-06,770,2,0,94,0,0
2022-06,770,2,1,938,0,0
2022-06,780,1,0,1131,0,0
2022-06,780,1,1,6125,0,0
2022-06,780,2,0,101,0,0
2022-06,780,2,1,973,0,0
2022-06,790,1,0,1219,0,0
2022-06,790,1,1,6325,0,0
2022-06,790,2,0,104,0,0
2022-06,790,2,1,866,0,0
2022-06,800,1,0,1297,0,0
2022-06,800,1,1,6785,1,0
2022-06,800,2,0,101,0,0
2022-06,800,2,1,929,0,0
2022-06,810,1,0,1327,0,0
2022-06,810,1,1,7290,0,0
2022-06,810,2,0,83,0,0
2022-06,810,2,1,946,0,0
2022-06,820,1,0,1320,0,0
2022-06,820,1,1,7296,0,0
2022-06,820,2,0,97,0,0
2022-06,820,2,1,955,0,0
2022-06,830,1,0,1353,0,0
2022-06,830,1,1,7430,0,0
2022-06,830,2,0,87,0,0
2022-06,830,2,1,908,0,0
2022-06,840,1,0,1162,0,0
2022-06,840,1,1,6919,0,0
2022-06,840,2,0,76,0,0
2022-06,840,2,1,806,0,0
2022-06,850,1,0,1123,0,0
2022-06,850,1,1,6994,0,0
2022-06,850,2,0,86,0,0
2022-06,850,2,1,785,0,0
2022-06,860,1,0,904,0,0
2022-06,860,1,1,5639,0,0
2022-06,860,2,0,63,0,0
2022-06,860,2,1,610,0,0
2022-06,870,1,0,664,0,0
2022-06,870,1,1,4274,0,0
2022-06,870,2,0,49,0,0
2022-06,870,2,1,453,0,0
2022-06,880,1,0,397,0,0
2022-06,880,1,1,2472,0,0
2022-06,880,2,0,28,0,0
2022-06,880,2,1,267,0,0
2022-06,890,1,0,145,0,0
2022-06,890,1,1,969,0,0
2022-06,890,2,0,13,0,0
2022-06,890,2,1,91,0,0
2022-07,380,1,1,1,0,0
2022-07,380,2,1,1,0,0
2022-07,390,1,1,2,0,0
2022-07,400,1,1,2,0,0
2022-07,410,1,1,5,0,0
2022-07,410,2,1,1,0,0
2022-07,420,1,1,2,0,0
2022-07,430,1,0,1,0,0
2022-07,430,1,1,7,0,0
2022-07,430,2,1,2,0,0
2022-07,440,1,1,7,0,0
2022-07,440,2,1,4,0,0
2022-07,450,1,1,24,0,0
2022-07,450,2,0,2,0,0
2022-07,450,2,1,9,0,0
2022-07,460,1,0,3,0,0
2022-07,460,1,1,25,0,0
2022-07,460,2,0,1,0,0
2022-07,460,2,1,9,0,0
2022-07,470,1,0,3,0,0
2022-07,470,1,1,62,0,0
2022-07,470,2,0,1,0,0
2022-07,470,2,1,19,0,0
2022-07,480,1,0,4,0,0
2022-07,480,1,1,89,0,0
2022-07,480,2,0,3,0,0
2022-07,480,2,1,26,0,0
2022-07,490,1,0,9,0,0
2022-07,490,1,1,112,0,0
2022-07,490,2,0,2,0,0
2022-07,490,2,1,44,1,0
2022-07,500,1,0,12,0,0
2022-07,500,1,1,149,0,0
2022-07,500,2,0,3,0,0
2022-07,500,2,1,63,0,0
2022-07,510,1,0,12,0,0
2022-07,510,1,1,255,0,0
2022-07,510,2,0,9,0,0
2022-07,510,2,1,71,0,0
2022-07,520,1,0,26,0,0
2022-07,520,1,1,383,2,0
2022-07,520,2,0,13,0,0
2022-07,520,2,1,81,0,0
2022-07,530,1,0,35,0,0
2022-07,530,1,1,492,0,0
2022-07,530,2,0,13,0,0
2022-07,530,2,1,132,0,0
2022-07,540,1,0,85,0,0
2022-07,540,1,1,661,0,0
2022-07,540,2,0,16,0,0
2022-07,540,2,1,171,1,1
2022-07,550,1,0,97,0,0
2022-07,550,1,1,976,1,0
2022-07,550,2,0,11,0,0
2022-07,550,2,1,170,0,0
2022-07,560,1,0,133,0,0
2022-07,560,1,1,1115,0,0
2022-07,560,2,0,17,0,0
2022-07,560,2,1,220,0,0
2022-07,570,1,0,174,0,0
2022-07,570,1,1,1468,3,1
2022-07,570,2,0,36,0,0
2022-07,570,2,1,322,0,0
2022-07,580,1,0,178,0,0
2022-07,580,1,1,1631,1,0
2022-07,580,2,0,40,0,0
2022-07,580,2,1,341,1,0
2022-07,590,1,0,254,0,0
2022-07,590,1,1,2052,2,1
2022-07,590,2,0,41,0,0
2022-07,590,2,1,480,0,0
2022-07,600,1,0,302,0,0
2022-07,600,1,1,2373,2,1
2022-07,600,2,0,55,0,0
2022-07,600,2,1,507,0,0
2022-07,610,1,0,397,0,0
2022-07,610,1,1,2771,4,2
2022-07,610,2,0,64,0,0
2022-07,610,2,1,633,0,0
2022-07,620,1,0,404,0,0
2022-07,620,1,1,3073,2,0
2022-07,620,2,0,108,0,0
2022-07,620,2,1,910,0,0
2022-07,630,1,0,498,0,0
2022-07,630,1,1,3471,7,2
2022-07,630,2,0,120,1,0
2022-07,630,2,1,1014,1,1
2022-07,640,1,0,545,0,0
2022-07,640,1,1,3572,2,0
2022-07,640,2,0,121,0,0
2022-07,640,2,1,1053,0,0
2022-07,650,1,0,643,0,0
2022-07,650,1,1,4049,5,0
2022-07,650,2,0,134,0,0
2022-07,650,2,1,1194,1,1
2022-07,660,1,0,644,0,0
2022-07,660,1,1,4066,3,1
2022-07,660,2,0,146,0,0
2022-07,660,2,1,1038,1,0
2022-07,670,1,0,791,0,0
2022-07,670,1,1,4392,0,0
2022-07,670,2,0,145,0,0
2022-07,670,2,1,1073,1,0
2022-07,680,1,0,796,0,0
2022-07,680,1,1,4322,2,1
2022-07,680,2,0,145,0,0
2022-07,680,2,1,1118,1,0
2022-07,690,1,0,869,0,0
2022-07,690,1,1,4884,5,3
2022-07,690,2,0,153,0,0
2022-07,690,2,1,1115,1,0
2022-07,700,1,0,882,0,0
2022-07,700,1,1,4810,2,0
2022-07,700,2,0,102,0,0
2022-07,700,2,1,1139,0,0
2022-07,710,1,0,925,0,0
2022-07,710,1,1,4978,1,0
2022-07,710,2,0,120,0,0
2022-07,710,2,1,1185,0,0
2022-07,720,1,0,980,0,0
2022-07,720,1,1,5203,2,0
2022-07,720,2,0,109,0,0
2022-07,720,2,1,1054,0,0
2022-07,730,1,0,1009,0,0
2022-07,730,1,1,5567,1,1
2022-07,730,2,0,94,0,0
2022-07,730,2,1,1114,0,0
2022-07,740,1,0,1046,0,0
2022-07,740,1,1,5392,0,0
2022-07,740,2,0,101,0,0
2022-07,740,2,1,1033,0,0
2022-07,750,1,0,1008,0,0
2022-07,750,1,1,5579,0,0
2022-07,750,2,0,104,0,0
2022-07,750,2,1,993,0,0
2022-07,760,1,0,1013,1,0
2022-07,760,1,1,5516,0,0
2022-07,760,2,0,91,0,0
2022-07,760,2,1,948,0,0
2022-07,770,1,0,1092,0,0
2022-07,770,1,1,5700,0,0
2022-07,770,2,0,93,0,0
2022-07,770,2,1,908,0,0
2022-07,780,1,0,1110,0,0
2022-07,780,1,1,5979,0,0
2022-07,780,2,0,101,0,0
2022-07,780,2,1,943,0,0
2022-07,790,1,0,1205,0,0
2022-07,790,1,1,6193,0,0
2022-07,790,2,0,101,0,0
2022-07,790,2,1,850,0,0
2022-07,800,1,0,1281,0,0
2022-07,800,1,1,6611,0,0
2022-07,800,2,0,100,0,0
2022-07,800,2,1,901,0,0
2022-07,810,1,0,1301,0,0
2022-07,810,1,1,7120,1,0
2022-07,810,2,0,79,0,0
2022-07,810,2,1,910,0,0
2022-07,820,1,0,1306,0,0
2022-07,820,1,1,7134,0,0
2022-07,820,2,0,96,0,0
2022-07,820,2,1,928,0,0
2022-07,830,1,0,1332,0,0
2022-07,830,1,1,7260,0,0
2022-07,830,2,0,87,0,0
2022-07,830,2,1,883,0,0
2022-07,840,1,0,1143,0,0
2022-07,840,1,1,6772,0,0
2022-07,840,2,0,73,0,0
2022-07,840,2,1,783,0,0
2022-07,850,1,0,1106,0,0
2022-07,850,1,1,6836,1,0
2022-07,850,2,0,83,0,0
2022-07,850,2,1,761,0,0
2022-07,860,1,0,892,0,0
2022-07,860,1,1,5515,0,0
2022-07,860,2,0,60,0,0
2022-07,860,2,1,585,0,0
2022-07,870,1,0,654,0,0
2022-07,870,1,1,4174,0,0
2022-07,870,2,0,47,0,0
2022-07,870,2,1,439,0,0
2022-07,880,1,0,390,0,0
2022-07,880,1,1,2427,1,1
2022-07,880,2,0,25,0,0
2022-07,880,2,1,257,0,0
2022-07,890,1,0,142,0,0
2022-07,890,1,1,948,0,0
2022-07,890,2,0,13,0,0
2022-07,890,2,1,90,0,0
2022-08,380,1,1,1,0,0
2022-08,380,2,1,1,0,0
2022-08,390,1,1,2,0,0
2022-08,400,1,1,2,0,0
2022-08,410,1,1,5,0,0
2022-08,410,2,1,1,0,0
2022-08,420,1,1,2,0,0
2022-08,430,1,0,1,0,0
2022-08,430,1,1,7,0,0
2022-08,430,2,1,2,0,0
2022-08,440,1,1,7,0,0
2022-08,440,2,1,4,0,0
2022-08,450,1,1,24,0,0
2022-08,450,2,0,2,0,0
2022-08,450,2,1,9,0,0
2022-08,460,1,0,3,0,0
2022-08,460,1,1,25,0,0
2022-08,460,2,0,1,0,0
2022-08,460,2,1,9,0,0
2022-08,470,1,0,3,0,0
2022-08,470,1,1,60,0,0
2022-08,470,2,0,1,0,0
2022-08,470,2,1,18,0,0
2022-08,480,1,0,4,0,0
2022-08,480,1,1,85,1,1
2022-08,480,2,0,3,0,0
2022-08,480,2,1,26,0,0
2022-08,490,1,0,9,0,0
2022-08,490,1,1,104,0,0
2022-08,490,2,0,2,0,0
2022-08,490,2,1,42,0,0
2022-08,500,1,0,11,0,0
2022-08,500,1,1,145,1,1
2022-08,500,2,0,2,0,0
2022-08,500,2,1,63,0,0
2022-08,510,1,0,12,0,0
2022-08,510,1,1,252,1,0
2022-08,510,2,0,9,0,0
2022-08,510,2,1,69,0,0
2022-08,520,1,0,26,0,0
2022-08,520,1,1,367,0,0
2022-08,520,2,0,13,0,0
2022-08,520,2,1,79,0,0
2022-08,530,1,0,35,0,0
2022-08,530,1,1,471,2,1
2022-08,530,2,0,13,0,0
2022-08,530,2,1,129,0,0
2022-08,540,1,0,83,0,0
2022-08,540,1,1,644,0,0
2022-08,540,2,0,16,0,0
2022-08,540,2,1,168,0,0
2022-08,550,1,0,92,0,0
2022-08,550,1,1,952,1,0
2022-08,550,2,0,11,0,0
2022-08,550,2,1,167,0,0
2022-08,560,1,0,131,0,0
2022-08,560,1,1,1080,3,0
2022-08,560,2,0,16,0,0
2022-08,560,2,1,216,1,1
2022-08,570,1,0,172,0,0
2022-08,570,1,1,1429,3,1
2022-08,570,2,0,35,0,0
2022-08,570,2,1,315,0,0
2022-08,580,1,0,174,0,0
2022-08,580,1,1,1585,1,0
2022-08,580,2,0,40,0,0
2022-08,580,2,1,333,0,0
2022-08,590,1,0,244,0,0
2022-08,590,1,1,1989,1,0
2022-08,590,2,0,41,0,0
2022-08,590,2,1,464,0,0
2022-08,600,1,0,300,0,0
2022-08,600,1,1,2304,2,0
2022-08,600,2,0,52,0,0
2022-08,600,2,1,497,1,0
2022-08,610,1,0,388,0,0
2022-08,610,1,1,2693,0,0
2022-08,610,2,0,63,0,0
2022-08,610,2,1,623,0,0
2022-08,620,1,0,397,0,0
2022-08,620,1,1,2988,4,1
2022-08,620,2,0,106,0,0
2022-08,620,2,1,890,2,1
2022-08,630,1,0,487,0,0
2022-08,630,1,1,3380,7,1
2022-08,630,2,0,119,0,0
2022-08,630,2,1,990,0,0
2022-08,640,1,0,534,0,0
2022-08,640,1,1,3485,4,0
2022-08,640,2,0,117,0,0
2022-08,640,2,1,1017,3,1
2022-08,650,1,0,626,0,0
2022-08,650,1,1,3932,3,1
2022-08,650,2,0,131,0,0
2022-08,650,2,1,1169,0,0
2022-08,660,1,0,633,1,0
2022-08,660,1,1,3944,2,0
2022-08,660,2,0,142,0,0
2022-08,660,2,1,1005,0,0
2022-08,670,1,0,768,0,0
2022-08,670,1,1,4272,0,0
2022-08,670,2,0,141,0,0
2022-08,670,2,1,1046,2,1
2022-08,680,1,0,777,0,0
2022-08,680,1,1,4205,4,1
2022-08,680,2,0,141,0,0
2022-08,680,2,1,1089,2,1
2022-08,690,1,0,847,1,1
2022-08,690,1,1,4766,1,0
2022-08,690,2,0,151,0,0
2022-08,690,2,1,1074,0,0
2022-08,700,1,0,866,1,0
2022-08,700,1,1,4678,0,0
2022-08,700,2,0,98,0,0
2022-08,700,2,1,1105,0,0
2022-08,710,1,0,903,0,0
2022-08,710,1,1,4882,1,0
2022-08,710,2,0,117,0,0
2022-08,710,2,1,1150,0,0
2022-08,720,1,0,961,0,0
2022-08,720,1,1,5078,1,0
2022-08,720,2,0,105,0,0
2022-08,720,2,1,1033,0,0
2022-08,730,1,0,992,0,0
2022-08,730,1,1,5435,1,0
2022-08,730,2,0,92,0,0
2022-08,730,2,1,1097,0,0
2022-08,740,1,0,1028,0,0
2022-08,740,1,1,5275,0,0
2022-08,740,2,0,99,0,0
2022-08,740,2,1,1013,0,0
2022-08,750,1,0,980,0,0
2022-08,750,1,1,5443,0,0
2022-08,750,2,0,101,0,0
2022-08,750,2,1,977,0,0
2022-08,760,1,0,985,0,0
2022-08,760,1,1,5417,0,0
2022-08,760,2,0,89,0,0
2022-08,760,2,1,929,0,0
2022-08,770,1,0,1065,0,0
2022-08,770,1,1,5559,1,0
2022-08,770,2,0,91,0,0
2022-08,770,2,1,882,0,0
2022-08,780,1,0,1093,0,0
2022-08,780,1,1,5852,1,1
2022-08,780,2,0,95,0,0
2022-08,780,2,1,919,0,0
2022-08,790,1,0,1182,0,0
2022-08,790,1,1,6079,0,0
2022-08,790,2,0,100,0,0
2022-08,790,2,1,833,0,0
2022-08,800,1,0,1254,0,0
2022-08,800,1,1,6468,0,0
2022-08,800,2,0,97,0,0
2022-08,800,2,1,871,0,0
2022-08,810,1,0,1280,0,0
2022-08,810,1,1,6969,0,0
2022-08,810,2,0,76,0,0
2022-08,810,2,1,884,0,0
2022-08,820,1,0,1280,0,0
2022-08,820,1,1,6962,1,0
2022-08,820,2,0,91,0,0
2022-08,820,2,1,902,0,0
2022-08,830,1,0,1299,0,0
2022-08,830,1,1,7089,0,0
2022-08,830,2,0,84,0,0
2022-08,830,2,1,860,0,0
2022-08,840,1,0,1124,0,0
2022-08,840,1,1,6643,0,0
2022-08,840,2,0,71,0,0
2022-08,840,2,1,762,0,0
2022-08,850,1,0,1084,0,0
2022-08,850,1,1,6702,0,0
2022-08,850,2,0,82,0,0
2022-08,850,2,1,737,0,0
2022-08,860,1,0,880,0,0
2022-08,860,1,1,5405,0,0
2022-08,860,2,0,59,0,0
2022-08,860,2,1,557,0,0
2022-08,870,1,0,650,0,0
2022-08,870,1,1,4091,0,0
2022-08,870,2,0,45,0,0
2022-08,870,2,1,428,0,0
2022-08,880,1,0,387,0,0
2022-08,880,1,1,2369,0,0
2022-08,880,2,0,25,0,0
2022-08,880,2,1,250,0,0
2022-08,890,1,0,141,0,0
2022-08,890,1,1,930,0,0
2022-08,890,2,0,13,0,0
2022-08,890,2,1,85,0,0
2022-09,380,1,1,1,0,0
2022-09,380,2,1,1,0,0
2022-09,390,1,1,2,0,0
2022-09,400,1,1,2,0,0
2022-09,410,1,1,5,0,0
2022-09,410,2,1,1,0,0
2022-09,420,1,1,2,0,0
2022-09,430,1,0,1,0,0
2022-09,430,1,1,7,0,0
2022-09,430,2,1,2,0,0
2022-09,440,1,1,6,0,0
2022-09,440,2,1,3,0,0
2022-09,450,1,1,22,0,0
2022-09,450,2,0,2,0,0
2022-09,450,2,1,7,0,0
2022-09,460,1,0,3,0,0
2022-09,460,1,1,21,0,0
2022-09,460,2,0,1,0,0
2022-09,460,2,1,9,0,0
2022-09,470,1,0,3,0,0
2022-09,470,1,1,52,0,0
2022-09,470,2,0,1,0,0
2022-09,470,2,1,17,0,0
2022-09,480,1,0,4,0,0
2022-09,480,1,1,68,0,0
2022-09,480,2,0,2,0,0
2022-09,480,2,1,24,0,0
2022-09,490,1,0,9,0,0
2022-09,490,1,1,90,0,0
2022-09,490,2,0,2,0,0
2022-09,490,2,1,34,0,0
2022-09,500,1,0,11,0,0
2022-09,500,1,1,120,0,0
2022-09,500,2,0,2,0,0
2022-09,500,2,1,59,0,0
2022-09,510,1,0,12,0,0
2022-09,510,1,1,216,0,0
2022-09,510,2,0,9,0,0
2022-09,510,2,1,64,0,0
2022-09,520,1,0,26,0,0
2022-09,520,1,1,322,0,0
2022-09,520,2,0,13,0,0
2022-09,520,2,1,69,0,0
2022-09,530,1,0,33,0,0
2022-09,530,1,1,436,0,0
2022-09,530,2,0,13,0,0
2022-09,530,2,1,115,0,0
2022-09,540,1,0,80,0,0
2022-09,540,1,1,578,1,0
2022-09,540,2,0,16,0,0
2022-09,540,2,1,157,0,0
2022-09,550,1,0,91,0,0
2022-09,550,1,1,877,0,0
2022-09,550,2,0,11,0,0
2022-09,550,2,1,150,0,0
2022-09,560,1,0,131,0,0
2022-09,560,1,1,972,1,0
2022-09,560,2,0,15,0,0
2022-09,560,2,1,194,0,0
2022-09,570,1,0,166,1,0
2022-09,570,1,1,1310,2,0
2022-09,570,2,0,35,0,0
2022-09,570,2,1,278,0,0
2022-09,580,1,0,170,0,0
2022-09,580,1,1,1459,3,0
2022-09,580,2,0,39,0,0
2022-09,580,2,1,304,0,0
2022-09,590,1,0,235,0,0
2022-09,590,1,1,1798,3,3
2022-09,590,2,0,40,0,0
2022-09,590,2,1,429,0,0
2022-09,600,1,0,284,0,0
2022-09,600,1,1,2090,5,2
2022-09,600,2,0,46,0,0
2022-09,600,2,1,455,0,0
2022-09,610,1,0,378,0,0
2022-09,610,1,1,2490,2,1
2022-09,610,2,0,62,0,0
2022-09,610,2,1,554,0,0
2022-09,620,1,0,385,0,0
2022-09,620,1,1,2716,4,0
2022-09,620,2,0,104,0,0
2022-09,620,2,1,799,0,0
2022-09,630,1,0,473,1,0
2022-09,630,1,1,3087,2,1
2022-09,630,2,0,114,1,0
2022-09,630,2,1,898,1,0
2022-09,640,1,0,524,0,0
2022-09,640,1,1,3168,3,2
2022-09,640,2,0,112,0,0
2022-09,640,2,1,914,0,0
2022-09,650,1,0,612,0,0
2022-09,650,1,1,3566,1,0
2022-09,650,2,0,127,0,0
2022-09,650,2,1,1048,0,0
2022-09,660,1,0,613,0,0
2022-09,660,1,1,3564,4,0
2022-09,660,2,0,140,0,0
2022-09,660,2,1,910,1,0
2022-09,670,1,0,752,0,0
2022-09,670,1,1,3878,3,0
2022-09,670,2,0,138,0,0
2022-09,670,2,1,937,1,1
2022-09,680,1,0,759,1,1
2022-09,680,1,1,3815,1,0
2022-09,680,2,0,138,0,0
2022-09,680,2,1,968,0,0
2022-09,690,1,0,829,0,0
2022-09,690,1,1,4359,3,0
2022-09,690,2,0,149,0,0
2022-09,690,2,1,980,0,0
2022-09,700,1,0,848,1,0
2022-09,700,1,1,4264,2,2
2022-09,700,2,0,96,0,0
2022-09,700,2,1,991,1,1
2022-09,710,1,0,875,0,0
2022-09,710,1,1,4439,1,0
2022-09,710,2,0,111,0,0
2022-09,710,2,1,1017,0,0
2022-09,720,1,0,933,0,0
2022-09,720,1,1,4647,2,1
2022-09,720,2,0,100,0,0
2022-09,720,2,1,932,1,1
2022-09,730,1,0,971,0,0
2022-09,730,1,1,4971,2,0
2022-09,730,2,0,89,0,0
2022-09,730,2,1,967,0,0
2022-09,740,1,0,1003,0,0
2022-09,740,1,1,4826,0,0
2022-09,740,2,0,99,0,0
2022-09,740,2,1,893,0,0
2022-09,750,1,0,950,0,0
2022-09,750,1,1,4976,1,0
2022-09,750,2,0,98,0,0
2022-09,750,2,1,873,0,0
2022-09,760,1,0,957,0,0
2022-09,760,1,1,4940,0,0
2022-09,760,2,0,84,0,0
2022-09,760,2,1,827,0,0
2022-09,770,1,0,1039,0,0
2022-09,770,1,1,5110,0,0
2022-09,770,2,0,89,0,0
2022-09,770,2,1,783,0,0
2022-09,780,1,0,1068,0,0
2022-09,780,1,1,5397,0,0
2022-09,780,2,0,91,0,0
2022-09,780,2,1,823,0,0
2022-09,790,1,0,1151,1,0
2022-09,790,1,1,5551,0,0
2022-09,790,2,0,98,0,0
2022-09,790,2,1,736,0,0
2022-09,800,1,0,1227,0,0
2022-09,800,1,1,5944,0,0
2022-09,800,2,0,94,0,0
2022-09,800,2,1,779,0,0
2022-09,810,1,0,1241,0,0
2022-09,810,1,1,6438,0,0
2022-09,810,2,0,76,0,0
2022-09,810,2,1,786,0,0
2022-09,820,1,0,1256,0,0
2022-09,820,1,1,6362,2,1
2022-09,820,2,0,91,0,0
2022-09,820,2,1,813,0,0
2022-09,830,1,0,1267,0,0
2022-09,830,1,1,6528,0,0
2022-09,830,2,0,81,0,0
2022-09,830,2,1,772,0,0
2022-09,840,1,0,1096,0,0
2022-09,840,1,1,6084,0,0
2022-09,840,2,0,69,0,0
2022-09,840,2,1,677,0,0
2022-09,850,1,0,1057,0,0
2022-09,850,1,1,6140,0,0
2022-09,850,2,0,82,0,0
2022-09,850,2,1,662,0,0
2022-09,860,1,0,858,0,0
2022-09,860,1,1,4957,0,0
2022-09,860,2,0,58,0,0
2022-09,860,2,1,509,1,0
2022-09,870,1,0,638,0,0
2022-09,870,1,1,3769,0,0
2022-09,870,2,0,44,0,0
2022-09,870,2,1,381,0,0
2022-09,880,1,0,380,0,0
2022-09,880,1,1,2183,0,0
2022-09,880,2,0,25,0,0
2022-09,880,2,1,221,0,0
2022-09,890,1,0,137,0,0
2022-09,890,1,1,868,0,0
2022-09,890,2,0,13,0,0
2022-09,890,2,1,69,0,0
2022-10,380,1,1,1,0,0
2022-10,380,2,1,1,0,0
2022-10,390,1,1,2,0,0
2022-10,400,1,1,2,0,0
2022-10,410,1,1,5,0,0
2022-10,410,2,1,1,0,0
2022-10,420,1,1,2,0,0
2022-10,430,1,0,1,0,0
2022-10,430,1,1,7,0,0
2022-10,430,2,1,2,0,0
2022-10,440,1,0,2,0,0
2022-10,440,1,1,6,0,0
2022-10,440,2,0,4,0,0
2022-10,440,2,1,3,0,0
2022-10,450,1,0,6,0,0
2022-10,450,1,1,22,0,0
2022-10,450,2,0,3,0,0
2022-10,450,2,1,7,0,0
2022-10,460,1,0,6,0,0
2022-10,460,1,1,20,0,0
2022-10,460,2,0,3,0,0
2022-10,460,2,1,8,0,0
2022-10,470,1,0,22,0,0
2022-10,470,1,1,50,1,0
2022-10,470,2,0,4,0,0
2022-10,470,2,1,17,0,0
2022-10,480,1,0,16,0,0
2022-10,480,1,1,67,0,0
2022-10,480,2,0,5,0,0
2022-10,480,2,1,23,0,0
2022-10,490,1,0,30,0,0
2022-10,490,1,1,87,0,0
2022-10,490,2,0,14,0,0
2022-10,490,2,1,34,0,0
2022-10,500,1,0,36,0,0
2022-10,500,1,1,119,0,0
2022-10,500,2,0,14,0,0
2022-10,500,2,1,56,0,0
2022-10,510,1,0,50,0,0
2022-10,510,1,1,214,2,0
2022-10,510,2,0,23,0,0
2022-10,510,2,1,62,0,0
2022-10,520,1,0,69,1,1
2022-10,520,1,1,313,2,0
2022-10,520,2,0,32,1,1
2022-10,520,2,1,67,0,0
2022-10,530,1,0,102,0,0
2022-10,530,1,1,426,1,0
2022-10,530,2,0,48,0,0
2022-10,530,2,1,111,0,0
2022-10,540,1,0,164,0,0
2022-10,540,1,1,566,1,0
2022-10,540,2,0,48,0,0
2022-10,540,2,1,152,0,0
2022-10,550,1,0,230,0,0
2022-10,550,1,1,852,2,1
2022-10,550,2,0,48,0,0
2022-10,550,2,1,148,0,0
2022-10,560,1,0,296,0,0
2022-10,560,1,1,948,2,0
2022-10,560,2,0,58,0,0
2022-10,560,2,1,187,1,1
2022-10,570,1,0,404,1,0
2022-10,570,1,1,1272,1,0
2022-10,570,2,0,103,0,0
2022-10,570,2,1,269,0,0
2022-10,580,1,0,448,0,0
2022-10,580,1,1,1414,0,0
2022-10,580,2,0,95,0,0
2022-10,580,2,1,301,1,1
2022-10,590,1,0,599,1,0
2022-10,590,1,1,1748,3,1
2022-10,590,2,0,117,0,0
2022-10,590,2,1,415,1,0
2022-10,600,1,0,698,0,0
2022-10,600,1,1,2028,0,0
2022-10,600,2,0,146,0,0
2022-10,600,2,1,446,0,0
2022-10,610,1,0,892,1,0
2022-10,610,1,1,2410,2,1
2022-10,610,2,0,182,0,0
2022-10,610,2,1,537,0,0
2022-10,620,1,0,1013,0,0
2022-10,620,1,1,2641,3,2
2022-10,620,2,0,309,0,0
2022-10,620,2,1,787,2,1
2022-10,630,1,0,1181,1,0
2022-10,630,1,1,3009,3,1
2022-10,630,2,0,338,0,0
2022-10,630,2,1,886,2,1
2022-10,640,1,0,1341,0,0
2022-10,640,1,1,3089,1,0
2022-10,640,2,0,307,1,0
2022-10,640,2,1,887,0,0
2022-10,650,1,0,1518,0,0
2022-10,650,1,1,3468,2,0
2022-10,650,2,0,372,0,0
2022-10,650,2,1,1031,2,0
2022-10,660,1,0,1605,0,0
2022-10,660,1,1,3455,2,1
2022-10,660,2,0,355,0,0
2022-10,660,2,1,881,1,0
2022-10,670,1,0,1778,0,0
2022-10,670,1,1,3781,0,0
2022-10,670,2,0,353,0,0
2022-10,670,2,1,911,0,0
2022-10,680,1,0,1798,1,0
2022-10,680,1,1,3713,1,0
2022-10,680,2,0,367,0,0
2022-10,680,2,1,935,1,0
2022-10,690,1,0,2008,1,1
2022-10,690,1,1,4249,6,2
2022-10,690,2,0,367,0,0
2022-10,690,2,1,954,0,0
2022-10,700,1,0,2097,0,0
2022-10,700,1,1,4164,4,0
2022-10,700,2,0,301,0,0
2022-10,700,2,1,961,0,0
2022-10,710,1,0,2253,0,0
2022-10,710,1,1,4306,1,0
2022-10,710,2,0,323,0,0
2022-10,710,2,1,988,0,0
2022-10,720,1,0,2174,0,0
2022-10,720,1,1,4501,0,0
2022-10,720,2,0,276,0,0
2022-10,720,2,1,902,1,1
2022-10,730,1,0,2331,0,0
2022-10,730,1,1,4853,2,0
2022-10,730,2,0,279,1,0
2022-10,730,2,1,943,0,0
2022-10,740,1,0,2432,0,0
2022-10,740,1,1,4705,0,0
2022-10,740,2,0,311,0,0
2022-10,740,2,1,871,0,0
2022-10,750,1,0,2403,0,0
2022-10,750,1,1,4839,1,0
2022-10,750,2,0,265,0,0
2022-10,750,2,1,848,0,0
2022-10,760,1,0,2359,0,0
2022-10,760,1,1,4807,0,0
2022-10,760,2,0,220,0,0
2022-10,760,2,1,801,1,1
2022-10,770,1,0,2562,0,0
2022-10,770,1,1,4970,0,0
2022-10,770,2,0,264,0,0
2022-10,770,2,1,763,0,0
2022-10,780,1,0,2672,0,0
2022-10,780,1,1,5270,0,0
2022-10,780,2,0,249,0,0
2022-10,780,2,1,792,0,0
2022-10,790,1,0,2861,0,0
2022-10,790,1,1,5427,0,0
2022-10,790,2,0,235,0,0
2022-10,790,2,1,712,0,0
2022-10,800,1,0,2948,0,0
2022-10,800,1,1,5807,0,0
2022-10,800,2,0,250,0,0
2022-10,800,2,1,762,0,0
2022-10,810,1,0,3113,0,0
2022-10,810,1,1,6280,0,0
2022-10,810,2,0,240,0,0
2022-10,810,2,1,764,0,0
2022-10,820,1,0,3165,0,0
2022-10,820,1,1,6174,0,0
2022-10,820,2,0,249,0,0
2022-10,820,2,1,791,0,0
2022-10,830,1,0,3096,0,0
2022-10,830,1,1,6337,0,0
2022-10,830,2,0,224,0,0
2022-10,830,2,1,739,0,0
2022-10,840,1,0,2871,0,0
2022-10,840,1,1,5926,0,0
2022-10,840,2,0,208,0,0
2022-10,840,2,1,653,0,0
2022-10,850,1,0,2671,0,0
2022-10,850,1,1,5997,0,0
2022-10,850,2,0,203,0,0
2022-10,850,2,1,647,0,0
2022-10,860,1,0,2201,0,0
2022-10,860,1,1,4824,0,0
2022-10,860,2,0,172,0,0
2022-10,860,2,1,497,0,0
2022-10,870,1,0,1560,0,0
2022-10,870,1,1,3673,0,0
2022-10,870,2,0,109,0,0
2022-10,870,2,1,367,0,0
2022-10,880,1,0,895,0,0
2022-10,880,1,1,2127,0,0
2022-10,880,2,0,73,0,0
2022-10,880,2,1,217,0,0
2022-10,890,1,0,348,0,0
2022-10,890,1,1,847,0,0
2022-10,890,2,0,29,0,0
2022-10,890,2,1,66,0,0
2022-11,380,1,1,1,0,0
2022-11,380,2,1,1,0,0
2022-11,390,1,1,2,0,0
2022-11,400,1,1,2,0,0
2022-11,410,1,1,3,0,0
2022-11,410,2,1,1,0,0
2022-11,420,1,1,2,0,0
2022-11,430,1,1,8,0,0
2022-11,430,2,1,2,0,0
2022-11,440,1,0,2,0,0
2022-11,440,1,1,6,0,0
2022-11,440,2,0,4,0,0
2022-11,440,2,1,3,0,0
2022-11,450,1,0,6,1,0
2022-11,450,1,1,21,0,0
2022-11,450,2,0,1,0,0
2022-11,450,2,1,9,0,0
2022-11,460,1,0,3,0,0
2022-11,460,1,1,22,0,0
2022-11,460,2,0,2,0,0
2022-11,460,2,1,9,0,0
2022-11,470,1,0,19,0,0
2022-11,470,1,1,52,0,0
2022-11,470,2,0,3,0,0
2022-11,470,2,1,18,0,0
2022-11,480,1,0,13,0,0
2022-11,480,1,1,66,0,0
2022-11,480,2,0,3,0,0
2022-11,480,2,1,23,0,0
2022-11,490,1,0,20,0,0
2022-11,490,1,1,92,0,0
2022-11,490,2,0,12,0,0
2022-11,490,2,1,34,0,0
2022-11,500,1,0,25,0,0
2022-11,500,1,1,126,1,1
2022-11,500,2,0,12,0,0
2022-11,500,2,1,58,0,0
2022-11,510,1,0,37,0,0
2022-11,510,1,1,217,0,0
2022-11,510,2,0,13,0,0
2022-11,510,2,1,67,0,0
2022-11,520,1,0,41,0,0
2022-11,520,1,1,331,1,0
2022-11,520,2,0,19,0,0
2022-11,520,2,1,75,0,0
2022-11,530,1,0,66,0,0
2022-11,530,1,1,446,0,0
2022-11,530,2,0,36,0,0
2022-11,530,2,1,121,1,1
2022-11,540,1,0,87,0,0
2022-11,540,1,1,629,0,0
2022-11,540,2,0,33,0,0
2022-11,540,2,1,165,0,0
2022-11,550,1,0,141,0,0
2022-11,550,1,1,920,2,1
2022-11,550,2,0,37,0,0
2022-11,550,2,1,154,0,0
2022-11,560,1,0,167,0,0
2022-11,560,1,1,1040,0,0
2022-11,560,2,0,43,0,0
2022-11,560,2,1,198,1,0
2022-11,570,1,0,242,0,0
2022-11,570,1,1,1400,2,0
2022-11,570,2,0,67,0,0
2022-11,570,2,1,298,0,0
2022-11,580,1,0,277,0,0
2022-11,580,1,1,1545,3,0
2022-11,580,2,0,57,0,0
2022-11,580,2,1,326,0,0
2022-11,590,1,0,358,0,0
2022-11,590,1,1,1914,1,0
2022-11,590,2,0,79,0,0
2022-11,590,2,1,444,0,0
2022-11,600,1,0,411,0,0
2022-11,600,1,1,2243,2,0
2022-11,600,2,0,100,0,0
2022-11,600,2,1,479,0,0
2022-11,610,1,0,506,0,0
2022-11,610,1,1,2687,3,0
2022-11,610,2,0,117,0,0
2022-11,610,2,1,587,0,0
2022-11,620,1,0,621,0,0
2022-11,620,1,1,2940,3,0
2022-11,620,2,0,204,1,0
2022-11,620,2,1,872,1,0
2022-11,630,1,0,696,1,0
2022-11,630,1,1,3369,2,0
2022-11,630,2,0,223,0,0
2022-11,630,2,1,970,1,1
2022-11,640,1,0,818,0,0
2022-11,640,1,1,3514,1,0
2022-11,640,2,0,195,0,0
2022-11,640,2,1,967,0,0
2022-11,650,1,0,889,0,0
2022-11,650,1,1,3963,3,3
2022-11,650,2,0,238,2,0
2022-11,650,2,1,1135,1,0
2022-11,660,1,0,986,0,0
2022-11,660,1,1,3967,5,0
2022-11,660,2,0,214,0,0
2022-11,660,2,1,993,0,0
2022-11,670,1,0,1026,0,0
2022-11,670,1,1,4399,1,1
2022-11,670,2,0,212,0,0
2022-11,670,2,1,1019,0,0
2022-11,680,1,0,1036,1,0
2022-11,680,1,1,4365,3,0
2022-11,680,2,0,227,0,0
2022-11,680,2,1,1029,0,0
2022-11,690,1,0,1181,1,0
2022-11,690,1,1,4936,1,0
2022-11,690,2,0,216,0,0
2022-11,690,2,1,1068,0,0
2022-11,700,1,0,1240,0,0
2022-11,700,1,1,4873,2,0
2022-11,700,2,0,201,0,0
2022-11,700,2,1,1035,2,2
2022-11,710,1,0,1368,0,0
2022-11,710,1,1,5057,1,0
2022-11,710,2,0,210,0,0
2022-11,710,2,1,1069,1,0
2022-11,720,1,0,1245,0,0
2022-11,720,1,1,5304,0,0
2022-11,720,2,0,171,0,0
2022-11,720,2,1,955,0,0
2022-11,730,1,0,1354,1,1
2022-11,730,1,1,5669,0,0
2022-11,730,2,0,187,0,0
2022-11,730,2,1,1005,0,0
2022-11,740,1,0,1424,0,0
2022-11,740,1,1,5567,0,0
2022-11,740,2,0,208,0,0
2022-11,740,2,1,942,0,0
2022-11,750,1,0,1439,0,0
2022-11,750,1,1,5647,0,0
2022-11,750,2,0,160,1,0
2022-11,750,2,1,919,0,0
2022-11,760,1,0,1392,1,1
2022-11,760,1,1,5619,1,0
2022-11,760,2,0,137,0,0
2022-11,760,2,1,853,0,0
2022-11,770,1,0,1510,0,0
2022-11,770,1,1,5877,0,0
2022-11,770,2,0,177,0,0
2022-11,770,2,1,827,0,0
2022-11,780,1,0,1588,0,0
2022-11,780,1,1,6180,1,0
2022-11,780,2,0,151,0,0
2022-11,780,2,1,862,0,0
2022-11,790,1,0,1707,0,0
2022-11,790,1,1,6411,1,0
2022-11,790,2,0,140,0,0
2022-11,790,2,1,791,0,0
2022-11,800,1,0,1722,0,0
2022-11,800,1,1,6857,0,0
2022-11,800,2,0,154,0,0
2022-11,800,2,1,823,0,0
2022-11,810,1,0,1859,0,0
2022-11,810,1,1,7330,0,0
2022-11,810,2,0,164,0,0
2022-11,810,2,1,815,0,0
2022-11,820,1,0,1899,0,0
2022-11,820,1,1,7238,0,0
2022-11,820,2,0,156,0,0
2022-11,820,2,1,849,0,0
2022-11,830,1,0,1840,0,0
2022-11,830,1,1,7409,0,0
2022-11,830,2,0,137,0,0
2022-11,830,2,1,795,0,0
2022-11,840,1,0,1763,0,0
2022-11,840,1,1,6848,0,0
2022-11,840,2,0,135,0,0
2022-11,840,2,1,693,0,0
2022-11,850,1,0,1617,0,0
2022-11,850,1,1,6889,0,0
2022-11,850,2,0,122,0,0
2022-11,850,2,1,703,0,0
2022-11,860,1,0,1338,0,0
2022-11,860,1,1,5548,0,0
2022-11,860,2,0,114,0,0
2022-11,860,2,1,537,0,0
2022-11,870,1,0,920,0,0
2022-11,870,1,1,4219,0,0
2022-11,870,2,0,64,0,0
2022-11,870,2,1,402,0,0
2022-11,880,1,0,509,0,0
2022-11,880,1,1,2448,0,0
2022-11,880,2,0,49,0,0
2022-11,880,2,1,226,0,0
2022-11,890,1,0,209,0,0
2022-11,890,1,1,960,0,0
2022-11,890,2,0,15,0,0
2022-11,890,2,1,75,0,0
2022-12,380,1,1,1,0,0
2022-12,380,2,1,1,0,0
2022-12,390,1,1,1,0,0
2022-12,400,1,1,2,0,0
2022-12,410,1,0,1,0,0
2022-12,410,1,1,3,0,0
2022-12,410,2,1,1,0,0
2022-12,420,1,0,1,0,0
2022-12,420,1,1,2,0,0
2022-12,430,1,1,8,0,0
2022-12,430,2,1,2,0,0
2022-12,440,1,0,2,0,0
2022-12,440,1,1,6,0,0
2022-12,440,2,0,4,0,0
2022-12,440,2,1,3,0,0
2022-12,450,1,0,7,1,0
2022-12,450,1,1,21,1,0
2022-12,450,2,0,2,0,0
2022-12,450,2,1,9,0,0
2022-12,460,1,0,8,0,0
2022-12,460,1,1,22,0,0
2022-12,460,2,0,5,0,0
2022-12,460,2,1,9,0,0
2022-12,470,1,0,26,0,0
2022-12,470,1,1,51,0,0
2022-12,470,2,0,9,0,0
2022-12,470,2,1,17,0,0
2022-12,480,1,0,22,0,0
2022-12,480,1,1,62,0,0
2022-12,480,2,0,9,0,0
2022-12,480,2,1,22,0,0
2022-12,490,1,0,25,0,0
2022-12,490,1,1,90,1,0
2022-12,490,2,0,18,0,0
2022-12,490,2,1,33,0,0
2022-12,500,1,0,40,0,0
2022-12,500,1,1,120,0,0
2022-12,500,2,0,27,0,0
2022-12,500,2,1,56,0,0
2022-12,510,1,0,76,0,0
2022-12,510,1,1,212,0,0
2022-12,510,2,0,27,0,0
2022-12,510,2,1,65,1,1
2022-12,520,1,0,83,0,0
2022-12,520,1,1,318,0,0
2022-12,520,2,0,41,0,0
2022-12,520,2,1,71,0,0
2022-12,530,1,0,135,2,1
2022-12,530,1,1,439,1,0
2022-12,530,2,0,66,0,0
2022-12,530,2,1,117,0,0
2022-12,540,1,0,154,0,0
2022-12,540,1,1,618,0,0
2022-12,540,2,0,65,0,0
2022-12,540,2,1,164,0,0
2022-12,550,1,0,238,0,0
2022-12,550,1,1,902,1,0
2022-12,550,2,0,70,0,0
2022-12,550,2,1,151,1,0
2022-12,560,1,0,308,0,0
2022-12,560,1,1,1025,0,0
2022-12,560,2,0,85,0,0
2022-12,560,2,1,190,1,0
2022-12,570,1,0,423,0,0
2022-12,570,1,1,1372,3,1
2022-12,570,2,0,130,0,0
2022-12,570,2,1,292,1,0
2022-12,580,1,0,509,0,0
2022-12,580,1,1,1502,2,0
2022-12,580,2,0,119,0,0
2022-12,580,2,1,320,1,1
2022-12,590,1,0,640,0,0
2022-12,590,1,1,1864,1,0
2022-12,590,2,0,169,0,0
2022-12,590,2,1,435,1,0
2022-12,600,1,0,744,0,0
2022-12,600,1,1,2188,0,0
2022-12,600,2,0,200,0,0
2022-12,600,2,1,469,1,1
2022-12,610,1,0,918,1,1
2022-12,610,1,1,2621,5,0
2022-12,610,2,0,236,0,0
2022-12,610,2,1,577,1,0
2022-12,620,1,0,1095,3,0
2022-12,620,1,1,2886,3,1
2022-12,620,2,0,399,0,0
2022-12,620,2,1,852,2,0
2022-12,630,1,0,1299,0,0
2022-12,630,1,1,3311,1,0
2022-12,630,2,0,426,0,0
2022-12,630,2,1,948,0,0
2022-12,640,1,0,1418,0,0
2022-12,640,1,1,3438,1,0
2022-12,640,2,0,404,0,0
2022-12,640,2,1,945,0,0
2022-12,650,1,0,1608,1,0
2022-12,650,1,1,3880,1,0
2022-12,650,2,0,465,0,0
2022-12,650,2,1,1096,0,0
2022-12,660,1,0,1763,1,0
2022-12,660,1,1,3876,1,0
2022-12,660,2,0,436,0,0
2022-12,660,2,1,969,0,0
2022-12,670,1,0,1879,0,0
2022-12,670,1,1,4318,4,1
2022-12,670,2,0,415,0,0
2022-12,670,2,1,999,2,2
2022-12,680,1,0,1934,1,0
2022-12,680,1,1,4265,0,0
2022-12,680,2,0,420,0,0
2022-12,680,2,1,1000,1,0
2022-12,690,1,0,2145,1,0
2022-12,690,1,1,4828,5,1
2022-12,690,2,0,432,1,0
2022-12,690,2,1,1041,0,0
2022-12,700,1,0,2203,0,0
2022-12,700,1,1,4778,2,0
2022-12,700,2,0,399,0,0
2022-12,700,2,1,1014,0,0
2022-12,710,1,0,2404,0,0
2022-12,710,1,1,4949,1,0
2022-12,710,2,0,394,0,0
2022-12,710,2,1,1042,1,0
2022-12,720,1,0,2271,0,0
2022-12,720,1,1,5203,1,0
2022-12,720,2,0,332,0,0
2022-12,720,2,1,922,1,1
2022-12,730,1,0,2513,0,0
2022-12,730,1,1,5563,2,1
2022-12,730,2,0,374,1,0
2022-12,730,2,1,975,0,0
2022-12,740,1,0,2654,0,0
2022-12,740,1,1,5438,0,0
2022-12,740,2,0,371,0,0
2022-12,740,2,1,912,0,0
2022-12,750,1,0,2552,0,0
2022-12,750,1,1,5548,1,0
2022-12,750,2,0,324,0,0
2022-12,750,2,1,899,0,0
2022-12,760,1,0,2536,0,0
2022-12,760,1,1,5501,1,0
2022-12,760,2,0,307,0,0
2022-12,760,2,1,840,0,0
2022-12,770,1,0,2783,0,0
2022-12,770,1,1,5758,0,0
2022-12,770,2,0,326,0,0
2022-12,770,2,1,803,0,0
2022-12,780,1,0,2902,0,0
2022-12,780,1,1,6048,1,0
2022-12,780,2,0,308,0,0
2022-12,780,2,1,840,0,0
2022-12,790,1,0,3113,0,0
2022-12,790,1,1,6292,1,0
2022-12,790,2,0,318,0,0
2022-12,790,2,1,776,0,0
2022-12,800,1,0,3203,0,0
2022-12,800,1,1,6700,0,0
2022-12,800,2,0,311,0,0
2022-12,800,2,1,809,0,0
2022-12,810,1,0,3341,0,0
2022-12,810,1,1,7196,0,0
2022-12,810,2,0,312,0,0
2022-12,810,2,1,791,0,0
2022-12,820,1,0,3406,0,0
2022-12,820,1,1,7101,0,0
2022-12,820,2,0,322,0,0
2022-12,820,2,1,828,0,0
2022-12,830,1,0,3406,0,0
2022-12,830,1,1,7247,0,0
2022-12,830,2,0,282,0,0
2022-12,830,2,1,767,0,0
2022-12,840,1,0,3169,0,0
2022-12,840,1,1,6728,0,0
2022-12,840,2,0,265,0,0
2022-12,840,2,1,661,1,0
2022-12,850,1,0,3067,0,0
2022-12,850,1,1,6763,0,0
2022-12,850,2,0,243,0,0
2022-12,850,2,1,684,0,0
2022-12,860,1,0,2403,0,0
2022-12,860,1,1,5444,0,0
2022-12,860,2,0,212,0,0
2022-12,860,2,1,523,0,0
2022-12,870,1,0,1702,0,0
2022-12,870,1,1,4152,0,0
2022-12,870,2,0,144,0,0
2022-12,870,2,1,394,0,0
2022-12,880,1,0,944,0,0
2022-12,880,1,1,2402,0,0
2022-12,880,2,0,86,0,0
2022-12,880,2,1,221,0,0
2022-12,890,1,0,359,0,0
2022-12,890,1,1,940,0,0
2022-12,890,2,0,38,0,0
2022-12,890,2,1,73,0,0
2023-01,380,1,1,1,0,0
2023-01,380,2,1,1,0,0
2023-01,390,1,1,1,0,0
2023-01,400,1,1,2,0,0
2023-01,410,1,0,1,0,0
2023-01,410,1,1,3,0,0
2023-01,410,2,1,1,0,0
2023-01,420,1,0,1,0,0
2023-01,420,1,1,2,0,0
2023-01,430,1,1,7,0,0
2023-01,430,2,1,2,0,0
2023-01,440,1,0,2,0,0
2023-01,440,1,1,6,1,1
2023-01,440,2,0,4,0,0
2023-01,440,2,1,3,0,0
2023-01,450,1,0,6,0,0
2023-01,450,1,1,19,0,0
2023-01,450,2,0,2,0,0
2023-01,450,2,1,9,0,0
2023-01,460,1,0,8,0,0
2023-01,460,1,1,22,0,0
2023-01,460,2,0,5,0,0
2023-01,460,2,1,9,0,0
2023-01,470,1,0,26,0,0
2023-01,470,1,1,51,0,0
2023-01,470,2,0,9,0,0
2023-01,470,2,1,14,0,0
2023-01,480,1,0,22,0,0
2023-01,480,1,1,62,0,0
2023-01,480,2,0,9,0,0
2023-01,480,2,1,22,0,0
2023-01,490,1,0,23,0,0
2023-01,490,1,1,87,0,0
2023-01,490,2,0,17,0,0
2023-01,490,2,1,32,0,0
2023-01,500,1,0,39,0,0
2023-01,500,1,1,117,0,0
2023-01,500,2,0,27,0,0
2023-01,500,2,1,53,0,0
2023-01,510,1,0,74,0,0
2023-01,510,1,1,209,0,0
2023-01,510,2,0,26,0,0
2023-01,510,2,1,64,0,0
2023-01,520,1,0,80,0,0
2023-01,520,1,1,312,0,0
2023-01,520,2,0,41,0,0
2023-01,520,2,1,69,0,0
2023-01,530,1,0,132,0,0
2023-01,530,1,1,431,1,0
2023-01,530,2,0,63,1,1
2023-01,530,2,1,114,0,0
2023-01,540,1,0,151,0,0
2023-01,540,1,1,600,4,0
2023-01,540,2,0,64,0,0
2023-01,540,2,1,159,0,0
2023-01,550,1,0,232,0,0
2023-01,550,1,1,889,1,0
2023-01,550,2,0,70,0,0
2023-01,550,2,1,145,0,0
2023-01,560,1,0,300,0,0
2023-01,560,1,1,1009,3,1
2023-01,560,2,0,81,0,0
2023-01,560,2,1,186,0,0
2023-01,570,1,0,416,0,0
2023-01,570,1,1,1337,1,0
2023-01,570,2,0,127,0,0
2023-01,570,2,1,284,0,0
2023-01,580,1,0,500,0,0
2023-01,580,1,1,1458,7,1
2023-01,580,2,0,115,1,1
2023-01,580,2,1,312,0,0
2023-01,590,1,0,630,0,0
2023-01,590,1,1,1809,0,0
2023-01,590,2,0,165,0,0
2023-01,590,2,1,419,0,0
2023-01,600,1,0,723,3,0
2023-01,600,1,1,2148,3,2
2023-01,600,2,0,198,0,0
2023-01,600,2,1,456,0,0
2023-01,610,1,0,907,0,0
2023-01,610,1,1,2547,4,0
2023-01,610,2,0,231,1,0
2023-01,610,2,1,564,2,2
2023-01,620,1,0,1070,1,0
2023-01,620,1,1,2819,3,0
2023-01,620,2,0,393,0,0
2023-01,620,2,1,838,1,0
2023-01,630,1,0,1279,0,0
2023-01,630,1,1,3243,1,0
2023-01,630,2,0,418,1,0
2023-01,630,2,1,922,0,0
2023-01,640,1,0,1394,2,2
2023-01,640,1,1,3367,5,1
2023-01,640,2,0,398,0,0
2023-01,640,2,1,926,0,0
2023-01,650,1,0,1581,0,0
2023-01,650,1,1,3811,2,0
2023-01,650,2,0,456,0,0
2023-01,650,2,1,1074,0,0
2023-01,660,1,0,1726,0,0
2023-01,660,1,1,3802,5,0
2023-01,660,2,0,425,0,0
2023-01,660,2,1,949,0,0
2023-01,670,1,0,1839,0,0
2023-01,670,1,1,4239,4,1
2023-01,670,2,0,407,1,0
2023-01,670,2,1,973,0,0
2023-01,680,1,0,1906,0,0
2023-01,680,1,1,4169,1,0
2023-01,680,2,0,413,0,0
2023-01,680,2,1,970,0,0
2023-01,690,1,0,2099,0,0
2023-01,690,1,1,4728,5,1
2023-01,690,2,0,419,0,0
2023-01,690,2,1,1004,1,1
2023-01,700,1,0,2165,0,0
2023-01,700,1,1,4683,0,0
2023-01,700,2,0,389,0,0
2023-01,700,2,1,984,0,0
2023-01,710,1,0,2365,1,1
2023-01,710,1,1,4856,0,0
2023-01,710,2,0,390,0,0
2023-01,710,2,1,1014,2,0
2023-01,720,1,0,2227,0,0
2023-01,720,1,1,5098,1,0
2023-01,720,2,0,323,0,0
2023-01,720,2,1,895,0,0
2023-01,730,1,0,2469,0,0
2023-01,730,1,1,5441,2,0
2023-01,730,2,0,369,0,0
2023-01,730,2,1,941,1,0
2023-01,740,1,0,2598,0,0
2023-01,740,1,1,5341,0,0
2023-01,740,2,0,354,0,0
2023-01,740,2,1,893,0,0
2023-01,750,1,0,2496,0,0
2023-01,750,1,1,5440,0,0
2023-01,750,2,0,317,0,0
2023-01,750,2,1,872,0,0
2023-01,760,1,0,2499,0,0
2023-01,760,1,1,5403,0,0
2023-01,760,2,0,297,0,0
2023-01,760,2,1,807,0,0
2023-01,770,1,0,2740,1,0
2023-01,770,1,1,5634,1,0
2023-01,770,2,0,315,0,0
2023-01,770,2,1,772,0,0
2023-01,780,1,0,2860,0,0
2023-01,780,1,1,5919,0,0
2023-01,780,2,0,297,0,0
2023-01,780,2,1,822,0,0
2023-01,790,1,0,3045,1,0
2023-01,790,1,1,6151,0,0
2023-01,790,2,0,308,0,0
2023-01,790,2,1,754,0,0
2023-01,800,1,0,3154,0,0
2023-01,800,1,1,6556,0,0
2023-01,800,2,0,301,0,0
2023-01,800,2,1,788,0,0
2023-01,810,1,0,3272,0,0
2023-01,810,1,1,7073,0,0
2023-01,810,2,0,303,0,0
2023-01,810,2,1,760,0,0
2023-01,820,1,0,3337,0,0
2023-01,820,1,1,6960,0,0
2023-01,820,2,0,315,0,0
2023-01,820,2,1,805,0,0
2023-01,830,1,0,3351,0,0
2023-01,830,1,1,7102,0,0
2023-01,830,2,0,273,0,0
2023-01,830,2,1,745,0,0
2023-01,840,1,0,3117,0,0
2023-01,840,1,1,6582,0,0
2023-01,840,2,0,255,0,0
2023-01,840,2,1,632,0,0
2023-01,850,1,0,3017,0,0
2023-01,850,1,1,6647,0,0
2023-01,850,2,0,239,0,0
2023-01,850,2,1,663,0,0
2023-01,860,1,0,2351,0,0
2023-01,860,1,1,5314,0,0
2023-01,860,2,0,207,0,0
2023-01,860,2,1,498,0,0
2023-01,870,1,0,1682,0,0
2023-01,870,1,1,4073,0,0
2023-01,870,2,0,142,0,0
2023-01,870,2,1,383,0,0
2023-01,880,1,0,925,0,0
2023-01,880,1,1,2355,1,0
2023-01,880,2,0,83,0,0
2023-01,880,2,1,216,0,0
2023-01,890,1,0,356,0,0
2023-01,890,1,1,917,0,0
2023-01,890,2,0,37,0,0
2023-01,890,2,1,70,0,0
2023-02,380,1,1,1,0,0
2023-02,380,2,1,1,0,0
2023-02,390,1,1,1,0,0
2023-02,400,1,1,1,0,0
2023-02,410,1,0,1,0,0
2023-02,410,1,1,2,0,0
2023-02,410,2,1,1,0,0
2023-02,420,1,0,1,0,0
2023-02,420,1,1,2,0,0
2023-02,430,1,1,6,0,0
2023-02,430,2,1,2,0,0
2023-02,440,1,1,7,0,0
2023-02,440,2,0,1,0,0
2023-02,440,2,1,5,0,0
2023-02,450,1,0,2,0,0
2023-02,450,1,1,21,0,0
2023-02,450,2,0,1,0,0
2023-02,450,2,1,10,0,0
2023-02,460,1,0,4,0,0
2023-02,460,1,1,19,0,0
2023-02,460,2,0,3,0,0
2023-02,460,2,1,8,0,0
2023-02,470,1,0,7,0,0
2023-02,470,1,1,61,0,0
2023-02,470,2,0,6,0,0
2023-02,470,2,1,15,0,0
2023-02,480,1,0,9,0,0
2023-02,480,1,1,56,0,0
2023-02,480,2,0,6,0,0
2023-02,480,2,1,22,0,0
2023-02,490,1,0,5,0,0
2023-02,490,1,1,86,0,0
2023-02,490,2,0,6,0,0
2023-02,490,2,1,37,0,0
2023-02,500,1,0,13,0,0
2023-02,500,1,1,120,0,0
2023-02,500,2,0,15,0,0
2023-02,500,2,1,53,0,0
2023-02,510,1,0,37,0,0
2023-02,510,1,1,215,1,0
2023-02,510,2,0,14,0,0
2023-02,510,2,1,65,0,0
2023-02,520,1,0,38,0,0
2023-02,520,1,1,298,0,0
2023-02,520,2,0,22,0,0
2023-02,520,2,1,82,0,0
2023-02,530,1,0,66,1,1
2023-02,530,1,1,429,1,1
2023-02,530,2,0,29,0,0
2023-02,530,2,1,129,1,1
2023-02,540,1,0,65,1,0
2023-02,540,1,1,614,2,1
2023-02,540,2,0,30,0,0
2023-02,540,2,1,177,0,0
2023-02,550,1,0,96,0,0
2023-02,550,1,1,938,1,0
2023-02,550,2,0,33,0,0
2023-02,550,2,1,160,0,0
2023-02,560,1,0,134,0,0
2023-02,560,1,1,1058,1,0
2023-02,560,2,0,43,0,0
2023-02,560,2,1,195,0,0
2023-02,570,1,0,182,2,0
2023-02,570,1,1,1405,5,0
2023-02,570,2,0,61,0,0
2023-02,570,2,1,309,0,0
2023-02,580,1,0,230,0,0
2023-02,580,1,1,1524,2,0
2023-02,580,2,0,61,0,0
2023-02,580,2,1,330,0,0
2023-02,590,1,0,273,0,0
2023-02,590,1,1,1944,4,0
2023-02,590,2,0,85,1,1
2023-02,590,2,1,444,2,0
2023-02,600,1,0,332,1,0
2023-02,600,1,1,2284,3,0
2023-02,600,2,0,101,0,0
2023-02,600,2,1,501,0,0
2023-02,610,1,0,397,1,0
2023-02,610,1,1,2726,2,2
2023-02,610,2,0,117,0,0
2023-02,610,2,1,604,0,0
2023-02,620,1,0,466,0,0
2023-02,620,1,1,3087,2,0
2023-02,620,2,0,196,0,0
2023-02,620,2,1,932,1,0
2023-02,630,1,0,594,0,0
2023-02,630,1,1,3526,3,0
2023-02,630,2,0,197,0,0
2023-02,630,2,1,1046,1,0
2023-02,640,1,0,589,0,0
2023-02,640,1,1,3737,2,0
2023-02,640,2,0,204,0,0
2023-02,640,2,1,1006,1,0
2023-02,650,1,0,697,0,0
2023-02,650,1,1,4207,5,1
2023-02,650,2,0,225,0,0
2023-02,650,2,1,1163,0,0
2023-02,660,1,0,762,0,0
2023-02,660,1,1,4315,6,0
2023-02,660,2,0,215,0,0
2023-02,660,2,1,1009,1,0
2023-02,670,1,0,827,0,0
2023-02,670,1,1,4695,1,0
2023-02,670,2,0,201,1,0
2023-02,670,2,1,1031,0,0
2023-02,680,1,0,896,1,0
2023-02,680,1,1,4668,2,1
2023-02,680,2,0,182,0,0
2023-02,680,2,1,1064,0,0
2023-02,690,1,0,943,0,0
2023-02,690,1,1,5308,4,0
2023-02,690,2,0,208,0,0
2023-02,690,2,1,1062,0,0
2023-02,700,1,0,937,1,0
2023-02,700,1,1,5292,1,0
2023-02,700,2,0,191,0,0
2023-02,700,2,1,1050,0,0
2023-02,710,1,0,1010,0,0
2023-02,710,1,1,5646,2,0
2023-02,710,2,0,183,1,0
2023-02,710,2,1,1050,0,0
2023-02,720,1,0,1004,0,0
2023-02,720,1,1,5754,1,0
2023-02,720,2,0,155,0,0
2023-02,720,2,1,925,0,0
2023-02,730,1,0,1126,0,0
2023-02,730,1,1,6129,0,0
2023-02,730,2,0,178,0,0
2023-02,730,2,1,995,0,0
2023-02,740,1,0,1212,0,0
2023-02,740,1,1,6083,1,0
2023-02,740,2,0,153,0,0
2023-02,740,2,1,965,0,0
2023-02,750,1,0,1090,0,0
2023-02,750,1,1,6179,1,0
2023-02,750,2,0,161,0,0
2023-02,750,2,1,886,0,0
2023-02,760,1,0,1132,0,0
2023-02,760,1,1,6128,0,0
2023-02,760,2,0,162,0,0
2023-02,760,2,1,807,0,0
2023-02,770,1,0,1249,0,0
2023-02,770,1,1,6459,0,0
2023-02,770,2,0,145,0,0
2023-02,770,2,1,830,0,0
2023-02,780,1,0,1301,1,0
2023-02,780,1,1,6776,0,0
2023-02,780,2,0,156,0,0
2023-02,780,2,1,855,0,0
2023-02,790,1,0,1363,0,0
2023-02,790,1,1,7119,1,0
2023-02,790,2,0,174,0,0
2023-02,790,2,1,768,0,0
2023-02,800,1,0,1440,0,0
2023-02,800,1,1,7529,0,0
2023-02,800,2,0,150,0,0
2023-02,800,2,1,844,0,0
2023-02,810,1,0,1444,0,0
2023-02,810,1,1,8093,0,0
2023-02,810,2,0,139,0,0
2023-02,810,2,1,798,0,0
2023-02,820,1,0,1475,0,0
2023-02,820,1,1,7994,0,0
2023-02,820,2,0,160,0,0
2023-02,820,2,1,855,0,0
2023-02,830,1,0,1550,0,0
2023-02,830,1,1,8108,0,0
2023-02,830,2,0,143,0,0
2023-02,830,2,1,776,0,0
2023-02,840,1,0,1387,1,0
2023-02,840,1,1,7499,1,0
2023-02,840,2,0,123,0,0
2023-02,840,2,1,688,0,0
2023-02,850,1,0,1418,0,0
2023-02,850,1,1,7438,1,0
2023-02,850,2,0,117,0,0
2023-02,850,2,1,684,0,0
2023-02,860,1,0,1041,0,0
2023-02,860,1,1,5973,0,0
2023-02,860,2,0,92,0,0
2023-02,860,2,1,557,0,0
2023-02,870,1,0,769,0,0
2023-02,870,1,1,4488,0,0
2023-02,870,2,0,76,0,0
2023-02,870,2,1,396,0,0
2023-02,880,1,0,419,0,0
2023-02,880,1,1,2587,0,0
2023-02,880,2,0,36,0,0
2023-02,880,2,1,225,0,0
2023-02,890,1,0,155,0,0
2023-02,890,1,1,1029,0,0
2023-02,890,2,0,23,0,0
2023-02,890,2,1,77,0,0
2023-03,380,1,1,1,0,0
2023-03,380,2,1,1,0,0
2023-03,390,1,1,1,0,0
2023-03,400,1,1,1,0,0
2023-03,410,1,0,1,0,0
2023-03,410,1,1,2,0,0
2023-03,410,2,1,1,0,0
2023-03,420,1,0,1,0,0
2023-03,420,1,1,2,0,0
2023-03,430,1,1,6,0,0
2023-03,430,2,1,2,0,0
2023-03,440,1,1,6,0,0
2023-03,440,2,0,1,0,0
2023-03,440,2,1,5,0,0
2023-03,450,1,0,2,0,0
2023-03,450,1,1,21,0,0
2023-03,450,2,0,1,0,0
2023-03,450,2,1,10,0,0
2023-03,460,1,0,4,0,0
2023-03,460,1,1,18,0,0
2023-03,460,2,0,3,0,0
2023-03,460,2,1,8,0,0
2023-03,470,1,0,7,1,1
2023-03,470,1,1,61,0,0
2023-03,470,2,0,6,0,0
2023-03,470,2,1,15,0,0
2023-03,480,1,0,9,0,0
2023-03,480,1,1,55,0,0
2023-03,480,2,0,6,0,0
2023-03,480,2,1,22,0,0
2023-03,490,1,0,5,0,0
2023-03,490,1,1,85,0,0
2023-03,490,2,0,6,0,0
2023-03,490,2,1,35,0,0
2023-03,500,1,0,13,1,0
2023-03,500,1,1,117,0,0
2023-03,500,2,0,15,0,0
2023-03,500,2,1,53,0,0
2023-03,510,1,0,37,0,0
2023-03,510,1,1,211,0,0
2023-03,510,2,0,13,0,0
2023-03,510,2,1,64,0,0
2023-03,520,1,0,37,0,0
2023-03,520,1,1,291,0,0
2023-03,520,2,0,22,0,0
2023-03,520,2,1,82,0,0
2023-03,530,1,0,64,0,0
2023-03,530,1,1,418,2,0
2023-03,530,2,0,28,0,0
2023-03,530,2,1,126,0,0
2023-03,540,1,0,57,0,0
2023-03,540,1,1,594,1,0
2023-03,540,2,0,30,0,0
2023-03,540,2,1,172,0,0
2023-03,550,1,0,91,0,0
2023-03,550,1,1,921,1,0
2023-03,550,2,0,33,0,0
2023-03,550,2,1,156,0,0
2023-03,560,1,0,133,1,0
2023-03,560,1,1,1035,1,0
2023-03,560,2,0,41,0,0
2023-03,560,2,1,190,0,0
2023-03,570,1,0,176,0,0
2023-03,570,1,1,1375,3,0
2023-03,570,2,0,61,0,0
2023-03,570,2,1,304,1,1
2023-03,580,1,0,227,1,0
2023-03,580,1,1,1492,2,0
2023-03,580,2,0,61,0,0
2023-03,580,2,1,327,0,0
2023-03,590,1,0,269,1,0
2023-03,590,1,1,1898,1,0
2023-03,590,2,0,83,1,0
2023-03,590,2,1,431,0,0
2023-03,600,1,0,325,1,1
2023-03,600,1,1,2247,3,1
2023-03,600,2,0,100,0,0
2023-03,600,2,1,488,2,0
2023-03,610,1,0,389,0,0
2023-03,610,1,1,2663,5,1
2023-03,610,2,0,115,0,0
2023-03,610,2,1,596,0,0
2023-03,620,1,0,450,0,0
2023-03,620,1,1,3017,3,3
2023-03,620,2,0,195,0,0
2023-03,620,2,1,905,1,0
2023-03,630,1,0,582,0,0
2023-03,630,1,1,3446,3,0
2023-03,630,2,0,197,0,0
2023-03,630,2,1,1017,0,0
2023-03,640,1,0,575,0,0
2023-03,640,1,1,3650,4,1
2023-03,640,2,0,201,0,0
2023-03,640,2,1,984,0,0
2023-03,650,1,0,688,1,0
2023-03,650,1,1,4116,2,0
2023-03,650,2,0,222,1,1
2023-03,650,2,1,1136,0,0
2023-03,660,1,0,743,0,0
2023-03,660,1,1,4234,4,1
2023-03,660,2,0,209,0,0
2023-03,660,2,1,988,0,0
2023-03,670,1,0,812,0,0
2023-03,670,1,1,4606,3,0
2023-03,670,2,0,199,0,0
2023-03,670,2,1,1004,2,0
2023-03,680,1,0,877,1,0
2023-03,680,1,1,4565,2,1
2023-03,680,2,0,181,0,0
2023-03,680,2,1,1036,0,0
2023-03,690,1,0,930,0,0
2023-03,690,1,1,5193,2,2
2023-03,690,2,0,206,0,0
2023-03,690,2,1,1035,0,0
2023-03,700,1,0,919,0,0
2023-03,700,1,1,5192,0,0
2023-03,700,2,0,187,1,0
2023-03,700,2,1,1021,1,1
2023-03,710,1,0,983,0,0
2023-03,710,1,1,5515,1,1
2023-03,710,2,0,178,0,0
2023-03,710,2,1,1023,0,0
2023-03,720,1,0,986,0,0
2023-03,720,1,1,5635,1,0
2023-03,720,2,0,154,2,0
2023-03,720,2,1,894,0,0
2023-03,730,1,0,1101,0,0
2023-03,730,1,1,6008,2,0
2023-03,730,2,0,173,0,0
2023-03,730,2,1,963,0,0
2023-03,740,1,0,1188,0,0
2023-03,740,1,1,5949,2,0
2023-03,740,2,0,149,0,0
2023-03,740,2,1,940,0,0
2023-03,750,1,0,1061,0,0
2023-03,750,1,1,6042,0,0
2023-03,750,2,0,153,0,0
2023-03,750,2,1,858,0,0
2023-03,760,1,0,1103,0,0
2023-03,760,1,1,5993,0,0
2023-03,760,2,0,157,0,0
2023-03,760,2,1,792,0,0
2023-03,770,1,0,1215,0,0
2023-03,770,1,1,6332,0,0
2023-03,770,2,0,142,0,0
2023-03,770,2,1,805,0,0
2023-03,780,1,0,1288,0,0
2023-03,780,1,1,6634,0,0
2023-03,780,2,0,151,0,0
2023-03,780,2,1,820,0,0
2023-03,790,1,0,1343,0,0
2023-03,790,1,1,6951,1,1
2023-03,790,2,0,162,0,0
2023-03,790,2,1,745,0,0
2023-03,800,1,0,1407,1,0
2023-03,800,1,1,7370,0,0
2023-03,800,2,0,141,0,0
2023-03,800,2,1,825,0,0
2023-03,810,1,0,1413,0,0
2023-03,810,1,1,7905,0,0
2023-03,810,2,0,135,0,0
2023-03,810,2,1,777,0,0
2023-03,820,1,0,1451,0,0
2023-03,820,1,1,7818,0,0
2023-03,820,2,0,157,0,0
2023-03,820,2,1,819,0,0
2023-03,830,1,0,1517,1,0
2023-03,830,1,1,7935,0,0
2023-03,830,2,0,141,0,0
2023-03,830,2,1,749,0,0
2023-03,840,1,0,1356,0,0
2023-03,840,1,1,7326,0,0
2023-03,840,2,0,120,0,0
2023-03,840,2,1,670,0,0
2023-03,850,1,0,1386,0,0
2023-03,850,1,1,7261,0,0
2023-03,850,2,0,113,0,0
2023-03,850,2,1,665,0,0
2023-03,860,1,0,1024,0,0
2023-03,860,1,1,5837,0,0
2023-03,860,2,0,91,0,0
2023-03,860,2,1,540,0,0
2023-03,870,1,0,751,0,0
2023-03,870,1,1,4357,0,0
2023-03,870,2,0,74,0,0
2023-03,870,2,1,383,0,0
2023-03,880,1,0,407,0,0
2023-03,880,1,1,2528,0,0
2023-03,880,2,0,34,0,0
2023-03,880,2,1,220,0,0
2023-03,890,1,0,150,0,0
2023-03,890,1,1,1007,0,0
2023-03,890,2,0,23,0,0
2023-03,890,2,1,76,0,0
2023-04,380,1,1,1,0,0
2023-04,380,2,1,1,0,0
2023-04,390,1,1,1,0,0
2023-04,410,1,1,3,0,0
2023-04,410,2,1,1,0,0
2023-04,420,1,1,3,0,0
2023-04,420,2,0,1,0,0
2023-04,430,1,1,6,0,0
2023-04,430,2,0,1,0,0
2023-04,430,2,1,2,0,0
2023-04,440,1,0,2,0,0
2023-04,440,1,1,5,0,0
2023-04,440,2,0,4,0,0
2023-04,440,2,1,6,0,0
2023-04,450,1,0,2,0,0
2023-04,450,1,1,19,0,0
2023-04,450,2,0,1,0,0
2023-04,450,2,1,10,0,0
2023-04,460,1,0,6,0,0
2023-04,460,1,1,22,0,0
2023-04,460,2,0,5,0,0
2023-04,460,2,1,10,0,0
2023-04,470,1,0,2,0,0
2023-04,470,1,1,60,0,0
2023-04,470,2,0,1,0,0
2023-04,470,2,1,20,0,0
2023-04,480,1,0,3,0,0
2023-04,480,1,1,56,0,0
2023-04,480,2,0,5,0,0
2023-04,480,2,1,26,0,0
2023-04,490,1,0,12,0,0
2023-04,490,1,1,79,0,0
2023-04,490,2,0,12,0,0
2023-04,490,2,1,39,0,0
2023-04,500,1,0,27,0,0
2023-04,500,1,1,122,0,0
2023-04,500,2,0,12,0,0
2023-04,500,2,1,67,0,0
2023-04,510,1,0,23,0,0
2023-04,510,1,1,226,0,0
2023-04,510,2,0,17,0,0
2023-04,510,2,1,71,0,0
2023-04,520,1,0,40,0,0
2023-04,520,1,1,295,0,0
2023-04,520,2,0,24,0,0
2023-04,520,2,1,93,0,0
2023-04,530,1,0,70,0,0
2023-04,530,1,1,432,1,0
2023-04,530,2,0,30,0,0
2023-04,530,2,1,138,1,0
2023-04,540,1,0,66,0,0
2023-04,540,1,1,585,2,0
2023-04,540,2,0,35,0,0
2023-04,540,2,1,184,0,0
2023-04,550,1,0,94,0,0
2023-04,550,1,1,925,3,1
2023-04,550,2,0,39,0,0
2023-04,550,2,1,177,0,0
2023-04,560,1,0,120,0,0
2023-04,560,1,1,1070,2,1
2023-04,560,2,0,42,0,0
2023-04,560,2,1,205,0,0
2023-04,570,1,0,173,0,0
2023-04,570,1,1,1413,1,0
2023-04,570,2,0,86,0,0
2023-04,570,2,1,337,1,0
2023-04,580,1,0,211,1,1
2023-04,580,1,1,1567,1,0
2023-04,580,2,0,97,0,0
2023-04,580,2,1,362,0,0
2023-04,590,1,0,244,0,0
2023-04,590,1,1,1977,1,1
2023-04,590,2,0,113,0,0
2023-04,590,2,1,472,1,0
2023-04,600,1,0,324,0,0
2023-04,600,1,1,2358,1,0
2023-04,600,2,0,132,0,0
2023-04,600,2,1,551,0,0
2023-04,610,1,0,428,1,0
2023-04,610,1,1,2797,5,0
2023-04,610,2,0,154,0,0
2023-04,610,2,1,661,1,1
2023-04,620,1,0,541,0,0
2023-04,620,1,1,3190,5,2
2023-04,620,2,0,218,0,0
2023-04,620,2,1,1015,0,0
2023-04,630,1,0,623,0,0
2023-04,630,1,1,3712,5,0
2023-04,630,2,0,277,0,0
2023-04,630,2,1,1126,2,0
2023-04,640,1,0,620,0,0
2023-04,640,1,1,3928,2,0
2023-04,640,2,0,247,0,0
2023-04,640,2,1,1095,2,0
2023-04,650,1,0,718,0,0
2023-04,650,1,1,4449,3,0
2023-04,650,2,0,254,0,0
2023-04,650,2,1,1252,1,0
2023-04,660,1,0,854,0,0
2023-04,660,1,1,4612,3,0
2023-04,660,2,0,282,0,0
2023-04,660,2,1,1104,1,0
2023-04,670,1,0,955,0,0
2023-04,670,1,1,5060,2,2
2023-04,670,2,0,281,0,0
2023-04,670,2,1,1093,1,1
2023-04,680,1,0,938,0,0
2023-04,680,1,1,5073,1,0
2023-04,680,2,0,224,0,0
2023-04,680,2,1,1110,0,0
2023-04,690,1,0,1064,0,0
2023-04,690,1,1,5728,1,0
2023-04,690,2,0,247,0,0
2023-04,690,2,1,1142,0,0
2023-04,700,1,0,1023,0,0
2023-04,700,1,1,5732,0,0
2023-04,700,2,0,228,0,0
2023-04,700,2,1,1113,0,0
2023-04,710,1,0,1154,0,0
2023-04,710,1,1,6065,1,0
2023-04,710,2,0,204,0,0
2023-04,710,2,1,1091,0,0
2023-04,720,1,0,1227,0,0
2023-04,720,1,1,6214,2,0
2023-04,720,2,0,170,0,0
2023-04,720,2,1,943,0,0
2023-04,730,1,0,1268,0,0
2023-04,730,1,1,6597,2,0
2023-04,730,2,0,189,0,0
2023-04,730,2,1,1035,0,0
2023-04,740,1,0,1250,0,0
2023-04,740,1,1,6683,2,0
2023-04,740,2,0,180,0,0
2023-04,740,2,1,1008,0,0
2023-04,750,1,0,1366,0,0
2023-04,750,1,1,6619,0,0
2023-04,750,2,0,191,0,0
2023-04,750,2,1,919,0,0
2023-04,760,1,0,1345,0,0
2023-04,760,1,1,6640,1,0
2023-04,760,2,0,169,0,0
2023-04,760,2,1,877,0,0
2023-04,770,1,0,1416,0,0
2023-04,770,1,1,7084,1,0
2023-04,770,2,0,160,2,0
2023-04,770,2,1,877,0,0
2023-04,780,1,0,1449,0,0
2023-04,780,1,1,7447,0,0
2023-04,780,2,0,146,0,0
2023-04,780,2,1,900,0,0
2023-04,790,1,0,1495,0,0
2023-04,790,1,1,7776,0,0
2023-04,790,2,0,139,0,0
2023-04,790,2,1,839,0,0
2023-04,800,1,0,1616,0,0
2023-04,800,1,1,8239,0,0
2023-04,800,2,0,136,0,0
2023-04,800,2,1,868,0,0
2023-04,810,1,0,1626,0,0
2023-04,810,1,1,8718,2,0
2023-04,810,2,0,155,0,0
2023-04,810,2,1,844,0,0
2023-04,820,1,0,1681,0,0
2023-04,820,1,1,8640,0,0
2023-04,820,2,0,155,0,0
2023-04,820,2,1,909,0,0
2023-04,830,1,0,1699,0,0
2023-04,830,1,1,8824,0,0
2023-04,830,2,0,146,0,0
2023-04,830,2,1,822,0,0
2023-04,840,1,0,1685,0,0
2023-04,840,1,1,8073,0,0
2023-04,840,2,0,134,0,0
2023-04,840,2,1,737,0,0
2023-04,850,1,0,1489,0,0
2023-04,850,1,1,8050,0,0
2023-04,850,2,0,131,0,0
2023-04,850,2,1,729,0,0
2023-04,860,1,0,1104,0,0
2023-04,860,1,1,6396,0,0
2023-04,860,2,0,88,0,0
2023-04,860,2,1,587,0,0
2023-04,870,1,0,836,0,0
2023-04,870,1,1,4785,0,0
2023-04,870,2,0,65,0,0
2023-04,870,2,1,419,0,0
2023-04,880,1,0,462,0,0
2023-04,880,1,1,2744,0,0
2023-04,880,2,0,33,0,0
2023-04,880,2,1,234,0,0
2023-04,890,1,0,187,0,0
2023-04,890,1,1,1066,0,0
2023-04,890,2,0,16,0,0
2023-04,890,2,1,95,0,0
2023-05,380,1,1,1,0,0
2023-05,380,2,1,1,0,0
2023-05,390,1,1,1,0,0
2023-05,410,1,1,3,0,0
2023-05,410,2,1,1,0,0
2023-05,420,1,1,3,0,0
2023-05,420,2,0,1,0,0
2023-05,430,1,1,6,0,0
2023-05,430,2,0,1,0,0
2023-05,430,2,1,2,0,0
2023-05,440,1,0,2,0,0
2023-05,440,1,1,5,0,0
2023-05,440,2,0,4,0,0
2023-05,440,2,1,5,0,0
2023-05,450,1,0,2,0,0
2023-05,450,1,1,17,0,0
2023-05,450,2,0,1,0,0
2023-05,450,2,1,9,0,0
2023-05,460,1,0,6,0,0
2023-05,460,1,1,22,0,0
2023-05,460,2,0,5,0,0
2023-05,460,2,1,10,0,0
2023-05,470,1,0,2,0,0
2023-05,470,1,1,60,0,0
2023-05,470,2,0,1,0,0
2023-05,470,2,1,20,0,0
2023-05,480,1,0,2,0,0
2023-05,480,1,1,55,0,0
2023-05,480,2,0,5,0,0
2023-05,480,2,1,26,0,0
2023-05,490,1,0,12,0,0
2023-05,490,1,1,77,1,0
2023-05,490,2,0,12,0,0
2023-05,490,2,1,39,0,0
2023-05,500,1,0,27,0,0
2023-05,500,1,1,120,0,0
2023-05,500,2,0,11,0,0
2023-05,500,2,1,65,0,0
2023-05,510,1,0,23,1,0
2023-05,510,1,1,223,0,0
2023-05,510,2,0,17,0,0
2023-05,510,2,1,70,0,0
2023-05,520,1,0,39,0,0
2023-05,520,1,1,287,0,0
2023-05,520,2,0,24,0,0
2023-05,520,2,1,92,1,1
2023-05,530,1,0,69,0,0
2023-05,530,1,1,420,2,0
2023-05,530,2,0,30,0,0
2023-05,530,2,1,136,0,0
2023-05,540,1,0,66,0,0
2023-05,540,1,1,572,1,0
2023-05,540,2,0,34,0,0
2023-05,540,2,1,177,0,0
2023-05,550,1,0,91,0,0
2023-05,550,1,1,901,2,0
2023-05,550,2,0,39,0,0
2023-05,550,2,1,169,0,0
2023-05,560,1,0,117,1,0
2023-05,560,1,1,1046,1,1
2023-05,560,2,0,41,0,0
2023-05,560,2,1,201,0,0
2023-05,570,1,0,168,0,0
2023-05,570,1,1,1388,3,2
2023-05,570,2,0,85,0,0
2023-05,570,2,1,333,3,1
2023-05,580,1,0,205,0,0
2023-05,580,1,1,1528,3,2
2023-05,580,2,0,97,0,0
2023-05,580,2,1,358,0,0
2023-05,590,1,0,237,0,0
2023-05,590,1,1,1931,4,0
2023-05,590,2,0,111,0,0
2023-05,590,2,1,469,0,0
2023-05,600,1,0,319,1,0
2023-05,600,1,1,2328,4,1
2023-05,600,2,0,131,0,0
2023-05,600,2,1,542,0,0
2023-05,610,1,0,421,0,0
2023-05,610,1,1,2730,3,0
2023-05,610,2,0,153,0,0
2023-05,610,2,1,642,2,1
2023-05,620,1,0,534,1,0
2023-05,620,1,1,3110,3,0
2023-05,620,2,0,218,0,0
2023-05,620,2,1,994,2,1
2023-05,630,1,0,612,0,0
2023-05,630,1,1,3620,2,1
2023-05,630,2,0,273,0,0
2023-05,630,2,1,1094,1,1
2023-05,640,1,0,610,1,0
2023-05,640,1,1,3832,2,1
2023-05,640,2,0,246,0,0
2023-05,640,2,1,1070,1,0
2023-05,650,1,0,707,0,0
2023-05,650,1,1,4355,3,1
2023-05,650,2,0,250,1,0
2023-05,650,2,1,1230,1,0
2023-05,660,1,0,837,0,0
2023-05,660,1,1,4520,3,2
2023-05,660,2,0,281,1,0
2023-05,660,2,1,1082,2,0
2023-05,670,1,0,939,1,1
2023-05,670,1,1,4950,2,0
2023-05,670,2,0,278,0,0
2023-05,670,2,1,1068,0,0
2023-05,680,1,0,922,0,0
2023-05,680,1,1,4970,1,0
2023-05,680,2,0,219,0,0
2023-05,680,2,1,1093,0,0
2023-05,690,1,0,1045,0,0
2023-05,690,1,1,5607,2,1
2023-05,690,2,0,242,0,0
2023-05,690,2,1,1116,0,0
2023-05,700,1,0,1008,1,0
2023-05,700,1,1,5629,4,1
2023-05,700,2,0,227,0,0
2023-05,700,2,1,1087,1,0
2023-05,710,1,0,1135,0,0
2023-05,710,1,1,5937,0,0
2023-05,710,2,0,198,0,0
2023-05,710,2,1,1060,0,0
2023-05,720,1,0,1211,0,0
2023-05,720,1,1,6063,2,1
2023-05,720,2,0,165,0,0
2023-05,720,2,1,917,0,0
2023-05,730,1,0,1250,1,0
2023-05,730,1,1,6466,0,0
2023-05,730,2,0,187,0,0
2023-05,730,2,1,1008,0,0
2023-05,740,1,0,1225,0,0
2023-05,740,1,1,6559,0,0
2023-05,740,2,0,175,0,0
2023-05,740,2,1,974,0,0
2023-05,750,1,0,1333,1,0
2023-05,750,1,1,6470,1,1
2023-05,750,2,0,185,1,0
2023-05,750,2,1,890,0,0
2023-05,760,1,0,1315,0,0
2023-05,760,1,1,6494,0,0
2023-05,760,2,0,164,0,0
2023-05,760,2,1,862,0,0
2023-05,770,1,0,1390,1,0
2023-05,770,1,1,6940,0,0
2023-05,770,2,0,155,0,0
2023-05,770,2,1,850,0,0
2023-05,780,1,0,1422,0,0
2023-05,780,1,1,7284,1,0
2023-05,780,2,0,140,0,0
2023-05,780,2,1,874,0,0
2023-05,790,1,0,1459,0,0
2023-05,790,1,1,7632,0,0
2023-05,790,2,0,138,0,0
2023-05,790,2,1,823,0,0
2023-05,800,1,0,1591,0,0
2023-05,800,1,1,8089,0,0
2023-05,800,2,0,132,0,0
2023-05,800,2,1,840,0,0
2023-05,810,1,0,1593,0,0
2023-05,810,1,1,8527,0,0
2023-05,810,2,0,149,0,0
2023-05,810,2,1,824,0,0
2023-05,820,1,0,1649,0,0
2023-05,820,1,1,8490,1,1
2023-05,820,2,0,150,0,0
2023-05,820,2,1,884,1,0
2023-05,830,1,0,1664,0,0
2023-05,830,1,1,8632,0,0
2023-05,830,2,0,144,0,0
2023-05,830,2,1,798,0,0
2023-05,840,1,0,1661,0,0
2023-05,840,1,1,7927,0,0
2023-05,840,2,0,129,0,0
2023-05,840,2,1,718,0,0
2023-05,850,1,0,1464,0,0
2023-05,850,1,1,7903,0,0
2023-05,850,2,0,129,0,0
2023-05,850,2,1,707,0,0
2023-05,860,1,0,1084,0,0
2023-05,860,1,1,6257,0,0
2023-05,860,2,0,85,0,0
2023-05,860,2,1,568,0,0
2023-05,870,1,0,821,0,0
2023-05,870,1,1,4687,0,0
2023-05,870,2,0,65,0,0
2023-05,870,2,1,413,0,0
2023-05,880,1,0,452,0,0
2023-05,880,1,1,2689,0,0
2023-05,880,2,0,33,0,0
2023-05,880,2,1,229,0,0
2023-05,890,1,0,186,0,0
2023-05,890,1,1,1053,0,0
2023-05,890,2,0,16,0,0
2023-05,890,2,1,92,0,0
2023-06,380,1,1,1,0,0
2023-06,380,2,1,1,0,0
2023-06,390,1,1,1,0,0
2023-06,410,1,0,1,0,0
2023-06,410,1,1,3,0,0
2023-06,410,2,1,1,0,0
2023-06,420,1,1,2,0,0
2023-06,420,2,0,1,0,0
2023-06,430,1,0,1,0,0
2023-06,430,1,1,6,0,0
2023-06,430,2,0,1,0,0
2023-06,430,2,1,2,0,0
2023-06,440,1,0,4,0,0
2023-06,440,1,1,4,0,0
2023-06,440,2,0,6,0,0
2023-06,440,2,1,5,0,0
2023-06,450,1,0,6,0,0
2023-06,450,1,1,15,0,0
2023-06,450,2,0,3,0,0
2023-06,450,2,1,9,0,0
2023-06,460,1,0,9,0,0
2023-06,460,1,1,21,1,1
2023-06,460,2,0,7,0,0
2023-06,460,2,1,10,0,0
2023-06,470,1,0,9,0,0
2023-06,470,1,1,60,0,0
2023-06,470,2,0,5,0,0
2023-06,470,2,1,20,1,0
2023-06,480,1,0,9,0,0
2023-06,480,1,1,53,0,0
2023-06,480,2,0,13,0,0
2023-06,480,2,1,25,0,0
2023-06,490,1,0,20,0,0
2023-06,490,1,1,74,0,0
2023-06,490,2,0,18,0,0
2023-06,490,2,1,37,0,0
2023-06,500,1,0,45,0,0
2023-06,500,1,1,117,0,0
2023-06,500,2,0,20,0,0
2023-06,500,2,1,63,0,0
2023-06,510,1,0,59,0,0
2023-06,510,1,1,215,0,0
2023-06,510,2,0,24,0,0
2023-06,510,2,1,68,0,0
2023-06,520,1,0,77,0,0
2023-06,520,1,1,281,1,0
2023-06,520,2,0,37,1,1
2023-06,520,2,1,91,0,0
2023-06,530,1,0,120,0,0
2023-06,530,1,1,409,1,0
2023-06,530,2,0,49,0,0
2023-06,530,2,1,135,0,0
2023-06,540,1,0,147,0,0
2023-06,540,1,1,562,1,0
2023-06,540,2,0,70,0,0
2023-06,540,2,1,175,1,0
2023-06,550,1,0,167,0,0
2023-06,550,1,1,878,1,0
2023-06,550,2,0,92,0,0
2023-06,550,2,1,163,2,0
2023-06,560,1,0,233,0,0
2023-06,560,1,1,1019,4,0
2023-06,560,2,0,93,0,0
2023-06,560,2,1,197,0,0
2023-06,570,1,0,356,0,0
2023-06,570,1,1,1349,4,2
2023-06,570,2,0,153,0,0
2023-06,570,2,1,321,0,0
2023-06,580,1,0,392,2,2
2023-06,580,1,1,1490,2,1
2023-06,580,2,0,168,0,0
2023-06,580,2,1,348,2,1
2023-06,590,1,0,497,0,0
2023-06,590,1,1,1863,7,2
2023-06,590,2,0,197,0,0
2023-06,590,2,1,460,0,0
2023-06,600,1,0,596,0,0
2023-06,600,1,1,2269,2,1
2023-06,600,2,0,235,0,0
2023-06,600,2,1,532,0,0
2023-06,610,1,0,845,0,0
2023-06,610,1,1,2648,3,1
2023-06,610,2,0,267,0,0
2023-06,610,2,1,621,1,0
2023-06,620,1,0,1023,0,0
2023-06,620,1,1,3023,2,0
2023-06,620,2,0,431,2,0
2023-06,620,2,1,969,0,0
2023-06,630,1,0,1222,0,0
2023-06,630,1,1,3530,6,2
2023-06,630,2,0,508,0,0
2023-06,630,2,1,1063,1,0
2023-06,640,1,0,1218,0,0
2023-06,640,1,1,3736,3,0
2023-06,640,2,0,449,0,0
2023-06,640,2,1,1041,0,0
2023-06,650,1,0,1479,0,0
2023-06,650,1,1,4250,6,0
2023-06,650,2,0,485,0,0
2023-06,650,2,1,1203,2,0
2023-06,660,1,0,1628,0,0
2023-06,660,1,1,4387,4,0
2023-06,660,2,0,508,1,0
2023-06,660,2,1,1061,2,0
2023-06,670,1,0,1897,0,0
2023-06,670,1,1,4829,1,0
2023-06,670,2,0,512,0,0
2023-06,670,2,1,1043,2,0
2023-06,680,1,0,1894,0,0
2023-06,680,1,1,4837,4,0
2023-06,680,2,0,394,0,0
2023-06,680,2,1,1077,1,0
2023-06,690,1,0,2076,0,0
2023-06,690,1,1,5480,2,0
2023-06,690,2,0,442,0,0
2023-06,690,2,1,1094,0,0
2023-06,700,1,0,2128,0,0
2023-06,700,1,1,5495,0,0
2023-06,700,2,0,405,0,0
2023-06,700,2,1,1058,0,0
2023-06,710,1,0,2293,0,0
2023-06,710,1,1,5813,3,0
2023-06,710,2,0,395,0,0
2023-06,710,2,1,1029,0,0
2023-06,720,1,0,2416,1,0
2023-06,720,1,1,5921,3,0
2023-06,720,2,0,310,0,0
2023-06,720,2,1,886,0,0
2023-06,730,1,0,2498,1,0
2023-06,730,1,1,6309,0,0
2023-06,730,2,0,324,1,0
2023-06,730,2,1,978,1,0
2023-06,740,1,0,2527,0,0
2023-06,740,1,1,6410,0,0
2023-06,740,2,0,331,0,0
2023-06,740,2,1,946,0,0
2023-06,750,1,0,2676,0,0
2023-06,750,1,1,6324,1,0
2023-06,750,2,0,339,0,0
2023-06,750,2,1,859,0,0
2023-06,760,1,0,2652,0,0
2023-06,760,1,1,6346,1,1
2023-06,760,2,0,305,0,0
2023-06,760,2,1,837,0,0
2023-06,770,1,0,2786,0,0
2023-06,770,1,1,6779,0,0
2023-06,770,2,0,268,0,0
2023-06,770,2,1,822,0,0
2023-06,780,1,0,2958,0,0
2023-06,780,1,1,7126,0,0
2023-06,780,2,0,306,0,0
2023-06,780,2,1,846,1,0
2023-06,790,1,0,3013,0,0
2023-06,790,1,1,7468,0,0
2023-06,790,2,0,258,0,0
2023-06,790,2,1,803,0,0
2023-06,800,1,0,3188,1,0
2023-06,800,1,1,7893,0,0
2023-06,800,2,0,285,0,0
2023-06,800,2,1,821,0,0
2023-06,810,1,0,3424,0,0
2023-06,810,1,1,8338,0,0
2023-06,810,2,0,271,0,0
2023-06,810,2,1,795,0,0
2023-06,820,1,0,3444,0,0
2023-06,820,1,1,8299,0,0
2023-06,820,2,0,296,0,0
2023-06,820,2,1,863,0,0
2023-06,830,1,0,3446,0,0
2023-06,830,1,1,8466,0,0
2023-06,830,2,0,258,0,0
2023-06,830,2,1,765,0,0
2023-06,840,1,0,3345,0,0
2023-06,840,1,1,7739,0,0
2023-06,840,2,0,267,0,0
2023-06,840,2,1,687,0,0
2023-06,850,1,0,3082,0,0
2023-06,850,1,1,7716,0,0
2023-06,850,2,0,236,0,0
2023-06,850,2,1,689,0,0
2023-06,860,1,0,2269,0,0
2023-06,860,1,1,6093,0,0
2023-06,860,2,0,162,0,0
2023-06,860,2,1,550,0,0
2023-06,870,1,0,1743,0,0
2023-06,870,1,1,4573,0,0
2023-06,870,2,0,107,0,0
2023-06,870,2,1,399,0,0
2023-06,880,1,0,963,0,0
2023-06,880,1,1,2621,0,0
2023-06,880,2,0,57,0,0
2023-06,880,2,1,218,0,0
2023-06,890,1,0,369,0,0
2023-06,890,1,1,1032,0,0
2023-06,890,2,0,29,0,0
2023-06,890,2,1,87,0,0
2023-07,380,1,1,1,0,0
2023-07,380,2,1,1,0,0
2023-07,390,1,1,1,0,0
2023-07,410,1,0,1,0,0
2023-07,410,1,1,3,0,0
2023-07,410,2,1,1,0,0
2023-07,420,1,1,2,0,0
2023-07,420,2,0,1,0,0
2023-07,430,1,1,6,1,1
2023-07,430,2,0,1,0,0
2023-07,430,2,1,1,0,0
2023-07,440,1,0,4,0,0
2023-07,440,1,1,4,0,0
2023-07,440,2,0,6,0,0
2023-07,440,2,1,5,0,0
2023-07,450,1,0,6,0,0
2023-07,450,1,1,14,0,0
2023-07,450,2,0,2,0,0
2023-07,450,2,1,8,0,0
2023-07,460,1,0,8,0,0
2023-07,460,1,1,18,0,0
2023-07,460,2,0,7,0,0
2023-07,460,2,1,10,0,0
2023-07,470,1,0,9,0,0
2023-07,470,1,1,58,0,0
2023-07,470,2,0,5,0,0
2023-07,470,2,1,19,0,0
2023-07,480,1,0,9,0,0
2023-07,480,1,1,53,0,0
2023-07,480,2,0,13,0,0
2023-07,480,2,1,25,1,0
2023-07,490,1,0,20,0,0
2023-07,490,1,1,70,0,0
2023-07,490,2,0,18,0,0
2023-07,490,2,1,37,0,0
2023-07,500,1,0,43,1,0
2023-07,500,1,1,114,0,0
2023-07,500,2,0,20,0,0
2023-07,500,2,1,62,0,0
2023-07,510,1,0,59,0,0
2023-07,510,1,1,206,0,0
2023-07,510,2,0,22,0,0
2023-07,510,2,1,66,0,0
2023-07,520,1,0,73,0,0
2023-07,520,1,1,272,0,0
2023-07,520,2,0,36,0,0
2023-07,520,2,1,90,0,0
2023-07,530,1,0,119,1,0
2023-07,530,1,1,396,1,1
2023-07,530,2,0,49,0,0
2023-07,530,2,1,133,0,0
2023-07,540,1,0,146,1,0
2023-07,540,1,1,546,0,0
2023-07,540,2,0,69,0,0
2023-07,540,2,1,170,0,0
2023-07,550,1,0,164,1,0
2023-07,550,1,1,859,0,0
2023-07,550,2,0,92,0,0
2023-07,550,2,1,157,0,0
2023-07,560,1,0,223,0,0
2023-07,560,1,1,991,2,0
2023-07,560,2,0,92,0,0
2023-07,560,2,1,194,0,0
2023-07,570,1,0,349,0,0
2023-07,570,1,1,1315,2,0
2023-07,570,2,0,151,0,0
2023-07,570,2,1,313,0,0
2023-07,580,1,0,385,0,0
2023-07,580,1,1,1457,1,0
2023-07,580,2,0,166,0,0
2023-07,580,2,1,342,0,0
2023-07,590,1,0,489,0,0
2023-07,590,1,1,1801,2,0
2023-07,590,2,0,196,0,0
2023-07,590,2,1,452,0,0
2023-07,600,1,0,589,1,0
2023-07,600,1,1,2207,3,2
2023-07,600,2,0,226,1,0
2023-07,600,2,1,519,0,0
2023-07,610,1,0,827,1,0
2023-07,610,1,1,2579,4,1
2023-07,610,2,0,263,0,0
2023-07,610,2,1,608,0,0
2023-07,620,1,0,998,0,0
2023-07,620,1,1,2957,1,1
2023-07,620,2,0,425,0,0
2023-07,620,2,1,951,0,0
2023-07,630,1,0,1188,1,0
2023-07,630,1,1,3420,3,0
2023-07,630,2,0,500,0,0
2023-07,630,2,1,1037,2,1
2023-07,640,1,0,1195,1,0
2023-07,640,1,1,3633,3,0
2023-07,640,2,0,445,1,0
2023-07,640,2,1,1018,0,0
2023-07,650,1,0,1458,0,0
2023-07,650,1,1,4134,6,0
2023-07,650,2,0,477,0,0
2023-07,650,2,1,1167,0,0
2023-07,660,1,0,1590,1,0
2023-07,660,1,1,4271,2,0
2023-07,660,2,0,494,0,0
2023-07,660,2,1,1044,1,0
2023-07,670,1,0,1856,0,0
2023-07,670,1,1,4701,3,1
2023-07,670,2,0,506,1,0
2023-07,670,2,1,1017,0,0
2023-07,680,1,0,1862,1,0
2023-07,680,1,1,4732,1,0
2023-07,680,2,0,386,0,0
2023-07,680,2,1,1050,1,0
2023-07,690,1,0,2035,0,0
2023-07,690,1,1,5359,3,0
2023-07,690,2,0,433,1,1
2023-07,690,2,1,1058,0,0
2023-07,700,1,0,2094,0,0
2023-07,700,1,1,5379,3,0
2023-07,700,2,0,394,0,0
2023-07,700,2,1,1016,0,0
2023-07,710,1,0,2246,0,0
2023-07,710,1,1,5682,1,1
2023-07,710,2,0,386,0,0
2023-07,710,2,1,1003,1,0
2023-07,720,1,0,2364,0,0
2023-07,720,1,1,5795,1,0
2023-07,720,2,0,305,0,0
2023-07,720,2,1,855,0,0
2023-07,730,1,0,2463,0,0
2023-07,730,1,1,6155,3,2
2023-07,730,2,0,315,0,0
2023-07,730,2,1,941,0,0
2023-07,740,1,0,2487,1,0
2023-07,740,1,1,6248,2,0
2023-07,740,2,0,326,0,0
2023-07,740,2,1,930,0,0
2023-07,750,1,0,2614,0,0
2023-07,750,1,1,6193,1,1
2023-07,750,2,0,334,0,0
2023-07,750,2,1,831,0,0
2023-07,760,1,0,2598,0,0
2023-07,760,1,1,6174,0,0
2023-07,760,2,0,292,0,0
2023-07,760,2,1,814,0,0
2023-07,770,1,0,2739,0,0
2023-07,770,1,1,6621,3,1
2023-07,770,2,0,258,0,0
2023-07,770,2,1,803,0,0
2023-07,780,1,0,2914,0,0
2023-07,780,1,1,6972,0,0
2023-07,780,2,0,300,0,0
2023-07,780,2,1,814,0,0
2023-07,790,1,0,2941,0,0
2023-07,790,1,1,7272,0,0
2023-07,790,2,0,245,0,0
2023-07,790,2,1,779,0,0
2023-07,800,1,0,3130,0,0
2023-07,800,1,1,7702,0,0
2023-07,800,2,0,281,0,0
2023-07,800,2,1,796,0,0
2023-07,810,1,0,3355,0,0
2023-07,810,1,1,8133,0,0
2023-07,810,2,0,261,0,0
2023-07,810,2,1,775,0,0
2023-07,820,1,0,3388,0,0
2023-07,820,1,1,8107,1,0
2023-07,820,2,0,290,0,0
2023-07,820,2,1,833,0,0
2023-07,830,1,0,3385,0,0
2023-07,830,1,1,8246,0,0
2023-07,830,2,0,251,0,0
2023-07,830,2,1,733,0,0
2023-07,840,1,0,3277,0,0
2023-07,840,1,1,7560,0,0
2023-07,840,2,0,263,0,0
2023-07,840,2,1,658,0,0
2023-07,850,1,0,3032,0,0
2023-07,850,1,1,7527,0,0
2023-07,850,2,0,231,0,0
2023-07,850,2,1,667,0,0
2023-07,860,1,0,2239,0,0
2023-07,860,1,1,5950,0,0
2023-07,860,2,0,160,0,0
2023-07,860,2,1,536,0,0
2023-07,870,1,0,1719,0,0
2023-07,870,1,1,4467,0,0
2023-07,870,2,0,105,0,0
2023-07,870,2,1,392,0,0
2023-07,880,1,0,945,0,0
2023-07,880,1,1,2568,0,0
2023-07,880,2,0,55,0,0
2023-07,880,2,1,214,0,0
2023-07,890,1,0,362,0,0
2023-07,890,1,1,1007,0,0
2023-07,890,2,0,27,0,0
2023-07,890,2,1,81,0,0
2023-08,380,1,1,1,0,0
2023-08,380,2,1,1,0,0
2023-08,390,1,1,1,0,0
2023-08,410,1,1,3,0,0
2023-08,410,2,1,1,0,0
2023-08,420,1,1,2,0,0
2023-08,420,2,1,1,0,0
2023-08,430,1,1,5,0,0
2023-08,430,2,1,2,0,0
2023-08,440,1,0,2,0,0
2023-08,440,1,1,6,0,0
2023-08,440,2,0,2,0,0
2023-08,440,2,1,9,0,0
2023-08,450,1,0,4,0,0
2023-08,450,1,1,15,0,0
2023-08,450,2,0,1,0,0
2023-08,450,2,1,9,0,0
2023-08,460,1,0,2,0,0
2023-08,460,1,1,23,0,0
2023-08,460,2,0,2,0,0
2023-08,460,2,1,15,0,0
2023-08,470,1,0,7,0,0
2023-08,470,1,1,59,0,0
2023-08,470,2,0,4,0,0
2023-08,470,2,1,18,0,0
2023-08,480,1,0,8,0,0
2023-08,480,1,1,52,0,0
2023-08,480,2,0,8,0,0
2023-08,480,2,1,29,0,0
2023-08,490,1,0,8,0,0
2023-08,490,1,1,82,0,0
2023-08,490,2,0,7,0,0
2023-08,490,2,1,47,0,0
2023-08,500,1,0,18,1,0
2023-08,500,1,1,133,0,0
2023-08,500,2,0,9,0,0
2023-08,500,2,1,73,0,0
2023-08,510,1,0,36,0,0
2023-08,510,1,1,223,2,0
2023-08,510,2,0,10,0,0
2023-08,510,2,1,75,0,0
2023-08,520,1,0,37,0,0
2023-08,520,1,1,297,1,0
2023-08,520,2,0,13,0,0
2023-08,520,2,1,109,0,0
2023-08,530,1,0,51,0,0
2023-08,530,1,1,449,1,1
2023-08,530,2,0,19,0,0
2023-08,530,2,1,161,0,0
2023-08,540,1,0,80,0,0
2023-08,540,1,1,593,0,0
2023-08,540,2,0,36,0,0
2023-08,540,2,1,201,0,0
2023-08,550,1,0,74,1,0
2023-08,550,1,1,923,3,1
2023-08,550,2,0,52,0,0
2023-08,550,2,1,193,0,0
2023-08,560,1,0,114,0,0
2023-08,560,1,1,1066,3,1
2023-08,560,2,0,54,1,0
2023-08,560,2,1,229,0,0
2023-08,570,1,0,180,0,0
2023-08,570,1,1,1448,2,0
2023-08,570,2,0,66,0,0
2023-08,570,2,1,387,0,0
2023-08,580,1,0,183,2,0
2023-08,580,1,1,1620,4,1
2023-08,580,2,0,70,0,0
2023-08,580,2,1,425,3,1
2023-08,590,1,0,256,1,0
2023-08,590,1,1,1995,6,1
2023-08,590,2,0,87,0,0
2023-08,590,2,1,549,0,0
2023-08,600,1,0,283,0,0
2023-08,600,1,1,2458,4,2
2023-08,600,2,0,101,0,0
2023-08,600,2,1,628,1,0
2023-08,610,1,0,419,1,0
2023-08,610,1,1,2910,1,0
2023-08,610,2,0,117,0,0
2023-08,610,2,1,736,0,0
2023-08,620,1,0,478,1,0
2023-08,620,1,1,3386,5,0
2023-08,620,2,0,212,0,0
2023-08,620,2,1,1136,3,0
2023-08,630,1,0,595,1,0
2023-08,630,1,1,3910,5,1
2023-08,630,2,0,230,0,0
2023-08,630,2,1,1267,1,0
2023-08,640,1,0,599,1,0
2023-08,640,1,1,4102,7,2
2023-08,640,2,0,200,0,0
2023-08,640,2,1,1233,3,0
2023-08,650,1,0,768,0,0
2023-08,650,1,1,4710,6,1
2023-08,650,2,0,230,0,0
2023-08,650,2,1,1374,2,0
2023-08,660,1,0,779,0,0
2023-08,660,1,1,4942,4,1
2023-08,660,2,0,225,1,0
2023-08,660,2,1,1273,2,0
2023-08,670,1,0,950,0,0
2023-08,670,1,1,5469,3,1
2023-08,670,2,0,237,0,0
2023-08,670,2,1,1255,3,0
2023-08,680,1,0,965,0,0
2023-08,680,1,1,5459,2,0
2023-08,680,2,0,176,0,0
2023-08,680,2,1,1222,0,0
2023-08,690,1,0,1011,1,0
2023-08,690,1,1,6213,1,1
2023-08,690,2,0,191,0,0
2023-08,690,2,1,1261,2,0
2023-08,700,1,0,1108,0,0
2023-08,700,1,1,6224,2,0
2023-08,700,2,0,181,0,0
2023-08,700,2,1,1198,0,0
2023-08,710,1,0,1123,0,0
2023-08,710,1,1,6628,1,0
2023-08,710,2,0,197,1,0
2023-08,710,2,1,1165,0,0
2023-08,720,1,0,1194,0,0
2023-08,720,1,1,6777,0,0
2023-08,720,2,0,146,0,0
2023-08,720,2,1,983,0,0
2023-08,730,1,0,1250,0,0
2023-08,730,1,1,7170,2,0
2023-08,730,2,0,135,0,0
2023-08,730,2,1,1086,0,0
2023-08,740,1,0,1269,0,0
2023-08,740,1,1,7291,0,0
2023-08,740,2,0,159,1,0
2023-08,740,2,1,1061,0,0
2023-08,750,1,0,1310,1,0
2023-08,750,1,1,7300,2,0
2023-08,750,2,0,153,0,0
2023-08,750,2,1,984,0,0
2023-08,760,1,0,1313,0,0
2023-08,760,1,1,7242,0,0
2023-08,760,2,0,131,0,0
2023-08,760,2,1,936,0,0
2023-08,770,1,0,1383,0,0
2023-08,770,1,1,7757,2,0
2023-08,770,2,0,106,0,0
2023-08,770,2,1,917,0,0
2023-08,780,1,0,1517,0,0
2023-08,780,1,1,8159,1,0
2023-08,780,2,0,160,0,0
2023-08,780,2,1,934,1,0
2023-08,790,1,0,1509,0,0
2023-08,790,1,1,8486,1,0
2023-08,790,2,0,112,0,0
2023-08,790,2,1,880,0,0
2023-08,800,1,0,1570,0,0
2023-08,800,1,1,9006,2,0
2023-08,800,2,0,143,0,0
2023-08,800,2,1,894,0,0
2023-08,810,1,0,1798,0,0
2023-08,810,1,1,9423,0,0
2023-08,810,2,0,121,0,0
2023-08,810,2,1,888,0,0
2023-08,820,1,0,1775,0,0
2023-08,820,1,1,9441,0,0
2023-08,820,2,0,141,0,0
2023-08,820,2,1,942,0,0
2023-08,830,1,0,1749,0,0
2023-08,830,1,1,9605,2,0
2023-08,830,2,0,114,0,0
2023-08,830,2,1,836,0,0
2023-08,840,1,0,1658,0,0
2023-08,840,1,1,8943,0,0
2023-08,840,2,0,135,0,0
2023-08,840,2,1,760,0,0
2023-08,850,1,0,1577,0,0
2023-08,850,1,1,8743,0,0
2023-08,850,2,0,108,0,0
2023-08,850,2,1,764,0,0
2023-08,860,1,0,1165,0,0
2023-08,860,1,1,6826,0,0
2023-08,860,2,0,78,0,0
2023-08,860,2,1,598,0,0
2023-08,870,1,0,914,0,0
2023-08,870,1,1,5133,0,0
2023-08,870,2,0,41,0,0
2023-08,870,2,1,439,0,0
2023-08,880,1,0,495,0,0
2023-08,880,1,1,2924,0,0
2023-08,880,2,0,25,0,0
2023-08,880,2,1,235,0,0
2023-08,890,1,0,180,0,0
2023-08,890,1,1,1156,0,0
2023-08,890,2,0,13,0,0
2023-08,890,2,1,91,0,0
2023-09,380,1,1,1,0,0
2023-09,380,2,1,1,0,0
2023-09,390,1,1,1,0,0
2023-09,410,1,1,1,0,0
2023-09,410,2,1,1,0,0
2023-09,420,1,1,2,0,0
2023-09,420,2,1,1,0,0
2023-09,430,1,1,4,0,0
2023-09,430,2,1,1,0,0
2023-09,440,1,0,2,0,0
2023-09,440,1,1,4,0,0
2023-09,440,2,0,2,1,0
2023-09,440,2,1,9,0,0
2023-09,450,1,0,4,0,0
2023-09,450,1,1,14,0,0
2023-09,450,2,0,1,0,0
2023-09,450,2,1,8,0,0
2023-09,460,1,0,2,0,0
2023-09,460,1,1,19,0,0
2023-09,460,2,0,2,0,0
2023-09,460,2,1,14,0,0
2023-09,470,1,0,7,0,0
2023-09,470,1,1,53,1,0
2023-09,470,2,0,4,0,0
2023-09,470,2,1,16,0,0
2023-09,480,1,0,8,0,0
2023-09,480,1,1,43,0,0
2023-09,480,2,0,8,0,0
2023-09,480,2,1,28,0,0
2023-09,490,1,0,8,0,0
2023-09,490,1,1,68,0,0
2023-09,490,2,0,7,0,0
2023-09,490,2,1,40,0,0
2023-09,500,1,0,16,0,0
2023-09,500,1,1,120,1,1
2023-09,500,2,0,9,0,0
2023-09,500,2,1,67,0,0
2023-09,510,1,0,35,0,0
2023-09,510,1,1,200,0,0
2023-09,510,2,0,10,0,0
2023-09,510,2,1,69,0,0
2023-09,520,1,0,36,0,0
2023-09,520,1,1,264,1,0
2023-09,520,2,0,13,0,0
2023-09,520,2,1,102,0,0
2023-09,530,1,0,49,0,0
2023-09,530,1,1,405,1,0
2023-09,530,2,0,19,0,0
2023-09,530,2,1,149,0,0
2023-09,540,1,0,80,0,0
2023-09,540,1,1,530,1,0
2023-09,540,2,0,36,0,0
2023-09,540,2,1,182,0,0
2023-09,550,1,0,72,0,0
2023-09,550,1,1,826,1,0
2023-09,550,2,0,51,0,0
2023-09,550,2,1,179,1,0
2023-09,560,1,0,110,0,0
2023-09,560,1,1,960,5,2
2023-09,560,2,0,53,0,0
2023-09,560,2,1,207,0,0
2023-09,570,1,0,177,1,0
2023-09,570,1,1,1303,4,1
2023-09,570,2,0,66,0,0
2023-09,570,2,1,364,1,0
2023-09,580,1,0,178,1,0
2023-09,580,1,1,1457,3,0
2023-09,580,2,0,69,0,0
2023-09,580,2,1,389,0,0
2023-09,590,1,0,243,0,0
2023-09,590,1,1,1815,2,0
2023-09,590,2,0,85,0,0
2023-09,590,2,1,505,1,1
2023-09,600,1,0,278,0,0
2023-09,600,1,1,2217,3,1
2023-09,600,2,0,101,0,0
2023-09,600,2,1,583,1,0
2023-09,610,1,0,411,1,0
2023-09,610,1,1,2642,7,2
2023-09,610,2,0,115,2,0
2023-09,610,2,1,677,1,1
2023-09,620,1,0,465,0,0
2023-09,620,1,1,3081,7,1
2023-09,620,2,0,204,0,0
2023-09,620,2,1,1051,1,0
2023-09,630,1,0,576,1,0
2023-09,630,1,1,3603,6,0
2023-09,630,2,0,222,0,0
2023-09,630,2,1,1186,1,0
2023-09,640,1,0,592,1,1
2023-09,640,1,1,3694,3,1
2023-09,640,2,0,197,1,0
2023-09,640,2,1,1134,1,1
2023-09,650,1,0,755,0,0
2023-09,650,1,1,4318,1,0
2023-09,650,2,0,230,0,0
2023-09,650,2,1,1280,3,0
2023-09,660,1,0,761,0,0
2023-09,660,1,1,4538,1,0
2023-09,660,2,0,219,0,0
2023-09,660,2,1,1158,2,1
2023-09,670,1,0,934,0,0
2023-09,670,1,1,5058,4,0
2023-09,670,2,0,232,0,0
2023-09,670,2,1,1123,2,1
2023-09,680,1,0,940,1,0
2023-09,680,1,1,5004,3,0
2023-09,680,2,0,172,0,0
2023-09,680,2,1,1103,0,0
2023-09,690,1,0,989,0,0
2023-09,690,1,1,5747,3,0
2023-09,690,2,0,191,0,0
2023-09,690,2,1,1161,2,1
2023-09,700,1,0,1084,1,0
2023-09,700,1,1,5731,4,1
2023-09,700,2,0,174,0,0
2023-09,700,2,1,1085,0,0
2023-09,710,1,0,1097,1,0
2023-09,710,1,1,6097,3,0
2023-09,710,2,0,192,0,0
2023-09,710,2,1,1048,0,0
2023-09,720,1,0,1169,0,0
2023-09,720,1,1,6270,0,0
2023-09,720,2,0,141,0,0
2023-09,720,2,1,862,0,0
2023-09,730,1,0,1228,0,0
2023-09,730,1,1,6625,3,0
2023-09,730,2,0,132,0,0
2023-09,730,2,1,980,0,0
2023-09,740,1,0,1238,0,0
2023-09,740,1,1,6763,0,0
2023-09,740,2,0,154,0,0
2023-09,740,2,1,949,1,0
2023-09,750,1,0,1286,0,0
2023-09,750,1,1,6753,1,0
2023-09,750,2,0,149,0,0
2023-09,750,2,1,884,0,0
2023-09,760,1,0,1278,0,0
2023-09,760,1,1,6705,0,0
2023-09,760,2,0,128,0,0
2023-09,760,2,1,804,0,0
2023-09,770,1,0,1355,0,0
2023-09,770,1,1,7184,1,1
2023-09,770,2,0,99,0,0
2023-09,770,2,1,818,0,0
2023-09,780,1,0,1475,0,0
2023-09,780,1,1,7566,0,0
2023-09,780,2,0,156,0,0
2023-09,780,2,1,832,0,0
2023-09,790,1,0,1481,1,0
2023-09,790,1,1,7854,0,0
2023-09,790,2,0,110,0,0
2023-09,790,2,1,784,0,0
2023-09,800,1,0,1540,0,0
2023-09,800,1,1,8339,0,0
2023-09,800,2,0,139,0,0
2023-09,800,2,1,818,0,0
2023-09,810,1,0,1767,0,0
2023-09,810,1,1,8687,1,0
2023-09,810,2,0,118,0,0
2023-09,810,2,1,804,0,0
2023-09,820,1,0,1738,0,0
2023-09,820,1,1,8689,0,0
2023-09,820,2,0,136,0,0
2023-09,820,2,1,809,0,0
2023-09,830,1,0,1705,0,0
2023-09,830,1,1,8866,0,0
2023-09,830,2,0,110,0,0
2023-09,830,2,1,732,0,0
2023-09,840,1,0,1625,0,0
2023-09,840,1,1,8303,0,0
2023-09,840,2,0,127,0,0
2023-09,840,2,1,671,0,0
2023-09,850,1,0,1536,0,0
2023-09,850,1,1,7991,1,1
2023-09,850,2,0,105,0,0
2023-09,850,2,1,686,0,0
2023-09,860,1,0,1141,0,0
2023-09,860,1,1,6237,0,0
2023-09,860,2,0,77,0,0
2023-09,860,2,1,532,0,0
2023-09,870,1,0,898,0,0
2023-09,870,1,1,4730,0,0
2023-09,870,2,0,39,0,0
2023-09,870,2,1,382,0,0
2023-09,880,1,0,485,0,0
2023-09,880,1,1,2690,0,0
2023-09,880,2,0,23,0,0
2023-09,880,2,1,209,0,0
2023-09,890,1,0,177,0,0
2023-09,890,1,1,1068,0,0
2023-09,890,2,0,13,0,0
2023-09,890,2,1,78,0,0
2023-10,380,1,1,1,0,0
2023-10,380,2,1,1,0,0
2023-10,390,1,1,1,0,0
2023-10,410,1,1,1,0,0
2023-10,410,2,1,1,0,0
2023-10,420,1,1,2,0,0
2023-10,420,2,1,1,0,0
2023-10,430,1,1,4,0,0
2023-10,430,2,1,1,0,0
2023-10,440,1,0,2,0,0
2023-10,440,1,1,4,0,0
2023-10,440,2,0,1,0,0
2023-10,440,2,1,8,0,0
2023-10,450,1,0,4,0,0
2023-10,450,1,1,14,0,0
2023-10,450,2,0,1,0,0
2023-10,450,2,1,7,0,0
2023-10,460,1,0,2,0,0
2023-10,460,1,1,19,0,0
2023-10,460,2,0,2,0,0
2023-10,460,2,1,14,0,0
2023-10,470,1,0,7,0,0
2023-10,470,1,1,51,0,0
2023-10,470,2,0,4,0,0
2023-10,470,2,1,16,0,0
2023-10,480,1,0,8,0,0
2023-10,480,1,1,43,0,0
2023-10,480,2,0,8,0,0
2023-10,480,2,1,28,0,0
2023-10,490,1,0,8,0,0
2023-10,490,1,1,68,0,0
2023-10,490,2,0,7,0,0
2023-10,490,2,1,38,0,0
2023-10,500,1,0,16,0,0
2023-10,500,1,1,115,1,0
2023-10,500,2,0,9,0,0
2023-10,500,2,1,66,0,0
2023-10,510,1,0,34,0,0
2023-10,510,1,1,197,0,0
2023-10,510,2,0,10,0,0
2023-10,510,2,1,66,0,0
2023-10,520,1,0,36,0,0
2023-10,520,1,1,258,1,0
2023-10,520,2,0,13,0,0
2023-10,520,2,1,99,1,1
2023-10,530,1,0,48,0,0
2023-10,530,1,1,399,0,0
2023-10,530,2,0,18,0,0
2023-10,530,2,1,146,0,0
2023-10,540,1,0,79,0,0
2023-10,540,1,1,506,0,0
2023-10,540,2,0,36,0,0
2023-10,540,2,1,178,1,0
2023-10,550,1,0,70,1,0
2023-10,550,1,1,806,3,0
2023-10,550,2,0,49,0,0
2023-10,550,2,1,171,0,0
2023-10,560,1,0,109,0,0
2023-10,560,1,1,934,3,0
2023-10,560,2,0,53,0,0
2023-10,560,2,1,203,0,0
2023-10,570,1,0,170,0,0
2023-10,570,1,1,1269,1,0
2023-10,570,2,0,66,0,0
2023-10,570,2,1,352,1,1
2023-10,580,1,0,175,0,0
2023-10,580,1,1,1421,4,1
2023-10,580,2,0,69,0,0
2023-10,580,2,1,383,1,0
2023-10,590,1,0,241,1,0
2023-10,590,1,1,1761,5,1
2023-10,590,2,0,83,0,0
2023-10,590,2,1,494,1,0
2023-10,600,1,0,271,0,0
2023-10,600,1,1,2145,3,2
2023-10,600,2,0,100,0,0
2023-10,600,2,1,570,1,1
2023-10,610,1,0,406,0,0
2023-10,610,1,1,2582,6,2
2023-10,610,2,0,112,0,0
2023-10,610,2,1,664,1,0
2023-10,620,1,0,454,1,1
2023-10,620,1,1,3018,5,1
2023-10,620,2,0,200,2,0
2023-10,620,2,1,1036,2,0
2023-10,630,1,0,566,0,0
2023-10,630,1,1,3523,8,4
2023-10,630,2,0,220,1,0
2023-10,630,2,1,1157,0,0
2023-10,640,1,0,581,1,0
2023-10,640,1,1,3611,7,2
2023-10,640,2,0,194,0,0
2023-10,640,2,1,1109,1,0
2023-10,650,1,0,738,1,0
2023-10,650,1,1,4231,5,3
2023-10,650,2,0,226,0,0
2023-10,650,2,1,1256,0,0
2023-10,660,1,0,742,0,0
2023-10,660,1,1,4449,1,0
2023-10,660,2,0,216,0,0
2023-10,660,2,1,1140,0,0
2023-10,670,1,0,920,0,0
2023-10,670,1,1,4945,5,1
2023-10,670,2,0,230,0,0
2023-10,670,2,1,1103,1,0
2023-10,680,1,0,922,0,0
2023-10,680,1,1,4880,6,1
2023-10,680,2,0,171,0,0
2023-10,680,2,1,1083,1,1
2023-10,690,1,0,965,0,0
2023-10,690,1,1,5637,2,1
2023-10,690,2,0,188,0,0
2023-10,690,2,1,1134,0,0
2023-10,700,1,0,1067,0,0
2023-10,700,1,1,5597,0,0
2023-10,700,2,0,168,0,0
2023-10,700,2,1,1057,2,0
2023-10,710,1,0,1074,1,0
2023-10,710,1,1,5966,1,0
2023-10,710,2,0,189,0,0
2023-10,710,2,1,1023,0,0
2023-10,720,1,0,1143,0,0
2023-10,720,1,1,6148,2,0
2023-10,720,2,0,139,0,0
2023-10,720,2,1,838,0,0
2023-10,730,1,0,1212,0,0
2023-10,730,1,1,6476,3,0
2023-10,730,2,0,131,0,0
2023-10,730,2,1,954,0,0
2023-10,740,1,0,1217,0,0
2023-10,740,1,1,6616,1,0
2023-10,740,2,0,146,0,0
2023-10,740,2,1,919,0,0
2023-10,750,1,0,1260,0,0
2023-10,750,1,1,6614,1,0
2023-10,750,2,0,144,0,0
2023-10,750,2,1,855,0,0
2023-10,760,1,0,1241,1,0
2023-10,760,1,1,6543,0,0
2023-10,760,2,0,127,0,0
2023-10,760,2,1,774,0,0
2023-10,770,1,0,1330,0,0
2023-10,770,1,1,7006,1,0
2023-10,770,2,0,95,0,0
2023-10,770,2,1,783,0,0
2023-10,780,1,0,1446,0,0
2023-10,780,1,1,7392,0,0
2023-10,780,2,0,149,0,0
2023-10,780,2,1,806,0,0
2023-10,790,1,0,1449,0,0
2023-10,790,1,1,7643,0,0
2023-10,790,2,0,108,0,0
2023-10,790,2,1,758,0,0
2023-10,800,1,0,1511,0,0
2023-10,800,1,1,8144,0,0
2023-10,800,2,0,134,0,0
2023-10,800,2,1,793,0,0
2023-10,810,1,0,1739,0,0
2023-10,810,1,1,8452,0,0
2023-10,810,2,0,116,0,0
2023-10,810,2,1,779,0,0
2023-10,820,1,0,1703,0,0
2023-10,820,1,1,8450,0,0
2023-10,820,2,0,131,0,0
2023-10,820,2,1,785,0,0
2023-10,830,1,0,1671,0,0
2023-10,830,1,1,8655,0,0
2023-10,830,2,0,108,0,0
2023-10,830,2,1,706,0,0
2023-10,840,1,0,1589,0,0
2023-10,840,1,1,8107,0,0
2023-10,840,2,0,121,0,0
2023-10,840,2,1,648,0,0
2023-10,850,1,0,1494,0,0
2023-10,850,1,1,7779,0,0
2023-10,850,2,0,102,0,0
2023-10,850,2,1,653,0,0
2023-10,860,1,0,1125,0,0
2023-10,860,1,1,6053,0,0
2023-10,860,2,0,76,0,0
2023-10,860,2,1,511,0,0
2023-10,870,1,0,880,0,0
2023-10,870,1,1,4626,0,0
2023-10,870,2,0,36,0,0
2023-10,870,2,1,368,0,0
2023-10,880,1,0,479,0,0
2023-10,880,1,1,2613,0,0
2023-10,880,2,0,22,0,0
2023-10,880,2,1,203,0,0
2023-10,890,1,0,173,0,0
2023-10,890,1,1,1033,0,0
2023-10,890,2,0,13,0,0
2023-10,890,2,1,74,0,0
2023-11,380,1,1,1,0,0
2023-11,380,2,1,1,0,0
2023-11,390,1,1,1,0,0
2023-11,410,1,1,1,0,0
2023-11,410,2,1,1,0,0
2023-11,420,1,1,2,0,0
2023-11,420,2,0,1,0,0
2023-11,420,2,1,1,0,0
2023-11,430,1,0,2,0,0
2023-11,430,1,1,4,0,0
2023-11,430,2,1,1,0,0
2023-11,440,1,1,6,0,0
2023-11,440,2,1,9,0,0
2023-11,450,1,0,1,0,0
2023-11,450,1,1,17,0,0
2023-11,450,2,1,8,0,0
2023-11,460,1,0,7,0,0
2023-11,460,1,1,20,0,0
2023-11,460,2,0,3,0,0
2023-11,460,2,1,16,0,0
2023-11,470,1,0,7,0,0
2023-11,470,1,1,56,0,0
2023-11,470,2,0,7,0,0
2023-11,470,2,1,19,0,0
2023-11,480,1,0,2,0,0
2023-11,480,1,1,48,0,0
2023-11,480,2,0,6,0,0
2023-11,480,2,1,33,0,0
2023-11,490,1,0,12,0,0
2023-11,490,1,1,74,0,0
2023-11,490,2,0,3,0,0
2023-11,490,2,1,43,0,0
2023-11,500,1,0,21,0,0
2023-11,500,1,1,130,1,0
2023-11,500,2,0,4,0,0
2023-11,500,2,1,74,1,0
2023-11,510,1,0,26,0,0
2023-11,510,1,1,228,0,0
2023-11,510,2,0,13,0,0
2023-11,510,2,1,76,0,0
2023-11,520,1,0,29,0,0
2023-11,520,1,1,287,0,0
2023-11,520,2,0,14,0,0
2023-11,520,2,1,111,0,0
2023-11,530,1,0,41,0,0
2023-11,530,1,1,433,2,0
2023-11,530,2,0,16,0,0
2023-11,530,2,1,158,0,0
2023-11,540,1,0,57,0,0
2023-11,540,1,1,571,3,1
2023-11,540,2,0,17,0,0
2023-11,540,2,1,212,1,1
2023-11,550,1,0,64,0,0
2023-11,550,1,1,854,2,0
2023-11,550,2,0,33,0,0
2023-11,550,2,1,217,1,0
2023-11,560,1,0,92,0,0
2023-11,560,1,1,1021,1,0
2023-11,560,2,0,24,0,0
2023-11,560,2,1,248,0,0
2023-11,570,1,0,158,0,0
2023-11,570,1,1,1410,3,0
2023-11,570,2,0,37,0,0
2023-11,570,2,1,410,1,0
2023-11,580,1,0,174,0,0
2023-11,580,1,1,1563,3,0
2023-11,580,2,0,46,0,0
2023-11,580,2,1,440,1,0
2023-11,590,1,0,228,0,0
2023-11,590,1,1,1942,3,1
2023-11,590,2,0,69,0,0
2023-11,590,2,1,568,0,0
2023-11,600,1,0,229,0,0
2023-11,600,1,1,2352,4,1
2023-11,600,2,0,70,0,0
2023-11,600,2,1,650,2,1
2023-11,610,1,0,328,0,0
2023-11,610,1,1,2927,3,0
2023-11,610,2,0,80,0,0
2023-11,610,2,1,763,1,0
2023-11,620,1,0,403,0,0
2023-11,620,1,1,3390,4,1
2023-11,620,2,0,157,0,0
2023-11,620,2,1,1213,1,0
2023-11,630,1,0,492,0,0
2023-11,630,1,1,3998,3,1
2023-11,630,2,0,167,0,0
2023-11,630,2,1,1343,0,0
2023-11,640,1,0,521,0,0
2023-11,640,1,1,4085,6,0
2023-11,640,2,0,143,0,0
2023-11,640,2,1,1278,0,0
2023-11,650,1,0,585,0,0
2023-11,650,1,1,4861,2,0
2023-11,650,2,0,143,0,0
2023-11,650,2,1,1461,4,0
2023-11,660,1,0,684,0,0
2023-11,660,1,1,5081,3,2
2023-11,660,2,0,151,0,0
2023-11,660,2,1,1330,0,0
2023-11,670,1,0,793,0,0
2023-11,670,1,1,5711,2,0
2023-11,670,2,0,162,0,0
2023-11,670,2,1,1302,0,0
2023-11,680,1,0,774,0,0
2023-11,680,1,1,5675,1,0
2023-11,680,2,0,128,0,0
2023-11,680,2,1,1225,2,0
2023-11,690,1,0,874,0,0
2023-11,690,1,1,6456,4,1
2023-11,690,2,0,126,0,0
2023-11,690,2,1,1292,2,0
2023-11,700,1,0,935,0,0
2023-11,700,1,1,6514,3,0
2023-11,700,2,0,125,0,0
2023-11,700,2,1,1195,0,0
2023-11,710,1,0,1040,0,0
2023-11,710,1,1,6888,2,1
2023-11,710,2,0,116,0,0
2023-11,710,2,1,1180,0,0
2023-11,720,1,0,1070,0,0
2023-11,720,1,1,7151,2,0
2023-11,720,2,0,118,0,0
2023-11,720,2,1,946,0,0
2023-11,730,1,0,1135,0,0
2023-11,730,1,1,7532,0,0
2023-11,730,2,0,125,0,0
2023-11,730,2,1,1059,0,0
2023-11,740,1,0,1104,0,0
2023-11,740,1,1,7655,2,0
2023-11,740,2,0,131,0,0
2023-11,740,2,1,1030,0,0
2023-11,750,1,0,1188,0,0
2023-11,750,1,1,7695,1,0
2023-11,750,2,0,114,0,0
2023-11,750,2,1,966,0,0
2023-11,760,1,0,1228,0,0
2023-11,760,1,1,7606,0,0
2023-11,760,2,0,111,0,0
2023-11,760,2,1,877,1,0
2023-11,770,1,0,1267,0,0
2023-11,770,1,1,8137,1,0
2023-11,770,2,0,110,0,0
2023-11,770,2,1,847,0,0
2023-11,780,1,0,1334,0,0
2023-11,780,1,1,8643,1,0
2023-11,780,2,0,119,0,0
2023-11,780,2,1,925,0,0
2023-11,790,1,0,1445,0,0
2023-11,790,1,1,8905,1,0
2023-11,790,2,0,130,0,0
2023-11,790,2,1,835,0,0
2023-11,800,1,0,1627,0,0
2023-11,800,1,1,9445,1,0
2023-11,800,2,0,109,0,0
2023-11,800,2,1,893,0,0
2023-11,810,1,0,1644,0,0
2023-11,810,1,1,9961,0,0
2023-11,810,2,0,103,0,0
2023-11,810,2,1,870,0,0
2023-11,820,1,0,1644,0,0
2023-11,820,1,1,9940,0,0
2023-11,820,2,0,95,0,0
2023-11,820,2,1,884,0,0
2023-11,830,1,0,1643,0,0
2023-11,830,1,1,10090,0,0
2023-11,830,2,0,104,0,0
2023-11,830,2,1,790,0,0
2023-11,840,1,0,1497,0,0
2023-11,840,1,1,9480,0,0
2023-11,840,2,0,118,0,0
2023-11,840,2,1,741,0,0
2023-11,850,1,0,1491,0,0
2023-11,850,1,1,9042,0,0
2023-11,850,2,0,95,0,0
2023-11,850,2,1,732,0,0
2023-11,860,1,0,1122,0,0
2023-11,860,1,1,7042,0,0
2023-11,860,2,0,78,0,0
2023-11,860,2,1,570,0,0
2023-11,870,1,0,815,0,0
2023-11,870,1,1,5392,0,0
2023-11,870,2,0,61,0,0
2023-11,870,2,1,391,0,0
2023-11,880,1,0,429,0,0
2023-11,880,1,1,3017,0,0
2023-11,880,2,0,26,0,0
2023-11,880,2,1,213,0,0
2023-11,890,1,0,199,0,0
2023-11,890,1,1,1181,0,0
2023-11,890,2,0,13,0,0
2023-11,890,2,1,80,0,0
2023-12,380,1,1,1,0,0
2023-12,380,2,1,1,0,0
2023-12,390,1,1,1,0,0
2023-12,410,1,1,1,0,0
2023-12,410,2,1,1,0,0
2023-12,420,1,1,2,0,0
2023-12,420,2,0,1,0,0
2023-12,420,2,1,1,0,0
2023-12,430,1,0,2,0,0
2023-12,430,1,1,4,0,0
2023-12,430,2,1,1,0,0
2023-12,440,1,1,6,0,0
2023-12,440,2,1,9,0,0
2023-12,450,1,0,1,0,0
2023-12,450,1,1,17,0,0
2023-12,450,2,1,8,0,0
2023-12,460,1,0,7,0,0
2023-12,460,1,1,19,0,0
2023-12,460,2,0,3,0,0
2023-12,460,2,1,15,0,0
2023-12,470,1,0,7,0,0
2023-12,470,1,1,55,0,0
2023-12,470,2,0,7,0,0
2023-12,470,2,1,19,0,0
2023-12,480,1,0,2,0,0
2023-12,480,1,1,47,0,0
2023-12,480,2,0,6,0,0
2023-12,480,2,1,33,0,0
2023-12,490,1,0,12,0,0
2023-12,490,1,1,73,0,0
2023-12,490,2,0,3,0,0
2023-12,490,2,1,43,0,0
2023-12,500,1,0,19,0,0
2023-12,500,1,1,122,1,0
2023-12,500,2,0,4,0,0
2023-12,500,2,1,71,1,0
2023-12,510,1,0,26,0,0
2023-12,510,1,1,221,0,0
2023-12,510,2,0,13,0,0
2023-12,510,2,1,75,1,0
2023-12,520,1,0,29,0,0
2023-12,520,1,1,280,0,0
2023-12,520,2,0,14,0,0
2023-12,520,2,1,106,0,0
2023-12,530,1,0,37,0,0
2023-12,530,1,1,422,1,1
2023-12,530,2,0,15,0,0
2023-12,530,2,1,157,0,0
2023-12,540,1,0,53,0,0
2023-12,540,1,1,559,0,0
2023-12,540,2,0,17,0,0
2023-12,540,2,1,207,0,0
2023-12,550,1,0,64,0,0
2023-12,550,1,1,825,0,0
2023-12,550,2,0,33,0,0
2023-12,550,2,1,211,1,0
2023-12,560,1,0,90,0,0
2023-12,560,1,1,988,3,1
2023-12,560,2,0,24,0,0
2023-12,560,2,1,247,0,0
2023-12,570,1,0,154,0,0
2023-12,570,1,1,1379,0,0
2023-12,570,2,0,36,0,0
2023-12,570,2,1,399,2,0
2023-12,580,1,0,169,0,0
2023-12,580,1,1,1524,4,1
2023-12,580,2,0,44,0,0
2023-12,580,2,1,435,0,0
2023-12,590,1,0,226,0,0
2023-12,590,1,1,1903,3,1
2023-12,590,2,0,68,0,0
2023-12,590,2,1,553,1,0
2023-12,600,1,0,228,0,0
2023-12,600,1,1,2291,4,0
2023-12,600,2,0,70,0,0
2023-12,600,2,1,637,2,0
2023-12,610,1,0,322,0,0
2023-12,610,1,1,2855,6,0
2023-12,610,2,0,79,0,0
2023-12,610,2,1,742,3,1
2023-12,620,1,0,398,0,0
2023-12,620,1,1,3315,1,0
2023-12,620,2,0,155,0,0
2023-12,620,2,1,1199,1,0
2023-12,630,1,0,482,0,0
2023-12,630,1,1,3912,10,2
2023-12,630,2,0,165,0,0
2023-12,630,2,1,1314,2,0
2023-12,640,1,0,512,0,0
2023-12,640,1,1,3998,3,0
2023-12,640,2,0,140,0,0
2023-12,640,2,1,1256,4,0
2023-12,650,1,0,577,1,0
2023-12,650,1,1,4759,9,2
2023-12,650,2,0,142,0,0
2023-12,650,2,1,1423,0,0
2023-12,660,1,0,670,0,0
2023-12,660,1,1,4963,7,1
2023-12,660,2,0,148,0,0
2023-12,660,2,1,1304,1,0
2023-12,670,1,0,786,0,0
2023-12,670,1,1,5604,2,0
2023-12,670,2,0,158,0,0
2023-12,670,2,1,1280,0,0
2023-12,680,1,0,769,0,0
2023-12,680,1,1,5571,2,0
2023-12,680,2,0,126,1,0
2023-12,680,2,1,1198,1,0
2023-12,690,1,0,863,1,0
2023-12,690,1,1,6322,2,0
2023-12,690,2,0,122,0,0
2023-12,690,2,1,1261,0,0
2023-12,700,1,0,912,0,0
2023-12,700,1,1,6377,1,0
2023-12,700,2,0,125,0,0
2023-12,700,2,1,1181,0,0
2023-12,710,1,0,1022,0,0
2023-12,710,1,1,6752,5,0
2023-12,710,2,0,116,0,0
2023-12,710,2,1,1154,1,1
2023-12,720,1,0,1054,0,0
2023-12,720,1,1,7004,3,2
2023-12,720,2,0,116,0,0
2023-12,720,2,1,919,0,0
2023-12,730,1,0,1112,0,0
2023-12,730,1,1,7375,2,0
2023-12,730,2,0,125,0,0
2023-12,730,2,1,1032,0,0
2023-12,740,1,0,1090,0,0
2023-12,740,1,1,7479,0,0
2023-12,740,2,0,129,0,0
2023-12,740,2,1,997,1,1
2023-12,750,1,0,1168,0,0
2023-12,750,1,1,7546,3,0
2023-12,750,2,0,112,0,0
2023-12,750,2,1,937,0,0
2023-12,760,1,0,1209,0,0
2023-12,760,1,1,7425,1,0
2023-12,760,2,0,110,0,0
2023-12,760,2,1,856,0,0
2023-12,770,1,0,1248,0,0
2023-12,770,1,1,7950,0,0
2023-12,770,2,0,108,0,0
2023-12,770,2,1,816,1,0
2023-12,780,1,0,1312,0,0
2023-12,780,1,1,8451,0,0
2023-12,780,2,0,118,0,0
2023-12,780,2,1,901,0,0
2023-12,790,1,0,1428,0,0
2023-12,790,1,1,8721,0,0
2023-12,790,2,0,129,0,0
2023-12,790,2,1,805,0,0
2023-12,800,1,0,1610,0,0
2023-12,800,1,1,9222,1,1
2023-12,800,2,0,107,0,0
2023-12,800,2,1,872,0,0
2023-12,810,1,0,1608,0,0
2023-12,810,1,1,9762,0,0
2023-12,810,2,0,99,0,0
2023-12,810,2,1,849,0,0
2023-12,820,1,0,1630,0,0
2023-12,820,1,1,9737,0,0
2023-12,820,2,0,92,0,0
2023-12,820,2,1,856,0,0
2023-12,830,1,0,1619,0,0
2023-12,830,1,1,9873,0,0
2023-12,830,2,0,102,0,0
2023-12,830,2,1,766,0,0
2023-12,840,1,0,1481,0,0
2023-12,840,1,1,9263,0,0
2023-12,840,2,0,114,0,0
2023-12,840,2,1,717,0,0
2023-12,850,1,0,1470,0,0
2023-12,850,1,1,8854,0,0
2023-12,850,2,0,92,0,0
2023-12,850,2,1,715,0,0
2023-12,860,1,0,1110,0,0
2023-12,860,1,1,6882,0,0
2023-12,860,2,0,77,0,0
2023-12,860,2,1,554,0,0
2023-12,870,1,0,805,0,0
2023-12,870,1,1,5254,0,0
2023-12,870,2,0,58,0,0
2023-12,870,2,1,381,0,0
2023-12,880,1,0,424,0,0
2023-12,880,1,1,2958,0,0
2023-12,880,2,0,26,0,0
2023-12,880,2,1,210,0,0
2023-12,890,1,0,199,0,0
2023-12,890,1,1,1154,0,0
2023-12,890,2,0,12,0,0
2023-12,890,2,1,78,0,0
2024-01,380,1,1,1,0,0
2024-01,390,1,1,1,0,0
2024-01,410,1,1,1,0,0
2024-01,410,2,1,1,0,0
2024-01,420,1,1,2,0,0
2024-01,420,2,0,1,0,0
2024-01,420,2,1,1,0,0
2024-01,430,1,0,1,0,0
2024-01,430,1,1,3,0,0
2024-01,430,2,1,1,0,0
2024-01,440,1,1,6,0,0
2024-01,440,2,1,9,0,0
2024-01,450,1,0,1,0,0
2024-01,450,1,1,16,0,0
2024-01,450,2,1,7,0,0
2024-01,460,1,0,7,0,0
2024-01,460,1,1,17,0,0
2024-01,460,2,0,3,0,0
2024-01,460,2,1,14,0,0
2024-01,470,1,0,7,0,0
2024-01,470,1,1,49,0,0
2024-01,470,2,0,7,0,0
2024-01,470,2,1,19,0,0
2024-01,480,1,0,2,0,0
2024-01,480,1,1,43,0,0
2024-01,480,2,0,6,0,0
2024-01,480,2,1,30,0,0
2024-01,490,1,0,11,0,0
2024-01,490,1,1,67,0,0
2024-01,490,2,0,3,0,0
2024-01,490,2,1,41,0,0
2024-01,500,1,0,18,0,0
2024-01,500,1,1,112,0,0
2024-01,500,2,0,4,0,0
2024-01,500,2,1,63,0,0
2024-01,510,1,0,25,0,0
2024-01,510,1,1,204,1,0
2024-01,510,2,0,13,0,0
2024-01,510,2,1,68,0,0
2024-01,520,1,0,27,0,0
2024-01,520,1,1,256,1,0
2024-01,520,2,0,14,0,0
2024-01,520,2,1,101,1,0
2024-01,530,1,0,36,0,0
2024-01,530,1,1,388,0,0
2024-01,530,2,0,15,0,0
2024-01,530,2,1,149,0,0
2024-01,540,1,0,51,0,0
2024-01,540,1,1,514,0,0
2024-01,540,2,0,17,0,0
2024-01,540,2,1,189,0,0
2024-01,550,1,0,62,1,1
2024-01,550,1,1,772,1,0
2024-01,550,2,0,32,0,0
2024-01,550,2,1,197,0,0
2024-01,560,1,0,87,0,0
2024-01,560,1,1,922,1,0
2024-01,560,2,0,24,0,0
2024-01,560,2,1,233,0,0
2024-01,570,1,0,151,0,0
2024-01,570,1,1,1289,6,1
2024-01,570,2,0,36,0,0
2024-01,570,2,1,372,1,0
2024-01,580,1,0,166,0,0
2024-01,580,1,1,1433,3,0
2024-01,580,2,0,44,0,0
2024-01,580,2,1,405,2,0
2024-01,590,1,0,222,0,0
2024-01,590,1,1,1785,3,0
2024-01,590,2,0,67,0,0
2024-01,590,2,1,520,0,0
2024-01,600,1,0,227,0,0
2024-01,600,1,1,2142,4,1
2024-01,600,2,0,69,0,0
2024-01,600,2,1,591,0,0
2024-01,610,1,0,318,1,0
2024-01,610,1,1,2698,5,2
2024-01,610,2,0,79,0,0
2024-01,610,2,1,691,0,0
2024-01,620,1,0,392,0,0
2024-01,620,1,1,3147,13,4
2024-01,620,2,0,153,0,0
2024-01,620,2,1,1124,3,0
2024-01,630,1,0,480,1,0
2024-01,630,1,1,3703,8,3
2024-01,630,2,0,160,0,0
2024-01,630,2,1,1247,6,4
2024-01,640,1,0,501,0,0
2024-01,640,1,1,3804,3,1
2024-01,640,2,0,137,0,0
2024-01,640,2,1,1178,1,1
2024-01,650,1,0,568,0,0
2024-01,650,1,1,4498,7,2
2024-01,650,2,0,140,0,0
2024-01,650,2,1,1325,0,0
2024-01,660,1,0,657,1,0
2024-01,660,1,1,4715,8,1
2024-01,660,2,0,146,0,0
2024-01,660,2,1,1211,2,0
2024-01,670,1,0,773,0,0
2024-01,670,1,1,5327,5,1
2024-01,670,2,0,152,0,0
2024-01,670,2,1,1195,0,0
2024-01,680,1,0,759,0,0
2024-01,680,1,1,5311,5,1
2024-01,680,2,0,124,0,0
2024-01,680,2,1,1120,2,0
2024-01,690,1,0,847,0,0
2024-01,690,1,1,5980,4,0
2024-01,690,2,0,121,0,0
2024-01,690,2,1,1180,1,0
2024-01,700,1,0,903,0,0
2024-01,700,1,1,6076,5,1
2024-01,700,2,0,122,0,0
2024-01,700,2,1,1076,1,1
2024-01,710,1,0,1009,0,0
2024-01,710,1,1,6383,3,0
2024-01,710,2,0,115,0,0
2024-01,710,2,1,1058,0,0
2024-01,720,1,0,1040,0,0
2024-01,720,1,1,6633,2,0
2024-01,720,2,0,113,0,0
2024-01,720,2,1,841,0,0
2024-01,730,1,0,1097,0,0
2024-01,730,1,1,6949,0,0
2024-01,730,2,0,121,0,0
2024-01,730,2,1,942,0,0
2024-01,740,1,0,1065,0,0
2024-01,740,1,1,7136,2,0
2024-01,740,2,0,126,0,0
2024-01,740,2,1,899,1,0
2024-01,750,1,0,1153,0,0
2024-01,750,1,1,7145,2,1
2024-01,750,2,0,112,0,0
2024-01,750,2,1,847,2,0
2024-01,760,1,0,1183,0,0
2024-01,760,1,1,7047,0,0
2024-01,760,2,0,108,0,0
2024-01,760,2,1,774,0,0
2024-01,770,1,0,1218,0,0
2024-01,770,1,1,7553,1,0
2024-01,770,2,0,107,0,0
2024-01,770,2,1,765,0,0
2024-01,780,1,0,1284,0,0
2024-01,780,1,1,8050,3,1
2024-01,780,2,0,113,0,0
2024-01,780,2,1,816,0,0
2024-01,790,1,0,1392,0,0
2024-01,790,1,1,8271,0,0
2024-01,790,2,0,127,0,0
2024-01,790,2,1,744,0,0
2024-01,800,1,0,1562,0,0
2024-01,800,1,1,8782,0,0
2024-01,800,2,0,106,0,0
2024-01,800,2,1,780,0,0
2024-01,810,1,0,1576,2,0
2024-01,810,1,1,9257,2,1
2024-01,810,2,0,96,0,0
2024-01,810,2,1,763,0,0
2024-01,820,1,0,1602,0,0
2024-01,820,1,1,9224,0,0
2024-01,820,2,0,91,0,0
2024-01,820,2,1,764,0,0
2024-01,830,1,0,1585,0,0
2024-01,830,1,1,9391,0,0
2024-01,830,2,0,98,0,0
2024-01,830,2,1,691,0,0
2024-01,840,1,0,1449,0,0
2024-01,840,1,1,8803,0,0
2024-01,840,2,0,112,0,0
2024-01,840,2,1,653,0,0
2024-01,850,1,0,1435,0,0
2024-01,850,1,1,8363,0,0
2024-01,850,2,0,90,0,0
2024-01,850,2,1,650,0,0
2024-01,860,1,0,1086,0,0
2024-01,860,1,1,6475,0,0
2024-01,860,2,0,75,0,0
2024-01,860,2,1,514,0,0
2024-01,870,1,0,792,0,0
2024-01,870,1,1,4975,0,0
2024-01,870,2,0,58,0,0
2024-01,870,2,1,348,0,0
2024-01,880,1,0,422,0,0
2024-01,880,1,1,2800,0,0
2024-01,880,2,0,26,0,0
2024-01,880,2,1,190,0,0
2024-01,890,1,0,191,0,0
2024-01,890,1,1,1078,0,0
2024-01,890,2,0,12,0,0
2024-01,890,2,1,73,0,0
2024-02,380,1,1,1,0,0
2024-02,390,1,1,1,0,0
2024-02,410,1,1,1,0,0
2024-02,410,2,1,1,0,0
2024-02,420,1,1,2,0,0
2024-02,420,2,0,1,0,0
2024-02,420,2,1,1,0,0
2024-02,430,1,0,1,0,0
2024-02,430,1,1,3,0,0
2024-02,430,2,1,1,0,0
2024-02,440,1,1,6,0,0
2024-02,440,2,1,9,0,0
2024-02,450,1,0,1,0,0
2024-02,450,1,1,16,1,0
2024-02,450,2,1,7,0,0
2024-02,460,1,0,7,0,0
2024-02,460,1,1,17,0,0
2024-02,460,2,0,3,0,0
2024-02,460,2,1,13,0,0
2024-02,470,1,0,7,0,0
2024-02,470,1,1,49,0,0
2024-02,470,2,0,7,1,0
2024-02,470,2,1,19,0,0
2024-02,480,1,0,2,0,0
2024-02,480,1,1,43,0,0
2024-02,480,2,0,6,0,0
2024-02,480,2,1,28,0,0
2024-02,490,1,0,11,0,0
2024-02,490,1,1,66,0,0
2024-02,490,2,0,3,0,0
2024-02,490,2,1,40,0,0
2024-02,500,1,0,18,0,0
2024-02,500,1,1,109,0,0
2024-02,500,2,0,3,0,0
2024-02,500,2,1,63,0,0
2024-02,510,1,0,24,0,0
2024-02,510,1,1,200,0,0
2024-02,510,2,0,13,0,0
2024-02,510,2,1,66,0,0
2024-02,520,1,0,27,0,0
2024-02,520,1,1,247,1,0
2024-02,520,2,0,13,0,0
2024-02,520,2,1,98,1,0
2024-02,530,1,0,36,0,0
2024-02,530,1,1,375,2,2
2024-02,530,2,0,15,0,0
2024-02,530,2,1,148,0,0
2024-02,540,1,0,50,0,0
2024-02,540,1,1,502,4,0
2024-02,540,2,0,15,0,0
2024-02,540,2,1,187,0,0
2024-02,550,1,0,61,0,0
2024-02,550,1,1,753,1,0
2024-02,550,2,0,32,0,0
2024-02,550,2,1,192,0,0
2024-02,560,1,0,87,0,0
2024-02,560,1,1,907,8,2
2024-02,560,2,0,23,0,0
2024-02,560,2,1,229,2,0
2024-02,570,1,0,149,0,0
2024-02,570,1,1,1254,3,1
2024-02,570,2,0,35,0,0
2024-02,570,2,1,365,2,0
2024-02,580,1,0,162,0,0
2024-02,580,1,1,1402,3,1
2024-02,580,2,0,41,0,0
2024-02,580,2,1,397,2,0
2024-02,590,1,0,219,1,1
2024-02,590,1,1,1739,2,1
2024-02,590,2,0,65,0,0
2024-02,590,2,1,509,1,1
2024-02,600,1,0,219,0,0
2024-02,600,1,1,2073,4,0
2024-02,600,2,0,69,0,0
2024-02,600,2,1,582,3,0
2024-02,610,1,0,311,1,0
2024-02,610,1,1,2641,5,2
2024-02,610,2,0,76,0,0
2024-02,610,2,1,679,0,0
2024-02,620,1,0,385,1,0
2024-02,620,1,1,3058,6,2
2024-02,620,2,0,151,0,0
2024-02,620,2,1,1097,1,0
2024-02,630,1,0,471,0,0
2024-02,630,1,1,3606,3,1
2024-02,630,2,0,156,0,0
2024-02,630,2,1,1217,2,0
2024-02,640,1,0,487,0,0
2024-02,640,1,1,3730,7,1
2024-02,640,2,0,132,0,0
2024-02,640,2,1,1155,2,1
2024-02,650,1,0,556,0,0
2024-02,650,1,1,4381,7,0
2024-02,650,2,0,139,0,0
2024-02,650,2,1,1296,1,0
2024-02,660,1,0,635,0,0
2024-02,660,1,1,4594,6,1
2024-02,660,2,0,142,0,0
2024-02,660,2,1,1186,1,0
2024-02,670,1,0,760,0,0
2024-02,670,1,1,5198,5,1
2024-02,670,2,0,150,0,0
2024-02,670,2,1,1173,2,0
2024-02,680,1,0,748,0,0
2024-02,680,1,1,5191,1,0
2024-02,680,2,0,120,0,0
2024-02,680,2,1,1087,0,0
2024-02,690,1,0,828,0,0
2024-02,690,1,1,5835,3,1
2024-02,690,2,0,119,0,0
2024-02,690,2,1,1146,3,1
2024-02,700,1,0,886,1,0
2024-02,700,1,1,5929,3,0
2024-02,700,2,0,121,0,0
2024-02,700,2,1,1039,0,0
2024-02,710,1,0,992,2,0
2024-02,710,1,1,6244,3,0
2024-02,710,2,0,113,0,0
2024-02,710,2,1,1031,1,0
2024-02,720,1,0,1019,0,0
2024-02,720,1,1,6488,2,0
2024-02,720,2,0,109,1,0
2024-02,720,2,1,824,1,0
2024-02,730,1,0,1071,0,0
2024-02,730,1,1,6765,0,0
2024-02,730,2,0,117,0,0
2024-02,730,2,1,920,0,0
2024-02,740,1,0,1038,0,0
2024-02,740,1,1,6980,2,1
2024-02,740,2,0,120,0,0
2024-02,740,2,1,863,0,0
2024-02,750,1,0,1134,0,0
2024-02,750,1,1,6957,1,1
2024-02,750,2,0,112,0,0
2024-02,750,2,1,821,0,0
2024-02,760,1,0,1159,0,0
2024-02,760,1,1,6897,2,0
2024-02,760,2,0,104,0,0
2024-02,760,2,1,745,0,0
2024-02,770,1,0,1193,0,0
2024-02,770,1,1,7368,1,0
2024-02,770,2,0,106,0,0
2024-02,770,2,1,745,0,0
2024-02,780,1,0,1253,1,1
2024-02,780,1,1,7846,0,0
2024-02,780,2,0,109,1,0
2024-02,780,2,1,788,0,0
2024-02,790,1,0,1360,0,0
2024-02,790,1,1,8073,0,0
2024-02,790,2,0,122,0,0
2024-02,790,2,1,719,0,0
2024-02,800,1,0,1528,0,0
2024-02,800,1,1,8567,0,0
2024-02,800,2,0,105,0,0
2024-02,800,2,1,754,0,0
2024-02,810,1,0,1548,0,0
2024-02,810,1,1,9022,1,0
2024-02,810,2,0,93,0,0
2024-02,810,2,1,731,0,0
2024-02,820,1,0,1571,0,0
2024-02,820,1,1,9016,0,0
2024-02,820,2,0,91,0,0
2024-02,820,2,1,741,0,0
2024-02,830,1,0,1554,0,0
2024-02,830,1,1,9133,1,0
2024-02,830,2,0,96,0,0
2024-02,830,2,1,672,0,0
2024-02,840,1,0,1413,0,0
2024-02,840,1,1,8584,1,0
2024-02,840,2,0,110,0,0
2024-02,840,2,1,638,0,0
2024-02,850,1,0,1406,0,0
2024-02,850,1,1,8157,0,0
2024-02,850,2,0,88,0,0
2024-02,850,2,1,625,0,0
2024-02,860,1,0,1061,0,0
2024-02,860,1,1,6299,0,0
2024-02,860,2,0,73,0,0
2024-02,860,2,1,491,0,0
2024-02,870,1,0,782,0,0
2024-02,870,1,1,4850,0,0
2024-02,870,2,0,57,0,0
2024-02,870,2,1,339,0,0
2024-02,880,1,0,416,0,0
2024-02,880,1,1,2730,0,0
2024-02,880,2,0,25,0,0
2024-02,880,2,1,189,0,0
2024-02,890,1,0,189,0,0
2024-02,890,1,1,1051,0,0
2024-02,890,2,0,11,0,0
2024-02,890,2,1,70,0,0
2024-03,380,1,1,1,0,0
2024-03,390,1,1,1,0,0
2024-03,410,1,1,1,0,0
2024-03,420,1,1,2,0,0
2024-03,420,2,0,1,0,0
2024-03,420,2,1,1,0,0
2024-03,430,1,0,4,0,0
2024-03,430,1,1,3,0,0
2024-03,430,2,1,1,0,0
2024-03,440,1,0,1,0,0
2024-03,440,1,1,5,0,0
2024-03,440,2,0,1,0,0
2024-03,440,2,1,8,0,0
2024-03,450,1,0,3,0,0
2024-03,450,1,1,9,0,0
2024-03,450,2,0,2,0,0
2024-03,450,2,1,7,0,0
2024-03,460,1,0,8,0,0
2024-03,460,1,1,16,1,1
2024-03,460,2,0,5,0,0
2024-03,460,2,1,13,0,0
2024-03,470,1,0,14,0,0
2024-03,470,1,1,40,0,0
2024-03,470,2,0,8,0,0
2024-03,470,2,1,19,0,0
2024-03,480,1,0,8,0,0
2024-03,480,1,1,34,0,0
2024-03,480,2,0,7,0,0
2024-03,480,2,1,22,0,0
2024-03,490,1,0,16,1,0
2024-03,490,1,1,54,1,1
2024-03,490,2,0,9,0,0
2024-03,490,2,1,38,0,0
2024-03,500,1,0,39,0,0
2024-03,500,1,1,86,0,0
2024-03,500,2,0,13,0,0
2024-03,500,2,1,53,0,0
2024-03,510,1,0,41,0,0
2024-03,510,1,1,170,1,0
2024-03,510,2,0,24,0,0
2024-03,510,2,1,60,0,0
2024-03,520,1,0,59,0,0
2024-03,520,1,1,192,1,0
2024-03,520,2,0,25,0,0
2024-03,520,2,1,88,0,0
2024-03,530,1,0,81,0,0
2024-03,530,1,1,327,0,0
2024-03,530,2,0,27,1,1
2024-03,530,2,1,130,0,0
2024-03,540,1,0,117,0,0
2024-03,540,1,1,419,1,0
2024-03,540,2,0,41,0,0
2024-03,540,2,1,166,0,0
2024-03,550,1,0,157,1,0
2024-03,550,1,1,620,2,0
2024-03,550,2,0,50,0,0
2024-03,550,2,1,171,0,0
2024-03,560,1,0,180,0,0
2024-03,560,1,1,766,3,0
2024-03,560,2,0,54,0,0
2024-03,560,2,1,205,0,0
2024-03,570,1,0,312,0,0
2024-03,570,1,1,1070,2,0
2024-03,570,2,0,81,0,0
2024-03,570,2,1,326,0,0
2024-03,580,1,0,339,1,0
2024-03,580,1,1,1202,2,0
2024-03,580,2,0,82,0,0
2024-03,580,2,1,342,2,0
2024-03,590,1,0,451,1,1
2024-03,590,1,1,1528,3,1
2024-03,590,2,0,132,0,0
2024-03,590,2,1,438,1,0
2024-03,600,1,0,510,0,0
2024-03,600,1,1,1785,2,1
2024-03,600,2,0,120,1,0
2024-03,600,2,1,512,0,0
2024-03,610,1,0,666,1,1
2024-03,610,1,1,2336,8,0
2024-03,610,2,0,140,0,0
2024-03,610,2,1,581,1,0
2024-03,620,1,0,830,0,0
2024-03,620,1,1,2730,4,1
2024-03,620,2,0,262,1,0
2024-03,620,2,1,970,2,0
2024-03,630,1,0,1030,0,0
2024-03,630,1,1,3236,6,1
2024-03,630,2,0,294,1,0
2024-03,630,2,1,1066,2,0
2024-03,640,1,0,1021,1,0
2024-03,640,1,1,3340,4,1
2024-03,640,2,0,276,0,0
2024-03,640,2,1,999,1,0
2024-03,650,1,0,1225,1,0
2024-03,650,1,1,3964,6,1
2024-03,650,2,0,294,0,0
2024-03,650,2,1,1121,4,0
2024-03,660,1,0,1376,0,0
2024-03,660,1,1,4107,1,0
2024-03,660,2,0,284,1,0
2024-03,660,2,1,1033,1,0
2024-03,670,1,0,1606,1,0
2024-03,670,1,1,4671,0,0
2024-03,670,2,0,304,0,0
2024-03,670,2,1,1028,2,0
2024-03,680,1,0,1622,1,0
2024-03,680,1,1,4667,7,0
2024-03,680,2,0,265,0,0
2024-03,680,2,1,940,1,0
2024-03,690,1,0,1861,0,0
2024-03,690,1,1,5247,3,0
2024-03,690,2,0,249,0,0
2024-03,690,2,1,984,1,0
2024-03,700,1,0,1885,0,0
2024-03,700,1,1,5389,3,0
2024-03,700,2,0,230,0,0
2024-03,700,2,1,870,0,0
2024-03,710,1,0,2095,0,0
2024-03,710,1,1,5671,1,0
2024-03,710,2,0,248,0,0
2024-03,710,2,1,864,1,0
2024-03,720,1,0,2196,0,0
2024-03,720,1,1,5867,0,0
2024-03,720,2,0,257,0,0
2024-03,720,2,1,691,1,0
2024-03,730,1,0,2324,0,0
2024-03,730,1,1,6117,2,1
2024-03,730,2,0,250,0,0
2024-03,730,2,1,748,0,0
2024-03,740,1,0,2334,0,0
2024-03,740,1,1,6323,3,0
2024-03,740,2,0,236,0,0
2024-03,740,2,1,706,0,0
2024-03,750,1,0,2545,0,0
2024-03,750,1,1,6274,2,0
2024-03,750,2,0,238,0,0
2024-03,750,2,1,680,0,0
2024-03,760,1,0,2617,1,0
2024-03,760,1,1,6215,1,0
2024-03,760,2,0,215,0,0
2024-03,760,2,1,597,1,0
2024-03,770,1,0,2609,0,0
2024-03,770,1,1,6649,1,0
2024-03,770,2,0,235,0,0
2024-03,770,2,1,617,0,0
2024-03,780,1,0,2812,0,0
2024-03,780,1,1,7088,0,0
2024-03,780,2,0,218,0,0
2024-03,780,2,1,651,0,0
2024-03,790,1,0,3101,0,0
2024-03,790,1,1,7298,1,1
2024-03,790,2,0,243,0,0
2024-03,790,2,1,588,0,0
2024-03,800,1,0,3354,1,0
2024-03,800,1,1,7728,1,0
2024-03,800,2,0,200,0,0
2024-03,800,2,1,612,0,0
2024-03,810,1,0,3396,0,0
2024-03,810,1,1,8153,1,0
2024-03,810,2,0,191,0,0
2024-03,810,2,1,574,0,0
2024-03,820,1,0,3476,0,0
2024-03,820,1,1,8123,0,0
2024-03,820,2,0,205,0,0
2024-03,820,2,1,605,0,0
2024-03,830,1,0,3430,0,0
2024-03,830,1,1,8221,0,0
2024-03,830,2,0,214,0,0
2024-03,830,2,1,528,0,0
2024-03,840,1,0,3145,0,0
2024-03,840,1,1,7739,0,0
2024-03,840,2,0,206,0,0
2024-03,840,2,1,530,0,0
2024-03,850,1,0,3109,0,0
2024-03,850,1,1,7286,0,0
2024-03,850,2,0,166,0,0
2024-03,850,2,1,503,0,0
2024-03,860,1,0,2335,0,0
2024-03,860,1,1,5657,0,0
2024-03,860,2,0,147,0,0
2024-03,860,2,1,397,0,0
2024-03,870,1,0,1777,0,0
2024-03,870,1,1,4334,0,0
2024-03,870,2,0,104,0,0
2024-03,870,2,1,292,0,0
2024-03,880,1,0,906,0,0
2024-03,880,1,1,2404,0,0
2024-03,880,2,0,52,0,0
2024-03,880,2,1,153,0,0
2024-03,890,1,0,383,0,0
2024-03,890,1,1,939,0,0
2024-03,890,2,0,23,0,0
2024-03,890,2,1,56,0,0
2024-04,380,1,1,1,0,0
2024-04,390,1,1,1,0,0
2024-04,410,1,1,1,0,0
2024-04,420,1,1,2,0,0
2024-04,420,2,1,1,0,0
2024-04,430,1,0,3,0,0
2024-04,430,1,1,4,0,0
2024-04,430,2,1,1,0,0
2024-04,440,1,0,1,0,0
2024-04,440,1,1,5,0,0
2024-04,440,2,1,8,0,0
2024-04,450,1,0,2,0,0
2024-04,450,1,1,10,0,0
2024-04,450,2,0,2,0,0
2024-04,450,2,1,7,0,0
2024-04,460,1,0,2,0,0
2024-04,460,1,1,20,0,0
2024-04,460,2,0,3,0,0
2024-04,460,2,1,14,0,0
2024-04,470,1,0,7,0,0
2024-04,470,1,1,46,1,1
2024-04,470,2,0,2,0,0
2024-04,470,2,1,25,0,0
2024-04,480,1,0,6,0,0
2024-04,480,1,1,36,0,0
2024-04,480,2,0,1,0,0
2024-04,480,2,1,28,0,0
2024-04,490,1,0,5,0,0
2024-04,490,1,1,63,1,1
2024-04,490,2,0,6,0,0
2024-04,490,2,1,40,0,0
2024-04,500,1,0,21,0,0
2024-04,500,1,1,100,0,0
2024-04,500,2,0,10,0,0
2024-04,500,2,1,56,0,0
2024-04,510,1,0,17,0,0
2024-04,510,1,1,186,0,0
2024-04,510,2,0,11,0,0
2024-04,510,2,1,72,0,0
2024-04,520,1,0,32,0,0
2024-04,520,1,1,215,1,1
2024-04,520,2,0,12,0,0
2024-04,520,2,1,99,1,0
2024-04,530,1,0,44,0,0
2024-04,530,1,1,357,1,0
2024-04,530,2,0,12,0,0
2024-04,530,2,1,140,0,0
2024-04,540,1,0,67,0,0
2024-04,540,1,1,452,4,0
2024-04,540,2,0,26,0,0
2024-04,540,2,1,177,0,0
2024-04,550,1,0,96,0,0
2024-04,550,1,1,664,1,0
2024-04,550,2,0,17,0,0
2024-04,550,2,1,198,0,0
2024-04,560,1,0,95,0,0
2024-04,560,1,1,831,0,0
2024-04,560,2,0,31,0,0
2024-04,560,2,1,221,0,0
2024-04,570,1,0,165,0,0
2024-04,570,1,1,1190,1,0
2024-04,570,2,0,46,0,0
2024-04,570,2,1,353,0,0
2024-04,580,1,0,182,0,0
2024-04,580,1,1,1322,0,0
2024-04,580,2,0,43,0,0
2024-04,580,2,1,370,1,0
2024-04,590,1,0,239,1,0
2024-04,590,1,1,1703,3,0
2024-04,590,2,0,68,0,0
2024-04,590,2,1,493,2,1
2024-04,600,1,0,285,0,0
2024-04,600,1,1,1953,1,0
2024-04,600,2,0,53,0,0
2024-04,600,2,1,565,1,0
2024-04,610,1,0,356,0,0
2024-04,610,1,1,2576,6,1
2024-04,610,2,0,68,0,0
2024-04,610,2,1,641,0,0
2024-04,620,1,0,445,0,0
2024-04,620,1,1,3037,7,1
2024-04,620,2,0,113,0,0
2024-04,620,2,1,1090,1,0
2024-04,630,1,0,555,0,0
2024-04,630,1,1,3626,7,1
2024-04,630,2,0,137,0,0
2024-04,630,2,1,1182,2,0
2024-04,640,1,0,531,0,0
2024-04,640,1,1,3740,6,1
2024-04,640,2,0,144,0,0
2024-04,640,2,1,1097,3,0
2024-04,650,1,0,668,0,0
2024-04,650,1,1,4385,6,1
2024-04,650,2,0,156,0,0
2024-04,650,2,1,1225,1,0
2024-04,660,1,0,740,0,0
2024-04,660,1,1,4634,6,1
2024-04,660,2,0,144,0,0
2024-04,660,2,1,1139,4,0
2024-04,670,1,0,844,0,0
2024-04,670,1,1,5312,3,0
2024-04,670,2,0,154,0,0
2024-04,670,2,1,1147,0,0
2024-04,680,1,0,871,0,0
2024-04,680,1,1,5287,3,1
2024-04,680,2,0,141,0,0
2024-04,680,2,1,1019,1,0
2024-04,690,1,0,1026,0,0
2024-04,690,1,1,5921,4,0
2024-04,690,2,0,132,0,0
2024-04,690,2,1,1066,1,0
2024-04,700,1,0,996,0,0
2024-04,700,1,1,6130,3,1
2024-04,700,2,0,110,0,0
2024-04,700,2,1,961,0,0
2024-04,710,1,0,1107,1,0
2024-04,710,1,1,6490,0,0
2024-04,710,2,0,137,0,0
2024-04,710,2,1,948,0,0
2024-04,720,1,0,1166,0,0
2024-04,720,1,1,6739,1,0
2024-04,720,2,0,148,0,0
2024-04,720,2,1,780,0,0
2024-04,730,1,0,1265,0,0
2024-04,730,1,1,7007,2,0
2024-04,730,2,0,134,0,0
2024-04,730,2,1,833,0,0
2024-04,740,1,0,1295,0,0
2024-04,740,1,1,7200,3,0
2024-04,740,2,0,116,0,0
2024-04,740,2,1,802,1,0
2024-04,750,1,0,1408,0,0
2024-04,750,1,1,7232,5,0
2024-04,750,2,0,124,0,0
2024-04,750,2,1,754,1,0
2024-04,760,1,0,1455,0,0
2024-04,760,1,1,7202,0,0
2024-04,760,2,0,114,0,0
2024-04,760,2,1,675,0,0
2024-04,770,1,0,1405,0,0
2024-04,770,1,1,7648,2,0
2024-04,770,2,0,130,0,0
2024-04,770,2,1,702,0,0
2024-04,780,1,0,1564,0,0
2024-04,780,1,1,8160,2,1
2024-04,780,2,0,108,0,0
2024-04,780,2,1,726,0,0
2024-04,790,1,0,1741,0,0
2024-04,790,1,1,8437,0,0
2024-04,790,2,0,122,0,0
2024-04,790,2,1,682,1,0
2024-04,800,1,0,1829,0,0
2024-04,800,1,1,9051,0,0
2024-04,800,2,0,96,0,0
2024-04,800,2,1,702,0,0
2024-04,810,1,0,1846,0,0
2024-04,810,1,1,9483,0,0
2024-04,810,2,0,98,0,0
2024-04,810,2,1,641,0,0
2024-04,820,1,0,1899,0,0
2024-04,820,1,1,9451,0,0
2024-04,820,2,0,112,0,0
2024-04,820,2,1,673,0,0
2024-04,830,1,0,1880,0,0
2024-04,830,1,1,9536,0,0
2024-04,830,2,0,115,0,0
2024-04,830,2,1,602,0,0
2024-04,840,1,0,1721,0,0
2024-04,840,1,1,8959,0,0
2024-04,840,2,0,98,0,0
2024-04,840,2,1,613,0,0
2024-04,850,1,0,1707,0,0
2024-04,850,1,1,8474,0,0
2024-04,850,2,0,79,0,0
2024-04,850,2,1,569,0,0
2024-04,860,1,0,1275,0,0
2024-04,860,1,1,6581,0,0
2024-04,860,2,0,74,0,0
2024-04,860,2,1,454,0,0
2024-04,870,1,0,990,0,0
2024-04,870,1,1,5005,0,0
2024-04,870,2,0,50,0,0
2024-04,870,2,1,336,0,0
2024-04,880,1,0,489,0,0
2024-04,880,1,1,2755,0,0
2024-04,880,2,0,28,0,0
2024-04,880,2,1,166,0,0
2024-04,890,1,0,194,0,0
2024-04,890,1,1,1100,1,0
2024-04,890,2,0,11,0,0
2024-04,890,2,1,67,0,0
2024-05,380,1,1,1,0,0
2024-05,390,1,1,1,0,0
2024-05,410,1,1,1,0,0
2024-05,420,1,1,2,0,0
2024-05,420,2,1,1,0,0
2024-05,430,1,0,3,0,0
2024-05,430,1,1,4,0,0
2024-05,430,2,1,1,0,0
2024-05,440,1,0,1,0,0
2024-05,440,1,1,5,0,0
2024-05,440,2,1,8,0,0
2024-05,450,1,0,2,0,0
2024-05,450,1,1,10,0,0
2024-05,450,2,0,2,0,0
2024-05,450,2,1,7,0,0
2024-05,460,1,0,2,0,0
2024-05,460,1,1,20,0,0
2024-05,460,2,0,3,0,0
2024-05,460,2,1,14,0,0
2024-05,470,1,0,7,0,0
2024-05,470,1,1,44,0,0
2024-05,470,2,0,2,0,0
2024-05,470,2,1,25,0,0
2024-05,480,1,0,6,0,0
2024-05,480,1,1,35,0,0
2024-05,480,2,0,1,0,0
2024-05,480,2,1,28,0,0
2024-05,490,1,0,5,0,0
2024-05,490,1,1,59,0,0
2024-05,490,2,0,6,0,0
2024-05,490,2,1,37,0,0
2024-05,500,1,0,19,0,0
2024-05,500,1,1,98,0,0
2024-05,500,2,0,10,0,0
2024-05,500,2,1,54,0,0
2024-05,510,1,0,16,0,0
2024-05,510,1,1,178,1,1
2024-05,510,2,0,11,0,0
2024-05,510,2,1,72,0,0
2024-05,520,1,0,32,0,0
2024-05,520,1,1,210,2,0
2024-05,520,2,0,12,0,0
2024-05,520,2,1,96,0,0
2024-05,530,1,0,44,0,0
2024-05,530,1,1,346,2,0
2024-05,530,2,0,12,0,0
2024-05,530,2,1,138,0,0
2024-05,540,1,0,66,0,0
2024-05,540,1,1,435,0,0
2024-05,540,2,0,26,0,0
2024-05,540,2,1,174,0,0
2024-05,550,1,0,94,1,0
2024-05,550,1,1,648,2,0
2024-05,550,2,0,16,0,0
2024-05,550,2,1,194,0,0
2024-05,560,1,0,95,0,0
2024-05,560,1,1,817,2,0
2024-05,560,2,0,31,0,0
2024-05,560,2,1,214,2,0
2024-05,570,1,0,161,0,0
2024-05,570,1,1,1163,1,0
2024-05,570,2,0,45,0,0
2024-05,570,2,1,343,0,0
2024-05,580,1,0,178,0,0
2024-05,580,1,1,1288,0,0
2024-05,580,2,0,41,0,0
2024-05,580,2,1,362,2,0
2024-05,590,1,0,233,2,0
2024-05,590,1,1,1662,1,1
2024-05,590,2,0,68,0,0
2024-05,590,2,1,481,0,0
2024-05,600,1,0,284,1,0
2024-05,600,1,1,1916,2,1
2024-05,600,2,0,53,0,0
2024-05,600,2,1,550,0,0
2024-05,610,1,0,349,2,0
2024-05,610,1,1,2508,3,0
2024-05,610,2,0,67,0,0
2024-05,610,2,1,625,0,0
2024-05,620,1,0,442,1,0
2024-05,620,1,1,2985,8,0
2024-05,620,2,0,112,0,0
2024-05,620,2,1,1062,4,1
2024-05,630,1,0,542,0,0
2024-05,630,1,1,3545,9,0
2024-05,630,2,0,133,0,0
2024-05,630,2,1,1155,4,1
2024-05,640,1,0,519,0,0
2024-05,640,1,1,3652,5,1
2024-05,640,2,0,140,1,0
2024-05,640,2,1,1077,2,0
2024-05,650,1,0,659,0,0
2024-05,650,1,1,4281,1,0
2024-05,650,2,0,152,1,0
2024-05,650,2,1,1195,3,1
2024-05,660,1,0,721,0,0
2024-05,660,1,1,4540,2,1
2024-05,660,2,0,141,0,0
2024-05,660,2,1,1114,2,0
2024-05,670,1,0,826,0,0
2024-05,670,1,1,5205,3,1
2024-05,670,2,0,149,1,0
2024-05,670,2,1,1118,0,0
2024-05,680,1,0,853,0,0
2024-05,680,1,1,5171,2,1
2024-05,680,2,0,137,0,0
2024-05,680,2,1,991,0,0
2024-05,690,1,0,1010,0,0
2024-05,690,1,1,5804,7,0
2024-05,690,2,0,129,0,0
2024-05,690,2,1,1035,1,0
2024-05,700,1,0,977,0,0
2024-05,700,1,1,5987,6,3
2024-05,700,2,0,109,0,0
2024-05,700,2,1,934,0,0
2024-05,710,1,0,1087,0,0
2024-05,710,1,1,6345,0,0
2024-05,710,2,0,131,0,0
2024-05,710,2,1,922,2,0
2024-05,720,1,0,1143,2,0
2024-05,720,1,1,6603,1,0
2024-05,720,2,0,143,0,0
2024-05,720,2,1,754,1,0
2024-05,730,1,0,1240,1,0
2024-05,730,1,1,6848,4,0
2024-05,730,2,0,132,0,0
2024-05,730,2,1,809,1,0
2024-05,740,1,0,1270,1,0
2024-05,740,1,1,7026,0,0
2024-05,740,2,0,112,0,0
2024-05,740,2,1,780,1,0
2024-05,750,1,0,1386,0,0
2024-05,750,1,1,7077,3,0
2024-05,750,2,0,120,0,0
2024-05,750,2,1,727,0,0
2024-05,760,1,0,1429,0,0
2024-05,760,1,1,7048,0,0
2024-05,760,2,0,111,0,0
2024-05,760,2,1,654,0,0
2024-05,770,1,0,1379,0,0
2024-05,770,1,1,7476,1,0
2024-05,770,2,0,128,0,0
2024-05,770,2,1,680,0,0
2024-05,780,1,0,1547,0,0
2024-05,780,1,1,7963,1,0
2024-05,780,2,0,104,0,0
2024-05,780,2,1,711,0,0
2024-05,790,1,0,1719,0,0
2024-05,790,1,1,8236,1,0
2024-05,790,2,0,119,0,0
2024-05,790,2,1,660,1,0
2024-05,800,1,0,1792,0,0
2024-05,800,1,1,8845,0,0
2024-05,800,2,0,92,0,0
2024-05,800,2,1,682,0,0
2024-05,810,1,0,1809,0,0
2024-05,810,1,1,9290,0,0
2024-05,810,2,0,95,0,0
2024-05,810,2,1,627,0,0
2024-05,820,1,0,1871,0,0
2024-05,820,1,1,9235,0,0
2024-05,820,2,0,108,0,0
2024-05,820,2,1,650,0,0
2024-05,830,1,0,1855,0,0
2024-05,830,1,1,9305,1,0
2024-05,830,2,0,112,0,0
2024-05,830,2,1,580,0,0
2024-05,840,1,0,1687,0,0
2024-05,840,1,1,8733,1,0
2024-05,840,2,0,94,1,0
2024-05,840,2,1,598,0,0
2024-05,850,1,0,1683,0,0
2024-05,850,1,1,8264,0,0
2024-05,850,2,0,76,0,0
2024-05,850,2,1,554,0,0
2024-05,860,1,0,1254,0,0
2024-05,860,1,1,6460,0,0
2024-05,860,2,0,72,0,0
2024-05,860,2,1,431,0,0
2024-05,870,1,0,968,0,0
2024-05,870,1,1,4898,0,0
2024-05,870,2,0,50,0,0
2024-05,870,2,1,327,0,0
2024-05,880,1,0,481,0,0
2024-05,880,1,1,2700,0,0
2024-05,880,2,0,28,0,0
2024-05,880,2,1,160,0,0
2024-05,890,1,0,191,0,0
2024-05,890,1,1,1070,0,0
2024-05,890,2,0,11,0,0
2024-05,890,2,1,66,0,0
2024-06,380,1,1,1,0,0
2024-06,390,1,1,1,0,0
2024-06,410,1,1,1,0,0
2024-06,420,1,1,2,0,0
2024-06,420,2,1,1,0,0
2024-06,430,1,0,4,0,0
2024-06,430,1,1,4,0,0
2024-06,430,2,0,1,0,0
2024-06,430,2,1,1,0,0
2024-06,440,1,0,1,0,0
2024-06,440,1,1,4,0,0
2024-06,440,2,0,1,0,0
2024-06,440,2,1,8,0,0
2024-06,450,1,0,2,0,0
2024-06,450,1,1,10,0,0
2024-06,450,2,0,4,0,0
2024-06,450,2,1,7,0,0
2024-06,460,1,0,4,0,0
2024-06,460,1,1,19,0,0
2024-06,460,2,0,3,0,0
2024-06,460,2,1,14,0,0
2024-06,470,1,0,12,0,0
2024-06,470,1,1,41,0,0
2024-06,470,2,0,5,0,0
2024-06,470,2,1,24,0,0
2024-06,480,1,0,15,0,0
2024-06,480,1,1,34,1,1
2024-06,480,2,0,2,0,0
2024-06,480,2,1,26,0,0
2024-06,490,1,0,16,0,0
2024-06,490,1,1,56,0,0
2024-06,490,2,0,8,0,0
2024-06,490,2,1,36,0,0
2024-06,500,1,0,45,0,0
2024-06,500,1,1,96,0,0
2024-06,500,2,0,22,0,0
2024-06,500,2,1,54,1,0
2024-06,510,1,0,44,0,0
2024-06,510,1,1,175,1,0
2024-06,510,2,0,19,0,0
2024-06,510,2,1,72,0,0
2024-06,520,1,0,74,0,0
2024-06,520,1,1,199,0,0
2024-06,520,2,0,24,0,0
2024-06,520,2,1,93,0,0
2024-06,530,1,0,126,0,0
2024-06,530,1,1,341,0,0
2024-06,530,2,0,24,0,0
2024-06,530,2,1,132,1,1
2024-06,540,1,0,145,0,0
2024-06,540,1,1,429,3,1
2024-06,540,2,0,41,0,0
2024-06,540,2,1,169,3,1
2024-06,550,1,0,177,0,0
2024-06,550,1,1,636,2,0
2024-06,550,2,0,40,0,0
2024-06,550,2,1,193,0,0
2024-06,560,1,0,219,1,0
2024-06,560,1,1,792,0,0
2024-06,560,2,0,52,0,0
2024-06,560,2,1,208,0,0
2024-06,570,1,0,345,0,0
2024-06,570,1,1,1135,3,0
2024-06,570,2,0,87,0,0
2024-06,570,2,1,333,3,0
2024-06,580,1,0,400,0,0
2024-06,580,1,1,1247,4,1
2024-06,580,2,0,77,0,0
2024-06,580,2,1,352,1,0
2024-06,590,1,0,526,0,0
2024-06,590,1,1,1623,3,1
2024-06,590,2,0,113,0,0
2024-06,590,2,1,471,1,0
2024-06,600,1,0,623,0,0
2024-06,600,1,1,1868,3,2
2024-06,600,2,0,112,0,0
2024-06,600,2,1,545,0,0
2024-06,610,1,0,744,0,0
2024-06,610,1,1,2448,7,3
2024-06,610,2,0,128,0,0
2024-06,610,2,1,617,1,0
2024-06,620,1,0,1005,0,0
2024-06,620,1,1,2905,7,0
2024-06,620,2,0,236,0,0
2024-06,620,2,1,1036,2,0
2024-06,630,1,0,1187,0,0
2024-06,630,1,1,3466,6,1
2024-06,630,2,0,255,0,0
2024-06,630,2,1,1122,1,0
2024-06,640,1,0,1178,0,0
2024-06,640,1,1,3578,1,0
2024-06,640,2,0,281,0,0
2024-06,640,2,1,1047,5,1
2024-06,650,1,0,1423,1,0
2024-06,650,1,1,4199,9,1
2024-06,650,2,0,302,0,0
2024-06,650,2,1,1158,2,0
2024-06,660,1,0,1605,0,0
2024-06,660,1,1,4437,3,1
2024-06,660,2,0,292,0,0
2024-06,660,2,1,1091,2,0
2024-06,670,1,0,1804,0,0
2024-06,670,1,1,5084,7,1
2024-06,670,2,0,306,0,0
2024-06,670,2,1,1089,0,0
2024-06,680,1,0,1886,1,0
2024-06,680,1,1,5051,6,1
2024-06,680,2,0,287,0,0
2024-06,680,2,1,964,1,1
2024-06,690,1,0,2171,1,0
2024-06,690,1,1,5663,4,1
2024-06,690,2,0,266,0,0
2024-06,690,2,1,1002,1,0
2024-06,700,1,0,2130,0,0
2024-06,700,1,1,5846,2,0
2024-06,700,2,0,239,0,0
2024-06,700,2,1,908,0,0
2024-06,710,1,0,2444,1,0
2024-06,710,1,1,6245,7,2
2024-06,710,2,0,280,1,0
2024-06,710,2,1,890,1,0
2024-06,720,1,0,2587,0,0
2024-06,720,1,1,6462,3,1
2024-06,720,2,0,272,0,0
2024-06,720,2,1,724,0,0
2024-06,730,1,0,2645,0,0
2024-06,730,1,1,6689,0,0
2024-06,730,2,0,267,1,0
2024-06,730,2,1,781,0,0
2024-06,740,1,0,2802,0,0
2024-06,740,1,1,6853,3,0
2024-06,740,2,0,238,0,0
2024-06,740,2,1,751,0,0
2024-06,750,1,0,2944,0,0
2024-06,750,1,1,6932,5,2
2024-06,750,2,0,268,0,0
2024-06,750,2,1,700,0,0
2024-06,760,1,0,3012,2,0
2024-06,760,1,1,6876,0,0
2024-06,760,2,0,225,0,0
2024-06,760,2,1,634,0,0
2024-06,770,1,0,3043,0,0
2024-06,770,1,1,7294,2,0
2024-06,770,2,0,241,0,0
2024-06,770,2,1,657,1,0
2024-06,780,1,0,3309,0,0
2024-06,780,1,1,7802,3,0
2024-06,780,2,0,219,0,0
2024-06,780,2,1,682,0,0
2024-06,790,1,0,3690,0,0
2024-06,790,1,1,8057,0,0
2024-06,790,2,0,218,0,0
2024-06,790,2,1,634,0,0
2024-06,800,1,0,3825,1,0
2024-06,800,1,1,8643,0,0
2024-06,800,2,0,201,0,0
2024-06,800,2,1,661,0,0
2024-06,810,1,0,3968,0,0
2024-06,810,1,1,9099,2,1
2024-06,810,2,0,233,0,0
2024-06,810,2,1,606,0,0
2024-06,820,1,0,3990,0,0
2024-06,820,1,1,9048,0,0
2024-06,820,2,0,218,0,0
2024-06,820,2,1,634,0,0
2024-06,830,1,0,3936,0,0
2024-06,830,1,1,9100,0,0
2024-06,830,2,0,217,0,0
2024-06,830,2,1,562,0,0
2024-06,840,1,0,3698,0,0
2024-06,840,1,1,8551,0,0
2024-06,840,2,0,184,0,0
2024-06,840,2,1,576,0,0
2024-06,850,1,0,3599,0,0
2024-06,850,1,1,8097,1,0
2024-06,850,2,0,172,0,0
2024-06,850,2,1,537,0,0
2024-06,860,1,0,2776,0,0
2024-06,860,1,1,6326,0,0
2024-06,860,2,0,163,0,0
2024-06,860,2,1,422,0,0
2024-06,870,1,0,2050,0,0
2024-06,870,1,1,4776,0,0
2024-06,870,2,0,90,0,0
2024-06,870,2,1,312,0,0
2024-06,880,1,0,1105,0,0
2024-06,880,1,1,2655,0,0
2024-06,880,2,0,50,0,0
2024-06,880,2,1,156,0,0
2024-06,890,1,0,450,0,0
2024-06,890,1,1,1043,0,0
2024-06,890,2,0,25,0,0
2024-06,890,2,1,63,0,0
2024-07,380,1,1,1,0,0
2024-07,390,1,1,1,1,0
2024-07,410,1,1,1,0,0
2024-07,420,1,1,2,0,0
2024-07,420,2,1,1,0,0
2024-07,430,1,0,4,0,0
2024-07,430,1,1,4,0,0
2024-07,430,2,0,1,0,0
2024-07,430,2,1,1,0,0
2024-07,440,1,0,1,0,0
2024-07,440,1,1,4,0,0
2024-07,440,2,0,1,0,0
2024-07,440,2,1,8,0,0
2024-07,450,1,0,1,0,0
2024-07,450,1,1,10,0,0
2024-07,450,2,0,4,0,0
2024-07,450,2,1,7,0,0
2024-07,460,1,0,4,0,0
2024-07,460,1,1,19,0,0
2024-07,460,2,0,3,0,0
2024-07,460,2,1,14,0,0
2024-07,470,1,0,12,0,0
2024-07,470,1,1,39,0,0
2024-07,470,2,0,5,0,0
2024-07,470,2,1,24,0,0
2024-07,480,1,0,15,0,0
2024-07,480,1,1,32,0,0
2024-07,480,2,0,2,0,0
2024-07,480,2,1,24,0,0
2024-07,490,1,0,16,0,0
2024-07,490,1,1,56,0,0
2024-07,490,2,0,7,0,0
2024-07,490,2,1,36,0,0
2024-07,500,1,0,45,1,0
2024-07,500,1,1,93,0,0
2024-07,500,2,0,21,0,0
2024-07,500,2,1,53,0,0
2024-07,510,1,0,43,0,0
2024-07,510,1,1,168,0,0
2024-07,510,2,0,19,0,0
2024-07,510,2,1,71,0,0
2024-07,520,1,0,71,0,0
2024-07,520,1,1,197,0,0
2024-07,520,2,0,23,0,0
2024-07,520,2,1,92,0,0
2024-07,530,1,0,125,0,0
2024-07,530,1,1,332,2,0
2024-07,530,2,0,24,1,0
2024-07,530,2,1,129,1,0
2024-07,540,1,0,145,1,0
2024-07,540,1,1,422,1,1
2024-07,540,2,0,40,0,0
2024-07,540,2,1,161,1,0
2024-07,550,1,0,175,2,0
2024-07,550,1,1,615,1,1
2024-07,550,2,0,39,0,0
2024-07,550,2,1,190,1,0
2024-07,560,1,0,216,0,0
2024-07,560,1,1,774,4,2
2024-07,560,2,0,52,0,0
2024-07,560,2,1,205,2,0
2024-07,570,1,0,338,1,0
2024-07,570,1,1,1107,3,1
2024-07,570,2,0,86,0,0
2024-07,570,2,1,326,1,0
2024-07,580,1,0,397,0,0
2024-07,580,1,1,1218,5,0
2024-07,580,2,0,77,0,0
2024-07,580,2,1,346,0,0
2024-07,590,1,0,521,0,0
2024-07,590,1,1,1593,2,1
2024-07,590,2,0,111,0,0
2024-07,590,2,1,460,1,0
2024-07,600,1,0,616,0,0
2024-07,600,1,1,1825,4,0
2024-07,600,2,0,111,0,0
2024-07,600,2,1,539,2,0
2024-07,610,1,0,736,1,0
2024-07,610,1,1,2392,9,3
2024-07,610,2,0,124,0,0
2024-07,610,2,1,603,1,0
2024-07,620,1,0,992,1,0
2024-07,620,1,1,2832,5,1
2024-07,620,2,0,234,0,0
2024-07,620,2,1,1013,2,0
2024-07,630,1,0,1172,1,0
2024-07,630,1,1,3375,5,0
2024-07,630,2,0,252,0,0
2024-07,630,2,1,1100,4,0
2024-07,640,1,0,1159,2,0
2024-07,640,1,1,3484,7,0
2024-07,640,2,0,276,0,0
2024-07,640,2,1,1016,0,0
2024-07,650,1,0,1404,1,0
2024-07,650,1,1,4103,4,0
2024-07,650,2,0,294,0,0
2024-07,650,2,1,1143,4,1
2024-07,660,1,0,1581,3,0
2024-07,660,1,1,4328,5,1
2024-07,660,2,0,285,0,0
2024-07,660,2,1,1063,3,0
2024-07,670,1,0,1771,1,0
2024-07,670,1,1,4971,6,0
2024-07,670,2,0,298,0,0
2024-07,670,2,1,1054,2,1
2024-07,680,1,0,1863,0,0
2024-07,680,1,1,4953,6,1
2024-07,680,2,0,278,0,0
2024-07,680,2,1,936,0,0
2024-07,690,1,0,2144,1,0
2024-07,690,1,1,5537,5,0
2024-07,690,2,0,260,0,0
2024-07,690,2,1,971,3,1
2024-07,700,1,0,2099,1,0
2024-07,700,1,1,5720,3,1
2024-07,700,2,0,235,0,0
2024-07,700,2,1,892,0,0
2024-07,710,1,0,2411,0,0
2024-07,710,1,1,6096,4,1
2024-07,710,2,0,275,0,0
2024-07,710,2,1,866,1,0
2024-07,720,1,0,2556,1,0
2024-07,720,1,1,6335,2,0
2024-07,720,2,0,264,0,0
2024-07,720,2,1,705,0,0
2024-07,730,1,0,2615,0,0
2024-07,730,1,1,6542,1,0
2024-07,730,2,0,264,0,0
2024-07,730,2,1,757,0,0
2024-07,740,1,0,2760,0,0
2024-07,740,1,1,6714,2,0
2024-07,740,2,0,230,0,0
2024-07,740,2,1,732,0,0
2024-07,750,1,0,2896,0,0
2024-07,750,1,1,6781,3,0
2024-07,750,2,0,263,0,0
2024-07,750,2,1,681,0,0
2024-07,760,1,0,2964,0,0
2024-07,760,1,1,6709,3,1
2024-07,760,2,0,220,0,0
2024-07,760,2,1,617,0,0
2024-07,770,1,0,3001,0,0
2024-07,770,1,1,7155,0,0
2024-07,770,2,0,240,0,0
2024-07,770,2,1,632,0,0
2024-07,780,1,0,3264,0,0
2024-07,780,1,1,7630,2,0
2024-07,780,2,0,216,0,0
2024-07,780,2,1,654,0,0
2024-07,790,1,0,3639,0,0
2024-07,790,1,1,7872,1,1
2024-07,790,2,0,213,0,0
2024-07,790,2,1,617,1,0
2024-07,800,1,0,3748,0,0
2024-07,800,1,1,8468,1,0
2024-07,800,2,0,193,0,0
2024-07,800,2,1,636,0,0
2024-07,810,1,0,3911,0,0
2024-07,810,1,1,8900,0,0
2024-07,810,2,0,226,0,0
2024-07,810,2,1,586,0,0
2024-07,820,1,0,3922,0,0
2024-07,820,1,1,8856,0,0
2024-07,820,2,0,212,0,0
2024-07,820,2,1,602,0,0
2024-07,830,1,0,3880,0,0
2024-07,830,1,1,8934,0,0
2024-07,830,2,0,214,0,0
2024-07,830,2,1,544,0,0
2024-07,840,1,0,3652,0,0
2024-07,840,1,1,8390,0,0
2024-07,840,2,0,181,0,0
2024-07,840,2,1,552,0,0
2024-07,850,1,0,3547,0,0
2024-07,850,1,1,7943,0,0
2024-07,850,2,0,168,0,0
2024-07,850,2,1,511,0,0
2024-07,860,1,0,2738,0,0
2024-07,860,1,1,6199,0,0
2024-07,860,2,0,159,0,0
2024-07,860,2,1,408,0,0
2024-07,870,1,0,2027,0,0
2024-07,870,1,1,4672,0,0
2024-07,870,2,0,89,0,0
2024-07,870,2,1,303,0,0
2024-07,880,1,0,1092,0,0
2024-07,880,1,1,2615,0,0
2024-07,880,2,0,47,0,0
2024-07,880,2,1,151,0,0
2024-07,890,1,0,448,0,0
2024-07,890,1,1,1016,0,0
2024-07,890,2,0,23,0,0
2024-07,890,2,1,61,0,0
2024-08,380,1,1,1,0,0
2024-08,410,1,1,1,0,0
2024-08,420,1,1,2,0,0
2024-08,420,2,1,1,0,0
2024-08,430,1,0,2,0,0
2024-08,430,1,1,5,0,0
2024-08,430,2,0,1,0,0
2024-08,430,2,1,1,0,0
2024-08,440,1,1,5,0,0
2024-08,440,2,0,1,0,0
2024-08,440,2,1,8,0,0
2024-08,450,1,0,1,0,0
2024-08,450,1,1,10,0,0
2024-08,450,2,0,2,0,0
2024-08,450,2,1,9,0,0
2024-08,460,1,0,2,0,0
2024-08,460,1,1,21,0,0
2024-08,460,2,1,17,0,0
2024-08,470,1,0,5,0,0
2024-08,470,1,1,45,0,0
2024-08,470,2,0,3,0,0
2024-08,470,2,1,26,0,0
2024-08,480,1,0,9,0,0
2024-08,480,1,1,37,0,0
2024-08,480,2,0,1,0,0
2024-08,480,2,1,25,0,0
2024-08,490,1,0,11,0,0
2024-08,490,1,1,58,0,0
2024-08,490,2,0,2,0,0
2024-08,490,2,1,41,0,0
2024-08,500,1,0,24,0,0
2024-08,500,1,1,107,0,0
2024-08,500,2,0,12,0,0
2024-08,500,2,1,62,1,0
2024-08,510,1,0,27,0,0
2024-08,510,1,1,180,1,0
2024-08,510,2,0,8,0,0
2024-08,510,2,1,78,0,0
2024-08,520,1,0,41,0,0
2024-08,520,1,1,223,2,0
2024-08,520,2,0,11,0,0
2024-08,520,2,1,101,1,0
2024-08,530,1,0,81,0,0
2024-08,530,1,1,366,1,0
2024-08,530,2,0,12,0,0
2024-08,530,2,1,136,0,0
2024-08,540,1,0,77,0,0
2024-08,540,1,1,472,0,0
2024-08,540,2,0,14,0,0
2024-08,540,2,1,181,0,0
2024-08,550,1,0,84,0,0
2024-08,550,1,1,684,0,0
2024-08,550,2,0,24,0,0
2024-08,550,2,1,197,0,0
2024-08,560,1,0,125,0,0
2024-08,560,1,1,833,3,1
2024-08,560,2,0,22,0,0
2024-08,560,2,1,224,0,0
2024-08,570,1,0,183,0,0
2024-08,570,1,1,1219,3,1
2024-08,570,2,0,43,0,0
2024-08,570,2,1,355,1,0
2024-08,580,1,0,217,1,1
2024-08,580,1,1,1353,4,0
2024-08,580,2,0,35,0,0
2024-08,580,2,1,374,1,0
2024-08,590,1,0,288,0,0
2024-08,590,1,1,1773,4,1
2024-08,590,2,0,47,0,0
2024-08,590,2,1,502,2,0
2024-08,600,1,0,330,0,0
2024-08,600,1,1,2041,4,2
2024-08,600,2,0,59,0,0
2024-08,600,2,1,568,3,1
2024-08,610,1,0,392,0,0
2024-08,610,1,1,2662,8,2
2024-08,610,2,0,61,0,0
2024-08,610,2,1,650,1,0
2024-08,620,1,0,556,2,0
2024-08,620,1,1,3175,13,4
2024-08,620,2,0,122,0,0
2024-08,620,2,1,1092,2,0
2024-08,630,1,0,635,1,0
2024-08,630,1,1,3800,10,5
2024-08,630,2,0,119,0,0
2024-08,630,2,1,1189,4,1
2024-08,640,1,0,650,0,0
2024-08,640,1,1,3874,9,2
2024-08,640,2,0,140,0,0
2024-08,640,2,1,1116,2,0
2024-08,650,1,0,748,1,0
2024-08,650,1,1,4632,6,1
2024-08,650,2,0,147,0,0
2024-08,650,2,1,1255,3,3
2024-08,660,1,0,861,0,0
2024-08,660,1,1,4913,3,1
2024-08,660,2,0,151,0,0
2024-08,660,2,1,1170,1,0
2024-08,670,1,0,971,1,0
2024-08,670,1,1,5618,1,0
2024-08,670,2,0,154,0,0
2024-08,670,2,1,1160,0,0
2024-08,680,1,0,1015,0,0
2024-08,680,1,1,5627,5,1
2024-08,680,2,0,145,0,0
2024-08,680,2,1,1030,2,0
2024-08,690,1,0,1146,2,0
2024-08,690,1,1,6357,5,1
2024-08,690,2,0,135,0,0
2024-08,690,2,1,1057,0,0
2024-08,700,1,0,1146,0,0
2024-08,700,1,1,6510,4,1
2024-08,700,2,0,128,0,0
2024-08,700,2,1,959,0,0
2024-08,710,1,0,1350,0,0
2024-08,710,1,1,6965,2,0
2024-08,710,2,0,146,0,0
2024-08,710,2,1,956,0,0
2024-08,720,1,0,1427,3,0
2024-08,720,1,1,7217,4,1
2024-08,720,2,0,120,0,0
2024-08,720,2,1,810,0,0
2024-08,730,1,0,1397,0,0
2024-08,730,1,1,7535,5,0
2024-08,730,2,0,131,0,0
2024-08,730,2,1,857,1,0
2024-08,740,1,0,1521,1,0
2024-08,740,1,1,7739,2,0
2024-08,740,2,0,120,0,0
2024-08,740,2,1,810,1,0
2024-08,750,1,0,1530,0,0
2024-08,750,1,1,7905,0,0
2024-08,750,2,0,148,0,0
2024-08,750,2,1,761,0,0
2024-08,760,1,0,1563,0,0
2024-08,760,1,1,7898,2,1
2024-08,760,2,0,118,0,0
2024-08,760,2,1,692,0,0
2024-08,770,1,0,1640,1,0
2024-08,770,1,1,8255,0,0
2024-08,770,2,0,114,0,0
2024-08,770,2,1,733,0,0
2024-08,780,1,0,1751,0,0
2024-08,780,1,1,8876,1,0
2024-08,780,2,0,114,0,0
2024-08,780,2,1,720,0,0
2024-08,790,1,0,1925,0,0
2024-08,790,1,1,9304,0,0
2024-08,790,2,0,101,0,0
2024-08,790,2,1,689,0,0
2024-08,800,1,0,1982,0,0
2024-08,800,1,1,9934,0,0
2024-08,800,2,0,104,0,0
2024-08,800,2,1,699,0,0
2024-08,810,1,0,2115,0,0
2024-08,810,1,1,10359,0,0
2024-08,810,2,0,128,0,0
2024-08,810,2,1,652,0,0
2024-08,820,1,0,2081,0,0
2024-08,820,1,1,10352,0,0
2024-08,820,2,0,104,0,0
2024-08,820,2,1,675,0,0
2024-08,830,1,0,2038,0,0
2024-08,830,1,1,10446,1,0
2024-08,830,2,0,105,0,0
2024-08,830,2,1,625,0,0
2024-08,840,1,0,1973,0,0
2024-08,840,1,1,9752,0,0
2024-08,840,2,0,90,0,0
2024-08,840,2,1,612,0,0
2024-08,850,1,0,1877,0,0
2024-08,850,1,1,9306,0,0
2024-08,850,2,0,91,0,0
2024-08,850,2,1,557,0,0
2024-08,860,1,0,1502,0,0
2024-08,860,1,1,7201,0,0
2024-08,860,2,0,90,0,0
2024-08,860,2,1,449,0,0
2024-08,870,1,0,1060,0,0
2024-08,870,1,1,5458,0,0
2024-08,870,2,0,45,0,0
2024-08,870,2,1,324,0,0
2024-08,880,1,0,614,0,0
2024-08,880,1,1,2983,0,0
2024-08,880,2,0,19,0,0
2024-08,880,2,1,165,0,0
2024-08,890,1,0,255,0,0
2024-08,890,1,1,1179,0,0
2024-08,890,2,0,11,0,0
2024-08,890,2,1,67,0,0
2024-09,380,1,1,1,0,0
2024-09,410,1,1,1,0,0
2024-09,420,1,0,1,0,0
2024-09,420,1,1,2,0,0
2024-09,420,2,1,1,0,0
2024-09,430,1,0,3,0,0
2024-09,430,1,1,5,0,0
2024-09,430,2,0,1,0,0
2024-09,430,2,1,1,0,0
2024-09,440,1,1,4,0,0
2024-09,440,2,0,3,0,0
2024-09,440,2,1,8,0,0
2024-09,450,1,0,4,0,0
2024-09,450,1,1,10,0,0
2024-09,450,2,0,2,0,0
2024-09,450,2,1,8,0,0
2024-09,460,1,0,5,0,0
2024-09,460,1,1,17,0,0
2024-09,460,2,1,16,0,0
2024-09,470,1,0,14,0,0
2024-09,470,1,1,45,0,0
2024-09,470,2,0,5,0,0
2024-09,470,2,1,25,0,0
2024-09,480,1,0,19,0,0
2024-09,480,1,1,36,0,0
2024-09,480,2,0,1,0,0
2024-09,480,2,1,25,0,0
2024-09,490,1,0,17,0,0
2024-09,490,1,1,57,0,0
2024-09,490,2,0,4,0,0
2024-09,490,2,1,40,0,0
2024-09,500,1,0,38,0,0
2024-09,500,1,1,104,0,0
2024-09,500,2,0,18,0,0
2024-09,500,2,1,59,0,0
2024-09,510,1,0,55,0,0
2024-09,510,1,1,178,0,0
2024-09,510,2,0,16,0,0
2024-09,510,2,1,76,1,0
2024-09,520,1,0,80,0,0
2024-09,520,1,1,215,0,0
2024-09,520,2,0,20,0,0
2024-09,520,2,1,100,0,0
2024-09,530,1,0,130,0,0
2024-09,530,1,1,360,1,0
2024-09,530,2,0,21,0,0
2024-09,530,2,1,131,0,0
2024-09,540,1,0,136,0,0
2024-09,540,1,1,464,2,0
2024-09,540,2,0,25,0,0
2024-09,540,2,1,176,1,0
2024-09,550,1,0,178,1,0
2024-09,550,1,1,666,2,0
2024-09,550,2,0,42,0,0
2024-09,550,2,1,195,0,0
2024-09,560,1,0,227,0,0
2024-09,560,1,1,807,1,0
2024-09,560,2,0,38,0,0
2024-09,560,2,1,221,2,0
2024-09,570,1,0,341,0,0
2024-09,570,1,1,1187,2,0
2024-09,570,2,0,76,0,0
2024-09,570,2,1,345,1,0
2024-09,580,1,0,414,0,0
2024-09,580,1,1,1327,6,1
2024-09,580,2,0,74,0,0
2024-09,580,2,1,362,1,0
2024-09,590,1,0,532,1,1
2024-09,590,1,1,1730,2,0
2024-09,590,2,0,100,0,0
2024-09,590,2,1,486,0,0
2024-09,600,1,0,596,1,0
2024-09,600,1,1,1986,4,2
2024-09,600,2,0,101,0,0
2024-09,600,2,1,549,4,0
2024-09,610,1,0,713,0,0
2024-09,610,1,1,2594,2,0
2024-09,610,2,0,106,0,0
2024-09,610,2,1,636,1,0
2024-09,620,1,0,997,1,1
2024-09,620,1,1,3083,3,1
2024-09,620,2,0,228,0,0
2024-09,620,2,1,1065,0,0
2024-09,630,1,0,1164,1,1
2024-09,630,1,1,3706,4,0
2024-09,630,2,0,211,1,0
2024-09,630,2,1,1153,4,1
2024-09,640,1,0,1199,0,0
2024-09,640,1,1,3787,6,0
2024-09,640,2,0,220,0,0
2024-09,640,2,1,1084,3,1
2024-09,650,1,0,1380,1,0
2024-09,650,1,1,4515,4,0
2024-09,650,2,0,263,0,0
2024-09,650,2,1,1219,3,1
2024-09,660,1,0,1521,2,0
2024-09,660,1,1,4774,3,0
2024-09,660,2,0,253,0,0
2024-09,660,2,1,1143,0,0
2024-09,670,1,0,1720,0,0
2024-09,670,1,1,5486,6,1
2024-09,670,2,0,264,0,0
2024-09,670,2,1,1130,1,0
2024-09,680,1,0,1839,0,0
2024-09,680,1,1,5475,5,1
2024-09,680,2,0,243,0,0
2024-09,680,2,1,990,1,1
2024-09,690,1,0,2042,1,0
2024-09,690,1,1,6192,3,1
2024-09,690,2,0,225,1,0
2024-09,690,2,1,1030,2,0
2024-09,700,1,0,2076,1,1
2024-09,700,1,1,6346,1,1
2024-09,700,2,0,238,1,1
2024-09,700,2,1,933,1,1
2024-09,710,1,0,2370,0,0
2024-09,710,1,1,6779,4,0
2024-09,710,2,0,239,1,0
2024-09,710,2,1,913,1,0
2024-09,720,1,0,2515,0,0
2024-09,720,1,1,7038,2,0
2024-09,720,2,0,199,0,0
2024-09,720,2,1,776,0,0
2024-09,730,1,0,2553,0,0
2024-09,730,1,1,7327,4,2
2024-09,730,2,0,249,0,0
2024-09,730,2,1,816,0,0
2024-09,740,1,0,2700,0,0
2024-09,740,1,1,7525,3,0
2024-09,740,2,0,214,0,0
2024-09,740,2,1,785,0,0
2024-09,750,1,0,2792,0,0
2024-09,750,1,1,7697,3,1
2024-09,750,2,0,236,0,0
2024-09,750,2,1,737,0,0
2024-09,760,1,0,2828,0,0
2024-09,760,1,1,7677,3,0
2024-09,760,2,0,207,0,0
2024-09,760,2,1,662,0,0
2024-09,770,1,0,2982,0,0
2024-09,770,1,1,8037,1,0
2024-09,770,2,0,175,0,0
2024-09,770,2,1,696,2,0
2024-09,780,1,0,3112,0,0
2024-09,780,1,1,8603,0,0
2024-09,780,2,0,186,0,0
2024-09,780,2,1,682,1,0
2024-09,790,1,0,3451,2,0
2024-09,790,1,1,9029,0,0
2024-09,790,2,0,192,0,0
2024-09,790,2,1,660,0,0
2024-09,800,1,0,3559,0,0
2024-09,800,1,1,9642,1,0
2024-09,800,2,0,203,0,0
2024-09,800,2,1,670,0,0
2024-09,810,1,0,3814,0,0
2024-09,810,1,1,10033,0,0
2024-09,810,2,0,198,0,0
2024-09,810,2,1,625,0,0
2024-09,820,1,0,3812,0,0
2024-09,820,1,1,10063,0,0
2024-09,820,2,0,184,0,0
2024-09,820,2,1,652,0,0
2024-09,830,1,0,3676,0,0
2024-09,830,1,1,10113,0,0
2024-09,830,2,0,186,0,0
2024-09,830,2,1,598,0,0
2024-09,840,1,0,3511,0,0
2024-09,840,1,1,9474,0,0
2024-09,840,2,0,165,0,0
2024-09,840,2,1,580,0,0
2024-09,850,1,0,3435,0,0
2024-09,850,1,1,9031,0,0
2024-09,850,2,0,159,0,0
2024-09,850,2,1,533,0,0
2024-09,860,1,0,2596,0,0
2024-09,860,1,1,6949,0,0
2024-09,860,2,0,144,0,0
2024-09,860,2,1,423,0,0
2024-09,870,1,0,2011,0,0
2024-09,870,1,1,5276,0,0
2024-09,870,2,0,85,0,0
2024-09,870,2,1,310,0,0
2024-09,880,1,0,1076,0,0
2024-09,880,1,1,2889,0,0
2024-09,880,2,0,46,0,0
2024-09,880,2,1,158,0,0
2024-09,890,1,0,467,0,0
2024-09,890,1,1,1132,0,0
2024-09,890,2,0,20,0,0
2024-09,890,2,1,63,0,0
2024-10,380,1,1,1,0,0
2024-10,420,1,0,1,0,0
2024-10,420,1,1,2,0,0
2024-10,420,2,1,1,0,0
2024-10,430,1,0,3,0,0
2024-10,430,1,1,4,0,0
2024-10,430,2,0,1,0,0
2024-10,430,2,1,1,0,0
2024-10,440,1,1,4,0,0
2024-10,440,2,0,3,0,0
2024-10,440,2,1,8,0,0
2024-10,450,1,0,4,0,0
2024-10,450,1,1,10,0,0
2024-10,450,2,0,2,0,0
2024-10,450,2,1,5,0,0
2024-10,460,1,0,5,0,0
2024-10,460,1,1,17,1,0
2024-10,460,2,1,15,0,0
2024-10,470,1,0,14,0,0
2024-10,470,1,1,44,1,0
2024-10,470,2,0,5,0,0
2024-10,470,2,1,24,0,0
2024-10,480,1,0,18,0,0
2024-10,480,1,1,34,0,0
2024-10,480,2,0,1,0,0
2024-10,480,2,1,24,0,0
2024-10,490,1,0,17,0,0
2024-10,490,1,1,54,1,0
2024-10,490,2,0,4,0,0
2024-10,490,2,1,39,0,0
2024-10,500,1,0,38,0,0
2024-10,500,1,1,100,0,0
2024-10,500,2,0,18,0,0
2024-10,500,2,1,56,1,0
2024-10,510,1,0,54,0,0
2024-10,510,1,1,174,0,0
2024-10,510,2,0,16,0,0
2024-10,510,2,1,75,0,0
2024-10,520,1,0,79,1,0
2024-10,520,1,1,209,0,0
2024-10,520,2,0,19,0,0
2024-10,520,2,1,97,0,0
2024-10,530,1,0,126,0,0
2024-10,530,1,1,352,1,1
2024-10,530,2,0,21,0,0
2024-10,530,2,1,128,1,0
2024-10,540,1,0,136,0,0
2024-10,540,1,1,445,1,0
2024-10,540,2,0,24,0,0
2024-10,540,2,1,171,0,0
2024-10,550,1,0,171,1,0
2024-10,550,1,1,643,0,0
2024-10,550,2,0,41,0,0
2024-10,550,2,1,185,0,0
2024-10,560,1,0,225,1,0
2024-10,560,1,1,786,3,1
2024-10,560,2,0,38,0,0
2024-10,560,2,1,217,1,0
2024-10,570,1,0,336,0,0
2024-10,570,1,1,1162,2,0
2024-10,570,2,0,73,0,0
2024-10,570,2,1,335,0,0
2024-10,580,1,0,408,0,0
2024-10,580,1,1,1293,4,1
2024-10,580,2,0,74,0,0
2024-10,580,2,1,360,0,0
2024-10,590,1,0,521,1,0
2024-10,590,1,1,1683,5,1
2024-10,590,2,0,98,0,0
2024-10,590,2,1,469,0,0
2024-10,600,1,0,586,1,0
2024-10,600,1,1,1942,3,0
2024-10,600,2,0,99,0,0
2024-10,600,2,1,536,3,0
2024-10,610,1,0,705,1,0
2024-10,610,1,1,2527,2,0
2024-10,610,2,0,102,0,0
2024-10,610,2,1,617,3,0
2024-10,620,1,0,979,0,0
2024-10,620,1,1,3003,5,1
2024-10,620,2,0,226,0,0
2024-10,620,2,1,1040,1,1
2024-10,630,1,0,1146,1,0
2024-10,630,1,1,3619,9,1
2024-10,630,2,0,209,0,0
2024-10,630,2,1,1116,3,0
2024-10,640,1,0,1186,1,0
2024-10,640,1,1,3715,7,0
2024-10,640,2,0,219,0,0
2024-10,640,2,1,1056,1,0
2024-10,650,1,0,1354,1,1
2024-10,650,1,1,4408,6,3
2024-10,650,2,0,259,0,0
2024-10,650,2,1,1189,2,0
2024-10,660,1,0,1491,1,0
2024-10,660,1,1,4655,6,0
2024-10,660,2,0,247,0,0
2024-10,660,2,1,1117,0,0
2024-10,670,1,0,1694,1,0
2024-10,670,1,1,5356,8,2
2024-10,670,2,0,259,0,0
2024-10,670,2,1,1090,3,1
2024-10,680,1,0,1812,1,0
2024-10,680,1,1,5326,8,3
2024-10,680,2,0,241,0,0
2024-10,680,2,1,960,1,0
2024-10,690,1,0,2015,0,0
2024-10,690,1,1,6038,2,0
2024-10,690,2,0,218,1,0
2024-10,690,2,1,993,1,0
2024-10,700,1,0,2038,0,0
2024-10,700,1,1,6197,3,0
2024-10,700,2,0,234,2,0
2024-10,700,2,1,901,0,0
2024-10,710,1,0,2334,0,0
2024-10,710,1,1,6635,1,1
2024-10,710,2,0,233,0,0
2024-10,710,2,1,887,2,0
2024-10,720,1,0,2465,1,0
2024-10,720,1,1,6869,1,0
2024-10,720,2,0,194,0,0
2024-10,720,2,1,754,0,0
2024-10,730,1,0,2525,2,0
2024-10,730,1,1,7157,1,0
2024-10,730,2,0,247,0,0
2024-10,730,2,1,786,0,0
2024-10,740,1,0,2659,0,0
2024-10,740,1,1,7325,3,1
2024-10,740,2,0,210,0,0
2024-10,740,2,1,761,1,0
2024-10,750,1,0,2752,0,0
2024-10,750,1,1,7505,1,1
2024-10,750,2,0,229,0,0
2024-10,750,2,1,703,1,0
2024-10,760,1,0,2775,0,0
2024-10,760,1,1,7493,2,1
2024-10,760,2,0,199,0,0
2024-10,760,2,1,645,1,0
2024-10,770,1,0,2932,0,0
2024-10,770,1,1,7821,1,0
2024-10,770,2,0,172,0,0
2024-10,770,2,1,661,1,0
2024-10,780,1,0,3058,0,0
2024-10,780,1,1,8357,1,0
2024-10,780,2,0,183,0,0
2024-10,780,2,1,649,0,0
2024-10,790,1,0,3379,0,0
2024-10,790,1,1,8754,0,0
2024-10,790,2,0,190,0,0
2024-10,790,2,1,630,0,0
2024-10,800,1,0,3497,1,0
2024-10,800,1,1,9356,0,0
2024-10,800,2,0,200,0,0
2024-10,800,2,1,640,0,0
2024-10,810,1,0,3737,0,0
2024-10,810,1,1,9750,0,0
2024-10,810,2,0,193,0,0
2024-10,810,2,1,600,0,0
2024-10,820,1,0,3751,0,0
2024-10,820,1,1,9742,0,0
2024-10,820,2,0,178,0,0
2024-10,820,2,1,619,0,0
2024-10,830,1,0,3610,1,0
2024-10,830,1,1,9785,0,0
2024-10,830,2,0,180,0,0
2024-10,830,2,1,565,0,0
2024-10,840,1,0,3451,0,0
2024-10,840,1,1,9186,0,0
2024-10,840,2,0,162,0,0
2024-10,840,2,1,550,0,0
2024-10,850,1,0,3378,0,0
2024-10,850,1,1,8781,0,0
2024-10,850,2,0,149,0,0
2024-10,850,2,1,509,0,0
2024-10,860,1,0,2563,0,0
2024-10,860,1,1,6761,0,0
2024-10,860,2,0,138,0,0
2024-10,860,2,1,401,0,0
2024-10,870,1,0,1981,0,0
2024-10,870,1,1,5113,0,0
2024-10,870,2,0,83,0,0
2024-10,870,2,1,290,0,0
2024-10,880,1,0,1062,0,0
2024-10,880,1,1,2806,0,0
2024-10,880,2,0,44,0,0
2024-10,880,2,1,150,0,0
2024-10,890,1,0,459,0,0
2024-10,890,1,1,1092,0,0
2024-10,890,2,0,19,0,0
2024-10,890,2,1,58,0,0
2024-11,380,1,1,1,0,0
2024-11,420,1,0,1,0,0
2024-11,420,1,1,1,0,0
2024-11,420,2,1,1,0,0
2024-11,430,1,0,0,0,0
2024-11,430,1,1,5,0,0
2024-11,430,2,1,2,0,0
2024-11,440,1,1,4,0,0
2024-11,440,2,0,2,0,0
2024-11,440,2,1,7,0,0
2024-11,450,1,0,3,0,0
2024-11,450,1,1,11,0,0
2024-11,450,2,1,7,0,0
2024-11,460,1,0,3,0,0
2024-11,460,1,1,17,0,0
2024-11,460,2,1,15,0,0
2024-11,470,1,0,9,0,0
2024-11,470,1,1,48,0,0
2024-11,470,2,0,2,0,0
2024-11,470,2,1,27,0,0
2024-11,480,1,0,10,0,0
2024-11,480,1,1,41,0,0
2024-11,480,2,1,25,0,0
2024-11,490,1,0,6,1,0
2024-11,490,1,1,64,0,0
2024-11,490,2,0,3,0,0
2024-11,490,2,1,38,0,0
2024-11,500,1,0,14,0,0
2024-11,500,1,1,121,1,1
2024-11,500,2,0,6,0,0
2024-11,500,2,1,66,0,0
2024-11,510,1,0,28,0,0
2024-11,510,1,1,195,1,0
2024-11,510,2,0,8,0,0
2024-11,510,2,1,79,0,0
2024-11,520,1,0,39,0,0
2024-11,520,1,1,243,0,0
2024-11,520,2,0,8,0,0
2024-11,520,2,1,106,1,0
2024-11,530,1,0,50,0,0
2024-11,530,1,1,413,0,0
2024-11,530,2,0,9,0,0
2024-11,530,2,1,133,0,0
2024-11,540,1,0,61,0,0
2024-11,540,1,1,502,2,0
2024-11,540,2,0,11,0,0
2024-11,540,2,1,181,1,0
2024-11,550,1,0,91,0,0
2024-11,550,1,1,695,1,0
2024-11,550,2,0,17,0,0
2024-11,550,2,1,204,0,0
2024-11,560,1,0,99,1,0
2024-11,560,1,1,872,2,1
2024-11,560,2,0,16,0,0
2024-11,560,2,1,235,2,0
2024-11,570,1,0,153,0,0
2024-11,570,1,1,1305,4,1
2024-11,570,2,0,33,0,0
2024-11,570,2,1,367,2,1
2024-11,580,1,0,191,0,0
2024-11,580,1,1,1470,6,1
2024-11,580,2,0,37,0,0
2024-11,580,2,1,384,1,0
2024-11,590,1,0,247,1,0
2024-11,590,1,1,1907,2,0
2024-11,590,2,0,52,0,0
2024-11,590,2,1,504,3,0
2024-11,600,1,0,267,0,0
2024-11,600,1,1,2205,6,1
2024-11,600,2,0,42,0,0
2024-11,600,2,1,573,1,0
2024-11,610,1,0,320,0,0
2024-11,610,1,1,2839,5,0
2024-11,610,2,0,47,0,0
2024-11,610,2,1,653,0,0
2024-11,620,1,0,435,0,0
2024-11,620,1,1,3442,9,2
2024-11,620,2,0,106,0,0
2024-11,620,2,1,1130,3,0
2024-11,630,1,0,522,0,0
2024-11,630,1,1,4143,4,0
2024-11,630,2,0,91,0,0
2024-11,630,2,1,1197,3,0
2024-11,640,1,0,535,2,0
2024-11,640,1,1,4260,6,2
2024-11,640,2,0,84,0,0
2024-11,640,2,1,1145,0,0
2024-11,650,1,0,644,0,0
2024-11,650,1,1,4987,3,0
2024-11,650,2,0,114,0,0
2024-11,650,2,1,1291,1,0
2024-11,660,1,0,660,0,0
2024-11,660,1,1,5357,10,2
2024-11,660,2,0,107,0,0
2024-11,660,2,1,1230,1,0
2024-11,670,1,0,749,0,0
2024-11,670,1,1,6147,7,3
2024-11,670,2,0,112,0,0
2024-11,670,2,1,1205,1,0
2024-11,680,1,0,820,0,0
2024-11,680,1,1,6153,2,0
2024-11,680,2,0,97,0,0
2024-11,680,2,1,1071,0,0
2024-11,690,1,0,904,0,0
2024-11,690,1,1,6971,4,0
2024-11,690,2,0,91,0,0
2024-11,690,2,1,1075,3,1
2024-11,700,1,0,916,0,0
2024-11,700,1,1,7093,3,0
2024-11,700,2,0,111,0,0
2024-11,700,2,1,984,1,0
2024-11,710,1,0,1007,0,0
2024-11,710,1,1,7726,2,0
2024-11,710,2,0,94,0,0
2024-11,710,2,1,995,1,0
2024-11,720,1,0,1083,0,0
2024-11,720,1,1,8020,5,1
2024-11,720,2,0,79,0,0
2024-11,720,2,1,829,0,0
2024-11,730,1,0,1159,1,0
2024-11,730,1,1,8295,4,1
2024-11,730,2,0,117,0,0
2024-11,730,2,1,885,1,0
2024-11,740,1,0,1186,0,0
2024-11,740,1,1,8564,5,2
2024-11,740,2,0,90,0,0
2024-11,740,2,1,852,0,0
2024-11,750,1,0,1257,0,0
2024-11,750,1,1,8750,0,0
2024-11,750,2,0,90,0,0
2024-11,750,2,1,804,0,0
2024-11,760,1,0,1263,0,0
2024-11,760,1,1,8753,1,0
2024-11,760,2,0,90,0,0
2024-11,760,2,1,715,2,0
2024-11,770,1,0,1328,0,0
2024-11,770,1,1,9157,0,0
2024-11,770,2,0,59,0,0
2024-11,770,2,1,745,0,0
2024-11,780,1,0,1360,0,0
2024-11,780,1,1,9764,1,0
2024-11,780,2,0,76,0,0
2024-11,780,2,1,720,1,0
2024-11,790,1,0,1527,0,0
2024-11,790,1,1,10262,1,0
2024-11,790,2,0,90,0,0
2024-11,790,2,1,696,0,0
2024-11,800,1,0,1585,0,0
2024-11,800,1,1,10971,0,0
2024-11,800,2,0,97,0,0
2024-11,800,2,1,699,0,0
2024-11,810,1,0,1676,0,0
2024-11,810,1,1,11441,0,0
2024-11,810,2,0,69,0,0
2024-11,810,2,1,681,1,0
2024-11,820,1,0,1698,0,0
2024-11,820,1,1,11413,0,0
2024-11,820,2,0,82,0,0
2024-11,820,2,1,679,0,0
2024-11,830,1,0,1628,0,0
2024-11,830,1,1,11400,0,0
2024-11,830,2,0,80,0,0
2024-11,830,2,1,625,0,0
2024-11,840,1,0,1521,0,0
2024-11,840,1,1,10778,0,0
2024-11,840,2,0,76,0,0
2024-11,840,2,1,597,0,0
2024-11,850,1,0,1547,0,0
2024-11,850,1,1,10306,1,0
2024-11,850,2,0,69,0,0
2024-11,850,2,1,559,0,0
2024-11,860,1,0,1103,0,0
2024-11,860,1,1,7985,0,0
2024-11,860,2,0,51,0,0
2024-11,860,2,1,464,0,0
2024-11,870,1,0,945,0,0
2024-11,870,1,1,5949,0,0
2024-11,870,2,0,41,0,0
2024-11,870,2,1,315,0,0
2024-11,880,1,0,463,0,0
2024-11,880,1,1,3301,1,0
2024-11,880,2,0,26,0,0
2024-11,880,2,1,154,0,0
2024-11,890,1,0,211,0,0
2024-11,890,1,1,1313,0,0
2024-11,890,2,0,10,0,0
2024-11,890,2,1,60,0,0
2024-12,380,1,1,1,0,0
2024-12,420,1,0,1,0,0
2024-12,420,1,1,1,0,0
2024-12,420,2,1,1,0,0
2024-12,430,1,1,5,0,0
2024-12,430,2,1,2,0,0
2024-12,440,1,1,3,0,0
2024-12,440,2,0,3,0,0
2024-12,440,2,1,6,0,0
2024-12,450,1,0,3,0,0
2024-12,450,1,1,11,0,0
2024-12,450,2,0,1,0,0
2024-12,450,2,1,7,0,0
2024-12,460,1,0,4,0,0
2024-12,460,1,1,14,0,0
2024-12,460,2,0,1,0,0
2024-12,460,2,1,15,0,0
2024-12,470,1,0,16,0,0
2024-12,470,1,1,47,0,0
2024-12,470,2,0,2,0,0
2024-12,470,2,1,26,0,0
2024-12,480,1,0,23,1,0
2024-12,480,1,1,40,0,0
2024-12,480,2,0,1,0,0
2024-12,480,2,1,24,0,0
2024-12,490,1,0,17,0,0
2024-12,490,1,1,64,1,0
2024-12,490,2,0,5,0,0
2024-12,490,2,1,37,0,0
2024-12,500,1,0,33,0,0
2024-12,500,1,1,117,0,0
2024-12,500,2,0,10,0,0
2024-12,500,2,1,64,0,0
2024-12,510,1,0,59,0,0
2024-12,510,1,1,193,0,0
2024-12,510,2,0,11,0,0
2024-12,510,2,1,77,0,0
2024-12,520,1,0,77,0,0
2024-12,520,1,1,237,0,0
2024-12,520,2,0,13,0,0
2024-12,520,2,1,104,1,0
2024-12,530,1,0,112,1,1
2024-12,530,1,1,400,1,0
2024-12,530,2,0,19,0,0
2024-12,530,2,1,130,0,0
2024-12,540,1,0,115,0,0
2024-12,540,1,1,490,3,1
2024-12,540,2,0,19,0,0
2024-12,540,2,1,177,2,1
2024-12,550,1,0,190,0,0
2024-12,550,1,1,676,2,0
2024-12,550,2,0,35,0,0
2024-12,550,2,1,202,0,0
2024-12,560,1,0,203,0,0
2024-12,560,1,1,856,2,0
2024-12,560,2,0,35,0,0
2024-12,560,2,1,229,0,0
2024-12,570,1,0,327,0,0
2024-12,570,1,1,1279,1,0
2024-12,570,2,0,56,0,0
2024-12,570,2,1,358,0,0
2024-12,580,1,0,399,0,0
2024-12,580,1,1,1426,6,0
2024-12,580,2,0,68,0,0
2024-12,580,2,1,375,1,0
2024-12,590,1,0,483,0,0
2024-12,590,1,1,1873,2,0
2024-12,590,2,0,90,0,0
2024-12,590,2,1,488,3,0
2024-12,600,1,0,546,2,1
2024-12,600,1,1,2154,4,0
2024-12,600,2,0,72,0,0
2024-12,600,2,1,556,1,0
2024-12,610,1,0,649,2,0
2024-12,610,1,1,2783,3,1
2024-12,610,2,0,82,0,0
2024-12,610,2,1,640,2,0
2024-12,620,1,0,912,0,0
2024-12,620,1,1,3367,4,0
2024-12,620,2,0,201,0,0
2024-12,620,2,1,1101,2,0
2024-12,630,1,0,1014,1,0
2024-12,630,1,1,4064,9,1
2024-12,630,2,0,181,0,0
2024-12,630,2,1,1172,4,2
2024-12,640,1,0,1026,0,0
2024-12,640,1,1,4170,5,1
2024-12,640,2,0,171,0,0
2024-12,640,2,1,1122,2,0
2024-12,650,1,0,1294,1,1
2024-12,650,1,1,4876,4,0
2024-12,650,2,0,218,0,0
2024-12,650,2,1,1267,1,0
2024-12,660,1,0,1331,1,0
2024-12,660,1,1,5253,4,1
2024-12,660,2,0,202,0,0
2024-12,660,2,1,1198,4,0
2024-12,670,1,0,1488,0,0
2024-12,670,1,1,6004,6,1
2024-12,670,2,0,207,0,0
2024-12,670,2,1,1181,1,1
2024-12,680,1,0,1625,2,0
2024-12,680,1,1,6040,1,0
2024-12,680,2,0,194,0,0
2024-12,680,2,1,1040,2,0
2024-12,690,1,0,1812,0,0
2024-12,690,1,1,6808,5,0
2024-12,690,2,0,181,0,0
2024-12,690,2,1,1045,0,0
2024-12,700,1,0,1817,1,0
2024-12,700,1,1,6936,3,0
2024-12,700,2,0,214,0,0
2024-12,700,2,1,957,0,0
2024-12,710,1,0,2037,1,0
2024-12,710,1,1,7562,3,0
2024-12,710,2,0,190,0,0
2024-12,710,2,1,969,0,0
2024-12,720,1,0,2100,0,0
2024-12,720,1,1,7839,2,1
2024-12,720,2,0,183,0,0
2024-12,720,2,1,795,1,0
2024-12,730,1,0,2198,0,0
2024-12,730,1,1,8123,1,0
2024-12,730,2,0,206,0,0
2024-12,730,2,1,856,0,0
2024-12,740,1,0,2302,1,0
2024-12,740,1,1,8382,1,0
2024-12,740,2,0,181,0,0
2024-12,740,2,1,823,0,0
2024-12,750,1,0,2416,0,0
2024-12,750,1,1,8562,2,0
2024-12,750,2,0,171,0,0
2024-12,750,2,1,778,0,0
2024-12,760,1,0,2516,0,0
2024-12,760,1,1,8551,1,0
2024-12,760,2,0,178,0,0
2024-12,760,2,1,687,1,0
2024-12,770,1,0,2600,0,0
2024-12,770,1,1,8954,1,0
2024-12,770,2,0,142,0,0
2024-12,770,2,1,716,0,0
2024-12,780,1,0,2697,0,0
2024-12,780,1,1,9536,0,0
2024-12,780,2,0,147,0,0
2024-12,780,2,1,695,0,0
2024-12,790,1,0,2988,0,0
2024-12,790,1,1,10010,1,0
2024-12,790,2,0,172,0,0
2024-12,790,2,1,668,0,0
2024-12,800,1,0,3126,0,0
2024-12,800,1,1,10734,1,0
2024-12,800,2,0,172,0,0
2024-12,800,2,1,668,0,0
2024-12,810,1,0,3248,0,0
2024-12,810,1,1,11166,2,0
2024-12,810,2,0,146,0,0
2024-12,810,2,1,658,0,0
2024-12,820,1,0,3405,0,0
2024-12,820,1,1,11150,1,0
2024-12,820,2,0,152,0,0
2024-12,820,2,1,651,0,0
2024-12,830,1,0,3160,0,0
2024-12,830,1,1,11129,0,0
2024-12,830,2,0,167,0,0
2024-12,830,2,1,592,0,0
2024-12,840,1,0,2979,0,0
2024-12,840,1,1,10527,0,0
2024-12,840,2,0,143,0,0
2024-12,840,2,1,569,0,0
2024-12,850,1,0,3008,0,0
2024-12,850,1,1,10072,0,0
2024-12,850,2,0,123,0,0
2024-12,850,2,1,531,0,0
2024-12,860,1,0,2274,0,0
2024-12,860,1,1,7792,0,0
2024-12,860,2,0,115,0,0
2024-12,860,2,1,444,0,0
2024-12,870,1,0,1858,0,0
2024-12,870,1,1,5804,0,0
2024-12,870,2,0,80,0,0
2024-12,870,2,1,300,0,0
2024-12,880,1,0,929,0,0
2024-12,880,1,1,3211,0,0
2024-12,880,2,0,48,0,0
2024-12,880,2,1,149,0,0
2024-12,890,1,0,406,0,0
2024-12,890,1,1,1282,0,0
2024-12,890,2,0,17,0,0
2024-12,890,2,1,57,0,0
2025-01,420,1,0,1,0,0
2025-01,420,1,1,1,0,0
2025-01,420,2,1,1,0,0
2025-01,430,1,1,4,0,0
2025-01,430,2,1,2,0,0
2025-01,440,1,1,3,0,0
2025-01,440,2,0,3,0,0
2025-01,440,2,1,5,0,0
2025-01,450,1,0,3,0,0
2025-01,450,1,1,9,0,0
2025-01,450,2,0,1,0,0
2025-01,450,2,1,6,0,0
2025-01,460,1,0,4,0,0
2025-01,460,1,1,14,0,0
2025-01,460,2,0,1,0,0
2025-01,460,2,1,12,0,0
2025-01,470,1,0,16,0,0
2025-01,470,1,1,42,0,0
2025-01,470,2,0,2,0,0
2025-01,470,2,1,25,0,0
2025-01,480,1,0,22,0,0
2025-01,480,1,1,37,0,0
2025-01,480,2,0,1,0,0
2025-01,480,2,1,21,0,0
2025-01,490,1,0,17,0,0
2025-01,490,1,1,58,0,0
2025-01,490,2,0,5,1,0
2025-01,490,2,1,34,0,0
2025-01,500,1,0,32,1,0
2025-01,500,1,1,105,0,0
2025-01,500,2,0,10,0,0
2025-01,500,2,1,58,0,0
2025-01,510,1,0,59,0,0
2025-01,510,1,1,176,0,0
2025-01,510,2,0,11,0,0
2025-01,510,2,1,71,1,0
2025-01,520,1,0,75,0,0
2025-01,520,1,1,216,3,1
2025-01,520,2,0,12,0,0
2025-01,520,2,1,99,0,0
2025-01,530,1,0,109,1,1
2025-01,530,1,1,369,2,0
2025-01,530,2,0,19,0,0
2025-01,530,2,1,120,0,0
2025-01,540,1,0,115,1,0
2025-01,540,1,1,427,0,0
2025-01,540,2,0,19,1,0
2025-01,540,2,1,158,0,0
2025-01,550,1,0,188,0,0
2025-01,550,1,1,587,2,1
2025-01,550,2,0,35,0,0
2025-01,550,2,1,189,0,0
2025-01,560,1,0,201,0,0
2025-01,560,1,1,750,2,0
2025-01,560,2,0,35,0,0
2025-01,560,2,1,207,1,1
2025-01,570,1,0,319,0,0
2025-01,570,1,1,1142,3,0
2025-01,570,2,0,56,0,0
2025-01,570,2,1,337,1,0
2025-01,580,1,0,395,0,0
2025-01,580,1,1,1261,4,0
2025-01,580,2,0,68,0,0
2025-01,580,2,1,344,2,0
2025-01,590,1,0,478,2,0
2025-01,590,1,1,1681,5,1
2025-01,590,2,0,89,0,0
2025-01,590,2,1,435,2,0
2025-01,600,1,0,532,1,1
2025-01,600,1,1,1943,4,0
2025-01,600,2,0,71,0,0
2025-01,600,2,1,501,1,0
2025-01,610,1,0,632,0,0
2025-01,610,1,1,2505,2,0
2025-01,610,2,0,77,0,0
2025-01,610,2,1,588,1,0
2025-01,620,1,0,898,1,0
2025-01,620,1,1,3046,6,2
2025-01,620,2,0,199,0,0
2025-01,620,2,1,1013,0,0
2025-01,630,1,0,1003,1,0
2025-01,630,1,1,3707,6,0
2025-01,630,2,0,180,0,0
2025-01,630,2,1,1071,2,0
2025-01,640,1,0,1012,2,0
2025-01,640,1,1,3792,8,1
2025-01,640,2,0,165,0,0
2025-01,640,2,1,1035,0,0
2025-01,650,1,0,1277,2,0
2025-01,650,1,1,4494,10,3
2025-01,650,2,0,217,0,0
2025-01,650,2,1,1163,3,1
2025-01,660,1,0,1320,0,0
2025-01,660,1,1,4877,8,2
2025-01,660,2,0,197,0,0
2025-01,660,2,1,1113,0,0
2025-01,670,1,0,1466,0,0
2025-01,670,1,1,5583,3,1
2025-01,670,2,0,198,0,0
2025-01,670,2,1,1104,3,1
2025-01,680,1,0,1598,0,0
2025-01,680,1,1,5652,7,3
2025-01,680,2,0,191,0,0
2025-01,680,2,1,951,0,0
2025-01,690,1,0,1781,1,0
2025-01,690,1,1,6266,4,1
2025-01,690,2,0,179,0,0
2025-01,690,2,1,971,1,1
2025-01,700,1,0,1790,0,0
2025-01,700,1,1,6416,3,0
2025-01,700,2,0,212,1,0
2025-01,700,2,1,880,1,1
2025-01,710,1,0,2008,0,0
2025-01,710,1,1,7045,4,0
2025-01,710,2,0,188,0,0
2025-01,710,2,1,894,0,0
2025-01,720,1,0,2069,0,0
2025-01,720,1,1,7263,2,0
2025-01,720,2,0,176,0,0
2025-01,720,2,1,732,2,0
2025-01,730,1,0,2150,0,0
2025-01,730,1,1,7563,2,0
2025-01,730,2,0,202,0,0
2025-01,730,2,1,786,0,0
2025-01,740,1,0,2266,0,0
2025-01,740,1,1,7787,4,0
2025-01,740,2,0,176,0,0
2025-01,740,2,1,756,0,0
2025-01,750,1,0,2385,0,0
2025-01,750,1,1,8039,0,0
2025-01,750,2,0,168,0,0
2025-01,750,2,1,716,0,0
2025-01,760,1,0,2477,0,0
2025-01,760,1,1,7966,0,0
2025-01,760,2,0,174,0,0
2025-01,760,2,1,639,0,0
2025-01,770,1,0,2552,0,0
2025-01,770,1,1,8339,0,0
2025-01,770,2,0,137,0,0
2025-01,770,2,1,651,0,0
2025-01,780,1,0,2646,0,0
2025-01,780,1,1,8932,0,0
2025-01,780,2,0,144,0,0
2025-01,780,2,1,652,0,0
2025-01,790,1,0,2934,0,0
2025-01,790,1,1,9379,0,0
2025-01,790,2,0,166,0,0
2025-01,790,2,1,622,0,0
2025-01,800,1,0,3066,0,0
2025-01,800,1,1,10057,0,0
2025-01,800,2,0,167,0,0
2025-01,800,2,1,607,0,0
2025-01,810,1,0,3202,0,0
2025-01,810,1,1,10443,0,0
2025-01,810,2,0,143,0,0
2025-01,810,2,1,618,0,0
2025-01,820,1,0,3345,0,0
2025-01,820,1,1,10459,0,0
2025-01,820,2,0,145,0,0
2025-01,820,2,1,612,0,0
2025-01,830,1,0,3113,0,0
2025-01,830,1,1,10410,1,0
2025-01,830,2,0,162,0,0
2025-01,830,2,1,558,0,0
2025-01,840,1,0,2935,0,0
2025-01,840,1,1,9819,0,0
2025-01,840,2,0,142,0,0
2025-01,840,2,1,534,0,0
2025-01,850,1,0,2973,0,0
2025-01,850,1,1,9397,0,0
2025-01,850,2,0,120,0,0
2025-01,850,2,1,488,0,0
2025-01,860,1,0,2233,0,0
2025-01,860,1,1,7210,0,0
2025-01,860,2,0,110,0,0
2025-01,860,2,1,417,0,0
2025-01,870,1,0,1835,0,0
2025-01,870,1,1,5392,0,0
2025-01,870,2,0,78,0,0
2025-01,870,2,1,272,0,0
2025-01,880,1,0,920,0,0
2025-01,880,1,1,2983,0,0
2025-01,880,2,0,46,0,0
2025-01,880,2,1,143,0,0
2025-01,890,1,0,401,0,0
2025-01,890,1,1,1185,0,0
2025-01,890,2,0,17,0,0
2025-01,890,2,1,51,0,0
2025-02,420,1,1,1,0,0
2025-02,420,2,1,1,0,0
2025-02,430,1,1,4,0,0
2025-02,430,2,1,2,0,0
2025-02,440,1,1,3,0,0
2025-02,440,2,0,1,0,0
2025-02,440,2,1,7,0,0
2025-02,450,1,1,12,0,0
2025-02,450,2,0,1,0,0
2025-02,450,2,1,5,0,0
2025-02,460,1,0,1,0,0
2025-02,460,1,1,16,0,0
2025-02,460,2,0,1,0,0
2025-02,460,2,1,12,0,0
2025-02,470,1,0,7,0,0
2025-02,470,1,1,49,0,0
2025-02,470,2,1,26,0,0
2025-02,480,1,0,13,0,0
2025-02,480,1,1,45,0,0
2025-02,480,2,0,1,0,0
2025-02,480,2,1,21,0,0
2025-02,490,1,0,12,0,0
2025-02,490,1,1,60,0,0
2025-02,490,2,0,1,0,0
2025-02,490,2,1,36,0,0
2025-02,500,1,0,18,0,0
2025-02,500,1,1,114,0,0
2025-02,500,2,0,4,0,0
2025-02,500,2,1,64,1,0
2025-02,510,1,0,31,0,0
2025-02,510,1,1,201,0,0
2025-02,510,2,0,3,0,0
2025-02,510,2,1,78,0,0
2025-02,520,1,0,38,0,0
2025-02,520,1,1,240,2,0
2025-02,520,2,0,6,0,0
2025-02,520,2,1,101,0,0
2025-02,530,1,0,59,0,0
2025-02,530,1,1,411,2,0
2025-02,530,2,0,9,0,0
2025-02,530,2,1,126,0,0
2025-02,540,1,0,53,1,0
2025-02,540,1,1,481,2,0
2025-02,540,2,0,8,0,0
2025-02,540,2,1,164,0,0
2025-02,550,1,0,98,0,0
2025-02,550,1,1,659,2,1
2025-02,550,2,0,18,0,0
2025-02,550,2,1,202,0,0
2025-02,560,1,0,105,0,0
2025-02,560,1,1,830,1,0
2025-02,560,2,0,20,0,0
2025-02,560,2,1,217,0,0
2025-02,570,1,0,172,0,0
2025-02,570,1,1,1258,5,0
2025-02,570,2,0,22,0,0
2025-02,570,2,1,364,3,0
2025-02,580,1,0,203,0,0
2025-02,580,1,1,1420,3,1
2025-02,580,2,0,33,0,0
2025-02,580,2,1,361,0,0
2025-02,590,1,0,236,1,0
2025-02,590,1,1,1872,3,0
2025-02,590,2,0,36,0,0
2025-02,590,2,1,475,0,0
2025-02,600,1,0,274,2,0
2025-02,600,1,1,2141,1,0
2025-02,600,2,0,29,0,0
2025-02,600,2,1,528,3,0
2025-02,610,1,0,322,0,0
2025-02,610,1,1,2756,7,2
2025-02,610,2,0,34,1,1
2025-02,610,2,1,617,0,0
2025-02,620,1,0,467,0,0
2025-02,620,1,1,3389,13,2
2025-02,620,2,0,93,0,0
2025-02,620,2,1,1089,2,0
2025-02,630,1,0,485,1,0
2025-02,630,1,1,4142,8,2
2025-02,630,2,0,89,1,0
2025-02,630,2,1,1137,4,0
2025-02,640,1,0,488,0,0
2025-02,640,1,1,4218,9,1
2025-02,640,2,0,82,0,0
2025-02,640,2,1,1093,2,0
2025-02,650,1,0,646,0,0
2025-02,650,1,1,5000,8,1
2025-02,650,2,0,103,0,0
2025-02,650,2,1,1241,1,1
2025-02,660,1,0,661,0,0
2025-02,660,1,1,5413,9,3
2025-02,660,2,0,98,0,0
2025-02,660,2,1,1190,0,0
2025-02,670,1,0,727,2,0
2025-02,670,1,1,6168,5,0
2025-02,670,2,0,88,0,0
2025-02,670,2,1,1186,0,0
2025-02,680,1,0,792,0,0
2025-02,680,1,1,6271,6,1
2025-02,680,2,0,96,0,0
2025-02,680,2,1,1015,1,0
2025-02,690,1,0,887,0,0
2025-02,690,1,1,6983,3,0
2025-02,690,2,0,87,0,0
2025-02,690,2,1,1026,2,0
2025-02,700,1,0,893,0,0
2025-02,700,1,1,7123,9,0
2025-02,700,2,0,98,0,0
2025-02,700,2,1,959,0,0
2025-02,710,1,0,1012,0,0
2025-02,710,1,1,7854,6,1
2025-02,710,2,0,97,0,0
2025-02,710,2,1,957,0,0
2025-02,720,1,0,995,0,0
2025-02,720,1,1,8135,2,0
2025-02,720,2,0,102,0,0
2025-02,720,2,1,782,0,0
2025-02,730,1,0,1021,1,1
2025-02,730,1,1,8455,2,0
2025-02,730,2,0,83,0,0
2025-02,730,2,1,872,0,0
2025-02,740,1,0,1102,0,0
2025-02,740,1,1,8714,2,0
2025-02,740,2,0,92,0,0
2025-02,740,2,1,823,0,0
2025-02,750,1,0,1148,0,0
2025-02,750,1,1,9041,3,2
2025-02,750,2,0,79,0,0
2025-02,750,2,1,773,0,0
2025-02,760,1,0,1239,1,0
2025-02,760,1,1,8974,1,0
2025-02,760,2,0,84,0,0
2025-02,760,2,1,701,0,0
2025-02,770,1,0,1248,0,0
2025-02,770,1,1,9402,4,1
2025-02,770,2,0,79,0,0
2025-02,770,2,1,679,0,0
2025-02,780,1,0,1308,0,0
2025-02,780,1,1,9990,3,1
2025-02,780,2,0,70,0,0
2025-02,780,2,1,699,1,0
2025-02,790,1,0,1420,0,0
2025-02,790,1,1,10618,0,0
2025-02,790,2,0,83,0,0
2025-02,790,2,1,678,0,0
2025-02,800,1,0,1495,0,0
2025-02,800,1,1,11336,1,0
2025-02,800,2,0,74,0,0
2025-02,800,2,1,670,0,0
2025-02,810,1,0,1544,0,0
2025-02,810,1,1,11763,1,0
2025-02,810,2,0,76,0,0
2025-02,810,2,1,658,0,0
2025-02,820,1,0,1689,0,0
2025-02,820,1,1,11809,1,0
2025-02,820,2,0,67,0,0
2025-02,820,2,1,668,0,0
2025-02,830,1,0,1518,0,0
2025-02,830,1,1,11702,1,0
2025-02,830,2,0,85,0,0
2025-02,830,2,1,608,0,0
2025-02,840,1,0,1428,0,0
2025-02,840,1,1,11014,0,0
2025-02,840,2,0,64,0,0
2025-02,840,2,1,582,0,0
2025-02,850,1,0,1455,0,0
2025-02,850,1,1,10638,0,0
2025-02,850,2,0,55,0,0
2025-02,850,2,1,527,0,0
2025-02,860,1,0,1139,0,0
2025-02,860,1,1,8091,0,0
2025-02,860,2,0,62,0,0
2025-02,860,2,1,445,0,0
2025-02,870,1,0,906,0,0
2025-02,870,1,1,6150,0,0
2025-02,870,2,0,40,0,0
2025-02,870,2,1,289,0,0
2025-02,880,1,0,453,0,0
2025-02,880,1,1,3351,0,0
2025-02,880,2,0,22,0,0
2025-02,880,2,1,163,0,0
2025-02,890,1,0,193,0,0
2025-02,890,1,1,1368,0,0
2025-02,890,2,0,8,0,0
2025-02,890,2,1,56,0,0
2025-03,420,1,1,1,0,0
2025-03,420,2,1,1,0,0
2025-03,430,1,1,4,0,0
2025-03,430,2,1,2,0,0
2025-03,440,1,1,3,0,0
2025-03,440,2,0,1,0,0
2025-03,440,2,1,7,0,0
2025-03,450,1,1,10,0,0
2025-03,450,2,0,1,0,0
2025-03,450,2,1,5,0,0
2025-03,460,1,0,1,0,0
2025-03,460,1,1,14,0,0
2025-03,460,2,0,1,0,0
2025-03,460,2,1,12,0,0
2025-03,470,1,0,7,0,0
2025-03,470,1,1,44,0,0
2025-03,470,2,1,25,0,0
2025-03,480,1,0,11,0,0
2025-03,480,1,1,42,1,0
2025-03,480,2,0,1,0,0
2025-03,480,2,1,21,0,0
2025-03,490,1,0,12,0,0
2025-03,490,1,1,54,0,0
2025-03,490,2,0,1,0,0
2025-03,490,2,1,32,0,0
2025-03,500,1,0,17,0,0
2025-03,500,1,1,108,0,0
2025-03,500,2,0,4,0,0
2025-03,500,2,1,58,1,0
2025-03,510,1,0,31,0,0
2025-03,510,1,1,176,0,0
2025-03,510,2,0,2,0,0
2025-03,510,2,1,72,0,0
2025-03,520,1,0,38,0,0
2025-03,520,1,1,217,0,0
2025-03,520,2,0,6,0,0
2025-03,520,2,1,92,0,0
2025-03,530,1,0,58,0,0
2025-03,530,1,1,371,1,0
2025-03,530,2,0,9,0,0
2025-03,530,2,1,117,0,0
2025-03,540,1,0,50,0,0
2025-03,540,1,1,434,1,0
2025-03,540,2,0,8,0,0
2025-03,540,2,1,156,0,0
2025-03,550,1,0,97,1,1
2025-03,550,1,1,575,1,0
2025-03,550,2,0,18,0,0
2025-03,550,2,1,179,0,0
2025-03,560,1,0,104,0,0
2025-03,560,1,1,726,6,0
2025-03,560,2,0,20,0,0
2025-03,560,2,1,204,0,0
2025-03,570,1,0,168,0,0
2025-03,570,1,1,1117,2,0
2025-03,570,2,0,21,0,0
2025-03,570,2,1,332,2,0
2025-03,580,1,0,199,1,0
2025-03,580,1,1,1274,1,0
2025-03,580,2,0,31,1,0
2025-03,580,2,1,332,2,0
2025-03,590,1,0,234,4,1
2025-03,590,1,1,1696,6,1
2025-03,590,2,0,35,0,0
2025-03,590,2,1,443,1,0
2025-03,600,1,0,267,0,0
2025-03,600,1,1,1932,4,0
2025-03,600,2,0,29,0,0
2025-03,600,2,1,478,2,0
2025-03,610,1,0,317,0,0
2025-03,610,1,1,2504,7,1
2025-03,610,2,0,32,0,0
2025-03,610,2,1,559,3,0
2025-03,620,1,0,461,0,0
2025-03,620,1,1,3070,7,1
2025-03,620,2,0,91,1,0
2025-03,620,2,1,1011,2,0
2025-03,630,1,0,480,1,0
2025-03,630,1,1,3758,7,1
2025-03,630,2,0,88,0,0
2025-03,630,2,1,1038,4,0
2025-03,640,1,0,478,0,0
2025-03,640,1,1,3858,5,2
2025-03,640,2,0,79,0,0
2025-03,640,2,1,992,2,1
2025-03,650,1,0,639,1,0
2025-03,650,1,1,4594,6,0
2025-03,650,2,0,100,0,0
2025-03,650,2,1,1140,1,0
2025-03,660,1,0,655,1,0
2025-03,660,1,1,4999,5,2
2025-03,660,2,0,98,0,0
2025-03,660,2,1,1120,3,1
2025-03,670,1,0,717,0,0
2025-03,670,1,1,5741,7,1
2025-03,670,2,0,87,0,0
2025-03,670,2,1,1112,2,0
2025-03,680,1,0,778,1,0
2025-03,680,1,1,5857,7,1
2025-03,680,2,0,96,0,0
2025-03,680,2,1,945,0,0
2025-03,690,1,0,876,0,0
2025-03,690,1,1,6520,4,1
2025-03,690,2,0,83,0,0
2025-03,690,2,1,969,2,0
2025-03,700,1,0,877,0,0
2025-03,700,1,1,6628,3,0
2025-03,700,2,0,96,0,0
2025-03,700,2,1,892,1,1
2025-03,710,1,0,987,0,0
2025-03,710,1,1,7348,8,0
2025-03,710,2,0,96,0,0
2025-03,710,2,1,895,0,0
2025-03,720,1,0,979,0,0
2025-03,720,1,1,7627,4,1
2025-03,720,2,0,96,0,0
2025-03,720,2,1,740,0,0
2025-03,730,1,0,1003,0,0
2025-03,730,1,1,7920,2,1
2025-03,730,2,0,81,0,0
2025-03,730,2,1,816,0,0
2025-03,740,1,0,1087,0,0
2025-03,740,1,1,8190,3,0
2025-03,740,2,0,86,0,0
2025-03,740,2,1,765,0,0
2025-03,750,1,0,1121,2,0
2025-03,750,1,1,8467,2,0
2025-03,750,2,0,77,0,0
2025-03,750,2,1,719,0,0
2025-03,760,1,0,1217,0,0
2025-03,760,1,1,8437,1,0
2025-03,760,2,0,82,0,0
2025-03,760,2,1,644,1,0
2025-03,770,1,0,1222,1,0
2025-03,770,1,1,8856,1,0
2025-03,770,2,0,77,0,0
2025-03,770,2,1,631,1,0
2025-03,780,1,0,1290,1,1
2025-03,780,1,1,9325,2,1
2025-03,780,2,0,69,0,0
2025-03,780,2,1,647,1,0
2025-03,790,1,0,1387,0,0
2025-03,790,1,1,9966,0,0
2025-03,790,2,0,79,0,0
2025-03,790,2,1,640,0,0
2025-03,800,1,0,1477,0,0
2025-03,800,1,1,10674,0,0
2025-03,800,2,0,73,0,0
2025-03,800,2,1,636,0,0
2025-03,810,1,0,1523,0,0
2025-03,810,1,1,11086,0,0
2025-03,810,2,0,75,0,0
2025-03,810,2,1,614,0,0
2025-03,820,1,0,1656,0,0
2025-03,820,1,1,11117,0,0
2025-03,820,2,0,67,0,0
2025-03,820,2,1,623,0,0
2025-03,830,1,0,1500,0,0
2025-03,830,1,1,10971,1,0
2025-03,830,2,0,84,0,0
2025-03,830,2,1,580,0,0
2025-03,840,1,0,1397,0,0
2025-03,840,1,1,10371,0,0
2025-03,840,2,0,63,0,0
2025-03,840,2,1,540,0,0
2025-03,850,1,0,1444,0,0
2025-03,850,1,1,9987,0,0
2025-03,850,2,0,52,0,0
2025-03,850,2,1,500,0,0
2025-03,860,1,0,1127,0,0
2025-03,860,1,1,7618,0,0
2025-03,860,2,0,62,0,0
2025-03,860,2,1,415,0,0
2025-03,870,1,0,899,0,0
2025-03,870,1,1,5804,0,0
2025-03,870,2,0,38,0,0
2025-03,870,2,1,273,0,0
2025-03,880,1,0,448,0,0
2025-03,880,1,1,3146,0,0
2025-03,880,2,0,22,0,0
2025-03,880,2,1,152,0,0
2025-03,890,1,0,192,0,0
2025-03,890,1,1,1296,0,0
2025-03,890,2,0,8,0,0
2025-03,890,2,1,53,0,0
2025-04,420,1,0,1,0,0
2025-04,420,1,1,1,0,0
2025-04,420,2,1,1,0,0
2025-04,430,1,0,1,0,0
2025-04,430,1,1,4,0,0
2025-04,430,2,1,2,0,0
2025-04,440,1,0,1,0,0
2025-04,440,1,1,3,0,0
2025-04,440,2,1,7,0,0
2025-04,450,1,0,2,0,0
2025-04,450,1,1,10,0,0
2025-04,450,2,1,6,0,0
2025-04,460,1,0,1,0,0
2025-04,460,1,1,14,0,0
2025-04,460,2,1,13,0,0
2025-04,470,1,0,4,0,0
2025-04,470,1,1,51,0,0
2025-04,470,2,0,2,0,0
2025-04,470,2,1,25,0,0
2025-04,480,1,0,13,0,0
2025-04,480,1,1,51,0,0
2025-04,480,2,0,5,0,0
2025-04,480,2,1,22,0,0
2025-04,490,1,0,12,0,0
2025-04,490,1,1,65,1,0
2025-04,490,2,0,7,0,0
2025-04,490,2,1,32,0,0
2025-04,500,1,0,16,0,0
2025-04,500,1,1,124,0,0
2025-04,500,2,0,5,0,0
2025-04,500,2,1,60,0,0
2025-04,510,1,0,32,0,0
2025-04,510,1,1,200,1,0
2025-04,510,2,0,4,0,0
2025-04,510,2,1,73,0,0
2025-04,520,1,0,33,0,0
2025-04,520,1,1,253,3,1
2025-04,520,2,0,10,0,0
2025-04,520,2,1,97,0,0
2025-04,530,1,0,42,0,0
2025-04,530,1,1,419,0,0
2025-04,530,2,0,10,0,0
2025-04,530,2,1,123,0,0
2025-04,540,1,0,54,0,0
2025-04,540,1,1,477,2,0
2025-04,540,2,0,6,0,0
2025-04,540,2,1,159,1,0
2025-04,550,1,0,92,0,0
2025-04,550,1,1,661,0,0
2025-04,550,2,0,8,0,0
2025-04,550,2,1,195,0,0
2025-04,560,1,0,108,1,0
2025-04,560,1,1,806,5,1
2025-04,560,2,0,15,0,0
2025-04,560,2,1,221,0,0
2025-04,570,1,0,154,0,0
2025-04,570,1,1,1252,2,0
2025-04,570,2,0,29,0,0
2025-04,570,2,1,343,0,0
2025-04,580,1,0,157,0,0
2025-04,580,1,1,1435,3,0
2025-04,580,2,0,32,0,0
2025-04,580,2,1,346,0,0
2025-04,590,1,0,241,0,0
2025-04,590,1,1,1881,5,2
2025-04,590,2,0,46,0,0
2025-04,590,2,1,469,1,0
2025-04,600,1,0,259,0,0
2025-04,600,1,1,2146,3,0
2025-04,600,2,0,62,0,0
2025-04,600,2,1,495,1,0
2025-04,610,1,0,320,0,0
2025-04,610,1,1,2751,5,2
2025-04,610,2,0,63,0,0
2025-04,610,2,1,574,1,0
2025-04,620,1,0,479,0,0
2025-04,620,1,1,3442,5,1
2025-04,620,2,0,107,0,0
2025-04,620,2,1,1078,4,1
2025-04,630,1,0,513,0,0
2025-04,630,1,1,4141,8,1
2025-04,630,2,0,110,0,0
2025-04,630,2,1,1097,2,0
2025-04,640,1,0,560,0,0
2025-04,640,1,1,4245,10,1
2025-04,640,2,0,86,0,0
2025-04,640,2,1,1047,0,0
2025-04,650,1,0,650,0,0
2025-04,650,1,1,5113,9,2
2025-04,650,2,0,117,0,0
2025-04,650,2,1,1203,1,0
2025-04,660,1,0,731,0,0
2025-04,660,1,1,5541,5,1
2025-04,660,2,0,103,0,0
2025-04,660,2,1,1189,1,0
2025-04,670,1,0,854,0,0
2025-04,670,1,1,6310,6,0
2025-04,670,2,0,112,0,0
2025-04,670,2,1,1171,2,1
2025-04,680,1,0,797,0,0
2025-04,680,1,1,6473,6,1
2025-04,680,2,0,113,0,0
2025-04,680,2,1,1016,0,0
2025-04,690,1,0,905,0,0
2025-04,690,1,1,7247,3,1
2025-04,690,2,0,104,0,0
2025-04,690,2,1,1032,2,0
2025-04,700,1,0,966,0,0
2025-04,700,1,1,7307,7,1
2025-04,700,2,0,124,0,0
2025-04,700,2,1,951,3,0
2025-04,710,1,0,1074,0,0
2025-04,710,1,1,8152,4,1
2025-04,710,2,0,118,0,0
2025-04,710,2,1,963,0,0
2025-04,720,1,0,1068,1,1
2025-04,720,1,1,8393,5,0
2025-04,720,2,0,126,0,0
2025-04,720,2,1,808,2,0
2025-04,730,1,0,1197,0,0
2025-04,730,1,1,8717,4,1
2025-04,730,2,0,108,0,0
2025-04,730,2,1,877,1,0
2025-04,740,1,0,1263,0,0
2025-04,740,1,1,9045,3,0
2025-04,740,2,0,95,0,0
2025-04,740,2,1,834,1,0
2025-04,750,1,0,1273,0,0
2025-04,750,1,1,9371,4,1
2025-04,750,2,0,112,0,0
2025-04,750,2,1,770,1,0
2025-04,760,1,0,1268,0,0
2025-04,760,1,1,9450,2,1
2025-04,760,2,0,95,0,0
2025-04,760,2,1,700,0,0
2025-04,770,1,0,1371,0,0
2025-04,770,1,1,9837,2,0
2025-04,770,2,0,93,0,0
2025-04,770,2,1,686,1,0
2025-04,780,1,0,1498,0,0
2025-04,780,1,1,10363,0,0
2025-04,780,2,0,86,0,0
2025-04,780,2,1,686,0,0
2025-04,790,1,0,1553,0,0
2025-04,790,1,1,11096,1,0
2025-04,790,2,0,98,0,0
2025-04,790,2,1,693,0,0
2025-04,800,1,0,1682,0,0
2025-04,800,1,1,11821,0,0
2025-04,800,2,0,83,0,0
2025-04,800,2,1,687,0,0
2025-04,810,1,0,1752,0,0
2025-04,810,1,1,12284,0,0
2025-04,810,2,0,82,0,0
2025-04,810,2,1,652,0,0
2025-04,820,1,0,1744,0,0
2025-04,820,1,1,12432,2,0
2025-04,820,2,0,68,0,0
2025-04,820,2,1,663,0,0
2025-04,830,1,0,1777,0,0
2025-04,830,1,1,12143,3,0
2025-04,830,2,0,78,0,0
2025-04,830,2,1,638,1,0
2025-04,840,1,0,1627,0,0
2025-04,840,1,1,11473,1,0
2025-04,840,2,0,68,0,0
2025-04,840,2,1,576,0,0
2025-04,850,1,0,1620,1,0
2025-04,850,1,1,11101,1,1
2025-04,850,2,0,68,0,0
2025-04,850,2,1,523,0,0
2025-04,860,1,0,1226,0,0
2025-04,860,1,1,8512,1,0
2025-04,860,2,0,68,0,0
2025-04,860,2,1,455,0,0
2025-04,870,1,0,902,0,0
2025-04,870,1,1,6539,0,0
2025-04,870,2,0,37,0,0
2025-04,870,2,1,292,0,0
2025-04,880,1,0,554,0,0
2025-04,880,1,1,3516,0,0
2025-04,880,2,0,28,0,0
2025-04,880,2,1,167,0,0
2025-04,890,1,0,209,0,0
2025-04,890,1,1,1458,0,0
2025-04,890,2,0,15,0,0
2025-04,890,2,1,59,0,0
2025-05,420,1,0,1,0,0
2025-05,420,1,1,1,0,0
2025-05,420,2,1,1,0,0
2025-05,430,1,0,1,0,0
2025-05,430,1,1,3,0,0
2025-05,430,2,1,2,0,0
2025-05,440,1,0,1,0,0
2025-05,440,1,1,3,0,0
2025-05,440,2,1,7,0,0
2025-05,450,1,0,2,0,0
2025-05,450,1,1,10,1,0
2025-05,450,2,1,6,0,0
2025-05,460,1,0,1,0,0
2025-05,460,1,1,13,0,0
2025-05,460,2,1,13,0,0
2025-05,470,1,0,4,0,0
2025-05,470,1,1,50,1,0
2025-05,470,2,0,2,0,0
2025-05,470,2,1,25,0,0
2025-05,480,1,0,12,0,0
2025-05,480,1,1,50,0,0
2025-05,480,2,0,5,0,0
2025-05,480,2,1,22,0,0
2025-05,490,1,0,12,0,0
2025-05,490,1,1,62,0,0
2025-05,490,2,0,7,1,1
2025-05,490,2,1,32,0,0
2025-05,500,1,0,16,0,0
2025-05,500,1,1,123,0,0
2025-05,500,2,0,5,0,0
2025-05,500,2,1,60,0,0
2025-05,510,1,0,31,0,0
2025-05,510,1,1,196,0,0
2025-05,510,2,0,4,0,0
2025-05,510,2,1,70,1,1
2025-05,520,1,0,32,0,0
2025-05,520,1,1,249,0,0
2025-05,520,2,0,10,0,0
2025-05,520,2,1,96,0,0
2025-05,530,1,0,42,0,0
2025-05,530,1,1,406,2,0
2025-05,530,2,0,10,0,0
2025-05,530,2,1,120,1,0
2025-05,540,1,0,54,0,0
2025-05,540,1,1,467,1,0
2025-05,540,2,0,6,0,0
2025-05,540,2,1,156,0,0
2025-05,550,1,0,90,0,0
2025-05,550,1,1,650,2,0
2025-05,550,2,0,8,0,0
2025-05,550,2,1,187,1,0
2025-05,560,1,0,104,1,0
2025-05,560,1,1,778,0,0
2025-05,560,2,0,14,1,1
2025-05,560,2,1,216,2,0
2025-05,570,1,0,154,0,0
2025-05,570,1,1,1223,2,0
2025-05,570,2,0,28,1,0
2025-05,570,2,1,334,1,0
2025-05,580,1,0,152,0,0
2025-05,580,1,1,1396,6,1
2025-05,580,2,0,32,0,0
2025-05,580,2,1,343,2,0
2025-05,590,1,0,239,0,0
2025-05,590,1,1,1834,5,1
2025-05,590,2,0,46,0,0
2025-05,590,2,1,457,4,1
2025-05,600,1,0,254,0,0
2025-05,600,1,1,2091,2,0
2025-05,600,2,0,60,0,0
2025-05,600,2,1,483,2,0
2025-05,610,1,0,312,0,0
2025-05,610,1,1,2679,7,0
2025-05,610,2,0,61,0,0
2025-05,610,2,1,563,2,0
2025-05,620,1,0,469,1,0
2025-05,620,1,1,3354,3,0
2025-05,620,2,0,106,0,0
2025-05,620,2,1,1050,3,1
2025-05,630,1,0,507,0,0
2025-05,630,1,1,4033,6,0
2025-05,630,2,0,109,0,0
2025-05,630,2,1,1069,2,0
2025-05,640,1,0,547,0,0
2025-05,640,1,1,4123,5,1
2025-05,640,2,0,82,0,0
2025-05,640,2,1,1022,1,0
2025-05,650,1,0,639,0,0
2025-05,650,1,1,4995,3,1
2025-05,650,2,0,114,0,0
2025-05,650,2,1,1176,1,0
2025-05,660,1,0,717,0,0
2025-05,660,1,1,5416,8,2
2025-05,660,2,0,103,0,0
2025-05,660,2,1,1155,5,0
2025-05,670,1,0,838,2,0
2025-05,670,1,1,6146,6,0
2025-05,670,2,0,110,0,0
2025-05,670,2,1,1138,1,0
2025-05,680,1,0,782,0,0
2025-05,680,1,1,6311,7,0
2025-05,680,2,0,108,1,0
2025-05,680,2,1,987,0,0
2025-05,690,1,0,886,0,0
2025-05,690,1,1,7065,7,1
2025-05,690,2,0,103,0,0
2025-05,690,2,1,1005,0,0
2025-05,700,1,0,945,0,0
2025-05,700,1,1,7125,4,0
2025-05,700,2,0,118,0,0
2025-05,700,2,1,930,0,0
2025-05,710,1,0,1059,0,0
2025-05,710,1,1,7950,6,1
2025-05,710,2,0,117,0,0
2025-05,710,2,1,946,1,0
2025-05,720,1,0,1047,0,0
2025-05,720,1,1,8198,4,0
2025-05,720,2,0,121,0,0
2025-05,720,2,1,784,1,0
2025-05,730,1,0,1171,1,0
2025-05,730,1,1,8512,1,0
2025-05,730,2,0,108,0,0
2025-05,730,2,1,848,0,0
2025-05,740,1,0,1237,0,0
2025-05,740,1,1,8816,1,0
2025-05,740,2,0,93,0,0
2025-05,740,2,1,806,0,0
2025-05,750,1,0,1246,0,0
2025-05,750,1,1,9117,2,0
2025-05,750,2,0,107,0,0
2025-05,750,2,1,746,0,0
2025-05,760,1,0,1236,0,0
2025-05,760,1,1,9194,1,0
2025-05,760,2,0,89,0,0
2025-05,760,2,1,681,0,0
2025-05,770,1,0,1343,0,0
2025-05,770,1,1,9571,1,0
2025-05,770,2,0,91,0,0
2025-05,770,2,1,664,0,0
2025-05,780,1,0,1463,0,0
2025-05,780,1,1,10091,1,0
2025-05,780,2,0,85,0,0
2025-05,780,2,1,668,0,0
2025-05,790,1,0,1525,0,0
2025-05,790,1,1,10772,1,0
2025-05,790,2,0,95,0,0
2025-05,790,2,1,671,0,0
2025-05,800,1,0,1651,0,0
2025-05,800,1,1,11542,0,0
2025-05,800,2,0,81,0,0
2025-05,800,2,1,654,0,0
2025-05,810,1,0,1717,0,0
2025-05,810,1,1,11981,2,0
2025-05,810,2,0,78,0,0
2025-05,810,2,1,625,0,0
2025-05,820,1,0,1709,0,0
2025-05,820,1,1,12099,2,0
2025-05,820,2,0,65,0,0
2025-05,820,2,1,644,0,0
2025-05,830,1,0,1749,0,0
2025-05,830,1,1,11800,0,0
2025-05,830,2,0,75,0,0
2025-05,830,2,1,617,0,0
2025-05,840,1,0,1595,1,0
2025-05,840,1,1,11178,0,0
2025-05,840,2,0,64,0,0
2025-05,840,2,1,561,0,0
2025-05,850,1,0,1577,0,0
2025-05,850,1,1,10812,1,0
2025-05,850,2,0,66,0,0
2025-05,850,2,1,510,0,0
2025-05,860,1,0,1191,0,0
2025-05,860,1,1,8289,0,0
2025-05,860,2,0,65,0,0
2025-05,860,2,1,440,0,0
2025-05,870,1,0,889,0,0
2025-05,870,1,1,6370,0,0
2025-05,870,2,0,36,0,0
2025-05,870,2,1,282,0,0
2025-05,880,1,0,547,0,0
2025-05,880,1,1,3435,1,0
2025-05,880,2,0,28,0,0
2025-05,880,2,1,163,0,0
2025-05,890,1,0,206,0,0
2025-05,890,1,1,1419,0,0
2025-05,890,2,0,14,0,0
2025-05,890,2,1,55,0,0
2025-06,420,1,0,1,0,0
2025-06,420,1,1,1,0,0
2025-06,420,2,1,1,0,0
2025-06,430,1,0,1,0,0
2025-06,430,1,1,3,0,0
2025-06,430,2,1,2,0,0
2025-06,440,1,0,1,0,0
2025-06,440,1,1,3,0,0
2025-06,440,2,1,7,0,0
2025-06,450,1,0,2,0,0
2025-06,450,1,1,9,0,0
2025-06,450,2,1,6,0,0
2025-06,460,1,1,13,0,0
2025-06,460,2,1,13,0,0
2025-06,470,1,0,4,0,0
2025-06,470,1,1,48,0,0
2025-06,470,2,0,2,0,0
2025-06,470,2,1,24,0,0
2025-06,480,1,0,12,0,0
2025-06,480,1,1,50,0,0
2025-06,480,2,0,5,0,0
2025-06,480,2,1,22,0,0
2025-06,490,1,0,12,0,0
2025-06,490,1,1,62,0,0
2025-06,490,2,0,6,0,0
2025-06,490,2,1,28,0,0
2025-06,500,1,0,15,0,0
2025-06,500,1,1,121,0,0
2025-06,500,2,0,5,0,0
2025-06,500,2,1,58,0,0
2025-06,510,1,0,31,0,0
2025-06,510,1,1,193,0,0
2025-06,510,2,0,4,0,0
2025-06,510,2,1,67,0,0
2025-06,520,1,0,32,0,0
2025-06,520,1,1,244,1,0
2025-06,520,2,0,10,0,0
2025-06,520,2,1,94,0,0
2025-06,530,1,0,42,0,0
2025-06,530,1,1,392,2,0
2025-06,530,2,0,10,0,0
2025-06,530,2,1,113,0,0
2025-06,540,1,0,53,0,0
2025-06,540,1,1,455,3,0
2025-06,540,2,0,6,0,0
2025-06,540,2,1,150,0,0
2025-06,550,1,0,88,0,0
2025-06,550,1,1,631,1,0
2025-06,550,2,0,8,0,0
2025-06,550,2,1,186,2,0
2025-06,560,1,0,102,0,0
2025-06,560,1,1,754,0,0
2025-06,560,2,0,12,0,0
2025-06,560,2,1,204,0,0
2025-06,570,1,0,153,0,0
2025-06,570,1,1,1198,4,0
2025-06,570,2,0,27,0,0
2025-06,570,2,1,325,4,1
2025-06,580,1,0,150,2,1
2025-06,580,1,1,1357,7,2
2025-06,580,2,0,31,0,0
2025-06,580,2,1,334,2,0
2025-06,590,1,0,237,0,0
2025-06,590,1,1,1788,5,0
2025-06,590,2,0,45,0,0
2025-06,590,2,1,446,0,0
2025-06,600,1,0,250,1,0
2025-06,600,1,1,2035,6,0
2025-06,600,2,0,60,0,0
2025-06,600,2,1,470,3,1
2025-06,610,1,0,310,1,1
2025-06,610,1,1,2601,5,1
2025-06,610,2,0,60,0,0
2025-06,610,2,1,546,1,0
2025-06,620,1,0,458,0,0
2025-06,620,1,1,3276,2,0
2025-06,620,2,0,102,0,0
2025-06,620,2,1,1024,1,0
2025-06,630,1,0,495,0,0
2025-06,630,1,1,3927,10,1
2025-06,630,2,0,106,0,0
2025-06,630,2,1,1044,5,1
2025-06,640,1,0,535,0,0
2025-06,640,1,1,4016,5,2
2025-06,640,2,0,80,0,0
2025-06,640,2,1,997,0,0
2025-06,650,1,0,631,2,0
2025-06,650,1,1,4868,3,0
2025-06,650,2,0,111,0,0
2025-06,650,2,1,1148,3,0
2025-06,660,1,0,707,0,0
2025-06,660,1,1,5285,3,0
2025-06,660,2,0,99,0,0
2025-06,660,2,1,1123,2,0
2025-06,670,1,0,817,0,0
2025-06,670,1,1,6004,5,0
2025-06,670,2,0,108,1,0
2025-06,670,2,1,1104,0,0
2025-06,680,1,0,761,0,0
2025-06,680,1,1,6139,4,0
2025-06,680,2,0,103,0,0
2025-06,680,2,1,964,3,1
2025-06,690,1,0,869,0,0
2025-06,690,1,1,6897,9,3
2025-06,690,2,0,97,0,0
2025-06,690,2,1,979,0,0
2025-06,700,1,0,925,0,0
2025-06,700,1,1,6940,2,0
2025-06,700,2,0,116,0,0
2025-06,700,2,1,906,1,0
2025-06,710,1,0,1029,0,0
2025-06,710,1,1,7750,2,0
2025-06,710,2,0,112,0,0
2025-06,710,2,1,922,1,1
2025-06,720,1,0,1025,0,0
2025-06,720,1,1,7956,3,0
2025-06,720,2,0,118,0,0
2025-06,720,2,1,762,0,0
2025-06,730,1,0,1145,1,1
2025-06,730,1,1,8299,2,0
2025-06,730,2,0,101,0,0
2025-06,730,2,1,830,1,0
2025-06,740,1,0,1216,0,0
2025-06,740,1,1,8570,3,0
2025-06,740,2,0,90,0,0
2025-06,740,2,1,782,0,0
2025-06,750,1,0,1218,0,0
2025-06,750,1,1,8893,3,0
2025-06,750,2,0,104,0,0
2025-06,750,2,1,723,0,0
2025-06,760,1,0,1199,0,0
2025-06,760,1,1,8982,4,0
2025-06,760,2,0,87,0,0
2025-06,760,2,1,667,0,0
2025-06,770,1,0,1318,0,0
2025-06,770,1,1,9317,0,0
2025-06,770,2,0,87,0,0
2025-06,770,2,1,640,0,0
2025-06,780,1,0,1432,0,0
2025-06,780,1,1,9832,4,0
2025-06,780,2,0,84,0,0
2025-06,780,2,1,652,0,0
2025-06,790,1,0,1498,0,0
2025-06,790,1,1,10485,0,0
2025-06,790,2,0,91,0,0
2025-06,790,2,1,647,0,0
2025-06,800,1,0,1614,0,0
2025-06,800,1,1,11255,0,0
2025-06,800,2,0,79,0,0
2025-06,800,2,1,634,0,0
2025-06,810,1,0,1681,0,0
2025-06,810,1,1,11651,2,0
2025-06,810,2,0,77,0,0
2025-06,810,2,1,606,0,0
2025-06,820,1,0,1666,1,0
2025-06,820,1,1,11787,0,0
2025-06,820,2,0,63,0,0
2025-06,820,2,1,613,0,0
2025-06,830,1,0,1718,0,0
2025-06,830,1,1,11471,0,0
2025-06,830,2,0,74,0,0
2025-06,830,2,1,593,0,0
2025-06,840,1,0,1569,0,0
2025-06,840,1,1,10872,1,0
2025-06,840,2,0,63,0,0
2025-06,840,2,1,543,0,0
2025-06,850,1,0,1544,0,0
2025-06,850,1,1,10537,0,0
2025-06,850,2,0,61,0,0
2025-06,850,2,1,491,0,0
2025-06,860,1,0,1164,0,0
2025-06,860,1,1,8082,0,0
2025-06,860,2,0,64,0,0
2025-06,860,2,1,423,0,0
2025-06,870,1,0,870,0,0
2025-06,870,1,1,6206,1,0
2025-06,870,2,0,35,0,0
2025-06,870,2,1,271,0,0
2025-06,880,1,0,536,0,0
2025-06,880,1,1,3332,0,0
2025-06,880,2,0,26,0,0
2025-06,880,2,1,158,0,0
2025-06,890,1,0,205,0,0
2025-06,890,1,1,1386,0,0
2025-06,890,2,0,14,0,0
2025-06,890,2,1,52,0,0
2025-07,420,1,0,1,0,0
2025-07,420,1,1,1,0,0
2025-07,420,2,1,1,0,0
2025-07,430,1,0,1,0,0
2025-07,430,1,1,3,0,0
2025-07,430,2,1,2,0,0
2025-07,440,1,0,1,0,0
2025-07,440,1,1,3,0,0
2025-07,440,2,1,7,0,0
2025-07,450,1,0,2,0,0
2025-07,450,1,1,9,0,0
2025-07,450,2,1,6,0,0
2025-07,460,1,1,13,0,0
2025-07,460,2,1,13,0,0
2025-07,470,1,0,4,0,0
2025-07,470,1,1,47,0,0
2025-07,470,2,0,2,0,0
2025-07,470,2,1,24,0,0
2025-07,480,1,0,12,0,0
2025-07,480,1,1,49,0,0
2025-07,480,2,0,4,0,0
2025-07,480,2,1,21,0,0
2025-07,490,1,0,12,0,0
2025-07,490,1,1,60,0,0
2025-07,490,2,0,6,0,0
2025-07,490,2,1,27,0,0
2025-07,500,1,0,15,0,0
2025-07,500,1,1,117,0,0
2025-07,500,2,0,4,0,0
2025-07,500,2,1,57,0,0
2025-07,510,1,0,31,0,0
2025-07,510,1,1,190,0,0
2025-07,510,2,0,4,0,0
2025-07,510,2,1,65,1,1
2025-07,520,1,0,30,0,0
2025-07,520,1,1,235,2,0
2025-07,520,2,0,10,0,0
2025-07,520,2,1,93,0,0
2025-07,530,1,0,41,0,0
2025-07,530,1,1,385,1,0
2025-07,530,2,0,10,0,0
2025-07,530,2,1,112,2,0
2025-07,540,1,0,53,0,0
2025-07,540,1,1,442,2,0
2025-07,540,2,0,6,0,0
2025-07,540,2,1,150,3,1
2025-07,550,1,0,88,0,0
2025-07,550,1,1,617,0,0
2025-07,550,2,0,8,0,0
2025-07,550,2,1,183,1,1
2025-07,560,1,0,99,0,0
2025-07,560,1,1,739,2,0
2025-07,560,2,0,12,0,0
2025-07,560,2,1,200,3,0
2025-07,570,1,0,152,0,0
2025-07,570,1,1,1166,2,0
2025-07,570,2,0,27,0,0
2025-07,570,2,1,316,0,0
2025-07,580,1,0,145,0,0
2025-07,580,1,1,1322,4,2
2025-07,580,2,0,28,0,0
2025-07,580,2,1,325,0,0
2025-07,590,1,0,235,0,0
2025-07,590,1,1,1734,3,0
2025-07,590,2,0,44,0,0
2025-07,590,2,1,435,2,0
2025-07,600,1,0,245,0,0
2025-07,600,1,1,1985,3,0
2025-07,600,2,0,59,0,0
2025-07,600,2,1,454,2,0
2025-07,610,1,0,302,1,0
2025-07,610,1,1,2529,7,2
2025-07,610,2,0,59,0,0
2025-07,610,2,1,535,1,0
2025-07,620,1,0,449,1,0
2025-07,620,1,1,3207,8,1
2025-07,620,2,0,100,0,0
2025-07,620,2,1,1004,2,1
2025-07,630,1,0,486,2,0
2025-07,630,1,1,3836,7,1
2025-07,630,2,0,105,0,0
2025-07,630,2,1,1027,2,0
2025-07,640,1,0,522,0,0
2025-07,640,1,1,3912,9,1
2025-07,640,2,0,77,0,0
2025-07,640,2,1,976,3,1
2025-07,650,1,0,612,0,0
2025-07,650,1,1,4756,6,1
2025-07,650,2,0,108,0,0
2025-07,650,2,1,1112,2,0
2025-07,660,1,0,701,0,0
2025-07,660,1,1,5170,6,0
2025-07,660,2,0,96,0,0
2025-07,660,2,1,1095,4,0
2025-07,670,1,0,801,0,0
2025-07,670,1,1,5859,10,0
2025-07,670,2,0,104,0,0
2025-07,670,2,1,1069,1,0
2025-07,680,1,0,746,0,0
2025-07,680,1,1,5966,7,1
2025-07,680,2,0,99,0,0
2025-07,680,2,1,930,0,0
2025-07,690,1,0,851,2,0
2025-07,690,1,1,6715,5,1
2025-07,690,2,0,93,0,0
2025-07,690,2,1,947,1,0
2025-07,700,1,0,900,0,0
2025-07,700,1,1,6760,5,2
2025-07,700,2,0,113,0,0
2025-07,700,2,1,871,2,0
2025-07,710,1,0,1013,0,0
2025-07,710,1,1,7588,1,0
2025-07,710,2,0,110,0,0
2025-07,710,2,1,899,0,0
2025-07,720,1,0,1001,1,0
2025-07,720,1,1,7747,4,1
2025-07,720,2,0,115,0,0
2025-07,720,2,1,735,0,0
2025-07,730,1,0,1117,0,0
2025-07,730,1,1,8088,3,0
2025-07,730,2,0,96,0,0
2025-07,730,2,1,802,0,0
2025-07,740,1,0,1188,0,0
2025-07,740,1,1,8333,0,0
2025-07,740,2,0,86,0,0
2025-07,740,2,1,759,2,1
2025-07,750,1,0,1195,0,0
2025-07,750,1,1,8668,3,0
2025-07,750,2,0,97,0,0
2025-07,750,2,1,698,0,0
2025-07,760,1,0,1175,1,0
2025-07,760,1,1,8757,2,0
2025-07,760,2,0,86,0,0
2025-07,760,2,1,646,1,1
2025-07,770,1,0,1296,0,0
2025-07,770,1,1,9069,0,0
2025-07,770,2,0,82,0,0
2025-07,770,2,1,620,0,0
2025-07,780,1,0,1407,0,0
2025-07,780,1,1,9566,2,0
2025-07,780,2,0,82,0,0
2025-07,780,2,1,626,0,0
2025-07,790,1,0,1469,0,0
2025-07,790,1,1,10206,3,0
2025-07,790,2,0,89,0,0
2025-07,790,2,1,623,0,0
2025-07,800,1,0,1578,0,0
2025-07,800,1,1,10967,2,2
2025-07,800,2,0,75,0,0
2025-07,800,2,1,614,0,0
2025-07,810,1,0,1649,0,0
2025-07,810,1,1,11365,1,0
2025-07,810,2,0,77,0,0
2025-07,810,2,1,579,1,0
2025-07,820,1,0,1625,0,0
2025-07,820,1,1,11469,1,0
2025-07,820,2,0,62,0,0
2025-07,820,2,1,578,0,0
2025-07,830,1,0,1674,0,0
2025-07,830,1,1,11145,0,0
2025-07,830,2,0,69,0,0
2025-07,830,2,1,572,0,0
2025-07,840,1,0,1540,1,0
2025-07,840,1,1,10546,2,0
2025-07,840,2,0,59,0,0
2025-07,840,2,1,524,0,0
2025-07,850,1,0,1512,0,0
2025-07,850,1,1,10246,0,0
2025-07,850,2,0,61,0,0
2025-07,850,2,1,472,0,0
2025-07,860,1,0,1138,0,0
2025-07,860,1,1,7871,0,0
2025-07,860,2,0,61,0,0
2025-07,860,2,1,405,0,0
2025-07,870,1,0,856,0,0
2025-07,870,1,1,6052,0,0
2025-07,870,2,0,35,0,0
2025-07,870,2,1,265,0,0
2025-07,880,1,0,523,0,0
2025-07,880,1,1,3254,0,0
2025-07,880,2,0,24,0,0
2025-07,880,2,1,155,0,0
2025-07,890,1,0,199,0,0
2025-07,890,1,1,1349,0,0
2025-07,890,2,0,13,0,0
2025-07,890,2,1,47,0,0
2025-08,420,1,1,2,0,0
2025-08,420,2,1,1,0,0
2025-08,430,1,1,4,0,0
2025-08,430,2,1,2,0,0
2025-08,440,1,1,4,0,0
2025-08,440,2,1,7,0,0
2025-08,450,1,1,10,0,0
2025-08,450,2,1,6,0,0
2025-08,460,1,1,12,0,0
2025-08,460,2,1,13,0,0
2025-08,470,1,1,48,0,0
2025-08,470,2,1,24,0,0
2025-08,480,1,1,61,0,0
2025-08,480,2,1,25,0,0
2025-08,490,1,1,69,0,0
2025-08,490,2,1,32,0,0
2025-08,500,1,1,130,0,0
2025-08,500,2,1,60,0,0
2025-08,510,1,1,214,0,0
2025-08,510,2,1,65,1,0
2025-08,520,1,1,260,2,1
2025-08,520,2,1,96,0,0
2025-08,530,1,1,416,1,0
2025-08,530,2,1,118,0,0
2025-08,540,1,1,485,3,0
2025-08,540,2,1,149,1,0
2025-08,550,1,1,684,1,0
2025-08,550,2,1,187,0,0
2025-08,560,1,1,819,3,0
2025-08,560,2,1,206,1,0
2025-08,570,1,1,1279,4,0
2025-08,570,2,1,338,1,0
2025-08,580,1,1,1421,3,0
2025-08,580,2,1,345,3,1
2025-08,590,1,1,1916,3,0
2025-08,590,2,1,466,1,0
2025-08,600,1,1,2182,8,1
2025-08,600,2,1,500,3,0
2025-08,610,1,1,2751,4,0
2025-08,610,2,1,578,1,0
2025-08,620,1,1,3552,13,0
2025-08,620,2,1,1069,2,1
2025-08,630,1,1,4212,7,1
2025-08,630,2,1,1102,4,0
2025-08,640,1,1,4303,10,0
2025-08,640,2,1,1024,0,0
2025-08,650,1,1,5227,6,3
2025-08,650,2,1,1188,2,1
2025-08,660,1,1,5732,7,1
2025-08,660,2,1,1154,2,0
2025-08,670,1,1,6485,12,2
2025-08,670,2,1,1135,1,0
2025-08,680,1,1,6559,13,1
2025-08,680,2,1,995,1,0
2025-08,690,1,1,7362,4,1
2025-08,690,2,1,1004,2,1
2025-08,700,1,1,7439,4,0
2025-08,700,2,1,947,1,0
2025-08,710,1,1,8374,9,2
2025-08,710,2,1,964,0,0
2025-08,720,1,1,8518,7,1
2025-08,720,2,1,815,0,0
2025-08,730,1,1,8958,7,2
2025-08,730,2,1,878,0,0
2025-08,740,1,1,9262,2,0
2025-08,740,2,1,817,2,0
2025-08,750,1,1,9591,6,0
2025-08,750,2,1,776,0,0
2025-08,760,1,1,9671,1,0
2025-08,760,2,1,690,0,0
2025-08,770,1,1,10088,5,0
2025-08,770,2,1,687,0,0
2025-08,780,1,1,10668,4,0
2025-08,780,2,1,673,0,0
2025-08,790,1,1,11340,1,1
2025-08,790,2,1,688,0,0
2025-08,800,1,1,12197,1,0
2025-08,800,2,1,659,0,0
2025-08,810,1,1,12656,1,0
2025-08,810,2,1,625,0,0
2025-08,820,1,1,12678,1,1
2025-08,820,2,1,616,0,0
2025-08,830,1,1,12425,0,0
2025-08,830,2,1,613,0,0
2025-08,840,1,1,11788,1,0
2025-08,840,2,1,550,0,0
2025-08,850,1,1,11401,0,0
2025-08,850,2,1,508,0,0
2025-08,860,1,1,8754,0,0
2025-08,860,2,1,447,0,0
2025-08,870,1,1,6716,0,0
2025-08,870,2,1,287,0,0
2025-08,880,1,1,3660,0,0
2025-08,880,2,1,164,0,0
2025-08,890,1,1,1507,0,0
2025-08,890,2,1,60,0,0
2025-09,420,1,0,1,0,0
2025-09,420,1,1,2,0,0
2025-09,430,1,0,2,0,0
2025-09,430,1,1,4,0,0
2025-09,430,2,1,1,0,0
2025-09,440,1,0,1,0,0
2025-09,440,1,1,4,0,0
2025-09,440,2,1,7,0,0
2025-09,450,1,0,1,0,0
2025-09,450,1,1,10,0,0
2025-09,450,2,0,3,0,0
2025-09,450,2,1,6,0,0
2025-09,460,1,0,5,0,0
2025-09,460,1,1,12,0,0
2025-09,460,2,0,2,0,0
2025-09,460,2,1,13,0,0
2025-09,470,1,0,2,0,0
2025-09,470,1,1,47,3,0
2025-09,470,2,0,1,0,0
2025-09,470,2,1,24,1,0
2025-09,480,1,0,4,0,0
2025-09,480,1,1,60,0,0
2025-09,480,2,0,4,0,0
2025-09,480,2,1,25,0,0
2025-09,490,1,0,10,0,0
2025-09,490,1,1,68,0,0
2025-09,490,2,0,3,0,0
2025-09,490,2,1,32,0,0
2025-09,500,1,0,20,0,0
2025-09,500,1,1,127,1,0
2025-09,500,2,0,6,0,0
2025-09,500,2,1,60,0,0
2025-09,510,1,0,27,0,0
2025-09,510,1,1,212,1,0
2025-09,510,2,0,11,0,0
2025-09,510,2,1,64,0,0
2025-09,520,1,0,34,0,0
2025-09,520,1,1,251,0,0
2025-09,520,2,0,11,0,0
2025-09,520,2,1,94,0,0
2025-09,530,1,0,62,0,0
2025-09,530,1,1,402,2,0
2025-09,530,2,0,12,0,0
2025-09,530,2,1,117,0,0
2025-09,540,1,0,79,0,0
2025-09,540,1,1,474,2,0
2025-09,540,2,0,16,0,0
2025-09,540,2,1,144,2,0
2025-09,550,1,0,93,0,0
2025-09,550,1,1,667,2,1
2025-09,550,2,0,13,0,0
2025-09,550,2,1,184,0,0
2025-09,560,1,0,94,0,0
2025-09,560,1,1,785,1,1
2025-09,560,2,0,20,0,0
2025-09,560,2,1,198,0,0
2025-09,570,1,0,194,0,0
2025-09,570,1,1,1244,6,0
2025-09,570,2,0,39,0,0
2025-09,570,2,1,333,2,1
2025-09,580,1,0,178,0,0
2025-09,580,1,1,1374,4,1
2025-09,580,2,0,31,0,0
2025-09,580,2,1,331,1,1
2025-09,590,1,0,254,0,0
2025-09,590,1,1,1861,5,1
2025-09,590,2,0,45,0,0
2025-09,590,2,1,459,3,0
2025-09,600,1,0,280,0,0
2025-09,600,1,1,2122,4,0
2025-09,600,2,0,48,0,0
2025-09,600,2,1,483,2,0
2025-09,610,1,0,377,0,0
2025-09,610,1,1,2692,10,2
2025-09,610,2,0,53,0,0
2025-09,610,2,1,553,3,0
2025-09,620,1,0,527,0,0
2025-09,620,1,1,3467,9,0
2025-09,620,2,0,97,0,0
2025-09,620,2,1,1043,4,0
2025-09,630,1,0,575,0,0
2025-09,630,1,1,4102,12,1
2025-09,630,2,0,124,0,0
2025-09,630,2,1,1075,3,1
2025-09,640,1,0,620,0,0
2025-09,640,1,1,4185,9,1
2025-09,640,2,0,109,0,0
2025-09,640,2,1,997,2,0
2025-09,650,1,0,624,0,0
2025-09,650,1,1,5100,6,0
2025-09,650,2,0,93,0,0
2025-09,650,2,1,1153,3,0
2025-09,660,1,0,780,0,0
2025-09,660,1,1,5566,8,1
2025-09,660,2,0,111,0,0
2025-09,660,2,1,1129,0,0
2025-09,670,1,0,856,0,0
2025-09,670,1,1,6310,9,0
2025-09,670,2,0,128,0,0
2025-09,670,2,1,1098,1,0
2025-09,680,1,0,799,0,0
2025-09,680,1,1,6364,7,1
2025-09,680,2,0,95,0,0
2025-09,680,2,1,963,0,0
2025-09,690,1,0,948,0,0
2025-09,690,1,1,7206,7,0
2025-09,690,2,0,109,0,0
2025-09,690,2,1,978,0,0
2025-09,700,1,0,986,0,0
2025-09,700,1,1,7261,5,1
2025-09,700,2,0,135,0,0
2025-09,700,2,1,912,1,0
2025-09,710,1,0,1069,0,0
2025-09,710,1,1,8160,4,0
2025-09,710,2,0,107,0,0
2025-09,710,2,1,941,1,0
2025-09,720,1,0,1107,0,0
2025-09,720,1,1,8304,1,0
2025-09,720,2,0,123,0,0
2025-09,720,2,1,781,0,0
2025-09,730,1,0,1156,1,0
2025-09,730,1,1,8713,1,0
2025-09,730,2,0,115,0,0
2025-09,730,2,1,844,2,0
2025-09,740,1,0,1205,0,0
2025-09,740,1,1,9027,4,0
2025-09,740,2,0,131,0,0
2025-09,740,2,1,783,0,0
2025-09,750,1,0,1193,0,0
2025-09,750,1,1,9354,3,0
2025-09,750,2,0,107,0,0
2025-09,750,2,1,754,0,0
2025-09,760,1,0,1273,0,0
2025-09,760,1,1,9435,1,0
2025-09,760,2,0,100,0,0
2025-09,760,2,1,663,0,0
2025-09,770,1,0,1315,0,0
2025-09,770,1,1,9790,1,0
2025-09,770,2,0,110,0,0
2025-09,770,2,1,655,0,0
2025-09,780,1,0,1428,0,0
2025-09,780,1,1,10378,2,0
2025-09,780,2,0,92,0,0
2025-09,780,2,1,647,0,0
2025-09,790,1,0,1456,0,0
2025-09,790,1,1,11048,3,1
2025-09,790,2,0,105,0,0
2025-09,790,2,1,654,0,0
2025-09,800,1,0,1618,0,0
2025-09,800,1,1,11841,2,0
2025-09,800,2,0,98,0,0
2025-09,800,2,1,631,0,0
2025-09,810,1,0,1691,0,0
2025-09,810,1,1,12299,0,0
2025-09,810,2,0,122,0,0
2025-09,810,2,1,597,0,0
2025-09,820,1,0,1741,0,0
2025-09,820,1,1,12370,0,0
2025-09,820,2,0,92,0,0
2025-09,820,2,1,587,0,0
2025-09,830,1,0,1649,0,0
2025-09,830,1,1,12069,0,0
2025-09,830,2,0,97,0,0
2025-09,830,2,1,581,0,0
2025-09,840,1,0,1575,0,0
2025-09,840,1,1,11456,1,1
2025-09,840,2,0,90,0,0
2025-09,840,2,1,520,0,0
2025-09,850,1,0,1612,0,0
2025-09,850,1,1,11089,1,0
2025-09,850,2,0,92,0,0
2025-09,850,2,1,485,0,0
2025-09,860,1,0,1294,0,0
2025-09,860,1,1,8500,0,0
2025-09,860,2,0,83,0,0
2025-09,860,2,1,428,0,0
2025-09,870,1,0,939,0,0
2025-09,870,1,1,6528,0,0
2025-09,870,2,0,50,0,0
2025-09,870,2,1,274,0,0
2025-09,880,1,0,565,0,0
2025-09,880,1,1,3549,0,0
2025-09,880,2,0,35,0,0
2025-09,880,2,1,156,0,0
2025-09,890,1,0,234,0,0
2025-09,890,1,1,1463,0,0
2025-09,890,2,0,14,0,0
2025-09,890,2,1,57,0,0
2025-10,420,1,0,1,0,0
2025-10,420,1,1,2,0,0
2025-10,430,1,0,2,0,0
2025-10,430,1,1,4,0,0
2025-10,430,2,1,1,0,0
2025-10,440,1,0,1,0,0
2025-10,440,1,1,4,0,0
2025-10,440,2,1,7,0,0
2025-10,450,1,0,1,0,0
2025-10,450,1,1,10,0,0
2025-10,450,2,0,2,0,0
2025-10,450,2,1,6,0,0
2025-10,460,1,0,4,0,0
2025-10,460,1,1,12,0,0
2025-10,460,2,0,2,0,0
2025-10,460,2,1,13,0,0
2025-10,470,1,0,2,0,0
2025-10,470,1,1,44,0,0
2025-10,470,2,0,1,0,0
2025-10,470,2,1,21,2,0
2025-10,480,1,0,4,0,0
2025-10,480,1,1,60,0,0
2025-10,480,2,0,4,0,0
2025-10,480,2,1,23,0,0
2025-10,490,1,0,10,0,0
2025-10,490,1,1,66,0,0
2025-10,490,2,0,3,0,0
2025-10,490,2,1,32,0,0
2025-10,500,1,0,18,0,0
2025-10,500,1,1,125,0,0
2025-10,500,2,0,6,0,0
2025-10,500,2,1,58,0,0
2025-10,510,1,0,26,0,0
2025-10,510,1,1,209,0,0
2025-10,510,2,0,11,0,0
2025-10,510,2,1,64,0,0
2025-10,520,1,0,33,0,0
2025-10,520,1,1,247,2,0
2025-10,520,2,0,11,0,0
2025-10,520,2,1,93,0,0
2025-10,530,1,0,59,0,0
2025-10,530,1,1,384,0,0
2025-10,530,2,0,12,0,0
2025-10,530,2,1,113,2,0
2025-10,540,1,0,78,0,0
2025-10,540,1,1,462,0,0
2025-10,540,2,0,16,0,0
2025-10,540,2,1,141,0,0
2025-10,550,1,0,91,0,0
2025-10,550,1,1,649,4,2
2025-10,550,2,0,13,0,0
2025-10,550,2,1,181,1,0
2025-10,560,1,0,93,0,0
2025-10,560,1,1,758,2,0
2025-10,560,2,0,19,0,0
2025-10,560,2,1,191,1,0
2025-10,570,1,0,191,1,0
2025-10,570,1,1,1200,7,1
2025-10,570,2,0,38,0,0
2025-10,570,2,1,322,3,1
2025-10,580,1,0,173,0,0
2025-10,580,1,1,1344,7,1
2025-10,580,2,0,30,0,0
2025-10,580,2,1,323,0,0
2025-10,590,1,0,250,0,0
2025-10,590,1,1,1817,5,2
2025-10,590,2,0,44,0,0
2025-10,590,2,1,447,2,1
2025-10,600,1,0,276,0,0
2025-10,600,1,1,2056,5,3
2025-10,600,2,0,44,0,0
2025-10,600,2,1,469,1,0
2025-10,610,1,0,369,0,0
2025-10,610,1,1,2616,7,0
2025-10,610,2,0,53,0,0
2025-10,610,2,1,531,1,0
2025-10,620,1,0,519,0,0
2025-10,620,1,1,3364,11,2
2025-10,620,2,0,97,0,0
2025-10,620,2,1,1011,2,0
2025-10,630,1,0,566,0,0
2025-10,630,1,1,3988,8,0
2025-10,630,2,0,123,0,0
2025-10,630,2,1,1035,3,0
2025-10,640,1,0,611,0,0
2025-10,640,1,1,4065,7,2
2025-10,640,2,0,109,0,0
2025-10,640,2,1,965,2,1
2025-10,650,1,0,616,1,0
2025-10,650,1,1,4979,10,1
2025-10,650,2,0,91,0,0
2025-10,650,2,1,1126,2,0
2025-10,660,1,0,765,0,0
2025-10,660,1,1,5412,7,0
2025-10,660,2,0,108,0,0
2025-10,660,2,1,1091,2,0
2025-10,670,1,0,841,0,0
2025-10,670,1,1,6157,9,2
2025-10,670,2,0,126,0,0
2025-10,670,2,1,1064,3,0
2025-10,680,1,0,787,0,0
2025-10,680,1,1,6188,7,3
2025-10,680,2,0,92,0,0
2025-10,680,2,1,924,0,0
2025-10,690,1,0,934,0,0
2025-10,690,1,1,7014,3,0
2025-10,690,2,0,107,0,0
2025-10,690,2,1,946,2,1
2025-10,700,1,0,970,0,0
2025-10,700,1,1,7054,7,0
2025-10,700,2,0,133,0,0
2025-10,700,2,1,888,1,1
2025-10,710,1,0,1058,0,0
2025-10,710,1,1,7940,7,0
2025-10,710,2,0,106,0,0
2025-10,710,2,1,913,0,0
2025-10,720,1,0,1092,0,0
2025-10,720,1,1,8118,3,0
2025-10,720,2,0,119,0,0
2025-10,720,2,1,747,1,0
2025-10,730,1,0,1143,0,0
2025-10,730,1,1,8459,1,0
2025-10,730,2,0,115,0,0
2025-10,730,2,1,814,1,0
2025-10,740,1,0,1183,0,0
2025-10,740,1,1,8776,0,0
2025-10,740,2,0,129,0,0
2025-10,740,2,1,752,1,0
2025-10,750,1,0,1170,0,0
2025-10,750,1,1,9081,5,0
2025-10,750,2,0,105,0,0
2025-10,750,2,1,730,0,0
2025-10,760,1,0,1252,0,0
2025-10,760,1,1,9169,1,1
2025-10,760,2,0,97,0,0
2025-10,760,2,1,636,1,0
2025-10,770,1,0,1293,0,0
2025-10,770,1,1,9532,1,0
2025-10,770,2,0,107,0,0
2025-10,770,2,1,626,0,0
2025-10,780,1,0,1408,0,0
2025-10,780,1,1,10086,2,0
2025-10,780,2,0,91,0,0
2025-10,780,2,1,615,1,0
2025-10,790,1,0,1434,0,0
2025-10,790,1,1,10732,0,0
2025-10,790,2,0,99,0,0
2025-10,790,2,1,621,0,0
2025-10,800,1,0,1594,0,0
2025-10,800,1,1,11495,1,0
2025-10,800,2,0,96,0,0
2025-10,800,2,1,595,0,0
2025-10,810,1,0,1671,0,0
2025-10,810,1,1,11955,1,0
2025-10,810,2,0,122,0,0
2025-10,810,2,1,582,0,0
2025-10,820,1,0,1707,0,0
2025-10,820,1,1,12012,2,0
2025-10,820,2,0,87,0,0
2025-10,820,2,1,561,0,0
2025-10,830,1,0,1626,0,0
2025-10,830,1,1,11737,0,0
2025-10,830,2,0,96,0,0
2025-10,830,2,1,553,0,0
2025-10,840,1,0,1544,0,0
2025-10,840,1,1,11155,0,0
2025-10,840,2,0,89,0,0
2025-10,840,2,1,491,0,0
2025-10,850,1,0,1586,0,0
2025-10,850,1,1,10771,0,0
2025-10,850,2,0,89,0,0
2025-10,850,2,1,466,0,0
2025-10,860,1,0,1271,0,0
2025-10,860,1,1,8275,0,0
2025-10,860,2,0,81,0,0
2025-10,860,2,1,409,0,0
2025-10,870,1,0,920,0,0
2025-10,870,1,1,6349,0,0
2025-10,870,2,0,50,0,0
2025-10,870,2,1,263,0,0
2025-10,880,1,0,554,0,0
2025-10,880,1,1,3445,0,0
2025-10,880,2,0,34,0,0
2025-10,880,2,1,148,0,0
2025-10,890,1,0,231,0,0
2025-10,890,1,1,1431,0,0
2025-10,890,2,0,14,0,0
2025-10,890,2,1,56,0,0
2025-11,420,1,0,1,0,0
2025-11,420,1,1,2,0,0
2025-11,430,1,0,2,0,0
2025-11,430,1,1,4,0,0
2025-11,430,2,1,1,0,0
2025-11,440,1,0,1,0,0
2025-11,440,1,1,4,0,0
2025-11,440,2,1,7,0,0
2025-11,450,1,0,5,0,0
2025-11,450,1,1,10,0,0
2025-11,450,2,0,2,0,0
2025-11,450,2,1,6,0,0
2025-11,460,1,0,6,0,0
2025-11,460,1,1,12,0,0
2025-11,460,2,0,2,0,0
2025-11,460,2,1,13,0,0
2025-11,470,1,0,7,0,0
2025-11,470,1,1,44,1,0
2025-11,470,2,0,4,0,0
2025-11,470,2,1,19,0,0
2025-11,480,1,0,8,0,0
2025-11,480,1,1,56,1,0
2025-11,480,2,0,5,0,0
2025-11,480,2,1,23,0,0
2025-11,490,1,0,15,0,0
2025-11,490,1,1,65,0,0
2025-11,490,2,0,4,0,0
2025-11,490,2,1,31,0,0
2025-11,500,1,0,28,0,0
2025-11,500,1,1,121,0,0
2025-11,500,2,0,10,0,0
2025-11,500,2,1,58,0,0
2025-11,510,1,0,43,0,0
2025-11,510,1,1,204,0,0
2025-11,510,2,0,22,0,0
2025-11,510,2,1,62,2,1
2025-11,520,1,0,63,0,0
2025-11,520,1,1,236,2,0
2025-11,520,2,0,17,0,0
2025-11,520,2,1,93,0,0
2025-11,530,1,0,95,0,0
2025-11,530,1,1,374,1,1
2025-11,530,2,0,23,0,0
2025-11,530,2,1,107,1,0
2025-11,540,1,0,118,0,0
2025-11,540,1,1,454,0,0
2025-11,540,2,0,26,0,0
2025-11,540,2,1,135,0,0
2025-11,550,1,0,134,0,0
2025-11,550,1,1,631,4,2
2025-11,550,2,0,29,0,0
2025-11,550,2,1,177,0,0
2025-11,560,1,0,178,0,0
2025-11,560,1,1,734,7,0
2025-11,560,2,0,32,0,0
2025-11,560,2,1,182,0,0
2025-11,570,1,0,307,0,0
2025-11,570,1,1,1160,5,0
2025-11,570,2,0,68,0,0
2025-11,570,2,1,314,1,0
2025-11,580,1,0,282,0,0
2025-11,580,1,1,1299,2,0
2025-11,580,2,0,55,0,0
2025-11,580,2,1,318,0,0
2025-11,590,1,0,411,0,0
2025-11,590,1,1,1777,6,0
2025-11,590,2,0,66,0,0
2025-11,590,2,1,435,0,0
2025-11,600,1,0,449,1,0
2025-11,600,1,1,1997,3,0
2025-11,600,2,0,74,0,0
2025-11,600,2,1,455,4,0
2025-11,610,1,0,619,0,0
2025-11,610,1,1,2524,5,0
2025-11,610,2,0,87,0,0
2025-11,610,2,1,519,2,0
2025-11,620,1,0,826,1,0
2025-11,620,1,1,3270,11,0
2025-11,620,2,0,172,0,0
2025-11,620,2,1,980,3,0
2025-11,630,1,0,921,1,0
2025-11,630,1,1,3879,6,1
2025-11,630,2,0,190,0,0
2025-11,630,2,1,1008,3,0
2025-11,640,1,0,932,0,0
2025-11,640,1,1,3950,5,0
2025-11,640,2,0,194,0,0
2025-11,640,2,1,942,1,1
2025-11,650,1,0,1045,2,0
2025-11,650,1,1,4846,6,0
2025-11,650,2,0,155,0,0
2025-11,650,2,1,1088,1,0
2025-11,660,1,0,1250,1,0
2025-11,660,1,1,5270,14,2
2025-11,660,2,0,177,0,0
2025-11,660,2,1,1054,4,0
2025-11,670,1,0,1380,0,0
2025-11,670,1,1,5998,6,1
2025-11,670,2,0,190,0,0
2025-11,670,2,1,1030,2,0
2025-11,680,1,0,1302,0,0
2025-11,680,1,1,6036,2,1
2025-11,680,2,0,167,0,0
2025-11,680,2,1,896,0,0
2025-11,690,1,0,1579,0,0
2025-11,690,1,1,6833,7,0
2025-11,690,2,0,189,0,0
2025-11,690,2,1,911,1,0
2025-11,700,1,0,1598,0,0
2025-11,700,1,1,6858,3,1
2025-11,700,2,0,195,0,0
2025-11,700,2,1,861,2,1
2025-11,710,1,0,1781,0,0
2025-11,710,1,1,7740,2,1
2025-11,710,2,0,187,0,0
2025-11,710,2,1,878,0,0
2025-11,720,1,0,1840,0,0
2025-11,720,1,1,7887,1,0
2025-11,720,2,0,186,0,0
2025-11,720,2,1,712,0,0
2025-11,730,1,0,1877,0,0
2025-11,730,1,1,8214,2,0
2025-11,730,2,0,181,0,0
2025-11,730,2,1,785,0,0
2025-11,740,1,0,1983,0,0
2025-11,740,1,1,8537,0,0
2025-11,740,2,0,192,0,0
2025-11,740,2,1,727,0,0
2025-11,750,1,0,1966,0,0
2025-11,750,1,1,8828,0,0
2025-11,750,2,0,160,0,0
2025-11,750,2,1,709,0,0
2025-11,760,1,0,2096,1,0
2025-11,760,1,1,8912,1,0
2025-11,760,2,0,159,0,0
2025-11,760,2,1,617,0,0
2025-11,770,1,0,2129,0,0
2025-11,770,1,1,9302,2,0
2025-11,770,2,0,179,0,0
2025-11,770,2,1,605,0,0
2025-11,780,1,0,2294,0,0
2025-11,780,1,1,9806,1,0
2025-11,780,2,0,152,0,0
2025-11,780,2,1,587,1,0
2025-11,790,1,0,2355,0,0
2025-11,790,1,1,10435,1,0
2025-11,790,2,0,176,0,0
2025-11,790,2,1,597,0,0
2025-11,800,1,0,2592,0,0
2025-11,800,1,1,11188,1,0
2025-11,800,2,0,160,0,0
2025-11,800,2,1,567,0,0
2025-11,810,1,0,2800,0,0
2025-11,810,1,1,11615,1,0
2025-11,810,2,0,195,0,0
2025-11,810,2,1,564,0,0
2025-11,820,1,0,2781,0,0
2025-11,820,1,1,11705,1,0
2025-11,820,2,0,160,0,0
2025-11,820,2,1,527,0,0
2025-11,830,1,0,2655,0,0
2025-11,830,1,1,11405,1,0
2025-11,830,2,0,169,0,0
2025-11,830,2,1,528,0,0
2025-11,840,1,0,2558,0,0
2025-11,840,1,1,10840,0,0
2025-11,840,2,0,151,0,0
2025-11,840,2,1,461,0,0
2025-11,850,1,0,2561,0,0
2025-11,850,1,1,10477,1,0
2025-11,850,2,0,146,0,0
2025-11,850,2,1,444,0,0
2025-11,860,1,0,2124,0,0
2025-11,860,1,1,8001,0,0
2025-11,860,2,0,126,0,0
2025-11,860,2,1,382,0,0
2025-11,870,1,0,1556,0,0
2025-11,870,1,1,6142,0,0
2025-11,870,2,0,89,0,0
2025-11,870,2,1,246,0,0
2025-11,880,1,0,921,0,0
2025-11,880,1,1,3366,0,0
2025-11,880,2,0,54,0,0
2025-11,880,2,1,143,0,0
2025-11,890,1,0,370,0,0
2025-11,890,1,1,1396,0,0
2025-11,890,2,0,22,0,0
2025-11,890,2,1,55,0,0
2025-12,420,1,0,1,0,0
2025-12,420,1,1,2,0,0
2025-12,430,1,0,2,0,0
2025-12,430,1,1,3,0,0
2025-12,430,2,1,1,0,0
2025-12,440,1,0,1,0,0
2025-12,440,1,1,4,0,0
2025-12,440,2,1,7,0,0
2025-12,450,1,0,5,0,0
2025-12,450,1,1,9,0,0
2025-12,450,2,0,2,0,0
2025-12,450,2,1,6,0,0
2025-12,460,1,0,6,0,0
2025-12,460,1,1,12,0,0
2025-12,460,2,0,2,0,0
2025-12,460,2,1,13,0,0
2025-12,470,1,0,7,0,0
2025-12,470,1,1,41,0,0
2025-12,470,2,0,4,0,0
2025-12,470,2,1,18,0,0
2025-12,480,1,0,8,0,0
2025-12,480,1,1,51,0,0
2025-12,480,2,0,5,0,0
2025-12,480,2,1,23,0,0
2025-12,490,1,0,15,0,0
2025-12,490,1,1,64,0,0
2025-12,490,2,0,4,0,0
2025-12,490,2,1,31,0,0
2025-12,500,1,0,28,0,0
2025-12,500,1,1,115,1,0
2025-12,500,2,0,9,0,0
2025-12,500,2,1,55,0,0
2025-12,510,1,0,42,0,0
2025-12,510,1,1,191,0,0
2025-12,510,2,0,22,0,0
2025-12,510,2,1,56,0,0
2025-12,520,1,0,63,0,0
2025-12,520,1,1,217,1,0
2025-12,520,2,0,16,0,0
2025-12,520,2,1,86,0,0
2025-12,530,1,0,92,0,0
2025-12,530,1,1,344,2,0
2025-12,530,2,0,23,0,0
2025-12,530,2,1,102,0,0
2025-12,540,1,0,114,0,0
2025-12,540,1,1,435,3,0
2025-12,540,2,0,26,0,0
2025-12,540,2,1,126,0,0
2025-12,550,1,0,133,0,0
2025-12,550,1,1,579,1,0
2025-12,550,2,0,29,0,0
2025-12,550,2,1,167,0,0
2025-12,560,1,0,178,0,0
2025-12,560,1,1,678,3,1
2025-12,560,2,0,31,0,0
2025-12,560,2,1,174,0,0
2025-12,570,1,0,302,1,0
2025-12,570,1,1,1073,5,0
2025-12,570,2,0,67,0,0
2025-12,570,2,1,292,1,0
2025-12,580,1,0,277,0,0
2025-12,580,1,1,1200,2,0
2025-12,580,2,0,54,0,0
2025-12,580,2,1,300,0,0
2025-12,590,1,0,405,0,0
2025-12,590,1,1,1634,5,1
2025-12,590,2,0,64,0,0
2025-12,590,2,1,412,1,0
2025-12,600,1,0,438,0,0
2025-12,600,1,1,1838,7,2
2025-12,600,2,0,72,0,0
2025-12,600,2,1,429,0,0
2025-12,610,1,0,608,0,0
2025-12,610,1,1,2323,9,2
2025-12,610,2,0,83,0,0
2025-12,610,2,1,485,0,0
2025-12,620,1,0,818,0,0
2025-12,620,1,1,3057,3,0
2025-12,620,2,0,171,0,0
2025-12,620,2,1,921,3,1
2025-12,630,1,0,909,1,0
2025-12,630,1,1,3612,7,0
2025-12,630,2,0,187,0,0
2025-12,630,2,1,944,1,0
2025-12,640,1,0,918,1,0
2025-12,640,1,1,3680,9,1
2025-12,640,2,0,189,0,0
2025-12,640,2,1,873,3,0
2025-12,650,1,0,1023,1,0
2025-12,650,1,1,4500,9,1
2025-12,650,2,0,153,0,0
2025-12,650,2,1,1025,1,0
2025-12,660,1,0,1229,1,0
2025-12,660,1,1,4941,5,1
2025-12,660,2,0,177,0,0
2025-12,660,2,1,993,2,0
2025-12,670,1,0,1360,0,0
2025-12,670,1,1,5630,10,0
2025-12,670,2,0,187,0,0
2025-12,670,2,1,972,2,1
2025-12,680,1,0,1289,0,0
2025-12,680,1,1,5635,13,2
2025-12,680,2,0,163,1,1
2025-12,680,2,1,834,0,0
2025-12,690,1,0,1549,0,0
2025-12,690,1,1,6412,3,0
2025-12,690,2,0,182,0,0
2025-12,690,2,1,846,0,0
2025-12,700,1,0,1577,0,0
2025-12,700,1,1,6432,6,0
2025-12,700,2,0,187,0,0
2025-12,700,2,1,811,1,0
2025-12,710,1,0,1758,1,0
2025-12,710,1,1,7263,3,1
2025-12,710,2,0,181,0,0
2025-12,710,2,1,823,2,0
2025-12,720,1,0,1812,0,0
2025-12,720,1,1,7400,4,1
2025-12,720,2,0,181,0,0
2025-12,720,2,1,659,0,0
2025-12,730,1,0,1841,1,0
2025-12,730,1,1,7697,5,1
2025-12,730,2,0,181,0,0
2025-12,730,2,1,738,1,0
2025-12,740,1,0,1952,1,0
2025-12,740,1,1,8018,2,0
2025-12,740,2,0,187,0,0
2025-12,740,2,1,688,0,0
2025-12,750,1,0,1934,1,0
2025-12,750,1,1,8326,1,0
2025-12,750,2,0,159,0,0
2025-12,750,2,1,666,0,0
2025-12,760,1,0,2067,0,0
2025-12,760,1,1,8403,2,0
2025-12,760,2,0,155,0,0
2025-12,760,2,1,576,0,0
2025-12,770,1,0,2094,1,0
2025-12,770,1,1,8742,1,1
2025-12,770,2,0,176,0,0
2025-12,770,2,1,563,0,0
2025-12,780,1,0,2255,0,0
2025-12,780,1,1,9255,0,0
2025-12,780,2,0,148,0,0
2025-12,780,2,1,537,0,0
2025-12,790,1,0,2310,0,0
2025-12,790,1,1,9844,1,0
2025-12,790,2,0,172,0,0
2025-12,790,2,1,559,0,0
2025-12,800,1,0,2548,1,1
2025-12,800,1,1,10484,1,0
2025-12,800,2,0,156,0,0
2025-12,800,2,1,532,0,0
2025-12,810,1,0,2751,0,0
2025-12,810,1,1,10910,1,1
2025-12,810,2,0,189,0,0
2025-12,810,2,1,525,0,0
2025-12,820,1,0,2738,0,0
2025-12,820,1,1,10997,0,0
2025-12,820,2,0,154,0,0
2025-12,820,2,1,482,0,0
2025-12,830,1,0,2610,0,0
2025-12,830,1,1,10738,0,0
2025-12,830,2,0,167,0,0
2025-12,830,2,1,496,0,0
2025-12,840,1,0,2516,0,0
2025-12,840,1,1,10200,0,0
2025-12,840,2,0,146,0,0
2025-12,840,2,1,427,0,0
2025-12,850,1,0,2525,0,0
2025-12,850,1,1,9900,0,0
2025-12,850,2,0,143,0,0
2025-12,850,2,1,409,0,0
2025-12,860,1,0,2092,0,0
2025-12,860,1,1,7580,0,0
2025-12,860,2,0,120,0,0
2025-12,860,2,1,357,0,0
2025-12,870,1,0,1539,0,0
2025-12,870,1,1,5775,0,0
2025-12,870,2,0,88,0,0
2025-12,870,2,1,223,0,0
2025-12,880,1,0,907,0,0
2025-12,880,1,1,3174,0,0
2025-12,880,2,0,51,0,0
2025-12,880,2,1,136,0,0
2025-12,890,1,0,360,0,0
2025-12,890,1,1,1319,0,0
2025-12,890,2,0,21,0,0
2025-12,890,2,1,51,0,0
2026-01,420,1,0,1,0,0
2026-01,420,1,1,2,0,0
2026-01,430,1,0,2,0,0
2026-01,430,1,1,3,0,0
2026-01,430,2,1,1,0,0
2026-01,440,1,0,1,0,0
2026-01,440,1,1,4,0,0
2026-01,440,2,1,7,0,0
2026-01,450,1,0,5,0,0
2026-01,450,1,1,9,0,0
2026-01,450,2,0,2,0,0
2026-01,450,2,1,6,0,0
2026-01,460,1,0,6,0,0
2026-01,460,1,1,12,0,0
2026-01,460,2,0,2,0,0
2026-01,460,2,1,13,0,0
2026-01,470,1,0,7,0,0
2026-01,470,1,1,38,0,0
2026-01,470,2,0,4,0,0
2026-01,470,2,1,16,0,0
2026-01,480,1,0,8,0,0
2026-01,480,1,1,51,0,0
2026-01,480,2,0,5,0,0
2026-01,480,2,1,23,0,0
2026-01,490,1,0,15,0,0
2026-01,490,1,1,60,0,0
2026-01,490,2,0,4,0,0
2026-01,490,2,1,31,0,0
2026-01,500,1,0,28,0,0
2026-01,500,1,1,113,0,0
2026-01,500,2,0,9,0,0
2026-01,500,2,1,53,1,0
2026-01,510,1,0,42,0,0
2026-01,510,1,1,187,0,0
2026-01,510,2,0,22,0,0
2026-01,510,2,1,54,0,0
2026-01,520,1,0,60,0,0
2026-01,520,1,1,212,2,0
2026-01,520,2,0,15,0,0
2026-01,520,2,1,85,0,0
2026-01,530,1,0,89,0,0
2026-01,530,1,1,338,2,0
2026-01,530,2,0,23,0,0
2026-01,530,2,1,102,0,0
2026-01,540,1,0,114,1,1
2026-01,540,1,1,416,0,0
2026-01,540,2,0,24,0,0
2026-01,540,2,1,122,0,0
2026-01,550,1,0,131,1,0
2026-01,550,1,1,566,1,0
2026-01,550,2,0,29,0,0
2026-01,550,2,1,161,0,0
2026-01,560,1,0,173,0,0
2026-01,560,1,1,661,0,0
2026-01,560,2,0,30,0,0
2026-01,560,2,1,168,0,0
2026-01,570,1,0,294,0,0
2026-01,570,1,1,1037,3,0
2026-01,570,2,0,64,0,0
2026-01,570,2,1,280,0,0
2026-01,580,1,0,274,1,0
2026-01,580,1,1,1165,5,0
2026-01,580,2,0,53,0,0
2026-01,580,2,1,293,1,0
2026-01,590,1,0,399,2,0
2026-01,590,1,1,1572,4,0
2026-01,590,2,0,61,0,0
2026-01,590,2,1,408,2,1
2026-01,600,1,0,428,0,0
2026-01,600,1,1,1789,7,0
2026-01,600,2,0,71,0,0
2026-01,600,2,1,421,0,0
2026-01,610,1,0,595,2,0
2026-01,610,1,1,2241,5,0
2026-01,610,2,0,83,0,0
2026-01,610,2,1,476,0,0
2026-01,620,1,0,796,1,0
2026-01,620,1,1,2978,10,2
2026-01,620,2,0,168,0,0
2026-01,620,2,1,894,3,1
2026-01,630,1,0,896,3,0
2026-01,630,1,1,3528,11,5
2026-01,630,2,0,181,0,0
2026-01,630,2,1,915,4,0
2026-01,640,1,0,893,0,0
2026-01,640,1,1,3587,7,1
2026-01,640,2,0,182,0,0
2026-01,640,2,1,858,0,0
2026-01,650,1,0,1005,0,0
2026-01,650,1,1,4387,4,1
2026-01,650,2,0,147,0,0
2026-01,650,2,1,1000,6,3
2026-01,660,1,0,1207,2,1
2026-01,660,1,1,4797,3,0
2026-01,660,2,0,170,0,0
2026-01,660,2,1,959,1,1
2026-01,670,1,0,1333,0,0
2026-01,670,1,1,5479,3,2
2026-01,670,2,0,181,0,0
2026-01,670,2,1,942,1,0
2026-01,680,1,0,1271,1,0
2026-01,680,1,1,5471,5,2
2026-01,680,2,0,160,0,0
2026-01,680,2,1,806,0,0
2026-01,690,1,0,1511,1,0
2026-01,690,1,1,6246,7,1
2026-01,690,2,0,180,0,0
2026-01,690,2,1,812,1,0
2026-01,700,1,0,1559,1,0
2026-01,700,1,1,6263,7,2
2026-01,700,2,0,181,0,0
2026-01,700,2,1,764,3,0
2026-01,710,1,0,1722,3,0
2026-01,710,1,1,7083,2,0
2026-01,710,2,0,177,0,0
2026-01,710,2,1,793,0,0
2026-01,720,1,0,1772,1,0
2026-01,720,1,1,7202,4,0
2026-01,720,2,0,177,0,0
2026-01,720,2,1,636,0,0
2026-01,730,1,0,1802,2,0
2026-01,730,1,1,7480,5,0
2026-01,730,2,0,178,0,0
2026-01,730,2,1,715,0,0
2026-01,740,1,0,1914,0,0
2026-01,740,1,1,7769,3,0
2026-01,740,2,0,182,0,0
2026-01,740,2,1,661,0,0
2026-01,750,1,0,1887,0,0
2026-01,750,1,1,8095,4,0
2026-01,750,2,0,154,0,0
2026-01,750,2,1,639,0,0
2026-01,760,1,0,2033,0,0
2026-01,760,1,1,8142,1,0
2026-01,760,2,0,149,0,0
2026-01,760,2,1,551,0,0
2026-01,770,1,0,2050,0,0
2026-01,770,1,1,8512,1,0
2026-01,770,2,0,167,0,0
2026-01,770,2,1,535,0,0
2026-01,780,1,0,2194,0,0
2026-01,780,1,1,8973,0,0
2026-01,780,2,0,147,0,0
2026-01,780,2,1,515,0,0
2026-01,790,1,0,2251,0,0
2026-01,790,1,1,9511,1,1
2026-01,790,2,0,169,0,0
2026-01,790,2,1,538,0,0
2026-01,800,1,0,2495,0,0
2026-01,800,1,1,10140,0,0
2026-01,800,2,0,152,0,0
2026-01,800,2,1,505,1,0
2026-01,810,1,0,2682,0,0
2026-01,810,1,1,10551,0,0
2026-01,810,2,0,184,0,0
2026-01,810,2,1,496,0,0
2026-01,820,1,0,2668,0,0
2026-01,820,1,1,10638,0,0
2026-01,820,2,0,151,0,0
2026-01,820,2,1,460,0,0
2026-01,830,1,0,2555,0,0
2026-01,830,1,1,10379,0,0
2026-01,830,2,0,163,0,0
2026-01,830,2,1,474,0,0
2026-01,840,1,0,2462,0,0
2026-01,840,1,1,9837,0,0
2026-01,840,2,0,140,0,0
2026-01,840,2,1,413,0,0
2026-01,850,1,0,2469,0,0
2026-01,850,1,1,9592,0,0
2026-01,850,2,0,139,0,0
2026-01,850,2,1,380,0,0
2026-01,860,1,0,2050,0,0
2026-01,860,1,1,7355,0,0
2026-01,860,2,0,116,0,0
2026-01,860,2,1,341,0,0
2026-01,870,1,0,1515,0,0
2026-01,870,1,1,5598,0,0
2026-01,870,2,0,86,0,0
2026-01,870,2,1,204,0,0
2026-01,880,1,0,884,0,0
2026-01,880,1,1,3085,0,0
2026-01,880,2,0,51,0,0
2026-01,880,2,1,130,0,0
2026-01,890,1,0,348,0,0
2026-01,890,1,1,1269,0,0
2026-01,890,2,0,21,0,0
2026-01,890,2,1,50,0,0
2026-02,420,1,1,3,0,0
2026-02,430,1,1,5,0,0
2026-02,430,2,1,1,0,0
2026-02,440,1,1,5,0,0
2026-02,440,2,1,7,0,0
2026-02,450,1,0,4,0,0
2026-02,450,1,1,10,0,0
2026-02,450,2,1,8,0,0
2026-02,460,1,0,2,0,0
2026-02,460,1,1,16,0,0
2026-02,460,2,1,14,0,0
2026-02,470,1,0,5,0,0
2026-02,470,1,1,38,1,0
2026-02,470,2,0,3,0,0
2026-02,470,2,1,17,0,0
2026-02,480,1,0,4,0,0
2026-02,480,1,1,54,0,0
2026-02,480,2,0,2,0,0
2026-02,480,2,1,26,0,0
2026-02,490,1,0,5,0,0
2026-02,490,1,1,66,1,0
2026-02,490,2,0,2,0,0
2026-02,490,2,1,33,0,0
2026-02,500,1,0,10,0,0
2026-02,500,1,1,130,1,0
2026-02,500,2,0,4,0,0
2026-02,500,2,1,55,0,0
2026-02,510,1,0,17,0,0
2026-02,510,1,1,207,1,0
2026-02,510,2,0,11,0,0
2026-02,510,2,1,62,0,0
2026-02,520,1,0,27,0,0
2026-02,520,1,1,237,0,0
2026-02,520,2,0,5,0,0
2026-02,520,2,1,92,0,0
2026-02,530,1,0,35,0,0
2026-02,530,1,1,383,3,0
2026-02,530,2,0,11,0,0
2026-02,530,2,1,110,0,0
2026-02,540,1,0,41,1,1
2026-02,540,1,1,477,1,0
2026-02,540,2,0,10,0,0
2026-02,540,2,1,131,1,0
2026-02,550,1,0,42,0,0
2026-02,550,1,1,638,4,2
2026-02,550,2,0,16,0,0
2026-02,550,2,1,169,0,0
2026-02,560,1,0,79,0,0
2026-02,560,1,1,743,3,0
2026-02,560,2,0,10,0,0
2026-02,560,2,1,185,2,0
2026-02,570,1,0,114,1,0
2026-02,570,1,1,1183,2,0
2026-02,570,2,0,30,0,0
2026-02,570,2,1,300,3,0
2026-02,580,1,0,109,0,0
2026-02,580,1,1,1298,7,0
2026-02,580,2,0,25,0,0
2026-02,580,2,1,312,1,1
2026-02,590,1,0,155,0,0
2026-02,590,1,1,1773,2,0
2026-02,590,2,0,22,0,0
2026-02,590,2,1,433,0,0
2026-02,600,1,0,166,0,0
2026-02,600,1,1,1992,4,1
2026-02,600,2,0,29,0,0
2026-02,600,2,1,450,2,1
2026-02,610,1,0,242,1,0
2026-02,610,1,1,2526,8,0
2026-02,610,2,0,36,0,0
2026-02,610,2,1,511,3,0
2026-02,620,1,0,300,0,0
2026-02,620,1,1,3401,8,2
2026-02,620,2,0,76,0,0
2026-02,620,2,1,957,1,1
2026-02,630,1,0,352,0,0
2026-02,630,1,1,3977,9,2
2026-02,630,2,0,68,0,0
2026-02,630,2,1,997,5,2
2026-02,640,1,0,319,0,0
2026-02,640,1,1,4072,8,2
2026-02,640,2,0,80,0,0
2026-02,640,2,1,935,3,0
2026-02,650,1,0,410,1,0
2026-02,650,1,1,4874,3,0
2026-02,650,2,0,64,0,0
2026-02,650,2,1,1043,1,0
2026-02,660,1,0,480,0,0
2026-02,660,1,1,5398,13,1
2026-02,660,2,0,66,0,0
2026-02,660,2,1,1034,1,0
2026-02,670,1,0,522,0,0
2026-02,670,1,1,6132,5,0
2026-02,670,2,0,66,1,0
2026-02,670,2,1,1020,2,0
2026-02,680,1,0,521,0,0
2026-02,680,1,1,6051,8,1
2026-02,680,2,0,74,0,0
2026-02,680,2,1,873,0,0
2026-02,690,1,0,621,1,0
2026-02,690,1,1,6964,9,1
2026-02,690,2,0,78,0,0
2026-02,690,2,1,885,0,0
2026-02,700,1,0,618,0,0
2026-02,700,1,1,7003,6,2
2026-02,700,2,0,59,0,0
2026-02,700,2,1,857,0,0
2026-02,710,1,0,703,0,0
2026-02,710,1,1,7866,8,0
2026-02,710,2,0,80,0,0
2026-02,710,2,1,863,2,1
2026-02,720,1,0,719,0,0
2026-02,720,1,1,8046,8,0
2026-02,720,2,0,67,0,0
2026-02,720,2,1,717,0,0
2026-02,730,1,0,710,1,0
2026-02,730,1,1,8336,4,1
2026-02,730,2,0,67,0,0
2026-02,730,2,1,799,0,0
2026-02,740,1,0,781,0,0
2026-02,740,1,1,8674,7,2
2026-02,740,2,0,60,0,0
2026-02,740,2,1,751,0,0
2026-02,750,1,0,775,0,0
2026-02,750,1,1,8950,3,0
2026-02,750,2,0,57,0,0
2026-02,750,2,1,707,0,0
2026-02,760,1,0,837,0,0
2026-02,760,1,1,9068,1,0
2026-02,760,2,0,64,0,0
2026-02,760,2,1,607,1,0
2026-02,770,1,0,827,0,0
2026-02,770,1,1,9459,1,0
2026-02,770,2,0,69,1,0
2026-02,770,2,1,614,0,0
2026-02,780,1,0,868,0,0
2026-02,780,1,1,9971,1,0
2026-02,780,2,0,63,0,0
2026-02,780,2,1,573,0,0
2026-02,790,1,0,884,1,0
2026-02,790,1,1,10550,0,0
2026-02,790,2,0,74,0,0
2026-02,790,2,1,595,0,0
2026-02,800,1,0,975,0,0
2026-02,800,1,1,11276,1,0
2026-02,800,2,0,64,0,0
2026-02,800,2,1,573,0,0
2026-02,810,1,0,1100,0,0
2026-02,810,1,1,11741,1,0
2026-02,810,2,0,69,0,0
2026-02,810,2,1,584,1,0
2026-02,820,1,0,1049,0,0
2026-02,820,1,1,11885,2,1
2026-02,820,2,0,69,0,0
2026-02,820,2,1,514,0,0
2026-02,830,1,0,996,0,0
2026-02,830,1,1,11525,1,0
2026-02,830,2,0,73,0,0
2026-02,830,2,1,540,0,0
2026-02,840,1,0,1007,0,0
2026-02,840,1,1,10915,0,0
2026-02,840,2,0,55,0,0
2026-02,840,2,1,477,0,0
2026-02,850,1,0,949,0,0
2026-02,850,1,1,10756,0,0
2026-02,850,2,0,52,0,0
2026-02,850,2,1,438,0,0
2026-02,860,1,0,818,0,0
2026-02,860,1,1,8330,0,0
2026-02,860,2,0,36,0,0
2026-02,860,2,1,396,0,0
2026-02,870,1,0,620,0,0
2026-02,870,1,1,6298,0,0
2026-02,870,2,0,37,0,0
2026-02,870,2,1,240,0,0
2026-02,880,1,0,362,0,0
2026-02,880,1,1,3507,0,0
2026-02,880,2,0,21,0,0
2026-02,880,2,1,151,0,0
2026-02,890,1,0,136,0,0
2026-02,890,1,1,1440,0,0
2026-02,890,2,0,7,0,0
2026-02,890,2,1,60,0,0
2026-03,420,1,1,3,0,0
2026-03,430,1,1,5,0,0
2026-03,430,2,1,1,0,0
2026-03,440,1,0,1,0,0
2026-03,440,1,1,5,0,0
2026-03,440,2,1,7,0,0
2026-03,450,1,0,6,0,0
2026-03,450,1,1,10,0,0
2026-03,450,2,1,8,0,0
2026-03,460,1,0,2,0,0
2026-03,460,1,1,14,0,0
2026-03,460,2,0,1,0,0
2026-03,460,2,1,13,0,0
2026-03,470,1,0,7,0,0
2026-03,470,1,1,35,0,0
2026-03,470,2,0,4,0,0
2026-03,470,2,1,17,0,0
2026-03,480,1,0,13,0,0
2026-03,480,1,1,53,0,0
2026-03,480,2,0,2,0,0
2026-03,480,2,1,24,0,0
2026-03,490,1,0,13,0,0
2026-03,490,1,1,62,0,0
2026-03,490,2,0,4,0,0
2026-03,490,2,1,31,0,0
2026-03,500,1,0,21,0,0
2026-03,500,1,1,123,0,0
2026-03,500,2,0,10,0,0
2026-03,500,2,1,52,0,0
2026-03,510,1,0,39,0,0
2026-03,510,1,1,189,0,0
2026-03,510,2,0,19,0,0
2026-03,510,2,1,56,0,0
2026-03,520,1,0,58,0,0
2026-03,520,1,1,227,2,0
2026-03,520,2,0,13,0,0
2026-03,520,2,1,83,0,0
2026-03,530,1,0,88,0,0
2026-03,530,1,1,362,3,0
2026-03,530,2,0,22,0,0
2026-03,530,2,1,102,1,0
2026-03,540,1,0,102,0,0
2026-03,540,1,1,436,3,1
2026-03,540,2,0,25,0,0
2026-03,540,2,1,123,2,1
2026-03,550,1,0,114,0,0
2026-03,550,1,1,593,4,0
2026-03,550,2,0,29,1,1
2026-03,550,2,1,165,0,0
2026-03,560,1,0,155,1,0
2026-03,560,1,1,682,1,1
2026-03,560,2,0,28,0,0
2026-03,560,2,1,176,2,0
2026-03,570,1,0,250,1,0
2026-03,570,1,1,1105,3,2
2026-03,570,2,0,52,0,0
2026-03,570,2,1,277,1,0
2026-03,580,1,0,273,0,0
2026-03,580,1,1,1212,6,0
2026-03,580,2,0,51,0,0
2026-03,580,2,1,284,0,0
2026-03,590,1,0,366,0,0
2026-03,590,1,1,1640,4,0
2026-03,590,2,0,58,0,0
2026-03,590,2,1,408,2,0
2026-03,600,1,0,389,0,0
2026-03,600,1,1,1857,2,0
2026-03,600,2,0,66,0,0
2026-03,600,2,1,426,0,0
2026-03,610,1,0,515,0,0
2026-03,610,1,1,2328,4,0
2026-03,610,2,0,72,0,0
2026-03,610,2,1,474,1,0
2026-03,620,1,0,690,1,0
2026-03,620,1,1,3182,12,1
2026-03,620,2,0,169,0,0
2026-03,620,2,1,897,5,1
2026-03,630,1,0,849,0,0
2026-03,630,1,1,3716,9,2
2026-03,630,2,0,181,0,0
2026-03,630,2,1,928,1,0
2026-03,640,1,0,766,0,0
2026-03,640,1,1,3800,5,0
2026-03,640,2,0,162,0,0
2026-03,640,2,1,884,1,0
2026-03,650,1,0,930,0,0
2026-03,650,1,1,4552,7,0
2026-03,650,2,0,158,0,0
2026-03,650,2,1,984,1,0
2026-03,660,1,0,1114,1,0
2026-03,660,1,1,5060,10,1
2026-03,660,2,0,160,0,0
2026-03,660,2,1,964,3,0
2026-03,670,1,0,1206,0,0
2026-03,670,1,1,5720,3,1
2026-03,670,2,0,154,0,0
2026-03,670,2,1,950,2,0
2026-03,680,1,0,1229,1,0
2026-03,680,1,1,5644,5,0
2026-03,680,2,0,162,0,0
2026-03,680,2,1,815,2,0
2026-03,690,1,0,1358,0,0
2026-03,690,1,1,6504,11,0
2026-03,690,2,0,186,0,0
2026-03,690,2,1,816,0,0
2026-03,700,1,0,1436,1,0
2026-03,700,1,1,6534,5,3
2026-03,700,2,0,145,0,0
2026-03,700,2,1,806,1,0
2026-03,710,1,0,1566,1,0
2026-03,710,1,1,7403,5,2
2026-03,710,2,0,188,0,0
2026-03,710,2,1,794,3,0
2026-03,720,1,0,1666,0,0
2026-03,720,1,1,7531,2,0
2026-03,720,2,0,166,0,0
2026-03,720,2,1,682,1,0
2026-03,730,1,0,1707,0,0
2026-03,730,1,1,7834,1,0
2026-03,730,2,0,179,0,0
2026-03,730,2,1,748,0,0
2026-03,740,1,0,1835,1,0
2026-03,740,1,1,8112,2,0
2026-03,740,2,0,162,0,0
2026-03,740,2,1,708,1,0
2026-03,750,1,0,1880,0,0
2026-03,750,1,1,8375,3,1
2026-03,750,2,0,165,0,0
2026-03,750,2,1,664,1,0
2026-03,760,1,0,1948,0,0
2026-03,760,1,1,8544,1,0
2026-03,760,2,0,137,0,0
2026-03,760,2,1,575,0,0
2026-03,770,1,0,1999,0,0
2026-03,770,1,1,8867,1,0
2026-03,770,2,0,157,0,0
2026-03,770,2,1,577,0,0
2026-03,780,1,0,2095,0,0
2026-03,780,1,1,9369,1,0
2026-03,780,2,0,149,0,0
2026-03,780,2,1,534,0,0
2026-03,790,1,0,2122,0,0
2026-03,790,1,1,9914,2,0
2026-03,790,2,0,153,0,0
2026-03,790,2,1,563,0,0
2026-03,800,1,0,2366,0,0
2026-03,800,1,1,10536,4,0
2026-03,800,2,0,144,0,0
2026-03,800,2,1,541,0,0
2026-03,810,1,0,2489,0,0
2026-03,810,1,1,11037,1,0
2026-03,810,2,0,161,0,0
2026-03,810,2,1,534,0,0
2026-03,820,1,0,2479,0,0
2026-03,820,1,1,11108,0,0
2026-03,820,2,0,152,0,0
2026-03,820,2,1,484,1,0
2026-03,830,1,0,2429,0,0
2026-03,830,1,1,10783,0,0
2026-03,830,2,0,165,0,0
2026-03,830,2,1,509,0,0
2026-03,840,1,0,2312,1,0
2026-03,840,1,1,10247,0,0
2026-03,840,2,0,146,0,0
2026-03,840,2,1,455,0,0
2026-03,850,1,0,2327,1,0
2026-03,850,1,1,10094,2,0
2026-03,850,2,0,133,0,0
2026-03,850,2,1,402,0,0
2026-03,860,1,0,1861,0,0
2026-03,860,1,1,7812,0,0
2026-03,860,2,0,102,0,0
2026-03,860,2,1,379,0,0
2026-03,870,1,0,1356,0,0
2026-03,870,1,1,5944,0,0
2026-03,870,2,0,82,0,0
2026-03,870,2,1,227,0,0
2026-03,880,1,0,838,0,0
2026-03,880,1,1,3311,0,0
2026-03,880,2,0,50,0,0
2026-03,880,2,1,141,0,0
2026-03,890,1,0,326,0,0
2026-03,890,1,1,1371,0,0
2026-03,890,2,0,14,0,0
2026-03,890,2,1,57,0,0
2026-04,420,1,1,3,0,0
2026-04,430,1,1,5,0,0
2026-04,430,2,1,1,0,0
2026-04,440,1,0,1,0,0
2026-04,440,1,1,4,0,0
2026-04,440,2,1,7,0,0
2026-04,450,1,0,2,0,0
2026-04,450,1,1,14,0,0
2026-04,450,2,1,7,0,0
2026-04,460,1,1,15,0,0
2026-04,460,2,0,1,0,0
2026-04,460,2,1,12,0,0
2026-04,470,1,0,2,0,0
2026-04,470,1,1,39,2,1
2026-04,470,2,0,1,0,0
2026-04,470,2,1,20,0,0
2026-04,480,1,0,9,0,0
2026-04,480,1,1,56,1,0
2026-04,480,2,1,26,0,0
2026-04,490,1,0,8,0,0
2026-04,490,1,1,66,0,0
2026-04,490,2,0,3,0,0
2026-04,490,2,1,32,0,0
2026-04,500,1,0,11,0,0
2026-04,500,1,1,130,1,0
2026-04,500,2,0,6,0,0
2026-04,500,2,1,54,1,0
2026-04,510,1,0,22,0,0
2026-04,510,1,1,201,1,0
2026-04,510,2,0,8,0,0
2026-04,510,2,1,66,0,0
2026-04,520,1,0,30,0,0
2026-04,520,1,1,244,3,1
2026-04,520,2,0,8,0,0
2026-04,520,2,1,83,1,0
2026-04,530,1,0,53,0,0
2026-04,530,1,1,386,2,0
2026-04,530,2,0,11,0,0
2026-04,530,2,1,111,0,0
2026-04,540,1,0,62,0,0
2026-04,540,1,1,465,2,0
2026-04,540,2,0,14,0,0
2026-04,540,2,1,127,0,0
2026-04,550,1,0,72,0,0
2026-04,550,1,1,617,2,0
2026-04,550,2,0,13,1,1
2026-04,550,2,1,173,0,0
2026-04,560,1,0,76,0,0
2026-04,560,1,1,740,3,0
2026-04,560,2,0,18,0,0
2026-04,560,2,1,176,0,0
2026-04,570,1,0,136,0,0
2026-04,570,1,1,1183,2,0
2026-04,570,2,0,22,0,0
2026-04,570,2,1,294,1,0
2026-04,580,1,0,160,0,0
2026-04,580,1,1,1289,3,0
2026-04,580,2,0,26,0,0
2026-04,580,2,1,304,0,0
2026-04,590,1,0,208,1,1
2026-04,590,1,1,1742,1,0
2026-04,590,2,0,35,0,0
2026-04,590,2,1,408,2,1
2026-04,600,1,0,223,0,0
2026-04,600,1,1,1973,2,0
2026-04,600,2,0,37,0,0
2026-04,600,2,1,443,1,0
2026-04,610,1,0,277,0,0
2026-04,610,1,1,2496,6,0
2026-04,610,2,0,39,0,0
2026-04,610,2,1,488,3,0
2026-04,620,1,0,385,0,0
2026-04,620,1,1,3399,16,1
2026-04,620,2,0,98,0,0
2026-04,620,2,1,925,2,0
2026-04,630,1,0,495,1,0
2026-04,630,1,1,3939,5,0
2026-04,630,2,0,114,0,0
2026-04,630,2,1,973,3,0
2026-04,640,1,0,446,1,0
2026-04,640,1,1,4017,7,0
2026-04,640,2,0,81,0,0
2026-04,640,2,1,934,2,0
2026-04,650,1,0,515,0,0
2026-04,650,1,1,4819,12,2
2026-04,650,2,0,89,0,0
2026-04,650,2,1,1015,2,0
2026-04,660,1,0,628,0,0
2026-04,660,1,1,5377,7,1
2026-04,660,2,0,94,0,0
2026-04,660,2,1,995,3,0
2026-04,670,1,0,676,0,0
2026-04,670,1,1,6067,7,1
2026-04,670,2,0,89,0,0
2026-04,670,2,1,984,0,0
2026-04,680,1,0,697,0,0
2026-04,680,1,1,6000,9,1
2026-04,680,2,0,88,0,0
2026-04,680,2,1,854,1,0
2026-04,690,1,0,740,1,0
2026-04,690,1,1,6889,1,0
2026-04,690,2,0,107,0,0
2026-04,690,2,1,868,0,0
2026-04,700,1,0,817,0,0
2026-04,700,1,1,6929,5,0
2026-04,700,2,0,86,0,0
2026-04,700,2,1,841,0,0
2026-04,710,1,0,862,0,0
2026-04,710,1,1,7858,8,1
2026-04,710,2,0,107,0,0
2026-04,710,2,1,842,0,0
2026-04,720,1,0,943,0,0
2026-04,720,1,1,7990,5,1
2026-04,720,2,0,96,0,0
2026-04,720,2,1,722,0,0
2026-04,730,1,0,994,0,0
2026-04,730,1,1,8266,4,1
2026-04,730,2,0,112,0,0
2026-04,730,2,1,793,0,0
2026-04,740,1,0,1049,0,0
2026-04,740,1,1,8639,8,0
2026-04,740,2,0,100,0,0
2026-04,740,2,1,740,0,0
2026-04,750,1,0,1100,0,0
2026-04,750,1,1,8848,0,0
2026-04,750,2,0,106,0,0
2026-04,750,2,1,689,0,0
2026-04,760,1,0,1109,0,0
2026-04,760,1,1,9054,0,0
2026-04,760,2,0,73,0,0
2026-04,760,2,1,618,0,0
2026-04,770,1,0,1159,0,0
2026-04,770,1,1,9358,0,0
2026-04,770,2,0,87,0,0
2026-04,770,2,1,622,0,0
2026-04,780,1,0,1221,0,0
2026-04,780,1,1,9852,1,1
2026-04,780,2,0,85,0,0
2026-04,780,2,1,570,0,0
2026-04,790,1,0,1235,0,0
2026-04,790,1,1,10363,1,0
2026-04,790,2,0,80,0,0
2026-04,790,2,1,603,0,0
2026-04,800,1,0,1390,0,0
2026-04,800,1,1,11056,1,0
2026-04,800,2,0,82,0,0
2026-04,800,2,1,577,0,0
2026-04,810,1,0,1383,0,0
2026-04,810,1,1,11674,1,0
2026-04,810,2,0,89,0,0
2026-04,810,2,1,582,0,0
2026-04,820,1,0,1418,0,0
2026-04,820,1,1,11676,3,0
2026-04,820,2,0,81,0,0
2026-04,820,2,1,524,0,0
2026-04,830,1,0,1420,0,0
2026-04,830,1,1,11296,2,0
2026-04,830,2,0,91,0,0
2026-04,830,2,1,557,0,0
2026-04,840,1,0,1299,0,0
2026-04,840,1,1,10815,0,0
2026-04,840,2,0,88,0,0
2026-04,840,2,1,491,0,0
2026-04,850,1,0,1377,0,0
2026-04,850,1,1,10634,0,0
2026-04,850,2,0,83,0,0
2026-04,850,2,1,428,0,0
2026-04,860,1,0,1047,0,0
2026-04,860,1,1,8304,0,0
2026-04,860,2,0,65,0,0
2026-04,860,2,1,399,0,0
2026-04,870,1,0,736,0,0
2026-04,870,1,1,6303,0,0
2026-04,870,2,0,43,0,0
2026-04,870,2,1,253,0,0
2026-04,880,1,0,479,0,0
2026-04,880,1,1,3523,0,0
2026-04,880,2,0,29,0,0
2026-04,880,2,1,158,0,0
2026-04,890,1,0,189,0,0
2026-04,890,1,1,1465,0,0
2026-04,890,2,0,7,0,0
2026-04,890,2,1,62,0,0
2026-05,420,1,1,3,0,0
2026-05,430,1,1,5,0,0
2026-05,430,2,1,1,0,0
2026-05,440,1,0,1,0,0
2026-05,440,1,1,4,0,0
2026-05,440,2,1,7,0,0
2026-05,450,1,0,2,0,0
2026-05,450,1,1,14,0,0
2026-05,450,2,1,6,1,0
2026-05,460,1,1,15,0,0
2026-05,460,2,0,1,0,0
2026-05,460,2,1,12,0,0
2026-05,470,1,0,2,0,0
2026-05,470,1,1,36,0,0
2026-05,470,2,0,1,0,0
2026-05,470,2,1,18,0,0
2026-05,480,1,0,9,0,0
2026-05,480,1,1,53,0,0
2026-05,480,2,1,25,0,0
2026-05,490,1,0,8,0,0
2026-05,490,1,1,63,0,0
2026-05,490,2,0,2,0,0
2026-05,490,2,1,31,1,0
2026-05,500,1,0,10,0,0
2026-05,500,1,1,127,0,0
2026-05,500,2,0,6,0,0
2026-05,500,2,1,53,0,0
2026-05,510,1,0,22,0,0
2026-05,510,1,1,195,1,0
2026-05,510,2,0,7,0,0
2026-05,510,2,1,65,0,0
2026-05,520,1,0,30,0,0
2026-05,520,1,1,237,1,0
2026-05,520,2,0,8,0,0
2026-05,520,2,1,82,0,0
2026-05,530,1,0,52,0,0
2026-05,530,1,1,375,0,0
2026-05,530,2,0,11,0,0
2026-05,530,2,1,109,0,0
2026-05,540,1,0,62,0,0
2026-05,540,1,1,454,1,1
2026-05,540,2,0,13,0,0
2026-05,540,2,1,123,0,0
2026-05,550,1,0,70,1,1
2026-05,550,1,1,600,4,0
2026-05,550,2,0,12,0,0
2026-05,550,2,1,167,0,0
2026-05,560,1,0,72,0,0
2026-05,560,1,1,719,2,1
2026-05,560,2,0,18,0,0
2026-05,560,2,1,167,0,0
2026-05,570,1,0,134,0,0
2026-05,570,1,1,1149,5,1
2026-05,570,2,0,21,0,0
2026-05,570,2,1,280,1,0
2026-05,580,1,0,152,1,0
2026-05,580,1,1,1256,5,1
2026-05,580,2,0,26,0,0
2026-05,580,2,1,301,1,0
2026-05,590,1,0,206,0,0
2026-05,590,1,1,1698,2,0
2026-05,590,2,0,35,0,0
2026-05,590,2,1,392,1,0
2026-05,600,1,0,217,0,0
2026-05,600,1,1,1926,5,0
2026-05,600,2,0,36,0,0
2026-05,600,2,1,431,0,0
2026-05,610,1,0,272,1,0
2026-05,610,1,1,2421,7,1
2026-05,610,2,0,37,0,0
2026-05,610,2,1,478,0,0
2026-05,620,1,0,378,0,0
2026-05,620,1,1,3285,6,0
2026-05,620,2,0,97,0,0
2026-05,620,2,1,884,1,0
2026-05,630,1,0,481,0,0
2026-05,630,1,1,3822,3,1
2026-05,630,2,0,113,0,0
2026-05,630,2,1,935,1,0
2026-05,640,1,0,437,1,1
2026-05,640,1,1,3872,7,1
2026-05,640,2,0,78,0,0
2026-05,640,2,1,905,1,0
2026-05,650,1,0,509,0,0
2026-05,650,1,1,4680,12,1
2026-05,650,2,0,88,0,0
2026-05,650,2,1,978,3,0
2026-05,660,1,0,614,0,0
2026-05,660,1,1,5209,6,0
2026-05,660,2,0,92,0,0
2026-05,660,2,1,968,1,0
2026-05,670,1,0,668,0,0
2026-05,670,1,1,5874,7,2
2026-05,670,2,0,83,0,0
2026-05,670,2,1,957,2,0
2026-05,680,1,0,688,0,0
2026-05,680,1,1,5838,7,0
2026-05,680,2,0,85,0,0
2026-05,680,2,1,822,1,0
2026-05,690,1,0,724,1,0
2026-05,690,1,1,6679,7,0
2026-05,690,2,0,104,0,0
2026-05,690,2,1,845,0,0
2026-05,700,1,0,803,1,0
2026-05,700,1,1,6738,5,2
2026-05,700,2,0,83,0,0
2026-05,700,2,1,815,1,0
2026-05,710,1,0,839,0,0
2026-05,710,1,1,7616,5,0
2026-05,710,2,0,106,0,0
2026-05,710,2,1,820,1,0
2026-05,720,1,0,918,0,0
2026-05,720,1,1,7745,0,0
2026-05,720,2,0,96,0,0
2026-05,720,2,1,701,0,0
2026-05,730,1,0,970,0,0
2026-05,730,1,1,8003,4,0
2026-05,730,2,0,108,0,0
2026-05,730,2,1,760,1,1
2026-05,740,1,0,1023,0,0
2026-05,740,1,1,8347,2,0
2026-05,740,2,0,98,0,0
2026-05,740,2,1,712,0,0
2026-05,750,1,0,1074,1,0
2026-05,750,1,1,8542,2,0
2026-05,750,2,0,103,0,0
2026-05,750,2,1,663,1,1
2026-05,760,1,0,1082,0,0
2026-05,760,1,1,8743,0,0
2026-05,760,2,0,73,0,0
2026-05,760,2,1,593,0,0
2026-05,770,1,0,1126,0,0
2026-05,770,1,1,9029,1,0
2026-05,770,2,0,85,0,0
2026-05,770,2,1,601,0,0
2026-05,780,1,0,1190,0,0
2026-05,780,1,1,9497,1,0
2026-05,780,2,0,84,0,0
2026-05,780,2,1,557,0,0
2026-05,790,1,0,1198,0,0
2026-05,790,1,1,9971,1,0
2026-05,790,2,0,77,0,0
2026-05,790,2,1,582,0,0
2026-05,800,1,0,1343,0,0
2026-05,800,1,1,10638,2,0
2026-05,800,2,0,81,0,0
2026-05,800,2,1,559,0,0
2026-05,810,1,0,1360,1,0
2026-05,810,1,1,11251,3,0
2026-05,810,2,0,87,0,0
2026-05,810,2,1,557,0,0
2026-05,820,1,0,1375,0,0
2026-05,820,1,1,11252,0,0
2026-05,820,2,0,80,0,0
2026-05,820,2,1,500,0,0
2026-05,830,1,0,1382,0,0
2026-05,830,1,1,10884,1,0
2026-05,830,2,0,90,0,0
2026-05,830,2,1,538,0,0
2026-05,840,1,0,1267,0,0
2026-05,840,1,1,10421,0,0
2026-05,840,2,0,85,0,0
2026-05,840,2,1,476,0,0
2026-05,850,1,0,1342,0,0
2026-05,850,1,1,10262,2,0
2026-05,850,2,0,83,0,0
2026-05,850,2,1,413,0,0
2026-05,860,1,0,1025,0,0
2026-05,860,1,1,8022,0,0
2026-05,860,2,0,65,0,0
2026-05,860,2,1,379,0,0
2026-05,870,1,0,722,0,0
2026-05,870,1,1,6106,0,0
2026-05,870,2,0,42,0,0
2026-05,870,2,1,248,0,0
2026-05,880,1,0,472,0,0
2026-05,880,1,1,3415,0,0
2026-05,880,2,0,29,0,0
2026-05,880,2,1,154,0,0
2026-05,890,1,0,185,0,0
2026-05,890,1,1,1421,0,0
2026-05,890,2,0,6,0,0
2026-05,890,2,1,61,0,0
2026-06,420,1,1,3,0,0
2026-06,430,1,1,5,0,0
2026-06,430,2,1,1,0,0
2026-06,440,1,0,2,0,0
2026-06,440,1,1,4,0,0
2026-06,440,2,0,1,0,0
2026-06,440,2,1,6,0,0
2026-06,450,1,0,6,0,0
2026-06,450,1,1,11,0,0
2026-06,450,2,0,1,0,0
2026-06,450,2,1,5,0,0
2026-06,460,1,0,1,0,0
2026-06,460,1,1,15,0,0
2026-06,460,2,0,3,0,0
2026-06,460,2,1,12,0,0
2026-06,470,1,0,6,0,0
2026-06,470,1,1,29,0,0
2026-06,470,2,0,3,0,0
2026-06,470,2,1,16,0,0
2026-06,480,1,0,16,0,0
2026-06,480,1,1,47,0,0
2026-06,480,2,0,1,0,0
2026-06,480,2,1,24,0,0
2026-06,490,1,0,22,0,0
2026-06,490,1,1,51,0,0
2026-06,490,2,0,7,0,0
2026-06,490,2,1,28,0,0
2026-06,500,1,0,28,0,0
2026-06,500,1,1,114,1,0
2026-06,500,2,0,10,0,0
2026-06,500,2,1,48,0,0
2026-06,510,1,0,49,0,0
2026-06,510,1,1,177,0,0
2026-06,510,2,0,12,0,0
2026-06,510,2,1,58,0,0
2026-06,520,1,0,68,0,0
2026-06,520,1,1,219,1,1
2026-06,520,2,0,26,0,0
2026-06,520,2,1,76,1,0
2026-06,530,1,0,103,0,0
2026-06,530,1,1,345,3,0
2026-06,530,2,0,26,0,0
2026-06,530,2,1,98,0,0
2026-06,540,1,0,123,0,0
2026-06,540,1,1,424,0,0
2026-06,540,2,0,36,0,0
2026-06,540,2,1,110,1,0
2026-06,550,1,0,153,0,0
2026-06,550,1,1,530,2,1
2026-06,550,2,0,33,0,0
2026-06,550,2,1,151,0,0
2026-06,560,1,0,166,0,0
2026-06,560,1,1,645,1,0
2026-06,560,2,0,48,0,0
2026-06,560,2,1,149,1,1
2026-06,570,1,0,283,1,0
2026-06,570,1,1,1034,5,0
2026-06,570,2,0,54,0,0
2026-06,570,2,1,245,0,0
2026-06,580,1,0,301,1,0
2026-06,580,1,1,1141,2,1
2026-06,580,2,0,68,0,0
2026-06,580,2,1,274,0,0
2026-06,590,1,0,446,0,0
2026-06,590,1,1,1546,7,0
2026-06,590,2,0,78,0,0
2026-06,590,2,1,351,1,0
2026-06,600,1,0,455,0,0
2026-06,600,1,1,1740,7,0
2026-06,600,2,0,92,0,0
2026-06,600,2,1,371,1,0
2026-06,610,1,0,595,0,0
2026-06,610,1,1,2190,5,1
2026-06,610,2,0,95,0,0
2026-06,610,2,1,420,2,0
2026-06,620,1,0,873,0,0
2026-06,620,1,1,3010,8,0
2026-06,620,2,0,193,0,0
2026-06,620,2,1,800,4,0
2026-06,630,1,0,981,0,0
2026-06,630,1,1,3469,6,1
2026-06,630,2,0,233,0,0
2026-06,630,2,1,852,5,0
2026-06,640,1,0,989,0,0
2026-06,640,1,1,3470,5,0
2026-06,640,2,0,193,0,0
2026-06,640,2,1,815,0,0
2026-06,650,1,0,1117,0,0
2026-06,650,1,1,4228,11,1
2026-06,650,2,0,221,1,0
2026-06,650,2,1,873,1,0
2026-06,660,1,0,1355,1,0
2026-06,660,1,1,4735,3,0
2026-06,660,2,0,205,0,0
2026-06,660,2,1,863,4,0
2026-06,670,1,0,1448,1,0
2026-06,670,1,1,5334,9,5
2026-06,670,2,0,215,0,0
2026-06,670,2,1,859,2,1
2026-06,680,1,0,1467,0,0
2026-06,680,1,1,5348,12,0
2026-06,680,2,0,203,0,0
2026-06,680,2,1,727,1,1
2026-06,690,1,0,1602,0,0
2026-06,690,1,1,6122,6,0
2026-06,690,2,0,220,0,0
2026-06,690,2,1,759,0,0
2026-06,700,1,0,1767,0,0
2026-06,700,1,1,6175,3,1
2026-06,700,2,0,202,0,0
2026-06,700,2,1,727,2,0
2026-06,710,1,0,1884,0,0
2026-06,710,1,1,6913,5,1
2026-06,710,2,0,227,0,0
2026-06,710,2,1,729,0,0
2026-06,720,1,0,2022,0,0
2026-06,720,1,1,7103,5,1
2026-06,720,2,0,216,0,0
2026-06,720,2,1,638,1,0
2026-06,730,1,0,2093,1,0
2026-06,730,1,1,7313,5,1
2026-06,730,2,0,244,0,0
2026-06,730,2,1,684,1,0
2026-06,740,1,0,2237,1,0
2026-06,740,1,1,7643,2,0
2026-06,740,2,0,243,0,0
2026-06,740,2,1,651,0,0
2026-06,750,1,0,2290,1,0
2026-06,750,1,1,7849,0,0
2026-06,750,2,0,238,0,0
2026-06,750,2,1,598,0,0
2026-06,760,1,0,2317,0,0
2026-06,760,1,1,8055,2,0
2026-06,760,2,0,208,0,0
2026-06,760,2,1,568,0,0
2026-06,770,1,0,2374,0,0
2026-06,770,1,1,8299,1,0
2026-06,770,2,0,199,0,0
2026-06,770,2,1,543,2,0
2026-06,780,1,0,2472,0,0
2026-06,780,1,1,8734,3,1
2026-06,780,2,0,201,0,0
2026-06,780,2,1,515,1,0
2026-06,790,1,0,2542,0,0
2026-06,790,1,1,9175,1,0
2026-06,790,2,0,196,0,0
2026-06,790,2,1,539,0,0
2026-06,800,1,0,2833,0,0
2026-06,800,1,1,9760,1,0
2026-06,800,2,0,202,0,0
2026-06,800,2,1,515,0,0
2026-06,810,1,0,2835,0,0
2026-06,810,1,1,10333,1,0
2026-06,810,2,0,218,0,0
2026-06,810,2,1,516,0,0
2026-06,820,1,0,2916,0,0
2026-06,820,1,1,10340,1,0
2026-06,820,2,0,213,0,0
2026-06,820,2,1,461,0,0
2026-06,830,1,0,2910,0,0
2026-06,830,1,1,10015,0,0
2026-06,830,2,0,204,0,0
2026-06,830,2,1,498,0,0
2026-06,840,1,0,2732,0,0
2026-06,840,1,1,9590,0,0
2026-06,840,2,0,188,0,0
2026-06,840,2,1,441,0,0
2026-06,850,1,0,2911,0,0
2026-06,850,1,1,9497,0,0
2026-06,850,2,0,202,0,0
2026-06,850,2,1,379,0,0
2026-06,860,1,0,2172,0,0
2026-06,860,1,1,7376,0,0
2026-06,860,2,0,170,0,0
2026-06,860,2,1,350,1,0
2026-06,870,1,0,1582,0,0
2026-06,870,1,1,5613,0,0
2026-06,870,2,0,102,0,0
2026-06,870,2,1,227,0,0
2026-06,880,1,0,962,0,0
2026-06,880,1,1,3179,0,0
2026-06,880,2,0,64,0,0
2026-06,880,2,1,142,0,0
2026-06,890,1,0,376,0,0
2026-06,890,1,1,1304,0,0
2026-06,890,2,0,32,0,0
2026-06,890,2,1,52,0,0
2026-07,420,1,1,3,0,0
2026-07,430,1,1,5,0,0
2026-07,430,2,1,1,0,0
2026-07,440,1,0,2,0,0
2026-07,440,1,1,4,0,0
2026-07,440,2,0,1,0,0
2026-07,440,2,1,5,0,0
2026-07,450,1,0,6,0,0
2026-07,450,1,1,11,0,0
2026-07,450,2,0,1,0,0
2026-07,450,2,1,5,1,0
2026-07,460,1,0,1,0,0
2026-07,460,1,1,15,0,0
2026-07,460,2,0,3,0,0
2026-07,460,2,1,12,0,0
2026-07,470,1,0,6,0,0
2026-07,470,1,1,28,0,0
2026-07,470,2,0,3,0,0
2026-07,470,2,1,15,1,0
2026-07,480,1,0,16,0,0
2026-07,480,1,1,47,0,0
2026-07,480,2,0,1,0,0
2026-07,480,2,1,24,0,0
2026-07,490,1,0,22,0,0
2026-07,490,1,1,50,0,0
2026-07,490,2,0,7,0,0
2026-07,490,2,1,27,0,0
2026-07,500,1,0,27,0,0
2026-07,500,1,1,105,0,0
2026-07,500,2,0,10,0,0
2026-07,500,2,1,48,0,0
2026-07,510,1,0,49,1,0
2026-07,510,1,1,168,0,0
2026-07,510,2,0,12,0,0
2026-07,510,2,1,57,0,0
2026-07,520,1,0,68,0,0
2026-07,520,1,1,211,0,0
2026-07,520,2,0,25,1,0
2026-07,520,2,1,74,1,0
2026-07,530,1,0,99,0,0
2026-07,530,1,1,338,1,0
2026-07,530,2,0,25,0,0
2026-07,530,2,1,94,0,0
2026-07,540,1,0,120,0,0
2026-07,540,1,1,405,0,0
2026-07,540,2,0,34,0,0
2026-07,540,2,1,108,0,0
2026-07,550,1,0,149,0,0
2026-07,550,1,1,509,3,1
2026-07,550,2,0,33,0,0
2026-07,550,2,1,149,0,0
2026-07,560,1,0,163,1,0
2026-07,560,1,1,629,3,1
2026-07,560,2,0,47,0,0
2026-07,560,2,1,134,1,0
2026-07,570,1,0,277,0,0
2026-07,570,1,1,1005,5,1
2026-07,570,2,0,51,0,0
2026-07,570,2,1,239,1,0
2026-07,580,1,0,294,1,0
2026-07,580,1,1,1104,5,1
2026-07,580,2,0,67,0,0
2026-07,580,2,1,270,1,0
2026-07,590,1,0,443,2,0
2026-07,590,1,1,1498,4,1
2026-07,590,2,0,77,0,0
2026-07,590,2,1,337,3,0
2026-07,600,1,0,445,1,0
2026-07,600,1,1,1682,4,1
2026-07,600,2,0,92,0,0
2026-07,600,2,1,357,2,0
2026-07,610,1,0,579,0,0
2026-07,610,1,1,2115,1,0
2026-07,610,2,0,92,1,1
2026-07,610,2,1,401,0,0
2026-07,620,1,0,859,1,0
2026-07,620,1,1,2913,9,2
2026-07,620,2,0,191,0,0
2026-07,620,2,1,773,1,0
2026-07,630,1,0,964,0,0
2026-07,630,1,1,3362,5,0
2026-07,630,2,0,229,0,0
2026-07,630,2,1,825,2,0
2026-07,640,1,0,967,0,0
2026-07,640,1,1,3348,7,0
2026-07,640,2,0,191,0,0
2026-07,640,2,1,800,1,0
2026-07,650,1,0,1097,0,0
2026-07,650,1,1,4074,8,1
2026-07,650,2,0,215,0,0
2026-07,650,2,1,846,1,0
2026-07,660,1,0,1333,2,0
2026-07,660,1,1,4555,15,2
2026-07,660,2,0,202,0,0
2026-07,660,2,1,835,3,1
2026-07,670,1,0,1414,0,0
2026-07,670,1,1,5165,8,2
2026-07,670,2,0,211,0,0
2026-07,670,2,1,828,0,0
2026-07,680,1,0,1429,1,0
2026-07,680,1,1,5150,8,3
2026-07,680,2,0,199,0,0
2026-07,680,2,1,704,0,0
2026-07,690,1,0,1561,1,0
2026-07,690,1,1,5920,7,3
2026-07,690,2,0,212,0,0
2026-07,690,2,1,733,0,0
2026-07,700,1,0,1730,0,0
2026-07,700,1,1,5982,7,0
2026-07,700,2,0,195,0,0
2026-07,700,2,1,702,1,0
2026-07,710,1,0,1830,0,0
2026-07,710,1,1,6688,5,0
2026-07,710,2,0,218,0,0
2026-07,710,2,1,706,0,0
2026-07,720,1,0,1977,0,0
2026-07,720,1,1,6875,1,0
2026-07,720,2,0,210,0,0
2026-07,720,2,1,618,0,0
2026-07,730,1,0,2039,1,0
2026-07,730,1,1,7064,5,0
2026-07,730,2,0,238,0,0
2026-07,730,2,1,668,1,0
2026-07,740,1,0,2187,0,0
2026-07,740,1,1,7389,5,1
2026-07,740,2,0,239,0,0
2026-07,740,2,1,633,1,0
2026-07,750,1,0,2232,0,0
2026-07,750,1,1,7563,4,0
2026-07,750,2,0,233,0,0
2026-07,750,2,1,580,0,0
2026-07,760,1,0,2260,0,0
2026-07,760,1,1,7735,1,0
2026-07,760,2,0,200,0,0
2026-07,760,2,1,556,0,0
2026-07,770,1,0,2311,0,0
2026-07,770,1,1,7988,2,1
2026-07,770,2,0,193,0,0
2026-07,770,2,1,523,0,0
2026-07,780,1,0,2415,0,0
2026-07,780,1,1,8377,1,0
2026-07,780,2,0,199,0,0
2026-07,780,2,1,492,0,0
2026-07,790,1,0,2477,0,0
2026-07,790,1,1,8833,0,0
2026-07,790,2,0,194,0,0
2026-07,790,2,1,521,0,0
2026-07,800,1,0,2776,0,0
2026-07,800,1,1,9372,2,0
2026-07,800,2,0,199,0,0
2026-07,800,2,1,500,0,0
2026-07,810,1,0,2776,0,0
2026-07,810,1,1,9908,0,0
2026-07,810,2,0,212,1,0
2026-07,810,2,1,500,0,0
2026-07,820,1,0,2829,0,0
2026-07,820,1,1,9940,0,0
2026-07,820,2,0,210,0,0
2026-07,820,2,1,448,0,0
2026-07,830,1,0,2847,0,0
2026-07,830,1,1,9634,0,0
2026-07,830,2,0,200,0,0
2026-07,830,2,1,477,0,0
2026-07,840,1,0,2676,0,0
2026-07,840,1,1,9241,1,0
2026-07,840,2,0,183,0,0
2026-07,840,2,1,427,0,0
2026-07,850,1,0,2846,0,0
2026-07,850,1,1,9134,0,0
2026-07,850,2,0,201,0,0
2026-07,850,2,1,366,0,0
2026-07,860,1,0,2129,0,0
2026-07,860,1,1,7076,0,0
2026-07,860,2,0,166,0,0
2026-07,860,2,1,342,0,0
2026-07,870,1,0,1552,0,0
2026-07,870,1,1,5405,1,0
2026-07,870,2,0,100,0,0
2026-07,870,2,1,224,0,0
2026-07,880,1,0,941,0,0
2026-07,880,1,1,3054,0,0
2026-07,880,2,0,63,0,0
2026-07,880,2,1,137,0,0
2026-07,890,1,0,369,0,0
2026-07,890,1,1,1260,0,0
2026-07,890,2,0,30,0,0
2026-07,890,2,1,48,0,0
2026-08,420,1,1,2,0,0
2026-08,430,1,1,5,1,0
2026-08,440,1,0,1,0,0
2026-08,440,1,1,3,0,0
2026-08,440,2,0,1,0,0
2026-08,440,2,1,5,0,0
2026-08,450,1,0,4,0,0
2026-08,450,1,1,13,0,0
2026-08,450,2,0,1,0,0
2026-08,450,2,1,4,0,0
2026-08,460,1,0,1,0,0
2026-08,460,1,1,13,0,0
2026-08,460,2,0,1,0,0
2026-08,460,2,1,13,0,0
2026-08,470,1,0,4,0,0
2026-08,470,1,1,29,0,0
2026-08,470,2,0,2,0,0
2026-08,470,2,1,15,0,0
2026-08,480,1,0,7,0,0
2026-08,480,1,1,53,0,0
2026-08,480,2,0,1,0,0
2026-08,480,2,1,24,0,0
2026-08,490,1,0,15,0,0
2026-08,490,1,1,55,0,0
2026-08,490,2,0,5,0,0
2026-08,490,2,1,29,0,0
2026-08,500,1,0,17,0,0
2026-08,500,1,1,114,0,0
2026-08,500,2,0,4,0,0
2026-08,500,2,1,51,0,0
2026-08,510,1,0,26,0,0
2026-08,510,1,1,185,2,0
2026-08,510,2,0,5,0,0
2026-08,510,2,1,62,0,0
2026-08,520,1,0,37,0,0
2026-08,520,1,1,234,2,0
2026-08,520,2,0,17,0,0
2026-08,520,2,1,76,2,0
2026-08,530,1,0,50,0,0
2026-08,530,1,1,377,0,0
2026-08,530,2,0,15,0,0
2026-08,530,2,1,101,1,0
2026-08,540,1,0,63,0,0
2026-08,540,1,1,451,3,0
2026-08,540,2,0,23,0,0
2026-08,540,2,1,114,0,0
2026-08,550,1,0,82,0,0
2026-08,550,1,1,552,0,0
2026-08,550,2,0,21,0,0
2026-08,550,2,1,154,1,0
2026-08,560,1,0,93,0,0
2026-08,560,1,1,665,1,0
2026-08,560,2,0,29,0,0
2026-08,560,2,1,144,2,0
2026-08,570,1,0,146,0,0
2026-08,570,1,1,1094,7,0
2026-08,570,2,0,30,0,0
2026-08,570,2,1,246,1,0
2026-08,580,1,0,147,0,0
2026-08,580,1,1,1204,3,0
2026-08,580,2,0,41,0,0
2026-08,580,2,1,286,0,0
2026-08,590,1,0,239,0,0
2026-08,590,1,1,1643,10,0
2026-08,590,2,0,41,0,0
2026-08,590,2,1,354,0,0
2026-08,600,1,0,231,0,0
2026-08,600,1,1,1839,3,0
2026-08,600,2,0,55,0,0
2026-08,600,2,1,378,2,0
2026-08,610,1,0,310,1,0
2026-08,610,1,1,2306,3,0
2026-08,610,2,0,57,0,0
2026-08,610,2,1,417,4,0
2026-08,620,1,0,487,0,0
2026-08,620,1,1,3172,10,0
2026-08,620,2,0,97,0,0
2026-08,620,2,1,839,1,0
2026-08,630,1,0,491,1,0
2026-08,630,1,1,3703,8,0
2026-08,630,2,0,119,1,0
2026-08,630,2,1,902,2,0
2026-08,640,1,0,533,0,0
2026-08,640,1,1,3648,6,0
2026-08,640,2,0,110,0,0
2026-08,640,2,1,856,1,0
2026-08,650,1,0,603,0,0
2026-08,650,1,1,4400,11,0
2026-08,650,2,0,130,0,0
2026-08,650,2,1,903,2,0
2026-08,660,1,0,720,0,0
2026-08,660,1,1,4965,5,0
2026-08,660,2,0,109,2,0
2026-08,660,2,1,891,0,0
2026-08,670,1,0,752,1,0
2026-08,670,1,1,5607,6,0
2026-08,670,2,0,129,0,0
2026-08,670,2,1,881,0,0
2026-08,680,1,0,746,0,0
2026-08,680,1,1,5668,4,0
2026-08,680,2,0,115,0,0
2026-08,680,2,1,759,0,0
2026-08,690,1,0,856,1,0
2026-08,690,1,1,6370,4,0
2026-08,690,2,0,111,0,0
2026-08,690,2,1,801,1,0
2026-08,700,1,0,928,1,0
2026-08,700,1,1,6497,3,0
2026-08,700,2,0,112,0,0
2026-08,700,2,1,766,2,0
2026-08,710,1,0,1019,0,0
2026-08,710,1,1,7200,7,0
2026-08,710,2,0,114,0,0
2026-08,710,2,1,782,1,0
2026-08,720,1,0,1065,0,0
2026-08,720,1,1,7495,5,0
2026-08,720,2,0,116,0,0
2026-08,720,2,1,694,1,0
2026-08,730,1,0,1090,0,0
2026-08,730,1,1,7694,5,0
2026-08,730,2,0,136,0,0
2026-08,730,2,1,740,0,0
2026-08,740,1,0,1177,1,0
2026-08,740,1,1,8054,1,0
2026-08,740,2,0,139,0,0
2026-08,740,2,1,705,0,0
2026-08,750,1,0,1184,0,0
2026-08,750,1,1,8264,3,0
2026-08,750,2,0,133,0,0
2026-08,750,2,1,663,0,0
2026-08,760,1,0,1205,0,0
2026-08,760,1,1,8440,0,0
2026-08,760,2,0,129,0,0
2026-08,760,2,1,601,1,0
2026-08,770,1,0,1205,0,0
2026-08,770,1,1,8713,3,0
2026-08,770,2,0,105,0,0
2026-08,770,2,1,595,1,0
2026-08,780,1,0,1226,0,0
2026-08,780,1,1,9141,0,0
2026-08,780,2,0,114,0,0
2026-08,780,2,1,556,0,0
2026-08,790,1,0,1304,0,0
2026-08,790,1,1,9586,1,0
2026-08,790,2,0,117,0,0
2026-08,790,2,1,571,0,0
2026-08,800,1,0,1445,0,0
2026-08,800,1,1,10211,1,0
2026-08,800,2,0,116,0,0
2026-08,800,2,1,557,0,0
2026-08,810,1,0,1433,0,0
2026-08,810,1,1,10782,0,0
2026-08,810,2,0,126,0,0
2026-08,810,2,1,563,0,0
2026-08,820,1,0,1474,0,0
2026-08,820,1,1,10817,1,0
2026-08,820,2,0,128,0,0
2026-08,820,2,1,506,0,0
2026-08,830,1,0,1485,0,0
2026-08,830,1,1,10532,0,0
2026-08,830,2,0,108,0,0
2026-08,830,2,1,545,0,0
2026-08,840,1,0,1433,0,0
2026-08,840,1,1,10070,0,0
2026-08,840,2,0,99,0,0
2026-08,840,2,1,489,0,0
2026-08,850,1,0,1516,0,0
2026-08,850,1,1,10010,0,0
2026-08,850,2,0,113,0,0
2026-08,850,2,1,434,0,0
2026-08,860,1,0,1119,0,0
2026-08,860,1,1,7754,0,0
2026-08,860,2,0,101,0,0
2026-08,860,2,1,394,0,0
2026-08,870,1,0,831,0,0
2026-08,870,1,1,5879,0,0
2026-08,870,2,0,58,0,0
2026-08,870,2,1,255,0,0
2026-08,880,1,0,479,0,0
2026-08,880,1,1,3370,0,0
2026-08,880,2,0,34,0,0
2026-08,880,2,1,158,0,0
2026-08,890,1,0,185,0,0
2026-08,890,1,1,1374,0,0
2026-08,890,2,0,24,0,0
2026-08,890,2,1,52,0,0
