month,fico_low,new_used,seasoned,at_risk,repos,reversed
2017-09,650,1,0,495,0,0
2017-09,650,2,0,940,2,0
2017-09,660,1,0,546,1,0
2017-09,660,2,0,1150,1,0
2017-09,670,1,0,671,0,0
2017-09,670,2,0,1381,0,0
2017-09,680,1,0,677,0,0
2017-09,680,2,0,1301,0,0
2017-09,690,1,0,1065,0,0
2017-09,690,2,0,1912,1,0
2017-09,700,1,0,1203,0,0
2017-09,700,2,0,2145,1,0
2017-09,710,1,0,1250,2,0
2017-09,710,2,0,2095,2,0
2017-09,720,1,0,1261,0,0
2017-09,720,2,0,2142,1,0
2017-09,730,1,0,1105,0,0
2017-09,730,2,0,1803,0,0
2017-09,740,1,0,1083,0,0
2017-09,740,2,0,1666,1,0
2017-09,750,1,0,1104,0,0
2017-09,750,2,0,1752,0,0
2017-09,760,1,0,1111,0,0
2017-09,760,2,0,1592,0,0
2017-09,770,1,0,1141,0,0
2017-09,770,2,0,1699,2,0
2017-09,780,1,0,1405,0,0
2017-09,780,2,0,1816,2,0
2017-09,790,1,0,1332,0,0
2017-09,790,2,0,1570,2,0
2017-09,800,1,0,1398,0,0
2017-09,800,2,0,1885,1,0
2017-09,810,1,0,1766,1,0
2017-09,810,2,0,1983,0,0
2017-09,820,1,0,1813,0,0
2017-09,820,2,0,1912,0,0
2017-09,830,1,0,1444,0,0
2017-09,830,2,0,1399,0,0
2017-09,840,1,0,751,0,0
2017-09,840,2,0,751,0,0
2017-09,850,1,0,521,0,0
2017-09,850,2,0,449,0,0
2017-09,860,1,0,208,0,0
2017-09,860,2,0,157,0,0
2017-09,870,1,0,147,0,0
2017-09,870,2,0,110,0,0
2017-09,880,1,0,9,0,0
2017-09,880,2,0,7,0,0
2017-10,650,1,0,486,0,0
2017-10,650,2,0,918,1,1
2017-10,660,1,0,535,0,0
2017-10,660,2,0,1131,1,0
2017-10,670,1,0,661,0,0
2017-10,670,2,0,1345,0,0
2017-10,680,1,0,659,2,0
2017-10,680,2,0,1286,1,0
2017-10,690,1,0,1041,1,0
2017-10,690,2,0,1870,1,0
2017-10,700,1,0,1177,1,0
2017-10,700,2,0,2107,2,0
2017-10,710,1,0,1232,0,0
2017-10,710,2,0,2054,1,0
2017-10,720,1,0,1230,0,0
2017-10,720,2,0,2105,2,1
2017-10,730,1,0,1079,0,0
2017-10,730,2,0,1771,0,0
2017-10,740,1,0,1065,0,0
2017-10,740,2,0,1627,1,0
2017-10,750,1,0,1085,1,0
2017-10,750,2,0,1709,0,0
2017-10,760,1,0,1085,0,0
2017-10,760,2,0,1565,0,0
2017-10,770,1,0,1121,1,0
2017-10,770,2,0,1659,0,0
2017-10,780,1,0,1381,0,0
2017-10,780,2,0,1774,0,0
2017-10,790,1,0,1306,0,0
2017-10,790,2,0,1540,1,0
2017-10,800,1,0,1360,1,0
2017-10,800,2,0,1848,0,0
2017-10,810,1,0,1718,0,0
2017-10,810,2,0,1942,0,0
2017-10,820,1,0,1777,0,0
2017-10,820,2,0,1872,0,0
2017-10,830,1,0,1409,0,0
2017-10,830,2,0,1376,0,0
2017-10,840,1,0,735,0,0
2017-10,840,2,0,738,0,0
2017-10,850,1,0,511,0,0
2017-10,850,2,0,442,0,0
2017-10,860,1,0,205,0,0
2017-10,860,2,0,156,0,0
2017-10,870,1,0,143,0,0
2017-10,870,2,0,106,0,0
2017-10,880,1,0,9,0,0
2017-10,880,2,0,7,0,0
2017-11,650,1,0,478,2,0
2017-11,650,2,0,909,0,0
2017-11,660,1,0,527,1,0
2017-11,660,2,0,1119,1,0
2017-11,670,1,0,648,3,1
2017-11,670,2,0,1333,0,0
2017-11,680,1,0,642,0,0
2017-11,680,2,0,1274,1,0
2017-11,690,1,0,1024,0,0
2017-11,690,2,0,1834,2,0
2017-11,700,1,0,1159,0,0
2017-11,700,2,0,2078,1,0
2017-11,710,1,0,1213,0,0
2017-11,710,2,0,2028,3,0
2017-11,720,1,0,1208,0,0
2017-11,720,2,0,2073,0,0
2017-11,730,1,0,1064,0,0
2017-11,730,2,0,1744,0,0
2017-11,740,1,0,1045,0,0
2017-11,740,2,0,1610,0,0
2017-11,750,1,0,1063,0,0
2017-11,750,2,0,1674,0,0
2017-11,760,1,0,1068,0,0
2017-11,760,2,0,1547,0,0
2017-11,770,1,0,1099,0,0
2017-11,770,2,0,1634,0,0
2017-11,780,1,0,1363,0,0
2017-11,780,2,0,1748,2,1
2017-11,790,1,0,1283,0,0
2017-11,790,2,0,1521,0,0
2017-11,800,1,0,1338,0,0
2017-11,800,2,0,1814,0,0
2017-11,810,1,0,1689,2,0
2017-11,810,2,0,1916,0,0
2017-11,820,1,0,1740,0,0
2017-11,820,2,0,1849,0,0
2017-11,830,1,0,1393,0,0
2017-11,830,2,0,1346,1,0
2017-11,840,1,0,722,0,0
2017-11,840,2,0,724,0,0
2017-11,850,1,0,503,0,0
2017-11,850,2,0,437,0,0
2017-11,860,1,0,204,0,0
2017-11,860,2,0,152,0,0
2017-11,870,1,0,142,0,0
2017-11,870,2,0,105,0,0
2017-11,880,1,0,9,0,0
2017-11,880,2,0,7,0,0
2017-12,650,1,0,466,0,0
2017-12,650,2,0,902,1,0
2017-12,660,1,0,521,0,0
2017-12,660,2,0,1105,1,0
2017-12,670,1,0,639,2,0
2017-12,670,2,0,1320,0,0
2017-12,680,1,0,636,1,0
2017-12,680,2,0,1263,0,0
2017-12,690,1,0,1013,0,0
2017-12,690,2,0,1800,0,0
2017-12,700,1,0,1149,1,0
2017-12,700,2,0,2047,4,0
2017-12,710,1,0,1193,1,0
2017-12,710,2,0,1993,2,0
2017-12,720,1,0,1200,1,0
2017-12,720,2,0,2050,1,1
2017-12,730,1,0,1050,0,0
2017-12,730,2,0,1722,0,0
2017-12,740,1,0,1022,0,0
2017-12,740,2,0,1588,2,0
2017-12,750,1,0,1049,0,0
2017-12,750,2,0,1660,0,0
2017-12,760,1,0,1049,0,0
2017-12,760,2,0,1527,0,0
2017-12,770,1,0,1082,0,0
2017-12,770,2,0,1615,0,0
2017-12,780,1,0,1351,0,0
2017-12,780,2,0,1723,0,0
2017-12,790,1,0,1267,0,0
2017-12,790,2,0,1496,3,0
2017-12,800,1,0,1322,0,0
2017-12,800,2,0,1787,0,0
2017-12,810,1,0,1661,0,0
2017-12,810,2,0,1881,2,0
2017-12,820,1,0,1714,1,1
2017-12,820,2,0,1822,0,0
2017-12,830,1,0,1369,0,0
2017-12,830,2,0,1333,0,0
2017-12,840,1,0,717,0,0
2017-12,840,2,0,711,0,0
2017-12,850,1,0,491,0,0
2017-12,850,2,0,433,0,0
2017-12,860,1,0,204,0,0
2017-12,860,2,0,151,0,0
2017-12,870,1,0,139,0,0
2017-12,870,2,0,104,0,0
2017-12,880,1,0,9,0,0
2017-12,880,2,0,7,0,0
2018-01,650,1,1,463,0,0
2018-01,650,2,1,890,1,1
2018-01,660,1,1,516,0,0
2018-01,660,2,1,1091,0,0
2018-01,670,1,1,628,0,0
2018-01,670,2,1,1305,3,0
2018-01,680,1,1,623,1,0
2018-01,680,2,1,1245,1,0
2018-01,690,1,1,1002,1,0
2018-01,690,2,1,1774,3,0
2018-01,700,1,1,1129,3,0
2018-01,700,2,1,2020,1,0
2018-01,710,1,1,1178,1,0
2018-01,710,2,1,1972,0,0
2018-01,720,1,1,1182,3,0
2018-01,720,2,1,2032,3,0
2018-01,730,1,1,1040,0,0
2018-01,730,2,1,1700,0,0
2018-01,740,1,1,1006,0,0
2018-01,740,2,1,1570,0,0
2018-01,750,1,1,1032,0,0
2018-01,750,2,1,1644,1,1
2018-01,760,1,1,1031,1,0
2018-01,760,2,1,1517,0,0
2018-01,770,1,1,1065,0,0
2018-01,770,2,1,1591,1,0
2018-01,780,1,1,1327,0,0
2018-01,780,2,1,1695,3,0
2018-01,790,1,1,1251,0,0
2018-01,790,2,1,1472,1,0
2018-01,800,1,1,1299,0,0
2018-01,800,2,1,1766,0,0
2018-01,810,1,1,1632,0,0
2018-01,810,2,1,1849,1,0
2018-01,820,1,1,1689,0,0
2018-01,820,2,1,1796,0,0
2018-01,830,1,1,1348,0,0
2018-01,830,2,1,1315,0,0
2018-01,840,1,1,712,0,0
2018-01,840,2,1,700,0,0
2018-01,850,1,1,484,0,0
2018-01,850,2,1,430,0,0
2018-01,860,1,1,200,0,0
2018-01,860,2,1,148,0,0
2018-01,870,1,1,139,0,0
2018-01,870,2,1,103,0,0
2018-01,880,1,1,9,0,0
2018-01,880,2,1,7,0,0
2018-02,650,1,1,458,2,0
2018-02,650,2,1,873,0,0
2018-02,660,1,1,512,0,0
2018-02,660,2,1,1079,1,1
2018-02,670,1,1,618,0,0
2018-02,670,2,1,1280,2,0
2018-02,680,1,1,611,1,1
2018-02,680,2,1,1223,1,0
2018-02,690,1,1,985,2,0
2018-02,690,2,1,1744,4,0
2018-02,700,1,1,1101,0,0
2018-02,700,2,1,1988,3,1
2018-02,710,1,1,1154,2,0
2018-02,710,2,1,1953,1,0
2018-02,720,1,1,1163,0,0
2018-02,720,2,1,1998,2,0
2018-02,730,1,1,1026,1,0
2018-02,730,2,1,1670,0,0
2018-02,740,1,1,987,0,0
2018-02,740,2,1,1555,0,0
2018-02,750,1,1,1016,0,0
2018-02,750,2,1,1626,0,0
2018-02,760,1,1,1016,0,0
2018-02,760,2,1,1494,2,0
2018-02,770,1,1,1047,1,0
2018-02,770,2,1,1572,0,0
2018-02,780,1,1,1302,0,0
2018-02,780,2,1,1667,0,0
2018-02,790,1,1,1227,1,0
2018-02,790,2,1,1442,0,0
2018-02,800,1,1,1274,0,0
2018-02,800,2,1,1730,0,0
2018-02,810,1,1,1609,1,0
2018-02,810,2,1,1807,0,0
2018-02,820,1,1,1649,0,0
2018-02,820,2,1,1769,0,0
2018-02,830,1,1,1326,0,0
2018-02,830,2,1,1298,0,0
2018-02,840,1,1,699,0,0
2018-02,840,2,1,690,0,0
2018-02,850,1,1,478,0,0
2018-02,850,2,1,423,0,0
2018-02,860,1,1,198,0,0
2018-02,860,2,1,146,0,0
2018-02,870,1,1,137,0,0
2018-02,870,2,1,100,0,0
2018-02,880,1,1,9,0,0
2018-02,880,2,1,7,0,0
2018-03,650,1,1,451,0,0
2018-03,650,2,1,868,0,0
2018-03,660,1,1,504,0,0
2018-03,660,2,1,1070,1,0
2018-03,670,1,1,610,1,0
2018-03,670,2,1,1262,0,0
2018-03,680,1,1,604,0,0
2018-03,680,2,1,1197,2,0
2018-03,690,1,1,969,1,0
2018-03,690,2,1,1719,1,0
2018-03,700,1,1,1093,3,0
2018-03,700,2,1,1963,1,0
2018-03,710,1,1,1135,2,0
2018-03,710,2,1,1928,2,0
2018-03,720,1,1,1148,0,0
2018-03,720,2,1,1966,0,0
2018-03,730,1,1,1004,0,0
2018-03,730,2,1,1644,1,0
2018-03,740,1,1,971,1,0
2018-03,740,2,1,1530,2,0
2018-03,750,1,1,997,0,0
2018-03,750,2,1,1605,1,0
2018-03,760,1,1,1005,1,0
2018-03,760,2,1,1480,1,1
2018-03,770,1,1,1032,0,0
2018-03,770,2,1,1543,0,0
2018-03,780,1,1,1288,0,0
2018-03,780,2,1,1644,0,0
2018-03,790,1,1,1213,1,0
2018-03,790,2,1,1423,0,0
2018-03,800,1,1,1251,0,0
2018-03,800,2,1,1698,1,0
2018-03,810,1,1,1579,0,0
2018-03,810,2,1,1775,0,0
2018-03,820,1,1,1623,0,0
2018-03,820,2,1,1745,0,0
2018-03,830,1,1,1307,0,0
2018-03,830,2,1,1276,0,0
2018-03,840,1,1,692,0,0
2018-03,840,2,1,683,0,0
2018-03,850,1,1,467,0,0
2018-03,850,2,1,416,0,0
2018-03,860,1,1,195,0,0
2018-03,860,2,1,144,0,0
2018-03,870,1,1,135,0,0
2018-03,870,2,1,99,0,0
2018-03,880,1,1,9,0,0
2018-03,880,2,1,7,0,0
2018-04,650,1,1,445,1,0
2018-04,650,2,1,862,2,0
2018-04,660,1,1,496,2,1
2018-04,660,2,1,1058,3,0
2018-04,670,1,1,599,0,0
2018-04,670,2,1,1245,4,0
2018-04,680,1,1,600,1,0
2018-04,680,2,1,1175,1,0
2018-04,690,1,1,947,1,0
2018-04,690,2,1,1692,0,0
2018-04,700,1,1,1072,1,0
2018-04,700,2,1,1929,0,0
2018-04,710,1,1,1119,0,0
2018-04,710,2,1,1890,1,0
2018-04,720,1,1,1128,1,0
2018-04,720,2,1,1935,1,0
2018-04,730,1,1,990,3,0
2018-04,730,2,1,1609,3,0
2018-04,740,1,1,952,0,0
2018-04,740,2,1,1502,0,0
2018-04,750,1,1,985,0,0
2018-04,750,2,1,1573,1,0
2018-04,760,1,1,981,0,0
2018-04,760,2,1,1447,0,0
2018-04,770,1,1,1011,0,0
2018-04,770,2,1,1511,0,0
2018-04,780,1,1,1256,1,0
2018-04,780,2,1,1616,1,0
2018-04,790,1,1,1185,1,0
2018-04,790,2,1,1389,0,0
2018-04,800,1,1,1225,0,0
2018-04,800,2,1,1666,0,0
2018-04,810,1,1,1542,0,0
2018-04,810,2,1,1737,0,0
2018-04,820,1,1,1591,1,0
2018-04,820,2,1,1713,0,0
2018-04,830,1,1,1280,0,0
2018-04,830,2,1,1246,0,0
2018-04,840,1,1,682,0,0
2018-04,840,2,1,672,0,0
2018-04,850,1,1,460,0,0
2018-04,850,2,1,411,1,0
2018-04,860,1,1,192,0,0
2018-04,860,2,1,137,0,0
2018-04,870,1,1,133,0,0
2018-04,870,2,1,98,0,0
2018-04,880,1,1,9,0,0
2018-04,880,2,1,7,0,0
2018-05,650,1,1,438,1,0
2018-05,650,2,1,839,0,0
2018-05,660,1,1,491,0,0
2018-05,660,2,1,1042,1,0
2018-05,670,1,1,593,0,0
2018-05,670,2,1,1226,2,0
2018-05,680,1,1,586,1,0
2018-05,680,2,1,1157,4,0
2018-05,690,1,1,932,0,0
2018-05,690,2,1,1661,0,0
2018-05,700,1,1,1046,1,0
2018-05,700,2,1,1901,2,0
2018-05,710,1,1,1093,0,0
2018-05,710,2,1,1863,2,0
2018-05,720,1,1,1104,0,0
2018-05,720,2,1,1901,1,0
2018-05,730,1,1,967,0,0
2018-05,730,2,1,1586,2,1
2018-05,740,1,1,937,1,1
2018-05,740,2,1,1468,2,0
2018-05,750,1,1,970,1,0
2018-05,750,2,1,1554,1,0
2018-05,760,1,1,958,0,0
2018-05,760,2,1,1421,1,1
2018-05,770,1,1,997,0,0
2018-05,770,2,1,1480,0,0
2018-05,780,1,1,1232,0,0
2018-05,780,2,1,1591,2,0
2018-05,790,1,1,1163,0,0
2018-05,790,2,1,1375,0,0
2018-05,800,1,1,1198,0,0
2018-05,800,2,1,1637,0,0
2018-05,810,1,1,1512,0,0
2018-05,810,2,1,1703,0,0
2018-05,820,1,1,1550,0,0
2018-05,820,2,1,1675,1,0
2018-05,830,1,1,1261,0,0
2018-05,830,2,1,1217,0,0
2018-05,840,1,1,663,0,0
2018-05,840,2,1,658,1,0
2018-05,850,1,1,449,0,0
2018-05,850,2,1,403,0,0
2018-05,860,1,1,189,0,0
2018-05,860,2,1,136,0,0
2018-05,870,1,1,131,0,0
2018-05,870,2,1,95,0,0
2018-05,880,1,1,9,0,0
2018-05,880,2,1,6,0,0
2018-06,650,1,1,430,0,0
2018-06,650,2,1,824,0,0
2018-06,660,1,1,488,0,0
2018-06,660,2,1,1029,0,0
2018-06,670,1,1,588,0,0
2018-06,670,2,1,1198,2,0
2018-06,680,1,1,574,1,0
2018-06,680,2,1,1130,0,0
2018-06,690,1,1,921,1,0
2018-06,690,2,1,1634,2,0
2018-06,700,1,1,1026,0,0
2018-06,700,2,1,1872,0,0
2018-06,710,1,1,1072,0,0
2018-06,710,2,1,1832,1,0
2018-06,720,1,1,1083,2,0
2018-06,720,2,1,1869,3,0
2018-06,730,1,1,946,0,0
2018-06,730,2,1,1549,2,1
2018-06,740,1,1,922,1,0
2018-06,740,2,1,1442,0,0
2018-06,750,1,1,949,0,0
2018-06,750,2,1,1514,0,0
2018-06,760,1,1,937,0,0
2018-06,760,2,1,1390,0,0
2018-06,770,1,1,983,0,0
2018-06,770,2,1,1443,2,0
2018-06,780,1,1,1206,0,0
2018-06,780,2,1,1566,0,0
2018-06,790,1,1,1136,0,0
2018-06,790,2,1,1335,0,0
2018-06,800,1,1,1184,1,0
2018-06,800,2,1,1600,0,0
2018-06,810,1,1,1485,1,0
2018-06,810,2,1,1670,0,0
2018-06,820,1,1,1506,0,0
2018-06,820,2,1,1626,0,0
2018-06,830,1,1,1229,1,0
2018-06,830,2,1,1190,0,0
2018-06,840,1,1,655,0,0
2018-06,840,2,1,641,0,0
2018-06,850,1,1,439,0,0
2018-06,850,2,1,399,0,0
2018-06,860,1,1,188,0,0
2018-06,860,2,1,134,1,0
2018-06,870,1,1,129,0,0
2018-06,870,2,1,94,0,0
2018-06,880,1,1,9,0,0
2018-06,880,2,1,6,0,0
2018-07,650,1,1,424,0,0
2018-07,650,2,1,807,0,0
2018-07,660,1,1,479,0,0
2018-07,660,2,1,1012,3,1
2018-07,670,1,1,575,2,0
2018-07,670,2,1,1185,1,1
2018-07,680,1,1,560,0,0
2018-07,680,2,1,1107,0,0
2018-07,690,1,1,907,0,0
2018-07,690,2,1,1604,1,0
2018-07,700,1,1,1013,2,0
2018-07,700,2,1,1830,2,1
2018-07,710,1,1,1057,3,0
2018-07,710,2,1,1802,1,0
2018-07,720,1,1,1054,0,0
2018-07,720,2,1,1832,1,0
2018-07,730,1,1,929,1,0
2018-07,730,2,1,1528,1,0
2018-07,740,1,1,905,0,0
2018-07,740,2,1,1420,0,0
2018-07,750,1,1,930,0,0
2018-07,750,2,1,1475,0,0
2018-07,760,1,1,918,0,0
2018-07,760,2,1,1359,0,0
2018-07,770,1,1,967,0,0
2018-07,770,2,1,1416,1,1
2018-07,780,1,1,1179,0,0
2018-07,780,2,1,1545,0,0
2018-07,790,1,1,1121,0,0
2018-07,790,2,1,1306,1,0
2018-07,800,1,1,1157,1,0
2018-07,800,2,1,1574,0,0
2018-07,810,1,1,1459,0,0
2018-07,810,2,1,1643,1,0
2018-07,820,1,1,1473,0,0
2018-07,820,2,1,1591,0,0
2018-07,830,1,1,1194,0,0
2018-07,830,2,1,1161,0,0
2018-07,840,1,1,646,0,0
2018-07,840,2,1,628,0,0
2018-07,850,1,1,426,0,0
2018-07,850,2,1,392,0,0
2018-07,860,1,1,188,0,0
2018-07,860,2,1,130,0,0
2018-07,870,1,1,127,0,0
2018-07,870,2,1,89,0,0
2018-07,880,1,1,9,0,0
2018-07,880,2,1,6,0,0
2018-08,650,1,1,418,0,0
2018-08,650,2,1,795,0,0
2018-08,660,1,1,473,2,1
2018-08,660,2,1,988,5,0
2018-08,670,1,1,564,0,0
2018-08,670,2,1,1168,3,0
2018-08,680,1,1,550,3,0
2018-08,680,2,1,1087,0,0
2018-08,690,1,1,893,3,0
2018-08,690,2,1,1572,3,0
2018-08,700,1,1,995,0,0
2018-08,700,2,1,1795,4,0
2018-08,710,1,1,1034,0,0
2018-08,710,2,1,1773,3,0
2018-08,720,1,1,1037,0,0
2018-08,720,2,1,1802,1,0
2018-08,730,1,1,917,0,0
2018-08,730,2,1,1498,1,0
2018-08,740,1,1,891,0,0
2018-08,740,2,1,1390,0,0
2018-08,750,1,1,918,1,0
2018-08,750,2,1,1445,3,0
2018-08,760,1,1,893,0,0
2018-08,760,2,1,1329,0,0
2018-08,770,1,1,947,0,0
2018-08,770,2,1,1384,0,0
2018-08,780,1,1,1149,0,0
2018-08,780,2,1,1511,1,0
2018-08,790,1,1,1100,0,0
2018-08,790,2,1,1279,0,0
2018-08,800,1,1,1130,0,0
2018-08,800,2,1,1541,0,0
2018-08,810,1,1,1430,1,0
2018-08,810,2,1,1601,0,0
2018-08,820,1,1,1436,0,0
2018-08,820,2,1,1559,0,0
2018-08,830,1,1,1167,0,0
2018-08,830,2,1,1138,0,0
2018-08,840,1,1,633,0,0
2018-08,840,2,1,616,0,0
2018-08,850,1,1,415,0,0
2018-08,850,2,1,386,0,0
2018-08,860,1,1,182,0,0
2018-08,860,2,1,127,0,0
2018-08,870,1,1,127,0,0
2018-08,870,2,1,88,0,0
2018-08,880,1,1,9,0,0
2018-08,880,2,1,6,0,0
2018-09,650,1,1,417,0,0
2018-09,650,2,1,779,3,0
2018-09,660,1,1,465,0,0
2018-09,660,2,1,968,3,0
2018-09,670,1,1,559,2,0
2018-09,670,2,1,1150,1,1
2018-09,680,1,1,536,0,0
2018-09,680,2,1,1069,1,0
2018-09,690,1,1,872,0,0
2018-09,690,2,1,1541,2,0
2018-09,700,1,1,976,2,0
2018-09,700,2,1,1758,3,0
2018-09,710,1,1,1013,2,0
2018-09,710,2,1,1731,3,0
2018-09,720,1,1,1021,0,0
2018-09,720,2,1,1760,1,0
2018-09,730,1,1,900,0,0
2018-09,730,2,1,1474,2,0
2018-09,740,1,1,873,0,0
2018-09,740,2,1,1362,1,0
2018-09,750,1,1,901,0,0
2018-09,750,2,1,1410,0,0
2018-09,760,1,1,878,0,0
2018-09,760,2,1,1296,1,0
2018-09,770,1,1,922,1,0
2018-09,770,2,1,1356,1,0
2018-09,780,1,1,1122,0,0
2018-09,780,2,1,1483,0,0
2018-09,790,1,1,1084,0,0
2018-09,790,2,1,1248,1,0
2018-09,800,1,1,1096,0,0
2018-09,800,2,1,1506,1,0
2018-09,810,1,1,1402,0,0
2018-09,810,2,1,1565,0,0
2018-09,820,1,1,1406,0,0
2018-09,820,2,1,1516,0,0
2018-09,830,1,1,1139,0,0
2018-09,830,2,1,1106,0,0
2018-09,840,1,1,617,0,0
2018-09,840,2,1,606,0,0
2018-09,850,1,1,406,0,0
2018-09,850,2,1,375,0,0
2018-09,860,1,1,178,0,0
2018-09,860,2,1,125,0,0
2018-09,870,1,1,123,0,0
2018-09,870,2,1,87,0,0
2018-09,880,1,1,9,0,0
2018-09,880,2,1,6,0,0
2018-10,650,1,1,409,0,0
2018-10,650,2,1,771,4,0
2018-10,660,1,1,459,1,0
2018-10,660,2,1,958,0,0
2018-10,670,1,1,541,0,0
2018-10,670,2,1,1135,3,0
2018-10,680,1,1,527,0,0
2018-10,680,2,1,1050,0,0
2018-10,690,1,1,861,0,0
2018-10,690,2,1,1520,0,0
2018-10,700,1,1,960,3,0
2018-10,700,2,1,1732,3,1
2018-10,710,1,1,989,2,0
2018-10,710,2,1,1701,1,0
2018-10,720,1,1,998,2,1
2018-10,720,2,1,1735,0,0
2018-10,730,1,1,885,0,0
2018-10,730,2,1,1447,1,0
2018-10,740,1,1,856,0,0
2018-10,740,2,1,1331,2,0
2018-10,750,1,1,887,0,0
2018-10,750,2,1,1375,2,0
2018-10,760,1,1,862,0,0
2018-10,760,2,1,1272,1,0
2018-10,770,1,1,903,0,0
2018-10,770,2,1,1331,2,0
2018-10,780,1,1,1110,0,0
2018-10,780,2,1,1453,1,0
2018-10,790,1,1,1065,0,0
2018-10,790,2,1,1229,0,0
2018-10,800,1,1,1065,0,0
2018-10,800,2,1,1484,0,0
2018-10,810,1,1,1373,0,0
2018-10,810,2,1,1537,0,0
2018-10,820,1,1,1376,0,0
2018-10,820,2,1,1487,0,0
2018-10,830,1,1,1115,0,0
2018-10,830,2,1,1089,0,0
2018-10,840,1,1,606,0,0
2018-10,840,2,1,596,0,0
2018-10,850,1,1,398,0,0
2018-10,850,2,1,365,0,0
2018-10,860,1,1,174,0,0
2018-10,860,2,1,124,0,0
2018-10,870,1,1,122,0,0
2018-10,870,2,1,85,0,0
2018-10,880,1,1,8,0,0
2018-10,880,2,1,6,0,0
2018-11,650,1,1,401,0,0
2018-11,650,2,1,749,1,1
2018-11,660,1,1,450,1,0
2018-11,660,2,1,934,0,0
2018-11,670,1,1,531,2,0
2018-11,670,2,1,1112,0,0
2018-11,680,1,1,519,1,0
2018-11,680,2,1,1029,1,0
2018-11,690,1,1,850,0,0
2018-11,690,2,1,1495,2,0
2018-11,700,1,1,936,1,0
2018-11,700,2,1,1705,1,0
2018-11,710,1,1,968,1,0
2018-11,710,2,1,1669,0,0
2018-11,720,1,1,977,0,0
2018-11,720,2,1,1703,3,0
2018-11,730,1,1,869,2,1
2018-11,730,2,1,1415,0,0
2018-11,740,1,1,835,1,0
2018-11,740,2,1,1300,1,0
2018-11,750,1,1,877,0,0
2018-11,750,2,1,1339,1,0
2018-11,760,1,1,854,1,0
2018-11,760,2,1,1240,2,1
2018-11,770,1,1,882,0,0
2018-11,770,2,1,1299,0,0
2018-11,780,1,1,1085,0,0
2018-11,780,2,1,1430,0,0
2018-11,790,1,1,1046,0,0
2018-11,790,2,1,1199,0,0
2018-11,800,1,1,1034,0,0
2018-11,800,2,1,1454,0,0
2018-11,810,1,1,1337,0,0
2018-11,810,2,1,1507,0,0
2018-11,820,1,1,1347,0,0
2018-11,820,2,1,1451,0,0
2018-11,830,1,1,1095,0,0
2018-11,830,2,1,1066,0,0
2018-11,840,1,1,593,0,0
2018-11,840,2,1,585,0,0
2018-11,850,1,1,390,0,0
2018-11,850,2,1,360,0,0
2018-11,860,1,1,167,0,0
2018-11,860,2,1,122,0,0
2018-11,870,1,1,119,0,0
2018-11,870,2,1,81,0,0
2018-11,880,1,1,7,0,0
2018-11,880,2,1,6,0,0
2018-12,650,1,1,398,0,0
2018-12,650,2,1,738,0,0
2018-12,660,1,1,444,0,0
2018-12,660,2,1,928,2,0
2018-12,670,1,1,522,0,0
2018-12,670,2,1,1097,1,0
2018-12,680,1,1,513,1,0
2018-12,680,2,1,1013,1,0
2018-12,690,1,1,838,0,0
2018-12,690,2,1,1471,0,0
2018-12,700,1,1,917,0,0
2018-12,700,2,1,1673,2,0
2018-12,710,1,1,956,0,0
2018-12,710,2,1,1637,1,0
2018-12,720,1,1,960,0,0
2018-12,720,2,1,1671,0,0
2018-12,730,1,1,847,2,0
2018-12,730,2,1,1382,2,0
2018-12,740,1,1,824,0,0
2018-12,740,2,1,1277,0,0
2018-12,750,1,1,865,1,1
2018-12,750,2,1,1310,0,0
2018-12,760,1,1,836,0,0
2018-12,760,2,1,1206,0,0
2018-12,770,1,1,869,0,0
2018-12,770,2,1,1275,1,0
2018-12,780,1,1,1070,0,0
2018-12,780,2,1,1396,1,0
2018-12,790,1,1,1033,0,0
2018-12,790,2,1,1176,0,0
2018-12,800,1,1,1023,1,0
2018-12,800,2,1,1434,1,0
2018-12,810,1,1,1311,0,0
2018-12,810,2,1,1476,0,0
2018-12,820,1,1,1321,0,0
2018-12,820,2,1,1420,0,0
2018-12,830,1,1,1075,0,0
2018-12,830,2,1,1037,0,0
2018-12,840,1,1,581,0,0
2018-12,840,2,1,572,1,0
2018-12,850,1,1,385,0,0
2018-12,850,2,1,354,0,0
2018-12,860,1,1,164,0,0
2018-12,860,2,1,120,0,0
2018-12,870,1,1,116,0,0
2018-12,870,2,1,81,0,0
2018-12,880,1,1,7,0,0
2018-12,880,2,1,6,0,0
2019-01,650,1,1,390,1,0
2019-01,650,2,1,730,0,0
2019-01,660,1,1,435,0,0
2019-01,660,2,1,910,4,1
2019-01,670,1,1,503,0,0
2019-01,670,2,1,1080,1,0
2019-01,680,1,1,507,0,0
2019-01,680,2,1,989,2,0
2019-01,690,1,1,824,3,0
2019-01,690,2,1,1459,2,0
2019-01,700,1,1,898,2,1
2019-01,700,2,1,1648,2,0
2019-01,710,1,1,940,0,0
2019-01,710,2,1,1605,1,0
2019-01,720,1,1,941,0,0
2019-01,720,2,1,1653,0,0
2019-01,730,1,1,826,1,0
2019-01,730,2,1,1354,2,0
2019-01,740,1,1,816,1,0
2019-01,740,2,1,1252,1,0
2019-01,750,1,1,853,2,0
2019-01,750,2,1,1285,0,0
2019-01,760,1,1,822,0,0
2019-01,760,2,1,1180,3,0
2019-01,770,1,1,854,0,0
2019-01,770,2,1,1259,0,0
2019-01,780,1,1,1045,0,0
2019-01,780,2,1,1367,0,0
2019-01,790,1,1,1012,0,0
2019-01,790,2,1,1152,1,0
2019-01,800,1,1,994,0,0
2019-01,800,2,1,1406,0,0
2019-01,810,1,1,1274,0,0
2019-01,810,2,1,1440,0,0
2019-01,820,1,1,1297,0,0
2019-01,820,2,1,1387,1,0
2019-01,830,1,1,1048,0,0
2019-01,830,2,1,1020,0,0
2019-01,840,1,1,574,0,0
2019-01,840,2,1,554,0,0
2019-01,850,1,1,378,0,0
2019-01,850,2,1,345,0,0
2019-01,860,1,1,162,0,0
2019-01,860,2,1,117,0,0
2019-01,870,1,1,114,0,0
2019-01,870,2,1,81,0,0
2019-01,880,1,1,7,0,0
2019-01,880,2,1,6,0,0
2019-02,650,1,1,382,1,0
2019-02,650,2,1,713,1,0
2019-02,660,1,1,425,0,0
2019-02,660,2,1,896,0,0
2019-02,670,1,1,497,1,1
2019-02,670,2,1,1059,0,0
2019-02,680,1,1,500,0,0
2019-02,680,2,1,970,0,0
2019-02,690,1,1,812,1,0
2019-02,690,2,1,1434,4,1
2019-02,700,1,1,882,1,0
2019-02,700,2,1,1611,2,0
2019-02,710,1,1,920,1,0
2019-02,710,2,1,1573,0,0
2019-02,720,1,1,925,2,0
2019-02,720,2,1,1616,1,0
2019-02,730,1,1,809,0,0
2019-02,730,2,1,1324,1,0
2019-02,740,1,1,798,1,0
2019-02,740,2,1,1230,2,1
2019-02,750,1,1,832,0,0
2019-02,750,2,1,1258,0,0
2019-02,760,1,1,804,0,0
2019-02,760,2,1,1157,0,0
2019-02,770,1,1,835,0,0
2019-02,770,2,1,1223,0,0
2019-02,780,1,1,1023,0,0
2019-02,780,2,1,1344,0,0
2019-02,790,1,1,981,0,0
2019-02,790,2,1,1132,1,0
2019-02,800,1,1,971,0,0
2019-02,800,2,1,1380,0,0
2019-02,810,1,1,1236,0,0
2019-02,810,2,1,1400,0,0
2019-02,820,1,1,1275,0,0
2019-02,820,2,1,1349,1,1
2019-02,830,1,1,1012,0,0
2019-02,830,2,1,1004,0,0
2019-02,840,1,1,563,0,0
2019-02,840,2,1,542,0,0
2019-02,850,1,1,373,0,0
2019-02,850,2,1,337,0,0
2019-02,860,1,1,160,0,0
2019-02,860,2,1,113,0,0
2019-02,870,1,1,114,0,0
2019-02,870,2,1,80,0,0
2019-02,880,1,1,5,0,0
2019-02,880,2,1,6,0,0
2019-03,650,1,1,374,0,0
2019-03,650,2,1,699,0,0
2019-03,660,1,1,412,1,0
2019-03,660,2,1,879,1,0
2019-03,670,1,1,486,2,0
2019-03,670,2,1,1034,1,0
2019-03,680,1,1,490,0,0
2019-03,680,2,1,955,1,0
2019-03,690,1,1,801,0,0
2019-03,690,2,1,1410,2,0
2019-03,700,1,1,867,0,0
2019-03,700,2,1,1580,0,0
2019-03,710,1,1,906,2,1
2019-03,710,2,1,1535,0,0
2019-03,720,1,1,912,1,0
2019-03,720,2,1,1573,4,0
2019-03,730,1,1,799,1,0
2019-03,730,2,1,1300,2,0
2019-03,740,1,1,784,0,0
2019-03,740,2,1,1205,2,1
2019-03,750,1,1,821,0,0
2019-03,750,2,1,1237,1,0
2019-03,760,1,1,789,1,0
2019-03,760,2,1,1131,1,0
2019-03,770,1,1,820,0,0
2019-03,770,2,1,1195,1,0
2019-03,780,1,1,1004,0,0
2019-03,780,2,1,1319,1,1
2019-03,790,1,1,964,0,0
2019-03,790,2,1,1107,0,0
2019-03,800,1,1,953,0,0
2019-03,800,2,1,1359,0,0
2019-03,810,1,1,1216,0,0
2019-03,810,2,1,1369,2,0
2019-03,820,1,1,1256,0,0
2019-03,820,2,1,1326,0,0
2019-03,830,1,1,994,0,0
2019-03,830,2,1,988,0,0
2019-03,840,1,1,556,0,0
2019-03,840,2,1,532,0,0
2019-03,850,1,1,370,0,0
2019-03,850,2,1,335,0,0
2019-03,860,1,1,158,0,0
2019-03,860,2,1,111,0,0
2019-03,870,1,1,110,0,0
2019-03,870,2,1,77,0,0
2019-03,880,1,1,5,0,0
2019-03,880,2,1,6,0,0
2019-04,650,1,0,605,0,0
2019-04,650,1,1,370,0,0
2019-04,650,2,0,1615,1,0
2019-04,650,2,1,691,0,0
2019-04,660,1,0,758,0,0
2019-04,660,1,1,405,0,0
2019-04,660,2,0,1865,1,0
2019-04,660,2,1,868,0,0
2019-04,670,1,0,965,0,0
2019-04,670,1,1,474,0,0
2019-04,670,2,0,2033,1,0
2019-04,670,2,1,1011,2,0
2019-04,680,1,0,886,0,0
2019-04,680,1,1,481,0,0
2019-04,680,2,0,1915,1,0
2019-04,680,2,1,937,0,0
2019-04,690,1,0,1780,1,0
2019-04,690,1,1,787,3,0
2019-04,690,2,0,3000,0,0
2019-04,690,2,1,1382,1,0
2019-04,700,1,0,1931,0,0
2019-04,700,1,1,851,1,0
2019-04,700,2,0,3006,0,0
2019-04,700,2,1,1552,1,0
2019-04,710,1,0,1993,0,0
2019-04,710,1,1,891,0,0
2019-04,710,2,0,3103,1,0
2019-04,710,2,1,1505,2,0
2019-04,720,1,0,1969,0,0
2019-04,720,1,1,891,1,0
2019-04,720,2,0,3122,0,0
2019-04,720,2,1,1522,2,0
2019-04,730,1,0,2134,0,0
2019-04,730,1,1,786,0,0
2019-04,730,2,0,3089,0,0
2019-04,730,2,1,1280,0,0
2019-04,740,1,0,2052,0,0
2019-04,740,1,1,766,0,0
2019-04,740,2,0,3175,0,0
2019-04,740,2,1,1179,0,0
2019-04,750,1,0,1464,0,0
2019-04,750,1,1,805,0,0
2019-04,750,2,0,2434,0,0
2019-04,750,2,1,1193,1,0
2019-04,760,1,0,1219,0,0
2019-04,760,1,1,776,0,0
2019-04,760,2,0,2089,1,0
2019-04,760,2,1,1110,0,0
2019-04,770,1,0,1240,0,0
2019-04,770,1,1,801,0,0
2019-04,770,2,0,2069,0,0
2019-04,770,2,1,1162,0,0
2019-04,780,1,0,1271,0,0
2019-04,780,1,1,978,0,0
2019-04,780,2,0,2010,0,0
2019-04,780,2,1,1289,1,0
2019-04,790,1,0,1248,0,0
2019-04,790,1,1,944,1,0
2019-04,790,2,0,1939,0,0
2019-04,790,2,1,1077,0,0
2019-04,800,1,0,1258,0,0
2019-04,800,1,1,940,0,0
2019-04,800,2,0,1708,0,0
2019-04,800,2,1,1329,0,0
2019-04,810,1,0,1463,0,0
2019-04,810,1,1,1185,0,0
2019-04,810,2,0,1879,0,0
2019-04,810,2,1,1327,0,0
2019-04,820,1,0,1633,0,0
2019-04,820,1,1,1223,0,0
2019-04,820,2,0,2065,0,0
2019-04,820,2,1,1288,1,0
2019-04,830,1,0,1726,0,0
2019-04,830,1,1,967,0,0
2019-04,830,2,0,2118,0,0
2019-04,830,2,1,963,0,0
2019-04,840,1,0,1508,0,0
2019-04,840,1,1,547,0,0
2019-04,840,2,0,1715,1,0
2019-04,840,2,1,516,0,0
2019-04,850,1,0,1160,0,0
2019-04,850,1,1,357,0,0
2019-04,850,2,0,1283,0,0
2019-04,850,2,1,330,0,0
2019-04,860,1,0,712,0,0
2019-04,860,1,1,152,0,0
2019-04,860,2,0,721,0,0
2019-04,860,2,1,110,0,0
2019-04,870,1,0,449,0,0
2019-04,870,1,1,100,0,0
2019-04,870,2,0,350,0,0
2019-04,870,2,1,75,0,0
2019-04,880,1,0,133,0,0
2019-04,880,1,1,5,0,0
2019-04,880,2,0,111,0,0
2019-04,880,2,1,6,0,0
2019-04,890,1,0,24,0,0
2019-04,890,2,0,32,0,0
2019-05,650,1,0,602,1,0
2019-05,650,1,1,366,1,0
2019-05,650,2,0,1593,1,0
2019-05,650,2,1,680,0,0
2019-05,660,1,0,745,1,0
2019-05,660,1,1,402,0,0
2019-05,660,2,0,1842,0,0
2019-05,660,2,1,850,0,0
2019-05,670,1,0,950,0,0
2019-05,670,1,1,466,4,1
2019-05,670,2,0,2004,2,0
2019-05,670,2,1,993,1,0
2019-05,680,1,0,876,0,0
2019-05,680,1,1,476,1,0
2019-05,680,2,0,1889,1,0
2019-05,680,2,1,915,3,0
2019-05,690,1,0,1759,0,0
2019-05,690,1,1,771,1,0
2019-05,690,2,0,2966,1,0
2019-05,690,2,1,1352,2,0
2019-05,700,1,0,1908,1,0
2019-05,700,1,1,833,0,0
2019-05,700,2,0,2978,0,0
2019-05,700,2,1,1521,3,0
2019-05,710,1,0,1972,0,0
2019-05,710,1,1,874,1,0
2019-05,710,2,0,3075,2,0
2019-05,710,2,1,1465,1,0
2019-05,720,1,0,1951,1,0
2019-05,720,1,1,871,1,0
2019-05,720,2,0,3066,0,0
2019-05,720,2,1,1480,1,0
2019-05,730,1,0,2104,0,0
2019-05,730,1,1,771,0,0
2019-05,730,2,0,3050,0,0
2019-05,730,2,1,1247,2,0
2019-05,740,1,0,2028,1,0
2019-05,740,1,1,754,0,0
2019-05,740,2,0,3129,0,0
2019-05,740,2,1,1146,0,0
2019-05,750,1,0,1448,0,0
2019-05,750,1,1,780,0,0
2019-05,750,2,0,2405,0,0
2019-05,750,2,1,1170,1,0
2019-05,760,1,0,1200,0,0
2019-05,760,1,1,758,0,0
2019-05,760,2,0,2058,1,0
2019-05,760,2,1,1076,0,0
2019-05,770,1,0,1225,0,0
2019-05,770,1,1,789,0,0
2019-05,770,2,0,2045,0,0
2019-05,770,2,1,1126,0,0
2019-05,780,1,0,1246,0,0
2019-05,780,1,1,963,1,0
2019-05,780,2,0,1972,0,0
2019-05,780,2,1,1252,2,0
2019-05,790,1,0,1232,0,0
2019-05,790,1,1,920,0,0
2019-05,790,2,0,1903,0,0
2019-05,790,2,1,1053,0,0
2019-05,800,1,0,1228,1,0
2019-05,800,1,1,914,0,0
2019-05,800,2,0,1681,1,0
2019-05,800,2,1,1291,0,0
2019-05,810,1,0,1427,0,0
2019-05,810,1,1,1164,0,0
2019-05,810,2,0,1848,1,0
2019-05,810,2,1,1281,0,0
2019-05,820,1,0,1600,0,0
2019-05,820,1,1,1189,0,0
2019-05,820,2,0,2023,0,0
2019-05,820,2,1,1259,0,0
2019-05,830,1,0,1698,0,0
2019-05,830,1,1,935,0,0
2019-05,830,2,0,2081,0,0
2019-05,830,2,1,935,0,0
2019-05,840,1,0,1482,0,0
2019-05,840,1,1,527,0,0
2019-05,840,2,0,1683,0,0
2019-05,840,2,1,501,0,0
2019-05,850,1,0,1142,0,0
2019-05,850,1,1,345,0,0
2019-05,850,2,0,1267,0,0
2019-05,850,2,1,319,0,0
2019-05,860,1,0,695,0,0
2019-05,860,1,1,149,0,0
2019-05,860,2,0,710,0,0
2019-05,860,2,1,105,0,0
2019-05,870,1,0,440,0,0
2019-05,870,1,1,100,0,0
2019-05,870,2,0,342,0,0
2019-05,870,2,1,70,0,0
2019-05,880,1,0,132,0,0
2019-05,880,1,1,5,0,0
2019-05,880,2,0,111,0,0
2019-05,880,2,1,5,0,0
2019-05,890,1,0,24,0,0
2019-05,890,2,0,31,0,0
2019-06,650,1,0,590,1,0
2019-06,650,1,1,355,0,0
2019-06,650,2,0,1564,0,0
2019-06,650,2,1,665,4,0
2019-06,660,1,0,740,0,0
2019-06,660,1,1,396,0,0
2019-06,660,2,0,1815,0,0
2019-06,660,2,1,836,2,0
2019-06,670,1,0,936,0,0
2019-06,670,1,1,455,1,0
2019-06,670,2,0,1984,1,1
2019-06,670,2,1,974,0,0
2019-06,680,1,0,857,1,0
2019-06,680,1,1,467,0,0
2019-06,680,2,0,1862,1,0
2019-06,680,2,1,896,0,0
2019-06,690,1,0,1735,0,0
2019-06,690,1,1,753,0,0
2019-06,690,2,0,2917,2,0
2019-06,690,2,1,1327,2,0
2019-06,700,1,0,1876,1,0
2019-06,700,1,1,819,0,0
2019-06,700,2,0,2927,1,0
2019-06,700,2,1,1496,0,0
2019-06,710,1,0,1936,0,0
2019-06,710,1,1,852,1,0
2019-06,710,2,0,3025,2,0
2019-06,710,2,1,1439,3,0
2019-06,720,1,0,1902,0,0
2019-06,720,1,1,850,0,0
2019-06,720,2,0,3027,0,0
2019-06,720,2,1,1440,0,0
2019-06,730,1,0,2085,0,0
2019-06,730,1,1,745,1,0
2019-06,730,2,0,3003,1,0
2019-06,730,2,1,1213,0,0
2019-06,740,1,0,1996,0,0
2019-06,740,1,1,740,0,0
2019-06,740,2,0,3082,2,0
2019-06,740,2,1,1116,0,0
2019-06,750,1,0,1416,0,0
2019-06,750,1,1,757,0,0
2019-06,750,2,0,2360,0,0
2019-06,750,2,1,1132,0,0
2019-06,760,1,0,1177,0,0
2019-06,760,1,1,737,0,0
2019-06,760,2,0,2024,0,0
2019-06,760,2,1,1049,1,0
2019-06,770,1,0,1204,0,0
2019-06,770,1,1,769,1,0
2019-06,770,2,0,2007,0,0
2019-06,770,2,1,1099,1,0
2019-06,780,1,0,1224,0,0
2019-06,780,1,1,936,0,0
2019-06,780,2,0,1933,0,0
2019-06,780,2,1,1221,0,0
2019-06,790,1,0,1204,0,0
2019-06,790,1,1,899,0,0
2019-06,790,2,0,1871,0,0
2019-06,790,2,1,1024,1,0
2019-06,800,1,0,1195,1,0
2019-06,800,1,1,888,0,0
2019-06,800,2,0,1649,0,0
2019-06,800,2,1,1254,0,0
2019-06,810,1,0,1399,0,0
2019-06,810,1,1,1133,0,0
2019-06,810,2,0,1812,0,0
2019-06,810,2,1,1241,0,0
2019-06,820,1,0,1560,0,0
2019-06,820,1,1,1154,0,0
2019-06,820,2,0,1987,1,0
2019-06,820,2,1,1223,0,0
2019-06,830,1,0,1660,0,0
2019-06,830,1,1,910,0,0
2019-06,830,2,0,2044,0,0
2019-06,830,2,1,900,1,0
2019-06,840,1,0,1452,0,0
2019-06,840,1,1,509,0,0
2019-06,840,2,0,1652,0,0
2019-06,840,2,1,481,0,0
2019-06,850,1,0,1118,0,0
2019-06,850,1,1,337,0,0
2019-06,850,2,0,1245,0,0
2019-06,850,2,1,306,0,0
2019-06,860,1,0,682,0,0
2019-06,860,1,1,143,0,0
2019-06,860,2,0,696,0,0
2019-06,860,2,1,101,0,0
2019-06,870,1,0,429,0,0
2019-06,870,1,1,99,0,0
2019-06,870,2,0,332,0,0
2019-06,870,2,1,68,0,0
2019-06,880,1,0,128,0,0
2019-06,880,1,1,5,0,0
2019-06,880,2,0,110,0,0
2019-06,880,2,1,5,0,0
2019-06,890,1,0,24,0,0
2019-06,890,2,0,30,0,0
2019-07,650,1,0,575,2,0
2019-07,650,1,1,349,1,0
2019-07,650,2,0,1541,2,0
2019-07,650,2,1,640,3,1
2019-07,660,1,0,728,0,0
2019-07,660,1,1,391,0,0
2019-07,660,2,0,1781,3,0
2019-07,660,2,1,819,1,0
2019-07,670,1,0,921,0,0
2019-07,670,1,1,442,1,1
2019-07,670,2,0,1950,1,0
2019-07,670,2,1,952,2,0
2019-07,680,1,0,839,1,1
2019-07,680,1,1,460,1,1
2019-07,680,2,0,1828,0,0
2019-07,680,2,1,879,0,0
2019-07,690,1,0,1702,3,0
2019-07,690,1,1,738,0,0
2019-07,690,2,0,2875,1,0
2019-07,690,2,1,1302,3,0
2019-07,700,1,0,1840,0,0
2019-07,700,1,1,807,0,0
2019-07,700,2,0,2885,1,0
2019-07,700,2,1,1463,0,0
2019-07,710,1,0,1897,2,0
2019-07,710,1,1,834,1,1
2019-07,710,2,0,2975,1,0
2019-07,710,2,1,1405,3,0
2019-07,720,1,0,1883,0,0
2019-07,720,1,1,834,0,0
2019-07,720,2,0,2972,0,0
2019-07,720,2,1,1413,0,0
2019-07,730,1,0,2050,2,0
2019-07,730,1,1,729,1,0
2019-07,730,2,0,2953,3,0
2019-07,730,2,1,1179,1,0
2019-07,740,1,0,1974,2,0
2019-07,740,1,1,723,0,0
2019-07,740,2,0,3034,3,1
2019-07,740,2,1,1094,0,0
2019-07,750,1,0,1393,1,0
2019-07,750,1,1,743,1,0
2019-07,750,2,0,2316,0,0
2019-07,750,2,1,1111,0,0
2019-07,760,1,0,1152,0,0
2019-07,760,1,1,722,0,0
2019-07,760,2,0,1980,0,0
2019-07,760,2,1,1020,0,0
2019-07,770,1,0,1188,2,0
2019-07,770,1,1,753,0,0
2019-07,770,2,0,1974,0,0
2019-07,770,2,1,1073,0,0
2019-07,780,1,0,1195,0,0
2019-07,780,1,1,910,0,0
2019-07,780,2,0,1893,0,0
2019-07,780,2,1,1183,0,0
2019-07,790,1,0,1180,1,1
2019-07,790,1,1,880,0,0
2019-07,790,2,0,1834,0,0
2019-07,790,2,1,1001,0,0
2019-07,800,1,0,1170,0,0
2019-07,800,1,1,858,0,0
2019-07,800,2,0,1621,1,0
2019-07,800,2,1,1233,0,0
2019-07,810,1,0,1368,0,0
2019-07,810,1,1,1100,0,0
2019-07,810,2,0,1783,0,0
2019-07,810,2,1,1210,1,0
2019-07,820,1,0,1525,1,0
2019-07,820,1,1,1123,0,0
2019-07,820,2,0,1956,0,0
2019-07,820,2,1,1191,0,0
2019-07,830,1,0,1619,0,0
2019-07,830,1,1,889,0,0
2019-07,830,2,0,2005,0,0
2019-07,830,2,1,879,0,0
2019-07,840,1,0,1421,0,0
2019-07,840,1,1,494,0,0
2019-07,840,2,0,1621,0,0
2019-07,840,2,1,465,0,0
2019-07,850,1,0,1099,0,0
2019-07,850,1,1,327,0,0
2019-07,850,2,0,1212,0,0
2019-07,850,2,1,302,0,0
2019-07,860,1,0,666,0,0
2019-07,860,1,1,141,0,0
2019-07,860,2,0,686,0,0
2019-07,860,2,1,98,0,0
2019-07,870,1,0,413,0,0
2019-07,870,1,1,96,0,0
2019-07,870,2,0,325,0,0
2019-07,870,2,1,64,0,0
2019-07,880,1,0,126,0,0
2019-07,880,1,1,5,0,0
2019-07,880,2,0,110,0,0
2019-07,880,2,1,5,0,0
2019-07,890,1,0,22,0,0
2019-07,890,2,0,29,0,0
2019-08,650,1,0,554,2,0
2019-08,650,1,1,337,0,0
2019-08,650,2,0,1513,4,1
2019-08,650,2,1,619,3,1
2019-08,660,1,0,713,5,1
2019-08,660,1,1,380,2,0
2019-08,660,2,0,1742,1,0
2019-08,660,2,1,804,0,0
2019-08,670,1,0,900,4,0
2019-08,670,1,1,431,0,0
2019-08,670,2,0,1920,1,0
2019-08,670,2,1,936,1,0
2019-08,680,1,0,817,0,0
2019-08,680,1,1,444,2,0
2019-08,680,2,0,1800,2,0
2019-08,680,2,1,857,1,0
2019-08,690,1,0,1662,0,0
2019-08,690,1,1,714,1,0
2019-08,690,2,0,2812,1,1
2019-08,690,2,1,1266,0,0
2019-08,700,1,0,1802,0,0
2019-08,700,1,1,784,2,0
2019-08,700,2,0,2834,2,0
2019-08,700,2,1,1421,2,0
2019-08,710,1,0,1855,2,0
2019-08,710,1,1,810,1,0
2019-08,710,2,0,2920,3,0
2019-08,710,2,1,1379,0,0
2019-08,720,1,0,1852,0,0
2019-08,720,1,1,812,1,0
2019-08,720,2,0,2913,1,0
2019-08,720,2,1,1375,0,0
2019-08,730,1,0,2014,1,0
2019-08,730,1,1,710,0,0
2019-08,730,2,0,2883,2,0
2019-08,730,2,1,1144,0,0
2019-08,740,1,0,1926,0,0
2019-08,740,1,1,706,0,0
2019-08,740,2,0,2985,1,0
2019-08,740,2,1,1068,0,0
2019-08,750,1,0,1355,1,0
2019-08,750,1,1,727,0,0
2019-08,750,2,0,2266,2,1
2019-08,750,2,1,1075,1,0
2019-08,760,1,0,1122,0,0
2019-08,760,1,1,701,0,0
2019-08,760,2,0,1953,0,0
2019-08,760,2,1,994,0,0
2019-08,770,1,0,1164,1,0
2019-08,770,1,1,727,0,0
2019-08,770,2,0,1938,1,0
2019-08,770,2,1,1048,0,0
2019-08,780,1,0,1172,0,0
2019-08,780,1,1,888,0,0
2019-08,780,2,0,1852,0,0
2019-08,780,2,1,1148,0,0
2019-08,790,1,0,1155,0,0
2019-08,790,1,1,860,0,0
2019-08,790,2,0,1775,0,0
2019-08,790,2,1,967,0,0
2019-08,800,1,0,1144,0,0
2019-08,800,1,1,833,0,0
2019-08,800,2,0,1579,0,0
2019-08,800,2,1,1207,0,0
2019-08,810,1,0,1326,0,0
2019-08,810,1,1,1072,0,0
2019-08,810,2,0,1753,0,0
2019-08,810,2,1,1174,0,0
2019-08,820,1,0,1475,0,0
2019-08,820,1,1,1094,0,0
2019-08,820,2,0,1904,0,0
2019-08,820,2,1,1156,0,0
2019-08,830,1,0,1568,0,0
2019-08,830,1,1,862,1,0
2019-08,830,2,0,1955,0,0
2019-08,830,2,1,853,0,0
2019-08,840,1,0,1389,0,0
2019-08,840,1,1,486,0,0
2019-08,840,2,0,1573,0,0
2019-08,840,2,1,451,0,0
2019-08,850,1,0,1074,0,0
2019-08,850,1,1,312,0,0
2019-08,850,2,0,1190,0,0
2019-08,850,2,1,294,0,0
2019-08,860,1,0,656,0,0
2019-08,860,1,1,136,0,0
2019-08,860,2,0,675,1,0
2019-08,860,2,1,96,0,0
2019-08,870,1,0,402,0,0
2019-08,870,1,1,92,0,0
2019-08,870,2,0,322,0,0
2019-08,870,2,1,63,0,0
2019-08,880,1,0,121,0,0
2019-08,880,1,1,5,0,0
2019-08,880,2,0,109,0,0
2019-08,880,2,1,5,0,0
2019-08,890,1,0,21,0,0
2019-08,890,2,0,28,0,0
2019-09,650,1,1,868,4,0
2019-09,650,2,1,2080,6,1
2019-09,660,1,1,1063,1,0
2019-09,660,2,1,2491,6,1
2019-09,670,1,1,1296,2,0
2019-09,670,2,1,2806,6,0
2019-09,680,1,1,1236,3,0
2019-09,680,2,1,2600,1,0
2019-09,690,1,1,2333,2,0
2019-09,690,2,1,4000,2,0
2019-09,700,1,1,2517,0,0
2019-09,700,2,1,4178,0,0
2019-09,710,1,1,2603,2,0
2019-09,710,2,1,4213,1,0
2019-09,720,1,1,2603,2,0
2019-09,720,2,1,4198,4,1
2019-09,730,1,1,2664,0,0
2019-09,730,2,1,3924,4,0
2019-09,740,1,1,2555,0,0
2019-09,740,2,1,3954,2,0
2019-09,750,1,1,2035,1,0
2019-09,750,2,1,3272,1,0
2019-09,760,1,1,1779,0,0
2019-09,760,2,1,2899,2,2
2019-09,770,1,1,1838,1,1
2019-09,770,2,1,2909,3,0
2019-09,780,1,1,2009,0,0
2019-09,780,2,1,2917,0,0
2019-09,790,1,1,1955,0,0
2019-09,790,2,1,2668,2,1
2019-09,800,1,1,1904,0,0
2019-09,800,2,1,2721,0,0
2019-09,810,1,1,2314,0,0
2019-09,810,2,1,2867,0,0
2019-09,820,1,1,2484,0,0
2019-09,820,2,1,2973,0,0
2019-09,830,1,1,2368,0,0
2019-09,830,2,1,2749,0,0
2019-09,840,1,1,1823,0,0
2019-09,840,2,1,1971,0,0
2019-09,850,1,1,1345,0,0
2019-09,850,2,1,1450,0,0
2019-09,860,1,1,778,0,0
2019-09,860,2,1,758,0,0
2019-09,870,1,1,483,0,0
2019-09,870,2,1,378,0,0
2019-09,880,1,1,123,0,0
2019-09,880,2,1,112,0,0
2019-09,890,1,1,21,0,0
2019-09,890,2,1,27,0,0
2019-10,650,1,1,845,0,0
2019-10,650,2,1,2035,2,0
2019-10,660,1,1,1046,2,0
2019-10,660,2,1,2442,6,0
2019-10,670,1,1,1268,2,0
2019-10,670,2,1,2738,3,0
2019-10,680,1,1,1216,2,0
2019-10,680,2,1,2550,2,0
2019-10,690,1,1,2274,0,0
2019-10,690,2,1,3907,4,1
2019-10,700,1,1,2464,0,0
2019-10,700,2,1,4090,5,0
2019-10,710,1,1,2550,2,0
2019-10,710,2,1,4123,5,0
2019-10,720,1,1,2542,0,0
2019-10,720,2,1,4114,1,0
2019-10,730,1,1,2611,2,1
2019-10,730,2,1,3836,0,0
2019-10,740,1,1,2495,1,0
2019-10,740,2,1,3871,1,0
2019-10,750,1,1,1982,0,0
2019-10,750,2,1,3196,2,0
2019-10,760,1,1,1741,1,0
2019-10,760,2,1,2819,2,1
2019-10,770,1,1,1796,1,0
2019-10,770,2,1,2819,0,0
2019-10,780,1,1,1952,0,0
2019-10,780,2,1,2829,1,0
2019-10,790,1,1,1927,1,0
2019-10,790,2,1,2604,0,0
2019-10,800,1,1,1850,1,0
2019-10,800,2,1,2640,0,0
2019-10,810,1,1,2243,0,0
2019-10,810,2,1,2797,0,0
2019-10,820,1,1,2416,0,0
2019-10,820,2,1,2895,0,0
2019-10,830,1,1,2302,0,0
2019-10,830,2,1,2676,1,0
2019-10,840,1,1,1775,0,0
2019-10,840,2,1,1913,1,0
2019-10,850,1,1,1319,0,0
2019-10,850,2,1,1426,0,0
2019-10,860,1,1,765,0,0
2019-10,860,2,1,743,0,0
2019-10,870,1,1,475,0,0
2019-10,870,2,1,373,0,0
2019-10,880,1,1,122,0,0
2019-10,880,2,1,111,0,0
2019-10,890,1,1,20,0,0
2019-10,890,2,1,26,0,0
2019-11,650,1,1,831,1,0
2019-11,650,2,1,2000,3,0
2019-11,660,1,1,1020,1,0
2019-11,660,2,1,2375,3,1
2019-11,670,1,1,1240,5,2
2019-11,670,2,1,2674,10,0
2019-11,680,1,1,1185,2,0
2019-11,680,2,1,2492,5,0
2019-11,690,1,1,2228,2,0
2019-11,690,2,1,3836,4,0
2019-11,700,1,1,2415,1,0
2019-11,700,2,1,3989,2,2
2019-11,710,1,1,2479,3,0
2019-11,710,2,1,4030,6,1
2019-11,720,1,1,2471,1,0
2019-11,720,2,1,4019,1,0
2019-11,730,1,1,2535,1,0
2019-11,730,2,1,3746,2,1
2019-11,740,1,1,2410,0,0
2019-11,740,2,1,3773,0,0
2019-11,750,1,1,1940,1,0
2019-11,750,2,1,3120,2,0
2019-11,760,1,1,1689,0,0
2019-11,760,2,1,2757,1,0
2019-11,770,1,1,1737,1,0
2019-11,770,2,1,2746,2,0
2019-11,780,1,1,1895,1,0
2019-11,780,2,1,2773,0,0
2019-11,790,1,1,1869,1,0
2019-11,790,2,1,2542,0,0
2019-11,800,1,1,1792,0,0
2019-11,800,2,1,2571,2,1
2019-11,810,1,1,2189,0,0
2019-11,810,2,1,2734,0,0
2019-11,820,1,1,2333,0,0
2019-11,820,2,1,2808,0,0
2019-11,830,1,1,2248,0,0
2019-11,830,2,1,2609,0,0
2019-11,840,1,1,1727,0,0
2019-11,840,2,1,1860,0,0
2019-11,850,1,1,1289,0,0
2019-11,850,2,1,1398,0,0
2019-11,860,1,1,747,0,0
2019-11,860,2,1,723,1,0
2019-11,870,1,1,461,0,0
2019-11,870,2,1,369,0,0
2019-11,880,1,1,119,0,0
2019-11,880,2,1,107,0,0
2019-11,890,1,1,20,0,0
2019-11,890,2,1,25,0,0
2019-12,650,1,1,811,2,2
2019-12,650,2,1,1952,2,0
2019-12,660,1,1,994,2,0
2019-12,660,2,1,2333,5,1
2019-12,670,1,1,1214,0,0
2019-12,670,2,1,2613,3,0
2019-12,680,1,1,1155,3,0
2019-12,680,2,1,2454,5,0
2019-12,690,1,1,2182,0,0
2019-12,690,2,1,3760,3,1
2019-12,700,1,1,2361,1,0
2019-12,700,2,1,3901,5,0
2019-12,710,1,1,2408,4,0
2019-12,710,2,1,3952,5,1
2019-12,720,1,1,2397,0,0
2019-12,720,2,1,3939,2,1
2019-12,730,1,1,2480,1,0
2019-12,730,2,1,3661,2,0
2019-12,740,1,1,2346,0,0
2019-12,740,2,1,3701,0,0
2019-12,750,1,1,1886,1,0
2019-12,750,2,1,3061,5,1
2019-12,760,1,1,1649,1,0
2019-12,760,2,1,2694,2,0
2019-12,770,1,1,1688,0,0
2019-12,770,2,1,2673,1,0
2019-12,780,1,1,1852,0,0
2019-12,780,2,1,2713,0,0
2019-12,790,1,1,1816,0,0
2019-12,790,2,1,2476,3,0
2019-12,800,1,1,1741,0,0
2019-12,800,2,1,2497,0,0
2019-12,810,1,1,2118,1,0
2019-12,810,2,1,2644,1,1
2019-12,820,1,1,2280,0,0
2019-12,820,2,1,2743,1,0
2019-12,830,1,1,2198,1,0
2019-12,830,2,1,2545,0,0
2019-12,840,1,1,1691,1,0
2019-12,840,2,1,1818,1,1
2019-12,850,1,1,1248,0,0
2019-12,850,2,1,1368,0,0
2019-12,860,1,1,737,0,0
2019-12,860,2,1,707,0,0
2019-12,870,1,1,453,0,0
2019-12,870,2,1,360,0,0
2019-12,880,1,1,117,0,0
2019-12,880,2,1,107,0,0
2019-12,890,1,1,20,0,0
2019-12,890,2,1,25,0,0
2020-01,650,1,1,789,1,0
2020-01,650,2,1,1911,3,0
2020-01,660,1,1,966,4,0
2020-01,660,2,1,2275,4,1
2020-01,670,1,1,1185,5,0
2020-01,670,2,1,2562,6,0
2020-01,680,1,1,1133,0,0
2020-01,680,2,1,2395,9,1
2020-01,690,1,1,2137,5,1
2020-01,690,2,1,3702,4,0
2020-01,700,1,1,2293,2,0
2020-01,700,2,1,3815,4,0
2020-01,710,1,1,2322,1,0
2020-01,710,2,1,3858,5,0
2020-01,720,1,1,2322,1,0
2020-01,720,2,1,3855,3,0
2020-01,730,1,1,2407,2,2
2020-01,730,2,1,3589,2,0
2020-01,740,1,1,2278,2,0
2020-01,740,2,1,3622,1,0
2020-01,750,1,1,1835,2,0
2020-01,750,2,1,2995,1,0
2020-01,760,1,1,1609,0,0
2020-01,760,2,1,2623,1,0
2020-01,770,1,1,1650,0,0
2020-01,770,2,1,2623,1,0
2020-01,780,1,1,1803,0,0
2020-01,780,2,1,2635,0,0
2020-01,790,1,1,1750,0,0
2020-01,790,2,1,2397,0,0
2020-01,800,1,1,1688,0,0
2020-01,800,2,1,2434,0,0
2020-01,810,1,1,2061,0,0
2020-01,810,2,1,2582,2,0
2020-01,820,1,1,2216,0,0
2020-01,820,2,1,2674,0,0
2020-01,830,1,1,2118,1,0
2020-01,830,2,1,2486,0,0
2020-01,840,1,1,1650,1,0
2020-01,840,2,1,1774,0,0
2020-01,850,1,1,1225,0,0
2020-01,850,2,1,1346,0,0
2020-01,860,1,1,723,0,0
2020-01,860,2,1,696,0,0
2020-01,870,1,1,442,0,0
2020-01,870,2,1,352,0,0
2020-01,880,1,1,114,0,0
2020-01,880,2,1,106,0,0
2020-01,890,1,1,20,0,0
2020-01,890,2,1,25,0,0
2020-02,650,1,1,768,2,0
2020-02,650,2,1,1875,3,0
2020-02,660,1,1,939,2,0
2020-02,660,2,1,2220,4,2
2020-02,670,1,1,1156,2,0
2020-02,670,2,1,2514,2,0
2020-02,680,1,1,1106,0,0
2020-02,680,2,1,2335,2,1
2020-02,690,1,1,2083,1,0
2020-02,690,2,1,3630,7,0
2020-02,700,1,1,2241,0,0
2020-02,700,2,1,3739,5,0
2020-02,710,1,1,2259,1,0
2020-02,710,2,1,3756,4,1
2020-02,720,1,1,2256,1,0
2020-02,720,2,1,3764,5,0
2020-02,730,1,1,2343,0,0
2020-02,730,2,1,3507,1,0
2020-02,740,1,1,2212,3,0
2020-02,740,2,1,3539,3,0
2020-02,750,1,1,1776,1,1
2020-02,750,2,1,2913,2,0
2020-02,760,1,1,1567,1,0
2020-02,760,2,1,2559,1,0
2020-02,770,1,1,1601,0,0
2020-02,770,2,1,2550,2,0
2020-02,780,1,1,1748,0,0
2020-02,780,2,1,2563,2,0
2020-02,790,1,1,1691,0,0
2020-02,790,2,1,2318,1,0
2020-02,800,1,1,1633,0,0
2020-02,800,2,1,2368,2,1
2020-02,810,1,1,1995,1,0
2020-02,810,2,1,2494,0,0
2020-02,820,1,1,2131,0,0
2020-02,820,2,1,2589,3,1
2020-02,830,1,1,2047,1,0
2020-02,830,2,1,2410,0,0
2020-02,840,1,1,1598,0,0
2020-02,840,2,1,1733,1,0
2020-02,850,1,1,1190,0,0
2020-02,850,2,1,1302,1,0
2020-02,860,1,1,698,0,0
2020-02,860,2,1,679,0,0
2020-02,870,1,1,430,0,0
2020-02,870,2,1,346,0,0
2020-02,880,1,1,110,0,0
2020-02,880,2,1,104,0,0
2020-02,890,1,1,20,0,0
2020-02,890,2,1,25,0,0
2020-03,650,1,1,751,1,0
2020-03,650,2,1,1833,1,0
2020-03,660,1,1,919,1,0
2020-03,660,2,1,2172,5,0
2020-03,670,1,1,1131,1,0
2020-03,670,2,1,2444,1,1
2020-03,680,1,1,1088,0,0
2020-03,680,2,1,2278,1,0
2020-03,690,1,1,2041,1,0
2020-03,690,2,1,3547,2,0
2020-03,700,1,1,2188,1,1
2020-03,700,2,1,3655,1,0
2020-03,710,1,1,2198,1,0
2020-03,710,2,1,3675,3,0
2020-03,720,1,1,2197,2,0
2020-03,720,2,1,3669,4,0
2020-03,730,1,1,2284,2,0
2020-03,730,2,1,3423,2,0
2020-03,740,1,1,2146,0,0
2020-03,740,2,1,3458,1,0
2020-03,750,1,1,1719,0,0
2020-03,750,2,1,2839,1,0
2020-03,760,1,1,1523,0,0
2020-03,760,2,1,2492,0,0
2020-03,770,1,1,1557,1,0
2020-03,770,2,1,2492,1,0
2020-03,780,1,1,1697,0,0
2020-03,780,2,1,2498,0,0
2020-03,790,1,1,1643,1,0
2020-03,790,2,1,2254,1,0
2020-03,800,1,1,1586,0,0
2020-03,800,2,1,2281,0,0
2020-03,810,1,1,1924,1,0
2020-03,810,2,1,2420,0,0
2020-03,820,1,1,2055,0,0
2020-03,820,2,1,2499,1,0
2020-03,830,1,1,1984,0,0
2020-03,830,2,1,2332,0,0
2020-03,840,1,1,1559,0,0
2020-03,840,2,1,1694,0,0
2020-03,850,1,1,1154,0,0
2020-03,850,2,1,1273,0,0
2020-03,860,1,1,677,2,0
2020-03,860,2,1,666,0,0
2020-03,870,1,1,420,0,0
2020-03,870,2,1,339,0,0
2020-03,880,1,1,109,0,0
2020-03,880,2,1,102,0,0
2020-03,890,1,1,19,0,0
2020-03,890,2,1,24,0,0
2020-04,650,1,1,738,0,0
2020-04,650,2,1,1788,0,0
2020-04,660,1,1,898,0,0
2020-04,660,2,1,2125,0,0
2020-04,670,1,1,1106,0,0
2020-04,670,2,1,2384,0,0
2020-04,680,1,1,1060,0,0
2020-04,680,2,1,2221,0,0
2020-04,690,1,1,1987,0,0
2020-04,690,2,1,3472,0,0
2020-04,700,1,1,2117,0,0
2020-04,700,2,1,3578,2,0
2020-04,710,1,1,2146,1,0
2020-04,710,2,1,3575,0,0
2020-04,720,1,1,2125,0,0
2020-04,720,2,1,3576,0,0
2020-04,730,1,1,2219,0,0
2020-04,730,2,1,3338,0,0
2020-04,740,1,1,2091,0,0
2020-04,740,2,1,3370,2,0
2020-04,750,1,1,1673,0,0
2020-04,750,2,1,2762,1,0
2020-04,760,1,1,1479,0,0
2020-04,760,2,1,2427,0,0
2020-04,770,1,1,1503,0,0
2020-04,770,2,1,2434,0,0
2020-04,780,1,1,1639,0,0
2020-04,780,2,1,2418,0,0
2020-04,790,1,1,1591,0,0
2020-04,790,2,1,2181,0,0
2020-04,800,1,1,1539,0,0
2020-04,800,2,1,2207,0,0
2020-04,810,1,1,1860,0,0
2020-04,810,2,1,2341,0,0
2020-04,820,1,1,1993,0,0
2020-04,820,2,1,2426,0,0
2020-04,830,1,1,1906,0,0
2020-04,830,2,1,2262,0,0
2020-04,840,1,1,1518,0,0
2020-04,840,2,1,1652,0,0
2020-04,850,1,1,1124,0,0
2020-04,850,2,1,1234,0,0
2020-04,860,1,1,660,0,0
2020-04,860,2,1,649,1,0
2020-04,870,1,1,413,0,0
2020-04,870,2,1,330,0,0
2020-04,880,1,1,106,0,0
2020-04,880,2,1,100,0,0
2020-04,890,1,1,19,0,0
2020-04,890,2,1,23,0,0
2020-05,650,1,1,721,0,0
2020-05,650,2,1,1747,0,0
2020-05,660,1,1,882,2,0
2020-05,660,2,1,2080,2,0
2020-05,670,1,1,1065,0,0
2020-05,670,2,1,2335,1,0
2020-05,680,1,1,1039,0,0
2020-05,680,2,1,2171,0,0
2020-05,690,1,1,1937,1,0
2020-05,690,2,1,3402,0,0
2020-05,700,1,1,2065,1,0
2020-05,700,2,1,3489,1,0
2020-05,710,1,1,2068,0,0
2020-05,710,2,1,3492,0,0
2020-05,720,1,1,2075,0,0
2020-05,720,2,1,3474,0,0
2020-05,730,1,1,2165,0,0
2020-05,730,2,1,3250,2,0
2020-05,740,1,1,2020,0,0
2020-05,740,2,1,3274,0,0
2020-05,750,1,1,1629,0,0
2020-05,750,2,1,2681,0,0
2020-05,760,1,1,1435,0,0
2020-05,760,2,1,2344,1,0
2020-05,770,1,1,1462,0,0
2020-05,770,2,1,2361,0,0
2020-05,780,1,1,1580,0,0
2020-05,780,2,1,2352,0,0
2020-05,790,1,1,1542,0,0
2020-05,790,2,1,2106,0,0
2020-05,800,1,1,1484,0,0
2020-05,800,2,1,2122,0,0
2020-05,810,1,1,1804,0,0
2020-05,810,2,1,2257,0,0
2020-05,820,1,1,1930,0,0
2020-05,820,2,1,2335,0,0
2020-05,830,1,1,1832,0,0
2020-05,830,2,1,2196,0,0
2020-05,840,1,1,1470,0,0
2020-05,840,2,1,1611,0,0
2020-05,850,1,1,1093,0,0
2020-05,850,2,1,1211,0,0
2020-05,860,1,1,646,0,0
2020-05,860,2,1,640,0,0
2020-05,870,1,1,404,0,0
2020-05,870,2,1,326,0,0
2020-05,880,1,1,105,0,0
2020-05,880,2,1,98,0,0
2020-05,890,1,1,19,0,0
2020-05,890,2,1,23,0,0
2020-06,650,1,1,703,2,0
2020-06,650,2,1,1702,3,0
2020-06,660,1,1,865,0,0
2020-06,660,2,1,2033,4,1
2020-06,670,1,1,1040,1,0
2020-06,670,2,1,2272,2,1
2020-06,680,1,1,1020,1,0
2020-06,680,2,1,2113,1,0
2020-06,690,1,1,1883,0,0
2020-06,690,2,1,3323,4,0
2020-06,700,1,1,2021,2,0
2020-06,700,2,1,3423,2,0
2020-06,710,1,1,2024,1,0
2020-06,710,2,1,3401,6,1
2020-06,720,1,1,2022,0,0
2020-06,720,2,1,3369,4,0
2020-06,730,1,1,2097,0,0
2020-06,730,2,1,3143,1,0
2020-06,740,1,1,1969,0,0
2020-06,740,2,1,3182,1,0
2020-06,750,1,1,1594,0,0
2020-06,750,2,1,2590,0,0
2020-06,760,1,1,1390,0,0
2020-06,760,2,1,2262,0,0
2020-06,770,1,1,1410,0,0
2020-06,770,2,1,2290,4,1
2020-06,780,1,1,1528,1,0
2020-06,780,2,1,2283,0,0
2020-06,790,1,1,1481,0,0
2020-06,790,2,1,2026,0,0
2020-06,800,1,1,1424,0,0
2020-06,800,2,1,2052,1,0
2020-06,810,1,1,1727,0,0
2020-06,810,2,1,2154,0,0
2020-06,820,1,1,1847,0,0
2020-06,820,2,1,2245,0,0
2020-06,830,1,1,1753,0,0
2020-06,830,2,1,2109,1,0
2020-06,840,1,1,1406,0,0
2020-06,840,2,1,1562,0,0
2020-06,850,1,1,1054,0,0
2020-06,850,2,1,1166,0,0
2020-06,860,1,1,621,0,0
2020-06,860,2,1,623,0,0
2020-06,870,1,1,397,0,0
2020-06,870,2,1,322,0,0
2020-06,880,1,1,104,0,0
2020-06,880,2,1,98,0,0
2020-06,890,1,1,18,0,0
2020-06,890,2,1,22,0,0
2020-07,650,1,1,681,0,0
2020-07,650,2,1,1658,4,0
2020-07,660,1,1,841,2,1
2020-07,660,2,1,1966,6,0
2020-07,670,1,1,1005,0,0
2020-07,670,2,1,2197,5,1
2020-07,680,1,1,986,0,0
2020-07,680,2,1,2050,0,0
2020-07,690,1,1,1820,2,0
2020-07,690,2,1,3228,1,0
2020-07,700,1,1,1956,1,1
2020-07,700,2,1,3334,3,0
2020-07,710,1,1,1944,0,0
2020-07,710,2,1,3283,6,0
2020-07,720,1,1,1966,0,0
2020-07,720,2,1,3255,1,0
2020-07,730,1,1,2020,1,0
2020-07,730,2,1,3039,0,0
2020-07,740,1,1,1894,0,0
2020-07,740,2,1,3061,0,0
2020-07,750,1,1,1536,0,0
2020-07,750,2,1,2510,1,0
2020-07,760,1,1,1331,0,0
2020-07,760,2,1,2166,1,0
2020-07,770,1,1,1370,1,0
2020-07,770,2,1,2182,0,0
2020-07,780,1,1,1453,0,0
2020-07,780,2,1,2195,5,0
2020-07,790,1,1,1419,1,0
2020-07,790,2,1,1933,0,0
2020-07,800,1,1,1350,0,0
2020-07,800,2,1,1941,1,0
2020-07,810,1,1,1647,0,0
2020-07,810,2,1,2046,0,0
2020-07,820,1,1,1751,1,0
2020-07,820,2,1,2140,1,1
2020-07,830,1,1,1686,0,0
2020-07,830,2,1,2036,0,0
2020-07,840,1,1,1349,1,0
2020-07,840,2,1,1497,0,0
2020-07,850,1,1,1015,0,0
2020-07,850,2,1,1121,0,0
2020-07,860,1,1,597,0,0
2020-07,860,2,1,603,0,0
2020-07,870,1,1,383,0,0
2020-07,870,2,1,310,0,0
2020-07,880,1,1,104,0,0
2020-07,880,2,1,96,0,0
2020-07,890,1,1,18,0,0
2020-07,890,2,1,22,0,0
2020-08,650,1,1,672,0,0
2020-08,650,2,1,1590,3,0
2020-08,660,1,1,819,0,0
2020-08,660,2,1,1901,5,0
2020-08,670,1,1,968,0,0
2020-08,670,2,1,2126,3,0
2020-08,680,1,1,955,2,0
2020-08,680,2,1,1990,1,0
2020-08,690,1,1,1767,0,0
2020-08,690,2,1,3131,1,0
2020-08,700,1,1,1896,0,0
2020-08,700,2,1,3248,6,0
2020-08,710,1,1,1882,3,0
2020-08,710,2,1,3183,1,0
2020-08,720,1,1,1872,1,0
2020-08,720,2,1,3154,0,0
2020-08,730,1,1,1953,1,0
2020-08,730,2,1,2949,4,0
2020-08,740,1,1,1827,0,0
2020-08,740,2,1,2960,0,0
2020-08,750,1,1,1485,0,0
2020-08,750,2,1,2407,1,1
2020-08,760,1,1,1272,0,0
2020-08,760,2,1,2085,0,0
2020-08,770,1,1,1310,0,0
2020-08,770,2,1,2102,1,0
2020-08,780,1,1,1393,1,0
2020-08,780,2,1,2094,0,0
2020-08,790,1,1,1348,1,0
2020-08,790,2,1,1863,1,0
2020-08,800,1,1,1287,0,0
2020-08,800,2,1,1840,0,0
2020-08,810,1,1,1556,0,0
2020-08,810,2,1,1955,0,0
2020-08,820,1,1,1656,0,0
2020-08,820,2,1,2037,0,0
2020-08,830,1,1,1617,0,0
2020-08,830,2,1,1963,0,0
2020-08,840,1,1,1276,0,0
2020-08,840,2,1,1435,0,0
2020-08,850,1,1,975,0,0
2020-08,850,2,1,1087,0,0
2020-08,860,1,1,577,0,0
2020-08,860,2,1,579,0,0
2020-08,870,1,1,370,0,0
2020-08,870,2,1,293,0,0
2020-08,880,1,1,100,0,0
2020-08,880,2,1,92,0,0
2020-08,890,1,1,18,0,0
2020-08,890,2,1,21,0,0
2020-09,650,1,1,652,1,0
2020-09,650,2,1,1547,2,0
2020-09,660,1,1,794,1,0
2020-09,660,2,1,1855,4,0
2020-09,670,1,1,945,2,0
2020-09,670,2,1,2061,2,0
2020-09,680,1,1,927,1,1
2020-09,680,2,1,1925,3,0
2020-09,690,1,1,1710,3,0
2020-09,690,2,1,3062,3,0
2020-09,700,1,1,1845,2,0
2020-09,700,2,1,3157,1,0
2020-09,710,1,1,1814,1,0
2020-09,710,2,1,3101,0,0
2020-09,720,1,1,1802,2,0
2020-09,720,2,1,3063,0,0
2020-09,730,1,1,1893,1,0
2020-09,730,2,1,2849,2,0
2020-09,740,1,1,1776,2,0
2020-09,740,2,1,2852,4,0
2020-09,750,1,1,1435,0,0
2020-09,750,2,1,2319,2,0
2020-09,760,1,1,1226,0,0
2020-09,760,2,1,2012,0,0
2020-09,770,1,1,1275,1,0
2020-09,770,2,1,2008,0,0
2020-09,780,1,1,1339,0,0
2020-09,780,2,1,2015,0,0
2020-09,790,1,1,1289,0,0
2020-09,790,2,1,1785,1,0
2020-09,800,1,1,1230,0,0
2020-09,800,2,1,1761,0,0
2020-09,810,1,1,1486,0,0
2020-09,810,2,1,1843,0,0
2020-09,820,1,1,1558,0,0
2020-09,820,2,1,1934,0,0
2020-09,830,1,1,1543,0,0
2020-09,830,2,1,1876,0,0
2020-09,840,1,1,1209,0,0
2020-09,840,2,1,1383,0,0
2020-09,850,1,1,942,0,0
2020-09,850,2,1,1052,0,0
2020-09,860,1,1,561,0,0
2020-09,860,2,1,566,0,0
2020-09,870,1,1,358,0,0
2020-09,870,2,1,285,0,0
2020-09,880,1,1,97,0,0
2020-09,880,2,1,87,0,0
2020-09,890,1,1,17,0,0
2020-09,890,2,1,20,0,0
2020-10,650,1,1,388,0,0
2020-10,650,2,1,1073,3,0
2020-10,660,1,1,493,1,1
2020-10,660,2,1,1235,0,0
2020-10,670,1,1,600,0,0
2020-10,670,2,1,1380,0,0
2020-10,680,1,1,560,1,0
2020-10,680,2,1,1284,3,2
2020-10,690,1,1,1134,2,0
2020-10,690,2,1,2086,2,0
2020-10,700,1,1,1227,0,0
2020-10,700,2,1,2107,1,0
2020-10,710,1,1,1184,0,0
2020-10,710,2,1,2063,1,0
2020-10,720,1,1,1193,2,0
2020-10,720,2,1,2041,2,0
2020-10,730,1,1,1331,3,0
2020-10,730,2,1,2016,0,0
2020-10,740,1,1,1245,1,0
2020-10,740,2,1,2081,0,0
2020-10,750,1,1,893,0,0
2020-10,750,2,1,1552,2,0
2020-10,760,1,1,742,0,0
2020-10,760,2,1,1329,1,0
2020-10,770,1,1,771,0,0
2020-10,770,2,1,1313,0,0
2020-10,780,1,1,753,0,0
2020-10,780,2,1,1254,0,0
2020-10,790,1,1,726,1,0
2020-10,790,2,1,1159,0,0
2020-10,800,1,1,695,0,0
2020-10,800,2,1,994,0,0
2020-10,810,1,1,794,0,0
2020-10,810,2,1,1085,0,0
2020-10,820,1,1,874,0,0
2020-10,820,2,1,1260,0,0
2020-10,830,1,1,986,0,0
2020-10,830,2,1,1351,0,0
2020-10,840,1,1,899,0,0
2020-10,840,2,1,1090,0,0
2020-10,850,1,1,743,0,0
2020-10,850,2,1,861,0,0
2020-10,860,1,1,467,0,0
2020-10,860,2,1,497,0,0
2020-10,870,1,1,289,0,0
2020-10,870,2,1,237,0,0
2020-10,880,1,1,95,0,0
2020-10,880,2,1,81,0,0
2020-10,890,1,1,17,0,0
2020-10,890,2,1,19,0,0
2020-11,650,1,1,621,1,0
2020-11,650,2,1,1457,1,0
2020-11,660,1,1,767,1,0
2020-11,660,2,1,1759,4,1
2020-11,670,1,1,906,0,0
2020-11,670,2,1,1986,2,0
2020-11,680,1,1,887,1,0
2020-11,680,2,1,1825,3,1
2020-11,690,1,1,1608,0,0
2020-11,690,2,1,2898,1,0
2020-11,700,1,1,1763,0,0
2020-11,700,2,1,3019,3,2
2020-11,710,1,1,1724,1,1
2020-11,710,2,1,2938,3,0
2020-11,720,1,1,1712,2,0
2020-11,720,2,1,2911,3,1
2020-11,730,1,1,1783,1,0
2020-11,730,2,1,2702,2,0
2020-11,740,1,1,1691,0,0
2020-11,740,2,1,2705,0,0
2020-11,750,1,1,1350,0,0
2020-11,750,2,1,2174,1,0
2020-11,760,1,1,1161,2,0
2020-11,760,2,1,1899,1,0
2020-11,770,1,1,1220,0,0
2020-11,770,2,1,1889,1,0
2020-11,780,1,1,1253,0,0
2020-11,780,2,1,1901,1,0
2020-11,790,1,1,1206,0,0
2020-11,790,2,1,1679,0,0
2020-11,800,1,1,1166,0,0
2020-11,800,2,1,1633,1,0
2020-11,810,1,1,1380,0,0
2020-11,810,2,1,1727,2,0
2020-11,820,1,1,1440,0,0
2020-11,820,2,1,1830,0,0
2020-11,830,1,1,1439,0,0
2020-11,830,2,1,1754,1,0
2020-11,840,1,1,1130,0,0
2020-11,840,2,1,1298,0,0
2020-11,850,1,1,895,0,0
2020-11,850,2,1,979,0,0
2020-11,860,1,1,532,0,0
2020-11,860,2,1,542,0,0
2020-11,870,1,1,344,0,0
2020-11,870,2,1,273,0,0
2020-11,880,1,1,93,0,0
2020-11,880,2,1,83,0,0
2020-11,890,1,1,17,0,0
2020-11,890,2,1,17,1,0
2020-12,650,1,1,603,3,0
2020-12,650,2,1,1402,2,0
2020-12,660,1,1,740,2,0
2020-12,660,2,1,1663,3,0
2020-12,670,1,1,868,0,0
2020-12,670,2,1,1909,3,1
2020-12,680,1,1,854,1,0
2020-12,680,2,1,1759,3,0
2020-12,690,1,1,1555,0,0
2020-12,690,2,1,2792,1,0
2020-12,700,1,1,1707,2,2
2020-12,700,2,1,2885,4,0
2020-12,710,1,1,1659,0,0
2020-12,710,2,1,2798,2,0
2020-12,720,1,1,1636,0,0
2020-12,720,2,1,2802,2,1
2020-12,730,1,1,1723,2,1
2020-12,730,2,1,2581,1,1
2020-12,740,1,1,1630,1,0
2020-12,740,2,1,2590,1,0
2020-12,750,1,1,1289,1,0
2020-12,750,2,1,2074,1,0
2020-12,760,1,1,1108,0,0
2020-12,760,2,1,1798,1,0
2020-12,770,1,1,1148,0,0
2020-12,770,2,1,1812,1,0
2020-12,780,1,1,1191,0,0
2020-12,780,2,1,1797,1,0
2020-12,790,1,1,1147,1,1
2020-12,790,2,1,1605,0,0
2020-12,800,1,1,1091,1,0
2020-12,800,2,1,1534,0,0
2020-12,810,1,1,1288,0,0
2020-12,810,2,1,1618,0,0
2020-12,820,1,1,1349,0,0
2020-12,820,2,1,1729,0,0
2020-12,830,1,1,1342,0,0
2020-12,830,2,1,1658,0,0
2020-12,840,1,1,1085,0,0
2020-12,840,2,1,1230,0,0
2020-12,850,1,1,851,0,0
2020-12,850,2,1,942,0,0
2020-12,860,1,1,510,0,0
2020-12,860,2,1,520,0,0
2020-12,870,1,1,329,0,0
2020-12,870,2,1,263,0,0
2020-12,880,1,1,93,0,0
2020-12,880,2,1,82,0,0
2020-12,890,1,1,17,0,0
2020-12,890,2,1,16,0,0
2021-01,650,1,1,585,1,1
2021-01,650,2,1,1360,1,0
2021-01,660,1,1,718,1,0
2021-01,660,2,1,1613,2,0
2021-01,670,1,1,838,0,0
2021-01,670,2,1,1855,2,0
2021-01,680,1,1,827,0,0
2021-01,680,2,1,1708,3,0
2021-01,690,1,1,1518,1,0
2021-01,690,2,1,2719,1,0
2021-01,700,1,1,1656,1,0
2021-01,700,2,1,2785,3,0
2021-01,710,1,1,1618,1,0
2021-01,710,2,1,2722,4,1
2021-01,720,1,1,1583,0,0
2021-01,720,2,1,2709,3,1
2021-01,730,1,1,1663,1,0
2021-01,730,2,1,2500,0,0
2021-01,740,1,1,1582,0,0
2021-01,740,2,1,2503,6,0
2021-01,750,1,1,1240,0,0
2021-01,750,2,1,1986,3,0
2021-01,760,1,1,1071,0,0
2021-01,760,2,1,1718,0,0
2021-01,770,1,1,1109,1,0
2021-01,770,2,1,1746,0,0
2021-01,780,1,1,1151,0,0
2021-01,780,2,1,1732,0,0
2021-01,790,1,1,1089,0,0
2021-01,790,2,1,1545,1,0
2021-01,800,1,1,1039,0,0
2021-01,800,2,1,1460,0,0
2021-01,810,1,1,1226,0,0
2021-01,810,2,1,1544,0,0
2021-01,820,1,1,1280,0,0
2021-01,820,2,1,1652,0,0
2021-01,830,1,1,1279,0,0
2021-01,830,2,1,1598,0,0
2021-01,840,1,1,1043,0,0
2021-01,840,2,1,1181,1,0
2021-01,850,1,1,814,0,0
2021-01,850,2,1,910,0,0
2021-01,860,1,1,495,1,1
2021-01,860,2,1,492,0,0
2021-01,870,1,1,319,0,0
2021-01,870,2,1,259,0,0
2021-01,880,1,1,92,0,0
2021-01,880,2,1,79,0,0
2021-01,890,1,1,16,0,0
2021-01,890,2,1,16,0,0
2021-02,650,1,1,562,5,0
2021-02,650,2,1,1320,2,1
2021-02,660,1,1,690,2,0
2021-02,660,2,1,1556,1,0
2021-02,670,1,1,819,1,1
2021-02,670,2,1,1793,1,0
2021-02,680,1,1,810,3,0
2021-02,680,2,1,1638,3,0
2021-02,690,1,1,1466,1,0
2021-02,690,2,1,2630,2,0
2021-02,700,1,1,1586,0,0
2021-02,700,2,1,2692,1,0
2021-02,710,1,1,1561,1,0
2021-02,710,2,1,2632,1,0
2021-02,720,1,1,1515,1,1
2021-02,720,2,1,2629,1,0
2021-02,730,1,1,1605,0,0
2021-02,730,2,1,2410,0,0
2021-02,740,1,1,1528,0,0
2021-02,740,2,1,2425,1,0
2021-02,750,1,1,1209,1,1
2021-02,750,2,1,1915,1,0
2021-02,760,1,1,1027,2,0
2021-02,760,2,1,1654,0,0
2021-02,770,1,1,1068,0,0
2021-02,770,2,1,1693,0,0
2021-02,780,1,1,1101,0,0
2021-02,780,2,1,1660,0,0
2021-02,790,1,1,1040,0,0
2021-02,790,2,1,1476,1,0
2021-02,800,1,1,987,0,0
2021-02,800,2,1,1383,1,0
2021-02,810,1,1,1177,0,0
2021-02,810,2,1,1471,0,0
2021-02,820,1,1,1228,0,0
2021-02,820,2,1,1582,0,0
2021-02,830,1,1,1232,1,0
2021-02,830,2,1,1529,0,0
2021-02,840,1,1,999,0,0
2021-02,840,2,1,1124,0,0
2021-02,850,1,1,776,0,0
2021-02,850,2,1,880,0,0
2021-02,860,1,1,480,0,0
2021-02,860,2,1,474,0,0
2021-02,870,1,1,301,0,0
2021-02,870,2,1,251,0,0
2021-02,880,1,1,91,0,0
2021-02,880,2,1,77,0,0
2021-02,890,1,1,15,0,0
2021-02,890,2,1,16,0,0
2021-03,650,1,1,538,0,0
2021-03,650,2,1,1272,2,1
2021-03,660,1,1,671,3,0
2021-03,660,2,1,1507,3,0
2021-03,670,1,1,804,1,0
2021-03,670,2,1,1739,1,0
2021-03,680,1,1,786,0,0
2021-03,680,2,1,1587,1,0
2021-03,690,1,1,1431,0,0
2021-03,690,2,1,2563,1,0
2021-03,700,1,1,1550,0,0
2021-03,700,2,1,2617,3,0
2021-03,710,1,1,1521,0,0
2021-03,710,2,1,2558,0,0
2021-03,720,1,1,1476,2,0
2021-03,720,2,1,2539,0,0
2021-03,730,1,1,1561,0,0
2021-03,730,2,1,2346,2,0
2021-03,740,1,1,1476,2,0
2021-03,740,2,1,2359,2,0
2021-03,750,1,1,1162,3,0
2021-03,750,2,1,1844,1,0
2021-03,760,1,1,992,0,0
2021-03,760,2,1,1598,0,0
2021-03,770,1,1,1027,0,0
2021-03,770,2,1,1628,0,0
2021-03,780,1,1,1060,0,0
2021-03,780,2,1,1575,0,0
2021-03,790,1,1,1001,0,0
2021-03,790,2,1,1413,2,1
2021-03,800,1,1,944,0,0
2021-03,800,2,1,1317,0,0
2021-03,810,1,1,1128,0,0
2021-03,810,2,1,1412,1,0
2021-03,820,1,1,1185,0,0
2021-03,820,2,1,1519,0,0
2021-03,830,1,1,1202,0,0
2021-03,830,2,1,1471,0,0
2021-03,840,1,1,960,0,0
2021-03,840,2,1,1093,0,0
2021-03,850,1,1,751,0,0
2021-03,850,2,1,858,0,0
2021-03,860,1,1,464,0,0
2021-03,860,2,1,463,0,0
2021-03,870,1,1,290,0,0
2021-03,870,2,1,244,0,0
2021-03,880,1,1,89,0,0
2021-03,880,2,1,75,0,0
2021-03,890,1,1,15,0,0
2021-03,890,2,1,15,0,0
2021-04,650,1,1,316,2,0
2021-04,650,2,1,887,1,0
2021-04,660,1,1,425,0,0
2021-04,660,2,1,1035,0,0
2021-04,670,1,1,516,3,0
2021-04,670,2,1,1144,2,1
2021-04,680,1,1,483,1,0
2021-04,680,2,1,1066,2,0
2021-04,690,1,1,954,1,0
2021-04,690,2,1,1751,1,1
2021-04,700,1,1,1031,0,0
2021-04,700,2,1,1775,2,0
2021-04,710,1,1,1022,2,0
2021-04,710,2,1,1734,1,0
2021-04,720,1,1,991,0,0
2021-04,720,2,1,1740,2,0
2021-04,730,1,1,1091,1,0
2021-04,730,2,1,1678,0,0
2021-04,740,1,1,1032,0,0
2021-04,740,2,1,1746,1,0
2021-04,750,1,1,754,0,0
2021-04,750,2,1,1273,1,0
2021-04,760,1,1,621,0,0
2021-04,760,2,1,1109,0,0
2021-04,770,1,1,637,0,0
2021-04,770,2,1,1084,0,0
2021-04,780,1,1,619,0,0
2021-04,780,2,1,1003,1,0
2021-04,790,1,1,587,0,0
2021-04,790,2,1,930,0,0
2021-04,800,1,1,566,0,0
2021-04,800,2,1,796,0,0
2021-04,810,1,1,647,0,0
2021-04,810,2,1,868,0,0
2021-04,820,1,1,729,0,0
2021-04,820,2,1,1015,0,0
2021-04,830,1,1,804,0,0
2021-04,830,2,1,1104,0,0
2021-04,840,1,1,741,0,0
2021-04,840,2,1,904,1,0
2021-04,850,1,1,623,0,0
2021-04,850,2,1,720,0,0
2021-04,860,1,1,401,0,0
2021-04,860,2,1,413,0,0
2021-04,870,1,1,240,0,0
2021-04,870,2,1,213,0,0
2021-04,880,1,1,87,0,0
2021-04,880,2,1,72,0,0
2021-04,890,1,1,15,0,0
2021-04,890,2,1,15,0,0
2021-05,650,1,1,302,1,0
2021-05,650,2,1,853,1,0
2021-05,660,1,1,413,0,0
2021-05,660,2,1,989,1,0
2021-05,670,1,1,503,0,0
2021-05,670,2,1,1112,1,0
2021-05,680,1,1,466,0,0
2021-05,680,2,1,1036,1,0
2021-05,690,1,1,929,1,0
2021-05,690,2,1,1691,0,0
2021-05,700,1,1,999,1,0
2021-05,700,2,1,1708,0,0
2021-05,710,1,1,992,0,0
2021-05,710,2,1,1676,1,0
2021-05,720,1,1,964,0,0
2021-05,720,2,1,1690,2,1
2021-05,730,1,1,1060,0,0
2021-05,730,2,1,1619,0,0
2021-05,740,1,1,995,1,0
2021-05,740,2,1,1681,1,0
2021-05,750,1,1,734,1,0
2021-05,750,2,1,1224,0,0
2021-05,760,1,1,604,0,0
2021-05,760,2,1,1077,0,0
2021-05,770,1,1,609,0,0
2021-05,770,2,1,1045,0,0
2021-05,780,1,1,597,0,0
2021-05,780,2,1,956,0,0
2021-05,790,1,1,568,0,0
2021-05,790,2,1,898,0,0
2021-05,800,1,1,543,0,0
2021-05,800,2,1,770,0,0
2021-05,810,1,1,620,0,0
2021-05,810,2,1,826,0,0
2021-05,820,1,1,699,0,0
2021-05,820,2,1,978,0,0
2021-05,830,1,1,778,0,0
2021-05,830,2,1,1063,0,0
2021-05,840,1,1,716,0,0
2021-05,840,2,1,869,0,0
2021-05,850,1,1,608,0,0
2021-05,850,2,1,705,0,0
2021-05,860,1,1,381,0,0
2021-05,860,2,1,393,0,0
2021-05,870,1,1,226,0,0
2021-05,870,2,1,208,0,0
2021-05,880,1,1,83,0,0
2021-05,880,2,1,70,0,0
2021-05,890,1,1,14,0,0
2021-05,890,2,1,15,0,0
2021-06,650,1,1,288,2,1
2021-06,650,2,1,821,1,0
2021-06,660,1,1,400,0,0
2021-06,660,2,1,960,2,0
2021-06,670,1,1,489,1,0
2021-06,670,2,1,1075,1,0
2021-06,680,1,1,452,0,0
2021-06,680,2,1,1011,1,0
2021-06,690,1,1,895,1,0
2021-06,690,2,1,1646,0,0
2021-06,700,1,1,972,0,0
2021-06,700,2,1,1655,1,0
2021-06,710,1,1,971,0,0
2021-06,710,2,1,1626,0,0
2021-06,720,1,1,941,0,0
2021-06,720,2,1,1643,0,0
2021-06,730,1,1,1031,0,0
2021-06,730,2,1,1568,1,0
2021-06,740,1,1,966,0,0
2021-06,740,2,1,1631,3,1
2021-06,750,1,1,713,0,0
2021-06,750,2,1,1187,1,0
2021-06,760,1,1,584,0,0
2021-06,760,2,1,1052,1,0
2021-06,770,1,1,594,0,0
2021-06,770,2,1,1019,0,0
2021-06,780,1,1,578,0,0
2021-06,780,2,1,928,1,0
2021-06,790,1,1,551,0,0
2021-06,790,2,1,864,1,0
2021-06,800,1,1,530,0,0
2021-06,800,2,1,744,0,0
2021-06,810,1,1,585,0,0
2021-06,810,2,1,801,1,1
2021-06,820,1,1,674,0,0
2021-06,820,2,1,944,0,0
2021-06,830,1,1,752,0,0
2021-06,830,2,1,1040,0,0
2021-06,840,1,1,698,0,0
2021-06,840,2,1,840,0,0
2021-06,850,1,1,587,0,0
2021-06,850,2,1,681,0,0
2021-06,860,1,1,370,0,0
2021-06,860,2,1,383,0,0
2021-06,870,1,1,220,0,0
2021-06,870,2,1,205,0,0
2021-06,880,1,1,76,0,0
2021-06,880,2,1,68,0,0
2021-06,890,1,1,14,0,0
2021-06,890,2,1,15,0,0
2021-07,650,1,1,280,0,0
2021-07,650,2,1,783,1,0
2021-07,660,1,1,389,1,0
2021-07,660,2,1,927,0,0
2021-07,670,1,1,474,0,0
2021-07,670,2,1,1041,1,0
2021-07,680,1,1,440,0,0
2021-07,680,2,1,973,1,0
2021-07,690,1,1,861,1,0
2021-07,690,2,1,1602,1,0
2021-07,700,1,1,939,0,0
2021-07,700,2,1,1595,1,0
2021-07,710,1,1,936,2,0
2021-07,710,2,1,1574,0,0
2021-07,720,1,1,917,0,0
2021-07,720,2,1,1581,2,1
2021-07,730,1,1,990,0,0
2021-07,730,2,1,1523,0,0
2021-07,740,1,1,925,0,0
2021-07,740,2,1,1568,1,0
2021-07,750,1,1,685,0,0
2021-07,750,2,1,1136,0,0
2021-07,760,1,1,566,0,0
2021-07,760,2,1,1016,1,1
2021-07,770,1,1,570,1,0
2021-07,770,2,1,988,0,0
2021-07,780,1,1,567,0,0
2021-07,780,2,1,902,0,0
2021-07,790,1,1,535,0,0
2021-07,790,2,1,829,1,0
2021-07,800,1,1,500,0,0
2021-07,800,2,1,718,0,0
2021-07,810,1,1,559,0,0
2021-07,810,2,1,780,0,0
2021-07,820,1,1,652,0,0
2021-07,820,2,1,919,0,0
2021-07,830,1,1,732,0,0
2021-07,830,2,1,997,1,0
2021-07,840,1,1,672,0,0
2021-07,840,2,1,813,0,0
2021-07,850,1,1,568,0,0
2021-07,850,2,1,664,1,0
2021-07,860,1,1,364,0,0
2021-07,860,2,1,372,0,0
2021-07,870,1,1,212,0,0
2021-07,870,2,1,196,0,0
2021-07,880,1,1,73,0,0
2021-07,880,2,1,66,0,0
2021-07,890,1,1,14,0,0
2021-07,890,2,1,15,0,0
2021-08,650,1,1,272,0,0
2021-08,650,2,1,765,0,0
2021-08,660,1,1,378,0,0
2021-08,660,2,1,896,4,0
2021-08,670,1,1,463,1,0
2021-08,670,2,1,999,0,0
2021-08,680,1,1,430,0,0
2021-08,680,2,1,939,0,0
2021-08,690,1,1,831,0,0
2021-08,690,2,1,1551,1,0
2021-08,700,1,1,903,0,0
2021-08,700,2,1,1539,0,0
2021-08,710,1,1,911,0,0
2021-08,710,2,1,1533,5,1
2021-08,720,1,1,884,0,0
2021-08,720,2,1,1526,2,0
2021-08,730,1,1,960,0,0
2021-08,730,2,1,1472,0,0
2021-08,740,1,1,901,0,0
2021-08,740,2,1,1524,1,0
2021-08,750,1,1,665,0,0
2021-08,750,2,1,1105,0,0
2021-08,760,1,1,546,0,0
2021-08,760,2,1,988,1,0
2021-08,770,1,1,552,0,0
2021-08,770,2,1,956,0,0
2021-08,780,1,1,546,0,0
2021-08,780,2,1,868,0,0
2021-08,790,1,1,516,0,0
2021-08,790,2,1,796,0,0
2021-08,800,1,1,482,0,0
2021-08,800,2,1,691,0,0
2021-08,810,1,1,547,0,0
2021-08,810,2,1,752,0,0
2021-08,820,1,1,626,0,0
2021-08,820,2,1,887,0,0
2021-08,830,1,1,709,0,0
2021-08,830,2,1,963,0,0
2021-08,840,1,1,657,0,0
2021-08,840,2,1,801,0,0
2021-08,850,1,1,545,0,0
2021-08,850,2,1,648,1,0
2021-08,860,1,1,352,0,0
2021-08,860,2,1,359,0,0
2021-08,870,1,1,205,0,0
2021-08,870,2,1,192,0,0
2021-08,880,1,1,73,0,0
2021-08,880,2,1,64,0,0
2021-08,890,1,1,13,0,0
2021-08,890,2,1,15,0,0
2021-09,650,1,1,262,0,0
2021-09,650,2,1,733,0,0
2021-09,660,1,1,367,0,0
2021-09,660,2,1,863,1,0
2021-09,670,1,1,449,1,0
2021-09,670,2,1,972,0,0
2021-09,680,1,1,415,1,0
2021-09,680,2,1,915,1,0
2021-09,690,1,1,809,1,0
2021-09,690,2,1,1498,1,0
2021-09,700,1,1,881,0,0
2021-09,700,2,1,1497,0,0
2021-09,710,1,1,881,0,0
2021-09,710,2,1,1480,1,1
2021-09,720,1,1,856,0,0
2021-09,720,2,1,1473,1,0
2021-09,730,1,1,924,0,0
2021-09,730,2,1,1427,1,0
2021-09,740,1,1,876,0,0
2021-09,740,2,1,1477,0,0
2021-09,750,1,1,639,0,0
2021-09,750,2,1,1071,0,0
2021-09,760,1,1,527,0,0
2021-09,760,2,1,961,1,0
2021-09,770,1,1,537,0,0
2021-09,770,2,1,923,2,0
2021-09,780,1,1,528,0,0
2021-09,780,2,1,836,0,0
2021-09,790,1,1,504,0,0
2021-09,790,2,1,762,0,0
2021-09,800,1,1,463,0,0
2021-09,800,2,1,667,0,0
2021-09,810,1,1,526,0,0
2021-09,810,2,1,725,0,0
2021-09,820,1,1,612,0,0
2021-09,820,2,1,862,0,0
2021-09,830,1,1,680,0,0
2021-09,830,2,1,932,0,0
2021-09,840,1,1,629,0,0
2021-09,840,2,1,786,0,0
2021-09,850,1,1,517,0,0
2021-09,850,2,1,637,0,0
2021-09,860,1,1,341,0,0
2021-09,860,2,1,343,0,0
2021-09,870,1,1,199,0,0
2021-09,870,2,1,183,0,0
2021-09,880,1,1,70,0,0
2021-09,880,2,1,61,0,0
2021-09,890,1,1,13,0,0
2021-09,890,2,1,15,0,0
2021-10,650,1,1,256,0,0
2021-10,650,2,1,709,1,0
2021-10,660,1,1,354,0,0
2021-10,660,2,1,822,3,0
2021-10,670,1,1,435,0,0
2021-10,670,2,1,945,1,0
2021-10,680,1,1,407,1,0
2021-10,680,2,1,887,0,0
2021-10,690,1,1,790,1,0
2021-10,690,2,1,1452,2,0
2021-10,700,1,1,861,0,0
2021-10,700,2,1,1455,2,0
2021-10,710,1,1,854,2,1
2021-10,710,2,1,1439,1,0
2021-10,720,1,1,828,0,0
2021-10,720,2,1,1426,0,0
2021-10,730,1,1,891,0,0
2021-10,730,2,1,1373,0,0
2021-10,740,1,1,845,0,0
2021-10,740,2,1,1433,0,0
2021-10,750,1,1,626,1,0
2021-10,750,2,1,1033,0,0
2021-10,760,1,1,501,0,0
2021-10,760,2,1,932,0,0
2021-10,770,1,1,521,0,0
2021-10,770,2,1,894,0,0
2021-10,780,1,1,505,0,0
2021-10,780,2,1,810,1,0
2021-10,790,1,1,489,0,0
2021-10,790,2,1,742,0,0
2021-10,800,1,1,453,0,0
2021-10,800,2,1,648,0,0
2021-10,810,1,1,516,0,0
2021-10,810,2,1,709,0,0
2021-10,820,1,1,593,0,0
2021-10,820,2,1,836,0,0
2021-10,830,1,1,663,0,0
2021-10,830,2,1,905,0,0
2021-10,840,1,1,608,0,0
2021-10,840,2,1,765,0,0
2021-10,850,1,1,499,0,0
2021-10,850,2,1,622,0,0
2021-10,860,1,1,331,0,0
2021-10,860,2,1,334,0,0
2021-10,870,1,1,196,0,0
2021-10,870,2,1,177,0,0
2021-10,880,1,1,68,0,0
2021-10,880,2,1,61,0,0
2021-10,890,1,1,13,0,0
2021-10,890,2,1,14,0,0
2021-11,650,1,1,252,0,0
2021-11,650,2,1,687,0,0
2021-11,660,1,1,341,1,0
2021-11,660,2,1,794,0,0
2021-11,670,1,1,420,0,0
2021-11,670,2,1,924,0,0
2021-11,680,1,1,396,0,0
2021-11,680,2,1,861,0,0
2021-11,690,1,1,764,0,0
2021-11,690,2,1,1415,3,0
2021-11,700,1,1,830,0,0
2021-11,700,2,1,1424,0,0
2021-11,710,1,1,823,0,0
2021-11,710,2,1,1400,0,0
2021-11,720,1,1,809,0,0
2021-11,720,2,1,1390,1,0
2021-11,730,1,1,864,0,0
2021-11,730,2,1,1333,0,0
2021-11,740,1,1,825,0,0
2021-11,740,2,1,1394,0,0
2021-11,750,1,1,609,0,0
2021-11,750,2,1,1004,3,0
2021-11,760,1,1,489,0,0
2021-11,760,2,1,901,0,0
2021-11,770,1,1,501,0,0
2021-11,770,2,1,872,0,0
2021-11,780,1,1,483,0,0
2021-11,780,2,1,785,1,0
2021-11,790,1,1,477,0,0
2021-11,790,2,1,724,0,0
2021-11,800,1,1,436,0,0
2021-11,800,2,1,631,0,0
2021-11,810,1,1,503,0,0
2021-11,810,2,1,682,0,0
2021-11,820,1,1,577,0,0
2021-11,820,2,1,819,0,0
2021-11,830,1,1,647,0,0
2021-11,830,2,1,882,0,0
2021-11,840,1,1,594,0,0
2021-11,840,2,1,745,0,0
2021-11,850,1,1,480,0,0
2021-11,850,2,1,602,0,0
2021-11,860,1,1,324,0,0
2021-11,860,2,1,326,0,0
2021-11,870,1,1,192,0,0
2021-11,870,2,1,176,0,0
2021-11,880,1,1,65,0,0
2021-11,880,2,1,59,0,0
2021-11,890,1,1,13,0,0
2021-11,890,2,1,14,0,0
2021-12,650,1,1,244,1,1
2021-12,650,2,1,665,1,0
2021-12,660,1,1,334,0,0
2021-12,660,2,1,773,0,0
2021-12,670,1,1,415,1,0
2021-12,670,2,1,893,0,0
2021-12,680,1,1,385,0,0
2021-12,680,2,1,842,1,0
2021-12,690,1,1,747,0,0
2021-12,690,2,1,1381,0,0
2021-12,700,1,1,809,0,0
2021-12,700,2,1,1390,0,0
2021-12,710,1,1,801,0,0
2021-12,710,2,1,1370,1,0
2021-12,720,1,1,784,0,0
2021-12,720,2,1,1358,1,0
2021-12,730,1,1,844,0,0
2021-12,730,2,1,1296,0,0
2021-12,740,1,1,800,0,0
2021-12,740,2,1,1367,0,0
2021-12,750,1,1,593,0,0
2021-12,750,2,1,979,0,0
2021-12,760,1,1,473,0,0
2021-12,760,2,1,883,0,0
2021-12,770,1,1,488,1,0
2021-12,770,2,1,852,1,0
2021-12,780,1,1,467,0,0
2021-12,780,2,1,772,0,0
2021-12,790,1,1,468,0,0
2021-12,790,2,1,701,0,0
2021-12,800,1,1,420,0,0
2021-12,800,2,1,614,0,0
2021-12,810,1,1,488,0,0
2021-12,810,2,1,665,0,0
2021-12,820,1,1,556,0,0
2021-12,820,2,1,796,0,0
2021-12,830,1,1,627,0,0
2021-12,830,2,1,867,0,0
2021-12,840,1,1,570,1,0
2021-12,840,2,1,725,0,0
2021-12,850,1,1,469,0,0
2021-12,850,2,1,586,0,0
2021-12,860,1,1,309,0,0
2021-12,860,2,1,316,0,0
2021-12,870,1,1,192,0,0
2021-12,870,2,1,171,0,0
2021-12,880,1,1,65,0,0
2021-12,880,2,1,56,0,0
2021-12,890,1,1,13,0,0
2021-12,890,2,1,14,0,0
2022-01,650,1,1,240,1,0
2022-01,650,2,1,639,3,1
2022-01,660,1,1,319,0,0
2022-01,660,2,1,760,0,0
2022-01,670,1,1,401,0,0
2022-01,670,2,1,862,1,0
2022-01,680,1,1,378,0,0
2022-01,680,2,1,820,0,0
2022-01,690,1,1,726,0,0
2022-01,690,2,1,1346,0,0
2022-01,700,1,1,784,1,0
2022-01,700,2,1,1361,3,0
2022-01,710,1,1,781,0,0
2022-01,710,2,1,1341,0,0
2022-01,720,1,1,762,0,0
2022-01,720,2,1,1313,0,0
2022-01,730,1,1,824,0,0
2022-01,730,2,1,1266,0,0
2022-01,740,1,1,774,0,0
2022-01,740,2,1,1329,0,0
2022-01,750,1,1,573,0,0
2022-01,750,2,1,948,0,0
2022-01,760,1,1,455,0,0
2022-01,760,2,1,858,1,0
2022-01,770,1,1,477,0,0
2022-01,770,2,1,828,1,0
2022-01,780,1,1,457,0,0
2022-01,780,2,1,751,0,0
2022-01,790,1,1,451,0,0
2022-01,790,2,1,677,0,0
2022-01,800,1,1,407,0,0
2022-01,800,2,1,587,0,0
2022-01,810,1,1,477,0,0
2022-01,810,2,1,647,0,0
2022-01,820,1,1,533,0,0
2022-01,820,2,1,776,0,0
2022-01,830,1,1,608,0,0
2022-01,830,2,1,836,0,0
2022-01,840,1,1,552,0,0
2022-01,840,2,1,707,0,0
2022-01,850,1,1,458,0,0
2022-01,850,2,1,566,0,0
2022-01,860,1,1,302,0,0
2022-01,860,2,1,305,0,0
2022-01,870,1,1,186,0,0
2022-01,870,2,1,165,0,0
2022-01,880,1,1,64,0,0
2022-01,880,2,1,55,0,0
2022-01,890,1,1,13,0,0
2022-01,890,2,1,13,0,0
2022-02,650,1,1,235,0,0
2022-02,650,2,1,612,1,0
2022-02,660,1,1,306,0,0
2022-02,660,2,1,745,1,0
2022-02,670,1,1,393,0,0
2022-02,670,2,1,839,1,0
2022-02,680,1,1,370,0,0
2022-02,680,2,1,798,1,0
2022-02,690,1,1,708,1,1
2022-02,690,2,1,1317,2,0
2022-02,700,1,1,765,0,0
2022-02,700,2,1,1320,2,1
2022-02,710,1,1,747,0,0
2022-02,710,2,1,1312,0,0
2022-02,720,1,1,744,0,0
2022-02,720,2,1,1281,0,0
2022-02,730,1,1,795,1,0
2022-02,730,2,1,1232,1,0
2022-02,740,1,1,754,1,0
2022-02,740,2,1,1296,0,0
2022-02,750,1,1,557,1,0
2022-02,750,2,1,919,1,0
2022-02,760,1,1,441,0,0
2022-02,760,2,1,832,0,0
2022-02,770,1,1,462,0,0
2022-02,770,2,1,805,0,0
2022-02,780,1,1,446,0,0
2022-02,780,2,1,730,0,0
2022-02,790,1,1,442,0,0
2022-02,790,2,1,655,0,0
2022-02,800,1,1,398,0,0
2022-02,800,2,1,573,0,0
2022-02,810,1,1,466,0,0
2022-02,810,2,1,623,0,0
2022-02,820,1,1,518,0,0
2022-02,820,2,1,746,0,0
2022-02,830,1,1,584,0,0
2022-02,830,2,1,812,0,0
2022-02,840,1,1,538,0,0
2022-02,840,2,1,693,0,0
2022-02,850,1,1,448,0,0
2022-02,850,2,1,549,0,0
2022-02,860,1,1,294,0,0
2022-02,860,2,1,296,0,0
2022-02,870,1,1,182,0,0
2022-02,870,2,1,160,0,0
2022-02,880,1,1,62,0,0
2022-02,880,2,1,53,0,0
2022-02,890,1,1,13,0,0
2022-02,890,2,1,12,0,0
2022-03,650,1,1,230,0,0
2022-03,650,2,1,595,0,0
2022-03,660,1,1,299,0,0
2022-03,660,2,1,729,0,0
2022-03,670,1,1,382,1,0
2022-03,670,2,1,821,0,0
2022-03,680,1,1,361,0,0
2022-03,680,2,1,771,0,0
2022-03,690,1,1,691,0,0
2022-03,690,2,1,1273,0,0
2022-03,700,1,1,743,0,0
2022-03,700,2,1,1285,1,0
2022-03,710,1,1,728,0,0
2022-03,710,2,1,1272,1,0
2022-03,720,1,1,720,0,0
2022-03,720,2,1,1245,1,1
2022-03,730,1,1,765,0,0
2022-03,730,2,1,1211,1,0
2022-03,740,1,1,730,0,0
2022-03,740,2,1,1266,1,0
2022-03,750,1,1,543,0,0
2022-03,750,2,1,881,1,0
2022-03,760,1,1,429,0,0
2022-03,760,2,1,806,1,0
2022-03,770,1,1,450,0,0
2022-03,770,2,1,783,0,0
2022-03,780,1,1,436,0,0
2022-03,780,2,1,709,0,0
2022-03,790,1,1,425,0,0
2022-03,790,2,1,638,0,0
2022-03,800,1,1,381,0,0
2022-03,800,2,1,563,0,0
2022-03,810,1,1,450,0,0
2022-03,810,2,1,609,0,0
2022-03,820,1,1,501,0,0
2022-03,820,2,1,729,0,0
2022-03,830,1,1,568,0,0
2022-03,830,2,1,794,0,0
2022-03,840,1,1,525,0,0
2022-03,840,2,1,677,0,0
2022-03,850,1,1,439,0,0
2022-03,850,2,1,529,0,0
2022-03,860,1,1,285,0,0
2022-03,860,2,1,288,0,0
2022-03,870,1,1,177,0,0
2022-03,870,2,1,156,0,0
2022-03,880,1,1,60,0,0
2022-03,880,2,1,50,0,0
2022-03,890,1,1,13,0,0
2022-03,890,2,1,12,0,0
2022-04,650,1,1,222,0,0
2022-04,650,2,1,570,3,0
2022-04,660,1,1,289,0,0
2022-04,660,2,1,699,1,0
2022-04,670,1,1,363,1,0
2022-04,670,2,1,785,0,0
2022-04,680,1,1,348,0,0
2022-04,680,2,1,744,1,0
2022-04,690,1,1,678,0,0
2022-04,690,2,1,1235,1,0
2022-04,700,1,1,719,0,0
2022-04,700,2,1,1247,0,0
2022-04,710,1,1,703,0,0
2022-04,710,2,1,1220,1,0
2022-04,720,1,1,700,0,0
2022-04,720,2,1,1216,0,0
2022-04,730,1,1,740,0,0
2022-04,730,2,1,1177,0,0
2022-04,740,1,1,701,0,0
2022-04,740,2,1,1220,0,0
2022-04,750,1,1,529,0,0
2022-04,750,2,1,851,0,0
2022-04,760,1,1,412,0,0
2022-04,760,2,1,771,0,0
2022-04,770,1,1,431,0,0
2022-04,770,2,1,758,0,0
2022-04,780,1,1,418,0,0
2022-04,780,2,1,680,0,0
2022-04,790,1,1,409,0,0
2022-04,790,2,1,614,0,0
2022-04,800,1,1,360,1,0
2022-04,800,2,1,546,0,0
2022-04,810,1,1,436,0,0
2022-04,810,2,1,584,0,0
2022-04,820,1,1,485,0,0
2022-04,820,2,1,701,0,0
2022-04,830,1,1,541,0,0
2022-04,830,2,1,770,0,0
2022-04,840,1,1,494,0,0
2022-04,840,2,1,657,0,0
2022-04,850,1,1,424,0,0
2022-04,850,2,1,514,1,0
2022-04,860,1,1,271,0,0
2022-04,860,2,1,276,0,0
2022-04,870,1,1,173,0,0
2022-04,870,2,1,152,0,0
2022-04,880,1,1,58,0,0
2022-04,880,2,1,49,0,0
2022-04,890,1,1,13,0,0
2022-04,890,2,1,12,0,0
2022-05,650,1,1,214,0,0
2022-05,650,2,1,547,3,0
2022-05,660,1,1,281,0,0
2022-05,660,2,1,672,1,0
2022-05,670,1,1,348,0,0
2022-05,670,2,1,762,0,0
2022-05,680,1,1,340,0,0
2022-05,680,2,1,713,0,0
2022-05,690,1,1,662,2,1
2022-05,690,2,1,1195,0,0
2022-05,700,1,1,697,1,0
2022-05,700,2,1,1210,1,0
2022-05,710,1,1,682,2,2
2022-05,710,2,1,1187,1,0
2022-05,720,1,1,676,1,0
2022-05,720,2,1,1185,0,0
2022-05,730,1,1,720,0,0
2022-05,730,2,1,1150,2,0
2022-05,740,1,1,682,0,0
2022-05,740,2,1,1182,1,0
2022-05,750,1,1,515,0,0
2022-05,750,2,1,827,0,0
2022-05,760,1,1,401,0,0
2022-05,760,2,1,745,0,0
2022-05,770,1,1,415,0,0
2022-05,770,2,1,739,0,0
2022-05,780,1,1,410,0,0
2022-05,780,2,1,659,1,0
2022-05,790,1,1,394,0,0
2022-05,790,2,1,596,0,0
2022-05,800,1,1,345,0,0
2022-05,800,2,1,526,1,0
2022-05,810,1,1,426,0,0
2022-05,810,2,1,569,0,0
2022-05,820,1,1,465,0,0
2022-05,820,2,1,684,0,0
2022-05,830,1,1,529,0,0
2022-05,830,2,1,747,0,0
2022-05,840,1,1,479,0,0
2022-05,840,2,1,640,0,0
2022-05,850,1,1,412,0,0
2022-05,850,2,1,498,0,0
2022-05,860,1,1,266,0,0
2022-05,860,2,1,266,1,0
2022-05,870,1,1,165,0,0
2022-05,870,2,1,150,0,0
2022-05,880,1,1,53,0,0
2022-05,880,2,1,48,0,0
2022-05,890,1,1,13,0,0
2022-05,890,2,1,12,0,0
2022-06,650,1,1,210,0,0
2022-06,650,2,1,522,0,0
2022-06,660,1,1,275,0,0
2022-06,660,2,1,652,1,0
2022-06,670,1,1,338,1,0
2022-06,670,2,1,737,3,0
2022-06,680,1,1,333,1,0
2022-06,680,2,1,693,1,0
2022-06,690,1,1,637,0,0
2022-06,690,2,1,1154,0,0
2022-06,700,1,1,687,0,0
2022-06,700,2,1,1175,3,0
2022-06,710,1,1,663,0,0
2022-06,710,2,1,1145,2,1
2022-06,720,1,1,660,0,0
2022-06,720,2,1,1157,0,0
2022-06,730,1,1,703,0,0
2022-06,730,2,1,1116,1,0
2022-06,740,1,1,654,0,0
2022-06,740,2,1,1136,0,0
2022-06,750,1,1,497,0,0
2022-06,750,2,1,799,0,0
2022-06,760,1,1,387,0,0
2022-06,760,2,1,718,0,0
2022-06,770,1,1,408,0,0
2022-06,770,2,1,716,0,0
2022-06,780,1,1,399,0,0
2022-06,780,2,1,644,0,0
2022-06,790,1,1,385,0,0
2022-06,790,2,1,584,0,0
2022-06,800,1,1,334,0,0
2022-06,800,2,1,508,1,0
2022-06,810,1,1,406,0,0
2022-06,810,2,1,551,0,0
2022-06,820,1,1,453,0,0
2022-06,820,2,1,666,0,0
2022-06,830,1,1,509,0,0
2022-06,830,2,1,733,0,0
2022-06,840,1,1,460,0,0
2022-06,840,2,1,626,0,0
2022-06,850,1,1,395,0,0
2022-06,850,2,1,483,1,0
2022-06,860,1,1,257,0,0
2022-06,860,2,1,260,0,0
2022-06,870,1,1,159,0,0
2022-06,870,2,1,147,0,0
2022-06,880,1,1,51,0,0
2022-06,880,2,1,47,0,0
2022-06,890,1,1,13,0,0
2022-06,890,2,1,12,0,0
2022-07,650,1,1,203,0,0
2022-07,650,2,1,504,3,0
2022-07,660,1,1,263,0,0
2022-07,660,2,1,635,1,0
2022-07,670,1,1,332,0,0
2022-07,670,2,1,721,0,0
2022-07,680,1,1,321,1,1
2022-07,680,2,1,672,2,0
2022-07,690,1,1,615,0,0
2022-07,690,2,1,1126,0,0
2022-07,700,1,1,671,1,1
2022-07,700,2,1,1142,2,0
2022-07,710,1,1,650,0,0
2022-07,710,2,1,1121,0,0
2022-07,720,1,1,630,0,0
2022-07,720,2,1,1128,0,0
2022-07,730,1,1,681,0,0
2022-07,730,2,1,1089,0,0
2022-07,740,1,1,638,0,0
2022-07,740,2,1,1100,0,0
2022-07,750,1,1,483,0,0
2022-07,750,2,1,772,1,1
2022-07,760,1,1,373,0,0
2022-07,760,2,1,701,0,0
2022-07,770,1,1,392,0,0
2022-07,770,2,1,691,0,0
2022-07,780,1,1,390,0,0
2022-07,780,2,1,632,0,0
2022-07,790,1,1,372,0,0
2022-07,790,2,1,555,2,1
2022-07,800,1,1,322,0,0
2022-07,800,2,1,492,1,1
2022-07,810,1,1,391,0,0
2022-07,810,2,1,535,0,0
2022-07,820,1,1,436,0,0
2022-07,820,2,1,643,2,1
2022-07,830,1,1,491,0,0
2022-07,830,2,1,718,0,0
2022-07,840,1,1,439,0,0
2022-07,840,2,1,613,0,0
2022-07,850,1,1,377,0,0
2022-07,850,2,1,462,0,0
2022-07,860,1,1,240,0,0
2022-07,860,2,1,253,0,0
2022-07,870,1,1,152,0,0
2022-07,870,2,1,144,0,0
2022-07,880,1,1,49,0,0
2022-07,880,2,1,45,0,0
2022-07,890,1,1,12,0,0
2022-07,890,2,1,12,0,0
2022-08,650,1,1,198,0,0
2022-08,650,2,1,491,2,1
2022-08,660,1,1,252,0,0
2022-08,660,2,1,620,1,0
2022-08,670,1,1,324,1,1
2022-08,670,2,1,695,0,0
2022-08,680,1,1,310,0,0
2022-08,680,2,1,650,2,0
2022-08,690,1,1,601,0,0
2022-08,690,2,1,1104,1,0
2022-08,700,1,1,651,0,0
2022-08,700,2,1,1119,2,0
2022-08,710,1,1,626,0,0
2022-08,710,2,1,1094,0,0
2022-08,720,1,1,613,0,0
2022-08,720,2,1,1098,1,0
2022-08,730,1,1,663,0,0
2022-08,730,2,1,1051,1,0
2022-08,740,1,1,621,0,0
2022-08,740,2,1,1069,0,0
2022-08,750,1,1,466,0,0
2022-08,750,2,1,744,0,0
2022-08,760,1,1,361,0,0
2022-08,760,2,1,683,0,0
2022-08,770,1,1,376,0,0
2022-08,770,2,1,672,0,0
2022-08,780,1,1,373,0,0
2022-08,780,2,1,620,1,0
2022-08,790,1,1,356,0,0
2022-08,790,2,1,539,1,0
2022-08,800,1,1,312,0,0
2022-08,800,2,1,477,0,0
2022-08,810,1,1,382,0,0
2022-08,810,2,1,522,0,0
2022-08,820,1,1,420,0,0
2022-08,820,2,1,620,1,0
2022-08,830,1,1,472,0,0
2022-08,830,2,1,691,0,0
2022-08,840,1,1,421,0,0
2022-08,840,2,1,593,0,0
2022-08,850,1,1,369,0,0
2022-08,850,2,1,450,0,0
2022-08,860,1,1,231,1,0
2022-08,860,2,1,243,0,0
2022-08,870,1,1,144,0,0
2022-08,870,2,1,140,0,0
2022-08,880,1,1,48,0,0
2022-08,880,2,1,45,0,0
2022-08,890,1,1,11,0,0
2022-08,890,2,1,11,0,0
2022-09,650,1,1,192,0,0
2022-09,650,2,1,476,1,0
2022-09,660,1,1,250,0,0
2022-09,660,2,1,596,0,0
2022-09,670,1,1,319,1,0
2022-09,670,2,1,669,1,1
2022-09,680,1,1,304,0,0
2022-09,680,2,1,630,1,0
2022-09,690,1,1,584,1,0
2022-09,690,2,1,1072,3,1
2022-09,700,1,1,635,0,0
2022-09,700,2,1,1093,0,0
2022-09,710,1,1,607,0,0
2022-09,710,2,1,1066,0,0
2022-09,720,1,1,591,0,0
2022-09,720,2,1,1064,0,0
2022-09,730,1,1,636,0,0
2022-09,730,2,1,1018,1,1
2022-09,740,1,1,598,0,0
2022-09,740,2,1,1034,3,0
2022-09,750,1,1,455,0,0
2022-09,750,2,1,717,0,0
2022-09,760,1,1,353,1,1
2022-09,760,2,1,657,1,0
2022-09,770,1,1,362,0,0
2022-09,770,2,1,656,1,0
2022-09,780,1,1,352,0,0
2022-09,780,2,1,599,0,0
2022-09,790,1,1,346,0,0
2022-09,790,2,1,518,0,0
2022-09,800,1,1,290,0,0
2022-09,800,2,1,459,1,0
2022-09,810,1,1,367,0,0
2022-09,810,2,1,504,0,0
2022-09,820,1,1,391,0,0
2022-09,820,2,1,597,0,0
2022-09,830,1,1,460,0,0
2022-09,830,2,1,665,0,0
2022-09,840,1,1,407,0,0
2022-09,840,2,1,567,0,0
2022-09,850,1,1,351,0,0
2022-09,850,2,1,437,0,0
2022-09,860,1,1,220,0,0
2022-09,860,2,1,237,0,0
2022-09,870,1,1,134,0,0
2022-09,870,2,1,136,0,0
2022-09,880,1,1,44,0,0
2022-09,880,2,1,44,0,0
2022-09,890,1,1,11,0,0
2022-09,890,2,1,11,0,0
2022-10,650,1,1,185,0,0
2022-10,650,2,1,460,2,0
2022-10,660,1,1,246,0,0
2022-10,660,2,1,584,1,0
2022-10,670,1,1,307,1,0
2022-10,670,2,1,654,0,0
2022-10,680,1,1,294,1,1
2022-10,680,2,1,610,2,0
2022-10,690,1,1,566,1,0
2022-10,690,2,1,1038,0,0
2022-10,700,1,1,618,0,0
2022-10,700,2,1,1060,0,0
2022-10,710,1,1,587,0,0
2022-10,710,2,1,1033,0,0
2022-10,720,1,1,575,0,0
2022-10,720,2,1,1026,0,0
2022-10,730,1,1,622,1,0
2022-10,730,2,1,982,1,0
2022-10,740,1,1,580,0,0
2022-10,740,2,1,997,0,0
2022-10,750,1,1,437,0,0
2022-10,750,2,1,703,0,0
2022-10,760,1,1,347,0,0
2022-10,760,2,1,634,0,0
2022-10,770,1,1,349,0,0
2022-10,770,2,1,633,0,0
2022-10,780,1,1,342,0,0
2022-10,780,2,1,582,0,0
2022-10,790,1,1,332,0,0
2022-10,790,2,1,505,1,0
2022-10,800,1,1,273,0,0
2022-10,800,2,1,444,0,0
2022-10,810,1,1,354,0,0
2022-10,810,2,1,489,0,0
2022-10,820,1,1,377,0,0
2022-10,820,2,1,577,0,0
2022-10,830,1,1,434,0,0
2022-10,830,2,1,649,0,0
2022-10,840,1,1,395,0,0
2022-10,840,2,1,555,0,0
2022-10,850,1,1,338,0,0
2022-10,850,2,1,423,0,0
2022-10,860,1,1,212,0,0
2022-10,860,2,1,229,0,0
2022-10,870,1,1,128,0,0
2022-10,870,2,1,129,0,0
2022-10,880,1,1,41,0,0
2022-10,880,2,1,42,0,0
2022-10,890,1,1,11,0,0
2022-10,890,2,1,11,0,0
2022-11,650,1,1,184,1,0
2022-11,650,2,1,444,2,0
2022-11,660,1,1,238,0,0
2022-11,660,2,1,564,2,1
2022-11,670,1,1,300,0,0
2022-11,670,2,1,639,0,0
2022-11,680,1,1,283,0,0
2022-11,680,2,1,590,0,0
2022-11,690,1,1,551,0,0
2022-11,690,2,1,1003,2,0
2022-11,700,1,1,599,0,0
2022-11,700,2,1,1025,0,0
2022-11,710,1,1,573,0,0
2022-11,710,2,1,999,2,0
2022-11,720,1,1,564,0,0
2022-11,720,2,1,998,0,0
2022-11,730,1,1,599,0,0
2022-11,730,2,1,968,1,0
2022-11,740,1,1,563,0,0
2022-11,740,2,1,970,0,0
2022-11,750,1,1,425,0,0
2022-11,750,2,1,686,0,0
2022-11,760,1,1,337,0,0
2022-11,760,2,1,613,0,0
2022-11,770,1,1,342,0,0
2022-11,770,2,1,608,0,0
2022-11,780,1,1,332,0,0
2022-11,780,2,1,561,0,0
2022-11,790,1,1,322,0,0
2022-11,790,2,1,489,0,0
2022-11,800,1,1,263,0,0
2022-11,800,2,1,426,0,0
2022-11,810,1,1,340,0,0
2022-11,810,2,1,469,0,0
2022-11,820,1,1,357,0,0
2022-11,820,2,1,558,0,0
2022-11,830,1,1,421,0,0
2022-11,830,2,1,622,0,0
2022-11,840,1,1,385,0,0
2022-11,840,2,1,539,0,0
2022-11,850,1,1,328,0,0
2022-11,850,2,1,414,0,0
2022-11,860,1,1,200,0,0
2022-11,860,2,1,224,0,0
2022-11,870,1,1,126,0,0
2022-11,870,2,1,122,0,0
2022-11,880,1,1,40,0,0
2022-11,880,2,1,40,0,0
2022-11,890,1,1,10,0,0
2022-11,890,2,1,11,0,0
2022-12,650,1,1,183,0,0
2022-12,650,2,1,427,2,0
2022-12,660,1,1,233,0,0
2022-12,660,2,1,552,1,0
2022-12,670,1,1,298,2,0
2022-12,670,2,1,623,2,0
2022-12,680,1,1,274,0,0
2022-12,680,2,1,568,0,0
2022-12,690,1,1,538,1,0
2022-12,690,2,1,970,0,0
2022-12,700,1,1,584,0,0
2022-12,700,2,1,1007,1,0
2022-12,710,1,1,563,0,0
2022-12,710,2,1,983,1,0
2022-12,720,1,1,548,0,0
2022-12,720,2,1,963,0,0
2022-12,730,1,1,582,0,0
2022-12,730,2,1,940,0,0
2022-12,740,1,1,550,0,0
2022-12,740,2,1,941,0,0
2022-12,750,1,1,413,0,0
2022-12,750,2,1,666,0,0
2022-12,760,1,1,326,0,0
2022-12,760,2,1,594,1,0
2022-12,770,1,1,336,0,0
2022-12,770,2,1,586,0,0
2022-12,780,1,1,324,0,0
2022-12,780,2,1,544,0,0
2022-12,790,1,1,313,0,0
2022-12,790,2,1,475,0,0
2022-12,800,1,1,254,0,0
2022-12,800,2,1,414,0,0
2022-12,810,1,1,324,0,0
2022-12,810,2,1,452,0,0
2022-12,820,1,1,342,0,0
2022-12,820,2,1,547,0,0
2022-12,830,1,1,408,0,0
2022-12,830,2,1,608,0,0
2022-12,840,1,1,375,0,0
2022-12,840,2,1,519,0,0
2022-12,850,1,1,313,0,0
2022-12,850,2,1,403,0,0
2022-12,860,1,1,187,0,0
2022-12,860,2,1,217,0,0
2022-12,870,1,1,118,0,0
2022-12,870,2,1,119,0,0
2022-12,880,1,1,39,0,0
2022-12,880,2,1,37,0,0
2022-12,890,1,1,10,0,0
2022-12,890,2,1,11,0,0
2023-08,650,1,0,332,0,0
2023-08,650,2,0,843,0,0
2023-08,660,1,0,421,0,0
2023-08,660,2,0,957,0,0
2023-08,670,1,0,831,0,0
2023-08,670,2,0,1528,1,0
2023-08,680,1,0,900,0,0
2023-08,680,2,0,1519,0,0
2023-08,690,1,0,1295,0,0
2023-08,690,2,0,2053,0,0
2023-08,700,1,0,1410,0,0
2023-08,700,2,0,2130,0,0
2023-08,710,1,0,1382,0,0
2023-08,710,2,0,2230,0,0
2023-08,720,1,0,1534,0,0
2023-08,720,2,0,2344,0,0
2023-08,730,1,0,1600,0,0
2023-08,730,2,0,2476,0,0
2023-08,740,1,0,1549,0,0
2023-08,740,2,0,2462,0,0
2023-08,750,1,0,1556,0,0
2023-08,750,2,0,2408,0,0
2023-08,760,1,0,1618,0,0
2023-08,760,2,0,2373,0,0
2023-08,770,1,0,1563,0,0
2023-08,770,2,0,2224,0,0
2023-08,780,1,0,1612,0,0
2023-08,780,2,0,2293,0,0
2023-08,790,1,0,1612,0,0
2023-08,790,2,0,2117,0,0
2023-08,800,1,0,1659,0,0
2023-08,800,2,0,2035,0,0
2023-08,810,1,0,1820,0,0
2023-08,810,2,0,2072,0,0
2023-08,820,1,0,1739,0,0
2023-08,820,2,0,2032,0,0
2023-08,830,1,0,1704,1,0
2023-08,830,2,0,1830,0,0
2023-08,840,1,0,1573,0,0
2023-08,840,2,0,1708,0,0
2023-08,850,1,0,1214,0,0
2023-08,850,2,0,1304,0,0
2023-08,860,1,0,719,0,0
2023-08,860,2,0,792,0,0
2023-08,870,1,0,365,0,0
2023-08,870,2,0,478,0,0
2023-08,880,1,0,119,0,0
2023-08,880,2,0,166,0,0
2023-08,890,1,0,30,0,0
2023-08,890,2,0,51,0,0
2023-09,650,1,0,325,0,0
2023-09,650,2,0,833,0,0
2023-09,660,1,0,414,0,0
2023-09,660,2,0,945,0,0
2023-09,670,1,0,819,0,0
2023-09,670,2,0,1505,0,0
2023-09,680,1,0,881,0,0
2023-09,680,2,0,1490,0,0
2023-09,690,1,0,1278,0,0
2023-09,690,2,0,2017,0,0
2023-09,700,1,0,1387,0,0
2023-09,700,2,0,2091,1,0
2023-09,710,1,0,1356,0,0
2023-09,710,2,0,2199,0,0
2023-09,720,1,0,1509,1,1
2023-09,720,2,0,2315,0,0
2023-09,730,1,0,1578,0,0
2023-09,730,2,0,2434,0,0
2023-09,740,1,0,1517,1,0
2023-09,740,2,0,2416,1,0
2023-09,750,1,0,1540,0,0
2023-09,750,2,0,2373,0,0
2023-09,760,1,0,1599,0,0
2023-09,760,2,0,2336,0,0
2023-09,770,1,0,1544,0,0
2023-09,770,2,0,2190,0,0
2023-09,780,1,0,1592,0,0
2023-09,780,2,0,2260,0,0
2023-09,790,1,0,1581,0,0
2023-09,790,2,0,2085,0,0
2023-09,800,1,0,1635,0,0
2023-09,800,2,0,2002,0,0
2023-09,810,1,0,1796,0,0
2023-09,810,2,0,2026,0,0
2023-09,820,1,0,1706,0,0
2023-09,820,2,0,2003,0,0
2023-09,830,1,0,1675,0,0
2023-09,830,2,0,1794,0,0
2023-09,840,1,0,1552,0,0
2023-09,840,2,0,1683,0,0
2023-09,850,1,0,1198,0,0
2023-09,850,2,0,1286,0,0
2023-09,860,1,0,700,0,0
2023-09,860,2,0,782,0,0
2023-09,870,1,0,362,0,0
2023-09,870,2,0,472,0,0
2023-09,880,1,0,116,0,0
2023-09,880,2,0,166,0,0
2023-09,890,1,0,30,0,0
2023-09,890,2,0,50,0,0
2023-10,650,1,0,315,0,0
2023-10,650,2,0,821,0,0
2023-10,660,1,0,404,0,0
2023-10,660,2,0,928,1,1
2023-10,670,1,0,813,1,0
2023-10,670,2,0,1487,1,0
2023-10,680,1,0,866,1,0
2023-10,680,2,0,1469,1,0
2023-10,690,1,0,1270,0,0
2023-10,690,2,0,1983,0,0
2023-10,700,1,0,1372,0,0
2023-10,700,2,0,2059,0,0
2023-10,710,1,0,1347,0,0
2023-10,710,2,0,2168,1,0
2023-10,720,1,0,1488,0,0
2023-10,720,2,0,2286,0,0
2023-10,730,1,0,1560,0,0
2023-10,730,2,0,2401,1,0
2023-10,740,1,0,1498,1,0
2023-10,740,2,0,2380,0,0
2023-10,750,1,0,1519,0,0
2023-10,750,2,0,2348,0,0
2023-10,760,1,0,1578,0,0
2023-10,760,2,0,2305,0,0
2023-10,770,1,0,1527,0,0
2023-10,770,2,0,2162,0,0
2023-10,780,1,0,1576,0,0
2023-10,780,2,0,2230,0,0
2023-10,790,1,0,1557,0,0
2023-10,790,2,0,2051,0,0
2023-10,800,1,0,1610,0,0
2023-10,800,2,0,1971,0,0
2023-10,810,1,0,1768,0,0
2023-10,810,2,0,1999,0,0
2023-10,820,1,0,1683,0,0
2023-10,820,2,0,1974,0,0
2023-10,830,1,0,1653,2,0
2023-10,830,2,0,1764,0,0
2023-10,840,1,0,1533,1,0
2023-10,840,2,0,1655,0,0
2023-10,850,1,0,1175,0,0
2023-10,850,2,0,1269,0,0
2023-10,860,1,0,688,0,0
2023-10,860,2,0,767,0,0
2023-10,870,1,0,355,0,0
2023-10,870,2,0,467,0,0
2023-10,880,1,0,114,0,0
2023-10,880,2,0,163,0,0
2023-10,890,1,0,30,0,0
2023-10,890,2,0,49,0,0
2023-11,650,1,0,310,0,0
2023-11,650,2,0,807,2,0
2023-11,660,1,0,397,1,0
2023-11,660,2,0,913,0,0
2023-11,670,1,0,804,0,0
2023-11,670,2,0,1469,0,0
2023-11,680,1,0,855,0,0
2023-11,680,2,0,1448,0,0
2023-11,690,1,0,1255,0,0
2023-11,690,2,0,1960,1,1
2023-11,700,1,0,1355,0,0
2023-11,700,2,0,2035,0,0
2023-11,710,1,0,1331,1,1
2023-11,710,2,0,2135,1,0
2023-11,720,1,0,1468,0,0
2023-11,720,2,0,2252,1,0
2023-11,730,1,0,1537,0,0
2023-11,730,2,0,2370,0,0
2023-11,740,1,0,1475,0,0
2023-11,740,2,0,2352,1,1
2023-11,750,1,0,1499,1,0
2023-11,750,2,0,2315,0,0
2023-11,760,1,0,1557,1,0
2023-11,760,2,0,2278,1,0
2023-11,770,1,0,1499,0,0
2023-11,770,2,0,2137,0,0
2023-11,780,1,0,1550,0,0
2023-11,780,2,0,2197,0,0
2023-11,790,1,0,1533,0,0
2023-11,790,2,0,2019,0,0
2023-11,800,1,0,1590,0,0
2023-11,800,2,0,1933,0,0
2023-11,810,1,0,1740,0,0
2023-11,810,2,0,1974,0,0
2023-11,820,1,0,1658,0,0
2023-11,820,2,0,1954,0,0
2023-11,830,1,0,1623,0,0
2023-11,830,2,0,1734,0,0
2023-11,840,1,0,1506,0,0
2023-11,840,2,0,1628,0,0
2023-11,850,1,0,1158,1,0
2023-11,850,2,0,1245,0,0
2023-11,860,1,0,678,0,0
2023-11,860,2,0,758,0,0
2023-11,870,1,0,353,0,0
2023-11,870,2,0,460,0,0
2023-11,880,1,0,114,0,0
2023-11,880,2,0,162,0,0
2023-11,890,1,0,30,0,0
2023-11,890,2,0,48,0,0
2023-12,650,1,0,303,0,0
2023-12,650,2,0,794,0,0
2023-12,660,1,0,391,0,0
2023-12,660,2,0,898,0,0
2023-12,670,1,0,795,0,0
2023-12,670,2,0,1455,1,0
2023-12,680,1,0,846,0,0
2023-12,680,2,0,1427,0,0
2023-12,690,1,0,1247,2,0
2023-12,690,2,0,1931,1,1
2023-12,700,1,0,1342,0,0
2023-12,700,2,0,2009,1,0
2023-12,710,1,0,1318,0,0
2023-12,710,2,0,2099,0,0
2023-12,720,1,0,1449,0,0
2023-12,720,2,0,2220,2,0
2023-12,730,1,0,1519,0,0
2023-12,730,2,0,2343,1,0
2023-12,740,1,0,1461,0,0
2023-12,740,2,0,2323,0,0
2023-12,750,1,0,1479,0,0
2023-12,750,2,0,2287,1,0
2023-12,760,1,0,1537,0,0
2023-12,760,2,0,2247,0,0
2023-12,770,1,0,1482,0,0
2023-12,770,2,0,2099,1,0
2023-12,780,1,0,1528,0,0
2023-12,780,2,0,2159,0,0
2023-12,790,1,0,1509,0,0
2023-12,790,2,0,1990,0,0
2023-12,800,1,0,1564,0,0
2023-12,800,2,0,1908,0,0
2023-12,810,1,0,1718,0,0
2023-12,810,2,0,1938,0,0
2023-12,820,1,0,1631,0,0
2023-12,820,2,0,1926,1,0
2023-12,830,1,0,1603,0,0
2023-12,830,2,0,1701,1,0
2023-12,840,1,0,1487,0,0
2023-12,840,2,0,1609,0,0
2023-12,850,1,0,1140,0,0
2023-12,850,2,0,1229,0,0
2023-12,860,1,0,667,0,0
2023-12,860,2,0,743,0,0
2023-12,870,1,0,348,0,0
2023-12,870,2,0,447,0,0
2023-12,880,1,0,113,0,0
2023-12,880,2,0,160,0,0
2023-12,890,1,0,30,0,0
2023-12,890,2,0,48,0,0
2024-01,650,1,1,297,0,0
2024-01,650,2,1,779,1,1
2024-01,660,1,1,389,1,1
2024-01,660,2,1,890,2,1
2024-01,670,1,1,789,1,0
2024-01,670,2,1,1436,0,0
2024-01,680,1,1,834,0,0
2024-01,680,2,1,1408,1,0
2024-01,690,1,1,1227,0,0
2024-01,690,2,1,1906,1,0
2024-01,700,1,1,1331,1,0
2024-01,700,2,1,1976,3,0
2024-01,710,1,1,1303,3,0
2024-01,710,2,1,2072,1,0
2024-01,720,1,1,1434,0,0
2024-01,720,2,1,2183,2,0
2024-01,730,1,1,1500,1,0
2024-01,730,2,1,2315,2,0
2024-01,740,1,1,1450,0,0
2024-01,740,2,1,2300,0,0
2024-01,750,1,1,1467,1,1
2024-01,750,2,1,2246,0,0
2024-01,760,1,1,1513,1,0
2024-01,760,2,1,2228,0,0
2024-01,770,1,1,1466,0,0
2024-01,770,2,1,2070,2,0
2024-01,780,1,1,1508,0,0
2024-01,780,2,1,2129,0,0
2024-01,790,1,1,1488,0,0
2024-01,790,2,1,1952,0,0
2024-01,800,1,1,1549,0,0
2024-01,800,2,1,1887,1,0
2024-01,810,1,1,1691,0,0
2024-01,810,2,1,1908,1,0
2024-01,820,1,1,1610,0,0
2024-01,820,2,1,1905,0,0
2024-01,830,1,1,1584,0,0
2024-01,830,2,1,1677,0,0
2024-01,840,1,1,1463,0,0
2024-01,840,2,1,1582,0,0
2024-01,850,1,1,1123,0,0
2024-01,850,2,1,1211,1,0
2024-01,860,1,1,656,0,0
2024-01,860,2,1,736,0,0
2024-01,870,1,1,343,0,0
2024-01,870,2,1,441,0,0
2024-01,880,1,1,112,0,0
2024-01,880,2,1,157,0,0
2024-01,890,1,1,29,0,0
2024-01,890,2,1,48,0,0
2024-02,650,1,1,291,0,0
2024-02,650,2,1,768,0,0
2024-02,660,1,1,383,0,0
2024-02,660,2,1,874,1,0
2024-02,670,1,1,776,0,0
2024-02,670,2,1,1420,0,0
2024-02,680,1,1,821,0,0
2024-02,680,2,1,1392,0,0
2024-02,690,1,1,1205,1,0
2024-02,690,2,1,1874,1,0
2024-02,700,1,1,1316,0,0
2024-02,700,2,1,1951,1,0
2024-02,710,1,1,1277,0,0
2024-02,710,2,1,2036,0,0
2024-02,720,1,1,1417,0,0
2024-02,720,2,1,2144,0,0
2024-02,730,1,1,1478,0,0
2024-02,730,2,1,2278,4,0
2024-02,740,1,1,1426,1,0
2024-02,740,2,1,2260,1,0
2024-02,750,1,1,1446,0,0
2024-02,750,2,1,2217,0,0
2024-02,760,1,1,1497,1,1
2024-02,760,2,1,2194,0,0
2024-02,770,1,1,1452,0,0
2024-02,770,2,1,2037,1,0
2024-02,780,1,1,1488,0,0
2024-02,780,2,1,2082,1,0
2024-02,790,1,1,1468,0,0
2024-02,790,2,1,1917,0,0
2024-02,800,1,1,1531,0,0
2024-02,800,2,1,1848,0,0
2024-02,810,1,1,1664,0,0
2024-02,810,2,1,1866,0,0
2024-02,820,1,1,1593,0,0
2024-02,820,2,1,1883,1,0
2024-02,830,1,1,1567,0,0
2024-02,830,2,1,1651,0,0
2024-02,840,1,1,1437,0,0
2024-02,840,2,1,1551,0,0
2024-02,850,1,1,1100,0,0
2024-02,850,2,1,1190,0,0
2024-02,860,1,1,644,0,0
2024-02,860,2,1,730,0,0
2024-02,870,1,1,338,0,0
2024-02,870,2,1,436,0,0
2024-02,880,1,1,108,0,0
2024-02,880,2,1,152,0,0
2024-02,890,1,1,28,0,0
2024-02,890,2,1,46,0,0
2024-03,650,1,1,286,0,0
2024-03,650,2,1,754,3,0
2024-03,660,1,1,379,0,0
2024-03,660,2,1,862,1,1
2024-03,670,1,1,762,1,0
2024-03,670,2,1,1402,0,0
2024-03,680,1,1,812,0,0
2024-03,680,2,1,1371,0,0
2024-03,690,1,1,1186,1,0
2024-03,690,2,1,1846,0,0
2024-03,700,1,1,1299,0,0
2024-03,700,2,1,1915,2,0
2024-03,710,1,1,1253,0,0
2024-03,710,2,1,2001,2,0
2024-03,720,1,1,1394,0,0
2024-03,720,2,1,2121,1,0
2024-03,730,1,1,1455,1,0
2024-03,730,2,1,2248,0,0
2024-03,740,1,1,1406,0,0
2024-03,740,2,1,2230,1,0
2024-03,750,1,1,1426,0,0
2024-03,750,2,1,2177,0,0
2024-03,760,1,1,1473,0,0
2024-03,760,2,1,2156,1,0
2024-03,770,1,1,1432,2,0
2024-03,770,2,1,2007,2,0
2024-03,780,1,1,1460,0,0
2024-03,780,2,1,2054,2,0
2024-03,790,1,1,1454,0,0
2024-03,790,2,1,1883,1,0
2024-03,800,1,1,1508,0,0
2024-03,800,2,1,1817,0,0
2024-03,810,1,1,1637,0,0
2024-03,810,2,1,1831,0,0
2024-03,820,1,1,1576,0,0
2024-03,820,2,1,1850,0,0
2024-03,830,1,1,1540,1,0
2024-03,830,2,1,1626,0,0
2024-03,840,1,1,1411,0,0
2024-03,840,2,1,1529,1,0
2024-03,850,1,1,1084,0,0
2024-03,850,2,1,1174,0,0
2024-03,860,1,1,627,0,0
2024-03,860,2,1,719,0,0
2024-03,870,1,1,334,0,0
2024-03,870,2,1,431,0,0
2024-03,880,1,1,106,0,0
2024-03,880,2,1,152,0,0
2024-03,890,1,1,28,0,0
2024-03,890,2,1,44,0,0
2024-04,650,1,1,284,0,0
2024-04,650,2,1,736,0,0
2024-04,660,1,1,374,0,0
2024-04,660,2,1,849,1,0
2024-04,670,1,1,745,0,0
2024-04,670,2,1,1383,2,0
2024-04,680,1,1,799,1,0
2024-04,680,2,1,1353,1,0
2024-04,690,1,1,1174,0,0
2024-04,690,2,1,1826,2,1
2024-04,700,1,1,1282,0,0
2024-04,700,2,1,1885,1,0
2024-04,710,1,1,1233,1,0
2024-04,710,2,1,1965,1,1
2024-04,720,1,1,1372,1,0
2024-04,720,2,1,2095,2,0
2024-04,730,1,1,1432,0,0
2024-04,730,2,1,2215,1,1
2024-04,740,1,1,1383,0,0
2024-04,740,2,1,2192,2,0
2024-04,750,1,1,1403,1,0
2024-04,750,2,1,2145,2,0
2024-04,760,1,1,1451,0,0
2024-04,760,2,1,2130,1,0
2024-04,770,1,1,1407,0,0
2024-04,770,2,1,1975,1,0
2024-04,780,1,1,1430,0,0
2024-04,780,2,1,2024,0,0
2024-04,790,1,1,1427,1,0
2024-04,790,2,1,1848,0,0
2024-04,800,1,1,1480,0,0
2024-04,800,2,1,1783,1,0
2024-04,810,1,1,1608,0,0
2024-04,810,2,1,1801,0,0
2024-04,820,1,1,1546,0,0
2024-04,820,2,1,1817,0,0
2024-04,830,1,1,1496,0,0
2024-04,830,2,1,1591,1,0
2024-04,840,1,1,1388,1,0
2024-04,840,2,1,1497,0,0
2024-04,850,1,1,1063,0,0
2024-04,850,2,1,1149,0,0
2024-04,860,1,1,619,0,0
2024-04,860,2,1,713,0,0
2024-04,870,1,1,326,0,0
2024-04,870,2,1,422,0,0
2024-04,880,1,1,106,0,0
2024-04,880,2,1,149,0,0
2024-04,890,1,1,27,0,0
2024-04,890,2,1,43,0,0
2024-05,650,1,1,276,0,0
2024-05,650,2,1,719,1,0
2024-05,660,1,1,372,0,0
2024-05,660,2,1,834,1,0
2024-05,670,1,1,731,0,0
2024-05,670,2,1,1360,2,0
2024-05,680,1,1,791,0,0
2024-05,680,2,1,1330,0,0
2024-05,690,1,1,1157,1,0
2024-05,690,2,1,1788,0,0
2024-05,700,1,1,1266,1,0
2024-05,700,2,1,1860,0,0
2024-05,710,1,1,1216,0,0
2024-05,710,2,1,1930,2,0
2024-05,720,1,1,1351,1,0
2024-05,720,2,1,2063,0,0
2024-05,730,1,1,1403,0,0
2024-05,730,2,1,2170,1,0
2024-05,740,1,1,1362,0,0
2024-05,740,2,1,2152,1,0
2024-05,750,1,1,1381,1,0
2024-05,750,2,1,2099,2,0
2024-05,760,1,1,1429,1,0
2024-05,760,2,1,2089,1,0
2024-05,770,1,1,1391,0,0
2024-05,770,2,1,1942,2,0
2024-05,780,1,1,1401,0,0
2024-05,780,2,1,1983,0,0
2024-05,790,1,1,1400,0,0
2024-05,790,2,1,1819,3,0
2024-05,800,1,1,1450,0,0
2024-05,800,2,1,1754,0,0
2024-05,810,1,1,1579,3,0
2024-05,810,2,1,1760,1,1
2024-05,820,1,1,1522,0,0
2024-05,820,2,1,1779,0,0
2024-05,830,1,1,1467,0,0
2024-05,830,2,1,1560,0,0
2024-05,840,1,1,1365,0,0
2024-05,840,2,1,1464,0,0
2024-05,850,1,1,1042,0,0
2024-05,850,2,1,1123,0,0
2024-05,860,1,1,612,0,0
2024-05,860,2,1,702,0,0
2024-05,870,1,1,320,0,0
2024-05,870,2,1,418,0,0
2024-05,880,1,1,104,0,0
2024-05,880,2,1,147,0,0
2024-05,890,1,1,27,0,0
2024-05,890,2,1,43,0,0
2024-06,650,1,1,272,0,0
2024-06,650,2,1,708,0,0
2024-06,660,1,1,361,0,0
2024-06,660,2,1,821,2,0
2024-06,670,1,1,719,0,0
2024-06,670,2,1,1331,0,0
2024-06,680,1,1,782,0,0
2024-06,680,2,1,1300,0,0
2024-06,690,1,1,1131,3,1
2024-06,690,2,1,1756,2,0
2024-06,700,1,1,1258,1,0
2024-06,700,2,1,1825,0,0
2024-06,710,1,1,1195,2,0
2024-06,710,2,1,1892,1,0
2024-06,720,1,1,1338,1,0
2024-06,720,2,1,2018,2,0
2024-06,730,1,1,1382,0,0
2024-06,730,2,1,2129,1,0
2024-06,740,1,1,1335,0,0
2024-06,740,2,1,2115,1,0
2024-06,750,1,1,1360,0,0
2024-06,750,2,1,2047,2,0
2024-06,760,1,1,1408,0,0
2024-06,760,2,1,2053,1,0
2024-06,770,1,1,1374,0,0
2024-06,770,2,1,1909,0,0
2024-06,780,1,1,1373,0,0
2024-06,780,2,1,1938,0,0
2024-06,790,1,1,1371,0,0
2024-06,790,2,1,1791,0,0
2024-06,800,1,1,1431,0,0
2024-06,800,2,1,1726,0,0
2024-06,810,1,1,1550,0,0
2024-06,810,2,1,1725,0,0
2024-06,820,1,1,1489,1,0
2024-06,820,2,1,1751,1,0
2024-06,830,1,1,1444,0,0
2024-06,830,2,1,1527,0,0
2024-06,840,1,1,1345,0,0
2024-06,840,2,1,1438,0,0
2024-06,850,1,1,1022,0,0
2024-06,850,2,1,1099,0,0
2024-06,860,1,1,596,0,0
2024-06,860,2,1,690,0,0
2024-06,870,1,1,314,0,0
2024-06,870,2,1,410,0,0
2024-06,880,1,1,102,0,0
2024-06,880,2,1,142,0,0
2024-06,890,1,1,27,0,0
2024-06,890,2,1,42,0,0
2024-07,650,1,1,269,0,0
2024-07,650,2,1,701,1,0
2024-07,660,1,1,356,0,0
2024-07,660,2,1,805,1,0
2024-07,670,1,1,699,0,0
2024-07,670,2,1,1313,2,0
2024-07,680,1,1,771,0,0
2024-07,680,2,1,1281,2,0
2024-07,690,1,1,1109,0,0
2024-07,690,2,1,1737,3,0
2024-07,700,1,1,1242,0,0
2024-07,700,2,1,1797,2,0
2024-07,710,1,1,1177,0,0
2024-07,710,2,1,1854,0,0
2024-07,720,1,1,1315,1,0
2024-07,720,2,1,1980,1,0
2024-07,730,1,1,1360,2,0
2024-07,730,2,1,2089,1,0
2024-07,740,1,1,1308,0,0
2024-07,740,2,1,2080,0,0
2024-07,750,1,1,1338,0,0
2024-07,750,2,1,2011,0,0
2024-07,760,1,1,1381,0,0
2024-07,760,2,1,2016,0,0
2024-07,770,1,1,1362,0,0
2024-07,770,2,1,1871,0,0
2024-07,780,1,1,1354,0,0
2024-07,780,2,1,1896,1,0
2024-07,790,1,1,1357,1,0
2024-07,790,2,1,1756,1,0
2024-07,800,1,1,1408,0,0
2024-07,800,2,1,1705,0,0
2024-07,810,1,1,1520,0,0
2024-07,810,2,1,1692,0,0
2024-07,820,1,1,1462,0,0
2024-07,820,2,1,1717,0,0
2024-07,830,1,1,1425,0,0
2024-07,830,2,1,1498,1,0
2024-07,840,1,1,1326,0,0
2024-07,840,2,1,1404,0,0
2024-07,850,1,1,1010,0,0
2024-07,850,2,1,1065,0,0
2024-07,860,1,1,588,0,0
2024-07,860,2,1,685,1,0
2024-07,870,1,1,308,0,0
2024-07,870,2,1,405,0,0
2024-07,880,1,1,101,0,0
2024-07,880,2,1,140,0,0
2024-07,890,1,1,26,0,0
2024-07,890,2,1,42,0,0
2024-08,650,1,1,263,1,0
2024-08,650,2,1,691,0,0
2024-08,660,1,1,349,0,0
2024-08,660,2,1,793,1,0
2024-08,670,1,1,689,1,0
2024-08,670,2,1,1296,3,0
2024-08,680,1,1,759,0,0
2024-08,680,2,1,1255,2,0
2024-08,690,1,1,1088,1,1
2024-08,690,2,1,1702,2,0
2024-08,700,1,1,1224,0,0
2024-08,700,2,1,1766,2,0
2024-08,710,1,1,1160,4,0
2024-08,710,2,1,1825,2,0
2024-08,720,1,1,1287,1,0
2024-08,720,2,1,1946,1,0
2024-08,730,1,1,1337,1,0
2024-08,730,2,1,2053,2,0
2024-08,740,1,1,1286,0,0
2024-08,740,2,1,2048,1,1
2024-08,750,1,1,1312,0,0
2024-08,750,2,1,1973,2,0
2024-08,760,1,1,1359,1,0
2024-08,760,2,1,1981,1,0
2024-08,770,1,1,1339,1,0
2024-08,770,2,1,1838,0,0
2024-08,780,1,1,1322,0,0
2024-08,780,2,1,1862,1,0
2024-08,790,1,1,1334,0,0
2024-08,790,2,1,1719,0,0
2024-08,800,1,1,1383,0,0
2024-08,800,2,1,1680,0,0
2024-08,810,1,1,1493,0,0
2024-08,810,2,1,1654,1,0
2024-08,820,1,1,1431,0,0
2024-08,820,2,1,1679,0,0
2024-08,830,1,1,1401,0,0
2024-08,830,2,1,1466,0,0
2024-08,840,1,1,1293,0,0
2024-08,840,2,1,1376,1,0
2024-08,850,1,1,990,0,0
2024-08,850,2,1,1038,0,0
2024-08,860,1,1,580,0,0
2024-08,860,2,1,667,0,0
2024-08,870,1,1,301,0,0
2024-08,870,2,1,400,0,0
2024-08,880,1,1,100,0,0
2024-08,880,2,1,138,0,0
2024-08,890,1,1,26,0,0
2024-08,890,2,1,41,0,0
2024-09,650,1,1,258,0,0
2024-09,650,2,1,677,2,0
2024-09,660,1,1,343,1,1
2024-09,660,2,1,778,1,0
2024-09,670,1,1,674,0,0
2024-09,670,2,1,1278,2,1
2024-09,680,1,1,748,1,0
2024-09,680,2,1,1241,1,0
2024-09,690,1,1,1061,1,0
2024-09,690,2,1,1667,0,0
2024-09,700,1,1,1203,0,0
2024-09,700,2,1,1737,4,1
2024-09,710,1,1,1137,0,0
2024-09,710,2,1,1796,0,0
2024-09,720,1,1,1264,0,0
2024-09,720,2,1,1912,2,0
2024-09,730,1,1,1316,1,0
2024-09,730,2,1,2013,2,1
2024-09,740,1,1,1259,1,0
2024-09,740,2,1,2007,0,0
2024-09,750,1,1,1276,1,1
2024-09,750,2,1,1931,0,0
2024-09,760,1,1,1336,0,0
2024-09,760,2,1,1951,0,0
2024-09,770,1,1,1314,0,0
2024-09,770,2,1,1803,1,0
2024-09,780,1,1,1303,1,0
2024-09,780,2,1,1828,1,0
2024-09,790,1,1,1314,1,1
2024-09,790,2,1,1684,0,0
2024-09,800,1,1,1361,0,0
2024-09,800,2,1,1660,0,0
2024-09,810,1,1,1468,1,0
2024-09,810,2,1,1614,0,0
2024-09,820,1,1,1403,1,0
2024-09,820,2,1,1644,1,0
2024-09,830,1,1,1379,0,0
2024-09,830,2,1,1439,0,0
2024-09,840,1,1,1261,0,0
2024-09,840,2,1,1353,0,0
2024-09,850,1,1,967,0,0
2024-09,850,2,1,1018,0,0
2024-09,860,1,1,572,0,0
2024-09,860,2,1,658,0,0
2024-09,870,1,1,296,0,0
2024-09,870,2,1,392,0,0
2024-09,880,1,1,97,0,0
2024-09,880,2,1,136,0,0
2024-09,890,1,1,26,0,0
2024-09,890,2,1,39,0,0
2024-10,650,1,1,257,1,0
2024-10,650,2,1,667,1,0
2024-10,660,1,1,338,1,0
2024-10,660,2,1,761,0,0
2024-10,670,1,1,666,1,1
2024-10,670,2,1,1255,0,0
2024-10,680,1,1,740,1,0
2024-10,680,2,1,1224,2,0
2024-10,690,1,1,1040,0,0
2024-10,690,2,1,1643,0,0
2024-10,700,1,1,1173,0,0
2024-10,700,2,1,1712,1,0
2024-10,710,1,1,1120,0,0
2024-10,710,2,1,1768,1,0
2024-10,720,1,1,1246,0,0
2024-10,720,2,1,1879,2,0
2024-10,730,1,1,1299,0,0
2024-10,730,2,1,1964,5,1
2024-10,740,1,1,1236,0,0
2024-10,740,2,1,1969,0,0
2024-10,750,1,1,1256,0,0
2024-10,750,2,1,1899,2,1
2024-10,760,1,1,1311,2,0
2024-10,760,2,1,1920,1,0
2024-10,770,1,1,1286,0,0
2024-10,770,2,1,1773,1,0
2024-10,780,1,1,1278,0,0
2024-10,780,2,1,1789,1,0
2024-10,790,1,1,1289,0,0
2024-10,790,2,1,1657,2,0
2024-10,800,1,1,1343,0,0
2024-10,800,2,1,1645,0,0
2024-10,810,1,1,1440,0,0
2024-10,810,2,1,1586,0,0
2024-10,820,1,1,1377,0,0
2024-10,820,2,1,1624,0,0
2024-10,830,1,1,1360,0,0
2024-10,830,2,1,1417,0,0
2024-10,840,1,1,1239,0,0
2024-10,840,2,1,1324,0,0
2024-10,850,1,1,954,0,0
2024-10,850,2,1,1003,0,0
2024-10,860,1,1,562,0,0
2024-10,860,2,1,647,0,0
2024-10,870,1,1,292,0,0
2024-10,870,2,1,388,0,0
2024-10,880,1,1,95,0,0
2024-10,880,2,1,133,0,0
2024-10,890,1,1,23,0,0
2024-10,890,2,1,39,0,0
2024-11,650,1,1,254,0,0
2024-11,650,2,1,649,1,0
2024-11,660,1,1,327,0,0
2024-11,660,2,1,743,0,0
2024-11,670,1,1,651,0,0
2024-11,670,2,1,1230,2,1
2024-11,680,1,1,724,1,0
2024-11,680,2,1,1199,0,0
2024-11,690,1,1,1025,1,0
2024-11,690,2,1,1615,3,0
2024-11,700,1,1,1149,1,0
2024-11,700,2,1,1679,0,0
2024-11,710,1,1,1093,0,0
2024-11,710,2,1,1739,0,0
2024-11,720,1,1,1227,0,0
2024-11,720,2,1,1854,1,0
2024-11,730,1,1,1275,0,0
2024-11,730,2,1,1915,2,0
2024-11,740,1,1,1220,0,0
2024-11,740,2,1,1930,1,0
2024-11,750,1,1,1241,1,1
2024-11,750,2,1,1858,1,0
2024-11,760,1,1,1290,1,0
2024-11,760,2,1,1861,2,0
2024-11,770,1,1,1264,0,0
2024-11,770,2,1,1740,2,0
2024-11,780,1,1,1256,0,0
2024-11,780,2,1,1754,0,0
2024-11,790,1,1,1272,0,0
2024-11,790,2,1,1616,2,0
2024-11,800,1,1,1323,0,0
2024-11,800,2,1,1611,0,0
2024-11,810,1,1,1412,0,0
2024-11,810,2,1,1552,1,0
2024-11,820,1,1,1345,0,0
2024-11,820,2,1,1584,1,0
2024-11,830,1,1,1328,0,0
2024-11,830,2,1,1391,0,0
2024-11,840,1,1,1213,0,0
2024-11,840,2,1,1279,0,0
2024-11,850,1,1,943,0,0
2024-11,850,2,1,981,0,0
2024-11,860,1,1,554,0,0
2024-11,860,2,1,634,0,0
2024-11,870,1,1,290,0,0
2024-11,870,2,1,379,0,0
2024-11,880,1,1,93,0,0
2024-11,880,2,1,132,0,0
2024-11,890,1,1,23,0,0
2024-11,890,2,1,39,0,0
2024-12,650,1,1,251,0,0
2024-12,650,2,1,635,2,0
2024-12,660,1,1,321,0,0
2024-12,660,2,1,728,3,0
2024-12,670,1,1,639,0,0
2024-12,670,2,1,1205,1,0
2024-12,680,1,1,713,1,0
2024-12,680,2,1,1177,1,0
2024-12,690,1,1,1006,0,0
2024-12,690,2,1,1585,1,0
2024-12,700,1,1,1130,0,0
2024-12,700,2,1,1655,0,0
2024-12,710,1,1,1071,1,1
2024-12,710,2,1,1709,1,0
2024-12,720,1,1,1207,0,0
2024-12,720,2,1,1825,3,1
2024-12,730,1,1,1257,1,0
2024-12,730,2,1,1874,2,0
2024-12,740,1,1,1201,0,0
2024-12,740,2,1,1893,0,0
2024-12,750,1,1,1222,0,0
2024-12,750,2,1,1831,1,0
2024-12,760,1,1,1271,0,0
2024-12,760,2,1,1822,1,0
2024-12,770,1,1,1244,1,0
2024-12,770,2,1,1699,0,0
2024-12,780,1,1,1234,1,0
2024-12,780,2,1,1722,1,0
2024-12,790,1,1,1247,0,0
2024-12,790,2,1,1588,2,1
2024-12,800,1,1,1305,0,0
2024-12,800,2,1,1575,1,0
2024-12,810,1,1,1385,0,0
2024-12,810,2,1,1514,2,1
2024-12,820,1,1,1322,0,0
2024-12,820,2,1,1547,1,0
2024-12,830,1,1,1311,0,0
2024-12,830,2,1,1354,0,0
2024-12,840,1,1,1194,0,0
2024-12,840,2,1,1254,0,0
2024-12,850,1,1,921,0,0
2024-12,850,2,1,964,0,0
2024-12,860,1,1,547,0,0
2024-12,860,2,1,624,0,0
2024-12,870,1,1,287,0,0
2024-12,870,2,1,371,0,0
2024-12,880,1,1,90,0,0
2024-12,880,2,1,131,0,0
2024-12,890,1,1,23,0,0
2024-12,890,2,1,36,0,0
2025-01,650,1,1,248,0,0
2025-01,650,2,1,620,1,1
2025-01,660,1,1,317,0,0
2025-01,660,2,1,714,2,0
2025-01,670,1,1,628,0,0
2025-01,670,2,1,1186,2,0
2025-01,680,1,1,698,2,0
2025-01,680,2,1,1153,2,0
2025-01,690,1,1,989,0,0
2025-01,690,2,1,1553,1,0
2025-01,700,1,1,1113,0,0
2025-01,700,2,1,1622,1,0
2025-01,710,1,1,1049,1,0
2025-01,710,2,1,1667,0,0
2025-01,720,1,1,1184,1,0
2025-01,720,2,1,1793,1,1
2025-01,730,1,1,1238,1,0
2025-01,730,2,1,1828,1,0
2025-01,740,1,1,1179,0,0
2025-01,740,2,1,1867,2,0
2025-01,750,1,1,1206,0,0
2025-01,750,2,1,1797,2,0
2025-01,760,1,1,1248,1,0
2025-01,760,2,1,1778,1,0
2025-01,770,1,1,1224,0,0
2025-01,770,2,1,1670,0,0
2025-01,780,1,1,1211,1,0
2025-01,780,2,1,1684,0,0
2025-01,790,1,1,1225,0,0
2025-01,790,2,1,1544,1,0
2025-01,800,1,1,1279,0,0
2025-01,800,2,1,1538,2,0
2025-01,810,1,1,1360,0,0
2025-01,810,2,1,1479,0,0
2025-01,820,1,1,1295,0,0
2025-01,820,2,1,1510,1,0
2025-01,830,1,1,1291,0,0
2025-01,830,2,1,1325,0,0
2025-01,840,1,1,1176,0,0
2025-01,840,2,1,1215,0,0
2025-01,850,1,1,906,0,0
2025-01,850,2,1,937,0,0
2025-01,860,1,1,539,0,0
2025-01,860,2,1,607,0,0
2025-01,870,1,1,281,0,0
2025-01,870,2,1,361,0,0
2025-01,880,1,1,88,0,0
2025-01,880,2,1,127,0,0
2025-01,890,1,1,23,0,0
2025-01,890,2,1,34,0,0
2025-02,650,1,1,242,0,0
2025-02,650,2,1,611,1,0
2025-02,660,1,1,310,0,0
2025-02,660,2,1,701,3,0
2025-02,670,1,1,610,0,0
2025-02,670,2,1,1163,1,0
2025-02,680,1,1,684,2,1
2025-02,680,2,1,1129,1,0
2025-02,690,1,1,969,2,0
2025-02,690,2,1,1512,3,2
2025-02,700,1,1,1100,0,0
2025-02,700,2,1,1578,1,0
2025-02,710,1,1,1035,0,0
2025-02,710,2,1,1633,0,0
2025-02,720,1,1,1161,1,0
2025-02,720,2,1,1757,1,0
2025-02,730,1,1,1217,0,0
2025-02,730,2,1,1786,3,0
2025-02,740,1,1,1149,0,0
2025-02,740,2,1,1818,0,0
2025-02,750,1,1,1190,0,0
2025-02,750,2,1,1761,1,0
2025-02,760,1,1,1227,0,0
2025-02,760,2,1,1729,0,0
2025-02,770,1,1,1195,0,0
2025-02,770,2,1,1622,1,0
2025-02,780,1,1,1185,0,0
2025-02,780,2,1,1647,1,0
2025-02,790,1,1,1202,1,0
2025-02,790,2,1,1517,1,0
2025-02,800,1,1,1250,0,0
2025-02,800,2,1,1493,1,0
2025-02,810,1,1,1342,0,0
2025-02,810,2,1,1448,0,0
2025-02,820,1,1,1258,1,0
2025-02,820,2,1,1480,0,0
2025-02,830,1,1,1266,1,0
2025-02,830,2,1,1293,1,0
2025-02,840,1,1,1146,0,0
2025-02,840,2,1,1191,0,0
2025-02,850,1,1,876,0,0
2025-02,850,2,1,912,0,0
2025-02,860,1,1,531,0,0
2025-02,860,2,1,599,0,0
2025-02,870,1,1,276,0,0
2025-02,870,2,1,350,0,0
2025-02,880,1,1,88,0,0
2025-02,880,2,1,126,0,0
2025-02,890,1,1,23,0,0
2025-02,890,2,1,34,0,0
2025-03,650,1,1,234,0,0
2025-03,650,2,1,599,1,0
2025-03,660,1,1,304,1,0
2025-03,660,2,1,682,0,0
2025-03,670,1,1,595,0,0
2025-03,670,2,1,1135,1,0
2025-03,680,1,1,664,2,0
2025-03,680,2,1,1106,1,0
2025-03,690,1,1,960,0,0
2025-03,690,2,1,1476,4,0
2025-03,700,1,1,1079,0,0
2025-03,700,2,1,1550,2,1
2025-03,710,1,1,1012,1,0
2025-03,710,2,1,1603,2,0
2025-03,720,1,1,1134,1,0
2025-03,720,2,1,1728,2,0
2025-03,730,1,1,1189,2,1
2025-03,730,2,1,1746,2,0
2025-03,740,1,1,1124,1,1
2025-03,740,2,1,1781,2,0
2025-03,750,1,1,1173,0,0
2025-03,750,2,1,1716,2,0
2025-03,760,1,1,1198,1,0
2025-03,760,2,1,1683,0,0
2025-03,770,1,1,1176,1,0
2025-03,770,2,1,1581,1,1
2025-03,780,1,1,1162,0,0
2025-03,780,2,1,1609,1,0
2025-03,790,1,1,1173,0,0
2025-03,790,2,1,1473,1,0
2025-03,800,1,1,1225,1,0
2025-03,800,2,1,1455,0,0
2025-03,810,1,1,1322,2,0
2025-03,810,2,1,1419,0,0
2025-03,820,1,1,1230,0,0
2025-03,820,2,1,1446,1,0
2025-03,830,1,1,1243,1,0
2025-03,830,2,1,1264,0,0
2025-03,840,1,1,1118,0,0
2025-03,840,2,1,1159,1,0
2025-03,850,1,1,845,0,0
2025-03,850,2,1,889,1,0
2025-03,860,1,1,519,0,0
2025-03,860,2,1,588,0,0
2025-03,870,1,1,269,0,0
2025-03,870,2,1,340,0,0
2025-03,880,1,1,86,0,0
2025-03,880,2,1,125,0,0
2025-03,890,1,1,23,0,0
2025-03,890,2,1,32,0,0
2025-04,650,1,1,228,0,0
2025-04,650,2,1,580,2,0
2025-04,660,1,1,300,0,0
2025-04,660,2,1,669,0,0
2025-04,670,1,1,585,1,0
2025-04,670,2,1,1114,0,0
2025-04,680,1,1,649,1,0
2025-04,680,2,1,1078,1,0
2025-04,690,1,1,942,1,0
2025-04,690,2,1,1426,1,0
2025-04,700,1,1,1057,0,0
2025-04,700,2,1,1515,4,0
2025-04,710,1,1,988,1,0
2025-04,710,2,1,1568,1,0
2025-04,720,1,1,1110,1,0
2025-04,720,2,1,1684,2,0
2025-04,730,1,1,1155,1,0
2025-04,730,2,1,1708,0,0
2025-04,740,1,1,1101,1,0
2025-04,740,2,1,1736,0,0
2025-04,750,1,1,1154,0,0
2025-04,750,2,1,1674,2,1
2025-04,760,1,1,1163,3,0
2025-04,760,2,1,1651,2,0
2025-04,770,1,1,1146,0,0
2025-04,770,2,1,1541,2,0
2025-04,780,1,1,1147,0,0
2025-04,780,2,1,1573,1,0
2025-04,790,1,1,1153,0,0
2025-04,790,2,1,1431,0,0
2025-04,800,1,1,1199,0,0
2025-04,800,2,1,1407,0,0
2025-04,810,1,1,1290,0,0
2025-04,810,2,1,1371,0,0
2025-04,820,1,1,1203,0,0
2025-04,820,2,1,1408,1,0
2025-04,830,1,1,1212,0,0
2025-04,830,2,1,1231,0,0
2025-04,840,1,1,1098,0,0
2025-04,840,2,1,1110,1,0
2025-04,850,1,1,827,0,0
2025-04,850,2,1,855,0,0
2025-04,860,1,1,507,0,0
2025-04,860,2,1,577,1,0
2025-04,870,1,1,263,0,0
2025-04,870,2,1,325,0,0
2025-04,880,1,1,84,0,0
2025-04,880,2,1,123,0,0
2025-04,890,1,1,23,0,0
2025-04,890,2,1,32,0,0
2025-05,650,1,1,224,0,0
2025-05,650,2,1,564,2,0
2025-05,660,1,1,294,1,0
2025-05,660,2,1,647,2,0
2025-05,670,1,1,566,0,0
2025-05,670,2,1,1092,1,0
2025-05,680,1,1,637,0,0
2025-05,680,2,1,1052,3,0
2025-05,690,1,1,921,1,0
2025-05,690,2,1,1391,2,0
2025-05,700,1,1,1035,0,0
2025-05,700,2,1,1469,5,1
2025-05,710,1,1,966,1,0
2025-05,710,2,1,1525,1,0
2025-05,720,1,1,1089,1,1
2025-05,720,2,1,1638,1,0
2025-05,730,1,1,1129,0,0
2025-05,730,2,1,1664,2,1
2025-05,740,1,1,1085,1,1
2025-05,740,2,1,1690,1,0
2025-05,750,1,1,1126,0,0
2025-05,750,2,1,1632,0,0
2025-05,760,1,1,1143,1,0
2025-05,760,2,1,1612,0,0
2025-05,770,1,1,1116,0,0
2025-05,770,2,1,1505,3,0
2025-05,780,1,1,1116,0,0
2025-05,780,2,1,1532,0,0
2025-05,790,1,1,1118,1,0
2025-05,790,2,1,1392,0,0
2025-05,800,1,1,1173,0,0
2025-05,800,2,1,1362,1,0
2025-05,810,1,1,1261,0,0
2025-05,810,2,1,1316,0,0
2025-05,820,1,1,1187,0,0
2025-05,820,2,1,1371,0,0
2025-05,830,1,1,1179,0,0
2025-05,830,2,1,1194,0,0
2025-05,840,1,1,1080,0,0
2025-05,840,2,1,1069,0,0
2025-05,850,1,1,810,0,0
2025-05,850,2,1,838,0,0
2025-05,860,1,1,495,0,0
2025-05,860,2,1,556,0,0
2025-05,870,1,1,253,0,0
2025-05,870,2,1,319,0,0
2025-05,880,1,1,80,0,0
2025-05,880,2,1,121,0,0
2025-05,890,1,1,23,0,0
2025-05,890,2,1,32,0,0
2025-06,650,1,1,220,0,0
2025-06,650,2,1,545,0,0
2025-06,660,1,1,286,0,0
2025-06,660,2,1,629,0,0
2025-06,670,1,1,560,0,0
2025-06,670,2,1,1063,1,1
2025-06,680,1,1,628,0,0
2025-06,680,2,1,1022,1,0
2025-06,690,1,1,902,0,0
2025-06,690,2,1,1368,3,0
2025-06,700,1,1,1012,2,1
2025-06,700,2,1,1428,0,0
2025-06,710,1,1,946,0,0
2025-06,710,2,1,1491,0,0
2025-06,720,1,1,1072,1,0
2025-06,720,2,1,1603,2,0
2025-06,730,1,1,1105,0,0
2025-06,730,2,1,1627,0,0
2025-06,740,1,1,1066,1,0
2025-06,740,2,1,1658,0,0
2025-06,750,1,1,1108,0,0
2025-06,750,2,1,1598,4,1
2025-06,760,1,1,1113,0,0
2025-06,760,2,1,1574,1,0
2025-06,770,1,1,1096,0,0
2025-06,770,2,1,1467,0,0
2025-06,780,1,1,1092,0,0
2025-06,780,2,1,1491,1,0
2025-06,790,1,1,1095,0,0
2025-06,790,2,1,1352,0,0
2025-06,800,1,1,1147,1,0
2025-06,800,2,1,1327,0,0
2025-06,810,1,1,1245,0,0
2025-06,810,2,1,1279,0,0
2025-06,820,1,1,1158,1,0
2025-06,820,2,1,1339,0,0
2025-06,830,1,1,1157,0,0
2025-06,830,2,1,1164,0,0
2025-06,840,1,1,1058,0,0
2025-06,840,2,1,1036,0,0
2025-06,850,1,1,795,0,0
2025-06,850,2,1,813,0,0
2025-06,860,1,1,485,0,0
2025-06,860,2,1,537,0,0
2025-06,870,1,1,248,0,0
2025-06,870,2,1,310,0,0
2025-06,880,1,1,80,0,0
2025-06,880,2,1,119,0,0
2025-06,890,1,1,23,0,0
2025-06,890,2,1,31,0,0
2025-07,650,1,1,215,0,0
2025-07,650,2,1,528,0,0
2025-07,660,1,1,278,0,0
2025-07,660,2,1,614,0,0
2025-07,670,1,1,547,0,0
2025-07,670,2,1,1036,2,0
2025-07,680,1,1,617,0,0
2025-07,680,2,1,995,2,0
2025-07,690,1,1,879,2,0
2025-07,690,2,1,1330,2,0
2025-07,700,1,1,994,1,0
2025-07,700,2,1,1392,0,0
2025-07,710,1,1,930,1,0
2025-07,710,2,1,1447,6,1
2025-07,720,1,1,1053,0,0
2025-07,720,2,1,1570,4,0
2025-07,730,1,1,1086,1,0
2025-07,730,2,1,1595,1,0
2025-07,740,1,1,1049,0,0
2025-07,740,2,1,1614,3,0
2025-07,750,1,1,1080,0,0
2025-07,750,2,1,1564,0,0
2025-07,760,1,1,1091,2,0
2025-07,760,2,1,1550,3,0
2025-07,770,1,1,1065,0,0
2025-07,770,2,1,1431,0,0
2025-07,780,1,1,1068,0,0
2025-07,780,2,1,1450,1,0
2025-07,790,1,1,1068,0,0
2025-07,790,2,1,1312,1,0
2025-07,800,1,1,1125,0,0
2025-07,800,2,1,1288,0,0
2025-07,810,1,1,1227,0,0
2025-07,810,2,1,1253,1,0
2025-07,820,1,1,1122,0,0
2025-07,820,2,1,1315,0,0
2025-07,830,1,1,1139,0,0
2025-07,830,2,1,1122,0,0
2025-07,840,1,1,1034,0,0
2025-07,840,2,1,1006,0,0
2025-07,850,1,1,776,0,0
2025-07,850,2,1,790,0,0
2025-07,860,1,1,473,0,0
2025-07,860,2,1,519,0,0
2025-07,870,1,1,244,1,0
2025-07,870,2,1,302,0,0
2025-07,880,1,1,79,0,0
2025-07,880,2,1,118,0,0
2025-07,890,1,1,22,0,0
2025-07,890,2,1,31,0,0
2025-08,650,1,1,209,0,0
2025-08,650,2,1,514,0,0
2025-08,660,1,1,270,0,0
2025-08,660,2,1,599,1,0
2025-08,670,1,1,534,2,0
2025-08,670,2,1,1005,1,0
2025-08,680,1,1,605,0,0
2025-08,680,2,1,968,1,1
2025-08,690,1,1,860,1,0
2025-08,690,2,1,1295,2,0
2025-08,700,1,1,968,1,0
2025-08,700,2,1,1361,2,0
2025-08,710,1,1,911,0,0
2025-08,710,2,1,1409,1,0
2025-08,720,1,1,1028,1,0
2025-08,720,2,1,1531,3,2
2025-08,730,1,1,1065,0,0
2025-08,730,2,1,1553,2,0
2025-08,740,1,1,1023,0,0
2025-08,740,2,1,1571,0,0
2025-08,750,1,1,1058,0,0
2025-08,750,2,1,1503,1,1
2025-08,760,1,1,1071,0,0
2025-08,760,2,1,1497,0,0
2025-08,770,1,1,1032,1,0
2025-08,770,2,1,1390,1,0
2025-08,780,1,1,1046,0,0
2025-08,780,2,1,1408,1,1
2025-08,790,1,1,1046,0,0
2025-08,790,2,1,1278,0,0
2025-08,800,1,1,1093,0,0
2025-08,800,2,1,1253,0,0
2025-08,810,1,1,1190,0,0
2025-08,810,2,1,1229,2,1
2025-08,820,1,1,1099,0,0
2025-08,820,2,1,1284,0,0
2025-08,830,1,1,1103,1,0
2025-08,830,2,1,1096,0,0
2025-08,840,1,1,1002,0,0
2025-08,840,2,1,986,0,0
2025-08,850,1,1,752,0,0
2025-08,850,2,1,770,0,0
2025-08,860,1,1,461,0,0
2025-08,860,2,1,509,0,0
2025-08,870,1,1,235,0,0
2025-08,870,2,1,296,0,0
2025-08,880,1,1,79,0,0
2025-08,880,2,1,111,0,0
2025-08,890,1,1,22,0,0
2025-08,890,2,1,30,0,0
2025-09,650,1,1,205,0,0
2025-09,650,2,1,503,3,2
2025-09,660,1,1,264,1,0
2025-09,660,2,1,583,2,0
2025-09,670,1,1,525,1,1
2025-09,670,2,1,981,0,0
2025-09,680,1,1,589,0,0
2025-09,680,2,1,943,0,0
2025-09,690,1,1,847,1,0
2025-09,690,2,1,1263,0,0
2025-09,700,1,1,950,2,0
2025-09,700,2,1,1326,2,1
2025-09,710,1,1,892,0,0
2025-09,710,2,1,1380,0,0
2025-09,720,1,1,1008,0,0
2025-09,720,2,1,1487,3,0
2025-09,730,1,1,1043,0,0
2025-09,730,2,1,1508,0,0
2025-09,740,1,1,997,2,0
2025-09,740,2,1,1513,2,1
2025-09,750,1,1,1036,0,0
2025-09,750,2,1,1469,1,1
2025-09,760,1,1,1054,1,0
2025-09,760,2,1,1460,1,0
2025-09,770,1,1,1011,0,0
2025-09,770,2,1,1355,1,0
2025-09,780,1,1,1023,0,0
2025-09,780,2,1,1375,0,0
2025-09,790,1,1,1021,0,0
2025-09,790,2,1,1250,0,0
2025-09,800,1,1,1066,0,0
2025-09,800,2,1,1216,0,0
2025-09,810,1,1,1159,0,0
2025-09,810,2,1,1190,0,0
2025-09,820,1,1,1073,0,0
2025-09,820,2,1,1251,0,0
2025-09,830,1,1,1083,0,0
2025-09,830,2,1,1062,0,0
2025-09,840,1,1,976,0,0
2025-09,840,2,1,963,0,0
2025-09,850,1,1,729,0,0
2025-09,850,2,1,741,0,0
2025-09,860,1,1,452,0,0
2025-09,860,2,1,487,1,1
2025-09,870,1,1,232,0,0
2025-09,870,2,1,285,0,0
2025-09,880,1,1,78,0,0
2025-09,880,2,1,110,0,0
2025-09,890,1,1,22,0,0
2025-09,890,2,1,27,0,0
2025-10,650,1,1,203,0,0
2025-10,650,2,1,484,0,0
2025-10,660,1,1,259,0,0
2025-10,660,2,1,566,1,0
2025-10,670,1,1,510,0,0
2025-10,670,2,1,950,1,0
2025-10,680,1,1,576,0,0
2025-10,680,2,1,915,0,0
2025-10,690,1,1,825,0,0
2025-10,690,2,1,1231,2,0
2025-10,700,1,1,924,1,0
2025-10,700,2,1,1286,4,1
2025-10,710,1,1,876,0,0
2025-10,710,2,1,1335,2,0
2025-10,720,1,1,988,1,0
2025-10,720,2,1,1438,3,0
2025-10,730,1,1,1029,0,0
2025-10,730,2,1,1468,1,1
2025-10,740,1,1,976,0,0
2025-10,740,2,1,1467,1,0
2025-10,750,1,1,1018,2,0
2025-10,750,2,1,1427,3,0
2025-10,760,1,1,1035,0,0
2025-10,760,2,1,1432,1,0
2025-10,770,1,1,979,2,1
2025-10,770,2,1,1314,2,1
2025-10,780,1,1,1001,0,0
2025-10,780,2,1,1341,0,0
2025-10,790,1,1,998,0,0
2025-10,790,2,1,1214,1,0
2025-10,800,1,1,1041,2,0
2025-10,800,2,1,1180,0,0
2025-10,810,1,1,1137,0,0
2025-10,810,2,1,1158,0,0
2025-10,820,1,1,1052,0,0
2025-10,820,2,1,1225,1,0
2025-10,830,1,1,1064,0,0
2025-10,830,2,1,1027,0,0
2025-10,840,1,1,946,0,0
2025-10,840,2,1,934,0,0
2025-10,850,1,1,710,0,0
2025-10,850,2,1,719,0,0
2025-10,860,1,1,438,0,0
2025-10,860,2,1,466,0,0
2025-10,870,1,1,228,0,0
2025-10,870,2,1,276,0,0
2025-10,880,1,1,74,0,0
2025-10,880,2,1,107,0,0
2025-10,890,1,1,22,0,0
2025-10,890,2,1,27,0,0
2025-11,650,1,1,200,0,0
2025-11,650,2,1,467,0,0
2025-11,660,1,1,255,1,1
2025-11,660,2,1,546,2,1
2025-11,670,1,1,496,0,0
2025-11,670,2,1,925,0,0
2025-11,680,1,1,568,0,0
2025-11,680,2,1,896,1,0
2025-11,690,1,1,806,0,0
2025-11,690,2,1,1199,1,0
2025-11,700,1,1,910,0,0
2025-11,700,2,1,1248,0,0
2025-11,710,1,1,861,1,0
2025-11,710,2,1,1303,0,0
2025-11,720,1,1,966,1,0
2025-11,720,2,1,1400,0,0
2025-11,730,1,1,1010,0,0
2025-11,730,2,1,1418,1,0
2025-11,740,1,1,963,0,0
2025-11,740,2,1,1417,0,0
2025-11,750,1,1,993,0,0
2025-11,750,2,1,1379,0,0
2025-11,760,1,1,1011,0,0
2025-11,760,2,1,1406,1,0
2025-11,770,1,1,964,1,0
2025-11,770,2,1,1286,3,0
2025-11,780,1,1,968,0,0
2025-11,780,2,1,1316,0,0
2025-11,790,1,1,979,0,0
2025-11,790,2,1,1172,0,0
2025-11,800,1,1,1013,0,0
2025-11,800,2,1,1148,0,0
2025-11,810,1,1,1105,0,0
2025-11,810,2,1,1117,0,0
2025-11,820,1,1,1028,0,0
2025-11,820,2,1,1191,0,0
2025-11,830,1,1,1035,0,0
2025-11,830,2,1,997,0,0
2025-11,840,1,1,929,0,0
2025-11,840,2,1,902,1,0
2025-11,850,1,1,685,0,0
2025-11,850,2,1,693,0,0
2025-11,860,1,1,423,0,0
2025-11,860,2,1,450,0,0
2025-11,870,1,1,221,0,0
2025-11,870,2,1,268,0,0
2025-11,880,1,1,74,0,0
2025-11,880,2,1,104,0,0
2025-11,890,1,1,22,0,0
2025-11,890,2,1,26,0,0
2025-12,650,1,1,197,0,0
2025-12,650,2,1,460,0,0
2025-12,660,1,1,248,1,0
2025-12,660,2,1,521,0,0
2025-12,670,1,1,482,0,0
2025-12,670,2,1,907,1,0
2025-12,680,1,1,560,1,0
2025-12,680,2,1,871,1,1
2025-12,690,1,1,797,0,0
2025-12,690,2,1,1163,2,0
2025-12,700,1,1,893,1,0
2025-12,700,2,1,1219,3,0
2025-12,710,1,1,841,1,0
2025-12,710,2,1,1266,0,0
2025-12,720,1,1,951,0,0
2025-12,720,2,1,1367,0,0
2025-12,730,1,1,994,1,0
2025-12,730,2,1,1381,0,0
2025-12,740,1,1,937,0,0
2025-12,740,2,1,1385,1,0
2025-12,750,1,1,976,1,0
2025-12,750,2,1,1354,0,0
2025-12,760,1,1,994,0,0
2025-12,760,2,1,1371,0,0
2025-12,770,1,1,950,0,0
2025-12,770,2,1,1260,0,0
2025-12,780,1,1,948,0,0
2025-12,780,2,1,1293,2,0
2025-12,790,1,1,954,0,0
2025-12,790,2,1,1140,0,0
2025-12,800,1,1,990,0,0
2025-12,800,2,1,1116,1,0
2025-12,810,1,1,1084,0,0
2025-12,810,2,1,1085,0,0
2025-12,820,1,1,1013,0,0
2025-12,820,2,1,1164,0,0
2025-12,830,1,1,1017,0,0
2025-12,830,2,1,971,1,0
2025-12,840,1,1,911,0,0
2025-12,840,2,1,878,0,0
2025-12,850,1,1,670,0,0
2025-12,850,2,1,680,0,0
2025-12,860,1,1,417,0,0
2025-12,860,2,1,440,0,0
2025-12,870,1,1,214,0,0
2025-12,870,2,1,259,0,0
2025-12,880,1,1,72,0,0
2025-12,880,2,1,102,0,0
2025-12,890,1,1,22,0,0
2025-12,890,2,1,26,0,0
2026-01,650,1,1,195,0,0
2026-01,650,2,1,451,0,0
2026-01,660,1,1,243,0,0
2026-01,660,2,1,510,1,0
2026-01,670,1,1,470,2,0
2026-01,670,2,1,882,0,0
2026-01,680,1,1,549,1,1
2026-01,680,2,1,846,1,0
2026-01,690,1,1,780,1,0
2026-01,690,2,1,1140,0,0
2026-01,700,1,1,875,2,1
2026-01,700,2,1,1178,0,0
2026-01,710,1,1,818,1,0
2026-01,710,2,1,1225,2,0
2026-01,720,1,1,931,2,0
2026-01,720,2,1,1331,0,0
2026-01,730,1,1,973,1,1
2026-01,730,2,1,1337,1,0
2026-01,740,1,1,918,0,0
2026-01,740,2,1,1345,1,0
2026-01,750,1,1,958,0,0
2026-01,750,2,1,1308,0,0
2026-01,760,1,1,970,0,0
2026-01,760,2,1,1341,1,0
2026-01,770,1,1,926,1,1
2026-01,770,2,1,1228,3,2
2026-01,780,1,1,930,0,0
2026-01,780,2,1,1269,0,0
2026-01,790,1,1,928,1,0
2026-01,790,2,1,1105,1,0
2026-01,800,1,1,960,0,0
2026-01,800,2,1,1091,0,0
2026-01,810,1,1,1054,0,0
2026-01,810,2,1,1050,3,0
2026-01,820,1,1,990,0,0
2026-01,820,2,1,1135,0,0
2026-01,830,1,1,991,0,0
2026-01,830,2,1,944,0,0
2026-01,840,1,1,887,0,0
2026-01,840,2,1,845,0,0
2026-01,850,1,1,645,0,0
2026-01,850,2,1,661,0,0
2026-01,860,1,1,406,0,0
2026-01,860,2,1,427,0,0
2026-01,870,1,1,210,0,0
2026-01,870,2,1,256,0,0
2026-01,880,1,1,70,0,0
2026-01,880,2,1,100,0,0
2026-01,890,1,1,22,0,0
2026-01,890,2,1,25,0,0
2026-02,650,1,1,194,0,0
2026-02,650,2,1,435,0,0
2026-02,660,1,1,236,0,0
2026-02,660,2,1,491,1,1
2026-02,670,1,1,448,1,0
2026-02,670,2,1,850,2,1
2026-02,680,1,1,538,2,1
2026-02,680,2,1,820,1,0
2026-02,690,1,1,767,0,0
2026-02,690,2,1,1112,3,0
2026-02,700,1,1,858,0,0
2026-02,700,2,1,1147,0,0
2026-02,710,1,1,796,1,0
2026-02,710,2,1,1180,1,0
2026-02,720,1,1,911,0,0
2026-02,720,2,1,1295,3,1
2026-02,730,1,1,949,0,0
2026-02,730,2,1,1299,0,0
2026-02,740,1,1,901,0,0
2026-02,740,2,1,1306,2,0
2026-02,750,1,1,933,0,0
2026-02,750,2,1,1264,1,0
2026-02,760,1,1,954,0,0
2026-02,760,2,1,1293,1,0
2026-02,770,1,1,903,0,0
2026-02,770,2,1,1188,3,2
2026-02,780,1,1,905,1,0
2026-02,780,2,1,1230,1,0
2026-02,790,1,1,911,1,1
2026-02,790,2,1,1065,1,0
2026-02,800,1,1,939,0,0
2026-02,800,2,1,1050,3,0
2026-02,810,1,1,1028,0,0
2026-02,810,2,1,1024,0,0
2026-02,820,1,1,960,0,0
2026-02,820,2,1,1098,0,0
2026-02,830,1,1,957,0,0
2026-02,830,2,1,905,0,0
2026-02,840,1,1,854,0,0
2026-02,840,2,1,827,0,0
2026-02,850,1,1,631,0,0
2026-02,850,2,1,644,0,0
2026-02,860,1,1,395,0,0
2026-02,860,2,1,410,0,0
2026-02,870,1,1,204,0,0
2026-02,870,2,1,249,0,0
2026-02,880,1,1,68,0,0
2026-02,880,2,1,98,0,0
2026-02,890,1,1,22,0,0
2026-02,890,2,1,25,0,0
2026-03,650,1,1,187,2,0
2026-03,650,2,1,416,3,0
2026-03,660,1,1,229,0,0
2026-03,660,2,1,455,0,0
2026-03,670,1,1,442,2,1
2026-03,670,2,1,825,1,0
2026-03,680,1,1,524,0,0
2026-03,680,2,1,786,0,0
2026-03,690,1,1,749,1,0
2026-03,690,2,1,1078,1,0
2026-03,700,1,1,838,0,0
2026-03,700,2,1,1105,1,0
2026-03,710,1,1,770,0,0
2026-03,710,2,1,1138,2,0
2026-03,720,1,1,883,1,0
2026-03,720,2,1,1253,0,0
2026-03,730,1,1,922,0,0
2026-03,730,2,1,1249,0,0
2026-03,740,1,1,885,1,0
2026-03,740,2,1,1263,0,0
2026-03,750,1,1,910,0,0
2026-03,750,2,1,1222,1,0
2026-03,760,1,1,928,0,0
2026-03,760,2,1,1257,1,0
2026-03,770,1,1,880,1,0
2026-03,770,2,1,1150,3,1
2026-03,780,1,1,876,0,0
2026-03,780,2,1,1194,2,0
2026-03,790,1,1,881,2,1
2026-03,790,2,1,1021,0,0
2026-03,800,1,1,916,1,0
2026-03,800,2,1,1011,0,0
2026-03,810,1,1,1007,1,0
2026-03,810,2,1,985,0,0
2026-03,820,1,1,929,1,0
2026-03,820,2,1,1067,1,0
2026-03,830,1,1,934,0,0
2026-03,830,2,1,877,0,0
2026-03,840,1,1,836,0,0
2026-03,840,2,1,796,0,0
2026-03,850,1,1,609,0,0
2026-03,850,2,1,623,0,0
2026-03,860,1,1,374,0,0
2026-03,860,2,1,388,0,0
2026-03,870,1,1,197,0,0
2026-03,870,2,1,239,0,0
2026-03,880,1,1,63,0,0
2026-03,880,2,1,96,0,0
2026-03,890,1,1,19,0,0
2026-03,890,2,1,25,0,0
2026-04,650,1,1,177,0,0
2026-04,650,2,1,393,0,0
2026-04,660,1,1,228,1,0
2026-04,660,2,1,431,0,0
2026-04,670,1,1,432,0,0
2026-04,670,2,1,796,2,0
2026-04,680,1,1,514,0,0
2026-04,680,2,1,743,0,0
2026-04,690,1,1,732,1,0
2026-04,690,2,1,1031,2,0
2026-04,700,1,1,811,0,0
2026-04,700,2,1,1065,1,0
2026-04,710,1,1,743,0,0
2026-04,710,2,1,1089,1,0
2026-04,720,1,1,868,0,0
2026-04,720,2,1,1215,0,0
2026-04,730,1,1,893,0,0
2026-04,730,2,1,1201,1,1
2026-04,740,1,1,859,0,0
2026-04,740,2,1,1213,1,1
2026-04,750,1,1,891,1,0
2026-04,750,2,1,1155,0,0
2026-04,760,1,1,895,0,0
2026-04,760,2,1,1219,0,0
2026-04,770,1,1,852,1,0
2026-04,770,2,1,1094,0,0
2026-04,780,1,1,856,0,0
2026-04,780,2,1,1129,1,0
2026-04,790,1,1,845,1,0
2026-04,790,2,1,975,1,0
2026-04,800,1,1,880,0,0
2026-04,800,2,1,956,1,0
2026-04,810,1,1,970,1,0
2026-04,810,2,1,938,0,0
2026-04,820,1,1,892,0,0
2026-04,820,2,1,1010,0,0
2026-04,830,1,1,901,0,0
2026-04,830,2,1,833,0,0
2026-04,840,1,1,793,0,0
2026-04,840,2,1,755,0,0
2026-04,850,1,1,583,0,0
2026-04,850,2,1,582,0,0
2026-04,860,1,1,355,0,0
2026-04,860,2,1,369,0,0
2026-04,870,1,1,189,1,0
2026-04,870,2,1,226,0,0
2026-04,880,1,1,62,0,0
2026-04,880,2,1,90,1,0
2026-04,890,1,1,17,0,0
2026-04,890,2,1,25,0,0
2026-05,650,1,1,175,0,0
2026-05,650,2,1,378,1,0
2026-05,660,1,1,223,0,0
2026-05,660,2,1,413,1,0
2026-05,670,1,1,416,1,0
2026-05,670,2,1,761,0,0
2026-05,680,1,1,500,0,0
2026-05,680,2,1,706,0,0
2026-05,690,1,1,712,1,0
2026-05,690,2,1,977,1,0
2026-05,700,1,1,795,0,0
2026-05,700,2,1,1028,0,0
2026-05,710,1,1,727,2,0
2026-05,710,2,1,1034,2,0
2026-05,720,1,1,846,2,0
2026-05,720,2,1,1177,0,0
2026-05,730,1,1,873,1,0
2026-05,730,2,1,1164,1,0
2026-05,740,1,1,843,1,1
2026-05,740,2,1,1170,0,0
2026-05,750,1,1,865,1,0
2026-05,750,2,1,1112,2,0
2026-05,760,1,1,875,0,0
2026-05,760,2,1,1175,1,0
2026-05,770,1,1,828,0,0
2026-05,770,2,1,1049,0,0
2026-05,780,1,1,832,0,0
2026-05,780,2,1,1079,0,0
2026-05,790,1,1,814,0,0
2026-05,790,2,1,945,0,0
2026-05,800,1,1,847,0,0
2026-05,800,2,1,915,0,0
2026-05,810,1,1,932,0,0
2026-05,810,2,1,894,0,0
2026-05,820,1,1,859,0,0
2026-05,820,2,1,969,1,0
2026-05,830,1,1,874,0,0
2026-05,830,2,1,798,0,0
2026-05,840,1,1,768,0,0
2026-05,840,2,1,726,0,0
2026-05,850,1,1,564,1,0
2026-05,850,2,1,562,0,0
2026-05,860,1,1,343,0,0
2026-05,860,2,1,351,0,0
2026-05,870,1,1,181,0,0
2026-05,870,2,1,216,0,0
2026-05,880,1,1,60,0,0
2026-05,880,2,1,85,0,0
2026-05,890,1,1,17,0,0
2026-05,890,2,1,24,0,0
2026-06,650,1,1,171,0,0
2026-06,650,2,1,367,0,0
2026-06,660,1,1,217,0,0
2026-06,660,2,1,397,1,0
2026-06,670,1,1,402,0,0
2026-06,670,2,1,735,2,0
2026-06,680,1,1,487,1,1
2026-06,680,2,1,681,1,0
2026-06,690,1,1,696,0,0
2026-06,690,2,1,944,2,0
2026-06,700,1,1,781,0,0
2026-06,700,2,1,996,3,0
2026-06,710,1,1,711,0,0
2026-06,710,2,1,995,1,0
2026-06,720,1,1,830,0,0
2026-06,720,2,1,1130,0,0
2026-06,730,1,1,850,0,0
2026-06,730,2,1,1119,0,0
2026-06,740,1,1,829,0,0
2026-06,740,2,1,1133,1,0
2026-06,750,1,1,845,1,0
2026-06,750,2,1,1073,1,0
2026-06,760,1,1,855,1,0
2026-06,760,2,1,1135,1,0
2026-06,770,1,1,801,0,0
2026-06,770,2,1,1007,1,1
2026-06,780,1,1,814,0,0
2026-06,780,2,1,1035,1,0
2026-06,790,1,1,798,1,0
2026-06,790,2,1,915,1,0
2026-06,800,1,1,821,0,0
2026-06,800,2,1,878,0,0
2026-06,810,1,1,903,0,0
2026-06,810,2,1,859,0,0
2026-06,820,1,1,828,0,0
2026-06,820,2,1,928,0,0
2026-06,830,1,1,838,0,0
2026-06,830,2,1,763,0,0
2026-06,840,1,1,740,0,0
2026-06,840,2,1,700,0,0
2026-06,850,1,1,548,0,0
2026-06,850,2,1,540,0,0
2026-06,860,1,1,335,0,0
2026-06,860,2,1,341,0,0
2026-06,870,1,1,172,0,0
2026-06,870,2,1,211,0,0
2026-06,880,1,1,59,0,0
2026-06,880,2,1,82,0,0
2026-06,890,1,1,17,0,0
2026-06,890,2,1,24,0,0
2026-07,650,1,1,170,0,0
2026-07,650,2,1,347,1,1
2026-07,660,1,1,205,1,1
2026-07,660,2,1,383,0,0
2026-07,670,1,1,388,2,1
2026-07,670,2,1,703,0,0
2026-07,680,1,1,475,0,0
2026-07,680,2,1,643,0,0
2026-07,690,1,1,677,0,0
2026-07,690,2,1,910,4,0
2026-07,700,1,1,758,1,0
2026-07,700,2,1,956,1,1
2026-07,710,1,1,695,0,0
2026-07,710,2,1,956,0,0
2026-07,720,1,1,806,0,0
2026-07,720,2,1,1065,1,0
2026-07,730,1,1,838,0,0
2026-07,730,2,1,1069,2,0
2026-07,740,1,1,812,0,0
2026-07,740,2,1,1088,0,0
2026-07,750,1,1,818,1,1
2026-07,750,2,1,1023,2,0
2026-07,760,1,1,831,1,1
2026-07,760,2,1,1085,0,0
2026-07,770,1,1,776,1,1
2026-07,770,2,1,955,0,0
2026-07,780,1,1,787,1,0
2026-07,780,2,1,999,0,0
2026-07,790,1,1,771,0,0
2026-07,790,2,1,882,1,0
2026-07,800,1,1,789,1,0
2026-07,800,2,1,834,2,0
2026-07,810,1,1,874,0,0
2026-07,810,2,1,825,0,0
2026-07,820,1,1,805,0,0
2026-07,820,2,1,883,0,0
2026-07,830,1,1,805,0,0
2026-07,830,2,1,730,0,0
2026-07,840,1,1,717,0,0
2026-07,840,2,1,669,0,0
2026-07,850,1,1,526,0,0
2026-07,850,2,1,513,0,0
2026-07,860,1,1,327,0,0
2026-07,860,2,1,322,0,0
2026-07,870,1,1,169,0,0
2026-07,870,2,1,206,0,0
2026-07,880,1,1,57,0,0
2026-07,880,2,1,80,0,0
2026-07,890,1,1,16,0,0
2026-07,890,2,1,24,0,0
2026-08,650,1,1,165,0,0
2026-08,650,2,1,326,0,0
2026-08,660,1,1,200,0,0
2026-08,660,2,1,370,0,0
2026-08,670,1,1,378,0,0
2026-08,670,2,1,668,0,0
2026-08,680,1,1,462,0,0
2026-08,680,2,1,625,0,0
2026-08,690,1,1,658,1,0
2026-08,690,2,1,863,3,0
2026-08,700,1,1,729,1,0
2026-08,700,2,1,917,2,0
2026-08,710,1,1,681,0,0
2026-08,710,2,1,920,2,0
2026-08,720,1,1,781,1,0
2026-08,720,2,1,1020,0,0
2026-08,730,1,1,802,0,0
2026-08,730,2,1,1023,1,0
2026-08,740,1,1,793,2,0
2026-08,740,2,1,1036,2,0
2026-08,750,1,1,791,0,0
2026-08,750,2,1,993,1,0
2026-08,760,1,1,804,0,0
2026-08,760,2,1,1042,0,0
2026-08,770,1,1,753,0,0
2026-08,770,2,1,911,0,0
2026-08,780,1,1,765,0,0
2026-08,780,2,1,964,0,0
2026-08,790,1,1,739,0,0
2026-08,790,2,1,843,0,0
2026-08,800,1,1,767,0,0
2026-08,800,2,1,798,0,0
2026-08,810,1,1,836,0,0
2026-08,810,2,1,797,0,0
2026-08,820,1,1,787,0,0
2026-08,820,2,1,848,0,0
2026-08,830,1,1,779,0,0
2026-08,830,2,1,700,0,0
2026-08,840,1,1,699,1,0
2026-08,840,2,1,644,0,0
2026-08,850,1,1,509,0,0
2026-08,850,2,1,488,0,0
2026-08,860,1,1,316,0,0
2026-08,860,2,1,305,0,0
2026-08,870,1,1,165,0,0
2026-08,870,2,1,197,0,0
2026-08,880,1,1,56,0,0
2026-08,880,2,1,74,0,0
2026-08,890,1,1,13,0,0
2026-08,890,2,1,22,0,0
