month,fico_low,new_used,seasoned,at_risk,repos,reversed
2017-03,410,1,0,2,0,0
2017-03,420,2,0,1,0,0
2017-03,430,1,0,4,0,0
2017-03,430,2,0,1,0,0
2017-03,440,1,0,3,0,0
2017-03,450,1,0,2,0,0
2017-03,450,2,0,2,0,0
2017-03,460,1,0,4,0,0
2017-03,460,2,0,4,0,0
2017-03,470,1,0,14,0,0
2017-03,470,2,0,3,0,0
2017-03,480,1,0,19,0,0
2017-03,480,2,0,3,0,0
2017-03,490,1,0,27,0,0
2017-03,490,2,0,7,0,0
2017-03,500,1,0,44,0,0
2017-03,500,2,0,20,0,0
2017-03,510,1,0,51,0,0
2017-03,510,2,0,17,0,0
2017-03,520,1,0,100,0,0
2017-03,520,2,0,28,0,0
2017-03,530,1,0,96,0,0
2017-03,530,2,0,34,0,0
2017-03,540,1,0,151,0,0
2017-03,540,2,0,56,0,0
2017-03,550,1,0,181,0,0
2017-03,550,2,0,37,0,0
2017-03,560,1,0,262,0,0
2017-03,560,2,0,78,0,0
2017-03,570,1,0,322,0,0
2017-03,570,2,0,105,0,0
2017-03,580,1,0,608,0,0
2017-03,580,2,0,166,0,0
2017-03,590,1,0,776,0,0
2017-03,590,2,0,254,0,0
2017-03,600,1,0,784,1,0
2017-03,600,2,0,297,0,0
2017-03,610,1,0,761,1,0
2017-03,610,2,0,355,0,0
2017-03,620,1,0,1145,0,0
2017-03,620,2,0,480,0,0
2017-03,630,1,0,1121,0,0
2017-03,630,2,0,387,0,0
2017-03,640,1,0,1301,0,0
2017-03,640,2,0,441,0,0
2017-03,650,1,0,1548,0,0
2017-03,650,2,0,420,1,0
2017-03,660,1,0,1788,3,0
2017-03,660,2,0,375,0,0
2017-03,670,1,0,1912,1,0
2017-03,670,2,0,371,0,0
2017-03,680,1,0,1930,0,0
2017-03,680,2,0,342,0,0
2017-03,690,1,0,2081,0,0
2017-03,690,2,0,354,0,0
2017-03,700,1,0,2426,0,0
2017-03,700,2,0,401,1,0
2017-03,710,1,0,2335,0,0
2017-03,710,2,0,321,0,0
2017-03,720,1,0,2687,1,0
2017-03,720,2,0,340,0,0
2017-03,730,1,0,2445,1,0
2017-03,730,2,0,310,0,0
2017-03,740,1,0,2282,0,0
2017-03,740,2,0,265,0,0
2017-03,750,1,0,2318,0,0
2017-03,750,2,0,229,0,0
2017-03,760,1,0,1981,0,0
2017-03,760,2,0,203,0,0
2017-03,770,1,0,2286,0,0
2017-03,770,2,0,226,0,0
2017-03,780,1,0,2309,0,0
2017-03,780,2,0,202,0,0
2017-03,790,1,0,2237,0,0
2017-03,790,2,0,198,0,0
2017-03,800,1,0,2535,0,0
2017-03,800,2,0,210,0,0
2017-03,810,1,0,2237,0,0
2017-03,810,2,0,189,0,0
2017-03,820,1,0,2469,0,0
2017-03,820,2,0,199,0,0
2017-03,830,1,0,2094,0,0
2017-03,830,2,0,157,0,0
2017-03,840,1,0,1783,0,0
2017-03,840,2,0,123,0,0
2017-03,850,1,0,1679,0,0
2017-03,850,2,0,148,0,0
2017-03,860,1,0,1225,0,0
2017-03,860,2,0,65,0,0
2017-03,870,1,0,697,0,0
2017-03,870,2,0,37,0,0
2017-03,880,1,0,153,0,0
2017-03,880,2,0,3,0,0
2017-03,890,1,0,6,0,0
2017-03,890,2,0,2,0,0
2017-04,410,1,0,2,0,0
2017-04,420,2,0,1,0,0
2017-04,430,1,0,4,0,0
2017-04,430,2,0,1,0,0
2017-04,440,1,0,3,0,0
2017-04,450,1,0,2,0,0
2017-04,450,2,0,2,0,0
2017-04,460,1,0,4,0,0
2017-04,460,2,0,4,0,0
2017-04,470,1,0,14,0,0
2017-04,470,2,0,3,0,0
2017-04,480,1,0,19,0,0
2017-04,480,2,0,3,0,0
2017-04,490,1,0,26,0,0
2017-04,490,2,0,7,0,0
2017-04,500,1,0,42,0,0
2017-04,500,2,0,20,0,0
2017-04,510,1,0,51,0,0
2017-04,510,2,0,17,0,0
2017-04,520,1,0,100,0,0
2017-04,520,2,0,27,0,0
2017-04,530,1,0,96,0,0
2017-04,530,2,0,34,0,0
2017-04,540,1,0,149,0,0
2017-04,540,2,0,56,0,0
2017-04,550,1,0,179,0,0
2017-04,550,2,0,37,0,0
2017-04,560,1,0,258,3,0
2017-04,560,2,0,77,0,0
2017-04,570,1,0,322,0,0
2017-04,570,2,0,104,0,0
2017-04,580,1,0,604,0,0
2017-04,580,2,0,166,0,0
2017-04,590,1,0,773,3,0
2017-04,590,2,0,254,0,0
2017-04,600,1,0,779,1,0
2017-04,600,2,0,297,0,0
2017-04,610,1,0,754,0,0
2017-04,610,2,0,350,0,0
2017-04,620,1,0,1134,2,0
2017-04,620,2,0,475,2,0
2017-04,630,1,0,1109,0,0
2017-04,630,2,0,387,0,0
2017-04,640,1,0,1288,1,0
2017-04,640,2,0,436,0,0
2017-04,650,1,0,1525,0,0
2017-04,650,2,0,414,0,0
2017-04,660,1,0,1777,5,0
2017-04,660,2,0,372,0,0
2017-04,670,1,0,1902,0,0
2017-04,670,2,0,370,0,0
2017-04,680,1,0,1918,0,0
2017-04,680,2,0,338,1,0
2017-04,690,1,0,2059,1,0
2017-04,690,2,0,350,0,0
2017-04,700,1,0,2410,0,0
2017-04,700,2,0,395,1,0
2017-04,710,1,0,2311,3,0
2017-04,710,2,0,317,0,0
2017-04,720,1,0,2660,1,0
2017-04,720,2,0,338,0,0
2017-04,730,1,0,2418,1,0
2017-04,730,2,0,306,0,0
2017-04,740,1,0,2260,0,0
2017-04,740,2,0,261,1,0
2017-04,750,1,0,2294,0,0
2017-04,750,2,0,222,0,0
2017-04,760,1,0,1962,0,0
2017-04,760,2,0,201,0,0
2017-04,770,1,0,2257,1,0
2017-04,770,2,0,223,0,0
2017-04,780,1,0,2287,0,0
2017-04,780,2,0,201,0,0
2017-04,790,1,0,2212,0,0
2017-04,790,2,0,197,0,0
2017-04,800,1,0,2503,0,0
2017-04,800,2,0,205,0,0
2017-04,810,1,0,2205,0,0
2017-04,810,2,0,185,0,0
2017-04,820,1,0,2438,0,0
2017-04,820,2,0,197,0,0
2017-04,830,1,0,2069,0,0
2017-04,830,2,0,155,0,0
2017-04,840,1,0,1765,0,0
2017-04,840,2,0,122,0,0
2017-04,850,1,0,1654,0,0
2017-04,850,2,0,145,0,0
2017-04,860,1,0,1207,0,0
2017-04,860,2,0,65,0,0
2017-04,870,1,0,688,0,0
2017-04,870,2,0,36,0,0
2017-04,880,1,0,151,0,0
2017-04,880,2,0,3,0,0
2017-04,890,1,0,6,0,0
2017-04,890,2,0,2,0,0
2017-05,410,1,0,2,0,0
2017-05,420,2,0,1,0,0
2017-05,430,1,0,3,0,0
2017-05,430,2,0,1,0,0
2017-05,440,1,0,3,0,0
2017-05,450,1,0,2,0,0
2017-05,450,2,0,2,0,0
2017-05,460,1,0,4,0,0
2017-05,460,2,0,4,0,0
2017-05,470,1,0,14,0,0
2017-05,470,2,0,3,0,0
2017-05,480,1,0,19,0,0
2017-05,480,2,0,3,0,0
2017-05,490,1,0,26,0,0
2017-05,490,2,0,7,0,0
2017-05,500,1,0,41,0,0
2017-05,500,2,0,19,0,0
2017-05,510,1,0,51,0,0
2017-05,510,2,0,17,0,0
2017-05,520,1,0,100,0,0
2017-05,520,2,0,27,0,0
2017-05,530,1,0,96,1,0
2017-05,530,2,0,34,0,0
2017-05,540,1,0,148,0,0
2017-05,540,2,0,55,0,0
2017-05,550,1,0,176,0,0
2017-05,550,2,0,36,0,0
2017-05,560,1,0,255,0,0
2017-05,560,2,0,77,2,0
2017-05,570,1,0,320,1,0
2017-05,570,2,0,102,0,0
2017-05,580,1,0,600,5,0
2017-05,580,2,0,165,2,0
2017-05,590,1,0,765,2,0
2017-05,590,2,0,252,1,0
2017-05,600,1,0,775,3,0
2017-05,600,2,0,292,1,0
2017-05,610,1,0,749,1,0
2017-05,610,2,0,345,1,0
2017-05,620,1,0,1120,3,0
2017-05,620,2,0,465,0,0
2017-05,630,1,0,1093,5,0
2017-05,630,2,0,385,0,0
2017-05,640,1,0,1275,1,0
2017-05,640,2,0,432,2,0
2017-05,650,1,0,1511,4,0
2017-05,650,2,0,410,0,0
2017-05,660,1,0,1754,3,0
2017-05,660,2,0,363,1,0
2017-05,670,1,0,1883,1,0
2017-05,670,2,0,365,1,0
2017-05,680,1,0,1898,2,0
2017-05,680,2,0,331,0,0
2017-05,690,1,0,2031,0,0
2017-05,690,2,0,345,0,0
2017-05,700,1,0,2394,4,0
2017-05,700,2,0,389,0,0
2017-05,710,1,0,2283,2,0
2017-05,710,2,0,314,0,0
2017-05,720,1,0,2617,0,0
2017-05,720,2,0,332,0,0
2017-05,730,1,0,2386,4,0
2017-05,730,2,0,301,0,0
2017-05,740,1,0,2228,1,0
2017-05,740,2,0,257,1,0
2017-05,750,1,0,2259,1,0
2017-05,750,2,0,217,0,0
2017-05,760,1,0,1933,0,0
2017-05,760,2,0,197,0,0
2017-05,770,1,0,2225,2,0
2017-05,770,2,0,217,0,0
2017-05,780,1,0,2257,0,0
2017-05,780,2,0,197,1,0
2017-05,790,1,0,2186,0,0
2017-05,790,2,0,196,0,0
2017-05,800,1,0,2472,1,0
2017-05,800,2,0,200,0,0
2017-05,810,1,0,2174,0,0
2017-05,810,2,0,180,0,0
2017-05,820,1,0,2404,0,0
2017-05,820,2,0,194,0,0
2017-05,830,1,0,2041,0,0
2017-05,830,2,0,155,0,0
2017-05,840,1,0,1740,0,0
2017-05,840,2,0,122,0,0
2017-05,850,1,0,1634,0,0
2017-05,850,2,0,145,0,0
2017-05,860,1,0,1195,0,0
2017-05,860,2,0,64,0,0
2017-05,870,1,0,675,0,0
2017-05,870,2,0,36,0,0
2017-05,880,1,0,148,0,0
2017-05,880,2,0,3,0,0
2017-05,890,1,0,6,0,0
2017-05,890,2,0,2,0,0
2017-06,410,1,0,2,0,0
2017-06,420,2,0,1,0,0
2017-06,430,1,0,3,0,0
2017-06,430,2,0,1,0,0
2017-06,440,1,0,3,0,0
2017-06,450,1,0,2,0,0
2017-06,450,2,0,2,0,0
2017-06,460,1,0,4,0,0
2017-06,460,2,0,4,0,0
2017-06,470,1,0,14,0,0
2017-06,470,2,0,3,0,0
2017-06,480,1,0,19,0,0
2017-06,480,2,0,3,0,0
2017-06,490,1,0,26,1,0
2017-06,490,2,0,7,0,0
2017-06,500,1,0,41,0,0
2017-06,500,2,0,19,1,0
2017-06,510,1,0,51,1,0
2017-06,510,2,0,17,0,0
2017-06,520,1,0,99,1,0
2017-06,520,2,0,26,0,0
2017-06,530,1,0,95,3,0
2017-06,530,2,0,34,1,0
2017-06,540,1,0,147,1,0
2017-06,540,2,0,54,0,0
2017-06,550,1,0,172,0,0
2017-06,550,2,0,36,0,0
2017-06,560,1,0,255,4,0
2017-06,560,2,0,73,1,0
2017-06,570,1,0,317,3,0
2017-06,570,2,0,102,1,0
2017-06,580,1,0,589,3,0
2017-06,580,2,0,160,1,0
2017-06,590,1,0,757,5,0
2017-06,590,2,0,248,1,0
2017-06,600,1,0,766,3,0
2017-06,600,2,0,288,0,0
2017-06,610,1,0,739,2,0
2017-06,610,2,0,340,0,0
2017-06,620,1,0,1107,4,0
2017-06,620,2,0,454,0,0
2017-06,630,1,0,1076,6,0
2017-06,630,2,0,380,0,0
2017-06,640,1,0,1255,2,0
2017-06,640,2,0,424,3,0
2017-06,650,1,0,1486,5,0
2017-06,650,2,0,406,1,0
2017-06,660,1,0,1723,3,0
2017-06,660,2,0,357,0,0
2017-06,670,1,0,1859,3,0
2017-06,670,2,0,361,0,0
2017-06,680,1,0,1856,1,0
2017-06,680,2,0,321,1,0
2017-06,690,1,0,2003,2,0
2017-06,690,2,0,340,2,0
2017-06,700,1,0,2351,1,0
2017-06,700,2,0,382,0,0
2017-06,710,1,0,2241,0,0
2017-06,710,2,0,311,0,0
2017-06,720,1,0,2567,1,0
2017-06,720,2,0,325,0,0
2017-06,730,1,0,2362,1,0
2017-06,730,2,0,297,0,0
2017-06,740,1,0,2202,1,0
2017-06,740,2,0,252,1,0
2017-06,750,1,0,2221,1,0
2017-06,750,2,0,215,0,0
2017-06,760,1,0,1908,0,0
2017-06,760,2,0,193,0,0
2017-06,770,1,0,2184,0,0
2017-06,770,2,0,211,0,0
2017-06,780,1,0,2214,0,0
2017-06,780,2,0,191,0,0
2017-06,790,1,0,2147,1,0
2017-06,790,2,0,194,0,0
2017-06,800,1,0,2423,0,0
2017-06,800,2,0,196,0,0
2017-06,810,1,0,2143,1,0
2017-06,810,2,0,179,0,0
2017-06,820,1,0,2357,0,0
2017-06,820,2,0,191,0,0
2017-06,830,1,0,2000,0,0
2017-06,830,2,0,153,0,0
2017-06,840,1,0,1716,0,0
2017-06,840,2,0,120,0,0
2017-06,850,1,0,1601,0,0
2017-06,850,2,0,141,0,0
2017-06,860,1,0,1177,0,0
2017-06,860,2,0,63,0,0
2017-06,870,1,0,667,0,0
2017-06,870,2,0,34,0,0
2017-06,880,1,0,147,0,0
2017-06,880,2,0,3,0,0
2017-06,890,1,0,6,0,0
2017-06,890,2,0,2,0,0
2017-07,410,1,0,1,0,0
2017-07,420,2,0,1,0,0
2017-07,430,1,0,3,0,0
2017-07,430,2,0,1,0,0
2017-07,440,1,0,3,0,0
2017-07,450,1,0,2,0,0
2017-07,450,2,0,2,0,0
2017-07,460,1,0,4,0,0
2017-07,460,2,0,4,0,0
2017-07,470,1,0,14,0,0
2017-07,470,2,0,3,0,0
2017-07,480,1,0,19,0,0
2017-07,480,2,0,3,0,0
2017-07,490,1,0,25,1,0
2017-07,490,2,0,7,0,0
2017-07,500,1,0,39,0,0
2017-07,500,2,0,18,0,0
2017-07,510,1,0,49,1,0
2017-07,510,2,0,17,0,0
2017-07,520,1,0,95,3,0
2017-07,520,2,0,26,1,0
2017-07,530,1,0,90,3,0
2017-07,530,2,0,33,0,0
2017-07,540,1,0,144,2,0
2017-07,540,2,0,54,0,0
2017-07,550,1,0,171,0,0
2017-07,550,2,0,36,0,0
2017-07,560,1,0,245,1,0
2017-07,560,2,0,71,2,0
2017-07,570,1,0,310,3,0
2017-07,570,2,0,100,0,0
2017-07,580,1,0,575,7,0
2017-07,580,2,0,156,1,0
2017-07,590,1,0,741,5,0
2017-07,590,2,0,246,0,0
2017-07,600,1,0,754,7,0
2017-07,600,2,0,281,1,0
2017-07,610,1,0,724,5,0
2017-07,610,2,0,332,0,0
2017-07,620,1,0,1082,1,0
2017-07,620,2,0,447,2,0
2017-07,630,1,0,1056,3,0
2017-07,630,2,0,373,0,0
2017-07,640,1,0,1223,6,0
2017-07,640,2,0,415,1,0
2017-07,650,1,0,2147,5,0
2017-07,650,2,0,611,3,0
2017-07,660,1,0,2546,3,0
2017-07,660,2,0,525,0,0
2017-07,670,1,0,2740,8,0
2017-07,670,2,0,530,0,0
2017-07,680,1,0,2806,2,0
2017-07,680,2,0,537,1,0
2017-07,690,1,0,2946,4,0
2017-07,690,2,0,562,0,0
2017-07,700,1,0,3525,3,0
2017-07,700,2,0,675,0,0
2017-07,710,1,0,3290,2,0
2017-07,710,2,0,563,0,0
2017-07,720,1,0,3914,0,0
2017-07,720,2,0,579,1,0
2017-07,730,1,0,3551,1,0
2017-07,730,2,0,496,0,0
2017-07,740,1,0,3242,1,0
2017-07,740,2,0,444,0,0
2017-07,750,1,0,3310,2,0
2017-07,750,2,0,391,0,0
2017-07,760,1,0,2799,0,0
2017-07,760,2,0,329,0,0
2017-07,770,1,0,3163,0,0
2017-07,770,2,0,342,0,0
2017-07,780,1,0,3153,0,0
2017-07,780,2,0,305,0,0
2017-07,790,1,0,3061,0,0
2017-07,790,2,0,292,0,0
2017-07,800,1,0,3409,0,0
2017-07,800,2,0,294,0,0
2017-07,810,1,0,2991,0,0
2017-07,810,2,0,267,0,0
2017-07,820,1,0,3244,0,0
2017-07,820,2,0,285,0,0
2017-07,830,1,0,2843,0,0
2017-07,830,2,0,233,0,0
2017-07,840,1,0,2454,0,0
2017-07,840,2,0,182,0,0
2017-07,850,1,0,2359,0,0
2017-07,850,2,0,201,0,0
2017-07,860,1,0,1677,0,0
2017-07,860,2,0,111,0,0
2017-07,870,1,0,983,0,0
2017-07,870,2,0,52,0,0
2017-07,880,1,0,187,0,0
2017-07,880,2,0,3,0,0
2017-07,890,1,0,13,0,0
2017-07,890,2,0,2,0,0
2017-08,410,1,1,1,0,0
2017-08,420,2,1,1,0,0
2017-08,430,1,1,3,0,0
2017-08,430,2,1,1,0,0
2017-08,440,1,1,3,0,0
2017-08,450,1,1,2,0,0
2017-08,450,2,1,2,0,0
2017-08,460,1,1,4,0,0
2017-08,460,2,1,4,0,0
2017-08,470,1,1,14,1,0
2017-08,470,2,1,3,0,0
2017-08,480,1,1,18,0,0
2017-08,480,2,1,3,0,0
2017-08,490,1,1,24,0,0
2017-08,490,2,1,7,0,0
2017-08,500,1,1,39,0,0
2017-08,500,2,1,18,0,0
2017-08,510,1,1,48,0,0
2017-08,510,2,1,16,0,0
2017-08,520,1,1,89,3,0
2017-08,520,2,1,24,0,0
2017-08,530,1,1,87,2,0
2017-08,530,2,1,31,1,0
2017-08,540,1,1,141,2,0
2017-08,540,2,1,52,0,0
2017-08,550,1,1,167,0,0
2017-08,550,2,1,36,0,0
2017-08,560,1,1,240,2,0
2017-08,560,2,1,68,1,0
2017-08,570,1,1,303,4,0
2017-08,570,2,1,99,3,0
2017-08,580,1,1,558,4,0
2017-08,580,2,1,151,0,0
2017-08,590,1,1,722,5,0
2017-08,590,2,1,243,0,0
2017-08,600,1,1,740,1,0
2017-08,600,2,1,278,1,0
2017-08,610,1,1,706,4,0
2017-08,610,2,1,326,1,0
2017-08,620,1,1,1060,6,0
2017-08,620,2,1,436,3,0
2017-08,630,1,1,1032,8,0
2017-08,630,2,1,367,3,0
2017-08,640,1,1,1184,9,0
2017-08,640,2,1,405,2,0
2017-08,650,1,0,689,1,0
2017-08,650,1,1,1422,0,0
2017-08,650,2,0,213,0,0
2017-08,650,2,1,385,2,0
2017-08,660,1,0,858,2,0
2017-08,660,1,1,1652,3,0
2017-08,660,2,0,172,1,0
2017-08,660,2,1,342,1,0
2017-08,670,1,0,926,1,0
2017-08,670,1,1,1772,2,0
2017-08,670,2,0,177,0,0
2017-08,670,2,1,346,0,0
2017-08,680,1,0,984,0,0
2017-08,680,1,1,1782,0,0
2017-08,680,2,0,224,0,0
2017-08,680,2,1,306,2,0
2017-08,690,1,0,979,0,0
2017-08,690,1,1,1912,4,0
2017-08,690,2,0,228,0,0
2017-08,690,2,1,323,1,0
2017-08,700,1,0,1211,1,0
2017-08,700,1,1,2253,3,0
2017-08,700,2,0,298,0,0
2017-08,700,2,1,371,0,0
2017-08,710,1,0,1088,0,0
2017-08,710,1,1,2137,2,0
2017-08,710,2,0,253,0,0
2017-08,710,2,1,299,0,0
2017-08,720,1,0,1391,0,0
2017-08,720,1,1,2464,0,0
2017-08,720,2,0,260,0,0
2017-08,720,2,1,311,0,0
2017-08,730,1,0,1220,0,0
2017-08,730,1,1,2283,1,0
2017-08,730,2,0,202,0,0
2017-08,730,2,1,283,0,0
2017-08,740,1,0,1074,2,0
2017-08,740,1,1,2109,0,0
2017-08,740,2,0,194,0,0
2017-08,740,2,1,243,1,0
2017-08,750,1,0,1119,0,0
2017-08,750,1,1,2126,1,0
2017-08,750,2,0,178,0,0
2017-08,750,2,1,207,0,0
2017-08,760,1,0,911,1,0
2017-08,760,1,1,1844,1,0
2017-08,760,2,0,136,0,0
2017-08,760,2,1,185,1,0
2017-08,770,1,0,1020,0,0
2017-08,770,1,1,2071,2,0
2017-08,770,2,0,133,0,0
2017-08,770,2,1,203,1,0
2017-08,780,1,0,984,1,0
2017-08,780,1,1,2098,0,0
2017-08,780,2,0,119,0,0
2017-08,780,2,1,182,0,0
2017-08,790,1,0,944,0,0
2017-08,790,1,1,2042,0,0
2017-08,790,2,0,102,0,0
2017-08,790,2,1,183,0,0
2017-08,800,1,0,1025,0,0
2017-08,800,1,1,2302,0,0
2017-08,800,2,0,97,0,0
2017-08,800,2,1,189,0,0
2017-08,810,1,0,900,0,0
2017-08,810,1,1,2029,0,0
2017-08,810,2,0,92,0,0
2017-08,810,2,1,173,0,0
2017-08,820,1,0,926,0,0
2017-08,820,1,1,2224,0,0
2017-08,820,2,0,96,0,0
2017-08,820,2,1,185,0,0
2017-08,830,1,0,882,0,0
2017-08,830,1,1,1886,1,0
2017-08,830,2,0,80,0,0
2017-08,830,2,1,147,0,0
2017-08,840,1,0,768,0,0
2017-08,840,1,1,1619,0,0
2017-08,840,2,0,65,0,0
2017-08,840,2,1,114,0,0
2017-08,850,1,0,792,0,0
2017-08,850,1,1,1514,0,0
2017-08,850,2,0,61,0,0
2017-08,850,2,1,139,1,0
2017-08,860,1,0,521,0,0
2017-08,860,1,1,1127,0,0
2017-08,860,2,0,48,0,0
2017-08,860,2,1,61,0,0
2017-08,870,1,0,327,0,0
2017-08,870,1,1,646,0,0
2017-08,870,2,0,18,0,0
2017-08,870,2,1,33,0,0
2017-08,880,1,0,45,0,0
2017-08,880,1,1,138,0,0
2017-08,880,2,1,3,0,0
2017-08,890,1,0,7,0,0
2017-08,890,1,1,6,0,0
2017-08,890,2,1,2,0,0
2017-09,410,1,1,1,0,0
2017-09,420,2,1,1,0,0
2017-09,430,1,1,3,0,0
2017-09,430,2,1,1,0,0
2017-09,440,1,1,3,0,0
2017-09,450,1,1,2,0,0
2017-09,450,2,1,2,0,0
2017-09,460,1,1,4,0,0
2017-09,460,2,1,4,0,0
2017-09,470,1,1,12,0,0
2017-09,470,2,1,3,0,0
2017-09,480,1,1,18,0,0
2017-09,480,2,1,3,0,0
2017-09,490,1,1,24,0,0
2017-09,490,2,1,7,0,0
2017-09,500,1,1,39,0,0
2017-09,500,2,1,18,0,0
2017-09,510,1,1,48,1,0
2017-09,510,2,1,16,0,0
2017-09,520,1,1,86,0,0
2017-09,520,2,1,23,0,0
2017-09,530,1,1,84,0,0
2017-09,530,2,1,30,0,0
2017-09,540,1,1,138,4,0
2017-09,540,2,1,52,0,0
2017-09,550,1,1,163,1,0
2017-09,550,2,1,36,0,0
2017-09,560,1,1,233,1,0
2017-09,560,2,1,65,1,0
2017-09,570,1,1,293,0,0
2017-09,570,2,1,93,2,0
2017-09,580,1,1,542,2,0
2017-09,580,2,1,150,2,1
2017-09,590,1,1,708,4,0
2017-09,590,2,1,240,3,1
2017-09,600,1,1,718,4,0
2017-09,600,2,1,271,2,0
2017-09,610,1,1,690,9,0
2017-09,610,2,1,317,3,0
2017-09,620,1,1,1033,2,0
2017-09,620,2,1,427,2,0
2017-09,630,1,1,1004,7,0
2017-09,630,2,1,355,0,0
2017-09,640,1,1,1138,5,0
2017-09,640,2,1,397,0,0
2017-09,650,1,0,685,3,0
2017-09,650,1,1,1384,7,0
2017-09,650,2,0,210,0,0
2017-09,650,2,1,371,2,0
2017-09,660,1,0,849,2,0
2017-09,660,1,1,1607,9,0
2017-09,660,2,0,170,1,0
2017-09,660,2,1,334,0,0
2017-09,670,1,0,914,2,0
2017-09,670,1,1,1712,3,0
2017-09,670,2,0,174,0,0
2017-09,670,2,1,334,3,0
2017-09,680,1,0,977,0,0
2017-09,680,1,1,1738,1,0
2017-09,680,2,0,224,1,0
2017-09,680,2,1,298,2,0
2017-09,690,1,0,970,0,0
2017-09,690,1,1,1857,3,1
2017-09,690,2,0,222,2,1
2017-09,690,2,1,317,0,0
2017-09,700,1,0,1199,0,0
2017-09,700,1,1,2194,1,0
2017-09,700,2,0,294,0,0
2017-09,700,2,1,366,0,0
2017-09,710,1,0,1080,2,0
2017-09,710,1,1,2088,2,0
2017-09,710,2,0,251,1,0
2017-09,710,2,1,290,1,1
2017-09,720,1,0,1379,2,0
2017-09,720,1,1,2408,2,0
2017-09,720,2,0,259,0,0
2017-09,720,2,1,304,0,0
2017-09,730,1,0,1211,2,0
2017-09,730,1,1,2217,3,0
2017-09,730,2,0,198,0,0
2017-09,730,2,1,278,0,0
2017-09,740,1,0,1061,0,0
2017-09,740,1,1,2057,0,0
2017-09,740,2,0,192,0,0
2017-09,740,2,1,236,0,0
2017-09,750,1,0,1108,2,0
2017-09,750,1,1,2061,0,0
2017-09,750,2,0,178,0,0
2017-09,750,2,1,200,0,0
2017-09,760,1,0,902,0,0
2017-09,760,1,1,1778,1,0
2017-09,760,2,0,134,0,0
2017-09,760,2,1,179,0,0
2017-09,770,1,0,1014,0,0
2017-09,770,1,1,2016,0,0
2017-09,770,2,0,129,0,0
2017-09,770,2,1,201,0,0
2017-09,780,1,0,974,0,0
2017-09,780,1,1,2032,0,0
2017-09,780,2,0,114,0,0
2017-09,780,2,1,179,0,0
2017-09,790,1,0,932,0,0
2017-09,790,1,1,1964,0,0
2017-09,790,2,0,99,0,0
2017-09,790,2,1,180,0,0
2017-09,800,1,0,1015,0,0
2017-09,800,1,1,2217,0,0
2017-09,800,2,0,95,0,0
2017-09,800,2,1,184,1,0
2017-09,810,1,0,889,0,0
2017-09,810,1,1,1957,1,0
2017-09,810,2,0,90,1,0
2017-09,810,2,1,167,0,0
2017-09,820,1,0,917,1,0
2017-09,820,1,1,2144,0,0
2017-09,820,2,0,93,0,0
2017-09,820,2,1,177,0,0
2017-09,830,1,0,877,0,0
2017-09,830,1,1,1832,1,0
2017-09,830,2,0,77,0,0
2017-09,830,2,1,142,0,0
2017-09,840,1,0,763,0,0
2017-09,840,1,1,1564,0,0
2017-09,840,2,0,65,0,0
2017-09,840,2,1,114,0,0
2017-09,850,1,0,780,0,0
2017-09,850,1,1,1457,1,0
2017-09,850,2,0,61,0,0
2017-09,850,2,1,133,0,0
2017-09,860,1,0,517,0,0
2017-09,860,1,1,1094,0,0
2017-09,860,2,0,48,0,0
2017-09,860,2,1,59,0,0
2017-09,870,1,0,324,0,0
2017-09,870,1,1,618,0,0
2017-09,870,2,0,18,0,0
2017-09,870,2,1,32,0,0
2017-09,880,1,0,45,0,0
2017-09,880,1,1,134,0,0
2017-09,880,2,1,2,0,0
2017-09,890,1,0,7,0,0
2017-09,890,1,1,6,0,0
2017-09,890,2,1,2,0,0
2017-10,410,1,1,1,0,0
2017-10,420,2,1,1,0,0
2017-10,430,1,1,3,0,0
2017-10,430,2,1,1,0,0
2017-10,440,1,1,3,0,0
2017-10,450,1,1,2,0,0
2017-10,450,2,1,2,0,0
2017-10,460,1,1,4,0,0
2017-10,460,2,1,4,0,0
2017-10,470,1,1,12,1,1
2017-10,470,2,1,3,0,0
2017-10,480,1,1,18,0,0
2017-10,480,2,1,3,0,0
2017-10,490,1,1,23,0,0
2017-10,490,2,1,7,0,0
2017-10,500,1,1,38,0,0
2017-10,500,2,1,18,0,0
2017-10,510,1,1,46,0,0
2017-10,510,2,1,15,0,0
2017-10,520,1,1,83,2,0
2017-10,520,2,1,23,0,0
2017-10,530,1,1,83,1,0
2017-10,530,2,1,30,0,0
2017-10,540,1,1,130,2,0
2017-10,540,2,1,50,1,0
2017-10,550,1,1,159,1,0
2017-10,550,2,1,35,0,0
2017-10,560,1,1,228,2,0
2017-10,560,2,1,63,1,0
2017-10,570,1,1,285,1,0
2017-10,570,2,1,88,0,0
2017-10,580,1,1,530,3,0
2017-10,580,2,1,145,1,0
2017-10,590,1,1,689,2,0
2017-10,590,2,1,236,2,1
2017-10,600,1,1,699,3,1
2017-10,600,2,1,261,1,0
2017-10,610,1,1,666,5,0
2017-10,610,2,1,309,4,0
2017-10,620,1,1,1008,6,0
2017-10,620,2,1,420,4,0
2017-10,630,1,1,983,1,1
2017-10,630,2,1,346,2,0
2017-10,640,1,1,1093,5,0
2017-10,640,2,1,387,0,0
2017-10,650,1,0,678,1,0
2017-10,650,1,1,1344,2,0
2017-10,650,2,0,208,1,0
2017-10,650,2,1,361,2,0
2017-10,660,1,0,844,7,1
2017-10,660,1,1,1565,4,0
2017-10,660,2,0,168,1,0
2017-10,660,2,1,326,2,1
2017-10,670,1,0,904,3,0
2017-10,670,1,1,1662,5,0
2017-10,670,2,0,172,0,0
2017-10,670,2,1,328,0,0
2017-10,680,1,0,971,3,0
2017-10,680,1,1,1684,2,1
2017-10,680,2,0,220,0,0
2017-10,680,2,1,290,0,0
2017-10,690,1,0,965,2,0
2017-10,690,1,1,1789,2,1
2017-10,690,2,0,217,0,0
2017-10,690,2,1,310,1,0
2017-10,700,1,0,1190,1,0
2017-10,700,1,1,2150,2,0
2017-10,700,2,0,289,1,0
2017-10,700,2,1,362,0,0
2017-10,710,1,0,1073,1,0
2017-10,710,1,1,2039,3,0
2017-10,710,2,0,247,1,0
2017-10,710,2,1,282,0,0
2017-10,720,1,0,1361,1,0
2017-10,720,1,1,2361,2,0
2017-10,720,2,0,253,0,0
2017-10,720,2,1,298,0,0
2017-10,730,1,0,1202,1,0
2017-10,730,1,1,2149,1,0
2017-10,730,2,0,198,1,0
2017-10,730,2,1,273,0,0
2017-10,740,1,0,1055,0,0
2017-10,740,1,1,2004,1,0
2017-10,740,2,0,190,1,0
2017-10,740,2,1,230,0,0
2017-10,750,1,0,1094,1,0
2017-10,750,1,1,2019,0,0
2017-10,750,2,0,175,0,0
2017-10,750,2,1,191,0,0
2017-10,760,1,0,891,1,0
2017-10,760,1,1,1728,0,0
2017-10,760,2,0,134,0,0
2017-10,760,2,1,172,1,0
2017-10,770,1,0,1007,0,0
2017-10,770,1,1,1951,2,0
2017-10,770,2,0,126,0,0
2017-10,770,2,1,196,0,0
2017-10,780,1,0,964,0,0
2017-10,780,1,1,1975,1,0
2017-10,780,2,0,111,0,0
2017-10,780,2,1,175,0,0
2017-10,790,1,0,924,0,0
2017-10,790,1,1,1906,1,0
2017-10,790,2,0,99,0,0
2017-10,790,2,1,177,0,0
2017-10,800,1,0,1003,0,0
2017-10,800,1,1,2149,0,0
2017-10,800,2,0,95,0,0
2017-10,800,2,1,181,1,0
2017-10,810,1,0,884,0,0
2017-10,810,1,1,1881,0,0
2017-10,810,2,0,88,0,0
2017-10,810,2,1,162,0,0
2017-10,820,1,0,907,0,0
2017-10,820,1,1,2060,0,0
2017-10,820,2,0,93,0,0
2017-10,820,2,1,176,0,0
2017-10,830,1,0,874,0,0
2017-10,830,1,1,1759,0,0
2017-10,830,2,0,76,0,0
2017-10,830,2,1,137,1,0
2017-10,840,1,0,748,0,0
2017-10,840,1,1,1513,0,0
2017-10,840,2,0,65,0,0
2017-10,840,2,1,112,0,0
2017-10,850,1,0,775,0,0
2017-10,850,1,1,1411,0,0
2017-10,850,2,0,61,0,0
2017-10,850,2,1,131,0,0
2017-10,860,1,0,514,0,0
2017-10,860,1,1,1068,0,0
2017-10,860,2,0,47,0,0
2017-10,860,2,1,57,0,0
2017-10,870,1,0,322,0,0
2017-10,870,1,1,602,0,0
2017-10,870,2,0,18,0,0
2017-10,870,2,1,32,0,0
2017-10,880,1,0,44,0,0
2017-10,880,1,1,134,0,0
2017-10,880,2,1,2,0,0
2017-10,890,1,0,7,0,0
2017-10,890,1,1,6,0,0
2017-10,890,2,1,2,0,0
2017-11,410,1,1,1,0,0
2017-11,420,2,1,1,0,0
2017-11,430,1,1,3,0,0
2017-11,430,2,1,1,0,0
2017-11,440,1,1,3,0,0
2017-11,450,1,1,2,0,0
2017-11,450,2,1,2,0,0
2017-11,460,1,1,4,0,0
2017-11,460,2,1,4,0,0
2017-11,470,1,1,11,0,0
2017-11,470,2,1,3,0,0
2017-11,480,1,1,18,0,0
2017-11,480,2,1,3,0,0
2017-11,490,1,1,23,0,0
2017-11,490,2,1,6,0,0
2017-11,500,1,1,38,1,0
2017-11,500,2,1,18,0,0
2017-11,510,1,1,46,1,0
2017-11,510,2,1,15,1,0
2017-11,520,1,1,81,0,0
2017-11,520,2,1,23,0,0
2017-11,530,1,1,81,0,0
2017-11,530,2,1,30,0,0
2017-11,540,1,1,127,0,0
2017-11,540,2,1,48,0,0
2017-11,550,1,1,154,4,0
2017-11,550,2,1,35,0,0
2017-11,560,1,1,221,2,0
2017-11,560,2,1,61,2,0
2017-11,570,1,1,277,4,1
2017-11,570,2,1,87,1,0
2017-11,580,1,1,516,5,0
2017-11,580,2,1,143,0,0
2017-11,590,1,1,673,2,0
2017-11,590,2,1,228,1,0
2017-11,600,1,1,681,7,0
2017-11,600,2,1,254,1,0
2017-11,610,1,1,641,5,0
2017-11,610,2,1,297,1,0
2017-11,620,1,1,982,5,0
2017-11,620,2,1,406,2,0
2017-11,630,1,1,946,7,1
2017-11,630,2,1,338,2,0
2017-11,640,1,1,1056,1,0
2017-11,640,2,1,377,3,0
2017-11,650,1,0,671,5,0
2017-11,650,1,1,1298,4,0
2017-11,650,2,0,207,0,0
2017-11,650,2,1,354,2,1
2017-11,660,1,0,831,5,0
2017-11,660,1,1,1505,3,0
2017-11,660,2,0,165,0,0
2017-11,660,2,1,314,2,0
2017-11,670,1,0,894,4,0
2017-11,670,1,1,1612,1,0
2017-11,670,2,0,169,0,0
2017-11,670,2,1,319,2,0
2017-11,680,1,0,957,1,0
2017-11,680,1,1,1637,2,0
2017-11,680,2,0,216,3,1
2017-11,680,2,1,283,2,0
2017-11,690,1,0,955,2,0
2017-11,690,1,1,1732,2,0
2017-11,690,2,0,213,0,0
2017-11,690,2,1,299,1,1
2017-11,700,1,0,1179,0,0
2017-11,700,1,1,2089,3,1
2017-11,700,2,0,285,1,0
2017-11,700,2,1,351,1,0
2017-11,710,1,0,1060,2,0
2017-11,710,1,1,1979,1,0
2017-11,710,2,0,244,0,0
2017-11,710,2,1,276,2,1
2017-11,720,1,0,1351,2,0
2017-11,720,1,1,2308,4,1
2017-11,720,2,0,249,1,0
2017-11,720,2,1,291,0,0
2017-11,730,1,0,1192,0,0
2017-11,730,1,1,2100,0,0
2017-11,730,2,0,196,0,0
2017-11,730,2,1,267,2,0
2017-11,740,1,0,1051,0,0
2017-11,740,1,1,1951,0,0
2017-11,740,2,0,189,0,0
2017-11,740,2,1,223,0,0
2017-11,750,1,0,1088,0,0
2017-11,750,1,1,1975,1,0
2017-11,750,2,0,175,0,0
2017-11,750,2,1,190,0,0
2017-11,760,1,0,880,0,0
2017-11,760,1,1,1688,0,0
2017-11,760,2,0,134,0,0
2017-11,760,2,1,165,1,0
2017-11,770,1,0,996,0,0
2017-11,770,1,1,1893,1,0
2017-11,770,2,0,125,0,0
2017-11,770,2,1,189,0,0
2017-11,780,1,0,952,0,0
2017-11,780,1,1,1920,0,0
2017-11,780,2,0,107,0,0
2017-11,780,2,1,174,0,0
2017-11,790,1,0,915,1,0
2017-11,790,1,1,1854,0,0
2017-11,790,2,0,96,0,0
2017-11,790,2,1,175,0,0
2017-11,800,1,0,990,0,0
2017-11,800,1,1,2069,1,0
2017-11,800,2,0,94,0,0
2017-11,800,2,1,177,0,0
2017-11,810,1,0,874,0,0
2017-11,810,1,1,1804,0,0
2017-11,810,2,0,86,0,0
2017-11,810,2,1,157,0,0
2017-11,820,1,0,902,0,0
2017-11,820,1,1,2004,0,0
2017-11,820,2,0,92,0,0
2017-11,820,2,1,176,0,0
2017-11,830,1,0,864,0,0
2017-11,830,1,1,1700,0,0
2017-11,830,2,0,75,0,0
2017-11,830,2,1,131,0,0
2017-11,840,1,0,743,0,0
2017-11,840,1,1,1464,0,0
2017-11,840,2,0,65,0,0
2017-11,840,2,1,111,0,0
2017-11,850,1,0,769,0,0
2017-11,850,1,1,1372,0,0
2017-11,850,2,0,59,0,0
2017-11,850,2,1,128,0,0
2017-11,860,1,0,510,0,0
2017-11,860,1,1,1036,0,0
2017-11,860,2,0,47,0,0
2017-11,860,2,1,56,0,0
2017-11,870,1,0,319,0,0
2017-11,870,1,1,589,0,0
2017-11,870,2,0,18,0,0
2017-11,870,2,1,32,0,0
2017-11,880,1,0,44,0,0
2017-11,880,1,1,130,0,0
2017-11,880,2,1,2,0,0
2017-11,890,1,0,7,0,0
2017-11,890,1,1,6,0,0
2017-11,890,2,1,2,0,0
2017-12,410,1,1,1,0,0
2017-12,420,2,1,1,0,0
2017-12,430,1,1,3,0,0
2017-12,430,2,1,1,0,0
2017-12,440,1,1,2,0,0
2017-12,450,1,1,2,0,0
2017-12,450,2,1,2,0,0
2017-12,460,1,1,4,0,0
2017-12,460,2,1,4,0,0
2017-12,470,1,1,11,0,0
2017-12,470,2,1,3,0,0
2017-12,480,1,1,17,0,0
2017-12,480,2,1,3,0,0
2017-12,490,1,1,23,0,0
2017-12,490,2,1,6,0,0
2017-12,500,1,1,37,0,0
2017-12,500,2,1,18,0,0
2017-12,510,1,1,45,1,0
2017-12,510,2,1,14,0,0
2017-12,520,1,1,77,0,0
2017-12,520,2,1,22,0,0
2017-12,530,1,1,79,1,0
2017-12,530,2,1,30,0,0
2017-12,540,1,1,122,1,0
2017-12,540,2,1,48,1,0
2017-12,550,1,1,144,1,0
2017-12,550,2,1,35,0,0
2017-12,560,1,1,212,1,0
2017-12,560,2,1,57,1,0
2017-12,570,1,1,263,2,0
2017-12,570,2,1,81,0,0
2017-12,580,1,1,499,1,0
2017-12,580,2,1,139,0,0
2017-12,590,1,1,655,3,0
2017-12,590,2,1,225,1,0
2017-12,600,1,1,660,4,0
2017-12,600,2,1,248,0,0
2017-12,610,1,1,623,2,0
2017-12,610,2,1,284,0,0
2017-12,620,1,1,948,8,0
2017-12,620,2,1,396,3,0
2017-12,630,1,1,906,2,0
2017-12,630,2,1,333,0,0
2017-12,640,1,1,1022,5,1
2017-12,640,2,1,364,2,0
2017-12,650,1,1,1913,7,0
2017-12,650,2,1,548,1,0
2017-12,660,1,1,2277,2,1
2017-12,660,2,1,466,1,0
2017-12,670,1,1,2451,7,1
2017-12,670,2,1,473,1,1
2017-12,680,1,1,2534,7,0
2017-12,680,2,1,488,0,0
2017-12,690,1,1,2619,6,0
2017-12,690,2,1,505,1,0
2017-12,700,1,1,3202,4,0
2017-12,700,2,1,618,0,0
2017-12,710,1,1,2988,1,1
2017-12,710,2,1,509,2,0
2017-12,720,1,1,3588,5,0
2017-12,720,2,1,528,1,0
2017-12,730,1,1,3231,4,0
2017-12,730,2,1,448,0,0
2017-12,740,1,1,2948,1,0
2017-12,740,2,1,408,0,0
2017-12,750,1,1,3005,2,0
2017-12,750,2,1,359,0,0
2017-12,760,1,1,2516,1,0
2017-12,760,2,1,296,0,0
2017-12,770,1,1,2821,1,0
2017-12,770,2,1,311,0,0
2017-12,780,1,1,2812,0,0
2017-12,780,2,1,276,0,0
2017-12,790,1,1,2699,0,0
2017-12,790,2,1,263,0,0
2017-12,800,1,1,2983,0,0
2017-12,800,2,1,264,0,0
2017-12,810,1,1,2610,1,0
2017-12,810,2,1,236,1,0
2017-12,820,1,1,2838,0,0
2017-12,820,2,1,264,0,0
2017-12,830,1,1,2497,0,0
2017-12,830,2,1,204,0,0
2017-12,840,1,1,2167,1,0
2017-12,840,2,1,172,0,0
2017-12,850,1,1,2112,0,0
2017-12,850,2,1,186,0,0
2017-12,860,1,1,1524,0,0
2017-12,860,2,1,100,0,0
2017-12,870,1,1,886,0,0
2017-12,870,2,1,47,0,0
2017-12,880,1,1,171,0,0
2017-12,880,2,1,2,0,0
2017-12,890,1,1,13,0,0
2017-12,890,2,1,2,0,0
2018-01,410,1,1,1,0,0
2018-01,420,2,1,1,0,0
2018-01,430,1,1,3,0,0
2018-01,430,2,1,1,0,0
2018-01,440,1,1,2,0,0
2018-01,450,1,1,2,0,0
2018-01,450,2,1,1,0,0
2018-01,460,1,1,4,0,0
2018-01,460,2,1,4,0,0
2018-01,470,1,1,11,0,0
2018-01,470,2,1,3,0,0
2018-01,480,1,1,17,0,0
2018-01,480,2,1,3,0,0
2018-01,490,1,1,23,0,0
2018-01,490,2,1,6,0,0
2018-01,500,1,1,36,0,0
2018-01,500,2,1,17,1,0
2018-01,510,1,1,43,0,0
2018-01,510,2,1,14,1,0
2018-01,520,1,1,76,1,0
2018-01,520,2,1,21,0,0
2018-01,530,1,1,77,2,0
2018-01,530,2,1,28,0,0
2018-01,540,1,1,118,0,0
2018-01,540,2,1,45,0,0
2018-01,550,1,1,143,2,0
2018-01,550,2,1,35,1,0
2018-01,560,1,1,205,2,1
2018-01,560,2,1,51,1,0
2018-01,570,1,1,252,3,0
2018-01,570,2,1,78,1,0
2018-01,580,1,1,479,1,0
2018-01,580,2,1,133,1,0
2018-01,590,1,1,638,5,0
2018-01,590,2,1,218,2,0
2018-01,600,1,1,639,6,0
2018-01,600,2,1,243,0,0
2018-01,610,1,1,602,5,0
2018-01,610,2,1,276,1,0
2018-01,620,1,1,907,3,0
2018-01,620,2,1,385,1,0
2018-01,630,1,1,869,2,0
2018-01,630,2,1,328,1,0
2018-01,640,1,1,983,7,0
2018-01,640,2,1,350,2,0
2018-01,650,1,0,1169,0,0
2018-01,650,1,1,1850,12,1
2018-01,650,2,0,204,0,0
2018-01,650,2,1,532,0,0
2018-01,660,1,0,1414,0,0
2018-01,660,1,1,2224,6,0
2018-01,660,2,0,185,0,0
2018-01,660,2,1,457,0,0
2018-01,670,1,0,1527,1,0
2018-01,670,1,1,2380,3,1
2018-01,670,2,0,172,0,0
2018-01,670,2,1,456,1,0
2018-01,680,1,0,1573,0,0
2018-01,680,1,1,2479,8,0
2018-01,680,2,0,209,0,0
2018-01,680,2,1,481,3,0
2018-01,690,1,0,1694,0,0
2018-01,690,1,1,2560,3,0
2018-01,690,2,0,229,0,0
2018-01,690,2,1,498,2,0
2018-01,700,1,0,2161,0,0
2018-01,700,1,1,3129,6,0
2018-01,700,2,0,325,0,0
2018-01,700,2,1,607,3,0
2018-01,710,1,0,2024,0,0
2018-01,710,1,1,2922,6,0
2018-01,710,2,0,239,0,0
2018-01,710,2,1,499,0,0
2018-01,720,1,0,2489,1,0
2018-01,720,1,1,3528,0,0
2018-01,720,2,0,296,0,0
2018-01,720,2,1,519,0,0
2018-01,730,1,0,2337,0,0
2018-01,730,1,1,3164,2,0
2018-01,730,2,0,231,0,0
2018-01,730,2,1,445,0,0
2018-01,740,1,0,2139,1,0
2018-01,740,1,1,2886,2,0
2018-01,740,2,0,217,0,0
2018-01,740,2,1,398,0,0
2018-01,750,1,0,2240,1,0
2018-01,750,1,1,2933,2,0
2018-01,750,2,0,209,0,0
2018-01,750,2,1,355,0,0
2018-01,760,1,0,1833,0,0
2018-01,760,1,1,2461,1,0
2018-01,760,2,0,177,0,0
2018-01,760,2,1,293,0,0
2018-01,770,1,0,2037,1,0
2018-01,770,1,1,2748,2,0
2018-01,770,2,0,192,0,0
2018-01,770,2,1,308,0,0
2018-01,780,1,0,2027,0,0
2018-01,780,1,1,2752,1,0
2018-01,780,2,0,137,0,0
2018-01,780,2,1,271,0,0
2018-01,790,1,0,1859,0,0
2018-01,790,1,1,2636,0,0
2018-01,790,2,0,136,0,0
2018-01,790,2,1,260,0,0
2018-01,800,1,0,2117,0,0
2018-01,800,1,1,2910,0,0
2018-01,800,2,0,139,0,0
2018-01,800,2,1,258,0,0
2018-01,810,1,0,1936,0,0
2018-01,810,1,1,2540,0,0
2018-01,810,2,0,132,0,0
2018-01,810,2,1,233,0,0
2018-01,820,1,0,2096,0,0
2018-01,820,1,1,2762,1,0
2018-01,820,2,0,123,0,0
2018-01,820,2,1,261,0,0
2018-01,830,1,0,1912,0,0
2018-01,830,1,1,2431,1,0
2018-01,830,2,0,114,0,0
2018-01,830,2,1,193,0,0
2018-01,840,1,0,1619,0,0
2018-01,840,1,1,2120,0,0
2018-01,840,2,0,75,0,0
2018-01,840,2,1,171,0,0
2018-01,850,1,0,1640,0,0
2018-01,850,1,1,2065,0,0
2018-01,850,2,0,78,0,0
2018-01,850,2,1,184,0,0
2018-01,860,1,0,1059,0,0
2018-01,860,1,1,1492,0,0
2018-01,860,2,0,51,0,0
2018-01,860,2,1,96,1,0
2018-01,870,1,0,619,0,0
2018-01,870,1,1,867,0,0
2018-01,870,2,0,24,0,0
2018-01,870,2,1,46,0,0
2018-01,880,1,0,136,0,0
2018-01,880,1,1,169,0,0
2018-01,880,2,0,4,0,0
2018-01,880,2,1,1,0,0
2018-01,890,1,0,4,0,0
2018-01,890,1,1,13,0,0
2018-01,890,2,0,1,0,0
2018-01,890,2,1,2,0,0
2018-02,410,1,1,1,0,0
2018-02,420,2,1,1,0,0
2018-02,430,1,1,3,0,0
2018-02,430,2,1,1,0,0
2018-02,440,1,1,2,0,0
2018-02,450,1,1,2,0,0
2018-02,450,2,1,0,0,0
2018-02,460,1,1,4,1,0
2018-02,460,2,1,4,0,0
2018-02,470,1,1,11,0,0
2018-02,470,2,1,3,0,0
2018-02,480,1,1,16,0,0
2018-02,480,2,1,3,0,0
2018-02,490,1,1,22,0,0
2018-02,490,2,1,5,0,0
2018-02,500,1,1,36,1,0
2018-02,500,2,1,16,0,0
2018-02,510,1,1,41,0,0
2018-02,510,2,1,13,0,0
2018-02,520,1,1,69,0,0
2018-02,520,2,1,21,1,1
2018-02,530,1,1,72,2,0
2018-02,530,2,1,28,0,0
2018-02,540,1,1,113,1,0
2018-02,540,2,1,44,0,0
2018-02,550,1,1,133,1,0
2018-02,550,2,1,31,2,0
2018-02,560,1,1,199,2,0
2018-02,560,2,1,48,0,0
2018-02,570,1,1,243,1,0
2018-02,570,2,1,71,0,0
2018-02,580,1,1,460,4,0
2018-02,580,2,1,130,2,0
2018-02,590,1,1,608,7,1
2018-02,590,2,1,209,0,0
2018-02,600,1,1,609,5,1
2018-02,600,2,1,235,2,0
2018-02,610,1,1,582,3,0
2018-02,610,2,1,265,1,0
2018-02,620,1,1,858,5,0
2018-02,620,2,1,369,3,0
2018-02,630,1,1,833,8,1
2018-02,630,2,1,321,2,0
2018-02,640,1,1,940,1,0
2018-02,640,2,1,333,3,1
2018-02,650,1,0,1161,0,0
2018-02,650,1,1,1786,9,0
2018-02,650,2,0,203,0,0
2018-02,650,2,1,515,4,0
2018-02,660,1,0,1398,3,0
2018-02,660,1,1,2157,6,0
2018-02,660,2,0,182,0,0
2018-02,660,2,1,444,2,0
2018-02,670,1,0,1515,4,0
2018-02,670,1,1,2302,10,1
2018-02,670,2,0,170,0,0
2018-02,670,2,1,447,1,0
2018-02,680,1,0,1559,3,1
2018-02,680,1,1,2419,9,1
2018-02,680,2,0,207,1,0
2018-02,680,2,1,469,1,0
2018-02,690,1,0,1676,1,0
2018-02,690,1,1,2490,6,2
2018-02,690,2,0,225,0,0
2018-02,690,2,1,486,0,0
2018-02,700,1,0,2144,1,0
2018-02,700,1,1,3028,5,0
2018-02,700,2,0,324,0,0
2018-02,700,2,1,593,2,0
2018-02,710,1,0,2003,4,0
2018-02,710,1,1,2856,4,1
2018-02,710,2,0,238,0,0
2018-02,710,2,1,483,2,0
2018-02,720,1,0,2459,0,0
2018-02,720,1,1,3445,3,0
2018-02,720,2,0,292,0,0
2018-02,720,2,1,508,0,0
2018-02,730,1,0,2312,0,0
2018-02,730,1,1,3083,3,0
2018-02,730,2,0,227,0,0
2018-02,730,2,1,431,0,0
2018-02,740,1,0,2117,0,0
2018-02,740,1,1,2812,2,0
2018-02,740,2,0,214,0,0
2018-02,740,2,1,389,0,0
2018-02,750,1,0,2215,2,0
2018-02,750,1,1,2858,2,0
2018-02,750,2,0,207,0,0
2018-02,750,2,1,340,1,1
2018-02,760,1,0,1809,0,0
2018-02,760,1,1,2389,1,0
2018-02,760,2,0,176,0,0
2018-02,760,2,1,287,0,0
2018-02,770,1,0,2007,0,0
2018-02,770,1,1,2677,2,0
2018-02,770,2,0,188,1,0
2018-02,770,2,1,297,1,0
2018-02,780,1,0,2005,0,0
2018-02,780,1,1,2673,1,0
2018-02,780,2,0,135,0,0
2018-02,780,2,1,262,0,0
2018-02,790,1,0,1839,2,0
2018-02,790,1,1,2564,2,0
2018-02,790,2,0,135,0,0
2018-02,790,2,1,252,0,0
2018-02,800,1,0,2079,1,0
2018-02,800,1,1,2830,0,0
2018-02,800,2,0,136,0,0
2018-02,800,2,1,256,0,0
2018-02,810,1,0,1911,2,0
2018-02,810,1,1,2455,1,0
2018-02,810,2,0,130,0,0
2018-02,810,2,1,225,0,0
2018-02,820,1,0,2068,0,0
2018-02,820,1,1,2661,0,0
2018-02,820,2,0,122,0,0
2018-02,820,2,1,256,0,0
2018-02,830,1,0,1886,0,0
2018-02,830,1,1,2357,1,0
2018-02,830,2,0,114,0,0
2018-02,830,2,1,189,0,0
2018-02,840,1,0,1604,1,0
2018-02,840,1,1,2063,0,0
2018-02,840,2,0,72,0,0
2018-02,840,2,1,171,0,0
2018-02,850,1,0,1608,1,0
2018-02,850,1,1,2002,1,0
2018-02,850,2,0,78,0,0
2018-02,850,2,1,179,0,0
2018-02,860,1,0,1047,0,0
2018-02,860,1,1,1457,0,0
2018-02,860,2,0,50,0,0
2018-02,860,2,1,94,0,0
2018-02,870,1,0,612,0,0
2018-02,870,1,1,844,0,0
2018-02,870,2,0,24,0,0
2018-02,870,2,1,46,0,0
2018-02,880,1,0,136,0,0
2018-02,880,1,1,165,0,0
2018-02,880,2,0,4,0,0
2018-02,880,2,1,1,0,0
2018-02,890,1,0,4,0,0
2018-02,890,1,1,13,0,0
2018-02,890,2,0,1,0,0
2018-02,890,2,1,2,0,0
2018-03,410,1,1,1,0,0
2018-03,420,2,1,1,0,0
2018-03,430,1,1,3,0,0
2018-03,430,2,1,1,0,0
2018-03,440,1,1,2,0,0
2018-03,450,1,1,2,0,0
2018-03,450,2,1,0,0,0
2018-03,460,1,1,3,0,0
2018-03,460,2,1,4,0,0
2018-03,470,1,1,8,0,0
2018-03,470,2,1,3,0,0
2018-03,480,1,1,16,0,0
2018-03,480,2,1,3,0,0
2018-03,490,1,1,21,1,0
2018-03,490,2,1,5,0,0
2018-03,500,1,1,33,0,0
2018-03,500,2,1,16,0,0
2018-03,510,1,1,39,0,0
2018-03,510,2,1,13,0,0
2018-03,520,1,1,66,3,1
2018-03,520,2,1,20,0,0
2018-03,530,1,1,69,0,0
2018-03,530,2,1,28,0,0
2018-03,540,1,1,108,0,0
2018-03,540,2,1,43,0,0
2018-03,550,1,1,132,2,0
2018-03,550,2,1,27,0,0
2018-03,560,1,1,188,3,0
2018-03,560,2,1,47,0,0
2018-03,570,1,1,234,5,0
2018-03,570,2,1,68,1,0
2018-03,580,1,1,444,4,0
2018-03,580,2,1,123,0,0
2018-03,590,1,1,585,2,0
2018-03,590,2,1,206,1,0
2018-03,600,1,1,583,6,0
2018-03,600,2,1,230,2,0
2018-03,610,1,1,561,6,0
2018-03,610,2,1,255,3,0
2018-03,620,1,1,813,5,0
2018-03,620,2,1,356,3,0
2018-03,630,1,1,788,2,0
2018-03,630,2,1,313,7,0
2018-03,640,1,1,905,5,0
2018-03,640,2,1,320,4,0
2018-03,650,1,0,2092,3,1
2018-03,650,1,1,1725,6,0
2018-03,650,2,0,358,0,0
2018-03,650,2,1,500,5,0
2018-03,660,1,0,2618,4,0
2018-03,660,1,1,2107,5,0
2018-03,660,2,0,306,0,0
2018-03,660,2,1,427,3,0
2018-03,670,1,0,2801,2,0
2018-03,670,1,1,2229,8,0
2018-03,670,2,0,293,0,0
2018-03,670,2,1,438,1,0
2018-03,680,1,0,2934,2,0
2018-03,680,1,1,2367,5,0
2018-03,680,2,0,340,1,0
2018-03,680,2,1,456,2,0
2018-03,690,1,0,3071,1,0
2018-03,690,1,1,2417,3,0
2018-03,690,2,0,378,0,0
2018-03,690,2,1,464,2,0
2018-03,700,1,0,3896,1,0
2018-03,700,1,1,2968,4,0
2018-03,700,2,0,536,1,0
2018-03,700,2,1,574,2,1
2018-03,710,1,0,3503,0,0
2018-03,710,1,1,2790,4,0
2018-03,710,2,0,393,0,0
2018-03,710,2,1,466,2,0
2018-03,720,1,0,4252,3,0
2018-03,720,1,1,3381,1,0
2018-03,720,2,0,502,0,0
2018-03,720,2,1,505,1,0
2018-03,730,1,0,4134,1,0
2018-03,730,1,1,3009,0,0
2018-03,730,2,0,411,0,0
2018-03,730,2,1,422,0,0
2018-03,740,1,0,3743,0,0
2018-03,740,1,1,2744,2,0
2018-03,740,2,0,362,0,0
2018-03,740,2,1,386,0,0
2018-03,750,1,0,3835,1,0
2018-03,750,1,1,2788,3,0
2018-03,750,2,0,347,0,0
2018-03,750,2,1,327,0,0
2018-03,760,1,0,3219,1,0
2018-03,760,1,1,2341,0,0
2018-03,760,2,0,297,0,0
2018-03,760,2,1,285,0,0
2018-03,770,1,0,3547,0,0
2018-03,770,1,1,2608,0,0
2018-03,770,2,0,314,0,0
2018-03,770,2,1,291,0,0
2018-03,780,1,0,3643,1,1
2018-03,780,1,1,2619,1,0
2018-03,780,2,0,240,0,0
2018-03,780,2,1,254,0,0
2018-03,790,1,0,3265,0,0
2018-03,790,1,1,2515,2,0
2018-03,790,2,0,222,0,0
2018-03,790,2,1,247,0,0
2018-03,800,1,0,3722,2,0
2018-03,800,1,1,2754,2,0
2018-03,800,2,0,233,0,0
2018-03,800,2,1,253,0,0
2018-03,810,1,0,3488,0,0
2018-03,810,1,1,2400,0,0
2018-03,810,2,0,233,0,0
2018-03,810,2,1,217,0,0
2018-03,820,1,0,3583,0,0
2018-03,820,1,1,2601,1,0
2018-03,820,2,0,193,0,0
2018-03,820,2,1,252,0,0
2018-03,830,1,0,3327,1,0
2018-03,830,1,1,2311,0,0
2018-03,830,2,0,183,0,0
2018-03,830,2,1,186,1,1
2018-03,840,1,0,2831,0,0
2018-03,840,1,1,2009,0,0
2018-03,840,2,0,126,0,0
2018-03,840,2,1,165,0,0
2018-03,850,1,0,2908,0,0
2018-03,850,1,1,1958,0,0
2018-03,850,2,0,119,0,0
2018-03,850,2,1,173,1,0
2018-03,860,1,0,1845,0,0
2018-03,860,1,1,1423,0,0
2018-03,860,2,0,79,0,0
2018-03,860,2,1,92,0,0
2018-03,870,1,0,1112,0,0
2018-03,870,1,1,823,0,0
2018-03,870,2,0,38,0,0
2018-03,870,2,1,44,0,0
2018-03,880,1,0,247,0,0
2018-03,880,1,1,159,0,0
2018-03,880,2,0,6,0,0
2018-03,880,2,1,1,0,0
2018-03,890,1,0,8,0,0
2018-03,890,1,1,13,0,0
2018-03,890,2,0,1,0,0
2018-03,890,2,1,2,0,0
2018-04,410,1,1,1,0,0
2018-04,420,2,1,0,0,0
2018-04,430,1,1,3,0,0
2018-04,430,2,1,1,0,0
2018-04,440,1,1,2,1,0
2018-04,450,1,1,2,0,0
2018-04,450,2,1,0,0,0
2018-04,460,1,1,3,0,0
2018-04,460,2,1,4,0,0
2018-04,470,1,1,8,0,0
2018-04,470,2,1,3,0,0
2018-04,480,1,1,16,0,0
2018-04,480,2,1,3,0,0
2018-04,490,1,1,18,1,0
2018-04,490,2,1,5,0,0
2018-04,500,1,1,33,0,0
2018-04,500,2,1,16,0,0
2018-04,510,1,1,38,0,0
2018-04,510,2,1,13,0,0
2018-04,520,1,1,62,1,0
2018-04,520,2,1,20,0,0
2018-04,530,1,1,64,0,0
2018-04,530,2,1,28,0,0
2018-04,540,1,1,101,0,0
2018-04,540,2,1,42,1,0
2018-04,550,1,1,127,2,0
2018-04,550,2,1,27,0,0
2018-04,560,1,1,180,4,2
2018-04,560,2,1,45,1,0
2018-04,570,1,1,224,2,0
2018-04,570,2,1,64,1,0
2018-04,580,1,1,420,3,0
2018-04,580,2,1,119,2,1
2018-04,590,1,1,560,1,0
2018-04,590,2,1,195,0,0
2018-04,600,1,1,554,6,0
2018-04,600,2,1,226,3,0
2018-04,610,1,1,532,6,0
2018-04,610,2,1,244,1,0
2018-04,620,1,1,765,5,1
2018-04,620,2,1,344,2,1
2018-04,630,1,1,749,5,0
2018-04,630,2,1,296,0,0
2018-04,640,1,1,855,7,0
2018-04,640,2,1,303,1,0
2018-04,650,1,0,2066,6,0
2018-04,650,1,1,1651,7,0
2018-04,650,2,0,353,0,0
2018-04,650,2,1,485,1,0
2018-04,660,1,0,2594,5,0
2018-04,660,1,1,2028,6,0
2018-04,660,2,0,303,0,0
2018-04,660,2,1,411,1,0
2018-04,670,1,0,2761,5,0
2018-04,670,1,1,2161,14,0
2018-04,670,2,0,290,0,0
2018-04,670,2,1,425,1,0
2018-04,680,1,0,2893,5,0
2018-04,680,1,1,2301,4,0
2018-04,680,2,0,333,0,0
2018-04,680,2,1,439,2,0
2018-04,690,1,0,3028,1,0
2018-04,690,1,1,2357,5,0
2018-04,690,2,0,369,0,0
2018-04,690,2,1,449,1,0
2018-04,700,1,0,3858,4,0
2018-04,700,1,1,2903,5,0
2018-04,700,2,0,528,0,0
2018-04,700,2,1,552,0,0
2018-04,710,1,0,3463,2,0
2018-04,710,1,1,2736,3,0
2018-04,710,2,0,389,1,0
2018-04,710,2,1,453,1,0
2018-04,720,1,0,4209,2,0
2018-04,720,1,1,3291,3,0
2018-04,720,2,0,497,0,0
2018-04,720,2,1,491,1,0
2018-04,730,1,0,4084,2,0
2018-04,730,1,1,2940,2,0
2018-04,730,2,0,407,1,0
2018-04,730,2,1,408,0,0
2018-04,740,1,0,3703,2,0
2018-04,740,1,1,2674,0,0
2018-04,740,2,0,361,0,0
2018-04,740,2,1,376,0,0
2018-04,750,1,0,3794,0,0
2018-04,750,1,1,2724,1,0
2018-04,750,2,0,342,0,0
2018-04,750,2,1,320,1,0
2018-04,760,1,0,3188,0,0
2018-04,760,1,1,2286,0,0
2018-04,760,2,0,289,0,0
2018-04,760,2,1,279,0,0
2018-04,770,1,0,3500,1,0
2018-04,770,1,1,2545,1,0
2018-04,770,2,0,307,0,0
2018-04,770,2,1,282,0,0
2018-04,780,1,0,3589,1,0
2018-04,780,1,1,2555,0,0
2018-04,780,2,0,239,0,0
2018-04,780,2,1,245,0,0
2018-04,790,1,0,3224,0,0
2018-04,790,1,1,2441,0,0
2018-04,790,2,0,220,0,0
2018-04,790,2,1,242,0,0
2018-04,800,1,0,3664,1,0
2018-04,800,1,1,2664,0,0
2018-04,800,2,0,230,0,0
2018-04,800,2,1,249,0,0
2018-04,810,1,0,3441,2,0
2018-04,810,1,1,2337,0,0
2018-04,810,2,0,226,0,0
2018-04,810,2,1,213,0,0
2018-04,820,1,0,3542,1,0
2018-04,820,1,1,2526,1,0
2018-04,820,2,0,189,0,0
2018-04,820,2,1,245,1,0
2018-04,830,1,0,3276,1,0
2018-04,830,1,1,2246,1,0
2018-04,830,2,0,177,0,0
2018-04,830,2,1,184,0,0
2018-04,840,1,0,2790,0,0
2018-04,840,1,1,1944,0,0
2018-04,840,2,0,123,0,0
2018-04,840,2,1,162,1,0
2018-04,850,1,0,2863,0,0
2018-04,850,1,1,1915,0,0
2018-04,850,2,0,118,0,0
2018-04,850,2,1,169,0,0
2018-04,860,1,0,1817,0,0
2018-04,860,1,1,1395,0,0
2018-04,860,2,0,79,0,0
2018-04,860,2,1,89,0,0
2018-04,870,1,0,1102,0,0
2018-04,870,1,1,805,0,0
2018-04,870,2,0,37,0,0
2018-04,870,2,1,43,0,0
2018-04,880,1,0,244,0,0
2018-04,880,1,1,154,0,0
2018-04,880,2,0,6,0,0
2018-04,880,2,1,1,0,0
2018-04,890,1,0,8,0,0
2018-04,890,1,1,13,0,0
2018-04,890,2,0,1,0,0
2018-04,890,2,1,2,0,0
2018-05,410,1,1,1,0,0
2018-05,420,2,1,0,0,0
2018-05,430,1,1,3,0,0
2018-05,430,2,1,1,0,0
2018-05,440,1,1,1,0,0
2018-05,450,1,1,2,0,0
2018-05,450,2,1,0,0,0
2018-05,460,1,1,3,0,0
2018-05,460,2,1,3,0,0
2018-05,470,1,1,8,0,0
2018-05,470,2,1,3,0,0
2018-05,480,1,1,15,0,0
2018-05,480,2,1,3,0,0
2018-05,490,1,1,18,0,0
2018-05,490,2,1,5,0,0
2018-05,500,1,1,32,0,0
2018-05,500,2,1,16,0,0
2018-05,510,1,1,38,1,0
2018-05,510,2,1,13,0,0
2018-05,520,1,1,60,0,0
2018-05,520,2,1,19,0,0
2018-05,530,1,1,60,0,0
2018-05,530,2,1,28,0,0
2018-05,540,1,1,97,1,0
2018-05,540,2,1,41,1,0
2018-05,550,1,1,121,1,0
2018-05,550,2,1,27,0,0
2018-05,560,1,1,169,0,0
2018-05,560,2,1,43,0,0
2018-05,570,1,1,212,3,0
2018-05,570,2,1,58,1,1
2018-05,580,1,1,396,2,0
2018-05,580,2,1,110,2,0
2018-05,590,1,1,535,0,0
2018-05,590,2,1,188,0,0
2018-05,600,1,1,522,6,0
2018-05,600,2,1,215,0,0
2018-05,610,1,1,503,3,0
2018-05,610,2,1,236,0,0
2018-05,620,1,1,744,2,0
2018-05,620,2,1,332,0,0
2018-05,630,1,1,716,0,0
2018-05,630,2,1,288,1,0
2018-05,640,1,1,816,8,0
2018-05,640,2,1,294,2,0
2018-05,650,1,0,2029,7,0
2018-05,650,1,1,1594,9,0
2018-05,650,2,0,348,1,0
2018-05,650,2,1,470,4,1
2018-05,660,1,0,2563,7,0
2018-05,660,1,1,1962,6,0
2018-05,660,2,0,299,0,0
2018-05,660,2,1,393,2,0
2018-05,670,1,0,2713,9,0
2018-05,670,1,1,2078,4,0
2018-05,670,2,0,287,0,0
2018-05,670,2,1,407,1,0
2018-05,680,1,0,2846,3,0
2018-05,680,1,1,2231,4,0
2018-05,680,2,0,330,1,0
2018-05,680,2,1,429,2,0
2018-05,690,1,0,2983,2,0
2018-05,690,1,1,2284,5,0
2018-05,690,2,0,362,1,0
2018-05,690,2,1,438,3,1
2018-05,700,1,0,3807,3,0
2018-05,700,1,1,2826,5,0
2018-05,700,2,0,515,0,0
2018-05,700,2,1,545,2,0
2018-05,710,1,0,3421,2,0
2018-05,710,1,1,2673,2,0
2018-05,710,2,0,382,0,0
2018-05,710,2,1,445,1,0
2018-05,720,1,0,4153,2,0
2018-05,720,1,1,3215,3,0
2018-05,720,2,0,483,0,0
2018-05,720,2,1,485,1,0
2018-05,730,1,0,4021,2,0
2018-05,730,1,1,2885,1,0
2018-05,730,2,0,403,0,0
2018-05,730,2,1,401,0,0
2018-05,740,1,0,3654,3,0
2018-05,740,1,1,2627,2,0
2018-05,740,2,0,361,1,0
2018-05,740,2,1,367,0,0
2018-05,750,1,0,3751,2,0
2018-05,750,1,1,2664,2,0
2018-05,750,2,0,339,0,0
2018-05,750,2,1,312,1,0
2018-05,760,1,0,3133,0,0
2018-05,760,1,1,2234,1,0
2018-05,760,2,0,281,1,0
2018-05,760,2,1,274,0,0
2018-05,770,1,0,3440,0,0
2018-05,770,1,1,2480,1,0
2018-05,770,2,0,303,1,0
2018-05,770,2,1,274,0,0
2018-05,780,1,0,3525,0,0
2018-05,780,1,1,2499,0,0
2018-05,780,2,0,237,0,0
2018-05,780,2,1,242,0,0
2018-05,790,1,0,3163,0,0
2018-05,790,1,1,2370,1,0
2018-05,790,2,0,219,0,0
2018-05,790,2,1,233,0,0
2018-05,800,1,0,3601,1,0
2018-05,800,1,1,2610,1,0
2018-05,800,2,0,223,0,0
2018-05,800,2,1,245,0,0
2018-05,810,1,0,3362,0,0
2018-05,810,1,1,2283,1,0
2018-05,810,2,0,223,1,0
2018-05,810,2,1,208,0,0
2018-05,820,1,0,3480,0,0
2018-05,820,1,1,2443,1,0
2018-05,820,2,0,185,0,0
2018-05,820,2,1,239,0,0
2018-05,830,1,0,3211,1,0
2018-05,830,1,1,2191,0,0
2018-05,830,2,0,175,0,0
2018-05,830,2,1,180,1,0
2018-05,840,1,0,2741,0,0
2018-05,840,1,1,1899,1,0
2018-05,840,2,0,120,0,0
2018-05,840,2,1,160,0,0
2018-05,850,1,0,2808,1,0
2018-05,850,1,1,1874,0,0
2018-05,850,2,0,118,0,0
2018-05,850,2,1,166,0,0
2018-05,860,1,0,1793,1,0
2018-05,860,1,1,1381,0,0
2018-05,860,2,0,77,0,0
2018-05,860,2,1,88,0,0
2018-05,870,1,0,1084,0,0
2018-05,870,1,1,791,0,0
2018-05,870,2,0,37,0,0
2018-05,870,2,1,43,0,0
2018-05,880,1,0,241,0,0
2018-05,880,1,1,152,0,0
2018-05,880,2,0,6,0,0
2018-05,880,2,1,1,0,0
2018-05,890,1,0,8,0,0
2018-05,890,1,1,13,0,0
2018-05,890,2,0,1,0,0
2018-05,890,2,1,2,0,0
2018-06,410,1,1,1,0,0
2018-06,420,2,1,0,0,0
2018-06,430,1,1,3,0,0
2018-06,430,2,1,1,0,0
2018-06,440,1,1,1,0,0
2018-06,450,1,1,2,0,0
2018-06,450,2,1,0,0,0
2018-06,460,1,1,3,0,0
2018-06,460,2,1,3,0,0
2018-06,470,1,1,6,0,0
2018-06,470,2,1,3,0,0
2018-06,480,1,1,15,1,0
2018-06,480,2,1,3,0,0
2018-06,490,1,1,16,0,0
2018-06,490,2,1,5,0,0
2018-06,500,1,1,30,0,0
2018-06,500,2,1,16,0,0
2018-06,510,1,1,35,0,0
2018-06,510,2,1,13,0,0
2018-06,520,1,1,59,1,0
2018-06,520,2,1,19,1,0
2018-06,530,1,1,59,2,0
2018-06,530,2,1,28,0,0
2018-06,540,1,1,94,1,0
2018-06,540,2,1,39,0,0
2018-06,550,1,1,117,2,0
2018-06,550,2,1,26,1,0
2018-06,560,1,1,162,1,0
2018-06,560,2,1,43,0,0
2018-06,570,1,1,200,2,0
2018-06,570,2,1,55,0,0
2018-06,580,1,1,377,2,0
2018-06,580,2,1,106,1,0
2018-06,590,1,1,520,3,0
2018-06,590,2,1,182,2,0
2018-06,600,1,1,498,2,0
2018-06,600,2,1,208,1,0
2018-06,610,1,1,473,6,0
2018-06,610,2,1,229,3,0
2018-06,620,1,1,714,2,0
2018-06,620,2,1,325,2,0
2018-06,630,1,1,697,3,0
2018-06,630,2,1,278,0,0
2018-06,640,1,1,785,8,1
2018-06,640,2,1,284,1,0
2018-06,650,1,0,921,6,0
2018-06,650,1,1,2602,9,0
2018-06,650,2,0,152,0,0
2018-06,650,2,1,644,3,0
2018-06,660,1,0,1206,3,0
2018-06,660,1,1,3220,9,0
2018-06,660,2,0,119,0,0
2018-06,660,2,1,552,1,0
2018-06,670,1,0,1255,2,0
2018-06,670,1,1,3425,11,0
2018-06,670,2,0,118,1,0
2018-06,670,2,1,548,1,0
2018-06,680,1,0,1359,7,1
2018-06,680,1,1,3609,6,0
2018-06,680,2,0,132,0,0
2018-06,680,2,1,605,0,0
2018-06,690,1,0,1375,2,0
2018-06,690,1,1,3776,8,0
2018-06,690,2,0,148,0,0
2018-06,690,2,1,627,1,0
2018-06,700,1,0,1716,0,0
2018-06,700,1,1,4789,7,0
2018-06,700,2,0,201,0,0
2018-06,700,2,1,833,2,0
2018-06,710,1,0,1493,3,0
2018-06,710,1,1,4486,1,0
2018-06,710,2,0,148,2,0
2018-06,710,2,1,666,3,0
2018-06,720,1,0,1772,0,0
2018-06,720,1,1,5472,3,0
2018-06,720,2,0,200,0,0
2018-06,720,2,1,743,0,0
2018-06,730,1,0,1788,2,0
2018-06,730,1,1,4998,1,0
2018-06,730,2,0,178,0,0
2018-06,730,2,1,611,0,0
2018-06,740,1,0,1602,1,0
2018-06,740,1,1,4570,5,0
2018-06,740,2,0,148,0,0
2018-06,740,2,1,565,0,0
2018-06,750,1,0,1596,1,0
2018-06,750,1,1,4693,4,0
2018-06,750,2,0,138,0,0
2018-06,750,2,1,506,1,0
2018-06,760,1,0,1385,2,0
2018-06,760,1,1,3889,1,0
2018-06,760,2,0,113,0,0
2018-06,760,2,1,424,0,0
2018-06,770,1,0,1514,1,0
2018-06,770,1,1,4301,3,0
2018-06,770,2,0,121,0,0
2018-06,770,2,1,442,0,0
2018-06,780,1,0,1600,1,0
2018-06,780,1,1,4309,2,0
2018-06,780,2,0,102,0,0
2018-06,780,2,1,363,1,1
2018-06,790,1,0,1412,0,0
2018-06,790,1,1,4006,0,0
2018-06,790,2,0,94,0,0
2018-06,790,2,1,350,0,0
2018-06,800,1,0,1605,0,0
2018-06,800,1,1,4458,2,0
2018-06,800,2,0,95,0,0
2018-06,800,2,1,365,0,0
2018-06,810,1,0,1559,0,0
2018-06,810,1,1,3970,2,0
2018-06,810,2,0,96,0,0
2018-06,810,2,1,325,0,0
2018-06,820,1,0,1499,1,0
2018-06,820,1,1,4322,1,1
2018-06,820,2,0,67,0,0
2018-06,820,2,1,349,0,0
2018-06,830,1,0,1414,0,0
2018-06,830,1,1,3888,2,0
2018-06,830,2,0,66,0,0
2018-06,830,2,1,283,0,0
2018-06,840,1,0,1210,0,0
2018-06,840,1,1,3336,0,0
2018-06,840,2,0,52,0,0
2018-06,840,2,1,222,1,0
2018-06,850,1,0,1269,0,0
2018-06,850,1,1,3333,0,0
2018-06,850,2,0,40,0,0
2018-06,850,2,1,239,0,0
2018-06,860,1,0,789,0,0
2018-06,860,1,1,2325,0,0
2018-06,860,2,0,29,0,0
2018-06,860,2,1,135,0,0
2018-06,870,1,0,492,0,0
2018-06,870,1,1,1353,0,0
2018-06,870,2,0,13,0,0
2018-06,870,2,1,66,0,0
2018-06,880,1,0,107,0,0
2018-06,880,1,1,278,0,0
2018-06,880,2,0,2,0,0
2018-06,880,2,1,5,0,0
2018-06,890,1,0,4,0,0
2018-06,890,1,1,17,0,0
2018-06,890,2,1,3,0,0
2018-07,410,1,1,1,0,0
2018-07,420,2,1,0,0,0
2018-07,430,1,1,3,0,0
2018-07,430,2,1,1,0,0
2018-07,440,1,1,1,0,0
2018-07,450,1,1,2,0,0
2018-07,450,2,1,0,0,0
2018-07,460,1,1,3,0,0
2018-07,460,2,1,3,0,0
2018-07,470,1,1,6,0,0
2018-07,470,2,1,3,0,0
2018-07,480,1,1,13,0,0
2018-07,480,2,1,3,0,0
2018-07,490,1,1,16,0,0
2018-07,490,2,1,4,0,0
2018-07,500,1,1,30,0,0
2018-07,500,2,1,16,0,0
2018-07,510,1,1,35,2,0
2018-07,510,2,1,12,0,0
2018-07,520,1,1,57,1,1
2018-07,520,2,1,17,0,0
2018-07,530,1,1,56,0,0
2018-07,530,2,1,28,1,0
2018-07,540,1,1,90,0,0
2018-07,540,2,1,38,0,0
2018-07,550,1,1,113,2,1
2018-07,550,2,1,25,0,0
2018-07,560,1,1,157,1,0
2018-07,560,2,1,41,0,0
2018-07,570,1,1,193,1,0
2018-07,570,2,1,54,0,0
2018-07,580,1,1,366,4,0
2018-07,580,2,1,102,0,0
2018-07,590,1,1,500,2,0
2018-07,590,2,1,175,2,0
2018-07,600,1,1,485,5,0
2018-07,600,2,1,202,3,0
2018-07,610,1,1,449,2,1
2018-07,610,2,1,215,1,0
2018-07,620,1,1,684,4,0
2018-07,620,2,1,317,1,0
2018-07,630,1,1,673,3,0
2018-07,630,2,1,268,0,0
2018-07,640,1,1,750,3,1
2018-07,640,2,1,272,1,0
2018-07,650,1,0,1898,6,1
2018-07,650,1,1,2509,13,2
2018-07,650,2,0,322,0,0
2018-07,650,2,1,628,3,0
2018-07,660,1,0,2549,3,0
2018-07,660,1,1,3135,10,0
2018-07,660,2,0,273,0,0
2018-07,660,2,1,537,0,0
2018-07,670,1,0,2739,4,0
2018-07,670,1,1,3331,15,1
2018-07,670,2,0,263,1,0
2018-07,670,2,1,530,0,0
2018-07,680,1,0,2878,5,0
2018-07,680,1,1,3529,7,0
2018-07,680,2,0,326,0,0
2018-07,680,2,1,588,2,0
2018-07,690,1,0,3035,2,0
2018-07,690,1,1,3666,3,0
2018-07,690,2,0,335,0,0
2018-07,690,2,1,609,0,0
2018-07,700,1,0,3677,5,1
2018-07,700,1,1,4691,5,0
2018-07,700,2,0,513,0,0
2018-07,700,2,1,821,1,0
2018-07,710,1,0,3193,3,0
2018-07,710,1,1,4396,4,0
2018-07,710,2,0,387,0,0
2018-07,710,2,1,652,0,0
2018-07,720,1,0,3771,0,0
2018-07,720,1,1,5348,5,0
2018-07,720,2,0,467,0,0
2018-07,720,2,1,729,0,0
2018-07,730,1,0,3651,2,0
2018-07,730,1,1,4902,8,0
2018-07,730,2,0,423,0,0
2018-07,730,2,1,596,0,0
2018-07,740,1,0,3367,2,0
2018-07,740,1,1,4480,3,0
2018-07,740,2,0,323,1,0
2018-07,740,2,1,556,1,0
2018-07,750,1,0,3409,0,0
2018-07,750,1,1,4604,0,0
2018-07,750,2,0,314,0,0
2018-07,750,2,1,494,0,0
2018-07,760,1,0,2872,2,0
2018-07,760,1,1,3800,4,0
2018-07,760,2,0,249,1,0
2018-07,760,2,1,414,0,0
2018-07,770,1,0,3178,1,0
2018-07,770,1,1,4212,3,0
2018-07,770,2,0,238,0,0
2018-07,770,2,1,434,0,0
2018-07,780,1,0,3190,0,0
2018-07,780,1,1,4214,3,0
2018-07,780,2,0,235,1,0
2018-07,780,2,1,358,0,0
2018-07,790,1,0,2914,0,0
2018-07,790,1,1,3904,2,0
2018-07,790,2,0,201,0,0
2018-07,790,2,1,337,0,0
2018-07,800,1,0,3398,0,0
2018-07,800,1,1,4370,2,0
2018-07,800,2,0,198,0,0
2018-07,800,2,1,358,0,0
2018-07,810,1,0,3076,1,0
2018-07,810,1,1,3874,0,0
2018-07,810,2,0,198,0,0
2018-07,810,2,1,317,0,0
2018-07,820,1,0,3080,0,0
2018-07,820,1,1,4213,0,0
2018-07,820,2,0,163,0,0
2018-07,820,2,1,342,1,0
2018-07,830,1,0,2990,1,0
2018-07,830,1,1,3785,1,0
2018-07,830,2,0,132,0,0
2018-07,830,2,1,274,0,0
2018-07,840,1,0,2590,0,0
2018-07,840,1,1,3264,0,0
2018-07,840,2,0,129,0,0
2018-07,840,2,1,218,0,0
2018-07,850,1,0,2617,0,0
2018-07,850,1,1,3262,0,0
2018-07,850,2,0,99,0,0
2018-07,850,2,1,236,0,0
2018-07,860,1,0,1734,0,0
2018-07,860,1,1,2275,0,0
2018-07,860,2,0,70,0,0
2018-07,860,2,1,133,0,0
2018-07,870,1,0,1072,0,0
2018-07,870,1,1,1329,0,0
2018-07,870,2,0,34,0,0
2018-07,870,2,1,65,0,0
2018-07,880,1,0,221,0,0
2018-07,880,1,1,275,0,0
2018-07,880,2,0,8,0,0
2018-07,880,2,1,5,0,0
2018-07,890,1,0,7,0,0
2018-07,890,1,1,17,0,0
2018-07,890,2,1,3,0,0
2018-08,410,1,1,1,0,0
2018-08,420,2,1,0,0,0
2018-08,430,1,1,3,0,0
2018-08,430,2,1,1,0,0
2018-08,440,1,1,1,0,0
2018-08,450,1,1,1,0,0
2018-08,450,2,1,0,0,0
2018-08,460,1,1,3,0,0
2018-08,460,2,1,3,0,0
2018-08,470,1,1,5,0,0
2018-08,470,2,1,3,0,0
2018-08,480,1,1,13,0,0
2018-08,480,2,1,3,0,0
2018-08,490,1,1,16,0,0
2018-08,490,2,1,4,0,0
2018-08,500,1,1,28,0,0
2018-08,500,2,1,15,1,0
2018-08,510,1,1,32,0,0
2018-08,510,2,1,12,0,0
2018-08,520,1,1,55,1,0
2018-08,520,2,1,17,0,0
2018-08,530,1,1,56,0,0
2018-08,530,2,1,25,0,0
2018-08,540,1,1,86,2,0
2018-08,540,2,1,38,0,0
2018-08,550,1,1,109,3,1
2018-08,550,2,1,25,0,0
2018-08,560,1,1,152,0,0
2018-08,560,2,1,38,0,0
2018-08,570,1,1,181,0,0
2018-08,570,2,1,51,0,0
2018-08,580,1,1,354,1,0
2018-08,580,2,1,98,0,0
2018-08,590,1,1,479,4,0
2018-08,590,2,1,167,3,0
2018-08,600,1,1,463,1,0
2018-08,600,2,1,195,1,0
2018-08,610,1,1,437,2,0
2018-08,610,2,1,212,2,0
2018-08,620,1,1,650,2,0
2018-08,620,2,1,312,1,0
2018-08,630,1,1,654,2,0
2018-08,630,2,1,263,2,0
2018-08,640,1,1,723,3,0
2018-08,640,2,1,265,0,0
2018-08,650,1,0,976,3,0
2018-08,650,1,1,3308,9,0
2018-08,650,2,0,172,2,0
2018-08,650,2,1,750,3,1
2018-08,660,1,0,1353,1,0
2018-08,660,1,1,4227,10,0
2018-08,660,2,0,157,0,0
2018-08,660,2,1,635,3,0
2018-08,670,1,0,1487,6,0
2018-08,670,1,1,4458,14,1
2018-08,670,2,0,147,0,0
2018-08,670,2,1,628,2,0
2018-08,680,1,0,1527,1,0
2018-08,680,1,1,4763,10,0
2018-08,680,2,0,192,1,0
2018-08,680,2,1,707,1,0
2018-08,690,1,0,1664,1,0
2018-08,690,1,1,4913,11,0
2018-08,690,2,0,188,0,0
2018-08,690,2,1,736,2,0
2018-08,700,1,0,1958,3,0
2018-08,700,1,1,6266,8,0
2018-08,700,2,0,311,0,0
2018-08,700,2,1,1003,2,0
2018-08,710,1,0,1706,1,0
2018-08,710,1,1,5761,6,1
2018-08,710,2,0,243,0,0
2018-08,710,2,1,774,2,0
2018-08,720,1,0,1995,3,0
2018-08,720,1,1,6955,4,0
2018-08,720,2,0,265,0,0
2018-08,720,2,1,911,0,0
2018-08,730,1,0,1863,0,0
2018-08,730,1,1,6553,2,0
2018-08,730,2,0,243,0,0
2018-08,730,2,1,758,2,0
2018-08,740,1,0,1767,1,0
2018-08,740,1,1,5928,4,0
2018-08,740,2,0,173,0,0
2018-08,740,2,1,689,1,0
2018-08,750,1,0,1822,0,0
2018-08,750,1,1,6061,1,0
2018-08,750,2,0,169,0,0
2018-08,750,2,1,617,2,0
2018-08,760,1,0,1494,0,0
2018-08,760,1,1,5049,3,0
2018-08,760,2,0,135,0,0
2018-08,760,2,1,516,0,0
2018-08,770,1,0,1662,2,0
2018-08,770,1,1,5575,2,0
2018-08,770,2,0,115,0,0
2018-08,770,2,1,545,0,0
2018-08,780,1,0,1588,0,0
2018-08,780,1,1,5675,0,0
2018-08,780,2,0,133,0,0
2018-08,780,2,1,453,0,0
2018-08,790,1,0,1487,0,0
2018-08,790,1,1,5180,3,0
2018-08,790,2,0,107,0,0
2018-08,790,2,1,423,0,0
2018-08,800,1,0,1802,0,0
2018-08,800,1,1,5821,1,0
2018-08,800,2,0,102,0,0
2018-08,800,2,1,447,0,0
2018-08,810,1,0,1517,0,0
2018-08,810,1,1,5286,1,0
2018-08,810,2,0,100,0,0
2018-08,810,2,1,407,0,0
2018-08,820,1,0,1589,0,0
2018-08,820,1,1,5539,0,0
2018-08,820,2,0,95,0,0
2018-08,820,2,1,397,0,0
2018-08,830,1,0,1582,0,0
2018-08,830,1,1,5064,1,0
2018-08,830,2,0,67,0,0
2018-08,830,2,1,333,0,0
2018-08,840,1,0,1383,0,0
2018-08,840,1,1,4384,1,0
2018-08,840,2,0,77,1,0
2018-08,840,2,1,263,0,0
2018-08,850,1,0,1347,0,0
2018-08,850,1,1,4426,1,0
2018-08,850,2,0,58,0,0
2018-08,850,2,1,272,0,0
2018-08,860,1,0,945,0,0
2018-08,860,1,1,2985,0,0
2018-08,860,2,0,41,0,0
2018-08,860,2,1,159,0,0
2018-08,870,1,0,582,0,0
2018-08,870,1,1,1784,0,0
2018-08,870,2,0,21,0,0
2018-08,870,2,1,74,0,0
2018-08,880,1,0,115,0,0
2018-08,880,1,1,378,0,0
2018-08,880,2,0,6,0,0
2018-08,880,2,1,6,0,0
2018-08,890,1,0,3,0,0
2018-08,890,1,1,21,0,0
2018-08,890,2,1,3,0,0
2018-09,410,1,1,1,0,0
2018-09,420,2,1,0,0,0
2018-09,430,1,1,3,0,0
2018-09,430,2,1,1,0,0
2018-09,440,1,1,1,0,0
2018-09,450,1,1,1,0,0
2018-09,450,2,1,0,0,0
2018-09,460,1,1,3,0,0
2018-09,460,2,1,3,0,0
2018-09,470,1,1,5,0,0
2018-09,470,2,1,3,0,0
2018-09,480,1,1,13,0,0
2018-09,480,2,1,3,0,0
2018-09,490,1,1,16,0,0
2018-09,490,2,1,4,0,0
2018-09,500,1,1,27,1,0
2018-09,500,2,1,13,1,0
2018-09,510,1,1,31,0,0
2018-09,510,2,1,12,0,0
2018-09,520,1,1,51,1,0
2018-09,520,2,1,17,0,0
2018-09,530,1,1,55,0,0
2018-09,530,2,1,24,0,0
2018-09,540,1,1,83,1,0
2018-09,540,2,1,36,1,0
2018-09,550,1,1,101,0,0
2018-09,550,2,1,24,0,0
2018-09,560,1,1,147,2,0
2018-09,560,2,1,35,0,0
2018-09,570,1,1,176,1,0
2018-09,570,2,1,51,1,0
2018-09,580,1,1,340,3,0
2018-09,580,2,1,96,0,0
2018-09,590,1,1,453,5,0
2018-09,590,2,1,159,0,0
2018-09,600,1,1,449,4,1
2018-09,600,2,1,190,1,0
2018-09,610,1,1,414,6,0
2018-09,610,2,1,203,0,0
2018-09,620,1,1,626,1,0
2018-09,620,2,1,301,3,1
2018-09,630,1,1,624,3,1
2018-09,630,2,1,256,2,0
2018-09,640,1,1,694,0,0
2018-09,640,2,1,252,2,0
2018-09,650,1,0,1987,6,0
2018-09,650,1,1,3197,16,0
2018-09,650,2,0,318,1,0
2018-09,650,2,1,726,1,0
2018-09,660,1,0,2731,5,0
2018-09,660,1,1,4119,11,1
2018-09,660,2,0,279,0,0
2018-09,660,2,1,616,1,1
2018-09,670,1,0,2872,5,0
2018-09,670,1,1,4324,14,0
2018-09,670,2,0,285,1,0
2018-09,670,2,1,605,3,0
2018-09,680,1,0,3060,2,0
2018-09,680,1,1,4638,9,0
2018-09,680,2,0,371,0,0
2018-09,680,2,1,683,3,0
2018-09,690,1,0,3189,5,0
2018-09,690,1,1,4802,3,0
2018-09,690,2,0,357,2,0
2018-09,690,2,1,719,0,0
2018-09,700,1,0,3934,1,0
2018-09,700,1,1,6130,9,0
2018-09,700,2,0,581,0,0
2018-09,700,2,1,979,0,0
2018-09,710,1,0,3341,4,0
2018-09,710,1,1,5627,9,0
2018-09,710,2,0,497,0,0
2018-09,710,2,1,751,0,0
2018-09,720,1,0,3987,1,0
2018-09,720,1,1,6821,11,1
2018-09,720,2,0,516,0,0
2018-09,720,2,1,899,1,0
2018-09,730,1,0,3720,4,0
2018-09,730,1,1,6423,5,0
2018-09,730,2,0,464,0,0
2018-09,730,2,1,744,0,0
2018-09,740,1,0,3469,2,0
2018-09,740,1,1,5795,3,0
2018-09,740,2,0,348,0,0
2018-09,740,2,1,676,0,0
2018-09,750,1,0,3544,0,0
2018-09,750,1,1,5930,5,0
2018-09,750,2,0,350,1,0
2018-09,750,2,1,605,1,0
2018-09,760,1,0,2990,0,0
2018-09,760,1,1,4927,0,0
2018-09,760,2,0,298,1,0
2018-09,760,2,1,499,1,0
2018-09,770,1,0,3290,0,0
2018-09,770,1,1,5444,0,0
2018-09,770,2,0,289,0,0
2018-09,770,2,1,538,0,0
2018-09,780,1,0,3185,0,0
2018-09,780,1,1,5534,0,0
2018-09,780,2,0,268,0,0
2018-09,780,2,1,443,0,0
2018-09,790,1,0,2992,0,0
2018-09,790,1,1,5059,0,0
2018-09,790,2,0,235,1,0
2018-09,790,2,1,420,0,0
2018-09,800,1,0,3562,0,0
2018-09,800,1,1,5685,0,0
2018-09,800,2,0,231,0,0
2018-09,800,2,1,437,1,0
2018-09,810,1,0,3007,0,0
2018-09,810,1,1,5152,1,0
2018-09,810,2,0,205,0,0
2018-09,810,2,1,401,0,0
2018-09,820,1,0,3155,0,0
2018-09,820,1,1,5405,1,0
2018-09,820,2,0,188,0,0
2018-09,820,2,1,388,0,0
2018-09,830,1,0,3043,1,0
2018-09,830,1,1,4958,0,0
2018-09,830,2,0,171,0,0
2018-09,830,2,1,327,0,0
2018-09,840,1,0,2635,0,0
2018-09,840,1,1,4293,0,0
2018-09,840,2,0,140,0,0
2018-09,840,2,1,257,0,0
2018-09,850,1,0,2699,0,0
2018-09,850,1,1,4322,0,0
2018-09,850,2,0,128,0,0
2018-09,850,2,1,269,0,0
2018-09,860,1,0,1855,0,0
2018-09,860,1,1,2934,0,0
2018-09,860,2,0,74,0,0
2018-09,860,2,1,157,0,0
2018-09,870,1,0,1209,0,0
2018-09,870,1,1,1753,0,0
2018-09,870,2,0,48,0,0
2018-09,870,2,1,73,0,0
2018-09,880,1,0,225,0,0
2018-09,880,1,1,369,0,0
2018-09,880,2,0,11,0,0
2018-09,880,2,1,6,0,0
2018-09,890,1,0,7,0,0
2018-09,890,1,1,21,0,0
2018-09,890,2,1,3,0,0
2018-10,410,1,1,1,0,0
2018-10,420,2,1,0,0,0
2018-10,430,1,1,2,0,0
2018-10,430,2,1,1,0,0
2018-10,440,1,1,1,0,0
2018-10,450,1,1,1,0,0
2018-10,450,2,1,0,0,0
2018-10,460,1,1,2,0,0
2018-10,460,2,1,3,0,0
2018-10,470,1,1,5,1,1
2018-10,470,2,1,3,0,0
2018-10,480,1,1,13,0,0
2018-10,480,2,1,3,0,0
2018-10,490,1,1,16,0,0
2018-10,490,2,1,4,0,0
2018-10,500,1,1,26,0,0
2018-10,500,2,1,10,0,0
2018-10,510,1,1,30,1,0
2018-10,510,2,1,12,0,0
2018-10,520,1,1,49,1,0
2018-10,520,2,1,16,0,0
2018-10,530,1,1,52,0,0
2018-10,530,2,1,23,1,0
2018-10,540,1,1,81,1,0
2018-10,540,2,1,34,0,0
2018-10,550,1,1,95,2,0
2018-10,550,2,1,21,0,0
2018-10,560,1,1,135,1,0
2018-10,560,2,1,34,0,0
2018-10,570,1,1,170,0,0
2018-10,570,2,1,46,0,0
2018-10,580,1,1,324,2,0
2018-10,580,2,1,93,0,0
2018-10,590,1,1,436,4,1
2018-10,590,2,1,154,1,0
2018-10,600,1,1,435,2,0
2018-10,600,2,1,183,5,0
2018-10,610,1,1,395,2,0
2018-10,610,2,1,202,1,0
2018-10,620,1,1,606,4,0
2018-10,620,2,1,291,5,0
2018-10,630,1,1,597,5,0
2018-10,630,2,1,249,0,0
2018-10,640,1,1,674,4,0
2018-10,640,2,1,246,1,0
2018-10,650,1,0,1970,9,0
2018-10,650,1,1,3090,13,1
2018-10,650,2,0,312,1,0
2018-10,650,2,1,706,6,0
2018-10,660,1,0,2707,5,0
2018-10,660,1,1,4002,10,0
2018-10,660,2,0,273,0,0
2018-10,660,2,1,603,0,0
2018-10,670,1,0,2839,4,0
2018-10,670,1,1,4194,13,2
2018-10,670,2,0,281,0,0
2018-10,670,2,1,586,0,0
2018-10,680,1,0,3028,4,0
2018-10,680,1,1,4529,10,0
2018-10,680,2,0,363,1,0
2018-10,680,2,1,673,4,1
2018-10,690,1,0,3147,2,0
2018-10,690,1,1,4683,9,0
2018-10,690,2,0,352,0,0
2018-10,690,2,1,700,3,0
2018-10,700,1,0,3899,3,0
2018-10,700,1,1,5991,7,0
2018-10,700,2,0,580,0,0
2018-10,700,2,1,962,0,0
2018-10,710,1,0,3309,3,0
2018-10,710,1,1,5513,8,0
2018-10,710,2,0,490,0,0
2018-10,710,2,1,739,2,0
2018-10,720,1,0,3953,4,0
2018-10,720,1,1,6677,6,0
2018-10,720,2,0,510,1,0
2018-10,720,2,1,879,1,0
2018-10,730,1,0,3682,1,0
2018-10,730,1,1,6274,6,0
2018-10,730,2,0,457,0,0
2018-10,730,2,1,727,0,0
2018-10,740,1,0,3437,0,0
2018-10,740,1,1,5680,2,0
2018-10,740,2,0,347,0,0
2018-10,740,2,1,660,2,0
2018-10,750,1,0,3509,3,0
2018-10,750,1,1,5810,2,0
2018-10,750,2,0,347,0,0
2018-10,750,2,1,597,0,0
2018-10,760,1,0,2961,1,0
2018-10,760,1,1,4826,0,0
2018-10,760,2,0,294,0,0
2018-10,760,2,1,494,1,0
2018-10,770,1,0,3245,1,0
2018-10,770,1,1,5337,3,0
2018-10,770,2,0,288,0,0
2018-10,770,2,1,526,1,0
2018-10,780,1,0,3139,0,0
2018-10,780,1,1,5424,0,0
2018-10,780,2,0,263,0,0
2018-10,780,2,1,435,0,0
2018-10,790,1,0,2958,0,0
2018-10,790,1,1,4943,1,0
2018-10,790,2,0,232,0,0
2018-10,790,2,1,411,0,0
2018-10,800,1,0,3509,0,0
2018-10,800,1,1,5585,1,0
2018-10,800,2,0,223,0,0
2018-10,800,2,1,423,0,0
2018-10,810,1,0,2972,0,0
2018-10,810,1,1,5050,1,0
2018-10,810,2,0,205,0,0
2018-10,810,2,1,398,1,0
2018-10,820,1,0,3125,0,0
2018-10,820,1,1,5281,1,0
2018-10,820,2,0,184,0,0
2018-10,820,2,1,381,0,0
2018-10,830,1,0,3007,0,0
2018-10,830,1,1,4849,1,0
2018-10,830,2,0,168,0,0
2018-10,830,2,1,316,1,0
2018-10,840,1,0,2612,0,0
2018-10,840,1,1,4201,1,0
2018-10,840,2,0,136,0,0
2018-10,840,2,1,256,0,0
2018-10,850,1,0,2670,0,0
2018-10,850,1,1,4243,0,0
2018-10,850,2,0,125,0,0
2018-10,850,2,1,267,0,0
2018-10,860,1,0,1835,0,0
2018-10,860,1,1,2888,0,0
2018-10,860,2,0,73,0,0
2018-10,860,2,1,155,0,0
2018-10,870,1,0,1197,0,0
2018-10,870,1,1,1724,0,0
2018-10,870,2,0,48,0,0
2018-10,870,2,1,73,0,0
2018-10,880,1,0,224,0,0
2018-10,880,1,1,361,0,0
2018-10,880,2,0,11,0,0
2018-10,880,2,1,6,0,0
2018-10,890,1,0,7,0,0
2018-10,890,1,1,20,0,0
2018-10,890,2,1,3,0,0
2018-11,410,1,1,1,0,0
2018-11,420,2,1,0,0,0
2018-11,430,1,1,2,0,0
2018-11,430,2,1,1,0,0
2018-11,440,1,1,1,0,0
2018-11,450,1,1,1,0,0
2018-11,450,2,1,0,0,0
2018-11,460,1,1,2,0,0
2018-11,460,2,1,3,0,0
2018-11,470,1,1,4,0,0
2018-11,470,2,1,3,0,0
2018-11,480,1,1,13,1,0
2018-11,480,2,1,3,0,0
2018-11,490,1,1,13,0,0
2018-11,490,2,1,4,0,0
2018-11,500,1,1,26,0,0
2018-11,500,2,1,10,0,0
2018-11,510,1,1,28,0,0
2018-11,510,2,1,12,0,0
2018-11,520,1,1,48,0,0
2018-11,520,2,1,15,0,0
2018-11,530,1,1,52,2,1
2018-11,530,2,1,21,0,0
2018-11,540,1,1,77,1,0
2018-11,540,2,1,34,0,0
2018-11,550,1,1,91,0,0
2018-11,550,2,1,20,0,0
2018-11,560,1,1,130,1,0
2018-11,560,2,1,34,0,0
2018-11,570,1,1,163,0,0
2018-11,570,2,1,44,0,0
2018-11,580,1,1,313,8,0
2018-11,580,2,1,90,1,0
2018-11,590,1,1,414,8,1
2018-11,590,2,1,150,4,0
2018-11,600,1,1,418,1,0
2018-11,600,2,1,173,2,1
2018-11,610,1,1,372,3,0
2018-11,610,2,1,196,3,0
2018-11,620,1,1,570,0,0
2018-11,620,2,1,282,2,0
2018-11,630,1,1,576,4,0
2018-11,630,2,1,238,1,0
2018-11,640,1,1,641,2,0
2018-11,640,2,1,236,0,0
2018-11,650,1,0,1937,12,1
2018-11,650,1,1,2983,19,0
2018-11,650,2,0,302,0,0
2018-11,650,2,1,681,5,0
2018-11,660,1,0,2681,10,0
2018-11,660,1,1,3887,10,0
2018-11,660,2,0,265,3,0
2018-11,660,2,1,586,2,0
2018-11,670,1,0,2809,9,0
2018-11,670,1,1,4074,11,0
2018-11,670,2,0,273,1,0
2018-11,670,2,1,564,1,0
2018-11,680,1,0,2992,7,0
2018-11,680,1,1,4401,12,0
2018-11,680,2,0,358,2,0
2018-11,680,2,1,649,1,0
2018-11,690,1,0,3112,8,0
2018-11,690,1,1,4567,7,1
2018-11,690,2,0,350,0,0
2018-11,690,2,1,677,2,0
2018-11,700,1,0,3854,1,0
2018-11,700,1,1,5858,9,1
2018-11,700,2,0,568,0,0
2018-11,700,2,1,937,3,0
2018-11,710,1,0,3278,7,2
2018-11,710,1,1,5378,1,0
2018-11,710,2,0,486,1,0
2018-11,710,2,1,719,0,0
2018-11,720,1,0,3908,2,0
2018-11,720,1,1,6554,12,1
2018-11,720,2,0,501,0,0
2018-11,720,2,1,859,1,0
2018-11,730,1,0,3638,3,0
2018-11,730,1,1,6128,5,0
2018-11,730,2,0,449,0,0
2018-11,730,2,1,707,0,0
2018-11,740,1,0,3402,6,0
2018-11,740,1,1,5558,12,0
2018-11,740,2,0,343,0,0
2018-11,740,2,1,636,0,0
2018-11,750,1,0,3470,1,0
2018-11,750,1,1,5685,4,0
2018-11,750,2,0,340,0,0
2018-11,750,2,1,588,0,0
2018-11,760,1,0,2915,0,0
2018-11,760,1,1,4733,1,0
2018-11,760,2,0,288,0,0
2018-11,760,2,1,481,1,0
2018-11,770,1,0,3201,1,0
2018-11,770,1,1,5221,0,0
2018-11,770,2,0,282,0,0
2018-11,770,2,1,509,1,0
2018-11,780,1,0,3100,0,0
2018-11,780,1,1,5289,0,0
2018-11,780,2,0,262,0,0
2018-11,780,2,1,424,1,0
2018-11,790,1,0,2936,1,0
2018-11,790,1,1,4840,2,1
2018-11,790,2,0,229,0,0
2018-11,790,2,1,404,0,0
2018-11,800,1,0,3448,1,0
2018-11,800,1,1,5468,3,0
2018-11,800,2,0,221,0,0
2018-11,800,2,1,415,1,0
2018-11,810,1,0,2925,0,0
2018-11,810,1,1,4957,2,0
2018-11,810,2,0,202,0,0
2018-11,810,2,1,389,0,0
2018-11,820,1,0,3088,0,0
2018-11,820,1,1,5181,0,0
2018-11,820,2,0,180,0,0
2018-11,820,2,1,372,0,0
2018-11,830,1,0,2972,0,0
2018-11,830,1,1,4742,1,0
2018-11,830,2,0,168,0,0
2018-11,830,2,1,307,0,0
2018-11,840,1,0,2572,0,0
2018-11,840,1,1,4125,1,0
2018-11,840,2,0,129,0,0
2018-11,840,2,1,249,0,0
2018-11,850,1,0,2632,0,0
2018-11,850,1,1,4165,0,0
2018-11,850,2,0,121,0,0
2018-11,850,2,1,263,1,0
2018-11,860,1,0,1811,0,0
2018-11,860,1,1,2828,0,0
2018-11,860,2,0,71,0,0
2018-11,860,2,1,151,0,0
2018-11,870,1,0,1182,1,0
2018-11,870,1,1,1697,0,0
2018-11,870,2,0,48,0,0
2018-11,870,2,1,72,0,0
2018-11,880,1,0,222,0,0
2018-11,880,1,1,356,0,0
2018-11,880,2,0,10,0,0
2018-11,880,2,1,6,0,0
2018-11,890,1,0,7,0,0
2018-11,890,1,1,20,0,0
2018-11,890,2,1,3,0,0
2018-12,410,1,1,1,0,0
2018-12,420,2,1,0,0,0
2018-12,430,1,1,2,0,0
2018-12,430,2,1,1,0,0
2018-12,440,1,1,1,0,0
2018-12,450,1,1,1,0,0
2018-12,450,2,1,0,0,0
2018-12,460,1,1,2,0,0
2018-12,460,2,1,3,0,0
2018-12,470,1,1,4,0,0
2018-12,470,2,1,3,0,0
2018-12,480,1,1,12,0,0
2018-12,480,2,1,3,0,0
2018-12,490,1,1,13,0,0
2018-12,490,2,1,4,0,0
2018-12,500,1,1,25,1,0
2018-12,500,2,1,9,0,0
2018-12,510,1,1,27,0,0
2018-12,510,2,1,12,0,0
2018-12,520,1,1,45,1,0
2018-12,520,2,1,15,0,0
2018-12,530,1,1,48,0,0
2018-12,530,2,1,20,0,0
2018-12,540,1,1,71,0,0
2018-12,540,2,1,34,0,0
2018-12,550,1,1,90,1,0
2018-12,550,2,1,18,0,0
2018-12,560,1,1,125,3,1
2018-12,560,2,1,34,1,0
2018-12,570,1,1,157,2,1
2018-12,570,2,1,44,1,0
2018-12,580,1,1,299,2,1
2018-12,580,2,1,87,1,0
2018-12,590,1,1,395,2,1
2018-12,590,2,1,141,0,0
2018-12,600,1,1,405,3,0
2018-12,600,2,1,168,1,0
2018-12,610,1,1,360,1,0
2018-12,610,2,1,188,2,0
2018-12,620,1,1,556,2,0
2018-12,620,2,1,273,1,0
2018-12,630,1,1,547,5,0
2018-12,630,2,1,231,1,0
2018-12,640,1,1,607,4,0
2018-12,640,2,1,229,2,0
2018-12,650,1,0,1000,3,0
2018-12,650,1,1,3778,10,1
2018-12,650,2,0,145,1,0
2018-12,650,2,1,815,1,0
2018-12,660,1,0,1373,5,0
2018-12,660,1,1,5056,11,1
2018-12,660,2,0,121,0,0
2018-12,660,2,1,705,2,0
2018-12,670,1,0,1372,2,0
2018-12,670,1,1,5370,14,0
2018-12,670,2,0,134,1,0
2018-12,670,2,1,685,2,0
2018-12,680,1,0,1501,2,0
2018-12,680,1,1,5741,9,0
2018-12,680,2,0,174,0,0
2018-12,680,2,1,808,2,1
2018-12,690,1,0,1492,4,0
2018-12,690,1,1,6021,12,1
2018-12,690,2,0,167,0,0
2018-12,690,2,1,833,3,0
2018-12,700,1,0,1952,2,0
2018-12,700,1,1,7604,9,1
2018-12,700,2,0,266,0,0
2018-12,700,2,1,1214,5,0
2018-12,710,1,0,1617,1,0
2018-12,710,1,1,6875,6,1
2018-12,710,2,0,250,1,0
2018-12,710,2,1,932,0,0
2018-12,720,1,0,1965,0,0
2018-12,720,1,1,8331,12,0
2018-12,720,2,0,251,0,0
2018-12,720,2,1,1087,1,0
2018-12,730,1,0,1824,1,0
2018-12,730,1,1,7790,7,1
2018-12,730,2,0,211,0,0
2018-12,730,2,1,923,0,0
2018-12,740,1,0,1678,2,0
2018-12,740,1,1,7125,6,0
2018-12,740,2,0,175,0,0
2018-12,740,2,1,784,0,0
2018-12,750,1,0,1693,2,0
2018-12,750,1,1,7306,4,0
2018-12,750,2,0,176,0,0
2018-12,750,2,1,735,0,0
2018-12,760,1,0,1470,1,0
2018-12,760,1,1,6063,4,0
2018-12,760,2,0,157,0,0
2018-12,760,2,1,594,0,0
2018-12,770,1,0,1578,0,0
2018-12,770,1,1,6706,1,0
2018-12,770,2,0,170,0,0
2018-12,770,2,1,608,2,0
2018-12,780,1,0,1550,1,0
2018-12,780,1,1,6686,2,0
2018-12,780,2,0,131,1,1
2018-12,780,2,1,535,2,0
2018-12,790,1,0,1479,0,0
2018-12,790,1,1,6166,1,0
2018-12,790,2,0,123,0,0
2018-12,790,2,1,504,0,0
2018-12,800,1,0,1701,0,0
2018-12,800,1,1,7073,1,0
2018-12,800,2,0,122,0,0
2018-12,800,2,1,499,1,0
2018-12,810,1,0,1456,0,0
2018-12,810,1,1,6280,0,0
2018-12,810,2,0,104,0,0
2018-12,810,2,1,477,0,0
2018-12,820,1,0,1529,0,0
2018-12,820,1,1,6605,0,0
2018-12,820,2,0,88,0,0
2018-12,820,2,1,453,0,0
2018-12,830,1,0,1437,0,0
2018-12,830,1,1,6158,1,0
2018-12,830,2,0,99,0,0
2018-12,830,2,1,369,0,0
2018-12,840,1,0,1232,0,0
2018-12,840,1,1,5365,0,0
2018-12,840,2,0,61,0,0
2018-12,840,2,1,310,1,0
2018-12,850,1,0,1319,0,0
2018-12,850,1,1,5378,0,0
2018-12,850,2,0,66,0,0
2018-12,850,2,1,310,0,0
2018-12,860,1,0,889,0,0
2018-12,860,1,1,3684,0,0
2018-12,860,2,0,34,0,0
2018-12,860,2,1,185,0,0
2018-12,870,1,0,613,0,0
2018-12,870,1,1,2232,0,0
2018-12,870,2,0,27,0,0
2018-12,870,2,1,93,0,0
2018-12,880,1,0,107,0,0
2018-12,880,1,1,466,0,0
2018-12,880,2,0,4,0,0
2018-12,880,2,1,12,0,0
2018-12,890,1,0,4,0,0
2018-12,890,1,1,22,0,0
2018-12,890,2,1,3,0,0
2019-01,410,1,1,1,0,0
2019-01,420,2,1,0,0,0
2019-01,430,1,1,2,0,0
2019-01,430,2,1,1,0,0
2019-01,440,1,1,1,0,0
2019-01,450,1,1,1,0,0
2019-01,450,2,1,0,0,0
2019-01,460,1,1,2,0,0
2019-01,460,2,1,3,0,0
2019-01,470,1,1,4,0,0
2019-01,470,2,1,3,0,0
2019-01,480,1,1,12,0,0
2019-01,480,2,1,3,1,0
2019-01,490,1,1,13,0,0
2019-01,490,2,1,4,0,0
2019-01,500,1,1,22,0,0
2019-01,500,2,1,8,0,0
2019-01,510,1,1,27,0,0
2019-01,510,2,1,12,0,0
2019-01,520,1,1,43,1,0
2019-01,520,2,1,15,0,0
2019-01,530,1,1,46,2,0
2019-01,530,2,1,20,0,0
2019-01,540,1,1,69,4,0
2019-01,540,2,1,34,1,0
2019-01,550,1,1,87,0,0
2019-01,550,2,1,15,0,0
2019-01,560,1,1,119,0,0
2019-01,560,2,1,33,0,0
2019-01,570,1,1,152,0,0
2019-01,570,2,1,42,0,0
2019-01,580,1,1,287,3,1
2019-01,580,2,1,83,1,0
2019-01,590,1,1,380,4,0
2019-01,590,2,1,139,1,0
2019-01,600,1,1,389,1,0
2019-01,600,2,1,164,1,0
2019-01,610,1,1,350,0,0
2019-01,610,2,1,176,0,0
2019-01,620,1,1,539,4,1
2019-01,620,2,1,263,2,0
2019-01,630,1,1,525,4,0
2019-01,630,2,1,223,0,0
2019-01,640,1,1,584,3,0
2019-01,640,2,1,226,1,0
2019-01,650,1,0,2053,4,0
2019-01,650,1,1,3663,19,1
2019-01,650,2,0,265,3,1
2019-01,650,2,1,783,5,0
2019-01,660,1,0,2814,5,0
2019-01,660,1,1,4921,20,1
2019-01,660,2,0,232,0,0
2019-01,660,2,1,679,5,1
2019-01,670,1,0,2985,6,0
2019-01,670,1,1,5249,9,0
2019-01,670,2,0,272,0,0
2019-01,670,2,1,669,2,0
2019-01,680,1,0,3246,4,0
2019-01,680,1,1,5606,14,1
2019-01,680,2,0,365,0,0
2019-01,680,2,1,784,2,0
2019-01,690,1,0,3336,1,0
2019-01,690,1,1,5892,18,2
2019-01,690,2,0,359,0,0
2019-01,690,2,1,817,1,0
2019-01,700,1,0,4175,3,0
2019-01,700,1,1,7439,12,0
2019-01,700,2,0,557,0,0
2019-01,700,2,1,1187,2,0
2019-01,710,1,0,3619,5,0
2019-01,710,1,1,6734,12,0
2019-01,710,2,0,472,0,0
2019-01,710,2,1,919,0,0
2019-01,720,1,0,4391,1,0
2019-01,720,1,1,8165,5,0
2019-01,720,2,0,521,1,0
2019-01,720,2,1,1069,2,1
2019-01,730,1,0,4055,5,0
2019-01,730,1,1,7658,7,0
2019-01,730,2,0,446,1,0
2019-01,730,2,1,907,2,0
2019-01,740,1,0,3703,1,0
2019-01,740,1,1,6994,4,0
2019-01,740,2,0,380,0,0
2019-01,740,2,1,763,0,0
2019-01,750,1,0,3929,1,0
2019-01,750,1,1,7165,4,0
2019-01,750,2,0,366,0,0
2019-01,750,2,1,718,4,0
2019-01,760,1,0,3415,0,0
2019-01,760,1,1,5948,2,0
2019-01,760,2,0,298,0,0
2019-01,760,2,1,585,1,0
2019-01,770,1,0,3625,4,0
2019-01,770,1,1,6601,2,0
2019-01,770,2,0,333,0,0
2019-01,770,2,1,597,0,0
2019-01,780,1,0,3638,0,0
2019-01,780,1,1,6558,1,0
2019-01,780,2,0,279,0,0
2019-01,780,2,1,527,0,0
2019-01,790,1,0,3354,0,0
2019-01,790,1,1,6049,2,0
2019-01,790,2,0,247,0,0
2019-01,790,2,1,496,1,0
2019-01,800,1,0,3824,0,0
2019-01,800,1,1,6948,2,1
2019-01,800,2,0,258,0,0
2019-01,800,2,1,484,0,0
2019-01,810,1,0,3356,1,0
2019-01,810,1,1,6164,0,0
2019-01,810,2,0,208,0,0
2019-01,810,2,1,470,1,0
2019-01,820,1,0,3557,1,0
2019-01,820,1,1,6490,0,0
2019-01,820,2,0,199,0,0
2019-01,820,2,1,447,1,0
2019-01,830,1,0,3377,0,0
2019-01,830,1,1,6031,1,0
2019-01,830,2,0,205,0,0
2019-01,830,2,1,368,0,0
2019-01,840,1,0,2914,0,0
2019-01,840,1,1,5272,0,0
2019-01,840,2,0,124,0,0
2019-01,840,2,1,303,0,0
2019-01,850,1,0,2942,1,0
2019-01,850,1,1,5282,0,0
2019-01,850,2,0,138,0,0
2019-01,850,2,1,302,0,0
2019-01,860,1,0,2005,0,0
2019-01,860,1,1,3630,0,0
2019-01,860,2,0,79,0,0
2019-01,860,2,1,181,0,0
2019-01,870,1,0,1340,0,0
2019-01,870,1,1,2202,0,0
2019-01,870,2,0,44,0,0
2019-01,870,2,1,89,0,0
2019-01,880,1,0,234,0,0
2019-01,880,1,1,462,0,0
2019-01,880,2,0,10,0,0
2019-01,880,2,1,11,0,0
2019-01,890,1,0,7,0,0
2019-01,890,1,1,21,0,0
2019-01,890,2,1,3,0,0
2019-02,410,1,1,1,0,0
2019-02,420,2,1,0,0,0
2019-02,430,1,1,2,0,0
2019-02,430,2,1,1,0,0
2019-02,440,1,1,1,0,0
2019-02,450,1,1,1,0,0
2019-02,450,2,1,0,0,0
2019-02,460,1,1,2,0,0
2019-02,460,2,1,3,0,0
2019-02,470,1,1,3,0,0
2019-02,470,2,1,3,0,0
2019-02,480,1,1,12,0,0
2019-02,480,2,1,2,0,0
2019-02,490,1,1,13,0,0
2019-02,490,2,1,4,0,0
2019-02,500,1,1,21,1,0
2019-02,500,2,1,8,0,0
2019-02,510,1,1,26,0,0
2019-02,510,2,1,12,0,0
2019-02,520,1,1,40,0,0
2019-02,520,2,1,15,0,0
2019-02,530,1,1,43,1,0
2019-02,530,2,1,18,1,0
2019-02,540,1,1,65,0,0
2019-02,540,2,1,32,0,0
2019-02,550,1,1,84,2,0
2019-02,550,2,1,13,0,0
2019-02,560,1,1,111,0,0
2019-02,560,2,1,32,0,0
2019-02,570,1,1,149,1,0
2019-02,570,2,1,40,1,0
2019-02,580,1,1,275,2,1
2019-02,580,2,1,80,0,0
2019-02,590,1,1,367,6,0
2019-02,590,2,1,133,0,0
2019-02,600,1,1,372,0,0
2019-02,600,2,1,156,0,0
2019-02,610,1,1,335,3,0
2019-02,610,2,1,171,2,0
2019-02,620,1,1,515,4,0
2019-02,620,2,1,252,0,0
2019-02,630,1,1,503,2,0
2019-02,630,2,1,217,0,0
2019-02,640,1,1,558,2,0
2019-02,640,2,1,217,2,0
2019-02,650,1,0,1058,0,0
2019-02,650,1,1,4527,23,2
2019-02,650,2,0,122,0,0
2019-02,650,2,1,887,4,0
2019-02,660,1,0,1439,3,0
2019-02,660,1,1,6129,25,2
2019-02,660,2,0,112,0,0
2019-02,660,2,1,772,3,0
2019-02,670,1,0,1613,3,0
2019-02,670,1,1,6458,18,1
2019-02,670,2,0,141,0,0
2019-02,670,2,1,782,1,0
2019-02,680,1,0,1745,0,0
2019-02,680,1,1,6952,18,1
2019-02,680,2,0,190,0,0
2019-02,680,2,1,921,3,0
2019-02,690,1,0,1837,2,0
2019-02,690,1,1,7204,17,0
2019-02,690,2,0,193,0,0
2019-02,690,2,1,955,4,0
2019-02,700,1,0,2199,4,0
2019-02,700,1,1,9182,16,1
2019-02,700,2,0,295,0,0
2019-02,700,2,1,1407,1,0
2019-02,710,1,0,1983,2,0
2019-02,710,1,1,8168,10,1
2019-02,710,2,0,222,0,0
2019-02,710,2,1,1140,1,0
2019-02,720,1,0,2432,1,0
2019-02,720,1,1,9917,12,0
2019-02,720,2,0,269,0,0
2019-02,720,2,1,1297,2,0
2019-02,730,1,0,2231,0,0
2019-02,730,1,1,9278,7,0
2019-02,730,2,0,232,0,0
2019-02,730,2,1,1092,0,0
2019-02,740,1,0,2015,1,0
2019-02,740,1,1,8497,11,0
2019-02,740,2,0,205,0,0
2019-02,740,2,1,922,1,0
2019-02,750,1,0,2231,0,0
2019-02,750,1,1,8681,5,0
2019-02,750,2,0,191,0,0
2019-02,750,2,1,865,1,0
2019-02,760,1,0,1940,1,0
2019-02,760,1,1,7245,4,0
2019-02,760,2,0,141,0,0
2019-02,760,2,1,728,0,0
2019-02,770,1,0,2033,0,0
2019-02,770,1,1,7985,1,0
2019-02,770,2,0,162,0,0
2019-02,770,2,1,744,1,1
2019-02,780,1,0,2077,0,0
2019-02,780,1,1,7935,3,0
2019-02,780,2,0,150,0,0
2019-02,780,2,1,646,0,0
2019-02,790,1,0,1854,0,0
2019-02,790,1,1,7371,5,0
2019-02,790,2,0,123,0,0
2019-02,790,2,1,607,0,0
2019-02,800,1,0,2105,0,0
2019-02,800,1,1,8460,4,1
2019-02,800,2,0,138,0,0
2019-02,800,2,1,590,0,0
2019-02,810,1,0,1879,1,0
2019-02,810,1,1,7462,0,0
2019-02,810,2,0,103,0,0
2019-02,810,2,1,558,0,0
2019-02,820,1,0,1994,0,0
2019-02,820,1,1,7842,2,0
2019-02,820,2,0,111,0,0
2019-02,820,2,1,516,0,0
2019-02,830,1,0,1916,1,0
2019-02,830,1,1,7331,4,0
2019-02,830,2,0,108,0,0
2019-02,830,2,1,458,0,0
2019-02,840,1,0,1671,0,0
2019-02,840,1,1,6383,3,0
2019-02,840,2,0,64,0,0
2019-02,840,2,1,356,0,0
2019-02,850,1,0,1596,0,0
2019-02,850,1,1,6469,0,0
2019-02,850,2,0,72,0,0
2019-02,850,2,1,363,0,0
2019-02,860,1,0,1108,0,0
2019-02,860,1,1,4426,1,0
2019-02,860,2,0,44,0,0
2019-02,860,2,1,211,0,0
2019-02,870,1,0,721,0,0
2019-02,870,1,1,2756,0,0
2019-02,870,2,0,17,0,0
2019-02,870,2,1,114,0,0
2019-02,880,1,0,126,0,0
2019-02,880,1,1,558,0,0
2019-02,880,2,0,6,0,0
2019-02,880,2,1,15,0,0
2019-02,890,1,0,4,0,0
2019-02,890,1,1,24,0,0
2019-02,890,2,1,3,0,0
2019-03,410,1,1,1,0,0
2019-03,420,2,1,0,0,0
2019-03,430,1,1,2,0,0
2019-03,430,2,1,1,0,0
2019-03,440,1,1,1,0,0
2019-03,450,1,1,1,0,0
2019-03,450,2,1,0,0,0
2019-03,460,1,1,2,0,0
2019-03,460,2,1,2,0,0
2019-03,470,1,1,3,0,0
2019-03,470,2,1,3,0,0
2019-03,480,1,1,12,0,0
2019-03,480,2,1,2,0,0
2019-03,490,1,1,13,0,0
2019-03,490,2,1,4,0,0
2019-03,500,1,1,20,0,0
2019-03,500,2,1,7,0,0
2019-03,510,1,1,26,1,0
2019-03,510,2,1,12,0,0
2019-03,520,1,1,40,0,0
2019-03,520,2,1,15,0,0
2019-03,530,1,1,40,0,0
2019-03,530,2,1,17,0,0
2019-03,540,1,1,61,0,0
2019-03,540,2,1,31,1,0
2019-03,550,1,1,81,0,0
2019-03,550,2,1,12,0,0
2019-03,560,1,1,108,3,0
2019-03,560,2,1,31,0,0
2019-03,570,1,1,145,1,0
2019-03,570,2,1,39,2,1
2019-03,580,1,1,266,2,0
2019-03,580,2,1,78,2,0
2019-03,590,1,1,352,2,0
2019-03,590,2,1,128,0,0
2019-03,600,1,1,361,3,1
2019-03,600,2,1,152,1,0
2019-03,610,1,1,323,5,0
2019-03,610,2,1,166,0,0
2019-03,620,1,1,499,6,0
2019-03,620,2,1,248,0,0
2019-03,630,1,1,488,3,0
2019-03,630,2,1,210,2,0
2019-03,640,1,1,538,3,0
2019-03,640,2,1,213,1,0
2019-03,650,1,0,1049,2,0
2019-03,650,1,1,4410,12,0
2019-03,650,2,0,121,0,0
2019-03,650,2,1,866,4,0
2019-03,660,1,0,1429,6,0
2019-03,660,1,1,6003,21,1
2019-03,660,2,0,110,1,1
2019-03,660,2,1,753,6,0
2019-03,670,1,0,1595,4,0
2019-03,670,1,1,6314,21,2
2019-03,670,2,0,140,0,0
2019-03,670,2,1,755,1,0
2019-03,680,1,0,1732,2,0
2019-03,680,1,1,6816,13,2
2019-03,680,2,0,184,1,0
2019-03,680,2,1,900,3,0
2019-03,690,1,0,1819,3,0
2019-03,690,1,1,7067,21,1
2019-03,690,2,0,190,0,0
2019-03,690,2,1,928,1,1
2019-03,700,1,0,2175,1,0
2019-03,700,1,1,9010,8,0
2019-03,700,2,0,293,0,0
2019-03,700,2,1,1389,2,0
2019-03,710,1,0,1966,2,0
2019-03,710,1,1,8047,6,0
2019-03,710,2,0,220,1,0
2019-03,710,2,1,1123,1,0
2019-03,720,1,0,2405,0,0
2019-03,720,1,1,9775,9,0
2019-03,720,2,0,268,1,0
2019-03,720,2,1,1271,0,0
2019-03,730,1,0,2206,1,0
2019-03,730,1,1,9147,9,1
2019-03,730,2,0,229,0,0
2019-03,730,2,1,1071,1,0
2019-03,740,1,0,1996,1,0
2019-03,740,1,1,8372,3,1
2019-03,740,2,0,203,0,0
2019-03,740,2,1,907,1,0
2019-03,750,1,0,2209,0,0
2019-03,750,1,1,8555,3,0
2019-03,750,2,0,188,0,0
2019-03,750,2,1,854,0,0
2019-03,760,1,0,1917,2,0
2019-03,760,1,1,7142,3,0
2019-03,760,2,0,141,0,0
2019-03,760,2,1,712,1,0
2019-03,770,1,0,2011,1,0
2019-03,770,1,1,7874,6,0
2019-03,770,2,0,160,0,0
2019-03,770,2,1,726,1,0
2019-03,780,1,0,2042,0,0
2019-03,780,1,1,7807,0,0
2019-03,780,2,0,147,0,0
2019-03,780,2,1,636,1,1
2019-03,790,1,0,1822,1,1
2019-03,790,1,1,7260,1,0
2019-03,790,2,0,120,0,0
2019-03,790,2,1,599,0,0
2019-03,800,1,0,2073,0,0
2019-03,800,1,1,8331,3,0
2019-03,800,2,0,136,0,0
2019-03,800,2,1,582,0,0
2019-03,810,1,0,1853,1,0
2019-03,810,1,1,7332,1,0
2019-03,810,2,0,103,0,0
2019-03,810,2,1,546,0,0
2019-03,820,1,0,1969,1,1
2019-03,820,1,1,7713,1,0
2019-03,820,2,0,109,0,0
2019-03,820,2,1,511,0,0
2019-03,830,1,0,1893,2,0
2019-03,830,1,1,7226,1,0
2019-03,830,2,0,106,0,0
2019-03,830,2,1,451,1,0
2019-03,840,1,0,1652,0,0
2019-03,840,1,1,6278,0,0
2019-03,840,2,0,64,0,0
2019-03,840,2,1,346,0,0
2019-03,850,1,0,1581,0,0
2019-03,850,1,1,6387,2,0
2019-03,850,2,0,71,0,0
2019-03,850,2,1,360,0,0
2019-03,860,1,0,1091,1,0
2019-03,860,1,1,4371,0,0
2019-03,860,2,0,44,0,0
2019-03,860,2,1,209,0,0
2019-03,870,1,0,710,0,0
2019-03,870,1,1,2726,0,0
2019-03,870,2,0,17,0,0
2019-03,870,2,1,114,0,0
2019-03,880,1,0,124,0,0
2019-03,880,1,1,552,0,0
2019-03,880,2,0,6,0,0
2019-03,880,2,1,15,0,0
2019-03,890,1,0,4,0,0
2019-03,890,1,1,22,0,0
2019-03,890,2,1,3,0,0
2019-04,410,1,1,1,0,0
2019-04,420,2,1,0,0,0
2019-04,430,1,1,2,0,0
2019-04,430,2,1,1,0,0
2019-04,440,1,1,1,0,0
2019-04,450,1,1,1,0,0
2019-04,450,2,1,0,0,0
2019-04,460,1,1,2,0,0
2019-04,460,2,1,2,0,0
2019-04,470,1,1,3,0,0
2019-04,470,2,1,3,0,0
2019-04,480,1,1,12,0,0
2019-04,480,2,1,2,0,0
2019-04,490,1,1,11,0,0
2019-04,490,2,1,4,0,0
2019-04,500,1,1,19,0,0
2019-04,500,2,1,6,0,0
2019-04,510,1,1,25,0,0
2019-04,510,2,1,11,0,0
2019-04,520,1,1,37,1,0
2019-04,520,2,1,15,0,0
2019-04,530,1,1,40,0,0
2019-04,530,2,1,17,0,0
2019-04,540,1,1,59,1,0
2019-04,540,2,1,29,0,0
2019-04,550,1,1,76,0,0
2019-04,550,2,1,12,0,0
2019-04,560,1,1,101,0,0
2019-04,560,2,1,30,1,0
2019-04,570,1,1,141,0,0
2019-04,570,2,1,35,0,0
2019-04,580,1,1,260,2,0
2019-04,580,2,1,74,0,0
2019-04,590,1,1,334,0,0
2019-04,590,2,1,125,0,0
2019-04,600,1,1,350,1,0
2019-04,600,2,1,146,0,0
2019-04,610,1,1,301,1,0
2019-04,610,2,1,156,0,0
2019-04,620,1,1,471,5,1
2019-04,620,2,1,240,3,1
2019-04,630,1,1,462,2,1
2019-04,630,2,1,203,1,1
2019-04,640,1,1,517,0,0
2019-04,640,2,1,204,1,0
2019-04,650,1,0,1772,1,0
2019-04,650,1,1,4271,15,2
2019-04,650,2,0,210,0,0
2019-04,650,2,1,834,5,1
2019-04,660,1,0,2490,3,0
2019-04,660,1,1,5860,17,1
2019-04,660,2,0,199,0,0
2019-04,660,2,1,730,1,1
2019-04,670,1,0,2820,3,0
2019-04,670,1,1,6139,17,2
2019-04,670,2,0,233,0,0
2019-04,670,2,1,727,1,1
2019-04,680,1,0,3061,5,0
2019-04,680,1,1,6699,15,0
2019-04,680,2,0,311,1,0
2019-04,680,2,1,873,5,0
2019-04,690,1,0,3116,4,0
2019-04,690,1,1,6913,10,0
2019-04,690,2,0,314,0,0
2019-04,690,2,1,907,0,0
2019-04,700,1,0,3834,4,0
2019-04,700,1,1,8839,13,0
2019-04,700,2,0,516,0,0
2019-04,700,2,1,1358,0,0
2019-04,710,1,0,3480,2,0
2019-04,710,1,1,7884,9,0
2019-04,710,2,0,395,0,0
2019-04,710,2,1,1100,1,0
2019-04,720,1,0,4221,1,0
2019-04,720,1,1,9605,7,0
2019-04,720,2,0,456,0,0
2019-04,720,2,1,1239,1,0
2019-04,730,1,0,3962,2,0
2019-04,730,1,1,9006,7,0
2019-04,730,2,0,407,0,0
2019-04,730,2,1,1050,1,0
2019-04,740,1,0,3557,0,0
2019-04,740,1,1,8209,4,1
2019-04,740,2,0,360,0,0
2019-04,740,2,1,892,2,0
2019-04,750,1,0,3968,3,0
2019-04,750,1,1,8408,1,0
2019-04,750,2,0,356,0,0
2019-04,750,2,1,843,1,0
2019-04,760,1,0,3347,0,0
2019-04,760,1,1,7002,5,0
2019-04,760,2,0,265,0,0
2019-04,760,2,1,695,0,0
2019-04,770,1,0,3570,1,0
2019-04,770,1,1,7727,3,0
2019-04,770,2,0,273,0,0
2019-04,770,2,1,698,1,0
2019-04,780,1,0,3628,1,0
2019-04,780,1,1,7678,2,0
2019-04,780,2,0,250,0,0
2019-04,780,2,1,628,0,0
2019-04,790,1,0,3258,0,0
2019-04,790,1,1,7122,5,1
2019-04,790,2,0,204,0,0
2019-04,790,2,1,590,1,0
2019-04,800,1,0,3739,0,0
2019-04,800,1,1,8176,2,0
2019-04,800,2,0,250,0,0
2019-04,800,2,1,576,0,0
2019-04,810,1,0,3297,0,0
2019-04,810,1,1,7198,2,0
2019-04,810,2,0,192,0,0
2019-04,810,2,1,533,1,0
2019-04,820,1,0,3564,0,0
2019-04,820,1,1,7578,3,0
2019-04,820,2,0,197,0,0
2019-04,820,2,1,500,0,0
2019-04,830,1,0,3390,0,0
2019-04,830,1,1,7111,1,0
2019-04,830,2,0,178,0,0
2019-04,830,2,1,440,0,0
2019-04,840,1,0,2894,0,0
2019-04,840,1,1,6172,1,0
2019-04,840,2,0,127,0,0
2019-04,840,2,1,335,0,0
2019-04,850,1,0,2829,0,0
2019-04,850,1,1,6308,1,0
2019-04,850,2,0,133,0,0
2019-04,850,2,1,353,0,0
2019-04,860,1,0,2000,0,0
2019-04,860,1,1,4302,0,0
2019-04,860,2,0,88,0,0
2019-04,860,2,1,206,1,0
2019-04,870,1,0,1269,0,0
2019-04,870,1,1,2695,1,0
2019-04,870,2,0,34,0,0
2019-04,870,2,1,113,0,0
2019-04,880,1,0,248,0,0
2019-04,880,1,1,545,0,0
2019-04,880,2,0,8,0,0
2019-04,880,2,1,14,0,0
2019-04,890,1,0,5,0,0
2019-04,890,1,1,22,0,0
2019-04,890,2,1,3,0,0
2019-05,410,1,1,1,0,0
2019-05,430,1,1,2,0,0
2019-05,430,2,1,1,0,0
2019-05,440,1,1,1,0,0
2019-05,450,1,1,1,0,0
2019-05,450,2,1,0,0,0
2019-05,460,1,1,1,1,0
2019-05,460,2,1,2,0,0
2019-05,470,1,1,3,0,0
2019-05,470,2,1,3,0,0
2019-05,480,1,1,12,0,0
2019-05,480,2,1,2,0,0
2019-05,490,1,1,11,0,0
2019-05,490,2,1,3,0,0
2019-05,500,1,1,19,0,0
2019-05,500,2,1,5,0,0
2019-05,510,1,1,23,0,0
2019-05,510,2,1,11,0,0
2019-05,520,1,1,36,0,0
2019-05,520,2,1,15,0,0
2019-05,530,1,1,40,1,0
2019-05,530,2,1,17,0,0
2019-05,540,1,1,55,0,0
2019-05,540,2,1,29,0,0
2019-05,550,1,1,72,1,1
2019-05,550,2,1,11,0,0
2019-05,560,1,1,98,1,0
2019-05,560,2,1,28,0,0
2019-05,570,1,1,133,2,0
2019-05,570,2,1,35,1,0
2019-05,580,1,1,248,0,0
2019-05,580,2,1,72,0,0
2019-05,590,1,1,325,2,1
2019-05,590,2,1,121,2,0
2019-05,600,1,1,342,5,0
2019-05,600,2,1,142,0,0
2019-05,610,1,1,293,1,0
2019-05,610,2,1,153,1,0
2019-05,620,1,1,450,6,0
2019-05,620,2,1,233,0,0
2019-05,630,1,1,445,3,0
2019-05,630,2,1,193,0,0
2019-05,640,1,1,493,5,1
2019-05,640,2,1,200,1,0
2019-05,650,1,0,1744,2,0
2019-05,650,1,1,4150,14,1
2019-05,650,2,0,208,0,0
2019-05,650,2,1,794,2,0
2019-05,660,1,0,2459,7,0
2019-05,660,1,1,5727,20,3
2019-05,660,2,0,194,0,0
2019-05,660,2,1,708,3,0
2019-05,670,1,0,2779,3,0
2019-05,670,1,1,6003,18,0
2019-05,670,2,0,230,0,0
2019-05,670,2,1,698,4,0
2019-05,680,1,0,3005,7,0
2019-05,680,1,1,6548,12,0
2019-05,680,2,0,306,0,0
2019-05,680,2,1,851,3,1
2019-05,690,1,0,3073,2,0
2019-05,690,1,1,6757,11,0
2019-05,690,2,0,307,1,0
2019-05,690,2,1,874,3,1
2019-05,700,1,0,3759,3,0
2019-05,700,1,1,8658,13,0
2019-05,700,2,0,504,0,0
2019-05,700,2,1,1323,2,0
2019-05,710,1,0,3419,5,0
2019-05,710,1,1,7741,6,0
2019-05,710,2,0,392,2,0
2019-05,710,2,1,1072,2,0
2019-05,720,1,0,4157,1,0
2019-05,720,1,1,9422,10,0
2019-05,720,2,0,453,0,0
2019-05,720,2,1,1221,0,0
2019-05,730,1,0,3901,1,0
2019-05,730,1,1,8829,7,0
2019-05,730,2,0,401,0,0
2019-05,730,2,1,1026,0,0
2019-05,740,1,0,3508,2,0
2019-05,740,1,1,8068,4,1
2019-05,740,2,0,355,0,0
2019-05,740,2,1,880,2,0
2019-05,750,1,0,3913,0,0
2019-05,750,1,1,8277,8,0
2019-05,750,2,0,348,0,0
2019-05,750,2,1,827,0,0
2019-05,760,1,0,3272,3,0
2019-05,760,1,1,6872,1,0
2019-05,760,2,0,261,0,0
2019-05,760,2,1,674,0,0
2019-05,770,1,0,3510,3,0
2019-05,770,1,1,7590,1,0
2019-05,770,2,0,266,0,0
2019-05,770,2,1,680,0,0
2019-05,780,1,0,3551,1,0
2019-05,780,1,1,7552,1,0
2019-05,780,2,0,245,0,0
2019-05,780,2,1,621,0,0
2019-05,790,1,0,3171,0,0
2019-05,790,1,1,6996,2,0
2019-05,790,2,0,198,1,0
2019-05,790,2,1,579,1,0
2019-05,800,1,0,3647,0,0
2019-05,800,1,1,8050,1,0
2019-05,800,2,0,246,0,0
2019-05,800,2,1,568,1,0
2019-05,810,1,0,3224,1,0
2019-05,810,1,1,7076,3,0
2019-05,810,2,0,185,0,0
2019-05,810,2,1,520,0,0
2019-05,820,1,0,3482,0,0
2019-05,820,1,1,7467,1,0
2019-05,820,2,0,194,0,0
2019-05,820,2,1,492,0,0
2019-05,830,1,0,3321,0,0
2019-05,830,1,1,6990,0,0
2019-05,830,2,0,176,0,0
2019-05,830,2,1,428,0,0
2019-05,840,1,0,2836,0,0
2019-05,840,1,1,6080,0,0
2019-05,840,2,0,125,0,0
2019-05,840,2,1,331,0,0
2019-05,850,1,0,2770,0,0
2019-05,850,1,1,6232,1,0
2019-05,850,2,0,130,0,0
2019-05,850,2,1,350,0,0
2019-05,860,1,0,1963,0,0
2019-05,860,1,1,4241,0,0
2019-05,860,2,0,86,0,0
2019-05,860,2,1,202,0,0
2019-05,870,1,0,1243,0,0
2019-05,870,1,1,2665,0,0
2019-05,870,2,0,33,0,0
2019-05,870,2,1,110,0,0
2019-05,880,1,0,245,0,0
2019-05,880,1,1,542,0,0
2019-05,880,2,0,7,0,0
2019-05,880,2,1,14,0,0
2019-05,890,1,0,5,0,0
2019-05,890,1,1,21,0,0
2019-05,890,2,1,3,0,0
2019-06,410,1,1,1,0,0
2019-06,430,1,1,2,0,0
2019-06,430,2,1,1,0,0
2019-06,440,1,1,1,0,0
2019-06,450,1,1,1,0,0
2019-06,450,2,1,0,0,0
2019-06,460,1,1,0,0,0
2019-06,460,2,1,2,0,0
2019-06,470,1,1,3,0,0
2019-06,470,2,1,3,0,0
2019-06,480,1,1,12,0,0
2019-06,480,2,1,2,0,0
2019-06,490,1,1,11,0,0
2019-06,490,2,1,3,0,0
2019-06,500,1,1,19,0,0
2019-06,500,2,1,4,0,0
2019-06,510,1,1,23,0,0
2019-06,510,2,1,11,0,0
2019-06,520,1,1,33,0,0
2019-06,520,2,1,14,0,0
2019-06,530,1,1,39,0,0
2019-06,530,2,1,17,0,0
2019-06,540,1,1,53,2,0
2019-06,540,2,1,29,1,0
2019-06,550,1,1,70,0,0
2019-06,550,2,1,10,0,0
2019-06,560,1,1,95,0,0
2019-06,560,2,1,26,1,0
2019-06,570,1,1,127,2,0
2019-06,570,2,1,32,1,0
2019-06,580,1,1,242,1,0
2019-06,580,2,1,72,0,0
2019-06,590,1,1,311,1,0
2019-06,590,2,1,118,0,0
2019-06,600,1,1,328,0,0
2019-06,600,2,1,140,6,1
2019-06,610,1,1,283,0,0
2019-06,610,2,1,147,2,0
2019-06,620,1,1,432,4,0
2019-06,620,2,1,226,4,0
2019-06,630,1,1,425,1,0
2019-06,630,2,1,189,2,0
2019-06,640,1,1,466,1,0
2019-06,640,2,1,193,0,0
2019-06,650,1,0,729,1,0
2019-06,650,1,1,4982,20,0
2019-06,650,2,0,88,1,0
2019-06,650,2,1,892,7,1
2019-06,660,1,0,1077,4,0
2019-06,660,1,1,6916,17,0
2019-06,660,2,0,88,2,0
2019-06,660,2,1,788,0,0
2019-06,670,1,0,1219,3,1
2019-06,670,1,1,7329,15,0
2019-06,670,2,0,98,0,0
2019-06,670,2,1,791,4,1
2019-06,680,1,0,1321,1,0
2019-06,680,1,1,8000,22,2
2019-06,680,2,0,123,0,0
2019-06,680,2,1,1003,3,0
2019-06,690,1,0,1303,1,0
2019-06,690,1,1,8296,16,2
2019-06,690,2,0,121,0,0
2019-06,690,2,1,1022,2,0
2019-06,700,1,0,1659,1,0
2019-06,700,1,1,10519,21,0
2019-06,700,2,0,222,1,0
2019-06,700,2,1,1577,2,0
2019-06,710,1,0,1514,0,0
2019-06,710,1,1,9417,11,2
2019-06,710,2,0,174,0,0
2019-06,710,2,1,1260,2,0
2019-06,720,1,0,1809,2,0
2019-06,720,1,1,11482,10,0
2019-06,720,2,0,193,0,0
2019-06,720,2,1,1468,1,0
2019-06,730,1,0,1748,0,0
2019-06,730,1,1,10721,5,0
2019-06,730,2,0,174,0,0
2019-06,730,2,1,1222,0,0
2019-06,740,1,0,1555,0,0
2019-06,740,1,1,9808,4,0
2019-06,740,2,0,158,0,0
2019-06,740,2,1,1059,2,0
2019-06,750,1,0,1754,0,0
2019-06,750,1,1,10200,3,0
2019-06,750,2,0,172,0,0
2019-06,750,2,1,987,0,0
2019-06,760,1,0,1437,0,0
2019-06,760,1,1,8517,3,0
2019-06,760,2,0,124,1,0
2019-06,760,2,1,801,2,0
2019-06,770,1,0,1569,0,0
2019-06,770,1,1,9329,2,0
2019-06,770,2,0,113,1,0
2019-06,770,2,1,823,1,0
2019-06,780,1,0,1595,0,0
2019-06,780,1,1,9300,4,0
2019-06,780,2,0,102,0,0
2019-06,780,2,1,750,0,0
2019-06,790,1,0,1425,0,0
2019-06,790,1,1,8524,0,0
2019-06,790,2,0,83,0,0
2019-06,790,2,1,675,0,0
2019-06,800,1,0,1674,1,0
2019-06,800,1,1,9813,1,0
2019-06,800,2,0,112,0,0
2019-06,800,2,1,691,1,0
2019-06,810,1,0,1442,1,0
2019-06,810,1,1,8619,2,0
2019-06,810,2,0,82,0,0
2019-06,810,2,1,607,0,0
2019-06,820,1,0,1599,0,0
2019-06,820,1,1,9144,0,0
2019-06,820,2,0,88,1,0
2019-06,820,2,1,587,0,0
2019-06,830,1,0,1517,0,0
2019-06,830,1,1,8581,1,0
2019-06,830,2,0,72,0,0
2019-06,830,2,1,522,0,0
2019-06,840,1,0,1237,0,0
2019-06,840,1,1,7502,1,0
2019-06,840,2,0,64,0,0
2019-06,840,2,1,387,0,0
2019-06,850,1,0,1242,0,0
2019-06,850,1,1,7588,1,0
2019-06,850,2,0,60,0,0
2019-06,850,2,1,417,0,0
2019-06,860,1,0,907,0,0
2019-06,860,1,1,5180,0,0
2019-06,860,2,0,43,0,0
2019-06,860,2,1,241,0,0
2019-06,870,1,0,560,0,0
2019-06,870,1,1,3288,0,0
2019-06,870,2,0,17,0,0
2019-06,870,2,1,125,0,0
2019-06,880,1,0,124,0,0
2019-06,880,1,1,657,0,0
2019-06,880,2,0,2,0,0
2019-06,880,2,1,17,0,0
2019-06,890,1,0,1,0,0
2019-06,890,1,1,25,0,0
2019-06,890,2,1,3,0,0
2019-07,410,1,1,1,0,0
2019-07,430,1,1,2,0,0
2019-07,430,2,1,1,1,1
2019-07,440,1,1,1,0,0
2019-07,450,1,1,1,0,0
2019-07,450,2,1,0,0,0
2019-07,460,1,1,0,0,0
2019-07,460,2,1,2,0,0
2019-07,470,1,1,3,0,0
2019-07,470,2,1,3,0,0
2019-07,480,1,1,12,0,0
2019-07,480,2,1,2,0,0
2019-07,490,1,1,11,0,0
2019-07,490,2,1,3,0,0
2019-07,500,1,1,18,0,0
2019-07,500,2,1,4,0,0
2019-07,510,1,1,22,0,0
2019-07,510,2,1,11,0,0
2019-07,520,1,1,32,0,0
2019-07,520,2,1,14,0,0
2019-07,530,1,1,38,0,0
2019-07,530,2,1,17,0,0
2019-07,540,1,1,50,0,0
2019-07,540,2,1,27,0,0
2019-07,550,1,1,66,0,0
2019-07,550,2,1,10,1,0
2019-07,560,1,1,90,0,0
2019-07,560,2,1,23,0,0
2019-07,570,1,1,122,1,0
2019-07,570,2,1,30,0,0
2019-07,580,1,1,234,2,0
2019-07,580,2,1,71,0,0
2019-07,590,1,1,299,0,0
2019-07,590,2,1,115,0,0
2019-07,600,1,1,321,0,0
2019-07,600,2,1,130,2,1
2019-07,610,1,1,273,2,0
2019-07,610,2,1,142,2,0
2019-07,620,1,1,417,1,0
2019-07,620,2,1,218,2,1
2019-07,630,1,1,410,1,0
2019-07,630,2,1,182,1,0
2019-07,640,1,1,450,2,0
2019-07,640,2,1,188,1,0
2019-07,650,1,0,722,4,0
2019-07,650,1,1,4849,17,1
2019-07,650,2,0,84,0,0
2019-07,650,2,1,856,2,0
2019-07,660,1,0,1069,2,0
2019-07,660,1,1,6766,26,1
2019-07,660,2,0,85,0,0
2019-07,660,2,1,765,3,0
2019-07,670,1,0,1207,5,0
2019-07,670,1,1,7109,16,1
2019-07,670,2,0,95,0,0
2019-07,670,2,1,767,1,0
2019-07,680,1,0,1301,3,0
2019-07,680,1,1,7810,17,1
2019-07,680,2,0,120,0,0
2019-07,680,2,1,970,6,0
2019-07,690,1,0,1285,2,0
2019-07,690,1,1,8115,17,0
2019-07,690,2,0,120,0,0
2019-07,690,2,1,1005,0,0
2019-07,700,1,0,1638,1,0
2019-07,700,1,1,10288,17,1
2019-07,700,2,0,219,0,0
2019-07,700,2,1,1545,4,0
2019-07,710,1,0,1502,2,0
2019-07,710,1,1,9223,11,0
2019-07,710,2,0,171,0,0
2019-07,710,2,1,1238,2,0
2019-07,720,1,0,1789,2,0
2019-07,720,1,1,11240,12,1
2019-07,720,2,0,191,0,0
2019-07,720,2,1,1446,1,0
2019-07,730,1,0,1732,1,0
2019-07,730,1,1,10538,4,0
2019-07,730,2,0,169,2,0
2019-07,730,2,1,1192,0,0
2019-07,740,1,0,1540,0,0
2019-07,740,1,1,9600,2,1
2019-07,740,2,0,154,0,0
2019-07,740,2,1,1034,0,0
2019-07,750,1,0,1738,0,0
2019-07,750,1,1,10001,4,0
2019-07,750,2,0,167,0,0
2019-07,750,2,1,960,0,0
2019-07,760,1,0,1422,0,0
2019-07,760,1,1,8364,5,0
2019-07,760,2,0,121,0,0
2019-07,760,2,1,782,0,0
2019-07,770,1,0,1549,2,0
2019-07,770,1,1,9139,1,0
2019-07,770,2,0,109,0,0
2019-07,770,2,1,810,0,0
2019-07,780,1,0,1577,0,0
2019-07,780,1,1,9122,4,0
2019-07,780,2,0,102,0,0
2019-07,780,2,1,736,1,0
2019-07,790,1,0,1406,0,0
2019-07,790,1,1,8381,1,0
2019-07,790,2,0,82,0,0
2019-07,790,2,1,658,0,0
2019-07,800,1,0,1651,0,0
2019-07,800,1,1,9617,2,0
2019-07,800,2,0,109,0,0
2019-07,800,2,1,682,1,0
2019-07,810,1,0,1421,0,0
2019-07,810,1,1,8447,2,0
2019-07,810,2,0,80,0,0
2019-07,810,2,1,597,0,0
2019-07,820,1,0,1570,0,0
2019-07,820,1,1,8966,4,0
2019-07,820,2,0,86,0,0
2019-07,820,2,1,575,0,0
2019-07,830,1,0,1502,0,0
2019-07,830,1,1,8429,1,0
2019-07,830,2,0,70,0,0
2019-07,830,2,1,511,0,0
2019-07,840,1,0,1215,0,0
2019-07,840,1,1,7350,0,0
2019-07,840,2,0,64,0,0
2019-07,840,2,1,381,0,0
2019-07,850,1,0,1230,0,0
2019-07,850,1,1,7453,0,0
2019-07,850,2,0,60,0,0
2019-07,850,2,1,410,0,0
2019-07,860,1,0,903,1,0
2019-07,860,1,1,5094,0,0
2019-07,860,2,0,42,0,0
2019-07,860,2,1,239,0,0
2019-07,870,1,0,558,0,0
2019-07,870,1,1,3247,1,0
2019-07,870,2,0,17,0,0
2019-07,870,2,1,123,0,0
2019-07,880,1,0,124,0,0
2019-07,880,1,1,646,0,0
2019-07,880,2,0,2,0,0
2019-07,880,2,1,17,0,0
2019-07,890,1,0,1,0,0
2019-07,890,1,1,25,0,0
2019-07,890,2,1,3,0,0
2019-08,410,1,1,1,0,0
2019-08,430,1,1,2,0,0
2019-08,440,1,1,1,0,0
2019-08,450,1,1,1,0,0
2019-08,450,2,1,0,0,0
2019-08,460,1,1,0,0,0
2019-08,460,2,1,2,0,0
2019-08,470,1,1,3,0,0
2019-08,470,2,1,3,0,0
2019-08,480,1,1,12,0,0
2019-08,480,2,1,2,0,0
2019-08,490,1,1,11,0,0
2019-08,490,2,1,3,0,0
2019-08,500,1,1,18,0,0
2019-08,500,2,1,4,0,0
2019-08,510,1,1,22,1,0
2019-08,510,2,1,9,0,0
2019-08,520,1,1,29,0,0
2019-08,520,2,1,14,1,0
2019-08,530,1,1,36,0,0
2019-08,530,2,1,17,0,0
2019-08,540,1,1,49,1,0
2019-08,540,2,1,27,0,0
2019-08,550,1,1,64,1,0
2019-08,550,2,1,9,0,0
2019-08,560,1,1,87,3,2
2019-08,560,2,1,20,1,0
2019-08,570,1,1,117,2,0
2019-08,570,2,1,28,0,0
2019-08,580,1,1,221,1,0
2019-08,580,2,1,67,0,0
2019-08,590,1,1,289,5,1
2019-08,590,2,1,114,0,0
2019-08,600,1,1,316,2,0
2019-08,600,2,1,123,1,0
2019-08,610,1,1,259,1,0
2019-08,610,2,1,135,0,0
2019-08,620,1,1,402,3,0
2019-08,620,2,1,214,0,0
2019-08,630,1,1,391,0,0
2019-08,630,2,1,176,0,0
2019-08,640,1,1,427,2,0
2019-08,640,2,1,181,0,0
2019-08,650,1,0,706,1,0
2019-08,650,1,1,4673,16,0
2019-08,650,2,0,80,0,0
2019-08,650,2,1,821,3,0
2019-08,660,1,0,1056,4,1
2019-08,660,1,1,6567,18,1
2019-08,660,2,0,84,0,0
2019-08,660,2,1,735,3,0
2019-08,670,1,0,1187,4,0
2019-08,670,1,1,6924,15,0
2019-08,670,2,0,90,0,0
2019-08,670,2,1,743,3,0
2019-08,680,1,0,1279,3,0
2019-08,680,1,1,7605,17,0
2019-08,680,2,0,118,0,0
2019-08,680,2,1,940,2,0
2019-08,690,1,0,1267,5,0
2019-08,690,1,1,7918,15,1
2019-08,690,2,0,119,0,0
2019-08,690,2,1,988,2,0
2019-08,700,1,0,1619,1,0
2019-08,700,1,1,10052,19,1
2019-08,700,2,0,216,0,0
2019-08,700,2,1,1508,1,0
2019-08,710,1,0,1476,1,0
2019-08,710,1,1,8995,14,1
2019-08,710,2,0,168,0,0
2019-08,710,2,1,1216,1,0
2019-08,720,1,0,1759,0,0
2019-08,720,1,1,10973,10,0
2019-08,720,2,0,190,0,0
2019-08,720,2,1,1415,0,0
2019-08,730,1,0,1706,3,0
2019-08,730,1,1,10314,11,0
2019-08,730,2,0,165,0,0
2019-08,730,2,1,1160,1,0
2019-08,740,1,0,1512,1,0
2019-08,740,1,1,9390,6,0
2019-08,740,2,0,150,0,0
2019-08,740,2,1,1010,0,0
2019-08,750,1,0,1714,2,0
2019-08,750,1,1,9790,8,1
2019-08,750,2,0,165,0,0
2019-08,750,2,1,940,1,0
2019-08,760,1,0,1403,1,0
2019-08,760,1,1,8189,4,0
2019-08,760,2,0,118,0,0
2019-08,760,2,1,767,0,0
2019-08,770,1,0,1513,1,0
2019-08,770,1,1,8967,4,0
2019-08,770,2,0,107,0,0
2019-08,770,2,1,803,1,0
2019-08,780,1,0,1546,1,0
2019-08,780,1,1,8900,0,0
2019-08,780,2,0,100,0,0
2019-08,780,2,1,721,0,0
2019-08,790,1,0,1380,1,0
2019-08,790,1,1,8208,0,0
2019-08,790,2,0,81,0,0
2019-08,790,2,1,645,0,0
2019-08,800,1,0,1628,0,0
2019-08,800,1,1,9414,2,0
2019-08,800,2,0,109,0,0
2019-08,800,2,1,662,0,0
2019-08,810,1,0,1394,0,0
2019-08,810,1,1,8283,1,0
2019-08,810,2,0,78,0,0
2019-08,810,2,1,586,1,0
2019-08,820,1,0,1547,1,0
2019-08,820,1,1,8771,2,0
2019-08,820,2,0,85,0,0
2019-08,820,2,1,563,0,0
2019-08,830,1,0,1479,0,0
2019-08,830,1,1,8259,4,0
2019-08,830,2,0,69,0,0
2019-08,830,2,1,502,0,0
2019-08,840,1,0,1198,0,0
2019-08,840,1,1,7205,1,0
2019-08,840,2,0,64,0,0
2019-08,840,2,1,371,0,0
2019-08,850,1,0,1216,0,0
2019-08,850,1,1,7300,0,0
2019-08,850,2,0,60,0,0
2019-08,850,2,1,402,0,0
2019-08,860,1,0,889,0,0
2019-08,860,1,1,5002,0,0
2019-08,860,2,0,42,0,0
2019-08,860,2,1,235,0,0
2019-08,870,1,0,548,0,0
2019-08,870,1,1,3198,0,0
2019-08,870,2,0,17,0,0
2019-08,870,2,1,121,0,0
2019-08,880,1,0,123,0,0
2019-08,880,1,1,634,0,0
2019-08,880,2,0,2,0,0
2019-08,880,2,1,17,0,0
2019-08,890,1,0,0,0,0
2019-08,890,1,1,25,0,0
2019-08,890,2,1,3,0,0
2019-09,410,1,1,0,0,0
2019-09,430,1,1,2,0,0
2019-09,440,1,1,1,0,0
2019-09,450,1,1,1,0,0
2019-09,450,2,1,0,0,0
2019-09,460,1,1,0,0,0
2019-09,460,2,1,2,0,0
2019-09,470,1,1,3,0,0
2019-09,470,2,1,3,0,0
2019-09,480,1,1,12,0,0
2019-09,480,2,1,2,0,0
2019-09,490,1,1,11,0,0
2019-09,490,2,1,3,0,0
2019-09,500,1,1,17,0,0
2019-09,500,2,1,4,0,0
2019-09,510,1,1,20,0,0
2019-09,510,2,1,10,0,0
2019-09,520,1,1,29,0,0
2019-09,520,2,1,13,0,0
2019-09,530,1,1,35,1,0
2019-09,530,2,1,17,0,0
2019-09,540,1,1,46,0,0
2019-09,540,2,1,26,0,0
2019-09,550,1,1,59,0,0
2019-09,550,2,1,9,1,0
2019-09,560,1,1,83,3,0
2019-09,560,2,1,19,0,0
2019-09,570,1,1,108,1,0
2019-09,570,2,1,25,0,0
2019-09,580,1,1,214,0,0
2019-09,580,2,1,67,0,0
2019-09,590,1,1,277,0,0
2019-09,590,2,1,110,0,0
2019-09,600,1,1,303,1,0
2019-09,600,2,1,119,0,0
2019-09,610,1,1,245,2,0
2019-09,610,2,1,135,1,0
2019-09,620,1,1,387,2,0
2019-09,620,2,1,208,1,0
2019-09,630,1,1,377,1,0
2019-09,630,2,1,169,0,0
2019-09,640,1,1,412,3,1
2019-09,640,2,1,181,0,0
2019-09,650,1,1,5193,26,1
2019-09,650,2,1,869,0,0
2019-09,660,1,1,7419,30,0
2019-09,660,2,1,796,3,2
2019-09,670,1,1,7882,23,1
2019-09,670,2,1,810,2,1
2019-09,680,1,1,8676,27,3
2019-09,680,2,1,1016,1,0
2019-09,690,1,1,8933,14,2
2019-09,690,2,1,1077,3,1
2019-09,700,1,1,11364,15,0
2019-09,700,2,1,1688,2,0
2019-09,710,1,1,10212,13,1
2019-09,710,2,1,1351,1,0
2019-09,720,1,1,12444,11,0
2019-09,720,2,1,1572,3,0
2019-09,730,1,1,11755,8,0
2019-09,730,2,1,1293,0,0
2019-09,740,1,1,10678,11,2
2019-09,740,2,1,1136,0,0
2019-09,750,1,1,11234,4,0
2019-09,750,2,1,1080,0,0
2019-09,760,1,1,9374,3,0
2019-09,760,2,1,869,1,0
2019-09,770,1,1,10252,1,0
2019-09,770,2,1,896,0,0
2019-09,780,1,1,10205,4,0
2019-09,780,2,1,807,0,0
2019-09,790,1,1,9378,0,0
2019-09,790,2,1,713,0,0
2019-09,800,1,1,10813,0,0
2019-09,800,2,1,760,1,0
2019-09,810,1,1,9459,0,0
2019-09,810,2,1,644,0,0
2019-09,820,1,1,10106,1,0
2019-09,820,2,1,638,0,0
2019-09,830,1,1,9505,1,0
2019-09,830,2,1,562,1,0
2019-09,840,1,1,8234,1,0
2019-09,840,2,1,428,0,0
2019-09,850,1,1,8355,1,0
2019-09,850,2,1,457,0,0
2019-09,860,1,1,5780,0,0
2019-09,860,2,1,269,0,0
2019-09,870,1,1,3670,0,0
2019-09,870,2,1,137,0,0
2019-09,880,1,1,748,0,0
2019-09,880,2,1,18,0,0
2019-09,890,1,1,25,0,0
2019-09,890,2,1,3,0,0
2019-10,410,1,1,0,0,0
2019-10,430,1,1,2,0,0
2019-10,440,1,1,1,0,0
2019-10,450,1,1,1,0,0
2019-10,450,2,1,0,0,0
2019-10,460,1,1,0,0,0
2019-10,460,2,1,2,0,0
2019-10,470,1,1,3,0,0
2019-10,470,2,1,3,0,0
2019-10,480,1,1,11,0,0
2019-10,480,2,1,2,0,0
2019-10,490,1,1,11,0,0
2019-10,490,2,1,3,0,0
2019-10,500,1,1,17,0,0
2019-10,500,2,1,4,0,0
2019-10,510,1,1,20,1,0
2019-10,510,2,1,9,0,0
2019-10,520,1,1,27,0,0
2019-10,520,2,1,13,0,0
2019-10,530,1,1,32,0,0
2019-10,530,2,1,17,0,0
2019-10,540,1,1,44,0,0
2019-10,540,2,1,25,0,0
2019-10,550,1,1,58,1,0
2019-10,550,2,1,8,0,0
2019-10,560,1,1,79,2,0
2019-10,560,2,1,19,0,0
2019-10,570,1,1,103,3,0
2019-10,570,2,1,25,1,0
2019-10,580,1,1,207,3,0
2019-10,580,2,1,63,1,0
2019-10,590,1,1,269,3,0
2019-10,590,2,1,108,2,0
2019-10,600,1,1,295,3,0
2019-10,600,2,1,116,1,0
2019-10,610,1,1,236,2,0
2019-10,610,2,1,129,0,0
2019-10,620,1,1,378,0,0
2019-10,620,2,1,201,1,0
2019-10,630,1,1,360,1,0
2019-10,630,2,1,166,1,0
2019-10,640,1,1,395,2,0
2019-10,640,2,1,177,1,0
2019-10,650,1,0,968,0,0
2019-10,650,1,1,5025,18,0
2019-10,650,2,0,119,0,0
2019-10,650,2,1,847,6,0
2019-10,660,1,0,1380,0,0
2019-10,660,1,1,7224,25,0
2019-10,660,2,0,117,0,0
2019-10,660,2,1,775,5,0
2019-10,670,1,0,1431,2,0
2019-10,670,1,1,7676,25,0
2019-10,670,2,0,120,0,0
2019-10,670,2,1,780,3,0
2019-10,680,1,0,1883,0,0
2019-10,680,1,1,8447,23,0
2019-10,680,2,0,237,0,0
2019-10,680,2,1,987,1,0
2019-10,690,1,0,2110,2,0
2019-10,690,1,1,8724,23,2
2019-10,690,2,0,246,0,0
2019-10,690,2,1,1051,2,0
2019-10,700,1,0,2503,2,0
2019-10,700,1,1,11103,15,0
2019-10,700,2,0,353,0,0
2019-10,700,2,1,1659,5,0
2019-10,710,1,0,2183,1,0
2019-10,710,1,1,9989,9,1
2019-10,710,2,0,316,0,0
2019-10,710,2,1,1325,2,0
2019-10,720,1,0,2524,1,0
2019-10,720,1,1,12208,16,0
2019-10,720,2,0,335,0,0
2019-10,720,2,1,1537,1,0
2019-10,730,1,0,2402,0,0
2019-10,730,1,1,11516,14,1
2019-10,730,2,0,294,0,0
2019-10,730,2,1,1278,0,0
2019-10,740,1,0,2196,2,0
2019-10,740,1,1,10463,9,0
2019-10,740,2,0,247,0,0
2019-10,740,2,1,1109,1,0
2019-10,750,1,0,2319,0,0
2019-10,750,1,1,11016,6,0
2019-10,750,2,0,208,0,0
2019-10,750,2,1,1068,1,0
2019-10,760,1,0,1871,0,0
2019-10,760,1,1,9180,4,0
2019-10,760,2,0,183,0,0
2019-10,760,2,1,851,2,0
2019-10,770,1,0,1999,0,0
2019-10,770,1,1,10045,2,0
2019-10,770,2,0,176,0,0
2019-10,770,2,1,883,0,0
2019-10,780,1,0,2059,0,0
2019-10,780,1,1,10006,2,0
2019-10,780,2,0,171,0,0
2019-10,780,2,1,795,0,0
2019-10,790,1,0,1786,0,0
2019-10,790,1,1,9177,1,0
2019-10,790,2,0,164,0,0
2019-10,790,2,1,702,0,0
2019-10,800,1,0,2131,0,0
2019-10,800,1,1,10573,4,0
2019-10,800,2,0,159,0,0
2019-10,800,2,1,748,0,0
2019-10,810,1,0,1980,0,0
2019-10,810,1,1,9286,3,1
2019-10,810,2,0,136,0,0
2019-10,810,2,1,632,0,0
2019-10,820,1,0,2020,0,0
2019-10,820,1,1,9879,1,0
2019-10,820,2,0,118,0,0
2019-10,820,2,1,627,0,0
2019-10,830,1,0,1909,0,0
2019-10,830,1,1,9338,2,0
2019-10,830,2,0,99,0,0
2019-10,830,2,1,557,1,0
2019-10,840,1,0,1634,0,0
2019-10,840,1,1,8084,1,0
2019-10,840,2,0,87,0,0
2019-10,840,2,1,414,0,0
2019-10,850,1,0,1602,0,0
2019-10,850,1,1,8210,1,0
2019-10,850,2,0,83,0,0
2019-10,850,2,1,449,1,0
2019-10,860,1,0,1168,0,0
2019-10,860,1,1,5688,0,0
2019-10,860,2,0,66,0,0
2019-10,860,2,1,267,0,0
2019-10,870,1,0,721,0,0
2019-10,870,1,1,3604,0,0
2019-10,870,2,0,33,0,0
2019-10,870,2,1,135,0,0
2019-10,880,1,0,171,0,0
2019-10,880,1,1,739,0,0
2019-10,880,2,0,5,0,0
2019-10,880,2,1,18,0,0
2019-10,890,1,0,3,0,0
2019-10,890,1,1,25,0,0
2019-10,890,2,1,3,0,0
2019-11,410,1,1,0,0,0
2019-11,430,1,1,2,0,0
2019-11,440,1,1,1,0,0
2019-11,450,1,1,1,0,0
2019-11,450,2,1,0,0,0
2019-11,460,1,1,0,0,0
2019-11,460,2,1,2,0,0
2019-11,470,1,1,3,0,0
2019-11,470,2,1,3,0,0
2019-11,480,1,1,10,0,0
2019-11,480,2,1,2,0,0
2019-11,490,1,1,11,0,0
2019-11,490,2,1,3,0,0
2019-11,500,1,1,16,0,0
2019-11,500,2,1,4,0,0
2019-11,510,1,1,15,1,0
2019-11,510,2,1,9,0,0
2019-11,520,1,1,27,1,0
2019-11,520,2,1,13,0,0
2019-11,530,1,1,31,1,0
2019-11,530,2,1,16,0,0
2019-11,540,1,1,43,1,1
2019-11,540,2,1,25,0,0
2019-11,550,1,1,54,0,0
2019-11,550,2,1,7,1,0
2019-11,560,1,1,74,0,0
2019-11,560,2,1,19,1,1
2019-11,570,1,1,98,0,0
2019-11,570,2,1,24,0,0
2019-11,580,1,1,196,1,0
2019-11,580,2,1,61,1,0
2019-11,590,1,1,251,4,0
2019-11,590,2,1,105,0,0
2019-11,600,1,1,279,2,0
2019-11,600,2,1,112,2,1
2019-11,610,1,1,227,1,0
2019-11,610,2,1,125,0,0
2019-11,620,1,1,365,4,0
2019-11,620,2,1,194,0,0
2019-11,630,1,1,346,2,0
2019-11,630,2,1,160,0,0
2019-11,640,1,1,381,2,1
2019-11,640,2,1,171,3,0
2019-11,650,1,0,958,1,1
2019-11,650,1,1,4827,24,3
2019-11,650,2,0,117,0,0
2019-11,650,2,1,816,5,1
2019-11,660,1,0,1367,2,0
2019-11,660,1,1,6989,25,3
2019-11,660,2,0,116,1,0
2019-11,660,2,1,746,2,0
2019-11,670,1,0,1409,3,0
2019-11,670,1,1,7468,25,3
2019-11,670,2,0,120,0,0
2019-11,670,2,1,747,4,0
2019-11,680,1,0,1861,0,0
2019-11,680,1,1,8226,21,1
2019-11,680,2,0,233,0,0
2019-11,680,2,1,968,4,0
2019-11,690,1,0,2084,3,0
2019-11,690,1,1,8489,20,1
2019-11,690,2,0,242,1,0
2019-11,690,2,1,1028,1,1
2019-11,700,1,0,2475,2,0
2019-11,700,1,1,10832,13,0
2019-11,700,2,0,351,0,0
2019-11,700,2,1,1617,2,0
2019-11,710,1,0,2160,1,0
2019-11,710,1,1,9761,8,0
2019-11,710,2,0,310,0,0
2019-11,710,2,1,1291,1,0
2019-11,720,1,0,2498,2,1
2019-11,720,1,1,11907,7,0
2019-11,720,2,0,333,0,0
2019-11,720,2,1,1498,3,0
2019-11,730,1,0,2372,1,0
2019-11,730,1,1,11241,5,0
2019-11,730,2,0,291,1,0
2019-11,730,2,1,1252,1,0
2019-11,740,1,0,2168,1,0
2019-11,740,1,1,10246,3,0
2019-11,740,2,0,246,0,0
2019-11,740,2,1,1084,2,0
2019-11,750,1,0,2295,1,0
2019-11,750,1,1,10791,5,0
2019-11,750,2,0,205,0,0
2019-11,750,2,1,1045,0,0
2019-11,760,1,0,1853,0,0
2019-11,760,1,1,8987,4,1
2019-11,760,2,0,178,0,0
2019-11,760,2,1,836,0,0
2019-11,770,1,0,1979,0,0
2019-11,770,1,1,9821,4,0
2019-11,770,2,0,172,0,0
2019-11,770,2,1,864,0,0
2019-11,780,1,0,2041,0,0
2019-11,780,1,1,9782,5,1
2019-11,780,2,0,168,0,0
2019-11,780,2,1,776,1,0
2019-11,790,1,0,1758,0,0
2019-11,790,1,1,8989,1,0
2019-11,790,2,0,161,0,0
2019-11,790,2,1,685,0,0
2019-11,800,1,0,2091,0,0
2019-11,800,1,1,10348,0,0
2019-11,800,2,0,156,0,0
2019-11,800,2,1,732,0,0
2019-11,810,1,0,1949,0,0
2019-11,810,1,1,9093,3,0
2019-11,810,2,0,136,0,0
2019-11,810,2,1,619,0,0
2019-11,820,1,0,1992,1,0
2019-11,820,1,1,9675,1,0
2019-11,820,2,0,116,0,0
2019-11,820,2,1,609,1,1
2019-11,830,1,0,1882,0,0
2019-11,830,1,1,9148,0,0
2019-11,830,2,0,96,0,0
2019-11,830,2,1,543,0,0
2019-11,840,1,0,1611,0,0
2019-11,840,1,1,7927,1,0
2019-11,840,2,0,87,0,0
2019-11,840,2,1,404,0,0
2019-11,850,1,0,1584,0,0
2019-11,850,1,1,8053,1,0
2019-11,850,2,0,82,0,0
2019-11,850,2,1,434,0,0
2019-11,860,1,0,1155,0,0
2019-11,860,1,1,5574,0,0
2019-11,860,2,0,65,0,0
2019-11,860,2,1,258,0,0
2019-11,870,1,0,710,0,0
2019-11,870,1,1,3533,0,0
2019-11,870,2,0,33,0,0
2019-11,870,2,1,134,0,0
2019-11,880,1,0,169,0,0
2019-11,880,1,1,730,0,0
2019-11,880,2,0,5,0,0
2019-11,880,2,1,18,0,0
2019-11,890,1,0,3,0,0
2019-11,890,1,1,25,0,0
2019-11,890,2,1,3,0,0
2019-12,410,1,1,0,0,0
2019-12,430,1,1,2,0,0
2019-12,440,1,1,1,0,0
2019-12,450,1,1,1,1,0
2019-12,450,2,1,0,0,0
2019-12,460,1,1,0,0,0
2019-12,460,2,1,2,0,0
2019-12,470,1,1,3,0,0
2019-12,470,2,1,3,0,0
2019-12,480,1,1,10,1,0
2019-12,480,2,1,2,0,0
2019-12,490,1,1,9,0,0
2019-12,490,2,1,3,0,0
2019-12,500,1,1,16,0,0
2019-12,500,2,1,4,0,0
2019-12,510,1,1,13,0,0
2019-12,510,2,1,9,0,0
2019-12,520,1,1,24,0,0
2019-12,520,2,1,12,1,0
2019-12,530,1,1,30,0,0
2019-12,530,2,1,16,1,0
2019-12,540,1,1,42,1,0
2019-12,540,2,1,25,0,0
2019-12,550,1,1,53,0,0
2019-12,550,2,1,7,0,0
2019-12,560,1,1,71,0,0
2019-12,560,2,1,18,0,0
2019-12,570,1,1,95,2,0
2019-12,570,2,1,23,0,0
2019-12,580,1,1,192,1,0
2019-12,580,2,1,57,0,0
2019-12,590,1,1,244,1,0
2019-12,590,2,1,102,1,0
2019-12,600,1,1,269,4,2
2019-12,600,2,1,105,2,0
2019-12,610,1,1,222,2,0
2019-12,610,2,1,122,1,0
2019-12,620,1,1,348,3,0
2019-12,620,2,1,189,0,0
2019-12,630,1,1,336,1,0
2019-12,630,2,1,159,0,0
2019-12,640,1,1,372,1,0
2019-12,640,2,1,166,0,0
2019-12,650,1,0,949,1,0
2019-12,650,1,1,4684,19,0
2019-12,650,2,0,116,1,0
2019-12,650,2,1,793,3,1
2019-12,660,1,0,1343,1,0
2019-12,660,1,1,6817,26,1
2019-12,660,2,0,113,0,0
2019-12,660,2,1,721,2,0
2019-12,670,1,0,1393,1,0
2019-12,670,1,1,7258,23,3
2019-12,670,2,0,118,1,0
2019-12,670,2,1,729,4,0
2019-12,680,1,0,1844,1,0
2019-12,680,1,1,8040,16,2
2019-12,680,2,0,229,0,0
2019-12,680,2,1,941,2,0
2019-12,690,1,0,2063,2,0
2019-12,690,1,1,8297,18,0
2019-12,690,2,0,238,0,0
2019-12,690,2,1,1000,0,0
2019-12,700,1,0,2449,3,1
2019-12,700,1,1,10606,19,1
2019-12,700,2,0,342,1,0
2019-12,700,2,1,1587,1,0
2019-12,710,1,0,2139,1,0
2019-12,710,1,1,9566,13,1
2019-12,710,2,0,306,1,0
2019-12,710,2,1,1267,1,0
2019-12,720,1,0,2476,1,0
2019-12,720,1,1,11677,11,0
2019-12,720,2,0,329,0,0
2019-12,720,2,1,1466,2,0
2019-12,730,1,0,2353,1,0
2019-12,730,1,1,11045,7,1
2019-12,730,2,0,285,0,0
2019-12,730,2,1,1231,2,0
2019-12,740,1,0,2138,0,0
2019-12,740,1,1,10052,5,0
2019-12,740,2,0,241,0,0
2019-12,740,2,1,1066,0,0
2019-12,750,1,0,2269,0,0
2019-12,750,1,1,10572,4,0
2019-12,750,2,0,203,1,0
2019-12,750,2,1,1031,2,0
2019-12,760,1,0,1836,0,0
2019-12,760,1,1,8812,1,0
2019-12,760,2,0,175,0,0
2019-12,760,2,1,821,1,0
2019-12,770,1,0,1954,0,0
2019-12,770,1,1,9643,1,0
2019-12,770,2,0,170,0,0
2019-12,770,2,1,851,0,0
2019-12,780,1,0,2020,0,0
2019-12,780,1,1,9606,4,0
2019-12,780,2,0,168,0,0
2019-12,780,2,1,760,1,0
2019-12,790,1,0,1735,0,0
2019-12,790,1,1,8810,1,0
2019-12,790,2,0,159,0,0
2019-12,790,2,1,675,1,0
2019-12,800,1,0,2055,1,0
2019-12,800,1,1,10138,3,0
2019-12,800,2,0,154,0,0
2019-12,800,2,1,716,0,0
2019-12,810,1,0,1932,1,0
2019-12,810,1,1,8936,2,0
2019-12,810,2,0,135,0,0
2019-12,810,2,1,610,0,0
2019-12,820,1,0,1964,0,0
2019-12,820,1,1,9507,2,0
2019-12,820,2,0,114,0,0
2019-12,820,2,1,599,1,0
2019-12,830,1,0,1857,0,0
2019-12,830,1,1,8959,2,0
2019-12,830,2,0,93,0,0
2019-12,830,2,1,535,1,0
2019-12,840,1,0,1592,0,0
2019-12,840,1,1,7789,0,0
2019-12,840,2,0,87,0,0
2019-12,840,2,1,398,0,0
2019-12,850,1,0,1568,0,0
2019-12,850,1,1,7921,1,0
2019-12,850,2,0,81,0,0
2019-12,850,2,1,427,0,0
2019-12,860,1,0,1144,0,0
2019-12,860,1,1,5496,0,0
2019-12,860,2,0,64,0,0
2019-12,860,2,1,254,0,0
2019-12,870,1,0,699,0,0
2019-12,870,1,1,3467,0,0
2019-12,870,2,0,32,0,0
2019-12,870,2,1,130,0,0
2019-12,880,1,0,169,0,0
2019-12,880,1,1,718,0,0
2019-12,880,2,0,5,0,0
2019-12,880,2,1,17,0,0
2019-12,890,1,0,3,0,0
2019-12,890,1,1,25,0,0
2019-12,890,2,1,3,0,0
2020-01,410,1,1,0,0,0
2020-01,430,1,1,2,0,0
2020-01,440,1,1,1,0,0
2020-01,450,1,1,0,0,0
2020-01,450,2,1,0,0,0
2020-01,460,1,1,0,0,0
2020-01,460,2,1,2,0,0
2020-01,470,1,1,3,0,0
2020-01,470,2,1,3,0,0
2020-01,480,1,1,9,0,0
2020-01,480,2,1,2,0,0
2020-01,490,1,1,9,0,0
2020-01,490,2,1,2,0,0
2020-01,500,1,1,16,0,0
2020-01,500,2,1,4,0,0
2020-01,510,1,1,13,0,0
2020-01,510,2,1,9,1,0
2020-01,520,1,1,24,0,0
2020-01,520,2,1,10,0,0
2020-01,530,1,1,28,1,0
2020-01,530,2,1,15,1,0
2020-01,540,1,1,40,0,0
2020-01,540,2,1,21,0,0
2020-01,550,1,1,52,1,0
2020-01,550,2,1,7,0,0
2020-01,560,1,1,70,2,0
2020-01,560,2,1,18,0,0
2020-01,570,1,1,93,1,0
2020-01,570,2,1,23,0,0
2020-01,580,1,1,185,5,0
2020-01,580,2,1,56,0,0
2020-01,590,1,1,233,3,1
2020-01,590,2,1,98,2,0
2020-01,600,1,1,258,2,0
2020-01,600,2,1,102,1,0
2020-01,610,1,1,213,1,0
2020-01,610,2,1,118,3,1
2020-01,620,1,1,338,2,0
2020-01,620,2,1,182,2,0
2020-01,630,1,1,323,1,0
2020-01,630,2,1,155,0,0
2020-01,640,1,1,359,3,1
2020-01,640,2,1,161,1,0
2020-01,650,1,0,934,5,0
2020-01,650,1,1,4542,25,0
2020-01,650,2,0,113,1,0
2020-01,650,2,1,768,3,0
2020-01,660,1,0,1318,1,0
2020-01,660,1,1,6598,24,0
2020-01,660,2,0,111,0,0
2020-01,660,2,1,709,1,0
2020-01,670,1,0,1374,6,0
2020-01,670,1,1,7043,28,0
2020-01,670,2,0,116,1,0
2020-01,670,2,1,701,1,0
2020-01,680,1,0,1824,5,1
2020-01,680,1,1,7832,25,1
2020-01,680,2,0,228,1,0
2020-01,680,2,1,915,0,0
2020-01,690,1,0,2046,4,1
2020-01,690,1,1,8086,16,2
2020-01,690,2,0,236,0,0
2020-01,690,2,1,977,0,0
2020-01,700,1,0,2418,2,0
2020-01,700,1,1,10347,16,1
2020-01,700,2,0,335,0,0
2020-01,700,2,1,1552,1,0
2020-01,710,1,0,2118,4,0
2020-01,710,1,1,9333,11,0
2020-01,710,2,0,303,0,0
2020-01,710,2,1,1248,3,0
2020-01,720,1,0,2447,0,0
2020-01,720,1,1,11404,18,1
2020-01,720,2,0,325,1,1
2020-01,720,2,1,1434,2,0
2020-01,730,1,0,2321,0,0
2020-01,730,1,1,10809,3,0
2020-01,730,2,0,278,0,0
2020-01,730,2,1,1201,1,0
2020-01,740,1,0,2109,1,0
2020-01,740,1,1,9863,9,1
2020-01,740,2,0,238,0,0
2020-01,740,2,1,1041,3,0
2020-01,750,1,0,2244,1,0
2020-01,750,1,1,10369,0,0
2020-01,750,2,0,201,0,0
2020-01,750,2,1,1014,0,0
2020-01,760,1,0,1809,1,0
2020-01,760,1,1,8636,3,0
2020-01,760,2,0,173,0,0
2020-01,760,2,1,807,0,0
2020-01,770,1,0,1933,2,0
2020-01,770,1,1,9443,5,0
2020-01,770,2,0,168,0,0
2020-01,770,2,1,833,0,0
2020-01,780,1,0,1986,2,0
2020-01,780,1,1,9407,5,0
2020-01,780,2,0,165,0,0
2020-01,780,2,1,748,0,0
2020-01,790,1,0,1713,0,0
2020-01,790,1,1,8629,4,0
2020-01,790,2,0,156,0,0
2020-01,790,2,1,666,0,0
2020-01,800,1,0,2024,0,0
2020-01,800,1,1,9909,3,0
2020-01,800,2,0,152,0,0
2020-01,800,2,1,700,0,0
2020-01,810,1,0,1897,1,0
2020-01,810,1,1,8758,2,0
2020-01,810,2,0,133,0,0
2020-01,810,2,1,600,0,0
2020-01,820,1,0,1941,0,0
2020-01,820,1,1,9301,5,0
2020-01,820,2,0,112,0,0
2020-01,820,2,1,585,0,0
2020-01,830,1,0,1837,0,0
2020-01,830,1,1,8781,1,0
2020-01,830,2,0,91,0,0
2020-01,830,2,1,529,0,0
2020-01,840,1,0,1575,0,0
2020-01,840,1,1,7631,1,0
2020-01,840,2,0,87,0,0
2020-01,840,2,1,388,0,0
2020-01,850,1,0,1541,1,0
2020-01,850,1,1,7764,1,0
2020-01,850,2,0,80,0,0
2020-01,850,2,1,417,0,0
2020-01,860,1,0,1124,0,0
2020-01,860,1,1,5392,2,0
2020-01,860,2,0,63,0,0
2020-01,860,2,1,246,0,0
2020-01,870,1,0,691,0,0
2020-01,870,1,1,3411,1,0
2020-01,870,2,0,32,0,0
2020-01,870,2,1,124,0,0
2020-01,880,1,0,166,0,0
2020-01,880,1,1,710,0,0
2020-01,880,2,0,5,0,0
2020-01,880,2,1,17,0,0
2020-01,890,1,0,3,0,0
2020-01,890,1,1,25,0,0
2020-01,890,2,1,3,0,0
2020-02,410,1,1,0,0,0
2020-02,430,1,1,2,0,0
2020-02,440,1,1,1,0,0
2020-02,450,1,1,0,0,0
2020-02,450,2,1,0,0,0
2020-02,460,1,1,0,0,0
2020-02,460,2,1,2,0,0
2020-02,470,1,1,3,0,0
2020-02,470,2,1,3,1,0
2020-02,480,1,1,8,0,0
2020-02,480,2,1,2,0,0
2020-02,490,1,1,9,0,0
2020-02,490,2,1,2,0,0
2020-02,500,1,1,16,0,0
2020-02,500,2,1,4,0,0
2020-02,510,1,1,13,0,0
2020-02,510,2,1,7,0,0
2020-02,520,1,1,24,0,0
2020-02,520,2,1,10,0,0
2020-02,530,1,1,25,1,0
2020-02,530,2,1,14,1,0
2020-02,540,1,1,40,1,0
2020-02,540,2,1,20,0,0
2020-02,550,1,1,50,1,1
2020-02,550,2,1,7,0,0
2020-02,560,1,1,66,2,0
2020-02,560,2,1,17,0,0
2020-02,570,1,1,88,0,0
2020-02,570,2,1,22,2,0
2020-02,580,1,1,178,5,0
2020-02,580,2,1,54,0,0
2020-02,590,1,1,223,4,1
2020-02,590,2,1,90,1,0
2020-02,600,1,1,249,2,0
2020-02,600,2,1,101,0,0
2020-02,610,1,1,204,5,0
2020-02,610,2,1,113,0,0
2020-02,620,1,1,322,3,0
2020-02,620,2,1,176,1,0
2020-02,630,1,1,317,2,1
2020-02,630,2,1,150,0,0
2020-02,640,1,1,347,3,1
2020-02,640,2,1,159,0,0
2020-02,650,1,0,1808,1,0
2020-02,650,1,1,4378,19,1
2020-02,650,2,0,250,1,0
2020-02,650,2,1,742,4,1
2020-02,660,1,0,2450,3,1
2020-02,660,1,1,6382,30,3
2020-02,660,2,0,256,0,0
2020-02,660,2,1,685,2,0
2020-02,670,1,0,2643,6,0
2020-02,670,1,1,6825,27,2
2020-02,670,2,0,258,0,0
2020-02,670,2,1,684,3,0
2020-02,680,1,0,2696,2,0
2020-02,680,1,1,7603,13,0
2020-02,680,2,0,348,0,0
2020-02,680,2,1,896,2,0
2020-02,690,1,0,3304,1,0
2020-02,690,1,1,7865,20,1
2020-02,690,2,0,362,0,0
2020-02,690,2,1,939,4,0
2020-02,700,1,0,3981,5,0
2020-02,700,1,1,10089,18,1
2020-02,700,2,0,583,0,0
2020-02,700,2,1,1522,2,0
2020-02,710,1,0,3459,3,0
2020-02,710,1,1,9100,10,0
2020-02,710,2,0,488,0,0
2020-02,710,2,1,1221,2,0
2020-02,720,1,0,3932,2,0
2020-02,720,1,1,11111,10,0
2020-02,720,2,0,546,0,0
2020-02,720,2,1,1405,3,0
2020-02,730,1,0,3758,2,0
2020-02,730,1,1,10562,8,2
2020-02,730,2,0,468,0,0
2020-02,730,2,1,1186,3,1
2020-02,740,1,0,3392,3,0
2020-02,740,1,1,9623,4,0
2020-02,740,2,0,418,0,0
2020-02,740,2,1,1026,2,0
2020-02,750,1,0,3551,3,0
2020-02,750,1,1,10103,3,0
2020-02,750,2,0,351,0,0
2020-02,750,2,1,988,0,0
2020-02,760,1,0,2955,1,0
2020-02,760,1,1,8431,2,0
2020-02,760,2,0,286,0,0
2020-02,760,2,1,787,1,0
2020-02,770,1,0,3164,0,0
2020-02,770,1,1,9211,2,0
2020-02,770,2,0,303,0,0
2020-02,770,2,1,813,1,1
2020-02,780,1,0,3298,0,0
2020-02,780,1,1,9184,0,0
2020-02,780,2,0,278,0,0
2020-02,780,2,1,731,0,0
2020-02,790,1,0,2885,1,0
2020-02,790,1,1,8423,3,0
2020-02,790,2,0,275,0,0
2020-02,790,2,1,655,1,0
2020-02,800,1,0,3343,1,0
2020-02,800,1,1,9681,2,0
2020-02,800,2,0,250,0,0
2020-02,800,2,1,683,1,0
2020-02,810,1,0,3073,0,0
2020-02,810,1,1,8545,0,0
2020-02,810,2,0,250,0,0
2020-02,810,2,1,590,1,0
2020-02,820,1,0,3145,0,0
2020-02,820,1,1,9068,1,0
2020-02,820,2,0,204,0,0
2020-02,820,2,1,573,0,0
2020-02,830,1,0,3039,0,0
2020-02,830,1,1,8575,0,0
2020-02,830,2,0,162,0,0
2020-02,830,2,1,518,0,0
2020-02,840,1,0,2613,0,0
2020-02,840,1,1,7463,0,0
2020-02,840,2,0,148,0,0
2020-02,840,2,1,379,0,0
2020-02,850,1,0,2701,0,0
2020-02,850,1,1,7601,0,0
2020-02,850,2,0,135,0,0
2020-02,850,2,1,402,0,0
2020-02,860,1,0,1928,0,0
2020-02,860,1,1,5268,1,0
2020-02,860,2,0,100,0,0
2020-02,860,2,1,241,0,0
2020-02,870,1,0,1184,0,0
2020-02,870,1,1,3334,0,0
2020-02,870,2,0,61,0,0
2020-02,870,2,1,122,1,0
2020-02,880,1,0,258,0,0
2020-02,880,1,1,695,0,0
2020-02,880,2,0,13,0,0
2020-02,880,2,1,17,0,0
2020-02,890,1,0,5,0,0
2020-02,890,1,1,24,0,0
2020-02,890,2,1,3,0,0
2020-03,410,1,1,0,0,0
2020-03,430,1,1,2,0,0
2020-03,440,1,1,1,0,0
2020-03,450,1,1,0,0,0
2020-03,450,2,1,0,0,0
2020-03,460,1,1,0,0,0
2020-03,460,2,1,2,0,0
2020-03,470,1,1,2,0,0
2020-03,470,2,1,2,0,0
2020-03,480,1,1,7,0,0
2020-03,480,2,1,0,0,0
2020-03,490,1,1,9,0,0
2020-03,490,2,1,2,0,0
2020-03,500,1,1,15,0,0
2020-03,500,2,1,4,0,0
2020-03,510,1,1,13,0,0
2020-03,510,2,1,6,0,0
2020-03,520,1,1,24,0,0
2020-03,520,2,1,10,0,0
2020-03,530,1,1,24,0,0
2020-03,530,2,1,13,0,0
2020-03,540,1,1,38,0,0
2020-03,540,2,1,19,1,0
2020-03,550,1,1,49,0,0
2020-03,550,2,1,7,0,0
2020-03,560,1,1,63,0,0
2020-03,560,2,1,17,2,0
2020-03,570,1,1,86,0,0
2020-03,570,2,1,20,0,0
2020-03,580,1,1,170,3,0
2020-03,580,2,1,54,1,0
2020-03,590,1,1,213,1,0
2020-03,590,2,1,88,0,0
2020-03,600,1,1,241,0,0
2020-03,600,2,1,100,0,0
2020-03,610,1,1,189,1,0
2020-03,610,2,1,113,0,0
2020-03,620,1,1,312,0,0
2020-03,620,2,1,173,0,0
2020-03,630,1,1,301,1,0
2020-03,630,2,1,148,1,1
2020-03,640,1,1,337,1,0
2020-03,640,2,1,158,0,0
2020-03,650,1,0,888,1,0
2020-03,650,1,1,5146,14,0
2020-03,650,2,0,137,0,0
2020-03,650,2,1,822,4,0
2020-03,660,1,0,1141,2,0
2020-03,660,1,1,7501,21,0
2020-03,660,2,0,145,0,0
2020-03,660,2,1,779,1,0
2020-03,670,1,0,1281,2,0
2020-03,670,1,1,7971,19,0
2020-03,670,2,0,143,0,0
2020-03,670,2,1,772,3,0
2020-03,680,1,0,899,0,0
2020-03,680,1,1,9184,20,0
2020-03,680,2,0,125,0,0
2020-03,680,2,1,1097,0,0
2020-03,690,1,0,1276,1,0
2020-03,690,1,1,9685,14,0
2020-03,690,2,0,131,0,0
2020-03,690,2,1,1142,3,0
2020-03,700,1,0,1589,1,0
2020-03,700,1,1,12239,15,1
2020-03,700,2,0,250,0,0
2020-03,700,2,1,1810,3,0
2020-03,710,1,0,1363,2,0
2020-03,710,1,1,10966,8,0
2020-03,710,2,0,187,0,0
2020-03,710,2,1,1488,1,0
2020-03,720,1,0,1520,2,0
2020-03,720,1,1,13260,11,0
2020-03,720,2,0,222,0,0
2020-03,720,2,1,1702,3,0
2020-03,730,1,0,1455,0,0
2020-03,730,1,1,12626,8,0
2020-03,730,2,0,196,0,0
2020-03,730,2,1,1434,0,0
2020-03,740,1,0,1295,0,0
2020-03,740,1,1,11483,3,0
2020-03,740,2,0,180,0,0
2020-03,740,2,1,1238,1,0
2020-03,750,1,0,1333,0,0
2020-03,750,1,1,12115,5,1
2020-03,750,2,0,150,0,0
2020-03,750,2,1,1168,0,0
2020-03,760,1,0,1170,1,0
2020-03,760,1,1,10013,4,0
2020-03,760,2,0,119,0,0
2020-03,760,2,1,936,0,0
2020-03,770,1,0,1253,0,0
2020-03,770,1,1,10944,3,0
2020-03,770,2,0,135,0,0
2020-03,770,2,1,954,0,0
2020-03,780,1,0,1338,0,0
2020-03,780,1,1,10935,1,0
2020-03,780,2,0,117,0,0
2020-03,780,2,1,873,0,0
2020-03,790,1,0,1194,0,0
2020-03,790,1,1,9904,7,0
2020-03,790,2,0,122,0,0
2020-03,790,2,1,787,0,0
2020-03,800,1,0,1350,0,0
2020-03,800,1,1,11468,4,0
2020-03,800,2,0,96,0,0
2020-03,800,2,1,822,0,0
2020-03,810,1,0,1193,0,0
2020-03,810,1,1,10216,1,0
2020-03,810,2,0,116,0,0
2020-03,810,2,1,712,0,0
2020-03,820,1,0,1242,0,0
2020-03,820,1,1,10770,1,0
2020-03,820,2,0,91,0,0
2020-03,820,2,1,672,0,0
2020-03,830,1,0,1221,0,0
2020-03,830,1,1,10223,0,0
2020-03,830,2,0,71,0,0
2020-03,830,2,1,599,0,0
2020-03,840,1,0,1058,1,0
2020-03,840,1,1,8877,1,0
2020-03,840,2,0,61,0,0
2020-03,840,2,1,455,0,0
2020-03,850,1,0,1179,0,0
2020-03,850,1,1,8966,0,0
2020-03,850,2,0,54,0,0
2020-03,850,2,1,478,0,0
2020-03,860,1,0,811,0,0
2020-03,860,1,1,6272,0,0
2020-03,860,2,0,37,0,0
2020-03,860,2,1,303,0,0
2020-03,870,1,0,500,0,0
2020-03,870,1,1,3960,1,0
2020-03,870,2,0,29,0,0
2020-03,870,2,1,149,0,0
2020-03,880,1,0,92,0,0
2020-03,880,1,1,856,0,0
2020-03,880,2,0,8,0,0
2020-03,880,2,1,21,0,0
2020-03,890,1,0,2,0,0
2020-03,890,1,1,27,0,0
2020-03,890,2,1,3,0,0
2020-04,410,1,1,0,0,0
2020-04,430,1,1,2,0,0
2020-04,440,1,1,1,0,0
2020-04,450,1,1,0,0,0
2020-04,450,2,1,0,0,0
2020-04,460,1,1,0,0,0
2020-04,460,2,1,2,0,0
2020-04,470,1,1,2,0,0
2020-04,470,2,1,2,0,0
2020-04,480,1,1,6,0,0
2020-04,480,2,1,0,0,0
2020-04,490,1,1,9,0,0
2020-04,490,2,1,1,0,0
2020-04,500,1,1,14,0,0
2020-04,500,2,1,3,0,0
2020-04,510,1,1,13,0,0
2020-04,510,2,1,6,0,0
2020-04,520,1,1,23,0,0
2020-04,520,2,1,10,0,0
2020-04,530,1,1,23,0,0
2020-04,530,2,1,13,0,0
2020-04,540,1,1,37,0,0
2020-04,540,2,1,18,0,0
2020-04,550,1,1,48,0,0
2020-04,550,2,1,7,0,0
2020-04,560,1,1,61,0,0
2020-04,560,2,1,14,0,0
2020-04,570,1,1,84,0,0
2020-04,570,2,1,20,0,0
2020-04,580,1,1,167,1,0
2020-04,580,2,1,51,0,0
2020-04,590,1,1,208,0,0
2020-04,590,2,1,88,0,0
2020-04,600,1,1,235,0,0
2020-04,600,2,1,97,0,0
2020-04,610,1,1,188,0,0
2020-04,610,2,1,112,0,0
2020-04,620,1,1,298,1,0
2020-04,620,2,1,172,0,0
2020-04,630,1,1,291,0,0
2020-04,630,2,1,141,0,0
2020-04,640,1,1,328,0,0
2020-04,640,2,1,150,0,0
2020-04,650,1,0,874,0,0
2020-04,650,1,1,4969,4,0
2020-04,650,2,0,133,0,0
2020-04,650,2,1,801,1,0
2020-04,660,1,0,1129,1,0
2020-04,660,1,1,7250,9,0
2020-04,660,2,0,143,0,0
2020-04,660,2,1,749,0,0
2020-04,670,1,0,1263,4,0
2020-04,670,1,1,7739,11,0
2020-04,670,2,0,139,1,0
2020-04,670,2,1,743,1,0
2020-04,680,1,0,889,1,0
2020-04,680,1,1,8933,10,0
2020-04,680,2,0,122,0,0
2020-04,680,2,1,1072,1,0
2020-04,690,1,0,1260,2,0
2020-04,690,1,1,9451,8,0
2020-04,690,2,0,130,0,0
2020-04,690,2,1,1114,1,0
2020-04,700,1,0,1572,1,0
2020-04,700,1,1,11960,6,0
2020-04,700,2,0,245,0,0
2020-04,700,2,1,1769,1,0
2020-04,710,1,0,1349,0,0
2020-04,710,1,1,10719,6,0
2020-04,710,2,0,186,0,0
2020-04,710,2,1,1457,1,0
2020-04,720,1,0,1506,0,0
2020-04,720,1,1,12938,4,0
2020-04,720,2,0,220,0,0
2020-04,720,2,1,1673,2,0
2020-04,730,1,0,1434,2,0
2020-04,730,1,1,12374,7,0
2020-04,730,2,0,193,0,0
2020-04,730,2,1,1407,2,0
2020-04,740,1,0,1287,1,0
2020-04,740,1,1,11262,2,0
2020-04,740,2,0,178,0,0
2020-04,740,2,1,1214,0,0
2020-04,750,1,0,1321,0,0
2020-04,750,1,1,11851,6,0
2020-04,750,2,0,147,0,0
2020-04,750,2,1,1140,1,0
2020-04,760,1,0,1155,0,0
2020-04,760,1,1,9821,4,0
2020-04,760,2,0,119,0,0
2020-04,760,2,1,919,0,0
2020-04,770,1,0,1240,2,0
2020-04,770,1,1,10693,5,0
2020-04,770,2,0,132,0,0
2020-04,770,2,1,935,0,0
2020-04,780,1,0,1324,0,0
2020-04,780,1,1,10698,0,0
2020-04,780,2,0,117,0,0
2020-04,780,2,1,855,1,0
2020-04,790,1,0,1178,0,0
2020-04,790,1,1,9708,2,0
2020-04,790,2,0,121,0,0
2020-04,790,2,1,775,0,0
2020-04,800,1,0,1330,0,0
2020-04,800,1,1,11223,1,0
2020-04,800,2,0,95,0,0
2020-04,800,2,1,810,0,0
2020-04,810,1,0,1181,0,0
2020-04,810,1,1,10017,1,0
2020-04,810,2,0,115,0,0
2020-04,810,2,1,697,0,0
2020-04,820,1,0,1231,0,0
2020-04,820,1,1,10564,2,0
2020-04,820,2,0,88,0,0
2020-04,820,2,1,658,0,0
2020-04,830,1,0,1201,0,0
2020-04,830,1,1,10001,3,0
2020-04,830,2,0,70,0,0
2020-04,830,2,1,587,0,0
2020-04,840,1,0,1041,0,0
2020-04,840,1,1,8698,1,0
2020-04,840,2,0,60,0,0
2020-04,840,2,1,450,0,0
2020-04,850,1,0,1163,0,0
2020-04,850,1,1,8804,1,0
2020-04,850,2,0,54,0,0
2020-04,850,2,1,474,0,0
2020-04,860,1,0,806,0,0
2020-04,860,1,1,6162,0,0
2020-04,860,2,0,36,0,0
2020-04,860,2,1,298,0,0
2020-04,870,1,0,494,0,0
2020-04,870,1,1,3897,0,0
2020-04,870,2,0,29,0,0
2020-04,870,2,1,145,0,0
2020-04,880,1,0,90,0,0
2020-04,880,1,1,841,0,0
2020-04,880,2,0,8,0,0
2020-04,880,2,1,20,0,0
2020-04,890,1,0,2,0,0
2020-04,890,1,1,27,0,0
2020-04,890,2,1,3,0,0
2020-05,410,1,1,0,0,0
2020-05,430,1,1,2,0,0
2020-05,440,1,1,1,0,0
2020-05,450,1,1,0,0,0
2020-05,450,2,1,0,0,0
2020-05,460,2,1,2,0,0
2020-05,470,1,1,2,0,0
2020-05,470,2,1,2,0,0
2020-05,480,1,1,6,0,0
2020-05,480,2,1,0,0,0
2020-05,490,1,1,9,0,0
2020-05,490,2,1,1,0,0
2020-05,500,1,1,14,0,0
2020-05,500,2,1,3,0,0
2020-05,510,1,1,13,0,0
2020-05,510,2,1,5,0,0
2020-05,520,1,1,23,0,0
2020-05,520,2,1,10,0,0
2020-05,530,1,1,22,0,0
2020-05,530,2,1,13,0,0
2020-05,540,1,1,36,0,0
2020-05,540,2,1,18,0,0
2020-05,550,1,1,47,0,0
2020-05,550,2,1,7,0,0
2020-05,560,1,1,60,0,0
2020-05,560,2,1,14,0,0
2020-05,570,1,1,81,1,0
2020-05,570,2,1,19,0,0
2020-05,580,1,1,164,0,0
2020-05,580,2,1,50,0,0
2020-05,590,1,1,200,0,0
2020-05,590,2,1,87,0,0
2020-05,600,1,1,229,0,0
2020-05,600,2,1,96,0,0
2020-05,610,1,1,185,0,0
2020-05,610,2,1,111,0,0
2020-05,620,1,1,293,0,0
2020-05,620,2,1,169,0,0
2020-05,630,1,1,282,0,0
2020-05,630,2,1,135,0,0
2020-05,640,1,1,325,0,0
2020-05,640,2,1,147,0,0
2020-05,650,1,0,862,3,0
2020-05,650,1,1,4817,7,0
2020-05,650,2,0,132,0,0
2020-05,650,2,1,786,1,0
2020-05,660,1,0,1118,1,0
2020-05,660,1,1,7062,7,0
2020-05,660,2,0,140,0,0
2020-05,660,2,1,725,2,0
2020-05,670,1,0,1247,1,0
2020-05,670,1,1,7542,9,0
2020-05,670,2,0,136,0,0
2020-05,670,2,1,717,2,0
2020-05,680,1,0,879,1,0
2020-05,680,1,1,8728,6,0
2020-05,680,2,0,120,0,0
2020-05,680,2,1,1049,0,0
2020-05,690,1,0,1251,1,0
2020-05,690,1,1,9228,4,0
2020-05,690,2,0,130,0,0
2020-05,690,2,1,1093,1,0
2020-05,700,1,0,1556,1,0
2020-05,700,1,1,11697,11,0
2020-05,700,2,0,240,0,0
2020-05,700,2,1,1725,0,0
2020-05,710,1,0,1331,0,0
2020-05,710,1,1,10470,6,0
2020-05,710,2,0,185,0,0
2020-05,710,2,1,1428,1,0
2020-05,720,1,0,1491,0,0
2020-05,720,1,1,12677,8,0
2020-05,720,2,0,217,0,0
2020-05,720,2,1,1644,3,0
2020-05,730,1,0,1415,0,0
2020-05,730,1,1,12109,5,0
2020-05,730,2,0,192,0,0
2020-05,730,2,1,1386,0,0
2020-05,740,1,0,1278,1,0
2020-05,740,1,1,11054,1,0
2020-05,740,2,0,174,0,0
2020-05,740,2,1,1192,0,0
2020-05,750,1,0,1308,0,0
2020-05,750,1,1,11597,2,0
2020-05,750,2,0,144,0,0
2020-05,750,2,1,1124,0,0
2020-05,760,1,0,1139,0,0
2020-05,760,1,1,9624,0,0
2020-05,760,2,0,115,0,0
2020-05,760,2,1,905,0,0
2020-05,770,1,0,1222,0,0
2020-05,770,1,1,10453,0,0
2020-05,770,2,0,131,0,0
2020-05,770,2,1,922,0,0
2020-05,780,1,0,1297,0,0
2020-05,780,1,1,10497,1,0
2020-05,780,2,0,116,0,0
2020-05,780,2,1,834,1,0
2020-05,790,1,0,1170,0,0
2020-05,790,1,1,9530,0,0
2020-05,790,2,0,121,0,0
2020-05,790,2,1,764,0,0
2020-05,800,1,0,1312,0,0
2020-05,800,1,1,11016,0,0
2020-05,800,2,0,95,0,0
2020-05,800,2,1,787,0,0
2020-05,810,1,0,1168,0,0
2020-05,810,1,1,9833,1,0
2020-05,810,2,0,115,0,0
2020-05,810,2,1,683,0,0
2020-05,820,1,0,1212,0,0
2020-05,820,1,1,10364,0,0
2020-05,820,2,0,88,0,0
2020-05,820,2,1,644,0,0
2020-05,830,1,0,1187,0,0
2020-05,830,1,1,9810,0,0
2020-05,830,2,0,70,0,0
2020-05,830,2,1,581,0,0
2020-05,840,1,0,1036,0,0
2020-05,840,1,1,8540,0,0
2020-05,840,2,0,59,0,0
2020-05,840,2,1,442,0,0
2020-05,850,1,0,1153,0,0
2020-05,850,1,1,8649,2,0
2020-05,850,2,0,53,0,0
2020-05,850,2,1,465,1,0
2020-05,860,1,0,799,0,0
2020-05,860,1,1,6065,0,0
2020-05,860,2,0,36,0,0
2020-05,860,2,1,288,0,0
2020-05,870,1,0,485,0,0
2020-05,870,1,1,3841,0,0
2020-05,870,2,0,29,0,0
2020-05,870,2,1,144,0,0
2020-05,880,1,0,87,0,0
2020-05,880,1,1,824,0,0
2020-05,880,2,0,8,0,0
2020-05,880,2,1,19,0,0
2020-05,890,1,0,2,0,0
2020-05,890,1,1,27,0,0
2020-05,890,2,1,3,0,0
2020-06,410,1,1,0,0,0
2020-06,430,1,1,1,0,0
2020-06,440,1,1,1,0,0
2020-06,450,1,1,0,0,0
2020-06,450,2,1,0,0,0
2020-06,460,2,1,2,0,0
2020-06,470,1,1,2,0,0
2020-06,470,2,1,2,0,0
2020-06,480,1,1,6,0,0
2020-06,480,2,1,0,0,0
2020-06,490,1,1,9,0,0
2020-06,490,2,1,1,0,0
2020-06,500,1,1,14,0,0
2020-06,500,2,1,3,0,0
2020-06,510,1,1,12,0,0
2020-06,510,2,1,5,0,0
2020-06,520,1,1,23,0,0
2020-06,520,2,1,10,0,0
2020-06,530,1,1,20,0,0
2020-06,530,2,1,13,0,0
2020-06,540,1,1,34,0,0
2020-06,540,2,1,18,0,0
2020-06,550,1,1,47,1,0
2020-06,550,2,1,7,0,0
2020-06,560,1,1,60,0,0
2020-06,560,2,1,14,0,0
2020-06,570,1,1,80,0,0
2020-06,570,2,1,18,0,0
2020-06,580,1,1,161,0,0
2020-06,580,2,1,47,0,0
2020-06,590,1,1,192,0,0
2020-06,590,2,1,86,0,0
2020-06,600,1,1,223,1,0
2020-06,600,2,1,95,1,0
2020-06,610,1,1,184,0,0
2020-06,610,2,1,108,0,0
2020-06,620,1,1,287,0,0
2020-06,620,2,1,167,0,0
2020-06,630,1,1,274,0,0
2020-06,630,2,1,132,0,0
2020-06,640,1,1,316,2,0
2020-06,640,2,1,143,0,0
2020-06,650,1,0,1679,3,0
2020-06,650,1,1,4668,7,0
2020-06,650,2,0,246,0,0
2020-06,650,2,1,768,1,0
2020-06,660,1,0,2325,2,0
2020-06,660,1,1,6891,19,0
2020-06,660,2,0,245,0,0
2020-06,660,2,1,710,0,0
2020-06,670,1,0,2534,2,0
2020-06,670,1,1,7369,3,0
2020-06,670,2,0,274,0,0
2020-06,670,2,1,699,2,0
2020-06,680,1,0,2298,1,0
2020-06,680,1,1,8494,5,0
2020-06,680,2,0,281,1,0
2020-06,680,2,1,1032,0,0
2020-06,690,1,0,2632,2,0
2020-06,690,1,1,8985,5,0
2020-06,690,2,0,264,0,0
2020-06,690,2,1,1067,0,0
2020-06,700,1,0,3121,2,0
2020-06,700,1,1,11398,4,0
2020-06,700,2,0,416,0,0
2020-06,700,2,1,1686,2,0
2020-06,710,1,0,2794,2,0
2020-06,710,1,1,10223,3,0
2020-06,710,2,0,340,0,0
2020-06,710,2,1,1397,0,0
2020-06,720,1,0,3175,1,0
2020-06,720,1,1,12377,3,0
2020-06,720,2,0,458,0,0
2020-06,720,2,1,1602,0,0
2020-06,730,1,0,3222,1,0
2020-06,730,1,1,11882,8,0
2020-06,730,2,0,384,0,0
2020-06,730,2,1,1356,0,0
2020-06,740,1,0,2958,0,0
2020-06,740,1,1,10792,5,0
2020-06,740,2,0,355,0,0
2020-06,740,2,1,1165,0,0
2020-06,750,1,0,3030,0,0
2020-06,750,1,1,11338,4,0
2020-06,750,2,0,335,0,0
2020-06,750,2,1,1091,0,0
2020-06,760,1,0,2709,0,0
2020-06,760,1,1,9412,4,0
2020-06,760,2,0,251,0,0
2020-06,760,2,1,895,0,0
2020-06,770,1,0,2912,1,0
2020-06,770,1,1,10247,2,0
2020-06,770,2,0,284,0,0
2020-06,770,2,1,906,1,0
2020-06,780,1,0,3029,0,0
2020-06,780,1,1,10263,0,0
2020-06,780,2,0,281,0,0
2020-06,780,2,1,818,0,0
2020-06,790,1,0,2752,1,0
2020-06,790,1,1,9332,2,0
2020-06,790,2,0,259,0,0
2020-06,790,2,1,747,1,0
2020-06,800,1,0,3183,1,0
2020-06,800,1,1,10775,2,0
2020-06,800,2,0,233,0,0
2020-06,800,2,1,769,0,0
2020-06,810,1,0,2907,0,0
2020-06,810,1,1,9637,0,0
2020-06,810,2,0,213,0,0
2020-06,810,2,1,670,0,0
2020-06,820,1,0,2977,1,0
2020-06,820,1,1,10116,2,0
2020-06,820,2,0,198,0,0
2020-06,820,2,1,636,1,0
2020-06,830,1,0,2891,0,0
2020-06,830,1,1,9588,0,0
2020-06,830,2,0,180,0,0
2020-06,830,2,1,567,0,0
2020-06,840,1,0,2579,0,0
2020-06,840,1,1,8345,1,0
2020-06,840,2,0,142,0,0
2020-06,840,2,1,431,0,0
2020-06,850,1,0,2758,0,0
2020-06,850,1,1,8443,0,0
2020-06,850,2,0,128,0,0
2020-06,850,2,1,457,0,0
2020-06,860,1,0,1872,0,0
2020-06,860,1,1,5943,0,0
2020-06,860,2,0,91,0,0
2020-06,860,2,1,279,0,0
2020-06,870,1,0,1175,0,0
2020-06,870,1,1,3763,0,0
2020-06,870,2,0,59,0,0
2020-06,870,2,1,143,0,0
2020-06,880,1,0,217,0,0
2020-06,880,1,1,815,0,0
2020-06,880,2,0,17,0,0
2020-06,880,2,1,19,0,0
2020-06,890,1,0,9,0,0
2020-06,890,1,1,27,0,0
2020-06,890,2,0,1,0,0
2020-06,890,2,1,3,0,0
2020-07,410,1,1,0,0,0
2020-07,430,1,1,1,0,0
2020-07,440,1,1,1,0,0
2020-07,450,1,1,0,0,0
2020-07,450,2,1,0,0,0
2020-07,460,2,1,2,0,0
2020-07,470,1,1,2,0,0
2020-07,470,2,1,2,0,0
2020-07,480,1,1,6,0,0
2020-07,480,2,1,0,0,0
2020-07,490,1,1,9,0,0
2020-07,490,2,1,1,0,0
2020-07,500,1,1,14,0,0
2020-07,500,2,1,2,0,0
2020-07,510,1,1,12,0,0
2020-07,510,2,1,5,0,0
2020-07,520,1,1,23,0,0
2020-07,520,2,1,10,0,0
2020-07,530,1,1,20,0,0
2020-07,530,2,1,12,0,0
2020-07,540,1,1,31,0,0
2020-07,540,2,1,18,0,0
2020-07,550,1,1,46,0,0
2020-07,550,2,1,7,0,0
2020-07,560,1,1,59,0,0
2020-07,560,2,1,14,0,0
2020-07,570,1,1,78,0,0
2020-07,570,2,1,18,0,0
2020-07,580,1,1,160,0,0
2020-07,580,2,1,46,0,0
2020-07,590,1,1,187,0,0
2020-07,590,2,1,84,0,0
2020-07,600,1,1,218,2,0
2020-07,600,2,1,92,0,0
2020-07,610,1,1,176,0,0
2020-07,610,2,1,107,0,0
2020-07,620,1,1,277,1,0
2020-07,620,2,1,162,0,0
2020-07,630,1,1,266,0,0
2020-07,630,2,1,129,0,0
2020-07,640,1,1,311,1,0
2020-07,640,2,1,139,0,0
2020-07,650,1,0,2026,1,0
2020-07,650,1,1,5344,8,0
2020-07,650,2,0,276,0,0
2020-07,650,2,1,875,2,0
2020-07,660,1,0,2752,0,0
2020-07,660,1,1,7777,9,0
2020-07,660,2,0,279,0,0
2020-07,660,2,1,814,0,0
2020-07,670,1,0,2860,0,0
2020-07,670,1,1,8387,13,1
2020-07,670,2,0,297,0,0
2020-07,670,2,1,815,2,0
2020-07,680,1,0,3077,3,0
2020-07,680,1,1,9126,10,0
2020-07,680,2,0,378,0,0
2020-07,680,2,1,1119,3,0
2020-07,690,1,0,3099,1,0
2020-07,690,1,1,9969,12,0
2020-07,690,2,0,363,0,0
2020-07,690,2,1,1175,0,0
2020-07,700,1,0,3693,0,0
2020-07,700,1,1,12647,13,0
2020-07,700,2,0,479,0,0
2020-07,700,2,1,1882,1,0
2020-07,710,1,0,3396,1,0
2020-07,710,1,1,11266,10,0
2020-07,710,2,0,377,0,0
2020-07,710,2,1,1546,1,0
2020-07,720,1,0,3840,1,0
2020-07,720,1,1,13557,8,0
2020-07,720,2,0,528,0,0
2020-07,720,2,1,1784,1,0
2020-07,730,1,0,3870,0,0
2020-07,730,1,1,12975,7,0
2020-07,730,2,0,494,0,0
2020-07,730,2,1,1501,0,0
2020-07,740,1,0,3634,0,0
2020-07,740,1,1,11794,8,0
2020-07,740,2,0,419,0,0
2020-07,740,2,1,1313,0,0
2020-07,750,1,0,3806,0,0
2020-07,750,1,1,12347,5,0
2020-07,750,2,0,399,0,0
2020-07,750,2,1,1211,0,0
2020-07,760,1,0,3257,0,0
2020-07,760,1,1,10322,4,0
2020-07,760,2,0,291,0,0
2020-07,760,2,1,986,0,0
2020-07,770,1,0,3628,0,0
2020-07,770,1,1,11185,3,0
2020-07,770,2,0,275,0,0
2020-07,770,2,1,1010,0,0
2020-07,780,1,0,3728,0,0
2020-07,780,1,1,11274,3,0
2020-07,780,2,0,337,0,0
2020-07,780,2,1,899,0,0
2020-07,790,1,0,3441,0,0
2020-07,790,1,1,10264,2,0
2020-07,790,2,0,260,0,0
2020-07,790,2,1,847,0,0
2020-07,800,1,0,4003,1,0
2020-07,800,1,1,11728,1,0
2020-07,800,2,0,259,0,0
2020-07,800,2,1,850,0,0
2020-07,810,1,0,3598,0,0
2020-07,810,1,1,10501,3,0
2020-07,810,2,0,217,0,0
2020-07,810,2,1,761,0,0
2020-07,820,1,0,3746,0,0
2020-07,820,1,1,11045,0,0
2020-07,820,2,0,221,0,0
2020-07,820,2,1,703,0,0
2020-07,830,1,0,3568,0,0
2020-07,830,1,1,10479,1,0
2020-07,830,2,0,197,0,0
2020-07,830,2,1,619,0,0
2020-07,840,1,0,3187,0,0
2020-07,840,1,1,9162,2,0
2020-07,840,2,0,172,0,0
2020-07,840,2,1,477,0,0
2020-07,850,1,0,3375,0,0
2020-07,850,1,1,9369,0,0
2020-07,850,2,0,155,0,0
2020-07,850,2,1,501,0,0
2020-07,860,1,0,2293,0,0
2020-07,860,1,1,6611,0,0
2020-07,860,2,0,91,0,0
2020-07,860,2,1,310,0,0
2020-07,870,1,0,1516,0,0
2020-07,870,1,1,4166,0,0
2020-07,870,2,0,53,0,0
2020-07,870,2,1,168,0,0
2020-07,880,1,0,276,0,0
2020-07,880,1,1,878,0,0
2020-07,880,2,0,14,0,0
2020-07,880,2,1,27,0,0
2020-07,890,1,0,11,0,0
2020-07,890,1,1,28,0,0
2020-07,890,2,0,1,0,0
2020-07,890,2,1,3,0,0
2020-08,410,1,1,0,0,0
2020-08,430,1,1,1,0,0
2020-08,440,1,1,1,0,0
2020-08,450,1,1,0,0,0
2020-08,450,2,1,0,0,0
2020-08,460,2,1,2,0,0
2020-08,470,1,1,2,0,0
2020-08,470,2,1,2,0,0
2020-08,480,1,1,6,0,0
2020-08,480,2,1,0,0,0
2020-08,490,1,1,9,0,0
2020-08,490,2,1,1,0,0
2020-08,500,1,1,14,0,0
2020-08,500,2,1,2,0,0
2020-08,510,1,1,12,0,0
2020-08,510,2,1,5,0,0
2020-08,520,1,1,23,0,0
2020-08,520,2,1,10,0,0
2020-08,530,1,1,20,0,0
2020-08,530,2,1,11,1,0
2020-08,540,1,1,31,0,0
2020-08,540,2,1,18,0,0
2020-08,550,1,1,42,2,0
2020-08,550,2,1,7,0,0
2020-08,560,1,1,58,1,0
2020-08,560,2,1,14,0,0
2020-08,570,1,1,76,1,0
2020-08,570,2,1,18,0,0
2020-08,580,1,1,153,0,0
2020-08,580,2,1,46,0,0
2020-08,590,1,1,181,2,0
2020-08,590,2,1,82,0,0
2020-08,600,1,1,210,2,1
2020-08,600,2,1,89,1,0
2020-08,610,1,1,168,0,0
2020-08,610,2,1,106,2,1
2020-08,620,1,1,267,0,0
2020-08,620,2,1,157,0,0
2020-08,630,1,1,262,2,0
2020-08,630,2,1,126,0,0
2020-08,640,1,1,303,2,0
2020-08,640,2,1,134,0,0
2020-08,650,1,0,2013,1,0
2020-08,650,1,1,5180,21,2
2020-08,650,2,0,274,1,0
2020-08,650,2,1,852,2,0
2020-08,660,1,0,2732,0,0
2020-08,660,1,1,7572,17,1
2020-08,660,2,0,278,0,0
2020-08,660,2,1,793,0,0
2020-08,670,1,0,2844,1,0
2020-08,670,1,1,8144,19,2
2020-08,670,2,0,295,0,0
2020-08,670,2,1,793,0,0
2020-08,680,1,0,3051,3,0
2020-08,680,1,1,8888,16,0
2020-08,680,2,0,375,1,1
2020-08,680,2,1,1079,3,0
2020-08,690,1,0,3079,1,0
2020-08,690,1,1,9713,18,1
2020-08,690,2,0,360,0,0
2020-08,690,2,1,1144,3,0
2020-08,700,1,0,3671,0,0
2020-08,700,1,1,12337,26,0
2020-08,700,2,0,476,0,0
2020-08,700,2,1,1838,0,0
2020-08,710,1,0,3368,0,0
2020-08,710,1,1,10968,11,1
2020-08,710,2,0,373,0,0
2020-08,710,2,1,1517,2,0
2020-08,720,1,0,3813,0,0
2020-08,720,1,1,13239,20,0
2020-08,720,2,0,522,0,0
2020-08,720,2,1,1746,1,0
2020-08,730,1,0,3832,0,0
2020-08,730,1,1,12680,8,0
2020-08,730,2,0,491,0,0
2020-08,730,2,1,1461,3,0
2020-08,740,1,0,3611,0,0
2020-08,740,1,1,11528,6,0
2020-08,740,2,0,416,0,0
2020-08,740,2,1,1285,1,1
2020-08,750,1,0,3778,0,0
2020-08,750,1,1,12022,9,0
2020-08,750,2,0,398,0,0
2020-08,750,2,1,1179,2,0
2020-08,760,1,0,3235,0,0
2020-08,760,1,1,10098,9,1
2020-08,760,2,0,288,0,0
2020-08,760,2,1,960,0,0
2020-08,770,1,0,3592,0,0
2020-08,770,1,1,10905,2,0
2020-08,770,2,0,270,0,0
2020-08,770,2,1,977,0,0
2020-08,780,1,0,3700,0,0
2020-08,780,1,1,10988,4,0
2020-08,780,2,0,334,0,0
2020-08,780,2,1,873,1,0
2020-08,790,1,0,3423,0,0
2020-08,790,1,1,10011,3,0
2020-08,790,2,0,257,0,0
2020-08,790,2,1,833,1,0
2020-08,800,1,0,3964,0,0
2020-08,800,1,1,11445,0,0
2020-08,800,2,0,257,0,0
2020-08,800,2,1,835,1,0
2020-08,810,1,0,3562,0,0
2020-08,810,1,1,10246,2,0
2020-08,810,2,0,216,0,0
2020-08,810,2,1,746,0,0
2020-08,820,1,0,3716,0,0
2020-08,820,1,1,10772,2,0
2020-08,820,2,0,219,0,0
2020-08,820,2,1,687,0,0
2020-08,830,1,0,3541,0,0
2020-08,830,1,1,10215,2,0
2020-08,830,2,0,195,0,0
2020-08,830,2,1,600,0,0
2020-08,840,1,0,3158,0,0
2020-08,840,1,1,8933,0,0
2020-08,840,2,0,171,0,0
2020-08,840,2,1,463,0,0
2020-08,850,1,0,3342,0,0
2020-08,850,1,1,9144,0,0
2020-08,850,2,0,154,0,0
2020-08,850,2,1,493,0,0
2020-08,860,1,0,2272,0,0
2020-08,860,1,1,6456,2,0
2020-08,860,2,0,89,0,0
2020-08,860,2,1,309,0,0
2020-08,870,1,0,1498,0,0
2020-08,870,1,1,4070,0,0
2020-08,870,2,0,53,0,0
2020-08,870,2,1,162,1,0
2020-08,880,1,0,275,0,0
2020-08,880,1,1,857,0,0
2020-08,880,2,0,14,0,0
2020-08,880,2,1,27,0,0
2020-08,890,1,0,11,0,0
2020-08,890,1,1,27,0,0
2020-08,890,2,0,1,0,0
2020-08,890,2,1,2,0,0
2020-09,430,1,1,1,0,0
2020-09,440,1,1,1,0,0
2020-09,450,1,1,0,0,0
2020-09,450,2,1,0,0,0
2020-09,460,2,1,2,0,0
2020-09,470,1,1,2,0,0
2020-09,470,2,1,2,0,0
2020-09,480,1,1,6,0,0
2020-09,480,2,1,0,0,0
2020-09,490,1,1,8,1,0
2020-09,490,2,1,1,0,0
2020-09,500,1,1,14,0,0
2020-09,500,2,1,2,0,0
2020-09,510,1,1,11,0,0
2020-09,510,2,1,5,0,0
2020-09,520,1,1,22,0,0
2020-09,520,2,1,10,1,1
2020-09,530,1,1,19,0,0
2020-09,530,2,1,9,0,0
2020-09,540,1,1,31,0,0
2020-09,540,2,1,18,0,0
2020-09,550,1,1,41,0,0
2020-09,550,2,1,7,0,0
2020-09,560,1,1,57,0,0
2020-09,560,2,1,13,0,0
2020-09,570,1,1,73,0,0
2020-09,570,2,1,18,1,0
2020-09,580,1,1,150,0,0
2020-09,580,2,1,45,0,0
2020-09,590,1,1,176,1,0
2020-09,590,2,1,81,2,1
2020-09,600,1,1,206,0,0
2020-09,600,2,1,85,0,0
2020-09,610,1,1,163,3,0
2020-09,610,2,1,102,0,0
2020-09,620,1,1,262,2,0
2020-09,620,2,1,149,0,0
2020-09,630,1,1,255,2,0
2020-09,630,2,1,123,0,0
2020-09,640,1,1,295,1,1
2020-09,640,2,1,133,0,0
2020-09,650,1,0,1995,4,1
2020-09,650,1,1,4989,24,1
2020-09,650,2,0,269,1,0
2020-09,650,2,1,827,2,0
2020-09,660,1,0,2694,3,0
2020-09,660,1,1,7349,27,1
2020-09,660,2,0,274,0,0
2020-09,660,2,1,777,6,1
2020-09,670,1,0,2809,5,0
2020-09,670,1,1,7894,31,2
2020-09,670,2,0,287,0,0
2020-09,670,2,1,773,3,0
2020-09,680,1,0,3017,5,0
2020-09,680,1,1,8638,13,0
2020-09,680,2,0,369,0,0
2020-09,680,2,1,1051,1,0
2020-09,690,1,0,3036,3,0
2020-09,690,1,1,9406,17,3
2020-09,690,2,0,351,0,0
2020-09,690,2,1,1121,1,0
2020-09,700,1,0,3635,2,0
2020-09,700,1,1,11962,24,1
2020-09,700,2,0,468,0,0
2020-09,700,2,1,1801,3,0
2020-09,710,1,0,3339,4,2
2020-09,710,1,1,10696,13,0
2020-09,710,2,0,367,0,0
2020-09,710,2,1,1483,0,0
2020-09,720,1,0,3768,3,0
2020-09,720,1,1,12937,9,4
2020-09,720,2,0,517,0,0
2020-09,720,2,1,1702,1,0
2020-09,730,1,0,3784,1,0
2020-09,730,1,1,12393,11,1
2020-09,730,2,0,486,0,0
2020-09,730,2,1,1430,3,0
2020-09,740,1,0,3572,0,0
2020-09,740,1,1,11241,6,0
2020-09,740,2,0,408,0,0
2020-09,740,2,1,1256,0,0
2020-09,750,1,0,3716,1,0
2020-09,750,1,1,11742,5,1
2020-09,750,2,0,392,0,0
2020-09,750,2,1,1156,0,0
2020-09,760,1,0,3191,0,0
2020-09,760,1,1,9849,8,0
2020-09,760,2,0,287,0,0
2020-09,760,2,1,951,0,0
2020-09,770,1,0,3532,1,0
2020-09,770,1,1,10638,5,1
2020-09,770,2,0,266,0,0
2020-09,770,2,1,952,0,0
2020-09,780,1,0,3641,0,0
2020-09,780,1,1,10712,3,1
2020-09,780,2,0,328,0,0
2020-09,780,2,1,851,0,0
2020-09,790,1,0,3352,0,0
2020-09,790,1,1,9764,5,1
2020-09,790,2,0,254,0,0
2020-09,790,2,1,819,0,0
2020-09,800,1,0,3901,1,0
2020-09,800,1,1,11170,2,0
2020-09,800,2,0,249,0,0
2020-09,800,2,1,811,1,0
2020-09,810,1,0,3503,1,0
2020-09,810,1,1,9980,2,0
2020-09,810,2,0,209,0,0
2020-09,810,2,1,734,0,0
2020-09,820,1,0,3650,0,0
2020-09,820,1,1,10518,0,0
2020-09,820,2,0,216,0,0
2020-09,820,2,1,678,0,0
2020-09,830,1,0,3485,1,0
2020-09,830,1,1,9964,2,0
2020-09,830,2,0,192,0,0
2020-09,830,2,1,585,1,0
2020-09,840,1,0,3106,0,0
2020-09,840,1,1,8716,0,0
2020-09,840,2,0,167,0,0
2020-09,840,2,1,457,0,0
2020-09,850,1,0,3284,0,0
2020-09,850,1,1,8923,1,0
2020-09,850,2,0,153,0,0
2020-09,850,2,1,484,0,0
2020-09,860,1,0,2251,0,0
2020-09,860,1,1,6309,0,0
2020-09,860,2,0,89,0,0
2020-09,860,2,1,305,0,0
2020-09,870,1,0,1480,0,0
2020-09,870,1,1,3973,0,0
2020-09,870,2,0,52,0,0
2020-09,870,2,1,155,0,0
2020-09,880,1,0,272,0,0
2020-09,880,1,1,840,0,0
2020-09,880,2,0,14,0,0
2020-09,880,2,1,26,0,0
2020-09,890,1,0,11,0,0
2020-09,890,1,1,25,0,0
2020-09,890,2,0,1,0,0
2020-09,890,2,1,2,0,0
2020-10,430,1,1,1,0,0
2020-10,440,1,1,1,0,0
2020-10,450,1,1,0,0,0
2020-10,450,2,1,0,0,0
2020-10,460,2,1,2,0,0
2020-10,470,1,1,2,0,0
2020-10,470,2,1,2,0,0
2020-10,480,1,1,6,0,0
2020-10,480,2,1,0,0,0
2020-10,490,1,1,7,0,0
2020-10,490,2,1,1,0,0
2020-10,500,1,1,14,0,0
2020-10,500,2,1,2,0,0
2020-10,510,1,1,11,0,0
2020-10,510,2,1,5,0,0
2020-10,520,1,1,21,0,0
2020-10,520,2,1,9,0,0
2020-10,530,1,1,18,0,0
2020-10,530,2,1,9,0,0
2020-10,540,1,1,30,0,0
2020-10,540,2,1,18,0,0
2020-10,550,1,1,39,0,0
2020-10,550,2,1,7,0,0
2020-10,560,1,1,52,0,0
2020-10,560,2,1,13,0,0
2020-10,570,1,1,70,0,0
2020-10,570,2,1,17,0,0
2020-10,580,1,1,147,1,1
2020-10,580,2,1,41,0,0
2020-10,590,1,1,172,0,0
2020-10,590,2,1,78,1,0
2020-10,600,1,1,201,0,0
2020-10,600,2,1,84,0,0
2020-10,610,1,1,158,2,0
2020-10,610,2,1,102,1,0
2020-10,620,1,1,253,2,0
2020-10,620,2,1,148,0,0
2020-10,630,1,1,244,1,0
2020-10,630,2,1,116,0,0
2020-10,640,1,1,291,1,0
2020-10,640,2,1,129,1,0
2020-10,650,1,0,1970,4,0
2020-10,650,1,1,4804,20,1
2020-10,650,2,0,265,0,0
2020-10,650,2,1,806,4,0
2020-10,660,1,0,2647,1,0
2020-10,660,1,1,7107,25,1
2020-10,660,2,0,267,1,0
2020-10,660,2,1,753,4,1
2020-10,670,1,0,2751,5,0
2020-10,670,1,1,7641,26,2
2020-10,670,2,0,281,2,1
2020-10,670,2,1,741,2,0
2020-10,680,1,0,2970,3,1
2020-10,680,1,1,8380,20,1
2020-10,680,2,0,365,1,0
2020-10,680,2,1,1020,2,0
2020-10,690,1,0,2989,0,0
2020-10,690,1,1,9148,28,2
2020-10,690,2,0,344,0,0
2020-10,690,2,1,1087,2,0
2020-10,700,1,0,3589,1,0
2020-10,700,1,1,11596,23,2
2020-10,700,2,0,460,1,0
2020-10,700,2,1,1742,0,0
2020-10,710,1,0,3283,3,0
2020-10,710,1,1,10375,11,0
2020-10,710,2,0,357,0,0
2020-10,710,2,1,1456,3,1
2020-10,720,1,0,3705,0,0
2020-10,720,1,1,12582,9,1
2020-10,720,2,0,509,0,0
2020-10,720,2,1,1661,2,0
2020-10,730,1,0,3717,1,0
2020-10,730,1,1,12036,8,0
2020-10,730,2,0,477,0,0
2020-10,730,2,1,1394,0,0
2020-10,740,1,0,3511,0,0
2020-10,740,1,1,10964,4,1
2020-10,740,2,0,404,1,1
2020-10,740,2,1,1225,1,0
2020-10,750,1,0,3649,0,0
2020-10,750,1,1,11460,4,0
2020-10,750,2,0,389,0,0
2020-10,750,2,1,1130,2,1
2020-10,760,1,0,3142,1,0
2020-10,760,1,1,9595,9,0
2020-10,760,2,0,286,0,0
2020-10,760,2,1,928,1,0
2020-10,770,1,0,3467,1,0
2020-10,770,1,1,10375,6,0
2020-10,770,2,0,259,0,0
2020-10,770,2,1,931,1,0
2020-10,780,1,0,3587,0,0
2020-10,780,1,1,10430,3,0
2020-10,780,2,0,323,0,0
2020-10,780,2,1,831,0,0
2020-10,790,1,0,3275,2,0
2020-10,790,1,1,9514,3,1
2020-10,790,2,0,249,0,0
2020-10,790,2,1,789,0,0
2020-10,800,1,0,3822,0,0
2020-10,800,1,1,10905,6,0
2020-10,800,2,0,245,0,0
2020-10,800,2,1,792,0,0
2020-10,810,1,0,3448,0,0
2020-10,810,1,1,9717,0,0
2020-10,810,2,0,206,0,0
2020-10,810,2,1,714,1,0
2020-10,820,1,0,3570,0,0
2020-10,820,1,1,10255,1,1
2020-10,820,2,0,211,0,0
2020-10,820,2,1,665,0,0
2020-10,830,1,0,3401,0,0
2020-10,830,1,1,9723,1,0
2020-10,830,2,0,188,0,0
2020-10,830,2,1,570,0,0
2020-10,840,1,0,3037,0,0
2020-10,840,1,1,8503,2,0
2020-10,840,2,0,166,0,0
2020-10,840,2,1,438,0,0
2020-10,850,1,0,3222,0,0
2020-10,850,1,1,8690,0,0
2020-10,850,2,0,152,0,0
2020-10,850,2,1,470,0,0
2020-10,860,1,0,2208,1,0
2020-10,860,1,1,6158,0,0
2020-10,860,2,0,87,0,0
2020-10,860,2,1,301,0,0
2020-10,870,1,0,1458,0,0
2020-10,870,1,1,3881,0,0
2020-10,870,2,0,51,0,0
2020-10,870,2,1,151,0,0
2020-10,880,1,0,267,0,0
2020-10,880,1,1,825,0,0
2020-10,880,2,0,14,0,0
2020-10,880,2,1,26,0,0
2020-10,890,1,0,11,0,0
2020-10,890,1,1,25,0,0
2020-10,890,2,0,1,0,0
2020-10,890,2,1,2,0,0
2020-11,430,1,1,1,0,0
2020-11,440,1,1,1,0,0
2020-11,450,1,1,0,0,0
2020-11,450,2,1,0,0,0
2020-11,460,2,1,2,0,0
2020-11,470,1,1,2,0,0
2020-11,470,2,1,2,0,0
2020-11,480,1,1,6,0,0
2020-11,480,2,1,0,0,0
2020-11,490,1,1,7,0,0
2020-11,490,2,1,1,0,0
2020-11,500,1,1,14,0,0
2020-11,500,2,1,2,0,0
2020-11,510,1,1,11,0,0
2020-11,510,2,1,5,0,0
2020-11,520,1,1,21,1,0
2020-11,520,2,1,9,0,0
2020-11,530,1,1,18,0,0
2020-11,530,2,1,9,0,0
2020-11,540,1,1,30,0,0
2020-11,540,2,1,18,0,0
2020-11,550,1,1,38,0,0
2020-11,550,2,1,7,0,0
2020-11,560,1,1,50,0,0
2020-11,560,2,1,13,0,0
2020-11,570,1,1,68,0,0
2020-11,570,2,1,17,0,0
2020-11,580,1,1,146,0,0
2020-11,580,2,1,41,0,0
2020-11,590,1,1,164,0,0
2020-11,590,2,1,75,1,0
2020-11,600,1,1,197,1,0
2020-11,600,2,1,82,0,0
2020-11,610,1,1,151,0,0
2020-11,610,2,1,99,0,0
2020-11,620,1,1,248,0,0
2020-11,620,2,1,144,0,0
2020-11,630,1,1,235,0,0
2020-11,630,2,1,116,0,0
2020-11,640,1,1,286,3,1
2020-11,640,2,1,126,0,0
2020-11,650,1,0,1160,4,1
2020-11,650,1,1,5387,13,1
2020-11,650,2,0,156,0,0
2020-11,650,2,1,889,2,1
2020-11,660,1,0,1497,0,0
2020-11,660,1,1,8003,19,1
2020-11,660,2,0,162,0,0
2020-11,660,2,1,816,3,1
2020-11,670,1,0,1508,2,0
2020-11,670,1,1,8577,24,2
2020-11,670,2,0,153,1,0
2020-11,670,2,1,835,0,0
2020-11,680,1,0,1615,3,0
2020-11,680,1,1,9439,21,0
2020-11,680,2,0,208,1,0
2020-11,680,2,1,1138,2,1
2020-11,690,1,0,1651,2,0
2020-11,690,1,1,10162,22,0
2020-11,690,2,0,216,2,1
2020-11,690,2,1,1182,2,1
2020-11,700,1,0,2069,2,1
2020-11,700,1,1,12747,22,2
2020-11,700,2,0,290,0,0
2020-11,700,2,1,1869,2,0
2020-11,710,1,0,1881,1,0
2020-11,710,1,1,11476,12,2
2020-11,710,2,0,212,1,0
2020-11,710,2,1,1569,2,0
2020-11,720,1,0,2094,1,1
2020-11,720,1,1,13800,15,1
2020-11,720,2,0,276,0,0
2020-11,720,2,1,1850,2,1
2020-11,730,1,0,1989,1,0
2020-11,730,1,1,13411,7,0
2020-11,730,2,0,290,0,0
2020-11,730,2,1,1537,3,0
2020-11,740,1,0,1911,1,0
2020-11,740,1,1,12262,7,0
2020-11,740,2,0,229,0,0
2020-11,740,2,1,1367,3,0
2020-11,750,1,0,2025,0,0
2020-11,750,1,1,12761,7,0
2020-11,750,2,0,205,0,0
2020-11,750,2,1,1288,1,1
2020-11,760,1,0,1634,1,0
2020-11,760,1,1,10832,3,0
2020-11,760,2,0,152,0,0
2020-11,760,2,1,1035,0,0
2020-11,770,1,0,1862,1,0
2020-11,770,1,1,11673,5,0
2020-11,770,2,0,114,0,0
2020-11,770,2,1,1054,0,0
2020-11,780,1,0,1937,0,0
2020-11,780,1,1,11752,4,0
2020-11,780,2,0,163,0,0
2020-11,780,2,1,968,1,0
2020-11,790,1,0,1784,0,0
2020-11,790,1,1,10739,3,0
2020-11,790,2,0,119,0,0
2020-11,790,2,1,902,0,0
2020-11,800,1,0,2049,0,0
2020-11,800,1,1,12339,3,0
2020-11,800,2,0,116,0,0
2020-11,800,2,1,904,0,0
2020-11,810,1,0,1781,1,0
2020-11,810,1,1,11066,4,0
2020-11,810,2,0,111,0,0
2020-11,810,2,1,796,0,0
2020-11,820,1,0,1903,2,1
2020-11,820,1,1,11628,1,0
2020-11,820,2,0,103,0,0
2020-11,820,2,1,749,1,0
2020-11,830,1,0,1780,0,0
2020-11,830,1,1,11061,1,0
2020-11,830,2,0,80,0,0
2020-11,830,2,1,665,0,0
2020-11,840,1,0,1582,0,0
2020-11,840,1,1,9705,1,0
2020-11,840,2,0,86,0,0
2020-11,840,2,1,499,0,0
2020-11,850,1,0,1696,1,0
2020-11,850,1,1,9976,0,0
2020-11,850,2,0,78,0,0
2020-11,850,2,1,529,0,0
2020-11,860,1,0,1188,0,0
2020-11,860,1,1,7004,0,0
2020-11,860,2,0,32,0,0
2020-11,860,2,1,346,0,0
2020-11,870,1,0,793,0,0
2020-11,870,1,1,4439,1,0
2020-11,870,2,0,21,0,0
2020-11,870,2,1,173,0,0
2020-11,880,1,0,140,0,0
2020-11,880,1,1,933,0,0
2020-11,880,2,0,5,0,0
2020-11,880,2,1,35,0,0
2020-11,890,1,0,4,0,0
2020-11,890,1,1,29,0,0
2020-11,890,2,1,3,0,0
2020-12,430,1,1,1,0,0
2020-12,440,1,1,1,0,0
2020-12,450,1,1,0,0,0
2020-12,450,2,1,0,0,0
2020-12,460,2,1,2,0,0
2020-12,470,1,1,2,0,0
2020-12,470,2,1,2,0,0
2020-12,480,1,1,6,0,0
2020-12,480,2,1,0,0,0
2020-12,490,1,1,7,0,0
2020-12,490,2,1,1,0,0
2020-12,500,1,1,14,0,0
2020-12,500,2,1,2,0,0
2020-12,510,1,1,11,0,0
2020-12,510,2,1,5,0,0
2020-12,520,1,1,20,0,0
2020-12,520,2,1,8,0,0
2020-12,530,1,1,18,0,0
2020-12,530,2,1,9,0,0
2020-12,540,1,1,29,0,0
2020-12,540,2,1,18,0,0
2020-12,550,1,1,38,1,0
2020-12,550,2,1,7,0,0
2020-12,560,1,1,49,0,0
2020-12,560,2,1,13,0,0
2020-12,570,1,1,67,0,0
2020-12,570,2,1,17,0,0
2020-12,580,1,1,144,2,0
2020-12,580,2,1,39,0,0
2020-12,590,1,1,163,0,0
2020-12,590,2,1,73,0,0
2020-12,600,1,1,192,1,0
2020-12,600,2,1,79,0,0
2020-12,610,1,1,150,0,0
2020-12,610,2,1,99,0,0
2020-12,620,1,1,244,3,1
2020-12,620,2,1,139,0,0
2020-12,630,1,1,230,0,0
2020-12,630,2,1,116,0,0
2020-12,640,1,1,279,0,0
2020-12,640,2,1,121,0,0
2020-12,650,1,1,6386,20,5
2020-12,650,2,1,1013,2,0
2020-12,660,1,1,9236,30,7
2020-12,660,2,1,960,7,1
2020-12,670,1,1,9827,23,2
2020-12,670,2,1,956,4,1
2020-12,680,1,1,10787,18,1
2020-12,680,2,1,1315,3,0
2020-12,690,1,1,11535,18,1
2020-12,690,2,1,1352,2,0
2020-12,700,1,1,14494,20,0
2020-12,700,2,1,2114,4,1
2020-12,710,1,1,13052,8,2
2020-12,710,2,1,1748,2,1
2020-12,720,1,1,15570,12,2
2020-12,720,2,1,2087,1,0
2020-12,730,1,1,15068,8,1
2020-12,730,2,1,1800,3,0
2020-12,740,1,1,13873,9,3
2020-12,740,2,1,1559,1,0
2020-12,750,1,1,14496,7,1
2020-12,750,2,1,1467,2,1
2020-12,760,1,1,12183,4,0
2020-12,760,2,1,1173,0,0
2020-12,770,1,1,13251,4,1
2020-12,770,2,1,1145,0,0
2020-12,780,1,1,13418,0,0
2020-12,780,2,1,1112,1,0
2020-12,790,1,1,12251,4,0
2020-12,790,2,1,1006,2,0
2020-12,800,1,1,14076,5,1
2020-12,800,2,1,1001,0,0
2020-12,810,1,1,12550,3,0
2020-12,810,2,1,889,1,0
2020-12,820,1,1,13278,3,0
2020-12,820,2,1,836,0,0
2020-12,830,1,1,12565,1,0
2020-12,830,2,1,731,0,0
2020-12,840,1,1,11055,1,0
2020-12,840,2,1,576,0,0
2020-12,850,1,1,11458,3,1
2020-12,850,2,1,593,0,0
2020-12,860,1,1,8034,0,0
2020-12,860,2,1,367,0,0
2020-12,870,1,1,5138,0,0
2020-12,870,2,1,193,0,0
2020-12,880,1,1,1046,0,0
2020-12,880,2,1,39,0,0
2020-12,890,1,1,33,0,0
2020-12,890,2,1,3,0,0
2021-01,430,1,1,1,0,0
2021-01,440,1,1,1,0,0
2021-01,450,1,1,0,0,0
2021-01,450,2,1,0,0,0
2021-01,460,2,1,2,1,1
2021-01,470,1,1,2,0,0
2021-01,470,2,1,2,0,0
2021-01,480,1,1,5,0,0
2021-01,480,2,1,0,0,0
2021-01,490,1,1,7,0,0
2021-01,490,2,1,1,0,0
2021-01,500,1,1,14,0,0
2021-01,500,2,1,2,0,0
2021-01,510,1,1,11,1,0
2021-01,510,2,1,5,0,0
2021-01,520,1,1,20,0,0
2021-01,520,2,1,7,0,0
2021-01,530,1,1,18,0,0
2021-01,530,2,1,9,0,0
2021-01,540,1,1,27,0,0
2021-01,540,2,1,18,0,0
2021-01,550,1,1,37,0,0
2021-01,550,2,1,7,0,0
2021-01,560,1,1,48,2,1
2021-01,560,2,1,10,0,0
2021-01,570,1,1,66,0,0
2021-01,570,2,1,16,0,0
2021-01,580,1,1,138,3,0
2021-01,580,2,1,38,1,0
2021-01,590,1,1,160,0,0
2021-01,590,2,1,71,1,0
2021-01,600,1,1,184,1,0
2021-01,600,2,1,73,0,0
2021-01,610,1,1,146,1,0
2021-01,610,2,1,97,2,0
2021-01,620,1,1,233,1,0
2021-01,620,2,1,135,0,0
2021-01,630,1,1,225,2,0
2021-01,630,2,1,112,1,1
2021-01,640,1,1,275,1,0
2021-01,640,2,1,118,3,0
2021-01,650,1,0,1273,0,0
2021-01,650,1,1,6197,22,3
2021-01,650,2,0,184,0,0
2021-01,650,2,1,981,3,0
2021-01,660,1,0,1758,2,0
2021-01,660,1,1,8972,28,0
2021-01,660,2,0,207,0,0
2021-01,660,2,1,929,5,1
2021-01,670,1,0,1857,0,0
2021-01,670,1,1,9560,20,3
2021-01,670,2,0,194,0,0
2021-01,670,2,1,925,1,0
2021-01,680,1,0,1818,1,0
2021-01,680,1,1,10511,22,4
2021-01,680,2,0,278,0,0
2021-01,680,2,1,1283,4,0
2021-01,690,1,0,1862,0,0
2021-01,690,1,1,11226,24,4
2021-01,690,2,0,250,0,0
2021-01,690,2,1,1314,6,1
2021-01,700,1,0,2342,2,0
2021-01,700,1,1,14110,13,1
2021-01,700,2,0,312,0,0
2021-01,700,2,1,2063,5,1
2021-01,710,1,0,2036,0,0
2021-01,710,1,1,12750,18,2
2021-01,710,2,0,241,0,0
2021-01,710,2,1,1710,0,0
2021-01,720,1,0,2327,0,0
2021-01,720,1,1,15216,16,2
2021-01,720,2,0,287,0,0
2021-01,720,2,1,2036,2,0
2021-01,730,1,0,2259,0,0
2021-01,730,1,1,14711,14,2
2021-01,730,2,0,233,1,0
2021-01,730,2,1,1767,1,0
2021-01,740,1,0,2106,0,0
2021-01,740,1,1,13567,8,2
2021-01,740,2,0,207,0,0
2021-01,740,2,1,1522,1,0
2021-01,750,1,0,2164,0,0
2021-01,750,1,1,14167,7,0
2021-01,750,2,0,182,0,0
2021-01,750,2,1,1433,1,0
2021-01,760,1,0,1820,0,0
2021-01,760,1,1,11902,3,0
2021-01,760,2,0,140,0,0
2021-01,760,2,1,1147,4,2
2021-01,770,1,0,1924,0,0
2021-01,770,1,1,12933,2,0
2021-01,770,2,0,132,0,0
2021-01,770,2,1,1123,0,0
2021-01,780,1,0,1940,0,0
2021-01,780,1,1,13113,5,0
2021-01,780,2,0,145,1,0
2021-01,780,2,1,1094,0,0
2021-01,790,1,0,1799,0,0
2021-01,790,1,1,11954,4,0
2021-01,790,2,0,96,0,0
2021-01,790,2,1,986,0,0
2021-01,800,1,0,2090,0,0
2021-01,800,1,1,13738,2,0
2021-01,800,2,0,112,0,0
2021-01,800,2,1,982,0,0
2021-01,810,1,0,1808,0,0
2021-01,810,1,1,12238,2,0
2021-01,810,2,0,94,0,0
2021-01,810,2,1,870,0,0
2021-01,820,1,0,1864,0,0
2021-01,820,1,1,12995,1,1
2021-01,820,2,0,94,0,0
2021-01,820,2,1,816,0,0
2021-01,830,1,0,1750,0,0
2021-01,830,1,1,12289,1,1
2021-01,830,2,0,86,0,0
2021-01,830,2,1,718,1,0
2021-01,840,1,0,1507,0,0
2021-01,840,1,1,10794,0,0
2021-01,840,2,0,69,0,0
2021-01,840,2,1,567,0,0
2021-01,850,1,0,1606,0,0
2021-01,850,1,1,11217,2,1
2021-01,850,2,0,72,0,0
2021-01,850,2,1,576,0,0
2021-01,860,1,0,1096,0,0
2021-01,860,1,1,7830,1,0
2021-01,860,2,0,37,0,0
2021-01,860,2,1,359,0,0
2021-01,870,1,0,721,0,0
2021-01,870,1,1,5019,0,0
2021-01,870,2,0,22,0,0
2021-01,870,2,1,188,0,0
2021-01,880,1,0,157,0,0
2021-01,880,1,1,1026,0,0
2021-01,880,2,0,2,0,0
2021-01,880,2,1,38,0,0
2021-01,890,1,0,5,0,0
2021-01,890,1,1,32,0,0
2021-01,890,2,0,1,0,0
2021-01,890,2,1,3,0,0
2021-02,430,1,1,1,0,0
2021-02,440,1,1,1,0,0
2021-02,450,1,1,0,0,0
2021-02,450,2,1,0,0,0
2021-02,460,2,1,1,1,0
2021-02,470,1,1,2,0,0
2021-02,470,2,1,2,0,0
2021-02,480,1,1,4,0,0
2021-02,480,2,1,0,0,0
2021-02,490,1,1,7,0,0
2021-02,490,2,1,1,0,0
2021-02,500,1,1,13,0,0
2021-02,500,2,1,2,0,0
2021-02,510,1,1,10,0,0
2021-02,510,2,1,5,0,0
2021-02,520,1,1,19,0,0
2021-02,520,2,1,7,0,0
2021-02,530,1,1,18,0,0
2021-02,530,2,1,9,0,0
2021-02,540,1,1,26,0,0
2021-02,540,2,1,18,1,0
2021-02,550,1,1,37,0,0
2021-02,550,2,1,7,0,0
2021-02,560,1,1,45,0,0
2021-02,560,2,1,10,0,0
2021-02,570,1,1,65,0,0
2021-02,570,2,1,15,0,0
2021-02,580,1,1,131,1,0
2021-02,580,2,1,37,0,0
2021-02,590,1,1,156,1,0
2021-02,590,2,1,68,0,0
2021-02,600,1,1,176,1,1
2021-02,600,2,1,69,0,0
2021-02,610,1,1,140,0,0
2021-02,610,2,1,94,0,0
2021-02,620,1,1,230,1,0
2021-02,620,2,1,132,0,0
2021-02,630,1,1,212,1,0
2021-02,630,2,1,107,1,0
2021-02,640,1,1,266,0,0
2021-02,640,2,1,112,0,0
2021-02,650,1,0,1258,2,0
2021-02,650,1,1,6006,19,3
2021-02,650,2,0,181,0,0
2021-02,650,2,1,954,2,0
2021-02,660,1,0,1739,2,0
2021-02,660,1,1,8736,21,3
2021-02,660,2,0,204,1,0
2021-02,660,2,1,899,1,0
2021-02,670,1,0,1837,0,0
2021-02,670,1,1,9317,30,5
2021-02,670,2,0,190,0,0
2021-02,670,2,1,896,3,0
2021-02,680,1,0,1790,2,1
2021-02,680,1,1,10241,19,2
2021-02,680,2,0,273,0,0
2021-02,680,2,1,1253,2,0
2021-02,690,1,0,1832,0,0
2021-02,690,1,1,10905,17,1
2021-02,690,2,0,248,0,0
2021-02,690,2,1,1276,0,0
2021-02,700,1,0,2309,2,0
2021-02,700,1,1,13750,17,0
2021-02,700,2,0,308,0,0
2021-02,700,2,1,2008,1,0
2021-02,710,1,0,2008,1,0
2021-02,710,1,1,12441,16,3
2021-02,710,2,0,237,0,0
2021-02,710,2,1,1671,2,1
2021-02,720,1,0,2300,0,0
2021-02,720,1,1,14819,11,1
2021-02,720,2,0,285,0,0
2021-02,720,2,1,1989,3,2
2021-02,730,1,0,2237,3,0
2021-02,730,1,1,14343,7,0
2021-02,730,2,0,229,0,0
2021-02,730,2,1,1734,0,0
2021-02,740,1,0,2080,1,0
2021-02,740,1,1,13222,10,0
2021-02,740,2,0,204,0,0
2021-02,740,2,1,1490,0,0
2021-02,750,1,0,2138,0,0
2021-02,750,1,1,13811,7,2
2021-02,750,2,0,181,1,0
2021-02,750,2,1,1406,0,0
2021-02,760,1,0,1795,0,0
2021-02,760,1,1,11586,3,1
2021-02,760,2,0,137,0,0
2021-02,760,2,1,1121,0,0
2021-02,770,1,0,1902,1,0
2021-02,770,1,1,12641,7,2
2021-02,770,2,0,130,0,0
2021-02,770,2,1,1103,1,0
2021-02,780,1,0,1922,0,0
2021-02,780,1,1,12837,5,1
2021-02,780,2,0,142,0,0
2021-02,780,2,1,1077,2,0
2021-02,790,1,0,1776,0,0
2021-02,790,1,1,11660,2,0
2021-02,790,2,0,96,0,0
2021-02,790,2,1,960,0,0
2021-02,800,1,0,2063,0,0
2021-02,800,1,1,13377,4,0
2021-02,800,2,0,112,0,0
2021-02,800,2,1,965,0,0
2021-02,810,1,0,1776,1,1
2021-02,810,1,1,11923,5,1
2021-02,810,2,0,93,0,0
2021-02,810,2,1,847,2,0
2021-02,820,1,0,1840,0,0
2021-02,820,1,1,12672,2,0
2021-02,820,2,0,93,0,0
2021-02,820,2,1,795,0,0
2021-02,830,1,0,1731,0,0
2021-02,830,1,1,11973,1,0
2021-02,830,2,0,82,0,0
2021-02,830,2,1,693,0,0
2021-02,840,1,0,1481,0,0
2021-02,840,1,1,10500,1,0
2021-02,840,2,0,67,0,0
2021-02,840,2,1,558,0,0
2021-02,850,1,0,1579,0,0
2021-02,850,1,1,10955,2,0
2021-02,850,2,0,70,0,0
2021-02,850,2,1,560,0,0
2021-02,860,1,0,1078,0,0
2021-02,860,1,1,7658,1,0
2021-02,860,2,0,36,0,0
2021-02,860,2,1,347,0,0
2021-02,870,1,0,713,0,0
2021-02,870,1,1,4908,0,0
2021-02,870,2,0,21,0,0
2021-02,870,2,1,182,0,0
2021-02,880,1,0,152,0,0
2021-02,880,1,1,1002,0,0
2021-02,880,2,0,2,0,0
2021-02,880,2,1,37,0,0
2021-02,890,1,0,5,0,0
2021-02,890,1,1,29,0,0
2021-02,890,2,0,1,0,0
2021-02,890,2,1,3,0,0
2021-03,430,1,1,1,0,0
2021-03,440,1,1,1,0,0
2021-03,450,1,1,0,0,0
2021-03,450,2,1,0,0,0
2021-03,470,1,1,2,0,0
2021-03,470,2,1,2,0,0
2021-03,480,1,1,4,0,0
2021-03,480,2,1,0,0,0
2021-03,490,1,1,7,0,0
2021-03,490,2,1,1,0,0
2021-03,500,1,1,13,0,0
2021-03,500,2,1,2,0,0
2021-03,510,1,1,10,0,0
2021-03,510,2,1,5,0,0
2021-03,520,1,1,17,0,0
2021-03,520,2,1,7,0,0
2021-03,530,1,1,18,0,0
2021-03,530,2,1,9,0,0
2021-03,540,1,1,26,0,0
2021-03,540,2,1,16,0,0
2021-03,550,1,1,36,0,0
2021-03,550,2,1,7,0,0
2021-03,560,1,1,45,1,0
2021-03,560,2,1,10,0,0
2021-03,570,1,1,64,0,0
2021-03,570,2,1,15,0,0
2021-03,580,1,1,129,0,0
2021-03,580,2,1,37,0,0
2021-03,590,1,1,153,0,0
2021-03,590,2,1,68,0,0
2021-03,600,1,1,173,1,0
2021-03,600,2,1,68,0,0
2021-03,610,1,1,139,0,0
2021-03,610,2,1,92,0,0
2021-03,620,1,1,227,0,0
2021-03,620,2,1,129,0,0
2021-03,630,1,1,204,0,0
2021-03,630,2,1,106,0,0
2021-03,640,1,1,257,0,0
2021-03,640,2,1,109,0,0
2021-03,650,1,0,1241,0,0
2021-03,650,1,1,5853,19,1
2021-03,650,2,0,178,0,0
2021-03,650,2,1,928,3,0
2021-03,660,1,0,1718,6,0
2021-03,660,1,1,8507,19,1
2021-03,660,2,0,198,0,0
2021-03,660,2,1,871,3,1
2021-03,670,1,0,1814,3,0
2021-03,670,1,1,9064,20,0
2021-03,670,2,0,187,0,0
2021-03,670,2,1,877,0,0
2021-03,680,1,0,1765,6,0
2021-03,680,1,1,9984,9,2
2021-03,680,2,0,266,0,0
2021-03,680,2,1,1224,2,0
2021-03,690,1,0,1814,1,0
2021-03,690,1,1,10617,11,4
2021-03,690,2,0,244,0,0
2021-03,690,2,1,1241,0,0
2021-03,700,1,0,2279,0,0
2021-03,700,1,1,13471,11,3
2021-03,700,2,0,304,0,0
2021-03,700,2,1,1960,0,0
2021-03,710,1,0,1981,2,0
2021-03,710,1,1,12188,13,1
2021-03,710,2,0,234,0,0
2021-03,710,2,1,1625,3,1
2021-03,720,1,0,2283,3,0
2021-03,720,1,1,14542,10,0
2021-03,720,2,0,278,0,0
2021-03,720,2,1,1951,0,0
2021-03,730,1,0,2211,0,0
2021-03,730,1,1,14047,7,2
2021-03,730,2,0,226,0,0
2021-03,730,2,1,1698,0,0
2021-03,740,1,0,2056,2,0
2021-03,740,1,1,12957,9,0
2021-03,740,2,0,202,0,0
2021-03,740,2,1,1463,0,0
2021-03,750,1,0,2118,1,0
2021-03,750,1,1,13502,3,0
2021-03,750,2,0,177,0,0
2021-03,750,2,1,1377,0,0
2021-03,760,1,0,1773,2,0
2021-03,760,1,1,11358,7,1
2021-03,760,2,0,134,0,0
2021-03,760,2,1,1101,0,0
2021-03,770,1,0,1875,2,0
2021-03,770,1,1,12379,5,0
2021-03,770,2,0,127,1,0
2021-03,770,2,1,1080,0,0
2021-03,780,1,0,1892,0,0
2021-03,780,1,1,12564,3,1
2021-03,780,2,0,137,0,0
2021-03,780,2,1,1060,0,0
2021-03,790,1,0,1755,0,0
2021-03,790,1,1,11416,3,0
2021-03,790,2,0,94,0,0
2021-03,790,2,1,939,0,0
2021-03,800,1,0,2029,2,0
2021-03,800,1,1,13101,4,0
2021-03,800,2,0,109,0,0
2021-03,800,2,1,937,1,0
2021-03,810,1,0,1749,0,0
2021-03,810,1,1,11672,2,1
2021-03,810,2,0,93,0,0
2021-03,810,2,1,833,0,0
2021-03,820,1,0,1810,0,0
2021-03,820,1,1,12399,2,0
2021-03,820,2,0,92,0,0
2021-03,820,2,1,783,0,0
2021-03,830,1,0,1707,0,0
2021-03,830,1,1,11715,3,0
2021-03,830,2,0,81,0,0
2021-03,830,2,1,678,1,0
2021-03,840,1,0,1458,0,0
2021-03,840,1,1,10308,1,0
2021-03,840,2,0,66,0,0
2021-03,840,2,1,546,0,0
2021-03,850,1,0,1561,0,0
2021-03,850,1,1,10715,1,0
2021-03,850,2,0,69,0,0
2021-03,850,2,1,550,0,0
2021-03,860,1,0,1058,0,0
2021-03,860,1,1,7516,0,0
2021-03,860,2,0,36,0,0
2021-03,860,2,1,340,0,0
2021-03,870,1,0,704,0,0
2021-03,870,1,1,4809,0,0
2021-03,870,2,0,21,0,0
2021-03,870,2,1,179,0,0
2021-03,880,1,0,150,0,0
2021-03,880,1,1,985,0,0
2021-03,880,2,0,2,0,0
2021-03,880,2,1,35,0,0
2021-03,890,1,0,5,0,0
2021-03,890,1,1,28,0,0
2021-03,890,2,0,1,0,0
2021-03,890,2,1,3,0,0
2021-04,430,1,1,1,0,0
2021-04,440,1,1,1,0,0
2021-04,450,1,1,0,0,0
2021-04,450,2,1,0,0,0
2021-04,470,1,1,2,0,0
2021-04,470,2,1,2,0,0
2021-04,480,1,1,4,0,0
2021-04,480,2,1,0,0,0
2021-04,490,1,1,7,1,0
2021-04,490,2,1,1,0,0
2021-04,500,1,1,13,0,0
2021-04,500,2,1,2,0,0
2021-04,510,1,1,10,0,0
2021-04,510,2,1,5,0,0
2021-04,520,1,1,17,0,0
2021-04,520,2,1,7,0,0
2021-04,530,1,1,18,0,0
2021-04,530,2,1,9,0,0
2021-04,540,1,1,25,1,0
2021-04,540,2,1,15,0,0
2021-04,550,1,1,34,1,0
2021-04,550,2,1,7,0,0
2021-04,560,1,1,43,1,0
2021-04,560,2,1,9,0,0
2021-04,570,1,1,64,0,0
2021-04,570,2,1,15,0,0
2021-04,580,1,1,125,0,0
2021-04,580,2,1,36,0,0
2021-04,590,1,1,149,1,0
2021-04,590,2,1,64,0,0
2021-04,600,1,1,167,0,0
2021-04,600,2,1,66,0,0
2021-04,610,1,1,135,0,0
2021-04,610,2,1,90,0,0
2021-04,620,1,1,221,0,0
2021-04,620,2,1,124,0,0
2021-04,630,1,1,202,0,0
2021-04,630,2,1,102,0,0
2021-04,640,1,1,250,0,0
2021-04,640,2,1,104,0,0
2021-04,650,1,0,2402,3,0
2021-04,650,1,1,5630,7,0
2021-04,650,2,0,290,1,0
2021-04,650,2,1,905,3,0
2021-04,660,1,0,3126,0,0
2021-04,660,1,1,8172,11,1
2021-04,660,2,0,314,0,0
2021-04,660,2,1,842,1,0
2021-04,670,1,0,3362,1,0
2021-04,670,1,1,8754,6,0
2021-04,670,2,0,310,0,0
2021-04,670,2,1,841,0,0
2021-04,680,1,0,3362,3,0
2021-04,680,1,1,9667,9,0
2021-04,680,2,0,431,0,0
2021-04,680,2,1,1180,0,0
2021-04,690,1,0,3448,3,0
2021-04,690,1,1,10252,10,1
2021-04,690,2,0,412,0,0
2021-04,690,2,1,1199,2,0
2021-04,700,1,0,4101,0,0
2021-04,700,1,1,13050,10,0
2021-04,700,2,0,493,0,0
2021-04,700,2,1,1890,0,0
2021-04,710,1,0,3617,4,0
2021-04,710,1,1,11800,7,0
2021-04,710,2,0,397,0,0
2021-04,710,2,1,1575,2,0
2021-04,720,1,0,4158,4,0
2021-04,720,1,1,14121,5,2
2021-04,720,2,0,485,0,0
2021-04,720,2,1,1887,1,0
2021-04,730,1,0,4074,1,0
2021-04,730,1,1,13660,9,0
2021-04,730,2,0,385,0,0
2021-04,730,2,1,1648,0,0
2021-04,740,1,0,3740,2,0
2021-04,740,1,1,12586,3,0
2021-04,740,2,0,344,0,0
2021-04,740,2,1,1421,1,1
2021-04,750,1,0,3807,1,0
2021-04,750,1,1,13134,3,0
2021-04,750,2,0,309,0,0
2021-04,750,2,1,1346,1,0
2021-04,760,1,0,3210,1,0
2021-04,760,1,1,11033,1,0
2021-04,760,2,0,220,0,0
2021-04,760,2,1,1072,0,0
2021-04,770,1,0,3436,0,0
2021-04,770,1,1,12012,3,0
2021-04,770,2,0,199,0,0
2021-04,770,2,1,1046,0,0
2021-04,780,1,0,3422,0,0
2021-04,780,1,1,12188,4,0
2021-04,780,2,0,229,0,0
2021-04,780,2,1,1027,1,0
2021-04,790,1,0,3192,0,0
2021-04,790,1,1,11087,1,0
2021-04,790,2,0,181,0,0
2021-04,790,2,1,900,1,0
2021-04,800,1,0,3651,1,0
2021-04,800,1,1,12712,2,0
2021-04,800,2,0,172,0,0
2021-04,800,2,1,913,1,0
2021-04,810,1,0,3206,0,0
2021-04,810,1,1,11323,3,0
2021-04,810,2,0,153,0,0
2021-04,810,2,1,807,0,0
2021-04,820,1,0,3372,0,0
2021-04,820,1,1,12027,1,0
2021-04,820,2,0,151,0,0
2021-04,820,2,1,759,0,0
2021-04,830,1,0,3146,0,0
2021-04,830,1,1,11343,0,0
2021-04,830,2,0,131,0,0
2021-04,830,2,1,657,0,0
2021-04,840,1,0,2640,1,0
2021-04,840,1,1,9984,0,0
2021-04,840,2,0,102,0,0
2021-04,840,2,1,531,0,0
2021-04,850,1,0,2841,0,0
2021-04,850,1,1,10408,0,0
2021-04,850,2,0,103,0,0
2021-04,850,2,1,532,0,0
2021-04,860,1,0,1935,0,0
2021-04,860,1,1,7304,0,0
2021-04,860,2,0,65,0,0
2021-04,860,2,1,332,0,0
2021-04,870,1,0,1245,0,0
2021-04,870,1,1,4677,0,0
2021-04,870,2,0,36,0,0
2021-04,870,2,1,173,0,0
2021-04,880,1,0,258,0,0
2021-04,880,1,1,957,0,0
2021-04,880,2,0,4,0,0
2021-04,880,2,1,34,0,0
2021-04,890,1,0,8,0,0
2021-04,890,1,1,28,0,0
2021-04,890,2,0,1,0,0
2021-04,890,2,1,3,0,0
2021-05,430,1,1,1,0,0
2021-05,440,1,1,1,0,0
2021-05,450,2,1,0,0,0
2021-05,470,1,1,2,0,0
2021-05,470,2,1,2,0,0
2021-05,480,1,1,4,0,0
2021-05,480,2,1,0,0,0
2021-05,490,1,1,6,0,0
2021-05,490,2,1,1,0,0
2021-05,500,1,1,13,0,0
2021-05,500,2,1,1,0,0
2021-05,510,1,1,10,0,0
2021-05,510,2,1,4,0,0
2021-05,520,1,1,17,0,0
2021-05,520,2,1,6,0,0
2021-05,530,1,1,17,0,0
2021-05,530,2,1,9,0,0
2021-05,540,1,1,23,0,0
2021-05,540,2,1,14,0,0
2021-05,550,1,1,32,0,0
2021-05,550,2,1,7,0,0
2021-05,560,1,1,42,0,0
2021-05,560,2,1,9,0,0
2021-05,570,1,1,61,0,0
2021-05,570,2,1,15,0,0
2021-05,580,1,1,121,1,0
2021-05,580,2,1,33,0,0
2021-05,590,1,1,143,1,0
2021-05,590,2,1,64,1,0
2021-05,600,1,1,163,0,0
2021-05,600,2,1,64,0,0
2021-05,610,1,1,129,0,0
2021-05,610,2,1,86,0,0
2021-05,620,1,1,215,0,0
2021-05,620,2,1,122,0,0
2021-05,630,1,1,195,0,0
2021-05,630,2,1,99,0,0
2021-05,640,1,1,234,0,0
2021-05,640,2,1,100,0,0
2021-05,650,1,0,2358,1,0
2021-05,650,1,1,5435,14,1
2021-05,650,2,0,284,0,0
2021-05,650,2,1,879,3,0
2021-05,660,1,0,3097,3,1
2021-05,660,1,1,7902,12,3
2021-05,660,2,0,308,0,0
2021-05,660,2,1,811,1,0
2021-05,670,1,0,3322,4,0
2021-05,670,1,1,8455,8,0
2021-05,670,2,0,299,0,0
2021-05,670,2,1,807,0,0
2021-05,680,1,0,3313,2,0
2021-05,680,1,1,9341,5,1
2021-05,680,2,0,421,0,0
2021-05,680,2,1,1141,1,0
2021-05,690,1,0,3400,3,0
2021-05,690,1,1,9926,9,0
2021-05,690,2,0,404,0,0
2021-05,690,2,1,1150,1,0
2021-05,700,1,0,4044,3,0
2021-05,700,1,1,12626,9,0
2021-05,700,2,0,481,0,0
2021-05,700,2,1,1829,2,0
2021-05,710,1,0,3561,2,0
2021-05,710,1,1,11439,6,1
2021-05,710,2,0,390,0,0
2021-05,710,2,1,1502,1,0
2021-05,720,1,0,4098,2,0
2021-05,720,1,1,13690,7,1
2021-05,720,2,0,480,0,0
2021-05,720,2,1,1825,2,0
2021-05,730,1,0,4026,3,0
2021-05,730,1,1,13315,5,1
2021-05,730,2,0,381,0,0
2021-05,730,2,1,1601,0,0
2021-05,740,1,0,3680,0,0
2021-05,740,1,1,12221,4,0
2021-05,740,2,0,340,0,0
2021-05,740,2,1,1384,0,0
2021-05,750,1,0,3749,0,0
2021-05,750,1,1,12759,4,0
2021-05,750,2,0,303,0,0
2021-05,750,2,1,1313,0,0
2021-05,760,1,0,3162,0,0
2021-05,760,1,1,10746,2,0
2021-05,760,2,0,216,0,0
2021-05,760,2,1,1031,0,0
2021-05,770,1,0,3374,1,0
2021-05,770,1,1,11684,2,0
2021-05,770,2,0,196,0,0
2021-05,770,2,1,1024,1,0
2021-05,780,1,0,3373,0,0
2021-05,780,1,1,11852,2,2
2021-05,780,2,0,225,0,0
2021-05,780,2,1,1003,0,0
2021-05,790,1,0,3139,0,0
2021-05,790,1,1,10759,3,1
2021-05,790,2,0,176,0,0
2021-05,790,2,1,882,0,0
2021-05,800,1,0,3601,0,0
2021-05,800,1,1,12345,1,0
2021-05,800,2,0,165,0,0
2021-05,800,2,1,893,0,0
2021-05,810,1,0,3158,0,0
2021-05,810,1,1,11006,2,0
2021-05,810,2,0,151,0,0
2021-05,810,2,1,783,1,0
2021-05,820,1,0,3315,0,0
2021-05,820,1,1,11712,1,0
2021-05,820,2,0,144,0,0
2021-05,820,2,1,744,1,0
2021-05,830,1,0,3089,0,0
2021-05,830,1,1,11040,2,0
2021-05,830,2,0,128,0,0
2021-05,830,2,1,639,0,0
2021-05,840,1,0,2585,0,0
2021-05,840,1,1,9718,1,0
2021-05,840,2,0,100,0,0
2021-05,840,2,1,513,0,0
2021-05,850,1,0,2794,0,0
2021-05,850,1,1,10134,1,0
2021-05,850,2,0,102,0,0
2021-05,850,2,1,521,0,0
2021-05,860,1,0,1906,0,0
2021-05,860,1,1,7105,1,0
2021-05,860,2,0,64,0,0
2021-05,860,2,1,324,0,0
2021-05,870,1,0,1225,0,0
2021-05,870,1,1,4550,0,0
2021-05,870,2,0,36,0,0
2021-05,870,2,1,170,0,0
2021-05,880,1,0,252,0,0
2021-05,880,1,1,938,0,0
2021-05,880,2,0,4,0,0
2021-05,880,2,1,33,0,0
2021-05,890,1,0,8,0,0
2021-05,890,1,1,27,0,0
2021-05,890,2,0,1,0,0
2021-05,890,2,1,3,0,0
2021-06,650,1,0,1163,0,0
2021-06,650,1,1,6071,9,0
2021-06,650,2,0,114,0,0
2021-06,650,2,1,904,1,1
2021-06,660,1,0,1414,0,0
2021-06,660,1,1,8855,9,0
2021-06,660,2,0,120,0,0
2021-06,660,2,1,869,0,0
2021-06,670,1,0,1563,2,0
2021-06,670,1,1,9434,9,0
2021-06,670,2,0,123,0,0
2021-06,670,2,1,862,0,0
2021-06,680,1,0,1593,1,0
2021-06,680,1,1,10181,8,2
2021-06,680,2,0,167,0,0
2021-06,680,2,1,1262,3,1
2021-06,690,1,0,1627,1,0
2021-06,690,1,1,10826,5,0
2021-06,690,2,0,165,0,0
2021-06,690,2,1,1279,3,1
2021-06,700,1,0,1842,0,0
2021-06,700,1,1,13737,8,0
2021-06,700,2,0,198,0,0
2021-06,700,2,1,1945,2,0
2021-06,710,1,0,1664,0,0
2021-06,710,1,1,12297,12,1
2021-06,710,2,0,167,0,0
2021-06,710,2,1,1581,1,0
2021-06,720,1,0,1902,1,0
2021-06,720,1,1,14649,7,1
2021-06,720,2,0,210,0,0
2021-06,720,2,1,1945,0,0
2021-06,730,1,0,1897,0,0
2021-06,730,1,1,14328,5,0
2021-06,730,2,0,161,0,0
2021-06,730,2,1,1704,0,0
2021-06,740,1,0,1699,0,0
2021-06,740,1,1,13200,6,0
2021-06,740,2,0,141,0,0
2021-06,740,2,1,1462,0,0
2021-06,750,1,0,1714,0,0
2021-06,750,1,1,13785,2,1
2021-06,750,2,0,133,0,0
2021-06,750,2,1,1397,2,0
2021-06,760,1,0,1451,0,0
2021-06,760,1,1,11547,3,0
2021-06,760,2,0,92,0,0
2021-06,760,2,1,1082,1,0
2021-06,770,1,0,1592,0,0
2021-06,770,1,1,12447,3,1
2021-06,770,2,0,75,0,0
2021-06,770,2,1,1063,0,0
2021-06,780,1,0,1551,0,0
2021-06,780,1,1,12669,3,0
2021-06,780,2,0,89,0,0
2021-06,780,2,1,1058,0,0
2021-06,790,1,0,1461,0,0
2021-06,790,1,1,11510,0,0
2021-06,790,2,0,93,0,0
2021-06,790,2,1,875,0,0
2021-06,800,1,0,1647,0,0
2021-06,800,1,1,13205,1,1
2021-06,800,2,0,64,0,0
2021-06,800,2,1,919,0,0
2021-06,810,1,0,1470,0,0
2021-06,810,1,1,11755,2,0
2021-06,810,2,0,60,0,0
2021-06,810,2,1,813,1,0
2021-06,820,1,0,1582,0,0
2021-06,820,1,1,12511,1,0
2021-06,820,2,0,62,0,0
2021-06,820,2,1,742,0,0
2021-06,830,1,0,1461,0,0
2021-06,830,1,1,11790,0,0
2021-06,830,2,0,52,0,0
2021-06,830,2,1,654,0,0
2021-06,840,1,0,1204,0,0
2021-06,840,1,1,10317,1,0
2021-06,840,2,0,35,0,0
2021-06,840,2,1,530,0,0
2021-06,850,1,0,1302,0,0
2021-06,850,1,1,10828,0,0
2021-06,850,2,0,37,0,0
2021-06,850,2,1,524,0,0
2021-06,860,1,0,893,0,0
2021-06,860,1,1,7513,0,0
2021-06,860,2,0,31,0,0
2021-06,860,2,1,335,0,0
2021-06,870,1,0,555,0,0
2021-06,870,1,1,4906,0,0
2021-06,870,2,0,15,0,0
2021-06,870,2,1,176,0,0
2021-06,880,1,0,109,0,0
2021-06,880,1,1,1008,0,0
2021-06,880,2,0,2,0,0
2021-06,880,2,1,34,0,0
2021-06,890,1,0,3,0,0
2021-06,890,1,1,30,0,0
2021-06,890,2,1,2,0,0
2021-07,650,1,0,2567,2,0
2021-07,650,1,1,5845,15,1
2021-07,650,2,0,260,0,0
2021-07,650,2,1,862,1,0
2021-07,660,1,0,3200,2,0
2021-07,660,1,1,8509,10,1
2021-07,660,2,0,334,0,0
2021-07,660,2,1,824,2,0
2021-07,670,1,0,3467,3,0
2021-07,670,1,1,9086,10,2
2021-07,670,2,0,293,0,0
2021-07,670,2,1,835,1,0
2021-07,680,1,0,3551,3,0
2021-07,680,1,1,9802,6,0
2021-07,680,2,0,386,1,1
2021-07,680,2,1,1217,1,0
2021-07,690,1,0,3721,2,1
2021-07,690,1,1,10456,5,1
2021-07,690,2,0,377,0,0
2021-07,690,2,1,1242,0,0
2021-07,700,1,0,4150,0,0
2021-07,700,1,1,13300,6,1
2021-07,700,2,0,458,0,0
2021-07,700,2,1,1888,0,0
2021-07,710,1,0,3805,1,0
2021-07,710,1,1,11931,9,1
2021-07,710,2,0,391,0,0
2021-07,710,2,1,1538,0,0
2021-07,720,1,0,4298,0,0
2021-07,720,1,1,14246,11,0
2021-07,720,2,0,475,0,0
2021-07,720,2,1,1891,1,1
2021-07,730,1,0,4174,1,0
2021-07,730,1,1,13890,8,0
2021-07,730,2,0,393,1,0
2021-07,730,2,1,1664,0,0
2021-07,740,1,0,3787,0,0
2021-07,740,1,1,12820,2,1
2021-07,740,2,0,335,1,0
2021-07,740,2,1,1409,1,1
2021-07,750,1,0,3984,0,0
2021-07,750,1,1,13353,4,0
2021-07,750,2,0,306,0,0
2021-07,750,2,1,1366,0,0
2021-07,760,1,0,3369,3,0
2021-07,760,1,1,11213,2,1
2021-07,760,2,0,227,0,0
2021-07,760,2,1,1047,0,0
2021-07,770,1,0,3677,0,0
2021-07,770,1,1,12081,0,0
2021-07,770,2,0,224,0,0
2021-07,770,2,1,1044,0,0
2021-07,780,1,0,3728,0,0
2021-07,780,1,1,12331,3,0
2021-07,780,2,0,203,0,0
2021-07,780,2,1,1029,0,0
2021-07,790,1,0,3438,0,0
2021-07,790,1,1,11195,1,0
2021-07,790,2,0,228,0,0
2021-07,790,2,1,849,0,0
2021-07,800,1,0,3920,0,0
2021-07,800,1,1,12860,1,0
2021-07,800,2,0,183,0,0
2021-07,800,2,1,884,0,0
2021-07,810,1,0,3493,0,0
2021-07,810,1,1,11405,0,0
2021-07,810,2,0,162,0,0
2021-07,810,2,1,792,0,0
2021-07,820,1,0,3631,0,0
2021-07,820,1,1,12183,0,0
2021-07,820,2,0,162,0,0
2021-07,820,2,1,733,0,0
2021-07,830,1,0,3300,0,0
2021-07,830,1,1,11459,0,0
2021-07,830,2,0,138,0,0
2021-07,830,2,1,634,0,0
2021-07,840,1,0,2808,0,0
2021-07,840,1,1,10050,0,0
2021-07,840,2,0,90,0,0
2021-07,840,2,1,512,0,0
2021-07,850,1,0,2987,0,0
2021-07,850,1,1,10556,1,0
2021-07,850,2,0,110,0,0
2021-07,850,2,1,507,0,0
2021-07,860,1,0,2116,0,0
2021-07,860,1,1,7322,1,0
2021-07,860,2,0,73,0,0
2021-07,860,2,1,321,0,0
2021-07,870,1,0,1349,0,0
2021-07,870,1,1,4798,1,0
2021-07,870,2,0,37,0,0
2021-07,870,2,1,175,0,0
2021-07,880,1,0,285,0,0
2021-07,880,1,1,986,0,0
2021-07,880,2,0,2,0,0
2021-07,880,2,1,34,0,0
2021-07,890,1,0,13,0,0
2021-07,890,1,1,30,0,0
2021-07,890,2,1,2,0,0
2021-08,650,1,0,2522,0,0
2021-08,650,1,1,5612,12,0
2021-08,650,2,0,252,0,0
2021-08,650,2,1,833,3,0
2021-08,660,1,0,3148,2,0
2021-08,660,1,1,8213,12,0
2021-08,660,2,0,330,0,0
2021-08,660,2,1,791,2,0
2021-08,670,1,0,3401,2,0
2021-08,670,1,1,8769,14,2
2021-08,670,2,0,288,0,0
2021-08,670,2,1,807,1,1
2021-08,680,1,0,3498,2,0
2021-08,680,1,1,9516,12,0
2021-08,680,2,0,377,0,0
2021-08,680,2,1,1190,1,0
2021-08,690,1,0,3669,4,0
2021-08,690,1,1,10118,8,0
2021-08,690,2,0,375,1,0
2021-08,690,2,1,1208,0,0
2021-08,700,1,0,4103,3,0
2021-08,700,1,1,12877,8,1
2021-08,700,2,0,450,2,0
2021-08,700,2,1,1835,2,1
2021-08,710,1,0,3758,3,0
2021-08,710,1,1,11546,9,0
2021-08,710,2,0,384,0,0
2021-08,710,2,1,1494,0,0
2021-08,720,1,0,4241,2,0
2021-08,720,1,1,13838,7,0
2021-08,720,2,0,471,0,0
2021-08,720,2,1,1838,0,0
2021-08,730,1,0,4110,1,0
2021-08,730,1,1,13492,2,0
2021-08,730,2,0,383,0,0
2021-08,730,2,1,1623,1,0
2021-08,740,1,0,3737,3,0
2021-08,740,1,1,12469,3,0
2021-08,740,2,0,332,0,0
2021-08,740,2,1,1370,0,0
2021-08,750,1,0,3919,1,0
2021-08,750,1,1,13014,2,0
2021-08,750,2,0,301,0,0
2021-08,750,2,1,1322,1,0
2021-08,760,1,0,3317,1,0
2021-08,760,1,1,10911,5,1
2021-08,760,2,0,224,0,0
2021-08,760,2,1,1012,0,0
2021-08,770,1,0,3630,1,0
2021-08,770,1,1,11769,2,0
2021-08,770,2,0,222,0,0
2021-08,770,2,1,1012,0,0
2021-08,780,1,0,3678,1,0
2021-08,780,1,1,12003,2,0
2021-08,780,2,0,200,0,0
2021-08,780,2,1,1003,1,0
2021-08,790,1,0,3387,0,0
2021-08,790,1,1,10914,0,0
2021-08,790,2,0,224,0,0
2021-08,790,2,1,828,0,0
2021-08,800,1,0,3871,0,0
2021-08,800,1,1,12530,3,0
2021-08,800,2,0,179,0,0
2021-08,800,2,1,849,0,0
2021-08,810,1,0,3449,0,0
2021-08,810,1,1,11133,0,0
2021-08,810,2,0,161,0,0
2021-08,810,2,1,775,0,0
2021-08,820,1,0,3576,0,0
2021-08,820,1,1,11838,0,0
2021-08,820,2,0,156,0,0
2021-08,820,2,1,721,0,0
2021-08,830,1,0,3252,1,0
2021-08,830,1,1,11156,2,0
2021-08,830,2,0,136,0,0
2021-08,830,2,1,621,0,0
2021-08,840,1,0,2785,0,0
2021-08,840,1,1,9816,2,0
2021-08,840,2,0,89,0,0
2021-08,840,2,1,501,0,0
2021-08,850,1,0,2945,0,0
2021-08,850,1,1,10305,1,0
2021-08,850,2,0,109,0,0
2021-08,850,2,1,490,0,0
2021-08,860,1,0,2090,0,0
2021-08,860,1,1,7167,0,0
2021-08,860,2,0,73,0,0
2021-08,860,2,1,316,1,0
2021-08,870,1,0,1333,0,0
2021-08,870,1,1,4673,0,0
2021-08,870,2,0,36,0,0
2021-08,870,2,1,173,0,0
2021-08,880,1,0,283,0,0
2021-08,880,1,1,963,0,0
2021-08,880,2,0,2,0,0
2021-08,880,2,1,34,0,0
2021-08,890,1,0,13,0,0
2021-08,890,1,1,30,0,0
2021-08,890,2,1,2,0,0
2021-09,650,1,0,1385,1,0
2021-09,650,1,1,6452,8,1
2021-09,650,2,0,144,0,0
2021-09,650,2,1,894,4,1
2021-09,660,1,0,1767,0,0
2021-09,660,1,1,9231,17,0
2021-09,660,2,0,205,0,0
2021-09,660,2,1,869,4,0
2021-09,670,1,0,1872,2,0
2021-09,670,1,1,9880,19,3
2021-09,670,2,0,170,0,0
2021-09,670,2,1,891,2,0
2021-09,680,1,0,1933,2,0
2021-09,680,1,1,10681,12,1
2021-09,680,2,0,213,0,0
2021-09,680,2,1,1300,3,1
2021-09,690,1,0,2074,2,0
2021-09,690,1,1,11297,7,1
2021-09,690,2,0,210,0,0
2021-09,690,2,1,1337,1,0
2021-09,700,1,0,2277,1,0
2021-09,700,1,1,14224,9,2
2021-09,700,2,0,253,0,0
2021-09,700,2,1,1973,3,0
2021-09,710,1,0,2107,2,0
2021-09,710,1,1,12799,5,1
2021-09,710,2,0,219,0,0
2021-09,710,2,1,1607,1,0
2021-09,720,1,0,2355,0,0
2021-09,720,1,1,15250,6,0
2021-09,720,2,0,271,0,0
2021-09,720,2,1,1992,0,0
2021-09,730,1,0,2235,0,0
2021-09,730,1,1,14913,4,0
2021-09,730,2,0,231,0,0
2021-09,730,2,1,1720,1,0
2021-09,740,1,0,2051,1,0
2021-09,740,1,1,13779,1,0
2021-09,740,2,0,194,0,0
2021-09,740,2,1,1476,1,0
2021-09,750,1,0,2208,0,0
2021-09,750,1,1,14293,2,0
2021-09,750,2,0,173,0,0
2021-09,750,2,1,1411,0,0
2021-09,760,1,0,1877,1,0
2021-09,760,1,1,12020,2,0
2021-09,760,2,0,133,0,0
2021-09,760,2,1,1065,0,0
2021-09,770,1,0,2063,0,0
2021-09,770,1,1,12997,2,0
2021-09,770,2,0,148,0,0
2021-09,770,2,1,1060,0,0
2021-09,780,1,0,2150,0,0
2021-09,780,1,1,13155,3,0
2021-09,780,2,0,113,0,0
2021-09,780,2,1,1056,2,1
2021-09,790,1,0,1939,0,0
2021-09,790,1,1,12033,2,0
2021-09,790,2,0,134,0,0
2021-09,790,2,1,898,0,0
2021-09,800,1,0,2233,0,0
2021-09,800,1,1,13792,1,0
2021-09,800,2,0,110,0,0
2021-09,800,2,1,890,0,0
2021-09,810,1,0,1990,0,0
2021-09,810,1,1,12258,1,0
2021-09,810,2,0,98,0,0
2021-09,810,2,1,809,0,0
2021-09,820,1,0,2009,0,0
2021-09,820,1,1,13028,0,0
2021-09,820,2,0,93,0,0
2021-09,820,2,1,764,0,0
2021-09,830,1,0,1824,0,0
2021-09,830,1,1,12213,1,0
2021-09,830,2,0,85,0,0
2021-09,830,2,1,648,0,0
2021-09,840,1,0,1592,0,0
2021-09,840,1,1,10749,1,0
2021-09,840,2,0,54,0,0
2021-09,840,2,1,522,1,0
2021-09,850,1,0,1665,1,0
2021-09,850,1,1,11316,1,0
2021-09,850,2,0,72,0,0
2021-09,850,2,1,515,0,0
2021-09,860,1,0,1201,0,0
2021-09,860,1,1,7861,0,0
2021-09,860,2,0,40,0,0
2021-09,860,2,1,340,0,0
2021-09,870,1,0,790,0,0
2021-09,870,1,1,5109,0,0
2021-09,870,2,0,22,0,0
2021-09,870,2,1,183,0,0
2021-09,880,1,0,175,0,0
2021-09,880,1,1,1050,0,0
2021-09,880,2,1,33,0,0
2021-09,890,1,0,10,0,0
2021-09,890,1,1,31,0,0
2021-09,890,2,1,2,0,0
2021-10,650,1,0,2641,3,0
2021-10,650,1,1,6226,6,1
2021-10,650,2,0,247,0,0
2021-10,650,2,1,870,6,0
2021-10,660,1,0,3265,2,0
2021-10,660,1,1,8935,15,2
2021-10,660,2,0,356,0,0
2021-10,660,2,1,843,2,0
2021-10,670,1,0,3556,1,0
2021-10,670,1,1,9540,20,2
2021-10,670,2,0,313,0,0
2021-10,670,2,1,854,0,0
2021-10,680,1,0,3532,0,0
2021-10,680,1,1,10325,12,3
2021-10,680,2,0,388,0,0
2021-10,680,2,1,1249,2,0
2021-10,690,1,0,3843,1,0
2021-10,690,1,1,10967,8,0
2021-10,690,2,0,370,0,0
2021-10,690,2,1,1313,1,1
2021-10,700,1,0,4273,1,0
2021-10,700,1,1,13844,10,0
2021-10,700,2,0,481,0,0
2021-10,700,2,1,1925,3,0
2021-10,710,1,0,3888,0,0
2021-10,710,1,1,12456,4,0
2021-10,710,2,0,380,0,0
2021-10,710,2,1,1563,3,2
2021-10,720,1,0,4258,0,0
2021-10,720,1,1,14867,5,1
2021-10,720,2,0,503,0,0
2021-10,720,2,1,1949,1,0
2021-10,730,1,0,4087,0,0
2021-10,730,1,1,14551,2,0
2021-10,730,2,0,421,0,0
2021-10,730,2,1,1681,2,1
2021-10,740,1,0,3687,1,0
2021-10,740,1,1,13426,4,0
2021-10,740,2,0,384,0,0
2021-10,740,2,1,1442,0,0
2021-10,750,1,0,3964,0,0
2021-10,750,1,1,13945,5,0
2021-10,750,2,0,370,0,0
2021-10,750,2,1,1381,0,0
2021-10,760,1,0,3404,0,0
2021-10,760,1,1,11699,2,0
2021-10,760,2,0,259,0,0
2021-10,760,2,1,1039,1,0
2021-10,770,1,0,3757,0,0
2021-10,770,1,1,12684,3,0
2021-10,770,2,0,250,0,0
2021-10,770,2,1,1036,0,0
2021-10,780,1,0,3881,1,0
2021-10,780,1,1,12857,2,0
2021-10,780,2,0,203,0,0
2021-10,780,2,1,1026,0,0
2021-10,790,1,0,3517,0,0
2021-10,790,1,1,11724,0,0
2021-10,790,2,0,225,0,0
2021-10,790,2,1,886,0,0
2021-10,800,1,0,4015,0,0
2021-10,800,1,1,13462,2,1
2021-10,800,2,0,200,0,0
2021-10,800,2,1,872,1,0
2021-10,810,1,0,3530,0,0
2021-10,810,1,1,11960,0,0
2021-10,810,2,0,155,1,0
2021-10,810,2,1,791,0,0
2021-10,820,1,0,3675,1,0
2021-10,820,1,1,12726,0,0
2021-10,820,2,0,160,0,0
2021-10,820,2,1,744,0,0
2021-10,830,1,0,3300,1,0
2021-10,830,1,1,11944,0,0
2021-10,830,2,0,129,0,0
2021-10,830,2,1,634,0,0
2021-10,840,1,0,2800,1,0
2021-10,840,1,1,10481,0,0
2021-10,840,2,0,89,0,0
2021-10,840,2,1,510,0,0
2021-10,850,1,0,2976,0,0
2021-10,850,1,1,11067,1,0
2021-10,850,2,0,113,0,0
2021-10,850,2,1,508,0,0
2021-10,860,1,0,2120,0,0
2021-10,860,1,1,7710,0,0
2021-10,860,2,0,65,0,0
2021-10,860,2,1,332,0,0
2021-10,870,1,0,1439,0,0
2021-10,870,1,1,5011,0,0
2021-10,870,2,0,33,0,0
2021-10,870,2,1,176,0,0
2021-10,880,1,0,326,0,0
2021-10,880,1,1,1026,0,0
2021-10,880,2,0,2,0,0
2021-10,880,2,1,31,0,0
2021-10,890,1,0,19,0,0
2021-10,890,1,1,30,0,0
2021-10,890,2,1,1,0,0
2021-11,650,1,0,2599,3,0
2021-11,650,1,1,6019,13,0
2021-11,650,2,0,241,1,0
2021-11,650,2,1,841,0,0
2021-11,660,1,0,3202,5,1
2021-11,660,1,1,8656,14,4
2021-11,660,2,0,343,1,1
2021-11,660,2,1,821,1,0
2021-11,670,1,0,3492,4,1
2021-11,670,1,1,9230,11,2
2021-11,670,2,0,302,0,0
2021-11,670,2,1,823,1,0
2021-11,680,1,0,3448,1,0
2021-11,680,1,1,9997,11,2
2021-11,680,2,0,378,0,0
2021-11,680,2,1,1218,0,0
2021-11,690,1,0,3769,1,0
2021-11,690,1,1,10626,9,0
2021-11,690,2,0,366,0,0
2021-11,690,2,1,1278,1,1
2021-11,700,1,0,4212,3,0
2021-11,700,1,1,13474,6,0
2021-11,700,2,0,470,0,0
2021-11,700,2,1,1874,1,0
2021-11,710,1,0,3826,0,0
2021-11,710,1,1,12148,3,0
2021-11,710,2,0,373,1,0
2021-11,710,2,1,1514,0,0
2021-11,720,1,0,4190,2,1
2021-11,720,1,1,14489,7,0
2021-11,720,2,0,491,0,0
2021-11,720,2,1,1907,4,0
2021-11,730,1,0,4014,1,0
2021-11,730,1,1,14203,2,0
2021-11,730,2,0,415,0,0
2021-11,730,2,1,1635,0,0
2021-11,740,1,0,3629,2,0
2021-11,740,1,1,13140,4,0
2021-11,740,2,0,378,0,0
2021-11,740,2,1,1412,0,0
2021-11,750,1,0,3912,0,0
2021-11,750,1,1,13642,0,0
2021-11,750,2,0,363,0,0
2021-11,750,2,1,1345,0,0
2021-11,760,1,0,3350,1,0
2021-11,760,1,1,11421,4,2
2021-11,760,2,0,254,0,0
2021-11,760,2,1,1018,0,0
2021-11,770,1,0,3707,1,0
2021-11,770,1,1,12391,2,1
2021-11,770,2,0,247,0,0
2021-11,770,2,1,1019,0,0
2021-11,780,1,0,3806,0,0
2021-11,780,1,1,12583,2,0
2021-11,780,2,0,199,0,0
2021-11,780,2,1,1001,0,0
2021-11,790,1,0,3464,0,0
2021-11,790,1,1,11473,2,0
2021-11,790,2,0,221,0,0
2021-11,790,2,1,861,0,0
2021-11,800,1,0,3963,0,0
2021-11,800,1,1,13172,2,0
2021-11,800,2,0,198,0,0
2021-11,800,2,1,850,0,0
2021-11,810,1,0,3464,0,0
2021-11,810,1,1,11724,1,0
2021-11,810,2,0,154,0,0
2021-11,810,2,1,772,0,0
2021-11,820,1,0,3619,0,0
2021-11,820,1,1,12431,4,1
2021-11,820,2,0,157,0,0
2021-11,820,2,1,726,0,0
2021-11,830,1,0,3247,0,0
2021-11,830,1,1,11680,1,0
2021-11,830,2,0,125,0,0
2021-11,830,2,1,624,0,0
2021-11,840,1,0,2753,0,0
2021-11,840,1,1,10279,0,0
2021-11,840,2,0,88,0,0
2021-11,840,2,1,498,0,0
2021-11,850,1,0,2932,1,0
2021-11,850,1,1,10855,0,0
2021-11,850,2,0,109,0,0
2021-11,850,2,1,499,0,0
2021-11,860,1,0,2089,0,0
2021-11,860,1,1,7566,0,0
2021-11,860,2,0,64,0,0
2021-11,860,2,1,330,0,0
2021-11,870,1,0,1421,0,0
2021-11,870,1,1,4914,0,0
2021-11,870,2,0,33,0,0
2021-11,870,2,1,174,0,0
2021-11,880,1,0,322,0,0
2021-11,880,1,1,1005,0,0
2021-11,880,2,0,2,0,0
2021-11,880,2,1,31,0,0
2021-11,890,1,0,19,0,0
2021-11,890,1,1,30,0,0
2021-11,890,2,1,1,0,0
2021-12,650,1,0,1237,0,0
2021-12,650,1,1,6916,15,3
2021-12,650,2,0,101,0,0
2021-12,650,2,1,897,1,0
2021-12,660,1,0,1487,3,1
2021-12,660,1,1,9774,24,4
2021-12,660,2,0,145,0,0
2021-12,660,2,1,941,3,0
2021-12,670,1,0,1665,2,0
2021-12,670,1,1,10381,19,3
2021-12,670,2,0,140,1,0
2021-12,670,2,1,918,0,0
2021-12,680,1,0,1554,2,0
2021-12,680,1,1,11142,15,4
2021-12,680,2,0,169,0,0
2021-12,680,2,1,1313,0,0
2021-12,690,1,0,1748,0,0
2021-12,690,1,1,11963,17,2
2021-12,690,2,0,157,0,0
2021-12,690,2,1,1382,1,1
2021-12,700,1,0,1971,3,1
2021-12,700,1,1,14824,9,2
2021-12,700,2,0,224,0,0
2021-12,700,2,1,1967,1,0
2021-12,710,1,0,1774,1,0
2021-12,710,1,1,13424,4,1
2021-12,710,2,0,161,0,0
2021-12,710,2,1,1607,3,0
2021-12,720,1,0,1880,0,0
2021-12,720,1,1,15784,7,1
2021-12,720,2,0,223,0,0
2021-12,720,2,1,2019,2,0
2021-12,730,1,0,1815,0,0
2021-12,730,1,1,15448,1,0
2021-12,730,2,0,191,0,0
2021-12,730,2,1,1756,2,0
2021-12,740,1,0,1629,0,0
2021-12,740,1,1,14299,4,0
2021-12,740,2,0,187,1,1
2021-12,740,2,1,1502,0,0
2021-12,750,1,0,1753,0,0
2021-12,750,1,1,14937,1,0
2021-12,750,2,0,188,0,0
2021-12,750,2,1,1422,0,0
2021-12,760,1,0,1523,0,0
2021-12,760,1,1,12586,1,0
2021-12,760,2,0,127,0,0
2021-12,760,2,1,1071,1,0
2021-12,770,1,0,1680,0,0
2021-12,770,1,1,13617,2,1
2021-12,770,2,0,103,0,0
2021-12,770,2,1,1089,0,0
2021-12,780,1,0,1706,2,0
2021-12,780,1,1,13911,1,0
2021-12,780,2,0,90,0,0
2021-12,780,2,1,1045,0,0
2021-12,790,1,0,1578,0,0
2021-12,790,1,1,12648,2,0
2021-12,790,2,0,92,0,0
2021-12,790,2,1,943,0,0
2021-12,800,1,0,1777,0,0
2021-12,800,1,1,14603,1,0
2021-12,800,2,0,88,0,0
2021-12,800,2,1,906,0,0
2021-12,810,1,0,1531,0,0
2021-12,810,1,1,12970,0,0
2021-12,810,2,0,59,0,0
2021-12,810,2,1,816,0,0
2021-12,820,1,0,1676,0,0
2021-12,820,1,1,13662,3,1
2021-12,820,2,0,67,0,0
2021-12,820,2,1,766,0,0
2021-12,830,1,0,1467,0,0
2021-12,830,1,1,12786,1,0
2021-12,830,2,0,47,0,0
2021-12,830,2,1,663,0,0
2021-12,840,1,0,1195,0,0
2021-12,840,1,1,11266,0,0
2021-12,840,2,0,35,0,0
2021-12,840,2,1,516,0,0
2021-12,850,1,0,1303,0,0
2021-12,850,1,1,11889,1,0
2021-12,850,2,0,41,0,0
2021-12,850,2,1,532,0,0
2021-12,860,1,0,915,0,0
2021-12,860,1,1,8302,0,0
2021-12,860,2,0,25,0,0
2021-12,860,2,1,342,1,0
2021-12,870,1,0,643,0,0
2021-12,870,1,1,5441,0,0
2021-12,870,2,0,11,0,0
2021-12,870,2,1,183,0,0
2021-12,880,1,0,151,0,0
2021-12,880,1,1,1137,0,0
2021-12,880,2,0,2,0,0
2021-12,880,2,1,30,0,0
2021-12,890,1,0,9,0,0
2021-12,890,1,1,35,0,0
2021-12,890,2,1,1,0,0
2022-01,650,1,0,2196,5,1
2022-01,650,1,1,6652,20,1
2022-01,650,2,0,229,0,0
2022-01,650,2,1,856,2,1
2022-01,660,1,0,2726,1,1
2022-01,660,1,1,9428,18,4
2022-01,660,2,0,305,0,0
2022-01,660,2,1,908,2,0
2022-01,670,1,0,3012,4,1
2022-01,670,1,1,10008,12,3
2022-01,670,2,0,276,0,0
2022-01,670,2,1,902,3,0
2022-01,680,1,0,2975,1,0
2022-01,680,1,1,10789,12,1
2022-01,680,2,0,368,1,1
2022-01,680,2,1,1279,1,1
2022-01,690,1,0,3295,0,0
2022-01,690,1,1,11614,6,2
2022-01,690,2,0,333,0,0
2022-01,690,2,1,1350,0,0
2022-01,700,1,0,3771,3,0
2022-01,700,1,1,14414,8,2
2022-01,700,2,0,476,0,0
2022-01,700,2,1,1917,1,1
2022-01,710,1,0,3476,0,0
2022-01,710,1,1,13046,10,0
2022-01,710,2,0,380,0,0
2022-01,710,2,1,1564,2,2
2022-01,720,1,0,3728,1,0
2022-01,720,1,1,15416,7,3
2022-01,720,2,0,473,1,0
2022-01,720,2,1,1966,2,1
2022-01,730,1,0,3645,2,0
2022-01,730,1,1,15034,7,0
2022-01,730,2,0,382,0,0
2022-01,730,2,1,1710,2,1
2022-01,740,1,0,3256,0,0
2022-01,740,1,1,13895,5,1
2022-01,740,2,0,386,0,0
2022-01,740,2,1,1463,0,0
2022-01,750,1,0,3523,0,0
2022-01,750,1,1,14557,3,0
2022-01,750,2,0,353,0,0
2022-01,750,2,1,1393,0,0
2022-01,760,1,0,3061,1,0
2022-01,760,1,1,12244,1,0
2022-01,760,2,0,262,0,0
2022-01,760,2,1,1042,0,0
2022-01,770,1,0,3328,0,0
2022-01,770,1,1,13269,4,0
2022-01,770,2,0,224,0,0
2022-01,770,2,1,1071,0,0
2022-01,780,1,0,3334,0,0
2022-01,780,1,1,13533,1,0
2022-01,780,2,0,198,0,0
2022-01,780,2,1,1015,1,0
2022-01,790,1,0,3097,0,0
2022-01,790,1,1,12309,1,0
2022-01,790,2,0,177,0,0
2022-01,790,2,1,925,0,0
2022-01,800,1,0,3458,0,0
2022-01,800,1,1,14235,2,0
2022-01,800,2,0,174,0,0
2022-01,800,2,1,886,0,0
2022-01,810,1,0,3076,0,0
2022-01,810,1,1,12623,1,0
2022-01,810,2,0,124,0,0
2022-01,810,2,1,797,0,0
2022-01,820,1,0,3260,0,0
2022-01,820,1,1,13298,1,0
2022-01,820,2,0,125,0,0
2022-01,820,2,1,743,0,0
2022-01,830,1,0,2836,0,0
2022-01,830,1,1,12417,2,0
2022-01,830,2,0,92,0,0
2022-01,830,2,1,651,0,0
2022-01,840,1,0,2394,0,0
2022-01,840,1,1,10974,2,0
2022-01,840,2,0,77,0,0
2022-01,840,2,1,504,0,0
2022-01,850,1,0,2542,0,0
2022-01,850,1,1,11630,0,0
2022-01,850,2,0,76,0,0
2022-01,850,2,1,520,0,0
2022-01,860,1,0,1782,0,0
2022-01,860,1,1,8099,1,1
2022-01,860,2,0,50,0,0
2022-01,860,2,1,332,0,0
2022-01,870,1,0,1132,0,0
2022-01,870,1,1,5305,1,0
2022-01,870,2,0,28,0,0
2022-01,870,2,1,180,0,0
2022-01,880,1,0,247,0,0
2022-01,880,1,1,1108,0,0
2022-01,880,2,0,4,0,0
2022-01,880,2,1,29,1,0
2022-01,890,1,0,17,0,0
2022-01,890,1,1,35,0,0
2022-01,890,2,1,1,0,0
2022-02,650,1,0,2130,0,0
2022-02,650,1,1,6435,16,1
2022-02,650,2,0,224,0,0
2022-02,650,2,1,837,3,2
2022-02,660,1,0,2677,3,1
2022-02,660,1,1,9088,13,4
2022-02,660,2,0,300,0,0
2022-02,660,2,1,880,1,0
2022-02,670,1,0,2958,2,0
2022-02,670,1,1,9675,14,2
2022-02,670,2,0,267,0,0
2022-02,670,2,1,881,3,1
2022-02,680,1,0,2935,1,1
2022-02,680,1,1,10466,10,0
2022-02,680,2,0,361,0,0
2022-02,680,2,1,1242,4,0
2022-02,690,1,0,3240,2,1
2022-02,690,1,1,11278,12,2
2022-02,690,2,0,328,0,0
2022-02,690,2,1,1305,2,2
2022-02,700,1,0,3711,2,0
2022-02,700,1,1,14013,11,3
2022-02,700,2,0,469,0,0
2022-02,700,2,1,1875,2,0
2022-02,710,1,0,3418,3,0
2022-02,710,1,1,12673,9,0
2022-02,710,2,0,372,0,0
2022-02,710,2,1,1529,0,0
2022-02,720,1,0,3675,0,0
2022-02,720,1,1,15007,8,2
2022-02,720,2,0,464,0,0
2022-02,720,2,1,1929,4,0
2022-02,730,1,0,3591,0,0
2022-02,730,1,1,14634,4,0
2022-02,730,2,0,378,0,0
2022-02,730,2,1,1674,1,0
2022-02,740,1,0,3220,1,0
2022-02,740,1,1,13526,4,0
2022-02,740,2,0,381,0,0
2022-02,740,2,1,1432,0,0
2022-02,750,1,0,3474,0,0
2022-02,750,1,1,14169,4,0
2022-02,750,2,0,348,0,0
2022-02,750,2,1,1365,0,0
2022-02,760,1,0,3019,0,0
2022-02,760,1,1,11905,6,0
2022-02,760,2,0,257,0,0
2022-02,760,2,1,1026,0,0
2022-02,770,1,0,3280,0,0
2022-02,770,1,1,12857,1,0
2022-02,770,2,0,219,0,0
2022-02,770,2,1,1039,0,0
2022-02,780,1,0,3294,0,0
2022-02,780,1,1,13146,0,0
2022-02,780,2,0,195,0,0
2022-02,780,2,1,996,0,0
2022-02,790,1,0,3051,0,0
2022-02,790,1,1,11952,1,0
2022-02,790,2,0,175,0,0
2022-02,790,2,1,905,0,0
2022-02,800,1,0,3399,1,0
2022-02,800,1,1,13832,2,0
2022-02,800,2,0,173,0,0
2022-02,800,2,1,865,0,0
2022-02,810,1,0,3043,0,0
2022-02,810,1,1,12279,1,0
2022-02,810,2,0,120,0,0
2022-02,810,2,1,782,0,0
2022-02,820,1,0,3222,1,0
2022-02,820,1,1,12922,0,0
2022-02,820,2,0,123,0,0
2022-02,820,2,1,718,2,0
2022-02,830,1,0,2796,0,0
2022-02,830,1,1,12062,0,0
2022-02,830,2,0,91,0,0
2022-02,830,2,1,633,0,0
2022-02,840,1,0,2368,0,0
2022-02,840,1,1,10685,0,0
2022-02,840,2,0,76,0,0
2022-02,840,2,1,489,0,0
2022-02,850,1,0,2508,0,0
2022-02,850,1,1,11317,1,0
2022-02,850,2,0,71,0,0
2022-02,850,2,1,507,0,0
2022-02,860,1,0,1757,0,0
2022-02,860,1,1,7859,0,0
2022-02,860,2,0,49,0,0
2022-02,860,2,1,320,0,0
2022-02,870,1,0,1113,0,0
2022-02,870,1,1,5151,0,0
2022-02,870,2,0,26,0,0
2022-02,870,2,1,173,0,0
2022-02,880,1,0,246,0,0
2022-02,880,1,1,1071,0,0
2022-02,880,2,0,4,0,0
2022-02,880,2,1,28,0,0
2022-02,890,1,0,17,0,0
2022-02,890,1,1,34,0,0
2022-02,890,2,1,1,0,0
2022-03,650,1,0,970,0,0
2022-03,650,1,1,7088,14,1
2022-03,650,2,0,129,0,0
2022-03,650,2,1,845,2,0
2022-03,660,1,0,1245,2,1
2022-03,660,1,1,9813,17,1
2022-03,660,2,0,160,0,0
2022-03,660,2,1,948,1,0
2022-03,670,1,0,1344,0,0
2022-03,670,1,1,10533,12,1
2022-03,670,2,0,138,0,0
2022-03,670,2,1,925,1,0
2022-03,680,1,0,1420,1,1
2022-03,680,1,1,11183,10,0
2022-03,680,2,0,196,0,0
2022-03,680,2,1,1321,1,0
2022-03,690,1,0,1523,1,0
2022-03,690,1,1,12191,9,1
2022-03,690,2,0,171,0,0
2022-03,690,2,1,1372,6,2
2022-03,700,1,0,1790,0,0
2022-03,700,1,1,14888,9,1
2022-03,700,2,0,252,0,0
2022-03,700,2,1,1933,1,0
2022-03,710,1,0,1685,3,0
2022-03,710,1,1,13389,11,1
2022-03,710,2,0,213,1,0
2022-03,710,2,1,1548,2,0
2022-03,720,1,0,1816,0,0
2022-03,720,1,1,15609,6,0
2022-03,720,2,0,241,0,0
2022-03,720,2,1,2013,0,0
2022-03,730,1,0,1811,0,0
2022-03,730,1,1,15238,3,0
2022-03,730,2,0,184,0,0
2022-03,730,2,1,1737,0,0
2022-03,740,1,0,1609,0,0
2022-03,740,1,1,14081,7,1
2022-03,740,2,0,199,0,0
2022-03,740,2,1,1507,1,0
2022-03,750,1,0,1743,0,0
2022-03,750,1,1,14757,3,0
2022-03,750,2,0,166,0,0
2022-03,750,2,1,1461,0,0
2022-03,760,1,0,1516,0,0
2022-03,760,1,1,12495,4,1
2022-03,760,2,0,133,0,0
2022-03,760,2,1,1069,0,0
2022-03,770,1,0,1616,0,0
2022-03,770,1,1,13536,1,0
2022-03,770,2,0,121,0,0
2022-03,770,2,1,1050,0,0
2022-03,780,1,0,1623,0,0
2022-03,780,1,1,13852,3,0
2022-03,780,2,0,108,0,0
2022-03,780,2,1,1029,0,0
2022-03,790,1,0,1487,0,0
2022-03,790,1,1,12613,2,0
2022-03,790,2,0,84,0,0
2022-03,790,2,1,922,1,0
2022-03,800,1,0,1651,0,0
2022-03,800,1,1,14575,1,0
2022-03,800,2,0,83,0,0
2022-03,800,2,1,892,0,0
2022-03,810,1,0,1529,0,0
2022-03,810,1,1,12836,0,0
2022-03,810,2,0,64,0,0
2022-03,810,2,1,788,0,0
2022-03,820,1,0,1575,0,0
2022-03,820,1,1,13587,0,0
2022-03,820,2,0,57,0,0
2022-03,820,2,1,728,0,0
2022-03,830,1,0,1347,0,0
2022-03,830,1,1,12661,0,0
2022-03,830,2,0,44,0,0
2022-03,830,2,1,621,1,0
2022-03,840,1,0,1190,0,0
2022-03,840,1,1,11073,1,0
2022-03,840,2,0,41,0,0
2022-03,840,2,1,500,0,0
2022-03,850,1,0,1223,0,0
2022-03,850,1,1,11763,1,0
2022-03,850,2,0,33,0,0
2022-03,850,2,1,512,0,0
2022-03,860,1,0,848,0,0
2022-03,860,1,1,8203,0,0
2022-03,860,2,0,26,0,0
2022-03,860,2,1,320,0,0
2022-03,870,1,0,472,0,0
2022-03,870,1,1,5426,0,0
2022-03,870,2,0,16,0,0
2022-03,870,2,1,172,0,0
2022-03,880,1,0,96,0,0
2022-03,880,1,1,1142,0,0
2022-03,880,2,0,2,0,0
2022-03,880,2,1,29,0,0
2022-03,890,1,0,8,0,0
2022-03,890,1,1,42,0,0
2022-03,890,2,1,1,0,0
2022-04,650,1,0,943,2,0
2022-04,650,1,1,6806,11,0
2022-04,650,2,0,122,1,0
2022-04,650,2,1,815,2,0
2022-04,660,1,0,1217,2,0
2022-04,660,1,1,9475,15,2
2022-04,660,2,0,154,0,0
2022-04,660,2,1,912,3,0
2022-04,670,1,0,1301,1,0
2022-04,670,1,1,10171,13,2
2022-04,670,2,0,134,0,0
2022-04,670,2,1,892,0,0
2022-04,680,1,0,1389,0,0
2022-04,680,1,1,10811,8,1
2022-04,680,2,0,189,0,0
2022-04,680,2,1,1280,2,1
2022-04,690,1,0,1482,1,0
2022-04,690,1,1,11796,8,0
2022-04,690,2,0,163,0,0
2022-04,690,2,1,1308,1,0
2022-04,700,1,0,1756,0,0
2022-04,700,1,1,14408,8,0
2022-04,700,2,0,246,0,0
2022-04,700,2,1,1887,2,0
2022-04,710,1,0,1645,0,0
2022-04,710,1,1,12993,5,1
2022-04,710,2,0,207,0,0
2022-04,710,2,1,1486,1,0
2022-04,720,1,0,1776,0,0
2022-04,720,1,1,15181,5,1
2022-04,720,2,0,234,0,0
2022-04,720,2,1,1956,0,0
2022-04,730,1,0,1762,0,0
2022-04,730,1,1,14804,5,0
2022-04,730,2,0,182,0,0
2022-04,730,2,1,1691,3,1
2022-04,740,1,0,1560,0,0
2022-04,740,1,1,13656,3,0
2022-04,740,2,0,195,0,0
2022-04,740,2,1,1474,0,0
2022-04,750,1,0,1705,1,0
2022-04,750,1,1,14380,3,1
2022-04,750,2,0,159,0,0
2022-04,750,2,1,1417,0,0
2022-04,760,1,0,1491,0,0
2022-04,760,1,1,12149,4,0
2022-04,760,2,0,131,0,0
2022-04,760,2,1,1037,0,0
2022-04,770,1,0,1577,0,0
2022-04,770,1,1,13142,0,0
2022-04,770,2,0,114,1,0
2022-04,770,2,1,1018,1,0
2022-04,780,1,0,1585,0,0
2022-04,780,1,1,13473,0,0
2022-04,780,2,0,105,0,0
2022-04,780,2,1,1007,0,0
2022-04,790,1,0,1448,0,0
2022-04,790,1,1,12271,0,0
2022-04,790,2,0,83,0,0
2022-04,790,2,1,885,0,0
2022-04,800,1,0,1611,0,0
2022-04,800,1,1,14162,1,0
2022-04,800,2,0,81,0,0
2022-04,800,2,1,865,0,0
2022-04,810,1,0,1484,1,0
2022-04,810,1,1,12501,3,0
2022-04,810,2,0,62,0,0
2022-04,810,2,1,766,0,0
2022-04,820,1,0,1517,0,0
2022-04,820,1,1,13193,1,0
2022-04,820,2,0,56,0,0
2022-04,820,2,1,706,1,0
2022-04,830,1,0,1322,0,0
2022-04,830,1,1,12295,1,0
2022-04,830,2,0,43,0,0
2022-04,830,2,1,601,0,0
2022-04,840,1,0,1166,0,0
2022-04,840,1,1,10771,2,0
2022-04,840,2,0,40,0,0
2022-04,840,2,1,487,0,0
2022-04,850,1,0,1193,0,0
2022-04,850,1,1,11425,0,0
2022-04,850,2,0,31,0,0
2022-04,850,2,1,503,0,0
2022-04,860,1,0,831,0,0
2022-04,860,1,1,7987,0,0
2022-04,860,2,0,25,0,0
2022-04,860,2,1,314,0,0
2022-04,870,1,0,460,0,0
2022-04,870,1,1,5285,0,0
2022-04,870,2,0,15,0,0
2022-04,870,2,1,169,0,0
2022-04,880,1,0,96,0,0
2022-04,880,1,1,1106,0,0
2022-04,880,2,0,2,0,0
2022-04,880,2,1,27,0,0
2022-04,890,1,0,8,0,0
2022-04,890,1,1,41,0,0
2022-04,890,2,1,1,0,0
2022-05,650,1,0,2070,1,1
2022-05,650,1,1,6579,10,1
2022-05,650,2,0,248,2,0
2022-05,650,2,1,785,1,0
2022-05,660,1,0,2736,0,0
2022-05,660,1,1,9190,10,1
2022-05,660,2,0,284,2,0
2022-05,660,2,1,882,3,1
2022-05,670,1,0,2981,3,0
2022-05,670,1,1,9860,9,2
2022-05,670,2,0,269,1,0
2022-05,670,2,1,861,2,0
2022-05,680,1,0,3113,2,0
2022-05,680,1,1,10495,10,0
2022-05,680,2,0,349,0,0
2022-05,680,2,1,1241,0,0
2022-05,690,1,0,3316,1,0
2022-05,690,1,1,11494,12,2
2022-05,690,2,0,327,0,0
2022-05,690,2,1,1273,1,0
2022-05,700,1,0,3832,0,0
2022-05,700,1,1,14049,6,1
2022-05,700,2,0,468,0,0
2022-05,700,2,1,1844,3,1
2022-05,710,1,0,3590,3,1
2022-05,710,1,1,12634,6,0
2022-05,710,2,0,397,0,0
2022-05,710,2,1,1437,0,0
2022-05,720,1,0,3955,1,0
2022-05,720,1,1,14800,5,0
2022-05,720,2,0,487,0,0
2022-05,720,2,1,1914,0,0
2022-05,730,1,0,3869,1,1
2022-05,730,1,1,14436,4,0
2022-05,730,2,0,393,0,0
2022-05,730,2,1,1648,0,0
2022-05,740,1,0,3444,0,0
2022-05,740,1,1,13341,1,0
2022-05,740,2,0,395,0,0
2022-05,740,2,1,1447,0,0
2022-05,750,1,0,3805,0,0
2022-05,750,1,1,14029,1,0
2022-05,750,2,0,346,1,0
2022-05,750,2,1,1390,1,1
2022-05,760,1,0,3336,0,0
2022-05,760,1,1,11858,1,1
2022-05,760,2,0,245,0,0
2022-05,760,2,1,1009,1,1
2022-05,770,1,0,3523,0,0
2022-05,770,1,1,12860,2,0
2022-05,770,2,0,238,0,0
2022-05,770,2,1,993,0,0
2022-05,780,1,0,3561,0,0
2022-05,780,1,1,13142,2,0
2022-05,780,2,0,227,0,0
2022-05,780,2,1,979,2,0
2022-05,790,1,0,3266,0,0
2022-05,790,1,1,12004,1,0
2022-05,790,2,0,179,0,0
2022-05,790,2,1,859,0,0
2022-05,800,1,0,3629,0,0
2022-05,800,1,1,13849,1,0
2022-05,800,2,0,163,0,0
2022-05,800,2,1,838,0,0
2022-05,810,1,0,3352,0,0
2022-05,810,1,1,12176,1,0
2022-05,810,2,0,141,0,0
2022-05,810,2,1,744,0,0
2022-05,820,1,0,3475,0,0
2022-05,820,1,1,12899,0,0
2022-05,820,2,0,131,0,0
2022-05,820,2,1,684,0,0
2022-05,830,1,0,3004,0,0
2022-05,830,1,1,12014,0,0
2022-05,830,2,0,118,0,0
2022-05,830,2,1,583,2,0
2022-05,840,1,0,2647,0,0
2022-05,840,1,1,10528,0,0
2022-05,840,2,0,85,0,0
2022-05,840,2,1,475,0,0
2022-05,850,1,0,2689,0,0
2022-05,850,1,1,11185,1,0
2022-05,850,2,0,70,0,0
2022-05,850,2,1,483,0,0
2022-05,860,1,0,1827,0,0
2022-05,860,1,1,7823,0,0
2022-05,860,2,0,46,0,0
2022-05,860,2,1,306,0,0
2022-05,870,1,0,1085,0,0
2022-05,870,1,1,5183,0,0
2022-05,870,2,0,22,0,0
2022-05,870,2,1,165,0,0
2022-05,880,1,0,219,0,0
2022-05,880,1,1,1082,0,0
2022-05,880,2,0,2,0,0
2022-05,880,2,1,27,0,0
2022-05,890,1,0,13,0,0
2022-05,890,1,1,41,0,0
2022-05,890,2,1,1,0,0
2022-06,650,1,0,1132,0,0
2022-06,650,1,1,7043,10,2
2022-06,650,2,0,129,1,0
2022-06,650,2,1,837,2,0
2022-06,660,1,0,1515,2,1
2022-06,660,1,1,9705,16,4
2022-06,660,2,0,131,1,0
2022-06,660,2,1,968,6,0
2022-06,670,1,0,1684,1,0
2022-06,670,1,1,10484,13,1
2022-06,670,2,0,134,0,0
2022-06,670,2,1,936,2,1
2022-06,680,1,0,1733,1,0
2022-06,680,1,1,11149,15,2
2022-06,680,2,0,156,0,0
2022-06,680,2,1,1360,0,0
2022-06,690,1,0,1824,1,0
2022-06,690,1,1,12198,8,0
2022-06,690,2,0,163,0,0
2022-06,690,2,1,1343,1,0
2022-06,700,1,0,2084,0,0
2022-06,700,1,1,14807,7,1
2022-06,700,2,0,224,1,0
2022-06,700,2,1,1972,1,0
2022-06,710,1,0,1939,0,0
2022-06,710,1,1,13372,9,0
2022-06,710,2,0,192,0,0
2022-06,710,2,1,1555,3,1
2022-06,720,1,0,2183,0,0
2022-06,720,1,1,15561,3,0
2022-06,720,2,0,258,0,0
2022-06,720,2,1,2028,0,0
2022-06,730,1,0,2112,1,0
2022-06,730,1,1,15205,2,0
2022-06,730,2,0,211,0,0
2022-06,730,2,1,1726,1,1
2022-06,740,1,0,1887,0,0
2022-06,740,1,1,13972,7,3
2022-06,740,2,0,202,0,0
2022-06,740,2,1,1552,2,2
2022-06,750,1,0,2116,0,0
2022-06,750,1,1,14790,5,0
2022-06,750,2,0,190,0,0
2022-06,750,2,1,1463,0,0
2022-06,760,1,0,1838,1,0
2022-06,760,1,1,12591,1,0
2022-06,760,2,0,113,0,0
2022-06,760,2,1,1075,0,0
2022-06,770,1,0,1955,1,0
2022-06,770,1,1,13613,1,0
2022-06,770,2,0,124,0,0
2022-06,770,2,1,1050,0,0
2022-06,780,1,0,1983,0,0
2022-06,780,1,1,13841,1,0
2022-06,780,2,0,123,0,0
2022-06,780,2,1,1022,2,1
2022-06,790,1,0,1821,0,0
2022-06,790,1,1,12658,0,0
2022-06,790,2,0,97,1,1
2022-06,790,2,1,887,0,0
2022-06,800,1,0,2034,0,0
2022-06,800,1,1,14541,0,0
2022-06,800,2,0,84,0,0
2022-06,800,2,1,870,0,0
2022-06,810,1,0,1885,0,0
2022-06,810,1,1,12860,0,0
2022-06,810,2,0,79,0,0
2022-06,810,2,1,755,0,0
2022-06,820,1,0,1967,0,0
2022-06,820,1,1,13550,2,0
2022-06,820,2,0,77,0,0
2022-06,820,2,1,702,0,0
2022-06,830,1,0,1688,0,0
2022-06,830,1,1,12552,0,0
2022-06,830,2,0,74,0,0
2022-06,830,2,1,593,0,0
2022-06,840,1,0,1506,0,0
2022-06,840,1,1,11007,0,0
2022-06,840,2,0,46,0,0
2022-06,840,2,1,481,0,0
2022-06,850,1,0,1512,0,0
2022-06,850,1,1,11629,0,0
2022-06,850,2,0,40,0,0
2022-06,850,2,1,489,0,0
2022-06,860,1,0,1004,0,0
2022-06,860,1,1,8186,0,0
2022-06,860,2,0,19,0,0
2022-06,860,2,1,319,0,0
2022-06,870,1,0,635,0,0
2022-06,870,1,1,5349,0,0
2022-06,870,2,0,7,0,0
2022-06,870,2,1,171,0,0
2022-06,880,1,0,123,0,0
2022-06,880,1,1,1110,0,0
2022-06,880,2,0,1,0,0
2022-06,880,2,1,28,0,0
2022-06,890,1,0,5,0,0
2022-06,890,1,1,47,0,0
2022-06,890,2,1,1,0,0
2022-07,650,1,0,2143,3,1
2022-07,650,1,1,6794,12,2
2022-07,650,2,0,225,0,0
2022-07,650,2,1,813,2,0
2022-07,660,1,0,2855,1,0
2022-07,660,1,1,9388,12,2
2022-07,660,2,0,240,0,0
2022-07,660,2,1,930,0,0
2022-07,670,1,0,3161,0,0
2022-07,670,1,1,10144,15,1
2022-07,670,2,0,242,1,0
2022-07,670,2,1,898,2,0
2022-07,680,1,0,3369,3,1
2022-07,680,1,1,10837,10,1
2022-07,680,2,0,303,1,0
2022-07,680,2,1,1311,2,0
2022-07,690,1,0,3549,0,0
2022-07,690,1,1,11857,11,3
2022-07,690,2,0,308,0,0
2022-07,690,2,1,1295,0,0
2022-07,700,1,0,4112,1,0
2022-07,700,1,1,14448,9,2
2022-07,700,2,0,416,0,0
2022-07,700,2,1,1936,2,0
2022-07,710,1,0,3779,1,0
2022-07,710,1,1,13038,5,1
2022-07,710,2,0,350,0,0
2022-07,710,2,1,1518,0,0
2022-07,720,1,0,4243,1,0
2022-07,720,1,1,15184,4,1
2022-07,720,2,0,479,0,0
2022-07,720,2,1,1989,0,0
2022-07,730,1,0,4153,0,0
2022-07,730,1,1,14843,2,0
2022-07,730,2,0,417,0,0
2022-07,730,2,1,1680,1,0
2022-07,740,1,0,3794,0,0
2022-07,740,1,1,13671,2,0
2022-07,740,2,0,370,0,0
2022-07,740,2,1,1519,2,0
2022-07,750,1,0,4108,0,0
2022-07,750,1,1,14468,5,1
2022-07,750,2,0,345,1,0
2022-07,750,2,1,1429,0,0
2022-07,760,1,0,3599,0,0
2022-07,760,1,1,12303,3,1
2022-07,760,2,0,222,0,0
2022-07,760,2,1,1055,1,0
2022-07,770,1,0,3870,0,0
2022-07,770,1,1,13330,2,0
2022-07,770,2,0,236,0,0
2022-07,770,2,1,1019,0,0
2022-07,780,1,0,4050,0,0
2022-07,780,1,1,13544,1,0
2022-07,780,2,0,235,1,1
2022-07,780,2,1,995,0,0
2022-07,790,1,0,3642,0,0
2022-07,790,1,1,12411,0,0
2022-07,790,2,0,193,0,0
2022-07,790,2,1,861,0,0
2022-07,800,1,0,4140,1,0
2022-07,800,1,1,14202,1,1
2022-07,800,2,0,173,0,0
2022-07,800,2,1,855,1,0
2022-07,810,1,0,3688,0,0
2022-07,810,1,1,12577,0,0
2022-07,810,2,0,164,0,0
2022-07,810,2,1,737,0,0
2022-07,820,1,0,3932,0,0
2022-07,820,1,1,13238,2,1
2022-07,820,2,0,146,0,0
2022-07,820,2,1,685,0,0
2022-07,830,1,0,3460,0,0
2022-07,830,1,1,12277,1,0
2022-07,830,2,0,137,0,0
2022-07,830,2,1,573,0,0
2022-07,840,1,0,2954,0,0
2022-07,840,1,1,10787,1,0
2022-07,840,2,0,81,0,0
2022-07,840,2,1,475,0,0
2022-07,850,1,0,2988,0,0
2022-07,850,1,1,11406,0,0
2022-07,850,2,0,73,0,0
2022-07,850,2,1,475,0,0
2022-07,860,1,0,1970,0,0
2022-07,860,1,1,8032,0,0
2022-07,860,2,0,48,0,0
2022-07,860,2,1,312,0,0
2022-07,870,1,0,1254,0,0
2022-07,870,1,1,5239,1,0
2022-07,870,2,0,16,0,0
2022-07,870,2,1,169,0,0
2022-07,880,1,0,236,0,0
2022-07,880,1,1,1091,0,0
2022-07,880,2,0,3,0,0
2022-07,880,2,1,28,0,0
2022-07,890,1,0,9,0,0
2022-07,890,1,1,46,0,0
2022-07,890,2,1,1,0,0
2022-08,650,1,0,2105,1,0
2022-08,650,1,1,6610,16,3
2022-08,650,2,0,218,0,0
2022-08,650,2,1,789,3,0
2022-08,660,1,0,2808,6,0
2022-08,660,1,1,9128,12,2
2022-08,660,2,0,237,2,0
2022-08,660,2,1,907,6,1
2022-08,670,1,0,3104,2,0
2022-08,670,1,1,9835,9,0
2022-08,670,2,0,234,0,0
2022-08,670,2,1,858,4,1
2022-08,680,1,0,3306,2,1
2022-08,680,1,1,10529,13,2
2022-08,680,2,0,292,0,0
2022-08,680,2,1,1283,1,0
2022-08,690,1,0,3490,1,0
2022-08,690,1,1,11569,14,3
2022-08,690,2,0,303,1,0
2022-08,690,2,1,1264,2,1
2022-08,700,1,0,4042,0,0
2022-08,700,1,1,14096,12,1
2022-08,700,2,0,410,0,0
2022-08,700,2,1,1908,1,0
2022-08,710,1,0,3729,0,0
2022-08,710,1,1,12750,5,2
2022-08,710,2,0,349,1,1
2022-08,710,2,1,1488,1,0
2022-08,720,1,0,4176,2,0
2022-08,720,1,1,14867,9,1
2022-08,720,2,0,468,0,0
2022-08,720,2,1,1952,2,1
2022-08,730,1,0,4079,1,0
2022-08,730,1,1,14524,9,1
2022-08,730,2,0,409,0,0
2022-08,730,2,1,1649,0,0
2022-08,740,1,0,3727,0,0
2022-08,740,1,1,13374,5,0
2022-08,740,2,0,363,0,0
2022-08,740,2,1,1491,0,0
2022-08,750,1,0,4036,0,0
2022-08,750,1,1,14188,3,0
2022-08,750,2,0,336,0,0
2022-08,750,2,1,1398,2,1
2022-08,760,1,0,3542,1,1
2022-08,760,1,1,12065,3,0
2022-08,760,2,0,222,0,0
2022-08,760,2,1,1031,2,0
2022-08,770,1,0,3811,1,1
2022-08,770,1,1,13059,3,1
2022-08,770,2,0,232,0,0
2022-08,770,2,1,998,0,0
2022-08,780,1,0,3988,0,0
2022-08,780,1,1,13289,1,0
2022-08,780,2,0,233,0,0
2022-08,780,2,1,974,0,0
2022-08,790,1,0,3565,0,0
2022-08,790,1,1,12158,0,0
2022-08,790,2,0,188,0,0
2022-08,790,2,1,842,0,0
2022-08,800,1,0,4061,0,0
2022-08,800,1,1,13892,4,1
2022-08,800,2,0,171,0,0
2022-08,800,2,1,834,0,0
2022-08,810,1,0,3617,0,0
2022-08,810,1,1,12328,1,0
2022-08,810,2,0,160,0,0
2022-08,810,2,1,721,0,0
2022-08,820,1,0,3864,0,0
2022-08,820,1,1,12989,1,0
2022-08,820,2,0,140,0,0
2022-08,820,2,1,671,0,0
2022-08,830,1,0,3397,0,0
2022-08,830,1,1,12041,0,0
2022-08,830,2,0,135,0,0
2022-08,830,2,1,562,0,0
2022-08,840,1,0,2888,0,0
2022-08,840,1,1,10574,0,0
2022-08,840,2,0,79,0,0
2022-08,840,2,1,466,0,0
2022-08,850,1,0,2939,0,0
2022-08,850,1,1,11189,1,0
2022-08,850,2,0,71,0,0
2022-08,850,2,1,466,0,0
2022-08,860,1,0,1935,0,0
2022-08,860,1,1,7883,0,0
2022-08,860,2,0,47,0,0
2022-08,860,2,1,307,0,0
2022-08,870,1,0,1230,1,0
2022-08,870,1,1,5136,0,0
2022-08,870,2,0,16,0,0
2022-08,870,2,1,165,0,0
2022-08,880,1,0,227,0,0
2022-08,880,1,1,1074,0,0
2022-08,880,2,0,3,0,0
2022-08,880,2,1,28,0,0
2022-08,890,1,0,9,0,0
2022-08,890,1,1,45,0,0
2022-08,890,2,1,1,0,0
2022-09,650,1,0,2051,3,0
2022-09,650,1,1,6112,13,2
2022-09,650,2,0,216,2,0
2022-09,650,2,1,716,0,0
2022-09,660,1,0,2744,4,0
2022-09,660,1,1,8445,14,2
2022-09,660,2,0,228,2,0
2022-09,660,2,1,826,3,0
2022-09,670,1,0,3041,2,0
2022-09,670,1,1,9097,24,6
2022-09,670,2,0,227,0,0
2022-09,670,2,1,796,1,1
2022-09,680,1,0,3229,2,0
2022-09,680,1,1,9713,11,0
2022-09,680,2,0,283,2,1
2022-09,680,2,1,1200,1,1
2022-09,690,1,0,3423,4,0
2022-09,690,1,1,10733,11,1
2022-09,690,2,0,296,1,0
2022-09,690,2,1,1167,0,0
2022-09,700,1,0,3958,1,0
2022-09,700,1,1,13080,10,1
2022-09,700,2,0,395,1,0
2022-09,700,2,1,1763,2,0
2022-09,710,1,0,3647,1,0
2022-09,710,1,1,11856,7,1
2022-09,710,2,0,341,0,0
2022-09,710,2,1,1358,0,0
2022-09,720,1,0,4079,0,0
2022-09,720,1,1,13797,4,1
2022-09,720,2,0,463,2,0
2022-09,720,2,1,1801,0,0
2022-09,730,1,0,3997,0,0
2022-09,730,1,1,13500,2,0
2022-09,730,2,0,399,0,0
2022-09,730,2,1,1530,1,0
2022-09,740,1,0,3648,1,1
2022-09,740,1,1,12438,5,1
2022-09,740,2,0,354,0,0
2022-09,740,2,1,1389,4,0
2022-09,750,1,0,3957,1,0
2022-09,750,1,1,13208,2,1
2022-09,750,2,0,327,0,0
2022-09,750,2,1,1290,0,0
2022-09,760,1,0,3474,1,0
2022-09,760,1,1,11285,2,0
2022-09,760,2,0,213,0,0
2022-09,760,2,1,965,0,0
2022-09,770,1,0,3737,0,0
2022-09,770,1,1,12184,1,0
2022-09,770,2,0,229,0,0
2022-09,770,2,1,926,0,0
2022-09,780,1,0,3892,1,0
2022-09,780,1,1,12475,0,0
2022-09,780,2,0,229,0,0
2022-09,780,2,1,912,1,0
2022-09,790,1,0,3494,0,0
2022-09,790,1,1,11363,1,0
2022-09,790,2,0,184,0,0
2022-09,790,2,1,791,1,0
2022-09,800,1,0,3984,0,0
2022-09,800,1,1,12985,3,0
2022-09,800,2,0,168,0,0
2022-09,800,2,1,785,0,0
2022-09,810,1,0,3542,0,0
2022-09,810,1,1,11564,2,0
2022-09,810,2,0,157,0,0
2022-09,810,2,1,666,0,0
2022-09,820,1,0,3765,0,0
2022-09,820,1,1,12169,0,0
2022-09,820,2,0,135,0,0
2022-09,820,2,1,619,0,0
2022-09,830,1,0,3315,0,0
2022-09,830,1,1,11222,1,0
2022-09,830,2,0,129,0,0
2022-09,830,2,1,522,0,0
2022-09,840,1,0,2838,0,0
2022-09,840,1,1,9857,1,0
2022-09,840,2,0,76,0,0
2022-09,840,2,1,433,0,0
2022-09,850,1,0,2881,0,0
2022-09,850,1,1,10454,2,1
2022-09,850,2,0,67,0,0
2022-09,850,2,1,424,0,0
2022-09,860,1,0,1895,0,0
2022-09,860,1,1,7411,0,0
2022-09,860,2,0,44,0,0
2022-09,860,2,1,283,0,0
2022-09,870,1,0,1198,0,0
2022-09,870,1,1,4848,0,0
2022-09,870,2,0,16,0,0
2022-09,870,2,1,154,0,0
2022-09,880,1,0,224,0,0
2022-09,880,1,1,1018,0,0
2022-09,880,2,0,3,0,0
2022-09,880,2,1,28,0,0
2022-09,890,1,0,9,0,0
2022-09,890,1,1,43,0,0
2022-09,890,2,1,1,0,0
2022-10,650,1,0,2135,3,1
2022-10,650,1,1,6952,9,1
2022-10,650,2,0,213,2,0
2022-10,650,2,1,802,1,0
2022-10,660,1,0,2792,1,1
2022-10,660,1,1,9595,12,5
2022-10,660,2,0,230,0,0
2022-10,660,2,1,918,2,0
2022-10,670,1,0,3186,4,1
2022-10,670,1,1,10388,18,2
2022-10,670,2,0,241,0,0
2022-10,670,2,1,891,0,0
2022-10,680,1,0,3464,0,0
2022-10,680,1,1,11026,17,4
2022-10,680,2,0,358,0,0
2022-10,680,2,1,1306,1,0
2022-10,690,1,0,3720,0,0
2022-10,690,1,1,12131,8,2
2022-10,690,2,0,324,0,0
2022-10,690,2,1,1291,0,0
2022-10,700,1,0,4397,1,1
2022-10,700,1,1,14692,3,0
2022-10,700,2,0,457,0,0
2022-10,700,2,1,1915,1,1
2022-10,710,1,0,3986,0,0
2022-10,710,1,1,13405,9,1
2022-10,710,2,0,361,0,0
2022-10,710,2,1,1513,6,1
2022-10,720,1,0,4606,1,0
2022-10,720,1,1,15530,9,2
2022-10,720,2,0,527,0,0
2022-10,720,2,1,2001,2,0
2022-10,730,1,0,4510,1,0
2022-10,730,1,1,15136,5,0
2022-10,730,2,0,449,0,0
2022-10,730,2,1,1690,0,0
2022-10,740,1,0,4145,0,0
2022-10,740,1,1,13886,4,0
2022-10,740,2,0,421,0,0
2022-10,740,2,1,1545,2,2
2022-10,750,1,0,4452,0,0
2022-10,750,1,1,14870,0,0
2022-10,750,2,0,372,0,0
2022-10,750,2,1,1429,0,0
2022-10,760,1,0,3946,0,0
2022-10,760,1,1,12697,2,0
2022-10,760,2,0,261,0,0
2022-10,760,2,1,1056,0,0
2022-10,770,1,0,4226,0,0
2022-10,770,1,1,13746,0,0
2022-10,770,2,0,255,0,0
2022-10,770,2,1,1023,0,0
2022-10,780,1,0,4323,1,1
2022-10,780,1,1,14041,3,0
2022-10,780,2,0,258,0,0
2022-10,780,2,1,998,0,0
2022-10,790,1,0,3900,0,0
2022-10,790,1,1,12795,3,0
2022-10,790,2,0,229,0,0
2022-10,790,2,1,862,0,0
2022-10,800,1,0,4461,1,0
2022-10,800,1,1,14568,1,0
2022-10,800,2,0,212,0,0
2022-10,800,2,1,844,0,0
2022-10,810,1,0,3865,0,0
2022-10,810,1,1,13010,0,0
2022-10,810,2,0,191,0,0
2022-10,810,2,1,720,1,1
2022-10,820,1,0,4117,0,0
2022-10,820,1,1,13703,2,0
2022-10,820,2,0,160,0,0
2022-10,820,2,1,670,0,0
2022-10,830,1,0,3692,0,0
2022-10,830,1,1,12535,0,0
2022-10,830,2,0,138,0,0
2022-10,830,2,1,576,1,0
2022-10,840,1,0,3193,0,0
2022-10,840,1,1,11037,2,1
2022-10,840,2,0,104,0,0
2022-10,840,2,1,465,0,0
2022-10,850,1,0,3121,0,0
2022-10,850,1,1,11638,0,0
2022-10,850,2,0,97,0,0
2022-10,850,2,1,452,0,0
2022-10,860,1,0,2052,0,0
2022-10,860,1,1,8177,0,0
2022-10,860,2,0,65,0,0
2022-10,860,2,1,294,1,0
2022-10,870,1,0,1312,0,0
2022-10,870,1,1,5317,0,0
2022-10,870,2,0,29,0,0
2022-10,870,2,1,159,0,0
2022-10,880,1,0,256,0,0
2022-10,880,1,1,1114,0,0
2022-10,880,2,0,6,0,0
2022-10,880,2,1,28,0,0
2022-10,890,1,0,8,0,0
2022-10,890,1,1,47,0,0
2022-10,890,2,1,1,0,0
2022-11,650,1,0,2103,1,0
2022-11,650,1,1,6749,20,4
2022-11,650,2,0,208,0,0
2022-11,650,2,1,783,1,0
2022-11,660,1,0,2748,2,0
2022-11,660,1,1,9348,14,1
2022-11,660,2,0,226,0,0
2022-11,660,2,1,898,1,0
2022-11,670,1,0,3139,4,0
2022-11,670,1,1,10100,8,0
2022-11,670,2,0,237,1,0
2022-11,670,2,1,866,2,0
2022-11,680,1,0,3416,2,1
2022-11,680,1,1,10754,12,4
2022-11,680,2,0,353,0,0
2022-11,680,2,1,1265,0,0
2022-11,690,1,0,3653,1,0
2022-11,690,1,1,11854,9,4
2022-11,690,2,0,314,1,0
2022-11,690,2,1,1265,1,0
2022-11,700,1,0,4341,1,0
2022-11,700,1,1,14349,11,2
2022-11,700,2,0,448,0,0
2022-11,700,2,1,1889,3,0
2022-11,710,1,0,3936,0,0
2022-11,710,1,1,13084,8,1
2022-11,710,2,0,354,0,0
2022-11,710,2,1,1473,2,2
2022-11,720,1,0,4525,0,0
2022-11,720,1,1,15200,6,2
2022-11,720,2,0,523,1,0
2022-11,720,2,1,1958,0,0
2022-11,730,1,0,4446,0,0
2022-11,730,1,1,14817,8,1
2022-11,730,2,0,445,0,0
2022-11,730,2,1,1658,2,0
2022-11,740,1,0,4087,0,0
2022-11,740,1,1,13616,2,1
2022-11,740,2,0,417,0,0
2022-11,740,2,1,1522,2,0
2022-11,750,1,0,4390,0,0
2022-11,750,1,1,14566,1,0
2022-11,750,2,0,366,0,0
2022-11,750,2,1,1392,0,0
2022-11,760,1,0,3884,0,0
2022-11,760,1,1,12462,2,0
2022-11,760,2,0,256,0,0
2022-11,760,2,1,1042,0,0
2022-11,770,1,0,4169,0,0
2022-11,770,1,1,13502,4,2
2022-11,770,2,0,253,0,0
2022-11,770,2,1,995,0,0
2022-11,780,1,0,4253,0,0
2022-11,780,1,1,13770,3,1
2022-11,780,2,0,256,0,0
2022-11,780,2,1,982,0,0
2022-11,790,1,0,3839,0,0
2022-11,790,1,1,12533,2,0
2022-11,790,2,0,224,0,0
2022-11,790,2,1,840,1,0
2022-11,800,1,0,4400,0,0
2022-11,800,1,1,14287,2,1
2022-11,800,2,0,206,0,0
2022-11,800,2,1,826,1,0
2022-11,810,1,0,3799,0,0
2022-11,810,1,1,12765,0,0
2022-11,810,2,0,185,0,0
2022-11,810,2,1,703,0,0
2022-11,820,1,0,4057,0,0
2022-11,820,1,1,13394,0,0
2022-11,820,2,0,159,0,0
2022-11,820,2,1,652,0,0
2022-11,830,1,0,3646,0,0
2022-11,830,1,1,12267,1,0
2022-11,830,2,0,135,0,0
2022-11,830,2,1,567,0,0
2022-11,840,1,0,3143,0,0
2022-11,840,1,1,10831,1,0
2022-11,840,2,0,102,0,0
2022-11,840,2,1,453,0,0
2022-11,850,1,0,3077,0,0
2022-11,850,1,1,11439,0,0
2022-11,850,2,0,94,0,0
2022-11,850,2,1,438,0,0
2022-11,860,1,0,2011,0,0
2022-11,860,1,1,8034,0,0
2022-11,860,2,0,64,0,0
2022-11,860,2,1,284,0,0
2022-11,870,1,0,1289,0,0
2022-11,870,1,1,5209,0,0
2022-11,870,2,0,29,0,0
2022-11,870,2,1,152,0,0
2022-11,880,1,0,249,0,0
2022-11,880,1,1,1097,0,0
2022-11,880,2,0,6,0,0
2022-11,880,2,1,28,0,0
2022-11,890,1,0,8,0,0
2022-11,890,1,1,47,0,0
2022-11,890,2,1,1,0,0
2022-12,650,1,0,1120,2,0
2022-12,650,1,1,7248,16,6
2022-12,650,2,0,109,0,0
2022-12,650,2,1,807,6,2
2022-12,660,1,0,1435,0,0
2022-12,660,1,1,9988,16,6
2022-12,660,2,0,122,0,0
2022-12,660,2,1,951,0,0
2022-12,670,1,0,1694,0,0
2022-12,670,1,1,10857,26,4
2022-12,670,2,0,133,2,0
2022-12,670,2,1,911,0,0
2022-12,680,1,0,1806,1,0
2022-12,680,1,1,11611,14,2
2022-12,680,2,0,211,0,0
2022-12,680,2,1,1313,6,2
2022-12,690,1,0,1975,1,0
2022-12,690,1,1,12756,13,1
2022-12,690,2,0,175,1,0
2022-12,690,2,1,1313,2,1
2022-12,700,1,0,2352,0,0
2022-12,700,1,1,15300,9,1
2022-12,700,2,0,260,0,0
2022-12,700,2,1,1928,6,2
2022-12,710,1,0,2138,0,0
2022-12,710,1,1,13963,10,1
2022-12,710,2,0,201,0,0
2022-12,710,2,1,1514,0,0
2022-12,720,1,0,2518,0,0
2022-12,720,1,1,16173,7,3
2022-12,720,2,0,301,1,0
2022-12,720,2,1,2045,1,0
2022-12,730,1,0,2452,0,0
2022-12,730,1,1,15792,5,2
2022-12,730,2,0,246,0,0
2022-12,730,2,1,1741,0,0
2022-12,740,1,0,2207,0,0
2022-12,740,1,1,14536,4,1
2022-12,740,2,0,246,0,0
2022-12,740,2,1,1578,2,0
2022-12,750,1,0,2409,0,0
2022-12,750,1,1,15569,3,0
2022-12,750,2,0,206,0,0
2022-12,750,2,1,1436,0,0
2022-12,760,1,0,2161,0,0
2022-12,760,1,1,13375,5,1
2022-12,760,2,0,154,0,0
2022-12,760,2,1,1057,0,0
2022-12,770,1,0,2260,0,0
2022-12,770,1,1,14483,0,0
2022-12,770,2,0,140,1,0
2022-12,770,2,1,1025,2,0
2022-12,780,1,0,2232,0,0
2022-12,780,1,1,14861,3,1
2022-12,780,2,0,142,0,0
2022-12,780,2,1,1031,0,0
2022-12,790,1,0,2060,0,0
2022-12,790,1,1,13468,0,0
2022-12,790,2,0,131,0,0
2022-12,790,2,1,866,0,0
2022-12,800,1,0,2322,1,0
2022-12,800,1,1,15417,2,0
2022-12,800,2,0,122,0,0
2022-12,800,2,1,843,0,0
2022-12,810,1,0,2024,0,0
2022-12,810,1,1,13721,1,1
2022-12,810,2,0,103,0,0
2022-12,810,2,1,733,0,0
2022-12,820,1,0,2144,0,0
2022-12,820,1,1,14477,1,0
2022-12,820,2,0,91,0,0
2022-12,820,2,1,676,0,0
2022-12,830,1,0,1904,0,0
2022-12,830,1,1,13198,1,0
2022-12,830,2,0,74,0,0
2022-12,830,2,1,579,0,0
2022-12,840,1,0,1732,0,0
2022-12,840,1,1,11575,0,0
2022-12,840,2,0,68,0,0
2022-12,840,2,1,460,0,0
2022-12,850,1,0,1628,0,0
2022-12,850,1,1,12157,1,0
2022-12,850,2,0,63,0,0
2022-12,850,2,1,441,0,0
2022-12,860,1,0,1060,0,0
2022-12,860,1,1,8492,0,0
2022-12,860,2,0,37,0,0
2022-12,860,2,1,286,0,0
2022-12,870,1,0,680,0,0
2022-12,870,1,1,5489,0,0
2022-12,870,2,0,19,0,0
2022-12,870,2,1,148,0,0
2022-12,880,1,0,136,0,0
2022-12,880,1,1,1148,0,0
2022-12,880,2,0,4,0,0
2022-12,880,2,1,29,0,0
2022-12,890,1,0,4,0,0
2022-12,890,1,1,47,0,0
2022-12,890,2,1,1,0,0
2023-01,650,1,0,2171,1,0
2023-01,650,1,1,7080,34,7
2023-01,650,2,0,176,0,0
2023-01,650,2,1,783,2,1
2023-01,660,1,0,2908,3,1
2023-01,660,1,1,9761,22,3
2023-01,660,2,0,189,0,0
2023-01,660,2,1,933,1,0
2023-01,670,1,0,3366,3,0
2023-01,670,1,1,10598,16,0
2023-01,670,2,0,211,0,0
2023-01,670,2,1,892,0,0
2023-01,680,1,0,3584,1,0
2023-01,680,1,1,11355,19,3
2023-01,680,2,0,344,1,0
2023-01,680,2,1,1288,1,0
2023-01,690,1,0,3888,3,0
2023-01,690,1,1,12480,19,3
2023-01,690,2,0,322,0,0
2023-01,690,2,1,1282,1,0
2023-01,700,1,0,4461,1,0
2023-01,700,1,1,14978,16,1
2023-01,700,2,0,458,0,0
2023-01,700,2,1,1889,5,1
2023-01,710,1,0,4076,1,0
2023-01,710,1,1,13690,4,0
2023-01,710,2,0,347,0,0
2023-01,710,2,1,1477,3,1
2023-01,720,1,0,4604,0,0
2023-01,720,1,1,15877,7,1
2023-01,720,2,0,511,0,0
2023-01,720,2,1,2009,2,0
2023-01,730,1,0,4618,1,0
2023-01,730,1,1,15509,5,1
2023-01,730,2,0,418,1,0
2023-01,730,2,1,1704,1,0
2023-01,740,1,0,4277,0,0
2023-01,740,1,1,14286,11,0
2023-01,740,2,0,392,0,0
2023-01,740,2,1,1550,0,0
2023-01,750,1,0,4549,0,0
2023-01,750,1,1,15275,2,1
2023-01,750,2,0,353,1,0
2023-01,750,2,1,1407,0,0
2023-01,760,1,0,4087,0,0
2023-01,760,1,1,13121,2,1
2023-01,760,2,0,265,0,0
2023-01,760,2,1,1041,0,0
2023-01,770,1,0,4364,1,0
2023-01,770,1,1,14219,0,0
2023-01,770,2,0,240,0,0
2023-01,770,2,1,1004,0,0
2023-01,780,1,0,4349,1,0
2023-01,780,1,1,14578,2,0
2023-01,780,2,0,241,0,0
2023-01,780,2,1,1008,1,1
2023-01,790,1,0,3957,0,0
2023-01,790,1,1,13228,1,0
2023-01,790,2,0,227,0,0
2023-01,790,2,1,846,1,1
2023-01,800,1,0,4494,0,0
2023-01,800,1,1,15116,2,0
2023-01,800,2,0,198,0,0
2023-01,800,2,1,824,0,0
2023-01,810,1,0,3892,0,0
2023-01,810,1,1,13455,1,0
2023-01,810,2,0,178,0,0
2023-01,810,2,1,712,0,0
2023-01,820,1,0,4112,0,0
2023-01,820,1,1,14210,1,0
2023-01,820,2,0,153,0,0
2023-01,820,2,1,666,0,0
2023-01,830,1,0,3706,0,0
2023-01,830,1,1,12945,1,0
2023-01,830,2,0,138,0,0
2023-01,830,2,1,568,0,0
2023-01,840,1,0,3317,0,0
2023-01,840,1,1,11327,0,0
2023-01,840,2,0,106,0,0
2023-01,840,2,1,454,0,0
2023-01,850,1,0,3177,0,0
2023-01,850,1,1,11922,1,0
2023-01,850,2,0,103,0,0
2023-01,850,2,1,433,0,0
2023-01,860,1,0,2153,0,0
2023-01,860,1,1,8313,0,0
2023-01,860,2,0,67,0,0
2023-01,860,2,1,280,0,0
2023-01,870,1,0,1294,0,0
2023-01,870,1,1,5376,0,0
2023-01,870,2,0,32,0,0
2023-01,870,2,1,144,0,0
2023-01,880,1,0,273,0,0
2023-01,880,1,1,1126,0,0
2023-01,880,2,0,6,0,0
2023-01,880,2,1,28,0,0
2023-01,890,1,0,10,0,0
2023-01,890,1,1,47,0,0
2023-01,890,2,1,1,0,0
2023-02,650,1,0,2122,1,0
2023-02,650,1,1,6708,16,3
2023-02,650,2,0,172,0,0
2023-02,650,2,1,742,2,0
2023-02,660,1,0,2846,1,0
2023-02,660,1,1,9176,16,5
2023-02,660,2,0,182,1,0
2023-02,660,2,1,885,4,1
2023-02,670,1,0,3295,1,0
2023-02,670,1,1,9994,11,0
2023-02,670,2,0,206,0,0
2023-02,670,2,1,831,1,0
2023-02,680,1,0,3512,0,0
2023-02,680,1,1,10635,17,5
2023-02,680,2,0,334,1,1
2023-02,680,2,1,1217,1,1
2023-02,690,1,0,3801,4,1
2023-02,690,1,1,11733,18,6
2023-02,690,2,0,311,1,0
2023-02,690,2,1,1200,0,0
2023-02,700,1,0,4369,1,0
2023-02,700,1,1,14110,10,4
2023-02,700,2,0,442,0,0
2023-02,700,2,1,1758,2,1
2023-02,710,1,0,3982,3,0
2023-02,710,1,1,12855,7,3
2023-02,710,2,0,335,0,0
2023-02,710,2,1,1356,3,0
2023-02,720,1,0,4502,1,0
2023-02,720,1,1,14835,3,0
2023-02,720,2,0,505,0,0
2023-02,720,2,1,1899,2,1
2023-02,730,1,0,4505,0,0
2023-02,730,1,1,14497,6,0
2023-02,730,2,0,412,0,0
2023-02,730,2,1,1587,0,0
2023-02,740,1,0,4182,1,1
2023-02,740,1,1,13409,5,0
2023-02,740,2,0,386,0,0
2023-02,740,2,1,1454,2,1
2023-02,750,1,0,4429,1,0
2023-02,750,1,1,14276,2,0
2023-02,750,2,0,343,0,0
2023-02,750,2,1,1314,0,0
2023-02,760,1,0,3992,1,0
2023-02,760,1,1,12291,1,0
2023-02,760,2,0,258,0,0
2023-02,760,2,1,967,0,0
2023-02,770,1,0,4251,0,0
2023-02,770,1,1,13324,2,0
2023-02,770,2,0,235,0,0
2023-02,770,2,1,923,0,0
2023-02,780,1,0,4247,0,0
2023-02,780,1,1,13688,4,0
2023-02,780,2,0,238,0,0
2023-02,780,2,1,940,2,0
2023-02,790,1,0,3854,0,0
2023-02,790,1,1,12431,0,0
2023-02,790,2,0,224,0,0
2023-02,790,2,1,780,0,0
2023-02,800,1,0,4361,0,0
2023-02,800,1,1,14244,1,0
2023-02,800,2,0,196,0,0
2023-02,800,2,1,755,0,0
2023-02,810,1,0,3776,0,0
2023-02,810,1,1,12640,2,0
2023-02,810,2,0,173,0,0
2023-02,810,2,1,651,0,0
2023-02,820,1,0,4011,0,0
2023-02,820,1,1,13375,2,0
2023-02,820,2,0,146,0,0
2023-02,820,2,1,610,0,0
2023-02,830,1,0,3599,0,0
2023-02,830,1,1,12200,0,0
2023-02,830,2,0,129,0,0
2023-02,830,2,1,523,0,0
2023-02,840,1,0,3231,0,0
2023-02,840,1,1,10593,0,0
2023-02,840,2,0,104,0,0
2023-02,840,2,1,426,0,0
2023-02,850,1,0,3084,0,0
2023-02,850,1,1,11221,0,0
2023-02,850,2,0,101,0,0
2023-02,850,2,1,400,0,0
2023-02,860,1,0,2095,0,0
2023-02,860,1,1,7852,0,0
2023-02,860,2,0,61,0,0
2023-02,860,2,1,257,0,0
2023-02,870,1,0,1250,0,0
2023-02,870,1,1,5052,1,1
2023-02,870,2,0,32,0,0
2023-02,870,2,1,138,0,0
2023-02,880,1,0,268,0,0
2023-02,880,1,1,1050,0,0
2023-02,880,2,0,6,0,0
2023-02,880,2,1,27,0,0
2023-02,890,1,0,10,0,0
2023-02,890,1,1,43,0,0
2023-02,890,2,1,1,0,0
2023-03,650,1,0,2042,2,0
2023-03,650,1,1,7574,18,3
2023-03,650,2,0,133,0,0
2023-03,650,2,1,829,4,0
2023-03,660,1,0,2914,2,0
2023-03,660,1,1,10305,14,1
2023-03,660,2,0,166,1,0
2023-03,660,2,1,965,3,0
2023-03,670,1,0,3219,0,0
2023-03,670,1,1,11360,14,2
2023-03,670,2,0,179,0,0
2023-03,670,2,1,924,3,0
2023-03,680,1,0,3464,4,0
2023-03,680,1,1,12072,8,1
2023-03,680,2,0,286,0,0
2023-03,680,2,1,1385,3,1
2023-03,690,1,0,3721,3,0
2023-03,690,1,1,13331,10,0
2023-03,690,2,0,282,0,0
2023-03,690,2,1,1331,1,1
2023-03,700,1,0,4122,1,0
2023-03,700,1,1,15987,5,0
2023-03,700,2,0,410,0,0
2023-03,700,2,1,1959,1,0
2023-03,710,1,0,3875,0,0
2023-03,710,1,1,14533,6,1
2023-03,710,2,0,317,0,0
2023-03,710,2,1,1512,4,0
2023-03,720,1,0,4385,0,0
2023-03,720,1,1,16831,3,0
2023-03,720,2,0,452,0,0
2023-03,720,2,1,2143,1,0
2023-03,730,1,0,4423,0,0
2023-03,730,1,1,16469,5,0
2023-03,730,2,0,372,0,0
2023-03,730,2,1,1789,2,0
2023-03,740,1,0,4029,0,0
2023-03,740,1,1,15193,7,1
2023-03,740,2,0,313,0,0
2023-03,740,2,1,1660,1,0
2023-03,750,1,0,4369,0,0
2023-03,750,1,1,16252,3,0
2023-03,750,2,0,308,0,0
2023-03,750,2,1,1476,2,1
2023-03,760,1,0,3916,0,0
2023-03,760,1,1,14029,5,0
2023-03,760,2,0,237,0,0
2023-03,760,2,1,1084,1,0
2023-03,770,1,0,4197,0,0
2023-03,770,1,1,15157,0,0
2023-03,770,2,0,225,0,0
2023-03,770,2,1,1034,1,0
2023-03,780,1,0,4252,1,0
2023-03,780,1,1,15469,2,0
2023-03,780,2,0,222,0,0
2023-03,780,2,1,1052,0,0
2023-03,790,1,0,3825,0,0
2023-03,790,1,1,14078,1,0
2023-03,790,2,0,195,0,0
2023-03,790,2,1,892,0,0
2023-03,800,1,0,4310,0,0
2023-03,800,1,1,16042,2,1
2023-03,800,2,0,175,0,0
2023-03,800,2,1,846,0,0
2023-03,810,1,0,3720,1,0
2023-03,810,1,1,14216,2,0
2023-03,810,2,0,154,0,0
2023-03,810,2,1,733,0,0
2023-03,820,1,0,4042,0,0
2023-03,820,1,1,15085,0,0
2023-03,820,2,0,134,0,0
2023-03,820,2,1,679,0,0
2023-03,830,1,0,3631,0,0
2023-03,830,1,1,13687,0,0
2023-03,830,2,0,119,0,0
2023-03,830,2,1,578,0,0
2023-03,840,1,0,3147,0,0
2023-03,840,1,1,11989,2,0
2023-03,840,2,0,89,0,0
2023-03,840,2,1,478,0,0
2023-03,850,1,0,3130,0,0
2023-03,850,1,1,12487,0,0
2023-03,850,2,0,85,0,0
2023-03,850,2,1,450,0,0
2023-03,860,1,0,2158,0,0
2023-03,860,1,1,8655,1,0
2023-03,860,2,0,64,0,0
2023-03,860,2,1,282,0,0
2023-03,870,1,0,1284,0,0
2023-03,870,1,1,5580,0,0
2023-03,870,2,0,21,0,0
2023-03,870,2,1,151,0,0
2023-03,880,1,0,277,0,0
2023-03,880,1,1,1153,0,0
2023-03,880,2,0,6,0,0
2023-03,880,2,1,29,0,0
2023-03,890,1,0,11,0,0
2023-03,890,1,1,46,0,0
2023-03,890,2,1,1,0,0
2023-04,650,1,0,2009,3,0
2023-04,650,1,1,7358,11,0
2023-04,650,2,0,128,1,0
2023-04,650,2,1,802,1,0
2023-04,660,1,0,2871,0,0
2023-04,660,1,1,10049,14,2
2023-04,660,2,0,161,0,0
2023-04,660,2,1,943,2,0
2023-04,670,1,0,3169,2,0
2023-04,670,1,1,11064,19,0
2023-04,670,2,0,179,0,0
2023-04,670,2,1,896,2,0
2023-04,680,1,0,3402,3,0
2023-04,680,1,1,11762,9,0
2023-04,680,2,0,281,1,0
2023-04,680,2,1,1345,2,0
2023-04,690,1,0,3658,1,0
2023-04,690,1,1,12971,10,0
2023-04,690,2,0,275,0,0
2023-04,690,2,1,1291,0,0
2023-04,700,1,0,4051,0,0
2023-04,700,1,1,15559,7,0
2023-04,700,2,0,408,0,0
2023-04,700,2,1,1909,3,0
2023-04,710,1,0,3803,0,0
2023-04,710,1,1,14177,10,1
2023-04,710,2,0,312,0,0
2023-04,710,2,1,1479,0,0
2023-04,720,1,0,4312,0,0
2023-04,720,1,1,16407,1,0
2023-04,720,2,0,446,0,0
2023-04,720,2,1,2095,3,1
2023-04,730,1,0,4362,0,0
2023-04,730,1,1,16067,7,0
2023-04,730,2,0,361,0,0
2023-04,730,2,1,1745,3,0
2023-04,740,1,0,3959,0,0
2023-04,740,1,1,14855,6,0
2023-04,740,2,0,309,0,0
2023-04,740,2,1,1624,1,0
2023-04,750,1,0,4299,0,0
2023-04,750,1,1,15867,6,0
2023-04,750,2,0,300,0,0
2023-04,750,2,1,1439,0,0
2023-04,760,1,0,3866,0,0
2023-04,760,1,1,13700,2,0
2023-04,760,2,0,233,0,0
2023-04,760,2,1,1058,0,0
2023-04,770,1,0,4102,0,0
2023-04,770,1,1,14799,2,0
2023-04,770,2,0,220,0,0
2023-04,770,2,1,1009,0,0
2023-04,780,1,0,4163,0,0
2023-04,780,1,1,15091,2,1
2023-04,780,2,0,217,0,0
2023-04,780,2,1,1025,1,0
2023-04,790,1,0,3757,0,0
2023-04,790,1,1,13735,0,0
2023-04,790,2,0,190,0,0
2023-04,790,2,1,867,0,0
2023-04,800,1,0,4222,0,0
2023-04,800,1,1,15677,0,0
2023-04,800,2,0,171,0,0
2023-04,800,2,1,824,0,0
2023-04,810,1,0,3648,0,0
2023-04,810,1,1,13857,0,0
2023-04,810,2,0,149,0,0
2023-04,810,2,1,705,0,0
2023-04,820,1,0,3983,0,0
2023-04,820,1,1,14712,2,0
2023-04,820,2,0,133,0,0
2023-04,820,2,1,660,0,0
2023-04,830,1,0,3549,0,0
2023-04,830,1,1,13351,1,0
2023-04,830,2,0,112,0,0
2023-04,830,2,1,567,0,0
2023-04,840,1,0,3076,0,0
2023-04,840,1,1,11706,1,0
2023-04,840,2,0,87,0,0
2023-04,840,2,1,468,0,0
2023-04,850,1,0,3077,0,0
2023-04,850,1,1,12177,1,0
2023-04,850,2,0,83,0,0
2023-04,850,2,1,445,0,0
2023-04,860,1,0,2113,1,0
2023-04,860,1,1,8459,1,0
2023-04,860,2,0,61,0,0
2023-04,860,2,1,274,0,0
2023-04,870,1,0,1260,0,0
2023-04,870,1,1,5457,1,0
2023-04,870,2,0,21,0,0
2023-04,870,2,1,149,0,0
2023-04,880,1,0,269,0,0
2023-04,880,1,1,1123,0,0
2023-04,880,2,0,6,0,0
2023-04,880,2,1,29,0,0
2023-04,890,1,0,11,0,0
2023-04,890,1,1,44,0,0
2023-04,890,2,1,1,0,0
2023-05,650,1,0,1978,1,1
2023-05,650,1,1,7017,10,1
2023-05,650,2,0,126,0,0
2023-05,650,2,1,759,4,0
2023-05,660,1,0,2831,3,0
2023-05,660,1,1,9514,16,3
2023-05,660,2,0,159,1,1
2023-05,660,2,1,898,2,0
2023-05,670,1,0,3126,2,0
2023-05,670,1,1,10465,13,1
2023-05,670,2,0,177,0,0
2023-05,670,2,1,849,2,1
2023-05,680,1,0,3334,2,0
2023-05,680,1,1,11152,9,2
2023-05,680,2,0,274,0,0
2023-05,680,2,1,1279,1,0
2023-05,690,1,0,3617,2,0
2023-05,690,1,1,12330,9,2
2023-05,690,2,0,267,0,0
2023-05,690,2,1,1224,2,0
2023-05,700,1,0,3976,1,0
2023-05,700,1,1,14742,11,0
2023-05,700,2,0,402,0,0
2023-05,700,2,1,1788,1,1
2023-05,710,1,0,3741,1,0
2023-05,710,1,1,13452,8,0
2023-05,710,2,0,307,1,0
2023-05,710,2,1,1397,2,0
2023-05,720,1,0,4244,2,0
2023-05,720,1,1,15516,1,1
2023-05,720,2,0,441,1,0
2023-05,720,2,1,1978,1,0
2023-05,730,1,0,4294,1,0
2023-05,730,1,1,15208,4,1
2023-05,730,2,0,354,0,0
2023-05,730,2,1,1662,0,0
2023-05,740,1,0,3892,0,0
2023-05,740,1,1,14066,5,1
2023-05,740,2,0,304,0,0
2023-05,740,2,1,1538,3,1
2023-05,750,1,0,4229,1,0
2023-05,750,1,1,15028,3,0
2023-05,750,2,0,295,0,0
2023-05,750,2,1,1354,0,0
2023-05,760,1,0,3809,0,0
2023-05,760,1,1,13009,3,0
2023-05,760,2,0,230,0,0
2023-05,760,2,1,998,0,0
2023-05,770,1,0,4027,0,0
2023-05,770,1,1,14044,7,0
2023-05,770,2,0,218,0,0
2023-05,770,2,1,947,0,0
2023-05,780,1,0,4086,1,0
2023-05,780,1,1,14320,3,0
2023-05,780,2,0,211,0,0
2023-05,780,2,1,963,0,0
2023-05,790,1,0,3691,0,0
2023-05,790,1,1,13037,0,0
2023-05,790,2,0,186,0,0
2023-05,790,2,1,813,0,0
2023-05,800,1,0,4134,0,0
2023-05,800,1,1,14907,0,0
2023-05,800,2,0,168,0,0
2023-05,800,2,1,773,0,0
2023-05,810,1,0,3568,0,0
2023-05,810,1,1,13231,1,0
2023-05,810,2,0,142,0,0
2023-05,810,2,1,661,0,0
2023-05,820,1,0,3909,0,0
2023-05,820,1,1,13987,0,0
2023-05,820,2,0,132,0,0
2023-05,820,2,1,609,1,0
2023-05,830,1,0,3493,0,0
2023-05,830,1,1,12704,0,0
2023-05,830,2,0,111,0,0
2023-05,830,2,1,527,0,0
2023-05,840,1,0,3029,0,0
2023-05,840,1,1,11158,1,0
2023-05,840,2,0,85,0,0
2023-05,840,2,1,429,0,0
2023-05,850,1,0,3022,0,0
2023-05,850,1,1,11599,0,0
2023-05,850,2,0,78,0,0
2023-05,850,2,1,410,1,0
2023-05,860,1,0,2070,0,0
2023-05,860,1,1,7987,0,0
2023-05,860,2,0,60,0,0
2023-05,860,2,1,252,0,0
2023-05,870,1,0,1235,0,0
2023-05,870,1,1,5196,0,0
2023-05,870,2,0,17,0,0
2023-05,870,2,1,138,0,0
2023-05,880,1,0,261,0,0
2023-05,880,1,1,1063,0,0
2023-05,880,2,0,6,0,0
2023-05,880,2,1,29,0,0
2023-05,890,1,0,10,0,0
2023-05,890,1,1,42,0,0
2023-05,890,2,1,1,0,0
2023-06,650,1,0,951,2,0
2023-06,650,1,1,7782,14,5
2023-06,650,2,0,59,0,0
2023-06,650,2,1,807,3,0
2023-06,660,1,0,1380,1,0
2023-06,660,1,1,10629,23,3
2023-06,660,2,0,86,0,0
2023-06,660,2,1,930,6,0
2023-06,670,1,0,1488,1,0
2023-06,670,1,1,11731,16,4
2023-06,670,2,0,95,0,0
2023-06,670,2,1,902,2,0
2023-06,680,1,0,1604,1,0
2023-06,680,1,1,12489,13,1
2023-06,680,2,0,145,0,0
2023-06,680,2,1,1369,3,0
2023-06,690,1,0,1750,0,0
2023-06,690,1,1,13781,12,1
2023-06,690,2,0,131,1,1
2023-06,690,2,1,1325,3,0
2023-06,700,1,0,1928,0,0
2023-06,700,1,1,16318,6,0
2023-06,700,2,0,206,1,0
2023-06,700,2,1,1918,4,0
2023-06,710,1,0,1854,2,0
2023-06,710,1,1,14901,8,3
2023-06,710,2,0,169,0,0
2023-06,710,2,1,1500,1,0
2023-06,720,1,0,2214,2,0
2023-06,720,1,1,17095,5,0
2023-06,720,2,0,231,0,0
2023-06,720,2,1,2132,2,0
2023-06,730,1,0,2153,0,0
2023-06,730,1,1,16851,2,1
2023-06,730,2,0,187,0,0
2023-06,730,2,1,1780,2,0
2023-06,740,1,0,1876,1,0
2023-06,740,1,1,15657,7,1
2023-06,740,2,0,155,0,0
2023-06,740,2,1,1640,0,0
2023-06,750,1,0,2145,1,0
2023-06,750,1,1,16629,7,0
2023-06,750,2,0,152,0,0
2023-06,750,2,1,1448,1,0
2023-06,760,1,0,1905,0,0
2023-06,760,1,1,14504,1,0
2023-06,760,2,0,119,0,0
2023-06,760,2,1,1076,1,0
2023-06,770,1,0,2016,0,0
2023-06,770,1,1,15627,2,0
2023-06,770,2,0,120,0,0
2023-06,770,2,1,1025,0,0
2023-06,780,1,0,2038,1,0
2023-06,780,1,1,15906,0,0
2023-06,780,2,0,117,0,0
2023-06,780,2,1,1037,1,0
2023-06,790,1,0,1830,0,0
2023-06,790,1,1,14488,0,0
2023-06,790,2,0,96,0,0
2023-06,790,2,1,878,0,0
2023-06,800,1,0,2048,0,0
2023-06,800,1,1,16515,1,0
2023-06,800,2,0,93,0,0
2023-06,800,2,1,815,0,0
2023-06,810,1,0,1775,0,0
2023-06,810,1,1,14631,1,0
2023-06,810,2,0,71,0,0
2023-06,810,2,1,705,0,0
2023-06,820,1,0,2008,0,0
2023-06,820,1,1,15438,0,0
2023-06,820,2,0,73,0,0
2023-06,820,2,1,649,0,0
2023-06,830,1,0,1734,0,0
2023-06,830,1,1,14068,2,0
2023-06,830,2,0,56,0,0
2023-06,830,2,1,567,0,0
2023-06,840,1,0,1504,1,0
2023-06,840,1,1,12345,0,0
2023-06,840,2,0,46,0,0
2023-06,840,2,1,450,0,0
2023-06,850,1,0,1525,0,0
2023-06,850,1,1,12740,1,0
2023-06,850,2,0,37,0,0
2023-06,850,2,1,438,0,0
2023-06,860,1,0,1017,0,0
2023-06,860,1,1,8778,1,0
2023-06,860,2,0,33,0,0
2023-06,860,2,1,267,0,0
2023-06,870,1,0,641,0,0
2023-06,870,1,1,5634,0,0
2023-06,870,2,0,7,0,0
2023-06,870,2,1,145,0,0
2023-06,880,1,0,129,0,0
2023-06,880,1,1,1158,0,0
2023-06,880,2,0,3,0,0
2023-06,880,2,1,32,0,0
2023-06,890,1,0,4,0,0
2023-06,890,1,1,47,0,0
2023-06,890,2,1,1,0,0
2023-07,650,1,0,1853,4,2
2023-07,650,1,1,7541,23,0
2023-07,650,2,0,142,0,0
2023-07,650,2,1,779,3,0
2023-07,660,1,0,2713,3,0
2023-07,660,1,1,10334,17,1
2023-07,660,2,0,198,0,0
2023-07,660,2,1,893,1,0
2023-07,670,1,0,2941,1,0
2023-07,670,1,1,11405,23,4
2023-07,670,2,0,210,0,0
2023-07,670,2,1,884,4,0
2023-07,680,1,0,3110,2,1
2023-07,680,1,1,12139,17,1
2023-07,680,2,0,298,0,0
2023-07,680,2,1,1317,1,0
2023-07,690,1,0,3415,1,0
2023-07,690,1,1,13449,9,2
2023-07,690,2,0,266,1,0
2023-07,690,2,1,1282,0,0
2023-07,700,1,0,3784,0,0
2023-07,700,1,1,15901,14,0
2023-07,700,2,0,388,0,0
2023-07,700,2,1,1873,3,2
2023-07,710,1,0,3585,1,1
2023-07,710,1,1,14518,8,0
2023-07,710,2,0,336,0,0
2023-07,710,2,1,1456,0,0
2023-07,720,1,0,4204,1,0
2023-07,720,1,1,16670,5,1
2023-07,720,2,0,446,0,0
2023-07,720,2,1,2067,0,0
2023-07,730,1,0,4183,0,0
2023-07,730,1,1,16417,5,0
2023-07,730,2,0,352,0,0
2023-07,730,2,1,1737,0,0
2023-07,740,1,0,3657,0,0
2023-07,740,1,1,15247,1,0
2023-07,740,2,0,340,1,0
2023-07,740,2,1,1601,1,0
2023-07,750,1,0,4181,1,0
2023-07,750,1,1,16237,3,1
2023-07,750,2,0,324,0,0
2023-07,750,2,1,1416,1,0
2023-07,760,1,0,3666,0,0
2023-07,760,1,1,14189,2,1
2023-07,760,2,0,254,0,0
2023-07,760,2,1,1057,0,0
2023-07,770,1,0,3963,0,0
2023-07,770,1,1,15231,1,1
2023-07,770,2,0,238,0,0
2023-07,770,2,1,1005,0,0
2023-07,780,1,0,4115,1,0
2023-07,780,1,1,15530,1,0
2023-07,780,2,0,243,0,0
2023-07,780,2,1,1014,0,0
2023-07,790,1,0,3702,0,0
2023-07,790,1,1,14158,3,1
2023-07,790,2,0,174,0,0
2023-07,790,2,1,857,0,0
2023-07,800,1,0,4265,1,0
2023-07,800,1,1,16170,0,0
2023-07,800,2,0,182,0,0
2023-07,800,2,1,788,0,0
2023-07,810,1,0,3685,0,0
2023-07,810,1,1,14287,1,1
2023-07,810,2,0,135,1,0
2023-07,810,2,1,692,0,0
2023-07,820,1,0,4001,0,0
2023-07,820,1,1,15071,1,0
2023-07,820,2,0,131,0,0
2023-07,820,2,1,630,0,0
2023-07,830,1,0,3615,0,0
2023-07,830,1,1,13721,0,0
2023-07,830,2,0,112,0,0
2023-07,830,2,1,550,0,0
2023-07,840,1,0,2987,0,0
2023-07,840,1,1,12060,0,0
2023-07,840,2,0,94,0,0
2023-07,840,2,1,431,0,0
2023-07,850,1,0,3128,0,0
2023-07,850,1,1,12454,1,1
2023-07,850,2,0,83,0,0
2023-07,850,2,1,422,0,0
2023-07,860,1,0,2204,0,0
2023-07,860,1,1,8580,0,0
2023-07,860,2,0,59,0,0
2023-07,860,2,1,258,0,0
2023-07,870,1,0,1326,0,0
2023-07,870,1,1,5507,0,0
2023-07,870,2,0,22,0,0
2023-07,870,2,1,139,0,0
2023-07,880,1,0,266,0,0
2023-07,880,1,1,1134,0,0
2023-07,880,2,0,6,0,0
2023-07,880,2,1,30,0,0
2023-07,890,1,0,5,0,0
2023-07,890,1,1,45,0,0
2023-07,890,2,1,1,0,0
2023-08,650,1,0,919,1,0
2023-08,650,1,1,8244,21,1
2023-08,650,2,0,85,0,0
2023-08,650,2,1,804,1,0
2023-08,660,1,0,1335,1,0
2023-08,660,1,1,11390,29,2
2023-08,660,2,0,112,1,0
2023-08,660,2,1,952,6,0
2023-08,670,1,0,1468,0,0
2023-08,670,1,1,12555,21,2
2023-08,670,2,0,115,0,0
2023-08,670,2,1,944,5,1
2023-08,680,1,0,1506,2,0
2023-08,680,1,1,13421,10,2
2023-08,680,2,0,159,0,0
2023-08,680,2,1,1416,5,0
2023-08,690,1,0,1663,0,0
2023-08,690,1,1,14861,15,2
2023-08,690,2,0,138,0,0
2023-08,690,2,1,1375,3,1
2023-08,700,1,0,1859,0,0
2023-08,700,1,1,17389,15,2
2023-08,700,2,0,182,0,0
2023-08,700,2,1,2023,3,1
2023-08,710,1,0,1730,0,0
2023-08,710,1,1,16003,11,0
2023-08,710,2,0,168,1,0
2023-08,710,2,1,1568,2,0
2023-08,720,1,0,2010,0,0
2023-08,720,1,1,18375,6,0
2023-08,720,2,0,217,0,0
2023-08,720,2,1,2230,2,0
2023-08,730,1,0,2057,0,0
2023-08,730,1,1,18119,7,3
2023-08,730,2,0,166,0,0
2023-08,730,2,1,1869,1,1
2023-08,740,1,0,1789,0,0
2023-08,740,1,1,16718,4,0
2023-08,740,2,0,186,0,0
2023-08,740,2,1,1714,3,2
2023-08,750,1,0,2063,0,0
2023-08,750,1,1,17922,4,1
2023-08,750,2,0,168,0,0
2023-08,750,2,1,1527,1,1
2023-08,760,1,0,1772,0,0
2023-08,760,1,1,15742,1,0
2023-08,760,2,0,136,0,0
2023-08,760,2,1,1138,1,0
2023-08,770,1,0,1954,0,0
2023-08,770,1,1,16828,4,0
2023-08,770,2,0,117,0,0
2023-08,770,2,1,1101,0,0
2023-08,780,1,0,2083,0,0
2023-08,780,1,1,17128,4,0
2023-08,780,2,0,130,0,0
2023-08,780,2,1,1099,1,0
2023-08,790,1,0,1870,0,0
2023-08,790,1,1,15584,2,0
2023-08,790,2,0,78,0,0
2023-08,790,2,1,931,0,0
2023-08,800,1,0,2214,0,0
2023-08,800,1,1,17793,1,0
2023-08,800,2,0,92,0,0
2023-08,800,2,1,859,0,0
2023-08,810,1,0,1916,0,0
2023-08,810,1,1,15609,2,0
2023-08,810,2,0,68,0,0
2023-08,810,2,1,737,0,0
2023-08,820,1,0,2001,0,0
2023-08,820,1,1,16669,0,0
2023-08,820,2,0,56,0,0
2023-08,820,2,1,687,0,0
2023-08,830,1,0,1870,0,0
2023-08,830,1,1,15074,0,0
2023-08,830,2,0,55,0,0
2023-08,830,2,1,583,0,0
2023-08,840,1,0,1492,0,0
2023-08,840,1,1,13234,0,0
2023-08,840,2,0,48,0,0
2023-08,840,2,1,457,0,0
2023-08,850,1,0,1611,0,0
2023-08,850,1,1,13614,0,0
2023-08,850,2,0,46,0,0
2023-08,850,2,1,449,1,0
2023-08,860,1,0,1176,0,0
2023-08,860,1,1,9353,1,0
2023-08,860,2,0,28,0,0
2023-08,860,2,1,281,0,0
2023-08,870,1,0,691,0,0
2023-08,870,1,1,5952,0,0
2023-08,870,2,0,14,0,0
2023-08,870,2,1,143,0,0
2023-08,880,1,0,138,0,0
2023-08,880,1,1,1220,0,0
2023-08,880,2,0,3,0,0
2023-08,880,2,1,32,0,0
2023-08,890,1,0,1,0,0
2023-08,890,1,1,48,0,0
2023-08,890,2,1,1,0,0
2023-09,650,1,0,911,0,0
2023-09,650,1,1,8029,19,1
2023-09,650,2,0,82,0,0
2023-09,650,2,1,776,2,0
2023-09,660,1,0,1320,1,0
2023-09,660,1,1,11079,21,4
2023-09,660,2,0,110,0,0
2023-09,660,2,1,923,3,0
2023-09,670,1,0,1449,1,0
2023-09,670,1,1,12222,29,2
2023-09,670,2,0,113,1,0
2023-09,670,2,1,910,3,0
2023-09,680,1,0,1488,1,0
2023-09,680,1,1,13085,13,1
2023-09,680,2,0,159,0,0
2023-09,680,2,1,1378,5,1
2023-09,690,1,0,1636,2,0
2023-09,690,1,1,14488,16,1
2023-09,690,2,0,133,0,0
2023-09,690,2,1,1333,0,0
2023-09,700,1,0,1822,1,0
2023-09,700,1,1,16936,11,1
2023-09,700,2,0,180,0,0
2023-09,700,2,1,1958,2,0
2023-09,710,1,0,1706,1,0
2023-09,710,1,1,15587,9,2
2023-09,710,2,0,167,1,0
2023-09,710,2,1,1522,2,0
2023-09,720,1,0,1980,1,0
2023-09,720,1,1,17934,12,1
2023-09,720,2,0,211,0,0
2023-09,720,2,1,2182,1,0
2023-09,730,1,0,2031,0,0
2023-09,730,1,1,17644,6,0
2023-09,730,2,0,164,0,0
2023-09,730,2,1,1828,2,1
2023-09,740,1,0,1771,1,0
2023-09,740,1,1,16285,4,1
2023-09,740,2,0,184,0,0
2023-09,740,2,1,1673,0,0
2023-09,750,1,0,2037,0,0
2023-09,750,1,1,17465,4,0
2023-09,750,2,0,165,0,0
2023-09,750,2,1,1484,2,1
2023-09,760,1,0,1745,0,0
2023-09,760,1,1,15343,2,0
2023-09,760,2,0,136,0,0
2023-09,760,2,1,1111,0,0
2023-09,770,1,0,1930,0,0
2023-09,770,1,1,16420,1,0
2023-09,770,2,0,112,0,0
2023-09,770,2,1,1060,0,0
2023-09,780,1,0,2050,1,0
2023-09,780,1,1,16665,0,0
2023-09,780,2,0,128,0,0
2023-09,780,2,1,1076,1,0
2023-09,790,1,0,1839,0,0
2023-09,790,1,1,15192,0,0
2023-09,790,2,0,77,0,0
2023-09,790,2,1,899,0,0
2023-09,800,1,0,2185,0,0
2023-09,800,1,1,17311,0,0
2023-09,800,2,0,90,1,0
2023-09,800,2,1,831,0,0
2023-09,810,1,0,1869,0,0
2023-09,810,1,1,15199,0,0
2023-09,810,2,0,66,0,0
2023-09,810,2,1,708,2,1
2023-09,820,1,0,1978,0,0
2023-09,820,1,1,16246,0,0
2023-09,820,2,0,54,0,0
2023-09,820,2,1,665,0,0
2023-09,830,1,0,1842,0,0
2023-09,830,1,1,14635,2,0
2023-09,830,2,0,54,0,0
2023-09,830,2,1,557,0,0
2023-09,840,1,0,1464,0,0
2023-09,840,1,1,12884,0,0
2023-09,840,2,0,46,0,0
2023-09,840,2,1,445,0,0
2023-09,850,1,0,1576,0,0
2023-09,850,1,1,13283,0,0
2023-09,850,2,0,44,0,0
2023-09,850,2,1,427,0,0
2023-09,860,1,0,1154,0,0
2023-09,860,1,1,9103,0,0
2023-09,860,2,0,28,0,0
2023-09,860,2,1,272,0,0
2023-09,870,1,0,681,0,0
2023-09,870,1,1,5778,0,0
2023-09,870,2,0,14,0,0
2023-09,870,2,1,135,1,0
2023-09,880,1,0,138,0,0
2023-09,880,1,1,1185,0,0
2023-09,880,2,0,3,0,0
2023-09,880,2,1,31,0,0
2023-09,890,1,0,1,0,0
2023-09,890,1,1,45,0,0
2023-09,890,2,1,1,0,0
2023-10,650,1,0,1800,2,0
2023-10,650,1,1,7596,18,3
2023-10,650,2,0,148,0,0
2023-10,650,2,1,723,1,0
2023-10,660,1,0,2607,3,0
2023-10,660,1,1,10498,18,2
2023-10,660,2,0,176,0,0
2023-10,660,2,1,872,3,0
2023-10,670,1,0,2824,1,0
2023-10,670,1,1,11598,28,4
2023-10,670,2,0,191,0,0
2023-10,670,2,1,853,2,0
2023-10,680,1,0,3044,1,0
2023-10,680,1,1,12284,15,0
2023-10,680,2,0,321,0,0
2023-10,680,2,1,1258,5,0
2023-10,690,1,0,3371,0,0
2023-10,690,1,1,13600,19,3
2023-10,690,2,0,267,0,0
2023-10,690,2,1,1213,0,0
2023-10,700,1,0,3771,0,0
2023-10,700,1,1,15861,18,2
2023-10,700,2,0,401,0,0
2023-10,700,2,1,1781,6,2
2023-10,710,1,0,3465,0,0
2023-10,710,1,1,14635,11,2
2023-10,710,2,0,338,0,0
2023-10,710,2,1,1356,3,0
2023-10,720,1,0,4004,0,0
2023-10,720,1,1,16775,7,1
2023-10,720,2,0,424,0,0
2023-10,720,2,1,2006,3,0
2023-10,730,1,0,4134,1,0
2023-10,730,1,1,16540,7,1
2023-10,730,2,0,342,1,0
2023-10,730,2,1,1691,1,0
2023-10,740,1,0,3632,1,0
2023-10,740,1,1,15297,7,1
2023-10,740,2,0,363,0,0
2023-10,740,2,1,1548,2,1
2023-10,750,1,0,4061,0,0
2023-10,750,1,1,16396,4,0
2023-10,750,2,0,305,0,0
2023-10,750,2,1,1377,1,0
2023-10,760,1,0,3474,0,0
2023-10,760,1,1,14471,3,1
2023-10,760,2,0,254,0,0
2023-10,760,2,1,1006,0,0
2023-10,770,1,0,3965,0,0
2023-10,770,1,1,15452,4,0
2023-10,770,2,0,235,0,0
2023-10,770,2,1,956,0,0
2023-10,780,1,0,3953,0,0
2023-10,780,1,1,15734,3,0
2023-10,780,2,0,252,1,0
2023-10,780,2,1,982,1,0
2023-10,790,1,0,3692,0,0
2023-10,790,1,1,14379,0,0
2023-10,790,2,0,186,0,0
2023-10,790,2,1,821,0,0
2023-10,800,1,0,4279,0,0
2023-10,800,1,1,16398,0,0
2023-10,800,2,0,166,0,0
2023-10,800,2,1,758,0,0
2023-10,810,1,0,3761,0,0
2023-10,810,1,1,14311,3,1
2023-10,810,2,0,129,0,0
2023-10,810,2,1,641,0,0
2023-10,820,1,0,3860,0,0
2023-10,820,1,1,15265,1,0
2023-10,820,2,0,126,0,0
2023-10,820,2,1,611,0,0
2023-10,830,1,0,3544,1,0
2023-10,830,1,1,13845,0,0
2023-10,830,2,0,115,0,0
2023-10,830,2,1,505,0,0
2023-10,840,1,0,3017,0,0
2023-10,840,1,1,12103,0,0
2023-10,840,2,0,89,0,0
2023-10,840,2,1,404,0,0
2023-10,850,1,0,3172,0,0
2023-10,850,1,1,12576,2,1
2023-10,850,2,0,88,0,0
2023-10,850,2,1,385,0,0
2023-10,860,1,0,2254,0,0
2023-10,860,1,1,8602,0,0
2023-10,860,2,0,55,0,0
2023-10,860,2,1,247,0,0
2023-10,870,1,0,1349,0,0
2023-10,870,1,1,5454,0,0
2023-10,870,2,0,28,0,0
2023-10,870,2,1,118,0,0
2023-10,880,1,0,275,0,0
2023-10,880,1,1,1106,0,0
2023-10,880,2,0,4,0,0
2023-10,880,2,1,29,0,0
2023-10,890,1,0,5,0,0
2023-10,890,1,1,43,0,0
2023-10,890,2,1,0,0,0
2023-11,650,1,0,1774,2,0
2023-11,650,1,1,7385,21,1
2023-11,650,2,0,148,0,0
2023-11,650,2,1,702,0,0
2023-11,660,1,0,2576,4,0
2023-11,660,1,1,10204,24,1
2023-11,660,2,0,174,1,0
2023-11,660,2,1,847,4,0
2023-11,670,1,0,2791,5,0
2023-11,670,1,1,11286,22,4
2023-11,670,2,0,186,1,0
2023-11,670,2,1,828,3,0
2023-11,680,1,0,3003,3,1
2023-11,680,1,1,11967,17,0
2023-11,680,2,0,316,0,0
2023-11,680,2,1,1227,5,0
2023-11,690,1,0,3320,1,0
2023-11,690,1,1,13238,13,0
2023-11,690,2,0,264,2,0
2023-11,690,2,1,1172,2,0
2023-11,700,1,0,3729,4,0
2023-11,700,1,1,15457,14,1
2023-11,700,2,0,393,0,0
2023-11,700,2,1,1741,1,0
2023-11,710,1,0,3424,0,0
2023-11,710,1,1,14247,11,2
2023-11,710,2,0,331,0,0
2023-11,710,2,1,1320,0,0
2023-11,720,1,0,3953,0,0
2023-11,720,1,1,16345,3,0
2023-11,720,2,0,418,1,0
2023-11,720,2,1,1954,1,0
2023-11,730,1,0,4084,1,0
2023-11,730,1,1,16120,9,2
2023-11,730,2,0,335,0,0
2023-11,730,2,1,1649,0,0
2023-11,740,1,0,3576,0,0
2023-11,740,1,1,14897,4,0
2023-11,740,2,0,356,0,0
2023-11,740,2,1,1518,1,0
2023-11,750,1,0,4012,1,0
2023-11,750,1,1,15952,5,0
2023-11,750,2,0,298,1,0
2023-11,750,2,1,1341,1,0
2023-11,760,1,0,3416,0,0
2023-11,760,1,1,14128,3,1
2023-11,760,2,0,250,0,0
2023-11,760,2,1,981,0,0
2023-11,770,1,0,3910,0,0
2023-11,770,1,1,15052,4,0
2023-11,770,2,0,230,0,0
2023-11,770,2,1,938,2,0
2023-11,780,1,0,3900,0,0
2023-11,780,1,1,15342,1,0
2023-11,780,2,0,247,0,0
2023-11,780,2,1,953,0,0
2023-11,790,1,0,3637,0,0
2023-11,790,1,1,14030,0,0
2023-11,790,2,0,181,0,0
2023-11,790,2,1,801,1,0
2023-11,800,1,0,4228,0,0
2023-11,800,1,1,16019,1,0
2023-11,800,2,0,162,0,0
2023-11,800,2,1,738,0,0
2023-11,810,1,0,3684,0,0
2023-11,810,1,1,13950,4,0
2023-11,810,2,0,128,0,0
2023-11,810,2,1,616,1,0
2023-11,820,1,0,3794,0,0
2023-11,820,1,1,14881,2,0
2023-11,820,2,0,122,0,0
2023-11,820,2,1,596,0,0
2023-11,830,1,0,3490,0,0
2023-11,830,1,1,13484,1,0
2023-11,830,2,0,112,0,0
2023-11,830,2,1,498,0,0
2023-11,840,1,0,2980,0,0
2023-11,840,1,1,11787,0,0
2023-11,840,2,0,88,0,0
2023-11,840,2,1,388,0,0
2023-11,850,1,0,3131,0,0
2023-11,850,1,1,12222,1,0
2023-11,850,2,0,86,0,0
2023-11,850,2,1,376,0,0
2023-11,860,1,0,2228,0,0
2023-11,860,1,1,8373,0,0
2023-11,860,2,0,54,0,0
2023-11,860,2,1,241,0,0
2023-11,870,1,0,1326,0,0
2023-11,870,1,1,5313,0,0
2023-11,870,2,0,27,0,0
2023-11,870,2,1,114,0,0
2023-11,880,1,0,274,0,0
2023-11,880,1,1,1079,0,0
2023-11,880,2,0,4,0,0
2023-11,880,2,1,29,0,0
2023-11,890,1,0,5,0,0
2023-11,890,1,1,42,0,0
2023-11,890,2,1,0,0,0
2023-12,650,1,0,877,0,0
2023-12,650,1,1,8078,15,0
2023-12,650,2,0,67,0,0
2023-12,650,2,1,766,3,0
2023-12,660,1,0,1291,2,0
2023-12,660,1,1,11207,26,1
2023-12,660,2,0,66,0,0
2023-12,660,2,1,929,0,0
2023-12,670,1,0,1387,1,0
2023-12,670,1,1,12380,15,3
2023-12,670,2,0,75,0,0
2023-12,670,2,1,912,1,0
2023-12,680,1,0,1547,3,0
2023-12,680,1,1,13108,8,1
2023-12,680,2,0,162,0,0
2023-12,680,2,1,1343,1,0
2023-12,690,1,0,1724,1,0
2023-12,690,1,1,14478,10,1
2023-12,690,2,0,133,0,0
2023-12,690,2,1,1262,4,0
2023-12,700,1,0,1937,3,1
2023-12,700,1,1,16846,10,1
2023-12,700,2,0,215,0,0
2023-12,700,2,1,1862,1,0
2023-12,710,1,0,1739,0,0
2023-12,710,1,1,15590,10,1
2023-12,710,2,0,171,0,0
2023-12,710,2,1,1443,1,0
2023-12,720,1,0,2009,0,0
2023-12,720,1,1,17878,8,3
2023-12,720,2,0,211,0,0
2023-12,720,2,1,2111,2,0
2023-12,730,1,0,2085,0,0
2023-12,730,1,1,17662,4,0
2023-12,730,2,0,171,0,0
2023-12,730,2,1,1774,2,0
2023-12,740,1,0,1848,0,0
2023-12,740,1,1,16234,3,1
2023-12,740,2,0,171,0,0
2023-12,740,2,1,1671,0,0
2023-12,750,1,0,2001,0,0
2023-12,750,1,1,17554,2,0
2023-12,750,2,0,139,0,0
2023-12,750,2,1,1466,0,0
2023-12,760,1,0,1711,0,0
2023-12,760,1,1,15498,2,1
2023-12,760,2,0,119,0,0
2023-12,760,2,1,1083,1,0
2023-12,770,1,0,2014,0,0
2023-12,770,1,1,16541,3,0
2023-12,770,2,0,121,0,0
2023-12,770,2,1,1023,0,0
2023-12,780,1,0,1886,0,0
2023-12,780,1,1,16981,2,0
2023-12,780,2,0,124,0,0
2023-12,780,2,1,1054,1,0
2023-12,790,1,0,1826,1,0
2023-12,790,1,1,15461,0,0
2023-12,790,2,0,104,0,0
2023-12,790,2,1,852,0,0
2023-12,800,1,0,2070,0,0
2023-12,800,1,1,17747,1,0
2023-12,800,2,0,73,0,0
2023-12,800,2,1,802,0,0
2023-12,810,1,0,1861,0,0
2023-12,810,1,1,15401,1,0
2023-12,810,2,0,64,0,0
2023-12,810,2,1,669,0,0
2023-12,820,1,0,1869,0,0
2023-12,820,1,1,16397,2,0
2023-12,820,2,0,68,0,0
2023-12,820,2,1,634,0,0
2023-12,830,1,0,1690,0,0
2023-12,830,1,1,14933,1,0
2023-12,830,2,0,56,0,0
2023-12,830,2,1,530,0,0
2023-12,840,1,0,1550,0,0
2023-12,840,1,1,12918,0,0
2023-12,840,2,0,43,0,0
2023-12,840,2,1,422,0,0
2023-12,850,1,0,1574,0,0
2023-12,850,1,1,13427,0,0
2023-12,850,2,0,43,0,0
2023-12,850,2,1,414,0,0
2023-12,860,1,0,1088,0,0
2023-12,860,1,1,9273,0,0
2023-12,860,2,0,28,0,0
2023-12,860,2,1,258,0,0
2023-12,870,1,0,661,0,0
2023-12,870,1,1,5816,0,0
2023-12,870,2,0,15,0,0
2023-12,870,2,1,121,0,0
2023-12,880,1,0,135,0,0
2023-12,880,1,1,1191,0,0
2023-12,880,2,0,1,0,0
2023-12,880,2,1,31,0,0
2023-12,890,1,0,4,0,0
2023-12,890,1,1,43,0,0
2023-12,890,2,1,0,0,0
2024-01,650,1,0,1636,2,0
2024-01,650,1,1,7888,21,3
2024-01,650,2,0,111,3,0
2024-01,650,2,1,744,0,0
2024-01,660,1,0,2270,2,0
2024-01,660,1,1,10946,30,3
2024-01,660,2,0,99,0,0
2024-01,660,2,1,916,4,0
2024-01,670,1,0,2589,3,1
2024-01,670,1,1,12098,21,1
2024-01,670,2,0,121,0,0
2024-01,670,2,1,892,3,0
2024-01,680,1,0,2726,3,0
2024-01,680,1,1,12812,24,0
2024-01,680,2,0,254,0,0
2024-01,680,2,1,1302,2,0
2024-01,690,1,0,3044,3,0
2024-01,690,1,1,14155,20,1
2024-01,690,2,0,238,1,1
2024-01,690,2,1,1238,4,1
2024-01,700,1,0,3308,0,0
2024-01,700,1,1,16448,15,0
2024-01,700,2,0,344,1,0
2024-01,700,2,1,1803,4,0
2024-01,710,1,0,3037,2,0
2024-01,710,1,1,15230,13,2
2024-01,710,2,0,238,1,0
2024-01,710,2,1,1409,6,0
2024-01,720,1,0,3449,0,0
2024-01,720,1,1,17496,5,0
2024-01,720,2,0,349,0,0
2024-01,720,2,1,2074,2,0
2024-01,730,1,0,3587,2,0
2024-01,730,1,1,17292,4,0
2024-01,730,2,0,272,0,0
2024-01,730,2,1,1725,0,0
2024-01,740,1,0,3240,1,0
2024-01,740,1,1,15893,3,0
2024-01,740,2,0,294,0,0
2024-01,740,2,1,1639,2,0
2024-01,750,1,0,3507,0,0
2024-01,750,1,1,17176,3,0
2024-01,750,2,0,242,0,0
2024-01,750,2,1,1430,1,0
2024-01,760,1,0,3077,0,0
2024-01,760,1,1,15163,2,0
2024-01,760,2,0,192,0,0
2024-01,760,2,1,1049,1,0
2024-01,770,1,0,3480,1,0
2024-01,770,1,1,16161,6,1
2024-01,770,2,0,188,0,0
2024-01,770,2,1,997,0,0
2024-01,780,1,0,3446,1,0
2024-01,780,1,1,16636,2,1
2024-01,780,2,0,193,0,0
2024-01,780,2,1,1026,0,0
2024-01,790,1,0,3330,0,0
2024-01,790,1,1,15182,3,1
2024-01,790,2,0,166,0,0
2024-01,790,2,1,820,1,1
2024-01,800,1,0,3808,0,0
2024-01,800,1,1,17377,4,1
2024-01,800,2,0,120,0,0
2024-01,800,2,1,784,1,0
2024-01,810,1,0,3291,0,0
2024-01,810,1,1,15018,2,0
2024-01,810,2,0,103,0,0
2024-01,810,2,1,650,0,0
2024-01,820,1,0,3394,0,0
2024-01,820,1,1,16029,2,0
2024-01,820,2,0,106,0,0
2024-01,820,2,1,619,0,0
2024-01,830,1,0,3106,0,0
2024-01,830,1,1,14637,1,0
2024-01,830,2,0,83,0,0
2024-01,830,2,1,518,0,0
2024-01,840,1,0,2732,0,0
2024-01,840,1,1,12621,3,1
2024-01,840,2,0,69,0,0
2024-01,840,2,1,411,0,0
2024-01,850,1,0,2872,0,0
2024-01,850,1,1,13126,0,0
2024-01,850,2,0,66,0,0
2024-01,850,2,1,405,0,0
2024-01,860,1,0,1997,0,0
2024-01,860,1,1,9062,0,0
2024-01,860,2,0,42,0,0
2024-01,860,2,1,248,0,0
2024-01,870,1,0,1201,0,0
2024-01,870,1,1,5694,0,0
2024-01,870,2,0,27,0,0
2024-01,870,2,1,119,0,0
2024-01,880,1,0,234,0,0
2024-01,880,1,1,1168,0,0
2024-01,880,2,0,2,0,0
2024-01,880,2,1,29,0,0
2024-01,890,1,0,10,0,0
2024-01,890,1,1,43,0,0
2024-01,890,2,1,0,0,0
2024-02,650,1,0,1804,4,1
2024-02,650,1,1,7662,18,0
2024-02,650,2,0,112,0,0
2024-02,650,2,1,720,5,0
2024-02,660,1,0,2486,7,0
2024-02,660,1,1,10677,23,2
2024-02,660,2,0,114,0,0
2024-02,660,2,1,887,6,0
2024-02,670,1,0,2852,6,0
2024-02,670,1,1,11825,22,2
2024-02,670,2,0,127,1,0
2024-02,670,2,1,874,3,0
2024-02,680,1,0,2988,7,0
2024-02,680,1,1,12424,21,0
2024-02,680,2,0,267,0,0
2024-02,680,2,1,1271,5,0
2024-02,690,1,0,3396,5,0
2024-02,690,1,1,13791,21,2
2024-02,690,2,0,252,0,0
2024-02,690,2,1,1194,2,0
2024-02,700,1,0,3625,2,0
2024-02,700,1,1,16036,16,0
2024-02,700,2,0,367,0,0
2024-02,700,2,1,1741,3,1
2024-02,710,1,0,3330,3,0
2024-02,710,1,1,14847,9,1
2024-02,710,2,0,256,0,0
2024-02,710,2,1,1357,2,0
2024-02,720,1,0,3823,0,0
2024-02,720,1,1,17051,6,0
2024-02,720,2,0,379,0,0
2024-02,720,2,1,2029,2,0
2024-02,730,1,0,3949,1,0
2024-02,730,1,1,16851,2,0
2024-02,730,2,0,307,0,0
2024-02,730,2,1,1673,2,0
2024-02,740,1,0,3584,1,0
2024-02,740,1,1,15448,7,0
2024-02,740,2,0,315,0,0
2024-02,740,2,1,1600,0,0
2024-02,750,1,0,3876,1,0
2024-02,750,1,1,16778,3,0
2024-02,750,2,0,264,0,0
2024-02,750,2,1,1382,0,0
2024-02,760,1,0,3363,0,0
2024-02,760,1,1,14814,1,0
2024-02,760,2,0,200,0,0
2024-02,760,2,1,1020,1,0
2024-02,770,1,0,3863,0,0
2024-02,770,1,1,15739,3,0
2024-02,770,2,0,202,0,0
2024-02,770,2,1,970,1,0
2024-02,780,1,0,3816,1,0
2024-02,780,1,1,16262,3,0
2024-02,780,2,0,207,0,0
2024-02,780,2,1,992,2,0
2024-02,790,1,0,3647,0,0
2024-02,790,1,1,14824,0,0
2024-02,790,2,0,178,0,0
2024-02,790,2,1,799,1,0
2024-02,800,1,0,4217,0,0
2024-02,800,1,1,16933,2,0
2024-02,800,2,0,137,0,0
2024-02,800,2,1,768,0,0
2024-02,810,1,0,3619,0,0
2024-02,810,1,1,14641,0,0
2024-02,810,2,0,109,0,0
2024-02,810,2,1,629,1,0
2024-02,820,1,0,3745,0,0
2024-02,820,1,1,15665,0,0
2024-02,820,2,0,120,0,0
2024-02,820,2,1,604,0,0
2024-02,830,1,0,3412,0,0
2024-02,830,1,1,14241,1,0
2024-02,830,2,0,91,0,0
2024-02,830,2,1,514,0,0
2024-02,840,1,0,3056,0,0
2024-02,840,1,1,12291,1,0
2024-02,840,2,0,73,0,0
2024-02,840,2,1,401,0,0
2024-02,850,1,0,3123,1,0
2024-02,850,1,1,12816,0,0
2024-02,850,2,0,74,0,0
2024-02,850,2,1,396,0,0
2024-02,860,1,0,2198,0,0
2024-02,860,1,1,8804,0,0
2024-02,860,2,0,45,0,0
2024-02,860,2,1,241,0,0
2024-02,870,1,0,1315,0,0
2024-02,870,1,1,5549,0,0
2024-02,870,2,0,28,0,0
2024-02,870,2,1,116,0,0
2024-02,880,1,0,259,0,0
2024-02,880,1,1,1146,0,0
2024-02,880,2,0,2,0,0
2024-02,880,2,1,26,0,0
2024-02,890,1,0,11,0,0
2024-02,890,1,1,43,0,0
2024-02,890,2,1,0,0,0
2024-03,650,1,0,934,1,0
2024-03,650,1,1,8075,21,1
2024-03,650,2,0,51,0,0
2024-03,650,2,1,713,2,1
2024-03,660,1,0,1220,0,0
2024-03,660,1,1,11327,20,3
2024-03,660,2,0,48,0,0
2024-03,660,2,1,886,3,0
2024-03,670,1,0,1484,2,0
2024-03,670,1,1,12504,16,1
2024-03,670,2,0,54,0,0
2024-03,670,2,1,883,2,0
2024-03,680,1,0,1464,2,0
2024-03,680,1,1,13322,32,2
2024-03,680,2,0,108,0,0
2024-03,680,2,1,1356,2,0
2024-03,690,1,0,1690,3,0
2024-03,690,1,1,14683,16,1
2024-03,690,2,0,120,0,0
2024-03,690,2,1,1256,1,0
2024-03,700,1,0,1712,0,0
2024-03,700,1,1,16935,12,0
2024-03,700,2,0,158,1,0
2024-03,700,2,1,1810,6,0
2024-03,710,1,0,1611,0,0
2024-03,710,1,1,15713,6,1
2024-03,710,2,0,85,0,0
2024-03,710,2,1,1418,1,0
2024-03,720,1,0,1853,1,0
2024-03,720,1,1,17952,11,1
2024-03,720,2,0,170,1,0
2024-03,720,2,1,2103,4,0
2024-03,730,1,0,1898,1,0
2024-03,730,1,1,17903,7,0
2024-03,730,2,0,142,3,0
2024-03,730,2,1,1694,2,0
2024-03,740,1,0,1768,0,0
2024-03,740,1,1,16382,3,0
2024-03,740,2,0,146,0,0
2024-03,740,2,1,1658,3,0
2024-03,750,1,0,1908,1,0
2024-03,750,1,1,17788,4,0
2024-03,750,2,0,130,0,0
2024-03,750,2,1,1422,0,0
2024-03,760,1,0,1680,0,0
2024-03,760,1,1,15646,4,1
2024-03,760,2,0,84,0,0
2024-03,760,2,1,1051,0,0
2024-03,770,1,0,1878,1,0
2024-03,770,1,1,16844,2,0
2024-03,770,2,0,82,0,0
2024-03,770,2,1,1007,1,0
2024-03,780,1,0,1950,0,0
2024-03,780,1,1,17227,7,0
2024-03,780,2,0,88,0,0
2024-03,780,2,1,1038,1,0
2024-03,790,1,0,1841,0,0
2024-03,790,1,1,15774,1,0
2024-03,790,2,0,74,0,0
2024-03,790,2,1,835,1,0
2024-03,800,1,0,2168,0,0
2024-03,800,1,1,18080,2,0
2024-03,800,2,0,65,0,0
2024-03,800,2,1,796,0,0
2024-03,810,1,0,1769,0,0
2024-03,810,1,1,15701,0,0
2024-03,810,2,0,49,0,0
2024-03,810,2,1,614,0,0
2024-03,820,1,0,1894,0,0
2024-03,820,1,1,16663,0,0
2024-03,820,2,0,52,0,0
2024-03,820,2,1,623,0,0
2024-03,830,1,0,1737,0,0
2024-03,830,1,1,15058,1,0
2024-03,830,2,0,37,0,0
2024-03,830,2,1,525,1,0
2024-03,840,1,0,1518,0,0
2024-03,840,1,1,13073,1,0
2024-03,840,2,0,32,0,0
2024-03,840,2,1,412,0,0
2024-03,850,1,0,1576,0,0
2024-03,850,1,1,13628,0,0
2024-03,850,2,0,30,0,0
2024-03,850,2,1,405,0,0
2024-03,860,1,0,1122,0,0
2024-03,860,1,1,9342,0,0
2024-03,860,2,0,17,0,0
2024-03,860,2,1,252,0,0
2024-03,870,1,0,665,0,0
2024-03,870,1,1,5876,0,0
2024-03,870,2,0,13,0,0
2024-03,870,2,1,113,0,0
2024-03,880,1,0,127,0,0
2024-03,880,1,1,1212,0,0
2024-03,880,2,0,1,0,0
2024-03,880,2,1,23,0,0
2024-03,890,1,0,7,0,0
2024-03,890,1,1,45,0,0
2024-03,890,2,1,0,0,0
2024-04,650,1,0,2043,3,0
2024-04,650,1,1,7860,21,0
2024-04,650,2,0,130,0,0
2024-04,650,2,1,688,5,0
2024-04,660,1,0,2729,3,0
2024-04,660,1,1,11055,27,1
2024-04,660,2,0,130,0,0
2024-04,660,2,1,861,3,0
2024-04,670,1,0,3294,6,0
2024-04,670,1,1,12168,23,3
2024-04,670,2,0,155,0,0
2024-04,670,2,1,864,3,1
2024-04,680,1,0,3096,5,0
2024-04,680,1,1,12982,18,0
2024-04,680,2,0,240,0,0
2024-04,680,2,1,1310,3,0
2024-04,690,1,0,3579,5,0
2024-04,690,1,1,14318,18,2
2024-04,690,2,0,291,1,0
2024-04,690,2,1,1223,4,0
2024-04,700,1,0,3579,3,0
2024-04,700,1,1,16532,14,1
2024-04,700,2,0,386,0,0
2024-04,700,2,1,1762,1,1
2024-04,710,1,0,3318,1,0
2024-04,710,1,1,15368,10,0
2024-04,710,2,0,271,0,0
2024-04,710,2,1,1372,2,1
2024-04,720,1,0,3966,1,0
2024-04,720,1,1,17533,7,0
2024-04,720,2,0,440,0,0
2024-04,720,2,1,2049,2,0
2024-04,730,1,0,4098,2,1
2024-04,730,1,1,17538,7,0
2024-04,730,2,0,381,0,0
2024-04,730,2,1,1656,1,0
2024-04,740,1,0,3749,1,0
2024-04,740,1,1,16004,5,0
2024-04,740,2,0,320,0,0
2024-04,740,2,1,1604,2,0
2024-04,750,1,0,4079,0,0
2024-04,750,1,1,17368,3,0
2024-04,750,2,0,290,0,0
2024-04,750,2,1,1379,2,0
2024-04,760,1,0,3605,2,0
2024-04,760,1,1,15271,3,0
2024-04,760,2,0,207,0,0
2024-04,760,2,1,1024,0,0
2024-04,770,1,0,4025,1,0
2024-04,770,1,1,16465,3,0
2024-04,770,2,0,226,0,0
2024-04,770,2,1,980,1,0
2024-04,780,1,0,4288,0,0
2024-04,780,1,1,16816,2,0
2024-04,780,2,0,212,0,0
2024-04,780,2,1,1010,1,0
2024-04,790,1,0,3963,0,0
2024-04,790,1,1,15420,3,0
2024-04,790,2,0,182,0,0
2024-04,790,2,1,813,0,0
2024-04,800,1,0,4577,0,0
2024-04,800,1,1,17674,0,0
2024-04,800,2,0,171,0,0
2024-04,800,2,1,779,1,0
2024-04,810,1,0,3916,2,0
2024-04,810,1,1,15350,0,0
2024-04,810,2,0,141,0,0
2024-04,810,2,1,603,0,0
2024-04,820,1,0,4198,0,0
2024-04,820,1,1,16261,2,0
2024-04,820,2,0,124,0,0
2024-04,820,2,1,600,0,0
2024-04,830,1,0,3833,0,0
2024-04,830,1,1,14701,0,0
2024-04,830,2,0,100,0,0
2024-04,830,2,1,513,0,0
2024-04,840,1,0,3447,0,0
2024-04,840,1,1,12742,0,0
2024-04,840,2,0,78,0,0
2024-04,840,2,1,402,0,0
2024-04,850,1,0,3504,0,0
2024-04,850,1,1,13319,0,0
2024-04,850,2,0,81,0,0
2024-04,850,2,1,396,0,0
2024-04,860,1,0,2485,0,0
2024-04,860,1,1,9131,0,0
2024-04,860,2,0,45,0,0
2024-04,860,2,1,241,0,0
2024-04,870,1,0,1483,0,0
2024-04,870,1,1,5757,0,0
2024-04,870,2,0,36,0,0
2024-04,870,2,1,110,0,0
2024-04,880,1,0,297,0,0
2024-04,880,1,1,1186,0,0
2024-04,880,2,0,5,0,0
2024-04,880,2,1,23,0,0
2024-04,890,1,0,14,0,0
2024-04,890,1,1,44,0,0
2024-04,890,2,1,0,0,0
2024-05,650,1,0,2020,3,0
2024-05,650,1,1,7650,25,2
2024-05,650,2,0,129,0,0
2024-05,650,2,1,663,2,0
2024-05,660,1,0,2702,4,1
2024-05,660,1,1,10747,20,3
2024-05,660,2,0,126,0,0
2024-05,660,2,1,837,0,0
2024-05,670,1,0,3260,3,0
2024-05,670,1,1,11850,22,0
2024-05,670,2,0,154,0,0
2024-05,670,2,1,839,4,0
2024-05,680,1,0,3059,4,1
2024-05,680,1,1,12634,19,2
2024-05,680,2,0,237,0,0
2024-05,680,2,1,1275,3,0
2024-05,690,1,0,3531,4,0
2024-05,690,1,1,13968,14,1
2024-05,690,2,0,288,1,0
2024-05,690,2,1,1187,0,0
2024-05,700,1,0,3542,1,0
2024-05,700,1,1,16133,15,2
2024-05,700,2,0,379,2,0
2024-05,700,2,1,1707,4,0
2024-05,710,1,0,3270,3,0
2024-05,710,1,1,15007,15,1
2024-05,710,2,0,266,0,0
2024-05,710,2,1,1332,3,0
2024-05,720,1,0,3915,2,0
2024-05,720,1,1,17101,7,0
2024-05,720,2,0,433,0,0
2024-05,720,2,1,1986,4,0
2024-05,730,1,0,4034,1,0
2024-05,730,1,1,17083,8,0
2024-05,730,2,0,378,0,0
2024-05,730,2,1,1609,5,2
2024-05,740,1,0,3692,0,0
2024-05,740,1,1,15608,3,0
2024-05,740,2,0,319,0,0
2024-05,740,2,1,1549,1,0
2024-05,750,1,0,4030,2,0
2024-05,750,1,1,16946,4,0
2024-05,750,2,0,287,0,0
2024-05,750,2,1,1345,1,0
2024-05,760,1,0,3552,0,0
2024-05,760,1,1,14932,4,0
2024-05,760,2,0,207,0,0
2024-05,760,2,1,1000,1,0
2024-05,770,1,0,3956,0,0
2024-05,770,1,1,16084,3,0
2024-05,770,2,0,224,0,0
2024-05,770,2,1,954,0,0
2024-05,780,1,0,4215,0,0
2024-05,780,1,1,16392,4,1
2024-05,780,2,0,209,0,0
2024-05,780,2,1,981,1,0
2024-05,790,1,0,3887,1,0
2024-05,790,1,1,15063,1,1
2024-05,790,2,0,179,0,0
2024-05,790,2,1,799,0,0
2024-05,800,1,0,4505,0,0
2024-05,800,1,1,17240,3,0
2024-05,800,2,0,170,0,0
2024-05,800,2,1,756,0,0
2024-05,810,1,0,3841,0,0
2024-05,810,1,1,14975,0,0
2024-05,810,2,0,138,0,0
2024-05,810,2,1,584,0,0
2024-05,820,1,0,4122,1,0
2024-05,820,1,1,15849,1,0
2024-05,820,2,0,123,0,0
2024-05,820,2,1,578,0,0
2024-05,830,1,0,3758,0,0
2024-05,830,1,1,14391,0,0
2024-05,830,2,0,99,0,0
2024-05,830,2,1,491,0,0
2024-05,840,1,0,3399,0,0
2024-05,840,1,1,12420,0,0
2024-05,840,2,0,75,0,0
2024-05,840,2,1,389,0,0
2024-05,850,1,0,3444,0,0
2024-05,850,1,1,12998,0,0
2024-05,850,2,0,80,0,0
2024-05,850,2,1,380,0,0
2024-05,860,1,0,2449,0,0
2024-05,860,1,1,8895,1,0
2024-05,860,2,0,45,0,0
2024-05,860,2,1,231,0,0
2024-05,870,1,0,1459,0,0
2024-05,870,1,1,5637,0,0
2024-05,870,2,0,35,0,0
2024-05,870,2,1,105,0,0
2024-05,880,1,0,295,0,0
2024-05,880,1,1,1154,0,0
2024-05,880,2,0,5,0,0
2024-05,880,2,1,21,0,0
2024-05,890,1,0,14,0,0
2024-05,890,1,1,44,0,0
2024-05,890,2,1,0,0,0
2024-06,650,1,0,1105,2,0
2024-06,650,1,1,8103,23,1
2024-06,650,2,0,78,0,0
2024-06,650,2,1,661,4,1
2024-06,660,1,0,1504,3,1
2024-06,660,1,1,11304,24,2
2024-06,660,2,0,77,0,0
2024-06,660,2,1,827,7,0
2024-06,670,1,0,1805,5,0
2024-06,670,1,1,12569,22,1
2024-06,670,2,0,100,0,0
2024-06,670,2,1,838,2,1
2024-06,680,1,0,1633,1,0
2024-06,680,1,1,13280,28,3
2024-06,680,2,0,128,0,0
2024-06,680,2,1,1294,5,1
2024-06,690,1,0,1869,2,0
2024-06,690,1,1,14795,22,4
2024-06,690,2,0,171,0,0
2024-06,690,2,1,1226,1,0
2024-06,700,1,0,1847,0,0
2024-06,700,1,1,16885,15,3
2024-06,700,2,0,222,2,0
2024-06,700,2,1,1750,2,0
2024-06,710,1,0,1685,0,0
2024-06,710,1,1,15695,10,1
2024-06,710,2,0,180,0,0
2024-06,710,2,1,1331,4,0
2024-06,720,1,0,2069,0,0
2024-06,720,1,1,17971,10,2
2024-06,720,2,0,266,0,0
2024-06,720,2,1,1983,3,0
2024-06,730,1,0,2154,0,0
2024-06,730,1,1,17927,14,1
2024-06,730,2,0,239,0,0
2024-06,730,2,1,1636,0,0
2024-06,740,1,0,1936,0,0
2024-06,740,1,1,16362,2,0
2024-06,740,2,0,175,0,0
2024-06,740,2,1,1574,0,0
2024-06,750,1,0,2125,0,0
2024-06,750,1,1,17845,8,2
2024-06,750,2,0,156,0,0
2024-06,750,2,1,1354,0,0
2024-06,760,1,0,1872,3,0
2024-06,760,1,1,15658,4,0
2024-06,760,2,0,125,0,0
2024-06,760,2,1,1000,1,0
2024-06,770,1,0,2083,0,0
2024-06,770,1,1,16984,4,0
2024-06,770,2,0,142,0,0
2024-06,770,2,1,951,0,0
2024-06,780,1,0,2256,0,0
2024-06,780,1,1,17290,1,0
2024-06,780,2,0,122,0,0
2024-06,780,2,1,975,0,0
2024-06,790,1,0,2055,0,0
2024-06,790,1,1,15925,3,0
2024-06,790,2,0,108,0,0
2024-06,790,2,1,806,0,0
2024-06,800,1,0,2346,0,0
2024-06,800,1,1,18288,2,0
2024-06,800,2,0,105,0,0
2024-06,800,2,1,752,0,0
2024-06,810,1,0,2078,0,0
2024-06,810,1,1,15764,1,0
2024-06,810,2,0,88,0,0
2024-06,810,2,1,572,0,0
2024-06,820,1,0,2234,0,0
2024-06,820,1,1,16718,2,1
2024-06,820,2,0,70,0,0
2024-06,820,2,1,573,0,0
2024-06,830,1,0,2009,0,0
2024-06,830,1,1,15181,3,0
2024-06,830,2,0,62,1,0
2024-06,830,2,1,467,0,0
2024-06,840,1,0,1868,0,0
2024-06,840,1,1,13116,0,0
2024-06,840,2,0,42,0,0
2024-06,840,2,1,381,0,0
2024-06,850,1,0,1868,1,1
2024-06,850,1,1,13636,0,0
2024-06,850,2,0,49,0,0
2024-06,850,2,1,365,0,0
2024-06,860,1,0,1323,0,0
2024-06,860,1,1,9451,0,0
2024-06,860,2,0,29,0,0
2024-06,860,2,1,218,0,0
2024-06,870,1,0,794,0,0
2024-06,870,1,1,5888,0,0
2024-06,870,2,0,19,0,0
2024-06,870,2,1,108,0,0
2024-06,880,1,0,168,0,0
2024-06,880,1,1,1190,0,0
2024-06,880,2,0,4,0,0
2024-06,880,2,1,16,0,0
2024-06,890,1,0,7,0,0
2024-06,890,1,1,45,0,0
2024-07,650,1,0,2147,4,0
2024-07,650,1,1,7889,30,1
2024-07,650,2,0,129,0,0
2024-07,650,2,1,642,2,0
2024-07,660,1,0,2996,4,0
2024-07,660,1,1,11046,27,2
2024-07,660,2,0,146,1,0
2024-07,660,2,1,806,4,0
2024-07,670,1,0,3617,5,0
2024-07,670,1,1,12260,30,2
2024-07,670,2,0,178,0,0
2024-07,670,2,1,818,3,1
2024-07,680,1,0,3356,4,0
2024-07,680,1,1,12965,24,1
2024-07,680,2,0,252,1,0
2024-07,680,2,1,1255,1,0
2024-07,690,1,0,3776,3,0
2024-07,690,1,1,14462,12,1
2024-07,690,2,0,299,1,0
2024-07,690,2,1,1194,3,0
2024-07,700,1,0,3759,1,0
2024-07,700,1,1,16512,22,1
2024-07,700,2,0,388,0,0
2024-07,700,2,1,1691,2,0
2024-07,710,1,0,3500,2,0
2024-07,710,1,1,15345,13,0
2024-07,710,2,0,314,0,0
2024-07,710,2,1,1304,0,0
2024-07,720,1,0,4166,1,0
2024-07,720,1,1,17593,6,0
2024-07,720,2,0,517,1,0
2024-07,720,2,1,1943,0,0
2024-07,730,1,0,4265,1,0
2024-07,730,1,1,17487,11,1
2024-07,730,2,0,432,0,0
2024-07,730,2,1,1599,2,0
2024-07,740,1,0,3883,1,0
2024-07,740,1,1,16002,7,1
2024-07,740,2,0,330,0,0
2024-07,740,2,1,1541,2,0
2024-07,750,1,0,4154,0,0
2024-07,750,1,1,17496,5,0
2024-07,750,2,0,291,0,0
2024-07,750,2,1,1319,0,0
2024-07,760,1,0,3718,0,0
2024-07,760,1,1,15339,2,0
2024-07,760,2,0,229,0,0
2024-07,760,2,1,983,0,0
2024-07,770,1,0,4170,1,0
2024-07,770,1,1,16637,3,0
2024-07,770,2,0,256,0,0
2024-07,770,2,1,927,0,0
2024-07,780,1,0,4396,0,0
2024-07,780,1,1,16934,3,0
2024-07,780,2,0,246,0,0
2024-07,780,2,1,956,0,0
2024-07,790,1,0,4081,0,0
2024-07,790,1,1,15576,3,0
2024-07,790,2,0,182,0,0
2024-07,790,2,1,784,0,0
2024-07,800,1,0,4697,1,0
2024-07,800,1,1,17922,3,0
2024-07,800,2,0,187,0,0
2024-07,800,2,1,736,0,0
2024-07,810,1,0,4076,0,0
2024-07,810,1,1,15413,0,0
2024-07,810,2,0,164,0,0
2024-07,810,2,1,561,0,0
2024-07,820,1,0,4334,0,0
2024-07,820,1,1,16320,3,0
2024-07,820,2,0,129,0,0
2024-07,820,2,1,557,0,0
2024-07,830,1,0,4012,0,0
2024-07,830,1,1,14874,1,0
2024-07,830,2,0,134,0,0
2024-07,830,2,1,455,0,0
2024-07,840,1,0,3553,0,0
2024-07,840,1,1,12831,1,0
2024-07,840,2,0,80,0,0
2024-07,840,2,1,367,1,0
2024-07,850,1,0,3699,0,0
2024-07,850,1,1,13331,0,0
2024-07,850,2,0,97,0,0
2024-07,850,2,1,355,0,0
2024-07,860,1,0,2624,0,0
2024-07,860,1,1,9246,0,0
2024-07,860,2,0,55,0,0
2024-07,860,2,1,213,0,0
2024-07,870,1,0,1674,0,0
2024-07,870,1,1,5764,0,0
2024-07,870,2,0,29,0,0
2024-07,870,2,1,100,0,0
2024-07,880,1,0,331,0,0
2024-07,880,1,1,1172,0,0
2024-07,880,2,0,13,0,0
2024-07,880,2,1,16,0,0
2024-07,890,1,0,16,0,0
2024-07,890,1,1,45,0,0
2024-08,650,1,0,2116,6,0
2024-08,650,1,1,7682,25,2
2024-08,650,2,0,128,0,0
2024-08,650,2,1,614,5,1
2024-08,660,1,0,2954,3,0
2024-08,660,1,1,10746,25,3
2024-08,660,2,0,141,1,0
2024-08,660,2,1,783,4,0
2024-08,670,1,0,3560,4,1
2024-08,670,1,1,11935,26,0
2024-08,670,2,0,177,0,0
2024-08,670,2,1,792,0,0
2024-08,680,1,0,3308,4,0
2024-08,680,1,1,12602,19,1
2024-08,680,2,0,245,0,0
2024-08,680,2,1,1224,3,1
2024-08,690,1,0,3725,3,0
2024-08,690,1,1,14063,24,0
2024-08,690,2,0,292,1,0
2024-08,690,2,1,1160,2,0
2024-08,700,1,0,3709,5,0
2024-08,700,1,1,16076,14,2
2024-08,700,2,0,381,0,0
2024-08,700,2,1,1648,2,0
2024-08,710,1,0,3442,0,0
2024-08,710,1,1,14998,11,1
2024-08,710,2,0,306,0,0
2024-08,710,2,1,1264,6,1
2024-08,720,1,0,4103,3,0
2024-08,720,1,1,17182,14,2
2024-08,720,2,0,508,0,0
2024-08,720,2,1,1892,4,0
2024-08,730,1,0,4193,3,0
2024-08,730,1,1,17072,8,0
2024-08,730,2,0,424,0,0
2024-08,730,2,1,1553,4,0
2024-08,740,1,0,3784,0,0
2024-08,740,1,1,15660,8,1
2024-08,740,2,0,326,0,0
2024-08,740,2,1,1496,2,0
2024-08,750,1,0,4049,0,0
2024-08,750,1,1,17091,2,0
2024-08,750,2,0,289,0,0
2024-08,750,2,1,1283,2,1
2024-08,760,1,0,3600,0,0
2024-08,760,1,1,14978,8,0
2024-08,760,2,0,223,0,0
2024-08,760,2,1,949,1,1
2024-08,770,1,0,4071,0,0
2024-08,770,1,1,16215,2,0
2024-08,770,2,0,249,0,0
2024-08,770,2,1,898,1,0
2024-08,780,1,0,4287,0,0
2024-08,780,1,1,16511,3,1
2024-08,780,2,0,244,0,0
2024-08,780,2,1,930,1,0
2024-08,790,1,0,3976,1,0
2024-08,790,1,1,15198,6,0
2024-08,790,2,0,173,0,0
2024-08,790,2,1,764,0,0
2024-08,800,1,0,4560,0,0
2024-08,800,1,1,17491,2,0
2024-08,800,2,0,181,0,0
2024-08,800,2,1,716,0,0
2024-08,810,1,0,3940,0,0
2024-08,810,1,1,15051,4,0
2024-08,810,2,0,158,0,0
2024-08,810,2,1,542,1,0
2024-08,820,1,0,4190,0,0
2024-08,820,1,1,15931,1,0
2024-08,820,2,0,121,0,0
2024-08,820,2,1,536,0,0
2024-08,830,1,0,3883,1,0
2024-08,830,1,1,14516,4,0
2024-08,830,2,0,132,0,0
2024-08,830,2,1,442,0,0
2024-08,840,1,0,3447,0,0
2024-08,840,1,1,12527,0,0
2024-08,840,2,0,78,0,0
2024-08,840,2,1,348,0,0
2024-08,850,1,0,3588,0,0
2024-08,850,1,1,12995,1,0
2024-08,850,2,0,94,0,0
2024-08,850,2,1,341,0,0
2024-08,860,1,0,2536,0,0
2024-08,860,1,1,9017,0,0
2024-08,860,2,0,51,0,0
2024-08,860,2,1,205,0,0
2024-08,870,1,0,1628,0,0
2024-08,870,1,1,5640,0,0
2024-08,870,2,0,28,0,0
2024-08,870,2,1,96,0,0
2024-08,880,1,0,324,0,0
2024-08,880,1,1,1141,0,0
2024-08,880,2,0,13,0,0
2024-08,880,2,1,16,0,0
2024-08,890,1,0,15,0,0
2024-08,890,1,1,45,0,0
2024-09,650,1,0,1033,2,0
2024-09,650,1,1,8517,24,1
2024-09,650,2,0,53,0,0
2024-09,650,2,1,664,2,0
2024-09,660,1,0,1493,6,1
2024-09,660,1,1,11851,40,2
2024-09,660,2,0,66,1,0
2024-09,660,2,1,828,8,0
2024-09,670,1,0,1789,3,0
2024-09,670,1,1,13313,29,2
2024-09,670,2,0,75,1,0
2024-09,670,2,1,863,6,0
2024-09,680,1,0,1707,1,0
2024-09,680,1,1,13782,22,2
2024-09,680,2,0,121,0,0
2024-09,680,2,1,1314,2,0
2024-09,690,1,0,1897,1,0
2024-09,690,1,1,15436,28,2
2024-09,690,2,0,128,1,0
2024-09,690,2,1,1286,3,0
2024-09,700,1,0,1906,1,0
2024-09,700,1,1,17390,22,2
2024-09,700,2,0,167,1,0
2024-09,700,2,1,1798,4,0
2024-09,710,1,0,1809,2,0
2024-09,710,1,1,16202,18,1
2024-09,710,2,0,132,0,0
2024-09,710,2,1,1396,1,0
2024-09,720,1,0,2093,1,0
2024-09,720,1,1,18670,8,0
2024-09,720,2,0,243,0,0
2024-09,720,2,1,2094,4,0
2024-09,730,1,0,2100,1,0
2024-09,730,1,1,18666,6,0
2024-09,730,2,0,192,0,0
2024-09,730,2,1,1727,2,1
2024-09,740,1,0,1916,0,0
2024-09,740,1,1,17058,8,1
2024-09,740,2,0,155,0,0
2024-09,740,2,1,1624,1,0
2024-09,750,1,0,2005,3,0
2024-09,750,1,1,18585,7,1
2024-09,750,2,0,135,0,0
2024-09,750,2,1,1399,1,0
2024-09,760,1,0,1808,0,0
2024-09,760,1,1,16311,3,0
2024-09,760,2,0,103,0,0
2024-09,760,2,1,1040,0,0
2024-09,770,1,0,2058,0,0
2024-09,770,1,1,17739,5,1
2024-09,770,2,0,106,0,0
2024-09,770,2,1,1000,1,0
2024-09,780,1,0,2101,0,0
2024-09,780,1,1,18145,4,0
2024-09,780,2,0,116,0,0
2024-09,780,2,1,1019,0,0
2024-09,790,1,0,2009,0,0
2024-09,790,1,1,16663,1,0
2024-09,790,2,0,71,0,0
2024-09,790,2,1,848,1,0
2024-09,800,1,0,2312,0,0
2024-09,800,1,1,19174,3,1
2024-09,800,2,0,75,0,0
2024-09,800,2,1,779,0,0
2024-09,810,1,0,1975,0,0
2024-09,810,1,1,16484,0,0
2024-09,810,2,0,71,0,0
2024-09,810,2,1,603,1,0
2024-09,820,1,0,2079,0,0
2024-09,820,1,1,17509,1,0
2024-09,820,2,0,56,0,0
2024-09,820,2,1,579,1,0
2024-09,830,1,0,1975,0,0
2024-09,830,1,1,15903,2,0
2024-09,830,2,0,73,0,0
2024-09,830,2,1,480,0,0
2024-09,840,1,0,1671,0,0
2024-09,840,1,1,13865,0,0
2024-09,840,2,0,38,0,0
2024-09,840,2,1,371,0,0
2024-09,850,1,0,1799,0,0
2024-09,850,1,1,14339,0,0
2024-09,850,2,0,48,0,0
2024-09,850,2,1,369,0,0
2024-09,860,1,0,1288,0,0
2024-09,860,1,1,9959,1,0
2024-09,860,2,0,25,0,0
2024-09,860,2,1,227,0,0
2024-09,870,1,0,865,0,0
2024-09,870,1,1,6212,0,0
2024-09,870,2,0,8,0,0
2024-09,870,2,1,109,0,0
2024-09,880,1,0,163,0,0
2024-09,880,1,1,1261,0,0
2024-09,880,2,0,9,0,0
2024-09,880,2,1,19,0,0
2024-09,890,1,0,10,0,0
2024-09,890,1,1,50,0,0
2024-10,650,1,0,1020,5,0
2024-10,650,1,1,7982,19,1
2024-10,650,2,0,52,1,0
2024-10,650,2,1,609,4,0
2024-10,660,1,0,1463,5,0
2024-10,660,1,1,11068,33,3
2024-10,660,2,0,62,0,0
2024-10,660,2,1,756,2,0
2024-10,670,1,0,1760,6,0
2024-10,670,1,1,12469,24,2
2024-10,670,2,0,72,1,0
2024-10,670,2,1,799,3,0
2024-10,680,1,0,1675,0,0
2024-10,680,1,1,12896,32,5
2024-10,680,2,0,117,0,0
2024-10,680,2,1,1211,4,0
2024-10,690,1,0,1867,1,0
2024-10,690,1,1,14439,27,5
2024-10,690,2,0,126,0,0
2024-10,690,2,1,1176,5,0
2024-10,700,1,0,1866,2,0
2024-10,700,1,1,16168,20,1
2024-10,700,2,0,166,0,0
2024-10,700,2,1,1616,2,0
2024-10,710,1,0,1766,0,0
2024-10,710,1,1,15071,16,1
2024-10,710,2,0,127,1,0
2024-10,710,2,1,1288,3,1
2024-10,720,1,0,2056,0,0
2024-10,720,1,1,17332,12,1
2024-10,720,2,0,236,0,0
2024-10,720,2,1,1917,4,0
2024-10,730,1,0,2052,1,0
2024-10,730,1,1,17454,4,1
2024-10,730,2,0,184,1,0
2024-10,730,2,1,1566,0,0
2024-10,740,1,0,1878,0,0
2024-10,740,1,1,15909,6,0
2024-10,740,2,0,150,0,0
2024-10,740,2,1,1494,3,1
2024-10,750,1,0,1952,1,0
2024-10,750,1,1,17306,3,0
2024-10,750,2,0,129,1,0
2024-10,750,2,1,1295,0,0
2024-10,760,1,0,1767,0,0
2024-10,760,1,1,15248,4,1
2024-10,760,2,0,100,0,0
2024-10,760,2,1,941,0,0
2024-10,770,1,0,1991,2,0
2024-10,770,1,1,16498,6,1
2024-10,770,2,0,101,0,0
2024-10,770,2,1,922,0,0
2024-10,780,1,0,2042,0,0
2024-10,780,1,1,16911,3,0
2024-10,780,2,0,108,1,0
2024-10,780,2,1,926,0,0
2024-10,790,1,0,1937,0,0
2024-10,790,1,1,15546,1,1
2024-10,790,2,0,66,0,0
2024-10,790,2,1,786,0,0
2024-10,800,1,0,2222,1,0
2024-10,800,1,1,17840,2,0
2024-10,800,2,0,73,0,0
2024-10,800,2,1,710,0,0
2024-10,810,1,0,1912,0,0
2024-10,810,1,1,15337,0,0
2024-10,810,2,0,68,0,0
2024-10,810,2,1,546,0,0
2024-10,820,1,0,1991,0,0
2024-10,820,1,1,16300,2,0
2024-10,820,2,0,53,0,0
2024-10,820,2,1,535,0,0
2024-10,830,1,0,1911,0,0
2024-10,830,1,1,14793,1,0
2024-10,830,2,0,68,0,0
2024-10,830,2,1,438,0,0
2024-10,840,1,0,1602,0,0
2024-10,840,1,1,12919,2,0
2024-10,840,2,0,36,0,0
2024-10,840,2,1,330,0,0
2024-10,850,1,0,1716,0,0
2024-10,850,1,1,13248,0,0
2024-10,850,2,0,44,0,0
2024-10,850,2,1,330,1,0
2024-10,860,1,0,1240,0,0
2024-10,860,1,1,9239,0,0
2024-10,860,2,0,23,0,0
2024-10,860,2,1,209,0,0
2024-10,870,1,0,821,0,0
2024-10,870,1,1,5727,0,0
2024-10,870,2,0,7,0,0
2024-10,870,2,1,100,0,0
2024-10,880,1,0,157,0,0
2024-10,880,1,1,1168,0,0
2024-10,880,2,0,8,0,0
2024-10,880,2,1,18,0,0
2024-10,890,1,0,10,0,0
2024-10,890,1,1,46,0,0
2024-11,650,1,0,991,4,1
2024-11,650,1,1,7767,29,2
2024-11,650,2,0,50,0,0
2024-11,650,2,1,581,3,0
2024-11,660,1,0,1432,6,1
2024-11,660,1,1,10752,39,3
2024-11,660,2,0,59,0,0
2024-11,660,2,1,736,2,1
2024-11,670,1,0,1719,4,0
2024-11,670,1,1,12106,20,4
2024-11,670,2,0,70,0,0
2024-11,670,2,1,775,3,1
2024-11,680,1,0,1650,2,0
2024-11,680,1,1,12520,33,4
2024-11,680,2,0,112,0,0
2024-11,680,2,1,1174,6,1
2024-11,690,1,0,1829,0,0
2024-11,690,1,1,14076,21,4
2024-11,690,2,0,125,0,0
2024-11,690,2,1,1143,2,0
2024-11,700,1,0,1828,0,0
2024-11,700,1,1,15735,19,4
2024-11,700,2,0,163,0,0
2024-11,700,2,1,1565,5,1
2024-11,710,1,0,1725,1,0
2024-11,710,1,1,14690,16,2
2024-11,710,2,0,126,1,0
2024-11,710,2,1,1247,3,0
2024-11,720,1,0,2009,1,0
2024-11,720,1,1,16886,13,0
2024-11,720,2,0,224,2,0
2024-11,720,2,1,1865,3,1
2024-11,730,1,0,1993,1,0
2024-11,730,1,1,17019,10,1
2024-11,730,2,0,180,2,1
2024-11,730,2,1,1527,3,0
2024-11,740,1,0,1832,0,0
2024-11,740,1,1,15491,6,1
2024-11,740,2,0,146,0,0
2024-11,740,2,1,1460,0,0
2024-11,750,1,0,1895,0,0
2024-11,750,1,1,16846,8,0
2024-11,750,2,0,117,0,0
2024-11,750,2,1,1266,3,1
2024-11,760,1,0,1712,1,0
2024-11,760,1,1,14894,5,0
2024-11,760,2,0,89,1,0
2024-11,760,2,1,916,1,0
2024-11,770,1,0,1918,0,0
2024-11,770,1,1,16065,2,1
2024-11,770,2,0,96,0,0
2024-11,770,2,1,899,1,0
2024-11,780,1,0,1966,0,0
2024-11,780,1,1,16485,1,0
2024-11,780,2,0,99,0,0
2024-11,780,2,1,897,1,0
2024-11,790,1,0,1864,1,0
2024-11,790,1,1,15133,1,0
2024-11,790,2,0,59,0,0
2024-11,790,2,1,764,0,0
2024-11,800,1,0,2125,0,0
2024-11,800,1,1,17390,3,0
2024-11,800,2,0,64,0,0
2024-11,800,2,1,692,0,0
2024-11,810,1,0,1825,1,0
2024-11,810,1,1,14990,2,0
2024-11,810,2,0,59,0,0
2024-11,810,2,1,526,1,0
2024-11,820,1,0,1917,0,0
2024-11,820,1,1,15865,0,0
2024-11,820,2,0,44,0,0
2024-11,820,2,1,518,0,0
2024-11,830,1,0,1827,0,0
2024-11,830,1,1,14422,1,0
2024-11,830,2,0,58,0,0
2024-11,830,2,1,421,0,0
2024-11,840,1,0,1529,0,0
2024-11,840,1,1,12598,0,0
2024-11,840,2,0,29,0,0
2024-11,840,2,1,315,0,0
2024-11,850,1,0,1619,0,0
2024-11,850,1,1,12934,2,0
2024-11,850,2,0,41,0,0
2024-11,850,2,1,313,0,0
2024-11,860,1,0,1187,0,0
2024-11,860,1,1,9002,0,0
2024-11,860,2,0,20,0,0
2024-11,860,2,1,203,0,0
2024-11,870,1,0,781,0,0
2024-11,870,1,1,5587,0,0
2024-11,870,2,0,5,0,0
2024-11,870,2,1,95,0,0
2024-11,880,1,0,152,0,0
2024-11,880,1,1,1129,0,0
2024-11,880,2,0,7,0,0
2024-11,880,2,1,18,0,0
2024-11,890,1,0,9,0,0
2024-11,890,1,1,46,0,0
2024-12,650,1,1,8517,23,2
2024-12,650,2,1,613,6,1
2024-12,660,1,1,11820,32,4
2024-12,660,2,1,768,8,1
2024-12,670,1,1,13501,34,3
2024-12,670,2,1,829,1,0
2024-12,680,1,1,13829,22,0
2024-12,680,2,1,1245,3,1
2024-12,690,1,1,15502,27,1
2024-12,690,2,1,1235,6,0
2024-12,700,1,1,17114,10,0
2024-12,700,2,1,1685,4,1
2024-12,710,1,1,15992,10,1
2024-12,710,2,1,1335,2,0
2024-12,720,1,1,18422,11,2
2024-12,720,2,1,2026,3,0
2024-12,730,1,1,18557,8,2
2024-12,730,2,1,1658,3,0
2024-12,740,1,1,16888,8,1
2024-12,740,2,1,1556,0,0
2024-12,750,1,1,18247,6,0
2024-12,750,2,1,1342,3,0
2024-12,760,1,1,16190,5,0
2024-12,760,2,1,973,0,0
2024-12,770,1,1,17553,4,1
2024-12,770,2,1,968,0,0
2024-12,780,1,1,17965,2,0
2024-12,780,2,1,964,1,1
2024-12,790,1,1,16563,2,1
2024-12,790,2,1,798,0,0
2024-12,800,1,1,18989,4,0
2024-12,800,2,1,737,1,0
2024-12,810,1,1,16316,3,0
2024-12,810,2,1,565,0,0
2024-12,820,1,1,17325,4,0
2024-12,820,2,1,546,0,0
2024-12,830,1,1,15839,4,0
2024-12,830,2,1,464,0,0
2024-12,840,1,1,13722,2,0
2024-12,840,2,1,335,0,0
2024-12,850,1,1,14166,0,0
2024-12,850,2,1,344,0,0
2024-12,860,1,1,9917,0,0
2024-12,860,2,1,209,0,0
2024-12,870,1,1,6162,0,0
2024-12,870,2,1,98,0,0
2024-12,880,1,1,1244,0,0
2024-12,880,2,1,24,0,0
2024-12,890,1,1,53,0,0
2025-01,650,1,0,981,0,0
2025-01,650,1,1,8256,35,2
2025-01,650,2,0,70,0,0
2025-01,650,2,1,589,1,0
2025-01,660,1,0,1456,1,0
2025-01,660,1,1,11495,44,3
2025-01,660,2,0,82,0,0
2025-01,660,2,1,741,3,0
2025-01,670,1,0,1595,0,0
2025-01,670,1,1,13120,39,2
2025-01,670,2,0,79,0,0
2025-01,670,2,1,806,3,0
2025-01,680,1,0,1724,0,0
2025-01,680,1,1,13426,38,3
2025-01,680,2,0,142,0,0
2025-01,680,2,1,1203,1,0
2025-01,690,1,0,1798,1,0
2025-01,690,1,1,15080,27,1
2025-01,690,2,0,175,0,0
2025-01,690,2,1,1184,1,0
2025-01,700,1,0,2068,0,0
2025-01,700,1,1,16639,23,4
2025-01,700,2,0,240,0,0
2025-01,700,2,1,1629,3,0
2025-01,710,1,0,1854,0,0
2025-01,710,1,1,15563,16,0
2025-01,710,2,0,169,0,0
2025-01,710,2,1,1303,2,0
2025-01,720,1,0,2253,0,0
2025-01,720,1,1,17892,10,1
2025-01,720,2,0,271,0,0
2025-01,720,2,1,1971,3,0
2025-01,730,1,0,2183,0,0
2025-01,730,1,1,18012,8,0
2025-01,730,2,0,236,0,0
2025-01,730,2,1,1607,1,0
2025-01,740,1,0,1902,0,0
2025-01,740,1,1,16443,6,0
2025-01,740,2,0,175,0,0
2025-01,740,2,1,1511,2,0
2025-01,750,1,0,2116,0,0
2025-01,750,1,1,17729,6,0
2025-01,750,2,0,135,0,0
2025-01,750,2,1,1307,1,0
2025-01,760,1,0,1897,0,0
2025-01,760,1,1,15700,6,0
2025-01,760,2,0,125,0,0
2025-01,760,2,1,950,1,0
2025-01,770,1,0,2032,0,0
2025-01,770,1,1,17030,4,0
2025-01,770,2,0,102,0,0
2025-01,770,2,1,941,1,0
2025-01,780,1,0,2137,0,0
2025-01,780,1,1,17405,1,0
2025-01,780,2,0,108,0,0
2025-01,780,2,1,940,3,0
2025-01,790,1,0,1905,0,0
2025-01,790,1,1,16091,4,0
2025-01,790,2,0,76,0,0
2025-01,790,2,1,768,0,0
2025-01,800,1,0,2204,0,0
2025-01,800,1,1,18394,1,0
2025-01,800,2,0,81,0,0
2025-01,800,2,1,715,1,0
2025-01,810,1,0,1945,1,0
2025-01,810,1,1,15846,1,0
2025-01,810,2,0,68,0,0
2025-01,810,2,1,546,0,0
2025-01,820,1,0,2101,0,0
2025-01,820,1,1,16760,0,0
2025-01,820,2,0,59,0,0
2025-01,820,2,1,531,1,0
2025-01,830,1,0,1915,0,0
2025-01,830,1,1,15314,0,0
2025-01,830,2,0,48,0,0
2025-01,830,2,1,449,0,0
2025-01,840,1,0,1642,0,0
2025-01,840,1,1,13270,1,0
2025-01,840,2,0,56,0,0
2025-01,840,2,1,322,0,0
2025-01,850,1,0,1763,0,0
2025-01,850,1,1,13689,1,0
2025-01,850,2,0,27,0,0
2025-01,850,2,1,329,0,0
2025-01,860,1,0,1378,0,0
2025-01,860,1,1,9602,1,0
2025-01,860,2,0,20,0,0
2025-01,860,2,1,203,0,0
2025-01,870,1,0,803,0,0
2025-01,870,1,1,5972,0,0
2025-01,870,2,0,9,0,0
2025-01,870,2,1,94,0,0
2025-01,880,1,0,162,0,0
2025-01,880,1,1,1205,0,0
2025-01,880,2,0,2,0,0
2025-01,880,2,1,24,0,0
2025-01,890,1,0,5,0,0
2025-01,890,1,1,51,0,0
2025-02,650,1,0,966,0,0
2025-02,650,1,1,7702,18,0
2025-02,650,2,0,69,0,0
2025-02,650,2,1,539,4,0
2025-02,660,1,0,1441,0,0
2025-02,660,1,1,10652,29,1
2025-02,660,2,0,79,0,0
2025-02,660,2,1,671,3,0
2025-02,670,1,0,1572,0,0
2025-02,670,1,1,12207,29,2
2025-02,670,2,0,79,0,0
2025-02,670,2,1,723,2,0
2025-02,680,1,0,1712,2,0
2025-02,680,1,1,12541,29,4
2025-02,680,2,0,141,0,0
2025-02,680,2,1,1092,3,0
2025-02,690,1,0,1779,1,0
2025-02,690,1,1,14128,20,0
2025-02,690,2,0,171,0,0
2025-02,690,2,1,1074,3,0
2025-02,700,1,0,2053,1,0
2025-02,700,1,1,15463,24,1
2025-02,700,2,0,239,0,0
2025-02,700,2,1,1481,3,0
2025-02,710,1,0,1836,0,0
2025-02,710,1,1,14532,22,1
2025-02,710,2,0,168,1,0
2025-02,710,2,1,1187,3,1
2025-02,720,1,0,2230,0,0
2025-02,720,1,1,16628,13,1
2025-02,720,2,0,265,0,0
2025-02,720,2,1,1825,3,0
2025-02,730,1,0,2153,1,0
2025-02,730,1,1,16724,5,1
2025-02,730,2,0,234,0,0
2025-02,730,2,1,1503,1,0
2025-02,740,1,0,1881,0,0
2025-02,740,1,1,15214,6,1
2025-02,740,2,0,173,0,0
2025-02,740,2,1,1401,2,0
2025-02,750,1,0,2087,0,0
2025-02,750,1,1,16484,1,0
2025-02,750,2,0,131,0,0
2025-02,750,2,1,1208,0,0
2025-02,760,1,0,1866,1,0
2025-02,760,1,1,14553,4,0
2025-02,760,2,0,122,0,0
2025-02,760,2,1,890,2,0
2025-02,770,1,0,1995,0,0
2025-02,770,1,1,15828,3,1
2025-02,770,2,0,98,0,0
2025-02,770,2,1,867,1,0
2025-02,780,1,0,2098,0,0
2025-02,780,1,1,16209,3,0
2025-02,780,2,0,105,0,0
2025-02,780,2,1,872,0,0
2025-02,790,1,0,1866,1,0
2025-02,790,1,1,14991,3,0
2025-02,790,2,0,74,0,0
2025-02,790,2,1,724,1,0
2025-02,800,1,0,2158,0,0
2025-02,800,1,1,17038,2,0
2025-02,800,2,0,77,0,0
2025-02,800,2,1,659,1,1
2025-02,810,1,0,1899,0,0
2025-02,810,1,1,14689,2,0
2025-02,810,2,0,67,0,0
2025-02,810,2,1,498,1,0
2025-02,820,1,0,2056,0,0
2025-02,820,1,1,15590,1,1
2025-02,820,2,0,59,0,0
2025-02,820,2,1,496,0,0
2025-02,830,1,0,1872,0,0
2025-02,830,1,1,14180,4,0
2025-02,830,2,0,48,0,0
2025-02,830,2,1,411,0,0
2025-02,840,1,0,1606,0,0
2025-02,840,1,1,12294,2,0
2025-02,840,2,0,53,0,0
2025-02,840,2,1,294,0,0
2025-02,850,1,0,1729,0,0
2025-02,850,1,1,12662,0,0
2025-02,850,2,0,27,0,0
2025-02,850,2,1,298,0,0
2025-02,860,1,0,1355,0,0
2025-02,860,1,1,8927,2,0
2025-02,860,2,0,20,0,0
2025-02,860,2,1,186,0,0
2025-02,870,1,0,789,0,0
2025-02,870,1,1,5472,0,0
2025-02,870,2,0,9,0,0
2025-02,870,2,1,83,1,0
2025-02,880,1,0,159,0,0
2025-02,880,1,1,1102,0,0
2025-02,880,2,0,2,0,0
2025-02,880,2,1,23,0,0
2025-02,890,1,0,5,0,0
2025-02,890,1,1,48,0,0
2025-03,650,1,0,953,5,0
2025-03,650,1,1,7495,22,0
2025-03,650,2,0,67,1,0
2025-03,650,2,1,521,2,0
2025-03,660,1,0,1422,3,0
2025-03,660,1,1,10361,23,1
2025-03,660,2,0,77,0,0
2025-03,660,2,1,654,3,0
2025-03,670,1,0,1552,4,0
2025-03,670,1,1,11875,27,1
2025-03,670,2,0,79,0,0
2025-03,670,2,1,701,2,0
2025-03,680,1,0,1687,3,0
2025-03,680,1,1,12179,32,2
2025-03,680,2,0,140,1,0
2025-03,680,2,1,1064,2,0
2025-03,690,1,0,1760,2,0
2025-03,690,1,1,13748,27,3
2025-03,690,2,0,168,0,0
2025-03,690,2,1,1045,3,0
2025-03,700,1,0,2021,1,0
2025-03,700,1,1,15058,19,2
2025-03,700,2,0,237,1,1
2025-03,700,2,1,1423,2,0
2025-03,710,1,0,1808,2,0
2025-03,710,1,1,14144,14,2
2025-03,710,2,0,163,0,0
2025-03,710,2,1,1152,3,1
2025-03,720,1,0,2189,1,0
2025-03,720,1,1,16218,8,0
2025-03,720,2,0,258,0,0
2025-03,720,2,1,1751,2,0
2025-03,730,1,0,2118,1,0
2025-03,730,1,1,16281,9,0
2025-03,730,2,0,221,0,0
2025-03,730,2,1,1463,0,0
2025-03,740,1,0,1843,2,0
2025-03,740,1,1,14838,8,0
2025-03,740,2,0,168,0,0
2025-03,740,2,1,1364,0,0
2025-03,750,1,0,2052,0,0
2025-03,750,1,1,16019,6,1
2025-03,750,2,0,128,0,0
2025-03,750,2,1,1169,0,0
2025-03,760,1,0,1838,0,0
2025-03,760,1,1,14197,6,0
2025-03,760,2,0,120,0,0
2025-03,760,2,1,857,1,0
2025-03,770,1,0,1960,0,0
2025-03,770,1,1,15385,5,0
2025-03,770,2,0,93,0,0
2025-03,770,2,1,842,0,0
2025-03,780,1,0,2063,0,0
2025-03,780,1,1,15708,2,0
2025-03,780,2,0,101,0,0
2025-03,780,2,1,845,0,0
2025-03,790,1,0,1818,0,0
2025-03,790,1,1,14564,2,0
2025-03,790,2,0,71,0,0
2025-03,790,2,1,701,0,0
2025-03,800,1,0,2107,0,0
2025-03,800,1,1,16535,4,0
2025-03,800,2,0,73,0,0
2025-03,800,2,1,634,1,0
2025-03,810,1,0,1847,0,0
2025-03,810,1,1,14226,1,0
2025-03,810,2,0,66,0,0
2025-03,810,2,1,481,0,0
2025-03,820,1,0,2015,0,0
2025-03,820,1,1,15129,2,0
2025-03,820,2,0,57,0,0
2025-03,820,2,1,482,0,0
2025-03,830,1,0,1843,0,0
2025-03,830,1,1,13743,1,0
2025-03,830,2,0,48,0,0
2025-03,830,2,1,401,0,0
2025-03,840,1,0,1575,0,0
2025-03,840,1,1,11906,0,0
2025-03,840,2,0,52,0,0
2025-03,840,2,1,283,0,0
2025-03,850,1,0,1691,1,0
2025-03,850,1,1,12304,0,0
2025-03,850,2,0,25,0,0
2025-03,850,2,1,289,0,0
2025-03,860,1,0,1332,0,0
2025-03,860,1,1,8652,0,0
2025-03,860,2,0,20,0,0
2025-03,860,2,1,179,0,0
2025-03,870,1,0,772,0,0
2025-03,870,1,1,5292,0,0
2025-03,870,2,0,9,0,0
2025-03,870,2,1,79,0,0
2025-03,880,1,0,156,0,0
2025-03,880,1,1,1071,0,0
2025-03,880,2,0,2,0,0
2025-03,880,2,1,22,0,0
2025-03,890,1,0,5,0,0
2025-03,890,1,1,48,0,0
2025-04,650,1,0,2091,4,0
2025-04,650,1,1,7261,24,2
2025-04,650,2,0,138,0,0
2025-04,650,2,1,506,3,0
2025-04,660,1,0,2968,2,0
2025-04,660,1,1,10053,33,0
2025-04,660,2,0,163,1,0
2025-04,660,2,1,640,5,1
2025-04,670,1,0,3299,9,0
2025-04,670,1,1,11487,25,3
2025-04,670,2,0,173,0,0
2025-04,670,2,1,677,3,0
2025-04,680,1,0,3477,3,0
2025-04,680,1,1,11816,13,1
2025-04,680,2,0,306,0,0
2025-04,680,2,1,1021,5,1
2025-04,690,1,0,3610,2,0
2025-04,690,1,1,13337,16,1
2025-04,690,2,0,315,2,0
2025-04,690,2,1,1014,5,0
2025-04,700,1,0,4192,1,0
2025-04,700,1,1,14620,18,2
2025-04,700,2,0,421,0,0
2025-04,700,2,1,1376,2,0
2025-04,710,1,0,3712,1,0
2025-04,710,1,1,13728,11,0
2025-04,710,2,0,313,0,0
2025-04,710,2,1,1111,2,1
2025-04,720,1,0,4467,1,0
2025-04,720,1,1,15747,15,0
2025-04,720,2,0,501,0,0
2025-04,720,2,1,1703,5,0
2025-04,730,1,0,4337,0,0
2025-04,730,1,1,15823,4,0
2025-04,730,2,0,403,1,0
2025-04,730,2,1,1429,0,0
2025-04,740,1,0,3931,0,0
2025-04,740,1,1,14427,5,0
2025-04,740,2,0,313,0,0
2025-04,740,2,1,1323,3,1
2025-04,750,1,0,4257,0,0
2025-04,750,1,1,15522,4,0
2025-04,750,2,0,258,1,0
2025-04,750,2,1,1128,1,0
2025-04,760,1,0,3829,0,0
2025-04,760,1,1,13756,2,0
2025-04,760,2,0,204,0,0
2025-04,760,2,1,832,1,1
2025-04,770,1,0,4109,2,0
2025-04,770,1,1,14927,3,0
2025-04,770,2,0,179,0,0
2025-04,770,2,1,820,1,1
2025-04,780,1,0,4216,0,0
2025-04,780,1,1,15217,2,1
2025-04,780,2,0,198,0,0
2025-04,780,2,1,810,1,0
2025-04,790,1,0,3816,0,0
2025-04,790,1,1,14094,3,0
2025-04,790,2,0,130,0,0
2025-04,790,2,1,681,1,0
2025-04,800,1,0,4557,0,0
2025-04,800,1,1,16032,5,1
2025-04,800,2,0,133,0,0
2025-04,800,2,1,613,0,0
2025-04,810,1,0,3945,0,0
2025-04,810,1,1,13776,2,0
2025-04,810,2,0,115,0,0
2025-04,810,2,1,459,0,0
2025-04,820,1,0,4144,0,0
2025-04,820,1,1,14632,2,0
2025-04,820,2,0,100,0,0
2025-04,820,2,1,466,0,0
2025-04,830,1,0,3889,0,0
2025-04,830,1,1,13281,3,0
2025-04,830,2,0,81,0,0
2025-04,830,2,1,381,0,0
2025-04,840,1,0,3303,0,0
2025-04,840,1,1,11496,0,0
2025-04,840,2,0,69,0,0
2025-04,840,2,1,274,0,0
2025-04,850,1,0,3632,1,0
2025-04,850,1,1,11914,0,0
2025-04,850,2,0,50,0,0
2025-04,850,2,1,280,0,0
2025-04,860,1,0,2666,0,0
2025-04,860,1,1,8372,0,0
2025-04,860,2,0,29,0,0
2025-04,860,2,1,177,1,0
2025-04,870,1,0,1708,0,0
2025-04,870,1,1,5128,0,0
2025-04,870,2,0,23,0,0
2025-04,870,2,1,77,0,0
2025-04,880,1,0,330,0,0
2025-04,880,1,1,1029,0,0
2025-04,880,2,0,2,0,0
2025-04,880,2,1,21,0,0
2025-04,890,1,0,10,0,0
2025-04,890,1,1,45,0,0
2025-05,650,1,0,2058,2,1
2025-05,650,1,1,7027,26,2
2025-05,650,2,0,136,0,0
2025-05,650,2,1,490,2,0
2025-05,660,1,0,2930,2,1
2025-05,660,1,1,9719,28,1
2025-05,660,2,0,158,1,0
2025-05,660,2,1,609,4,0
2025-05,670,1,0,3256,2,1
2025-05,670,1,1,11137,20,1
2025-05,670,2,0,173,0,0
2025-05,670,2,1,658,4,0
2025-05,680,1,0,3431,7,0
2025-05,680,1,1,11472,28,3
2025-05,680,2,0,304,1,0
2025-05,680,2,1,977,4,0
2025-05,690,1,0,3551,3,0
2025-05,690,1,1,12915,26,3
2025-05,690,2,0,307,2,0
2025-05,690,2,1,977,1,0
2025-05,700,1,0,4133,3,0
2025-05,700,1,1,14178,17,0
2025-05,700,2,0,415,0,0
2025-05,700,2,1,1341,2,0
2025-05,710,1,0,3660,4,0
2025-05,710,1,1,13318,13,0
2025-05,710,2,0,306,1,0
2025-05,710,2,1,1062,2,0
2025-05,720,1,0,4397,0,0
2025-05,720,1,1,15262,7,0
2025-05,720,2,0,490,2,0
2025-05,720,2,1,1647,2,0
2025-05,730,1,0,4270,3,0
2025-05,730,1,1,15377,14,0
2025-05,730,2,0,398,0,0
2025-05,730,2,1,1393,2,1
2025-05,740,1,0,3869,1,0
2025-05,740,1,1,14027,7,0
2025-05,740,2,0,303,0,0
2025-05,740,2,1,1284,0,0
2025-05,750,1,0,4187,1,0
2025-05,750,1,1,15065,5,0
2025-05,750,2,0,253,1,0
2025-05,750,2,1,1098,1,0
2025-05,760,1,0,3766,0,0
2025-05,760,1,1,13363,2,1
2025-05,760,2,0,200,0,0
2025-05,760,2,1,809,0,0
2025-05,770,1,0,4040,1,0
2025-05,770,1,1,14474,2,0
2025-05,770,2,0,175,0,0
2025-05,770,2,1,792,0,0
2025-05,780,1,0,4139,1,0
2025-05,780,1,1,14735,4,0
2025-05,780,2,0,195,0,0
2025-05,780,2,1,788,1,0
2025-05,790,1,0,3744,1,0
2025-05,790,1,1,13654,3,0
2025-05,790,2,0,127,0,0
2025-05,790,2,1,654,0,0
2025-05,800,1,0,4469,2,0
2025-05,800,1,1,15447,2,0
2025-05,800,2,0,128,0,0
2025-05,800,2,1,592,1,0
2025-05,810,1,0,3863,0,0
2025-05,810,1,1,13324,0,0
2025-05,810,2,0,115,0,0
2025-05,810,2,1,438,0,0
2025-05,820,1,0,4081,0,0
2025-05,820,1,1,14146,0,0
2025-05,820,2,0,96,0,0
2025-05,820,2,1,450,2,0
2025-05,830,1,0,3815,0,0
2025-05,830,1,1,12820,1,0
2025-05,830,2,0,79,0,0
2025-05,830,2,1,370,0,0
2025-05,840,1,0,3235,0,0
2025-05,840,1,1,11115,1,0
2025-05,840,2,0,68,0,0
2025-05,840,2,1,266,0,0
2025-05,850,1,0,3569,0,0
2025-05,850,1,1,11530,0,0
2025-05,850,2,0,48,0,0
2025-05,850,2,1,264,0,0
2025-05,860,1,0,2613,0,0
2025-05,860,1,1,8078,0,0
2025-05,860,2,0,29,0,0
2025-05,860,2,1,170,0,0
2025-05,870,1,0,1677,0,0
2025-05,870,1,1,4946,0,0
2025-05,870,2,0,22,0,0
2025-05,870,2,1,74,0,0
2025-05,880,1,0,327,0,0
2025-05,880,1,1,996,0,0
2025-05,880,2,0,2,0,0
2025-05,880,2,1,21,0,0
2025-05,890,1,0,9,0,0
2025-05,890,1,1,44,0,0
2025-06,650,1,0,1134,4,0
2025-06,650,1,1,7304,27,4
2025-06,650,2,0,73,0,0
2025-06,650,2,1,507,3,1
2025-06,660,1,0,1543,2,1
2025-06,660,1,1,10305,34,2
2025-06,660,2,0,84,0,0
2025-06,660,2,1,623,4,0
2025-06,670,1,0,1743,2,0
2025-06,670,1,1,11737,38,2
2025-06,670,2,0,96,1,1
2025-06,670,2,1,667,3,0
2025-06,680,1,0,1783,1,0
2025-06,680,1,1,12103,19,1
2025-06,680,2,0,164,0,0
2025-06,680,2,1,1017,1,0
2025-06,690,1,0,1835,4,0
2025-06,690,1,1,13582,33,3
2025-06,690,2,0,150,0,0
2025-06,690,2,1,1014,4,0
2025-06,700,1,0,2177,1,0
2025-06,700,1,1,14958,18,2
2025-06,700,2,0,187,1,0
2025-06,700,2,1,1440,1,0
2025-06,710,1,0,1902,2,0
2025-06,710,1,1,13971,9,1
2025-06,710,2,0,152,0,0
2025-06,710,2,1,1111,3,0
2025-06,720,1,0,2280,1,0
2025-06,720,1,1,16047,7,3
2025-06,720,2,0,241,0,0
2025-06,720,2,1,1747,0,0
2025-06,730,1,0,2225,1,0
2025-06,730,1,1,16095,10,1
2025-06,730,2,0,181,0,0
2025-06,730,2,1,1487,4,2
2025-06,740,1,0,2080,0,0
2025-06,740,1,1,14572,7,0
2025-06,740,2,0,150,0,0
2025-06,740,2,1,1335,2,0
2025-06,750,1,0,2194,0,0
2025-06,750,1,1,15775,5,1
2025-06,750,2,0,127,0,0
2025-06,750,2,1,1144,0,0
2025-06,760,1,0,1967,0,0
2025-06,760,1,1,14048,5,0
2025-06,760,2,0,86,0,0
2025-06,760,2,1,864,0,0
2025-06,770,1,0,2139,0,0
2025-06,770,1,1,15210,2,0
2025-06,770,2,0,88,0,0
2025-06,770,2,1,828,1,0
2025-06,780,1,0,2143,0,0
2025-06,780,1,1,15578,5,0
2025-06,780,2,0,95,0,0
2025-06,780,2,1,832,0,0
2025-06,790,1,0,1969,0,0
2025-06,790,1,1,14299,3,0
2025-06,790,2,0,59,0,0
2025-06,790,2,1,669,0,0
2025-06,800,1,0,2439,0,0
2025-06,800,1,1,16218,2,0
2025-06,800,2,0,59,0,0
2025-06,800,2,1,616,0,0
2025-06,810,1,0,2046,0,0
2025-06,810,1,1,13996,0,0
2025-06,810,2,0,50,0,0
2025-06,810,2,1,458,0,0
2025-06,820,1,0,2141,1,0
2025-06,820,1,1,14860,1,0
2025-06,820,2,0,40,0,0
2025-06,820,2,1,460,0,0
2025-06,830,1,0,2037,0,0
2025-06,830,1,1,13481,0,0
2025-06,830,2,0,34,0,0
2025-06,830,2,1,379,1,0
2025-06,840,1,0,1728,0,0
2025-06,840,1,1,11700,1,0
2025-06,840,2,0,24,0,0
2025-06,840,2,1,288,0,0
2025-06,850,1,0,1939,0,0
2025-06,850,1,1,12144,1,0
2025-06,850,2,0,25,0,0
2025-06,850,2,1,267,1,0
2025-06,860,1,0,1332,0,0
2025-06,860,1,1,8644,1,0
2025-06,860,2,0,10,0,0
2025-06,860,2,1,164,0,0
2025-06,870,1,0,930,0,0
2025-06,870,1,1,5251,0,0
2025-06,870,2,0,14,0,0
2025-06,870,2,1,78,0,0
2025-06,880,1,0,177,0,0
2025-06,880,1,1,1058,0,0
2025-06,880,2,1,22,0,0
2025-06,890,1,0,5,0,0
2025-06,890,1,1,46,0,0
2025-07,650,1,0,2219,6,0
2025-07,650,1,1,7076,27,5
2025-07,650,2,0,117,0,0
2025-07,650,2,1,486,3,0
2025-07,660,1,0,3044,5,0
2025-07,660,1,1,9977,33,2
2025-07,660,2,0,154,0,0
2025-07,660,2,1,605,3,0
2025-07,670,1,0,3471,2,0
2025-07,670,1,1,11344,41,0
2025-07,670,2,0,159,0,0
2025-07,670,2,1,636,1,0
2025-07,680,1,0,3550,3,0
2025-07,680,1,1,11741,21,4
2025-07,680,2,0,274,0,0
2025-07,680,2,1,976,5,0
2025-07,690,1,0,3655,7,0
2025-07,690,1,1,13188,33,1
2025-07,690,2,0,264,0,0
2025-07,690,2,1,983,3,0
2025-07,700,1,0,4051,1,0
2025-07,700,1,1,14531,23,1
2025-07,700,2,0,339,1,0
2025-07,700,2,1,1390,6,0
2025-07,710,1,0,3627,0,0
2025-07,710,1,1,13582,12,0
2025-07,710,2,0,275,1,0
2025-07,710,2,1,1079,4,0
2025-07,720,1,0,4366,1,0
2025-07,720,1,1,15558,14,1
2025-07,720,2,0,414,0,0
2025-07,720,2,1,1702,3,0
2025-07,730,1,0,4404,0,0
2025-07,730,1,1,15636,3,0
2025-07,730,2,0,319,0,0
2025-07,730,2,1,1432,1,0
2025-07,740,1,0,4043,0,0
2025-07,740,1,1,14179,12,1
2025-07,740,2,0,259,0,0
2025-07,740,2,1,1288,1,0
2025-07,750,1,0,4177,1,0
2025-07,750,1,1,15318,3,0
2025-07,750,2,0,223,0,0
2025-07,750,2,1,1114,2,0
2025-07,760,1,0,3810,0,0
2025-07,760,1,1,13634,6,0
2025-07,760,2,0,157,0,0
2025-07,760,2,1,832,0,0
2025-07,770,1,0,4145,1,0
2025-07,770,1,1,14775,3,1
2025-07,770,2,0,150,0,0
2025-07,770,2,1,804,0,0
2025-07,780,1,0,4193,0,0
2025-07,780,1,1,15157,3,0
2025-07,780,2,0,158,0,0
2025-07,780,2,1,810,0,0
2025-07,790,1,0,3880,0,0
2025-07,790,1,1,13921,3,0
2025-07,790,2,0,116,0,0
2025-07,790,2,1,651,0,0
2025-07,800,1,0,4640,0,0
2025-07,800,1,1,15741,0,0
2025-07,800,2,0,96,0,0
2025-07,800,2,1,596,0,0
2025-07,810,1,0,4046,0,0
2025-07,810,1,1,13601,1,0
2025-07,810,2,0,79,0,0
2025-07,810,2,1,439,0,0
2025-07,820,1,0,4224,0,0
2025-07,820,1,1,14425,1,0
2025-07,820,2,0,81,0,0
2025-07,820,2,1,444,0,0
2025-07,830,1,0,4047,0,0
2025-07,830,1,1,13078,2,0
2025-07,830,2,0,61,0,0
2025-07,830,2,1,370,0,0
2025-07,840,1,0,3496,1,0
2025-07,840,1,1,11336,1,0
2025-07,840,2,0,40,0,0
2025-07,840,2,1,277,0,0
2025-07,850,1,0,3748,0,0
2025-07,850,1,1,11810,1,0
2025-07,850,2,0,48,0,0
2025-07,850,2,1,255,0,0
2025-07,860,1,0,2720,0,0
2025-07,860,1,1,8405,1,1
2025-07,860,2,0,25,0,0
2025-07,860,2,1,157,0,0
2025-07,870,1,0,1748,0,0
2025-07,870,1,1,5103,0,0
2025-07,870,2,0,18,0,0
2025-07,870,2,1,75,0,0
2025-07,880,1,0,366,0,0
2025-07,880,1,1,1032,0,0
2025-07,880,2,0,1,0,0
2025-07,880,2,1,21,0,0
2025-07,890,1,0,11,0,0
2025-07,890,1,1,46,0,0
2025-08,650,1,0,2196,2,0
2025-08,650,1,1,6822,30,1
2025-08,650,2,0,116,0,0
2025-08,650,2,1,469,5,0
2025-08,660,1,0,3011,4,0
2025-08,660,1,1,9621,34,1
2025-08,660,2,0,152,1,0
2025-08,660,2,1,584,2,0
2025-08,670,1,0,3427,6,0
2025-08,670,1,1,10951,38,0
2025-08,670,2,0,155,1,0
2025-08,670,2,1,616,4,1
2025-08,680,1,0,3490,7,0
2025-08,680,1,1,11383,35,1
2025-08,680,2,0,270,1,0
2025-08,680,2,1,931,1,0
2025-08,690,1,0,3594,6,0
2025-08,690,1,1,12763,19,2
2025-08,690,2,0,260,0,0
2025-08,690,2,1,942,4,0
2025-08,700,1,0,3980,1,0
2025-08,700,1,1,14087,16,0
2025-08,700,2,0,328,0,0
2025-08,700,2,1,1328,5,0
2025-08,710,1,0,3554,6,0
2025-08,710,1,1,13175,15,1
2025-08,710,2,0,269,0,0
2025-08,710,2,1,1038,2,0
2025-08,720,1,0,4258,1,0
2025-08,720,1,1,15091,6,0
2025-08,720,2,0,409,0,0
2025-08,720,2,1,1649,3,0
2025-08,730,1,0,4290,1,0
2025-08,730,1,1,15177,6,0
2025-08,730,2,0,317,1,0
2025-08,730,2,1,1375,1,0
2025-08,740,1,0,3927,3,0
2025-08,740,1,1,13772,5,1
2025-08,740,2,0,251,0,0
2025-08,740,2,1,1244,1,0
2025-08,750,1,0,4056,1,0
2025-08,750,1,1,14881,2,0
2025-08,750,2,0,220,0,0
2025-08,750,2,1,1066,1,0
2025-08,760,1,0,3701,0,0
2025-08,760,1,1,13252,4,0
2025-08,760,2,0,150,0,0
2025-08,760,2,1,802,0,0
2025-08,770,1,0,4015,1,0
2025-08,770,1,1,14350,1,0
2025-08,770,2,0,144,0,0
2025-08,770,2,1,771,0,0
2025-08,780,1,0,4040,1,0
2025-08,780,1,1,14673,4,1
2025-08,780,2,0,153,0,0
2025-08,780,2,1,780,0,0
2025-08,790,1,0,3726,0,0
2025-08,790,1,1,13522,5,1
2025-08,790,2,0,110,0,0
2025-08,790,2,1,627,0,0
2025-08,800,1,0,4424,1,0
2025-08,800,1,1,15249,1,0
2025-08,800,2,0,89,0,0
2025-08,800,2,1,580,0,0
2025-08,810,1,0,3863,0,0
2025-08,810,1,1,13197,3,0
2025-08,810,2,0,76,0,0
2025-08,810,2,1,418,0,0
2025-08,820,1,0,4054,1,0
2025-08,820,1,1,13960,2,0
2025-08,820,2,0,78,0,0
2025-08,820,2,1,437,0,0
2025-08,830,1,0,3896,1,0
2025-08,830,1,1,12686,2,0
2025-08,830,2,0,55,0,0
2025-08,830,2,1,356,0,0
2025-08,840,1,0,3340,1,0
2025-08,840,1,1,11004,1,0
2025-08,840,2,0,39,0,0
2025-08,840,2,1,268,0,0
2025-08,850,1,0,3590,0,0
2025-08,850,1,1,11447,0,0
2025-08,850,2,0,45,0,0
2025-08,850,2,1,249,0,0
2025-08,860,1,0,2609,0,0
2025-08,860,1,1,8169,0,0
2025-08,860,2,0,25,0,0
2025-08,860,2,1,155,0,0
2025-08,870,1,0,1675,0,0
2025-08,870,1,1,4946,0,0
2025-08,870,2,0,17,0,0
2025-08,870,2,1,70,0,0
2025-08,880,1,0,343,0,0
2025-08,880,1,1,1001,0,0
2025-08,880,2,0,1,0,0
2025-08,880,2,1,21,0,0
2025-08,890,1,0,11,0,0
2025-08,890,1,1,43,0,0
2025-09,650,1,0,2002,4,0
2025-09,650,1,1,7317,23,0
2025-09,650,2,0,86,0,0
2025-09,650,2,1,488,1,0
2025-09,660,1,0,2727,4,0
2025-09,660,1,1,10281,30,1
2025-09,660,2,0,135,0,0
2025-09,660,2,1,589,3,0
2025-09,670,1,0,3106,2,0
2025-09,670,1,1,11697,27,2
2025-09,670,2,0,133,0,0
2025-09,670,2,1,637,4,2
2025-09,680,1,0,3161,1,0
2025-09,680,1,1,12174,21,1
2025-09,680,2,0,200,0,0
2025-09,680,2,1,1004,4,2
2025-09,690,1,0,3299,2,0
2025-09,690,1,1,13490,39,1
2025-09,690,2,0,199,1,0
2025-09,690,2,1,991,2,0
2025-09,700,1,0,3474,1,0
2025-09,700,1,1,15040,15,1
2025-09,700,2,0,274,0,0
2025-09,700,2,1,1372,5,0
2025-09,710,1,0,3199,2,0
2025-09,710,1,1,13951,18,1
2025-09,710,2,0,215,1,0
2025-09,710,2,1,1072,1,0
2025-09,720,1,0,3895,3,0
2025-09,720,1,1,16023,12,0
2025-09,720,2,0,314,0,0
2025-09,720,2,1,1728,1,0
2025-09,730,1,0,3846,0,0
2025-09,730,1,1,16077,17,1
2025-09,730,2,0,252,0,0
2025-09,730,2,1,1428,2,0
2025-09,740,1,0,3562,1,0
2025-09,740,1,1,14617,9,0
2025-09,740,2,0,192,0,0
2025-09,740,2,1,1283,1,0
2025-09,750,1,0,3669,0,0
2025-09,750,1,1,15749,8,0
2025-09,750,2,0,183,0,0
2025-09,750,2,1,1095,1,0
2025-09,760,1,0,3335,0,0
2025-09,760,1,1,14056,5,0
2025-09,760,2,0,133,0,0
2025-09,760,2,1,815,3,1
2025-09,770,1,0,3652,1,0
2025-09,770,1,1,15213,3,0
2025-09,770,2,0,126,0,0
2025-09,770,2,1,777,0,0
2025-09,780,1,0,3818,0,0
2025-09,780,1,1,15453,4,0
2025-09,780,2,0,108,0,0
2025-09,780,2,1,811,1,0
2025-09,790,1,0,3529,0,0
2025-09,790,1,1,14289,1,0
2025-09,790,2,0,103,0,0
2025-09,790,2,1,612,0,0
2025-09,800,1,0,3916,1,0
2025-09,800,1,1,16273,2,0
2025-09,800,2,0,74,0,0
2025-09,800,2,1,573,0,0
2025-09,810,1,0,3572,0,0
2025-09,810,1,1,13969,2,0
2025-09,810,2,0,53,0,0
2025-09,810,2,1,422,0,0
2025-09,820,1,0,3770,0,0
2025-09,820,1,1,14808,2,0
2025-09,820,2,0,67,0,0
2025-09,820,2,1,432,0,0
2025-09,830,1,0,3631,0,0
2025-09,830,1,1,13534,1,0
2025-09,830,2,0,55,0,0
2025-09,830,2,1,334,0,0
2025-09,840,1,0,3158,0,0
2025-09,840,1,1,11672,1,0
2025-09,840,2,0,30,0,0
2025-09,840,2,1,268,1,0
2025-09,850,1,0,3369,0,0
2025-09,850,1,1,12255,1,0
2025-09,850,2,0,32,0,0
2025-09,850,2,1,253,0,0
2025-09,860,1,0,2517,0,0
2025-09,860,1,1,8726,0,0
2025-09,860,2,0,24,0,0
2025-09,860,2,1,152,0,0
2025-09,870,1,0,1554,0,0
2025-09,870,1,1,5328,0,0
2025-09,870,2,0,11,0,0
2025-09,870,2,1,76,0,0
2025-09,880,1,0,328,0,0
2025-09,880,1,1,1070,0,0
2025-09,880,2,0,1,0,0
2025-09,880,2,1,19,0,0
2025-09,890,1,0,12,0,0
2025-09,890,1,1,43,0,0
2025-10,650,1,0,1979,2,0
2025-10,650,1,1,7080,27,0
2025-10,650,2,0,85,0,0
2025-10,650,2,1,465,0,0
2025-10,660,1,0,2691,6,0
2025-10,660,1,1,9970,37,0
2025-10,660,2,0,132,0,0
2025-10,660,2,1,575,2,0
2025-10,670,1,0,3071,11,0
2025-10,670,1,1,11343,40,2
2025-10,670,2,0,132,0,0
2025-10,670,2,1,612,0,0
2025-10,680,1,0,3117,7,0
2025-10,680,1,1,11764,24,0
2025-10,680,2,0,199,0,0
2025-10,680,2,1,962,3,0
2025-10,690,1,0,3259,4,0
2025-10,690,1,1,13056,26,1
2025-10,690,2,0,197,0,0
2025-10,690,2,1,958,2,0
2025-10,700,1,0,3436,2,0
2025-10,700,1,1,14600,15,0
2025-10,700,2,0,268,0,0
2025-10,700,2,1,1328,1,0
2025-10,710,1,0,3154,4,0
2025-10,710,1,1,13563,7,0
2025-10,710,2,0,213,1,0
2025-10,710,2,1,1038,0,0
2025-10,720,1,0,3836,1,0
2025-10,720,1,1,15602,17,2
2025-10,720,2,0,308,0,0
2025-10,720,2,1,1673,1,0
2025-10,730,1,0,3786,1,0
2025-10,730,1,1,15604,13,0
2025-10,730,2,0,248,0,0
2025-10,730,2,1,1374,5,1
2025-10,740,1,0,3501,1,0
2025-10,740,1,1,14213,6,0
2025-10,740,2,0,187,0,0
2025-10,740,2,1,1250,0,0
2025-10,750,1,0,3601,0,0
2025-10,750,1,1,15303,7,0
2025-10,750,2,0,181,0,0
2025-10,750,2,1,1066,2,0
2025-10,760,1,0,3269,1,0
2025-10,760,1,1,13627,3,0
2025-10,760,2,0,130,0,0
2025-10,760,2,1,780,3,0
2025-10,770,1,0,3576,1,0
2025-10,770,1,1,14775,3,0
2025-10,770,2,0,122,0,0
2025-10,770,2,1,757,0,0
2025-10,780,1,0,3731,1,1
2025-10,780,1,1,15004,1,0
2025-10,780,2,0,108,0,0
2025-10,780,2,1,785,0,0
2025-10,790,1,0,3433,1,0
2025-10,790,1,1,13852,3,0
2025-10,790,2,0,98,0,0
2025-10,790,2,1,587,1,0
2025-10,800,1,0,3804,0,0
2025-10,800,1,1,15766,4,0
2025-10,800,2,0,72,0,0
2025-10,800,2,1,555,0,0
2025-10,810,1,0,3478,0,0
2025-10,810,1,1,13543,1,0
2025-10,810,2,0,50,0,0
2025-10,810,2,1,409,0,0
2025-10,820,1,0,3681,0,0
2025-10,820,1,1,14411,0,0
2025-10,820,2,0,64,0,0
2025-10,820,2,1,422,0,0
2025-10,830,1,0,3531,0,0
2025-10,830,1,1,13092,2,0
2025-10,830,2,0,55,0,0
2025-10,830,2,1,325,0,0
2025-10,840,1,0,3074,0,0
2025-10,840,1,1,11303,0,0
2025-10,840,2,0,28,0,0
2025-10,840,2,1,257,0,0
2025-10,850,1,0,3284,0,0
2025-10,850,1,1,11875,2,0
2025-10,850,2,0,31,0,0
2025-10,850,2,1,246,0,0
2025-10,860,1,0,2456,0,0
2025-10,860,1,1,8444,0,0
2025-10,860,2,0,24,0,0
2025-10,860,2,1,141,1,0
2025-10,870,1,0,1514,0,0
2025-10,870,1,1,5185,0,0
2025-10,870,2,0,11,0,0
2025-10,870,2,1,75,0,0
2025-10,880,1,0,319,0,0
2025-10,880,1,1,1040,0,0
2025-10,880,2,0,1,0,0
2025-10,880,2,1,16,0,0
2025-10,890,1,0,12,0,0
2025-10,890,1,1,43,0,0
2025-11,650,1,0,1948,6,0
2025-11,650,1,1,6453,26,1
2025-11,650,2,0,83,0,0
2025-11,650,2,1,409,3,0
2025-11,660,1,0,2642,8,0
2025-11,660,1,1,9113,37,3
2025-11,660,2,0,131,0,0
2025-11,660,2,1,504,4,0
2025-11,670,1,0,3007,9,0
2025-11,670,1,1,10379,31,4
2025-11,670,2,0,128,0,0
2025-11,670,2,1,548,3,0
2025-11,680,1,0,3041,5,0
2025-11,680,1,1,10853,24,0
2025-11,680,2,0,195,1,0
2025-11,680,2,1,878,4,0
2025-11,690,1,0,3194,1,0
2025-11,690,1,1,11972,26,1
2025-11,690,2,0,190,1,0
2025-11,690,2,1,856,1,1
2025-11,700,1,0,3376,3,0
2025-11,700,1,1,13378,23,1
2025-11,700,2,0,260,0,0
2025-11,700,2,1,1166,5,0
2025-11,710,1,0,3078,2,0
2025-11,710,1,1,12439,15,0
2025-11,710,2,0,202,0,0
2025-11,710,2,1,947,1,0
2025-11,720,1,0,3747,3,0
2025-11,720,1,1,14347,11,0
2025-11,720,2,0,298,0,0
2025-11,720,2,1,1506,4,0
2025-11,730,1,0,3685,2,0
2025-11,730,1,1,14383,9,2
2025-11,730,2,0,240,0,0
2025-11,730,2,1,1233,1,0
2025-11,740,1,0,3399,0,0
2025-11,740,1,1,13100,4,0
2025-11,740,2,0,182,1,0
2025-11,740,2,1,1138,1,0
2025-11,750,1,0,3499,0,0
2025-11,750,1,1,14146,5,0
2025-11,750,2,0,176,0,0
2025-11,750,2,1,965,3,0
2025-11,760,1,0,3168,0,0
2025-11,760,1,1,12618,3,0
2025-11,760,2,0,126,0,0
2025-11,760,2,1,685,0,0
2025-11,770,1,0,3442,1,0
2025-11,770,1,1,13643,4,0
2025-11,770,2,0,118,0,0
2025-11,770,2,1,676,1,0
2025-11,780,1,0,3613,0,0
2025-11,780,1,1,13872,3,0
2025-11,780,2,0,105,0,0
2025-11,780,2,1,705,0,0
2025-11,790,1,0,3311,0,0
2025-11,790,1,1,12807,6,0
2025-11,790,2,0,96,0,0
2025-11,790,2,1,535,0,0
2025-11,800,1,0,3656,0,0
2025-11,800,1,1,14629,4,0
2025-11,800,2,0,72,0,0
2025-11,800,2,1,502,0,0
2025-11,810,1,0,3346,0,0
2025-11,810,1,1,12534,2,0
2025-11,810,2,0,49,0,0
2025-11,810,2,1,378,0,0
2025-11,820,1,0,3527,0,0
2025-11,820,1,1,13374,3,0
2025-11,820,2,0,61,0,0
2025-11,820,2,1,383,0,0
2025-11,830,1,0,3401,0,0
2025-11,830,1,1,12104,3,0
2025-11,830,2,0,51,0,0
2025-11,830,2,1,294,0,0
2025-11,840,1,0,2962,0,0
2025-11,840,1,1,10529,0,0
2025-11,840,2,0,26,0,0
2025-11,840,2,1,229,0,0
2025-11,850,1,0,3174,0,0
2025-11,850,1,1,11006,0,0
2025-11,850,2,0,27,0,0
2025-11,850,2,1,217,0,0
2025-11,860,1,0,2364,1,0
2025-11,860,1,1,7839,0,0
2025-11,860,2,0,23,0,0
2025-11,860,2,1,119,0,0
2025-11,870,1,0,1449,0,0
2025-11,870,1,1,4814,0,0
2025-11,870,2,0,10,0,0
2025-11,870,2,1,68,0,0
2025-11,880,1,0,304,0,0
2025-11,880,1,1,959,0,0
2025-11,880,2,0,1,0,0
2025-11,880,2,1,15,0,0
2025-11,890,1,0,12,0,0
2025-11,890,1,1,39,0,0
2025-12,650,1,0,888,4,0
2025-12,650,1,1,7274,28,0
2025-12,650,2,0,42,0,0
2025-12,650,2,1,429,5,0
2025-12,660,1,0,1195,1,0
2025-12,660,1,1,10259,34,1
2025-12,660,2,0,67,1,0
2025-12,660,2,1,546,2,0
2025-12,670,1,0,1321,2,0
2025-12,670,1,1,11722,31,1
2025-12,670,2,0,64,0,0
2025-12,670,2,1,591,4,0
2025-12,680,1,0,1386,2,0
2025-12,680,1,1,12138,29,1
2025-12,680,2,0,80,0,0
2025-12,680,2,1,953,3,1
2025-12,690,1,0,1454,5,0
2025-12,690,1,1,13320,21,1
2025-12,690,2,0,81,0,0
2025-12,690,2,1,928,7,1
2025-12,700,1,0,1549,1,0
2025-12,700,1,1,14752,26,0
2025-12,700,2,0,115,0,0
2025-12,700,2,1,1257,2,0
2025-12,710,1,0,1422,0,0
2025-12,710,1,1,13675,23,1
2025-12,710,2,0,86,0,0
2025-12,710,2,1,1034,1,0
2025-12,720,1,0,1749,0,0
2025-12,720,1,1,15900,12,0
2025-12,720,2,0,134,0,0
2025-12,720,2,1,1617,2,0
2025-12,730,1,0,1629,0,0
2025-12,730,1,1,15974,7,0
2025-12,730,2,0,104,0,0
2025-12,730,2,1,1333,3,0
2025-12,740,1,0,1528,0,0
2025-12,740,1,1,14573,10,0
2025-12,740,2,0,78,1,0
2025-12,740,2,1,1204,2,0
2025-12,750,1,0,1591,1,0
2025-12,750,1,1,15601,4,0
2025-12,750,2,0,80,0,0
2025-12,750,2,1,1023,0,0
2025-12,760,1,0,1448,0,0
2025-12,760,1,1,13943,3,0
2025-12,760,2,0,59,0,0
2025-12,760,2,1,728,1,0
2025-12,770,1,0,1549,0,0
2025-12,770,1,1,15098,6,0
2025-12,770,2,0,60,0,0
2025-12,770,2,1,702,2,0
2025-12,780,1,0,1680,0,0
2025-12,780,1,1,15361,4,0
2025-12,780,2,0,43,0,0
2025-12,780,2,1,745,0,0
2025-12,790,1,0,1549,0,0
2025-12,790,1,1,14193,2,0
2025-12,790,2,0,47,0,0
2025-12,790,2,1,571,0,0
2025-12,800,1,0,1628,0,0
2025-12,800,1,1,16133,1,0
2025-12,800,2,0,37,0,0
2025-12,800,2,1,521,1,0
2025-12,810,1,0,1492,0,0
2025-12,810,1,1,13963,1,0
2025-12,810,2,0,22,0,0
2025-12,810,2,1,392,1,0
2025-12,820,1,0,1577,0,0
2025-12,820,1,1,14866,3,0
2025-12,820,2,0,26,0,0
2025-12,820,2,1,409,1,0
2025-12,830,1,0,1533,0,0
2025-12,830,1,1,13544,1,0
2025-12,830,2,0,26,0,0
2025-12,830,2,1,304,0,0
2025-12,840,1,0,1313,0,0
2025-12,840,1,1,11819,2,0
2025-12,840,2,0,12,0,0
2025-12,840,2,1,230,0,0
2025-12,850,1,0,1469,0,0
2025-12,850,1,1,12335,0,0
2025-12,850,2,0,10,0,0
2025-12,850,2,1,223,0,0
2025-12,860,1,0,1071,0,0
2025-12,860,1,1,8870,0,0
2025-12,860,2,0,9,0,0
2025-12,860,2,1,131,0,0
2025-12,870,1,0,691,0,0
2025-12,870,1,1,5413,0,0
2025-12,870,2,0,7,0,0
2025-12,870,2,1,71,0,0
2025-12,880,1,0,133,0,0
2025-12,880,1,1,1087,0,0
2025-12,880,2,1,15,0,0
2025-12,890,1,0,6,0,0
2025-12,890,1,1,44,0,0
2026-01,650,1,0,2104,4,0
2026-01,650,1,1,7043,35,2
2026-01,650,2,0,85,1,1
2026-01,650,2,1,406,4,0
2026-01,660,1,0,2873,2,0
2026-01,660,1,1,9921,46,1
2026-01,660,2,0,127,0,0
2026-01,660,2,1,529,5,1
2026-01,670,1,0,3099,3,0
2026-01,670,1,1,11357,34,0
2026-01,670,2,0,113,0,0
2026-01,670,2,1,565,1,0
2026-01,680,1,0,3150,1,0
2026-01,680,1,1,11761,29,0
2026-01,680,2,0,172,0,0
2026-01,680,2,1,920,6,0
2026-01,690,1,0,3411,5,0
2026-01,690,1,1,12895,31,4
2026-01,690,2,0,165,0,0
2026-01,690,2,1,886,4,1
2026-01,700,1,0,3600,2,0
2026-01,700,1,1,14295,22,1
2026-01,700,2,0,268,0,0
2026-01,700,2,1,1218,5,0
2026-01,710,1,0,3297,0,0
2026-01,710,1,1,13271,23,1
2026-01,710,2,0,188,0,0
2026-01,710,2,1,996,2,0
2026-01,720,1,0,3909,3,0
2026-01,720,1,1,15446,17,2
2026-01,720,2,0,300,0,0
2026-01,720,2,1,1556,3,0
2026-01,730,1,0,3665,0,0
2026-01,730,1,1,15505,10,0
2026-01,730,2,0,254,0,0
2026-01,730,2,1,1296,2,0
2026-01,740,1,0,3471,1,0
2026-01,740,1,1,14139,8,0
2026-01,740,2,0,195,0,0
2026-01,740,2,1,1164,0,0
2026-01,750,1,0,3693,1,0
2026-01,750,1,1,15147,10,1
2026-01,750,2,0,177,0,0
2026-01,750,2,1,996,3,0
2026-01,760,1,0,3317,1,0
2026-01,760,1,1,13527,6,0
2026-01,760,2,0,158,0,0
2026-01,760,2,1,701,3,0
2026-01,770,1,0,3612,0,0
2026-01,770,1,1,14684,5,0
2026-01,770,2,0,130,0,0
2026-01,770,2,1,676,3,0
2026-01,780,1,0,3761,0,0
2026-01,780,1,1,14899,4,0
2026-01,780,2,0,97,0,0
2026-01,780,2,1,708,1,0
2026-01,790,1,0,3574,1,0
2026-01,790,1,1,13762,2,0
2026-01,790,2,0,93,0,0
2026-01,790,2,1,554,1,0
2026-01,800,1,0,3909,0,0
2026-01,800,1,1,15642,4,0
2026-01,800,2,0,81,0,0
2026-01,800,2,1,498,1,0
2026-01,810,1,0,3523,0,0
2026-01,810,1,1,13542,0,0
2026-01,810,2,0,51,0,0
2026-01,810,2,1,375,0,0
2026-01,820,1,0,3660,0,0
2026-01,820,1,1,14397,1,0
2026-01,820,2,0,58,0,0
2026-01,820,2,1,389,0,0
2026-01,830,1,0,3487,0,0
2026-01,830,1,1,13101,0,0
2026-01,830,2,0,56,0,0
2026-01,830,2,1,294,0,0
2026-01,840,1,0,3011,0,0
2026-01,840,1,1,11476,0,0
2026-01,840,2,0,32,0,0
2026-01,840,2,1,223,0,0
2026-01,850,1,0,3395,0,0
2026-01,850,1,1,11929,1,0
2026-01,850,2,0,29,0,0
2026-01,850,2,1,215,0,0
2026-01,860,1,0,2483,0,0
2026-01,860,1,1,8623,1,0
2026-01,860,2,0,25,0,0
2026-01,860,2,1,125,0,0
2026-01,870,1,0,1576,0,0
2026-01,870,1,1,5245,0,0
2026-01,870,2,0,15,0,0
2026-01,870,2,1,65,0,0
2026-01,880,1,0,311,0,0
2026-01,880,1,1,1055,0,0
2026-01,880,2,1,14,0,0
2026-01,890,1,0,14,0,0
2026-01,890,1,1,43,0,0
2026-02,650,1,0,1225,0,0
2026-02,650,1,1,7638,38,1
2026-02,650,2,0,44,0,0
2026-02,650,2,1,423,1,0
2026-02,660,1,0,1676,0,0
2026-02,660,1,1,10772,39,1
2026-02,660,2,0,61,0,0
2026-02,660,2,1,569,1,0
2026-02,670,1,0,1780,3,0
2026-02,670,1,1,12293,55,3
2026-02,670,2,0,51,0,0
2026-02,670,2,1,597,1,0
2026-02,680,1,0,1775,0,0
2026-02,680,1,1,12740,38,1
2026-02,680,2,0,95,0,0
2026-02,680,2,1,961,3,0
2026-02,690,1,0,1978,0,0
2026-02,690,1,1,13897,30,0
2026-02,690,2,0,86,0,0
2026-02,690,2,1,933,4,0
2026-02,700,1,0,2055,1,0
2026-02,700,1,1,15359,21,1
2026-02,700,2,0,155,0,0
2026-02,700,2,1,1285,1,0
2026-02,710,1,0,1887,2,0
2026-02,710,1,1,14232,20,1
2026-02,710,2,0,102,0,0
2026-02,710,2,1,1038,0,0
2026-02,720,1,0,2180,1,0
2026-02,720,1,1,16663,13,0
2026-02,720,2,0,166,0,0
2026-02,720,2,1,1651,3,0
2026-02,730,1,0,2056,0,0
2026-02,730,1,1,16608,11,1
2026-02,730,2,0,151,0,0
2026-02,730,2,1,1351,1,0
2026-02,740,1,0,1959,0,0
2026-02,740,1,1,15178,9,0
2026-02,740,2,0,118,0,0
2026-02,740,2,1,1203,0,0
2026-02,750,1,0,2112,0,0
2026-02,750,1,1,16208,7,0
2026-02,750,2,0,95,0,0
2026-02,750,2,1,1040,0,0
2026-02,760,1,0,1882,0,0
2026-02,760,1,1,14497,5,0
2026-02,760,2,0,99,0,0
2026-02,760,2,1,736,0,0
2026-02,770,1,0,2081,0,0
2026-02,770,1,1,15724,6,0
2026-02,770,2,0,71,0,0
2026-02,770,2,1,713,1,0
2026-02,780,1,0,2093,0,0
2026-02,780,1,1,16050,3,0
2026-02,780,2,0,56,0,0
2026-02,780,2,1,721,1,0
2026-02,790,1,0,2035,0,0
2026-02,790,1,1,14808,0,0
2026-02,790,2,0,47,0,0
2026-02,790,2,1,576,0,0
2026-02,800,1,0,2286,0,0
2026-02,800,1,1,16696,0,0
2026-02,800,2,0,45,0,0
2026-02,800,2,1,509,1,0
2026-02,810,1,0,2040,0,0
2026-02,810,1,1,14526,1,0
2026-02,810,2,0,26,0,0
2026-02,810,2,1,382,0,0
2026-02,820,1,0,2100,1,0
2026-02,820,1,1,15393,0,0
2026-02,820,2,0,32,0,0
2026-02,820,2,1,397,0,0
2026-02,830,1,0,1975,0,0
2026-02,830,1,1,14142,1,0
2026-02,830,2,0,31,0,0
2026-02,830,2,1,305,0,0
2026-02,840,1,0,1699,0,0
2026-02,840,1,1,12362,1,0
2026-02,840,2,0,20,0,0
2026-02,840,2,1,229,0,0
2026-02,850,1,0,1925,0,0
2026-02,850,1,1,12955,0,0
2026-02,850,2,0,20,0,0
2026-02,850,2,1,218,0,0
2026-02,860,1,0,1423,0,0
2026-02,860,1,1,9334,0,0
2026-02,860,2,0,15,0,0
2026-02,860,2,1,132,0,0
2026-02,870,1,0,885,0,0
2026-02,870,1,1,5752,0,0
2026-02,870,2,0,8,0,0
2026-02,870,2,1,70,0,0
2026-02,880,1,0,179,0,0
2026-02,880,1,1,1142,0,0
2026-02,880,2,1,14,0,0
2026-02,890,1,0,8,0,0
2026-02,890,1,1,46,0,0
2026-03,650,1,0,1209,3,2
2026-03,650,1,1,7130,31,2
2026-03,650,2,0,41,0,0
2026-03,650,2,1,384,2,0
2026-03,660,1,0,1659,0,0
2026-03,660,1,1,10096,32,0
2026-03,660,2,0,59,0,0
2026-03,660,2,1,515,5,1
2026-03,670,1,0,1757,3,0
2026-03,670,1,1,11540,40,1
2026-03,670,2,0,50,0,0
2026-03,670,2,1,533,1,0
2026-03,680,1,0,1753,1,0
2026-03,680,1,1,11949,37,1
2026-03,680,2,0,93,0,0
2026-03,680,2,1,874,2,0
2026-03,690,1,0,1953,0,0
2026-03,690,1,1,13015,26,1
2026-03,690,2,0,86,0,0
2026-03,690,2,1,849,5,0
2026-03,700,1,0,2021,0,0
2026-03,700,1,1,14364,16,1
2026-03,700,2,0,150,0,0
2026-03,700,2,1,1172,4,0
2026-03,710,1,0,1838,0,0
2026-03,710,1,1,13305,16,1
2026-03,710,2,0,99,0,0
2026-03,710,2,1,935,3,0
2026-03,720,1,0,2148,1,0
2026-03,720,1,1,15610,19,0
2026-03,720,2,0,162,0,0
2026-03,720,2,1,1529,3,0
2026-03,730,1,0,2018,0,0
2026-03,730,1,1,15590,8,0
2026-03,730,2,0,149,1,0
2026-03,730,2,1,1238,4,0
2026-03,740,1,0,1921,0,0
2026-03,740,1,1,14297,6,1
2026-03,740,2,0,118,0,0
2026-03,740,2,1,1091,2,0
2026-03,750,1,0,2063,2,0
2026-03,750,1,1,15138,7,1
2026-03,750,2,0,93,0,0
2026-03,750,2,1,940,2,0
2026-03,760,1,0,1835,0,0
2026-03,760,1,1,13592,4,0
2026-03,760,2,0,96,0,0
2026-03,760,2,1,661,2,0
2026-03,770,1,0,2038,0,0
2026-03,770,1,1,14830,2,0
2026-03,770,2,0,71,0,0
2026-03,770,2,1,656,0,0
2026-03,780,1,0,2037,0,0
2026-03,780,1,1,15109,4,0
2026-03,780,2,0,55,0,0
2026-03,780,2,1,661,0,0
2026-03,790,1,0,1976,0,0
2026-03,790,1,1,13933,2,0
2026-03,790,2,0,47,0,0
2026-03,790,2,1,534,0,0
2026-03,800,1,0,2225,0,0
2026-03,800,1,1,15713,1,0
2026-03,800,2,0,43,0,0
2026-03,800,2,1,452,1,1
2026-03,810,1,0,1979,0,0
2026-03,810,1,1,13650,3,0
2026-03,810,2,0,26,0,0
2026-03,810,2,1,350,0,0
2026-03,820,1,0,2040,0,0
2026-03,820,1,1,14447,0,0
2026-03,820,2,0,30,0,0
2026-03,820,2,1,366,2,0
2026-03,830,1,0,1915,0,0
2026-03,830,1,1,13353,1,1
2026-03,830,2,0,31,0,0
2026-03,830,2,1,282,0,0
2026-03,840,1,0,1664,0,0
2026-03,840,1,1,11630,2,0
2026-03,840,2,0,20,0,0
2026-03,840,2,1,205,0,0
2026-03,850,1,0,1878,0,0
2026-03,850,1,1,12205,2,0
2026-03,850,2,0,19,0,0
2026-03,850,2,1,199,0,0
2026-03,860,1,0,1389,0,0
2026-03,860,1,1,8804,0,0
2026-03,860,2,0,14,0,0
2026-03,860,2,1,124,0,0
2026-03,870,1,0,869,0,0
2026-03,870,1,1,5454,1,0
2026-03,870,2,0,8,0,0
2026-03,870,2,1,64,0,0
2026-03,880,1,0,173,0,0
2026-03,880,1,1,1079,0,0
2026-03,880,2,1,14,0,0
2026-03,890,1,0,8,0,0
2026-03,890,1,1,42,0,0
2026-04,650,1,0,2302,4,0
2026-04,650,1,1,6874,22,1
2026-04,650,2,0,74,0,0
2026-04,650,2,1,366,4,1
2026-04,660,1,0,3161,4,0
2026-04,660,1,1,9722,28,2
2026-04,660,2,0,112,0,0
2026-04,660,2,1,494,0,0
2026-04,670,1,0,3416,10,0
2026-04,670,1,1,11167,34,2
2026-04,670,2,0,116,0,0
2026-04,670,2,1,514,3,1
2026-04,680,1,0,3363,3,0
2026-04,680,1,1,11543,34,0
2026-04,680,2,0,177,0,0
2026-04,680,2,1,849,1,0
2026-04,690,1,0,3822,2,0
2026-04,690,1,1,12578,24,0
2026-04,690,2,0,165,0,0
2026-04,690,2,1,810,3,0
2026-04,700,1,0,3954,2,0
2026-04,700,1,1,13898,22,0
2026-04,700,2,0,267,0,0
2026-04,700,2,1,1123,3,0
2026-04,710,1,0,3738,2,0
2026-04,710,1,1,12893,11,0
2026-04,710,2,0,190,0,0
2026-04,710,2,1,899,4,1
2026-04,720,1,0,4357,0,0
2026-04,720,1,1,15120,10,2
2026-04,720,2,0,292,1,0
2026-04,720,2,1,1472,2,0
2026-04,730,1,0,4215,1,0
2026-04,730,1,1,15148,15,1
2026-04,730,2,0,265,1,0
2026-04,730,2,1,1190,4,0
2026-04,740,1,0,3967,0,0
2026-04,740,1,1,13829,8,0
2026-04,740,2,0,215,0,0
2026-04,740,2,1,1049,0,0
2026-04,750,1,0,4292,0,0
2026-04,750,1,1,14638,7,0
2026-04,750,2,0,184,0,0
2026-04,750,2,1,911,0,0
2026-04,760,1,0,3844,1,0
2026-04,760,1,1,13151,6,0
2026-04,760,2,0,171,0,0
2026-04,760,2,1,641,1,0
2026-04,770,1,0,4140,0,0
2026-04,770,1,1,14339,3,0
2026-04,770,2,0,129,0,0
2026-04,770,2,1,628,1,0
2026-04,780,1,0,4221,0,0
2026-04,780,1,1,14605,3,0
2026-04,780,2,0,111,0,0
2026-04,780,2,1,633,0,0
2026-04,790,1,0,3962,0,0
2026-04,790,1,1,13468,2,1
2026-04,790,2,0,88,0,0
2026-04,790,2,1,515,0,0
2026-04,800,1,0,4600,0,0
2026-04,800,1,1,15156,1,0
2026-04,800,2,0,82,0,0
2026-04,800,2,1,425,0,0
2026-04,810,1,0,4044,1,0
2026-04,810,1,1,13139,0,0
2026-04,810,2,0,53,0,0
2026-04,810,2,1,335,0,0
2026-04,820,1,0,4209,0,0
2026-04,820,1,1,13956,3,1
2026-04,820,2,0,52,0,0
2026-04,820,2,1,348,1,0
2026-04,830,1,0,3904,0,0
2026-04,830,1,1,12852,1,0
2026-04,830,2,0,51,0,0
2026-04,830,2,1,270,0,0
2026-04,840,1,0,3458,0,0
2026-04,840,1,1,11211,1,0
2026-04,840,2,0,44,0,0
2026-04,840,2,1,194,0,0
2026-04,850,1,0,3778,0,0
2026-04,850,1,1,11780,1,0
2026-04,850,2,0,34,0,0
2026-04,850,2,1,189,0,0
2026-04,860,1,0,2765,0,0
2026-04,860,1,1,8495,0,0
2026-04,860,2,0,22,0,0
2026-04,860,2,1,117,0,0
2026-04,870,1,0,1682,0,0
2026-04,870,1,1,5231,0,0
2026-04,870,2,0,13,0,0
2026-04,870,2,1,62,0,0
2026-04,880,1,0,350,0,0
2026-04,880,1,1,1042,0,0
2026-04,880,2,0,1,0,0
2026-04,880,2,1,14,0,0
2026-04,890,1,0,16,0,0
2026-04,890,1,1,40,0,0
2026-05,650,1,0,2260,2,0
2026-05,650,1,1,6645,26,3
2026-05,650,2,0,74,1,1
2026-05,650,2,1,351,5,0
2026-05,660,1,0,3118,4,0
2026-05,660,1,1,9427,27,2
2026-05,660,2,0,111,0,0
2026-05,660,2,1,484,1,0
2026-05,670,1,0,3351,2,0
2026-05,670,1,1,10807,40,4
2026-05,670,2,0,113,0,0
2026-05,670,2,1,497,0,0
2026-05,680,1,0,3290,1,0
2026-05,680,1,1,11174,23,1
2026-05,680,2,0,171,0,0
2026-05,680,2,1,813,2,0
2026-05,690,1,0,3765,4,0
2026-05,690,1,1,12187,21,0
2026-05,690,2,0,162,0,0
2026-05,690,2,1,778,1,0
2026-05,700,1,0,3881,2,0
2026-05,700,1,1,13483,19,2
2026-05,700,2,0,263,0,0
2026-05,700,2,1,1083,1,0
2026-05,710,1,0,3667,2,0
2026-05,710,1,1,12491,13,0
2026-05,710,2,0,186,0,0
2026-05,710,2,1,867,2,0
2026-05,720,1,0,4272,2,0
2026-05,720,1,1,14640,12,1
2026-05,720,2,0,285,0,0
2026-05,720,2,1,1420,3,1
2026-05,730,1,0,4137,0,0
2026-05,730,1,1,14729,10,1
2026-05,730,2,0,254,0,0
2026-05,730,2,1,1138,0,0
2026-05,740,1,0,3883,3,0
2026-05,740,1,1,13424,10,1
2026-05,740,2,0,206,0,0
2026-05,740,2,1,1019,2,0
2026-05,750,1,0,4180,0,0
2026-05,750,1,1,14167,11,3
2026-05,750,2,0,176,1,0
2026-05,750,2,1,883,1,0
2026-05,760,1,0,3751,1,0
2026-05,760,1,1,12760,4,0
2026-05,760,2,0,166,0,0
2026-05,760,2,1,611,1,0
2026-05,770,1,0,3998,1,0
2026-05,770,1,1,13943,4,0
2026-05,770,2,0,124,0,0
2026-05,770,2,1,614,1,0
2026-05,780,1,0,4105,0,0
2026-05,780,1,1,14097,4,0
2026-05,780,2,0,106,0,0
2026-05,780,2,1,614,0,0
2026-05,790,1,0,3824,1,0
2026-05,790,1,1,13042,2,0
2026-05,790,2,0,84,0,0
2026-05,790,2,1,497,1,0
2026-05,800,1,0,4467,0,0
2026-05,800,1,1,14660,1,0
2026-05,800,2,0,82,0,0
2026-05,800,2,1,411,0,0
2026-05,810,1,0,3926,0,0
2026-05,810,1,1,12756,1,0
2026-05,810,2,0,51,0,0
2026-05,810,2,1,325,0,0
2026-05,820,1,0,4070,0,0
2026-05,820,1,1,13508,2,0
2026-05,820,2,0,48,0,0
2026-05,820,2,1,340,0,0
2026-05,830,1,0,3794,1,0
2026-05,830,1,1,12431,2,0
2026-05,830,2,0,50,0,0
2026-05,830,2,1,263,0,0
2026-05,840,1,0,3374,0,0
2026-05,840,1,1,10839,0,0
2026-05,840,2,0,44,0,0
2026-05,840,2,1,188,0,0
2026-05,850,1,0,3672,0,0
2026-05,850,1,1,11393,0,0
2026-05,850,2,0,32,0,0
2026-05,850,2,1,184,0,0
2026-05,860,1,0,2676,0,0
2026-05,860,1,1,8173,0,0
2026-05,860,2,0,21,0,0
2026-05,860,2,1,113,0,0
2026-05,870,1,0,1624,0,0
2026-05,870,1,1,5066,0,0
2026-05,870,2,0,13,0,0
2026-05,870,2,1,61,0,0
2026-05,880,1,0,338,0,0
2026-05,880,1,1,1002,0,0
2026-05,880,2,0,1,0,0
2026-05,880,2,1,14,0,0
2026-05,890,1,0,16,0,0
2026-05,890,1,1,40,0,0
2026-06,650,1,0,1072,5,1
2026-06,650,1,1,7281,39,1
2026-06,650,2,0,33,0,0
2026-06,650,2,1,349,2,1
2026-06,660,1,0,1497,3,0
2026-06,660,1,1,10334,42,1
2026-06,660,2,0,53,0,0
2026-06,660,2,1,489,2,1
2026-06,670,1,0,1646,3,0
2026-06,670,1,1,11603,33,0
2026-06,670,2,0,64,0,0
2026-06,670,2,1,502,1,0
2026-06,680,1,0,1609,2,0
2026-06,680,1,1,12018,27,1
2026-06,680,2,0,83,0,0
2026-06,680,2,1,816,4,0
2026-06,690,1,0,1858,2,0
2026-06,690,1,1,13139,24,1
2026-06,690,2,0,80,0,0
2026-06,690,2,1,786,4,0
2026-06,700,1,0,1921,1,0
2026-06,700,1,1,14369,23,1
2026-06,700,2,0,119,0,0
2026-06,700,2,1,1125,4,0
2026-06,710,1,0,1916,2,0
2026-06,710,1,1,13200,12,0
2026-06,710,2,0,93,0,0
2026-06,710,2,1,883,1,0
2026-06,720,1,0,2211,3,0
2026-06,720,1,1,15654,9,0
2026-06,720,2,0,132,0,0
2026-06,720,2,1,1454,3,1
2026-06,730,1,0,2195,1,0
2026-06,730,1,1,15546,13,1
2026-06,730,2,0,116,0,0
2026-06,730,2,1,1181,2,0
2026-06,740,1,0,2030,0,0
2026-06,740,1,1,14308,5,0
2026-06,740,2,0,98,0,0
2026-06,740,2,1,1024,2,0
2026-06,750,1,0,2223,1,1
2026-06,750,1,1,15074,10,0
2026-06,750,2,0,90,0,0
2026-06,750,2,1,889,1,0
2026-06,760,1,0,1988,0,0
2026-06,760,1,1,13625,3,0
2026-06,760,2,0,73,0,0
2026-06,760,2,1,645,0,0
2026-06,770,1,0,2075,0,0
2026-06,770,1,1,14823,8,1
2026-06,770,2,0,59,0,0
2026-06,770,2,1,631,0,0
2026-06,780,1,0,2160,0,0
2026-06,780,1,1,15034,2,0
2026-06,780,2,0,56,0,0
2026-06,780,2,1,604,1,0
2026-06,790,1,0,1964,1,0
2026-06,790,1,1,13922,5,0
2026-06,790,2,0,43,0,0
2026-06,790,2,1,492,0,0
2026-06,800,1,0,2370,1,0
2026-06,800,1,1,15698,2,0
2026-06,800,2,0,42,0,0
2026-06,800,2,1,418,0,0
2026-06,810,1,0,2078,0,0
2026-06,810,1,1,13630,1,0
2026-06,810,2,0,25,0,0
2026-06,810,2,1,312,0,0
2026-06,820,1,0,2169,0,0
2026-06,820,1,1,14405,0,0
2026-06,820,2,0,20,0,0
2026-06,820,2,1,329,0,0
2026-06,830,1,0,1992,0,0
2026-06,830,1,1,13339,0,0
2026-06,830,2,0,21,0,0
2026-06,830,2,1,261,0,0
2026-06,840,1,0,1788,0,0
2026-06,840,1,1,11619,0,0
2026-06,840,2,0,24,0,0
2026-06,840,2,1,190,0,0
2026-06,850,1,0,1891,0,0
2026-06,850,1,1,12382,0,0
2026-06,850,2,0,16,0,0
2026-06,850,2,1,192,0,0
2026-06,860,1,0,1362,0,0
2026-06,860,1,1,8936,0,0
2026-06,860,2,0,11,0,0
2026-06,860,2,1,111,0,0
2026-06,870,1,0,807,0,0
2026-06,870,1,1,5524,1,0
2026-06,870,2,0,6,0,0
2026-06,870,2,1,66,0,0
2026-06,880,1,0,189,0,0
2026-06,880,1,1,1089,0,0
2026-06,880,2,0,0,0,0
2026-06,880,2,1,14,0,0
2026-06,890,1,0,9,0,0
2026-06,890,1,1,38,0,0
2026-07,650,1,0,1045,6,0
2026-07,650,1,1,7015,23,0
2026-07,650,2,0,33,0,0
2026-07,650,2,1,329,3,0
2026-07,660,1,0,1456,5,0
2026-07,660,1,1,9974,37,0
2026-07,660,2,0,51,0,0
2026-07,660,2,1,464,2,0
2026-07,670,1,0,1607,5,0
2026-07,670,1,1,11213,41,0
2026-07,670,2,0,64,1,0
2026-07,670,2,1,482,3,0
2026-07,680,1,0,1575,4,0
2026-07,680,1,1,11642,36,0
2026-07,680,2,0,83,0,0
2026-07,680,2,1,788,1,0
2026-07,690,1,0,1820,2,0
2026-07,690,1,1,12696,25,0
2026-07,690,2,0,76,0,0
2026-07,690,2,1,746,1,0
2026-07,700,1,0,1889,2,0
2026-07,700,1,1,13929,16,0
2026-07,700,2,0,115,0,0
2026-07,700,2,1,1087,2,0
2026-07,710,1,0,1870,3,0
2026-07,710,1,1,12784,18,0
2026-07,710,2,0,93,0,0
2026-07,710,2,1,849,1,0
2026-07,720,1,0,2151,1,0
2026-07,720,1,1,15160,17,0
2026-07,720,2,0,128,0,0
2026-07,720,2,1,1391,3,0
2026-07,730,1,0,2151,1,0
2026-07,730,1,1,15074,17,0
2026-07,730,2,0,115,0,0
2026-07,730,2,1,1136,4,0
2026-07,740,1,0,1993,1,0
2026-07,740,1,1,13904,9,0
2026-07,740,2,0,95,0,0
2026-07,740,2,1,976,0,0
2026-07,750,1,0,2164,1,0
2026-07,750,1,1,14572,15,0
2026-07,750,2,0,88,0,0
2026-07,750,2,1,853,2,0
2026-07,760,1,0,1941,0,0
2026-07,760,1,1,13223,5,0
2026-07,760,2,0,73,0,0
2026-07,760,2,1,622,1,0
2026-07,770,1,0,2025,1,0
2026-07,770,1,1,14388,4,0
2026-07,770,2,0,58,0,0
2026-07,770,2,1,614,2,0
2026-07,780,1,0,2115,0,0
2026-07,780,1,1,14598,2,0
2026-07,780,2,0,54,0,0
2026-07,780,2,1,577,0,0
2026-07,790,1,0,1914,0,0
2026-07,790,1,1,13450,2,0
2026-07,790,2,0,42,0,0
2026-07,790,2,1,473,0,0
2026-07,800,1,0,2298,0,0
2026-07,800,1,1,15132,2,0
2026-07,800,2,0,41,0,0
2026-07,800,2,1,406,0,0
2026-07,810,1,0,2019,1,0
2026-07,810,1,1,13151,1,0
2026-07,810,2,0,25,0,0
2026-07,810,2,1,304,0,0
2026-07,820,1,0,2120,0,0
2026-07,820,1,1,13954,1,0
2026-07,820,2,0,19,0,0
2026-07,820,2,1,311,0,0
2026-07,830,1,0,1942,0,0
2026-07,830,1,1,12921,1,0
2026-07,830,2,0,20,0,0
2026-07,830,2,1,253,0,0
2026-07,840,1,0,1737,0,0
2026-07,840,1,1,11222,2,0
2026-07,840,2,0,24,0,0
2026-07,840,2,1,183,0,0
2026-07,850,1,0,1835,0,0
2026-07,850,1,1,11999,0,0
2026-07,850,2,0,16,0,0
2026-07,850,2,1,184,0,0
2026-07,860,1,0,1319,0,0
2026-07,860,1,1,8655,0,0
2026-07,860,2,0,11,0,0
2026-07,860,2,1,109,0,0
2026-07,870,1,0,791,0,0
2026-07,870,1,1,5365,0,0
2026-07,870,2,0,6,0,0
2026-07,870,2,1,63,0,0
2026-07,880,1,0,184,0,0
2026-07,880,1,1,1062,0,0
2026-07,880,2,0,0,0,0
2026-07,880,2,1,13,0,0
2026-07,890,1,0,8,0,0
2026-07,890,1,1,37,0,0
2026-08,650,1,1,1197,0,0
2026-08,650,2,1,71,2,0
2026-08,660,1,1,1605,2,0
2026-08,660,2,1,104,0,0
2026-08,670,1,1,1849,3,0
2026-08,670,2,1,102,0,0
2026-08,680,1,1,2035,2,0
2026-08,680,2,1,150,2,0
2026-08,690,1,1,2301,5,0
2026-08,690,2,1,142,1,0
2026-08,700,1,1,2610,3,0
2026-08,700,2,1,188,0,0
2026-08,710,1,1,2401,5,0
2026-08,710,2,1,171,0,0
2026-08,720,1,1,2742,1,0
2026-08,720,2,1,296,0,0
2026-08,730,1,1,2674,0,0
2026-08,730,2,1,253,0,0
2026-08,740,1,1,2534,0,0
2026-08,740,2,1,241,0,0
2026-08,750,1,1,2700,1,0
2026-08,750,2,1,198,0,0
2026-08,760,1,1,2450,0,0
2026-08,760,2,1,131,0,0
2026-08,770,1,1,2533,1,0
2026-08,770,2,1,148,0,0
2026-08,780,1,1,2597,0,0
2026-08,780,2,1,146,0,0
2026-08,790,1,1,2332,0,0
2026-08,790,2,1,129,0,0
2026-08,800,1,1,2505,0,0
2026-08,800,2,1,105,0,0
2026-08,810,1,1,2116,0,0
2026-08,810,2,1,76,0,0
2026-08,820,1,1,2300,0,0
2026-08,820,2,1,84,0,0
2026-08,830,1,1,2038,0,0
2026-08,830,2,1,63,0,0
2026-08,840,1,1,1775,0,0
2026-08,840,2,1,53,0,0
2026-08,850,1,1,1767,0,0
2026-08,850,2,1,48,0,0
2026-08,860,1,1,1160,0,0
2026-08,860,2,1,33,0,0
2026-08,870,1,1,697,0,0
2026-08,870,2,1,13,0,0
2026-08,880,1,1,147,0,0
2026-08,880,2,1,5,0,0
2026-08,890,1,1,5,0,0
