series,term_period,term_code,n,scheduled_residual,realized_proceeds,excess_fees
GM Financial Automobile Leasing Trust 2017-1,2017-02-28,1,98,1990294.85,3408058.8600000003,0.0
GM Financial Automobile Leasing Trust 2017-1,2017-02-28,2,25,479924.35000000003,511056.63,0.0
GM Financial Automobile Leasing Trust 2017-1,2017-02-28,3,20,296751.00000000006,388477.53,0.0
GM Financial Automobile Leasing Trust 2017-1,2017-02-28,98,13,200230.6,317767.4,0.0
GM Financial Automobile Leasing Trust 2017-1,2017-03-31,1,85,1713134.72,2845658.72,0.0
GM Financial Automobile Leasing Trust 2017-1,2017-03-31,2,94,1560251.7,1621667.6600000001,0.0
GM Financial Automobile Leasing Trust 2017-1,2017-03-31,3,46,696098.7000000001,920328.98,0.0
GM Financial Automobile Leasing Trust 2017-1,2017-03-31,98,28,441315.25000000006,697819.55,0.0
GM Financial Automobile Leasing Trust 2017-1,2017-04-30,1,119,2271118.0500000003,3703443.0,0.0
GM Financial Automobile Leasing Trust 2017-1,2017-04-30,2,149,2566430.55,2620705.92,1864.01
GM Financial Automobile Leasing Trust 2017-1,2017-04-30,3,34,529922.2,702747.0800000001,0.0
GM Financial Automobile Leasing Trust 2017-1,2017-04-30,98,27,376696.85000000003,561445.7,0.0
GM Financial Automobile Leasing Trust 2017-1,2017-05-31,1,122,2486168.15,4099512.27,0.0
GM Financial Automobile Leasing Trust 2017-1,2017-05-31,2,200,3577479.42,3744706.9000000004,3627.0299999999997
GM Financial Automobile Leasing Trust 2017-1,2017-05-31,3,38,580124.6,760050.6000000001,0.0
GM Financial Automobile Leasing Trust 2017-1,2017-05-31,98,23,296714.44999999995,431732.96,0.0
GM Financial Automobile Leasing Trust 2017-1,2017-06-30,1,172,3576219.7,5726926.950000001,0.0
GM Financial Automobile Leasing Trust 2017-1,2017-06-30,2,244,4058503.13,4254597.53,4337.7
GM Financial Automobile Leasing Trust 2017-1,2017-06-30,3,64,1029177.9,1310463.7999999998,0.0
GM Financial Automobile Leasing Trust 2017-1,2017-06-30,98,34,428593.55,611392.9600000001,0.0
GM Financial Automobile Leasing Trust 2017-1,2017-07-31,1,153,3368544.55,5439565.77,0.0
GM Financial Automobile Leasing Trust 2017-1,2017-07-31,2,244,4083950.0,4269042.0600000005,9006.93
GM Financial Automobile Leasing Trust 2017-1,2017-07-31,3,53,734988.3999999999,922984.82,0.0
GM Financial Automobile Leasing Trust 2017-1,2017-07-31,98,29,467713.1,626309.5299999999,0.0
GM Financial Automobile Leasing Trust 2017-1,2017-08-31,1,176,3719916.8499999996,5987241.17,0.0
GM Financial Automobile Leasing Trust 2017-1,2017-08-31,2,335,5545978.55,5797250.199999999,13357.77
GM Financial Automobile Leasing Trust 2017-1,2017-08-31,3,64,959813.8,1247525.21,0.0
GM Financial Automobile Leasing Trust 2017-1,2017-08-31,98,32,462924.75,638431.23,0.0
GM Financial Automobile Leasing Trust 2017-1,2017-09-30,1,155,3072388.5,4816188.54,0.0
GM Financial Automobile Leasing Trust 2017-1,2017-09-30,2,344,5752346.390000001,6073510.78,8993.26
GM Financial Automobile Leasing Trust 2017-1,2017-09-30,3,68,986438.15,1234848.6199999999,0.0
GM Financial Automobile Leasing Trust 2017-1,2017-09-30,98,40,637229.6,939573.19,0.0
GM Financial Automobile Leasing Trust 2017-1,2017-10-31,1,216,4506117.5,7021019.91,0.0
GM Financial Automobile Leasing Trust 2017-1,2017-10-31,2,337,5763119.300000001,6028576.07,14797.64
GM Financial Automobile Leasing Trust 2017-1,2017-10-31,3,57,911014.0,1100446.22,0.0
GM Financial Automobile Leasing Trust 2017-1,2017-10-31,98,51,788917.0,1072196.52,0.0
GM Financial Automobile Leasing Trust 2017-1,2017-11-30,1,195,4350858.6,6814310.68,0.0
GM Financial Automobile Leasing Trust 2017-1,2017-11-30,2,378,6328870.0,6568943.16,5764.48
GM Financial Automobile Leasing Trust 2017-1,2017-11-30,3,47,732413.5,847024.84,0.0
GM Financial Automobile Leasing Trust 2017-1,2017-11-30,98,50,701537.3,914706.23,0.0
GM Financial Automobile Leasing Trust 2017-1,2017-12-31,1,138,2977472.4000000004,4661907.33,0.0
GM Financial Automobile Leasing Trust 2017-1,2017-12-31,2,399,6830685.85,6929266.4399999995,7182.15
GM Financial Automobile Leasing Trust 2017-1,2017-12-31,3,46,779140.1,862775.69,0.0
GM Financial Automobile Leasing Trust 2017-1,2017-12-31,98,30,461275.49999999994,637817.49,0.0
GM Financial Automobile Leasing Trust 2017-1,2018-01-31,1,45,958395.3499999999,1260681.5200000003,250.13
GM Financial Automobile Leasing Trust 2017-1,2018-01-31,2,463,7782082.65,8121063.9,22555.61
GM Financial Automobile Leasing Trust 2017-1,2018-01-31,3,49,768750.4,748845.9,0.0
GM Financial Automobile Leasing Trust 2017-1,2018-01-31,98,18,295801.15,285681.87,0.0
GM Financial Automobile Leasing Trust 2017-1,2018-02-28,1,101,2039860.2999999998,2722273.3499999996,0.0
GM Financial Automobile Leasing Trust 2017-1,2018-02-28,2,586,9839244.649999999,10207434.469999999,17843.25
GM Financial Automobile Leasing Trust 2017-1,2018-02-28,3,45,658790.8499999999,750724.16,158.36
GM Financial Automobile Leasing Trust 2017-1,2018-02-28,98,28,419769.9,555710.4899999999,0.0
GM Financial Automobile Leasing Trust 2017-1,2018-03-31,1,418,8377506.74,12668805.36,0.0
GM Financial Automobile Leasing Trust 2017-1,2018-03-31,2,955,15787115.79,16869942.14,23933.260000000002
GM Financial Automobile Leasing Trust 2017-1,2018-03-31,3,71,1152352.2,1361714.59,164.83
GM Financial Automobile Leasing Trust 2017-1,2018-03-31,98,43,736904.6,965622.87,0.0
GM Financial Automobile Leasing Trust 2017-1,2018-04-30,1,239,4562406.49,6528040.3100000005,0.0
GM Financial Automobile Leasing Trust 2017-1,2018-04-30,2,780,13368502.8,14498212.78,23662.04
GM Financial Automobile Leasing Trust 2017-1,2018-04-30,3,54,881640.0,1045659.96,0.0
GM Financial Automobile Leasing Trust 2017-1,2018-04-30,98,37,561651.2000000001,737864.4,0.0
GM Financial Automobile Leasing Trust 2017-1,2018-05-31,1,294,5800735.2,8233933.620000001,0.0
GM Financial Automobile Leasing Trust 2017-1,2018-05-31,2,1133,19851831.189999998,21654337.28,27624.02
GM Financial Automobile Leasing Trust 2017-1,2018-05-31,3,77,1197795.8499999999,1365244.1600000001,469.57
GM Financial Automobile Leasing Trust 2017-1,2018-05-31,4,1,15255.0,1266.32,0.0
GM Financial Automobile Leasing Trust 2017-1,2018-05-31,98,49,731122.7999999999,950644.46,0.0
GM Financial Automobile Leasing Trust 2017-1,2018-06-30,1,319,6072613.23,8422245.649999999,0.0
GM Financial Automobile Leasing Trust 2017-1,2018-06-30,2,1127,19410106.15,21304251.71,28056.989999999998
GM Financial Automobile Leasing Trust 2017-1,2018-06-30,3,77,1279064.2000000002,1426202.25,123.56
GM Financial Automobile Leasing Trust 2017-1,2018-06-30,98,36,549793.35,537833.7899999999,1077.26
GM Financial Automobile Leasing Trust 2017-1,2018-07-31,1,387,7607179.949999999,10296973.86,0.0
GM Financial Automobile Leasing Trust 2017-1,2018-07-31,2,1070,17880301.35,20232099.86,28158.09
GM Financial Automobile Leasing Trust 2017-1,2018-07-31,3,81,1297787.2,1519054.83,0.0
GM Financial Automobile Leasing Trust 2017-1,2018-07-31,98,35,584628.2499999999,673593.8000000002,0.0
GM Financial Automobile Leasing Trust 2017-1,2018-08-31,1,493,9695612.850000001,12891006.66,0.0
GM Financial Automobile Leasing Trust 2017-1,2018-08-31,2,933,15410652.5,18229155.56,36464.6
GM Financial Automobile Leasing Trust 2017-1,2018-08-31,3,39,624495.2000000001,766262.71,0.0
GM Financial Automobile Leasing Trust 2017-1,2018-08-31,98,28,445220.94999999995,482962.8300000001,0.0
GM Financial Automobile Leasing Trust 2017-1,2018-09-30,1,438,8696349.39,11417125.639999999,0.0
GM Financial Automobile Leasing Trust 2017-1,2018-09-30,2,697,11109872.3,13304951.89,55058.649999999994
GM Financial Automobile Leasing Trust 2017-1,2018-09-30,3,35,520884.7,630789.16,0.0
GM Financial Automobile Leasing Trust 2017-1,2018-09-30,98,27,479241.50000000006,523552.29,0.0
GM Financial Automobile Leasing Trust 2017-1,2018-10-31,1,482,9450406.4,12525016.0,0.0
GM Financial Automobile Leasing Trust 2017-1,2018-10-31,2,913,14882610.9,17618917.79,79404.79000000001
GM Financial Automobile Leasing Trust 2017-1,2018-10-31,3,52,712043.0,885109.75,0.0
GM Financial Automobile Leasing Trust 2017-1,2018-10-31,98,26,479643.05,483586.69999999995,0.0
GM Financial Automobile Leasing Trust 2017-1,2018-11-30,1,425,8625254.0,11233286.16,0.0
GM Financial Automobile Leasing Trust 2017-1,2018-11-30,2,902,15098263.05,17506560.06,66422.15
GM Financial Automobile Leasing Trust 2017-1,2018-11-30,3,36,499102.45,560022.5,352.83
GM Financial Automobile Leasing Trust 2017-1,2018-11-30,98,35,523081.50000000006,623293.32,0.0
GM Financial Automobile Leasing Trust 2017-1,2018-12-31,1,346,6704192.4,8782528.84,0.0
GM Financial Automobile Leasing Trust 2017-1,2018-12-31,2,795,12987182.63,14729719.96,56864.69
GM Financial Automobile Leasing Trust 2017-1,2018-12-31,3,25,332015.35,364186.07999999996,0.0
GM Financial Automobile Leasing Trust 2017-1,2018-12-31,98,23,368723.69999999995,424436.92,0.0
GM Financial Automobile Leasing Trust 2017-1,2019-01-31,1,348,6780092.299999999,8742484.32,0.0
GM Financial Automobile Leasing Trust 2017-1,2019-01-31,2,1042,18015240.15,20187826.98,98292.17
GM Financial Automobile Leasing Trust 2017-1,2019-01-31,3,35,408602.8499999999,526837.93,0.0
GM Financial Automobile Leasing Trust 2017-1,2019-01-31,98,30,496410.64999999997,534275.43,110.1
GM Financial Automobile Leasing Trust 2017-1,2019-02-28,1,244,4993144.65,6358928.83,0.0
GM Financial Automobile Leasing Trust 2017-1,2019-02-28,2,1186,20426917.4,22712727.299999997,99180.48999999999
GM Financial Automobile Leasing Trust 2017-1,2019-02-28,3,25,429561.4,482148.04000000004,0.0
GM Financial Automobile Leasing Trust 2017-1,2019-02-28,98,17,272512.4,328472.39999999997,0.0
GM Financial Automobile Leasing Trust 2017-1,2019-03-31,1,261,5301471.199999999,6613105.0,0.0
GM Financial Automobile Leasing Trust 2017-1,2019-03-31,2,3337,59730865.5,66334618.62,327551.79
GM Financial Automobile Leasing Trust 2017-1,2019-03-31,3,15,236107.0,235328.6,0.0
GM Financial Automobile Leasing Trust 2017-1,2019-03-31,98,24,367232.75,442466.19999999995,0.0
GM Financial Automobile Leasing Trust 2017-1,2019-04-30,1,345,7322956.96,8908847.95,0.0
GM Financial Automobile Leasing Trust 2017-1,2019-04-30,2,1880,35231062.1,39142166.69,206004.4
GM Financial Automobile Leasing Trust 2017-1,2019-04-30,3,21,299134.85,284706.70999999996,0.0
GM Financial Automobile Leasing Trust 2017-1,2019-04-30,98,23,376875.55000000005,356739.36000000004,0.0
GM Financial Automobile Leasing Trust 2017-1,2019-05-31,1,414,8417362.55,10208977.700000001,0.0
GM Financial Automobile Leasing Trust 2017-1,2019-05-31,2,2327,42669105.5,47358453.35,215109.44
GM Financial Automobile Leasing Trust 2017-1,2019-05-31,3,16,267516.4,269120.81,0.0
GM Financial Automobile Leasing Trust 2017-1,2019-05-31,98,16,222274.6,197126.06,0.0
GM Financial Automobile Leasing Trust 2017-1,2019-06-30,1,391,7935774.35,9513448.370000001,0.0
GM Financial Automobile Leasing Trust 2017-1,2019-06-30,2,1975,35386781.6,39286446.17,180202.78
GM Financial Automobile Leasing Trust 2017-1,2019-06-30,3,12,169591.19999999998,149180.22999999998,0.0
GM Financial Automobile Leasing Trust 2017-1,2019-06-30,98,17,331055.55,346092.41,7970.88
GM Financial Automobile Leasing Trust 2017-1,2019-07-31,1,495,9582742.04,11423267.2,0.0
GM Financial Automobile Leasing Trust 2017-1,2019-07-31,2,2604,47102281.28,51516045.75,279424.42000000004
GM Financial Automobile Leasing Trust 2017-1,2019-07-31,3,15,221395.80000000002,189753.15000000002,0.0
GM Financial Automobile Leasing Trust 2017-1,2019-07-31,98,22,339667.65,338227.50999999995,0.0
GM Financial Automobile Leasing Trust 2017-1,2019-08-31,1,658,12945466.0,15346115.51,0.0
GM Financial Automobile Leasing Trust 2017-1,2019-08-31,2,2575,46723249.099999994,46095303.92,232094.14
GM Financial Automobile Leasing Trust 2017-1,2019-08-31,3,26,389108.0,281448.52,0.0
GM Financial Automobile Leasing Trust 2017-1,2019-08-31,98,11,168420.2,57228.22,0.0
GM Financial Automobile Leasing Trust 2017-1,2019-09-30,1,533,10108301.0,12070849.05,0.0
GM Financial Automobile Leasing Trust 2017-1,2019-09-30,2,2789,51827228.95,37193634.14,112996.45999999999
GM Financial Automobile Leasing Trust 2017-1,2019-09-30,3,16,400674.55,186095.46,0.0
GM Financial Automobile Leasing Trust 2017-1,2019-09-30,98,10,160060.1,113664.26000000001,190.44
GM Financial Automobile Leasing Trust 2017-1,2019-10-31,1,499,9780240.5,11753902.5,0.0
GM Financial Automobile Leasing Trust 2017-1,2019-10-31,2,2645,49757032.059999995,16407263.46,22616.25
GM Financial Automobile Leasing Trust 2017-1,2019-10-31,3,15,230401.35,19691.6,0.0
GM Financial Automobile Leasing Trust 2017-1,2019-10-31,98,18,336082.85,87717.03,0.0
GM Financial Automobile Leasing Trust 2017-2,2017-05-31,1,54,1237255.45,2158026.15,0.0
GM Financial Automobile Leasing Trust 2017-2,2017-05-31,2,17,270661.55,298350.45,0.0
GM Financial Automobile Leasing Trust 2017-2,2017-05-31,3,14,251589.55,338095.67,0.0
GM Financial Automobile Leasing Trust 2017-2,2017-05-31,98,24,428493.19999999995,655920.73,0.0
GM Financial Automobile Leasing Trust 2017-2,2017-06-30,1,86,1963181.3499999999,3391797.7099999995,0.0
GM Financial Automobile Leasing Trust 2017-2,2017-06-30,2,42,714967.4,770789.49,0.0
GM Financial Automobile Leasing Trust 2017-2,2017-06-30,3,33,471740.7,688345.64,0.0
GM Financial Automobile Leasing Trust 2017-2,2017-06-30,4,1,10568.0,0.0,0.0
GM Financial Automobile Leasing Trust 2017-2,2017-06-30,98,14,225388.90000000002,350096.58,0.0
GM Financial Automobile Leasing Trust 2017-2,2017-07-31,1,94,2059128.65,3420231.9199999995,0.0
GM Financial Automobile Leasing Trust 2017-2,2017-07-31,2,73,1236059.65,1317605.4799999997,139.42
GM Financial Automobile Leasing Trust 2017-2,2017-07-31,3,29,423719.14999999997,588788.76,0.0
GM Financial Automobile Leasing Trust 2017-2,2017-07-31,98,21,300822.6,435765.34,0.0
GM Financial Automobile Leasing Trust 2017-2,2017-08-31,1,113,2177278.6500000004,3725852.4,0.0
GM Financial Automobile Leasing Trust 2017-2,2017-08-31,2,92,1581890.3500000003,1679378.8499999999,599.48
GM Financial Automobile Leasing Trust 2017-2,2017-08-31,3,52,789420.9999999999,1089664.12,0.0
GM Financial Automobile Leasing Trust 2017-2,2017-08-31,98,32,500112.39999999997,771675.6,0.0
GM Financial Automobile Leasing Trust 2017-2,2017-09-30,1,125,2607588.2399999998,4321215.829999999,0.0
GM Financial Automobile Leasing Trust 2017-2,2017-09-30,2,135,2303157.8,2416936.0700000003,3590.52
GM Financial Automobile Leasing Trust 2017-2,2017-09-30,3,22,257663.6,349560.32,0.0
GM Financial Automobile Leasing Trust 2017-2,2017-09-30,98,38,616986.5,916016.51,0.0
GM Financial Automobile Leasing Trust 2017-2,2017-10-31,1,144,3208244.46,5241800.510000001,0.0
GM Financial Automobile Leasing Trust 2017-2,2017-10-31,2,154,2661299.12,2778914.21,7556.219999999999
GM Financial Automobile Leasing Trust 2017-2,2017-10-31,3,52,804554.75,1008252.9199999999,0.0
GM Financial Automobile Leasing Trust 2017-2,2017-10-31,98,56,929356.0,1450919.46,0.0
GM Financial Automobile Leasing Trust 2017-2,2017-11-30,1,104,2187102.75,3687499.8600000003,0.0
GM Financial Automobile Leasing Trust 2017-2,2017-11-30,2,132,2219719.9,2235974.92,4600.1900000000005
GM Financial Automobile Leasing Trust 2017-2,2017-11-30,3,57,905679.2,1075269.75,0.0
GM Financial Automobile Leasing Trust 2017-2,2017-11-30,98,34,520546.35000000003,838525.45,0.0
GM Financial Automobile Leasing Trust 2017-2,2017-12-31,1,99,1990328.9000000001,3333775.55,0.0
GM Financial Automobile Leasing Trust 2017-2,2017-12-31,2,155,2574710.3,2563616.79,3398.07
GM Financial Automobile Leasing Trust 2017-2,2017-12-31,3,44,749618.4999999999,934505.81,0.0
GM Financial Automobile Leasing Trust 2017-2,2017-12-31,98,39,584291.05,841156.15,0.0
GM Financial Automobile Leasing Trust 2017-2,2018-01-31,1,7,130137.25,165082.93,0.0
GM Financial Automobile Leasing Trust 2017-2,2018-01-31,2,143,2561171.7,2635561.19,6509.37
GM Financial Automobile Leasing Trust 2017-2,2018-01-31,3,39,646315.2,687911.85,741.46
GM Financial Automobile Leasing Trust 2017-2,2018-01-31,98,14,251990.6,326460.37000000005,0.0
GM Financial Automobile Leasing Trust 2017-2,2018-02-28,1,18,323329.30000000005,425526.41000000003,0.0
GM Financial Automobile Leasing Trust 2017-2,2018-02-28,2,174,3080328.25,3116436.8299999996,3081.27
GM Financial Automobile Leasing Trust 2017-2,2018-02-28,3,46,698238.9999999999,839070.0100000001,0.0
GM Financial Automobile Leasing Trust 2017-2,2018-02-28,98,37,507946.15,694683.3099999999,0.0
GM Financial Automobile Leasing Trust 2017-2,2018-03-31,1,361,8036903.75,12398432.49,0.0
GM Financial Automobile Leasing Trust 2017-2,2018-03-31,2,348,5993462.77,6260943.66,12594.66
GM Financial Automobile Leasing Trust 2017-2,2018-03-31,3,62,1032907.2500000001,1233809.29,0.0
GM Financial Automobile Leasing Trust 2017-2,2018-03-31,98,34,531866.7,686522.5,0.0
GM Financial Automobile Leasing Trust 2017-2,2018-04-30,1,164,3279607.8499999996,5072085.859999999,0.0
GM Financial Automobile Leasing Trust 2017-2,2018-04-30,2,283,5048249.65,5278039.9,19064.01
GM Financial Automobile Leasing Trust 2017-2,2018-04-30,3,51,805103.2999999999,937621.11,0.0
GM Financial Automobile Leasing Trust 2017-2,2018-04-30,98,42,696459.9500000001,959629.6799999999,0.0
GM Financial Automobile Leasing Trust 2017-2,2018-05-31,1,176,3529719.4699999997,5390741.24,0.0
GM Financial Automobile Leasing Trust 2017-2,2018-05-31,2,455,8061081.42,8639710.78,10371.990000000002
GM Financial Automobile Leasing Trust 2017-2,2018-05-31,3,61,930672.95,1127974.8199999998,0.0
GM Financial Automobile Leasing Trust 2017-2,2018-05-31,98,29,495562.35,591870.9199999999,0.0
GM Financial Automobile Leasing Trust 2017-2,2018-06-30,1,207,4358526.35,6454595.890000001,0.0
GM Financial Automobile Leasing Trust 2017-2,2018-06-30,2,606,10794677.239999998,11588650.52,18885.940000000002
GM Financial Automobile Leasing Trust 2017-2,2018-06-30,3,77,1244281.6,1483043.97,0.0
GM Financial Automobile Leasing Trust 2017-2,2018-06-30,98,47,792401.2499999999,911722.1699999999,0.0
GM Financial Automobile Leasing Trust 2017-2,2018-07-31,1,194,3745872.0700000003,5550562.73,0.0
GM Financial Automobile Leasing Trust 2017-2,2018-07-31,2,564,9896937.45,10724421.2,22574.989999999998
GM Financial Automobile Leasing Trust 2017-2,2018-07-31,3,56,906883.65,1127638.75,0.0
GM Financial Automobile Leasing Trust 2017-2,2018-07-31,98,41,608525.8500000001,841281.6799999999,0.0
GM Financial Automobile Leasing Trust 2017-2,2018-08-31,1,257,5181671.75,7492184.08,0.0
GM Financial Automobile Leasing Trust 2017-2,2018-08-31,2,642,11609895.350000001,12901415.41,27719.64
GM Financial Automobile Leasing Trust 2017-2,2018-08-31,3,77,1153919.75,1517238.5899999999,211.92
GM Financial Automobile Leasing Trust 2017-2,2018-08-31,98,42,661884.6499999999,818391.73,513.0
GM Financial Automobile Leasing Trust 2017-2,2018-09-30,1,230,4609403.6,6609755.050000001,0.0
GM Financial Automobile Leasing Trust 2017-2,2018-09-30,2,585,10819823.4,12138859.07,19443.170000000002
GM Financial Automobile Leasing Trust 2017-2,2018-09-30,3,40,753346.1000000001,946195.1699999999,200.94
GM Financial Automobile Leasing Trust 2017-2,2018-09-30,98,32,462521.9,628673.82,0.0
GM Financial Automobile Leasing Trust 2017-2,2018-10-31,1,271,5846302.7,8000927.610000001,0.0
GM Financial Automobile Leasing Trust 2017-2,2018-10-31,2,725,13185395.1,14703552.850000001,22173.24
GM Financial Automobile Leasing Trust 2017-2,2018-10-31,3,64,1028841.2999999999,1296119.3699999999,648.0
GM Financial Automobile Leasing Trust 2017-2,2018-10-31,98,29,435911.65,575321.95,0.0
GM Financial Automobile Leasing Trust 2017-2,2018-11-30,1,250,5138185.4,7139321.8,0.0
GM Financial Automobile Leasing Trust 2017-2,2018-11-30,2,931,16620020.05,17985472.189999998,49117.82
GM Financial Automobile Leasing Trust 2017-2,2018-11-30,3,35,525762.7000000001,661280.0,0.0
GM Financial Automobile Leasing Trust 2017-2,2018-11-30,98,33,489998.8499999999,571084.1,0.0
GM Financial Automobile Leasing Trust 2017-2,2018-12-31,1,228,4586443.649999999,6407140.12,0.0
GM Financial Automobile Leasing Trust 2017-2,2018-12-31,2,798,13720663.719999999,14719718.979999999,25799.53
GM Financial Automobile Leasing Trust 2017-2,2018-12-31,3,51,706054.5000000001,929119.6099999999,0.0
GM Financial Automobile Leasing Trust 2017-2,2018-12-31,98,34,541675.2,659705.7499999999,0.0
GM Financial Automobile Leasing Trust 2017-2,2019-01-31,1,286,5953058.949999999,7996739.9,0.0
GM Financial Automobile Leasing Trust 2017-2,2019-01-31,2,1258,22537981.450000003,23841251.54,70356.12
GM Financial Automobile Leasing Trust 2017-2,2019-01-31,3,59,901737.1,1115157.56,1534.5
GM Financial Automobile Leasing Trust 2017-2,2019-01-31,98,35,554240.15,654179.9699999999,630.25
GM Financial Automobile Leasing Trust 2017-2,2019-02-28,1,267,5593897.199999999,7228406.3100000005,0.0
GM Financial Automobile Leasing Trust 2017-2,2019-02-28,2,1345,23973341.13,25164016.15,106747.3
GM Financial Automobile Leasing Trust 2017-2,2019-02-28,3,52,860087.7000000001,988042.82,0.0
GM Financial Automobile Leasing Trust 2017-2,2019-02-28,98,23,358305.7,439481.82999999996,6259.38
GM Financial Automobile Leasing Trust 2017-2,2019-03-31,1,286,6278229.800000001,7907310.18,0.0
GM Financial Automobile Leasing Trust 2017-2,2019-03-31,2,3153,58412043.47,63785883.370000005,386452.14
GM Financial Automobile Leasing Trust 2017-2,2019-03-31,3,51,725995.9500000001,928045.5599999999,0.0
GM Financial Automobile Leasing Trust 2017-2,2019-03-31,98,40,591165.7,722729.76,834.46
GM Financial Automobile Leasing Trust 2017-2,2019-04-30,1,354,7356962.95,9287457.350000001,0.0
GM Financial Automobile Leasing Trust 2017-2,2019-04-30,2,1412,25827116.650000002,28885840.33,127820.37
GM Financial Automobile Leasing Trust 2017-2,2019-04-30,3,48,712090.4,923346.7000000001,636.66
GM Financial Automobile Leasing Trust 2017-2,2019-04-30,98,19,280495.8,305329.9,2017.25
GM Financial Automobile Leasing Trust 2017-2,2019-05-31,1,334,6881673.250000001,8762493.34,0.0
GM Financial Automobile Leasing Trust 2017-2,2019-05-31,2,1449,25840390.5,29637024.38,98787.79
GM Financial Automobile Leasing Trust 2017-2,2019-05-31,3,41,603838.35,778655.2100000001,2414.81
GM Financial Automobile Leasing Trust 2017-2,2019-05-31,98,31,441237.45,426225.2900000001,0.0
GM Financial Automobile Leasing Trust 2017-2,2019-06-30,1,342,6887615.01,8764036.39,0.0
GM Financial Automobile Leasing Trust 2017-2,2019-06-30,2,1563,27922719.09,32001752.53,143388.79
GM Financial Automobile Leasing Trust 2017-2,2019-06-30,3,22,302233.75,315149.29,3610.47
GM Financial Automobile Leasing Trust 2017-2,2019-06-30,98,23,386515.85,401164.75999999995,0.0
GM Financial Automobile Leasing Trust 2017-2,2019-07-31,1,453,8938467.85,11378919.559999999,0.0
GM Financial Automobile Leasing Trust 2017-2,2019-07-31,2,1821,32088532.43,36760434.67,164994.19
GM Financial Automobile Leasing Trust 2017-2,2019-07-31,3,18,321798.15,336739.01,0.0
GM Financial Automobile Leasing Trust 2017-2,2019-07-31,98,25,397107.65,483857.74,2015.0
GM Financial Automobile Leasing Trust 2017-2,2019-08-31,1,467,8927014.2,11126605.77,0.0
GM Financial Automobile Leasing Trust 2017-2,2019-08-31,2,1794,31168555.61,34697932.559999995,155160.33000000002
GM Financial Automobile Leasing Trust 2017-2,2019-08-31,3,23,361811.25,378118.88999999996,0.0
GM Financial Automobile Leasing Trust 2017-2,2019-08-31,98,12,211211.09999999998,172561.92,0.0
GM Financial Automobile Leasing Trust 2017-2,2019-09-30,1,472,9053886.600000001,11315275.52,0.0
GM Financial Automobile Leasing Trust 2017-2,2019-09-30,2,1775,30010587.35,32839441.67,144235.22
GM Financial Automobile Leasing Trust 2017-2,2019-09-30,3,22,358659.15,299328.66,0.0
GM Financial Automobile Leasing Trust 2017-2,2019-09-30,98,23,294617.5,299746.63,0.0
GM Financial Automobile Leasing Trust 2017-2,2019-10-31,1,468,9016870.5,11042414.57,0.0
GM Financial Automobile Leasing Trust 2017-2,2019-10-31,2,1952,33051250.7,35780548.17,127899.37
GM Financial Automobile Leasing Trust 2017-2,2019-10-31,3,23,408833.49999999994,386029.05000000005,0.0
GM Financial Automobile Leasing Trust 2017-2,2019-10-31,98,20,301815.55,336440.39,0.0
GM Financial Automobile Leasing Trust 2017-2,2019-11-30,1,322,5848072.35,7180228.68,0.0
GM Financial Automobile Leasing Trust 2017-2,2019-11-30,2,1377,22697454.75,24569120.73,68033.88
GM Financial Automobile Leasing Trust 2017-2,2019-11-30,3,16,258296.8,216398.1,459.0
GM Financial Automobile Leasing Trust 2017-2,2019-11-30,98,23,327186.8,338173.79999999993,0.0
GM Financial Automobile Leasing Trust 2017-2,2019-12-31,1,351,6661365.15,8105620.24,0.0
GM Financial Automobile Leasing Trust 2017-2,2019-12-31,2,466,7495365.139999999,8350078.9799999995,10943.8
GM Financial Automobile Leasing Trust 2017-2,2019-12-31,3,21,307502.75,324408.16000000003,200.65
GM Financial Automobile Leasing Trust 2017-2,2019-12-31,98,27,370005.05000000005,292605.6,0.0
GM Financial Automobile Leasing Trust 2017-2,2020-01-31,1,456,8294809.1,10008725.42,0.0
GM Financial Automobile Leasing Trust 2017-2,2020-01-31,2,5945,106307465.53999999,97909519.89,566801.8200000001
GM Financial Automobile Leasing Trust 2017-2,2020-01-31,3,17,289030.9,186072.25,0.0
GM Financial Automobile Leasing Trust 2017-2,2020-01-31,98,20,337158.9,203735.36,0.0
GM Financial Automobile Leasing Trust 2017-2,2020-02-29,1,390,6959087.85,8416037.31,0.0
GM Financial Automobile Leasing Trust 2017-2,2020-02-29,2,2112,36458878.05,15563538.1,132339.21000000002
GM Financial Automobile Leasing Trust 2017-2,2020-02-29,3,18,278105.55,0.0,0.0
GM Financial Automobile Leasing Trust 2017-2,2020-02-29,98,17,278748.9,102050.76000000001,0.0
GM Financial Automobile Leasing Trust 2017-3,2017-08-31,1,86,1825854.9000000001,3059353.4899999993,0.0
GM Financial Automobile Leasing Trust 2017-3,2017-08-31,2,13,221197.85,253336.31,0.0
GM Financial Automobile Leasing Trust 2017-3,2017-08-31,3,23,350576.4000000001,505485.12000000005,0.0
GM Financial Automobile Leasing Trust 2017-3,2017-08-31,4,1,21690.25,0.0,0.0
GM Financial Automobile Leasing Trust 2017-3,2017-08-31,98,24,303688.9,486981.93000000005,0.0
GM Financial Automobile Leasing Trust 2017-3,2017-09-30,1,73,1416142.45,2389475.21,0.0
GM Financial Automobile Leasing Trust 2017-3,2017-09-30,2,27,457840.39999999997,505597.49,0.0
GM Financial Automobile Leasing Trust 2017-3,2017-09-30,3,15,207102.44999999998,280001.24,0.0
GM Financial Automobile Leasing Trust 2017-3,2017-09-30,98,20,326439.4,528641.22,0.0
GM Financial Automobile Leasing Trust 2017-3,2017-10-31,1,79,1694422.75,2850097.6300000004,0.0
GM Financial Automobile Leasing Trust 2017-3,2017-10-31,2,48,739722.0499999999,770150.03,0.0
GM Financial Automobile Leasing Trust 2017-3,2017-10-31,3,30,471844.30000000005,641032.37,0.0
GM Financial Automobile Leasing Trust 2017-3,2017-10-31,98,27,438310.89999999997,730719.08,0.0
GM Financial Automobile Leasing Trust 2017-3,2017-11-30,1,77,1491030.35,2493221.5000000005,0.0
GM Financial Automobile Leasing Trust 2017-3,2017-11-30,2,96,1582136.9499999997,1635624.3199999998,2117.6800000000003
GM Financial Automobile Leasing Trust 2017-3,2017-11-30,3,26,399074.35,537727.11,0.0
GM Financial Automobile Leasing Trust 2017-3,2017-11-30,98,23,334786.7,526761.01,0.0
GM Financial Automobile Leasing Trust 2017-3,2017-12-31,1,65,1374764.9000000001,2194876.42,0.0
GM Financial Automobile Leasing Trust 2017-3,2017-12-31,2,122,2086324.9,2111620.2,763.3
GM Financial Automobile Leasing Trust 2017-3,2017-12-31,3,37,626518.1000000001,830110.4,0.0
GM Financial Automobile Leasing Trust 2017-3,2017-12-31,98,24,350039.95,538425.8099999999,0.0
GM Financial Automobile Leasing Trust 2017-3,2018-01-31,1,6,147547.5,196163.86000000002,0.0
GM Financial Automobile Leasing Trust 2017-3,2018-01-31,2,132,2123448.92,2183423.3899999997,6117.32
GM Financial Automobile Leasing Trust 2017-3,2018-01-31,3,31,462704.4,505965.4,0.0
GM Financial Automobile Leasing Trust 2017-3,2018-01-31,98,10,154468.19999999998,211036.21,0.0
GM Financial Automobile Leasing Trust 2017-3,2018-02-28,1,20,325465.80000000005,404706.86000000004,0.0
GM Financial Automobile Leasing Trust 2017-3,2018-02-28,2,170,2916987.7,2976321.58,1695.16
GM Financial Automobile Leasing Trust 2017-3,2018-02-28,3,26,412568.05,533101.82,0.0
GM Financial Automobile Leasing Trust 2017-3,2018-02-28,98,30,470408.80000000005,637959.75,0.0
GM Financial Automobile Leasing Trust 2017-3,2018-03-31,1,263,5348204.300000001,8648351.670000002,0.0
GM Financial Automobile Leasing Trust 2017-3,2018-03-31,2,291,4838820.4,4997162.91,10519.21
GM Financial Automobile Leasing Trust 2017-3,2018-03-31,3,42,623649.9,821541.35,0.0
GM Financial Automobile Leasing Trust 2017-3,2018-03-31,98,30,449166.95,665258.66,0.0
GM Financial Automobile Leasing Trust 2017-3,2018-04-30,1,134,2549266.1,4017890.6399999997,0.0
GM Financial Automobile Leasing Trust 2017-3,2018-04-30,2,263,4587973.25,4856569.0600000005,5958.29
GM Financial Automobile Leasing Trust 2017-3,2018-04-30,3,55,897364.7999999999,1115819.75,0.0
GM Financial Automobile Leasing Trust 2017-3,2018-04-30,98,42,673510.45,926108.5199999998,0.0
GM Financial Automobile Leasing Trust 2017-3,2018-05-31,1,127,2691145.55,3963246.84,0.0
GM Financial Automobile Leasing Trust 2017-3,2018-05-31,2,340,5936264.4,6267719.48,15256.1
GM Financial Automobile Leasing Trust 2017-3,2018-05-31,3,36,575132.3500000001,762252.2899999999,0.0
GM Financial Automobile Leasing Trust 2017-3,2018-05-31,98,15,212006.9,305036.95,0.0
GM Financial Automobile Leasing Trust 2017-3,2018-06-30,1,125,2465409.8,3735214.4799999995,0.0
GM Financial Automobile Leasing Trust 2017-3,2018-06-30,2,474,8267445.050000001,8790760.24,11041.49
GM Financial Automobile Leasing Trust 2017-3,2018-06-30,3,52,815210.95,1013824.17,0.0
GM Financial Automobile Leasing Trust 2017-3,2018-06-30,98,27,448623.48,530810.65,0.0
GM Financial Automobile Leasing Trust 2017-3,2018-07-31,1,147,2951320.75,4557940.42,0.0
GM Financial Automobile Leasing Trust 2017-3,2018-07-31,2,437,7743924.529999999,8372576.16,8314.31
GM Financial Automobile Leasing Trust 2017-3,2018-07-31,3,62,1059668.8,1256791.9,25.88
GM Financial Automobile Leasing Trust 2017-3,2018-07-31,98,34,534367.6,701398.68,0.0
GM Financial Automobile Leasing Trust 2017-3,2018-08-31,1,156,3219124.25,4759550.48,0.0
GM Financial Automobile Leasing Trust 2017-3,2018-08-31,2,456,7865234.9,8645024.0,8922.39
GM Financial Automobile Leasing Trust 2017-3,2018-08-31,3,53,867789.7,1138814.13,78.75
GM Financial Automobile Leasing Trust 2017-3,2018-08-31,98,24,370134.2,517672.12,0.0
GM Financial Automobile Leasing Trust 2017-3,2018-09-30,1,156,2905836.6500000004,4293153.140000001,0.0
GM Financial Automobile Leasing Trust 2017-3,2018-09-30,2,449,7746555.970000001,8608346.89,15353.87
GM Financial Automobile Leasing Trust 2017-3,2018-09-30,3,38,527801.35,692373.84,943.81
GM Financial Automobile Leasing Trust 2017-3,2018-09-30,98,33,561260.15,678272.88,0.0
GM Financial Automobile Leasing Trust 2017-3,2018-10-31,1,176,3297189.1500000004,4871854.450000001,0.0
GM Financial Automobile Leasing Trust 2017-3,2018-10-31,2,622,10653037.549999999,11827422.24,18980.04
GM Financial Automobile Leasing Trust 2017-3,2018-10-31,3,40,611929.6000000001,792503.9099999999,645.0
GM Financial Automobile Leasing Trust 2017-3,2018-10-31,98,30,453143.95,622193.32,0.0
GM Financial Automobile Leasing Trust 2017-3,2018-11-30,1,156,3068568.5,4415667.43,0.0
GM Financial Automobile Leasing Trust 2017-3,2018-11-30,2,841,14221767.260000002,15266601.6,23309.33
GM Financial Automobile Leasing Trust 2017-3,2018-11-30,3,42,658007.95,875842.46,0.0
GM Financial Automobile Leasing Trust 2017-3,2018-11-30,98,22,322584.1,409433.61000000004,403.75
GM Financial Automobile Leasing Trust 2017-3,2018-12-31,1,153,2901883.3,4178890.83,0.0
GM Financial Automobile Leasing Trust 2017-3,2018-12-31,2,659,10812140.260000002,11486224.3,19450.06
GM Financial Automobile Leasing Trust 2017-3,2018-12-31,3,43,607010.85,789013.85,340.71
GM Financial Automobile Leasing Trust 2017-3,2018-12-31,98,26,502561.45,633778.1599999999,425.25
GM Financial Automobile Leasing Trust 2017-3,2019-01-31,1,159,3005057.8499999996,4293619.790000001,0.0
GM Financial Automobile Leasing Trust 2017-3,2019-01-31,2,1205,20049825.9,20489391.67,88458.18
GM Financial Automobile Leasing Trust 2017-3,2019-01-31,3,39,610379.75,761144.7999999999,3120.0
GM Financial Automobile Leasing Trust 2017-3,2019-01-31,98,33,541491.55,631456.18,0.0
GM Financial Automobile Leasing Trust 2017-3,2019-02-28,1,128,2466561.25,3445566.8200000003,0.0
GM Financial Automobile Leasing Trust 2017-3,2019-02-28,2,1310,21711123.95,21961183.9,88761.73999999999
GM Financial Automobile Leasing Trust 2017-3,2019-02-28,3,35,441131.85,574896.67,0.0
GM Financial Automobile Leasing Trust 2017-3,2019-02-28,98,25,375996.56,473561.12,0.0
GM Financial Automobile Leasing Trust 2017-3,2019-03-31,1,163,3151674.0999999996,4294266.39,507.75
GM Financial Automobile Leasing Trust 2017-3,2019-03-31,2,3698,62234405.8,65373688.31,250876.03
GM Financial Automobile Leasing Trust 2017-3,2019-03-31,3,44,650695.2500000001,788728.2599999999,2283.0
GM Financial Automobile Leasing Trust 2017-3,2019-03-31,98,34,501827.4,616098.65,5005.93
GM Financial Automobile Leasing Trust 2017-3,2019-04-30,1,191,3564805.05,4804406.270000001,0.0
GM Financial Automobile Leasing Trust 2017-3,2019-04-30,2,1418,24791619.47,27057298.21,133334.01
GM Financial Automobile Leasing Trust 2017-3,2019-04-30,3,29,459150.55,563633.0199999999,0.0
GM Financial Automobile Leasing Trust 2017-3,2019-04-30,98,15,239642.85,246606.94999999995,0.0
GM Financial Automobile Leasing Trust 2017-3,2019-05-31,1,300,5984991.5,7755919.149999999,0.0
GM Financial Automobile Leasing Trust 2017-3,2019-05-31,2,1639,29470432.22,33101452.35,163082.59
GM Financial Automobile Leasing Trust 2017-3,2019-05-31,3,25,411118.27,497973.97000000003,515.4
GM Financial Automobile Leasing Trust 2017-3,2019-05-31,98,15,227749.4,288185.92,0.0
GM Financial Automobile Leasing Trust 2017-3,2019-06-30,1,375,7447678.75,9530056.719999999,0.0
GM Financial Automobile Leasing Trust 2017-3,2019-06-30,2,1580,29122939.450000003,32814077.290000003,191184.78999999998
GM Financial Automobile Leasing Trust 2017-3,2019-06-30,3,28,449147.79999999993,513726.28,400.70000000000005
GM Financial Automobile Leasing Trust 2017-3,2019-06-30,98,19,269658.6,294255.51999999996,0.0
GM Financial Automobile Leasing Trust 2017-3,2019-07-31,1,406,8215107.49,10489481.350000001,0.0
GM Financial Automobile Leasing Trust 2017-3,2019-07-31,2,1596,28621551.310000002,32236398.119999997,219274.59
GM Financial Automobile Leasing Trust 2017-3,2019-07-31,3,27,424976.75,494270.32,286.9
GM Financial Automobile Leasing Trust 2017-3,2019-07-31,98,11,142097.55000000002,171350.8,2811.75
GM Financial Automobile Leasing Trust 2017-3,2019-08-31,1,393,7834284.55,10003312.729999999,0.0
GM Financial Automobile Leasing Trust 2017-3,2019-08-31,2,1515,26996894.799999997,30109435.29,133718.72
GM Financial Automobile Leasing Trust 2017-3,2019-08-31,3,28,368062.15,468923.28,334.1
GM Financial Automobile Leasing Trust 2017-3,2019-08-31,98,3,66581.8,63633.57,0.0
GM Financial Automobile Leasing Trust 2017-3,2019-09-30,1,355,6996956.2700000005,8897358.48,0.0
GM Financial Automobile Leasing Trust 2017-3,2019-09-30,2,1370,24059913.299999997,26382433.22,157683.77
GM Financial Automobile Leasing Trust 2017-3,2019-09-30,3,12,159460.65,151717.14,0.0
GM Financial Automobile Leasing Trust 2017-3,2019-09-30,98,28,441448.4,508170.64,0.0
GM Financial Automobile Leasing Trust 2017-3,2019-10-31,1,352,6791250.2,8560214.38,0.0
GM Financial Automobile Leasing Trust 2017-3,2019-10-31,2,1361,23173632.83,25323301.07,86951.91
GM Financial Automobile Leasing Trust 2017-3,2019-10-31,3,18,286134.64999999997,295856.94999999995,0.0
GM Financial Automobile Leasing Trust 2017-3,2019-10-31,98,17,254673.30000000002,305777.56999999995,0.0
GM Financial Automobile Leasing Trust 2017-3,2019-11-30,1,252,4805360.1,6051705.7700000005,0.0
GM Financial Automobile Leasing Trust 2017-3,2019-11-30,2,841,13710150.649999999,15108786.32,49156.009999999995
GM Financial Automobile Leasing Trust 2017-3,2019-11-30,3,14,246991.65000000002,251396.75000000003,130.86
GM Financial Automobile Leasing Trust 2017-3,2019-11-30,98,24,397908.5,335559.52,0.0
GM Financial Automobile Leasing Trust 2017-3,2019-12-31,1,218,4080902.12,5095893.73,0.0
GM Financial Automobile Leasing Trust 2017-3,2019-12-31,2,296,4860835.9,5390232.350000001,21308.92
GM Financial Automobile Leasing Trust 2017-3,2019-12-31,3,14,194434.39999999997,206221.31000000003,0.0
GM Financial Automobile Leasing Trust 2017-3,2019-12-31,98,15,236621.44999999998,263172.16000000003,0.0
GM Financial Automobile Leasing Trust 2017-3,2020-01-31,1,292,5307062.390000001,6556771.88,0.0
GM Financial Automobile Leasing Trust 2017-3,2020-01-31,2,4081,71321884.37,75859441.89,594548.13
GM Financial Automobile Leasing Trust 2017-3,2020-01-31,3,16,242511.85,283351.13,185.93
GM Financial Automobile Leasing Trust 2017-3,2020-01-31,98,21,299153.7,324861.49,0.0
GM Financial Automobile Leasing Trust 2017-3,2020-02-29,1,232,4191755.15,5206275.859999999,0.0
GM Financial Automobile Leasing Trust 2017-3,2020-02-29,2,1640,28519416.9,28818664.2,197386.72
GM Financial Automobile Leasing Trust 2017-3,2020-02-29,3,21,345169.55,275562.53,213.86
GM Financial Automobile Leasing Trust 2017-3,2020-02-29,98,5,68566.05,74421.76999999999,0.0
GM Financial Automobile Leasing Trust 2017-3,2020-03-31,1,264,4919707.9,5958478.050000001,0.0
GM Financial Automobile Leasing Trust 2017-3,2020-03-31,2,1494,26401791.36,18688149.14,174249.73
GM Financial Automobile Leasing Trust 2017-3,2020-03-31,3,6,97749.79999999999,64223.1,0.0
GM Financial Automobile Leasing Trust 2017-3,2020-03-31,98,9,153206.25,91388.73,0.0
GM Financial Automobile Leasing Trust 2017-3,2020-04-30,1,189,3330569.45,4013534.0700000003,0.0
GM Financial Automobile Leasing Trust 2017-3,2020-04-30,2,1027,18156471.2,10133390.76,91016.3
GM Financial Automobile Leasing Trust 2017-3,2020-04-30,98,9,154027.0,87156.86,0.0
GM Financial Automobile Leasing Trust 2017-3,2020-05-31,1,256,4671037.5,5643649.970000001,0.0
GM Financial Automobile Leasing Trust 2017-3,2020-05-31,2,1583,27820092.169999998,6583835.68,31920.61
GM Financial Automobile Leasing Trust 2017-3,2020-05-31,98,13,220371.6,20728.65,0.0
GM Financial Automobile Leasing Trust 2018-1,2017-12-31,1,12,283001.15,480638.66,0.0
GM Financial Automobile Leasing Trust 2018-1,2017-12-31,3,5,82324.65,122456.76999999999,0.0
GM Financial Automobile Leasing Trust 2018-1,2017-12-31,98,9,117692.5,183558.16,0.0
GM Financial Automobile Leasing Trust 2018-1,2018-01-31,2,1,13054.0,20325.4,0.0
GM Financial Automobile Leasing Trust 2018-1,2018-01-31,3,18,266654.65,368782.81,0.0
GM Financial Automobile Leasing Trust 2018-1,2018-01-31,98,3,33764.25,48475.5,0.0
GM Financial Automobile Leasing Trust 2018-1,2018-02-28,1,1,11544.0,16241.38,0.0
GM Financial Automobile Leasing Trust 2018-1,2018-02-28,2,5,85668.0,103970.44,0.0
GM Financial Automobile Leasing Trust 2018-1,2018-02-28,3,19,262789.1,368700.28,49.75
GM Financial Automobile Leasing Trust 2018-1,2018-02-28,98,25,374319.25,585570.61,0.0
GM Financial Automobile Leasing Trust 2018-1,2018-03-31,1,275,5759378.550000001,9169752.54,0.0
GM Financial Automobile Leasing Trust 2018-1,2018-03-31,2,23,343474.3,393629.91,114.01
GM Financial Automobile Leasing Trust 2018-1,2018-03-31,3,25,442485.2,586525.62,0.0
GM Financial Automobile Leasing Trust 2018-1,2018-03-31,98,32,446127.05,703980.27,0.0
GM Financial Automobile Leasing Trust 2018-1,2018-04-30,1,132,2667305.3499999996,4329368.359999999,0.0
GM Financial Automobile Leasing Trust 2018-1,2018-04-30,2,19,306303.3,361531.05,309.3
GM Financial Automobile Leasing Trust 2018-1,2018-04-30,3,36,609233.15,773397.06,0.0
GM Financial Automobile Leasing Trust 2018-1,2018-04-30,4,1,8062.0,0.0,0.0
GM Financial Automobile Leasing Trust 2018-1,2018-04-30,98,39,566698.0499999999,845622.2899999999,0.0
GM Financial Automobile Leasing Trust 2018-1,2018-05-31,1,130,2460268.0999999996,3885697.0300000003,0.0
GM Financial Automobile Leasing Trust 2018-1,2018-05-31,2,33,484012.0,613702.77,289.83
GM Financial Automobile Leasing Trust 2018-1,2018-05-31,3,47,712507.5,933929.88,0.0
GM Financial Automobile Leasing Trust 2018-1,2018-05-31,4,1,14049.0,0.0,0.0
GM Financial Automobile Leasing Trust 2018-1,2018-05-31,98,34,434218.7,656602.34,0.0
GM Financial Automobile Leasing Trust 2018-1,2018-06-30,1,145,2711895.65,4225961.0600000005,0.0
GM Financial Automobile Leasing Trust 2018-1,2018-06-30,2,45,666825.4,796647.37,1296.08
GM Financial Automobile Leasing Trust 2018-1,2018-06-30,3,37,572675.2,735570.6599999999,0.0
GM Financial Automobile Leasing Trust 2018-1,2018-06-30,98,22,293877.65,409967.59,0.0
GM Financial Automobile Leasing Trust 2018-1,2018-07-31,1,157,3001504.1999999997,4597924.949999999,0.0
GM Financial Automobile Leasing Trust 2018-1,2018-07-31,2,84,1238083.5499999998,1483935.19,4746.6
GM Financial Automobile Leasing Trust 2018-1,2018-07-31,3,60,985004.4500000001,1329381.83,0.0
GM Financial Automobile Leasing Trust 2018-1,2018-07-31,98,19,291162.10000000003,424183.89999999997,0.0
GM Financial Automobile Leasing Trust 2018-1,2018-08-31,1,178,3405493.6999999997,5169843.41,0.0
GM Financial Automobile Leasing Trust 2018-1,2018-08-31,2,117,1689717.0999999999,2062144.3099999998,875.35
GM Financial Automobile Leasing Trust 2018-1,2018-08-31,3,49,864650.75,1178315.04,0.0
GM Financial Automobile Leasing Trust 2018-1,2018-08-31,98,34,470400.5,688481.33,0.0
GM Financial Automobile Leasing Trust 2018-1,2018-09-30,1,191,3957245.5999999996,5911969.85,0.0
GM Financial Automobile Leasing Trust 2018-1,2018-09-30,2,88,1397203.4500000002,1803241.98,560.61
GM Financial Automobile Leasing Trust 2018-1,2018-09-30,3,39,631346.3500000001,852336.18,0.0
GM Financial Automobile Leasing Trust 2018-1,2018-09-30,98,43,705943.35,961986.5999999999,0.0
GM Financial Automobile Leasing Trust 2018-1,2018-10-31,1,198,3613663.0,5338036.949999999,128.75
GM Financial Automobile Leasing Trust 2018-1,2018-10-31,2,158,2514795.6,3162477.0999999996,6376.889999999999
GM Financial Automobile Leasing Trust 2018-1,2018-10-31,3,55,893041.9,1158162.47,0.0
GM Financial Automobile Leasing Trust 2018-1,2018-10-31,98,41,605696.2,859320.0100000001,0.0
GM Financial Automobile Leasing Trust 2018-1,2018-11-30,1,158,3039711.08,4413329.27,0.0
GM Financial Automobile Leasing Trust 2018-1,2018-11-30,2,258,4051141.83,4941936.74,5424.99
GM Financial Automobile Leasing Trust 2018-1,2018-11-30,3,32,484605.14999999997,619120.1500000001,0.0
GM Financial Automobile Leasing Trust 2018-1,2018-11-30,98,30,466925.65,582681.84,0.0
GM Financial Automobile Leasing Trust 2018-1,2018-12-31,1,191,3923605.5999999996,5525953.58,0.0
GM Financial Automobile Leasing Trust 2018-1,2018-12-31,2,212,3338964.95,3950627.3000000003,6977.66
GM Financial Automobile Leasing Trust 2018-1,2018-12-31,3,31,582408.15,743475.5900000001,0.0
GM Financial Automobile Leasing Trust 2018-1,2018-12-31,98,31,499169.95,647420.4400000001,686.75
GM Financial Automobile Leasing Trust 2018-1,2019-01-31,1,255,5049943.6,7039967.1,0.0
GM Financial Automobile Leasing Trust 2018-1,2019-01-31,2,477,7604848.4,8793764.969999999,25689.57
GM Financial Automobile Leasing Trust 2018-1,2019-01-31,3,59,1002153.05,1251893.98,0.0
GM Financial Automobile Leasing Trust 2018-1,2019-01-31,98,44,625591.8,858133.3600000001,2233.75
GM Financial Automobile Leasing Trust 2018-1,2019-02-28,1,175,3408649.5,4692458.25,1.25
GM Financial Automobile Leasing Trust 2018-1,2019-02-28,2,647,10268421.400000002,11469413.61,53440.84
GM Financial Automobile Leasing Trust 2018-1,2019-02-28,3,34,608093.7000000001,690395.4800000001,320.0
GM Financial Automobile Leasing Trust 2018-1,2019-02-28,98,37,648608.4999999999,833848.4400000001,0.0
GM Financial Automobile Leasing Trust 2018-1,2019-03-31,1,141,2712908.35,3970035.5000000005,0.0
GM Financial Automobile Leasing Trust 2018-1,2019-03-31,2,1605,26591250.36,30283141.810000002,129478.89
GM Financial Automobile Leasing Trust 2018-1,2019-03-31,3,58,880839.6000000001,1231798.13,0.0
GM Financial Automobile Leasing Trust 2018-1,2019-03-31,98,32,515567.55000000005,659347.41,0.0
GM Financial Automobile Leasing Trust 2018-1,2019-04-30,1,195,4021122.4000000004,5670406.87,0.0
GM Financial Automobile Leasing Trust 2018-1,2019-04-30,2,1048,17518624.95,20050252.29,61899.56
GM Financial Automobile Leasing Trust 2018-1,2019-04-30,3,42,671110.7499999999,830301.57,0.0
GM Financial Automobile Leasing Trust 2018-1,2019-04-30,98,34,513765.65,656210.94,2429.75
GM Financial Automobile Leasing Trust 2018-1,2019-05-31,1,261,5134297.6,7020863.29,0.0
GM Financial Automobile Leasing Trust 2018-1,2019-05-31,2,1952,32055929.659999996,35524853.47,112647.84
GM Financial Automobile Leasing Trust 2018-1,2019-05-31,3,54,883393.0000000001,1150244.66,0.0
GM Financial Automobile Leasing Trust 2018-1,2019-05-31,98,37,547165.45,719969.38,334.25
GM Financial Automobile Leasing Trust 2018-1,2019-06-30,1,279,5387595.800000001,7360849.75,0.0
GM Financial Automobile Leasing Trust 2018-1,2019-06-30,2,2613,43336837.0,47122351.75,181899.49
GM Financial Automobile Leasing Trust 2018-1,2019-06-30,3,45,804088.5999999999,941240.2000000001,269.19
GM Financial Automobile Leasing Trust 2018-1,2019-06-30,98,41,715241.45,879416.68,0.0
GM Financial Automobile Leasing Trust 2018-1,2019-07-31,1,347,6751995.100000001,9125343.830000002,0.0
GM Financial Automobile Leasing Trust 2018-1,2019-07-31,2,2743,46135113.05,50166300.31,174379.65999999997
GM Financial Automobile Leasing Trust 2018-1,2019-07-31,3,49,783567.3999999999,938596.48,200.0
GM Financial Automobile Leasing Trust 2018-1,2019-07-31,98,32,460539.3,572792.6300000001,0.0
GM Financial Automobile Leasing Trust 2018-1,2019-08-31,1,394,7662494.1,10182876.5,0.0
GM Financial Automobile Leasing Trust 2018-1,2019-08-31,2,3043,52106697.379999995,55086137.05,206987.81999999998
GM Financial Automobile Leasing Trust 2018-1,2019-08-31,3,50,777841.0,947730.82,844.61
GM Financial Automobile Leasing Trust 2018-1,2019-08-31,98,9,182043.15,159706.21,0.0
GM Financial Automobile Leasing Trust 2018-1,2019-09-30,1,328,6156706.550000001,8057485.709999999,0.0
GM Financial Automobile Leasing Trust 2018-1,2019-09-30,2,1778,30402037.4,32422461.919999998,168293.59000000003
GM Financial Automobile Leasing Trust 2018-1,2019-09-30,3,45,738819.8500000001,766276.24,1680.46
GM Financial Automobile Leasing Trust 2018-1,2019-09-30,98,51,809164.8500000001,1065381.65,0.0
GM Financial Automobile Leasing Trust 2018-1,2019-10-31,1,394,6969765.25,9143540.64,0.0
GM Financial Automobile Leasing Trust 2018-1,2019-10-31,2,1679,28561551.88,31087594.85,140165.93
GM Financial Automobile Leasing Trust 2018-1,2019-10-31,3,45,680194.0499999999,861528.74,686.59
GM Financial Automobile Leasing Trust 2018-1,2019-10-31,98,31,570031.1,657571.5,0.0
GM Financial Automobile Leasing Trust 2018-1,2019-11-30,1,305,5344877.840000001,6986841.949999999,0.0
GM Financial Automobile Leasing Trust 2018-1,2019-11-30,2,1011,16889980.050000004,18684795.060000002,56399.060000000005
GM Financial Automobile Leasing Trust 2018-1,2019-11-30,3,23,392440.3,423979.80999999994,0.0
GM Financial Automobile Leasing Trust 2018-1,2019-11-30,98,37,643869.15,702779.0,0.0
GM Financial Automobile Leasing Trust 2018-1,2019-12-31,1,329,5673612.85,7411696.199999999,0.0
GM Financial Automobile Leasing Trust 2018-1,2019-12-31,2,302,5077802.31,5682620.17,9542.869999999999
GM Financial Automobile Leasing Trust 2018-1,2019-12-31,3,26,465629.55000000005,479776.67,613.9300000000001
GM Financial Automobile Leasing Trust 2018-1,2019-12-31,98,31,475780.39999999997,533226.51,0.0
GM Financial Automobile Leasing Trust 2018-1,2020-01-31,1,342,5941063.050000001,7622519.13,85.0
GM Financial Automobile Leasing Trust 2018-1,2020-01-31,2,4809,87355226.97,93150914.98,838634.46
GM Financial Automobile Leasing Trust 2018-1,2020-01-31,3,21,334505.69999999995,352936.48,0.0
GM Financial Automobile Leasing Trust 2018-1,2020-01-31,98,29,433161.25000000006,403615.10000000003,0.0
GM Financial Automobile Leasing Trust 2018-1,2020-02-29,1,273,4830843.600000001,6076853.459999999,0.0
GM Financial Automobile Leasing Trust 2018-1,2020-02-29,2,2089,38847416.85,41585584.629999995,350281.08999999997
GM Financial Automobile Leasing Trust 2018-1,2020-02-29,3,22,376958.44999999995,331636.44,5343.27
GM Financial Automobile Leasing Trust 2018-1,2020-02-29,98,24,412094.65,413636.95,516.16
GM Financial Automobile Leasing Trust 2018-1,2020-03-31,1,280,5202294.800000001,6506184.37,0.0
GM Financial Automobile Leasing Trust 2018-1,2020-03-31,2,2065,38483598.55,41346970.83,323412.86
GM Financial Automobile Leasing Trust 2018-1,2020-03-31,3,17,345082.15,375669.48,335.53999999999996
GM Financial Automobile Leasing Trust 2018-1,2020-03-31,4,1,18526.55,0.0,0.0
GM Financial Automobile Leasing Trust 2018-1,2020-03-31,98,31,566948.85,584546.44,0.0
GM Financial Automobile Leasing Trust 2018-1,2020-04-30,1,152,2939380.7,3690971.2699999996,0.0
GM Financial Automobile Leasing Trust 2018-1,2020-04-30,2,1163,22247015.26,24234111.490000002,159026.22999999998
GM Financial Automobile Leasing Trust 2018-1,2020-04-30,3,7,104422.54999999999,165731.24,426.6
GM Financial Automobile Leasing Trust 2018-1,2020-04-30,98,9,204602.25,112685.01999999999,0.0
GM Financial Automobile Leasing Trust 2018-1,2020-05-31,1,236,4568926.96,5627292.119999999,0.0
GM Financial Automobile Leasing Trust 2018-1,2020-05-31,2,2234,42800563.3,47867370.37,294895.32999999996
GM Financial Automobile Leasing Trust 2018-1,2020-05-31,3,5,79143.90000000001,108725.93,0.0
GM Financial Automobile Leasing Trust 2018-1,2020-05-31,98,20,366838.6,218296.31000000003,0.0
GM Financial Automobile Leasing Trust 2018-1,2020-06-30,1,451,8549600.4,10443331.600000001,0.0
GM Financial Automobile Leasing Trust 2018-1,2020-06-30,2,2380,43980722.95,48032484.74,233076.39
GM Financial Automobile Leasing Trust 2018-1,2020-06-30,3,1,13248.0,16127.81,0.0
GM Financial Automobile Leasing Trust 2018-1,2020-06-30,98,27,478298.5,330094.14,0.0
GM Financial Automobile Leasing Trust 2018-1,2020-07-31,1,731,14725210.26,17862083.650000002,0.0
GM Financial Automobile Leasing Trust 2018-1,2020-07-31,2,2079,37350972.85,33365365.639999997,150277.86
GM Financial Automobile Leasing Trust 2018-1,2020-07-31,3,13,198406.5,172559.80000000002,0.0
GM Financial Automobile Leasing Trust 2018-1,2020-07-31,98,19,331712.35,183444.07,0.0
GM Financial Automobile Leasing Trust 2018-1,2020-08-31,1,814,16643209.15,19918407.15,0.0
GM Financial Automobile Leasing Trust 2018-1,2020-08-31,2,1801,31709564.25,11832170.69,31504.239999999998
GM Financial Automobile Leasing Trust 2018-1,2020-08-31,3,13,321329.65,26384.739999999998,0.0
GM Financial Automobile Leasing Trust 2018-1,2020-08-31,98,9,177301.90000000002,61030.04,0.0
GM Financial Automobile Leasing Trust 2018-2,2018-05-31,1,126,2546394.34,4090108.98,0.0
GM Financial Automobile Leasing Trust 2018-2,2018-05-31,2,10,141333.65,163465.0,0.0
GM Financial Automobile Leasing Trust 2018-2,2018-05-31,3,16,235998.5,304819.43,0.0
GM Financial Automobile Leasing Trust 2018-2,2018-05-31,98,25,344323.3,534193.62,0.0
GM Financial Automobile Leasing Trust 2018-2,2018-06-30,1,126,2455341.9200000004,3901658.9699999997,0.0
GM Financial Automobile Leasing Trust 2018-2,2018-06-30,2,32,461047.82,571699.87,422.01
GM Financial Automobile Leasing Trust 2018-2,2018-06-30,3,24,375520.81,497289.13,0.0
GM Financial Automobile Leasing Trust 2018-2,2018-06-30,4,1,9048.0,0.0,0.0
GM Financial Automobile Leasing Trust 2018-2,2018-06-30,98,20,285155.88,438299.25,0.0
GM Financial Automobile Leasing Trust 2018-2,2018-07-31,1,157,3194473.38,4861380.05,0.0
GM Financial Automobile Leasing Trust 2018-2,2018-07-31,2,62,980805.3300000001,1153877.2600000002,2919.24
GM Financial Automobile Leasing Trust 2018-2,2018-07-31,3,28,413233.05000000005,575591.5799999998,0.0
GM Financial Automobile Leasing Trust 2018-2,2018-07-31,98,32,510898.38,748431.48,0.0
GM Financial Automobile Leasing Trust 2018-2,2018-08-31,1,170,3313884.3,5191623.720000001,0.0
GM Financial Automobile Leasing Trust 2018-2,2018-08-31,2,97,1528183.7600000002,1823794.6400000001,3349.75
GM Financial Automobile Leasing Trust 2018-2,2018-08-31,3,37,508774.19,722762.4600000001,0.0
GM Financial Automobile Leasing Trust 2018-2,2018-08-31,98,22,289969.70999999996,442408.15,0.0
GM Financial Automobile Leasing Trust 2018-2,2018-09-30,1,168,3243597.4699999997,4996863.960000001,0.0
GM Financial Automobile Leasing Trust 2018-2,2018-09-30,2,83,1381153.2500000002,1774791.3699999999,607.55
GM Financial Automobile Leasing Trust 2018-2,2018-09-30,3,23,380707.31,529267.74,0.0
GM Financial Automobile Leasing Trust 2018-2,2018-09-30,98,24,376867.5,577088.11,0.0
GM Financial Automobile Leasing Trust 2018-2,2018-10-31,1,167,3323800.5300000003,5003420.630000001,0.0
GM Financial Automobile Leasing Trust 2018-2,2018-10-31,2,136,2210651.1,2757812.0500000003,1636.19
GM Financial Automobile Leasing Trust 2018-2,2018-10-31,3,39,716569.89,993991.98,730.46
GM Financial Automobile Leasing Trust 2018-2,2018-10-31,98,33,576379.24,846523.56,2008.5
GM Financial Automobile Leasing Trust 2018-2,2018-11-30,1,177,3651435.9299999997,5438450.29,0.0
GM Financial Automobile Leasing Trust 2018-2,2018-11-30,2,226,3913533.1599999997,4709606.09,434.24
GM Financial Automobile Leasing Trust 2018-2,2018-11-30,3,41,672416.05,886960.38,0.0
GM Financial Automobile Leasing Trust 2018-2,2018-11-30,98,22,344199.05,485141.78,0.0
GM Financial Automobile Leasing Trust 2018-2,2018-12-31,1,160,3353226.29,4848469.1,0.0
GM Financial Automobile Leasing Trust 2018-2,2018-12-31,2,259,4475548.91,5257266.86,7711.63
GM Financial Automobile Leasing Trust 2018-2,2018-12-31,3,29,435915.00999999995,570681.11,0.0
GM Financial Automobile Leasing Trust 2018-2,2018-12-31,98,27,399155.86000000004,574267.0700000001,0.0
GM Financial Automobile Leasing Trust 2018-2,2019-01-31,1,203,3903459.1300000004,5591207.0,0.0
GM Financial Automobile Leasing Trust 2018-2,2019-01-31,2,497,7872384.15,9071678.54,29806.090000000004
GM Financial Automobile Leasing Trust 2018-2,2019-01-31,3,35,556149.6,741727.7599999999,0.0
GM Financial Automobile Leasing Trust 2018-2,2019-01-31,98,36,605981.39,775666.07,0.0
GM Financial Automobile Leasing Trust 2018-2,2019-02-28,1,155,3163931.8499999996,4499337.7299999995,0.0
GM Financial Automobile Leasing Trust 2018-2,2019-02-28,2,692,11763676.120000001,12750202.530000001,55386.79
GM Financial Automobile Leasing Trust 2018-2,2019-02-28,3,28,400637.4,531060.1100000001,0.0
GM Financial Automobile Leasing Trust 2018-2,2019-02-28,98,38,603667.77,898601.79,0.0
GM Financial Automobile Leasing Trust 2018-2,2019-03-31,1,168,3283471.7800000003,4619734.87,0.0
GM Financial Automobile Leasing Trust 2018-2,2019-03-31,2,1975,33635643.72,37226428.27,152581.86
GM Financial Automobile Leasing Trust 2018-2,2019-03-31,3,42,664755.65,900796.76,972.21
GM Financial Automobile Leasing Trust 2018-2,2019-03-31,98,29,484620.3,656520.6599999999,0.0
GM Financial Automobile Leasing Trust 2018-2,2019-04-30,1,223,4476657.76,6117040.78,0.0
GM Financial Automobile Leasing Trust 2018-2,2019-04-30,2,1128,19544315.8,21743602.45,99714.25
GM Financial Automobile Leasing Trust 2018-2,2019-04-30,3,44,707075.04,966696.58,832.14
GM Financial Automobile Leasing Trust 2018-2,2019-04-30,98,25,353091.05,429334.1,0.0
GM Financial Automobile Leasing Trust 2018-2,2019-05-31,1,317,6172853.1,8361967.100000001,0.0
GM Financial Automobile Leasing Trust 2018-2,2019-05-31,2,1553,26913843.25,30140867.55,142079.27
GM Financial Automobile Leasing Trust 2018-2,2019-05-31,3,49,795657.66,1089690.52,317.47
GM Financial Automobile Leasing Trust 2018-2,2019-05-31,98,23,307083.44,389401.83,10.79
GM Financial Automobile Leasing Trust 2018-2,2019-06-30,1,343,7037628.34,9105290.22,0.0
GM Financial Automobile Leasing Trust 2018-2,2019-06-30,2,1591,27684194.53,31022988.199999996,170604.51
GM Financial Automobile Leasing Trust 2018-2,2019-06-30,3,41,706919.66,1003689.24,4041.63
GM Financial Automobile Leasing Trust 2018-2,2019-06-30,98,23,405690.65,508133.25,0.0
GM Financial Automobile Leasing Trust 2018-2,2019-07-31,1,406,7978780.65,10468217.73,0.0
GM Financial Automobile Leasing Trust 2018-2,2019-07-31,2,1692,30014064.21,33417076.33,184902.16999999998
GM Financial Automobile Leasing Trust 2018-2,2019-07-31,3,43,724898.25,955728.6499999999,0.0
GM Financial Automobile Leasing Trust 2018-2,2019-07-31,98,29,464971.65,569924.2699999999,0.0
GM Financial Automobile Leasing Trust 2018-2,2019-08-31,1,372,7440344.08,9678319.33,0.0
GM Financial Automobile Leasing Trust 2018-2,2019-08-31,2,1646,28833396.03,31947005.67,175981.41000000003
GM Financial Automobile Leasing Trust 2018-2,2019-08-31,3,47,762811.8500000001,1038400.99,0.0
GM Financial Automobile Leasing Trust 2018-2,2019-08-31,98,5,66765.85,65914.97,0.0
GM Financial Automobile Leasing Trust 2018-2,2019-09-30,1,280,5656953.94,7516742.32,0.0
GM Financial Automobile Leasing Trust 2018-2,2019-09-30,2,1269,22793624.310000002,24557833.66,89337.53
GM Financial Automobile Leasing Trust 2018-2,2019-09-30,3,28,482633.91,544352.97,591.6
GM Financial Automobile Leasing Trust 2018-2,2019-09-30,98,32,460858.9,556575.64,0.0
GM Financial Automobile Leasing Trust 2018-2,2019-10-31,1,314,6354209.88,8304320.48,0.0
GM Financial Automobile Leasing Trust 2018-2,2019-10-31,2,1556,27423721.09,29582303.46,105849.15
GM Financial Automobile Leasing Trust 2018-2,2019-10-31,3,39,595094.0,720900.4500000001,718.0600000000001
GM Financial Automobile Leasing Trust 2018-2,2019-10-31,98,31,506066.94,579074.4600000001,0.0
GM Financial Automobile Leasing Trust 2018-2,2019-11-30,1,231,4430886.64,5750838.08,0.0
GM Financial Automobile Leasing Trust 2018-2,2019-11-30,2,938,15872982.309999999,17512320.55,57987.54000000001
GM Financial Automobile Leasing Trust 2018-2,2019-11-30,3,20,296825.65,370795.46,2159.7
GM Financial Automobile Leasing Trust 2018-2,2019-11-30,98,31,508413.49,627159.93,185.9
GM Financial Automobile Leasing Trust 2018-2,2019-12-31,1,269,5015800.73,6488167.85,0.0
GM Financial Automobile Leasing Trust 2018-2,2019-12-31,2,326,5622487.049999999,6273581.1899999995,8678.79
GM Financial Automobile Leasing Trust 2018-2,2019-12-31,3,30,519894.31,613754.7000000001,1048.1
GM Financial Automobile Leasing Trust 2018-2,2019-12-31,98,30,547904.96,784381.7000000002,0.0
GM Financial Automobile Leasing Trust 2018-2,2020-01-31,1,255,4967150.48,6433240.49,0.0
GM Financial Automobile Leasing Trust 2018-2,2020-01-31,2,4846,89050707.94,96042197.13,796689.55
GM Financial Automobile Leasing Trust 2018-2,2020-01-31,3,27,374632.75,461857.02999999997,763.13
GM Financial Automobile Leasing Trust 2018-2,2020-01-31,98,27,445175.04000000004,545286.4800000001,0.0
GM Financial Automobile Leasing Trust 2018-2,2020-02-29,1,247,4609250.55,6022601.13,0.0
GM Financial Automobile Leasing Trust 2018-2,2020-02-29,2,1789,32555989.73,35841107.91,302657.69
GM Financial Automobile Leasing Trust 2018-2,2020-02-29,3,24,448191.85,577195.8200000001,365.17
GM Financial Automobile Leasing Trust 2018-2,2020-02-29,98,19,299375.94,334771.29000000004,0.0
GM Financial Automobile Leasing Trust 2018-2,2020-03-31,1,292,5343827.99,6878872.300000001,0.0
GM Financial Automobile Leasing Trust 2018-2,2020-03-31,2,1560,27723508.86,30964579.62,279059.51
GM Financial Automobile Leasing Trust 2018-2,2020-03-31,3,11,184247.23,237104.16999999998,632.13
GM Financial Automobile Leasing Trust 2018-2,2020-03-31,98,30,477785.22,569612.9199999999,0.0
GM Financial Automobile Leasing Trust 2018-2,2020-04-30,1,170,3088187.62,3912347.88,0.0
GM Financial Automobile Leasing Trust 2018-2,2020-04-30,2,1079,19622503.28,22211747.57,182829.31
GM Financial Automobile Leasing Trust 2018-2,2020-04-30,3,5,90084.3,42548.91,0.0
GM Financial Automobile Leasing Trust 2018-2,2020-04-30,98,17,257035.66,289621.67,0.0
GM Financial Automobile Leasing Trust 2018-2,2020-05-31,1,229,4190543.31,5325389.59,81.75
GM Financial Automobile Leasing Trust 2018-2,2020-05-31,2,1743,30769457.46,36563841.45999999,217958.88999999998
GM Financial Automobile Leasing Trust 2018-2,2020-05-31,3,3,44020.05,79049.16,0.0
GM Financial Automobile Leasing Trust 2018-2,2020-05-31,98,21,374525.7,381426.18,0.0
GM Financial Automobile Leasing Trust 2018-2,2020-06-30,1,447,8356498.54,10373046.34,0.0
GM Financial Automobile Leasing Trust 2018-2,2020-06-30,2,2116,36537472.45,44093094.04,285803.4
GM Financial Automobile Leasing Trust 2018-2,2020-06-30,3,6,76096.83,129314.11,518.0
GM Financial Automobile Leasing Trust 2018-2,2020-06-30,98,23,425434.15,473617.53,1083.6
GM Financial Automobile Leasing Trust 2018-2,2020-07-31,1,802,15324907.780000001,18959133.46,0.0
GM Financial Automobile Leasing Trust 2018-2,2020-07-31,2,2040,35010096.72,42689806.96,237520.09999999998
GM Financial Automobile Leasing Trust 2018-2,2020-07-31,3,6,121786.25,141028.88,0.0
GM Financial Automobile Leasing Trust 2018-2,2020-07-31,98,16,239154.15,317080.18999999994,0.0
GM Financial Automobile Leasing Trust 2018-2,2020-08-31,1,963,19398065.509999998,23705419.939999998,0.0
GM Financial Automobile Leasing Trust 2018-2,2020-08-31,2,1508,26055301.86,30756685.56,134828.34
GM Financial Automobile Leasing Trust 2018-2,2020-08-31,3,6,95200.2,81297.63,0.0
GM Financial Automobile Leasing Trust 2018-2,2020-08-31,98,16,305328.11,312828.61,0.0
GM Financial Automobile Leasing Trust 2018-2,2020-09-30,1,1066,21445196.91,26270875.689999998,0.0
GM Financial Automobile Leasing Trust 2018-2,2020-09-30,2,1872,31323445.85,30469367.32,112324.15000000001
GM Financial Automobile Leasing Trust 2018-2,2020-09-30,3,9,164548.5,135474.46,0.0
GM Financial Automobile Leasing Trust 2018-2,2020-09-30,98,8,128513.12,155945.0,0.0
GM Financial Automobile Leasing Trust 2018-2,2020-10-31,1,977,20385558.23,24679124.04,0.0
GM Financial Automobile Leasing Trust 2018-2,2020-10-31,2,1728,29375979.17,12391178.59,21329.440000000002
GM Financial Automobile Leasing Trust 2018-2,2020-10-31,3,9,149912.6,76306.25,0.0
GM Financial Automobile Leasing Trust 2018-2,2020-10-31,98,6,94835.5,106950.25,0.0
GM Financial Automobile Leasing Trust 2018-3,2018-08-31,1,147,3012977.4,4690000.42,0.0
GM Financial Automobile Leasing Trust 2018-3,2018-08-31,2,28,470577.05,564890.5,414.75
GM Financial Automobile Leasing Trust 2018-3,2018-08-31,3,29,430859.5,624844.0999999999,0.0
GM Financial Automobile Leasing Trust 2018-3,2018-08-31,98,26,374807.9,594359.05,0.0
GM Financial Automobile Leasing Trust 2018-3,2018-09-30,1,150,3249404.7,4816431.620000001,0.0
GM Financial Automobile Leasing Trust 2018-3,2018-09-30,2,83,1341807.9900000002,1663442.8699999999,0.0
GM Financial Automobile Leasing Trust 2018-3,2018-09-30,3,16,224970.9,363637.91000000003,0.0
GM Financial Automobile Leasing Trust 2018-3,2018-09-30,98,27,374613.25,560417.52,0.0
GM Financial Automobile Leasing Trust 2018-3,2018-10-31,1,157,3234672.63,4681198.129999999,0.0
GM Financial Automobile Leasing Trust 2018-3,2018-10-31,2,162,2560399.46,3165802.63,1549.04
GM Financial Automobile Leasing Trust 2018-3,2018-10-31,3,29,498951.83999999997,719176.2400000001,220.5
GM Financial Automobile Leasing Trust 2018-3,2018-10-31,98,20,285273.49,445380.1,0.0
GM Financial Automobile Leasing Trust 2018-3,2018-11-30,1,145,2885133.34,4336797.08,0.0
GM Financial Automobile Leasing Trust 2018-3,2018-11-30,2,203,3424046.8600000003,4060803.2399999993,6214.629999999999
GM Financial Automobile Leasing Trust 2018-3,2018-11-30,3,24,395949.15,532843.89,0.0
GM Financial Automobile Leasing Trust 2018-3,2018-11-30,98,28,379216.11000000004,564310.82,0.0
GM Financial Automobile Leasing Trust 2018-3,2018-12-31,1,130,2694590.97,4074850.88,0.0
GM Financial Automobile Leasing Trust 2018-3,2018-12-31,2,260,4531886.51,5192965.109999999,12855.52
GM Financial Automobile Leasing Trust 2018-3,2018-12-31,3,26,470482.3,630322.43,644.75
GM Financial Automobile Leasing Trust 2018-3,2018-12-31,98,34,484351.6,713596.62,1423.5
GM Financial Automobile Leasing Trust 2018-3,2019-01-31,1,175,3663654.6900000004,5222711.99,0.0
GM Financial Automobile Leasing Trust 2018-3,2019-01-31,2,542,9526697.98,10513127.22,37891.44
GM Financial Automobile Leasing Trust 2018-3,2019-01-31,3,27,413670.80000000005,542266.6,0.0
GM Financial Automobile Leasing Trust 2018-3,2019-01-31,98,30,529432.51,724238.52,0.0
GM Financial Automobile Leasing Trust 2018-3,2019-02-28,1,131,2547767.06,3669416.5,0.0
GM Financial Automobile Leasing Trust 2018-3,2019-02-28,2,669,11403993.24,12273742.379999999,62010.3
GM Financial Automobile Leasing Trust 2018-3,2019-02-28,3,27,396777.6,586591.1000000001,0.0
GM Financial Automobile Leasing Trust 2018-3,2019-02-28,98,31,485139.79,633314.0599999999,0.0
GM Financial Automobile Leasing Trust 2018-3,2019-03-31,1,166,3603290.0700000003,5040025.98,0.0
GM Financial Automobile Leasing Trust 2018-3,2019-03-31,2,1910,32213292.36,35294124.29000001,147994.3
GM Financial Automobile Leasing Trust 2018-3,2019-03-31,3,31,517896.74000000005,664654.35,0.0
GM Financial Automobile Leasing Trust 2018-3,2019-03-31,98,31,487055.74000000005,694507.62,692.75
GM Financial Automobile Leasing Trust 2018-3,2019-04-30,1,244,5072374.35,6729276.27,0.0
GM Financial Automobile Leasing Trust 2018-3,2019-04-30,2,1090,19106314.14,21067972.810000002,112396.59
GM Financial Automobile Leasing Trust 2018-3,2019-04-30,3,44,711158.13,937552.46,0.0
GM Financial Automobile Leasing Trust 2018-3,2019-04-30,98,25,463695.86,597504.85,0.0
GM Financial Automobile Leasing Trust 2018-3,2019-05-31,1,263,5249427.219999999,7112299.06,0.0
GM Financial Automobile Leasing Trust 2018-3,2019-05-31,2,1441,25420339.009999998,28260290.0,136790.94
GM Financial Automobile Leasing Trust 2018-3,2019-05-31,3,54,839096.2500000001,1133443.59,436.42
GM Financial Automobile Leasing Trust 2018-3,2019-05-31,98,31,524429.1000000001,694989.9199999999,5552.5
GM Financial Automobile Leasing Trust 2018-3,2019-06-30,1,277,5583377.14,7568118.22,0.0
GM Financial Automobile Leasing Trust 2018-3,2019-06-30,2,1268,21645483.060000002,24310676.4,106667.17000000001
GM Financial Automobile Leasing Trust 2018-3,2019-06-30,3,40,763566.55,1044258.9199999999,0.0
GM Financial Automobile Leasing Trust 2018-3,2019-06-30,98,18,260251.81,365119.62999999995,0.0
GM Financial Automobile Leasing Trust 2018-3,2019-07-31,1,310,6574496.76,9078739.12,0.0
GM Financial Automobile Leasing Trust 2018-3,2019-07-31,2,1305,22683626.339999996,25501444.549999997,140094.03999999998
GM Financial Automobile Leasing Trust 2018-3,2019-07-31,3,30,467734.43,618524.0899999999,1822.61
GM Financial Automobile Leasing Trust 2018-3,2019-07-31,98,39,610095.1,859249.77,329.25
GM Financial Automobile Leasing Trust 2018-3,2019-08-31,1,290,5839438.62,7848674.199999999,0.0
GM Financial Automobile Leasing Trust 2018-3,2019-08-31,2,1278,22109193.63,24404901.759999998,139174.35
GM Financial Automobile Leasing Trust 2018-3,2019-08-31,3,53,869656.8200000001,1261821.12,184.97
GM Financial Automobile Leasing Trust 2018-3,2019-08-31,98,4,86382.1,71723.29000000001,1120.58
GM Financial Automobile Leasing Trust 2018-3,2019-09-30,1,326,6314889.8100000005,8429422.56,0.0
GM Financial Automobile Leasing Trust 2018-3,2019-09-30,2,1193,20970957.150000002,22647832.91,134875.87
GM Financial Automobile Leasing Trust 2018-3,2019-09-30,3,30,471175.51,545729.0800000001,462.0
GM Financial Automobile Leasing Trust 2018-3,2019-09-30,98,40,658730.24,913240.6599999999,0.0
GM Financial Automobile Leasing Trust 2018-3,2019-10-31,1,294,5875560.779999999,7837297.220000001,0.0
GM Financial Automobile Leasing Trust 2018-3,2019-10-31,2,1230,21768071.480000004,23405280.79,99719.47
GM Financial Automobile Leasing Trust 2018-3,2019-10-31,3,50,774082.09,956739.4400000001,2080.7
GM Financial Automobile Leasing Trust 2018-3,2019-10-31,98,33,487253.45999999996,680779.34,0.0
GM Financial Automobile Leasing Trust 2018-3,2019-11-30,1,206,4014272.12,5355610.6,0.0
GM Financial Automobile Leasing Trust 2018-3,2019-11-30,2,647,11229891.19,12397714.89,21001.809999999998
GM Financial Automobile Leasing Trust 2018-3,2019-11-30,3,45,716184.9199999999,881769.6799999999,0.0
GM Financial Automobile Leasing Trust 2018-3,2019-11-30,98,36,623920.1,816777.79,0.0
GM Financial Automobile Leasing Trust 2018-3,2019-12-31,1,225,4395831.1,5769480.91,0.0
GM Financial Automobile Leasing Trust 2018-3,2019-12-31,2,258,4336474.09,4832677.52,12082.5
GM Financial Automobile Leasing Trust 2018-3,2019-12-31,3,42,707089.95,866631.9099999999,0.0
GM Financial Automobile Leasing Trust 2018-3,2019-12-31,98,44,740162.94,967357.49,0.0
GM Financial Automobile Leasing Trust 2018-3,2020-01-31,1,234,4669664.37,6127470.630000001,0.0
GM Financial Automobile Leasing Trust 2018-3,2020-01-31,2,4180,76428619.16,82184672.35000001,612591.82
GM Financial Automobile Leasing Trust 2018-3,2020-01-31,3,39,744472.3700000001,878415.0000000001,0.0
GM Financial Automobile Leasing Trust 2018-3,2020-01-31,98,34,584755.09,728852.5100000001,0.0
GM Financial Automobile Leasing Trust 2018-3,2020-02-29,1,238,4650285.61,5966268.09,0.0
GM Financial Automobile Leasing Trust 2018-3,2020-02-29,2,1682,30372999.490000002,33134808.7,325040.58999999997
GM Financial Automobile Leasing Trust 2018-3,2020-02-29,3,24,371604.48,494438.44,1564.7400000000002
GM Financial Automobile Leasing Trust 2018-3,2020-02-29,98,27,421207.04000000004,565966.9400000001,0.0
GM Financial Automobile Leasing Trust 2018-3,2020-03-31,1,256,4749154.779999999,6165110.3,0.0
GM Financial Automobile Leasing Trust 2018-3,2020-03-31,2,1605,29708179.1,32392788.75,252845.47999999998
GM Financial Automobile Leasing Trust 2018-3,2020-03-31,3,26,400351.7,528935.21,0.0
GM Financial Automobile Leasing Trust 2018-3,2020-03-31,98,28,507708.97,647775.53,0.0
GM Financial Automobile Leasing Trust 2018-3,2020-04-30,1,130,2576106.01,3257752.8600000003,0.0
GM Financial Automobile Leasing Trust 2018-3,2020-04-30,2,854,15325867.05,17352405.46,138281.38
GM Financial Automobile Leasing Trust 2018-3,2020-04-30,3,12,188901.25,283176.9,0.0
GM Financial Automobile Leasing Trust 2018-3,2020-04-30,98,19,398628.3,438973.78,0.0
GM Financial Automobile Leasing Trust 2018-3,2020-05-31,1,185,3525284.38,4506712.95,0.0
GM Financial Automobile Leasing Trust 2018-3,2020-05-31,2,1487,26127612.15,31096581.900000002,190987.06
GM Financial Automobile Leasing Trust 2018-3,2020-05-31,3,9,120983.11,188850.39999999997,0.0
GM Financial Automobile Leasing Trust 2018-3,2020-05-31,98,16,283820.91000000003,276086.14,0.0
GM Financial Automobile Leasing Trust 2018-3,2020-06-30,1,393,7286185.26,9188650.55,0.0
GM Financial Automobile Leasing Trust 2018-3,2020-06-30,2,1851,31795025.24,38843438.02,242795.1
GM Financial Automobile Leasing Trust 2018-3,2020-06-30,3,7,106347.30000000002,167100.53,0.0
GM Financial Automobile Leasing Trust 2018-3,2020-06-30,98,20,424424.35,461276.91,0.0
GM Financial Automobile Leasing Trust 2018-3,2020-07-31,1,643,12458147.97,15553995.79,0.0
GM Financial Automobile Leasing Trust 2018-3,2020-07-31,2,1607,27255677.82,33646263.599999994,241348.26
GM Financial Automobile Leasing Trust 2018-3,2020-07-31,3,8,125076.85,153887.1,0.0
GM Financial Automobile Leasing Trust 2018-3,2020-07-31,98,21,394421.98999999993,406628.93000000005,0.0
GM Financial Automobile Leasing Trust 2018-3,2020-08-31,1,881,17745351.93,22029148.63,0.0
GM Financial Automobile Leasing Trust 2018-3,2020-08-31,2,1267,21763872.95,26425232.07,145955.94
GM Financial Automobile Leasing Trust 2018-3,2020-08-31,3,9,163889.22,181650.01,0.0
GM Financial Automobile Leasing Trust 2018-3,2020-08-31,98,20,330780.22,415527.38,0.0
GM Financial Automobile Leasing Trust 2018-3,2020-09-30,1,1135,23054571.11,28675314.89,0.0
GM Financial Automobile Leasing Trust 2018-3,2020-09-30,2,1587,26691417.11,31543386.42,172403.43
GM Financial Automobile Leasing Trust 2018-3,2020-09-30,3,13,218516.15,261878.19999999998,0.0
GM Financial Automobile Leasing Trust 2018-3,2020-09-30,98,7,147931.18,198319.64,0.0
GM Financial Automobile Leasing Trust 2018-3,2020-10-31,1,951,19476316.35,24034577.61,0.0
GM Financial Automobile Leasing Trust 2018-3,2020-10-31,2,1505,25779501.549999997,28620166.42,117626.71
GM Financial Automobile Leasing Trust 2018-3,2020-10-31,3,15,293671.52999999997,315027.68000000005,0.0
GM Financial Automobile Leasing Trust 2018-3,2020-10-31,98,8,157826.32,209233.3,0.0
GM Financial Automobile Leasing Trust 2018-3,2020-11-30,1,772,15777895.55,19240486.78,0.0
GM Financial Automobile Leasing Trust 2018-3,2020-11-30,2,1574,27035820.4,21981073.11,110153.61
GM Financial Automobile Leasing Trust 2018-3,2020-11-30,3,7,125761.85,79714.55,1631.25
GM Financial Automobile Leasing Trust 2018-3,2020-11-30,98,8,153664.84999999998,126482.2,0.0
GM Financial Automobile Leasing Trust 2018-3,2020-12-31,1,787,16910022.63,20427993.980000004,0.0
GM Financial Automobile Leasing Trust 2018-3,2020-12-31,2,1805,30813327.67,7492391.3,20525.83
GM Financial Automobile Leasing Trust 2018-3,2020-12-31,3,10,171709.16,65373.259999999995,0.0
GM Financial Automobile Leasing Trust 2018-3,2020-12-31,98,2,24093.71,20765.78,0.0
GM Financial Automobile Leasing Trust 2019-1,2019-01-31,1,83,1652750.8,2499574.0799999996,0.0
GM Financial Automobile Leasing Trust 2019-1,2019-01-31,2,31,468707.64999999997,584998.1499999999,320.08
GM Financial Automobile Leasing Trust 2019-1,2019-01-31,3,24,335050.30000000005,465605.59,0.0
GM Financial Automobile Leasing Trust 2019-1,2019-01-31,98,31,433988.30999999994,631618.4299999999,0.0
GM Financial Automobile Leasing Trust 2019-1,2019-02-28,1,94,1821371.96,2907184.3600000003,0.0
GM Financial Automobile Leasing Trust 2019-1,2019-02-28,2,127,2001270.97,2379491.81,6745.339999999999
GM Financial Automobile Leasing Trust 2019-1,2019-02-28,3,24,400756.0,607181.97,0.0
GM Financial Automobile Leasing Trust 2019-1,2019-02-28,98,17,276067.05,460817.85,0.0
GM Financial Automobile Leasing Trust 2019-1,2019-03-31,1,111,2210236.28,3411881.9300000006,0.0
GM Financial Automobile Leasing Trust 2019-1,2019-03-31,2,421,7030145.41,8412775.04,29261.819999999996
GM Financial Automobile Leasing Trust 2019-1,2019-03-31,3,35,502267.91,723875.6599999999,166.37
GM Financial Automobile Leasing Trust 2019-1,2019-03-31,98,26,386533.60000000003,571476.5499999999,0.0
GM Financial Automobile Leasing Trust 2019-1,2019-04-30,1,129,2617593.74,3921268.34,0.0
GM Financial Automobile Leasing Trust 2019-1,2019-04-30,2,315,5235913.88,6213802.05,28337.11
GM Financial Automobile Leasing Trust 2019-1,2019-04-30,3,42,668980.05,928692.72,0.0
GM Financial Automobile Leasing Trust 2019-1,2019-04-30,98,25,383974.89,525936.14,295.75
GM Financial Automobile Leasing Trust 2019-1,2019-05-31,1,187,3633966.4299999997,5297353.95,0.0
GM Financial Automobile Leasing Trust 2019-1,2019-05-31,2,473,8089295.0600000005,9579602.38,33285.05
GM Financial Automobile Leasing Trust 2019-1,2019-05-31,3,27,405588.55000000005,581240.11,0.0
GM Financial Automobile Leasing Trust 2019-1,2019-05-31,98,20,337940.04,512963.34,0.0
GM Financial Automobile Leasing Trust 2019-1,2019-06-30,1,173,3505955.16,4971812.47,0.0
GM Financial Automobile Leasing Trust 2019-1,2019-06-30,2,554,9344114.54,10906799.010000002,39251.479999999996
GM Financial Automobile Leasing Trust 2019-1,2019-06-30,3,32,510147.2,695143.71,91.12
GM Financial Automobile Leasing Trust 2019-1,2019-06-30,98,33,577665.76,770343.53,1275.5
GM Financial Automobile Leasing Trust 2019-1,2019-07-31,1,260,5079352.3100000005,7027120.75,0.0
GM Financial Automobile Leasing Trust 2019-1,2019-07-31,2,712,12266798.44,13989935.86,63175.67999999999
GM Financial Automobile Leasing Trust 2019-1,2019-07-31,3,29,432838.15,629604.67,190.98
GM Financial Automobile Leasing Trust 2019-1,2019-07-31,98,32,477327.79000000004,691904.68,0.0
GM Financial Automobile Leasing Trust 2019-1,2019-08-31,1,284,5557190.970000001,7627969.63,0.0
GM Financial Automobile Leasing Trust 2019-1,2019-08-31,2,896,15195749.82,16983789.560000002,81540.1
GM Financial Automobile Leasing Trust 2019-1,2019-08-31,3,71,1061671.27,1613630.3999999997,436.74
GM Financial Automobile Leasing Trust 2019-1,2019-08-31,98,7,129406.55,166369.58000000002,0.0
GM Financial Automobile Leasing Trust 2019-1,2019-09-30,1,271,5491918.17,7512425.29,0.0
GM Financial Automobile Leasing Trust 2019-1,2019-09-30,2,853,14943634.16,16178097.65,81624.6
GM Financial Automobile Leasing Trust 2019-1,2019-09-30,3,33,524729.74,691741.99,25.0
GM Financial Automobile Leasing Trust 2019-1,2019-09-30,4,1,13933.4,0.0,0.0
GM Financial Automobile Leasing Trust 2019-1,2019-09-30,98,38,598101.3899999999,840061.7599999999,0.0
GM Financial Automobile Leasing Trust 2019-1,2019-10-31,1,242,4793537.45,6516489.949999999,0.0
GM Financial Automobile Leasing Trust 2019-1,2019-10-31,2,821,14200547.89,15416522.77,41767.29
GM Financial Automobile Leasing Trust 2019-1,2019-10-31,3,30,474290.69999999995,596978.65,1253.58
GM Financial Automobile Leasing Trust 2019-1,2019-10-31,98,52,758627.2100000001,1103668.0499999998,0.0
GM Financial Automobile Leasing Trust 2019-1,2019-11-30,1,155,3002298.91,4185964.62,0.0
GM Financial Automobile Leasing Trust 2019-1,2019-11-30,2,490,8276266.819999999,9179106.54,12420.07
GM Financial Automobile Leasing Trust 2019-1,2019-11-30,3,37,641591.81,823146.6,610.8199999999999
GM Financial Automobile Leasing Trust 2019-1,2019-11-30,98,30,511993.5,733612.6199999998,0.0
GM Financial Automobile Leasing Trust 2019-1,2019-12-31,1,184,3594077.74,4885417.880000001,0.0
GM Financial Automobile Leasing Trust 2019-1,2019-12-31,2,197,3423333.54,3827640.4299999997,3374.5
GM Financial Automobile Leasing Trust 2019-1,2019-12-31,3,43,668899.98,831617.33,772.5
GM Financial Automobile Leasing Trust 2019-1,2019-12-31,98,49,753747.7799999999,1115786.48,0.0
GM Financial Automobile Leasing Trust 2019-1,2020-01-31,1,189,3697889.9800000004,5099498.8100000005,0.0
GM Financial Automobile Leasing Trust 2019-1,2020-01-31,2,2524,45218641.16,48893439.379999995,353323.97
GM Financial Automobile Leasing Trust 2019-1,2020-01-31,3,44,647382.85,864454.12,1073.05
GM Financial Automobile Leasing Trust 2019-1,2020-01-31,98,55,936214.81,1219063.23,0.0
GM Financial Automobile Leasing Trust 2019-1,2020-02-29,1,166,3115223.8499999996,4275305.76,0.0
GM Financial Automobile Leasing Trust 2019-1,2020-02-29,2,1093,19706669.8,21539561.39,151767.11000000002
GM Financial Automobile Leasing Trust 2019-1,2020-02-29,3,45,714904.68,955840.6,587.1
GM Financial Automobile Leasing Trust 2019-1,2020-02-29,98,24,419026.74000000005,589880.95,0.0
GM Financial Automobile Leasing Trust 2019-1,2020-03-31,1,180,3406698.09,4574853.279999999,0.0
GM Financial Automobile Leasing Trust 2019-1,2020-03-31,2,1064,19069939.36,21024216.15,129191.82
GM Financial Automobile Leasing Trust 2019-1,2020-03-31,3,32,559415.54,744812.14,193.59
GM Financial Automobile Leasing Trust 2019-1,2020-03-31,98,29,447659.86999999994,635408.97,0.0
GM Financial Automobile Leasing Trust 2019-1,2020-04-30,1,107,2181276.65,2986057.8000000003,0.0
GM Financial Automobile Leasing Trust 2019-1,2020-04-30,2,693,12477465.77,13934322.0,101512.95
GM Financial Automobile Leasing Trust 2019-1,2020-04-30,3,11,160856.90999999997,212400.71,0.0
GM Financial Automobile Leasing Trust 2019-1,2020-04-30,98,17,263870.36,345836.93,0.0
GM Financial Automobile Leasing Trust 2019-1,2020-05-31,1,180,3336898.7699999996,4409450.18,0.0
GM Financial Automobile Leasing Trust 2019-1,2020-05-31,2,1436,25864537.34,30394770.400000002,148095.41999999998
GM Financial Automobile Leasing Trust 2019-1,2020-05-31,3,30,461914.5,701842.76,913.89
GM Financial Automobile Leasing Trust 2019-1,2020-05-31,98,23,345757.4,411901.39,0.0
GM Financial Automobile Leasing Trust 2019-1,2020-06-30,1,372,7161361.73,9195885.64,0.0
GM Financial Automobile Leasing Trust 2019-1,2020-06-30,2,1600,28030600.67,34125075.730000004,175821.3
GM Financial Automobile Leasing Trust 2019-1,2020-06-30,3,19,326911.23,466484.83999999997,1158.25
GM Financial Automobile Leasing Trust 2019-1,2020-06-30,98,34,580790.4400000001,760955.54,0.0
GM Financial Automobile Leasing Trust 2019-1,2020-07-31,1,650,12446215.989999998,15780316.49,0.0
GM Financial Automobile Leasing Trust 2019-1,2020-07-31,2,1558,26813712.98,32999171.43,163061.09999999998
GM Financial Automobile Leasing Trust 2019-1,2020-07-31,3,22,335996.5,480985.49,0.0
GM Financial Automobile Leasing Trust 2019-1,2020-07-31,98,22,371260.54000000004,441555.00999999995,0.0
GM Financial Automobile Leasing Trust 2019-1,2020-08-31,1,833,16491927.68,20858075.36,0.0
GM Financial Automobile Leasing Trust 2019-1,2020-08-31,2,1216,20666314.13,24833104.84,112207.22
GM Financial Automobile Leasing Trust 2019-1,2020-08-31,3,16,242842.56,334620.19,0.0
GM Financial Automobile Leasing Trust 2019-1,2020-08-31,98,25,391796.70999999996,482693.75999999995,0.0
GM Financial Automobile Leasing Trust 2019-1,2020-09-30,1,1024,21032208.82,26391635.71,0.0
GM Financial Automobile Leasing Trust 2019-1,2020-09-30,2,1319,21774508.07,26166261.46,123097.49
GM Financial Automobile Leasing Trust 2019-1,2020-09-30,3,24,425892.77,543514.85,0.0
GM Financial Automobile Leasing Trust 2019-1,2020-09-30,98,17,284548.12,353643.59,0.0
GM Financial Automobile Leasing Trust 2019-1,2020-10-31,1,828,16887233.49,21076530.35,0.0
GM Financial Automobile Leasing Trust 2019-1,2020-10-31,2,1099,18512578.37,22182635.82,94605.8
GM Financial Automobile Leasing Trust 2019-1,2020-10-31,3,15,275444.35,304804.24999999994,397.75
GM Financial Automobile Leasing Trust 2019-1,2020-10-31,98,8,106560.58,164119.34999999998,0.0
GM Financial Automobile Leasing Trust 2019-1,2020-11-30,1,647,13573592.61,16934929.72,0.0
GM Financial Automobile Leasing Trust 2019-1,2020-11-30,2,695,11935100.969999999,14359230.48,39749.71
GM Financial Automobile Leasing Trust 2019-1,2020-11-30,3,17,276018.77,307835.41000000003,0.0
GM Financial Automobile Leasing Trust 2019-1,2020-11-30,98,15,237770.62000000002,315365.77,0.0
GM Financial Automobile Leasing Trust 2019-1,2020-12-31,1,689,14905122.56,18413416.740000002,0.0
GM Financial Automobile Leasing Trust 2019-1,2020-12-31,2,194,3226341.87,3897906.37,6017.47
GM Financial Automobile Leasing Trust 2019-1,2020-12-31,3,13,209834.25,261221.18,0.0
GM Financial Automobile Leasing Trust 2019-1,2020-12-31,98,10,232282.2,251514.5,0.0
GM Financial Automobile Leasing Trust 2019-1,2021-01-31,1,661,13603694.83,16680643.940000001,2710.85
GM Financial Automobile Leasing Trust 2019-1,2021-01-31,2,3791,64490121.84,74136433.12,576199.38
GM Financial Automobile Leasing Trust 2019-1,2021-01-31,3,12,152712.48,157227.08999999997,0.0
GM Financial Automobile Leasing Trust 2019-1,2021-01-31,98,6,78696.1,93345.58,0.0
GM Financial Automobile Leasing Trust 2019-1,2021-02-28,1,613,13083311.36,15873088.19,0.0
GM Financial Automobile Leasing Trust 2019-1,2021-02-28,2,1554,26177180.28,30173605.43,195941.65999999997
GM Financial Automobile Leasing Trust 2019-1,2021-02-28,3,7,145630.95,204503.59,0.0
GM Financial Automobile Leasing Trust 2019-1,2021-02-28,98,10,185498.25,223290.67,0.0
GM Financial Automobile Leasing Trust 2019-1,2021-03-31,1,1342,26586076.13,32440612.61,0.0
GM Financial Automobile Leasing Trust 2019-1,2021-03-31,2,1188,19060534.12,19315865.53,118482.57
GM Financial Automobile Leasing Trust 2019-1,2021-03-31,3,8,110398.4,142393.41999999998,0.0
GM Financial Automobile Leasing Trust 2019-1,2021-03-31,98,11,212367.41000000003,225344.47000000003,0.0
GM Financial Automobile Leasing Trust 2019-1,2021-04-30,1,1815,34992981.089999996,43156710.169999994,0.0
GM Financial Automobile Leasing Trust 2019-1,2021-04-30,2,502,8293910.280000001,9586067.01,38269.850000000006
GM Financial Automobile Leasing Trust 2019-1,2021-04-30,3,6,103543.43,173361.66,0.0
GM Financial Automobile Leasing Trust 2019-1,2021-04-30,98,3,51350.1,62739.020000000004,0.0
GM Financial Automobile Leasing Trust 2019-1,2021-05-31,1,1980,36157885.61,45178746.519999996,0.0
GM Financial Automobile Leasing Trust 2019-1,2021-05-31,2,213,3340356.6799999997,2296692.4699999997,24291.870000000003
GM Financial Automobile Leasing Trust 2019-1,2021-05-31,3,4,65743.25,27632.0,0.0
GM Financial Automobile Leasing Trust 2019-1,2021-05-31,98,6,129473.55,100909.78,0.0
GM Financial Automobile Leasing Trust 2019-2,2019-04-30,1,132,2811888.0000000005,4195834.390000001,0.0
GM Financial Automobile Leasing Trust 2019-2,2019-04-30,2,243,4347535.4399999995,5022180.88,14690.24
GM Financial Automobile Leasing Trust 2019-2,2019-04-30,3,23,359131.24000000005,510083.10000000003,0.0
GM Financial Automobile Leasing Trust 2019-2,2019-04-30,98,21,291017.75,430182.94,0.0
GM Financial Automobile Leasing Trust 2019-2,2019-05-31,1,128,2749496.62,3912445.2399999998,0.0
GM Financial Automobile Leasing Trust 2019-2,2019-05-31,2,356,6137417.930000001,7092043.83,27068.010000000002
GM Financial Automobile Leasing Trust 2019-2,2019-05-31,3,36,585355.1599999999,818157.2100000001,0.0
GM Financial Automobile Leasing Trust 2019-2,2019-05-31,98,24,343982.46,505205.39,0.0
GM Financial Automobile Leasing Trust 2019-2,2019-06-30,1,201,4016311.49,5859119.859999999,0.0
GM Financial Automobile Leasing Trust 2019-2,2019-06-30,2,430,7320458.199999999,8308721.58,26766.98
GM Financial Automobile Leasing Trust 2019-2,2019-06-30,3,23,351158.95999999996,498229.09,211.84
GM Financial Automobile Leasing Trust 2019-2,2019-06-30,98,26,378624.39999999997,538080.5399999999,1081.25
GM Financial Automobile Leasing Trust 2019-2,2019-07-31,1,316,6347099.85,8770171.790000001,0.0
GM Financial Automobile Leasing Trust 2019-2,2019-07-31,2,755,13384323.96,14816131.309999999,98642.54
GM Financial Automobile Leasing Trust 2019-2,2019-07-31,3,27,464497.32,634907.2599999999,0.0
GM Financial Automobile Leasing Trust 2019-2,2019-07-31,98,30,519908.17999999993,763512.88,0.0
GM Financial Automobile Leasing Trust 2019-2,2019-08-31,1,224,4518563.98,6316194.66,0.0
GM Financial Automobile Leasing Trust 2019-2,2019-08-31,2,523,9171684.149999999,10055958.919999998,59686.45
GM Financial Automobile Leasing Trust 2019-2,2019-08-31,3,84,1373388.7999999998,2015058.83,1294.88
GM Financial Automobile Leasing Trust 2019-2,2019-08-31,4,1,17873.0,0.0,0.0
GM Financial Automobile Leasing Trust 2019-2,2019-08-31,98,5,67520.45,76672.97,0.0
GM Financial Automobile Leasing Trust 2019-2,2019-09-30,1,215,4199737.079999999,5989950.109999999,0.0
GM Financial Automobile Leasing Trust 2019-2,2019-09-30,2,553,10029562.66,10802680.61,46029.1
GM Financial Automobile Leasing Trust 2019-2,2019-09-30,3,40,649227.61,847405.75,1274.7
GM Financial Automobile Leasing Trust 2019-2,2019-09-30,98,46,734761.74,1084964.23,0.0
GM Financial Automobile Leasing Trust 2019-2,2019-10-31,1,203,4011156.0,5731556.399999999,0.0
GM Financial Automobile Leasing Trust 2019-2,2019-10-31,2,622,10795500.87,11679822.94,32453.62
GM Financial Automobile Leasing Trust 2019-2,2019-10-31,3,47,771554.49,957870.5400000002,162.0
GM Financial Automobile Leasing Trust 2019-2,2019-10-31,98,69,1083741.7499999998,1544024.8799999997,0.0
GM Financial Automobile Leasing Trust 2019-2,2019-11-30,1,153,3111579.6,4365700.12,0.0
GM Financial Automobile Leasing Trust 2019-2,2019-11-30,2,443,7524887.4399999995,8315052.69,22319.07
GM Financial Automobile Leasing Trust 2019-2,2019-11-30,3,48,738928.13,953593.5700000001,0.0
GM Financial Automobile Leasing Trust 2019-2,2019-11-30,98,51,750574.69,1137645.82,0.0
GM Financial Automobile Leasing Trust 2019-2,2019-12-31,1,181,3630147.01,5199168.57,0.0
GM Financial Automobile Leasing Trust 2019-2,2019-12-31,2,165,2885647.3499999996,3188934.4899999998,4199.25
GM Financial Automobile Leasing Trust 2019-2,2019-12-31,3,41,708679.94,926912.07,290.25
GM Financial Automobile Leasing Trust 2019-2,2019-12-31,98,36,509406.50000000006,719717.68,0.0
GM Financial Automobile Leasing Trust 2019-2,2020-01-31,1,190,3620501.91,5183164.26,2285.5
GM Financial Automobile Leasing Trust 2019-2,2020-01-31,2,2117,38200866.64,41064450.82,315165.22
GM Financial Automobile Leasing Trust 2019-2,2020-01-31,3,57,882609.5,1151660.15,23.33
GM Financial Automobile Leasing Trust 2019-2,2020-01-31,98,49,852581.79,1199149.6,0.0
GM Financial Automobile Leasing Trust 2019-2,2020-02-29,1,170,3373964.9699999997,4670534.96,0.0
GM Financial Automobile Leasing Trust 2019-2,2020-02-29,2,919,16179838.030000001,17863050.360000003,138846.56
GM Financial Automobile Leasing Trust 2019-2,2020-02-29,3,42,631943.0700000001,795035.4500000001,52.96
GM Financial Automobile Leasing Trust 2019-2,2020-02-29,98,41,604566.56,804987.1099999999,0.0
GM Financial Automobile Leasing Trust 2019-2,2020-03-31,1,209,4028218.2699999996,5557862.779999999,0.0
GM Financial Automobile Leasing Trust 2019-2,2020-03-31,2,898,16011048.469999999,17578102.67,107335.78
GM Financial Automobile Leasing Trust 2019-2,2020-03-31,3,46,720729.6900000001,978174.46,521.33
GM Financial Automobile Leasing Trust 2019-2,2020-03-31,98,35,543826.13,743963.2,0.0
GM Financial Automobile Leasing Trust 2019-2,2020-04-30,1,152,2990080.19,4113070.55,0.0
GM Financial Automobile Leasing Trust 2019-2,2020-04-30,2,512,8998093.57,10324476.19,61261.479999999996
GM Financial Automobile Leasing Trust 2019-2,2020-04-30,3,26,360568.20999999996,544945.59,0.0
GM Financial Automobile Leasing Trust 2019-2,2020-04-30,98,30,448279.62000000005,610216.3499999999,0.0
GM Financial Automobile Leasing Trust 2019-2,2020-05-31,1,197,3870158.9899999998,5107796.75,0.0
GM Financial Automobile Leasing Trust 2019-2,2020-05-31,2,1187,21317868.43,25142184.2,120464.85999999999
GM Financial Automobile Leasing Trust 2019-2,2020-05-31,3,33,501466.24999999994,765480.38,0.0
GM Financial Automobile Leasing Trust 2019-2,2020-05-31,98,30,494737.03,617795.0400000002,0.0
GM Financial Automobile Leasing Trust 2019-2,2020-06-30,1,323,6319736.3100000005,8112434.39,0.0
GM Financial Automobile Leasing Trust 2019-2,2020-06-30,2,1286,22678428.5,27591441.19,140613.39
GM Financial Automobile Leasing Trust 2019-2,2020-06-30,3,32,465578.76,647950.29,250.0
GM Financial Automobile Leasing Trust 2019-2,2020-06-30,98,31,456612.2100000001,618242.82,0.0
GM Financial Automobile Leasing Trust 2019-2,2020-07-31,1,633,12308944.04,15732889.91,0.0
GM Financial Automobile Leasing Trust 2019-2,2020-07-31,2,1225,20571869.189999998,25313528.58,127755.15
GM Financial Automobile Leasing Trust 2019-2,2020-07-31,3,33,543593.47,779309.44,0.0
GM Financial Automobile Leasing Trust 2019-2,2020-07-31,98,38,620469.35,858977.3699999999,0.0
GM Financial Automobile Leasing Trust 2019-2,2020-08-31,1,765,15030790.98,19202252.869999997,0.0
GM Financial Automobile Leasing Trust 2019-2,2020-08-31,2,1022,17095079.43,20434096.71,100828.62
GM Financial Automobile Leasing Trust 2019-2,2020-08-31,3,24,393517.5,510543.03,0.0
GM Financial Automobile Leasing Trust 2019-2,2020-08-31,98,19,315257.63999999996,418667.63000000006,0.0
GM Financial Automobile Leasing Trust 2019-2,2020-09-30,1,918,18197669.29,23197761.02,0.0
GM Financial Automobile Leasing Trust 2019-2,2020-09-30,2,1207,20525285.119999997,24484991.4,94225.27
GM Financial Automobile Leasing Trust 2019-2,2020-09-30,3,33,468775.19,618616.4,347.44
GM Financial Automobile Leasing Trust 2019-2,2020-09-30,98,25,395574.25,504061.02,0.0
GM Financial Automobile Leasing Trust 2019-2,2020-10-31,1,824,17058201.560000002,21594324.23,0.0
GM Financial Automobile Leasing Trust 2019-2,2020-10-31,2,1178,19620182.86,23058887.19,84509.75
GM Financial Automobile Leasing Trust 2019-2,2020-10-31,3,24,358850.06,487627.72,0.0
GM Financial Automobile Leasing Trust 2019-2,2020-10-31,98,19,299567.35,373530.74,0.0
GM Financial Automobile Leasing Trust 2019-2,2020-11-30,1,648,13671688.34,17331598.21,0.0
GM Financial Automobile Leasing Trust 2019-2,2020-11-30,2,740,12183826.85,14515902.149999999,36063.44
GM Financial Automobile Leasing Trust 2019-2,2020-11-30,3,20,302278.99,389553.20999999996,650.0
GM Financial Automobile Leasing Trust 2019-2,2020-11-30,98,14,234651.31999999998,277620.55,0.0
GM Financial Automobile Leasing Trust 2019-2,2020-12-31,1,724,15052204.61,18831559.17,0.0
GM Financial Automobile Leasing Trust 2019-2,2020-12-31,2,210,3413409.5,4063486.2700000005,2077.75
GM Financial Automobile Leasing Trust 2019-2,2020-12-31,3,32,557892.1599999999,678478.31,0.0
GM Financial Automobile Leasing Trust 2019-2,2020-12-31,98,13,198512.50000000003,271871.13,0.0
GM Financial Automobile Leasing Trust 2019-2,2021-01-31,1,599,12471267.69,15433356.389999999,540.75
GM Financial Automobile Leasing Trust 2019-2,2021-01-31,2,3762,61695412.17,72836855.36999999,534269.19
GM Financial Automobile Leasing Trust 2019-2,2021-01-31,3,22,347945.63,490116.3300000001,974.45
GM Financial Automobile Leasing Trust 2019-2,2021-01-31,98,19,289542.67000000004,393393.67,0.0
GM Financial Automobile Leasing Trust 2019-2,2021-02-28,1,589,12289193.080000002,15263711.509999998,0.0
GM Financial Automobile Leasing Trust 2019-2,2021-02-28,2,1328,22095265.990000002,29214803.84,198273.9
GM Financial Automobile Leasing Trust 2019-2,2021-02-28,3,12,154970.11000000002,233572.71,0.0
GM Financial Automobile Leasing Trust 2019-2,2021-02-28,98,6,88381.48,126248.04000000001,0.0
GM Financial Automobile Leasing Trust 2019-2,2021-03-31,1,1266,24742414.349999998,30651810.830000002,0.0
GM Financial Automobile Leasing Trust 2019-2,2021-03-31,2,1048,16908068.509999998,23899990.22,110706.17
GM Financial Automobile Leasing Trust 2019-2,2021-03-31,3,14,238076.65000000002,353860.43,0.0
GM Financial Automobile Leasing Trust 2019-2,2021-03-31,98,9,193802.08000000002,234281.77000000002,0.24
GM Financial Automobile Leasing Trust 2019-2,2021-04-30,1,1710,31458972.349999998,39702270.85,0.0
GM Financial Automobile Leasing Trust 2019-2,2021-04-30,2,432,6926215.48,10166782.920000002,42647.34
GM Financial Automobile Leasing Trust 2019-2,2021-04-30,3,10,165421.82,233159.55,0.0
GM Financial Automobile Leasing Trust 2019-2,2021-04-30,98,18,260551.09999999998,315483.11,0.0
GM Financial Automobile Leasing Trust 2019-2,2021-05-31,1,1826,33359596.93,42450271.49,0.0
GM Financial Automobile Leasing Trust 2019-2,2021-05-31,2,219,3409722.21,4743613.3100000005,33075.409999999996
GM Financial Automobile Leasing Trust 2019-2,2021-05-31,3,8,111369.7,159231.09999999998,0.0
GM Financial Automobile Leasing Trust 2019-2,2021-05-31,98,9,137759.35,185376.93,0.0
GM Financial Automobile Leasing Trust 2019-2,2021-06-30,1,2192,39032492.54,50211114.349999994,0.0
GM Financial Automobile Leasing Trust 2019-2,2021-06-30,2,141,2308336.7199999997,2929445.66,8313.67
GM Financial Automobile Leasing Trust 2019-2,2021-06-30,3,12,164543.11,210690.08,0.0
GM Financial Automobile Leasing Trust 2019-2,2021-06-30,98,9,156173.41,209106.72999999998,200.0
GM Financial Automobile Leasing Trust 2019-2,2021-07-31,1,1809,32482736.93,41281466.480000004,0.0
GM Financial Automobile Leasing Trust 2019-2,2021-07-31,2,141,2112580.14,2223740.8499999996,11564.75
GM Financial Automobile Leasing Trust 2019-2,2021-07-31,3,4,73147.47,88017.76999999999,0.0
GM Financial Automobile Leasing Trust 2019-2,2021-07-31,98,11,156911.2,273701.72,0.0
GM Financial Automobile Leasing Trust 2019-2,2021-08-31,1,1614,28905348.230000004,36921089.36,0.0
GM Financial Automobile Leasing Trust 2019-2,2021-08-31,2,112,1667893.18,619890.0900000001,832.6800000000001
GM Financial Automobile Leasing Trust 2019-2,2021-08-31,3,4,76855.95,0.0,0.0
GM Financial Automobile Leasing Trust 2019-2,2021-08-31,98,15,236332.28,187003.53999999998,0.0
GM Financial Automobile Leasing Trust 2019-3,2019-07-31,1,109,2260089.3800000004,3494182.8899999997,0.0
GM Financial Automobile Leasing Trust 2019-3,2019-07-31,2,164,2946096.24,3501287.8499999996,9541.400000000001
GM Financial Automobile Leasing Trust 2019-3,2019-07-31,3,16,241455.1,347581.07,176.83
GM Financial Automobile Leasing Trust 2019-3,2019-07-31,98,23,359581.64999999997,521164.76999999996,292.0
GM Financial Automobile Leasing Trust 2019-3,2019-08-31,1,138,2785218.34,4067376.1500000004,0.0
GM Financial Automobile Leasing Trust 2019-3,2019-08-31,2,209,3582719.0,4086738.76,20491.39
GM Financial Automobile Leasing Trust 2019-3,2019-08-31,3,52,821021.6799999998,1258898.15,151.2
GM Financial Automobile Leasing Trust 2019-3,2019-08-31,4,1,14745.0,0.0,0.0
GM Financial Automobile Leasing Trust 2019-3,2019-08-31,98,5,82973.84999999999,128323.69,0.0
GM Financial Automobile Leasing Trust 2019-3,2019-09-30,1,149,2889682.52,4162931.1799999997,0.0
GM Financial Automobile Leasing Trust 2019-3,2019-09-30,2,302,5444571.88,5960889.59,18033.78
GM Financial Automobile Leasing Trust 2019-3,2019-09-30,3,20,287580.4,409379.92000000004,671.78
GM Financial Automobile Leasing Trust 2019-3,2019-09-30,98,31,478724.91,744386.9999999999,0.0
GM Financial Automobile Leasing Trust 2019-3,2019-10-31,1,192,3776205.15,5230443.9,0.0
GM Financial Automobile Leasing Trust 2019-3,2019-10-31,2,544,10094340.530000001,10784839.83,55158.92
GM Financial Automobile Leasing Trust 2019-3,2019-10-31,3,17,261886.88,378421.44999999995,0.0
GM Financial Automobile Leasing Trust 2019-3,2019-10-31,98,31,476175.97,719036.99,0.0
GM Financial Automobile Leasing Trust 2019-3,2019-11-30,1,88,1784421.98,2511418.18,0.0
GM Financial Automobile Leasing Trust 2019-3,2019-11-30,2,229,4125513.9599999995,4517944.83,9585.09
GM Financial Automobile Leasing Trust 2019-3,2019-11-30,3,30,477409.48,609651.3300000001,412.0
GM Financial Automobile Leasing Trust 2019-3,2019-11-30,98,38,561762.4299999999,850262.04,0.0
GM Financial Automobile Leasing Trust 2019-3,2019-12-31,1,109,2269321.73,3198337.7800000003,0.0
GM Financial Automobile Leasing Trust 2019-3,2019-12-31,2,86,1558907.27,1739368.3800000001,307.75
GM Financial Automobile Leasing Trust 2019-3,2019-12-31,3,43,654050.94,874461.9199999999,214.7
GM Financial Automobile Leasing Trust 2019-3,2019-12-31,98,31,485939.68,743865.68,0.0
GM Financial Automobile Leasing Trust 2019-3,2020-01-31,1,113,2215025.61,3227532.1299999994,0.0
GM Financial Automobile Leasing Trust 2019-3,2020-01-31,2,1219,22211045.82,23938762.610000003,212297.28999999998
GM Financial Automobile Leasing Trust 2019-3,2020-01-31,3,37,569557.64,760586.62,236.0
GM Financial Automobile Leasing Trust 2019-3,2020-01-31,98,46,702129.94,962800.5,0.0
GM Financial Automobile Leasing Trust 2019-3,2020-02-29,1,94,1837031.15,2575301.1799999997,0.0
GM Financial Automobile Leasing Trust 2019-3,2020-02-29,2,545,9956527.98,10869141.91,73409.67000000001
GM Financial Automobile Leasing Trust 2019-3,2020-02-29,3,22,386435.78,546292.77,0.0
GM Financial Automobile Leasing Trust 2019-3,2020-02-29,98,35,570945.9800000001,774456.6499999999,0.0
GM Financial Automobile Leasing Trust 2019-3,2020-03-31,1,114,2196351.4800000004,3103912.2300000004,0.0
GM Financial Automobile Leasing Trust 2019-3,2020-03-31,2,582,10454067.280000001,11439169.58,75109.03
GM Financial Automobile Leasing Trust 2019-3,2020-03-31,3,29,506262.52999999997,699003.96,0.0
GM Financial Automobile Leasing Trust 2019-3,2020-03-31,98,26,434292.8,637394.83,0.0
GM Financial Automobile Leasing Trust 2019-3,2020-04-30,1,75,1592766.7300000002,2183131.6500000004,0.0
GM Financial Automobile Leasing Trust 2019-3,2020-04-30,2,357,6334458.3,7148033.57,41990.5
GM Financial Automobile Leasing Trust 2019-3,2020-04-30,3,14,279246.18,404934.6000000001,0.0
GM Financial Automobile Leasing Trust 2019-3,2020-04-30,98,17,276234.16,380750.25,0.0
GM Financial Automobile Leasing Trust 2019-3,2020-05-31,1,115,2238450.9599999995,3010493.73,0.0
GM Financial Automobile Leasing Trust 2019-3,2020-05-31,2,742,13095534.18,15439210.7,63748.12
GM Financial Automobile Leasing Trust 2019-3,2020-05-31,3,20,364062.7,514003.76,0.0
GM Financial Automobile Leasing Trust 2019-3,2020-05-31,98,22,384571.22000000003,513340.14,0.0
GM Financial Automobile Leasing Trust 2019-3,2020-06-30,1,225,4305825.07,5638648.109999999,0.0
GM Financial Automobile Leasing Trust 2019-3,2020-06-30,2,858,15097243.79,18126307.35,87819.67
GM Financial Automobile Leasing Trust 2019-3,2020-06-30,3,19,293962.27999999997,470682.61,0.0
GM Financial Automobile Leasing Trust 2019-3,2020-06-30,98,19,285481.12000000005,401829.55,0.0
GM Financial Automobile Leasing Trust 2019-3,2020-07-31,1,358,6903590.92,8836670.14,0.0
GM Financial Automobile Leasing Trust 2019-3,2020-07-31,2,735,12668776.32,15373085.33,85146.06999999999
GM Financial Automobile Leasing Trust 2019-3,2020-07-31,3,24,370231.69999999995,523774.48,2.0
GM Financial Automobile Leasing Trust 2019-3,2020-07-31,98,34,580113.9799999999,850118.9,0.0
GM Financial Automobile Leasing Trust 2019-3,2020-08-31,1,502,10180363.69,13189980.569999998,0.0
GM Financial Automobile Leasing Trust 2019-3,2020-08-31,2,647,10986109.7,13058494.629999999,65927.23
GM Financial Automobile Leasing Trust 2019-3,2020-08-31,3,24,440731.66000000003,568181.38,0.0
GM Financial Automobile Leasing Trust 2019-3,2020-08-31,98,25,420846.01,599515.38,0.0
GM Financial Automobile Leasing Trust 2019-3,2020-09-30,1,578,11820102.690000001,15198224.76,0.0
GM Financial Automobile Leasing Trust 2019-3,2020-09-30,2,758,12503677.75,14823311.129999999,65702.35
GM Financial Automobile Leasing Trust 2019-3,2020-09-30,3,23,387963.24999999994,547378.02,197.55
GM Financial Automobile Leasing Trust 2019-3,2020-09-30,98,22,348088.95,437692.43,0.0
GM Financial Automobile Leasing Trust 2019-3,2020-10-31,1,552,11405562.72,14706606.46,0.0
GM Financial Automobile Leasing Trust 2019-3,2020-10-31,2,759,12526072.73,14641615.04,49911.64
GM Financial Automobile Leasing Trust 2019-3,2020-10-31,3,25,443097.98,567690.95,171.0
GM Financial Automobile Leasing Trust 2019-3,2020-10-31,98,16,240831.28000000003,380357.35,0.0
GM Financial Automobile Leasing Trust 2019-3,2020-11-30,1,441,9497277.93,12106362.51,0.0
GM Financial Automobile Leasing Trust 2019-3,2020-11-30,2,515,8380800.1,9861058.03,15220.949999999999
GM Financial Automobile Leasing Trust 2019-3,2020-11-30,3,35,522767.14,654263.5299999999,0.0
GM Financial Automobile Leasing Trust 2019-3,2020-11-30,98,9,148971.16,211484.81,0.0
GM Financial Automobile Leasing Trust 2019-3,2020-12-31,1,465,9873513.1,12471298.169999998,0.0
GM Financial Automobile Leasing Trust 2019-3,2020-12-31,2,118,2054961.05,2412934.23,5693.13
GM Financial Automobile Leasing Trust 2019-3,2020-12-31,3,34,528832.42,751601.39,586.5
GM Financial Automobile Leasing Trust 2019-3,2020-12-31,98,18,309480.07,432355.56,0.0
GM Financial Automobile Leasing Trust 2019-3,2021-01-31,1,445,9417954.57,11775044.870000001,0.0
GM Financial Automobile Leasing Trust 2019-3,2021-01-31,2,2818,46917945.1,55032867.629999995,314500.20999999996
GM Financial Automobile Leasing Trust 2019-3,2021-01-31,3,19,277890.51,382184.66,625.0
GM Financial Automobile Leasing Trust 2019-3,2021-01-31,98,9,144105.51,193715.82,0.0
GM Financial Automobile Leasing Trust 2019-3,2021-02-28,1,424,8804811.969999999,10838792.809999999,355.49
GM Financial Automobile Leasing Trust 2019-3,2021-02-28,2,1095,18090176.5,24289013.64,154290.68
GM Financial Automobile Leasing Trust 2019-3,2021-02-28,3,15,206537.63999999998,328143.51999999996,0.0
GM Financial Automobile Leasing Trust 2019-3,2021-02-28,98,16,280252.9,369359.03,0.0
GM Financial Automobile Leasing Trust 2019-3,2021-03-31,1,917,18585677.04,23125084.73,0.0
GM Financial Automobile Leasing Trust 2019-3,2021-03-31,2,823,13109483.14,19250865.580000002,93564.16
GM Financial Automobile Leasing Trust 2019-3,2021-03-31,3,26,432142.56,592163.22,0.0
GM Financial Automobile Leasing Trust 2019-3,2021-03-31,98,7,105542.95000000001,122765.06,0.0
GM Financial Automobile Leasing Trust 2019-3,2021-04-30,1,1221,22828417.09,29119226.840000004,0.0
GM Financial Automobile Leasing Trust 2019-3,2021-04-30,2,356,5884493.3,8897347.93,43217.69
GM Financial Automobile Leasing Trust 2019-3,2021-04-30,3,6,95325.11,145177.49,0.0
GM Financial Automobile Leasing Trust 2019-3,2021-04-30,98,13,242115.13,351183.6,0.0
GM Financial Automobile Leasing Trust 2019-3,2021-05-31,1,1495,27623816.86,35566176.980000004,0.0
GM Financial Automobile Leasing Trust 2019-3,2021-05-31,2,174,2833641.1799999997,4211417.949999999,23576.35
GM Financial Automobile Leasing Trust 2019-3,2021-05-31,3,6,96787.05,118256.15,0.0
GM Financial Automobile Leasing Trust 2019-3,2021-05-31,98,7,115061.60999999999,180630.2,0.0
GM Financial Automobile Leasing Trust 2019-3,2021-06-30,1,1685,31087468.43,39983711.03,0.0
GM Financial Automobile Leasing Trust 2019-3,2021-06-30,2,125,1999618.56,2851249.5999999996,15147.08
GM Financial Automobile Leasing Trust 2019-3,2021-06-30,3,4,60935.92,78119.25,0.0
GM Financial Automobile Leasing Trust 2019-3,2021-06-30,98,7,117284.06,202887.2,0.0
GM Financial Automobile Leasing Trust 2019-3,2021-07-31,1,1487,26475065.700000003,34030499.89,0.0
GM Financial Automobile Leasing Trust 2019-3,2021-07-31,2,104,1644618.0100000002,2205183.54,22319.34
GM Financial Automobile Leasing Trust 2019-3,2021-07-31,3,2,31464.0,30206.41,0.0
GM Financial Automobile Leasing Trust 2019-3,2021-07-31,98,9,143701.66999999998,221696.23,0.0
GM Financial Automobile Leasing Trust 2019-3,2021-08-31,1,1303,23694673.66,30362182.15,0.0
GM Financial Automobile Leasing Trust 2019-3,2021-08-31,2,101,1627222.19,1992023.28,15108.07
GM Financial Automobile Leasing Trust 2019-3,2021-08-31,3,2,43702.75,70961.95,0.0
GM Financial Automobile Leasing Trust 2019-3,2021-08-31,98,7,119927.49999999999,208206.9,0.0
GM Financial Automobile Leasing Trust 2019-3,2021-09-30,1,1315,23571212.240000002,30138979.849999998,0.0
GM Financial Automobile Leasing Trust 2019-3,2021-09-30,2,66,1002734.91,810976.06,11470.42
GM Financial Automobile Leasing Trust 2019-3,2021-09-30,3,5,123849.7,168284.46000000002,0.0
GM Financial Automobile Leasing Trust 2019-3,2021-09-30,98,11,175004.6,285658.38,0.0
GM Financial Automobile Leasing Trust 2019-3,2021-10-31,1,1401,25176194.78,32051214.78,0.0
GM Financial Automobile Leasing Trust 2019-3,2021-10-31,2,40,588501.2899999999,268328.42000000004,9830.029999999999
GM Financial Automobile Leasing Trust 2019-3,2021-10-31,3,5,87626.58,150940.8,0.0
GM Financial Automobile Leasing Trust 2019-3,2021-10-31,98,19,304037.45,402982.54,0.0
GM Financial Automobile Leasing Trust 2019-3,2021-11-30,1,1422,25855453.299999997,32921363.76,0.0
GM Financial Automobile Leasing Trust 2019-3,2021-11-30,2,20,304388.38,52605.0,619.2
GM Financial Automobile Leasing Trust 2019-3,2021-11-30,3,3,52201.55,77077.93,0.0
GM Financial Automobile Leasing Trust 2019-3,2021-11-30,98,18,303201.23,451719.77999999997,0.0
GM Financial Automobile Leasing Trust 2019-3,2021-12-31,1,1613,28417025.68,36270823.269999996,0.0
GM Financial Automobile Leasing Trust 2019-3,2021-12-31,2,26,389745.94,0.0,209.02
GM Financial Automobile Leasing Trust 2019-3,2021-12-31,3,2,25496.6,0.0,0.0
GM Financial Automobile Leasing Trust 2019-3,2021-12-31,98,9,138172.72999999998,101273.56,0.0
GM Financial Automobile Leasing Trust 2020-1,2020-01-31,1,82,1669658.08,2551330.5400000005,0.0
GM Financial Automobile Leasing Trust 2020-1,2020-01-31,2,164,2746146.88,3161543.11,4086.74
GM Financial Automobile Leasing Trust 2020-1,2020-01-31,3,30,494110.6500000001,694890.6000000001,0.0
GM Financial Automobile Leasing Trust 2020-1,2020-01-31,98,48,778100.5900000001,1178287.0899999999,0.0
GM Financial Automobile Leasing Trust 2020-1,2020-02-29,1,88,1903954.3399999999,2895408.4699999997,0.0
GM Financial Automobile Leasing Trust 2020-1,2020-02-29,2,208,3746540.2700000005,4248105.529999999,13321.76
GM Financial Automobile Leasing Trust 2020-1,2020-02-29,3,35,602737.8499999999,816976.32,0.0
GM Financial Automobile Leasing Trust 2020-1,2020-02-29,98,41,653408.08,1028362.24,0.0
GM Financial Automobile Leasing Trust 2020-1,2020-03-31,1,117,2186320.6999999997,3377445.81,0.0
GM Financial Automobile Leasing Trust 2020-1,2020-03-31,2,259,4354952.9399999995,4938952.869999999,25233.809999999998
GM Financial Automobile Leasing Trust 2020-1,2020-03-31,3,38,598617.41,774565.6799999999,674.81
GM Financial Automobile Leasing Trust 2020-1,2020-03-31,98,36,625870.95,1014484.2100000001,0.0
GM Financial Automobile Leasing Trust 2020-1,2020-04-30,1,86,1872724.28,2795881.22,0.0
GM Financial Automobile Leasing Trust 2020-1,2020-04-30,2,251,4514245.36,5112444.59,26161.160000000003
GM Financial Automobile Leasing Trust 2020-1,2020-04-30,3,27,481563.25000000006,681038.02,0.0
GM Financial Automobile Leasing Trust 2020-1,2020-04-30,98,22,375395.71,524228.38,0.0
GM Financial Automobile Leasing Trust 2020-1,2020-05-31,1,95,2005134.76,2845348.11,0.0
GM Financial Automobile Leasing Trust 2020-1,2020-05-31,2,460,8061629.0,9537626.040000001,24160.920000000002
GM Financial Automobile Leasing Trust 2020-1,2020-05-31,3,31,476668.99000000005,738410.14,0.0
GM Financial Automobile Leasing Trust 2020-1,2020-05-31,98,27,433577.03,626135.35,0.0
GM Financial Automobile Leasing Trust 2020-1,2020-06-30,1,169,3289376.96,4544628.220000001,0.0
GM Financial Automobile Leasing Trust 2020-1,2020-06-30,2,625,10723584.57,13152525.62,46147.25
GM Financial Automobile Leasing Trust 2020-1,2020-06-30,3,33,517110.16000000003,749828.5800000001,0.0
GM Financial Automobile Leasing Trust 2020-1,2020-06-30,98,40,607443.8,906707.99,0.0
GM Financial Automobile Leasing Trust 2020-1,2020-07-31,1,385,7646990.930000001,9917826.83,0.0
GM Financial Automobile Leasing Trust 2020-1,2020-07-31,2,654,11298310.96,13621649.75,84356.57999999999
GM Financial Automobile Leasing Trust 2020-1,2020-07-31,3,40,680841.5,948139.48,0.0
GM Financial Automobile Leasing Trust 2020-1,2020-07-31,98,31,507408.13,746722.1300000001,0.0
GM Financial Automobile Leasing Trust 2020-1,2020-08-31,1,385,8108755.2299999995,10770585.639999999,0.0
GM Financial Automobile Leasing Trust 2020-1,2020-08-31,2,459,7585362.5,9105400.72,30243.3
GM Financial Automobile Leasing Trust 2020-1,2020-08-31,3,32,487026.43,728002.98,0.0
GM Financial Automobile Leasing Trust 2020-1,2020-08-31,98,37,546602.25,863723.54,0.0
GM Financial Automobile Leasing Trust 2020-1,2020-09-30,1,522,10633473.870000001,14227817.489999998,0.0
GM Financial Automobile Leasing Trust 2020-1,2020-09-30,2,640,10418327.100000001,12411724.23,44376.95999999999
GM Financial Automobile Leasing Trust 2020-1,2020-09-30,3,52,850223.0200000001,1208736.97,1374.06
GM Financial Automobile Leasing Trust 2020-1,2020-09-30,98,24,463607.83999999997,674807.0700000001,0.0
GM Financial Automobile Leasing Trust 2020-1,2020-10-31,1,582,11715382.05,15309570.129999999,0.0
GM Financial Automobile Leasing Trust 2020-1,2020-10-31,2,774,12828661.690000001,14886190.48,63927.33
GM Financial Automobile Leasing Trust 2020-1,2020-10-31,3,35,520405.5,746874.18,0.0
GM Financial Automobile Leasing Trust 2020-1,2020-10-31,98,17,271252.48,384719.65,0.0
GM Financial Automobile Leasing Trust 2020-1,2020-11-30,1,390,8065520.4,10706682.450000001,0.0
GM Financial Automobile Leasing Trust 2020-1,2020-11-30,2,350,5600891.62,6785620.49,18559.57
GM Financial Automobile Leasing Trust 2020-1,2020-11-30,3,47,723435.7600000001,1034406.8400000001,477.9
GM Financial Automobile Leasing Trust 2020-1,2020-11-30,98,18,313166.30000000005,439955.64,0.0
GM Financial Automobile Leasing Trust 2020-1,2020-12-31,1,468,10054378.690000001,13061424.59,0.0
GM Financial Automobile Leasing Trust 2020-1,2020-12-31,2,118,1889782.22,2289597.45,5365.89
GM Financial Automobile Leasing Trust 2020-1,2020-12-31,3,34,535695.15,756259.48,920.6500000000001
GM Financial Automobile Leasing Trust 2020-1,2020-12-31,98,22,368002.15,510037.92,0.0
GM Financial Automobile Leasing Trust 2020-1,2021-01-31,1,463,10109048.399999999,12939515.920000002,0.0
GM Financial Automobile Leasing Trust 2020-1,2021-01-31,2,2345,38381208.76,45694105.07000001,276013.49
GM Financial Automobile Leasing Trust 2020-1,2021-01-31,3,54,869603.65,1287306.2299999997,1154.25
GM Financial Automobile Leasing Trust 2020-1,2021-01-31,98,11,202346.35,286710.97000000003,0.0
GM Financial Automobile Leasing Trust 2020-1,2021-02-28,1,416,8960227.690000001,11538510.48,0.0
GM Financial Automobile Leasing Trust 2020-1,2021-02-28,2,871,14232346.260000002,19057116.27,114835.92000000001
GM Financial Automobile Leasing Trust 2020-1,2021-02-28,3,30,460813.86,716363.1699999999,0.0
GM Financial Automobile Leasing Trust 2020-1,2021-02-28,98,13,172611.19,249989.58,0.0
GM Financial Automobile Leasing Trust 2020-1,2021-03-31,1,904,18245928.05,23282430.880000003,0.0
GM Financial Automobile Leasing Trust 2020-1,2021-03-31,2,737,11777393.280000001,17409006.89,57150.25
GM Financial Automobile Leasing Trust 2020-1,2021-03-31,3,31,466525.86000000004,770993.39,0.0
GM Financial Automobile Leasing Trust 2020-1,2021-03-31,98,12,177474.5,299745.85,0.0
GM Financial Automobile Leasing Trust 2020-1,2021-04-30,1,1344,26212187.67,33823604.31999999,0.0
GM Financial Automobile Leasing Trust 2020-1,2021-04-30,2,360,5861495.869999999,9111692.33,49107.37
GM Financial Automobile Leasing Trust 2020-1,2021-04-30,3,21,350973.45,534155.52,0.0
GM Financial Automobile Leasing Trust 2020-1,2021-04-30,98,18,273939.56,416401.77,0.0
GM Financial Automobile Leasing Trust 2020-1,2021-05-31,1,1719,31870462.65,41729896.99,0.0
GM Financial Automobile Leasing Trust 2020-1,2021-05-31,2,143,2218529.6500000004,3454918.8899999997,15628.37
GM Financial Automobile Leasing Trust 2020-1,2021-05-31,3,14,182985.35,332269.19,0.0
GM Financial Automobile Leasing Trust 2020-1,2021-05-31,98,12,155404.7,207975.61,0.0
GM Financial Automobile Leasing Trust 2020-1,2021-06-30,1,1906,35012186.79000001,46362237.730000004,0.0
GM Financial Automobile Leasing Trust 2020-1,2021-06-30,2,115,1877517.2,2819533.81,11688.54
GM Financial Automobile Leasing Trust 2020-1,2021-06-30,3,12,212549.05,377222.43,0.0
GM Financial Automobile Leasing Trust 2020-1,2021-06-30,98,16,269097.6,449829.43,0.0
GM Financial Automobile Leasing Trust 2020-1,2021-07-31,1,1733,32873292.6,43004679.96,162.0
GM Financial Automobile Leasing Trust 2020-1,2021-07-31,2,107,1718173.98,2694458.59,16089.63
GM Financial Automobile Leasing Trust 2020-1,2021-07-31,3,14,212283.3,340245.38,0.0
GM Financial Automobile Leasing Trust 2020-1,2021-07-31,98,24,424144.85,676500.73,0.0
GM Financial Automobile Leasing Trust 2020-1,2021-08-31,1,1634,29798158.259999998,38953313.4,0.0
GM Financial Automobile Leasing Trust 2020-1,2021-08-31,2,82,1244132.64,2117260.08,9755.630000000001
GM Financial Automobile Leasing Trust 2020-1,2021-08-31,3,5,64547.0,64638.25,0.0
GM Financial Automobile Leasing Trust 2020-1,2021-08-31,98,18,280914.97,434866.56,0.0
GM Financial Automobile Leasing Trust 2020-1,2021-09-30,1,1497,27574116.03,35821849.56,0.0
GM Financial Automobile Leasing Trust 2020-1,2021-09-30,2,33,495144.30000000005,903922.01,2945.87
GM Financial Automobile Leasing Trust 2020-1,2021-09-30,3,7,119110.0,214882.37,0.0
GM Financial Automobile Leasing Trust 2020-1,2021-09-30,98,15,249830.3,350175.01999999996,0.0
GM Financial Automobile Leasing Trust 2020-1,2021-10-31,1,1581,28801411.27,37624725.519999996,0.0
GM Financial Automobile Leasing Trust 2020-1,2021-10-31,2,10,139909.09,278062.32,648.0
GM Financial Automobile Leasing Trust 2020-1,2021-10-31,3,4,52692.0,80736.6,0.0
GM Financial Automobile Leasing Trust 2020-1,2021-10-31,98,25,439532.44,762634.9500000002,0.0
GM Financial Automobile Leasing Trust 2020-1,2021-11-30,1,1605,29103564.07,38153371.29,0.0
GM Financial Automobile Leasing Trust 2020-1,2021-11-30,2,1,21894.6,39462.42,0.0
GM Financial Automobile Leasing Trust 2020-1,2021-11-30,3,1,15659.0,31609.5,0.0
GM Financial Automobile Leasing Trust 2020-1,2021-11-30,98,19,338506.44,522683.66000000003,0.0
GM Financial Automobile Leasing Trust 2020-1,2021-12-31,1,1877,34491306.46,45156584.09,0.0
GM Financial Automobile Leasing Trust 2020-1,2021-12-31,2,2,39788.8,79280.0,0.0
GM Financial Automobile Leasing Trust 2020-1,2021-12-31,3,3,54141.1,81661.1,0.0
GM Financial Automobile Leasing Trust 2020-1,2021-12-31,98,15,216735.12000000002,357612.92,0.0
GM Financial Automobile Leasing Trust 2020-1,2022-01-31,1,1847,32870476.58,42961142.269999996,0.0
GM Financial Automobile Leasing Trust 2020-1,2022-01-31,2,188,2930824.65,2530245.1900000004,47262.46
GM Financial Automobile Leasing Trust 2020-1,2022-01-31,3,4,105467.15,100296.20999999999,0.0
GM Financial Automobile Leasing Trust 2020-1,2022-01-31,98,20,366184.38,588612.39,0.0
GM Financial Automobile Leasing Trust 2020-1,2022-02-28,1,1970,34637375.26,45228894.59,0.0
GM Financial Automobile Leasing Trust 2020-1,2022-02-28,2,38,603827.0000000001,551527.6,4875.5599999999995
GM Financial Automobile Leasing Trust 2020-1,2022-02-28,3,6,97457.0,107987.57999999999,0.0
GM Financial Automobile Leasing Trust 2020-1,2022-02-28,98,18,338644.0,626453.51,0.0
GM Financial Automobile Leasing Trust 2020-1,2022-03-31,1,2739,47996844.86,62421164.66,0.0
GM Financial Automobile Leasing Trust 2020-1,2022-03-31,2,42,699538.0,419455.77,4895.12
GM Financial Automobile Leasing Trust 2020-1,2022-03-31,3,3,35765.3,70167.34,0.0
GM Financial Automobile Leasing Trust 2020-1,2022-03-31,98,17,256452.62,386046.1,0.0
GM Financial Automobile Leasing Trust 2020-1,2022-04-30,1,2263,40264186.129999995,52362057.14,0.0
GM Financial Automobile Leasing Trust 2020-1,2022-04-30,2,33,548043.21,156382.8,4126.17
GM Financial Automobile Leasing Trust 2020-1,2022-04-30,3,5,90892.9,92575.95999999999,0.0
GM Financial Automobile Leasing Trust 2020-1,2022-04-30,98,14,213929.2,341612.70000000007,0.0
GM Financial Automobile Leasing Trust 2020-1,2022-05-31,1,2217,39840908.66,51597696.519999996,0.0
GM Financial Automobile Leasing Trust 2020-1,2022-05-31,2,27,441394.72000000003,108825.95999999999,521.7
GM Financial Automobile Leasing Trust 2020-1,2022-05-31,3,1,23459.0,0.0,0.0
GM Financial Automobile Leasing Trust 2020-1,2022-05-31,98,11,193652.62,183782.07,0.0
GM Financial Automobile Leasing Trust 2020-2,2020-05-31,1,19,550481.0,841221.38,0.0
GM Financial Automobile Leasing Trust 2020-2,2020-05-31,2,9,152466.0,207476.89,114.48
GM Financial Automobile Leasing Trust 2020-2,2020-05-31,3,17,274467.6,389878.18000000005,0.0
GM Financial Automobile Leasing Trust 2020-2,2020-05-31,4,1,41104.0,0.0,0.0
GM Financial Automobile Leasing Trust 2020-2,2020-05-31,98,7,158298.71,249549.07,0.0
GM Financial Automobile Leasing Trust 2020-2,2020-06-30,1,45,875388.54,1571701.1900000002,0.0
GM Financial Automobile Leasing Trust 2020-2,2020-06-30,2,12,175759.0,242196.20999999996,726.25
GM Financial Automobile Leasing Trust 2020-2,2020-06-30,3,33,537386.95,848160.9600000001,0.0
GM Financial Automobile Leasing Trust 2020-2,2020-06-30,98,21,298661.72000000003,521388.20999999996,0.0
GM Financial Automobile Leasing Trust 2020-2,2020-07-31,1,85,1890688.18,3115160.4600000004,0.0
GM Financial Automobile Leasing Trust 2020-2,2020-07-31,2,32,450688.75,637963.08,915.25
GM Financial Automobile Leasing Trust 2020-2,2020-07-31,3,25,380835.05,596559.0,0.0
GM Financial Automobile Leasing Trust 2020-2,2020-07-31,98,35,558067.15,969684.09,0.0
GM Financial Automobile Leasing Trust 2020-2,2020-08-31,1,136,2898235.88,4690244.65,0.0
GM Financial Automobile Leasing Trust 2020-2,2020-08-31,2,45,660174.5,854921.73,754.15
GM Financial Automobile Leasing Trust 2020-2,2020-08-31,3,28,504260.03,789518.05,0.0
GM Financial Automobile Leasing Trust 2020-2,2020-08-31,98,34,494672.6,849583.91,0.0
GM Financial Automobile Leasing Trust 2020-2,2020-09-30,1,180,4014325.65,6385670.369999999,0.0
GM Financial Automobile Leasing Trust 2020-2,2020-09-30,2,84,1189751.3599999999,1486699.7999999998,2451.61
GM Financial Automobile Leasing Trust 2020-2,2020-09-30,3,39,633582.7000000001,990094.4300000002,0.0
GM Financial Automobile Leasing Trust 2020-2,2020-09-30,98,15,268613.9,461041.73,0.0
GM Financial Automobile Leasing Trust 2020-2,2020-10-31,1,184,4121708.6300000004,6279759.05,0.0
GM Financial Automobile Leasing Trust 2020-2,2020-10-31,2,141,2134047.9699999997,2617658.54,3586.99
GM Financial Automobile Leasing Trust 2020-2,2020-10-31,3,40,577570.15,957302.27,0.0
GM Financial Automobile Leasing Trust 2020-2,2020-10-31,98,20,339735.35,583250.51,0.0
GM Financial Automobile Leasing Trust 2020-2,2020-11-30,1,174,4102751.96,6295006.35,0.0
GM Financial Automobile Leasing Trust 2020-2,2020-11-30,2,171,2628544.0,3205538.59,9020.89
GM Financial Automobile Leasing Trust 2020-2,2020-11-30,3,46,669744.79,1073606.24,418.74
GM Financial Automobile Leasing Trust 2020-2,2020-11-30,98,12,250949.81,415826.25,0.0
GM Financial Automobile Leasing Trust 2020-2,2020-12-31,1,214,4553216.26,6996291.440000001,0.0
GM Financial Automobile Leasing Trust 2020-2,2020-12-31,2,21,316934.0,390365.48000000004,0.0
GM Financial Automobile Leasing Trust 2020-2,2020-12-31,3,51,808046.1000000001,1262157.4100000001,1187.1
GM Financial Automobile Leasing Trust 2020-2,2020-12-31,98,18,264578.95,418002.06,0.0
GM Financial Automobile Leasing Trust 2020-2,2021-01-31,1,187,3922861.88,5956254.82,0.0
GM Financial Automobile Leasing Trust 2020-2,2021-01-31,2,676,10216672.18,12912705.84,35786.46000000001
GM Financial Automobile Leasing Trust 2020-2,2021-01-31,3,67,1019645.35,1636944.18,276.48
GM Financial Automobile Leasing Trust 2020-2,2021-01-31,98,9,131278.8,211220.33999999997,211.01000000000002
GM Financial Automobile Leasing Trust 2020-2,2021-02-28,1,163,3551914.19,5424489.6899999995,0.0
GM Financial Automobile Leasing Trust 2020-2,2021-02-28,2,281,4261928.32,6138939.84,22043.42
GM Financial Automobile Leasing Trust 2020-2,2021-02-28,3,46,749099.3400000001,1265000.5399999998,78.84
GM Financial Automobile Leasing Trust 2020-2,2021-02-28,98,16,288727.15,464137.15,0.0
GM Financial Automobile Leasing Trust 2020-2,2021-03-31,1,387,8056131.7299999995,11713310.05,0.0
GM Financial Automobile Leasing Trust 2020-2,2021-03-31,2,290,4515366.15,7015303.6899999995,13786.009999999998
GM Financial Automobile Leasing Trust 2020-2,2021-03-31,3,50,752034.1000000001,1289847.44,0.0
GM Financial Automobile Leasing Trust 2020-2,2021-03-31,98,18,311338.2,500539.44,0.0
GM Financial Automobile Leasing Trust 2020-2,2021-04-30,1,599,11985629.12,17192737.669999998,0.0
GM Financial Automobile Leasing Trust 2020-2,2021-04-30,2,176,2722036.99,4416994.66,9399.720000000001
GM Financial Automobile Leasing Trust 2020-2,2021-04-30,3,38,597626.0,1114884.44,0.0
GM Financial Automobile Leasing Trust 2020-2,2021-04-30,98,14,259778.8,380012.04000000004,0.0
GM Financial Automobile Leasing Trust 2020-2,2021-05-31,1,1008,19158447.26,27796667.11,0.0
GM Financial Automobile Leasing Trust 2020-2,2021-05-31,2,88,1322705.47,2305745.77,6237.060000000001
GM Financial Automobile Leasing Trust 2020-2,2021-05-31,3,27,385404.68,744741.0599999999,0.0
GM Financial Automobile Leasing Trust 2020-2,2021-05-31,98,15,219503.91999999998,407701.94,0.0
GM Financial Automobile Leasing Trust 2020-2,2021-06-30,1,1272,23804976.33,34823927.12,0.0
GM Financial Automobile Leasing Trust 2020-2,2021-06-30,2,49,819411.9,1381143.6,429.16
GM Financial Automobile Leasing Trust 2020-2,2021-06-30,3,17,272476.8,528984.66,0.0
GM Financial Automobile Leasing Trust 2020-2,2021-06-30,98,25,356401.6,669997.8699999999,0.0
GM Financial Automobile Leasing Trust 2020-2,2021-07-31,1,1148,21995022.47,31631331.77,0.0
GM Financial Automobile Leasing Trust 2020-2,2021-07-31,2,58,1037639.8999999999,1714266.35,3204.6099999999997
GM Financial Automobile Leasing Trust 2020-2,2021-07-31,3,21,387907.1,686354.15,0.0
GM Financial Automobile Leasing Trust 2020-2,2021-07-31,98,28,463746.8,840595.0100000001,0.0
GM Financial Automobile Leasing Trust 2020-2,2021-08-31,1,1050,19774957.110000003,28313303.729999997,0.0
GM Financial Automobile Leasing Trust 2020-2,2021-08-31,2,42,669604.0,1178726.12,430.1
GM Financial Automobile Leasing Trust 2020-2,2021-08-31,3,13,217539.4,469189.0,0.0
GM Financial Automobile Leasing Trust 2020-2,2021-08-31,98,27,455792.85,832693.48,0.0
GM Financial Automobile Leasing Trust 2020-2,2021-09-30,1,1041,19228857.810000002,27212419.05,0.0
GM Financial Automobile Leasing Trust 2020-2,2021-09-30,2,26,395924.73,743193.51,404.75
GM Financial Automobile Leasing Trust 2020-2,2021-09-30,3,23,383985.9,719889.3700000001,0.0
GM Financial Automobile Leasing Trust 2020-2,2021-09-30,98,28,410038.82000000007,761080.48,0.0
GM Financial Automobile Leasing Trust 2020-2,2021-10-31,1,1276,23724440.28,32903357.82,0.0
GM Financial Automobile Leasing Trust 2020-2,2021-10-31,2,11,174159.0,350686.28,112.23
GM Financial Automobile Leasing Trust 2020-2,2021-10-31,3,7,101262.25,206902.74,0.0
GM Financial Automobile Leasing Trust 2020-2,2021-10-31,98,30,497105.03,914784.13,0.0
GM Financial Automobile Leasing Trust 2020-2,2021-11-30,1,1582,28452223.07,39601057.22,0.0
GM Financial Automobile Leasing Trust 2020-2,2021-11-30,2,6,120888.75,207638.41,545.1
GM Financial Automobile Leasing Trust 2020-2,2021-11-30,3,4,60612.0,122522.18000000001,0.0
GM Financial Automobile Leasing Trust 2020-2,2021-11-30,98,19,311325.0,529972.76,0.0
GM Financial Automobile Leasing Trust 2020-2,2021-12-31,1,1824,33614351.97,46074832.08,0.0
GM Financial Automobile Leasing Trust 2020-2,2021-12-31,3,10,142877.0,267013.79,0.0
GM Financial Automobile Leasing Trust 2020-2,2021-12-31,98,39,600647.25,1077605.1,0.0
GM Financial Automobile Leasing Trust 2020-2,2022-01-31,1,2096,36646819.3,49685361.92999999,0.0
GM Financial Automobile Leasing Trust 2020-2,2022-01-31,2,92,1495371.0,1617532.2099999997,19443.559999999998
GM Financial Automobile Leasing Trust 2020-2,2022-01-31,3,4,57611.2,93356.68,0.0
GM Financial Automobile Leasing Trust 2020-2,2022-01-31,98,23,416565.6,796190.8000000003,0.0
GM Financial Automobile Leasing Trust 2020-2,2022-02-28,1,2332,40969031.05,55215526.29000001,0.0
GM Financial Automobile Leasing Trust 2020-2,2022-02-28,2,32,526798.76,699060.95,3816.17
GM Financial Automobile Leasing Trust 2020-2,2022-02-28,3,8,116607.09,125132.47,0.0
GM Financial Automobile Leasing Trust 2020-2,2022-02-28,98,19,385565.0,713243.4900000001,0.0
GM Financial Automobile Leasing Trust 2020-2,2022-03-31,1,3128,53660419.39,72531586.74000001,0.0
GM Financial Automobile Leasing Trust 2020-2,2022-03-31,2,43,762770.72,1116386.3399999999,6945.72
GM Financial Automobile Leasing Trust 2020-2,2022-03-31,3,7,102620.7,141156.55,0.0
GM Financial Automobile Leasing Trust 2020-2,2022-03-31,98,22,316223.0,656494.8500000002,0.0
GM Financial Automobile Leasing Trust 2020-2,2022-04-30,1,2438,42416332.2,57048294.76,0.0
GM Financial Automobile Leasing Trust 2020-2,2022-04-30,2,25,435435.3,616858.24,2543.3999999999996
GM Financial Automobile Leasing Trust 2020-2,2022-04-30,3,2,22184.0,19592.41,0.0
GM Financial Automobile Leasing Trust 2020-2,2022-04-30,98,14,205949.0,412296.69999999995,0.0
GM Financial Automobile Leasing Trust 2020-2,2022-05-31,1,2334,39976526.82,53990902.339999996,0.0
GM Financial Automobile Leasing Trust 2020-2,2022-05-31,2,22,413223.30000000005,575305.05,2927.74
GM Financial Automobile Leasing Trust 2020-2,2022-05-31,3,3,37895.0,45608.4,0.0
GM Financial Automobile Leasing Trust 2020-2,2022-05-31,98,23,355798.9,626591.96,0.0
GM Financial Automobile Leasing Trust 2020-2,2022-06-30,1,2422,42213695.900000006,57031946.95,0.0
GM Financial Automobile Leasing Trust 2020-2,2022-06-30,2,21,412969.0,602820.9600000001,2551.99
GM Financial Automobile Leasing Trust 2020-2,2022-06-30,3,4,51593.0,43164.7,0.0
GM Financial Automobile Leasing Trust 2020-2,2022-06-30,98,23,402910.65,709569.5399999999,0.0
GM Financial Automobile Leasing Trust 2020-2,2022-07-31,1,1989,35312448.17,47538996.400000006,0.0
GM Financial Automobile Leasing Trust 2020-2,2022-07-31,2,33,651422.8,978233.84,3548.0299999999997
GM Financial Automobile Leasing Trust 2020-2,2022-07-31,3,7,127279.2,78015.93,0.0
GM Financial Automobile Leasing Trust 2020-2,2022-07-31,98,22,361865.9,525147.75,0.0
GM Financial Automobile Leasing Trust 2020-2,2022-08-31,1,2136,37014917.73,49571431.760000005,0.0
GM Financial Automobile Leasing Trust 2020-2,2022-08-31,2,60,1235514.55,1737943.6099999999,11888.73
GM Financial Automobile Leasing Trust 2020-2,2022-08-31,3,1,30247.0,38287.51,0.0
GM Financial Automobile Leasing Trust 2020-2,2022-08-31,98,15,285724.5,476634.3600000001,0.0
GM Financial Automobile Leasing Trust 2020-2,2022-09-30,1,1876,33030024.450000003,44038506.63,0.0
GM Financial Automobile Leasing Trust 2020-2,2022-09-30,2,76,1405793.79,1991547.67,12727.36
GM Financial Automobile Leasing Trust 2020-2,2022-09-30,3,1,12459.0,22606.5,0.0
GM Financial Automobile Leasing Trust 2020-2,2022-09-30,98,19,325334.25,460179.5,0.0
GM Financial Automobile Leasing Trust 2020-2,2022-10-31,1,1702,30042698.34,40105858.400000006,0.0
GM Financial Automobile Leasing Trust 2020-2,2022-10-31,2,141,2660502.63,3515270.3499999996,14288.060000000001
GM Financial Automobile Leasing Trust 2020-2,2022-10-31,3,7,112331.0,127635.73999999999,0.0
GM Financial Automobile Leasing Trust 2020-2,2022-10-31,98,18,338225.0,617292.73,0.0
GM Financial Automobile Leasing Trust 2020-2,2022-11-30,1,1666,29571799.550000004,39250758.47,0.0
GM Financial Automobile Leasing Trust 2020-2,2022-11-30,2,162,3010151.6,2423628.0599999996,19712.510000000002
GM Financial Automobile Leasing Trust 2020-2,2022-11-30,3,5,89567.0,33394.409999999996,0.0
GM Financial Automobile Leasing Trust 2020-2,2022-11-30,98,8,132646.0,244909.08000000002,0.0
GM Financial Automobile Leasing Trust 2020-2,2022-12-31,1,1433,25981418.75,34009204.52,0.0
GM Financial Automobile Leasing Trust 2020-2,2022-12-31,2,187,3469579.91,783937.72,126.0
GM Financial Automobile Leasing Trust 2020-2,2022-12-31,3,7,117996.0,25130.0,0.0
GM Financial Automobile Leasing Trust 2020-2,2022-12-31,98,14,219784.0,174026.75,0.0
GM Financial Automobile Leasing Trust 2020-3,2020-08-31,1,67,1432159.0499999998,2070159.0099999995,0.0
GM Financial Automobile Leasing Trust 2020-3,2020-08-31,2,6,99508.25,124009.74,0.0
GM Financial Automobile Leasing Trust 2020-3,2020-08-31,3,8,114069.0,177369.5,0.0
GM Financial Automobile Leasing Trust 2020-3,2020-08-31,4,2,24588.0,0.0,0.0
GM Financial Automobile Leasing Trust 2020-3,2020-08-31,98,13,239260.0,411607.5800000001,0.0
GM Financial Automobile Leasing Trust 2020-3,2020-09-30,1,265,5521463.159999999,8072687.04,0.0
GM Financial Automobile Leasing Trust 2020-3,2020-09-30,2,42,615726.27,837630.8600000001,5040.03
GM Financial Automobile Leasing Trust 2020-3,2020-09-30,3,43,620881.0,1070840.63,85.44
GM Financial Automobile Leasing Trust 2020-3,2020-09-30,98,31,562650.1,908616.92,0.0
GM Financial Automobile Leasing Trust 2020-3,2020-10-31,1,315,6835089.66,9818896.25,0.0
GM Financial Automobile Leasing Trust 2020-3,2020-10-31,2,66,1012072.86,1359648.28,725.51
GM Financial Automobile Leasing Trust 2020-3,2020-10-31,3,46,802889.5,1171997.92,536.5
GM Financial Automobile Leasing Trust 2020-3,2020-10-31,98,18,287127.45999999996,502988.39999999997,0.0
GM Financial Automobile Leasing Trust 2020-3,2020-11-30,1,246,5465329.12,7656520.29,0.0
GM Financial Automobile Leasing Trust 2020-3,2020-11-30,2,65,992099.8200000001,1318942.68,0.0
GM Financial Automobile Leasing Trust 2020-3,2020-11-30,3,51,789862.35,1150862.7599999998,1125.02
GM Financial Automobile Leasing Trust 2020-3,2020-11-30,4,1,21833.0,0.0,0.0
GM Financial Automobile Leasing Trust 2020-3,2020-11-30,98,15,255663.79,429593.35,0.0
GM Financial Automobile Leasing Trust 2020-3,2020-12-31,1,341,7430797.989999999,10427386.43,0.0
GM Financial Automobile Leasing Trust 2020-3,2020-12-31,2,30,467974.57,617722.3,1613.5
GM Financial Automobile Leasing Trust 2020-3,2020-12-31,3,60,988293.65,1426298.0,3302.0
GM Financial Automobile Leasing Trust 2020-3,2020-12-31,98,17,268110.2,435125.64,0.0
GM Financial Automobile Leasing Trust 2020-3,2021-01-31,1,279,6049846.680000001,8425931.98,0.0
GM Financial Automobile Leasing Trust 2020-3,2021-01-31,2,676,10637125.11,13853332.91,37639.65
GM Financial Automobile Leasing Trust 2020-3,2021-01-31,3,69,1139902.7999999998,1734805.17,395.62
GM Financial Automobile Leasing Trust 2020-3,2021-01-31,98,20,308928.55,490141.0,0.0
GM Financial Automobile Leasing Trust 2020-3,2021-02-28,1,336,7069821.4,9444151.49,0.0
GM Financial Automobile Leasing Trust 2020-3,2021-02-28,2,459,7136552.33,10451000.11,12767.35
GM Financial Automobile Leasing Trust 2020-3,2021-02-28,3,46,736557.3099999999,1169930.58,2370.38
GM Financial Automobile Leasing Trust 2020-3,2021-02-28,4,1,15947.0,0.0,0.0
GM Financial Automobile Leasing Trust 2020-3,2021-02-28,98,21,387795.5,556268.25,0.0
GM Financial Automobile Leasing Trust 2020-3,2021-03-31,1,785,16043880.76,21226614.65,0.0
GM Financial Automobile Leasing Trust 2020-3,2021-03-31,2,535,8064461.279999999,12653264.39,30242.480000000003
GM Financial Automobile Leasing Trust 2020-3,2021-03-31,3,39,625039.9,1068086.04,0.0
GM Financial Automobile Leasing Trust 2020-3,2021-03-31,98,23,398169.81,622114.45,0.0
GM Financial Automobile Leasing Trust 2020-3,2021-04-30,1,1382,26196540.38,34930525.71,0.0
GM Financial Automobile Leasing Trust 2020-3,2021-04-30,2,269,4220018.24,6749720.51,30573.920000000002
GM Financial Automobile Leasing Trust 2020-3,2021-04-30,3,32,515853.4,925240.3400000001,0.0
GM Financial Automobile Leasing Trust 2020-3,2021-04-30,98,22,383489.5,613853.5,0.0
GM Financial Automobile Leasing Trust 2020-3,2021-05-31,1,1685,31428136.88,42447718.5,0.0
GM Financial Automobile Leasing Trust 2020-3,2021-05-31,2,135,2121471.34,3402226.78,8223.11
GM Financial Automobile Leasing Trust 2020-3,2021-05-31,3,23,400535.8,686625.96,0.0
GM Financial Automobile Leasing Trust 2020-3,2021-05-31,98,19,323101.4,516089.68,0.0
GM Financial Automobile Leasing Trust 2020-3,2021-06-30,1,1892,35078706.15,47901768.2,0.0
GM Financial Automobile Leasing Trust 2020-3,2021-06-30,2,100,1506921.52,2442446.46,8351.789999999999
GM Financial Automobile Leasing Trust 2020-3,2021-06-30,3,21,380128.60000000003,641034.9400000001,0.0
GM Financial Automobile Leasing Trust 2020-3,2021-06-30,98,32,570791.06,948099.98,0.0
GM Financial Automobile Leasing Trust 2020-3,2021-07-31,1,1657,30724433.700000003,41734207.39,0.0
GM Financial Automobile Leasing Trust 2020-3,2021-07-31,2,79,1214480.89,2084164.68,7049.19
GM Financial Automobile Leasing Trust 2020-3,2021-07-31,3,20,329296.5,570557.43,0.0
GM Financial Automobile Leasing Trust 2020-3,2021-07-31,98,22,404691.35,672438.5299999999,0.0
GM Financial Automobile Leasing Trust 2020-3,2021-08-31,1,1628,29852532.979999997,40362316.89,0.0
GM Financial Automobile Leasing Trust 2020-3,2021-08-31,2,63,1037756.77,1803722.95,8344.77
GM Financial Automobile Leasing Trust 2020-3,2021-08-31,3,14,208165.8,369751.21,0.0
GM Financial Automobile Leasing Trust 2020-3,2021-08-31,98,29,531794.55,901781.98,0.0
GM Financial Automobile Leasing Trust 2020-3,2021-09-30,1,1518,27947535.81,37715432.7,0.0
GM Financial Automobile Leasing Trust 2020-3,2021-09-30,2,26,437642.65,782440.71,7209.0599999999995
GM Financial Automobile Leasing Trust 2020-3,2021-09-30,3,23,422084.8,752885.8599999999,0.0
GM Financial Automobile Leasing Trust 2020-3,2021-09-30,98,43,782922.46,1333752.1199999999,0.0
GM Financial Automobile Leasing Trust 2020-3,2021-10-31,1,1753,33013140.18,43978875.14,0.0
GM Financial Automobile Leasing Trust 2020-3,2021-10-31,2,10,161394.8,306404.17,438.65999999999997
GM Financial Automobile Leasing Trust 2020-3,2021-10-31,3,4,61865.0,104059.62,0.0
GM Financial Automobile Leasing Trust 2020-3,2021-10-31,98,52,902842.4,1475885.75,0.0
GM Financial Automobile Leasing Trust 2020-3,2021-11-30,1,1796,32964127.080000002,44195681.44,0.0
GM Financial Automobile Leasing Trust 2020-3,2021-11-30,2,9,174988.0,334259.0,0.0
GM Financial Automobile Leasing Trust 2020-3,2021-11-30,3,3,63043.0,125992.0,0.0
GM Financial Automobile Leasing Trust 2020-3,2021-11-30,98,27,392673.17000000004,694026.6699999999,0.0
GM Financial Automobile Leasing Trust 2020-3,2021-12-31,1,2109,38708363.129999995,51581218.11,0.0
GM Financial Automobile Leasing Trust 2020-3,2021-12-31,2,1,13139.0,30300.0,0.0
GM Financial Automobile Leasing Trust 2020-3,2021-12-31,3,9,149397.0,268471.44,0.0
GM Financial Automobile Leasing Trust 2020-3,2021-12-31,98,30,470262.8,848958.92,0.0
GM Financial Automobile Leasing Trust 2020-3,2022-01-31,1,2147,39522044.260000005,52091935.89,0.0
GM Financial Automobile Leasing Trust 2020-3,2022-01-31,2,161,2439437.9099999997,2233482.7300000004,43926.25
GM Financial Automobile Leasing Trust 2020-3,2022-01-31,3,7,105678.2,190557.45,0.0
GM Financial Automobile Leasing Trust 2020-3,2022-01-31,98,35,602452.15,1141857.6500000001,0.0
GM Financial Automobile Leasing Trust 2020-3,2022-02-28,1,2366,42938151.5,56835652.95,0.0
GM Financial Automobile Leasing Trust 2020-3,2022-02-28,2,40,667909.78,954714.78,9052.07
GM Financial Automobile Leasing Trust 2020-3,2022-02-28,3,8,120299.0,168820.03,0.0
GM Financial Automobile Leasing Trust 2020-3,2022-02-28,98,22,404876.45,698560.8300000001,0.0
GM Financial Automobile Leasing Trust 2020-3,2022-03-31,1,3107,55783983.06,73348156.62,0.0
GM Financial Automobile Leasing Trust 2020-3,2022-03-31,2,52,841356.34,1159819.49,9848.380000000001
GM Financial Automobile Leasing Trust 2020-3,2022-03-31,3,7,123307.0,124396.16,0.0
GM Financial Automobile Leasing Trust 2020-3,2022-03-31,98,24,378918.3,743791.19,0.0
GM Financial Automobile Leasing Trust 2020-3,2022-04-30,1,2522,46564318.730000004,60792803.75,0.0
GM Financial Automobile Leasing Trust 2020-3,2022-04-30,2,34,638584.88,886259.52,6520.67
GM Financial Automobile Leasing Trust 2020-3,2022-04-30,3,7,128568.0,135611.2,0.0
GM Financial Automobile Leasing Trust 2020-3,2022-04-30,98,20,311874.30000000005,578359.6699999999,0.0
GM Financial Automobile Leasing Trust 2020-3,2022-05-31,1,2561,46995405.11,61034545.70999999,0.0
GM Financial Automobile Leasing Trust 2020-3,2022-05-31,2,24,511516.42,700000.18,3966.3
GM Financial Automobile Leasing Trust 2020-3,2022-05-31,3,2,32139.1,24484.2,0.0
GM Financial Automobile Leasing Trust 2020-3,2022-05-31,98,22,409848.5,752230.73,0.0
GM Financial Automobile Leasing Trust 2020-3,2022-06-30,1,2708,49387081.269999996,64345477.24,0.0
GM Financial Automobile Leasing Trust 2020-3,2022-06-30,2,22,409995.47000000003,511692.58000000013,3403.62
GM Financial Automobile Leasing Trust 2020-3,2022-06-30,3,6,84629.0,131578.08,0.0
GM Financial Automobile Leasing Trust 2020-3,2022-06-30,98,20,342367.0,673209.6700000002,0.0
GM Financial Automobile Leasing Trust 2020-3,2022-07-31,1,2341,43140836.56999999,55521063.93,0.0
GM Financial Automobile Leasing Trust 2020-3,2022-07-31,2,41,780725.99,1100810.8900000001,10521.560000000001
GM Financial Automobile Leasing Trust 2020-3,2022-07-31,3,6,101069.8,123407.76,0.0
GM Financial Automobile Leasing Trust 2020-3,2022-07-31,98,23,403577.39999999997,691781.56,0.0
GM Financial Automobile Leasing Trust 2020-3,2022-08-31,1,2451,45910773.36,59022279.9,0.0
GM Financial Automobile Leasing Trust 2020-3,2022-08-31,2,70,1489321.63,2053419.36,8561.7
GM Financial Automobile Leasing Trust 2020-3,2022-08-31,3,6,138833.0,215542.16,0.0
GM Financial Automobile Leasing Trust 2020-3,2022-08-31,98,19,256899.0,479675.58,0.0
GM Financial Automobile Leasing Trust 2020-3,2022-09-30,1,2157,40920422.949999996,51987486.160000004,0.0
GM Financial Automobile Leasing Trust 2020-3,2022-09-30,2,85,1676654.74,2322065.9800000004,10462.16
GM Financial Automobile Leasing Trust 2020-3,2022-09-30,3,8,125487.55,177762.62,0.0
GM Financial Automobile Leasing Trust 2020-3,2022-09-30,98,28,488773.75,687875.22,0.0
GM Financial Automobile Leasing Trust 2020-3,2022-10-31,1,2026,38593888.830000006,48915458.769999996,0.0
GM Financial Automobile Leasing Trust 2020-3,2022-10-31,2,97,1903095.5699999998,2674986.67,10598.95
GM Financial Automobile Leasing Trust 2020-3,2022-10-31,3,5,73254.0,101017.97,0.0
GM Financial Automobile Leasing Trust 2020-3,2022-10-31,4,5,71794.0,0.0,0.0
GM Financial Automobile Leasing Trust 2020-3,2022-10-31,98,26,400926.0,721452.2299999999,0.0
GM Financial Automobile Leasing Trust 2020-3,2022-11-30,1,2009,38122012.09,47887979.42,0.0
GM Financial Automobile Leasing Trust 2020-3,2022-11-30,2,83,1610660.8,2187035.07,2115.7999999999997
GM Financial Automobile Leasing Trust 2020-3,2022-11-30,3,4,70598.0,103971.70999999999,0.0
GM Financial Automobile Leasing Trust 2020-3,2022-11-30,98,14,219681.0,300367.48,0.0
GM Financial Automobile Leasing Trust 2020-3,2022-12-31,1,1897,36962471.519999996,45783024.22,0.0
GM Financial Automobile Leasing Trust 2020-3,2022-12-31,2,30,604136.8,832595.7400000001,0.0
GM Financial Automobile Leasing Trust 2020-3,2022-12-31,3,6,137857.0,62394.25,0.0
GM Financial Automobile Leasing Trust 2020-3,2022-12-31,98,32,595633.0,697289.8799999999,0.0
GM Financial Automobile Leasing Trust 2020-3,2023-01-31,1,1848,35839579.260000005,44141326.15,0.0
GM Financial Automobile Leasing Trust 2020-3,2023-01-31,2,783,14588323.77,8669354.05,61455.47
GM Financial Automobile Leasing Trust 2020-3,2023-01-31,3,6,133413.0,0.0,0.0
GM Financial Automobile Leasing Trust 2020-3,2023-01-31,98,26,450436.2,270240.57999999996,0.0
GM Financial Automobile Leasing Trust 2021-1,2021-01-31,1,169,3844290.74,5497339.050000001,0.0
GM Financial Automobile Leasing Trust 2021-1,2021-01-31,2,132,2023479.6800000002,2790596.5599999996,3955.23
GM Financial Automobile Leasing Trust 2021-1,2021-01-31,3,57,895231.05,1429900.5999999999,25.0
GM Financial Automobile Leasing Trust 2021-1,2021-01-31,98,5,93114.0,139357.36000000002,0.0
GM Financial Automobile Leasing Trust 2021-1,2021-02-28,1,205,4414472.0,6221666.16,0.0
GM Financial Automobile Leasing Trust 2021-1,2021-02-28,2,198,3110170.44,4562911.140000001,2921.16
GM Financial Automobile Leasing Trust 2021-1,2021-02-28,3,46,751215.0,1283927.1400000001,0.0
GM Financial Automobile Leasing Trust 2021-1,2021-02-28,98,9,154167.0,265592.82,0.0
GM Financial Automobile Leasing Trust 2021-1,2021-03-31,1,481,9999449.09,13686535.99,0.0
GM Financial Automobile Leasing Trust 2021-1,2021-03-31,2,210,3257363.9,5154543.96,1248.08
GM Financial Automobile Leasing Trust 2021-1,2021-03-31,3,60,986001.7,1772252.27,0.0
GM Financial Automobile Leasing Trust 2021-1,2021-03-31,98,18,288017.17,458898.19999999995,0.0
GM Financial Automobile Leasing Trust 2021-1,2021-04-30,1,885,18036454.11,24504750.43,0.0
GM Financial Automobile Leasing Trust 2021-1,2021-04-30,2,167,2593729.2899999996,4141580.2299999995,10403.81
GM Financial Automobile Leasing Trust 2021-1,2021-04-30,3,44,672077.05,1222498.55,0.0
GM Financial Automobile Leasing Trust 2021-1,2021-04-30,98,17,309657.26,505177.45999999996,0.0
GM Financial Automobile Leasing Trust 2021-1,2021-05-31,1,1118,21353764.61,29505674.75,0.0
GM Financial Automobile Leasing Trust 2021-1,2021-05-31,2,82,1204044.5,1941741.8,10463.79
GM Financial Automobile Leasing Trust 2021-1,2021-05-31,3,22,378737.0,730349.74,0.0
GM Financial Automobile Leasing Trust 2021-1,2021-05-31,98,14,226869.38999999998,406563.12000000005,0.0
GM Financial Automobile Leasing Trust 2021-1,2021-06-30,1,1386,26272818.33,36502414.5,0.0
GM Financial Automobile Leasing Trust 2021-1,2021-06-30,2,55,833890.54,1332957.6300000004,7153.030000000001
GM Financial Automobile Leasing Trust 2021-1,2021-06-30,3,26,399693.0,745252.2,0.0
GM Financial Automobile Leasing Trust 2021-1,2021-06-30,98,29,512276.06,876092.9099999999,0.0
GM Financial Automobile Leasing Trust 2021-1,2021-07-31,1,1216,23078328.67,31932558.32,0.0
GM Financial Automobile Leasing Trust 2021-1,2021-07-31,2,47,715621.17,1236963.58,2872.24
GM Financial Automobile Leasing Trust 2021-1,2021-07-31,3,29,493714.6,858709.24,0.0
GM Financial Automobile Leasing Trust 2021-1,2021-07-31,98,36,613871.2,1047086.0899999999,0.0
GM Financial Automobile Leasing Trust 2021-1,2021-08-31,1,1143,21659219.89,29870179.830000002,0.0
GM Financial Automobile Leasing Trust 2021-1,2021-08-31,2,37,570399.68,1010813.4099999999,3730.99
GM Financial Automobile Leasing Trust 2021-1,2021-08-31,3,20,285677.14,607512.72,0.0
GM Financial Automobile Leasing Trust 2021-1,2021-08-31,98,33,536154.5,1009975.5,0.0
GM Financial Automobile Leasing Trust 2021-1,2021-09-30,1,1080,20313051.07,27832889.04,0.0
GM Financial Automobile Leasing Trust 2021-1,2021-09-30,2,30,437913.71,839171.54,2062.29
GM Financial Automobile Leasing Trust 2021-1,2021-09-30,3,22,474119.0,849352.92,0.0
GM Financial Automobile Leasing Trust 2021-1,2021-09-30,98,49,822009.45,1470832.36,0.0
GM Financial Automobile Leasing Trust 2021-1,2021-10-31,1,1187,22634115.92,31011474.5,0.0
GM Financial Automobile Leasing Trust 2021-1,2021-10-31,2,7,118772.95,228820.54,632.75
GM Financial Automobile Leasing Trust 2021-1,2021-10-31,3,10,208877.0,376395.68,0.0
GM Financial Automobile Leasing Trust 2021-1,2021-10-31,98,42,717379.3,1273643.29,0.0
GM Financial Automobile Leasing Trust 2021-1,2021-11-30,1,1353,25619162.92,34883600.53,0.0
GM Financial Automobile Leasing Trust 2021-1,2021-11-30,2,4,77786.75,131054.74,0.0
GM Financial Automobile Leasing Trust 2021-1,2021-11-30,3,6,100846.0,189758.33000000002,0.0
GM Financial Automobile Leasing Trust 2021-1,2021-11-30,98,34,652670.8,1191482.92,0.0
GM Financial Automobile Leasing Trust 2021-1,2021-12-31,1,1552,29170174.46,39786261.230000004,0.0
GM Financial Automobile Leasing Trust 2021-1,2021-12-31,3,8,140364.75,156311.0,0.0
GM Financial Automobile Leasing Trust 2021-1,2021-12-31,4,1,15626.0,0.0,0.0
GM Financial Automobile Leasing Trust 2021-1,2021-12-31,98,34,595089.63,1082402.55,0.0
GM Financial Automobile Leasing Trust 2021-1,2022-01-31,1,1596,29620210.09,40309214.239999995,0.0
GM Financial Automobile Leasing Trust 2021-1,2022-01-31,2,109,1900008.5499999998,1952361.64,36014.34
GM Financial Automobile Leasing Trust 2021-1,2022-01-31,3,4,43781.0,70363.0,0.0
GM Financial Automobile Leasing Trust 2021-1,2022-01-31,98,30,579871.0,1100253.58,0.0
GM Financial Automobile Leasing Trust 2021-1,2022-02-28,1,1670,30458674.259999998,40907743.349999994,0.0
GM Financial Automobile Leasing Trust 2021-1,2022-02-28,2,18,339234.55000000005,444370.04999999993,962.81
GM Financial Automobile Leasing Trust 2021-1,2022-02-28,3,4,76630.0,165634.25,0.0
GM Financial Automobile Leasing Trust 2021-1,2022-02-28,98,25,408402.65,733688.96,0.0
GM Financial Automobile Leasing Trust 2021-1,2022-03-31,1,2164,40081342.70999999,53337721.03,0.0
GM Financial Automobile Leasing Trust 2021-1,2022-03-31,2,25,445583.61000000004,605944.04,7591.950000000001
GM Financial Automobile Leasing Trust 2021-1,2022-03-31,3,10,140827.0,228407.00999999998,0.0
GM Financial Automobile Leasing Trust 2021-1,2022-03-31,98,29,534440.5,957947.94,0.0
GM Financial Automobile Leasing Trust 2021-1,2022-04-30,1,1829,33921930.79,44773845.69,0.0
GM Financial Automobile Leasing Trust 2021-1,2022-04-30,2,19,345963.30000000005,505938.26,1294.76
GM Financial Automobile Leasing Trust 2021-1,2022-04-30,3,7,111645.0,188124.79,0.0
GM Financial Automobile Leasing Trust 2021-1,2022-04-30,98,17,319607.6,598198.9,0.0
GM Financial Automobile Leasing Trust 2021-1,2022-05-31,1,1996,36976944.769999996,48745603.96000001,0.0
GM Financial Automobile Leasing Trust 2021-1,2022-05-31,2,17,330468.44,456600.12,3913.84
GM Financial Automobile Leasing Trust 2021-1,2022-05-31,3,10,133539.15,179813.77000000002,0.0
GM Financial Automobile Leasing Trust 2021-1,2022-05-31,98,18,291044.0,532466.78,0.0
GM Financial Automobile Leasing Trust 2021-1,2022-06-30,1,2053,37857586.41,49698351.7,0.0
GM Financial Automobile Leasing Trust 2021-1,2022-06-30,2,18,278155.65,428131.0900000001,2027.19
GM Financial Automobile Leasing Trust 2021-1,2022-06-30,3,6,84711.5,132984.06,0.0
GM Financial Automobile Leasing Trust 2021-1,2022-06-30,98,30,548605.0,936237.99,0.0
GM Financial Automobile Leasing Trust 2021-1,2022-07-31,1,1885,35580273.08,46035798.23,0.0
GM Financial Automobile Leasing Trust 2021-1,2022-07-31,2,22,387476.5,575196.08,1560.0900000000001
GM Financial Automobile Leasing Trust 2021-1,2022-07-31,3,10,188716.0,219623.04000000004,0.0
GM Financial Automobile Leasing Trust 2021-1,2022-07-31,98,27,457888.61000000004,821954.08,0.0
GM Financial Automobile Leasing Trust 2021-1,2022-08-31,1,2182,40864562.95999999,52624685.09,0.0
GM Financial Automobile Leasing Trust 2021-1,2022-08-31,2,50,956518.0,1375689.75,8649.96
GM Financial Automobile Leasing Trust 2021-1,2022-08-31,3,7,115862.0,165587.97,0.0
GM Financial Automobile Leasing Trust 2021-1,2022-08-31,98,31,547218.13,876015.1699999998,0.0
GM Financial Automobile Leasing Trust 2021-1,2022-09-30,1,1904,36053597.17,46256643.29,0.0
GM Financial Automobile Leasing Trust 2021-1,2022-09-30,2,72,1344829.04,1935856.53,18031.68
GM Financial Automobile Leasing Trust 2021-1,2022-09-30,3,8,151808.0,198606.57,0.0
GM Financial Automobile Leasing Trust 2021-1,2022-09-30,4,6,82708.0,0.0,0.0
GM Financial Automobile Leasing Trust 2021-1,2022-09-30,98,31,571065.4,917707.0900000001,0.0
GM Financial Automobile Leasing Trust 2021-1,2022-10-31,1,1809,34185593.440000005,43585186.73,0.0
GM Financial Automobile Leasing Trust 2021-1,2022-10-31,2,78,1460767.81,2068766.2000000002,8499.29
GM Financial Automobile Leasing Trust 2021-1,2022-10-31,3,5,62717.0,88369.72,0.0
GM Financial Automobile Leasing Trust 2021-1,2022-10-31,98,28,453376.0,782819.5900000001,0.0
GM Financial Automobile Leasing Trust 2021-1,2022-11-30,1,1703,32408315.049999997,41328377.79,0.0
GM Financial Automobile Leasing Trust 2021-1,2022-11-30,2,62,1168773.2,1647307.7499999998,1354.45
GM Financial Automobile Leasing Trust 2021-1,2022-11-30,3,5,84624.0,56270.89,0.0
GM Financial Automobile Leasing Trust 2021-1,2022-11-30,98,16,322910.0,453683.83,0.0
GM Financial Automobile Leasing Trust 2021-1,2022-12-31,1,1649,31542723.75,39566887.260000005,0.0
GM Financial Automobile Leasing Trust 2021-1,2022-12-31,2,11,224021.0,317550.35000000003,0.0
GM Financial Automobile Leasing Trust 2021-1,2022-12-31,3,7,114025.0,125895.20000000001,0.0
GM Financial Automobile Leasing Trust 2021-1,2022-12-31,98,24,424224.4,660942.58,0.0
GM Financial Automobile Leasing Trust 2021-1,2023-01-31,1,1725,32646151.669999998,40616725.35,0.0
GM Financial Automobile Leasing Trust 2021-1,2023-01-31,2,627,11466664.66,15113460.07,72398.70999999999
GM Financial Automobile Leasing Trust 2021-1,2023-01-31,3,3,70797.0,110751.18,0.0
GM Financial Automobile Leasing Trust 2021-1,2023-01-31,98,22,372583.0,621256.4,0.0
GM Financial Automobile Leasing Trust 2021-1,2023-02-28,1,1743,33276293.270000003,41025255.339999996,0.0
GM Financial Automobile Leasing Trust 2021-1,2023-02-28,2,216,4144598.8000000003,5573164.02,27895.1
GM Financial Automobile Leasing Trust 2021-1,2023-02-28,3,8,172570.0,243246.03,0.0
GM Financial Automobile Leasing Trust 2021-1,2023-02-28,4,7,122666.0,0.0,0.0
GM Financial Automobile Leasing Trust 2021-1,2023-02-28,98,15,258431.1,376406.47000000003,0.0
GM Financial Automobile Leasing Trust 2021-1,2023-03-31,1,2188,41972937.5,51505261.79,0.0
GM Financial Automobile Leasing Trust 2021-1,2023-03-31,2,161,3129965.75,3845202.0,16774.42
GM Financial Automobile Leasing Trust 2021-1,2023-03-31,3,6,134397.0,137682.75,0.0
GM Financial Automobile Leasing Trust 2021-1,2023-03-31,98,20,350596.0,471920.11999999994,0.0
GM Financial Automobile Leasing Trust 2021-1,2023-04-30,1,1926,37038508.05,45342665.97,0.0
GM Financial Automobile Leasing Trust 2021-1,2023-04-30,2,107,2069174.4300000002,2185715.2399999998,12126.41
GM Financial Automobile Leasing Trust 2021-1,2023-04-30,3,2,38453.0,17191.25,0.0
GM Financial Automobile Leasing Trust 2021-1,2023-04-30,4,4,59380.0,20712.5,0.0
GM Financial Automobile Leasing Trust 2021-1,2023-04-30,98,13,250432.0,323518.14,0.0
GM Financial Automobile Leasing Trust 2021-1,2023-05-31,1,2216,43715000.18000001,53206273.53,0.0
GM Financial Automobile Leasing Trust 2021-1,2023-05-31,2,120,2388782.0,1293431.49,4908.41
GM Financial Automobile Leasing Trust 2021-1,2023-05-31,3,3,39772.0,26080.9,0.0
GM Financial Automobile Leasing Trust 2021-1,2023-05-31,4,1,14251.0,0.0,0.0
GM Financial Automobile Leasing Trust 2021-1,2023-05-31,98,15,293374.0,316438.13000000006,0.0
GM Financial Automobile Leasing Trust 2021-1,2023-06-30,1,2290,44746962.480000004,53907712.11,0.0
GM Financial Automobile Leasing Trust 2021-1,2023-06-30,2,148,2998971.55,661228.5,0.0
GM Financial Automobile Leasing Trust 2021-1,2023-06-30,3,7,156668.0,0.0,0.0
GM Financial Automobile Leasing Trust 2021-1,2023-06-30,98,16,347431.25,262593.76,0.0
GM Financial Automobile Leasing Trust 2021-2,2021-04-30,1,272,5743012.85,8333877.34,0.0
GM Financial Automobile Leasing Trust 2021-2,2021-04-30,2,28,457058.08999999997,749712.15,362.0
GM Financial Automobile Leasing Trust 2021-2,2021-04-30,3,18,316809.0,581330.88,0.0
GM Financial Automobile Leasing Trust 2021-2,2021-04-30,4,1,41190.0,0.0,0.0
GM Financial Automobile Leasing Trust 2021-2,2021-04-30,98,15,269464.2,425916.08,0.0
GM Financial Automobile Leasing Trust 2021-2,2021-05-31,1,557,11077016.58,16023653.73,0.0
GM Financial Automobile Leasing Trust 2021-2,2021-05-31,2,24,387654.76,646315.35,162.0
GM Financial Automobile Leasing Trust 2021-2,2021-05-31,3,18,391435.35000000003,771669.5800000001,0.0
GM Financial Automobile Leasing Trust 2021-2,2021-05-31,98,19,351196.2,565881.6900000001,0.0
GM Financial Automobile Leasing Trust 2021-2,2021-06-30,1,741,14861894.12,21164215.529999997,0.0
GM Financial Automobile Leasing Trust 2021-2,2021-06-30,2,23,404844.2,675672.71,0.0
GM Financial Automobile Leasing Trust 2021-2,2021-06-30,3,21,367072.0,659291.75,0.0
GM Financial Automobile Leasing Trust 2021-2,2021-06-30,4,1,24361.0,0.0,0.0
GM Financial Automobile Leasing Trust 2021-2,2021-06-30,98,17,273906.7,475447.77,0.0
GM Financial Automobile Leasing Trust 2021-2,2021-07-31,1,782,15130439.510000002,21134446.97,0.0
GM Financial Automobile Leasing Trust 2021-2,2021-07-31,2,27,449914.95,735583.4899999999,217.0
GM Financial Automobile Leasing Trust 2021-2,2021-07-31,3,17,266652.9,513982.89,0.0
GM Financial Automobile Leasing Trust 2021-2,2021-07-31,98,20,296186.39999999997,554636.36,0.0
GM Financial Automobile Leasing Trust 2021-2,2021-08-31,1,738,14336290.91,19720073.29,0.0
GM Financial Automobile Leasing Trust 2021-2,2021-08-31,2,23,386397.42,632735.53,1545.8899999999999
GM Financial Automobile Leasing Trust 2021-2,2021-08-31,3,11,184401.55,337224.76,0.0
GM Financial Automobile Leasing Trust 2021-2,2021-08-31,98,24,397398.85,791863.1799999999,0.0
GM Financial Automobile Leasing Trust 2021-2,2021-09-30,1,686,13582292.42,18570784.04,0.0
GM Financial Automobile Leasing Trust 2021-2,2021-09-30,2,14,190342.0,365103.32000000007,1921.5700000000002
GM Financial Automobile Leasing Trust 2021-2,2021-09-30,3,35,618588.25,1134022.73,0.0
GM Financial Automobile Leasing Trust 2021-2,2021-09-30,98,21,428923.4,775215.85,0.0
GM Financial Automobile Leasing Trust 2021-2,2021-10-31,1,781,15334856.76,21167898.97,0.0
GM Financial Automobile Leasing Trust 2021-2,2021-10-31,2,3,34793.33,74334.63,0.0
GM Financial Automobile Leasing Trust 2021-2,2021-10-31,3,7,99929.0,190127.28999999998,0.0
GM Financial Automobile Leasing Trust 2021-2,2021-10-31,98,52,938079.65,1649630.88,0.0
GM Financial Automobile Leasing Trust 2021-2,2021-11-30,1,857,16922135.51,23365464.28,0.0
GM Financial Automobile Leasing Trust 2021-2,2021-11-30,2,2,26650.0,56280.15,0.0
GM Financial Automobile Leasing Trust 2021-2,2021-11-30,3,7,104135.55,222401.95,0.0
GM Financial Automobile Leasing Trust 2021-2,2021-11-30,98,31,516169.6,1005517.7200000001,0.0
GM Financial Automobile Leasing Trust 2021-2,2021-12-31,1,957,18725780.020000003,25741591.33,0.0
GM Financial Automobile Leasing Trust 2021-2,2021-12-31,3,5,74424.0,165549.37999999998,0.0
GM Financial Automobile Leasing Trust 2021-2,2021-12-31,98,25,504700.82,898022.78,0.0
GM Financial Automobile Leasing Trust 2021-2,2022-01-31,1,1009,19334273.19,26429961.42,0.0
GM Financial Automobile Leasing Trust 2021-2,2022-01-31,2,58,967443.72,1268606.8,7638.84
GM Financial Automobile Leasing Trust 2021-2,2022-01-31,3,8,109232.0,206809.98,0.0
GM Financial Automobile Leasing Trust 2021-2,2022-01-31,98,21,384867.5,743525.95,0.0
GM Financial Automobile Leasing Trust 2021-2,2022-02-28,1,1037,19499555.12,26472245.75,0.0
GM Financial Automobile Leasing Trust 2021-2,2022-02-28,2,19,332361.56000000006,456458.01999999996,5579.9400000000005
GM Financial Automobile Leasing Trust 2021-2,2022-02-28,3,6,123772.0,192333.53,0.0
GM Financial Automobile Leasing Trust 2021-2,2022-02-28,98,25,448743.30000000005,792247.1599999999,0.0
GM Financial Automobile Leasing Trust 2021-2,2022-03-31,1,1520,28505261.28,38453707.16,0.0
GM Financial Automobile Leasing Trust 2021-2,2022-03-31,2,18,299478.73,446116.54000000004,923.5
GM Financial Automobile Leasing Trust 2021-2,2022-03-31,3,6,100053.0,176359.34000000003,0.0
GM Financial Automobile Leasing Trust 2021-2,2022-03-31,98,40,751007.1,1466051.51,0.0
GM Financial Automobile Leasing Trust 2021-2,2022-04-30,1,1242,23530581.810000002,31583752.56,0.0
GM Financial Automobile Leasing Trust 2021-2,2022-04-30,2,11,208589.57,273600.15,2169.7599999999998
GM Financial Automobile Leasing Trust 2021-2,2022-04-30,3,11,172928.16999999998,289242.93,0.0
GM Financial Automobile Leasing Trust 2021-2,2022-04-30,98,18,340416.05,614603.75,0.0
GM Financial Automobile Leasing Trust 2021-2,2022-05-31,1,1367,25897176.25,34601189.22,0.0
GM Financial Automobile Leasing Trust 2021-2,2022-05-31,2,12,226575.0,315450.80999999994,2768.2
GM Financial Automobile Leasing Trust 2021-2,2022-05-31,3,5,75302.0,153324.75,0.0
GM Financial Automobile Leasing Trust 2021-2,2022-05-31,98,25,528888.9,944860.77,0.0
GM Financial Automobile Leasing Trust 2021-2,2022-06-30,1,1428,26567020.54,35091577.839999996,0.0
GM Financial Automobile Leasing Trust 2021-2,2022-06-30,2,12,254658.35,344905.08,668.15
GM Financial Automobile Leasing Trust 2021-2,2022-06-30,3,7,168643.9,158887.89,0.0
GM Financial Automobile Leasing Trust 2021-2,2022-06-30,98,22,383135.04,706848.3999999999,0.0
GM Financial Automobile Leasing Trust 2021-2,2022-07-31,1,1338,25553046.04,33351073.4,0.0
GM Financial Automobile Leasing Trust 2021-2,2022-07-31,2,18,336445.67,492727.82,6356.09
GM Financial Automobile Leasing Trust 2021-2,2022-07-31,3,5,68158.6,132322.52000000002,0.0
GM Financial Automobile Leasing Trust 2021-2,2022-07-31,98,24,404138.0,680094.6100000001,0.0
GM Financial Automobile Leasing Trust 2021-2,2022-08-31,1,1507,28741134.05,37442340.69,0.0
GM Financial Automobile Leasing Trust 2021-2,2022-08-31,2,25,509248.13,730660.61,2766.86
GM Financial Automobile Leasing Trust 2021-2,2022-08-31,3,7,99139.0,135580.63,0.0
GM Financial Automobile Leasing Trust 2021-2,2022-08-31,98,24,436644.0,760055.6100000001,0.0
GM Financial Automobile Leasing Trust 2021-2,2022-09-30,1,1296,25768109.69,33310433.23,0.0
GM Financial Automobile Leasing Trust 2021-2,2022-09-30,2,39,673933.9200000002,972580.27,3108.58
GM Financial Automobile Leasing Trust 2021-2,2022-09-30,3,5,102009.15,115715.88,0.0
GM Financial Automobile Leasing Trust 2021-2,2022-09-30,4,3,42023.0,0.0,0.0
GM Financial Automobile Leasing Trust 2021-2,2022-09-30,98,20,386642.0,682780.31,0.0
GM Financial Automobile Leasing Trust 2021-2,2022-10-31,1,1338,25670581.58,33186207.59,0.0
GM Financial Automobile Leasing Trust 2021-2,2022-10-31,2,34,619199.02,887881.7899999999,1348.96
GM Financial Automobile Leasing Trust 2021-2,2022-10-31,3,3,50434.0,77551.87,0.0
GM Financial Automobile Leasing Trust 2021-2,2022-10-31,98,32,595567.0,1016444.32,0.0
GM Financial Automobile Leasing Trust 2021-2,2022-11-30,1,1208,23571445.86,29650834.950000003,0.0
GM Financial Automobile Leasing Trust 2021-2,2022-11-30,2,49,922518.3,1293692.78,1236.56
GM Financial Automobile Leasing Trust 2021-2,2022-11-30,3,7,114736.5,105989.95000000001,0.0
GM Financial Automobile Leasing Trust 2021-2,2022-11-30,98,29,509129.8,904305.3100000002,0.0
GM Financial Automobile Leasing Trust 2021-2,2022-12-31,1,1236,24073903.16,30298661.66,0.0
GM Financial Automobile Leasing Trust 2021-2,2022-12-31,2,15,282853.0,380076.94,0.0
GM Financial Automobile Leasing Trust 2021-2,2022-12-31,3,4,72062.15,78113.69,0.0
GM Financial Automobile Leasing Trust 2021-2,2022-12-31,98,38,732795.0,1149601.6,0.0
GM Financial Automobile Leasing Trust 2021-2,2023-01-31,1,1276,25262373.009999998,31353721.97,0.0
GM Financial Automobile Leasing Trust 2021-2,2023-01-31,2,500,9540605.5,12874515.78,66915.1
GM Financial Automobile Leasing Trust 2021-2,2023-01-31,3,4,93127.0,51412.1,0.0
GM Financial Automobile Leasing Trust 2021-2,2023-01-31,98,33,530874.78,781203.7400000001,0.0
GM Financial Automobile Leasing Trust 2021-2,2023-02-28,1,1171,23153676.53,28725203.61,0.0
GM Financial Automobile Leasing Trust 2021-2,2023-02-28,2,146,2829127.65,3971211.6799999997,30429.130000000005
GM Financial Automobile Leasing Trust 2021-2,2023-02-28,3,8,149341.0,174783.91,0.0
GM Financial Automobile Leasing Trust 2021-2,2023-02-28,4,3,41650.0,0.0,0.0
GM Financial Automobile Leasing Trust 2021-2,2023-02-28,98,21,426868.29000000004,602855.51,0.0
GM Financial Automobile Leasing Trust 2021-2,2023-03-31,1,1502,29501682.6,36725440.82,0.0
GM Financial Automobile Leasing Trust 2021-2,2023-03-31,2,116,2326344.0,3199178.9899999998,35595.369999999995
GM Financial Automobile Leasing Trust 2021-2,2023-03-31,3,5,102806.8,124514.25,0.0
GM Financial Automobile Leasing Trust 2021-2,2023-03-31,98,19,376846.0,544891.4,0.0
GM Financial Automobile Leasing Trust 2021-2,2023-04-30,1,1397,28239928.94,34745622.5,0.0
GM Financial Automobile Leasing Trust 2021-2,2023-04-30,2,73,1467086.1,1870327.5999999999,13835.89
GM Financial Automobile Leasing Trust 2021-2,2023-04-30,3,5,119476.1,139826.44,0.0
GM Financial Automobile Leasing Trust 2021-2,2023-04-30,4,1,11299.0,0.0,0.0
GM Financial Automobile Leasing Trust 2021-2,2023-04-30,98,16,305872.25,447755.1,0.0
GM Financial Automobile Leasing Trust 2021-2,2023-05-31,1,1742,35551310.28,43343052.02,0.0
GM Financial Automobile Leasing Trust 2021-2,2023-05-31,2,90,1796541.75,2197216.5100000002,21257.76
GM Financial Automobile Leasing Trust 2021-2,2023-05-31,3,7,189296.55,188396.1,0.0
GM Financial Automobile Leasing Trust 2021-2,2023-05-31,98,28,501689.83,744906.9,0.0
GM Financial Automobile Leasing Trust 2021-2,2023-06-30,1,1733,35117973.57,42450685.400000006,0.0
GM Financial Automobile Leasing Trust 2021-2,2023-06-30,2,108,2171407.4,2643351.47,28563.33
GM Financial Automobile Leasing Trust 2021-2,2023-06-30,3,6,123044.05,163909.26,0.0
GM Financial Automobile Leasing Trust 2021-2,2023-06-30,98,14,317182.0,468820.07,0.0
GM Financial Automobile Leasing Trust 2021-2,2023-07-31,1,1617,32647015.87,39025044.17,0.0
GM Financial Automobile Leasing Trust 2021-2,2023-07-31,2,161,3070097.0,3579392.67,13361.1
GM Financial Automobile Leasing Trust 2021-2,2023-07-31,3,4,106975.0,96303.70999999999,0.0
GM Financial Automobile Leasing Trust 2021-2,2023-07-31,98,13,258729.0,361195.68,0.0
GM Financial Automobile Leasing Trust 2021-2,2023-08-31,1,1865,37904943.71,45066370.84,0.0
GM Financial Automobile Leasing Trust 2021-2,2023-08-31,2,211,4017362.05,3961789.54,20312.67
GM Financial Automobile Leasing Trust 2021-2,2023-08-31,3,6,142814.0,111053.75,0.0
GM Financial Automobile Leasing Trust 2021-2,2023-08-31,98,20,379448.05,500209.19,0.0
GM Financial Automobile Leasing Trust 2021-2,2023-09-30,1,1640,33975413.34,40193809.44,0.0
GM Financial Automobile Leasing Trust 2021-2,2023-09-30,2,243,4612285.09,2966679.92,11762.990000000002
GM Financial Automobile Leasing Trust 2021-2,2023-09-30,3,3,42582.0,50840.9,0.0
GM Financial Automobile Leasing Trust 2021-2,2023-09-30,98,9,219299.8,113708.47,0.0
GM Financial Automobile Leasing Trust 2021-2,2023-10-31,1,1739,36789028.45,43419907.77,0.0
GM Financial Automobile Leasing Trust 2021-2,2023-10-31,2,296,5600442.0,1253218.3,0.0
GM Financial Automobile Leasing Trust 2021-2,2023-10-31,3,1,9465.0,0.0,0.0
GM Financial Automobile Leasing Trust 2021-2,2023-10-31,98,13,212173.0,175770.54,0.0
GM Financial Automobile Leasing Trust 2021-3,2021-07-31,1,380,7946091.510000001,11667507.260000002,0.0
GM Financial Automobile Leasing Trust 2021-3,2021-07-31,2,7,104576.1,192916.6,0.0
GM Financial Automobile Leasing Trust 2021-3,2021-07-31,3,14,274621.45,554053.5800000001,0.0
GM Financial Automobile Leasing Trust 2021-3,2021-07-31,98,33,591333.8300000001,1052380.1,0.0
GM Financial Automobile Leasing Trust 2021-3,2021-08-31,1,387,8304288.77,11966771.1,0.0
GM Financial Automobile Leasing Trust 2021-3,2021-08-31,2,4,59574.15,106262.66,0.0
GM Financial Automobile Leasing Trust 2021-3,2021-08-31,3,11,188013.85,311692.36000000004,0.0
GM Financial Automobile Leasing Trust 2021-3,2021-08-31,4,1,21067.0,0.0,0.0
GM Financial Automobile Leasing Trust 2021-3,2021-08-31,98,28,476335.0,865547.18,0.0
GM Financial Automobile Leasing Trust 2021-3,2021-09-30,1,449,9312741.02,13107259.36,0.0
GM Financial Automobile Leasing Trust 2021-3,2021-09-30,2,9,148814.3,259202.99,0.0
GM Financial Automobile Leasing Trust 2021-3,2021-09-30,3,29,572249.5,1068832.92,0.0
GM Financial Automobile Leasing Trust 2021-3,2021-09-30,98,21,419649.1,761206.6,0.0
GM Financial Automobile Leasing Trust 2021-3,2021-10-31,1,620,12669148.99,17708583.33,0.0
GM Financial Automobile Leasing Trust 2021-3,2021-10-31,3,4,74069.0,160697.44,0.0
GM Financial Automobile Leasing Trust 2021-3,2021-10-31,98,34,602015.95,1185873.33,0.0
GM Financial Automobile Leasing Trust 2021-3,2021-11-30,1,695,14611196.95,20186692.560000002,0.0
GM Financial Automobile Leasing Trust 2021-3,2021-11-30,3,8,152820.4,299996.97,0.0
GM Financial Automobile Leasing Trust 2021-3,2021-11-30,98,37,607342.1,1188234.9399999997,0.0
GM Financial Automobile Leasing Trust 2021-3,2021-12-31,1,799,16002835.82,22291844.259999998,0.0
GM Financial Automobile Leasing Trust 2021-3,2021-12-31,3,5,109546.09999999999,190886.31,0.0
GM Financial Automobile Leasing Trust 2021-3,2021-12-31,98,32,576544.9,1140424.1800000002,0.0
GM Financial Automobile Leasing Trust 2021-3,2022-01-31,1,783,15543311.370000001,21169221.42,0.0
GM Financial Automobile Leasing Trust 2021-3,2022-01-31,2,22,365801.60000000003,494458.23999999993,7801.849999999999
GM Financial Automobile Leasing Trust 2021-3,2022-01-31,3,9,146378.2,255619.65000000002,0.0
GM Financial Automobile Leasing Trust 2021-3,2022-01-31,98,23,402492.4,744804.7800000001,61.39
GM Financial Automobile Leasing Trust 2021-3,2022-02-28,1,863,17241146.66,23686940.3,0.0
GM Financial Automobile Leasing Trust 2021-3,2022-02-28,2,7,122832.2,144660.74,555.1600000000001
GM Financial Automobile Leasing Trust 2021-3,2022-02-28,3,8,172309.0,261443.02,0.0
GM Financial Automobile Leasing Trust 2021-3,2022-02-28,98,32,652432.8899999999,1219541.64,0.0
GM Financial Automobile Leasing Trust 2021-3,2022-03-31,1,1092,20889058.48,28770260.75,0.0
GM Financial Automobile Leasing Trust 2021-3,2022-03-31,2,5,104724.8,163498.44,0.0
GM Financial Automobile Leasing Trust 2021-3,2022-03-31,3,8,158896.65,251880.28,0.0
GM Financial Automobile Leasing Trust 2021-3,2022-03-31,98,26,501175.0,964827.85,0.0
GM Financial Automobile Leasing Trust 2021-3,2022-04-30,1,981,19210195.13,25872326.12,0.0
GM Financial Automobile Leasing Trust 2021-3,2022-04-30,2,9,173207.55,212386.99000000002,3314.09
GM Financial Automobile Leasing Trust 2021-3,2022-04-30,3,12,200362.4,397931.13999999996,0.0
GM Financial Automobile Leasing Trust 2021-3,2022-04-30,98,27,488077.2,877399.87,0.0
GM Financial Automobile Leasing Trust 2021-3,2022-05-31,1,1033,20528425.799999997,27454136.97,0.0
GM Financial Automobile Leasing Trust 2021-3,2022-05-31,2,8,160935.87,245261.5,4297.08
GM Financial Automobile Leasing Trust 2021-3,2022-05-31,3,3,70455.0,102737.61,0.0
GM Financial Automobile Leasing Trust 2021-3,2022-05-31,98,18,347483.4,645367.11,0.0
GM Financial Automobile Leasing Trust 2021-3,2022-06-30,1,1181,23445047.15,31198940.74,0.0
GM Financial Automobile Leasing Trust 2021-3,2022-06-30,2,5,99430.25,117837.84999999999,823.72
GM Financial Automobile Leasing Trust 2021-3,2022-06-30,3,5,84648.0,78309.25,0.0
GM Financial Automobile Leasing Trust 2021-3,2022-06-30,98,23,457712.0,835825.85,0.0
GM Financial Automobile Leasing Trust 2021-3,2022-07-31,1,1031,20582558.840000004,27154727.259999998,0.0
GM Financial Automobile Leasing Trust 2021-3,2022-07-31,2,10,242416.5,315606.32,8103.0
GM Financial Automobile Leasing Trust 2021-3,2022-07-31,3,2,45481.25,61420.64,0.0
GM Financial Automobile Leasing Trust 2021-3,2022-07-31,98,19,381707.5,635914.4299999999,0.0
GM Financial Automobile Leasing Trust 2021-3,2022-08-31,1,1170,23124756.23,30368894.93,0.0
GM Financial Automobile Leasing Trust 2021-3,2022-08-31,2,22,440316.0,616473.75,4633.36
GM Financial Automobile Leasing Trust 2021-3,2022-08-31,3,11,205767.0,237998.39,0.0
GM Financial Automobile Leasing Trust 2021-3,2022-08-31,98,31,561885.0700000001,1039467.4999999999,0.0
GM Financial Automobile Leasing Trust 2021-3,2022-09-30,1,1091,21341490.77,27614326.79,0.0
GM Financial Automobile Leasing Trust 2021-3,2022-09-30,2,25,493329.85,678072.4,3598.7000000000003
GM Financial Automobile Leasing Trust 2021-3,2022-09-30,3,4,82710.0,117340.72,0.0
GM Financial Automobile Leasing Trust 2021-3,2022-09-30,4,7,91192.0,0.0,0.0
GM Financial Automobile Leasing Trust 2021-3,2022-09-30,98,20,331874.0,595922.72,0.0
GM Financial Automobile Leasing Trust 2021-3,2022-10-31,1,1065,21354495.18,27544549.990000002,0.0
GM Financial Automobile Leasing Trust 2021-3,2022-10-31,2,30,547461.46,764475.03,2452.89
GM Financial Automobile Leasing Trust 2021-3,2022-10-31,3,5,77668.0,96231.20999999999,0.0
GM Financial Automobile Leasing Trust 2021-3,2022-10-31,98,37,740619.65,1353656.48,0.0
GM Financial Automobile Leasing Trust 2021-3,2022-11-30,1,1033,21412967.29,27190261.93,0.0
GM Financial Automobile Leasing Trust 2021-3,2022-11-30,2,33,623675.05,846014.0,851.79
GM Financial Automobile Leasing Trust 2021-3,2022-11-30,3,2,40624.0,53822.64,0.0
GM Financial Automobile Leasing Trust 2021-3,2022-11-30,98,29,547532.4,944752.72,0.0
GM Financial Automobile Leasing Trust 2021-3,2022-12-31,1,985,20538780.93,25567098.17,0.0
GM Financial Automobile Leasing Trust 2021-3,2022-12-31,2,10,209220.0,286516.97,0.0
GM Financial Automobile Leasing Trust 2021-3,2022-12-31,3,7,116786.0,153169.76,0.0
GM Financial Automobile Leasing Trust 2021-3,2022-12-31,98,29,543684.8,901571.5700000002,0.0
GM Financial Automobile Leasing Trust 2021-3,2023-01-31,1,1074,21838561.86,27160866.08,0.0
GM Financial Automobile Leasing Trust 2021-3,2023-01-31,2,391,7386840.05,9884824.200000001,52911.42
GM Financial Automobile Leasing Trust 2021-3,2023-01-31,3,16,258470.0,355244.5,0.0
GM Financial Automobile Leasing Trust 2021-3,2023-01-31,98,25,502659.6,797922.56,0.0
GM Financial Automobile Leasing Trust 2021-3,2023-02-28,1,1004,20636555.55,25417507.59,0.0
GM Financial Automobile Leasing Trust 2021-3,2023-02-28,2,133,2529783.5,3516515.88,18651.22
GM Financial Automobile Leasing Trust 2021-3,2023-02-28,3,7,143435.0,168992.43,0.0
GM Financial Automobile Leasing Trust 2021-3,2023-02-28,4,15,204680.0,0.0,0.0
GM Financial Automobile Leasing Trust 2021-3,2023-02-28,98,28,526644.95,802768.1499999999,0.0
GM Financial Automobile Leasing Trust 2021-3,2023-03-31,1,1378,28409328.009999998,34848297.78,0.0
GM Financial Automobile Leasing Trust 2021-3,2023-03-31,2,99,2022971.8900000001,2606737.2600000007,13191.81
GM Financial Automobile Leasing Trust 2021-3,2023-03-31,3,7,134049.0,126703.06,0.0
GM Financial Automobile Leasing Trust 2021-3,2023-03-31,4,1,11858.0,21511.16,0.0
GM Financial Automobile Leasing Trust 2021-3,2023-03-31,98,17,311495.7,468905.5,0.0
GM Financial Automobile Leasing Trust 2021-3,2023-04-30,1,1255,26310862.299999997,32241272.22,0.0
GM Financial Automobile Leasing Trust 2021-3,2023-04-30,2,63,1374699.1,1730858.48,7984.42
GM Financial Automobile Leasing Trust 2021-3,2023-04-30,3,10,174615.0,197303.2,0.0
GM Financial Automobile Leasing Trust 2021-3,2023-04-30,4,8,105381.0,0.0,0.0
GM Financial Automobile Leasing Trust 2021-3,2023-04-30,98,22,360964.0,503819.99999999994,0.0
GM Financial Automobile Leasing Trust 2021-3,2023-05-31,1,1428,29699797.21,36262904.72,0.0
GM Financial Automobile Leasing Trust 2021-3,2023-05-31,2,69,1429889.98,1756622.17,13315.32
GM Financial Automobile Leasing Trust 2021-3,2023-05-31,3,12,280835.15,307596.43,0.0
GM Financial Automobile Leasing Trust 2021-3,2023-05-31,4,4,55308.0,0.0,0.0
GM Financial Automobile Leasing Trust 2021-3,2023-05-31,98,29,503627.5,802866.0900000001,0.0
GM Financial Automobile Leasing Trust 2021-3,2023-06-30,1,1452,30165637.15,36776951.12,0.0
GM Financial Automobile Leasing Trust 2021-3,2023-06-30,2,77,1693933.65,1865207.99,8172.49
GM Financial Automobile Leasing Trust 2021-3,2023-06-30,3,5,95769.0,77070.36,0.0
GM Financial Automobile Leasing Trust 2021-3,2023-06-30,98,17,299174.0,486621.9,0.0
GM Financial Automobile Leasing Trust 2021-3,2023-07-31,1,1425,29024542.25,35027070.86,0.0
GM Financial Automobile Leasing Trust 2021-3,2023-07-31,2,107,2243398.5,2731900.8499999996,8665.69
GM Financial Automobile Leasing Trust 2021-3,2023-07-31,3,5,105669.0,139620.69,0.0
GM Financial Automobile Leasing Trust 2021-3,2023-07-31,98,16,343915.3,554361.18,0.0
GM Financial Automobile Leasing Trust 2021-3,2023-08-31,1,1793,36542215.92,43781695.58,0.0
GM Financial Automobile Leasing Trust 2021-3,2023-08-31,2,187,3599091.2,4519108.24,34187.87
GM Financial Automobile Leasing Trust 2021-3,2023-08-31,3,9,206474.65,209016.79,0.0
GM Financial Automobile Leasing Trust 2021-3,2023-08-31,98,24,402437.3,626873.21,0.0
GM Financial Automobile Leasing Trust 2021-3,2023-09-30,1,1673,34715094.75,41251238.14,0.0
GM Financial Automobile Leasing Trust 2021-3,2023-09-30,2,179,3505361.3,4219482.07,22295.0
GM Financial Automobile Leasing Trust 2021-3,2023-09-30,3,6,155100.0,138424.33,0.0
GM Financial Automobile Leasing Trust 2021-3,2023-09-30,98,16,279781.0,409471.12,0.0
GM Financial Automobile Leasing Trust 2021-3,2023-10-31,1,1927,40704853.349999994,48041117.35,0.0
GM Financial Automobile Leasing Trust 2021-3,2023-10-31,2,225,4466715.5,5467335.58,45294.16
GM Financial Automobile Leasing Trust 2021-3,2023-10-31,3,7,115844.0,102143.34999999999,0.0
GM Financial Automobile Leasing Trust 2021-3,2023-10-31,98,21,439244.7,531406.52,0.0
GM Financial Automobile Leasing Trust 2021-3,2023-11-30,1,1563,33891106.620000005,39325219.050000004,0.0
GM Financial Automobile Leasing Trust 2021-3,2023-11-30,2,150,2915595.0,3492479.3999999994,16027.78
GM Financial Automobile Leasing Trust 2021-3,2023-11-30,3,2,25656.0,16074.3,0.0
GM Financial Automobile Leasing Trust 2021-3,2023-11-30,98,11,250900.0,327200.75,0.0
GM Financial Automobile Leasing Trust 2021-3,2023-12-31,1,1400,30354659.25,35360415.620000005,0.0
GM Financial Automobile Leasing Trust 2021-3,2023-12-31,2,20,447532.0,528015.54,0.0
GM Financial Automobile Leasing Trust 2021-3,2023-12-31,3,5,126606.0,157529.36,0.0
GM Financial Automobile Leasing Trust 2021-3,2023-12-31,98,17,296994.0,372818.72000000003,0.0
GM Financial Automobile Leasing Trust 2021-3,2024-01-31,1,1455,32262491.2,36858141.97,0.0
GM Financial Automobile Leasing Trust 2021-3,2024-01-31,2,1493,28958689.099999998,23553587.28,187749.35
GM Financial Automobile Leasing Trust 2021-3,2024-01-31,3,5,89573.0,70456.62,0.0
GM Financial Automobile Leasing Trust 2021-3,2024-01-31,98,18,449822.5,496070.85000000003,0.0
GM Financial Automobile Leasing Trust 2021-3,2024-02-29,1,1360,29490835.299999997,33571227.44,0.0
GM Financial Automobile Leasing Trust 2021-3,2024-02-29,2,508,9870269.49,2242297.28,6659.62
GM Financial Automobile Leasing Trust 2021-3,2024-02-29,3,7,117096.0,32897.85,0.0
GM Financial Automobile Leasing Trust 2021-3,2024-02-29,98,14,278036.0,142510.66999999998,0.0
GM Financial Automobile Leasing Trust 2022-1,2022-01-31,1,440,10383673.56,15444694.9,0.0
GM Financial Automobile Leasing Trust 2022-1,2022-01-31,3,3,60273.0,106435.95999999999,0.0
GM Financial Automobile Leasing Trust 2022-1,2022-01-31,98,32,580299.0,1142957.92,0.0
GM Financial Automobile Leasing Trust 2022-1,2022-02-28,1,501,11009867.32,16105458.559999999,0.0
GM Financial Automobile Leasing Trust 2022-1,2022-02-28,3,8,127282.0,225237.09000000003,0.0
GM Financial Automobile Leasing Trust 2022-1,2022-02-28,98,16,319971.0,612107.6900000001,0.0
GM Financial Automobile Leasing Trust 2022-1,2022-03-31,1,746,16247183.01,23411142.200000003,0.0
GM Financial Automobile Leasing Trust 2022-1,2022-03-31,2,2,37030.8,57523.39,0.0
GM Financial Automobile Leasing Trust 2022-1,2022-03-31,3,5,77839.0,129841.07,0.0
GM Financial Automobile Leasing Trust 2022-1,2022-03-31,98,30,561986.0,1075428.95,0.0
GM Financial Automobile Leasing Trust 2022-1,2022-04-30,1,807,17180716.349999998,23832084.32,0.0
GM Financial Automobile Leasing Trust 2022-1,2022-04-30,2,2,23664.3,44246.59,0.0
GM Financial Automobile Leasing Trust 2022-1,2022-04-30,3,4,54571.0,113258.22,0.0
GM Financial Automobile Leasing Trust 2022-1,2022-04-30,98,34,636417.7,1235885.85,0.0
GM Financial Automobile Leasing Trust 2022-1,2022-05-31,1,887,18495213.61,25885243.310000002,0.0
GM Financial Automobile Leasing Trust 2022-1,2022-05-31,2,9,193927.02,292579.45,0.0
GM Financial Automobile Leasing Trust 2022-1,2022-05-31,3,7,110831.0,173196.41000000003,434.0
GM Financial Automobile Leasing Trust 2022-1,2022-05-31,98,29,536477.0,1092392.13,0.0
GM Financial Automobile Leasing Trust 2022-1,2022-06-30,1,1030,21361113.07,29275314.949999996,0.0
GM Financial Automobile Leasing Trust 2022-1,2022-06-30,2,5,111035.5,150323.46,88.19
GM Financial Automobile Leasing Trust 2022-1,2022-06-30,3,4,77699.0,112957.57,0.0
GM Financial Automobile Leasing Trust 2022-1,2022-06-30,98,24,421208.19,827048.99,0.0
GM Financial Automobile Leasing Trust 2022-1,2022-07-31,1,944,19280931.65,25929635.45,0.0
GM Financial Automobile Leasing Trust 2022-1,2022-07-31,2,4,64892.0,94957.51,0.0
GM Financial Automobile Leasing Trust 2022-1,2022-07-31,3,7,154176.0,260687.75,0.0
GM Financial Automobile Leasing Trust 2022-1,2022-07-31,98,33,622274.0,1172390.76,0.0
GM Financial Automobile Leasing Trust 2022-1,2022-08-31,1,989,20733808.349999998,27862874.060000002,0.0
GM Financial Automobile Leasing Trust 2022-1,2022-08-31,2,17,266046.25,384090.95999999996,3551.82
GM Financial Automobile Leasing Trust 2022-1,2022-08-31,3,12,228619.0,351969.35,0.0
GM Financial Automobile Leasing Trust 2022-1,2022-08-31,98,38,813809.0,1359858.0299999998,0.0
GM Financial Automobile Leasing Trust 2022-1,2022-09-30,1,912,19418100.17,25781026.619999997,0.0
GM Financial Automobile Leasing Trust 2022-1,2022-09-30,2,13,218438.53,334173.08,1185.1599999999999
GM Financial Automobile Leasing Trust 2022-1,2022-09-30,3,2,45154.0,73621.25,0.0
GM Financial Automobile Leasing Trust 2022-1,2022-09-30,4,10,151588.0,0.0,0.0
GM Financial Automobile Leasing Trust 2022-1,2022-09-30,98,30,635850.8,1167983.63,0.0
GM Financial Automobile Leasing Trust 2022-1,2022-10-31,1,932,19777277.54,25951426.130000003,0.0
GM Financial Automobile Leasing Trust 2022-1,2022-10-31,2,25,495629.0,681561.03,1026.8400000000001
GM Financial Automobile Leasing Trust 2022-1,2022-10-31,3,15,324171.0,489049.11,0.0
GM Financial Automobile Leasing Trust 2022-1,2022-10-31,98,51,1142518.25,2097080.37,0.0
GM Financial Automobile Leasing Trust 2022-1,2022-11-30,1,856,17601422.61,23123572.02,0.0
GM Financial Automobile Leasing Trust 2022-1,2022-11-30,2,25,487095.19999999995,667549.62,465.5
GM Financial Automobile Leasing Trust 2022-1,2022-11-30,3,14,219185.0,284689.82999999996,0.0
GM Financial Automobile Leasing Trust 2022-1,2022-11-30,98,43,827274.95,1503339.79,0.0
GM Financial Automobile Leasing Trust 2022-1,2022-12-31,1,841,18034504.67,23193755.509999998,0.0
GM Financial Automobile Leasing Trust 2022-1,2022-12-31,2,4,76869.0,107704.95999999999,0.0
GM Financial Automobile Leasing Trust 2022-1,2022-12-31,3,12,235860.0,301692.91,0.0
GM Financial Automobile Leasing Trust 2022-1,2022-12-31,98,44,733746.8,1216322.7299999997,0.0
GM Financial Automobile Leasing Trust 2022-1,2023-01-31,1,886,18798122.939999998,23812663.9,0.0
GM Financial Automobile Leasing Trust 2022-1,2023-01-31,2,253,4717056.1,6408642.9399999995,28910.56
GM Financial Automobile Leasing Trust 2022-1,2023-01-31,3,13,280445.0,363378.68,0.0
GM Financial Automobile Leasing Trust 2022-1,2023-01-31,98,26,541606.5,849488.7,0.0
GM Financial Automobile Leasing Trust 2022-1,2023-02-28,1,914,19727930.520000003,24727383.78,0.0
GM Financial Automobile Leasing Trust 2022-1,2023-02-28,2,103,1940820.9500000002,2630927.9900000007,18436.309999999998
GM Financial Automobile Leasing Trust 2022-1,2023-02-28,3,14,231497.0,301817.38,0.0
GM Financial Automobile Leasing Trust 2022-1,2023-02-28,4,12,176741.0,0.0,0.0
GM Financial Automobile Leasing Trust 2022-1,2023-02-28,98,41,791824.95,1264434.8599999999,0.0
GM Financial Automobile Leasing Trust 2022-1,2023-03-31,1,1277,27069093.41,34084261.49,0.0
GM Financial Automobile Leasing Trust 2022-1,2023-03-31,2,57,1100113.95,1505186.0699999998,8560.669999999998
GM Financial Automobile Leasing Trust 2022-1,2023-03-31,3,20,407976.0,532788.4,0.0
GM Financial Automobile Leasing Trust 2022-1,2023-03-31,4,5,75155.0,0.0,0.0
GM Financial Automobile Leasing Trust 2022-1,2023-03-31,98,35,724725.0,1102869.0999999999,0.0
GM Financial Automobile Leasing Trust 2022-1,2023-04-30,1,1208,26443058.9,32799316.549999997,0.0
GM Financial Automobile Leasing Trust 2022-1,2023-04-30,2,54,1091713.07,1434283.04,11410.08
GM Financial Automobile Leasing Trust 2022-1,2023-04-30,3,7,123028.0,145443.87,0.0
GM Financial Automobile Leasing Trust 2022-1,2023-04-30,4,6,97555.0,0.0,0.0
GM Financial Automobile Leasing Trust 2022-1,2023-04-30,98,32,636677.0,978009.5,0.0
GM Financial Automobile Leasing Trust 2022-1,2023-05-31,1,1416,31415383.03,38544408.35,0.0
GM Financial Automobile Leasing Trust 2022-1,2023-05-31,2,47,955348.65,1130675.17,5119.82
GM Financial Automobile Leasing Trust 2022-1,2023-05-31,3,8,160253.0,168295.82,0.0
GM Financial Automobile Leasing Trust 2022-1,2023-05-31,4,2,31551.0,0.0,0.0
GM Financial Automobile Leasing Trust 2022-1,2023-05-31,98,27,524929.75,799648.71,0.0
GM Financial Automobile Leasing Trust 2022-1,2023-06-30,1,1464,32028240.650000002,39088647.15,0.0
GM Financial Automobile Leasing Trust 2022-1,2023-06-30,2,71,1568170.8,1812197.1299999997,8223.060000000001
GM Financial Automobile Leasing Trust 2022-1,2023-06-30,3,13,289203.0,345421.39999999997,0.0
GM Financial Automobile Leasing Trust 2022-1,2023-06-30,98,19,380377.2,645071.6099999999,0.0
GM Financial Automobile Leasing Trust 2022-1,2023-07-31,1,1388,29788113.0,36035593.54,0.0
GM Financial Automobile Leasing Trust 2022-1,2023-07-31,2,110,2332112.3,2854554.1400000006,11258.86
GM Financial Automobile Leasing Trust 2022-1,2023-07-31,3,9,178188.0,189212.72,0.0
GM Financial Automobile Leasing Trust 2022-1,2023-07-31,4,5,79475.0,0.0,0.0
GM Financial Automobile Leasing Trust 2022-1,2023-07-31,98,17,368289.0,506852.49000000005,0.0
GM Financial Automobile Leasing Trust 2022-1,2023-08-31,1,1559,33965679.6,40708537.08,0.0
GM Financial Automobile Leasing Trust 2022-1,2023-08-31,2,131,2707076.3,3267656.9299999997,18836.339999999997
GM Financial Automobile Leasing Trust 2022-1,2023-08-31,3,9,207325.0,174247.76,0.0
GM Financial Automobile Leasing Trust 2022-1,2023-08-31,98,29,647771.0,1053835.45,0.0
GM Financial Automobile Leasing Trust 2022-1,2023-09-30,1,1506,32527376.549999997,38899143.75,0.0
GM Financial Automobile Leasing Trust 2022-1,2023-09-30,2,137,2714020.8,3188415.34,31550.58
GM Financial Automobile Leasing Trust 2022-1,2023-09-30,3,9,204390.0,263713.35,0.0
GM Financial Automobile Leasing Trust 2022-1,2023-09-30,4,1,15139.0,0.0,0.0
GM Financial Automobile Leasing Trust 2022-1,2023-09-30,98,35,768557.35,1115160.1099999999,0.0
GM Financial Automobile Leasing Trust 2022-1,2023-10-31,1,1816,39531202.25,47083110.92,0.0
GM Financial Automobile Leasing Trust 2022-1,2023-10-31,2,189,4013946.17,4737607.74,32787.4
GM Financial Automobile Leasing Trust 2022-1,2023-10-31,3,12,236607.0,296431.78,0.0
GM Financial Automobile Leasing Trust 2022-1,2023-10-31,98,49,988262.4,1423895.26,0.0
GM Financial Automobile Leasing Trust 2022-1,2023-11-30,1,1858,40550648.900000006,47814270.03,0.0
GM Financial Automobile Leasing Trust 2022-1,2023-11-30,2,139,2788448.0,3351045.68,5230.89
GM Financial Automobile Leasing Trust 2022-1,2023-11-30,3,10,220503.0,308207.83999999997,0.0
GM Financial Automobile Leasing Trust 2022-1,2023-11-30,98,26,503801.0,784655.34,0.0
GM Financial Automobile Leasing Trust 2022-1,2023-12-31,1,1648,36661263.269999996,42553560.3,0.0
GM Financial Automobile Leasing Trust 2022-1,2023-12-31,2,28,597721.0,725316.36,0.0
GM Financial Automobile Leasing Trust 2022-1,2023-12-31,3,7,118553.0,118982.95000000001,0.0
GM Financial Automobile Leasing Trust 2022-1,2023-12-31,98,26,475594.0,647507.4299999999,0.0
GM Financial Automobile Leasing Trust 2022-1,2024-01-31,1,1861,41589996.949999996,47687387.8,863.38
GM Financial Automobile Leasing Trust 2022-1,2024-01-31,2,1550,30728138.049999997,34662155.28,258344.13
GM Financial Automobile Leasing Trust 2022-1,2024-01-31,3,8,138453.55,132707.75,0.0
GM Financial Automobile Leasing Trust 2022-1,2024-01-31,98,35,714889.0,901448.6299999999,0.0
GM Financial Automobile Leasing Trust 2022-1,2024-02-29,1,1840,40811301.849999994,46827435.83,0.0
GM Financial Automobile Leasing Trust 2022-1,2024-02-29,2,720,14469137.0,16800828.54,120139.54
GM Financial Automobile Leasing Trust 2022-1,2024-02-29,3,13,272854.0,257088.14999999997,0.0
GM Financial Automobile Leasing Trust 2022-1,2024-02-29,98,20,442685.0,506039.88,0.0
GM Financial Automobile Leasing Trust 2022-1,2024-03-31,1,2034,45076520.0,51500040.53,0.0
GM Financial Automobile Leasing Trust 2022-1,2024-03-31,2,603,12445941.45,13899977.27,104323.04
GM Financial Automobile Leasing Trust 2022-1,2024-03-31,3,17,353287.2,375096.27,0.0
GM Financial Automobile Leasing Trust 2022-1,2024-03-31,98,14,238181.0,336327.87,0.0
GM Financial Automobile Leasing Trust 2022-1,2024-04-30,1,2049,45083412.45,51769085.64,0.0
GM Financial Automobile Leasing Trust 2022-1,2024-04-30,2,603,12386066.65,13050261.04,91266.4
GM Financial Automobile Leasing Trust 2022-1,2024-04-30,3,6,119408.0,102919.3,0.0
GM Financial Automobile Leasing Trust 2022-1,2024-04-30,98,26,624744.5,396441.65,220.23
GM Financial Automobile Leasing Trust 2022-1,2024-05-31,1,1878,40427073.05,46448954.11,0.0
GM Financial Automobile Leasing Trust 2022-1,2024-05-31,2,609,12431020.45,9239676.23,40654.759999999995
GM Financial Automobile Leasing Trust 2022-1,2024-05-31,3,8,202826.0,184163.81,0.0
GM Financial Automobile Leasing Trust 2022-1,2024-05-31,98,17,388805.0,341143.02,0.0
GM Financial Automobile Leasing Trust 2022-1,2024-06-30,1,1564,33855819.45,38713993.28,0.0
GM Financial Automobile Leasing Trust 2022-1,2024-06-30,2,571,11441293.75,2962491.88,1542.01
GM Financial Automobile Leasing Trust 2022-1,2024-06-30,3,7,171123.0,24250.91,0.0
GM Financial Automobile Leasing Trust 2022-1,2024-06-30,98,19,382797.5,385648.69,0.0
GM Financial Automobile Leasing Trust 2022-2,2022-03-31,1,50,1166455.85,1694929.4000000001,0.0
GM Financial Automobile Leasing Trust 2022-2,2022-03-31,4,1,22917.0,0.0,0.0
GM Financial Automobile Leasing Trust 2022-2,2022-04-30,1,479,11350269.86,16578556.8,0.0
GM Financial Automobile Leasing Trust 2022-2,2022-04-30,3,3,44605.0,90878.15,0.0
GM Financial Automobile Leasing Trust 2022-2,2022-04-30,98,17,309933.0,603095.6799999999,0.0
GM Financial Automobile Leasing Trust 2022-2,2022-05-31,1,508,11857316.8,17472979.040000003,0.0
GM Financial Automobile Leasing Trust 2022-2,2022-05-31,3,2,35006.0,54525.6,0.0
GM Financial Automobile Leasing Trust 2022-2,2022-05-31,98,33,672724.2,1229278.06,0.0
GM Financial Automobile Leasing Trust 2022-2,2022-06-30,1,679,15756780.13,22533949.46,0.0
GM Financial Automobile Leasing Trust 2022-2,2022-06-30,2,1,17657.0,26440.89,0.0
GM Financial Automobile Leasing Trust 2022-2,2022-06-30,3,6,123561.0,204459.80000000002,0.0
GM Financial Automobile Leasing Trust 2022-2,2022-06-30,98,29,535704.8,1024547.4500000001,0.0
GM Financial Automobile Leasing Trust 2022-2,2022-07-31,1,701,15861445.85,21850381.68,0.0
GM Financial Automobile Leasing Trust 2022-2,2022-07-31,2,3,51885.0,77411.89,282.75
GM Financial Automobile Leasing Trust 2022-2,2022-07-31,3,12,258802.0,424687.59,0.0
GM Financial Automobile Leasing Trust 2022-2,2022-07-31,98,20,373208.5,746337.3600000001,0.0
GM Financial Automobile Leasing Trust 2022-2,2022-08-31,1,850,18250062.270000003,24961446.93,0.0
GM Financial Automobile Leasing Trust 2022-2,2022-08-31,2,6,92897.8,144379.62,709.69
GM Financial Automobile Leasing Trust 2022-2,2022-08-31,3,9,172142.0,288761.97,0.0
GM Financial Automobile Leasing Trust 2022-2,2022-08-31,98,33,667134.3,1268489.47,0.0
GM Financial Automobile Leasing Trust 2022-2,2022-09-30,1,751,16481551.67,22198800.32,0.0
GM Financial Automobile Leasing Trust 2022-2,2022-09-30,2,17,290730.65,436529.03,1951.1400000000003
GM Financial Automobile Leasing Trust 2022-2,2022-09-30,3,7,113764.0,194971.64,0.0
GM Financial Automobile Leasing Trust 2022-2,2022-09-30,98,37,731813.85,1349684.69,0.0
GM Financial Automobile Leasing Trust 2022-2,2022-10-31,1,717,15852188.05,20806357.47,0.0
GM Financial Automobile Leasing Trust 2022-2,2022-10-31,2,16,339457.0,468230.56,1955.0
GM Financial Automobile Leasing Trust 2022-2,2022-10-31,3,4,66274.0,106632.25,0.0
GM Financial Automobile Leasing Trust 2022-2,2022-10-31,98,51,1069515.0,2013160.5500000003,0.0
GM Financial Automobile Leasing Trust 2022-2,2022-11-30,1,724,15904902.73,20861766.48,0.0
GM Financial Automobile Leasing Trust 2022-2,2022-11-30,2,16,311660.35,427151.08,213.88
GM Financial Automobile Leasing Trust 2022-2,2022-11-30,3,11,260119.34999999998,383268.55000000005,0.0
GM Financial Automobile Leasing Trust 2022-2,2022-11-30,98,42,870697.45,1538244.32,0.0
GM Financial Automobile Leasing Trust 2022-2,2022-12-31,1,678,15260460.4,19579511.619999997,0.0
GM Financial Automobile Leasing Trust 2022-2,2022-12-31,2,8,136548.0,199324.27000000002,0.0
GM Financial Automobile Leasing Trust 2022-2,2022-12-31,3,10,175601.0,254291.18,0.0
GM Financial Automobile Leasing Trust 2022-2,2022-12-31,98,24,468351.3,683396.19,0.0
GM Financial Automobile Leasing Trust 2022-2,2023-01-31,1,737,16703129.73,21745412.89,0.0
GM Financial Automobile Leasing Trust 2022-2,2023-01-31,2,190,3618284.58,4978198.23,19896.39
GM Financial Automobile Leasing Trust 2022-2,2023-01-31,3,15,285987.4,383598.99,0.0
GM Financial Automobile Leasing Trust 2022-2,2023-01-31,98,50,1059069.4,1735452.4300000002,0.0
GM Financial Automobile Leasing Trust 2022-2,2023-02-28,1,771,17024668.74,21709967.39,0.0
GM Financial Automobile Leasing Trust 2022-2,2023-02-28,2,56,1130117.15,1553825.08,3833.09
GM Financial Automobile Leasing Trust 2022-2,2023-02-28,3,17,338961.45,529638.77,0.0
GM Financial Automobile Leasing Trust 2022-2,2023-02-28,4,1,13434.0,0.0,0.0
GM Financial Automobile Leasing Trust 2022-2,2023-02-28,98,34,776041.5,1112270.34,0.0
GM Financial Automobile Leasing Trust 2022-2,2023-03-31,1,1044,23746152.5,29766545.509999998,0.0
GM Financial Automobile Leasing Trust 2022-2,2023-03-31,2,43,868827.0,1202209.56,2753.43
GM Financial Automobile Leasing Trust 2022-2,2023-03-31,3,11,227071.0,245967.43,0.0
GM Financial Automobile Leasing Trust 2022-2,2023-03-31,98,39,747465.4,1198346.46,0.0
GM Financial Automobile Leasing Trust 2022-2,2023-04-30,1,983,22647706.65,28381975.419999998,0.0
GM Financial Automobile Leasing Trust 2022-2,2023-04-30,2,46,980498.35,1279097.63,15272.58
GM Financial Automobile Leasing Trust 2022-2,2023-04-30,3,8,206890.0,201932.32,0.0
GM Financial Automobile Leasing Trust 2022-2,2023-04-30,98,18,352059.0,546993.3,0.0
GM Financial Automobile Leasing Trust 2022-2,2023-05-31,1,1233,28018074.43,34781168.09,0.0
GM Financial Automobile Leasing Trust 2022-2,2023-05-31,2,41,927600.8,1155210.6300000001,997.75
GM Financial Automobile Leasing Trust 2022-2,2023-05-31,3,16,301345.0,438602.66000000003,0.0
GM Financial Automobile Leasing Trust 2022-2,2023-05-31,98,31,557041.0,887314.8099999999,0.0
GM Financial Automobile Leasing Trust 2022-2,2023-06-30,1,1243,28316759.35,34678796.559999995,0.0
GM Financial Automobile Leasing Trust 2022-2,2023-06-30,2,67,1459297.0,1728271.89,2775.08
GM Financial Automobile Leasing Trust 2022-2,2023-06-30,3,9,177224.0,267939.58999999997,0.0
GM Financial Automobile Leasing Trust 2022-2,2023-06-30,98,26,488665.0,736577.0000000001,0.0
GM Financial Automobile Leasing Trust 2022-2,2023-07-31,1,1013,23118527.900000002,28062831.53,0.0
GM Financial Automobile Leasing Trust 2022-2,2023-07-31,2,55,1203569.0,1470834.9,2197.55
GM Financial Automobile Leasing Trust 2022-2,2023-07-31,3,8,146082.0,190181.26,0.0
GM Financial Automobile Leasing Trust 2022-2,2023-07-31,98,26,553371.0,708881.03,0.0
GM Financial Automobile Leasing Trust 2022-2,2023-08-31,1,1360,30366366.6,36462041.769999996,0.0
GM Financial Automobile Leasing Trust 2022-2,2023-08-31,2,105,2149356.0,2640916.03,9152.53
GM Financial Automobile Leasing Trust 2022-2,2023-08-31,3,6,141502.0,155552.39,0.0
GM Financial Automobile Leasing Trust 2022-2,2023-08-31,98,37,726640.9,1016059.39,0.0
GM Financial Automobile Leasing Trust 2022-2,2023-09-30,1,1372,31427975.599999998,37540604.97,0.0
GM Financial Automobile Leasing Trust 2022-2,2023-09-30,2,77,1667158.0,2107092.5,8655.41
GM Financial Automobile Leasing Trust 2022-2,2023-09-30,3,8,176307.2,220091.5,0.0
GM Financial Automobile Leasing Trust 2022-2,2023-09-30,98,23,503203.25,730272.3699999999,0.0
GM Financial Automobile Leasing Trust 2022-2,2023-10-31,1,1643,37305175.900000006,44209442.31,0.0
GM Financial Automobile Leasing Trust 2022-2,2023-10-31,2,134,2896434.35,3466234.58,17666.309999999998
GM Financial Automobile Leasing Trust 2022-2,2023-10-31,3,9,160180.0,217399.88,0.0
GM Financial Automobile Leasing Trust 2022-2,2023-10-31,98,21,402204.1,505359.14,0.0
GM Financial Automobile Leasing Trust 2022-2,2023-11-30,1,1585,36186941.4,42443143.68,0.0
GM Financial Automobile Leasing Trust 2022-2,2023-11-30,2,106,2288615.8499999996,2762695.52,2367.73
GM Financial Automobile Leasing Trust 2022-2,2023-11-30,3,10,270039.2,193082.18,0.0
GM Financial Automobile Leasing Trust 2022-2,2023-11-30,98,31,613961.0,887550.5300000001,0.0
GM Financial Automobile Leasing Trust 2022-2,2023-12-31,1,1448,33659611.5,39284324.22,0.0
GM Financial Automobile Leasing Trust 2022-2,2023-12-31,2,17,375223.0,444976.93999999994,0.0
GM Financial Automobile Leasing Trust 2022-2,2023-12-31,3,6,113542.0,154737.21000000002,0.0
GM Financial Automobile Leasing Trust 2022-2,2023-12-31,98,26,491750.0,718965.1000000001,2.35
GM Financial Automobile Leasing Trust 2022-2,2024-01-31,1,1598,36115260.2,41877305.53,1570.25
GM Financial Automobile Leasing Trust 2022-2,2024-01-31,2,1234,26704039.2,29893235.740000002,190812.16999999998
GM Financial Automobile Leasing Trust 2022-2,2024-01-31,3,14,259815.25,282619.7,0.0
GM Financial Automobile Leasing Trust 2022-2,2024-01-31,98,28,590822.0,761700.32,2679.25
GM Financial Automobile Leasing Trust 2022-2,2024-02-29,1,1750,39605730.75,45683737.39,0.0
GM Financial Automobile Leasing Trust 2022-2,2024-02-29,2,554,11946102.35,13672602.51,89956.62
GM Financial Automobile Leasing Trust 2022-2,2024-02-29,3,11,247861.0,315140.62000000005,0.0
GM Financial Automobile Leasing Trust 2022-2,2024-02-29,98,24,534845.0,635790.9099999999,0.0
GM Financial Automobile Leasing Trust 2022-2,2024-03-31,1,2003,44284131.35,51086548.16,0.0
GM Financial Automobile Leasing Trust 2022-2,2024-03-31,2,487,10451229.549999999,11980492.04,57927.670000000006
GM Financial Automobile Leasing Trust 2022-2,2024-03-31,3,5,111806.0,135184.41,0.0
GM Financial Automobile Leasing Trust 2022-2,2024-03-31,98,20,397274.0,563671.51,0.0
GM Financial Automobile Leasing Trust 2022-2,2024-04-30,1,2120,46852434.7,53794969.519999996,0.0
GM Financial Automobile Leasing Trust 2022-2,2024-04-30,2,492,10436735.65,12063327.06,77066.73000000001
GM Financial Automobile Leasing Trust 2022-2,2024-04-30,3,11,216694.0,269358.44,0.0
GM Financial Automobile Leasing Trust 2022-2,2024-04-30,98,22,460881.0,648857.5,0.0
GM Financial Automobile Leasing Trust 2022-2,2024-05-31,1,2138,46856610.7,53722405.86,0.0
GM Financial Automobile Leasing Trust 2022-2,2024-05-31,2,548,11551462.55,13115206.67,50119.97
GM Financial Automobile Leasing Trust 2022-2,2024-05-31,3,16,372720.0,328795.51,0.0
GM Financial Automobile Leasing Trust 2022-2,2024-05-31,98,18,322395.0,356339.66,317.02
GM Financial Automobile Leasing Trust 2022-2,2024-06-30,1,1791,39892023.85,45478298.379999995,0.0
GM Financial Automobile Leasing Trust 2022-2,2024-06-30,2,552,11545266.9,12469762.83,62504.09999999999
GM Financial Automobile Leasing Trust 2022-2,2024-06-30,3,11,266148.75,264701.45,0.0
GM Financial Automobile Leasing Trust 2022-2,2024-06-30,98,17,316875.4,300737.31,0.0
GM Financial Automobile Leasing Trust 2022-2,2024-07-31,1,1766,38030663.16,43189097.86,0.0
GM Financial Automobile Leasing Trust 2022-2,2024-07-31,2,500,10202393.649999999,8193865.290000001,28781.17
GM Financial Automobile Leasing Trust 2022-2,2024-07-31,3,10,210158.1,120924.4,0.0
GM Financial Automobile Leasing Trust 2022-2,2024-07-31,98,17,336913.0,321676.45,0.0
GM Financial Automobile Leasing Trust 2022-2,2024-08-31,1,1694,36455690.5,41405833.95999999,0.0
GM Financial Automobile Leasing Trust 2022-2,2024-08-31,2,361,7559541.0,1213506.42,0.0
GM Financial Automobile Leasing Trust 2022-2,2024-08-31,3,9,212008.2,25121.6,0.0
GM Financial Automobile Leasing Trust 2022-2,2024-08-31,98,18,346897.0,112941.84,0.0
GM Financial Automobile Leasing Trust 2022-3,2022-07-31,1,404,9402932.24,13653089.780000001,0.0
GM Financial Automobile Leasing Trust 2022-3,2022-07-31,2,1,15903.0,26505.0,0.0
GM Financial Automobile Leasing Trust 2022-3,2022-07-31,3,2,66338.0,93045.51000000001,0.0
GM Financial Automobile Leasing Trust 2022-3,2022-07-31,4,1,36518.0,0.0,0.0
GM Financial Automobile Leasing Trust 2022-3,2022-07-31,98,24,472637.0,904139.21,0.0
GM Financial Automobile Leasing Trust 2022-3,2022-08-31,1,544,12465062.16,17799340.78,0.0
GM Financial Automobile Leasing Trust 2022-3,2022-08-31,2,6,111740.0,197025.71000000002,0.0
GM Financial Automobile Leasing Trust 2022-3,2022-08-31,3,2,37352.0,58572.020000000004,0.0
GM Financial Automobile Leasing Trust 2022-3,2022-08-31,4,1,13534.0,0.0,0.0
GM Financial Automobile Leasing Trust 2022-3,2022-08-31,98,42,815591.0,1543760.43,0.0
GM Financial Automobile Leasing Trust 2022-3,2022-09-30,1,624,14412241.22,20289717.400000002,0.0
GM Financial Automobile Leasing Trust 2022-3,2022-09-30,2,3,59236.0,85731.44,0.0
GM Financial Automobile Leasing Trust 2022-3,2022-09-30,3,6,96856.0,151254.86,0.0
GM Financial Automobile Leasing Trust 2022-3,2022-09-30,98,29,568870.5,995846.6,0.0
GM Financial Automobile Leasing Trust 2022-3,2022-10-31,1,678,14749930.2,20143252.020000003,0.0
GM Financial Automobile Leasing Trust 2022-3,2022-10-31,2,12,207800.0,303080.32,0.0
GM Financial Automobile Leasing Trust 2022-3,2022-10-31,3,13,210146.0,306543.33,0.0
GM Financial Automobile Leasing Trust 2022-3,2022-10-31,98,41,824622.85,1553548.0,0.0
GM Financial Automobile Leasing Trust 2022-3,2022-11-30,1,734,15765968.09,21041062.19,0.0
GM Financial Automobile Leasing Trust 2022-3,2022-11-30,2,9,198348.0,262208.49,0.0
GM Financial Automobile Leasing Trust 2022-3,2022-11-30,3,11,273804.0,351041.99000000005,0.0
GM Financial Automobile Leasing Trust 2022-3,2022-11-30,98,39,736705.6,1355101.0999999999,0.0
GM Financial Automobile Leasing Trust 2022-3,2022-12-31,1,698,15132650.4,19864956.6,0.0
GM Financial Automobile Leasing Trust 2022-3,2022-12-31,2,7,147873.0,198479.5,0.0
GM Financial Automobile Leasing Trust 2022-3,2022-12-31,3,11,186110.0,319394.86000000004,0.0
GM Financial Automobile Leasing Trust 2022-3,2022-12-31,98,33,758780.8999999999,1245680.92,0.0
GM Financial Automobile Leasing Trust 2022-3,2023-01-31,1,765,16911077.34,21760247.310000002,0.0
GM Financial Automobile Leasing Trust 2022-3,2023-01-31,2,159,3010709.2,4168058.25,24663.78
GM Financial Automobile Leasing Trust 2022-3,2023-01-31,3,16,323916.0,445399.8,0.0
GM Financial Automobile Leasing Trust 2022-3,2023-01-31,98,34,751627.8999999999,1358033.8800000001,0.0
GM Financial Automobile Leasing Trust 2022-3,2023-02-28,1,711,15173263.629999999,19384895.75,0.0
GM Financial Automobile Leasing Trust 2022-3,2023-02-28,2,47,941701.0,1317813.3399999999,4119.52
GM Financial Automobile Leasing Trust 2022-3,2023-02-28,3,15,315653.0,470963.64999999997,0.0
GM Financial Automobile Leasing Trust 2022-3,2023-02-28,98,31,539245.4,922267.9199999999,0.0
GM Financial Automobile Leasing Trust 2022-3,2023-03-31,1,1029,22260441.160000004,28290703.14,0.0
GM Financial Automobile Leasing Trust 2022-3,2023-03-31,2,41,829990.0,1121887.0599999998,3158.1400000000003
GM Financial Automobile Leasing Trust 2022-3,2023-03-31,3,13,283472.0,403596.49,0.0
GM Financial Automobile Leasing Trust 2022-3,2023-03-31,98,39,779022.75,1173361.7099999997,0.0
GM Financial Automobile Leasing Trust 2022-3,2023-04-30,1,1069,23371140.47,29595136.700000003,0.0
GM Financial Automobile Leasing Trust 2022-3,2023-04-30,2,19,396360.05,537155.3200000001,5222.04
GM Financial Automobile Leasing Trust 2022-3,2023-04-30,3,8,172192.0,246309.14,0.0
GM Financial Automobile Leasing Trust 2022-3,2023-04-30,98,29,551918.0,923788.3199999998,0.0
GM Financial Automobile Leasing Trust 2022-3,2023-05-31,1,1234,26740899.549999997,33800458.75,0.0
GM Financial Automobile Leasing Trust 2022-3,2023-05-31,2,29,615296.1,808176.99,2776.5
GM Financial Automobile Leasing Trust 2022-3,2023-05-31,3,9,209317.0,310071.43000000005,0.0
GM Financial Automobile Leasing Trust 2022-3,2023-05-31,98,37,652313.8,1091750.6500000001,0.0
GM Financial Automobile Leasing Trust 2022-3,2023-06-30,1,1265,27515526.3,34569943.18,0.0
GM Financial Automobile Leasing Trust 2022-3,2023-06-30,2,58,1219839.9500000002,1454229.8699999999,10560.05
GM Financial Automobile Leasing Trust 2022-3,2023-06-30,3,10,187555.0,266702.49,0.0
GM Financial Automobile Leasing Trust 2022-3,2023-06-30,98,41,810701.0,1233245.67,0.0
GM Financial Automobile Leasing Trust 2022-3,2023-07-31,1,1164,25324490.799999997,31099238.580000002,0.0
GM Financial Automobile Leasing Trust 2022-3,2023-07-31,2,55,1168489.2,1470114.92,6488.099999999999
GM Financial Automobile Leasing Trust 2022-3,2023-07-31,3,4,86405.0,119612.22,0.0
GM Financial Automobile Leasing Trust 2022-3,2023-07-31,98,29,523535.0,840846.72,0.0
GM Financial Automobile Leasing Trust 2022-3,2023-08-31,1,1411,31245915.7,38109255.99,0.0
GM Financial Automobile Leasing Trust 2022-3,2023-08-31,2,98,2081868.45,2585195.5,10667.529999999999
GM Financial Automobile Leasing Trust 2022-3,2023-08-31,3,16,331311.0,320933.95999999996,0.0
GM Financial Automobile Leasing Trust 2022-3,2023-08-31,98,44,835849.0,1288981.4600000002,0.0
GM Financial Automobile Leasing Trust 2022-3,2023-09-30,1,1370,29164050.35,35390040.83,0.0
GM Financial Automobile Leasing Trust 2022-3,2023-09-30,2,91,1898122.4,2303092.9200000004,19656.22
GM Financial Automobile Leasing Trust 2022-3,2023-09-30,3,9,218849.0,285086.08,0.0
GM Financial Automobile Leasing Trust 2022-3,2023-09-30,98,31,664716.15,1034289.8,0.0
GM Financial Automobile Leasing Trust 2022-3,2023-10-31,1,1613,35032396.9,41972470.46,0.0
GM Financial Automobile Leasing Trust 2022-3,2023-10-31,2,142,2934971.0,3508150.8,18229.050000000003
GM Financial Automobile Leasing Trust 2022-3,2023-10-31,3,12,257861.0,310669.37,0.0
GM Financial Automobile Leasing Trust 2022-3,2023-10-31,98,36,755850.1499999999,1108959.65,0.0
GM Financial Automobile Leasing Trust 2022-3,2023-11-30,1,1495,32588562.75,38693149.7,0.0
GM Financial Automobile Leasing Trust 2022-3,2023-11-30,2,94,2025910.1,2392500.8500000006,6874.889999999999
GM Financial Automobile Leasing Trust 2022-3,2023-11-30,3,10,232081.0,287726.95999999996,0.0
GM Financial Automobile Leasing Trust 2022-3,2023-11-30,98,41,781015.25,1084917.53,0.0
GM Financial Automobile Leasing Trust 2022-3,2023-12-31,1,1367,30334145.520000003,35708893.34,0.0
GM Financial Automobile Leasing Trust 2022-3,2023-12-31,2,16,369920.0,432221.87,0.0
GM Financial Automobile Leasing Trust 2022-3,2023-12-31,3,11,237008.85,305518.94,0.0
GM Financial Automobile Leasing Trust 2022-3,2023-12-31,98,34,670754.2,848202.7100000001,0.0
GM Financial Automobile Leasing Trust 2022-3,2024-01-31,1,1450,32573253.15,38004133.26,0.0
GM Financial Automobile Leasing Trust 2022-3,2024-01-31,2,1114,23487061.700000003,26397653.549999997,183967.8
GM Financial Automobile Leasing Trust 2022-3,2024-01-31,3,19,377669.0,441828.95999999996,0.0
GM Financial Automobile Leasing Trust 2022-3,2024-01-31,98,36,727271.4,1042931.21,0.0
GM Financial Automobile Leasing Trust 2022-3,2024-02-29,1,1444,32523299.6,37945563.25,0.0
GM Financial Automobile Leasing Trust 2022-3,2024-02-29,2,494,10738597.75,12367160.31,55382.6
GM Financial Automobile Leasing Trust 2022-3,2024-02-29,3,14,283401.0,312165.87,0.0
GM Financial Automobile Leasing Trust 2022-3,2024-02-29,98,22,455949.7,616936.0800000001,0.0
GM Financial Automobile Leasing Trust 2022-3,2024-03-31,1,1703,37687634.63,43946085.05,0.0
GM Financial Automobile Leasing Trust 2022-3,2024-03-31,2,487,10587876.2,12172058.620000001,79885.45
GM Financial Automobile Leasing Trust 2022-3,2024-03-31,3,10,207051.0,236375.83,0.0
GM Financial Automobile Leasing Trust 2022-3,2024-03-31,98,17,336240.0,339226.89,0.0
GM Financial Automobile Leasing Trust 2022-3,2024-04-30,1,1896,41192706.150000006,47873588.519999996,0.0
GM Financial Automobile Leasing Trust 2022-3,2024-04-30,2,451,9689341.399999999,11023498.579999998,56451.92
GM Financial Automobile Leasing Trust 2022-3,2024-04-30,3,6,118936.0,153237.46,0.0
GM Financial Automobile Leasing Trust 2022-3,2024-04-30,98,22,475502.2,656225.13,0.0
GM Financial Automobile Leasing Trust 2022-3,2024-05-31,1,1956,41975725.4,48663947.230000004,0.0
GM Financial Automobile Leasing Trust 2022-3,2024-05-31,2,478,9973051.3,11516451.93,74096.76999999999
GM Financial Automobile Leasing Trust 2022-3,2024-05-31,3,12,298707.0,317523.76999999996,0.0
GM Financial Automobile Leasing Trust 2022-3,2024-05-31,98,19,429074.15,516710.66000000003,0.0
GM Financial Automobile Leasing Trust 2022-3,2024-06-30,1,1556,34278273.15,39690297.010000005,0.0
GM Financial Automobile Leasing Trust 2022-3,2024-06-30,2,506,10270250.35,12022317.47,58647.170000000006
GM Financial Automobile Leasing Trust 2022-3,2024-06-30,3,8,178374.0,225696.84999999998,0.0
GM Financial Automobile Leasing Trust 2022-3,2024-06-30,98,17,348902.25,346643.43000000005,4688.76
GM Financial Automobile Leasing Trust 2022-3,2024-07-31,1,1611,35052090.33,40195704.69,0.0
GM Financial Automobile Leasing Trust 2022-3,2024-07-31,2,485,10017372.75,11653633.099999998,58493.35
GM Financial Automobile Leasing Trust 2022-3,2024-07-31,3,5,118847.0,158377.38999999998,0.0
GM Financial Automobile Leasing Trust 2022-3,2024-07-31,98,22,445403.0,560557.9600000001,0.0
GM Financial Automobile Leasing Trust 2022-3,2024-08-31,1,1494,32013642.65,36543973.28,0.0
GM Financial Automobile Leasing Trust 2022-3,2024-08-31,2,370,7744498.35,8782882.76,33259.1
GM Financial Automobile Leasing Trust 2022-3,2024-08-31,3,7,177758.8,171720.78,0.0
GM Financial Automobile Leasing Trust 2022-3,2024-08-31,98,20,412517.0,407420.4399999999,0.0
GM Financial Automobile Leasing Trust 2022-3,2024-09-30,1,1355,29131141.6,33286077.159999996,0.0
GM Financial Automobile Leasing Trust 2022-3,2024-09-30,2,292,6158798.45,6726506.9399999995,27165.96
GM Financial Automobile Leasing Trust 2022-3,2024-09-30,3,6,120932.0,111866.40000000001,0.0
GM Financial Automobile Leasing Trust 2022-3,2024-09-30,98,15,367448.6,335013.30000000005,0.0
GM Financial Automobile Leasing Trust 2022-3,2024-10-31,1,1527,33234725.06,37581520.47,0.0
GM Financial Automobile Leasing Trust 2022-3,2024-10-31,2,350,7692108.7,5576572.0,14751.67
GM Financial Automobile Leasing Trust 2022-3,2024-10-31,3,7,132327.0,99865.38,0.0
GM Financial Automobile Leasing Trust 2022-3,2024-10-31,98,23,481490.0,523318.36,0.0
GM Financial Automobile Leasing Trust 2022-3,2024-11-30,1,1235,27547224.0,30775417.94,0.0
GM Financial Automobile Leasing Trust 2022-3,2024-11-30,2,327,7147677.65,1363498.19,0.0
GM Financial Automobile Leasing Trust 2022-3,2024-11-30,3,4,90895.0,0.0,0.0
GM Financial Automobile Leasing Trust 2022-3,2024-11-30,98,11,249110.0,171880.12,0.0
GM Financial Automobile Leasing Trust 2023-1,2023-01-31,1,355,9384020.0,13021227.02,0.0
GM Financial Automobile Leasing Trust 2023-1,2023-01-31,2,8,149583.0,211670.69,0.0
GM Financial Automobile Leasing Trust 2023-1,2023-01-31,3,8,134213.0,232522.07,0.0
GM Financial Automobile Leasing Trust 2023-1,2023-01-31,4,1,30314.0,0.0,0.0
GM Financial Automobile Leasing Trust 2023-1,2023-01-31,98,49,1037714.2,1837514.6,0.0
GM Financial Automobile Leasing Trust 2023-1,2023-02-28,1,400,10271006.45,14513289.620000001,0.0
GM Financial Automobile Leasing Trust 2023-1,2023-02-28,2,12,239294.0,335943.42,0.0
GM Financial Automobile Leasing Trust 2023-1,2023-02-28,3,13,238879.0,394000.63999999996,0.0
GM Financial Automobile Leasing Trust 2023-1,2023-02-28,98,30,617950.4,1021203.28,0.0
GM Financial Automobile Leasing Trust 2023-1,2023-03-31,1,743,17533227.909999996,23567637.25,0.0
GM Financial Automobile Leasing Trust 2023-1,2023-03-31,2,11,257090.0,353933.35,0.0
GM Financial Automobile Leasing Trust 2023-1,2023-03-31,3,11,199341.6,284379.25,0.0
GM Financial Automobile Leasing Trust 2023-1,2023-03-31,98,29,609584.0,1101098.77,0.0
GM Financial Automobile Leasing Trust 2023-1,2023-04-30,1,800,18726374.6,24627739.089999996,0.0
GM Financial Automobile Leasing Trust 2023-1,2023-04-30,2,8,174209.0,230785.65000000002,931.35
GM Financial Automobile Leasing Trust 2023-1,2023-04-30,3,15,319267.6,471945.52,1071.35
GM Financial Automobile Leasing Trust 2023-1,2023-04-30,98,33,673567.4,1180691.43,0.0
GM Financial Automobile Leasing Trust 2023-1,2023-05-31,1,965,22156083.19,28430471.42,0.0
GM Financial Automobile Leasing Trust 2023-1,2023-05-31,2,17,357850.0,455183.05,6211.5
GM Financial Automobile Leasing Trust 2023-1,2023-05-31,3,11,232834.0,359318.91000000003,0.0
GM Financial Automobile Leasing Trust 2023-1,2023-05-31,98,41,882855.5,1395705.66,0.0
GM Financial Automobile Leasing Trust 2023-1,2023-06-30,1,997,23034443.950000003,29556279.380000003,0.0
GM Financial Automobile Leasing Trust 2023-1,2023-06-30,2,29,553345.0,749721.3299999998,2001.75
GM Financial Automobile Leasing Trust 2023-1,2023-06-30,3,12,227217.0,301686.41,0.0
GM Financial Automobile Leasing Trust 2023-1,2023-06-30,98,34,692829.2,1121610.04,0.0
GM Financial Automobile Leasing Trust 2023-1,2023-07-31,1,868,20057587.450000003,25431050.64,0.0
GM Financial Automobile Leasing Trust 2023-1,2023-07-31,2,29,599412.0,783407.5199999999,0.0
GM Financial Automobile Leasing Trust 2023-1,2023-07-31,3,21,397737.0,563354.5599999999,0.0
GM Financial Automobile Leasing Trust 2023-1,2023-07-31,98,40,833908.8,1361858.6,0.0
GM Financial Automobile Leasing Trust 2023-1,2023-08-31,1,1022,22571541.48,28070850.689999998,0.0
GM Financial Automobile Leasing Trust 2023-1,2023-08-31,2,57,1217075.8,1434979.8900000001,14296.5
GM Financial Automobile Leasing Trust 2023-1,2023-08-31,3,15,324670.0,477962.36000000004,0.0
GM Financial Automobile Leasing Trust 2023-1,2023-08-31,98,44,829286.7,1330450.0699999998,0.0
GM Financial Automobile Leasing Trust 2023-1,2023-09-30,1,908,20834244.8,25729993.61,0.0
GM Financial Automobile Leasing Trust 2023-1,2023-09-30,2,63,1283991.25,1557199.74,5882.0
GM Financial Automobile Leasing Trust 2023-1,2023-09-30,3,7,184920.0,209981.83000000002,0.0
GM Financial Automobile Leasing Trust 2023-1,2023-09-30,98,46,923219.7,1481113.2500000002,0.0
GM Financial Automobile Leasing Trust 2023-1,2023-10-31,1,1152,26097323.05,31765153.770000003,0.0
GM Financial Automobile Leasing Trust 2023-1,2023-10-31,2,94,2021754.75,2423899.15,12337.829999999998
GM Financial Automobile Leasing Trust 2023-1,2023-10-31,3,21,424349.35,606262.3200000001,0.0
GM Financial Automobile Leasing Trust 2023-1,2023-10-31,98,50,1021194.1000000001,1600296.01,0.0
GM Financial Automobile Leasing Trust 2023-1,2023-11-30,1,1032,23834946.240000002,28745197.64,0.0
GM Financial Automobile Leasing Trust 2023-1,2023-11-30,2,66,1402352.95,1686291.5500000003,1838.0
GM Financial Automobile Leasing Trust 2023-1,2023-11-30,3,19,411995.05000000005,546704.03,0.0
GM Financial Automobile Leasing Trust 2023-1,2023-11-30,98,33,707030.2,1112808.8,0.0
GM Financial Automobile Leasing Trust 2023-1,2023-12-31,1,965,21869889.75,26478306.810000002,0.0
GM Financial Automobile Leasing Trust 2023-1,2023-12-31,2,14,296135.0,351443.92,0.0
GM Financial Automobile Leasing Trust 2023-1,2023-12-31,3,17,354639.25,428071.13,0.0
GM Financial Automobile Leasing Trust 2023-1,2023-12-31,98,37,738525.9500000001,1055489.23,0.0
GM Financial Automobile Leasing Trust 2023-1,2024-01-31,1,1105,25361482.2,30266796.990000002,1013.29
GM Financial Automobile Leasing Trust 2023-1,2024-01-31,2,766,16016774.25,17875532.61,124716.85999999999
GM Financial Automobile Leasing Trust 2023-1,2024-01-31,3,29,664613.05,902641.68,0.0
GM Financial Automobile Leasing Trust 2023-1,2024-01-31,98,34,658186.9,912727.78,0.0
GM Financial Automobile Leasing Trust 2023-1,2024-02-29,1,1126,25269083.95,29973256.509999998,0.0
GM Financial Automobile Leasing Trust 2023-1,2024-02-29,2,333,7260681.52,8415638.15,32839.03
GM Financial Automobile Leasing Trust 2023-1,2024-02-29,3,30,669228.15,876955.33,0.0
GM Financial Automobile Leasing Trust 2023-1,2024-02-29,98,40,818608.75,1165222.1500000001,0.0
GM Financial Automobile Leasing Trust 2023-1,2024-03-31,1,1334,29903825.0,35479963.43000001,265.0
GM Financial Automobile Leasing Trust 2023-1,2024-03-31,2,324,7111343.15,8052797.609999999,67203.26
GM Financial Automobile Leasing Trust 2023-1,2024-03-31,3,24,559600.6,761237.95,0.0
GM Financial Automobile Leasing Trust 2023-1,2024-03-31,98,35,737170.8,909664.24,0.0
GM Financial Automobile Leasing Trust 2023-1,2024-04-30,1,1490,33064593.590000004,38869752.06,0.0
GM Financial Automobile Leasing Trust 2023-1,2024-04-30,2,392,8525934.149999999,9498176.45,58607.520000000004
GM Financial Automobile Leasing Trust 2023-1,2024-04-30,3,20,400487.15,461374.09,1370.75
GM Financial Automobile Leasing Trust 2023-1,2024-04-30,98,29,572308.8,745958.7899999999,0.0
GM Financial Automobile Leasing Trust 2023-1,2024-05-31,1,1515,34225307.65,39835021.03,0.0
GM Financial Automobile Leasing Trust 2023-1,2024-05-31,2,438,9662296.1,10735522.83,52928.03999999999
GM Financial Automobile Leasing Trust 2023-1,2024-05-31,3,18,368070.55,436854.68999999994,526.78
GM Financial Automobile Leasing Trust 2023-1,2024-05-31,98,34,819061.65,1009886.3900000001,0.0
GM Financial Automobile Leasing Trust 2023-1,2024-06-30,1,1277,28992557.95,33684233.21,0.0
GM Financial Automobile Leasing Trust 2023-1,2024-06-30,2,465,10356022.45,11411515.43,58193.3
GM Financial Automobile Leasing Trust 2023-1,2024-06-30,3,14,301235.6,372855.91,178.5
GM Financial Automobile Leasing Trust 2023-1,2024-06-30,98,29,555628.0499999999,656237.6799999998,0.0
GM Financial Automobile Leasing Trust 2023-1,2024-07-31,1,1406,30883015.09,35929126.46,0.0
GM Financial Automobile Leasing Trust 2023-1,2024-07-31,2,571,12475962.9,13704926.23,53533.81999999999
GM Financial Automobile Leasing Trust 2023-1,2024-07-31,3,8,158918.0,195349.91,0.0
GM Financial Automobile Leasing Trust 2023-1,2024-07-31,98,39,960684.7999999999,1137619.7399999998,0.0
GM Financial Automobile Leasing Trust 2023-1,2024-08-31,1,1340,29760134.7,34523151.41,170.0
GM Financial Automobile Leasing Trust 2023-1,2024-08-31,2,520,11551343.7,12454245.54,49394.0
GM Financial Automobile Leasing Trust 2023-1,2024-08-31,3,21,440593.15,485966.01999999996,0.0
GM Financial Automobile Leasing Trust 2023-1,2024-08-31,98,40,849536.55,962509.15,0.0
GM Financial Automobile Leasing Trust 2023-1,2024-09-30,1,1320,29372434.1,34226446.61,0.0
GM Financial Automobile Leasing Trust 2023-1,2024-09-30,2,443,10141510.400000002,10943673.55,45234.479999999996
GM Financial Automobile Leasing Trust 2023-1,2024-09-30,3,13,297331.75,342815.86,0.0
GM Financial Automobile Leasing Trust 2023-1,2024-09-30,98,26,500383.0,623474.4400000001,0.0
GM Financial Automobile Leasing Trust 2023-1,2024-10-31,1,1396,31595600.1,36394699.56999999,0.0
GM Financial Automobile Leasing Trust 2023-1,2024-10-31,2,379,8429592.8,9233539.11,41962.21
GM Financial Automobile Leasing Trust 2023-1,2024-10-31,3,13,362764.2,388848.95999999996,43.47
GM Financial Automobile Leasing Trust 2023-1,2024-10-31,98,26,621444.6,712089.9,0.0
GM Financial Automobile Leasing Trust 2023-1,2024-11-30,1,1098,24758527.15,28441945.630000003,0.0
GM Financial Automobile Leasing Trust 2023-1,2024-11-30,2,167,3771938.65,4216025.77,1497.6999999999998
GM Financial Automobile Leasing Trust 2023-1,2024-11-30,3,6,138626.0,136158.99,0.0
GM Financial Automobile Leasing Trust 2023-1,2024-11-30,98,25,598762.0,709225.76,0.0
GM Financial Automobile Leasing Trust 2023-1,2024-12-31,1,1184,26629725.05,30405929.17,0.0
GM Financial Automobile Leasing Trust 2023-1,2024-12-31,2,27,548039.35,638952.2100000001,0.0
GM Financial Automobile Leasing Trust 2023-1,2024-12-31,3,14,329818.0,300054.28,0.0
GM Financial Automobile Leasing Trust 2023-1,2024-12-31,98,17,337463.9,414427.51,0.0
GM Financial Automobile Leasing Trust 2023-1,2025-01-31,1,1348,30446771.9,34440569.68,111.83
GM Financial Automobile Leasing Trust 2023-1,2025-01-31,2,1653,35714405.35,38118847.019999996,249402.24
GM Financial Automobile Leasing Trust 2023-1,2025-01-31,3,6,140709.0,145846.41999999998,0.0
GM Financial Automobile Leasing Trust 2023-1,2025-01-31,98,28,573016.3,664662.86,0.0
GM Financial Automobile Leasing Trust 2023-1,2025-02-28,1,1385,30702333.810000002,33910826.9,0.0
GM Financial Automobile Leasing Trust 2023-1,2025-02-28,2,499,11401464.5,12431746.030000001,66716.95000000001
GM Financial Automobile Leasing Trust 2023-1,2025-02-28,3,10,251557.75,246047.19000000003,0.0
GM Financial Automobile Leasing Trust 2023-1,2025-02-28,98,23,501231.0,567566.1599999999,0.0
GM Financial Automobile Leasing Trust 2023-1,2025-03-31,1,1937,42742152.57,47088467.239999995,0.0
GM Financial Automobile Leasing Trust 2023-1,2025-03-31,2,536,12287320.44,13752823.59,69386.20999999999
GM Financial Automobile Leasing Trust 2023-1,2025-03-31,3,9,249268.9,216797.07,0.0
GM Financial Automobile Leasing Trust 2023-1,2025-03-31,98,12,264942.3,281207.10000000003,0.0
GM Financial Automobile Leasing Trust 2023-1,2025-04-30,1,2278,51127872.72,56635003.34,0.0
GM Financial Automobile Leasing Trust 2023-1,2025-04-30,2,469,10950893.55,11582227.0,58456.18
GM Financial Automobile Leasing Trust 2023-1,2025-04-30,3,11,215448.45,199308.90000000002,0.0
GM Financial Automobile Leasing Trust 2023-1,2025-04-30,98,15,310217.0,275726.50999999995,0.0
GM Financial Automobile Leasing Trust 2023-1,2025-05-31,1,1974,42899132.4,47526125.28,0.0
GM Financial Automobile Leasing Trust 2023-1,2025-05-31,2,401,9424812.65,7289481.290000001,16375.73
GM Financial Automobile Leasing Trust 2023-1,2025-05-31,3,10,249326.0,205588.83000000002,0.0
GM Financial Automobile Leasing Trust 2023-1,2025-05-31,98,18,382430.0,464250.33,0.0
GM Financial Automobile Leasing Trust 2023-1,2025-06-30,1,1736,38619893.22,42831083.87,0.0
GM Financial Automobile Leasing Trust 2023-1,2025-06-30,2,401,9282183.799999999,2001720.9200000002,1564.33
GM Financial Automobile Leasing Trust 2023-1,2025-06-30,3,8,175612.2,0.0,0.0
GM Financial Automobile Leasing Trust 2023-1,2025-06-30,98,13,290903.0,203379.11000000002,0.0
GM Financial Automobile Leasing Trust 2023-2,2023-04-30,1,377,9120943.65,12759972.66,0.0
GM Financial Automobile Leasing Trust 2023-2,2023-04-30,2,5,117196.0,153554.44,0.0
GM Financial Automobile Leasing Trust 2023-2,2023-04-30,3,2,57041.0,99114.69,0.0
GM Financial Automobile Leasing Trust 2023-2,2023-04-30,98,33,680590.5,1179521.64,0.0
GM Financial Automobile Leasing Trust 2023-2,2023-05-31,1,465,11608990.15,15949607.650000002,0.0
GM Financial Automobile Leasing Trust 2023-2,2023-05-31,2,6,107088.0,150011.26,0.0
GM Financial Automobile Leasing Trust 2023-2,2023-05-31,3,4,82660.4,175774.65,0.0
GM Financial Automobile Leasing Trust 2023-2,2023-05-31,98,39,783986.05,1403800.12,0.0
GM Financial Automobile Leasing Trust 2023-2,2023-06-30,1,583,14271743.4,19692783.15,0.0
GM Financial Automobile Leasing Trust 2023-2,2023-06-30,2,6,108563.0,141458.61,0.0
GM Financial Automobile Leasing Trust 2023-2,2023-06-30,3,8,195844.65,328990.0,0.0
GM Financial Automobile Leasing Trust 2023-2,2023-06-30,98,25,512822.0,868376.9299999999,0.0
GM Financial Automobile Leasing Trust 2023-2,2023-07-31,1,521,12385238.55,16449553.82,0.0
GM Financial Automobile Leasing Trust 2023-2,2023-07-31,2,19,413276.0,551991.39,461.75
GM Financial Automobile Leasing Trust 2023-2,2023-07-31,3,11,239227.0,326885.47,0.0
GM Financial Automobile Leasing Trust 2023-2,2023-07-31,4,1,26116.0,0.0,0.0
GM Financial Automobile Leasing Trust 2023-2,2023-07-31,98,41,999312.75,1643340.2,0.0
GM Financial Automobile Leasing Trust 2023-2,2023-08-31,1,692,15951223.399999999,20767808.409999996,0.0
GM Financial Automobile Leasing Trust 2023-2,2023-08-31,2,37,780843.0,921915.5,3910.13
GM Financial Automobile Leasing Trust 2023-2,2023-08-31,3,13,251082.0,380478.24,0.0
GM Financial Automobile Leasing Trust 2023-2,2023-08-31,98,34,677101.0,1111925.74,0.0
GM Financial Automobile Leasing Trust 2023-2,2023-09-30,1,621,14445266.95,18371798.3,0.0
GM Financial Automobile Leasing Trust 2023-2,2023-09-30,2,38,770723.0,936659.2799999998,2386.96
GM Financial Automobile Leasing Trust 2023-2,2023-09-30,3,9,169274.0,251479.86,0.0
GM Financial Automobile Leasing Trust 2023-2,2023-09-30,98,33,651357.0,1098348.36,0.0
GM Financial Automobile Leasing Trust 2023-2,2023-10-31,1,744,17137286.549999997,21571439.08,0.0
GM Financial Automobile Leasing Trust 2023-2,2023-10-31,2,49,1008633.5,1218449.18,3183.1499999999996
GM Financial Automobile Leasing Trust 2023-2,2023-10-31,3,19,455628.0,639055.8200000001,0.0
GM Financial Automobile Leasing Trust 2023-2,2023-10-31,98,38,793418.0,1290840.53,0.0
GM Financial Automobile Leasing Trust 2023-2,2023-11-30,1,620,14417047.399999999,17747365.130000003,0.0
GM Financial Automobile Leasing Trust 2023-2,2023-11-30,2,36,747131.0,873762.4799999999,1982.1299999999999
GM Financial Automobile Leasing Trust 2023-2,2023-11-30,3,11,233969.0,360585.68,0.0
GM Financial Automobile Leasing Trust 2023-2,2023-11-30,98,35,721383.0,1057973.99,0.0
GM Financial Automobile Leasing Trust 2023-2,2023-12-31,1,642,15163380.05,18530325.75,0.0
GM Financial Automobile Leasing Trust 2023-2,2023-12-31,2,7,148731.0,177633.72,0.0
GM Financial Automobile Leasing Trust 2023-2,2023-12-31,3,14,264896.1,358863.13,0.0
GM Financial Automobile Leasing Trust 2023-2,2023-12-31,98,36,720713.1,1089331.8299999998,0.0
GM Financial Automobile Leasing Trust 2023-2,2024-01-31,1,718,16771946.55,20729411.560000002,0.0
GM Financial Automobile Leasing Trust 2023-2,2024-01-31,2,411,8850482.8,9884899.68,67963.81
GM Financial Automobile Leasing Trust 2023-2,2024-01-31,3,25,516631.0,715488.86,0.0
GM Financial Automobile Leasing Trust 2023-2,2024-01-31,98,32,731387.0,1156100.98,0.0
GM Financial Automobile Leasing Trust 2023-2,2024-02-29,1,663,15352360.65,18930473.409999996,0.0
GM Financial Automobile Leasing Trust 2023-2,2024-02-29,2,172,3636289.2,4278339.92,23998.14
GM Financial Automobile Leasing Trust 2023-2,2024-02-29,3,17,322913.0,360870.12999999995,0.0
GM Financial Automobile Leasing Trust 2023-2,2024-02-29,98,40,818992.0,1183586.8900000001,0.0
GM Financial Automobile Leasing Trust 2023-2,2024-03-31,1,794,18166015.15,21873045.16,0.0
GM Financial Automobile Leasing Trust 2023-2,2024-03-31,2,171,3859672.7,4273769.76,24304.5
GM Financial Automobile Leasing Trust 2023-2,2024-03-31,3,21,456461.0,518269.8500000001,0.0
GM Financial Automobile Leasing Trust 2023-2,2024-03-31,98,35,742094.0,1053097.0500000003,0.0
GM Financial Automobile Leasing Trust 2023-2,2024-04-30,1,889,19767609.8,24054558.450000003,0.0
GM Financial Automobile Leasing Trust 2023-2,2024-04-30,2,214,4907893.15,5517382.43,28238.4
GM Financial Automobile Leasing Trust 2023-2,2024-04-30,3,20,443302.45,552831.7300000001,119.35
GM Financial Automobile Leasing Trust 2023-2,2024-04-30,98,24,494043.2,682249.71,0.0
GM Financial Automobile Leasing Trust 2023-2,2024-05-31,1,890,20553270.15,24895475.810000002,0.0
GM Financial Automobile Leasing Trust 2023-2,2024-05-31,2,266,5757203.65,6509087.18,28671.910000000003
GM Financial Automobile Leasing Trust 2023-2,2024-05-31,3,15,357896.0,460736.12,1132.26
GM Financial Automobile Leasing Trust 2023-2,2024-05-31,98,24,485000.0,642759.86,0.0
GM Financial Automobile Leasing Trust 2023-2,2024-06-30,1,799,18479896.1,22249910.91,0.0
GM Financial Automobile Leasing Trust 2023-2,2024-06-30,2,262,5994419.699999999,6655435.609999999,21393.489999999998
GM Financial Automobile Leasing Trust 2023-2,2024-06-30,3,17,397052.4,492326.54,207.87
GM Financial Automobile Leasing Trust 2023-2,2024-06-30,98,28,581166.2,778350.91,0.0
GM Financial Automobile Leasing Trust 2023-2,2024-07-31,1,838,18850356.35,22597346.62,0.0
GM Financial Automobile Leasing Trust 2023-2,2024-07-31,2,332,7586695.7,8362047.0,29465.06
GM Financial Automobile Leasing Trust 2023-2,2024-07-31,3,15,345343.0,444461.96,79.5
GM Financial Automobile Leasing Trust 2023-2,2024-07-31,98,27,528615.3,674547.94,0.0
GM Financial Automobile Leasing Trust 2023-2,2024-08-31,1,797,17831863.380000003,21182872.869999997,0.0
GM Financial Automobile Leasing Trust 2023-2,2024-08-31,2,305,7417471.6,7945939.67,28572.519999999997
GM Financial Automobile Leasing Trust 2023-2,2024-08-31,3,12,240754.0,326441.37999999995,0.0
GM Financial Automobile Leasing Trust 2023-2,2024-08-31,98,36,796513.0,1047371.5499999998,0.0
GM Financial Automobile Leasing Trust 2023-2,2024-09-30,1,803,18605329.95,22044546.29,0.0
GM Financial Automobile Leasing Trust 2023-2,2024-09-30,2,308,7326804.75,7854968.42,19577.06
GM Financial Automobile Leasing Trust 2023-2,2024-09-30,3,14,297110.8,355687.66,0.0
GM Financial Automobile Leasing Trust 2023-2,2024-09-30,98,30,661727.6,833507.2900000002,0.0
GM Financial Automobile Leasing Trust 2023-2,2024-10-31,1,904,20694462.450000003,24911098.99,0.0
GM Financial Automobile Leasing Trust 2023-2,2024-10-31,2,324,7841262.550000001,8374158.47,24118.81
GM Financial Automobile Leasing Trust 2023-2,2024-10-31,3,16,416917.0,518092.23000000004,112.01
GM Financial Automobile Leasing Trust 2023-2,2024-10-31,98,27,591211.0,745915.3199999998,0.0
GM Financial Automobile Leasing Trust 2023-2,2024-11-30,1,814,18606239.799999997,22253990.89,0.0
GM Financial Automobile Leasing Trust 2023-2,2024-11-30,2,203,4912579.6,5202453.93,8019.749999999999
GM Financial Automobile Leasing Trust 2023-2,2024-11-30,3,14,308790.0,267466.38,299.03
GM Financial Automobile Leasing Trust 2023-2,2024-11-30,98,29,634135.95,841383.9300000002,0.0
GM Financial Automobile Leasing Trust 2023-2,2024-12-31,1,879,20106090.05,23827110.970000003,0.0
GM Financial Automobile Leasing Trust 2023-2,2024-12-31,2,34,912559.95,954664.07,2140.5
GM Financial Automobile Leasing Trust 2023-2,2024-12-31,3,7,216111.0,190231.19,0.0
GM Financial Automobile Leasing Trust 2023-2,2024-12-31,98,23,460812.0,571865.82,0.0
GM Financial Automobile Leasing Trust 2023-2,2025-01-31,1,1035,23406291.549999997,27307532.62,0.0
GM Financial Automobile Leasing Trust 2023-2,2025-01-31,2,1749,40408029.2,42240534.419999994,212924.81
GM Financial Automobile Leasing Trust 2023-2,2025-01-31,3,11,308028.0,380111.39999999997,0.0
GM Financial Automobile Leasing Trust 2023-2,2025-01-31,98,28,632576.0,759627.6099999999,0.0
GM Financial Automobile Leasing Trust 2023-2,2025-02-28,1,1031,23008887.1,26799253.54,0.0
GM Financial Automobile Leasing Trust 2023-2,2025-02-28,2,554,12193282.05,13664559.790000001,56470.67
GM Financial Automobile Leasing Trust 2023-2,2025-02-28,3,17,391082.0,451378.9600000001,0.0
GM Financial Automobile Leasing Trust 2023-2,2025-02-28,98,30,596796.0,719145.0599999999,0.0
GM Financial Automobile Leasing Trust 2023-2,2025-03-31,1,1473,31823324.65,36640445.49,0.0
GM Financial Automobile Leasing Trust 2023-2,2025-03-31,2,509,11322743.8,12764844.21,42107.850000000006
GM Financial Automobile Leasing Trust 2023-2,2025-03-31,3,13,280139.0,236050.57999999996,0.0
GM Financial Automobile Leasing Trust 2023-2,2025-03-31,98,24,445305.0,575622.17,0.0
GM Financial Automobile Leasing Trust 2023-2,2025-04-30,1,1939,42147579.25,48387085.33,0.0
GM Financial Automobile Leasing Trust 2023-2,2025-04-30,2,402,9252594.75,10262005.7,38454.83
GM Financial Automobile Leasing Trust 2023-2,2025-04-30,3,15,319703.25,421747.23,0.0
GM Financial Automobile Leasing Trust 2023-2,2025-04-30,98,20,414517.2,557541.65,0.0
GM Financial Automobile Leasing Trust 2023-2,2025-05-31,1,1728,38251051.22,43726657.79,0.0
GM Financial Automobile Leasing Trust 2023-2,2025-05-31,2,368,8579970.55,9522553.34,44373.229999999996
GM Financial Automobile Leasing Trust 2023-2,2025-05-31,3,9,185256.2,243036.74000000002,0.0
GM Financial Automobile Leasing Trust 2023-2,2025-05-31,98,17,346289.95,390975.25,0.0
GM Financial Automobile Leasing Trust 2023-2,2025-06-30,1,1644,36375934.5,41710090.94,0.0
GM Financial Automobile Leasing Trust 2023-2,2025-06-30,2,401,9281559.8,10407617.16,59071.79000000001
GM Financial Automobile Leasing Trust 2023-2,2025-06-30,3,10,292216.0,321828.73,0.0
GM Financial Automobile Leasing Trust 2023-2,2025-06-30,98,9,218539.2,185667.35,0.0
GM Financial Automobile Leasing Trust 2023-2,2025-07-31,1,1620,35607485.89,40674044.41,0.0
GM Financial Automobile Leasing Trust 2023-2,2025-07-31,2,405,9553315.2,10136340.129999999,55587.44
GM Financial Automobile Leasing Trust 2023-2,2025-07-31,3,7,119815.0,143957.1,0.0
GM Financial Automobile Leasing Trust 2023-2,2025-07-31,98,14,255060.0,295667.13,0.0
GM Financial Automobile Leasing Trust 2023-2,2025-08-31,1,1413,31905378.65,36285252.09,0.0
GM Financial Automobile Leasing Trust 2023-2,2025-08-31,2,388,9172093.700000001,6924379.3100000005,15978.44
GM Financial Automobile Leasing Trust 2023-2,2025-08-31,3,7,138034.0,135412.18,0.0
GM Financial Automobile Leasing Trust 2023-2,2025-08-31,98,11,254996.0,193761.6,0.0
GM Financial Automobile Leasing Trust 2023-2,2025-09-30,1,1414,31314188.25,36010499.38,0.0
GM Financial Automobile Leasing Trust 2023-2,2025-09-30,2,421,10333515.95,2194379.66,1260.31
GM Financial Automobile Leasing Trust 2023-2,2025-09-30,3,6,162785.0,44756.51,0.0
GM Financial Automobile Leasing Trust 2023-2,2025-09-30,98,10,227013.1,153255.80000000002,0.0
GM Financial Automobile Leasing Trust 2023-3,2023-07-31,1,251,6464115.1,9354126.26,0.0
GM Financial Automobile Leasing Trust 2023-3,2023-07-31,2,1,22146.0,23644.17,0.0
GM Financial Automobile Leasing Trust 2023-3,2023-07-31,3,5,67539.0,81455.76,0.0
GM Financial Automobile Leasing Trust 2023-3,2023-07-31,4,1,19420.0,0.0,0.0
GM Financial Automobile Leasing Trust 2023-3,2023-07-31,98,13,306274.0,547118.1,0.0
GM Financial Automobile Leasing Trust 2023-3,2023-08-31,1,308,8097931.6,11420056.34,0.0
GM Financial Automobile Leasing Trust 2023-3,2023-08-31,2,6,155104.0,213990.9,0.0
GM Financial Automobile Leasing Trust 2023-3,2023-08-31,3,9,182155.0,308648.19,0.0
GM Financial Automobile Leasing Trust 2023-3,2023-08-31,98,36,836185.8,1443213.69,0.0
GM Financial Automobile Leasing Trust 2023-3,2023-09-30,1,345,8280082.949999999,11118185.2,0.0
GM Financial Automobile Leasing Trust 2023-3,2023-09-30,2,13,252402.0,316286.94,588.5
GM Financial Automobile Leasing Trust 2023-3,2023-09-30,3,13,280412.0,396301.89999999997,0.0
GM Financial Automobile Leasing Trust 2023-3,2023-09-30,98,25,495765.6,803629.0799999998,337.22
GM Financial Automobile Leasing Trust 2023-3,2023-10-31,1,457,11059201.1,14580043.26,0.0
GM Financial Automobile Leasing Trust 2023-3,2023-10-31,2,24,496150.0,609423.94,2585.15
GM Financial Automobile Leasing Trust 2023-3,2023-10-31,3,7,145253.0,198319.43,0.0
GM Financial Automobile Leasing Trust 2023-3,2023-10-31,98,26,605936.0,1082873.0299999998,0.0
GM Financial Automobile Leasing Trust 2023-3,2023-11-30,1,453,10827361.75,13782511.1,0.0
GM Financial Automobile Leasing Trust 2023-3,2023-11-30,2,31,693743.3,804650.9900000001,2872.27
GM Financial Automobile Leasing Trust 2023-3,2023-11-30,3,13,314778.0,453243.48,0.0
GM Financial Automobile Leasing Trust 2023-3,2023-11-30,98,27,603667.2,978847.5,0.0
GM Financial Automobile Leasing Trust 2023-3,2023-12-31,1,397,9722695.82,12464396.2,0.0
GM Financial Automobile Leasing Trust 2023-3,2023-12-31,2,7,139451.0,164743.15000000002,0.0
GM Financial Automobile Leasing Trust 2023-3,2023-12-31,3,16,329610.0,462713.68,0.0
GM Financial Automobile Leasing Trust 2023-3,2023-12-31,98,41,828869.4,1288631.0000000002,0.0
GM Financial Automobile Leasing Trust 2023-3,2024-01-31,1,459,11173959.25,14148379.68,0.0
GM Financial Automobile Leasing Trust 2023-3,2024-01-31,2,274,5814383.4,6575886.34,37657.81
GM Financial Automobile Leasing Trust 2023-3,2024-01-31,3,19,373541.0,469902.51999999996,115.0
GM Financial Automobile Leasing Trust 2023-3,2024-01-31,98,37,804031.5,1196105.94,0.0
GM Financial Automobile Leasing Trust 2023-3,2024-02-29,1,452,10545545.9,12929819.450000001,0.0
GM Financial Automobile Leasing Trust 2023-3,2024-02-29,2,114,2527870.55,2906686.7,8604.19
GM Financial Automobile Leasing Trust 2023-3,2024-02-29,3,25,480631.0,691916.38,0.0
GM Financial Automobile Leasing Trust 2023-3,2024-02-29,98,23,576901.0,850702.8799999999,0.0
GM Financial Automobile Leasing Trust 2023-3,2024-03-31,1,500,11735929.2,14612347.029999997,0.0
GM Financial Automobile Leasing Trust 2023-3,2024-03-31,2,113,2599201.9,2791294.5599999996,10283.1
GM Financial Automobile Leasing Trust 2023-3,2024-03-31,3,18,390583.0,564663.2,0.0
GM Financial Automobile Leasing Trust 2023-3,2024-03-31,98,31,707481.0,965635.5599999999,0.0
GM Financial Automobile Leasing Trust 2023-3,2024-04-30,1,560,13021988.05,16302370.159999998,0.0
GM Financial Automobile Leasing Trust 2023-3,2024-04-30,2,115,2709335.6,2961434.3,13775.29
GM Financial Automobile Leasing Trust 2023-3,2024-04-30,3,15,332749.0,458800.81999999995,0.0
GM Financial Automobile Leasing Trust 2023-3,2024-04-30,98,21,448120.0,646633.3200000001,0.0
GM Financial Automobile Leasing Trust 2023-3,2024-05-31,1,551,12950092.95,15913554.790000001,0.0
GM Financial Automobile Leasing Trust 2023-3,2024-05-31,2,141,3306170.75,3595903.4700000007,17183.559999999998
GM Financial Automobile Leasing Trust 2023-3,2024-05-31,3,21,485528.1,597049.5899999999,0.0
GM Financial Automobile Leasing Trust 2023-3,2024-05-31,98,31,625940.0,827994.35,0.0
GM Financial Automobile Leasing Trust 2023-3,2024-06-30,1,485,11473798.45,14399167.52,0.0
GM Financial Automobile Leasing Trust 2023-3,2024-06-30,2,165,3919184.85,4401847.69,22609.66
GM Financial Automobile Leasing Trust 2023-3,2024-06-30,3,14,374185.0,423268.74,0.0
GM Financial Automobile Leasing Trust 2023-3,2024-06-30,98,22,411786.0,578544.5000000001,0.0
GM Financial Automobile Leasing Trust 2023-3,2024-07-31,1,525,12445059.81,15432274.98,0.0
GM Financial Automobile Leasing Trust 2023-3,2024-07-31,2,202,4817455.15,5228842.92,23298.21
GM Financial Automobile Leasing Trust 2023-3,2024-07-31,3,18,376872.0,504453.68,0.0
GM Financial Automobile Leasing Trust 2023-3,2024-07-31,98,26,523288.0,760008.79,0.0
GM Financial Automobile Leasing Trust 2023-3,2024-08-31,1,501,11778337.35,14573725.32,0.0
GM Financial Automobile Leasing Trust 2023-3,2024-08-31,2,195,4815097.4,5163881.02,22429.33
GM Financial Automobile Leasing Trust 2023-3,2024-08-31,3,15,277408.0,393526.27999999997,0.0
GM Financial Automobile Leasing Trust 2023-3,2024-08-31,98,33,682112.0,823952.91,0.0
GM Financial Automobile Leasing Trust 2023-3,2024-09-30,1,524,11980868.850000001,14922376.51,0.0
GM Financial Automobile Leasing Trust 2023-3,2024-09-30,2,193,4635231.15,4914674.07,15789.8
GM Financial Automobile Leasing Trust 2023-3,2024-09-30,3,11,242921.9,283261.97,0.0
GM Financial Automobile Leasing Trust 2023-3,2024-09-30,98,23,519985.0,720170.7699999999,0.0
GM Financial Automobile Leasing Trust 2023-3,2024-10-31,1,614,14743693.4,18378560.32,0.0
GM Financial Automobile Leasing Trust 2023-3,2024-10-31,2,211,5409504.800000001,5768214.859999999,17490.24
GM Financial Automobile Leasing Trust 2023-3,2024-10-31,3,10,230895.0,303744.2,0.0
GM Financial Automobile Leasing Trust 2023-3,2024-10-31,98,30,630501.0,885254.4099999999,0.0
GM Financial Automobile Leasing Trust 2023-3,2024-11-30,1,488,11461745.899999999,13933058.809999999,0.0
GM Financial Automobile Leasing Trust 2023-3,2024-11-30,2,137,3421651.25,3635966.09,6047.700000000001
GM Financial Automobile Leasing Trust 2023-3,2024-11-30,3,10,235970.0,305149.57,0.0
GM Financial Automobile Leasing Trust 2023-3,2024-11-30,98,28,540462.0,700922.99,0.0
GM Financial Automobile Leasing Trust 2023-3,2024-12-31,1,558,12561188.07,15554703.59,0.0
GM Financial Automobile Leasing Trust 2023-3,2024-12-31,2,26,705211.0,780307.3000000002,0.0
GM Financial Automobile Leasing Trust 2023-3,2024-12-31,3,6,155425.0,175184.88,0.0
GM Financial Automobile Leasing Trust 2023-3,2024-12-31,98,20,395685.0,490245.10000000003,0.0
GM Financial Automobile Leasing Trust 2023-3,2025-01-31,1,689,16039761.149999999,19461240.44,0.0
GM Financial Automobile Leasing Trust 2023-3,2025-01-31,2,1349,32200718.8,34081333.5,169928.87
GM Financial Automobile Leasing Trust 2023-3,2025-01-31,3,12,290861.0,395538.39,0.0
GM Financial Automobile Leasing Trust 2023-3,2025-01-31,98,29,614287.0,697832.57,0.0
GM Financial Automobile Leasing Trust 2023-3,2025-02-28,1,746,16266087.85,19455191.560000002,0.0
GM Financial Automobile Leasing Trust 2023-3,2025-02-28,2,533,12600901.0,14086304.11,45987.61
GM Financial Automobile Leasing Trust 2023-3,2025-02-28,3,17,395794.0,489065.67,0.0
GM Financial Automobile Leasing Trust 2023-3,2025-02-28,98,35,739713.0,957173.8799999999,0.0
GM Financial Automobile Leasing Trust 2023-3,2025-03-31,1,1028,22357579.3,26516232.84,0.0
GM Financial Automobile Leasing Trust 2023-3,2025-03-31,2,630,14741287.399999999,16562725.08,94202.67
GM Financial Automobile Leasing Trust 2023-3,2025-03-31,3,17,380652.0,406822.06,0.0
GM Financial Automobile Leasing Trust 2023-3,2025-03-31,98,22,426560.85,517456.05000000005,0.0
GM Financial Automobile Leasing Trust 2023-3,2025-04-30,1,1390,30029504.900000002,35823504.29000001,0.0
GM Financial Automobile Leasing Trust 2023-3,2025-04-30,2,407,9470477.25,10581117.36,45168.18
GM Financial Automobile Leasing Trust 2023-3,2025-04-30,3,11,263596.0,327613.32,0.0
GM Financial Automobile Leasing Trust 2023-3,2025-04-30,98,17,409745.0,490131.47000000003,0.0
GM Financial Automobile Leasing Trust 2023-3,2025-05-31,1,1173,25247558.73,29687869.13,0.0
GM Financial Automobile Leasing Trust 2023-3,2025-05-31,2,289,6296746.7,7189946.77,36639.36
GM Financial Automobile Leasing Trust 2023-3,2025-05-31,3,14,309134.0,358915.88,0.0
GM Financial Automobile Leasing Trust 2023-3,2025-05-31,98,16,374955.0,470902.42,0.0
GM Financial Automobile Leasing Trust 2023-3,2025-06-30,1,1166,25076693.3,29630428.85,0.0
GM Financial Automobile Leasing Trust 2023-3,2025-06-30,2,278,6078093.0,7038202.57,37599.21
GM Financial Automobile Leasing Trust 2023-3,2025-06-30,3,11,320331.0,355519.31,0.0
GM Financial Automobile Leasing Trust 2023-3,2025-06-30,98,9,171356.0,225398.61,0.0
GM Financial Automobile Leasing Trust 2023-3,2025-07-31,1,1302,28957527.15,34237698.05,0.0
GM Financial Automobile Leasing Trust 2023-3,2025-07-31,2,299,6786978.05,7787092.369999999,43788.14
GM Financial Automobile Leasing Trust 2023-3,2025-07-31,3,4,122960.85,133146.68,0.0
GM Financial Automobile Leasing Trust 2023-3,2025-07-31,98,14,260325.0,332070.76,0.0
GM Financial Automobile Leasing Trust 2023-3,2025-08-31,1,1237,27327989.0,31888092.71,0.0
GM Financial Automobile Leasing Trust 2023-3,2025-08-31,2,295,7114796.699999999,7924698.22,48751.33
GM Financial Automobile Leasing Trust 2023-3,2025-08-31,3,9,173637.0,188627.02000000002,0.0
GM Financial Automobile Leasing Trust 2023-3,2025-08-31,98,9,208070.0,165096.69,0.0
GM Financial Automobile Leasing Trust 2023-3,2025-09-30,1,1301,28944794.85,33793124.08,0.0
GM Financial Automobile Leasing Trust 2023-3,2025-09-30,2,299,7314485.2,7984396.1,51703.31
GM Financial Automobile Leasing Trust 2023-3,2025-09-30,3,5,144332.0,186717.11,0.0
GM Financial Automobile Leasing Trust 2023-3,2025-09-30,98,17,378517.0,420308.37000000005,0.0
GM Financial Automobile Leasing Trust 2023-3,2025-10-31,1,1315,29901694.0,34783241.97,0.0
GM Financial Automobile Leasing Trust 2023-3,2025-10-31,2,306,7436420.3,8057838.460000001,51832.88
GM Financial Automobile Leasing Trust 2023-3,2025-10-31,3,3,64702.0,46458.85,0.0
GM Financial Automobile Leasing Trust 2023-3,2025-10-31,98,9,170742.0,172705.16000000003,0.0
GM Financial Automobile Leasing Trust 2023-3,2025-11-30,1,984,22143298.35,25650710.14,0.0
GM Financial Automobile Leasing Trust 2023-3,2025-11-30,2,210,5090158.5,5601366.98,30416.13
GM Financial Automobile Leasing Trust 2023-3,2025-11-30,3,1,12201.0,0.0,0.0
GM Financial Automobile Leasing Trust 2023-3,2025-11-30,98,12,274453.0,286201.08,0.0
GM Financial Automobile Leasing Trust 2023-3,2025-12-31,1,964,22007991.5,25582729.88,0.0
GM Financial Automobile Leasing Trust 2023-3,2025-12-31,2,63,1605475.0,1754594.86,1055.7
GM Financial Automobile Leasing Trust 2023-3,2025-12-31,3,5,164221.0,88119.98000000001,0.0
GM Financial Automobile Leasing Trust 2023-3,2025-12-31,98,10,201163.0,172196.34999999998,0.0
GM Financial Automobile Leasing Trust 2023-3,2026-01-31,1,926,20857470.75,24342564.93,0.0
GM Financial Automobile Leasing Trust 2023-3,2026-01-31,2,1353,34416210.95,20264157.53,146666.75
GM Financial Automobile Leasing Trust 2023-3,2026-01-31,3,7,159293.0,42787.79,0.0
GM Financial Automobile Leasing Trust 2023-3,2026-01-31,98,6,156135.0,50862.130000000005,0.0
GM Financial Automobile Leasing Trust 2024-1,2024-01-31,1,328,8923652.1,12155180.69,0.0
GM Financial Automobile Leasing Trust 2024-1,2024-01-31,2,43,990399.5,1128755.95,290.8
GM Financial Automobile Leasing Trust 2024-1,2024-01-31,3,18,402313.65,590737.77,0.0
GM Financial Automobile Leasing Trust 2024-1,2024-01-31,98,42,951550.3,1503121.47,0.0
GM Financial Automobile Leasing Trust 2024-1,2024-02-29,1,388,9914246.200000001,13588615.23,0.0
GM Financial Automobile Leasing Trust 2024-1,2024-02-29,2,97,2306463.95,2588583.8899999997,6455.029999999999
GM Financial Automobile Leasing Trust 2024-1,2024-02-29,3,6,97522.0,152697.36,0.0
GM Financial Automobile Leasing Trust 2024-1,2024-02-29,98,34,796176.2,1237047.05,0.0
GM Financial Automobile Leasing Trust 2024-1,2024-03-31,1,522,13583053.049999999,17720346.709999997,0.0
GM Financial Automobile Leasing Trust 2024-1,2024-03-31,2,114,2940438.0,3180213.5900000003,8615.880000000001
GM Financial Automobile Leasing Trust 2024-1,2024-03-31,3,13,255846.0,366085.41,0.0
GM Financial Automobile Leasing Trust 2024-1,2024-03-31,98,41,878648.9,1478763.0000000002,0.0
GM Financial Automobile Leasing Trust 2024-1,2024-04-30,1,728,17873974.05,22434650.24,0.0
GM Financial Automobile Leasing Trust 2024-1,2024-04-30,2,183,4283125.75,4640275.529999999,19402.56
GM Financial Automobile Leasing Trust 2024-1,2024-04-30,3,20,413454.0,564163.16,0.0
GM Financial Automobile Leasing Trust 2024-1,2024-04-30,98,44,975880.5,1321800.66,0.0
GM Financial Automobile Leasing Trust 2024-1,2024-05-31,1,802,20148272.55,24957036.17,0.0
GM Financial Automobile Leasing Trust 2024-1,2024-05-31,2,244,5929703.85,6338765.119999999,31661.54
GM Financial Automobile Leasing Trust 2024-1,2024-05-31,3,26,605034.5,806203.64,0.0
GM Financial Automobile Leasing Trust 2024-1,2024-05-31,98,37,782432.0,1100436.5500000003,0.0
GM Financial Automobile Leasing Trust 2024-1,2024-06-30,1,579,14758824.899999999,18537135.45,0.0
GM Financial Automobile Leasing Trust 2024-1,2024-06-30,2,241,6049007.65,6399830.16,37035.020000000004
GM Financial Automobile Leasing Trust 2024-1,2024-06-30,3,20,473511.0,617873.2,0.0
GM Financial Automobile Leasing Trust 2024-1,2024-06-30,98,40,855954.6,1298365.33,0.0
GM Financial Automobile Leasing Trust 2024-1,2024-07-31,1,582,14470828.35,18621462.5,0.0
GM Financial Automobile Leasing Trust 2024-1,2024-07-31,2,300,7621401.7,8051766.04,32556.449999999997
GM Financial Automobile Leasing Trust 2024-1,2024-07-31,3,20,379750.0,536098.1699999999,0.0
GM Financial Automobile Leasing Trust 2024-1,2024-07-31,98,39,883025.0,1219288.9199999997,0.0
GM Financial Automobile Leasing Trust 2024-1,2024-08-31,1,447,10902694.65,14074546.15,0.0
GM Financial Automobile Leasing Trust 2024-1,2024-08-31,2,211,5489872.15,5663109.48,25642.3
GM Financial Automobile Leasing Trust 2024-1,2024-08-31,3,30,704284.15,976577.5599999999,0.0
GM Financial Automobile Leasing Trust 2024-1,2024-08-31,4,1,11971.0,0.0,0.0
GM Financial Automobile Leasing Trust 2024-1,2024-08-31,98,37,870731.85,1240019.55,0.0
GM Financial Automobile Leasing Trust 2024-1,2024-09-30,1,475,11617165.649999999,14986891.540000001,0.0
GM Financial Automobile Leasing Trust 2024-1,2024-09-30,2,209,5459757.300000001,5638495.220000001,9711.59
GM Financial Automobile Leasing Trust 2024-1,2024-09-30,3,25,608375.5,846825.1599999999,0.0
GM Financial Automobile Leasing Trust 2024-1,2024-09-30,98,41,821348.0,1083871.02,0.0
GM Financial Automobile Leasing Trust 2024-1,2024-10-31,1,493,12537491.2,16412159.5,0.0
GM Financial Automobile Leasing Trust 2024-1,2024-10-31,2,227,6136543.699999999,6333205.6,14864.43
GM Financial Automobile Leasing Trust 2024-1,2024-10-31,3,21,490778.5,600497.04,1105.52
GM Financial Automobile Leasing Trust 2024-1,2024-10-31,98,54,1183521.2,1633611.2,0.0
GM Financial Automobile Leasing Trust 2024-1,2024-11-30,1,435,10815364.85,14230076.02,0.0
GM Financial Automobile Leasing Trust 2024-1,2024-11-30,2,102,2756698.0,2890133.99,1733.86
GM Financial Automobile Leasing Trust 2024-1,2024-11-30,3,20,415931.3,544203.26,0.0
GM Financial Automobile Leasing Trust 2024-1,2024-11-30,98,42,1027911.6,1361816.0700000003,0.0
GM Financial Automobile Leasing Trust 2024-1,2024-12-31,1,494,12357160.7,15847201.639999999,0.0
GM Financial Automobile Leasing Trust 2024-1,2024-12-31,2,24,658819.0,713621.38,0.0
GM Financial Automobile Leasing Trust 2024-1,2024-12-31,3,24,513565.4,666969.76,0.0
GM Financial Automobile Leasing Trust 2024-1,2024-12-31,98,45,912146.4,1200010.2600000002,0.0
GM Financial Automobile Leasing Trust 2024-1,2025-01-31,1,549,13520204.0,17432178.16,0.0
GM Financial Automobile Leasing Trust 2024-1,2025-01-31,2,1260,32881990.95,33949591.2,151172.96
GM Financial Automobile Leasing Trust 2024-1,2025-01-31,3,26,635468.25,866829.4499999998,0.0
GM Financial Automobile Leasing Trust 2024-1,2025-01-31,98,42,989876.0,1343511.7599999998,0.0
GM Financial Automobile Leasing Trust 2024-1,2025-02-28,1,569,13965055.450000001,17805961.589999996,0.0
GM Financial Automobile Leasing Trust 2024-1,2025-02-28,2,513,12670456.1,13998183.649999999,58055.46
GM Financial Automobile Leasing Trust 2024-1,2025-02-28,3,27,618023.0,791392.23,0.0
GM Financial Automobile Leasing Trust 2024-1,2025-02-28,98,31,665916.6,867635.6200000001,0.0
GM Financial Automobile Leasing Trust 2024-1,2025-03-31,1,886,21064905.2,26174752.91,0.0
GM Financial Automobile Leasing Trust 2024-1,2025-03-31,2,642,16352542.55,17950652.509999998,85644.76000000001
GM Financial Automobile Leasing Trust 2024-1,2025-03-31,3,20,495495.4,665020.71,324.54
GM Financial Automobile Leasing Trust 2024-1,2025-03-31,98,42,955891.0,1170891.96,0.0
GM Financial Automobile Leasing Trust 2024-1,2025-04-30,1,1339,31416157.32,38738372.54,0.0
GM Financial Automobile Leasing Trust 2024-1,2025-04-30,2,573,14631910.55,16047398.55,59791.02
GM Financial Automobile Leasing Trust 2024-1,2025-04-30,3,15,316195.0,432358.92,0.0
GM Financial Automobile Leasing Trust 2024-1,2025-04-30,98,41,797669.85,1002166.5100000001,0.0
GM Financial Automobile Leasing Trust 2024-1,2025-05-31,1,1212,27897092.1,34238351.53,0.0
GM Financial Automobile Leasing Trust 2024-1,2025-05-31,2,546,13956514.65,15470960.83,50890.74
GM Financial Automobile Leasing Trust 2024-1,2025-05-31,3,19,429701.0,546189.56,0.0
GM Financial Automobile Leasing Trust 2024-1,2025-05-31,98,44,1023500.7,1265412.03,0.0
GM Financial Automobile Leasing Trust 2024-1,2025-06-30,1,1174,26714150.37,32785886.419999998,0.0
GM Financial Automobile Leasing Trust 2024-1,2025-06-30,2,562,14032438.5,15618722.71,49710.46000000001
GM Financial Automobile Leasing Trust 2024-1,2025-06-30,3,20,482880.0,599618.8400000001,0.0
GM Financial Automobile Leasing Trust 2024-1,2025-06-30,98,26,562627.45,755015.86,0.0
GM Financial Automobile Leasing Trust 2024-1,2025-07-31,1,1335,31051553.3,37912744.75,0.0
GM Financial Automobile Leasing Trust 2024-1,2025-07-31,2,647,16059307.05,17838469.96,96177.36
GM Financial Automobile Leasing Trust 2024-1,2025-07-31,3,18,478993.0,639542.43,60.95
GM Financial Automobile Leasing Trust 2024-1,2025-07-31,98,33,711264.0,917677.74,0.0
GM Financial Automobile Leasing Trust 2024-1,2025-08-31,1,1384,31583510.4,38205731.7,0.0
GM Financial Automobile Leasing Trust 2024-1,2025-08-31,2,599,15024059.149999999,16448807.48,79585.58000000002
GM Financial Automobile Leasing Trust 2024-1,2025-08-31,3,14,300012.0,396320.23,0.0
GM Financial Automobile Leasing Trust 2024-1,2025-08-31,98,40,889221.0,999092.59,0.0
GM Financial Automobile Leasing Trust 2024-1,2025-09-30,1,1533,35881881.2,43109544.8,0.0
GM Financial Automobile Leasing Trust 2024-1,2025-09-30,2,525,13038834.53,14180817.84,93774.16
GM Financial Automobile Leasing Trust 2024-1,2025-09-30,3,25,635699.9,723704.6399999999,0.0
GM Financial Automobile Leasing Trust 2024-1,2025-09-30,98,17,342014.3,452343.76,0.0
GM Financial Automobile Leasing Trust 2024-1,2025-10-31,1,1585,36225640.849999994,43429388.31,0.0
GM Financial Automobile Leasing Trust 2024-1,2025-10-31,2,502,12509056.899999999,13576100.120000001,76458.55
GM Financial Automobile Leasing Trust 2024-1,2025-10-31,3,11,255716.0,295259.34,0.0
GM Financial Automobile Leasing Trust 2024-1,2025-10-31,98,24,504763.0,555993.04,0.0
GM Financial Automobile Leasing Trust 2024-1,2025-11-30,1,1199,28015454.15,33582090.65,0.0
GM Financial Automobile Leasing Trust 2024-1,2025-11-30,2,255,6079152.15,6799386.75,20325.43
GM Financial Automobile Leasing Trust 2024-1,2025-11-30,3,10,280452.0,314577.91,0.0
GM Financial Automobile Leasing Trust 2024-1,2025-11-30,98,19,440474.65,565686.86,0.0
GM Financial Automobile Leasing Trust 2024-1,2025-12-31,1,1339,31134068.75,37269178.800000004,0.0
GM Financial Automobile Leasing Trust 2024-1,2025-12-31,2,39,946404.35,1049109.93,3378.5
GM Financial Automobile Leasing Trust 2024-1,2025-12-31,3,8,215747.0,241412.86000000002,0.0
GM Financial Automobile Leasing Trust 2024-1,2025-12-31,98,28,672532.85,827630.77,0.0
GM Financial Automobile Leasing Trust 2024-1,2026-01-31,1,1371,31082618.55,36765060.61,0.0
GM Financial Automobile Leasing Trust 2024-1,2026-01-31,2,2201,54873050.150000006,60461458.07,353157.38
GM Financial Automobile Leasing Trust 2024-1,2026-01-31,3,6,99159.0,83289.54999999999,0.0
GM Financial Automobile Leasing Trust 2024-1,2026-01-31,98,42,979326.7,983598.81,543.66
GM Financial Automobile Leasing Trust 2024-1,2026-02-28,1,1435,32142374.75,37765860.03,0.0
GM Financial Automobile Leasing Trust 2024-1,2026-02-28,2,751,19130983.3,21760036.29,159142.97999999998
GM Financial Automobile Leasing Trust 2024-1,2026-02-28,3,6,127734.0,115993.57,0.0
GM Financial Automobile Leasing Trust 2024-1,2026-02-28,98,18,365215.0,408023.25999999995,0.0
GM Financial Automobile Leasing Trust 2024-1,2026-03-31,1,1899,43368867.620000005,50576383.67,0.0
GM Financial Automobile Leasing Trust 2024-1,2026-03-31,2,761,20384206.299999997,22521025.96,136542.52
GM Financial Automobile Leasing Trust 2024-1,2026-03-31,3,11,247369.0,258463.16,0.0
GM Financial Automobile Leasing Trust 2024-1,2026-03-31,98,18,451302.2,461402.56,0.0
GM Financial Automobile Leasing Trust 2024-1,2026-04-30,1,2044,47166672.85,54904487.08,0.0
GM Financial Automobile Leasing Trust 2024-1,2026-04-30,2,514,13856206.35,13643729.540000001,119231.8
GM Financial Automobile Leasing Trust 2024-1,2026-04-30,3,3,83264.0,87718.41,0.0
GM Financial Automobile Leasing Trust 2024-1,2026-04-30,98,17,328218.0,337470.69000000006,0.0
GM Financial Automobile Leasing Trust 2024-1,2026-05-31,1,1671,38196415.190000005,44614242.70999999,0.0
GM Financial Automobile Leasing Trust 2024-1,2026-05-31,2,504,13506170.399999999,9816621.43,30532.079999999998
GM Financial Automobile Leasing Trust 2024-1,2026-05-31,3,5,114219.0,38434.9,0.0
GM Financial Automobile Leasing Trust 2024-1,2026-05-31,98,17,347323.0,314803.58,0.0
GM Financial Automobile Leasing Trust 2024-1,2026-06-30,1,1758,40640372.31,47242738.410000004,0.0
GM Financial Automobile Leasing Trust 2024-1,2026-06-30,2,510,13681116.15,2862497.9699999997,663.0999999999999
GM Financial Automobile Leasing Trust 2024-1,2026-06-30,3,9,196294.9,28105.0,0.0
GM Financial Automobile Leasing Trust 2024-1,2026-06-30,98,8,171601.7,137559.22999999998,0.0
GM Financial Automobile Leasing Trust 2024-2,2024-04-30,1,238,6564006.25,9604464.85,0.0
GM Financial Automobile Leasing Trust 2024-2,2024-04-30,2,35,895683.25,977557.2100000001,4614.400000000001
GM Financial Automobile Leasing Trust 2024-2,2024-04-30,3,15,318384.0,469072.85000000003,497.79
GM Financial Automobile Leasing Trust 2024-2,2024-04-30,4,1,19956.0,0.0,0.0
GM Financial Automobile Leasing Trust 2024-2,2024-04-30,98,21,488220.45,779659.03,0.0
GM Financial Automobile Leasing Trust 2024-2,2024-05-31,1,290,7865295.449999999,11187243.170000002,0.0
GM Financial Automobile Leasing Trust 2024-2,2024-05-31,2,38,986675.0,1058522.83,2565.25
GM Financial Automobile Leasing Trust 2024-2,2024-05-31,3,12,257533.0,351747.26,0.0
GM Financial Automobile Leasing Trust 2024-2,2024-05-31,98,29,702912.0,1069279.6599999997,0.0
GM Financial Automobile Leasing Trust 2024-2,2024-06-30,1,272,7443541.949999999,10355346.8,0.0
GM Financial Automobile Leasing Trust 2024-2,2024-06-30,2,70,1741838.0,1866254.1500000001,6464.330000000001
GM Financial Automobile Leasing Trust 2024-2,2024-06-30,3,9,177206.85,224551.95,0.0
GM Financial Automobile Leasing Trust 2024-2,2024-06-30,98,45,933798.7999999999,1394588.9899999998,0.0
GM Financial Automobile Leasing Trust 2024-2,2024-07-31,1,375,9613671.02,13128130.58,0.0
GM Financial Automobile Leasing Trust 2024-2,2024-07-31,2,150,3739281.5,3991368.8499999996,11880.51
GM Financial Automobile Leasing Trust 2024-2,2024-07-31,3,15,358809.0,546815.5499999999,0.0
GM Financial Automobile Leasing Trust 2024-2,2024-07-31,98,35,689560.2,1015538.5299999999,0.0
GM Financial Automobile Leasing Trust 2024-2,2024-08-31,1,345,8756125.9,11792576.13,0.0
GM Financial Automobile Leasing Trust 2024-2,2024-08-31,2,143,3561075.0,3779406.86,12444.869999999999
GM Financial Automobile Leasing Trust 2024-2,2024-08-31,3,18,363251.0,504567.23,104.07
GM Financial Automobile Leasing Trust 2024-2,2024-08-31,98,44,1027761.4,1471803.46,0.0
GM Financial Automobile Leasing Trust 2024-2,2024-09-30,1,313,8218112.050000001,11163913.83,0.0
GM Financial Automobile Leasing Trust 2024-2,2024-09-30,2,104,2742046.95,2813796.88,11570.279999999999
GM Financial Automobile Leasing Trust 2024-2,2024-09-30,3,21,523232.0,706961.48,353.06
GM Financial Automobile Leasing Trust 2024-2,2024-09-30,4,1,16599.0,0.0,0.0
GM Financial Automobile Leasing Trust 2024-2,2024-09-30,98,35,815104.0,1196987.77,0.0
GM Financial Automobile Leasing Trust 2024-2,2024-10-31,1,383,9726832.33,13564454.39,0.0
GM Financial Automobile Leasing Trust 2024-2,2024-10-31,2,127,3346934.0,3431181.64,10920.29
GM Financial Automobile Leasing Trust 2024-2,2024-10-31,3,28,677924.4,881355.59,0.0
GM Financial Automobile Leasing Trust 2024-2,2024-10-31,98,54,1223832.65,1819050.7899999998,0.0
GM Financial Automobile Leasing Trust 2024-2,2024-11-30,1,298,7785005.6,10464110.3,0.0
GM Financial Automobile Leasing Trust 2024-2,2024-11-30,2,70,1766317.5,1850358.04,891.4100000000001
GM Financial Automobile Leasing Trust 2024-2,2024-11-30,3,19,418620.1,567879.48,0.0
GM Financial Automobile Leasing Trust 2024-2,2024-11-30,98,35,801821.4,1111564.9200000002,0.0
GM Financial Automobile Leasing Trust 2024-2,2024-12-31,1,337,8596660.85,12065946.14,0.0
GM Financial Automobile Leasing Trust 2024-2,2024-12-31,2,17,455218.0,500127.1699999999,59.53
GM Financial Automobile Leasing Trust 2024-2,2024-12-31,3,27,627292.15,767937.54,373.8
GM Financial Automobile Leasing Trust 2024-2,2024-12-31,98,33,741674.0,1045527.94,0.0
GM Financial Automobile Leasing Trust 2024-2,2025-01-31,1,399,10111050.600000001,13807877.55,0.0
GM Financial Automobile Leasing Trust 2024-2,2025-01-31,2,642,16640660.5,17209750.130000003,86212.66
GM Financial Automobile Leasing Trust 2024-2,2025-01-31,3,28,630474.0,845134.66,0.0
GM Financial Automobile Leasing Trust 2024-2,2025-01-31,4,1,27665.0,0.0,0.0
GM Financial Automobile Leasing Trust 2024-2,2025-01-31,98,34,729530.3,980796.02,0.0
GM Financial Automobile Leasing Trust 2024-2,2025-02-28,1,399,9586928.95,12871449.18,0.0
GM Financial Automobile Leasing Trust 2024-2,2025-02-28,2,286,7305640.25,8011321.260000001,21008.309999999998
GM Financial Automobile Leasing Trust 2024-2,2025-02-28,3,29,737779.1,882477.6499999999,0.0
GM Financial Automobile Leasing Trust 2024-2,2025-02-28,98,43,893333.5,1237309.37,0.0
GM Financial Automobile Leasing Trust 2024-2,2025-03-31,1,576,14068995.35,18471019.47,0.0
GM Financial Automobile Leasing Trust 2024-2,2025-03-31,2,333,8442530.95,9347618.17,33740.3
GM Financial Automobile Leasing Trust 2024-2,2025-03-31,3,21,495537.0,642227.63,0.0
GM Financial Automobile Leasing Trust 2024-2,2025-03-31,98,30,693350.0,931582.33,0.0
GM Financial Automobile Leasing Trust 2024-2,2025-04-30,1,798,19153163.05,24383487.99,0.0
GM Financial Automobile Leasing Trust 2024-2,2025-04-30,2,327,8344866.399999999,9224940.45,44670.11
GM Financial Automobile Leasing Trust 2024-2,2025-04-30,3,27,658429.0,816276.3999999998,1135.6100000000001
GM Financial Automobile Leasing Trust 2024-2,2025-04-30,98,33,707428.0,954515.18,0.0
GM Financial Automobile Leasing Trust 2024-2,2025-05-31,1,792,18966450.9,24438711.869999997,0.0
GM Financial Automobile Leasing Trust 2024-2,2025-05-31,2,309,7827677.0,8615693.059999999,36620.28999999999
GM Financial Automobile Leasing Trust 2024-2,2025-05-31,3,15,377165.0,452302.37,0.0
GM Financial Automobile Leasing Trust 2024-2,2025-05-31,98,25,586344.0,770846.76,0.0
GM Financial Automobile Leasing Trust 2024-2,2025-06-30,1,754,18344751.75,23382983.35,0.0
GM Financial Automobile Leasing Trust 2024-2,2025-06-30,2,352,8944908.35,10034415.06,37927.34
GM Financial Automobile Leasing Trust 2024-2,2025-06-30,3,10,249242.1,343327.03,0.0
GM Financial Automobile Leasing Trust 2024-2,2025-06-30,98,18,413294.0,528042.6,0.0
GM Financial Automobile Leasing Trust 2024-2,2025-07-31,1,916,20995217.2,26600961.1,0.0
GM Financial Automobile Leasing Trust 2024-2,2025-07-31,2,413,10437439.25,11676695.93,31689.09
GM Financial Automobile Leasing Trust 2024-2,2025-07-31,3,18,504879.75,636657.43,0.0
GM Financial Automobile Leasing Trust 2024-2,2025-07-31,98,35,751513.3,995952.52,0.0
GM Financial Automobile Leasing Trust 2024-2,2025-08-31,1,921,21562926.4,26843329.18,0.0
GM Financial Automobile Leasing Trust 2024-2,2025-08-31,2,426,10781309.2,11821868.25,57109.41
GM Financial Automobile Leasing Trust 2024-2,2025-08-31,3,15,385363.95,465771.81999999995,0.0
GM Financial Automobile Leasing Trust 2024-2,2025-08-31,98,24,548517.0,737264.3,0.0
GM Financial Automobile Leasing Trust 2024-2,2025-09-30,1,1083,25441639.95,31374762.87,0.0
GM Financial Automobile Leasing Trust 2024-2,2025-09-30,2,471,11929166.0,12870345.350000001,56802.770000000004
GM Financial Automobile Leasing Trust 2024-2,2025-09-30,3,15,411108.35,511466.7299999999,0.0
GM Financial Automobile Leasing Trust 2024-2,2025-09-30,98,27,632713.0,754299.2100000001,0.0
GM Financial Automobile Leasing Trust 2024-2,2025-10-31,1,1148,27208399.2,33071107.34,0.0
GM Financial Automobile Leasing Trust 2024-2,2025-10-31,2,592,14653618.600000001,15777423.48,40833.68
GM Financial Automobile Leasing Trust 2024-2,2025-10-31,3,10,225026.0,261638.34999999998,0.0
GM Financial Automobile Leasing Trust 2024-2,2025-10-31,98,33,801661.2,948672.6799999999,0.0
GM Financial Automobile Leasing Trust 2024-2,2025-11-30,1,1014,23622650.560000002,28866351.89,0.0
GM Financial Automobile Leasing Trust 2024-2,2025-11-30,2,397,9718458.3,10507833.01,16289.319999999996
GM Financial Automobile Leasing Trust 2024-2,2025-11-30,3,12,300847.0,339402.4,58.26
GM Financial Automobile Leasing Trust 2024-2,2025-11-30,98,31,737128.7000000001,928532.3700000001,0.0
GM Financial Automobile Leasing Trust 2024-2,2025-12-31,1,995,22865960.35,27676330.48,0.0
GM Financial Automobile Leasing Trust 2024-2,2025-12-31,2,109,2800470.1500000004,2986366.78,113.88
GM Financial Automobile Leasing Trust 2024-2,2025-12-31,3,11,266572.0,343641.76999999996,0.0
GM Financial Automobile Leasing Trust 2024-2,2025-12-31,98,21,460872.0,551747.3300000001,0.0
GM Financial Automobile Leasing Trust 2024-2,2026-01-31,1,1038,23942994.049999997,29084048.02,0.0
GM Financial Automobile Leasing Trust 2024-2,2026-01-31,2,3150,77465951.6,83096190.17,445226.93999999994
GM Financial Automobile Leasing Trust 2024-2,2026-01-31,3,17,436433.0,540377.7,0.0
GM Financial Automobile Leasing Trust 2024-2,2026-01-31,98,31,697605.0,767035.65,0.0
GM Financial Automobile Leasing Trust 2024-2,2026-02-28,1,1178,26085697.7,31072447.259999998,292.74
GM Financial Automobile Leasing Trust 2024-2,2026-02-28,2,845,19647809.700000003,22002663.22,136875.63
GM Financial Automobile Leasing Trust 2024-2,2026-02-28,3,16,412641.0,528752.39,0.0
GM Financial Automobile Leasing Trust 2024-2,2026-02-28,98,29,646634.0,805723.13,0.0
GM Financial Automobile Leasing Trust 2024-2,2026-03-31,1,1595,35909065.95,42704164.08,0.0
GM Financial Automobile Leasing Trust 2024-2,2026-03-31,2,719,17666393.9,19303795.14,119339.84999999999
GM Financial Automobile Leasing Trust 2024-2,2026-03-31,3,13,340137.3,334517.58,0.0
GM Financial Automobile Leasing Trust 2024-2,2026-03-31,98,25,655443.0,587790.66,0.0
GM Financial Automobile Leasing Trust 2024-2,2026-04-30,1,1622,36735682.5,43680043.849999994,0.0
GM Financial Automobile Leasing Trust 2024-2,2026-04-30,2,476,12197295.55,11753312.129999999,87962.23999999999
GM Financial Automobile Leasing Trust 2024-2,2026-04-30,3,4,116184.0,75069.86,0.0
GM Financial Automobile Leasing Trust 2024-2,2026-04-30,98,18,347752.2,337780.99,0.0
GM Financial Automobile Leasing Trust 2024-2,2026-05-31,1,1441,33364615.549999997,39486551.5,0.0
GM Financial Automobile Leasing Trust 2024-2,2026-05-31,2,386,9931558.55,7071357.930000001,31072.539999999997
GM Financial Automobile Leasing Trust 2024-2,2026-05-31,3,6,136970.0,151779.90999999997,0.0
GM Financial Automobile Leasing Trust 2024-2,2026-05-31,98,18,375781.9,378385.73000000004,0.0
GM Financial Automobile Leasing Trust 2024-2,2026-06-30,1,1502,34480019.74999999,41090754.56,0.0
GM Financial Automobile Leasing Trust 2024-2,2026-06-30,2,394,10632352.5,2292335.14,1587.78
GM Financial Automobile Leasing Trust 2024-2,2026-06-30,3,10,277695.3,75514.68,0.0
GM Financial Automobile Leasing Trust 2024-2,2026-06-30,98,16,362717.0,69850.2,0.0
GM Financial Automobile Leasing Trust 2024-3,2024-08-31,1,73,1863743.6,2851444.2600000002,0.0
GM Financial Automobile Leasing Trust 2024-3,2024-08-31,2,6,143888.0,171255.73,531.0
GM Financial Automobile Leasing Trust 2024-3,2024-08-31,98,13,297346.89999999997,447702.49,0.0
GM Financial Automobile Leasing Trust 2024-3,2024-09-30,1,205,5502262.4,8080418.050000001,0.0
GM Financial Automobile Leasing Trust 2024-3,2024-09-30,2,13,301455.0,344925.66000000003,1249.28
GM Financial Automobile Leasing Trust 2024-3,2024-09-30,3,14,336931.8,447243.33999999997,0.0
GM Financial Automobile Leasing Trust 2024-3,2024-09-30,98,31,717701.0,1094170.78,0.0
GM Financial Automobile Leasing Trust 2024-3,2024-10-31,1,251,6509759.300000001,9585866.91,0.0
GM Financial Automobile Leasing Trust 2024-3,2024-10-31,2,23,573816.0,651229.1200000001,65.0
GM Financial Automobile Leasing Trust 2024-3,2024-10-31,3,13,274379.1,367411.69,0.0
GM Financial Automobile Leasing Trust 2024-3,2024-10-31,98,41,816583.0,1260999.31,0.0
GM Financial Automobile Leasing Trust 2024-3,2024-11-30,1,217,5868066.5,8445595.959999999,0.0
GM Financial Automobile Leasing Trust 2024-3,2024-11-30,2,14,400312.0,440658.2499999999,222.7
GM Financial Automobile Leasing Trust 2024-3,2024-11-30,3,25,640660.0,900523.75,0.0
GM Financial Automobile Leasing Trust 2024-3,2024-11-30,98,35,744255.0,1099032.94,0.0
GM Financial Automobile Leasing Trust 2024-3,2024-12-31,1,287,7586808.550000001,10801577.9,0.0
GM Financial Automobile Leasing Trust 2024-3,2024-12-31,2,3,75735.0,86968.41,0.0
GM Financial Automobile Leasing Trust 2024-3,2024-12-31,3,27,607820.45,841073.2999999999,0.0
GM Financial Automobile Leasing Trust 2024-3,2024-12-31,98,36,796896.6,1102558.9700000002,0.0
GM Financial Automobile Leasing Trust 2024-3,2025-01-31,1,314,8719670.75,12059481.799999999,0.0
GM Financial Automobile Leasing Trust 2024-3,2025-01-31,2,277,6697047.0,7300259.72,20561.67
GM Financial Automobile Leasing Trust 2024-3,2025-01-31,3,17,384383.0,583544.73,0.0
GM Financial Automobile Leasing Trust 2024-3,2025-01-31,98,54,1169874.0,1597227.8,0.0
GM Financial Automobile Leasing Trust 2024-3,2025-02-28,1,324,8233327.85,11021115.56,0.0
GM Financial Automobile Leasing Trust 2024-3,2025-02-28,2,180,4302062.5,4763848.92,20939.93
GM Financial Automobile Leasing Trust 2024-3,2025-02-28,3,25,561955.85,740234.2299999999,729.73
GM Financial Automobile Leasing Trust 2024-3,2025-02-28,98,38,854209.0,1268064.39,0.0
GM Financial Automobile Leasing Trust 2024-3,2025-03-31,1,466,11438438.9,14923978.32,0.0
GM Financial Automobile Leasing Trust 2024-3,2025-03-31,2,240,5891319.45,6535718.079999999,23873.5
GM Financial Automobile Leasing Trust 2024-3,2025-03-31,3,24,538059.95,727571.73,0.0
GM Financial Automobile Leasing Trust 2024-3,2025-03-31,98,34,742295.1,1019505.5700000001,0.0
GM Financial Automobile Leasing Trust 2024-3,2025-04-30,1,630,14881659.16,19515228.88,0.0
GM Financial Automobile Leasing Trust 2024-3,2025-04-30,2,218,5428259.45,6028847.3100000005,25528.690000000002
GM Financial Automobile Leasing Trust 2024-3,2025-04-30,3,15,381828.0,515333.26,0.0
GM Financial Automobile Leasing Trust 2024-3,2025-04-30,98,21,454894.0,654646.31,0.0
GM Financial Automobile Leasing Trust 2024-3,2025-05-31,1,606,14675747.399999999,19608182.490000002,0.0
GM Financial Automobile Leasing Trust 2024-3,2025-05-31,2,207,5068454.4,5658116.87,17375.53
GM Financial Automobile Leasing Trust 2024-3,2025-05-31,3,15,421173.0,541137.13,0.0
GM Financial Automobile Leasing Trust 2024-3,2025-05-31,98,34,651382.8,948115.14,0.0
GM Financial Automobile Leasing Trust 2024-3,2025-06-30,1,587,14340406.600000001,18952965.47,0.0
GM Financial Automobile Leasing Trust 2024-3,2025-06-30,2,245,5865721.95,6637758.99,37018.03999999999
GM Financial Automobile Leasing Trust 2024-3,2025-06-30,3,17,366089.0,508697.36,0.0
GM Financial Automobile Leasing Trust 2024-3,2025-06-30,98,34,761145.0,1035039.5000000001,0.0
GM Financial Automobile Leasing Trust 2024-3,2025-07-31,1,741,17509362.85,22927791.66,0.0
GM Financial Automobile Leasing Trust 2024-3,2025-07-31,2,280,7002182.25,7982537.98,21622.649999999998
GM Financial Automobile Leasing Trust 2024-3,2025-07-31,3,17,385472.0,490259.30999999994,0.0
GM Financial Automobile Leasing Trust 2024-3,2025-07-31,98,44,1021735.6000000001,1356856.6900000004,0.0
GM Financial Automobile Leasing Trust 2024-3,2025-08-31,1,742,17137705.5,22030381.860000003,0.0
GM Financial Automobile Leasing Trust 2024-3,2025-08-31,2,271,6963332.55,7702722.459999999,27718.420000000002
GM Financial Automobile Leasing Trust 2024-3,2025-08-31,3,29,703924.0,920512.3,1502.5300000000002
GM Financial Automobile Leasing Trust 2024-3,2025-08-31,98,38,946598.3,1177862.6,0.0
GM Financial Automobile Leasing Trust 2024-3,2025-09-30,1,857,19842046.75,25016981.009999998,0.0
GM Financial Automobile Leasing Trust 2024-3,2025-09-30,2,359,9301418.6,10120125.23,40243.71
GM Financial Automobile Leasing Trust 2024-3,2025-09-30,3,16,358500.0,408052.57999999996,321.8
GM Financial Automobile Leasing Trust 2024-3,2025-09-30,98,35,838490.6,1161659.84,0.0
GM Financial Automobile Leasing Trust 2024-3,2025-10-31,1,898,21004740.95,26421811.130000003,0.0
GM Financial Automobile Leasing Trust 2024-3,2025-10-31,2,395,10195123.05,11065345.48,42910.34
GM Financial Automobile Leasing Trust 2024-3,2025-10-31,3,23,619342.6,762130.09,953.5999999999999
GM Financial Automobile Leasing Trust 2024-3,2025-10-31,98,35,767536.85,1020920.62,0.0
GM Financial Automobile Leasing Trust 2024-3,2025-11-30,1,741,16739132.85,20884256.19,0.0
GM Financial Automobile Leasing Trust 2024-3,2025-11-30,2,277,6907081.0,7493616.21,15326.900000000001
GM Financial Automobile Leasing Trust 2024-3,2025-11-30,3,17,443169.0,555370.96,0.0
GM Financial Automobile Leasing Trust 2024-3,2025-11-30,98,25,533368.2,711000.59,0.0
GM Financial Automobile Leasing Trust 2024-3,2025-12-31,1,865,20970920.15,26059451.63,0.0
GM Financial Automobile Leasing Trust 2024-3,2025-12-31,2,74,1784168.0,1945206.49,948.22
GM Financial Automobile Leasing Trust 2024-3,2025-12-31,3,17,404258.0,491405.93999999994,1008.16
GM Financial Automobile Leasing Trust 2024-3,2025-12-31,98,25,532311.6,677110.46,0.0
GM Financial Automobile Leasing Trust 2024-3,2026-01-31,1,875,20276160.9,24743260.810000002,0.0
GM Financial Automobile Leasing Trust 2024-3,2026-01-31,2,2522,63472207.5,69025393.13,295068.92
GM Financial Automobile Leasing Trust 2024-3,2026-01-31,3,25,620320.9,757716.6900000001,0.0
GM Financial Automobile Leasing Trust 2024-3,2026-01-31,98,29,708815.0,851978.28,0.0
GM Financial Automobile Leasing Trust 2024-3,2026-02-28,1,1003,22088768.59,26736854.189999998,0.0
GM Financial Automobile Leasing Trust 2024-3,2026-02-28,2,1044,26372999.6,29367345.05,147290.29
GM Financial Automobile Leasing Trust 2024-3,2026-02-28,3,14,369254.0,426769.32999999996,0.0
GM Financial Automobile Leasing Trust 2024-3,2026-02-28,98,33,763609.0,976838.5,0.0
GM Financial Automobile Leasing Trust 2024-3,2026-03-31,1,1455,32719536.349999998,39460147.41,0.0
GM Financial Automobile Leasing Trust 2024-3,2026-03-31,2,955,24814914.85,26996641.09,116694.9
GM Financial Automobile Leasing Trust 2024-3,2026-03-31,3,29,673506.55,822357.2,0.0
GM Financial Automobile Leasing Trust 2024-3,2026-03-31,98,28,645890.0,621032.89,0.0
GM Financial Automobile Leasing Trust 2024-3,2026-04-30,1,1588,36388745.400000006,43821109.53,0.0
GM Financial Automobile Leasing Trust 2024-3,2026-04-30,2,590,15364415.2,14342578.02,71332.93000000001
GM Financial Automobile Leasing Trust 2024-3,2026-04-30,3,8,198803.0,238165.21,0.0
GM Financial Automobile Leasing Trust 2024-3,2026-04-30,98,21,455529.0,464145.76,0.0
GM Financial Automobile Leasing Trust 2024-3,2026-05-31,1,1522,34628183.23,41587924.35,0.0
GM Financial Automobile Leasing Trust 2024-3,2026-05-31,2,483,12963730.9,8372744.779999999,41682.369999999995
GM Financial Automobile Leasing Trust 2024-3,2026-05-31,3,8,166343.0,147366.42,0.0
GM Financial Automobile Leasing Trust 2024-3,2026-05-31,98,18,424299.4,467881.92,0.0
GM Financial Automobile Leasing Trust 2024-3,2026-06-30,1,1529,34363046.5,41323915.15,0.0
GM Financial Automobile Leasing Trust 2024-3,2026-06-30,2,479,12899363.5,3137601.43,1758.8600000000001
GM Financial Automobile Leasing Trust 2024-3,2026-06-30,3,8,222370.5,49910.8,0.0
GM Financial Automobile Leasing Trust 2024-3,2026-06-30,98,15,306684.0,169225.17,0.0
GM Financial Automobile Leasing Trust 2025-1,2025-01-31,1,246,6899885.8,10683161.390000002,0.0
GM Financial Automobile Leasing Trust 2025-1,2025-01-31,2,16,403867.0,476814.66000000003,351.15999999999997
GM Financial Automobile Leasing Trust 2025-1,2025-01-31,3,13,304474.0,419684.68000000005,0.0
GM Financial Automobile Leasing Trust 2025-1,2025-01-31,98,54,1277343.4,1949048.4300000002,0.0
GM Financial Automobile Leasing Trust 2025-1,2025-02-28,1,227,6447488.98,9513919.700000001,0.0
GM Financial Automobile Leasing Trust 2025-1,2025-02-28,2,30,795466.0,952081.05,3438.29
GM Financial Automobile Leasing Trust 2025-1,2025-02-28,3,29,774885.55,968039.5800000001,85.0
GM Financial Automobile Leasing Trust 2025-1,2025-02-28,98,48,1112603.45,1653738.9100000001,0.0
GM Financial Automobile Leasing Trust 2025-1,2025-03-31,1,330,8975449.15,13039565.1,0.0
GM Financial Automobile Leasing Trust 2025-1,2025-03-31,2,50,1234371.0,1430429.56,5696.629999999999
GM Financial Automobile Leasing Trust 2025-1,2025-03-31,3,25,592343.75,753551.7,470.0
GM Financial Automobile Leasing Trust 2025-1,2025-03-31,98,43,1018660.45,1555452.4000000001,0.0
GM Financial Automobile Leasing Trust 2025-1,2025-04-30,1,403,10363770.950000001,14807395.600000001,0.0
GM Financial Automobile Leasing Trust 2025-1,2025-04-30,2,62,1566785.0,1823745.85,4825.17
GM Financial Automobile Leasing Trust 2025-1,2025-04-30,3,31,695178.6,899742.2600000001,925.0
GM Financial Automobile Leasing Trust 2025-1,2025-04-30,98,46,1027370.6000000001,1456706.4900000002,0.0
GM Financial Automobile Leasing Trust 2025-1,2025-05-31,1,407,10442375.7,14744281.950000001,0.0
GM Financial Automobile Leasing Trust 2025-1,2025-05-31,2,83,2045943.0,2352520.31,8644.769999999999
GM Financial Automobile Leasing Trust 2025-1,2025-05-31,3,25,574511.0,607523.83,210.45
GM Financial Automobile Leasing Trust 2025-1,2025-05-31,98,44,1010998.0,1510214.5399999998,0.0
GM Financial Automobile Leasing Trust 2025-1,2025-06-30,1,445,11316253.58,15670031.469999999,0.0
GM Financial Automobile Leasing Trust 2025-1,2025-06-30,2,112,2699824.5,3085681.04,8745.25
GM Financial Automobile Leasing Trust 2025-1,2025-06-30,3,39,1011618.0,1245276.6500000004,89.3
GM Financial Automobile Leasing Trust 2025-1,2025-06-30,98,40,860119.5,1224154.4600000002,0.0
GM Financial Automobile Leasing Trust 2025-1,2025-07-31,1,522,12881345.35,17640171.41,0.0
GM Financial Automobile Leasing Trust 2025-1,2025-07-31,2,140,3487618.0999999996,3924199.9400000004,27516.44
GM Financial Automobile Leasing Trust 2025-1,2025-07-31,3,33,840191.0,1005929.83,1062.96
GM Financial Automobile Leasing Trust 2025-1,2025-07-31,98,56,1353013.25,1696784.5,0.0
GM Financial Automobile Leasing Trust 2025-1,2025-08-31,1,510,13080836.16,17870941.419999998,0.0
GM Financial Automobile Leasing Trust 2025-1,2025-08-31,2,142,3616354.1,4011779.8099999996,13064.050000000001
GM Financial Automobile Leasing Trust 2025-1,2025-08-31,3,37,923313.3,1164398.7899999998,668.0799999999999
GM Financial Automobile Leasing Trust 2025-1,2025-08-31,98,41,966264.0,1308408.69,0.0
GM Financial Automobile Leasing Trust 2025-1,2025-09-30,1,557,13620936.85,18361417.58,0.0
GM Financial Automobile Leasing Trust 2025-1,2025-09-30,2,165,4398793.300000001,4673685.6,16263.560000000001
GM Financial Automobile Leasing Trust 2025-1,2025-09-30,3,49,1106131.3,1298860.3699999999,2815.1
GM Financial Automobile Leasing Trust 2025-1,2025-09-30,98,44,1177275.9,1695731.98,230.59
GM Financial Automobile Leasing Trust 2025-1,2025-10-31,1,610,15130296.8,20296372.689999998,0.0
GM Financial Automobile Leasing Trust 2025-1,2025-10-31,2,197,5306670.5,5663621.140000001,22656.72
GM Financial Automobile Leasing Trust 2025-1,2025-10-31,3,36,926681.15,1141352.3800000001,0.0
GM Financial Automobile Leasing Trust 2025-1,2025-10-31,98,51,1176285.4500000002,1625117.1600000001,0.0
GM Financial Automobile Leasing Trust 2025-1,2025-11-30,1,499,12238982.85,16336275.03,0.0
GM Financial Automobile Leasing Trust 2025-1,2025-11-30,2,143,3826398.75,4160444.05,5861.04
GM Financial Automobile Leasing Trust 2025-1,2025-11-30,3,32,898361.6,1026779.23,1955.6599999999999
GM Financial Automobile Leasing Trust 2025-1,2025-11-30,98,43,981004.0,1241742.5900000003,0.0
GM Financial Automobile Leasing Trust 2025-1,2025-12-31,1,631,14847546.6,19376798.560000002,0.0
GM Financial Automobile Leasing Trust 2025-1,2025-12-31,2,39,971298.0,1048830.3800000001,15.19
GM Financial Automobile Leasing Trust 2025-1,2025-12-31,3,51,1177021.0,1550184.9500000002,0.0
GM Financial Automobile Leasing Trust 2025-1,2025-12-31,98,50,1132683.2,1466295.56,0.0
GM Financial Automobile Leasing Trust 2025-1,2026-01-31,1,617,14882056.2,19377804.68,0.0
GM Financial Automobile Leasing Trust 2025-1,2026-01-31,2,1426,37558585.3,40269141.06,174000.77
GM Financial Automobile Leasing Trust 2025-1,2026-01-31,3,35,861466.6,1045308.48,439.24
GM Financial Automobile Leasing Trust 2025-1,2026-01-31,98,56,1358848.3,1632657.47,0.0
GM Financial Automobile Leasing Trust 2025-1,2026-02-28,1,756,17190263.66,21702664.380000003,0.0
GM Financial Automobile Leasing Trust 2025-1,2026-02-28,2,586,15702592.5,17196472.0,65508.009999999995
GM Financial Automobile Leasing Trust 2025-1,2026-02-28,3,34,950912.0,1134603.89,293.21
GM Financial Automobile Leasing Trust 2025-1,2026-02-28,98,37,973168.4,1270655.01,0.0
GM Financial Automobile Leasing Trust 2025-1,2026-03-31,1,1140,26371929.259999998,32770777.83,0.0
GM Financial Automobile Leasing Trust 2025-1,2026-03-31,2,772,21797193.299999997,22240185.59,106029.61
GM Financial Automobile Leasing Trust 2025-1,2026-03-31,3,36,955375.0,1078638.22,235.0
GM Financial Automobile Leasing Trust 2025-1,2026-03-31,98,38,794566.0,1037126.32,0.0
GM Financial Automobile Leasing Trust 2025-1,2026-04-30,1,1414,32924926.65,41093355.93,0.0
GM Financial Automobile Leasing Trust 2025-1,2026-04-30,2,722,21140783.0,17628462.65,81759.70999999999
GM Financial Automobile Leasing Trust 2025-1,2026-04-30,3,30,870611.4,922860.94,408.25
GM Financial Automobile Leasing Trust 2025-1,2026-04-30,98,44,945515.2,1111998.88,0.0
GM Financial Automobile Leasing Trust 2025-1,2026-05-31,1,1269,29430024.85,36319762.97,0.0
GM Financial Automobile Leasing Trust 2025-1,2026-05-31,2,878,26764417.05,16260600.6,50777.06999999999
GM Financial Automobile Leasing Trust 2025-1,2026-05-31,3,18,470916.0,387138.63,0.0
GM Financial Automobile Leasing Trust 2025-1,2026-05-31,98,33,794916.35,739161.02,0.0
GM Financial Automobile Leasing Trust 2025-1,2026-06-30,1,1495,34278266.82,42499110.980000004,0.0
GM Financial Automobile Leasing Trust 2025-1,2026-06-30,2,1035,30882582.4,6872880.27,613.9699999999999
GM Financial Automobile Leasing Trust 2025-1,2026-06-30,3,27,789695.0,146086.21000000002,0.0
GM Financial Automobile Leasing Trust 2025-1,2026-06-30,98,31,835046.4,296611.05,0.0
GM Financial Automobile Leasing Trust 2025-2,2025-04-30,1,195,5369432.9,7881429.91,0.0
GM Financial Automobile Leasing Trust 2025-2,2025-04-30,2,12,317010.0,386769.33999999997,0.0
GM Financial Automobile Leasing Trust 2025-2,2025-04-30,3,7,138624.0,214843.57,0.0
GM Financial Automobile Leasing Trust 2025-2,2025-04-30,98,33,702172.05,1087593.6500000001,0.0
GM Financial Automobile Leasing Trust 2025-2,2025-05-31,1,234,6117301.85,8886505.120000001,0.0
GM Financial Automobile Leasing Trust 2025-2,2025-05-31,2,30,752313.7,850474.93,787.0
GM Financial Automobile Leasing Trust 2025-2,2025-05-31,3,21,542825.4,724804.61,470.0
GM Financial Automobile Leasing Trust 2025-2,2025-05-31,98,37,881352.75,1335901.27,0.0
GM Financial Automobile Leasing Trust 2025-2,2025-06-30,1,259,6708719.619999999,9472123.18,0.0
GM Financial Automobile Leasing Trust 2025-2,2025-06-30,2,43,1151563.0,1326930.4899999998,2518.4300000000003
GM Financial Automobile Leasing Trust 2025-2,2025-06-30,3,23,497054.6,650861.58,470.0
GM Financial Automobile Leasing Trust 2025-2,2025-06-30,98,27,602166.0,867999.51,0.0
GM Financial Automobile Leasing Trust 2025-2,2025-07-31,1,336,8844063.15,12134796.34,0.0
GM Financial Automobile Leasing Trust 2025-2,2025-07-31,2,65,1771780.9500000002,2010004.52,2702.29
GM Financial Automobile Leasing Trust 2025-2,2025-07-31,3,24,550369.0,680248.64,638.0
GM Financial Automobile Leasing Trust 2025-2,2025-07-31,98,38,828277.4,1261076.1300000001,0.0
GM Financial Automobile Leasing Trust 2025-2,2025-08-31,1,345,8475034.49,11421359.870000001,0.0
GM Financial Automobile Leasing Trust 2025-2,2025-08-31,2,103,2522353.05,2872047.6900000004,6506.580000000001
GM Financial Automobile Leasing Trust 2025-2,2025-08-31,3,29,700252.3,926153.6199999999,2.75
GM Financial Automobile Leasing Trust 2025-2,2025-08-31,98,39,895638.6000000001,1247950.0599999996,0.0
GM Financial Automobile Leasing Trust 2025-2,2025-09-30,1,385,9688048.4,13252621.11,0.0
GM Financial Automobile Leasing Trust 2025-2,2025-09-30,2,149,3955240.55,4367211.68,11828.220000000001
GM Financial Automobile Leasing Trust 2025-2,2025-09-30,3,36,842999.0,1108688.71,1379.25
GM Financial Automobile Leasing Trust 2025-2,2025-09-30,98,48,1181922.55,1611988.8599999999,0.0
GM Financial Automobile Leasing Trust 2025-2,2025-10-31,1,397,9924788.57,13562274.74,0.0
GM Financial Automobile Leasing Trust 2025-2,2025-10-31,2,136,3680942.2,3937663.25,10596.83
GM Financial Automobile Leasing Trust 2025-2,2025-10-31,3,18,434655.75,544201.77,100.0
GM Financial Automobile Leasing Trust 2025-2,2025-10-31,98,42,1135106.0,1425978.74,0.0
GM Financial Automobile Leasing Trust 2025-2,2025-11-30,1,368,9339316.95,12505060.059999999,0.0
GM Financial Automobile Leasing Trust 2025-2,2025-11-30,2,80,2107367.75,2266634.1100000003,3452.96
GM Financial Automobile Leasing Trust 2025-2,2025-11-30,3,29,687745.1,809626.2999999999,555.0
GM Financial Automobile Leasing Trust 2025-2,2025-11-30,98,28,686554.0,870851.5200000001,0.0
GM Financial Automobile Leasing Trust 2025-2,2025-12-31,1,396,9902214.43,13149285.52,0.0
GM Financial Automobile Leasing Trust 2025-2,2025-12-31,2,30,815261.0,907406.5600000002,0.0
GM Financial Automobile Leasing Trust 2025-2,2025-12-31,3,37,933395.0,1251809.4500000002,2981.6
GM Financial Automobile Leasing Trust 2025-2,2025-12-31,98,37,851558.2,1209637.21,0.0
GM Financial Automobile Leasing Trust 2025-2,2026-01-31,1,405,9921741.549999999,12813164.809999999,0.0
GM Financial Automobile Leasing Trust 2025-2,2026-01-31,2,904,24466748.65,26513687.86,127843.28
GM Financial Automobile Leasing Trust 2025-2,2026-01-31,3,32,720532.45,854928.17,0.0
GM Financial Automobile Leasing Trust 2025-2,2026-01-31,98,48,1063395.5,1392998.21,0.0
GM Financial Automobile Leasing Trust 2025-2,2026-02-28,1,486,11423759.05,14744123.89,0.0
GM Financial Automobile Leasing Trust 2025-2,2026-02-28,2,369,9820645.8,10957964.36,54865.31
GM Financial Automobile Leasing Trust 2025-2,2026-02-28,3,31,759343.3500000001,980982.93,0.0
GM Financial Automobile Leasing Trust 2025-2,2026-02-28,98,30,666524.15,925318.36,0.0
GM Financial Automobile Leasing Trust 2025-2,2026-03-31,1,746,17324122.55,21681006.89,0.0
GM Financial Automobile Leasing Trust 2025-2,2026-03-31,2,437,12003176.85,12740661.41,78758.11
GM Financial Automobile Leasing Trust 2025-2,2026-03-31,3,21,567683.35,681800.4299999998,481.78
GM Financial Automobile Leasing Trust 2025-2,2026-03-31,98,28,577425.2,689202.47,0.0
GM Financial Automobile Leasing Trust 2025-2,2026-04-30,1,850,20227928.4,25626203.009999998,0.0
GM Financial Automobile Leasing Trust 2025-2,2026-04-30,2,393,11430125.95,10166298.899999999,49101.34
GM Financial Automobile Leasing Trust 2025-2,2026-04-30,3,35,830674.0,919524.3200000001,387.12
GM Financial Automobile Leasing Trust 2025-2,2026-04-30,98,33,792112.25,1002695.6900000001,0.0
GM Financial Automobile Leasing Trust 2025-2,2026-05-31,1,815,19279430.16,23995487.810000002,0.0
GM Financial Automobile Leasing Trust 2025-2,2026-05-31,2,471,13823942.25,8157883.35,23175.08
GM Financial Automobile Leasing Trust 2025-2,2026-05-31,3,26,715802.0,491376.94,0.0
GM Financial Automobile Leasing Trust 2025-2,2026-05-31,98,30,717122.16,826391.5099999999,0.0
GM Financial Automobile Leasing Trust 2025-2,2026-06-30,1,909,21696455.06,27208024.68,0.0
GM Financial Automobile Leasing Trust 2025-2,2026-06-30,2,568,16661168.8,3970845.74,1917.5
GM Financial Automobile Leasing Trust 2025-2,2026-06-30,3,20,494594.1,120350.0,0.0
GM Financial Automobile Leasing Trust 2025-2,2026-06-30,98,33,821758.4,435146.62,0.0
GM Financial Automobile Leasing Trust 2025-3,2025-07-31,1,136,3639010.3,5505688.76,0.0
GM Financial Automobile Leasing Trust 2025-3,2025-07-31,2,10,285189.0,336979.24,1005.36
GM Financial Automobile Leasing Trust 2025-3,2025-07-31,3,11,240539.0,344332.65,0.0
GM Financial Automobile Leasing Trust 2025-3,2025-07-31,98,22,596033.0,948582.54,0.0
GM Financial Automobile Leasing Trust 2025-3,2025-08-31,1,146,3906849.05,5622029.54,0.0
GM Financial Automobile Leasing Trust 2025-3,2025-08-31,2,27,754066.0,853192.0300000001,2479.46
GM Financial Automobile Leasing Trust 2025-3,2025-08-31,3,16,386841.5,479329.44999999995,0.0
GM Financial Automobile Leasing Trust 2025-3,2025-08-31,98,19,403867.0,631881.34,0.0
GM Financial Automobile Leasing Trust 2025-3,2025-09-30,1,180,4528907.45,6758008.37,0.0
GM Financial Automobile Leasing Trust 2025-3,2025-09-30,2,20,543121.0,596874.0,156.25
GM Financial Automobile Leasing Trust 2025-3,2025-09-30,3,20,496673.0,620263.89,596.15
GM Financial Automobile Leasing Trust 2025-3,2025-09-30,98,21,406860.0,617372.4000000001,0.0
GM Financial Automobile Leasing Trust 2025-3,2025-10-31,1,190,5257699.55,7499727.0600000005,0.0
GM Financial Automobile Leasing Trust 2025-3,2025-10-31,2,37,1022831.5,1084679.7499999998,911.3
GM Financial Automobile Leasing Trust 2025-3,2025-10-31,3,18,408565.15,454511.62000000005,0.0
GM Financial Automobile Leasing Trust 2025-3,2025-10-31,98,28,653950.35,805878.03,0.0
GM Financial Automobile Leasing Trust 2025-3,2025-11-30,1,177,4380601.1,5912039.620000001,0.0
GM Financial Automobile Leasing Trust 2025-3,2025-11-30,2,36,936675.4,1043600.15,994.71
GM Financial Automobile Leasing Trust 2025-3,2025-11-30,3,23,575449.0,676549.36,120.47999999999999
GM Financial Automobile Leasing Trust 2025-3,2025-11-30,98,26,584611.0,748442.3800000001,0.0
GM Financial Automobile Leasing Trust 2025-3,2025-12-31,1,217,5805050.300000001,8075888.87,0.0
GM Financial Automobile Leasing Trust 2025-3,2025-12-31,2,8,234441.0,243955.84999999998,0.0
GM Financial Automobile Leasing Trust 2025-3,2025-12-31,3,25,533828.5,710728.03,119.0
GM Financial Automobile Leasing Trust 2025-3,2025-12-31,98,30,727055.45,1022707.5499999999,0.0
GM Financial Automobile Leasing Trust 2025-3,2026-01-31,1,202,5076280.23,6842032.68,0.0
GM Financial Automobile Leasing Trust 2025-3,2026-01-31,2,349,9398163.0,10208917.57,50028.04
GM Financial Automobile Leasing Trust 2025-3,2026-01-31,3,32,738064.0,982925.09,0.0
GM Financial Automobile Leasing Trust 2025-3,2026-01-31,98,31,707580.3200000001,941534.7499999999,0.0
GM Financial Automobile Leasing Trust 2025-3,2026-02-28,1,240,6113791.15,8139766.01,0.0
GM Financial Automobile Leasing Trust 2025-3,2026-02-28,2,138,3612093.0,4091477.2099999995,13084.739999999998
GM Financial Automobile Leasing Trust 2025-3,2026-02-28,3,28,763382.0,949795.35,1661.3899999999999
GM Financial Automobile Leasing Trust 2025-3,2026-02-28,98,28,620940.0,791375.58,0.0
GM Financial Automobile Leasing Trust 2025-3,2026-03-31,1,337,8212917.1,10794501.57,0.0
GM Financial Automobile Leasing Trust 2025-3,2026-03-31,2,197,5596700.0,5913053.7299999995,22128.53
GM Financial Automobile Leasing Trust 2025-3,2026-03-31,3,28,634317.0,754414.4900000001,255.0
GM Financial Automobile Leasing Trust 2025-3,2026-03-31,98,36,819458.35,1105588.0199999998,0.0
GM Financial Automobile Leasing Trust 2025-3,2026-04-30,1,394,10100059.2,13444465.55,0.0
GM Financial Automobile Leasing Trust 2025-3,2026-04-30,2,194,5468945.4,4690249.46,17521.17
GM Financial Automobile Leasing Trust 2025-3,2026-04-30,3,21,544498.0,545906.65,0.0
GM Financial Automobile Leasing Trust 2025-3,2026-04-30,4,1,29985.0,0.0,0.0
GM Financial Automobile Leasing Trust 2025-3,2026-04-30,98,23,595471.24,831618.2,0.0
GM Financial Automobile Leasing Trust 2025-3,2026-05-31,1,392,9407612.399999999,12410676.42,0.0
GM Financial Automobile Leasing Trust 2025-3,2026-05-31,2,211,6194201.0,4175479.5,12935.329999999998
GM Financial Automobile Leasing Trust 2025-3,2026-05-31,3,16,429242.0,292239.3,0.0
GM Financial Automobile Leasing Trust 2025-3,2026-05-31,98,22,575061.0,748363.08,0.0
GM Financial Automobile Leasing Trust 2025-3,2026-06-30,1,537,12847328.3,16741350.8,0.0
GM Financial Automobile Leasing Trust 2025-3,2026-06-30,2,284,8424220.0,2040579.23,495.0
GM Financial Automobile Leasing Trust 2025-3,2026-06-30,3,17,413433.0,168681.64,0.0
GM Financial Automobile Leasing Trust 2025-3,2026-06-30,98,22,554598.6,341457.66000000003,0.0
GM Financial Automobile Leasing Trust 2026-1,2026-01-31,1,111,3347491.55,4848699.47,0.0
GM Financial Automobile Leasing Trust 2026-1,2026-01-31,2,10,276712.0,315173.82,195.0
GM Financial Automobile Leasing Trust 2026-1,2026-01-31,3,17,367516.8,461662.38,135.5
GM Financial Automobile Leasing Trust 2026-1,2026-01-31,98,20,546825.0,811618.4,0.0
GM Financial Automobile Leasing Trust 2026-1,2026-02-28,1,133,3907862.93,5756721.23,0.0
GM Financial Automobile Leasing Trust 2026-1,2026-02-28,2,13,364743.0,386353.27,2908.75
GM Financial Automobile Leasing Trust 2026-1,2026-02-28,3,15,482048.0,657220.75,548.74
GM Financial Automobile Leasing Trust 2026-1,2026-02-28,98,34,919529.0,1218029.27,0.0
GM Financial Automobile Leasing Trust 2026-1,2026-03-31,1,168,4645673.65,6746242.16,0.0
GM Financial Automobile Leasing Trust 2026-1,2026-03-31,2,22,626263.0,694637.09,1335.24
GM Financial Automobile Leasing Trust 2026-1,2026-03-31,3,19,470365.0,510712.79000000004,0.0
GM Financial Automobile Leasing Trust 2026-1,2026-03-31,98,14,286595.52,484767.39999999997,0.0
GM Financial Automobile Leasing Trust 2026-1,2026-04-30,1,204,5576020.41,7901761.61,0.0
GM Financial Automobile Leasing Trust 2026-1,2026-04-30,2,27,783344.0,716459.95,293.85
GM Financial Automobile Leasing Trust 2026-1,2026-04-30,3,17,491706.19999999995,647817.44,470.0
GM Financial Automobile Leasing Trust 2026-1,2026-04-30,98,28,747979.0,954911.6400000001,0.0
GM Financial Automobile Leasing Trust 2026-1,2026-05-31,1,243,6547968.15,9120381.09,0.0
GM Financial Automobile Leasing Trust 2026-1,2026-05-31,2,37,1116247.0,842299.61,1072.0
GM Financial Automobile Leasing Trust 2026-1,2026-05-31,3,17,458526.0,481807.5,0.0
GM Financial Automobile Leasing Trust 2026-1,2026-05-31,98,20,533452.2,560446.25,0.0
GM Financial Automobile Leasing Trust 2026-1,2026-06-30,1,283,7389341.8100000005,10135219.32,0.0
GM Financial Automobile Leasing Trust 2026-1,2026-06-30,2,54,1523704.0,197892.52000000002,0.0
GM Financial Automobile Leasing Trust 2026-1,2026-06-30,3,13,387658.0,0.0,0.0
GM Financial Automobile Leasing Trust 2026-1,2026-06-30,98,30,740071.6,486241.36999999994,0.0
GM Financial Automobile Leasing Trust 2026-2,2026-04-30,1,191,5458627.84,7991095.080000001,0.0
GM Financial Automobile Leasing Trust 2026-2,2026-04-30,2,5,139239.0,144089.83000000002,0.0
GM Financial Automobile Leasing Trust 2026-2,2026-04-30,3,11,319668.2,413012.94,267.24
GM Financial Automobile Leasing Trust 2026-2,2026-04-30,98,28,697878.4,882610.9499999998,0.0
GM Financial Automobile Leasing Trust 2026-2,2026-05-31,1,184,5004039.319999999,7417659.33,0.0
GM Financial Automobile Leasing Trust 2026-2,2026-05-31,2,21,643505.0,380568.99,462.6
GM Financial Automobile Leasing Trust 2026-2,2026-05-31,3,13,296912.75,272898.01,0.0
GM Financial Automobile Leasing Trust 2026-2,2026-05-31,98,29,611818.55,775381.0299999999,0.0
GM Financial Automobile Leasing Trust 2026-2,2026-06-30,1,219,6181954.550000001,8922176.18,0.0
GM Financial Automobile Leasing Trust 2026-2,2026-06-30,2,35,1060710.0,188604.03999999998,0.0
GM Financial Automobile Leasing Trust 2026-2,2026-06-30,3,21,546034.8,27890.0,0.0
GM Financial Automobile Leasing Trust 2026-2,2026-06-30,98,28,735996.45,642371.5199999999,0.0
