issuer_code,vintage_year,fico_low,new_used,loan_age_months,period_co_amt,orig_pool_amt,cumulative_co_amt,cumulative_loss_rate
BLAST,2023,350,2,25,21796.57000000,70063.56000000,21796.57000000,0.31109710
BLAST,2023,360,2,13,24706.43000000,288914.61000000,24706.43000000,0.08551464
BLAST,2023,360,2,14,28803.07000000,288914.61000000,53509.50000000,0.18520870
BLAST,2023,360,2,23,25513.49000000,288914.61000000,79022.99000000,0.27351677
BLAST,2023,370,2,2,23546.77000000,426590.84000000,23546.77000000,0.05519755
BLAST,2023,370,2,7,20985.97000000,426590.84000000,44532.74000000,0.10439216
BLAST,2023,370,2,20,26866.20000000,426590.84000000,71398.94000000,0.16737101
BLAST,2023,370,2,21,21879.24000000,426590.84000000,93278.18000000,0.21865959
BLAST,2023,370,2,23,25808.15000000,426590.84000000,119086.33000000,0.27915820
BLAST,2023,370,2,28,13279.95000000,426590.84000000,132366.28000000,0.31028861
BLAST,2023,380,2,5,28916.51000000,1486112.57000000,28916.51000000,0.01945782
BLAST,2023,380,2,6,26008.16000000,1486112.57000000,54924.67000000,0.03695862
BLAST,2023,380,2,8,46308.42000000,1486112.57000000,101233.09000000,0.06811940
BLAST,2023,380,2,9,17827.92000000,1486112.57000000,119061.01000000,0.08011574
BLAST,2023,380,2,10,68124.08000000,1486112.57000000,187185.09000000,0.12595620
BLAST,2023,380,2,11,38519.70000000,1486112.57000000,225704.79000000,0.15187597
BLAST,2023,380,2,12,86237.04000000,1486112.57000000,311941.83000000,0.20990458
BLAST,2023,380,2,14,25891.10000000,1486112.57000000,337832.93000000,0.22732661
BLAST,2023,380,2,16,52417.66000000,1486112.57000000,390250.59000000,0.26259827
BLAST,2023,380,2,17,50125.29000000,1486112.57000000,440375.88000000,0.29632740
BLAST,2023,380,2,19,40745.67000000,1486112.57000000,481121.55000000,0.32374502
BLAST,2023,380,2,20,71925.24000000,1486112.57000000,553046.79000000,0.37214327
BLAST,2023,380,2,22,17885.41000000,1486112.57000000,570932.20000000,0.38417830
BLAST,2023,380,2,24,21674.49000000,1486112.57000000,592606.69000000,0.39876299
BLAST,2023,380,2,25,39325.25000000,1486112.57000000,631931.94000000,0.42522481
BLAST,2023,380,2,26,28559.21000000,1486112.57000000,660491.15000000,0.44444221
BLAST,2023,390,2,3,25160.48000000,2559067.97000000,25160.48000000,0.00983189
BLAST,2023,390,2,4,43040.68000000,2559067.97000000,68201.16000000,0.02665078
BLAST,2023,390,2,5,46772.09000000,2559067.97000000,114973.25000000,0.04492778
BLAST,2023,390,2,6,42529.54000000,2559067.97000000,157502.79000000,0.06154693
BLAST,2023,390,2,7,31876.51000000,2559067.97000000,189379.30000000,0.07400323
BLAST,2023,390,2,8,22881.57000000,2559067.97000000,212260.87000000,0.08294460
BLAST,2023,390,2,9,48672.35000000,2559067.97000000,260933.22000000,0.10196416
BLAST,2023,390,2,10,0.00000000,2559067.97000000,260933.22000000,0.10196416
BLAST,2023,390,2,11,45424.03000000,2559067.97000000,306357.25000000,0.11971439
BLAST,2023,390,2,12,21961.70000000,2559067.97000000,328318.95000000,0.12829630
BLAST,2023,390,2,14,109304.61000000,2559067.97000000,437623.56000000,0.17100896
BLAST,2023,390,2,16,70488.77000000,2559067.97000000,508112.33000000,0.19855367
BLAST,2023,390,2,17,91443.71000000,2559067.97000000,599556.04000000,0.23428688
BLAST,2023,390,2,19,63501.17000000,2559067.97000000,663057.21000000,0.25910105
BLAST,2023,390,2,21,41499.66000000,2559067.97000000,704556.87000000,0.27531776
BLAST,2023,390,2,22,96509.05000000,2559067.97000000,801065.92000000,0.31303034
BLAST,2023,390,2,23,22200.58000000,2559067.97000000,823266.50000000,0.32170560
BLAST,2023,390,2,24,22938.67000000,2559067.97000000,846205.17000000,0.33066928
BLAST,2023,390,2,25,39710.86000000,2559067.97000000,885916.03000000,0.34618699
BLAST,2023,390,2,26,12994.11000000,2559067.97000000,898910.14000000,0.35126466
BLAST,2023,390,2,27,33752.41000000,2559067.97000000,932662.55000000,0.36445400
BLAST,2023,390,2,28,65488.11000000,2559067.97000000,998150.66000000,0.39004461
BLAST,2023,400,2,3,51328.66000000,4483475.81000000,51328.66000000,0.01144841
BLAST,2023,400,2,4,23149.29000000,4483475.81000000,74477.95000000,0.01661165
BLAST,2023,400,2,5,55573.02000000,4483475.81000000,130050.97000000,0.02900673
BLAST,2023,400,2,6,19152.08000000,4483475.81000000,149203.05000000,0.03327843
BLAST,2023,400,2,7,51127.10000000,4483475.81000000,200330.15000000,0.04468188
BLAST,2023,400,2,8,122659.70000000,4483475.81000000,322989.85000000,0.07204006
BLAST,2023,400,2,9,70249.53000000,4483475.81000000,393239.38000000,0.08770860
BLAST,2023,400,2,10,129403.06000000,4483475.81000000,522642.44000000,0.11657082
BLAST,2023,400,2,11,94435.46000000,4483475.81000000,617077.90000000,0.13763382
BLAST,2023,400,2,12,43802.60000000,4483475.81000000,660880.50000000,0.14740361
BLAST,2023,400,2,13,62475.51000000,4483475.81000000,723356.01000000,0.16133822
BLAST,2023,400,2,14,56246.55000000,4483475.81000000,779602.56000000,0.17388352
BLAST,2023,400,2,15,48345.11000000,4483475.81000000,827947.67000000,0.18466647
BLAST,2023,400,2,16,79756.67000000,4483475.81000000,907704.34000000,0.20245550
BLAST,2023,400,2,17,130448.64000000,4483475.81000000,1038152.98000000,0.23155093
BLAST,2023,400,2,18,143290.94000000,4483475.81000000,1181443.92000000,0.26351072
BLAST,2023,400,2,19,17895.36000000,4483475.81000000,1199339.28000000,0.26750212
BLAST,2023,400,2,20,106891.97000000,4483475.81000000,1306231.25000000,0.29134344
BLAST,2023,400,2,21,57353.95000000,4483475.81000000,1363585.20000000,0.30413573
BLAST,2023,400,2,22,74574.56000000,4483475.81000000,1438159.76000000,0.32076893
BLAST,2023,400,2,23,87842.11000000,4483475.81000000,1526001.87000000,0.34036135
BLAST,2023,400,2,24,76909.79000000,4483475.81000000,1602911.66000000,0.35751540
BLAST,2023,400,2,25,61448.16000000,4483475.81000000,1664359.82000000,0.37122088
BLAST,2023,400,2,26,73031.95000000,4483475.81000000,1737391.77000000,0.38751001
BLAST,2023,400,2,27,18322.81000000,4483475.81000000,1755714.58000000,0.39159676
BLAST,2023,400,2,29,61889.12000000,4483475.81000000,1817603.70000000,0.40540058
BLAST,2023,410,2,2,23687.19000000,8369577.65000000,23687.19000000,0.00283015
BLAST,2023,410,2,3,43712.72000000,8369577.65000000,67399.91000000,0.00805296
BLAST,2023,410,2,4,67929.40000000,8369577.65000000,135329.31000000,0.01616919
BLAST,2023,410,2,5,138320.86000000,8369577.65000000,273650.17000000,0.03269582
BLAST,2023,410,2,6,305063.94000000,8369577.65000000,578714.11000000,0.06914496
BLAST,2023,410,2,7,312574.27000000,8369577.65000000,891288.38000000,0.10649144
BLAST,2023,410,2,8,169662.66000000,8369577.65000000,1060951.04000000,0.12676279
BLAST,2023,410,2,9,202202.86000000,8369577.65000000,1263153.90000000,0.15092206
BLAST,2023,410,2,10,147677.98000000,8369577.65000000,1410831.88000000,0.16856668
BLAST,2023,410,2,11,139991.25000000,8369577.65000000,1550823.13000000,0.18529288
BLAST,2023,410,2,12,63174.42000000,8369577.65000000,1613997.55000000,0.19284098
BLAST,2023,410,2,13,191834.66000000,8369577.65000000,1805832.21000000,0.21576145
BLAST,2023,410,2,14,104917.16000000,8369577.65000000,1910749.37000000,0.22829699
BLAST,2023,410,2,15,61957.92000000,8369577.65000000,1972707.29000000,0.23569974
BLAST,2023,410,2,16,243417.41000000,8369577.65000000,2216124.70000000,0.26478334
BLAST,2023,410,2,17,57604.84000000,8369577.65000000,2273729.54000000,0.27166598
BLAST,2023,410,2,18,137630.12000000,8369577.65000000,2411359.66000000,0.28811008
BLAST,2023,410,2,19,102338.48000000,8369577.65000000,2513698.14000000,0.30033751
BLAST,2023,410,2,20,110408.36000000,8369577.65000000,2624106.50000000,0.31352914
BLAST,2023,410,2,21,108781.30000000,8369577.65000000,2732887.80000000,0.32652637
BLAST,2023,410,2,22,153465.30000000,8369577.65000000,2886353.10000000,0.34486246
BLAST,2023,410,2,23,60636.18000000,8369577.65000000,2946989.28000000,0.35210729
BLAST,2023,410,2,24,130908.14000000,8369577.65000000,3077897.42000000,0.36774824
BLAST,2023,410,2,25,101312.74000000,8369577.65000000,3179210.16000000,0.37985312
BLAST,2023,410,2,26,69408.31000000,8369577.65000000,3248618.47000000,0.38814605
BLAST,2023,410,2,27,18718.10000000,8369577.65000000,3267336.57000000,0.39038249
BLAST,2023,410,2,29,35106.69000000,8369577.65000000,3302443.26000000,0.39457705
BLAST,2023,420,2,1,24300.67000000,14664515.51000001,24300.67000000,0.00165711
BLAST,2023,420,2,3,129502.88000000,14664515.51000001,153803.55000000,0.01048814
BLAST,2023,420,2,4,235715.58000000,14664515.51000001,389519.13000000,0.02656202
BLAST,2023,420,2,5,250731.28000000,14664515.51000001,640250.41000000,0.04365984
BLAST,2023,420,2,6,214912.90000000,14664515.51000001,855163.31000000,0.05831514
BLAST,2023,420,2,7,269436.27000000,14664515.51000001,1124599.58000000,0.07668849
BLAST,2023,420,2,8,129914.70000000,14664515.51000001,1254514.28000000,0.08554761
BLAST,2023,420,2,9,222807.17000000,14664515.51000001,1477321.45000000,0.10074124
BLAST,2023,420,2,10,281196.47000000,14664515.51000001,1758517.92000000,0.11991654
BLAST,2023,420,2,11,235522.51000000,14664515.51000001,1994040.43000000,0.13597725
BLAST,2023,420,2,12,314271.70000000,14664515.51000001,2308312.13000000,0.15740800
BLAST,2023,420,2,13,166234.60000000,14664515.51000001,2474546.73000000,0.16874384
BLAST,2023,420,2,14,252716.42000000,14664515.51000001,2727263.15000000,0.18597704
BLAST,2023,420,2,15,263972.79000000,14664515.51000001,2991235.94000000,0.20397782
BLAST,2023,420,2,16,206667.05000000,14664515.51000001,3197902.99000000,0.21807082
BLAST,2023,420,2,17,209172.47000000,14664515.51000001,3407075.46000000,0.23233468
BLAST,2023,420,2,18,192334.51000000,14664515.51000001,3599409.97000000,0.24545032
BLAST,2023,420,2,19,308256.90000000,14664515.51000001,3907666.87000000,0.26647092
BLAST,2023,420,2,20,293035.67000000,14664515.51000001,4200702.54000000,0.28645355
BLAST,2023,420,2,21,109008.33000000,14664515.51000001,4309710.87000000,0.29388703
BLAST,2023,420,2,22,227952.81000000,14664515.51000001,4537663.68000000,0.30943154
BLAST,2023,420,2,23,257058.61000000,14664515.51000001,4794722.29000000,0.32696084
BLAST,2023,420,2,24,316450.53000000,14664515.51000001,5111172.82000000,0.34854018
BLAST,2023,420,2,25,116102.86000000,14664515.51000001,5227275.68000000,0.35645744
BLAST,2023,420,2,26,224284.71000000,14664515.51000001,5451560.39000000,0.37175182
BLAST,2023,420,2,27,55811.53000000,14664515.51000001,5507371.92000000,0.37555771
BLAST,2023,420,2,29,92190.17000000,14664515.51000001,5599562.09000000,0.38184433
BLAST,2023,430,2,2,24017.96000000,20138318.55000001,24017.96000000,0.00119265
BLAST,2023,430,2,3,67909.95000000,20138318.55000001,91927.91000000,0.00456483
BLAST,2023,430,2,4,174496.92000000,20138318.55000001,266424.83000000,0.01322975
BLAST,2023,430,2,5,203321.64000000,20138318.55000001,469746.47000000,0.02332600
BLAST,2023,430,2,6,284555.54000000,20138318.55000001,754302.01000000,0.03745606
BLAST,2023,430,2,7,399358.75000000,20138318.55000001,1153660.76000000,0.05728685
BLAST,2023,430,2,8,297144.10000000,20138318.55000001,1450804.86000000,0.07204201
BLAST,2023,430,2,9,359982.42000000,20138318.55000001,1810787.28000000,0.08991750
BLAST,2023,430,2,10,351795.01000000,20138318.55000001,2162582.29000000,0.10738644
BLAST,2023,430,2,11,393907.59000000,20138318.55000001,2556489.88000000,0.12694654
BLAST,2023,430,2,12,292670.03000000,20138318.55000001,2849159.91000000,0.14147953
BLAST,2023,430,2,13,282412.54000000,20138318.55000001,3131572.45000000,0.15550317
BLAST,2023,430,2,14,259953.96000000,20138318.55000001,3391526.41000000,0.16841160
BLAST,2023,430,2,15,358834.70000000,20138318.55000001,3750361.11000000,0.18623010
BLAST,2023,430,2,16,337624.42000000,20138318.55000001,4087985.53000000,0.20299538
BLAST,2023,430,2,17,165134.34000000,20138318.55000001,4253119.87000000,0.21119538
BLAST,2023,430,2,18,221789.72000000,20138318.55000001,4474909.59000000,0.22220870
BLAST,2023,430,2,19,326210.51000000,20138318.55000001,4801120.10000000,0.23840720
BLAST,2023,430,2,20,324551.22000000,20138318.55000001,5125671.32000000,0.25452330
BLAST,2023,430,2,21,300609.86000000,20138318.55000001,5426281.18000000,0.26945056
BLAST,2023,430,2,22,284157.08000000,20138318.55000001,5710438.26000000,0.28356083
BLAST,2023,430,2,23,115743.54000000,20138318.55000001,5826181.80000000,0.28930826
BLAST,2023,430,2,24,299071.22000000,20138318.55000001,6125253.02000000,0.30415911
BLAST,2023,430,2,25,416205.14000000,20138318.55000001,6541458.16000000,0.32482643
BLAST,2023,430,2,26,321809.34000000,20138318.55000001,6863267.50000000,0.34080638
BLAST,2023,430,2,27,131776.50000000,20138318.55000001,6995044.00000000,0.34734995
BLAST,2023,430,2,28,53489.05000000,20138318.55000001,7048533.05000000,0.35000604
BLAST,2023,430,2,29,114803.34000000,20138318.55000001,7163336.39000000,0.35570678
BLAST,2023,440,2,1,50310.50000000,26977307.99999994,50310.50000000,0.00186492
BLAST,2023,440,2,2,45000.40000000,26977307.99999994,95310.90000000,0.00353300
BLAST,2023,440,2,3,226105.47000000,26977307.99999994,321416.37000000,0.01191432
BLAST,2023,440,2,4,354076.02000000,26977307.99999994,675492.39000000,0.02503928
BLAST,2023,440,2,5,454576.39000000,26977307.99999994,1130068.78000000,0.04188961
BLAST,2023,440,2,6,445486.57000000,26977307.99999994,1575555.35000000,0.05840299
BLAST,2023,440,2,7,538092.21000000,26977307.99999994,2113647.56000000,0.07834909
BLAST,2023,440,2,8,421977.46000000,26977307.99999994,2535625.02000000,0.09399103
BLAST,2023,440,2,9,696443.96000000,26977307.99999994,3232068.98000000,0.11980695
BLAST,2023,440,2,10,344026.73000000,26977307.99999994,3576095.71000000,0.13255940
BLAST,2023,440,2,11,376210.15000000,26977307.99999994,3952305.86000000,0.14650483
BLAST,2023,440,2,12,606837.96000000,26977307.99999994,4559143.82000000,0.16899921
BLAST,2023,440,2,13,458566.30000000,26977307.99999994,5017710.12000000,0.18599744
BLAST,2023,440,2,14,401163.31000000,26977307.99999994,5418873.43000000,0.20086783
BLAST,2023,440,2,15,517532.70000000,26977307.99999994,5936406.13000000,0.22005184
BLAST,2023,440,2,16,341273.56000000,26977307.99999994,6277679.69000000,0.23270223
BLAST,2023,440,2,17,398857.90000000,26977307.99999994,6676537.59000000,0.24748717
BLAST,2023,440,2,18,541971.33000000,26977307.99999994,7218508.92000000,0.26757707
BLAST,2023,440,2,19,560488.98000000,26977307.99999994,7778997.90000000,0.28835338
BLAST,2023,440,2,20,422485.58000000,26977307.99999994,8201483.48000000,0.30401415
BLAST,2023,440,2,21,305968.28000000,26977307.99999994,8507451.76000000,0.31535584
BLAST,2023,440,2,22,557793.61000000,26977307.99999994,9065245.37000000,0.33603224
BLAST,2023,440,2,23,270193.74000000,26977307.99999994,9335439.11000000,0.34604784
BLAST,2023,440,2,24,366119.72000000,26977307.99999994,9701558.83000000,0.35961923
BLAST,2023,440,2,25,424509.29000000,26977307.99999994,10126068.12000000,0.37535503
BLAST,2023,440,2,26,401071.61000000,26977307.99999994,10527139.73000000,0.39022202
BLAST,2023,440,2,27,167788.85000000,26977307.99999994,10694928.58000000,0.39644165
BLAST,2023,440,2,28,187574.04000000,26977307.99999994,10882502.62000000,0.40339468
BLAST,2023,440,2,29,122862.52000000,26977307.99999994,11005365.14000000,0.40794897
BLAST,2023,450,2,2,115244.52000000,34615113.84999999,115244.52000000,0.00332931
BLAST,2023,450,2,3,317354.18000000,34615113.84999999,432598.70000000,0.01249739
BLAST,2023,450,2,4,475312.59000000,34615113.84999999,907911.29000000,0.02622875
BLAST,2023,450,2,5,499626.13000000,34615113.84999999,1407537.42000000,0.04066251
BLAST,2023,450,2,6,500765.26000000,34615113.84999999,1908302.68000000,0.05512918
BLAST,2023,450,2,7,865183.42000000,34615113.84999999,2773486.10000000,0.08012356
BLAST,2023,450,2,8,609752.99000000,34615113.84999999,3383239.09000000,0.09773878
BLAST,2023,450,2,9,690018.94000000,34615113.84999999,4073258.03000000,0.11767282
BLAST,2023,450,2,10,627373.49000000,34615113.84999999,4700631.52000000,0.13579708
BLAST,2023,450,2,11,406515.26000000,34615113.84999999,5107146.78000000,0.14754095
BLAST,2023,450,2,12,691840.11000000,34615113.84999999,5798986.89000000,0.16752760
BLAST,2023,450,2,13,401843.86000000,34615113.84999999,6200830.75000000,0.17913651
BLAST,2023,450,2,14,617272.71000000,34615113.84999999,6818103.46000000,0.19696897
BLAST,2023,450,2,15,508485.04000000,34615113.84999999,7326588.50000000,0.21165866
BLAST,2023,450,2,16,628909.53000000,34615113.84999999,7955498.03000000,0.22982730
BLAST,2023,450,2,17,409917.11000000,34615113.84999999,8365415.14000000,0.24166944
BLAST,2023,450,2,18,494697.53000000,34615113.84999999,8860112.67000000,0.25596081
BLAST,2023,450,2,19,603284.04000000,34615113.84999999,9463396.71000000,0.27338915
BLAST,2023,450,2,20,679518.61000000,34615113.84999999,10142915.32000000,0.29301985
BLAST,2023,450,2,21,413778.86000000,34615113.84999999,10556694.18000000,0.30497355
BLAST,2023,450,2,22,709683.51000000,34615113.84999999,11266377.69000000,0.32547568
BLAST,2023,450,2,23,471446.22000000,34615113.84999999,11737823.91000000,0.33909534
BLAST,2023,450,2,24,385490.08000000,34615113.84999999,12123313.99000000,0.35023181
BLAST,2023,450,2,25,495819.39000000,34615113.84999999,12619133.38000000,0.36455559
BLAST,2023,450,2,26,404726.50000000,34615113.84999999,13023859.88000000,0.37624778
BLAST,2023,450,2,27,214496.68000000,34615113.84999999,13238356.56000000,0.38244440
BLAST,2023,450,2,28,163337.01000000,34615113.84999999,13401693.57000000,0.38716306
BLAST,2023,450,2,29,149471.44000000,34615113.84999999,13551165.01000000,0.39148116
BLAST,2023,460,1,11,21406.07000000,22962.00000000,21406.07000000,0.93223892
BLAST,2023,460,2,2,107726.41000000,43204223.26000010,107726.41000000,0.00249342
BLAST,2023,460,2,3,212588.99000000,43204223.26000010,320315.40000000,0.00741398
BLAST,2023,460,2,4,366750.36000000,43204223.26000010,687065.76000000,0.01590275
BLAST,2023,460,2,5,637577.44000000,43204223.26000010,1324643.20000000,0.03066004
BLAST,2023,460,2,6,707042.75000000,43204223.26000010,2031685.95000000,0.04702517
BLAST,2023,460,2,7,599174.84000000,43204223.26000010,2630860.79000000,0.06089360
BLAST,2023,460,2,8,823338.46000000,43204223.26000010,3454199.25000000,0.07995050
BLAST,2023,460,2,9,981740.32000000,43204223.26000010,4435939.57000000,0.10267375
BLAST,2023,460,2,10,752922.69000000,43204223.26000010,5188862.26000000,0.12010081
BLAST,2023,460,2,11,780307.42000000,43204223.26000010,5969169.68000000,0.13816172
BLAST,2023,460,2,12,702530.12000000,43204223.26000010,6671699.80000000,0.15442240
BLAST,2023,460,2,13,628894.39000000,43204223.26000010,7300594.19000000,0.16897872
BLAST,2023,460,2,14,922194.45000000,43204223.26000010,8222788.64000000,0.19032372
BLAST,2023,460,2,15,733813.34000000,43204223.26000010,8956601.98000000,0.20730848
BLAST,2023,460,2,16,806340.25000000,43204223.26000010,9762942.23000000,0.22597194
BLAST,2023,460,2,17,726041.69000000,43204223.26000010,10488983.92000000,0.24277682
BLAST,2023,460,2,18,791623.70000000,43204223.26000010,11280607.62000000,0.26109965
BLAST,2023,460,2,19,538281.60000000,43204223.26000010,11818889.22000000,0.27355866
BLAST,2023,460,2,20,423512.71000000,43204223.26000010,12242401.93000000,0.28336123
BLAST,2023,460,2,21,858879.66000000,43204223.26000010,13101281.59000000,0.30324076
BLAST,2023,460,2,22,518199.15000000,43204223.26000010,13619480.74000000,0.31523494
BLAST,2023,460,2,23,534981.22000000,43204223.26000010,14154461.96000000,0.32761755
BLAST,2023,460,2,24,679305.16000000,43204223.26000010,14833767.12000000,0.34334067
BLAST,2023,460,2,25,514669.60000000,43204223.26000010,15348436.72000000,0.35525316
BLAST,2023,460,2,26,493657.07000000,43204223.26000010,15842093.79000000,0.36667929
BLAST,2023,460,2,27,205090.15000000,43204223.26000010,16047183.94000000,0.37142628
BLAST,2023,460,2,28,314100.97000000,43204223.26000010,16361284.91000000,0.37869643
BLAST,2023,460,2,29,298516.33000000,43204223.26000010,16659801.24000000,0.38560585
BLAST,2023,470,2,1,21021.99000000,54050669.66000008,21021.99000000,0.00038893
BLAST,2023,470,2,2,62635.54000000,54050669.66000008,83657.53000000,0.00154776
BLAST,2023,470,2,3,373785.06000000,54050669.66000008,457442.59000000,0.00846322
BLAST,2023,470,2,4,677671.00000000,54050669.66000008,1135113.59000000,0.02100092
BLAST,2023,470,2,5,627941.45000000,54050669.66000008,1763055.04000000,0.03261856
BLAST,2023,470,2,6,864973.61000000,54050669.66000008,2628028.65000000,0.04862157
BLAST,2023,470,2,7,604061.13000000,54050669.66000008,3232089.78000000,0.05979740
BLAST,2023,470,2,8,748754.28000000,54050669.66000008,3980844.06000000,0.07365023
BLAST,2023,470,2,9,1110893.64000000,54050669.66000008,5091737.70000000,0.09420305
BLAST,2023,470,2,10,984278.68000000,54050669.66000008,6076016.38000000,0.11241334
BLAST,2023,470,2,11,878978.99000000,54050669.66000008,6954995.37000000,0.12867547
BLAST,2023,470,2,12,880719.22000000,54050669.66000008,7835714.59000000,0.14496980
BLAST,2023,470,2,13,1102637.48000000,54050669.66000008,8938352.07000000,0.16536987
BLAST,2023,470,2,14,841585.09000000,54050669.66000008,9779937.16000000,0.18094017
BLAST,2023,470,2,15,641880.55000000,54050669.66000008,10421817.71000000,0.19281570
BLAST,2023,470,2,16,987657.87000000,54050669.66000008,11409475.58000000,0.21108851
BLAST,2023,470,2,17,754628.00000000,54050669.66000008,12164103.58000000,0.22505001
BLAST,2023,470,2,18,678879.44000000,54050669.66000008,12842983.02000000,0.23761006
BLAST,2023,470,2,19,801100.42000000,54050669.66000008,13644083.44000000,0.25243135
BLAST,2023,470,2,20,771504.67000000,54050669.66000008,14415588.11000000,0.26670508
BLAST,2023,470,2,21,1065782.70000000,54050669.66000008,15481370.81000000,0.28642329
BLAST,2023,470,2,22,819786.90000000,54050669.66000008,16301157.71000000,0.30159030
BLAST,2023,470,2,23,795772.73000000,54050669.66000008,17096930.44000000,0.31631302
BLAST,2023,470,2,24,823961.29000000,54050669.66000008,17920891.73000000,0.33155726
BLAST,2023,470,2,25,709279.20000000,54050669.66000008,18630170.93000000,0.34467974
BLAST,2023,470,2,26,818828.14000000,54050669.66000008,19448999.07000000,0.35982901
BLAST,2023,470,2,27,250531.61000000,54050669.66000008,19699530.68000000,0.36446414
BLAST,2023,470,2,28,538134.40000000,54050669.66000008,20237665.08000000,0.37442025
BLAST,2023,470,2,29,256191.66000000,54050669.66000008,20493856.74000000,0.37916009
BLAST,2023,480,2,1,40308.74000000,57921129.44000034,40308.74000000,0.00069592
BLAST,2023,480,2,2,92083.64000000,57921129.44000034,132392.38000000,0.00228574
BLAST,2023,480,2,3,599739.56000000,57921129.44000034,732131.94000000,0.01264015
BLAST,2023,480,2,4,730780.24000000,57921129.44000034,1462912.18000000,0.02525697
BLAST,2023,480,2,5,773902.69000000,57921129.44000034,2236814.87000000,0.03861829
BLAST,2023,480,2,6,766892.64000000,57921129.44000034,3003707.51000000,0.05185858
BLAST,2023,480,2,7,1275498.35000000,57921129.44000034,4279205.86000000,0.07387988
BLAST,2023,480,2,8,1314872.74000000,57921129.44000034,5594078.60000000,0.09658097
BLAST,2023,480,2,9,805118.62000000,57921129.44000034,6399197.22000000,0.11048122
BLAST,2023,480,2,10,840744.72000000,57921129.44000034,7239941.94000000,0.12499656
BLAST,2023,480,2,11,763503.82000000,57921129.44000034,8003445.76000000,0.13817834
BLAST,2023,480,2,12,1011397.02000000,57921129.44000034,9014842.78000000,0.15563997
BLAST,2023,480,2,13,906782.83000000,57921129.44000034,9921625.61000000,0.17129544
BLAST,2023,480,2,14,881661.77000000,57921129.44000034,10803287.38000000,0.18651721
BLAST,2023,480,2,15,1031392.68000000,57921129.44000034,11834680.06000000,0.20432406
BLAST,2023,480,2,16,996358.95000000,57921129.44000034,12831039.01000000,0.22152605
BLAST,2023,480,2,17,783932.19000000,57921129.44000034,13614971.20000000,0.23506053
BLAST,2023,480,2,18,1054735.14000000,57921129.44000034,14669706.34000000,0.25327038
BLAST,2023,480,2,19,983795.34000000,57921129.44000034,15653501.68000000,0.27025546
BLAST,2023,480,2,20,933699.95000000,57921129.44000034,16587201.63000000,0.28637566
BLAST,2023,480,2,21,626629.16000000,57921129.44000034,17213830.79000000,0.29719432
BLAST,2023,480,2,22,981597.67000000,57921129.44000034,18195428.46000000,0.31414147
BLAST,2023,480,2,23,804954.09000000,57921129.44000034,19000382.55000000,0.32803888
BLAST,2023,480,2,24,751703.08000000,57921129.44000034,19752085.63000000,0.34101693
BLAST,2023,480,2,25,649989.62000000,57921129.44000034,20402075.25000000,0.35223891
BLAST,2023,480,2,26,837062.05000000,57921129.44000034,21239137.30000000,0.36669066
BLAST,2023,480,2,27,365905.02000000,57921129.44000034,21605042.32000000,0.37300796
BLAST,2023,480,2,28,342418.39000000,57921129.44000034,21947460.71000000,0.37891976
BLAST,2023,480,2,29,243312.03000000,57921129.44000034,22190772.74000000,0.38312051
BLAST,2023,490,2,1,54203.19000000,62666378.05000020,54203.19000000,0.00086495
BLAST,2023,490,2,2,186896.96000000,62666378.05000020,241100.15000000,0.00384736
BLAST,2023,490,2,3,410262.44000000,62666378.05000020,651362.59000000,0.01039413
BLAST,2023,490,2,4,722908.02000000,62666378.05000020,1374270.61000000,0.02192995
BLAST,2023,490,2,5,738867.07000000,62666378.05000020,2113137.68000000,0.03372044
BLAST,2023,490,2,6,906207.16000000,62666378.05000020,3019344.84000000,0.04818126
BLAST,2023,490,2,7,1132977.42000000,62666378.05000020,4152322.26000000,0.06626077
BLAST,2023,490,2,8,1243611.53000000,62666378.05000020,5395933.79000000,0.08610572
BLAST,2023,490,2,9,848741.61000000,62666378.05000020,6244675.40000000,0.09964953
BLAST,2023,490,2,10,784228.97000000,62666378.05000020,7028904.37000000,0.11216388
BLAST,2023,490,2,11,884548.66000000,62666378.05000020,7913453.03000000,0.12627909
BLAST,2023,490,2,12,879845.79000000,62666378.05000020,8793298.82000000,0.14031924
BLAST,2023,490,2,13,961203.29000000,62666378.05000020,9754502.11000000,0.15565767
BLAST,2023,490,2,14,911325.13000000,62666378.05000020,10665827.24000000,0.17020015
BLAST,2023,490,2,15,967856.39000000,62666378.05000020,11633683.63000000,0.18564474
BLAST,2023,490,2,16,981309.68000000,62666378.05000020,12614993.31000000,0.20130401
BLAST,2023,490,2,17,1195136.83000000,62666378.05000020,13810130.14000000,0.22037543
BLAST,2023,490,2,18,969646.93000000,62666378.05000020,14779777.07000000,0.23584859
BLAST,2023,490,2,19,770082.09000000,62666378.05000020,15549859.16000000,0.24813719
BLAST,2023,490,2,20,1207962.96000000,62666378.05000020,16757822.12000000,0.26741329
BLAST,2023,490,2,21,514825.72000000,62666378.05000020,17272647.84000000,0.27562863
BLAST,2023,490,2,22,775015.71000000,62666378.05000020,18047663.55000000,0.28799596
BLAST,2023,490,2,23,930373.01000000,62666378.05000020,18978036.56000000,0.30284240
BLAST,2023,490,2,24,734635.68000000,62666378.05000020,19712672.24000000,0.31456537
BLAST,2023,490,2,25,829740.66000000,62666378.05000020,20542412.90000000,0.32780597
BLAST,2023,490,2,26,537884.22000000,62666378.05000020,21080297.12000000,0.33638927
BLAST,2023,490,2,27,394232.40000000,62666378.05000020,21474529.52000000,0.34268024
BLAST,2023,490,2,28,522170.96000000,62666378.05000020,21996700.48000000,0.35101279
BLAST,2023,490,2,29,274649.35000000,62666378.05000020,22271349.83000000,0.35539552
BLAST,2023,500,1,25,23476.02000000,54556.04000000,23476.02000000,0.43031019
BLAST,2023,500,2,1,22787.98000000,67252703.29000039,22787.98000000,0.00033884
BLAST,2023,500,2,2,172462.97000000,67252703.29000039,195250.95000000,0.00290324
BLAST,2023,500,2,3,858285.72000000,67252703.29000039,1053536.67000000,0.01566534
BLAST,2023,500,2,4,799714.04000000,67252703.29000039,1853250.71000000,0.02755652
BLAST,2023,500,2,5,822456.66000000,67252703.29000039,2675707.37000000,0.03978587
BLAST,2023,500,2,6,884502.74000000,67252703.29000039,3560210.11000000,0.05293780
BLAST,2023,500,2,7,998635.84000000,67252703.29000039,4558845.95000000,0.06778681
BLAST,2023,500,2,8,1153200.96000000,67252703.29000039,5712046.91000000,0.08493409
BLAST,2023,500,2,9,949085.80000000,67252703.29000039,6661132.71000000,0.09904632
BLAST,2023,500,2,10,967819.61000000,67252703.29000039,7628952.32000000,0.11343711
BLAST,2023,500,2,11,994096.97000000,67252703.29000039,8623049.29000000,0.12821863
BLAST,2023,500,2,12,1231618.86000000,67252703.29000039,9854668.15000000,0.14653193
BLAST,2023,500,2,13,1084513.71000000,67252703.29000039,10939181.86000000,0.16265788
BLAST,2023,500,2,14,701526.45000000,67252703.29000039,11640708.31000000,0.17308908
BLAST,2023,500,2,15,860047.17000000,67252703.29000039,12500755.48000000,0.18587737
BLAST,2023,500,2,16,883530.52000000,67252703.29000039,13384286.00000000,0.19901484
BLAST,2023,500,2,17,833251.77000000,67252703.29000039,14217537.77000000,0.21140470
BLAST,2023,500,2,18,1253617.25000000,67252703.29000039,15471155.02000000,0.23004510
BLAST,2023,500,2,19,1012537.31000000,67252703.29000039,16483692.33000000,0.24510081
BLAST,2023,500,2,20,1171344.11000000,67252703.29000039,17655036.44000000,0.26251787
BLAST,2023,500,2,21,1000231.02000000,67252703.29000039,18655267.46000000,0.27739060
BLAST,2023,500,2,22,1037789.76000000,67252703.29000039,19693057.22000000,0.29282179
BLAST,2023,500,2,23,1114849.16000000,67252703.29000039,20807906.38000000,0.30939881
BLAST,2023,500,2,24,938128.16000000,67252703.29000039,21746034.54000000,0.32334811
BLAST,2023,500,2,25,1024134.83000000,67252703.29000039,22770169.37000000,0.33857627
BLAST,2023,500,2,26,693265.53000000,67252703.29000039,23463434.90000000,0.34888464
BLAST,2023,500,2,27,407999.09000000,67252703.29000039,23871433.99000000,0.35495129
BLAST,2023,500,2,28,507061.66000000,67252703.29000039,24378495.65000000,0.36249094
BLAST,2023,500,2,29,319020.71000000,67252703.29000039,24697516.36000000,0.36723455
BLAST,2023,510,1,10,20954.52000000,97619.70000000,20954.52000000,0.21465462
BLAST,2023,510,1,18,25787.07000000,97619.70000000,46741.59000000,0.47881309
BLAST,2023,510,2,1,47083.63000000,74048744.84000020,47083.63000000,0.00063585
BLAST,2023,510,2,2,87409.67000000,74048744.84000020,134493.30000000,0.00181628
BLAST,2023,510,2,3,552011.20000000,74048744.84000020,686504.50000000,0.00927098
BLAST,2023,510,2,4,885714.55000000,74048744.84000020,1572219.05000000,0.02123222
BLAST,2023,510,2,5,763120.51000000,74048744.84000020,2335339.56000000,0.03153787
BLAST,2023,510,2,6,1046586.37000000,74048744.84000020,3381925.93000000,0.04567162
BLAST,2023,510,2,7,1136069.21000000,74048744.84000020,4517995.14000000,0.06101380
BLAST,2023,510,2,8,1492881.46000000,74048744.84000020,6010876.60000000,0.08117459
BLAST,2023,510,2,9,936568.40000000,74048744.84000020,6947445.00000000,0.09382259
BLAST,2023,510,2,10,1130863.70000000,74048744.84000020,8078308.70000000,0.10909447
BLAST,2023,510,2,11,1334822.90000000,74048744.84000020,9413131.60000000,0.12712074
BLAST,2023,510,2,12,1223869.66000000,74048744.84000020,10637001.26000000,0.14364864
BLAST,2023,510,2,13,1510974.42000000,74048744.84000020,12147975.68000000,0.16405377
BLAST,2023,510,2,14,1257051.70000000,74048744.84000020,13405027.38000000,0.18102977
BLAST,2023,510,2,15,1292503.98000000,74048744.84000020,14697531.36000000,0.19848454
BLAST,2023,510,2,16,1079390.77000000,74048744.84000020,15776922.13000000,0.21306130
BLAST,2023,510,2,17,1226654.86000000,74048744.84000020,17003576.99000000,0.22962681
BLAST,2023,510,2,18,1328556.24000000,74048744.84000020,18332133.23000000,0.24756845
BLAST,2023,510,2,19,950726.72000000,74048744.84000020,19282859.95000000,0.26040765
BLAST,2023,510,2,20,1371584.02000000,74048744.84000020,20654443.97000000,0.27893037
BLAST,2023,510,2,21,1109218.50000000,74048744.84000020,21763662.47000000,0.29390994
BLAST,2023,510,2,22,1265690.69000000,74048744.84000020,23029353.16000000,0.31100261
BLAST,2023,510,2,23,907612.02000000,74048744.84000020,23936965.18000000,0.32325957
BLAST,2023,510,2,24,908509.98000000,74048744.84000020,24845475.16000000,0.33552865
BLAST,2023,510,2,25,799647.56000000,74048744.84000020,25645122.72000000,0.34632758
BLAST,2023,510,2,26,803948.18000000,74048744.84000020,26449070.90000000,0.35718459
BLAST,2023,510,2,27,516585.77000000,74048744.84000020,26965656.67000000,0.36416089
BLAST,2023,510,2,28,302837.05000000,74048744.84000020,27268493.72000000,0.36825059
BLAST,2023,510,2,29,226869.05000000,74048744.84000020,27495362.77000000,0.37131437
BLAST,2023,520,2,1,29247.48000000,69153882.27000013,29247.48000000,0.00042293
BLAST,2023,520,2,2,99434.00000000,69153882.27000013,128681.48000000,0.00186080
BLAST,2023,520,2,3,680486.32000000,69153882.27000013,809167.80000000,0.01170097
BLAST,2023,520,2,4,939852.29000000,69153882.27000013,1749020.09000000,0.02529171
BLAST,2023,520,2,5,981892.99000000,69153882.27000013,2730913.08000000,0.03949038
BLAST,2023,520,2,6,923746.93000000,69153882.27000013,3654660.01000000,0.05284823
BLAST,2023,520,2,7,912986.41000000,69153882.27000013,4567646.42000000,0.06605047
BLAST,2023,520,2,8,1509961.65000000,69153882.27000013,6077608.07000000,0.08788528
BLAST,2023,520,2,9,1355191.27000000,69153882.27000013,7432799.34000000,0.10748203
BLAST,2023,520,2,10,1147609.23000000,69153882.27000013,8580408.57000000,0.12407703
BLAST,2023,520,2,11,958960.20000000,69153882.27000013,9539368.77000000,0.13794408
BLAST,2023,520,2,12,1118221.19000000,69153882.27000013,10657589.96000000,0.15411412
BLAST,2023,520,2,13,1027745.59000000,69153882.27000013,11685335.55000000,0.16897584
BLAST,2023,520,2,14,898279.68000000,69153882.27000013,12583615.23000000,0.18196542
BLAST,2023,520,2,15,1175140.01000000,69153882.27000013,13758755.24000000,0.19895854
BLAST,2023,520,2,16,776227.44000000,69153882.27000013,14534982.68000000,0.21018318
BLAST,2023,520,2,17,843827.05000000,69153882.27000013,15378809.73000000,0.22238534
BLAST,2023,520,2,18,947394.09000000,69153882.27000013,16326203.82000000,0.23608514
BLAST,2023,520,2,19,978460.93000000,69153882.27000013,17304664.75000000,0.25023418
BLAST,2023,520,2,20,1085263.84000000,69153882.27000013,18389928.59000000,0.26592764
BLAST,2023,520,2,21,812845.23000000,69153882.27000013,19202773.82000000,0.27768179
BLAST,2023,520,2,22,1045322.54000000,69153882.27000013,20248096.36000000,0.29279768
BLAST,2023,520,2,23,845861.52000000,69153882.27000013,21093957.88000000,0.30502926
BLAST,2023,520,2,24,1041734.52000000,69153882.27000013,22135692.40000000,0.32009327
BLAST,2023,520,2,25,736264.06000000,69153882.27000013,22871956.46000000,0.33074002
BLAST,2023,520,2,26,766488.72000000,69153882.27000013,23638445.18000000,0.34182383
BLAST,2023,520,2,27,445824.60000000,69153882.27000013,24084269.78000000,0.34827068
BLAST,2023,520,2,28,587432.73000000,69153882.27000013,24671702.51000000,0.35676526
BLAST,2023,520,2,29,245578.03000000,69153882.27000013,24917280.54000000,0.36031644
BLAST,2023,530,2,1,49659.63000000,71270788.81000018,49659.63000000,0.00069677
BLAST,2023,530,2,2,157377.44000000,71270788.81000018,207037.07000000,0.00290494
BLAST,2023,530,2,3,535378.06000000,71270788.81000018,742415.13000000,0.01041682
BLAST,2023,530,2,4,885132.03000000,71270788.81000018,1627547.16000000,0.02283610
BLAST,2023,530,2,5,1128808.71000000,71270788.81000018,2756355.87000000,0.03867441
BLAST,2023,530,2,6,1190944.06000000,71270788.81000018,3947299.93000000,0.05538454
BLAST,2023,530,2,7,971077.52000000,71270788.81000018,4918377.45000000,0.06900972
BLAST,2023,530,2,8,1449432.94000000,71270788.81000018,6367810.39000000,0.08934671
BLAST,2023,530,2,9,1216025.57000000,71270788.81000018,7583835.96000000,0.10640876
BLAST,2023,530,2,10,906820.42000000,71270788.81000018,8490656.38000000,0.11913235
BLAST,2023,530,2,11,1154975.25000000,71270788.81000018,9645631.63000000,0.13533780
BLAST,2023,530,2,12,969122.53000000,71270788.81000018,10614754.16000000,0.14893555
BLAST,2023,530,2,13,1208366.56000000,71270788.81000018,11823120.72000000,0.16589013
BLAST,2023,530,2,14,853990.71000000,71270788.81000018,12677111.43000000,0.17787247
BLAST,2023,530,2,15,1017173.11000000,71270788.81000018,13694284.54000000,0.19214442
BLAST,2023,530,2,16,909879.54000000,71270788.81000018,14604164.08000000,0.20491094
BLAST,2023,530,2,17,1199685.35000000,71270788.81000018,15803849.43000000,0.22174371
BLAST,2023,530,2,18,1462235.76000000,71270788.81000018,17266085.19000000,0.24226034
BLAST,2023,530,2,19,952482.37000000,71270788.81000018,18218567.56000000,0.25562461
BLAST,2023,530,2,20,995846.25000000,71270788.81000018,19214413.81000000,0.26959732
BLAST,2023,530,2,21,814795.45000000,71270788.81000018,20029209.26000000,0.28102971
BLAST,2023,530,2,22,930023.28000000,71270788.81000018,20959232.54000000,0.29407886
BLAST,2023,530,2,23,796172.55000000,71270788.81000018,21755405.09000000,0.30524996
BLAST,2023,530,2,24,711948.50000000,71270788.81000018,22467353.59000000,0.31523930
BLAST,2023,530,2,25,945854.16000000,71270788.81000018,23413207.75000000,0.32851057
BLAST,2023,530,2,26,598890.91000000,71270788.81000018,24012098.66000000,0.33691361
BLAST,2023,530,2,27,274533.45000000,71270788.81000018,24286632.11000000,0.34076559
BLAST,2023,530,2,28,289168.43000000,71270788.81000018,24575800.54000000,0.34482291
BLAST,2023,530,2,29,231471.25000000,71270788.81000018,24807271.79000000,0.34807068
BLAST,2023,540,2,1,26170.88000000,67991434.80000032,26170.88000000,0.00038491
BLAST,2023,540,2,2,160821.43000000,67991434.80000032,186992.31000000,0.00275023
BLAST,2023,540,2,3,672183.96000000,67991434.80000032,859176.27000000,0.01263654
BLAST,2023,540,2,4,1044905.47000000,67991434.80000032,1904081.74000000,0.02800473
BLAST,2023,540,2,5,1083248.20000000,67991434.80000032,2987329.94000000,0.04393686
BLAST,2023,540,2,6,1094758.74000000,67991434.80000032,4082088.68000000,0.06003828
BLAST,2023,540,2,7,1039884.19000000,67991434.80000032,5121972.87000000,0.07533262
BLAST,2023,540,2,8,1270811.82000000,67991434.80000032,6392784.69000000,0.09402338
BLAST,2023,540,2,9,979822.44000000,67991434.80000032,7372607.13000000,0.10843435
BLAST,2023,540,2,10,964164.17000000,67991434.80000032,8336771.30000000,0.12261502
BLAST,2023,540,2,11,1173444.39000000,67991434.80000032,9510215.69000000,0.13987373
BLAST,2023,540,2,12,1106894.60000000,67991434.80000032,10617110.29000000,0.15615364
BLAST,2023,540,2,13,760328.82000000,67991434.80000032,11377439.11000000,0.16733636
BLAST,2023,540,2,14,1119861.62000000,67991434.80000032,12497300.73000000,0.18380699
BLAST,2023,540,2,15,1052016.57000000,67991434.80000032,13549317.30000000,0.19927977
BLAST,2023,540,2,16,873429.26000000,67991434.80000032,14422746.56000000,0.21212593
BLAST,2023,540,2,17,980387.72000000,67991434.80000032,15403134.28000000,0.22654522
BLAST,2023,540,2,18,1018467.24000000,67991434.80000032,16421601.52000000,0.24152456
BLAST,2023,540,2,19,992075.89000000,67991434.80000032,17413677.41000000,0.25611575
BLAST,2023,540,2,20,965610.02000000,67991434.80000032,18379287.43000000,0.27031769
BLAST,2023,540,2,21,933666.64000000,67991434.80000032,19312954.07000000,0.28404981
BLAST,2023,540,2,22,1002144.40000000,67991434.80000032,20315098.47000000,0.29878908
BLAST,2023,540,2,23,802386.33000000,67991434.80000032,21117484.80000000,0.31059037
BLAST,2023,540,2,24,822155.50000000,67991434.80000032,21939640.30000000,0.32268241
BLAST,2023,540,2,25,608440.20000000,67991434.80000032,22548080.50000000,0.33163119
BLAST,2023,540,2,26,606440.51000000,67991434.80000032,23154521.01000000,0.34055056
BLAST,2023,540,2,27,260300.43000000,67991434.80000032,23414821.44000000,0.34437899
BLAST,2023,540,2,28,359352.04000000,67991434.80000032,23774173.48000000,0.34966424
BLAST,2023,540,2,29,183332.59000000,67991434.80000032,23957506.07000000,0.35236065
BLAST,2023,550,1,10,27114.67000000,77650.37000000,27114.67000000,0.34918919
BLAST,2023,550,2,1,129450.25000000,73583173.17000009,129450.25000000,0.00175924
BLAST,2023,550,2,2,284051.18000000,73583173.17000009,413501.43000000,0.00561951
BLAST,2023,550,2,3,540708.93000000,73583173.17000009,954210.36000000,0.01296778
BLAST,2023,550,2,4,543411.33000000,73583173.17000009,1497621.69000000,0.02035277
BLAST,2023,550,2,5,1014322.10000000,73583173.17000009,2511943.79000000,0.03413748
BLAST,2023,550,2,6,1044901.93000000,73583173.17000009,3556845.72000000,0.04833776
BLAST,2023,550,2,7,1162443.15000000,73583173.17000009,4719288.87000000,0.06413544
BLAST,2023,550,2,8,1292132.72000000,73583173.17000009,6011421.59000000,0.08169560
BLAST,2023,550,2,9,1113631.05000000,73583173.17000009,7125052.64000000,0.09682992
BLAST,2023,550,2,10,1246213.80000000,73583173.17000009,8371266.44000000,0.11376604
BLAST,2023,550,2,11,931895.84000000,73583173.17000009,9303162.28000000,0.12643057
BLAST,2023,550,2,12,946933.82000000,73583173.17000009,10250096.10000000,0.13929946
BLAST,2023,550,2,13,904123.49000000,73583173.17000009,11154219.59000000,0.15158655
BLAST,2023,550,2,14,1322334.05000000,73583173.17000009,12476553.64000000,0.16955716
BLAST,2023,550,2,15,931975.72000000,73583173.17000009,13408529.36000000,0.18222277
BLAST,2023,550,2,16,958852.67000000,73583173.17000009,14367382.03000000,0.19525363
BLAST,2023,550,2,17,936273.82000000,73583173.17000009,15303655.85000000,0.20797766
BLAST,2023,550,2,18,925227.85000000,73583173.17000009,16228883.70000000,0.22055156
BLAST,2023,550,2,19,1130461.00000000,73583173.17000009,17359344.70000000,0.23591460
BLAST,2023,550,2,20,1352609.73000000,73583173.17000009,18711954.43000000,0.25429665
BLAST,2023,550,2,21,983810.93000000,73583173.17000009,19695765.36000000,0.26766670
BLAST,2023,550,2,22,1210943.19000000,73583173.17000009,20906708.55000000,0.28412350
BLAST,2023,550,2,23,876480.86000000,73583173.17000009,21783189.41000000,0.29603493
BLAST,2023,550,2,24,929965.43000000,73583173.17000009,22713154.84000000,0.30867322
BLAST,2023,550,2,25,986094.52000000,73583173.17000009,23699249.36000000,0.32207431
BLAST,2023,550,2,26,563738.12000000,73583173.17000009,24262987.48000000,0.32973554
BLAST,2023,550,2,27,432486.24000000,73583173.17000009,24695473.72000000,0.33561306
BLAST,2023,550,2,28,384308.58000000,73583173.17000009,25079782.30000000,0.34083584
BLAST,2023,550,2,29,375885.00000000,73583173.17000009,25455667.30000000,0.34594414
BLAST,2023,560,1,14,27342.89000000,101997.55000000,27342.89000000,0.26807399
BLAST,2023,560,2,1,67276.20000000,62867563.53000027,67276.20000000,0.00107013
BLAST,2023,560,2,2,237538.69000000,62867563.53000027,304814.89000000,0.00484852
BLAST,2023,560,2,3,542453.42000000,62867563.53000027,847268.31000000,0.01347703
BLAST,2023,560,2,4,637227.59000000,62867563.53000027,1484495.90000000,0.02361307
BLAST,2023,560,2,5,773484.47000000,62867563.53000027,2257980.37000000,0.03591646
BLAST,2023,560,2,6,809840.91000000,62867563.53000027,3067821.28000000,0.04879816
BLAST,2023,560,2,7,925339.76000000,62867563.53000027,3993161.04000000,0.06351703
BLAST,2023,560,2,8,1307500.60000000,62867563.53000027,5300661.64000000,0.08431473
BLAST,2023,560,2,9,980389.30000000,62867563.53000027,6281050.94000000,0.09990925
BLAST,2023,560,2,10,815340.68000000,62867563.53000027,7096391.62000000,0.11287843
BLAST,2023,560,2,11,820663.77000000,62867563.53000027,7917055.39000000,0.12593228
BLAST,2023,560,2,12,679930.78000000,62867563.53000027,8596986.17000000,0.13674756
BLAST,2023,560,2,13,1003048.42000000,62867563.53000027,9600034.59000000,0.15270251
BLAST,2023,560,2,14,969842.95000000,62867563.53000027,10569877.54000000,0.16812927
BLAST,2023,560,2,15,951245.60000000,62867563.53000027,11521123.14000000,0.18326021
BLAST,2023,560,2,16,812208.93000000,62867563.53000027,12333332.07000000,0.19617958
BLAST,2023,560,2,17,805448.33000000,62867563.53000027,13138780.40000000,0.20899140
BLAST,2023,560,2,18,838915.96000000,62867563.53000027,13977696.36000000,0.22233558
BLAST,2023,560,2,19,1146211.29000000,62867563.53000027,15123907.65000000,0.24056774
BLAST,2023,560,2,20,938109.92000000,62867563.53000027,16062017.57000000,0.25548974
BLAST,2023,560,2,21,761294.90000000,62867563.53000027,16823312.47000000,0.26759924
BLAST,2023,560,2,22,836375.76000000,62867563.53000027,17659688.23000000,0.28090302
BLAST,2023,560,2,23,784443.19000000,62867563.53000027,18444131.42000000,0.29338073
BLAST,2023,560,2,24,801736.94000000,62867563.53000027,19245868.36000000,0.30613352
BLAST,2023,560,2,25,668365.73000000,62867563.53000027,19914234.09000000,0.31676485
BLAST,2023,560,2,26,688276.56000000,62867563.53000027,20602510.65000000,0.32771289
BLAST,2023,560,2,27,250990.63000000,62867563.53000027,20853501.28000000,0.33170526
BLAST,2023,560,2,28,332697.54000000,62867563.53000027,21186198.82000000,0.33699729
BLAST,2023,560,2,29,233855.99000000,62867563.53000027,21420054.81000000,0.34071711
BLAST,2023,570,1,4,29383.49000000,149248.92000000,29383.49000000,0.19687573
BLAST,2023,570,1,14,31788.54000000,149248.92000000,61172.03000000,0.40986581
BLAST,2023,570,1,16,27667.55000000,149248.92000000,88839.58000000,0.59524437
BLAST,2023,570,2,1,86349.22000000,60116185.97000019,86349.22000000,0.00143637
BLAST,2023,570,2,2,42311.53000000,60116185.97000019,128660.75000000,0.00214020
BLAST,2023,570,2,3,435629.73000000,60116185.97000019,564290.48000000,0.00938666
BLAST,2023,570,2,4,591209.55000000,60116185.97000019,1155500.03000000,0.01922111
BLAST,2023,570,2,5,1044992.57000000,60116185.97000019,2200492.60000000,0.03660400
BLAST,2023,570,2,6,845616.51000000,60116185.97000019,3046109.11000000,0.05067037
BLAST,2023,570,2,7,691529.67000000,60116185.97000019,3737638.78000000,0.06217358
BLAST,2023,570,2,8,853382.66000000,60116185.97000019,4591021.44000000,0.07636914
BLAST,2023,570,2,9,1062522.21000000,60116185.97000019,5653543.65000000,0.09404362
BLAST,2023,570,2,10,747446.41000000,60116185.97000019,6400990.06000000,0.10647698
BLAST,2023,570,2,11,613657.18000000,60116185.97000019,7014647.24000000,0.11668483
BLAST,2023,570,2,12,817600.70000000,60116185.97000019,7832247.94000000,0.13028518
BLAST,2023,570,2,13,636880.84000000,60116185.97000019,8469128.78000000,0.14087934
BLAST,2023,570,2,14,715652.10000000,60116185.97000019,9184780.88000000,0.15278383
BLAST,2023,570,2,15,991944.05000000,60116185.97000019,10176724.93000000,0.16928427
BLAST,2023,570,2,16,830056.34000000,60116185.97000019,11006781.27000000,0.18309181
BLAST,2023,570,2,17,807347.83000000,60116185.97000019,11814129.10000000,0.19652160
BLAST,2023,570,2,18,720729.22000000,60116185.97000019,12534858.32000000,0.20851054
BLAST,2023,570,2,19,687839.81000000,60116185.97000019,13222698.13000000,0.21995238
BLAST,2023,570,2,20,878561.53000000,60116185.97000019,14101259.66000000,0.23456677
BLAST,2023,570,2,21,728761.94000000,60116185.97000019,14830021.60000000,0.24668933
BLAST,2023,570,2,22,836135.81000000,60116185.97000019,15666157.41000000,0.26059799
BLAST,2023,570,2,23,658853.61000000,60116185.97000019,16325011.02000000,0.27155766
BLAST,2023,570,2,24,922956.31000000,60116185.97000019,17247967.33000000,0.28691054
BLAST,2023,570,2,25,800872.32000000,60116185.97000019,18048839.65000000,0.30023261
BLAST,2023,570,2,26,645895.27000000,60116185.97000019,18694734.92000000,0.31097673
BLAST,2023,570,2,27,225759.91000000,60116185.97000019,18920494.83000000,0.31473212
BLAST,2023,570,2,28,430018.43000000,60116185.97000019,19350513.26000000,0.32188525
BLAST,2023,570,2,29,222759.39000000,60116185.97000019,19573272.65000000,0.32559073
BLAST,2023,580,2,2,127924.68000000,55955475.37000015,127924.68000000,0.00228619
BLAST,2023,580,2,3,398874.21000000,55955475.37000015,526798.89000000,0.00941461
BLAST,2023,580,2,4,544629.03000000,55955475.37000015,1071427.92000000,0.01914787
BLAST,2023,580,2,5,752725.61000000,55955475.37000015,1824153.53000000,0.03260009
BLAST,2023,580,2,6,606348.06000000,55955475.37000015,2430501.59000000,0.04343635
BLAST,2023,580,2,7,846661.03000000,55955475.37000015,3277162.62000000,0.05856733
BLAST,2023,580,2,8,872376.92000000,55955475.37000015,4149539.54000000,0.07415788
BLAST,2023,580,2,9,1263487.93000000,55955475.37000015,5413027.47000000,0.09673812
BLAST,2023,580,2,10,921471.89000000,55955475.37000015,6334499.36000000,0.11320607
BLAST,2023,580,2,11,988072.13000000,55955475.37000015,7322571.49000000,0.13086425
BLAST,2023,580,2,12,876173.74000000,55955475.37000015,8198745.23000000,0.14652266
BLAST,2023,580,2,13,1071508.66000000,55955475.37000015,9270253.89000000,0.16567197
BLAST,2023,580,2,14,658298.71000000,55955475.37000015,9928552.60000000,0.17743666
BLAST,2023,580,2,15,696178.25000000,55955475.37000015,10624730.85000000,0.18987831
BLAST,2023,580,2,16,813540.14000000,55955475.37000015,11438270.99000000,0.20441737
BLAST,2023,580,2,17,754050.46000000,55955475.37000015,12192321.45000000,0.21789327
BLAST,2023,580,2,18,599695.16000000,55955475.37000015,12792016.61000000,0.22861063
BLAST,2023,580,2,19,523340.82000000,55955475.37000015,13315357.43000000,0.23796344
BLAST,2023,580,2,20,707234.28000000,55955475.37000015,14022591.71000000,0.25060267
BLAST,2023,580,2,21,628686.80000000,55955475.37000015,14651278.51000000,0.26183816
BLAST,2023,580,2,22,742716.56000000,55955475.37000015,15393995.07000000,0.27511151
BLAST,2023,580,2,23,702945.85000000,55955475.37000015,16096940.92000000,0.28767410
BLAST,2023,580,2,24,689108.84000000,55955475.37000015,16786049.76000000,0.29998940
BLAST,2023,580,2,25,405018.43000000,55955475.37000015,17191068.19000000,0.30722763
BLAST,2023,580,2,26,662786.71000000,55955475.37000015,17853854.90000000,0.31907253
BLAST,2023,580,2,27,241080.54000000,55955475.37000015,18094935.44000000,0.32338096
BLAST,2023,580,2,28,282739.21000000,55955475.37000015,18377674.65000000,0.32843389
BLAST,2023,580,2,29,232468.32000000,55955475.37000015,18610142.97000000,0.33258842
BLAST,2023,590,1,22,38296.63000000,185047.45000000,38296.63000000,0.20695573
BLAST,2023,590,2,1,65909.86000000,50103750.98000023,65909.86000000,0.00131547
BLAST,2023,590,2,2,54286.94000000,50103750.98000023,120196.80000000,0.00239896
BLAST,2023,590,2,3,375703.50000000,50103750.98000023,495900.30000000,0.00989747
BLAST,2023,590,2,4,580565.68000000,50103750.98000023,1076465.98000000,0.02148474
BLAST,2023,590,2,5,486456.57000000,50103750.98000023,1562922.55000000,0.03119372
BLAST,2023,590,2,6,614078.58000000,50103750.98000023,2177001.13000000,0.04344986
BLAST,2023,590,2,7,709467.30000000,50103750.98000023,2886468.43000000,0.05760983
BLAST,2023,590,2,8,877253.77000000,50103750.98000023,3763722.20000000,0.07511857
BLAST,2023,590,2,9,810364.73000000,50103750.98000023,4574086.93000000,0.09129231
BLAST,2023,590,2,10,521645.98000000,50103750.98000023,5095732.91000000,0.10170362
BLAST,2023,590,2,11,736814.03000000,50103750.98000023,5832546.94000000,0.11640939
BLAST,2023,590,2,12,730511.20000000,50103750.98000023,6563058.14000000,0.13098936
BLAST,2023,590,2,13,533289.97000000,50103750.98000023,7096348.11000000,0.14163307
BLAST,2023,590,2,14,504681.35000000,50103750.98000023,7601029.46000000,0.15170580
BLAST,2023,590,2,15,562862.07000000,50103750.98000023,8163891.53000000,0.16293973
BLAST,2023,590,2,16,622899.76000000,50103750.98000023,8786791.29000000,0.17537193
BLAST,2023,590,2,17,722145.27000000,50103750.98000023,9508936.56000000,0.18978492
BLAST,2023,590,2,18,697857.96000000,50103750.98000023,10206794.52000000,0.20371318
BLAST,2023,590,2,19,753294.58000000,50103750.98000023,10960089.10000000,0.21874788
BLAST,2023,590,2,20,806322.23000000,50103750.98000023,11766411.33000000,0.23484093
BLAST,2023,590,2,21,760040.03000000,50103750.98000023,12526451.36000000,0.25001025
BLAST,2023,590,2,22,681272.27000000,50103750.98000023,13207723.63000000,0.26360748
BLAST,2023,590,2,23,620193.94000000,50103750.98000023,13827917.57000000,0.27598568
BLAST,2023,590,2,24,506800.13000000,50103750.98000023,14334717.70000000,0.28610069
BLAST,2023,590,2,25,623425.99000000,50103750.98000023,14958143.69000000,0.29854339
BLAST,2023,590,2,26,387381.66000000,50103750.98000023,15345525.35000000,0.30627498
BLAST,2023,590,2,27,208537.97000000,50103750.98000023,15554063.32000000,0.31043710
BLAST,2023,590,2,28,264242.58000000,50103750.98000023,15818305.90000000,0.31571101
BLAST,2023,590,2,29,266846.06000000,50103750.98000023,16085151.96000000,0.32103688
BLAST,2023,600,1,11,36133.39000000,169315.05000000,36133.39000000,0.21340920
BLAST,2023,600,1,19,25583.99000000,169315.05000000,61717.38000000,0.36451207
BLAST,2023,600,2,1,49650.59000000,48935231.60000017,49650.59000000,0.00101462
BLAST,2023,600,2,2,119985.90000000,48935231.60000017,169636.49000000,0.00346655
BLAST,2023,600,2,3,309428.37000000,48935231.60000017,479064.86000000,0.00978977
BLAST,2023,600,2,4,657181.43000000,48935231.60000017,1136246.29000000,0.02321939
BLAST,2023,600,2,5,775777.42000000,48935231.60000017,1912023.71000000,0.03907254
BLAST,2023,600,2,6,719653.29000000,48935231.60000017,2631677.00000000,0.05377878
BLAST,2023,600,2,7,832324.71000000,48935231.60000017,3464001.71000000,0.07078748
BLAST,2023,600,2,8,562442.51000000,48935231.60000017,4026444.22000000,0.08228109
BLAST,2023,600,2,9,699035.43000000,48935231.60000017,4725479.65000000,0.09656600
BLAST,2023,600,2,10,713665.02000000,48935231.60000017,5439144.67000000,0.11114987
BLAST,2023,600,2,11,572435.89000000,48935231.60000017,6011580.56000000,0.12284770
BLAST,2023,600,2,12,587877.94000000,48935231.60000017,6599458.50000000,0.13486109
BLAST,2023,600,2,13,547687.08000000,48935231.60000017,7147145.58000000,0.14605317
BLAST,2023,600,2,14,580453.92000000,48935231.60000017,7727599.50000000,0.15791484
BLAST,2023,600,2,15,556137.36000000,48935231.60000017,8283736.86000000,0.16927961
BLAST,2023,600,2,16,397804.70000000,48935231.60000017,8681541.56000000,0.17740882
BLAST,2023,600,2,17,776900.09000000,48935231.60000017,9458441.65000000,0.19328491
BLAST,2023,600,2,18,468198.82000000,48935231.60000017,9926640.47000000,0.20285263
BLAST,2023,600,2,19,643389.40000000,48935231.60000017,10570029.87000000,0.21600041
BLAST,2023,600,2,20,798617.61000000,48935231.60000017,11368647.48000000,0.23232030
BLAST,2023,600,2,21,493179.44000000,48935231.60000017,11861826.92000000,0.24239850
BLAST,2023,600,2,22,619278.53000000,48935231.60000017,12481105.45000000,0.25505357
BLAST,2023,600,2,23,801267.58000000,48935231.60000017,13282373.03000000,0.27142761
BLAST,2023,600,2,24,717656.26000000,48935231.60000017,14000029.29000000,0.28609304
BLAST,2023,600,2,25,607151.75000000,48935231.60000017,14607181.04000000,0.29850029
BLAST,2023,600,2,26,403878.86000000,48935231.60000017,15011059.90000000,0.30675363
BLAST,2023,600,2,27,299440.23000000,48935231.60000017,15310500.13000000,0.31287274
BLAST,2023,600,2,28,136263.79000000,48935231.60000017,15446763.92000000,0.31565732
BLAST,2023,600,2,29,223463.46000000,48935231.60000017,15670227.38000000,0.32022383
BLAST,2023,610,1,4,28200.01000000,29487.06000000,28200.01000000,0.95635204
BLAST,2023,610,2,1,80474.85000000,41474547.05000003,80474.85000000,0.00194034
BLAST,2023,610,2,2,142512.12000000,41474547.05000003,222986.97000000,0.00537648
BLAST,2023,610,2,3,159082.32000000,41474547.05000003,382069.29000000,0.00921214
BLAST,2023,610,2,4,363292.07000000,41474547.05000003,745361.36000000,0.01797154
BLAST,2023,610,2,5,497259.02000000,41474547.05000003,1242620.38000000,0.02996104
BLAST,2023,610,2,6,793649.86000000,41474547.05000003,2036270.24000000,0.04909687
BLAST,2023,610,2,7,414821.95000000,41474547.05000003,2451092.19000000,0.05909871
BLAST,2023,610,2,8,574245.00000000,41474547.05000003,3025337.19000000,0.07294443
BLAST,2023,610,2,9,499116.82000000,41474547.05000003,3524454.01000000,0.08497872
BLAST,2023,610,2,10,589624.54000000,41474547.05000003,4114078.55000000,0.09919526
BLAST,2023,610,2,11,588972.85000000,41474547.05000003,4703051.40000000,0.11339609
BLAST,2023,610,2,12,436686.91000000,41474547.05000003,5139738.31000000,0.12392512
BLAST,2023,610,2,13,492018.81000000,41474547.05000003,5631757.12000000,0.13578827
BLAST,2023,610,2,14,683073.08000000,41474547.05000003,6314830.20000000,0.15225797
BLAST,2023,610,2,15,669426.94000000,41474547.05000003,6984257.14000000,0.16839864
BLAST,2023,610,2,16,485087.44000000,41474547.05000003,7469344.58000000,0.18009466
BLAST,2023,610,2,17,587861.56000000,41474547.05000003,8057206.14000000,0.19426870
BLAST,2023,610,2,18,392340.24000000,41474547.05000003,8449546.38000000,0.20372848
BLAST,2023,610,2,19,536957.89000000,41474547.05000003,8986504.27000000,0.21667516
BLAST,2023,610,2,20,387777.55000000,41474547.05000003,9374281.82000000,0.22602494
BLAST,2023,610,2,21,587356.93000000,41474547.05000003,9961638.75000000,0.24018680
BLAST,2023,610,2,22,432329.79000000,41474547.05000003,10393968.54000000,0.25061078
BLAST,2023,610,2,23,308208.54000000,41474547.05000003,10702177.08000000,0.25804205
BLAST,2023,610,2,24,395074.42000000,41474547.05000003,11097251.50000000,0.26756776
BLAST,2023,610,2,25,427615.28000000,41474547.05000003,11524866.78000000,0.27787806
BLAST,2023,610,2,26,466319.63000000,41474547.05000003,11991186.41000000,0.28912158
BLAST,2023,610,2,27,190240.81000000,41474547.05000003,12181427.22000000,0.29370851
BLAST,2023,610,2,28,194647.89000000,41474547.05000003,12376075.11000000,0.29840169
BLAST,2023,610,2,29,247809.62000000,41474547.05000003,12623884.73000000,0.30437668
BLAST,2023,620,2,1,46313.17000000,38109642.09999995,46313.17000000,0.00121526
BLAST,2023,620,2,2,23530.52000000,38109642.09999995,69843.69000000,0.00183270
BLAST,2023,620,2,3,164757.41000000,38109642.09999995,234601.10000000,0.00615595
BLAST,2023,620,2,4,229552.94000000,38109642.09999995,464154.04000000,0.01217944
BLAST,2023,620,2,5,337004.61000000,38109642.09999995,801158.65000000,0.02102247
BLAST,2023,620,2,6,400009.44000000,38109642.09999995,1201168.09000000,0.03151874
BLAST,2023,620,2,7,457394.40000000,38109642.09999995,1658562.49000000,0.04352081
BLAST,2023,620,2,8,503168.29000000,38109642.09999995,2161730.78000000,0.05672399
BLAST,2023,620,2,9,473971.93000000,38109642.09999995,2635702.71000000,0.06916105
BLAST,2023,620,2,10,382721.29000000,38109642.09999995,3018424.00000000,0.07920368
BLAST,2023,620,2,11,474712.81000000,38109642.09999995,3493136.81000000,0.09166018
BLAST,2023,620,2,12,545629.84000000,38109642.09999995,4038766.65000000,0.10597755
BLAST,2023,620,2,13,262376.39000000,38109642.09999995,4301143.04000000,0.11286233
BLAST,2023,620,2,14,504126.22000000,38109642.09999995,4805269.26000000,0.12609064
BLAST,2023,620,2,15,510057.27000000,38109642.09999995,5315326.53000000,0.13947459
BLAST,2023,620,2,16,547988.63000000,38109642.09999995,5863315.16000000,0.15385385
BLAST,2023,620,2,17,561979.09000000,38109642.09999995,6425294.25000000,0.16860023
BLAST,2023,620,2,18,314903.92000000,38109642.09999995,6740198.17000000,0.17686333
BLAST,2023,620,2,19,533853.16000000,38109642.09999995,7274051.33000000,0.19087168
BLAST,2023,620,2,20,375511.24000000,38109642.09999995,7649562.57000000,0.20072512
BLAST,2023,620,2,21,292745.76000000,38109642.09999995,7942308.33000000,0.20840679
BLAST,2023,620,2,22,352671.10000000,38109642.09999995,8294979.43000000,0.21766091
BLAST,2023,620,2,23,397030.25000000,38109642.09999995,8692009.68000000,0.22807902
BLAST,2023,620,2,24,277091.54000000,38109642.09999995,8969101.22000000,0.23534992
BLAST,2023,620,2,25,540199.66000000,38109642.09999995,9509300.88000000,0.24952480
BLAST,2023,620,2,26,245253.14000000,38109642.09999995,9754554.02000000,0.25596026
BLAST,2023,620,2,27,165800.27000000,38109642.09999995,9920354.29000000,0.26031088
BLAST,2023,620,2,28,89764.20000000,38109642.09999995,10010118.49000000,0.26266629
BLAST,2023,620,2,29,167970.10000000,38109642.09999995,10178088.59000000,0.26707384
BLAST,2023,630,2,2,137506.86000000,32848117.83999991,137506.86000000,0.00418614
BLAST,2023,630,2,3,210831.15000000,32848117.83999991,348338.01000000,0.01060450
BLAST,2023,630,2,4,281808.65000000,32848117.83999991,630146.66000000,0.01918365
BLAST,2023,630,2,5,263587.26000000,32848117.83999991,893733.92000000,0.02720807
BLAST,2023,630,2,6,365450.10000000,32848117.83999991,1259184.02000000,0.03833352
BLAST,2023,630,2,7,395141.80000000,32848117.83999991,1654325.82000000,0.05036288
BLAST,2023,630,2,8,439048.09000000,32848117.83999991,2093373.91000000,0.06372888
BLAST,2023,630,2,9,537861.31000000,32848117.83999991,2631235.22000000,0.08010307
BLAST,2023,630,2,10,365724.58000000,32848117.83999991,2996959.80000000,0.09123688
BLAST,2023,630,2,11,385233.31000000,32848117.83999991,3382193.11000000,0.10296459
BLAST,2023,630,2,12,243554.73000000,32848117.83999991,3625747.84000000,0.11037917
BLAST,2023,630,2,13,442171.70000000,32848117.83999991,4067919.54000000,0.12384026
BLAST,2023,630,2,14,442386.77000000,32848117.83999991,4510306.31000000,0.13730791
BLAST,2023,630,2,15,391759.08000000,32848117.83999991,4902065.39000000,0.14923429
BLAST,2023,630,2,16,385020.99000000,32848117.83999991,5287086.38000000,0.16095553
BLAST,2023,630,2,17,289838.42000000,32848117.83999991,5576924.80000000,0.16977913
BLAST,2023,630,2,18,409995.95000000,32848117.83999991,5986920.75000000,0.18226069
BLAST,2023,630,2,19,477460.56000000,32848117.83999991,6464381.31000000,0.19679609
BLAST,2023,630,2,20,326285.43000000,32848117.83999991,6790666.74000000,0.20672925
BLAST,2023,630,2,21,318664.38000000,32848117.83999991,7109331.12000000,0.21643040
BLAST,2023,630,2,22,473341.49000000,32848117.83999991,7582672.61000000,0.23084040
BLAST,2023,630,2,23,204606.66000000,32848117.83999991,7787279.27000000,0.23706927
BLAST,2023,630,2,24,427606.39000000,32848117.83999991,8214885.66000000,0.25008695
BLAST,2023,630,2,25,290014.95000000,32848117.83999991,8504900.61000000,0.25891592
BLAST,2023,630,2,26,251400.21000000,32848117.83999991,8756300.82000000,0.26656933
BLAST,2023,630,2,27,150969.87000000,32848117.83999991,8907270.69000000,0.27116533
BLAST,2023,630,2,28,237366.79000000,32848117.83999991,9144637.48000000,0.27839152
BLAST,2023,630,2,29,48063.75000000,32848117.83999991,9192701.23000000,0.27985473
BLAST,2023,640,1,22,27187.00000000,50413.25000000,27187.00000000,0.53928283
BLAST,2023,640,2,2,27374.23000000,29662632.90999996,27374.23000000,0.00092285
BLAST,2023,640,2,3,194365.38000000,29662632.90999996,221739.61000000,0.00747539
BLAST,2023,640,2,4,161141.28000000,29662632.90999996,382880.89000000,0.01290785
BLAST,2023,640,2,5,341863.61000000,29662632.90999996,724744.50000000,0.02443291
BLAST,2023,640,2,6,203875.24000000,29662632.90999996,928619.74000000,0.03130605
BLAST,2023,640,2,7,297872.88000000,29662632.90999996,1226492.62000000,0.04134807
BLAST,2023,640,2,8,378853.04000000,29662632.90999996,1605345.66000000,0.05412013
BLAST,2023,640,2,9,270012.79000000,29662632.90999996,1875358.45000000,0.06322293
BLAST,2023,640,2,10,357522.72000000,29662632.90999996,2232881.17000000,0.07527589
BLAST,2023,640,2,11,207293.18000000,29662632.90999996,2440174.35000000,0.08226425
BLAST,2023,640,2,12,353295.09000000,29662632.90999996,2793469.44000000,0.09417470
BLAST,2023,640,2,13,296110.58000000,29662632.90999996,3089580.02000000,0.10415731
BLAST,2023,640,2,14,316180.69000000,29662632.90999996,3405760.71000000,0.11481653
BLAST,2023,640,2,15,241900.00000000,29662632.90999996,3647660.71000000,0.12297158
BLAST,2023,640,2,16,421488.14000000,29662632.90999996,4069148.85000000,0.13718097
BLAST,2023,640,2,17,333667.07000000,29662632.90999996,4402815.92000000,0.14842971
BLAST,2023,640,2,18,129508.80000000,29662632.90999996,4532324.72000000,0.15279577
BLAST,2023,640,2,19,307625.87000000,29662632.90999996,4839950.59000000,0.16316659
BLAST,2023,640,2,20,361809.24000000,29662632.90999996,5201759.83000000,0.17536406
BLAST,2023,640,2,21,267734.53000000,29662632.90999996,5469494.36000000,0.18439005
BLAST,2023,640,2,22,338197.97000000,29662632.90999996,5807692.33000000,0.19579153
BLAST,2023,640,2,23,262576.44000000,29662632.90999996,6070268.77000000,0.20464363
BLAST,2023,640,2,24,287156.41000000,29662632.90999996,6357425.18000000,0.21432437
BLAST,2023,640,2,25,329445.80000000,29662632.90999996,6686870.98000000,0.22543080
BLAST,2023,640,2,26,132427.58000000,29662632.90999996,6819298.56000000,0.22989526
BLAST,2023,640,2,27,201141.34000000,29662632.90999996,7020439.90000000,0.23667622
BLAST,2023,640,2,28,130572.10000000,29662632.90999996,7151012.00000000,0.24107813
BLAST,2023,640,2,29,84450.86000000,29662632.90999996,7235462.86000000,0.24392517
BLAST,2023,650,2,2,64207.02000000,23337327.97999998,64207.02000000,0.00275126
BLAST,2023,650,2,3,298562.14000000,23337327.97999998,362769.16000000,0.01554459
BLAST,2023,650,2,4,167759.77000000,23337327.97999998,530528.93000000,0.02273306
BLAST,2023,650,2,5,94367.45000000,23337327.97999998,624896.38000000,0.02677669
BLAST,2023,650,2,6,168440.01000000,23337327.97999998,793336.39000000,0.03399431
BLAST,2023,650,2,7,378123.22000000,23337327.97999998,1171459.61000000,0.05019682
BLAST,2023,650,2,8,331333.75000000,23337327.97999998,1502793.36000000,0.06439441
BLAST,2023,650,2,9,215992.64000000,23337327.97999998,1718786.00000000,0.07364965
BLAST,2023,650,2,10,218680.65000000,23337327.97999998,1937466.65000000,0.08302007
BLAST,2023,650,2,11,377097.97000000,23337327.97999998,2314564.62000000,0.09917865
BLAST,2023,650,2,12,224579.98000000,23337327.97999998,2539144.60000000,0.10880186
BLAST,2023,650,2,13,253974.97000000,23337327.97999998,2793119.57000000,0.11968463
BLAST,2023,650,2,14,318718.08000000,23337327.97999998,3111837.65000000,0.13334164
BLAST,2023,650,2,15,201161.61000000,23337327.97999998,3312999.26000000,0.14196138
BLAST,2023,650,2,16,255959.44000000,23337327.97999998,3568958.70000000,0.15292919
BLAST,2023,650,2,17,258972.26000000,23337327.97999998,3827930.96000000,0.16402610
BLAST,2023,650,2,18,346211.99000000,23337327.97999998,4174142.95000000,0.17886122
BLAST,2023,650,2,19,304420.92000000,23337327.97999998,4478563.87000000,0.19190560
BLAST,2023,650,2,20,331769.51000000,23337327.97999998,4810333.38000000,0.20612186
BLAST,2023,650,2,21,247207.52000000,23337327.97999998,5057540.90000000,0.21671465
BLAST,2023,650,2,22,314372.22000000,23337327.97999998,5371913.12000000,0.23018544
BLAST,2023,650,2,23,269381.82000000,23337327.97999998,5641294.94000000,0.24172840
BLAST,2023,650,2,24,142891.08000000,23337327.97999998,5784186.02000000,0.24785125
BLAST,2023,650,2,25,248469.16000000,23337327.97999998,6032655.18000000,0.25849811
BLAST,2023,650,2,26,148987.23000000,23337327.97999998,6181642.41000000,0.26488218
BLAST,2023,650,2,27,71891.42000000,23337327.97999998,6253533.83000000,0.26796272
BLAST,2023,650,2,28,113941.28000000,23337327.97999998,6367475.11000000,0.27284508
BLAST,2023,650,2,29,61655.20000000,23337327.97999998,6429130.31000000,0.27548699
BLAST,2023,660,2,1,24096.14000000,19057923.29000000,24096.14000000,0.00126436
BLAST,2023,660,2,2,55512.78000000,19057923.29000000,79608.92000000,0.00417721
BLAST,2023,660,2,3,137000.57000000,19057923.29000000,216609.49000000,0.01136585
BLAST,2023,660,2,4,141034.41000000,19057923.29000000,357643.90000000,0.01876615
BLAST,2023,660,2,5,217969.66000000,19057923.29000000,575613.56000000,0.03020337
BLAST,2023,660,2,6,200978.38000000,19057923.29000000,776591.94000000,0.04074903
BLAST,2023,660,2,7,193732.88000000,19057923.29000000,970324.82000000,0.05091451
BLAST,2023,660,2,8,172420.19000000,19057923.29000000,1142745.01000000,0.05996168
BLAST,2023,660,2,9,133657.18000000,19057923.29000000,1276402.19000000,0.06697488
BLAST,2023,660,2,10,234879.92000000,19057923.29000000,1511282.11000000,0.07929941
BLAST,2023,660,2,11,87127.19000000,19057923.29000000,1598409.30000000,0.08387112
BLAST,2023,660,2,12,232575.62000000,19057923.29000000,1830984.92000000,0.09607473
BLAST,2023,660,2,13,265646.43000000,19057923.29000000,2096631.35000000,0.11001363
BLAST,2023,660,2,14,138180.09000000,19057923.29000000,2234811.44000000,0.11726416
BLAST,2023,660,2,15,265859.81000000,19057923.29000000,2500671.25000000,0.13121426
BLAST,2023,660,2,16,288021.37000000,19057923.29000000,2788692.62000000,0.14632720
BLAST,2023,660,2,17,153374.98000000,19057923.29000000,2942067.60000000,0.15437504
BLAST,2023,660,2,18,243699.59000000,19057923.29000000,3185767.19000000,0.16716235
BLAST,2023,660,2,19,262731.26000000,19057923.29000000,3448498.45000000,0.18094828
BLAST,2023,660,2,20,104044.36000000,19057923.29000000,3552542.81000000,0.18640766
BLAST,2023,660,2,21,171493.17000000,19057923.29000000,3724035.98000000,0.19540618
BLAST,2023,660,2,22,242157.99000000,19057923.29000000,3966193.97000000,0.20811260
BLAST,2023,660,2,23,138837.79000000,19057923.29000000,4105031.76000000,0.21539764
BLAST,2023,660,2,24,195294.87000000,19057923.29000000,4300326.63000000,0.22564508
BLAST,2023,660,2,25,154537.80000000,19057923.29000000,4454864.43000000,0.23375393
BLAST,2023,660,2,26,135003.73000000,19057923.29000000,4589868.16000000,0.24083779
BLAST,2023,660,2,27,99549.57000000,19057923.29000000,4689417.73000000,0.24606132
BLAST,2023,660,2,28,58197.99000000,19057923.29000000,4747615.72000000,0.24911506
BLAST,2023,660,2,29,60765.16000000,19057923.29000000,4808380.88000000,0.25230351
BLAST,2023,670,2,1,18636.07000000,16051981.15000002,18636.07000000,0.00116098
BLAST,2023,670,2,2,19375.12000000,16051981.15000002,38011.19000000,0.00236801
BLAST,2023,670,2,3,86211.15000000,16051981.15000002,124222.34000000,0.00773875
BLAST,2023,670,2,4,72200.33000000,16051981.15000002,196422.67000000,0.01223666
BLAST,2023,670,2,5,69263.52000000,16051981.15000002,265686.19000000,0.01655161
BLAST,2023,670,2,6,71156.31000000,16051981.15000002,336842.50000000,0.02098448
BLAST,2023,670,2,7,193902.35000000,16051981.15000002,530744.85000000,0.03306413
BLAST,2023,670,2,8,222994.28000000,16051981.15000002,753739.13000000,0.04695614
BLAST,2023,670,2,9,211577.07000000,16051981.15000002,965316.20000000,0.06013689
BLAST,2023,670,2,10,222569.74000000,16051981.15000002,1187885.94000000,0.07400245
BLAST,2023,670,2,11,260349.61000000,16051981.15000002,1448235.55000000,0.09022161
BLAST,2023,670,2,12,130005.31000000,16051981.15000002,1578240.86000000,0.09832063
BLAST,2023,670,2,13,69793.70000000,16051981.15000002,1648034.56000000,0.10266861
BLAST,2023,670,2,14,180213.32000000,16051981.15000002,1828247.88000000,0.11389547
BLAST,2023,670,2,15,134377.06000000,16051981.15000002,1962624.94000000,0.12226684
BLAST,2023,670,2,16,93379.98000000,16051981.15000002,2056004.92000000,0.12808418
BLAST,2023,670,2,17,116744.10000000,16051981.15000002,2172749.02000000,0.13535706
BLAST,2023,670,2,18,203134.61000000,16051981.15000002,2375883.63000000,0.14801186
BLAST,2023,670,2,19,58940.84000000,16051981.15000002,2434824.47000000,0.15168374
BLAST,2023,670,2,20,123604.36000000,16051981.15000002,2558428.83000000,0.15938399
BLAST,2023,670,2,21,133269.23000000,16051981.15000002,2691698.06000000,0.16768635
BLAST,2023,670,2,22,77981.98000000,16051981.15000002,2769680.04000000,0.17254444
BLAST,2023,670,2,23,147470.52000000,16051981.15000002,2917150.56000000,0.18173150
BLAST,2023,670,2,24,155012.51000000,16051981.15000002,3072163.07000000,0.19138841
BLAST,2023,670,2,25,140538.39000000,16051981.15000002,3212701.46000000,0.20014361
BLAST,2023,670,2,26,94979.11000000,16051981.15000002,3307680.57000000,0.20606058
BLAST,2023,670,2,27,112894.17000000,16051981.15000002,3420574.74000000,0.21309362
BLAST,2023,670,2,28,66002.44000000,16051981.15000002,3486577.18000000,0.21720541
BLAST,2023,670,2,29,33415.64000000,16051981.15000002,3519992.82000000,0.21928713
BLAST,2023,680,2,1,22582.88000000,14730138.78000002,22582.88000000,0.00153311
BLAST,2023,680,2,2,12184.29000000,14730138.78000002,34767.17000000,0.00236027
BLAST,2023,680,2,3,110101.80000000,14730138.78000002,144868.97000000,0.00983487
BLAST,2023,680,2,4,204114.16000000,14730138.78000002,348983.13000000,0.02369177
BLAST,2023,680,2,5,162618.85000000,14730138.78000002,511601.98000000,0.03473165
BLAST,2023,680,2,6,297459.88000000,14730138.78000002,809061.86000000,0.05492561
BLAST,2023,680,2,7,128451.28000000,14730138.78000002,937513.14000000,0.06364591
BLAST,2023,680,2,8,145994.85000000,14730138.78000002,1083507.99000000,0.07355722
BLAST,2023,680,2,9,146553.25000000,14730138.78000002,1230061.24000000,0.08350643
BLAST,2023,680,2,10,153242.37000000,14730138.78000002,1383303.61000000,0.09390975
BLAST,2023,680,2,11,184310.65000000,14730138.78000002,1567614.26000000,0.10642223
BLAST,2023,680,2,12,180170.22000000,14730138.78000002,1747784.48000000,0.11865363
BLAST,2023,680,2,13,122300.95000000,14730138.78000002,1870085.43000000,0.12695640
BLAST,2023,680,2,14,94605.13000000,14730138.78000002,1964690.56000000,0.13337896
BLAST,2023,680,2,15,172980.31000000,14730138.78000002,2137670.87000000,0.14512225
BLAST,2023,680,2,16,169944.28000000,14730138.78000002,2307615.15000000,0.15665943
BLAST,2023,680,2,17,154243.41000000,14730138.78000002,2461858.56000000,0.16713071
BLAST,2023,680,2,18,173642.01000000,14730138.78000002,2635500.57000000,0.17891892
BLAST,2023,680,2,19,160310.57000000,14730138.78000002,2795811.14000000,0.18980209
BLAST,2023,680,2,20,85915.23000000,14730138.78000002,2881726.37000000,0.19563471
BLAST,2023,680,2,21,95833.65000000,14730138.78000002,2977560.02000000,0.20214066
BLAST,2023,680,2,22,41606.00000000,14730138.78000002,3019166.02000000,0.20496521
BLAST,2023,680,2,23,119550.29000000,14730138.78000002,3138716.31000000,0.21308124
BLAST,2023,680,2,24,65053.59000000,14730138.78000002,3203769.90000000,0.21749760
BLAST,2023,680,2,25,36953.84000000,14730138.78000002,3240723.74000000,0.22000633
BLAST,2023,680,2,26,149470.74000000,14730138.78000002,3390194.48000000,0.23015360
BLAST,2023,680,2,27,57622.59000000,14730138.78000002,3447817.07000000,0.23406548
BLAST,2023,680,2,28,76228.90000000,14730138.78000002,3524045.97000000,0.23924051
BLAST,2023,680,2,29,74134.09000000,14730138.78000002,3598180.06000000,0.24427333
BLAST,2023,690,2,2,25213.16000000,12476051.67000002,25213.16000000,0.00202092
BLAST,2023,690,2,3,48009.80000000,12476051.67000002,73222.96000000,0.00586908
BLAST,2023,690,2,4,41405.63000000,12476051.67000002,114628.59000000,0.00918789
BLAST,2023,690,2,5,95221.44000000,12476051.67000002,209850.03000000,0.01682023
BLAST,2023,690,2,6,87726.54000000,12476051.67000002,297576.57000000,0.02385182
BLAST,2023,690,2,7,112928.07000000,12476051.67000002,410504.64000000,0.03290341
BLAST,2023,690,2,8,223558.00000000,12476051.67000002,634062.64000000,0.05082238
BLAST,2023,690,2,9,156887.34000000,12476051.67000002,790949.98000000,0.06339746
BLAST,2023,690,2,10,70620.18000000,12476051.67000002,861570.16000000,0.06905792
BLAST,2023,690,2,11,173537.63000000,12476051.67000002,1035107.79000000,0.08296758
BLAST,2023,690,2,12,185761.71000000,12476051.67000002,1220869.50000000,0.09785704
BLAST,2023,690,2,13,116764.62000000,12476051.67000002,1337634.12000000,0.10721614
BLAST,2023,690,2,14,121209.97000000,12476051.67000002,1458844.09000000,0.11693155
BLAST,2023,690,2,15,209336.50000000,12476051.67000002,1668180.59000000,0.13371062
BLAST,2023,690,2,16,100636.33000000,12476051.67000002,1768816.92000000,0.14177698
BLAST,2023,690,2,17,22843.77000000,12476051.67000002,1791660.69000000,0.14360799
BLAST,2023,690,2,18,22667.98000000,12476051.67000002,1814328.67000000,0.14542491
BLAST,2023,690,2,19,99757.72000000,12476051.67000002,1914086.39000000,0.15342085
BLAST,2023,690,2,20,174407.73000000,12476051.67000002,2088494.12000000,0.16740025
BLAST,2023,690,2,21,219820.97000000,12476051.67000002,2308315.09000000,0.18501968
BLAST,2023,690,2,22,85799.58000000,12476051.67000002,2394114.67000000,0.19189682
BLAST,2023,690,2,23,59323.00000000,12476051.67000002,2453437.67000000,0.19665177
BLAST,2023,690,2,24,40606.03000000,12476051.67000002,2494043.70000000,0.19990649
BLAST,2023,690,2,25,148472.09000000,12476051.67000002,2642515.79000000,0.21180706
BLAST,2023,690,2,26,193549.55000000,12476051.67000002,2836065.34000000,0.22732074
BLAST,2023,690,2,27,18580.62000000,12476051.67000002,2854645.96000000,0.22881005
BLAST,2023,690,2,28,23206.38000000,12476051.67000002,2877852.34000000,0.23067012
BLAST,2023,690,2,29,19900.46000000,12476051.67000002,2897752.80000000,0.23226521
BLAST,2023,700,2,3,22196.02000000,11019911.67000000,22196.02000000,0.00201417
BLAST,2023,700,2,5,101494.17000000,11019911.67000000,123690.19000000,0.01122425
BLAST,2023,700,2,6,69069.05000000,11019911.67000000,192759.24000000,0.01749190
BLAST,2023,700,2,7,164372.29000000,11019911.67000000,357131.53000000,0.03240784
BLAST,2023,700,2,8,136693.84000000,11019911.67000000,493825.37000000,0.04481210
BLAST,2023,700,2,9,251284.66000000,11019911.67000000,745110.03000000,0.06761488
BLAST,2023,700,2,10,109490.32000000,11019911.67000000,854600.35000000,0.07755056
BLAST,2023,700,2,11,66013.74000000,11019911.67000000,920614.09000000,0.08354097
BLAST,2023,700,2,12,63925.59000000,11019911.67000000,984539.68000000,0.08934188
BLAST,2023,700,2,13,168484.12000000,11019911.67000000,1153023.80000000,0.10463095
BLAST,2023,700,2,14,115834.44000000,11019911.67000000,1268858.24000000,0.11514232
BLAST,2023,700,2,15,43967.46000000,11019911.67000000,1312825.70000000,0.11913214
BLAST,2023,700,2,16,81689.75000000,11019911.67000000,1394515.45000000,0.12654507
BLAST,2023,700,2,17,29279.98000000,11019911.67000000,1423795.43000000,0.12920207
BLAST,2023,700,2,18,107588.16000000,11019911.67000000,1531383.59000000,0.13896514
BLAST,2023,700,2,19,85336.93000000,11019911.67000000,1616720.52000000,0.14670903
BLAST,2023,700,2,21,83745.38000000,11019911.67000000,1700465.90000000,0.15430849
BLAST,2023,700,2,22,46643.71000000,11019911.67000000,1747109.61000000,0.15854116
BLAST,2023,700,2,23,109673.57000000,11019911.67000000,1856783.18000000,0.16849347
BLAST,2023,700,2,24,133527.12000000,11019911.67000000,1990310.30000000,0.18061037
BLAST,2023,700,2,25,124715.31000000,11019911.67000000,2115025.61000000,0.19192764
BLAST,2023,700,2,26,79733.71000000,11019911.67000000,2194759.32000000,0.19916306
BLAST,2023,700,2,27,22685.64000000,11019911.67000000,2217444.96000000,0.20122166
BLAST,2023,700,2,28,44392.71000000,11019911.67000000,2261837.67000000,0.20525007
BLAST,2023,700,2,29,25408.04000000,11019911.67000000,2287245.71000000,0.20755572
BLAST,2023,710,2,4,124547.13000000,8264631.63000001,124547.13000000,0.01506989
BLAST,2023,710,2,5,27809.54000000,8264631.63000001,152356.67000000,0.01843478
BLAST,2023,710,2,6,25775.53000000,8264631.63000001,178132.20000000,0.02155356
BLAST,2023,710,2,7,103492.85000000,8264631.63000001,281625.05000000,0.03407593
BLAST,2023,710,2,8,83282.25000000,8264631.63000001,364907.30000000,0.04415288
BLAST,2023,710,2,9,52656.91000000,8264631.63000001,417564.21000000,0.05052424
BLAST,2023,710,2,10,93976.15000000,8264631.63000001,511540.36000000,0.06189512
BLAST,2023,710,2,11,66052.58000000,8264631.63000001,577592.94000000,0.06988732
BLAST,2023,710,2,12,151907.96000000,8264631.63000001,729500.90000000,0.08826781
BLAST,2023,710,2,13,118263.79000000,8264631.63000001,847764.69000000,0.10257743
BLAST,2023,710,2,14,69197.98000000,8264631.63000001,916962.67000000,0.11095022
BLAST,2023,710,2,15,73535.73000000,8264631.63000001,990498.40000000,0.11984786
BLAST,2023,710,2,16,24394.04000000,8264631.63000001,1014892.44000000,0.12279948
BLAST,2023,710,2,17,45663.21000000,8264631.63000001,1060555.65000000,0.12832461
BLAST,2023,710,2,18,69009.90000000,8264631.63000001,1129565.55000000,0.13667464
BLAST,2023,710,2,19,22531.93000000,8264631.63000001,1152097.48000000,0.13940095
BLAST,2023,710,2,20,89003.29000000,8264631.63000001,1241100.77000000,0.15017013
BLAST,2023,710,2,21,83215.40000000,8264631.63000001,1324316.17000000,0.16023898
BLAST,2023,710,2,22,95127.83000000,8264631.63000001,1419444.00000000,0.17174922
BLAST,2023,710,2,23,108295.46000000,8264631.63000001,1527739.46000000,0.18485270
BLAST,2023,710,2,24,59246.54000000,8264631.63000001,1586986.00000000,0.19202138
BLAST,2023,710,2,25,43980.17000000,8264631.63000001,1630966.17000000,0.19734288
BLAST,2023,710,2,26,97480.54000000,8264631.63000001,1728446.71000000,0.20913778
BLAST,2023,710,2,28,18409.65000000,8264631.63000001,1746856.36000000,0.21136530
BLAST,2023,710,2,29,20225.91000000,8264631.63000001,1767082.27000000,0.21381259
BLAST,2023,720,2,1,27578.25000000,6732375.23000000,27578.25000000,0.00409636
BLAST,2023,720,2,2,11637.92000000,6732375.23000000,39216.17000000,0.00582501
BLAST,2023,720,2,3,23764.63000000,6732375.23000000,62980.80000000,0.00935492
BLAST,2023,720,2,4,40667.22000000,6732375.23000000,103648.02000000,0.01539546
BLAST,2023,720,2,5,73574.04000000,6732375.23000000,177222.06000000,0.02632385
BLAST,2023,720,2,6,26460.12000000,6732375.23000000,203682.18000000,0.03025413
BLAST,2023,720,2,7,69451.61000000,6732375.23000000,273133.79000000,0.04057020
BLAST,2023,720,2,8,49538.70000000,6732375.23000000,322672.49000000,0.04792848
BLAST,2023,720,2,9,25321.63000000,6732375.23000000,347994.12000000,0.05168965
BLAST,2023,720,2,10,77031.82000000,6732375.23000000,425025.94000000,0.06313165
BLAST,2023,720,2,11,52975.44000000,6732375.23000000,478001.38000000,0.07100041
BLAST,2023,720,2,13,90296.50000000,6732375.23000000,568297.88000000,0.08441269
BLAST,2023,720,2,14,69265.71000000,6732375.23000000,637563.59000000,0.09470114
BLAST,2023,720,2,15,165009.41000000,6732375.23000000,802573.00000000,0.11921097
BLAST,2023,720,2,16,67177.63000000,6732375.23000000,869750.63000000,0.12918927
BLAST,2023,720,2,17,67767.81000000,6732375.23000000,937518.44000000,0.13925523
BLAST,2023,720,2,18,20534.58000000,6732375.23000000,958053.02000000,0.14230535
BLAST,2023,720,2,19,41796.54000000,6732375.23000000,999849.56000000,0.14851364
BLAST,2023,720,2,20,131746.12000000,6732375.23000000,1131595.68000000,0.16808268
BLAST,2023,720,2,21,43670.75000000,6732375.23000000,1175266.43000000,0.17456936
BLAST,2023,720,2,23,1325.68000000,6732375.23000000,1176592.11000000,0.17476627
BLAST,2023,720,2,24,45308.06000000,6732375.23000000,1221900.17000000,0.18149615
BLAST,2023,720,2,25,58507.06000000,6732375.23000000,1280407.23000000,0.19018655
BLAST,2023,720,2,26,80544.68000000,6732375.23000000,1360951.91000000,0.20215034
BLAST,2023,720,2,28,20560.90000000,6732375.23000000,1381512.81000000,0.20520437
BLAST,2023,720,2,29,18357.87000000,6732375.23000000,1399870.68000000,0.20793117
BLAST,2023,730,2,1,22560.75000000,5834546.05000000,22560.75000000,0.00386675
BLAST,2023,730,2,3,19988.73000000,5834546.05000000,42549.48000000,0.00729268
BLAST,2023,730,2,4,72609.70000000,5834546.05000000,115159.18000000,0.01973747
BLAST,2023,730,2,5,26523.59000000,5834546.05000000,141682.77000000,0.02428343
BLAST,2023,730,2,6,49139.47000000,5834546.05000000,190822.24000000,0.03270558
BLAST,2023,730,2,7,90840.20000000,5834546.05000000,281662.44000000,0.04827495
BLAST,2023,730,2,8,45974.22000000,5834546.05000000,327636.66000000,0.05615461
BLAST,2023,730,2,9,30351.86000000,5834546.05000000,357988.52000000,0.06135670
BLAST,2023,730,2,10,50694.95000000,5834546.05000000,408683.47000000,0.07004546
BLAST,2023,730,2,12,19124.42000000,5834546.05000000,427807.89000000,0.07332325
BLAST,2023,730,2,13,69438.91000000,5834546.05000000,497246.80000000,0.08522459
BLAST,2023,730,2,14,61486.40000000,5834546.05000000,558733.20000000,0.09576293
BLAST,2023,730,2,15,21774.46000000,5834546.05000000,580507.66000000,0.09949491
BLAST,2023,730,2,16,23881.80000000,5834546.05000000,604389.46000000,0.10358809
BLAST,2023,730,2,17,58839.24000000,5834546.05000000,663228.70000000,0.11367272
BLAST,2023,730,2,18,92037.46000000,5834546.05000000,755266.16000000,0.12944729
BLAST,2023,730,2,20,20192.05000000,5834546.05000000,775458.21000000,0.13290806
BLAST,2023,730,2,21,22577.44000000,5834546.05000000,798035.65000000,0.13677768
BLAST,2023,730,2,22,157307.46000000,5834546.05000000,955343.11000000,0.16373906
BLAST,2023,730,2,24,20163.12000000,5834546.05000000,975506.23000000,0.16719488
BLAST,2023,730,2,28,24053.20000000,5834546.05000000,999559.43000000,0.17131743
BLAST,2023,740,2,2,24043.40000000,5130945.34000000,24043.40000000,0.00468596
BLAST,2023,740,2,3,51174.70000000,5130945.34000000,75218.10000000,0.01465970
BLAST,2023,740,2,4,42340.02000000,5130945.34000000,117558.12000000,0.02291159
BLAST,2023,740,2,5,81256.49000000,5130945.34000000,198814.61000000,0.03874814
BLAST,2023,740,2,6,25198.92000000,5130945.34000000,224013.53000000,0.04365931
BLAST,2023,740,2,7,23196.30000000,5130945.34000000,247209.83000000,0.04818017
BLAST,2023,740,2,8,24672.28000000,5130945.34000000,271882.11000000,0.05298870
BLAST,2023,740,2,9,24534.24000000,5130945.34000000,296416.35000000,0.05777032
BLAST,2023,740,2,10,49784.31000000,5130945.34000000,346200.66000000,0.06747308
BLAST,2023,740,2,11,21771.66000000,5130945.34000000,367972.32000000,0.07171628
BLAST,2023,740,2,12,54668.19000000,5130945.34000000,422640.51000000,0.08237089
BLAST,2023,740,2,14,47710.27000000,5130945.34000000,470350.78000000,0.09166942
BLAST,2023,740,2,15,47497.82000000,5130945.34000000,517848.60000000,0.10092655
BLAST,2023,740,2,16,41085.97000000,5130945.34000000,558934.57000000,0.10893403
BLAST,2023,740,2,18,70987.53000000,5130945.34000000,629922.10000000,0.12276921
BLAST,2023,740,2,20,25272.61000000,5130945.34000000,655194.71000000,0.12769474
BLAST,2023,740,2,22,17846.05000000,5130945.34000000,673040.76000000,0.13117286
BLAST,2023,740,2,25,125306.42000000,5130945.34000000,798347.18000000,0.15559456
BLAST,2023,740,2,26,23435.72000000,5130945.34000000,821782.90000000,0.16016208
BLAST,2023,740,2,27,18809.38000000,5130945.34000000,840592.28000000,0.16382795
BLAST,2023,740,2,29,32655.15000000,5130945.34000000,873247.43000000,0.17019231
BLAST,2023,750,2,6,23019.54000000,4185386.05000000,23019.54000000,0.00549998
BLAST,2023,750,2,7,54882.28000000,4185386.05000000,77901.82000000,0.01861282
BLAST,2023,750,2,9,46800.92000000,4185386.05000000,124702.74000000,0.02979480
BLAST,2023,750,2,10,21612.95000000,4185386.05000000,146315.69000000,0.03495871
BLAST,2023,750,2,12,21535.65000000,4185386.05000000,167851.34000000,0.04010415
BLAST,2023,750,2,14,23067.18000000,4185386.05000000,190918.52000000,0.04561551
BLAST,2023,750,2,15,10946.38000000,4185386.05000000,201864.90000000,0.04823089
BLAST,2023,750,2,16,42417.45000000,4185386.05000000,244282.35000000,0.05836555
BLAST,2023,750,2,19,51560.05000000,4185386.05000000,295842.40000000,0.07068461
BLAST,2023,750,2,20,61850.82000000,4185386.05000000,357693.22000000,0.08546242
BLAST,2023,750,2,21,24964.31000000,4185386.05000000,382657.53000000,0.09142706
BLAST,2023,750,2,22,68586.48000000,4185386.05000000,451244.01000000,0.10781419
BLAST,2023,750,2,23,38469.35000000,4185386.05000000,489713.36000000,0.11700554
BLAST,2023,750,2,24,20111.83000000,4185386.05000000,509825.19000000,0.12181079
BLAST,2023,750,2,25,20990.68000000,4185386.05000000,530815.87000000,0.12682602
BLAST,2023,750,2,26,34152.67000000,4185386.05000000,564968.54000000,0.13498600
BLAST,2023,750,2,27,22823.88000000,4185386.05000000,587792.42000000,0.14043924
BLAST,2023,750,2,28,22419.00000000,4185386.05000000,610211.42000000,0.14579573
BLAST,2023,760,2,6,30555.19000000,3349215.72000000,30555.19000000,0.00912309
BLAST,2023,760,2,7,43996.21000000,3349215.72000000,74551.40000000,0.02225936
BLAST,2023,760,2,8,30585.34000000,3349215.72000000,105136.74000000,0.03139145
BLAST,2023,760,2,9,24332.94000000,3349215.72000000,129469.68000000,0.03865672
BLAST,2023,760,2,12,77167.41000000,3349215.72000000,206637.09000000,0.06169716
BLAST,2023,760,2,15,19321.16000000,3349215.72000000,225958.25000000,0.06746602
BLAST,2023,760,2,17,21009.52000000,3349215.72000000,246967.77000000,0.07373899
BLAST,2023,760,2,18,62299.82000000,3349215.72000000,309267.59000000,0.09234030
BLAST,2023,760,2,19,22005.04000000,3349215.72000000,331272.63000000,0.09891051
BLAST,2023,760,2,20,29802.92000000,3349215.72000000,361075.55000000,0.10780899
BLAST,2023,760,2,22,24168.00000000,3349215.72000000,385243.55000000,0.11502500
BLAST,2023,760,2,24,57976.92000000,3349215.72000000,443220.47000000,0.13233560
BLAST,2023,760,2,26,60364.15000000,3349215.72000000,503584.62000000,0.15035897
BLAST,2023,760,2,28,22572.85000000,3349215.72000000,526157.47000000,0.15709871
BLAST,2023,760,2,29,20445.09000000,3349215.72000000,546602.56000000,0.16320315
BLAST,2023,770,1,4,56697.38000000,56697.38000000,56697.38000000,1.00000000
BLAST,2023,770,2,3,17362.10000000,3273579.63000000,17362.10000000,0.00530370
BLAST,2023,770,2,8,21255.27000000,3273579.63000000,38617.37000000,0.01179668
BLAST,2023,770,2,11,22717.22000000,3273579.63000000,61334.59000000,0.01873625
BLAST,2023,770,2,15,69929.46000000,3273579.63000000,131264.05000000,0.04009802
BLAST,2023,770,2,17,22928.23000000,3273579.63000000,154192.28000000,0.04710204
BLAST,2023,770,2,18,16329.55000000,3273579.63000000,170521.83000000,0.05209033
BLAST,2023,770,2,20,46420.73000000,3273579.63000000,216942.56000000,0.06627074
BLAST,2023,770,2,24,24219.15000000,3273579.63000000,241161.71000000,0.07366911
BLAST,2023,770,2,26,20376.42000000,3273579.63000000,261538.13000000,0.07989362
BLAST,2023,770,2,27,20790.66000000,3273579.63000000,282328.79000000,0.08624467
BLAST,2023,770,2,28,13046.96000000,3273579.63000000,295375.75000000,0.09023020
BLAST,2023,770,2,29,39627.41000000,3273579.63000000,335003.16000000,0.10233542
BLAST,2023,780,2,3,27872.05000000,3160051.54000000,27872.05000000,0.00882013
BLAST,2023,780,2,4,49300.22000000,3160051.54000000,77172.27000000,0.02442121
BLAST,2023,780,2,5,45720.75000000,3160051.54000000,122893.02000000,0.03888956
BLAST,2023,780,2,6,26738.27000000,3160051.54000000,149631.29000000,0.04735090
BLAST,2023,780,2,9,21654.78000000,3160051.54000000,171286.07000000,0.05420357
BLAST,2023,780,2,10,25891.31000000,3160051.54000000,197177.38000000,0.06239689
BLAST,2023,780,2,12,14523.68000000,3160051.54000000,211701.06000000,0.06699291
BLAST,2023,780,2,13,22285.55000000,3160051.54000000,233986.61000000,0.07404519
BLAST,2023,780,2,15,39486.32000000,3160051.54000000,273472.93000000,0.08654065
BLAST,2023,780,2,18,17354.75000000,3160051.54000000,290827.68000000,0.09203257
BLAST,2023,780,2,22,24950.67000000,3160051.54000000,315778.35000000,0.09992823
BLAST,2023,780,2,23,22926.82000000,3160051.54000000,338705.17000000,0.10718343
BLAST,2023,780,2,25,19679.96000000,3160051.54000000,358385.13000000,0.11341117
BLAST,2023,780,2,26,19040.09000000,3160051.54000000,377425.22000000,0.11943641
BLAST,2023,790,2,4,24140.37000000,1915273.27000000,24140.37000000,0.01260414
BLAST,2023,790,2,10,28050.90000000,1915273.27000000,52191.27000000,0.02725004
BLAST,2023,790,2,12,24396.26000000,1915273.27000000,76587.53000000,0.03998778
BLAST,2023,790,2,14,19436.29000000,1915273.27000000,96023.82000000,0.05013583
BLAST,2023,790,2,16,25734.38000000,1915273.27000000,121758.20000000,0.06357223
BLAST,2023,790,2,21,18095.68000000,1915273.27000000,139853.88000000,0.07302033
BLAST,2023,790,2,22,16548.53000000,1915273.27000000,156402.41000000,0.08166062
BLAST,2023,790,2,23,20903.16000000,1915273.27000000,177305.57000000,0.09257455
BLAST,2023,790,2,24,20590.84000000,1915273.27000000,197896.41000000,0.10332542
BLAST,2023,790,2,25,20972.21000000,1915273.27000000,218868.62000000,0.11427540
BLAST,2023,790,2,27,21200.03000000,1915273.27000000,240068.65000000,0.12534433
BLAST,2023,790,2,28,18744.42000000,1915273.27000000,258813.07000000,0.13513115
BLAST,2023,800,2,5,1601.43000000,1323283.91000000,1601.43000000,0.00121019
BLAST,2023,800,2,11,5310.21000000,1323283.91000000,6911.64000000,0.00522310
BLAST,2023,800,2,14,69589.27000000,1323283.91000000,76500.91000000,0.05781141
BLAST,2023,800,2,15,19923.57000000,1323283.91000000,96424.48000000,0.07286757
BLAST,2023,810,2,8,25976.05000000,872539.10000000,25976.05000000,0.02977064
BLAST,2023,810,2,23,24530.40000000,872539.10000000,50506.45000000,0.05788445
BLAST,2023,810,2,26,18594.20000000,872539.10000000,69100.65000000,0.07919490
BLAST,2023,820,2,9,24945.11000000,1040732.86000000,24945.11000000,0.02396879
BLAST,2023,820,2,20,17881.03000000,1040732.86000000,42826.14000000,0.04114998
BLAST,2023,820,2,21,23001.12000000,1040732.86000000,65827.26000000,0.06325087
BLAST,2023,820,2,23,14797.22000000,1040732.86000000,80624.48000000,0.07746895
BLAST,2023,830,2,4,23527.91000000,1068574.89000000,23527.91000000,0.02201803
BLAST,2023,830,2,10,36718.36000000,1068574.89000000,60246.27000000,0.05638002
BLAST,2023,830,2,19,17351.82000000,1068574.89000000,77598.09000000,0.07261830
BLAST,2023,840,2,20,25104.49000000,611566.18000000,25104.49000000,0.04104951
BLAST,2023,850,2,10,10388.86000000,397040.37000000,10388.86000000,0.02616575
BLAST,2023,860,2,22,24183.87000000,223470.85000000,24183.87000000,0.10821935
BLAST,2023,860,2,24,20327.92000000,223470.85000000,44511.79000000,0.19918388
BLAST,2023,870,2,24,20897.69000000,107273.53000000,20897.69000000,0.19480752
BLAST,2024,340,2,14,22117.85000000,23213.50000000,22117.85000000,0.95280117
BLAST,2024,360,2,15,11604.03000000,96729.24000000,11604.03000000,0.11996404
BLAST,2024,370,2,4,3999.03000000,842221.64000000,3999.03000000,0.00474819
BLAST,2024,370,2,5,17973.46000000,842221.64000000,21972.49000000,0.02608873
BLAST,2024,370,2,7,60078.75000000,842221.64000000,82051.24000000,0.09742238
BLAST,2024,370,2,10,25484.73000000,842221.64000000,107535.97000000,0.12768132
BLAST,2024,370,2,14,45727.76000000,842221.64000000,153263.73000000,0.18197553
BLAST,2024,370,2,15,21039.72000000,842221.64000000,174303.45000000,0.20695675
BLAST,2024,370,2,17,19423.63000000,842221.64000000,193727.08000000,0.23001912
BLAST,2024,380,2,3,44205.01000000,2097120.31000000,44205.01000000,0.02107891
BLAST,2024,380,2,4,47302.07000000,2097120.31000000,91507.08000000,0.04363464
BLAST,2024,380,2,6,39256.48000000,2097120.31000000,130763.56000000,0.06235387
BLAST,2024,380,2,7,29231.48000000,2097120.31000000,159995.04000000,0.07629273
BLAST,2024,380,2,10,65641.51000000,2097120.31000000,225636.55000000,0.10759352
BLAST,2024,380,2,11,23032.06000000,2097120.31000000,248668.61000000,0.11857623
BLAST,2024,380,2,12,40844.10000000,2097120.31000000,289512.71000000,0.13805250
BLAST,2024,380,2,13,47869.84000000,2097120.31000000,337382.55000000,0.16087897
BLAST,2024,380,2,14,62894.21000000,2097120.31000000,400276.76000000,0.19086972
BLAST,2024,380,2,15,18614.94000000,2097120.31000000,418891.70000000,0.19974615
BLAST,2024,380,2,17,51074.44000000,2097120.31000000,469966.14000000,0.22410071
BLAST,2024,380,2,19,31582.60000000,2097120.31000000,501548.74000000,0.23916069
BLAST,2024,380,2,23,20574.32000000,2097120.31000000,522123.06000000,0.24897144
BLAST,2024,390,2,3,19733.66000000,4333075.33000000,19733.66000000,0.00455419
BLAST,2024,390,2,4,74307.17000000,4333075.33000000,94040.83000000,0.02170302
BLAST,2024,390,2,5,46781.43000000,4333075.33000000,140822.26000000,0.03249938
BLAST,2024,390,2,6,66928.29000000,4333075.33000000,207750.55000000,0.04794529
BLAST,2024,390,2,7,44076.82000000,4333075.33000000,251827.37000000,0.05811747
BLAST,2024,390,2,8,97020.27000000,4333075.33000000,348847.64000000,0.08050809
BLAST,2024,390,2,9,63940.72000000,4333075.33000000,412788.36000000,0.09526452
BLAST,2024,390,2,10,71725.86000000,4333075.33000000,484514.22000000,0.11181763
BLAST,2024,390,2,11,74818.43000000,4333075.33000000,559332.65000000,0.12908445
BLAST,2024,390,2,12,3900.82000000,4333075.33000000,563233.47000000,0.12998469
BLAST,2024,390,2,13,58701.43000000,4333075.33000000,621934.90000000,0.14353198
BLAST,2024,390,2,14,57504.96000000,4333075.33000000,679439.86000000,0.15680315
BLAST,2024,390,2,15,22458.53000000,4333075.33000000,701898.39000000,0.16198620
BLAST,2024,390,2,16,94588.77000000,4333075.33000000,796487.16000000,0.18381567
BLAST,2024,390,2,17,96532.43000000,4333075.33000000,893019.59000000,0.20609371
BLAST,2024,390,2,18,28746.42000000,4333075.33000000,921766.01000000,0.21272790
BLAST,2024,390,2,19,37130.55000000,4333075.33000000,958896.56000000,0.22129700
BLAST,2024,390,2,20,37558.53000000,4333075.33000000,996455.09000000,0.22996487
BLAST,2024,390,2,21,37252.61000000,4333075.33000000,1033707.70000000,0.23856213
BLAST,2024,390,2,22,20709.54000000,4333075.33000000,1054417.24000000,0.24334154
BLAST,2024,390,2,23,42910.93000000,4333075.33000000,1097328.17000000,0.25324466
BLAST,2024,400,2,2,20574.19000000,8656844.03000000,20574.19000000,0.00237664
BLAST,2024,400,2,3,77514.36000000,8656844.03000000,98088.55000000,0.01133075
BLAST,2024,400,2,4,47447.62000000,8656844.03000000,145536.17000000,0.01681169
BLAST,2024,400,2,5,119813.23000000,8656844.03000000,265349.40000000,0.03065198
BLAST,2024,400,2,6,218798.14000000,8656844.03000000,484147.54000000,0.05592656
BLAST,2024,400,2,7,93744.91000000,8656844.03000000,577892.45000000,0.06675556
BLAST,2024,400,2,8,166441.89000000,8656844.03000000,744334.34000000,0.08598218
BLAST,2024,400,2,9,150451.29000000,8656844.03000000,894785.63000000,0.10336164
BLAST,2024,400,2,10,131641.99000000,8656844.03000000,1026427.62000000,0.11856834
BLAST,2024,400,2,11,300517.28000000,8656844.03000000,1326944.90000000,0.15328275
BLAST,2024,400,2,12,99293.58000000,8656844.03000000,1426238.48000000,0.16475271
BLAST,2024,400,2,13,149883.70000000,8656844.03000000,1576122.18000000,0.18206660
BLAST,2024,400,2,14,111747.90000000,8656844.03000000,1687870.08000000,0.19497522
BLAST,2024,400,2,15,107255.48000000,8656844.03000000,1795125.56000000,0.20736490
BLAST,2024,400,2,16,136135.54000000,8656844.03000000,1931261.10000000,0.22309067
BLAST,2024,400,2,17,129591.78000000,8656844.03000000,2060852.88000000,0.23806053
BLAST,2024,400,2,18,11086.78000000,8656844.03000000,2071939.66000000,0.23934123
BLAST,2024,400,2,19,63072.22000000,8656844.03000000,2135011.88000000,0.24662705
BLAST,2024,400,2,20,32527.31000000,8656844.03000000,2167539.19000000,0.25038446
BLAST,2024,400,2,21,44124.44000000,8656844.03000000,2211663.63000000,0.25548152
BLAST,2024,400,2,22,19152.94000000,8656844.03000000,2230816.57000000,0.25769398
BLAST,2024,400,2,23,46199.01000000,8656844.03000000,2277015.58000000,0.26303068
BLAST,2024,410,2,3,126018.99000000,15813634.41000000,126018.99000000,0.00796901
BLAST,2024,410,2,4,113473.74000000,15813634.41000000,239492.73000000,0.01514470
BLAST,2024,410,2,5,201748.34000000,15813634.41000000,441241.07000000,0.02790257
BLAST,2024,410,2,6,247090.08000000,15813634.41000000,688331.15000000,0.04352770
BLAST,2024,410,2,7,303706.51000000,15813634.41000000,992037.66000000,0.06273306
BLAST,2024,410,2,8,318674.55000000,15813634.41000000,1310712.21000000,0.08288494
BLAST,2024,410,2,9,95547.39000000,15813634.41000000,1406259.60000000,0.08892703
BLAST,2024,410,2,10,141235.89000000,15813634.41000000,1547495.49000000,0.09785831
BLAST,2024,410,2,11,287741.52000000,15813634.41000000,1835237.01000000,0.11605409
BLAST,2024,410,2,12,205996.96000000,15813634.41000000,2041233.97000000,0.12908063
BLAST,2024,410,2,13,247952.19000000,15813634.41000000,2289186.16000000,0.14476028
BLAST,2024,410,2,14,279349.67000000,15813634.41000000,2568535.83000000,0.16242540
BLAST,2024,410,2,15,118838.71000000,15813634.41000000,2687374.54000000,0.16994035
BLAST,2024,410,2,16,204804.27000000,15813634.41000000,2892178.81000000,0.18289147
BLAST,2024,410,2,17,108130.27000000,15813634.41000000,3000309.08000000,0.18972926
BLAST,2024,410,2,18,121281.03000000,15813634.41000000,3121590.11000000,0.19739865
BLAST,2024,410,2,19,106291.88000000,15813634.41000000,3227881.99000000,0.20412019
BLAST,2024,410,2,20,114724.79000000,15813634.41000000,3342606.78000000,0.21137499
BLAST,2024,410,2,21,102871.63000000,15813634.41000000,3445478.41000000,0.21788024
BLAST,2024,410,2,22,109224.01000000,15813634.41000000,3554702.42000000,0.22478719
BLAST,2024,410,2,23,32592.68000000,15813634.41000000,3587295.10000000,0.22684824
BLAST,2024,420,2,2,20100.90000000,29395702.87000002,20100.90000000,0.00068380
BLAST,2024,420,2,3,42014.09000000,29395702.87000002,62114.99000000,0.00211306
BLAST,2024,420,2,4,372240.89000000,29395702.87000002,434355.88000000,0.01477617
BLAST,2024,420,2,5,358861.29000000,29395702.87000002,793217.17000000,0.02698412
BLAST,2024,420,2,6,318582.34000000,29395702.87000002,1111799.51000000,0.03782184
BLAST,2024,420,2,7,548709.40000000,29395702.87000002,1660508.91000000,0.05648815
BLAST,2024,420,2,8,438725.86000000,29395702.87000002,2099234.77000000,0.07141298
BLAST,2024,420,2,9,463795.02000000,29395702.87000002,2563029.79000000,0.08719063
BLAST,2024,420,2,10,367330.62000000,29395702.87000002,2930360.41000000,0.09968669
BLAST,2024,420,2,11,410011.69000000,29395702.87000002,3340372.10000000,0.11363471
BLAST,2024,420,2,12,458746.85000000,29395702.87000002,3799118.95000000,0.12924062
BLAST,2024,420,2,13,268818.34000000,29395702.87000002,4067937.29000000,0.13838544
BLAST,2024,420,2,14,447147.91000000,29395702.87000002,4515085.20000000,0.15359678
BLAST,2024,420,2,15,263137.11000000,29395702.87000002,4778222.31000000,0.16254833
BLAST,2024,420,2,16,513441.08000000,29395702.87000002,5291663.39000000,0.18001486
BLAST,2024,420,2,17,312339.39000000,29395702.87000002,5604002.78000000,0.19064020
BLAST,2024,420,2,18,183660.54000000,29395702.87000002,5787663.32000000,0.19688807
BLAST,2024,420,2,19,258850.69000000,29395702.87000002,6046514.01000000,0.20569381
BLAST,2024,420,2,20,81628.05000000,29395702.87000002,6128142.06000000,0.20847068
BLAST,2024,420,2,21,149017.44000000,29395702.87000002,6277159.50000000,0.21354004
BLAST,2024,420,2,22,81420.96000000,29395702.87000002,6358580.46000000,0.21630986
BLAST,2024,420,2,23,43396.66000000,29395702.87000002,6401977.12000000,0.21778616
BLAST,2024,430,2,1,67869.11000000,39282504.85000002,67869.11000000,0.00172772
BLAST,2024,430,2,2,23063.42000000,39282504.85000002,90932.53000000,0.00231484
BLAST,2024,430,2,3,187352.09000000,39282504.85000002,278284.62000000,0.00708419
BLAST,2024,430,2,4,360504.34000000,39282504.85000002,638788.96000000,0.01626141
BLAST,2024,430,2,5,559762.16000000,39282504.85000002,1198551.12000000,0.03051107
BLAST,2024,430,2,6,558202.49000000,39282504.85000002,1756753.61000000,0.04472102
BLAST,2024,430,2,7,483525.41000000,39282504.85000002,2240279.02000000,0.05702994
BLAST,2024,430,2,8,411034.10000000,39282504.85000002,2651313.12000000,0.06749348
BLAST,2024,430,2,9,448989.92000000,39282504.85000002,3100303.04000000,0.07892325
BLAST,2024,430,2,10,551239.80000000,39282504.85000002,3651542.84000000,0.09295596
BLAST,2024,430,2,11,431771.35000000,39282504.85000002,4083314.19000000,0.10394740
BLAST,2024,430,2,12,664535.55000000,39282504.85000002,4747849.74000000,0.12086423
BLAST,2024,430,2,13,513531.36000000,39282504.85000002,5261381.10000000,0.13393701
BLAST,2024,430,2,14,568020.17000000,39282504.85000002,5829401.27000000,0.14839688
BLAST,2024,430,2,15,429231.40000000,39282504.85000002,6258632.67000000,0.15932367
BLAST,2024,430,2,16,358180.06000000,39282504.85000002,6616812.73000000,0.16844172
BLAST,2024,430,2,17,523909.70000000,39282504.85000002,7140722.43000000,0.18177869
BLAST,2024,430,2,18,346252.89000000,39282504.85000002,7486975.32000000,0.19059312
BLAST,2024,430,2,19,313486.14000000,39282504.85000002,7800461.46000000,0.19857342
BLAST,2024,430,2,20,266916.45000000,39282504.85000002,8067377.91000000,0.20536822
BLAST,2024,430,2,21,140993.98000000,39282504.85000002,8208371.89000000,0.20895745
BLAST,2024,430,2,22,215287.53000000,39282504.85000002,8423659.42000000,0.21443794
BLAST,2024,430,2,23,157102.71000000,39282504.85000002,8580762.13000000,0.21843724
BLAST,2024,440,2,1,23925.68000000,56457925.09999999,23925.68000000,0.00042378
BLAST,2024,440,2,2,24776.81000000,56457925.09999999,48702.49000000,0.00086263
BLAST,2024,440,2,3,452363.20000000,56457925.09999999,501065.69000000,0.00887503
BLAST,2024,440,2,4,585273.33000000,56457925.09999999,1086339.02000000,0.01924157
BLAST,2024,440,2,5,610394.37000000,56457925.09999999,1696733.39000000,0.03005306
BLAST,2024,440,2,6,780772.87000000,56457925.09999999,2477506.26000000,0.04388235
BLAST,2024,440,2,7,1096036.57000000,56457925.09999999,3573542.83000000,0.06329568
BLAST,2024,440,2,8,890874.98000000,56457925.09999999,4464417.81000000,0.07907513
BLAST,2024,440,2,9,730738.14000000,56457925.09999999,5195155.95000000,0.09201819
BLAST,2024,440,2,10,665073.30000000,56457925.09999999,5860229.25000000,0.10379817
BLAST,2024,440,2,11,890160.58000000,56457925.09999999,6750389.83000000,0.11956496
BLAST,2024,440,2,12,928567.65000000,56457925.09999999,7678957.48000000,0.13601204
BLAST,2024,440,2,13,876327.68000000,56457925.09999999,8555285.16000000,0.15153382
BLAST,2024,440,2,14,855057.71000000,56457925.09999999,9410342.87000000,0.16667886
BLAST,2024,440,2,15,520016.41000000,56457925.09999999,9930359.28000000,0.17588955
BLAST,2024,440,2,16,755901.55000000,56457925.09999999,10686260.83000000,0.18927831
BLAST,2024,440,2,17,604581.11000000,56457925.09999999,11290841.94000000,0.19998684
BLAST,2024,440,2,18,435448.46000000,56457925.09999999,11726290.40000000,0.20769963
BLAST,2024,440,2,19,429590.40000000,56457925.09999999,12155880.80000000,0.21530867
BLAST,2024,440,2,20,353118.38000000,56457925.09999999,12508999.18000000,0.22156321
BLAST,2024,440,2,21,288626.25000000,56457925.09999999,12797625.43000000,0.22667545
BLAST,2024,440,2,22,345178.50000000,56457925.09999999,13142803.93000000,0.23278935
BLAST,2024,440,2,23,155389.52000000,56457925.09999999,13298193.45000000,0.23554166
BLAST,2024,450,1,8,23273.69000000,41941.22000000,23273.69000000,0.55491209
BLAST,2024,450,2,2,98725.02000000,74776442.43999997,98725.02000000,0.00132027
BLAST,2024,450,2,3,317452.22000000,74776442.43999997,416177.24000000,0.00556562
BLAST,2024,450,2,4,659903.29000000,74776442.43999997,1076080.53000000,0.01439064
BLAST,2024,450,2,5,727218.31000000,74776442.43999997,1803298.84000000,0.02411587
BLAST,2024,450,2,6,954383.55000000,74776442.43999997,2757682.39000000,0.03687903
BLAST,2024,450,2,7,1225129.07000000,74776442.43999997,3982811.46000000,0.05326292
BLAST,2024,450,2,8,1171917.89000000,74776442.43999997,5154729.35000000,0.06893520
BLAST,2024,450,2,9,876059.60000000,74776442.43999997,6030788.95000000,0.08065092
BLAST,2024,450,2,10,705294.69000000,74776442.43999997,6736083.64000000,0.09008296
BLAST,2024,450,2,11,939722.27000000,74776442.43999997,7675805.91000000,0.10265005
BLAST,2024,450,2,12,1212515.08000000,74776442.43999997,8888320.99000000,0.11886526
BLAST,2024,450,2,13,1040043.92000000,74776442.43999997,9928364.91000000,0.13277397
BLAST,2024,450,2,14,1046553.97000000,74776442.43999997,10974918.88000000,0.14676974
BLAST,2024,450,2,15,801539.63000000,74776442.43999997,11776458.51000000,0.15748888
BLAST,2024,450,2,16,791494.55000000,74776442.43999997,12567953.06000000,0.16807370
BLAST,2024,450,2,17,737315.91000000,74776442.43999997,13305268.97000000,0.17793397
BLAST,2024,450,2,18,549876.47000000,74776442.43999997,13855145.44000000,0.18528757
BLAST,2024,450,2,19,685430.43000000,74776442.43999997,14540575.87000000,0.19445397
BLAST,2024,450,2,20,363771.81000000,74776442.43999997,14904347.68000000,0.19931876
BLAST,2024,450,2,21,255752.16000000,74776442.43999997,15160099.84000000,0.20273898
BLAST,2024,450,2,22,365589.94000000,74776442.43999997,15525689.78000000,0.20762809
BLAST,2024,450,2,23,261907.08000000,74776442.43999997,15787596.86000000,0.21113062
BLAST,2024,460,2,1,57962.93000000,92204163.07000014,57962.93000000,0.00062864
BLAST,2024,460,2,2,216018.84000000,92204163.07000014,273981.77000000,0.00297147
BLAST,2024,460,2,3,527120.04000000,92204163.07000014,801101.81000000,0.00868835
BLAST,2024,460,2,4,1021520.64000000,92204163.07000014,1822622.45000000,0.01976725
BLAST,2024,460,2,5,1218979.25000000,92204163.07000014,3041601.70000000,0.03298768
BLAST,2024,460,2,6,1317746.27000000,92204163.07000014,4359347.97000000,0.04727930
BLAST,2024,460,2,7,1441635.50000000,92204163.07000014,5800983.47000000,0.06291455
BLAST,2024,460,2,8,1479202.54000000,92204163.07000014,7280186.01000000,0.07895724
BLAST,2024,460,2,9,1422804.81000000,92204163.07000014,8702990.82000000,0.09438826
BLAST,2024,460,2,10,967453.50000000,92204163.07000014,9670444.32000000,0.10488078
BLAST,2024,460,2,11,1187897.54000000,92204163.07000014,10858341.86000000,0.11776412
BLAST,2024,460,2,12,1251053.45000000,92204163.07000014,12109395.31000000,0.13133241
BLAST,2024,460,2,13,1346172.98000000,92204163.07000014,13455568.29000000,0.14593233
BLAST,2024,460,2,14,1185703.96000000,92204163.07000014,14641272.25000000,0.15879188
BLAST,2024,460,2,15,1026383.66000000,92204163.07000014,15667655.91000000,0.16992352
BLAST,2024,460,2,16,1093797.79000000,92204163.07000014,16761453.70000000,0.18178630
BLAST,2024,460,2,17,952067.49000000,92204163.07000014,17713521.19000000,0.19211195
BLAST,2024,460,2,18,942544.21000000,92204163.07000014,18656065.40000000,0.20233431
BLAST,2024,460,2,19,731150.65000000,92204163.07000014,19387216.05000000,0.21026400
BLAST,2024,460,2,20,751414.60000000,92204163.07000014,20138630.65000000,0.21841346
BLAST,2024,460,2,21,422264.35000000,92204163.07000014,20560895.00000000,0.22299313
BLAST,2024,460,2,22,269181.95000000,92204163.07000014,20830076.95000000,0.22591254
BLAST,2024,460,2,23,239439.94000000,92204163.07000014,21069516.89000000,0.22850939
BLAST,2024,470,2,2,248950.58000000,120475495.06000039,248950.58000000,0.00206640
BLAST,2024,470,2,3,550220.74000000,120475495.06000039,799171.32000000,0.00663348
BLAST,2024,470,2,4,1124643.66000000,120475495.06000039,1923814.98000000,0.01596852
BLAST,2024,470,2,5,1576290.16000000,120475495.06000039,3500105.14000000,0.02905242
BLAST,2024,470,2,6,1620805.69000000,120475495.06000039,5120910.83000000,0.04250583
BLAST,2024,470,2,7,1478392.67000000,120475495.06000039,6599303.50000000,0.05477714
BLAST,2024,470,2,8,1463274.49000000,120475495.06000039,8062577.99000000,0.06692297
BLAST,2024,470,2,9,1512869.98000000,120475495.06000039,9575447.97000000,0.07948046
BLAST,2024,470,2,10,1554878.88000000,120475495.06000039,11130326.85000000,0.09238665
BLAST,2024,470,2,11,1385053.41000000,120475495.06000039,12515380.26000000,0.10388320
BLAST,2024,470,2,12,1339939.90000000,120475495.06000039,13855320.16000000,0.11500530
BLAST,2024,470,2,13,1799462.51000000,120475495.06000039,15654782.67000000,0.12994163
BLAST,2024,470,2,14,1709851.37000000,120475495.06000039,17364634.04000000,0.14413416
BLAST,2024,470,2,15,1479082.43000000,120475495.06000039,18843716.47000000,0.15641120
BLAST,2024,470,2,16,1455784.05000000,120475495.06000039,20299500.52000000,0.16849485
BLAST,2024,470,2,17,1202626.85000000,120475495.06000039,21502127.37000000,0.17847719
BLAST,2024,470,2,18,880901.97000000,120475495.06000039,22383029.34000000,0.18578906
BLAST,2024,470,2,19,961232.67000000,120475495.06000039,23344262.01000000,0.19376772
BLAST,2024,470,2,20,721366.49000000,120475495.06000039,24065628.50000000,0.19975538
BLAST,2024,470,2,21,328981.86000000,120475495.06000039,24394610.36000000,0.20248608
BLAST,2024,470,2,22,396195.86000000,120475495.06000039,24790806.22000000,0.20577468
BLAST,2024,470,2,23,308777.91000000,120475495.06000039,25099584.13000000,0.20833767
BLAST,2024,480,2,1,96404.03000000,130013542.27000019,96404.03000000,0.00074149
BLAST,2024,480,2,2,244742.06000000,130013542.27000019,341146.09000000,0.00262393
BLAST,2024,480,2,3,528055.67000000,130013542.27000019,869201.76000000,0.00668547
BLAST,2024,480,2,4,1268257.27000000,130013542.27000019,2137459.03000000,0.01644028
BLAST,2024,480,2,5,1905356.00000000,130013542.27000019,4042815.03000000,0.03109534
BLAST,2024,480,2,6,1786940.01000000,130013542.27000019,5829755.04000000,0.04483960
BLAST,2024,480,2,7,1777787.62000000,130013542.27000019,7607542.66000000,0.05851346
BLAST,2024,480,2,8,1514909.96000000,130013542.27000019,9122452.62000000,0.07016540
BLAST,2024,480,2,9,1842606.49000000,130013542.27000019,10965059.11000000,0.08433782
BLAST,2024,480,2,10,1487268.56000000,130013542.27000019,12452327.67000000,0.09577716
BLAST,2024,480,2,11,1890638.38000000,130013542.27000019,14342966.05000000,0.11031902
BLAST,2024,480,2,12,1799242.87000000,130013542.27000019,16142208.92000000,0.12415790
BLAST,2024,480,2,13,2302370.28000000,130013542.27000019,18444579.20000000,0.14186660
BLAST,2024,480,2,14,1866000.13000000,130013542.27000019,20310579.33000000,0.15621895
BLAST,2024,480,2,15,1324947.68000000,130013542.27000019,21635527.01000000,0.16640980
BLAST,2024,480,2,16,1559557.21000000,130013542.27000019,23195084.22000000,0.17840514
BLAST,2024,480,2,17,1427443.01000000,130013542.27000019,24622527.23000000,0.18938433
BLAST,2024,480,2,18,935737.15000000,130013542.27000019,25558264.38000000,0.19658156
BLAST,2024,480,2,19,972383.95000000,130013542.27000019,26530648.33000000,0.20406065
BLAST,2024,480,2,20,751187.93000000,130013542.27000019,27281836.26000000,0.20983842
BLAST,2024,480,2,21,516548.03000000,130013542.27000019,27798384.29000000,0.21381145
BLAST,2024,480,2,22,443006.13000000,130013542.27000019,28241390.42000000,0.21721884
BLAST,2024,480,2,23,327474.76000000,130013542.27000019,28568865.18000000,0.21973761
BLAST,2024,490,2,2,331202.68000000,145047075.99000019,331202.68000000,0.00228342
BLAST,2024,490,2,3,444416.26000000,145047075.99000019,775618.94000000,0.00534736
BLAST,2024,490,2,4,1455016.42000000,145047075.99000019,2230635.36000000,0.01537870
BLAST,2024,490,2,5,1475984.59000000,145047075.99000019,3706619.95000000,0.02555460
BLAST,2024,490,2,6,1883893.89000000,145047075.99000019,5590513.84000000,0.03854275
BLAST,2024,490,2,7,1935591.67000000,145047075.99000019,7526105.51000000,0.05188733
BLAST,2024,490,2,8,2194584.89000000,145047075.99000019,9720690.40000000,0.06701749
BLAST,2024,490,2,9,2065525.97000000,145047075.99000019,11786216.37000000,0.08125787
BLAST,2024,490,2,10,1803020.15000000,145047075.99000019,13589236.52000000,0.09368846
BLAST,2024,490,2,11,1831186.42000000,145047075.99000019,15420422.94000000,0.10631323
BLAST,2024,490,2,12,1556015.20000000,145047075.99000019,16976438.14000000,0.11704088
BLAST,2024,490,2,13,1923971.87000000,145047075.99000019,18900410.01000000,0.13030535
BLAST,2024,490,2,14,2192979.60000000,145047075.99000019,21093389.61000000,0.14542444
BLAST,2024,490,2,15,1524214.35000000,145047075.99000019,22617603.96000000,0.15593285
BLAST,2024,490,2,16,1756312.14000000,145047075.99000019,24373916.10000000,0.16804142
BLAST,2024,490,2,17,1721867.99000000,145047075.99000019,26095784.09000000,0.17991251
BLAST,2024,490,2,18,1103299.87000000,145047075.99000019,27199083.96000000,0.18751901
BLAST,2024,490,2,19,918482.62000000,145047075.99000019,28117566.58000000,0.19385132
BLAST,2024,490,2,20,987451.37000000,145047075.99000019,29105017.95000000,0.20065912
BLAST,2024,490,2,21,473496.10000000,145047075.99000019,29578514.05000000,0.20392355
BLAST,2024,490,2,22,508151.67000000,145047075.99000019,30086665.72000000,0.20742690
BLAST,2024,490,2,23,432018.43000000,145047075.99000019,30518684.15000000,0.21040537
BLAST,2024,500,1,18,25063.53000000,177406.56000000,25063.53000000,0.14127736
BLAST,2024,500,2,1,97594.09000000,161028860.10999984,97594.09000000,0.00060607
BLAST,2024,500,2,2,106243.32000000,161028860.10999984,203837.41000000,0.00126584
BLAST,2024,500,2,3,704476.65000000,161028860.10999984,908314.06000000,0.00564069
BLAST,2024,500,2,4,1705222.99000000,161028860.10999984,2613537.05000000,0.01623024
BLAST,2024,500,2,5,1680997.16000000,161028860.10999984,4294534.21000000,0.02666934
BLAST,2024,500,2,6,2035535.18000000,161028860.10999984,6330069.39000000,0.03931015
BLAST,2024,500,2,7,2310530.28000000,161028860.10999984,8640599.67000000,0.05365870
BLAST,2024,500,2,8,2039199.15000000,161028860.10999984,10679798.82000000,0.06632227
BLAST,2024,500,2,9,2106597.72000000,161028860.10999984,12786396.54000000,0.07940438
BLAST,2024,500,2,10,2252799.36000000,161028860.10999984,15039195.90000000,0.09339441
BLAST,2024,500,2,11,2205543.40000000,161028860.10999984,17244739.30000000,0.10709099
BLAST,2024,500,2,12,1834275.76000000,161028860.10999984,19079015.06000000,0.11848196
BLAST,2024,500,2,13,2176888.71000000,161028860.10999984,21255903.77000000,0.13200059
BLAST,2024,500,2,14,2325709.25000000,161028860.10999984,23581613.02000000,0.14644340
BLAST,2024,500,2,15,1756440.68000000,161028860.10999984,25338053.70000000,0.15735101
BLAST,2024,500,2,16,1813482.51000000,161028860.10999984,27151536.21000000,0.16861286
BLAST,2024,500,2,17,1334411.82000000,161028860.10999984,28485948.03000000,0.17689964
BLAST,2024,500,2,18,987614.55000000,161028860.10999984,29473562.58000000,0.18303280
BLAST,2024,500,2,19,1016571.28000000,161028860.10999984,30490133.86000000,0.18934577
BLAST,2024,500,2,20,953768.56000000,161028860.10999984,31443902.42000000,0.19526874
BLAST,2024,500,2,21,505869.27000000,161028860.10999984,31949771.69000000,0.19841022
BLAST,2024,500,2,22,480475.37000000,161028860.10999984,32430247.06000000,0.20139401
BLAST,2024,500,2,23,263036.70000000,161028860.10999984,32693283.76000000,0.20302748
BLAST,2024,510,1,2,30435.52000000,51445.17000000,30435.52000000,0.59161084
BLAST,2024,510,1,12,31569.95000000,51445.17000000,62005.47000000,1.20527291
BLAST,2024,510,2,1,103476.19000000,180313552.87999952,103476.19000000,0.00057387
BLAST,2024,510,2,2,261087.92000000,180313552.87999952,364564.11000000,0.00202183
BLAST,2024,510,2,3,876470.97000000,180313552.87999952,1241035.08000000,0.00688265
BLAST,2024,510,2,4,1692490.86000000,180313552.87999952,2933525.94000000,0.01626903
BLAST,2024,510,2,5,2362027.94000000,180313552.87999952,5295553.88000000,0.02936858
BLAST,2024,510,2,6,2242334.66000000,180313552.87999952,7537888.54000000,0.04180434
BLAST,2024,510,2,7,2241856.93000000,180313552.87999952,9779745.47000000,0.05423744
BLAST,2024,510,2,8,2155341.80000000,180313552.87999952,11935087.27000000,0.06619074
BLAST,2024,510,2,9,2014912.03000000,180313552.87999952,13949999.30000000,0.07736523
BLAST,2024,510,2,10,2308193.05000000,180313552.87999952,16258192.35000000,0.09016622
BLAST,2024,510,2,11,2731675.67000000,180313552.87999952,18989868.02000000,0.10531581
BLAST,2024,510,2,12,2401731.40000000,180313552.87999952,21391599.42000000,0.11863556
BLAST,2024,510,2,13,2274752.00000000,180313552.87999952,23666351.42000000,0.13125110
BLAST,2024,510,2,14,2697088.86000000,180313552.87999952,26363440.28000000,0.14620887
BLAST,2024,510,2,15,2077562.89000000,180313552.87999952,28441003.17000000,0.15773081
BLAST,2024,510,2,16,1866821.42000000,180313552.87999952,30307824.59000000,0.16808401
BLAST,2024,510,2,17,2007167.44000000,180313552.87999952,32314992.03000000,0.17921555
BLAST,2024,510,2,18,1352584.15000000,180313552.87999952,33667576.18000000,0.18671684
BLAST,2024,510,2,19,887879.23000000,180313552.87999952,34555455.41000000,0.19164092
BLAST,2024,510,2,20,1386013.04000000,180313552.87999952,35941468.45000000,0.19932760
BLAST,2024,510,2,21,426778.96000000,180313552.87999952,36368247.41000000,0.20169448
BLAST,2024,510,2,22,600034.36000000,180313552.87999952,36968281.77000000,0.20502220
BLAST,2024,510,2,23,417967.49000000,180313552.87999952,37386249.26000000,0.20734021
BLAST,2024,520,1,16,5628.81000000,106449.86000000,5628.81000000,0.05287757
BLAST,2024,520,2,1,171477.70000000,164536956.88999987,171477.70000000,0.00104218
BLAST,2024,520,2,2,248208.81000000,164536956.88999987,419686.51000000,0.00255071
BLAST,2024,520,2,3,774956.01000000,164536956.88999987,1194642.52000000,0.00726063
BLAST,2024,520,2,4,1646804.42000000,164536956.88999987,2841446.94000000,0.01726935
BLAST,2024,520,2,5,2117434.21000000,164536956.88999987,4958881.15000000,0.03013840
BLAST,2024,520,2,6,1790918.99000000,164536956.88999987,6749800.14000000,0.04102300
BLAST,2024,520,2,7,2198486.47000000,164536956.88999987,8948286.61000000,0.05438466
BLAST,2024,520,2,8,2359529.87000000,164536956.88999987,11307816.48000000,0.06872509
BLAST,2024,520,2,9,1792759.81000000,164536956.88999987,13100576.29000000,0.07962087
BLAST,2024,520,2,10,1937234.02000000,164536956.88999987,15037810.31000000,0.09139473
BLAST,2024,520,2,11,2152004.51000000,164536956.88999987,17189814.82000000,0.10447388
BLAST,2024,520,2,12,2163455.12000000,164536956.88999987,19353269.94000000,0.11762263
BLAST,2024,520,2,13,2207908.81000000,164536956.88999987,21561178.75000000,0.13104156
BLAST,2024,520,2,14,2268625.19000000,164536956.88999987,23829803.94000000,0.14482949
BLAST,2024,520,2,15,1551479.34000000,164536956.88999987,25381283.28000000,0.15425886
BLAST,2024,520,2,16,2097672.52000000,164536956.88999987,27478955.80000000,0.16700780
BLAST,2024,520,2,17,1577801.24000000,164536956.88999987,29056757.04000000,0.17659715
BLAST,2024,520,2,18,1202929.36000000,164536956.88999987,30259686.40000000,0.18390814
BLAST,2024,520,2,19,987764.38000000,164536956.88999987,31247450.78000000,0.18991144
BLAST,2024,520,2,20,981916.87000000,164536956.88999987,32229367.65000000,0.19587920
BLAST,2024,520,2,21,608808.59000000,164536956.88999987,32838176.24000000,0.19957933
BLAST,2024,520,2,22,397357.97000000,164536956.88999987,33235534.21000000,0.20199434
BLAST,2024,520,2,23,324541.26000000,164536956.88999987,33560075.47000000,0.20396679
BLAST,2024,530,1,3,10715.03000000,204302.58000000,10715.03000000,0.05244687
BLAST,2024,530,1,4,23728.34000000,204302.58000000,34443.37000000,0.16858999
BLAST,2024,530,2,1,45362.65000000,167580665.80999956,45362.65000000,0.00027069
BLAST,2024,530,2,2,222763.94000000,167580665.80999956,268126.59000000,0.00159999
BLAST,2024,530,2,3,949512.07000000,167580665.80999956,1217638.66000000,0.00726599
BLAST,2024,530,2,4,1593540.73000000,167580665.80999956,2811179.39000000,0.01677508
BLAST,2024,530,2,5,2034309.58000000,167580665.80999956,4845488.97000000,0.02891437
BLAST,2024,530,2,6,1835957.99000000,167580665.80999956,6681446.96000000,0.03987003
BLAST,2024,530,2,7,2296595.51000000,167580665.80999956,8978042.47000000,0.05357445
BLAST,2024,530,2,8,1945506.99000000,167580665.80999956,10923549.46000000,0.06518383
BLAST,2024,530,2,9,1533904.17000000,167580665.80999956,12457453.63000000,0.07433706
BLAST,2024,530,2,10,2170936.46000000,167580665.80999956,14628390.09000000,0.08729163
BLAST,2024,530,2,11,1824098.66000000,167580665.80999956,16452488.75000000,0.09817653
BLAST,2024,530,2,12,2152023.71000000,167580665.80999956,18604512.46000000,0.11101825
BLAST,2024,530,2,13,2183113.92000000,167580665.80999956,20787626.38000000,0.12404549
BLAST,2024,530,2,14,2641886.32000000,167580665.80999956,23429512.70000000,0.13981036
BLAST,2024,530,2,15,1495575.60000000,167580665.80999956,24925088.30000000,0.14873487
BLAST,2024,530,2,16,2023755.50000000,167580665.80999956,26948843.80000000,0.16081118
BLAST,2024,530,2,17,1703432.43000000,167580665.80999956,28652276.23000000,0.17097603
BLAST,2024,530,2,18,1095161.97000000,167580665.80999956,29747438.20000000,0.17751116
BLAST,2024,530,2,19,1206438.55000000,167580665.80999956,30953876.75000000,0.18471031
BLAST,2024,530,2,20,1092953.75000000,167580665.80999956,32046830.50000000,0.19123227
BLAST,2024,530,2,21,579970.41000000,167580665.80999956,32626800.91000000,0.19469311
BLAST,2024,530,2,22,533737.41000000,167580665.80999956,33160538.32000000,0.19787807
BLAST,2024,530,2,23,333874.93000000,167580665.80999956,33494413.25000000,0.19987039
BLAST,2024,540,1,11,27508.35000000,313687.09000000,27508.35000000,0.08769360
BLAST,2024,540,1,13,58696.49000000,313687.09000000,86204.84000000,0.27481156
BLAST,2024,540,1,15,27158.46000000,313687.09000000,113363.30000000,0.36138975
BLAST,2024,540,2,1,89034.97000000,162605739.93999979,89034.97000000,0.00054755
BLAST,2024,540,2,2,242048.51000000,162605739.93999979,331083.48000000,0.00203611
BLAST,2024,540,2,3,836510.15000000,162605739.93999979,1167593.63000000,0.00718052
BLAST,2024,540,2,4,1379045.99000000,162605739.93999979,2546639.62000000,0.01566144
BLAST,2024,540,2,5,1851246.13000000,162605739.93999979,4397885.75000000,0.02704631
BLAST,2024,540,2,6,2098760.53000000,162605739.93999979,6496646.28000000,0.03995336
BLAST,2024,540,2,7,2000022.40000000,162605739.93999979,8496668.68000000,0.05225319
BLAST,2024,540,2,8,2210414.78000000,162605739.93999979,10707083.46000000,0.06584690
BLAST,2024,540,2,9,1549367.03000000,162605739.93999979,12256450.49000000,0.07537526
BLAST,2024,540,2,10,1741315.61000000,162605739.93999979,13997766.10000000,0.08608408
BLAST,2024,540,2,11,1929363.70000000,162605739.93999979,15927129.80000000,0.09794937
BLAST,2024,540,2,12,2150397.88000000,162605739.93999979,18077527.68000000,0.11117398
BLAST,2024,540,2,13,1967967.67000000,162605739.93999979,20045495.35000000,0.12327668
BLAST,2024,540,2,14,2225985.26000000,162605739.93999979,22271480.61000000,0.13696614
BLAST,2024,540,2,15,1183513.73000000,162605739.93999979,23454994.34000000,0.14424457
BLAST,2024,540,2,16,1774410.54000000,162605739.93999979,25229404.88000000,0.15515691
BLAST,2024,540,2,17,2039087.97000000,162605739.93999979,27268492.85000000,0.16769699
BLAST,2024,540,2,18,1310301.83000000,162605739.93999979,28578794.68000000,0.17575514
BLAST,2024,540,2,19,1126747.91000000,162605739.93999979,29705542.59000000,0.18268446
BLAST,2024,540,2,20,1003625.52000000,162605739.93999979,30709168.11000000,0.18885661
BLAST,2024,540,2,21,538122.11000000,162605739.93999979,31247290.22000000,0.19216597
BLAST,2024,540,2,22,376233.85000000,162605739.93999979,31623524.07000000,0.19447975
BLAST,2024,540,2,23,481243.57000000,162605739.93999979,32104767.64000000,0.19743933
BLAST,2024,550,2,1,85067.00000000,169434344.72999975,85067.00000000,0.00050206
BLAST,2024,550,2,2,172106.95000000,169434344.72999975,257173.95000000,0.00151784
BLAST,2024,550,2,3,970966.30000000,169434344.72999975,1228140.25000000,0.00724847
BLAST,2024,550,2,4,1868236.30000000,169434344.72999975,3096376.55000000,0.01827479
BLAST,2024,550,2,5,1934486.88000000,169434344.72999975,5030863.43000000,0.02969211
BLAST,2024,550,2,6,2077353.49000000,169434344.72999975,7108216.92000000,0.04195263
BLAST,2024,550,2,7,2334020.32000000,169434344.72999975,9442237.24000000,0.05572800
BLAST,2024,550,2,8,2530145.55000000,169434344.72999975,11972382.79000000,0.07066090
BLAST,2024,550,2,9,1885841.99000000,169434344.72999975,13858224.78000000,0.08179112
BLAST,2024,550,2,10,2053690.39000000,169434344.72999975,15911915.17000000,0.09391198
BLAST,2024,550,2,11,1892714.65000000,169434344.72999975,17804629.82000000,0.10508277
BLAST,2024,550,2,12,1705488.99000000,169434344.72999975,19510118.81000000,0.11514855
BLAST,2024,550,2,13,2018334.10000000,169434344.72999975,21528452.91000000,0.12706074
BLAST,2024,550,2,14,3167926.43000000,169434344.72999975,24696379.34000000,0.14575781
BLAST,2024,550,2,15,1434084.75000000,169434344.72999975,26130464.09000000,0.15422177
BLAST,2024,550,2,16,1940597.96000000,169434344.72999975,28071062.05000000,0.16567516
BLAST,2024,550,2,17,1839116.72000000,169434344.72999975,29910178.77000000,0.17652961
BLAST,2024,550,2,18,1222274.34000000,169434344.72999975,31132453.11000000,0.18374346
BLAST,2024,550,2,19,1102702.31000000,169434344.72999975,32235155.42000000,0.19025160
BLAST,2024,550,2,20,815580.52000000,169434344.72999975,33050735.94000000,0.19506515
BLAST,2024,550,2,21,428131.93000000,169434344.72999975,33478867.87000000,0.19759198
BLAST,2024,550,2,22,443705.08000000,169434344.72999975,33922572.95000000,0.20021072
BLAST,2024,550,2,23,576679.11000000,169434344.72999975,34499252.06000000,0.20361428
BLAST,2024,560,1,5,30075.01000000,257138.67000000,30075.01000000,0.11696028
BLAST,2024,560,1,15,41758.28000000,257138.67000000,71833.29000000,0.27935623
BLAST,2024,560,1,18,40196.71000000,257138.67000000,112030.00000000,0.43567932
BLAST,2024,560,2,1,72881.06000000,152221535.24000031,72881.06000000,0.00047878
BLAST,2024,560,2,2,252003.84000000,152221535.24000031,324884.90000000,0.00213429
BLAST,2024,560,2,3,587602.76000000,152221535.24000031,912487.66000000,0.00599447
BLAST,2024,560,2,4,1650122.05000000,152221535.24000031,2562609.71000000,0.01683474
BLAST,2024,560,2,5,1659575.40000000,152221535.24000031,4222185.11000000,0.02773711
BLAST,2024,560,2,6,1942940.45000000,152221535.24000031,6165125.56000000,0.04050101
BLAST,2024,560,2,7,1859812.24000000,152221535.24000031,8024937.80000000,0.05271881
BLAST,2024,560,2,8,1718197.40000000,152221535.24000031,9743135.20000000,0.06400629
BLAST,2024,560,2,9,1603227.01000000,152221535.24000031,11346362.21000000,0.07453848
BLAST,2024,560,2,10,1779289.39000000,152221535.24000031,13125651.60000000,0.08622730
BLAST,2024,560,2,11,1695500.12000000,152221535.24000031,14821151.72000000,0.09736567
BLAST,2024,560,2,12,1590998.11000000,152221535.24000031,16412149.83000000,0.10781753
BLAST,2024,560,2,13,2310341.03000000,152221535.24000031,18722490.86000000,0.12299502
BLAST,2024,560,2,14,1910935.72000000,152221535.24000031,20633426.58000000,0.13554867
BLAST,2024,560,2,15,1730974.39000000,152221535.24000031,22364400.97000000,0.14692009
BLAST,2024,560,2,16,1416120.77000000,152221535.24000031,23780521.74000000,0.15622311
BLAST,2024,560,2,17,1532354.28000000,152221535.24000031,25312876.02000000,0.16628972
BLAST,2024,560,2,18,859106.36000000,152221535.24000031,26171982.38000000,0.17193351
BLAST,2024,560,2,19,742590.33000000,152221535.24000031,26914572.71000000,0.17681186
BLAST,2024,560,2,20,1139505.10000000,152221535.24000031,28054077.81000000,0.18429769
BLAST,2024,560,2,21,450964.70000000,152221535.24000031,28505042.51000000,0.18726025
BLAST,2024,560,2,22,288016.19000000,152221535.24000031,28793058.70000000,0.18915233
BLAST,2024,560,2,23,346759.83000000,152221535.24000031,29139818.53000000,0.19143033
BLAST,2024,570,1,5,29741.00000000,351343.84000000,29741.00000000,0.08464927
BLAST,2024,570,1,12,46676.95000000,351343.84000000,76417.95000000,0.21750189
BLAST,2024,570,1,15,25826.01000000,351343.84000000,102243.96000000,0.29100826
BLAST,2024,570,1,23,26617.11000000,351343.84000000,128861.07000000,0.36676627
BLAST,2024,570,2,1,60121.42000000,142355787.18000007,60121.42000000,0.00042233
BLAST,2024,570,2,2,178455.13000000,142355787.18000007,238576.55000000,0.00167592
BLAST,2024,570,2,3,676212.65000000,142355787.18000007,914789.20000000,0.00642608
BLAST,2024,570,2,4,1129091.13000000,142355787.18000007,2043880.33000000,0.01435755
BLAST,2024,570,2,5,1473565.84000000,142355787.18000007,3517446.17000000,0.02470884
BLAST,2024,570,2,6,1680095.33000000,142355787.18000007,5197541.50000000,0.03651093
BLAST,2024,570,2,7,1894004.13000000,142355787.18000007,7091545.63000000,0.04981565
BLAST,2024,570,2,8,1926620.68000000,142355787.18000007,9018166.31000000,0.06334949
BLAST,2024,570,2,9,1459289.18000000,142355787.18000007,10477455.49000000,0.07360049
BLAST,2024,570,2,10,1417048.50000000,142355787.18000007,11894503.99000000,0.08355476
BLAST,2024,570,2,11,1621014.45000000,142355787.18000007,13515518.44000000,0.09494183
BLAST,2024,570,2,12,1992210.73000000,142355787.18000007,15507729.17000000,0.10893642
BLAST,2024,570,2,13,1229386.59000000,142355787.18000007,16737115.76000000,0.11757243
BLAST,2024,570,2,14,1867111.24000000,142355787.18000007,18604227.00000000,0.13068824
BLAST,2024,570,2,15,1336711.11000000,142355787.18000007,19940938.11000000,0.14007817
BLAST,2024,570,2,16,1193283.60000000,142355787.18000007,21134221.71000000,0.14846057
BLAST,2024,570,2,17,1589615.57000000,142355787.18000007,22723837.28000000,0.15962707
BLAST,2024,570,2,18,952832.10000000,142355787.18000007,23676669.38000000,0.16632039
BLAST,2024,570,2,19,715847.96000000,142355787.18000007,24392517.34000000,0.17134897
BLAST,2024,570,2,20,640241.05000000,142355787.18000007,25032758.39000000,0.17584644
BLAST,2024,570,2,21,385100.94000000,142355787.18000007,25417859.33000000,0.17855164
BLAST,2024,570,2,22,397409.72000000,142355787.18000007,25815269.05000000,0.18134331
BLAST,2024,570,2,23,314438.96000000,142355787.18000007,26129708.01000000,0.18355213
BLAST,2024,580,1,9,23917.88000000,241232.26000000,23917.88000000,0.09914876
BLAST,2024,580,2,2,309924.92000000,132048856.35000041,309924.92000000,0.00234705
BLAST,2024,580,2,3,732487.77000000,132048856.35000041,1042412.69000000,0.00789414
BLAST,2024,580,2,4,1216683.69000000,132048856.35000041,2259096.38000000,0.01710803
BLAST,2024,580,2,5,1485068.26000000,132048856.35000041,3744164.64000000,0.02835439
BLAST,2024,580,2,6,1643007.72000000,132048856.35000041,5387172.36000000,0.04079681
BLAST,2024,580,2,7,1461521.41000000,132048856.35000041,6848693.77000000,0.05186485
BLAST,2024,580,2,8,1526733.13000000,132048856.35000041,8375426.90000000,0.06342673
BLAST,2024,580,2,9,1462241.72000000,132048856.35000041,9837668.62000000,0.07450022
BLAST,2024,580,2,10,1101230.49000000,132048856.35000041,10938899.11000000,0.08283979
BLAST,2024,580,2,11,1771487.32000000,132048856.35000041,12710386.43000000,0.09625518
BLAST,2024,580,2,12,1326669.62000000,132048856.35000041,14037056.05000000,0.10630199
BLAST,2024,580,2,13,1611326.92000000,132048856.35000041,15648382.97000000,0.11850449
BLAST,2024,580,2,14,1342313.02000000,132048856.35000041,16990695.99000000,0.12866977
BLAST,2024,580,2,15,1240527.77000000,132048856.35000041,18231223.76000000,0.13806423
BLAST,2024,580,2,16,1317433.42000000,132048856.35000041,19548657.18000000,0.14804109
BLAST,2024,580,2,17,1137439.45000000,132048856.35000041,20686096.63000000,0.15665487
BLAST,2024,580,2,18,768039.50000000,132048856.35000041,21454136.13000000,0.16247120
BLAST,2024,580,2,19,875155.71000000,132048856.35000041,22329291.84000000,0.16909871
BLAST,2024,580,2,20,652465.39000000,132048856.35000041,22981757.23000000,0.17403981
BLAST,2024,580,2,21,356938.27000000,132048856.35000041,23338695.50000000,0.17674288
BLAST,2024,580,2,22,301757.68000000,132048856.35000041,23640453.18000000,0.17902808
BLAST,2024,580,2,23,486688.96000000,132048856.35000041,24127142.14000000,0.18271375
BLAST,2024,590,1,17,23071.80000000,143263.52000000,23071.80000000,0.16104449
BLAST,2024,590,2,1,9794.41000000,117812257.90000024,9794.41000000,0.00008314
BLAST,2024,590,2,2,258337.15000000,117812257.90000024,268131.56000000,0.00227592
BLAST,2024,590,2,3,436457.86000000,117812257.90000024,704589.42000000,0.00598061
BLAST,2024,590,2,4,1352890.82000000,117812257.90000024,2057480.24000000,0.01746406
BLAST,2024,590,2,5,1420387.18000000,117812257.90000024,3477867.42000000,0.02952042
BLAST,2024,590,2,6,1237129.17000000,117812257.90000024,4714996.59000000,0.04002127
BLAST,2024,590,2,7,1057088.32000000,117812257.90000024,5772084.91000000,0.04899392
BLAST,2024,590,2,8,1613602.62000000,117812257.90000024,7385687.53000000,0.06269031
BLAST,2024,590,2,9,1487315.02000000,117812257.90000024,8873002.55000000,0.07531477
BLAST,2024,590,2,10,1191011.28000000,117812257.90000024,10064013.83000000,0.08542417
BLAST,2024,590,2,11,1204813.72000000,117812257.90000024,11268827.55000000,0.09565072
BLAST,2024,590,2,12,1501781.56000000,117812257.90000024,12770609.11000000,0.10839797
BLAST,2024,590,2,13,1313828.29000000,117812257.90000024,14084437.40000000,0.11954985
BLAST,2024,590,2,14,1437141.14000000,117812257.90000024,15521578.54000000,0.13174842
BLAST,2024,590,2,15,920573.85000000,117812257.90000024,16442152.39000000,0.13956232
BLAST,2024,590,2,16,847240.51000000,117812257.90000024,17289392.90000000,0.14675377
BLAST,2024,590,2,17,1020433.46000000,117812257.90000024,18309826.36000000,0.15541529
BLAST,2024,590,2,18,673188.64000000,117812257.90000024,18983015.00000000,0.16112937
BLAST,2024,590,2,19,658699.86000000,117812257.90000024,19641714.86000000,0.16672047
BLAST,2024,590,2,20,683243.79000000,117812257.90000024,20324958.65000000,0.17251990
BLAST,2024,590,2,21,389237.54000000,117812257.90000024,20714196.19000000,0.17582378
BLAST,2024,590,2,22,282345.41000000,117812257.90000024,20996541.60000000,0.17822035
BLAST,2024,590,2,23,248998.70000000,117812257.90000024,21245540.30000000,0.18033387
BLAST,2024,600,2,1,75042.98000000,115403964.07000038,75042.98000000,0.00065026
BLAST,2024,600,2,2,38348.15000000,115403964.07000038,113391.13000000,0.00098256
BLAST,2024,600,2,3,527035.74000000,115403964.07000038,640426.87000000,0.00554944
BLAST,2024,600,2,4,814369.82000000,115403964.07000038,1454796.69000000,0.01260612
BLAST,2024,600,2,5,1619693.15000000,115403964.07000038,3074489.84000000,0.02664111
BLAST,2024,600,2,6,1045646.43000000,115403964.07000038,4120136.27000000,0.03570186
BLAST,2024,600,2,7,1247878.63000000,115403964.07000038,5368014.90000000,0.04651500
BLAST,2024,600,2,8,1589044.19000000,115403964.07000038,6957059.09000000,0.06028440
BLAST,2024,600,2,9,1356361.33000000,115403964.07000038,8313420.42000000,0.07203756
BLAST,2024,600,2,10,1256365.44000000,115403964.07000038,9569785.86000000,0.08292424
BLAST,2024,600,2,11,1237877.35000000,115403964.07000038,10807663.21000000,0.09365071
BLAST,2024,600,2,12,1456812.19000000,115403964.07000038,12264475.40000000,0.10627430
BLAST,2024,600,2,13,1339102.00000000,115403964.07000038,13603577.40000000,0.11787790
BLAST,2024,600,2,14,1603268.16000000,115403964.07000038,15206845.56000000,0.13177057
BLAST,2024,600,2,15,1025878.52000000,115403964.07000038,16232724.08000000,0.14066002
BLAST,2024,600,2,16,1237069.34000000,115403964.07000038,17469793.42000000,0.15137949
BLAST,2024,600,2,17,1156294.29000000,115403964.07000038,18626087.71000000,0.16139903
BLAST,2024,600,2,18,463048.77000000,115403964.07000038,19089136.48000000,0.16541145
BLAST,2024,600,2,19,828003.67000000,115403964.07000038,19917140.15000000,0.17258627
BLAST,2024,600,2,20,417907.23000000,115403964.07000038,20335047.38000000,0.17620753
BLAST,2024,600,2,21,323563.79000000,115403964.07000038,20658611.17000000,0.17901128
BLAST,2024,600,2,22,294233.22000000,115403964.07000038,20952844.39000000,0.18156087
BLAST,2024,600,2,23,269101.90000000,115403964.07000038,21221946.29000000,0.18389270
BLAST,2024,610,2,1,87260.70000000,94001924.85000002,87260.70000000,0.00092829
BLAST,2024,610,2,2,163067.66000000,94001924.85000002,250328.36000000,0.00266301
BLAST,2024,610,2,3,328241.15000000,94001924.85000002,578569.51000000,0.00615487
BLAST,2024,610,2,4,809594.86000000,94001924.85000002,1388164.37000000,0.01476740
BLAST,2024,610,2,5,1264141.66000000,94001924.85000002,2652306.03000000,0.02821544
BLAST,2024,610,2,6,954908.69000000,94001924.85000002,3607214.72000000,0.03837384
BLAST,2024,610,2,7,984063.77000000,94001924.85000002,4591278.49000000,0.04884239
BLAST,2024,610,2,8,825959.79000000,94001924.85000002,5417238.28000000,0.05762901
BLAST,2024,610,2,9,946604.89000000,94001924.85000002,6363843.17000000,0.06769907
BLAST,2024,610,2,10,919829.64000000,94001924.85000002,7283672.81000000,0.07748429
BLAST,2024,610,2,11,725640.50000000,94001924.85000002,8009313.31000000,0.08520372
BLAST,2024,610,2,12,1205621.83000000,94001924.85000002,9214935.14000000,0.09802922
BLAST,2024,610,2,13,1299764.31000000,94001924.85000002,10514699.45000000,0.11185621
BLAST,2024,610,2,14,1040780.83000000,94001924.85000002,11555480.28000000,0.12292812
BLAST,2024,610,2,15,592671.72000000,94001924.85000002,12148152.00000000,0.12923301
BLAST,2024,610,2,16,950612.72000000,94001924.85000002,13098764.72000000,0.13934571
BLAST,2024,610,2,17,859982.70000000,94001924.85000002,13958747.42000000,0.14849427
BLAST,2024,610,2,18,475118.06000000,94001924.85000002,14433865.48000000,0.15354862
BLAST,2024,610,2,19,525657.35000000,94001924.85000002,14959522.83000000,0.15914060
BLAST,2024,610,2,20,460036.16000000,94001924.85000002,15419558.99000000,0.16403450
BLAST,2024,610,2,21,236797.69000000,94001924.85000002,15656356.68000000,0.16655358
BLAST,2024,610,2,22,321889.82000000,94001924.85000002,15978246.50000000,0.16997787
BLAST,2024,610,2,23,214397.81000000,94001924.85000002,16192644.31000000,0.17225865
BLAST,2024,620,1,5,32193.03000000,128167.44000000,32193.03000000,0.25117947
BLAST,2024,620,2,1,54792.05000000,81128355.63999996,54792.05000000,0.00067537
BLAST,2024,620,2,2,81182.51000000,81128355.63999996,135974.56000000,0.00167604
BLAST,2024,620,2,3,260811.63000000,81128355.63999996,396786.19000000,0.00489084
BLAST,2024,620,2,4,958618.55000000,81128355.63999996,1355404.74000000,0.01670692
BLAST,2024,620,2,5,756105.47000000,81128355.63999996,2111510.21000000,0.02602678
BLAST,2024,620,2,6,748870.79000000,81128355.63999996,2860381.00000000,0.03525748
BLAST,2024,620,2,7,927721.85000000,81128355.63999996,3788102.85000000,0.04669271
BLAST,2024,620,2,8,930564.58000000,81128355.63999996,4718667.43000000,0.05816299
BLAST,2024,620,2,9,848960.21000000,81128355.63999996,5567627.64000000,0.06862739
BLAST,2024,620,2,10,802622.45000000,81128355.63999996,6370250.09000000,0.07852064
BLAST,2024,620,2,11,899207.44000000,81128355.63999996,7269457.53000000,0.08960440
BLAST,2024,620,2,12,732644.18000000,81128355.63999996,8002101.71000000,0.09863508
BLAST,2024,620,2,13,1081667.54000000,81128355.63999996,9083769.25000000,0.11196787
BLAST,2024,620,2,14,880038.46000000,81128355.63999996,9963807.71000000,0.12281535
BLAST,2024,620,2,15,636460.93000000,81128355.63999996,10600268.64000000,0.13066046
BLAST,2024,620,2,16,546779.48000000,81128355.63999996,11147048.12000000,0.13740015
BLAST,2024,620,2,17,515775.78000000,81128355.63999996,11662823.90000000,0.14375768
BLAST,2024,620,2,18,416446.24000000,81128355.63999996,12079270.14000000,0.14889085
BLAST,2024,620,2,19,504903.33000000,81128355.63999996,12584173.47000000,0.15511437
BLAST,2024,620,2,20,330030.31000000,81128355.63999996,12914203.78000000,0.15918237
BLAST,2024,620,2,21,227564.51000000,81128355.63999996,13141768.29000000,0.16198736
BLAST,2024,620,2,22,332679.53000000,81128355.63999996,13474447.82000000,0.16608802
BLAST,2024,620,2,23,214108.56000000,81128355.63999996,13688556.38000000,0.16872715
BLAST,2024,630,2,1,24789.74000000,70809043.85999990,24789.74000000,0.00035009
BLAST,2024,630,2,2,116512.23000000,70809043.85999990,141301.97000000,0.00199554
BLAST,2024,630,2,3,279331.93000000,70809043.85999990,420633.90000000,0.00594040
BLAST,2024,630,2,4,382407.32000000,70809043.85999990,803041.22000000,0.01134094
BLAST,2024,630,2,5,474209.60000000,70809043.85999990,1277250.82000000,0.01803796
BLAST,2024,630,2,6,936817.05000000,70809043.85999990,2214067.87000000,0.03126815
BLAST,2024,630,2,7,1014743.10000000,70809043.85999990,3228810.97000000,0.04559885
BLAST,2024,630,2,8,892462.69000000,70809043.85999990,4121273.66000000,0.05820265
BLAST,2024,630,2,9,720288.70000000,70809043.85999990,4841562.36000000,0.06837492
BLAST,2024,630,2,10,424503.09000000,70809043.85999990,5266065.45000000,0.07436996
BLAST,2024,630,2,11,555793.41000000,70809043.85999990,5821858.86000000,0.08221914
BLAST,2024,630,2,12,569922.15000000,70809043.85999990,6391781.01000000,0.09026786
BLAST,2024,630,2,13,1166662.51000000,70809043.85999990,7558443.52000000,0.10674404
BLAST,2024,630,2,14,530174.03000000,70809043.85999990,8088617.55000000,0.11423142
BLAST,2024,630,2,15,663308.88000000,70809043.85999990,8751926.43000000,0.12359899
BLAST,2024,630,2,16,877843.73000000,70809043.85999990,9629770.16000000,0.13599633
BLAST,2024,630,2,17,615022.31000000,70809043.85999990,10244792.47000000,0.14468198
BLAST,2024,630,2,18,194443.82000000,70809043.85999990,10439236.29000000,0.14742801
BLAST,2024,630,2,19,458301.03000000,70809043.85999990,10897537.32000000,0.15390036
BLAST,2024,630,2,20,279095.11000000,70809043.85999990,11176632.43000000,0.15784188
BLAST,2024,630,2,21,247047.90000000,70809043.85999990,11423680.33000000,0.16133081
BLAST,2024,630,2,22,97464.03000000,70809043.85999990,11521144.36000000,0.16270724
BLAST,2024,630,2,23,145529.30000000,70809043.85999990,11666673.66000000,0.16476248
BLAST,2024,640,2,1,28647.08000000,65098850.88999987,28647.08000000,0.00044006
BLAST,2024,640,2,2,26261.66000000,65098850.88999987,54908.74000000,0.00084347
BLAST,2024,640,2,3,173030.33000000,65098850.88999987,227939.07000000,0.00350143
BLAST,2024,640,2,4,445703.27000000,65098850.88999987,673642.34000000,0.01034799
BLAST,2024,640,2,5,691404.02000000,65098850.88999987,1365046.36000000,0.02096882
BLAST,2024,640,2,6,580797.03000000,65098850.88999987,1945843.39000000,0.02989060
BLAST,2024,640,2,7,636374.44000000,65098850.88999987,2582217.83000000,0.03966610
BLAST,2024,640,2,8,418352.37000000,65098850.88999987,3000570.20000000,0.04609252
BLAST,2024,640,2,9,587245.45000000,65098850.88999987,3587815.65000000,0.05511335
BLAST,2024,640,2,10,548574.83000000,65098850.88999987,4136390.48000000,0.06354015
BLAST,2024,640,2,11,591060.81000000,65098850.88999987,4727451.29000000,0.07261958
BLAST,2024,640,2,12,767433.17000000,65098850.88999987,5494884.46000000,0.08440832
BLAST,2024,640,2,13,586624.14000000,65098850.88999987,6081508.60000000,0.09341960
BLAST,2024,640,2,14,773370.95000000,65098850.88999987,6854879.55000000,0.10529955
BLAST,2024,640,2,15,654279.75000000,65098850.88999987,7509159.30000000,0.11535011
BLAST,2024,640,2,16,383828.01000000,65098850.88999987,7892987.31000000,0.12124618
BLAST,2024,640,2,17,474746.26000000,65098850.88999987,8367733.57000000,0.12853888
BLAST,2024,640,2,18,428191.73000000,65098850.88999987,8795925.30000000,0.13511644
BLAST,2024,640,2,19,390877.57000000,65098850.88999987,9186802.87000000,0.14112081
BLAST,2024,640,2,20,301811.20000000,65098850.88999987,9488614.07000000,0.14575701
BLAST,2024,640,2,21,97324.55000000,65098850.88999987,9585938.62000000,0.14725204
BLAST,2024,640,2,22,146774.25000000,65098850.88999987,9732712.87000000,0.14950668
BLAST,2024,640,2,23,78140.33000000,65098850.88999987,9810853.20000000,0.15070701
BLAST,2024,650,2,1,67352.03000000,51210955.70999992,67352.03000000,0.00131519
BLAST,2024,650,2,2,84246.52000000,51210955.70999992,151598.55000000,0.00296028
BLAST,2024,650,2,3,140072.24000000,51210955.70999992,291670.79000000,0.00569548
BLAST,2024,650,2,4,442584.54000000,51210955.70999992,734255.33000000,0.01433786
BLAST,2024,650,2,5,554725.36000000,51210955.70999992,1288980.69000000,0.02517002
BLAST,2024,650,2,6,517589.95000000,51210955.70999992,1806570.64000000,0.03527703
BLAST,2024,650,2,7,573970.36000000,51210955.70999992,2380541.00000000,0.04648499
BLAST,2024,650,2,8,395545.54000000,51210955.70999992,2776086.54000000,0.05420884
BLAST,2024,650,2,9,524570.92000000,51210955.70999992,3300657.46000000,0.06445217
BLAST,2024,650,2,10,491133.49000000,51210955.70999992,3791790.95000000,0.07404257
BLAST,2024,650,2,11,405991.39000000,51210955.70999992,4197782.34000000,0.08197040
BLAST,2024,650,2,12,546103.45000000,51210955.70999992,4743885.79000000,0.09263420
BLAST,2024,650,2,13,590161.47000000,51210955.70999992,5334047.26000000,0.10415832
BLAST,2024,650,2,14,359462.79000000,51210955.70999992,5693510.05000000,0.11117758
BLAST,2024,650,2,15,454158.09000000,51210955.70999992,6147668.14000000,0.12004596
BLAST,2024,650,2,16,456449.05000000,51210955.70999992,6604117.19000000,0.12895907
BLAST,2024,650,2,17,336444.57000000,51210955.70999992,6940561.76000000,0.13552885
BLAST,2024,650,2,18,316551.02000000,51210955.70999992,7257112.78000000,0.14171016
BLAST,2024,650,2,19,260849.37000000,51210955.70999992,7517962.15000000,0.14680379
BLAST,2024,650,2,20,153887.56000000,51210955.70999992,7671849.71000000,0.14980876
BLAST,2024,650,2,21,12766.20000000,51210955.70999992,7684615.91000000,0.15005805
BLAST,2024,650,2,22,86496.49000000,51210955.70999992,7771112.40000000,0.15174707
BLAST,2024,650,2,23,18444.73000000,51210955.70999992,7789557.13000000,0.15210724
BLAST,2024,660,2,2,24461.42000000,38779480.78999999,24461.42000000,0.00063078
BLAST,2024,660,2,3,213809.60000000,38779480.78999999,238271.02000000,0.00614426
BLAST,2024,660,2,4,259440.97000000,38779480.78999999,497711.99000000,0.01283442
BLAST,2024,660,2,5,284608.39000000,38779480.78999999,782320.38000000,0.02017357
BLAST,2024,660,2,6,300076.56000000,38779480.78999999,1082396.94000000,0.02791159
BLAST,2024,660,2,7,362439.58000000,38779480.78999999,1444836.52000000,0.03725776
BLAST,2024,660,2,8,393913.08000000,38779480.78999999,1838749.60000000,0.04741553
BLAST,2024,660,2,9,343624.91000000,38779480.78999999,2182374.51000000,0.05627653
BLAST,2024,660,2,10,274907.97000000,38779480.78999999,2457282.48000000,0.06336553
BLAST,2024,660,2,11,538870.36000000,38779480.78999999,2996152.84000000,0.07726129
BLAST,2024,660,2,12,263354.39000000,38779480.78999999,3259507.23000000,0.08405237
BLAST,2024,660,2,13,344127.62000000,38779480.78999999,3603634.85000000,0.09292633
BLAST,2024,660,2,14,390944.16000000,38779480.78999999,3994579.01000000,0.10300754
BLAST,2024,660,2,15,192212.32000000,38779480.78999999,4186791.33000000,0.10796409
BLAST,2024,660,2,16,286619.95000000,38779480.78999999,4473411.28000000,0.11535511
BLAST,2024,660,2,17,263301.99000000,38779480.78999999,4736713.27000000,0.12214483
BLAST,2024,660,2,18,153156.40000000,38779480.78999999,4889869.67000000,0.12609425
BLAST,2024,660,2,19,139232.83000000,38779480.78999999,5029102.50000000,0.12968463
BLAST,2024,660,2,20,249792.78000000,38779480.78999999,5278895.28000000,0.13612599
BLAST,2024,660,2,21,74940.25000000,38779480.78999999,5353835.53000000,0.13805846
BLAST,2024,660,2,22,58575.36000000,38779480.78999999,5412410.89000000,0.13956894
BLAST,2024,660,2,23,51283.13000000,38779480.78999999,5463694.02000000,0.14089137
BLAST,2024,670,2,2,64871.31000000,34341281.44000003,64871.31000000,0.00188902
BLAST,2024,670,2,3,136752.83000000,34341281.44000003,201624.14000000,0.00587119
BLAST,2024,670,2,4,169746.03000000,34341281.44000003,371370.17000000,0.01081410
BLAST,2024,670,2,5,448263.50000000,34341281.44000003,819633.67000000,0.02386730
BLAST,2024,670,2,6,287159.51000000,34341281.44000003,1106793.18000000,0.03222923
BLAST,2024,670,2,7,377851.73000000,34341281.44000003,1484644.91000000,0.04323208
BLAST,2024,670,2,8,321777.13000000,34341281.44000003,1806422.04000000,0.05260206
BLAST,2024,670,2,9,280478.20000000,34341281.44000003,2086900.24000000,0.06076943
BLAST,2024,670,2,10,307538.60000000,34341281.44000003,2394438.84000000,0.06972480
BLAST,2024,670,2,11,331988.55000000,34341281.44000003,2726427.39000000,0.07939213
BLAST,2024,670,2,12,298469.51000000,34341281.44000003,3024896.90000000,0.08808340
BLAST,2024,670,2,13,320561.88000000,34341281.44000003,3345458.78000000,0.09741799
BLAST,2024,670,2,14,209410.97000000,34341281.44000003,3554869.75000000,0.10351593
BLAST,2024,670,2,15,214170.11000000,34341281.44000003,3769039.86000000,0.10975245
BLAST,2024,670,2,16,148183.64000000,34341281.44000003,3917223.50000000,0.11406748
BLAST,2024,670,2,17,264642.95000000,34341281.44000003,4181866.45000000,0.12177375
BLAST,2024,670,2,18,153975.44000000,34341281.44000003,4335841.89000000,0.12625743
BLAST,2024,670,2,19,167914.67000000,34341281.44000003,4503756.56000000,0.13114702
BLAST,2024,670,2,20,128940.23000000,34341281.44000003,4632696.79000000,0.13490169
BLAST,2024,670,2,21,77314.33000000,34341281.44000003,4710011.12000000,0.13715304
BLAST,2024,670,2,22,17731.57000000,34341281.44000003,4727742.69000000,0.13766937
BLAST,2024,670,2,23,90122.67000000,34341281.44000003,4817865.36000000,0.14029370
BLAST,2024,680,2,2,15022.91000000,28583446.56000003,15022.91000000,0.00052558
BLAST,2024,680,2,3,133320.52000000,28583446.56000003,148343.43000000,0.00518984
BLAST,2024,680,2,4,247991.81000000,28583446.56000003,396335.24000000,0.01386590
BLAST,2024,680,2,5,182230.77000000,28583446.56000003,578566.01000000,0.02024130
BLAST,2024,680,2,6,227911.80000000,28583446.56000003,806477.81000000,0.02821486
BLAST,2024,680,2,7,245532.61000000,28583446.56000003,1052010.42000000,0.03680488
BLAST,2024,680,2,8,227974.76000000,28583446.56000003,1279985.18000000,0.04478065
BLAST,2024,680,2,9,212909.50000000,28583446.56000003,1492894.68000000,0.05222934
BLAST,2024,680,2,10,179561.33000000,28583446.56000003,1672456.01000000,0.05851135
BLAST,2024,680,2,11,262346.52000000,28583446.56000003,1934802.53000000,0.06768962
BLAST,2024,680,2,12,209779.77000000,28583446.56000003,2144582.30000000,0.07502882
BLAST,2024,680,2,13,214229.14000000,28583446.56000003,2358811.44000000,0.08252369
BLAST,2024,680,2,14,272234.99000000,28583446.56000003,2631046.43000000,0.09204791
BLAST,2024,680,2,15,241122.98000000,28583446.56000003,2872169.41000000,0.10048366
BLAST,2024,680,2,16,323934.33000000,28583446.56000003,3196103.74000000,0.11181660
BLAST,2024,680,2,17,83774.94000000,28583446.56000003,3279878.68000000,0.11474749
BLAST,2024,680,2,18,207627.65000000,28583446.56000003,3487506.33000000,0.12201140
BLAST,2024,680,2,19,89632.71000000,28583446.56000003,3577139.04000000,0.12514723
BLAST,2024,680,2,20,146344.89000000,28583446.56000003,3723483.93000000,0.13026714
BLAST,2024,680,2,21,26740.47000000,28583446.56000003,3750224.40000000,0.13120267
BLAST,2024,680,2,22,80558.87000000,28583446.56000003,3830783.27000000,0.13402104
BLAST,2024,680,2,23,21189.66000000,28583446.56000003,3851972.93000000,0.13476237
BLAST,2024,690,2,2,58210.82000000,23350618.36000001,58210.82000000,0.00249290
BLAST,2024,690,2,3,69245.25000000,23350618.36000001,127456.07000000,0.00545836
BLAST,2024,690,2,4,136751.87000000,23350618.36000001,264207.94000000,0.01131482
BLAST,2024,690,2,5,328975.35000000,23350618.36000001,593183.29000000,0.02540332
BLAST,2024,690,2,6,313981.36000000,23350618.36000001,907164.65000000,0.03884971
BLAST,2024,690,2,7,242171.14000000,23350618.36000001,1149335.79000000,0.04922079
BLAST,2024,690,2,8,219220.78000000,23350618.36000001,1368556.57000000,0.05860901
BLAST,2024,690,2,9,203393.41000000,23350618.36000001,1571949.98000000,0.06731942
BLAST,2024,690,2,10,125746.03000000,23350618.36000001,1697696.01000000,0.07270454
BLAST,2024,690,2,11,249803.05000000,23350618.36000001,1947499.06000000,0.08340246
BLAST,2024,690,2,12,155670.32000000,23350618.36000001,2103169.38000000,0.09006911
BLAST,2024,690,2,13,238209.12000000,23350618.36000001,2341378.50000000,0.10027051
BLAST,2024,690,2,14,190542.15000000,23350618.36000001,2531920.65000000,0.10843056
BLAST,2024,690,2,15,56421.11000000,23350618.36000001,2588341.76000000,0.11084682
BLAST,2024,690,2,16,213862.25000000,23350618.36000001,2802204.01000000,0.12000556
BLAST,2024,690,2,17,105587.12000000,23350618.36000001,2907791.13000000,0.12452737
BLAST,2024,690,2,18,122690.95000000,23350618.36000001,3030482.08000000,0.12978166
BLAST,2024,690,2,19,157775.47000000,23350618.36000001,3188257.55000000,0.13653846
BLAST,2024,690,2,20,104997.84000000,23350618.36000001,3293255.39000000,0.14103504
BLAST,2024,690,2,21,13820.48000000,23350618.36000001,3307075.87000000,0.14162691
BLAST,2024,690,2,22,25947.65000000,23350618.36000001,3333023.52000000,0.14273813
BLAST,2024,690,2,23,18016.66000000,23350618.36000001,3351040.18000000,0.14350970
BLAST,2024,700,2,1,13252.53000000,20137594.10000002,13252.53000000,0.00065810
BLAST,2024,700,2,2,23555.22000000,20137594.10000002,36807.75000000,0.00182781
BLAST,2024,700,2,4,78459.79000000,20137594.10000002,115267.54000000,0.00572400
BLAST,2024,700,2,5,159407.51000000,20137594.10000002,274675.05000000,0.01363991
BLAST,2024,700,2,6,138557.20000000,20137594.10000002,413232.25000000,0.02052044
BLAST,2024,700,2,7,330398.05000000,20137594.10000002,743630.30000000,0.03692746
BLAST,2024,700,2,8,217507.97000000,20137594.10000002,961138.27000000,0.04772856
BLAST,2024,700,2,9,280653.65000000,20137594.10000002,1241791.92000000,0.06166536
BLAST,2024,700,2,10,22676.43000000,20137594.10000002,1264468.35000000,0.06279143
BLAST,2024,700,2,11,156574.54000000,20137594.10000002,1421042.89000000,0.07056667
BLAST,2024,700,2,12,152052.67000000,20137594.10000002,1573095.56000000,0.07811735
BLAST,2024,700,2,13,45937.57000000,20137594.10000002,1619033.13000000,0.08039854
BLAST,2024,700,2,14,197453.18000000,20137594.10000002,1816486.31000000,0.09020374
BLAST,2024,700,2,15,159833.80000000,20137594.10000002,1976320.11000000,0.09814083
BLAST,2024,700,2,16,127183.25000000,20137594.10000002,2103503.36000000,0.10445654
BLAST,2024,700,2,17,172061.77000000,20137594.10000002,2275565.13000000,0.11300084
BLAST,2024,700,2,18,61275.33000000,20137594.10000002,2336840.46000000,0.11604368
BLAST,2024,700,2,19,175449.87000000,20137594.10000002,2512290.33000000,0.12475623
BLAST,2024,700,2,20,111879.27000000,20137594.10000002,2624169.60000000,0.13031197
BLAST,2024,700,2,22,61614.73000000,20137594.10000002,2685784.33000000,0.13337166
BLAST,2024,710,1,5,53353.01000000,82560.02000000,53353.01000000,0.64623301
BLAST,2024,710,2,2,28195.26000000,17112238.23000002,28195.26000000,0.00164767
BLAST,2024,710,2,3,82311.34000000,17112238.23000002,110506.60000000,0.00645775
BLAST,2024,710,2,4,64656.55000000,17112238.23000002,175163.15000000,0.01023613
BLAST,2024,710,2,5,83577.74000000,17112238.23000002,258740.89000000,0.01512022
BLAST,2024,710,2,6,234823.66000000,17112238.23000002,493564.55000000,0.02884278
BLAST,2024,710,2,7,48385.81000000,17112238.23000002,541950.36000000,0.03167034
BLAST,2024,710,2,8,134081.25000000,17112238.23000002,676031.61000000,0.03950574
BLAST,2024,710,2,9,225363.60000000,17112238.23000002,901395.21000000,0.05267547
BLAST,2024,710,2,10,177977.41000000,17112238.23000002,1079372.62000000,0.06307606
BLAST,2024,710,2,11,160537.31000000,17112238.23000002,1239909.93000000,0.07245750
BLAST,2024,710,2,12,74201.20000000,17112238.23000002,1314111.13000000,0.07679364
BLAST,2024,710,2,13,218087.48000000,17112238.23000002,1532198.61000000,0.08953818
BLAST,2024,710,2,14,202700.54000000,17112238.23000002,1734899.15000000,0.10138353
BLAST,2024,710,2,15,113318.95000000,17112238.23000002,1848218.10000000,0.10800563
BLAST,2024,710,2,16,97613.16000000,17112238.23000002,1945831.26000000,0.11370992
BLAST,2024,710,2,17,174817.91000000,17112238.23000002,2120649.17000000,0.12392588
BLAST,2024,710,2,18,90078.46000000,17112238.23000002,2210727.63000000,0.12918986
BLAST,2024,710,2,19,119561.12000000,17112238.23000002,2330288.75000000,0.13617674
BLAST,2024,710,2,20,123763.89000000,17112238.23000002,2454052.64000000,0.14340921
BLAST,2024,710,2,21,65963.52000000,17112238.23000002,2520016.16000000,0.14726397
BLAST,2024,710,2,22,64657.07000000,17112238.23000002,2584673.23000000,0.15104238
BLAST,2024,720,2,2,76572.14000000,14870839.25000001,76572.14000000,0.00514915
BLAST,2024,720,2,3,120935.69000000,14870839.25000001,197507.83000000,0.01328155
BLAST,2024,720,2,4,68410.91000000,14870839.25000001,265918.74000000,0.01788189
BLAST,2024,720,2,5,119449.04000000,14870839.25000001,385367.78000000,0.02591433
BLAST,2024,720,2,6,61967.57000000,14870839.25000001,447335.35000000,0.03008138
BLAST,2024,720,2,7,91882.04000000,14870839.25000001,539217.39000000,0.03626005
BLAST,2024,720,2,8,66084.18000000,14870839.25000001,605301.57000000,0.04070393
BLAST,2024,720,2,9,114496.61000000,14870839.25000001,719798.18000000,0.04840333
BLAST,2024,720,2,10,175534.48000000,14870839.25000001,895332.66000000,0.06020727
BLAST,2024,720,2,11,117052.95000000,14870839.25000001,1012385.61000000,0.06807858
BLAST,2024,720,2,12,58586.60000000,14870839.25000001,1070972.21000000,0.07201828
BLAST,2024,720,2,13,119030.25000000,14870839.25000001,1190002.46000000,0.08002255
BLAST,2024,720,2,14,110619.65000000,14870839.25000001,1300622.11000000,0.08746124
BLAST,2024,720,2,15,49030.30000000,14870839.25000001,1349652.41000000,0.09075832
BLAST,2024,720,2,16,22633.72000000,14870839.25000001,1372286.13000000,0.09228034
BLAST,2024,720,2,17,107042.99000000,14870839.25000001,1479329.12000000,0.09947852
BLAST,2024,720,2,19,45544.75000000,14870839.25000001,1524873.87000000,0.10254121
BLAST,2024,720,2,21,26376.91000000,14870839.25000001,1551250.78000000,0.10431495
BLAST,2024,720,2,22,24481.51000000,14870839.25000001,1575732.29000000,0.10596122
BLAST,2024,730,2,3,85527.12000000,12081787.07000000,85527.12000000,0.00707901
BLAST,2024,730,2,4,109537.24000000,12081787.07000000,195064.36000000,0.01614532
BLAST,2024,730,2,5,152087.68000000,12081787.07000000,347152.04000000,0.02873350
BLAST,2024,730,2,6,125096.63000000,12081787.07000000,472248.67000000,0.03908765
BLAST,2024,730,2,7,62244.48000000,12081787.07000000,534493.15000000,0.04423958
BLAST,2024,730,2,8,82725.82000000,12081787.07000000,617218.97000000,0.05108673
BLAST,2024,730,2,9,90151.35000000,12081787.07000000,707370.32000000,0.05854848
BLAST,2024,730,2,10,93894.39000000,12081787.07000000,801264.71000000,0.06632005
BLAST,2024,730,2,11,90468.20000000,12081787.07000000,891732.91000000,0.07380803
BLAST,2024,730,2,12,88918.58000000,12081787.07000000,980651.49000000,0.08116775
BLAST,2024,730,2,13,179343.45000000,12081787.07000000,1159994.94000000,0.09601187
BLAST,2024,730,2,14,83355.96000000,12081787.07000000,1243350.90000000,0.10291117
BLAST,2024,730,2,15,24409.86000000,12081787.07000000,1267760.76000000,0.10493156
BLAST,2024,730,2,16,85732.85000000,12081787.07000000,1353493.61000000,0.11202760
BLAST,2024,730,2,17,16349.68000000,12081787.07000000,1369843.29000000,0.11338085
BLAST,2024,730,2,18,37781.04000000,12081787.07000000,1407624.33000000,0.11650796
BLAST,2024,730,2,19,57908.79000000,12081787.07000000,1465533.12000000,0.12130102
BLAST,2024,730,2,20,41637.37000000,12081787.07000000,1507170.49000000,0.12474731
BLAST,2024,730,2,22,22147.42000000,12081787.07000000,1529317.91000000,0.12658044
BLAST,2024,730,2,23,19883.80000000,12081787.07000000,1549201.71000000,0.12822621
BLAST,2024,740,2,4,37186.54000000,10581535.71000000,37186.54000000,0.00351429
BLAST,2024,740,2,5,135357.59000000,10581535.71000000,172544.13000000,0.01630615
BLAST,2024,740,2,6,67215.11000000,10581535.71000000,239759.24000000,0.02265826
BLAST,2024,740,2,7,73070.77000000,10581535.71000000,312830.01000000,0.02956376
BLAST,2024,740,2,8,78169.15000000,10581535.71000000,390999.16000000,0.03695108
BLAST,2024,740,2,9,91379.65000000,10581535.71000000,482378.81000000,0.04558684
BLAST,2024,740,2,10,90400.25000000,10581535.71000000,572779.06000000,0.05413005
BLAST,2024,740,2,11,30738.75000000,10581535.71000000,603517.81000000,0.05703499
BLAST,2024,740,2,12,40679.06000000,10581535.71000000,644196.87000000,0.06087934
BLAST,2024,740,2,14,90749.23000000,10581535.71000000,734946.10000000,0.06945552
BLAST,2024,740,2,16,161334.25000000,10581535.71000000,896280.35000000,0.08470229
BLAST,2024,740,2,17,23750.23000000,10581535.71000000,920030.58000000,0.08694679
BLAST,2024,740,2,18,106966.55000000,10581535.71000000,1026997.13000000,0.09705558
BLAST,2024,740,2,19,30342.36000000,10581535.71000000,1057339.49000000,0.09992307
BLAST,2024,740,2,22,21752.32000000,10581535.71000000,1079091.81000000,0.10197875
BLAST,2024,750,2,4,67030.24000000,9059606.84000000,67030.24000000,0.00739880
BLAST,2024,750,2,5,140712.28000000,9059606.84000000,207742.52000000,0.02293063
BLAST,2024,750,2,6,126582.38000000,9059606.84000000,334324.90000000,0.03690280
BLAST,2024,750,2,7,97861.17000000,9059606.84000000,432186.07000000,0.04770473
BLAST,2024,750,2,8,108537.49000000,9059606.84000000,540723.56000000,0.05968510
BLAST,2024,750,2,9,73203.41000000,9059606.84000000,613926.97000000,0.06776530
BLAST,2024,750,2,11,19674.28000000,9059606.84000000,633601.25000000,0.06993695
BLAST,2024,750,2,12,21232.12000000,9059606.84000000,654833.37000000,0.07228055
BLAST,2024,750,2,13,104568.96000000,9059606.84000000,759402.33000000,0.08382288
BLAST,2024,750,2,14,25789.05000000,9059606.84000000,785191.38000000,0.08666948
BLAST,2024,750,2,15,28202.49000000,9059606.84000000,813393.87000000,0.08978247
BLAST,2024,750,2,16,86934.54000000,9059606.84000000,900328.41000000,0.09937831
BLAST,2024,750,2,17,44475.92000000,9059606.84000000,944804.33000000,0.10428756
BLAST,2024,750,2,18,15479.43000000,9059606.84000000,960283.76000000,0.10599618
BLAST,2024,750,2,20,531.41000000,9059606.84000000,960815.17000000,0.10605484
BLAST,2024,750,2,21,22457.41000000,9059606.84000000,983272.58000000,0.10853369
BLAST,2024,760,2,4,26858.24000000,6504638.77000000,26858.24000000,0.00412909
BLAST,2024,760,2,6,35716.53000000,6504638.77000000,62574.77000000,0.00962002
BLAST,2024,760,2,9,50173.82000000,6504638.77000000,112748.59000000,0.01733357
BLAST,2024,760,2,11,16324.37000000,6504638.77000000,129072.96000000,0.01984322
BLAST,2024,760,2,12,41229.57000000,6504638.77000000,170302.53000000,0.02618170
BLAST,2024,760,2,13,20860.82000000,6504638.77000000,191163.35000000,0.02938877
BLAST,2024,760,2,14,62068.99000000,6504638.77000000,253232.34000000,0.03893104
BLAST,2024,760,2,15,1758.70000000,6504638.77000000,254991.04000000,0.03920141
BLAST,2024,760,2,16,41116.34000000,6504638.77000000,296107.38000000,0.04552249
BLAST,2024,760,2,17,93538.24000000,6504638.77000000,389645.62000000,0.05990273
BLAST,2024,760,2,18,23776.20000000,6504638.77000000,413421.82000000,0.06355800
BLAST,2024,760,2,22,18888.48000000,6504638.77000000,432310.30000000,0.06646185
BLAST,2024,760,2,23,15853.65000000,6504638.77000000,448163.95000000,0.06889913
BLAST,2024,770,2,2,25412.30000000,5519738.07000000,25412.30000000,0.00460390
BLAST,2024,770,2,5,29377.89000000,5519738.07000000,54790.19000000,0.00992623
BLAST,2024,770,2,6,38346.75000000,5519738.07000000,93136.94000000,0.01687343
BLAST,2024,770,2,8,16593.65000000,5519738.07000000,109730.59000000,0.01987967
BLAST,2024,770,2,10,23467.70000000,5519738.07000000,133198.29000000,0.02413127
BLAST,2024,770,2,11,93183.91000000,5519738.07000000,226382.20000000,0.04101321
BLAST,2024,770,2,12,20198.79000000,5519738.07000000,246580.99000000,0.04467259
BLAST,2024,770,2,13,123849.12000000,5519738.07000000,370430.11000000,0.06711009
BLAST,2024,770,2,15,18536.55000000,5519738.07000000,388966.66000000,0.07046832
BLAST,2024,770,2,16,23551.95000000,5519738.07000000,412518.61000000,0.07473518
BLAST,2024,770,2,17,22876.46000000,5519738.07000000,435395.07000000,0.07887966
BLAST,2024,770,2,18,21246.94000000,5519738.07000000,456642.01000000,0.08272893
BLAST,2024,770,2,20,26076.75000000,5519738.07000000,482718.76000000,0.08745320
BLAST,2024,770,2,22,21098.51000000,5519738.07000000,503817.27000000,0.09127558
BLAST,2024,770,2,23,42542.08000000,5519738.07000000,546359.35000000,0.09898284
BLAST,2024,780,2,3,20590.25000000,5121888.90000000,20590.25000000,0.00402005
BLAST,2024,780,2,5,41203.32000000,5121888.90000000,61793.57000000,0.01206461
BLAST,2024,780,2,7,5356.59000000,5121888.90000000,67150.16000000,0.01311043
BLAST,2024,780,2,9,31041.71000000,5121888.90000000,98191.87000000,0.01917103
BLAST,2024,780,2,10,0.00000000,5121888.90000000,98191.87000000,0.01917103
BLAST,2024,780,2,12,27834.08000000,5121888.90000000,126025.95000000,0.02460537
BLAST,2024,780,2,13,23247.17000000,5121888.90000000,149273.12000000,0.02914415
BLAST,2024,780,2,17,60024.74000000,5121888.90000000,209297.86000000,0.04086341
BLAST,2024,780,2,20,22106.89000000,5121888.90000000,231404.75000000,0.04517957
BLAST,2024,780,2,22,19801.11000000,5121888.90000000,251205.86000000,0.04904555
BLAST,2024,790,2,6,29536.49000000,3490900.18000000,29536.49000000,0.00846100
BLAST,2024,790,2,7,22973.36000000,3490900.18000000,52509.85000000,0.01504192
BLAST,2024,790,2,10,18209.15000000,3490900.18000000,70719.00000000,0.02025810
BLAST,2024,790,2,12,46345.13000000,3490900.18000000,117064.13000000,0.03353408
BLAST,2024,790,2,13,0.00000000,3490900.18000000,117064.13000000,0.03353408
BLAST,2024,790,2,14,1449.64000000,3490900.18000000,118513.77000000,0.03394934
BLAST,2024,790,2,21,12363.19000000,3490900.18000000,130876.96000000,0.03749089
BLAST,2024,800,2,5,21751.25000000,3014694.18000000,21751.25000000,0.00721508
BLAST,2024,800,2,6,4162.09000000,3014694.18000000,25913.34000000,0.00859568
BLAST,2024,800,2,8,46141.15000000,3014694.18000000,72054.49000000,0.02390109
BLAST,2024,800,2,9,30128.68000000,3014694.18000000,102183.17000000,0.03389504
BLAST,2024,800,2,10,82550.90000000,3014694.18000000,184734.07000000,0.06127788
BLAST,2024,800,2,11,15616.85000000,3014694.18000000,200350.92000000,0.06645812
BLAST,2024,800,2,14,22802.56000000,3014694.18000000,223153.48000000,0.07402193
BLAST,2024,800,2,17,41395.13000000,3014694.18000000,264548.61000000,0.08775305
BLAST,2024,810,2,6,20463.23000000,2157603.53000000,20463.23000000,0.00948424
BLAST,2024,810,2,10,16586.89000000,2157603.53000000,37050.12000000,0.01717189
BLAST,2024,810,2,12,26449.45000000,2157603.53000000,63499.57000000,0.02943060
BLAST,2024,810,2,13,44251.39000000,2157603.53000000,107750.96000000,0.04994011
BLAST,2024,810,2,14,13263.69000000,2157603.53000000,121014.65000000,0.05608753
BLAST,2024,810,2,16,11890.95000000,2157603.53000000,132905.60000000,0.06159871
BLAST,2024,810,2,17,47036.46000000,2157603.53000000,179942.06000000,0.08339904
BLAST,2024,820,2,11,19988.38000000,1696890.81000000,19988.38000000,0.01177941
BLAST,2024,820,2,13,17385.33000000,1696890.81000000,37373.71000000,0.02202482
BLAST,2024,820,2,17,30941.72000000,1696890.81000000,68315.43000000,0.04025918
BLAST,2024,830,2,6,20848.76000000,1510338.85000000,20848.76000000,0.01380403
BLAST,2024,830,2,9,31927.62000000,1510338.85000000,52776.38000000,0.03494340
BLAST,2024,830,2,15,24370.54000000,1510338.85000000,77146.92000000,0.05107921
BLAST,2024,830,2,17,12722.04000000,1510338.85000000,89868.96000000,0.05950251
BLAST,2024,840,2,8,19706.50000000,822588.24000000,19706.50000000,0.02395670
BLAST,2024,850,2,10,26372.64000000,575881.70000000,26372.64000000,0.04579524
BLAST,2024,850,2,11,10484.74000000,575881.70000000,36857.38000000,0.06400165
BLAST,2024,850,2,18,22511.59000000,575881.70000000,59368.97000000,0.10309230
BLAST,2024,870,2,4,3467.00000000,260888.54000000,3467.00000000,0.01328920
BLAST,2025,350,2,4,19549.32000000,39528.30000000,19549.32000000,0.49456516
BLAST,2025,360,2,10,18901.58000000,153928.11000000,18901.58000000,0.12279486
BLAST,2025,370,2,3,25909.00000000,372297.89000000,25909.00000000,0.06959212
BLAST,2025,370,2,8,20771.38000000,372297.89000000,46680.38000000,0.12538449
BLAST,2025,380,2,5,18031.02000000,1178952.01000000,18031.02000000,0.01529411
BLAST,2025,380,2,7,29211.44000000,1178952.01000000,47242.46000000,0.04007157
BLAST,2025,380,2,9,22096.57000000,1178952.01000000,69339.03000000,0.05881412
BLAST,2025,390,2,3,5333.42000000,2798950.88000000,5333.42000000,0.00190551
BLAST,2025,390,2,4,26419.32000000,2798950.88000000,31752.74000000,0.01134451
BLAST,2025,390,2,5,62022.35000000,2798950.88000000,93775.09000000,0.03350366
BLAST,2025,390,2,6,39676.17000000,2798950.88000000,133451.26000000,0.04767903
BLAST,2025,390,2,7,37660.84000000,2798950.88000000,171112.10000000,0.06113437
BLAST,2025,400,2,2,70238.06000000,5479668.10000000,70238.06000000,0.01281794
BLAST,2025,400,2,3,38570.83000000,5479668.10000000,108808.89000000,0.01985684
BLAST,2025,400,2,4,12025.97000000,5479668.10000000,120834.86000000,0.02205149
BLAST,2025,400,2,5,108474.21000000,5479668.10000000,229309.07000000,0.04184726
BLAST,2025,400,2,6,41790.76000000,5479668.10000000,271099.83000000,0.04947377
BLAST,2025,400,2,7,63593.24000000,5479668.10000000,334693.07000000,0.06107908
BLAST,2025,400,2,8,62604.71000000,5479668.10000000,397297.78000000,0.07250399
BLAST,2025,400,2,9,46194.53000000,5479668.10000000,443492.31000000,0.08093416
BLAST,2025,400,2,10,45006.71000000,5479668.10000000,488499.02000000,0.08914756
BLAST,2025,410,2,4,59332.40000000,9154204.43000001,59332.40000000,0.00648144
BLAST,2025,410,2,5,155833.67000000,9154204.43000001,215166.07000000,0.02350462
BLAST,2025,410,2,6,128363.43000000,9154204.43000001,343529.50000000,0.03752696
BLAST,2025,410,2,7,218111.35000000,9154204.43000001,561640.85000000,0.06135332
BLAST,2025,410,2,8,69530.25000000,9154204.43000001,631171.10000000,0.06894877
BLAST,2025,410,2,9,38560.50000000,9154204.43000001,669731.60000000,0.07316109
BLAST,2025,410,2,10,82828.10000000,9154204.43000001,752559.70000000,0.08220919
BLAST,2025,420,2,2,8293.21000000,16688031.84000001,8293.21000000,0.00049696
BLAST,2025,420,2,3,100321.76000000,16688031.84000001,108614.97000000,0.00650855
BLAST,2025,420,2,4,137001.39000000,16688031.84000001,245616.36000000,0.01471811
BLAST,2025,420,2,5,154970.65000000,16688031.84000001,400587.01000000,0.02400445
BLAST,2025,420,2,6,182833.13000000,16688031.84000001,583420.14000000,0.03496039
BLAST,2025,420,2,7,152656.15000000,16688031.84000001,736076.29000000,0.04410803
BLAST,2025,420,2,8,203182.14000000,16688031.84000001,939258.43000000,0.05628336
BLAST,2025,420,2,9,127781.60000000,16688031.84000001,1067040.03000000,0.06394044
BLAST,2025,420,2,10,108543.01000000,16688031.84000001,1175583.04000000,0.07044468
BLAST,2025,430,2,2,100033.08000000,25809126.10000003,100033.08000000,0.00387588
BLAST,2025,430,2,3,96173.34000000,25809126.10000003,196206.42000000,0.00760221
BLAST,2025,430,2,4,264173.58000000,25809126.10000003,460380.00000000,0.01783788
BLAST,2025,430,2,5,245416.87000000,25809126.10000003,705796.87000000,0.02734679
BLAST,2025,430,2,6,323453.36000000,25809126.10000003,1029250.23000000,0.03987931
BLAST,2025,430,2,7,274197.15000000,25809126.10000003,1303447.38000000,0.05050335
BLAST,2025,430,2,8,273838.03000000,25809126.10000003,1577285.41000000,0.06111348
BLAST,2025,430,2,9,137895.93000000,25809126.10000003,1715181.34000000,0.06645639
BLAST,2025,430,2,10,45676.91000000,25809126.10000003,1760858.25000000,0.06822619
BLAST,2025,440,2,1,61544.91000000,38700902.92000003,61544.91000000,0.00159027
BLAST,2025,440,2,2,43561.41000000,38700902.92000003,105106.32000000,0.00271586
BLAST,2025,440,2,3,170926.66000000,38700902.92000003,276032.98000000,0.00713247
BLAST,2025,440,2,4,319164.23000000,38700902.92000003,595197.21000000,0.01537941
BLAST,2025,440,2,5,367480.30000000,38700902.92000003,962677.51000000,0.02487481
BLAST,2025,440,2,6,307976.53000000,38700902.92000003,1270654.04000000,0.03283267
BLAST,2025,440,2,7,470573.54000000,38700902.92000003,1741227.58000000,0.04499191
BLAST,2025,440,2,8,339749.27000000,38700902.92000003,2080976.85000000,0.05377076
BLAST,2025,440,2,9,233810.76000000,38700902.92000003,2314787.61000000,0.05981224
BLAST,2025,440,2,10,213354.89000000,38700902.92000003,2528142.50000000,0.06532516
BLAST,2025,450,1,5,25718.19000000,70901.86000000,25718.19000000,0.36272941
BLAST,2025,450,2,1,21181.00000000,48759184.22999996,21181.00000000,0.00043440
BLAST,2025,450,2,2,86910.99000000,48759184.22999996,108091.99000000,0.00221685
BLAST,2025,450,2,3,217563.88000000,48759184.22999996,325655.87000000,0.00667886
BLAST,2025,450,2,4,562557.02000000,48759184.22999996,888212.89000000,0.01821632
BLAST,2025,450,2,5,453689.66000000,48759184.22999996,1341902.55000000,0.02752102
BLAST,2025,450,2,6,366776.25000000,48759184.22999996,1708678.80000000,0.03504322
BLAST,2025,450,2,7,700032.89000000,48759184.22999996,2408711.69000000,0.04940016
BLAST,2025,450,2,8,472068.77000000,48759184.22999996,2880780.46000000,0.05908180
BLAST,2025,450,2,9,162288.13000000,48759184.22999996,3043068.59000000,0.06241016
BLAST,2025,450,2,10,348155.43000000,48759184.22999996,3391224.02000000,0.06955047
BLAST,2025,460,2,1,16649.96000000,60068567.26999991,16649.96000000,0.00027718
BLAST,2025,460,2,2,89239.42000000,60068567.26999991,105889.38000000,0.00176281
BLAST,2025,460,2,3,372297.59000000,60068567.26999991,478186.97000000,0.00796069
BLAST,2025,460,2,4,486456.57000000,60068567.26999991,964643.54000000,0.01605904
BLAST,2025,460,2,5,611350.55000000,60068567.26999991,1575994.09000000,0.02623659
BLAST,2025,460,2,6,496974.40000000,60068567.26999991,2072968.49000000,0.03451004
BLAST,2025,460,2,7,507936.56000000,60068567.26999991,2580905.05000000,0.04296598
BLAST,2025,460,2,8,570093.91000000,60068567.26999991,3150998.96000000,0.05245670
BLAST,2025,460,2,9,327466.19000000,60068567.26999991,3478465.15000000,0.05790824
BLAST,2025,460,2,10,225760.03000000,60068567.26999991,3704225.18000000,0.06166661
BLAST,2025,470,2,1,63598.58000000,82687078.96000001,63598.58000000,0.00076915
BLAST,2025,470,2,2,106740.78000000,82687078.96000001,170339.36000000,0.00206005
BLAST,2025,470,2,3,364006.86000000,82687078.96000001,534346.22000000,0.00646227
BLAST,2025,470,2,4,649709.77000000,82687078.96000001,1184055.99000000,0.01431972
BLAST,2025,470,2,5,744815.44000000,82687078.96000001,1928871.43000000,0.02332736
BLAST,2025,470,2,6,788587.89000000,82687078.96000001,2717459.32000000,0.03286438
BLAST,2025,470,2,7,824374.11000000,82687078.96000001,3541833.43000000,0.04283418
BLAST,2025,470,2,8,512899.74000000,82687078.96000001,4054733.17000000,0.04903708
BLAST,2025,470,2,9,417752.61000000,82687078.96000001,4472485.78000000,0.05408929
BLAST,2025,470,2,10,357498.59000000,82687078.96000001,4829984.37000000,0.05841281
BLAST,2025,480,1,5,29117.86000000,211975.28000000,29117.86000000,0.13736441
BLAST,2025,480,2,1,26055.34000000,89275016.93999998,26055.34000000,0.00029185
BLAST,2025,480,2,2,81031.00000000,89275016.93999998,107086.34000000,0.00119951
BLAST,2025,480,2,3,245693.68000000,89275016.93999998,352780.02000000,0.00395161
BLAST,2025,480,2,4,1064718.30000000,89275016.93999998,1417498.32000000,0.01587788
BLAST,2025,480,2,5,795019.37000000,89275016.93999998,2212517.69000000,0.02478317
BLAST,2025,480,2,6,880369.52000000,89275016.93999998,3092887.21000000,0.03464449
BLAST,2025,480,2,7,591607.31000000,89275016.93999998,3684494.52000000,0.04127128
BLAST,2025,480,2,8,679889.18000000,89275016.93999998,4364383.70000000,0.04888695
BLAST,2025,480,2,9,594687.81000000,89275016.93999998,4959071.51000000,0.05554826
BLAST,2025,480,2,10,315531.41000000,89275016.93999998,5274602.92000000,0.05908263
BLAST,2025,490,2,1,63175.01000000,108797126.61000010,63175.01000000,0.00058067
BLAST,2025,490,2,2,248860.44000000,108797126.61000010,312035.45000000,0.00286805
BLAST,2025,490,2,3,482627.38000000,108797126.61000010,794662.83000000,0.00730408
BLAST,2025,490,2,4,1165034.98000000,108797126.61000010,1959697.81000000,0.01801240
BLAST,2025,490,2,5,1220548.53000000,108797126.61000010,3180246.34000000,0.02923098
BLAST,2025,490,2,6,641946.94000000,108797126.61000010,3822193.28000000,0.03513138
BLAST,2025,490,2,7,1098170.02000000,108797126.61000010,4920363.30000000,0.04522512
BLAST,2025,490,2,8,882549.20000000,108797126.61000010,5802912.50000000,0.05333700
BLAST,2025,490,2,9,449989.29000000,108797126.61000010,6252901.79000000,0.05747304
BLAST,2025,490,2,10,388510.96000000,108797126.61000010,6641412.75000000,0.06104401
BLAST,2025,500,2,1,86122.96000000,122832440.30000006,86122.96000000,0.00070114
BLAST,2025,500,2,2,214674.77000000,122832440.30000006,300797.73000000,0.00244885
BLAST,2025,500,2,3,283309.75000000,122832440.30000006,584107.48000000,0.00475532
BLAST,2025,500,2,4,783848.28000000,122832440.30000006,1367955.76000000,0.01113676
BLAST,2025,500,2,5,1094215.80000000,122832440.30000006,2462171.56000000,0.02004496
BLAST,2025,500,2,6,1148054.47000000,122832440.30000006,3610226.03000000,0.02939147
BLAST,2025,500,2,7,1153519.85000000,122832440.30000006,4763745.88000000,0.03878247
BLAST,2025,500,2,8,772138.83000000,122832440.30000006,5535884.71000000,0.04506859
BLAST,2025,500,2,9,674091.29000000,122832440.30000006,6209976.00000000,0.05055648
BLAST,2025,500,2,10,459556.17000000,122832440.30000006,6669532.17000000,0.05429781
BLAST,2025,510,2,1,166397.07000000,143638508.40000024,166397.07000000,0.00115844
BLAST,2025,510,2,2,392626.63000000,143638508.40000024,559023.70000000,0.00389188
BLAST,2025,510,2,3,612033.26000000,143638508.40000024,1171056.96000000,0.00815281
BLAST,2025,510,2,4,1227959.44000000,143638508.40000024,2399016.40000000,0.01670176
BLAST,2025,510,2,5,1405722.48000000,143638508.40000024,3804738.88000000,0.02648829
BLAST,2025,510,2,6,1080134.16000000,143638508.40000024,4884873.04000000,0.03400810
BLAST,2025,510,2,7,1316383.54000000,143638508.40000024,6201256.58000000,0.04317266
BLAST,2025,510,2,8,811673.61000000,143638508.40000024,7012930.19000000,0.04882347
BLAST,2025,510,2,9,683203.75000000,143638508.40000024,7696133.94000000,0.05357988
BLAST,2025,510,2,10,389024.93000000,143638508.40000024,8085158.87000000,0.05628824
BLAST,2025,520,1,5,9465.73000000,343234.46000000,9465.73000000,0.02757803
BLAST,2025,520,1,9,37917.15000000,343234.46000000,47382.88000000,0.13804814
BLAST,2025,520,2,1,110704.36000000,148508560.02000007,110704.36000000,0.00074544
BLAST,2025,520,2,2,312824.16000000,148508560.02000007,423528.52000000,0.00285188
BLAST,2025,520,2,3,552817.47000000,148508560.02000007,976345.99000000,0.00657434
BLAST,2025,520,2,4,1330178.47000000,148508560.02000007,2306524.46000000,0.01553126
BLAST,2025,520,2,5,1288664.97000000,148508560.02000007,3595189.43000000,0.02420863
BLAST,2025,520,2,6,753431.98000000,148508560.02000007,4348621.41000000,0.02928196
BLAST,2025,520,2,7,812843.89000000,148508560.02000007,5161465.30000000,0.03475534
BLAST,2025,520,2,8,771972.51000000,148508560.02000007,5933437.81000000,0.03995351
BLAST,2025,520,2,9,488133.80000000,148508560.02000007,6421571.61000000,0.04324041
BLAST,2025,520,2,10,394365.22000000,148508560.02000007,6815936.83000000,0.04589592
BLAST,2025,530,2,1,179743.75000000,165425481.66000000,179743.75000000,0.00108655
BLAST,2025,530,2,2,304518.02000000,165425481.66000000,484261.77000000,0.00292737
BLAST,2025,530,2,3,712688.22000000,165425481.66000000,1196949.99000000,0.00723558
BLAST,2025,530,2,4,1645920.48000000,165425481.66000000,2842870.47000000,0.01718520
BLAST,2025,530,2,5,1630325.98000000,165425481.66000000,4473196.45000000,0.02704055
BLAST,2025,530,2,6,1028486.34000000,165425481.66000000,5501682.79000000,0.03325777
BLAST,2025,530,2,7,841223.55000000,165425481.66000000,6342906.34000000,0.03834298
BLAST,2025,530,2,8,703116.36000000,165425481.66000000,7046022.70000000,0.04259333
BLAST,2025,530,2,9,541858.69000000,165425481.66000000,7587881.39000000,0.04586888
BLAST,2025,530,2,10,402719.71000000,165425481.66000000,7990601.10000000,0.04830333
BLAST,2025,540,1,5,24140.79000000,359895.63000000,24140.79000000,0.06707720
BLAST,2025,540,1,6,21151.30000000,359895.63000000,45292.09000000,0.12584785
BLAST,2025,540,1,7,26135.28000000,359895.63000000,71427.37000000,0.19846690
BLAST,2025,540,2,1,65088.11000000,167761746.93999997,65088.11000000,0.00038798
BLAST,2025,540,2,2,278329.92000000,167761746.93999997,343418.03000000,0.00204706
BLAST,2025,540,2,3,577326.62000000,167761746.93999997,920744.65000000,0.00548841
BLAST,2025,540,2,4,1304477.71000000,167761746.93999997,2225222.36000000,0.01326418
BLAST,2025,540,2,5,1227123.85000000,167761746.93999997,3452346.21000000,0.02057886
BLAST,2025,540,2,6,897152.99000000,167761746.93999997,4349499.20000000,0.02592664
BLAST,2025,540,2,7,976655.15000000,167761746.93999997,5326154.35000000,0.03174832
BLAST,2025,540,2,8,908984.74000000,167761746.93999997,6235139.09000000,0.03716663
BLAST,2025,540,2,9,443592.89000000,167761746.93999997,6678731.98000000,0.03981082
BLAST,2025,540,2,10,459886.24000000,167761746.93999997,7138618.22000000,0.04255212
BLAST,2025,550,2,1,205443.71000000,173886986.95000017,205443.71000000,0.00118148
BLAST,2025,550,2,2,485421.47000000,173886986.95000017,690865.18000000,0.00397307
BLAST,2025,550,2,3,616614.66000000,173886986.95000017,1307479.84000000,0.00751914
BLAST,2025,550,2,4,1332581.28000000,173886986.95000017,2640061.12000000,0.01518263
BLAST,2025,550,2,5,1403314.87000000,173886986.95000017,4043375.99000000,0.02325290
BLAST,2025,550,2,6,1071348.38000000,173886986.95000017,5114724.37000000,0.02941407
BLAST,2025,550,2,7,821934.77000000,173886986.95000017,5936659.14000000,0.03414091
BLAST,2025,550,2,8,788192.90000000,173886986.95000017,6724852.04000000,0.03867369
BLAST,2025,550,2,9,465850.14000000,173886986.95000017,7190702.18000000,0.04135273
BLAST,2025,550,2,10,361717.92000000,173886986.95000017,7552420.10000000,0.04343292
BLAST,2025,560,1,6,27759.15000000,761429.55000000,27759.15000000,0.03645662
BLAST,2025,560,2,1,121745.98000000,164029156.84999952,121745.98000000,0.00074222
BLAST,2025,560,2,2,311378.09000000,164029156.84999952,433124.07000000,0.00264053
BLAST,2025,560,2,3,621186.94000000,164029156.84999952,1054311.01000000,0.00642758
BLAST,2025,560,2,4,967463.93000000,164029156.84999952,2021774.94000000,0.01232570
BLAST,2025,560,2,5,944663.59000000,164029156.84999952,2966438.53000000,0.01808482
BLAST,2025,560,2,6,714913.13000000,164029156.84999952,3681351.66000000,0.02244328
BLAST,2025,560,2,7,810725.98000000,164029156.84999952,4492077.64000000,0.02738585
BLAST,2025,560,2,8,549584.78000000,164029156.84999952,5041662.42000000,0.03073638
BLAST,2025,560,2,9,466381.25000000,164029156.84999952,5508043.67000000,0.03357966
BLAST,2025,560,2,10,340223.89000000,164029156.84999952,5848267.56000000,0.03565383
BLAST,2025,570,2,1,161125.13000000,161317393.72999984,161125.13000000,0.00099881
BLAST,2025,570,2,2,157632.78000000,161317393.72999984,318757.91000000,0.00197597
BLAST,2025,570,2,3,518543.30000000,161317393.72999984,837301.21000000,0.00519040
BLAST,2025,570,2,4,1098578.91000000,161317393.72999984,1935880.12000000,0.01200044
BLAST,2025,570,2,5,1086592.81000000,161317393.72999984,3022472.93000000,0.01873619
BLAST,2025,570,2,6,677941.89000000,161317393.72999984,3700414.82000000,0.02293872
BLAST,2025,570,2,7,767993.06000000,161317393.72999984,4468407.88000000,0.02769948
BLAST,2025,570,2,8,805409.19000000,161317393.72999984,5273817.07000000,0.03269218
BLAST,2025,570,2,9,422529.57000000,161317393.72999984,5696346.64000000,0.03531142
BLAST,2025,570,2,10,347120.31000000,161317393.72999984,6043466.95000000,0.03746321
BLAST,2025,580,2,1,222235.36000000,154610757.12999973,222235.36000000,0.00143739
BLAST,2025,580,2,2,350511.81000000,154610757.12999973,572747.17000000,0.00370445
BLAST,2025,580,2,3,427931.64000000,154610757.12999973,1000678.81000000,0.00647225
BLAST,2025,580,2,4,1014533.79000000,154610757.12999973,2015212.60000000,0.01303410
BLAST,2025,580,2,5,1072428.70000000,154610757.12999973,3087641.30000000,0.01997042
BLAST,2025,580,2,6,653931.17000000,154610757.12999973,3741572.47000000,0.02419995
BLAST,2025,580,2,7,752521.64000000,154610757.12999973,4494094.11000000,0.02906715
BLAST,2025,580,2,8,603644.32000000,154610757.12999973,5097738.43000000,0.03297143
BLAST,2025,580,2,9,359934.08000000,154610757.12999973,5457672.51000000,0.03529944
BLAST,2025,580,2,10,200912.90000000,154610757.12999973,5658585.41000000,0.03659891
BLAST,2025,590,2,1,162517.50000000,139659587.72999963,162517.50000000,0.00116367
BLAST,2025,590,2,2,259883.19000000,139659587.72999963,422400.69000000,0.00302450
BLAST,2025,590,2,3,506686.88000000,139659587.72999963,929087.57000000,0.00665252
BLAST,2025,590,2,4,842426.03000000,139659587.72999963,1771513.60000000,0.01268451
BLAST,2025,590,2,5,573127.22000000,139659587.72999963,2344640.82000000,0.01678826
BLAST,2025,590,2,6,545957.24000000,139659587.72999963,2890598.06000000,0.02069746
BLAST,2025,590,2,7,670549.37000000,139659587.72999963,3561147.43000000,0.02549877
BLAST,2025,590,2,8,615468.30000000,139659587.72999963,4176615.73000000,0.02990569
BLAST,2025,590,2,9,400960.89000000,139659587.72999963,4577576.62000000,0.03277667
BLAST,2025,590,2,10,247338.31000000,139659587.72999963,4824914.93000000,0.03454768
BLAST,2025,600,2,1,92305.86000000,134307079.12999994,92305.86000000,0.00068727
BLAST,2025,600,2,2,154924.73000000,134307079.12999994,247230.59000000,0.00184079
BLAST,2025,600,2,3,387457.73000000,134307079.12999994,634688.32000000,0.00472565
BLAST,2025,600,2,4,905333.96000000,134307079.12999994,1540022.28000000,0.01146643
BLAST,2025,600,2,5,887322.61000000,134307079.12999994,2427344.89000000,0.01807310
BLAST,2025,600,2,6,493634.80000000,134307079.12999994,2920979.69000000,0.02174852
BLAST,2025,600,2,7,567135.35000000,134307079.12999994,3488115.04000000,0.02597119
BLAST,2025,600,2,8,575353.13000000,134307079.12999994,4063468.17000000,0.03025506
BLAST,2025,600,2,9,294493.66000000,134307079.12999994,4357961.83000000,0.03244774
BLAST,2025,600,2,10,268710.55000000,134307079.12999994,4626672.38000000,0.03444846
BLAST,2025,610,1,5,25786.03000000,640524.88000000,25786.03000000,0.04025766
BLAST,2025,610,2,1,60497.55000000,112269441.30999985,60497.55000000,0.00053886
BLAST,2025,610,2,2,167057.86000000,112269441.30999985,227555.41000000,0.00202687
BLAST,2025,610,2,3,392027.83000000,112269441.30999985,619583.24000000,0.00551872
BLAST,2025,610,2,4,465804.25000000,112269441.30999985,1085387.49000000,0.00966770
BLAST,2025,610,2,5,665554.88000000,112269441.30999985,1750942.37000000,0.01559589
BLAST,2025,610,2,6,388226.09000000,112269441.30999985,2139168.46000000,0.01905388
BLAST,2025,610,2,7,384033.45000000,112269441.30999985,2523201.91000000,0.02247452
BLAST,2025,610,2,8,473022.97000000,112269441.30999985,2996224.88000000,0.02668780
BLAST,2025,610,2,9,315978.96000000,112269441.30999985,3312203.84000000,0.02950227
BLAST,2025,610,2,10,203853.42000000,112269441.30999985,3516057.26000000,0.03131803
BLAST,2025,620,1,5,39800.35000000,616228.55000000,39800.35000000,0.06458699
BLAST,2025,620,2,1,114265.32000000,99926059.23999977,114265.32000000,0.00114350
BLAST,2025,620,2,2,234087.07000000,99926059.23999977,348352.39000000,0.00348610
BLAST,2025,620,2,3,353767.41000000,99926059.23999977,702119.80000000,0.00702639
BLAST,2025,620,2,4,500836.99000000,99926059.23999977,1202956.79000000,0.01203847
BLAST,2025,620,2,5,588323.45000000,99926059.23999977,1791280.24000000,0.01792606
BLAST,2025,620,2,6,420652.51000000,99926059.23999977,2211932.75000000,0.02213569
BLAST,2025,620,2,7,382120.53000000,99926059.23999977,2594053.28000000,0.02595973
BLAST,2025,620,2,8,417767.73000000,99926059.23999977,3011821.01000000,0.03014050
BLAST,2025,620,2,9,215478.19000000,99926059.23999977,3227299.20000000,0.03229687
BLAST,2025,620,2,10,110526.47000000,99926059.23999977,3337825.67000000,0.03340296
BLAST,2025,630,2,1,26776.23000000,81343334.17999995,26776.23000000,0.00032918
BLAST,2025,630,2,2,163643.91000000,81343334.17999995,190420.14000000,0.00234094
BLAST,2025,630,2,3,113965.66000000,81343334.17999995,304385.80000000,0.00374199
BLAST,2025,630,2,4,286509.90000000,81343334.17999995,590895.70000000,0.00726422
BLAST,2025,630,2,5,423018.13000000,81343334.17999995,1013913.83000000,0.01246462
BLAST,2025,630,2,6,282442.39000000,81343334.17999995,1296356.22000000,0.01593685
BLAST,2025,630,2,7,365451.08000000,81343334.17999995,1661807.30000000,0.02042954
BLAST,2025,630,2,8,345145.57000000,81343334.17999995,2006952.87000000,0.02467262
BLAST,2025,630,2,9,112270.92000000,81343334.17999995,2119223.79000000,0.02605283
BLAST,2025,630,2,10,100073.36000000,81343334.17999995,2219297.15000000,0.02728309
BLAST,2025,640,1,4,26880.67000000,372946.06000000,26880.67000000,0.07207656
BLAST,2025,640,1,5,27786.84000000,372946.06000000,54667.51000000,0.14658289
BLAST,2025,640,2,1,21182.62000000,67871178.41999997,21182.62000000,0.00031210
BLAST,2025,640,2,2,151057.49000000,67871178.41999997,172240.11000000,0.00253775
BLAST,2025,640,2,3,215092.52000000,67871178.41999997,387332.63000000,0.00570688
BLAST,2025,640,2,4,232046.45000000,67871178.41999997,619379.08000000,0.00912580
BLAST,2025,640,2,5,280957.08000000,67871178.41999997,900336.16000000,0.01326537
BLAST,2025,640,2,6,223427.89000000,67871178.41999997,1123764.05000000,0.01655731
BLAST,2025,640,2,7,201146.43000000,67871178.41999997,1324910.48000000,0.01952096
BLAST,2025,640,2,8,349807.02000000,67871178.41999997,1674717.50000000,0.02467494
BLAST,2025,640,2,9,161300.20000000,67871178.41999997,1836017.70000000,0.02705151
BLAST,2025,640,2,10,109613.14000000,67871178.41999997,1945630.84000000,0.02866653
BLAST,2025,650,1,8,44995.90000000,243600.23000000,44995.90000000,0.18471206
BLAST,2025,650,2,1,13211.53000000,57737128.70999995,13211.53000000,0.00022882
BLAST,2025,650,2,2,96155.68000000,57737128.70999995,109367.21000000,0.00189423
BLAST,2025,650,2,3,115060.05000000,57737128.70999995,224427.26000000,0.00388705
BLAST,2025,650,2,4,309900.41000000,57737128.70999995,534327.67000000,0.00925449
BLAST,2025,650,2,5,302551.94000000,57737128.70999995,836879.61000000,0.01449465
BLAST,2025,650,2,6,245968.13000000,57737128.70999995,1082847.74000000,0.01875479
BLAST,2025,650,2,7,135499.67000000,57737128.70999995,1218347.41000000,0.02110163
BLAST,2025,650,2,8,271849.12000000,57737128.70999995,1490196.53000000,0.02581002
BLAST,2025,650,2,9,112257.19000000,57737128.70999995,1602453.72000000,0.02775430
BLAST,2025,650,2,10,102128.30000000,57737128.70999995,1704582.02000000,0.02952315
BLAST,2025,660,2,1,53947.84000000,42605757.12999994,53947.84000000,0.00126621
BLAST,2025,660,2,2,72740.99000000,42605757.12999994,126688.83000000,0.00297351
BLAST,2025,660,2,3,86389.06000000,42605757.12999994,213077.89000000,0.00500115
BLAST,2025,660,2,4,282853.70000000,42605757.12999994,495931.59000000,0.01164001
BLAST,2025,660,2,5,245009.82000000,42605757.12999994,740941.41000000,0.01739064
BLAST,2025,660,2,6,181365.24000000,42605757.12999994,922306.65000000,0.02164747
BLAST,2025,660,2,7,68023.01000000,42605757.12999994,990329.66000000,0.02324403
BLAST,2025,660,2,8,77087.11000000,42605757.12999994,1067416.77000000,0.02505335
BLAST,2025,660,2,9,75214.08000000,42605757.12999994,1142630.85000000,0.02681870
BLAST,2025,660,2,10,76322.56000000,42605757.12999994,1218953.41000000,0.02861006
BLAST,2025,670,2,2,23690.53000000,36103714.20999998,23690.53000000,0.00065618
BLAST,2025,670,2,3,77576.42000000,36103714.20999998,101266.95000000,0.00280489
BLAST,2025,670,2,4,218233.66000000,36103714.20999998,319500.61000000,0.00884952
BLAST,2025,670,2,5,153618.37000000,36103714.20999998,473118.98000000,0.01310444
BLAST,2025,670,2,6,112006.61000000,36103714.20999998,585125.59000000,0.01620680
BLAST,2025,670,2,7,109119.75000000,36103714.20999998,694245.34000000,0.01922919
BLAST,2025,670,2,8,73397.72000000,36103714.20999998,767643.06000000,0.02126216
BLAST,2025,670,2,9,41783.13000000,36103714.20999998,809426.19000000,0.02241947
BLAST,2025,670,2,10,90791.43000000,36103714.20999998,900217.62000000,0.02493421
BLAST,2025,680,1,9,26141.56000000,85981.56000000,26141.56000000,0.30403682
BLAST,2025,680,1,10,27898.05000000,85981.56000000,54039.61000000,0.62850232
BLAST,2025,680,2,1,64378.32000000,31168942.35000003,64378.32000000,0.00206546
BLAST,2025,680,2,2,60491.62000000,31168942.35000003,124869.94000000,0.00400623
BLAST,2025,680,2,3,69723.00000000,31168942.35000003,194592.94000000,0.00624317
BLAST,2025,680,2,4,149166.60000000,31168942.35000003,343759.54000000,0.01102891
BLAST,2025,680,2,5,214132.47000000,31168942.35000003,557892.01000000,0.01789897
BLAST,2025,680,2,6,66492.08000000,31168942.35000003,624384.09000000,0.02003225
BLAST,2025,680,2,7,83664.96000000,31168942.35000003,708049.05000000,0.02271649
BLAST,2025,680,2,8,21188.87000000,31168942.35000003,729237.92000000,0.02339630
BLAST,2025,680,2,9,1676.64000000,31168942.35000003,730914.56000000,0.02345009
BLAST,2025,680,2,10,117394.58000000,31168942.35000003,848309.14000000,0.02721649
BLAST,2025,690,2,1,32690.45000000,28925589.69000001,32690.45000000,0.00113016
BLAST,2025,690,2,2,86424.50000000,28925589.69000001,119114.95000000,0.00411798
BLAST,2025,690,2,3,166762.19000000,28925589.69000001,285877.14000000,0.00988319
BLAST,2025,690,2,4,142597.32000000,28925589.69000001,428474.46000000,0.01481299
BLAST,2025,690,2,5,83876.04000000,28925589.69000001,512350.50000000,0.01771271
BLAST,2025,690,2,6,165951.09000000,28925589.69000001,678301.59000000,0.02344988
BLAST,2025,690,2,7,124483.65000000,28925589.69000001,802785.24000000,0.02775346
BLAST,2025,690,2,8,129655.90000000,28925589.69000001,932441.14000000,0.03223586
BLAST,2025,690,2,9,15363.34000000,28925589.69000001,947804.48000000,0.03276699
BLAST,2025,690,2,10,24098.71000000,28925589.69000001,971903.19000000,0.03360012
BLAST,2025,700,2,3,18385.74000000,23075604.50000002,18385.74000000,0.00079676
BLAST,2025,700,2,4,101124.14000000,23075604.50000002,119509.88000000,0.00517906
BLAST,2025,700,2,5,94026.63000000,23075604.50000002,213536.51000000,0.00925378
BLAST,2025,700,2,6,77036.07000000,23075604.50000002,290572.58000000,0.01259220
BLAST,2025,700,2,7,112726.93000000,23075604.50000002,403299.51000000,0.01747731
BLAST,2025,700,2,8,36714.16000000,23075604.50000002,440013.67000000,0.01906835
BLAST,2025,700,2,9,19168.41000000,23075604.50000002,459182.08000000,0.01989903
BLAST,2025,700,2,10,35909.68000000,23075604.50000002,495091.76000000,0.02145520
BLAST,2025,710,1,3,25594.37000000,86548.01000000,25594.37000000,0.29572453
BLAST,2025,710,2,2,40765.74000000,18984225.80000001,40765.74000000,0.00214735
BLAST,2025,710,2,4,103880.12000000,18984225.80000001,144645.86000000,0.00761927
BLAST,2025,710,2,5,62284.65000000,18984225.80000001,206930.51000000,0.01090013
BLAST,2025,710,2,6,92235.05000000,18984225.80000001,299165.56000000,0.01575864
BLAST,2025,710,2,9,26384.60000000,18984225.80000001,325550.16000000,0.01714846
BLAST,2025,720,2,2,27.03000000,15165348.63000001,27.03000000,0.00000178
BLAST,2025,720,2,3,39605.11000000,15165348.63000001,39632.14000000,0.00261334
BLAST,2025,720,2,4,72480.59000000,15165348.63000001,112112.73000000,0.00739269
BLAST,2025,720,2,5,17134.63000000,15165348.63000001,129247.36000000,0.00852254
BLAST,2025,720,2,8,40379.12000000,15165348.63000001,169626.48000000,0.01118514
BLAST,2025,720,2,9,95071.90000000,15165348.63000001,264698.38000000,0.01745416
BLAST,2025,720,2,10,40292.99000000,15165348.63000001,304991.37000000,0.02011107
BLAST,2025,730,2,2,46733.79000000,11624262.84000000,46733.79000000,0.00402037
BLAST,2025,730,2,3,96480.56000000,11624262.84000000,143214.35000000,0.01232030
BLAST,2025,730,2,4,75451.85000000,11624262.84000000,218666.20000000,0.01881119
BLAST,2025,730,2,5,71788.67000000,11624262.84000000,290454.87000000,0.02498695
BLAST,2025,730,2,8,20741.82000000,11624262.84000000,311196.69000000,0.02677131
BLAST,2025,740,2,1,23012.37000000,9726390.15000000,23012.37000000,0.00236597
BLAST,2025,740,2,3,53463.39000000,9726390.15000000,76475.76000000,0.00786271
BLAST,2025,740,2,4,45983.48000000,9726390.15000000,122459.24000000,0.01259041
BLAST,2025,740,2,5,59732.56000000,9726390.15000000,182191.80000000,0.01873170
BLAST,2025,740,2,6,42530.30000000,9726390.15000000,224722.10000000,0.02310437
BLAST,2025,740,2,7,83924.15000000,9726390.15000000,308646.25000000,0.03173287
BLAST,2025,740,2,8,28230.34000000,9726390.15000000,336876.59000000,0.03463532
BLAST,2025,740,2,9,23665.24000000,9726390.15000000,360541.83000000,0.03706841
BLAST,2025,750,2,3,23492.52000000,7183314.77000000,23492.52000000,0.00327043
BLAST,2025,750,2,4,22740.15000000,7183314.77000000,46232.67000000,0.00643612
BLAST,2025,750,2,5,30052.23000000,7183314.77000000,76284.90000000,0.01061974
BLAST,2025,750,2,6,66294.92000000,7183314.77000000,142579.82000000,0.01984875
BLAST,2025,750,2,8,22970.08000000,7183314.77000000,165549.90000000,0.02304645
BLAST,2025,750,2,9,50643.26000000,7183314.77000000,216193.16000000,0.03009657
BLAST,2025,760,2,6,21722.96000000,5862193.17000000,21722.96000000,0.00370560
BLAST,2025,760,2,8,8997.93000000,5862193.17000000,30720.89000000,0.00524051
BLAST,2025,760,2,10,14660.53000000,5862193.17000000,45381.42000000,0.00774137
BLAST,2025,770,2,6,40497.28000000,4297109.17000000,40497.28000000,0.00942431
BLAST,2025,770,2,9,14057.50000000,4297109.17000000,54554.78000000,0.01269569
BLAST,2025,780,2,6,23885.48000000,4087931.71000000,23885.48000000,0.00584293
BLAST,2025,790,2,2,17823.13000000,3083232.07000000,17823.13000000,0.00578066
BLAST,2025,790,2,6,47363.35000000,3083232.07000000,65186.48000000,0.02114226
BLAST,2025,800,2,9,22394.30000000,2501297.75000000,22394.30000000,0.00895307
BLAST,2025,800,2,10,19395.44000000,2501297.75000000,41789.74000000,0.01670722
BLAST,2025,810,2,2,19181.79000000,2079319.22000000,19181.79000000,0.00922503
BLAST,2025,810,2,5,29380.10000000,2079319.22000000,48561.89000000,0.02335471
BLAST,2025,820,2,6,33424.38000000,1197675.55000000,33424.38000000,0.02790771
BLAST,2025,830,2,8,18099.79000000,1321441.99000000,18099.79000000,0.01369700
BLAST,2025,840,2,7,18899.52000000,626542.00000000,18899.52000000,0.03016481
BLAST,2025,870,2,1,24065.36000000,233877.38000000,24065.36000000,0.10289734
