issuer_code,series_label,entity_name,loan_age_months,period_co_amt,orig_pool_amt,cumulative_co_amt,cumulative_loss_rate
EART,EART 2020-3,Exeter Automobile Receivables Trust 2020-3,2,162133.40000000,684273500.78999794,162133.40000000,0.00023694
EART,EART 2020-3,Exeter Automobile Receivables Trust 2020-3,3,604646.46000000,684273500.78999794,766779.86000000,0.00112058
EART,EART 2020-3,Exeter Automobile Receivables Trust 2020-3,4,2288748.43000000,684273500.78999794,3055528.29000000,0.00446536
EART,EART 2020-3,Exeter Automobile Receivables Trust 2020-3,5,4454247.54000000,684273500.78999794,7509775.83000000,0.01097482
EART,EART 2020-3,Exeter Automobile Receivables Trust 2020-3,6,4475788.12000000,684273500.78999794,11985563.95000000,0.01751575
EART,EART 2020-3,Exeter Automobile Receivables Trust 2020-3,7,4235878.84000000,684273500.78999794,16221442.79000000,0.02370608
EART,EART 2020-3,Exeter Automobile Receivables Trust 2020-3,8,3190137.52000000,684273500.78999794,19411580.31000000,0.02836816
EART,EART 2020-3,Exeter Automobile Receivables Trust 2020-3,9,2779277.53000000,684273500.78999794,22190857.84000000,0.03242981
EART,EART 2020-3,Exeter Automobile Receivables Trust 2020-3,10,2811799.51000000,684273500.78999794,25002657.35000000,0.03653898
EART,EART 2020-3,Exeter Automobile Receivables Trust 2020-3,11,2493760.56000000,684273500.78999794,27496417.91000000,0.04018337
EART,EART 2020-3,Exeter Automobile Receivables Trust 2020-3,12,3482029.98000000,684273500.78999794,30978447.89000000,0.04527203
EART,EART 2020-3,Exeter Automobile Receivables Trust 2020-3,13,3548047.34000000,684273500.78999794,34526495.23000000,0.05045716
EART,EART 2020-3,Exeter Automobile Receivables Trust 2020-3,14,3544461.39000000,684273500.78999794,38070956.62000000,0.05563705
EART,EART 2020-3,Exeter Automobile Receivables Trust 2020-3,15,3595873.45000000,684273500.78999794,41666830.07000000,0.06089207
EART,EART 2020-3,Exeter Automobile Receivables Trust 2020-3,16,3445911.43000000,684273500.78999794,45112741.50000000,0.06592794
EART,EART 2020-3,Exeter Automobile Receivables Trust 2020-3,17,4661284.58000000,684273500.78999794,49774026.08000001,0.07273996
EART,EART 2020-3,Exeter Automobile Receivables Trust 2020-3,18,4056989.26000000,684273500.78999794,53831015.34000000,0.07866886
EART,EART 2020-3,Exeter Automobile Receivables Trust 2020-3,19,3837064.69000000,684273500.78999794,57668080.03000000,0.08427636
EART,EART 2020-3,Exeter Automobile Receivables Trust 2020-3,20,3160916.18000000,684273500.78999794,60828996.21000000,0.08889574
EART,EART 2020-3,Exeter Automobile Receivables Trust 2020-3,21,3074973.16000000,684273500.78999794,63903969.37000000,0.09338951
EART,EART 2020-3,Exeter Automobile Receivables Trust 2020-3,22,3042924.63000000,684273500.78999794,66946894.00000000,0.09783646
EART,EART 2020-3,Exeter Automobile Receivables Trust 2020-3,23,3620000.86000000,684273500.78999794,70566894.86000000,0.10312674
EART,EART 2020-3,Exeter Automobile Receivables Trust 2020-3,24,3694434.01000000,684273500.78999794,74261328.87000000,0.10852580
EART,EART 2020-3,Exeter Automobile Receivables Trust 2020-3,25,3506522.75000000,684273500.78999794,77767851.62000000,0.11365025
EART,EART 2020-3,Exeter Automobile Receivables Trust 2020-3,26,4036798.77000000,684273500.78999794,81804650.39000000,0.11954964
EART,EART 2020-3,Exeter Automobile Receivables Trust 2020-3,27,4273912.79000000,684273500.78999794,86078563.18000001,0.12579555
EART,EART 2020-3,Exeter Automobile Receivables Trust 2020-3,28,4151325.08000000,684273500.78999794,90229888.26000001,0.13186232
EART,EART 2020-3,Exeter Automobile Receivables Trust 2020-3,29,4093121.34000000,684273500.78999794,94323009.60000001,0.13784402
EART,EART 2020-3,Exeter Automobile Receivables Trust 2020-3,30,3473969.68000000,684273500.78999794,97796979.28000000,0.14292089
EART,EART 2020-3,Exeter Automobile Receivables Trust 2020-3,31,2930794.01000000,684273500.78999794,100727773.29000001,0.14720397
EART,EART 2020-3,Exeter Automobile Receivables Trust 2020-3,32,2561021.01000000,684273500.78999794,103288794.30000001,0.15094665
EART,EART 2020-3,Exeter Automobile Receivables Trust 2020-3,33,2237551.80000000,684273500.78999794,105526346.10000001,0.15421662
EART,EART 2020-3,Exeter Automobile Receivables Trust 2020-3,34,2260880.32000000,684273500.78999794,107787226.42000000,0.15752068
EART,EART 2020-3,Exeter Automobile Receivables Trust 2020-3,35,2622075.50000000,684273500.78999794,110409301.92000000,0.16135259
EART,EART 2020-3,Exeter Automobile Receivables Trust 2020-3,36,2410666.39000000,684273500.78999794,112819968.31000000,0.16487555
EART,EART 2020-3,Exeter Automobile Receivables Trust 2020-3,37,2429378.37000000,684273500.78999794,115249346.68000001,0.16842585
EART,EART 2020-3,Exeter Automobile Receivables Trust 2020-3,38,2525570.76000000,684273500.78999794,117774917.44000000,0.17211673
EART,EART 2020-3,Exeter Automobile Receivables Trust 2020-3,39,2444919.63000000,684273500.78999794,120219837.07000001,0.17568975
EART,EART 2020-3,Exeter Automobile Receivables Trust 2020-3,40,1951195.08000000,684273500.78999794,122171032.15000001,0.17854123
EART,EART 2020-3,Exeter Automobile Receivables Trust 2020-3,41,2524764.39000000,684273500.78999794,124695796.54000001,0.18223093
EART,EART 2020-3,Exeter Automobile Receivables Trust 2020-3,42,1985066.87000000,684273500.78999794,126680863.41000000,0.18513191
EART,EART 2020-3,Exeter Automobile Receivables Trust 2020-3,43,1898375.85000000,684273500.78999794,128579239.26000001,0.18790621
EART,EART 2020-3,Exeter Automobile Receivables Trust 2020-3,44,1594101.96000000,684273500.78999794,130173341.22000000,0.19023584
EART,EART 2020-3,Exeter Automobile Receivables Trust 2020-3,45,1649411.84000000,684273500.78999794,131822753.06000000,0.19264629
EART,EART 2020-3,Exeter Automobile Receivables Trust 2020-3,46,1593237.06000000,684273500.78999794,133415990.12000000,0.19497466
EART,EART 2020-3,Exeter Automobile Receivables Trust 2020-3,47,1308325.09000000,684273500.78999794,134724315.21000001,0.19688665
EART,EART 2020-3,Exeter Automobile Receivables Trust 2020-3,48,1839558.79000000,684273500.78999794,136563874.00000000,0.19957499
EART,EART 2020-3,Exeter Automobile Receivables Trust 2020-3,49,1532680.11000000,684273500.78999794,138096554.11000001,0.20181485
EART,EART 2020-3,Exeter Automobile Receivables Trust 2020-3,50,1707357.61000000,684273500.78999794,139803911.72000000,0.20430999
EART,EART 2020-3,Exeter Automobile Receivables Trust 2020-3,51,1371889.01000000,684273500.78999794,141175800.72999999,0.20631487
EART,EART 2020-3,Exeter Automobile Receivables Trust 2020-3,52,1131711.71000000,684273500.78999794,142307512.44000000,0.20796876
EART,EART 2020-3,Exeter Automobile Receivables Trust 2020-3,53,1487325.88000000,684273500.78999794,143794838.31999999,0.21014235
EART,EART 2020-3,Exeter Automobile Receivables Trust 2020-3,54,1214767.03000000,684273500.78999794,145009605.34999999,0.21191761
EART,EART 2020-3,Exeter Automobile Receivables Trust 2020-3,55,1551116.95000000,684273500.78999794,146560722.30000001,0.21418442
EART,EART 2020-3,Exeter Automobile Receivables Trust 2020-3,56,1177473.08000000,684273500.78999794,147738195.38000000,0.21590518
EART,EART 2021-1,Exeter Automobile Receivables Trust 2021-1,2,259536.54000000,1124672949.26999831,259536.54000000,0.00023077
EART,EART 2021-1,Exeter Automobile Receivables Trust 2021-1,3,1206242.24000000,1124672949.26999831,1465778.78000000,0.00130329
EART,EART 2021-1,Exeter Automobile Receivables Trust 2021-1,4,4285426.31000000,1124672949.26999831,5751205.09000000,0.00511367
EART,EART 2021-1,Exeter Automobile Receivables Trust 2021-1,5,6034053.61000000,1124672949.26999831,11785258.70000000,0.01047883
EART,EART 2021-1,Exeter Automobile Receivables Trust 2021-1,6,5818276.38000000,1124672949.26999831,17603535.08000000,0.01565214
EART,EART 2021-1,Exeter Automobile Receivables Trust 2021-1,7,5416343.75000000,1124672949.26999831,23019878.83000000,0.02046806
EART,EART 2021-1,Exeter Automobile Receivables Trust 2021-1,8,6632764.89000000,1124672949.26999831,29652643.72000000,0.02636557
EART,EART 2021-1,Exeter Automobile Receivables Trust 2021-1,9,6980851.23999999,1124672949.26999831,36633494.95999999,0.03257258
EART,EART 2021-1,Exeter Automobile Receivables Trust 2021-1,10,6640752.58000000,1124672949.26999831,43274247.53999999,0.03847718
EART,EART 2021-1,Exeter Automobile Receivables Trust 2021-1,11,6235996.29000000,1124672949.26999831,49510243.82999999,0.04402190
EART,EART 2021-1,Exeter Automobile Receivables Trust 2021-1,12,8415254.53000000,1124672949.26999831,57925498.35999998,0.05150430
EART,EART 2021-1,Exeter Automobile Receivables Trust 2021-1,13,9234652.03000000,1124672949.26999831,67160150.38999999,0.05971527
EART,EART 2021-1,Exeter Automobile Receivables Trust 2021-1,14,7980887.67000001,1124672949.26999831,75141038.06000000,0.06681146
EART,EART 2021-1,Exeter Automobile Receivables Trust 2021-1,15,8367036.18000000,1124672949.26999831,83508074.23999999,0.07425098
EART,EART 2021-1,Exeter Automobile Receivables Trust 2021-1,16,5880962.18000001,1124672949.26999831,89389036.42000000,0.07948003
EART,EART 2021-1,Exeter Automobile Receivables Trust 2021-1,17,5252712.10000000,1124672949.26999831,94641748.52000001,0.08415046
EART,EART 2021-1,Exeter Automobile Receivables Trust 2021-1,18,6663823.61000000,1124672949.26999831,101305572.13000001,0.09007558
EART,EART 2021-1,Exeter Automobile Receivables Trust 2021-1,19,7080570.65000001,1124672949.26999831,108386142.78000002,0.09637125
EART,EART 2021-1,Exeter Automobile Receivables Trust 2021-1,20,8106636.36000000,1124672949.26999831,116492779.14000002,0.10357925
EART,EART 2021-1,Exeter Automobile Receivables Trust 2021-1,21,7378666.22000000,1124672949.26999831,123871445.36000001,0.11013997
EART,EART 2021-1,Exeter Automobile Receivables Trust 2021-1,22,7999376.54000000,1124672949.26999831,131870821.90000002,0.11725260
EART,EART 2021-1,Exeter Automobile Receivables Trust 2021-1,23,7447032.89000000,1124672949.26999831,139317854.79000002,0.12387410
EART,EART 2021-1,Exeter Automobile Receivables Trust 2021-1,24,7665429.81000000,1124672949.26999831,146983284.60000002,0.13068980
EART,EART 2021-1,Exeter Automobile Receivables Trust 2021-1,25,7416524.74999999,1124672949.26999831,154399809.35000002,0.13728419
EART,EART 2021-1,Exeter Automobile Receivables Trust 2021-1,26,6442317.01000000,1124672949.26999831,160842126.36000001,0.14301235
EART,EART 2021-1,Exeter Automobile Receivables Trust 2021-1,27,6838753.07999999,1124672949.26999831,167680879.44000000,0.14909301
EART,EART 2021-1,Exeter Automobile Receivables Trust 2021-1,28,4709412.12000000,1124672949.26999831,172390291.56000000,0.15328038
EART,EART 2021-1,Exeter Automobile Receivables Trust 2021-1,29,4882884.80000000,1124672949.26999831,177273176.36000001,0.15762198
EART,EART 2021-1,Exeter Automobile Receivables Trust 2021-1,30,4739675.05000000,1124672949.26999831,182012851.41000000,0.16183625
EART,EART 2021-1,Exeter Automobile Receivables Trust 2021-1,31,4496573.98000000,1124672949.26999831,186509425.39000002,0.16583437
EART,EART 2021-1,Exeter Automobile Receivables Trust 2021-1,32,5550266.58000000,1124672949.26999831,192059691.97000000,0.17076937
EART,EART 2021-1,Exeter Automobile Receivables Trust 2021-1,33,5270513.86000000,1124672949.26999831,197330205.83000001,0.17545563
EART,EART 2021-1,Exeter Automobile Receivables Trust 2021-1,34,5063633.57000000,1124672949.26999831,202393839.40000001,0.17995795
EART,EART 2021-1,Exeter Automobile Receivables Trust 2021-1,35,5000794.94000000,1124672949.26999831,207394634.34000000,0.18440439
EART,EART 2021-1,Exeter Automobile Receivables Trust 2021-1,36,4398773.87000000,1124672949.26999831,211793408.21000001,0.18831555
EART,EART 2021-1,Exeter Automobile Receivables Trust 2021-1,37,5367979.46000000,1124672949.26999831,217161387.67000002,0.19308848
EART,EART 2021-1,Exeter Automobile Receivables Trust 2021-1,38,3767621.12000000,1124672949.26999831,220929008.78999999,0.19643845
EART,EART 2021-1,Exeter Automobile Receivables Trust 2021-1,39,3321450.86000000,1124672949.26999831,224250459.65000001,0.19939171
EART,EART 2021-1,Exeter Automobile Receivables Trust 2021-1,40,3237555.92000000,1124672949.26999831,227488015.56999999,0.20227037
EART,EART 2021-1,Exeter Automobile Receivables Trust 2021-1,41,3059603.06000000,1124672949.26999831,230547618.63000000,0.20499081
EART,EART 2021-1,Exeter Automobile Receivables Trust 2021-1,42,2820306.20000000,1124672949.26999831,233367924.83000001,0.20749848
EART,EART 2021-1,Exeter Automobile Receivables Trust 2021-1,43,3095920.80000000,1124672949.26999831,236463845.63000000,0.21025121
EART,EART 2021-1,Exeter Automobile Receivables Trust 2021-1,44,3604380.19000000,1124672949.26999831,240068225.81999999,0.21345603
EART,EART 2021-1,Exeter Automobile Receivables Trust 2021-1,45,3201108.87000000,1124672949.26999831,243269334.69000000,0.21630229
EART,EART 2021-1,Exeter Automobile Receivables Trust 2021-1,46,3022117.12000000,1124672949.26999831,246291451.81000000,0.21898940
EART,EART 2021-1,Exeter Automobile Receivables Trust 2021-1,47,2795574.75000000,1124672949.26999831,249087026.56000000,0.22147508
EART,EART 2021-1,Exeter Automobile Receivables Trust 2021-1,48,2812943.93000000,1124672949.26999831,251899970.49000001,0.22397620
EART,EART 2021-1,Exeter Automobile Receivables Trust 2021-1,49,3202158.39000000,1124672949.26999831,255102128.88000000,0.22682339
EART,EART 2021-1,Exeter Automobile Receivables Trust 2021-1,50,2759961.10000000,1124672949.26999831,257862089.98000002,0.22927740
EART,EART 2021-1,Exeter Automobile Receivables Trust 2021-1,51,2507754.22000000,1124672949.26999831,260369844.20000002,0.23150716
EART,EART 2021-1,Exeter Automobile Receivables Trust 2021-1,52,2502280.77000000,1124672949.26999831,262872124.97000000,0.23373206
EART,EART 2021-1,Exeter Automobile Receivables Trust 2021-1,53,2274722.70000000,1124672949.26999831,265146847.67000002,0.23575462
EART,EART 2021-1,Exeter Automobile Receivables Trust 2021-1,54,2216137.37000000,1124672949.26999831,267362985.04000002,0.23772510
EART,EART 2021-1,Exeter Automobile Receivables Trust 2021-1,55,2305062.37000000,1124672949.26999831,269668047.41000003,0.23977464
EART,EART 2021-1,Exeter Automobile Receivables Trust 2021-1,56,2727266.23000000,1124672949.26999831,272395313.63999999,0.24219958
EART,EART 2021-1,Exeter Automobile Receivables Trust 2021-1,57,1991333.82000000,1124672949.26999831,274386647.45999998,0.24397017
EART,EART 2021-2,Exeter Automobile Receivables Trust 2021-2,2,260528.63000000,1146405159.32999778,260528.63000000,0.00022726
EART,EART 2021-2,Exeter Automobile Receivables Trust 2021-2,3,1082967.44000000,1146405159.32999778,1343496.07000000,0.00117192
EART,EART 2021-2,Exeter Automobile Receivables Trust 2021-2,4,6284648.71000000,1146405159.32999778,7628144.78000000,0.00665397
EART,EART 2021-2,Exeter Automobile Receivables Trust 2021-2,5,9572483.86000000,1146405159.32999778,17200628.64000000,0.01500397
EART,EART 2021-2,Exeter Automobile Receivables Trust 2021-2,6,10417168.49000001,1146405159.32999778,27617797.13000001,0.02409078
EART,EART 2021-2,Exeter Automobile Receivables Trust 2021-2,7,10864900.82000000,1146405159.32999778,38482697.95000001,0.03356815
EART,EART 2021-2,Exeter Automobile Receivables Trust 2021-2,8,10521919.33000000,1146405159.32999778,49004617.28000001,0.04274633
EART,EART 2021-2,Exeter Automobile Receivables Trust 2021-2,9,10162760.92000001,1146405159.32999778,59167378.20000002,0.05161123
EART,EART 2021-2,Exeter Automobile Receivables Trust 2021-2,10,9153057.35000000,1146405159.32999778,68320435.55000001,0.05959537
EART,EART 2021-2,Exeter Automobile Receivables Trust 2021-2,11,9702691.31000000,1146405159.32999778,78023126.86000001,0.06805895
EART,EART 2021-2,Exeter Automobile Receivables Trust 2021-2,12,7362272.00000001,1146405159.32999778,85385398.86000001,0.07448100
EART,EART 2021-2,Exeter Automobile Receivables Trust 2021-2,13,6782100.59000000,1146405159.32999778,92167499.45000002,0.08039697
EART,EART 2021-2,Exeter Automobile Receivables Trust 2021-2,14,7396425.95000000,1146405159.32999778,99563925.40000002,0.08684881
EART,EART 2021-2,Exeter Automobile Receivables Trust 2021-2,15,9765808.85000000,1146405159.32999778,109329734.25000001,0.09536745
EART,EART 2021-2,Exeter Automobile Receivables Trust 2021-2,16,10602307.45000000,1146405159.32999778,119932041.70000002,0.10461576
EART,EART 2021-2,Exeter Automobile Receivables Trust 2021-2,17,9843579.76999999,1146405159.32999778,129775621.47000001,0.11320223
EART,EART 2021-2,Exeter Automobile Receivables Trust 2021-2,18,10965157.76000000,1146405159.32999778,140740779.23000002,0.12276705
EART,EART 2021-2,Exeter Automobile Receivables Trust 2021-2,19,11053771.38000000,1146405159.32999778,151794550.61000001,0.13240917
EART,EART 2021-2,Exeter Automobile Receivables Trust 2021-2,20,9749278.43000000,1146405159.32999778,161543829.04000002,0.14091338
EART,EART 2021-2,Exeter Automobile Receivables Trust 2021-2,21,10476771.92000000,1146405159.32999778,172020600.96000001,0.15005219
EART,EART 2021-2,Exeter Automobile Receivables Trust 2021-2,22,9252464.30000001,1146405159.32999778,181273065.26000002,0.15812304
EART,EART 2021-2,Exeter Automobile Receivables Trust 2021-2,23,8415514.37000000,1146405159.32999778,189688579.63000003,0.16546382
EART,EART 2021-2,Exeter Automobile Receivables Trust 2021-2,24,5705168.32000000,1146405159.32999778,195393747.95000002,0.17044039
EART,EART 2021-2,Exeter Automobile Receivables Trust 2021-2,25,6248508.05000000,1146405159.32999778,201642256.00000003,0.17589092
EART,EART 2021-2,Exeter Automobile Receivables Trust 2021-2,26,6436475.07000000,1146405159.32999778,208078731.07000002,0.18150540
EART,EART 2021-2,Exeter Automobile Receivables Trust 2021-2,27,6943816.87000000,1146405159.32999778,215022547.94000003,0.18756244
EART,EART 2021-2,Exeter Automobile Receivables Trust 2021-2,28,7761063.10000001,1146405159.32999778,222783611.04000002,0.19433235
EART,EART 2021-2,Exeter Automobile Receivables Trust 2021-2,29,6824977.99000000,1146405159.32999778,229608589.03000003,0.20028573
EART,EART 2021-2,Exeter Automobile Receivables Trust 2021-2,30,7030203.59000000,1146405159.32999778,236638792.62000003,0.20641812
EART,EART 2021-2,Exeter Automobile Receivables Trust 2021-2,31,6466178.24000000,1146405159.32999778,243104970.86000001,0.21205851
EART,EART 2021-2,Exeter Automobile Receivables Trust 2021-2,32,5245928.57000000,1146405159.32999778,248350899.43000004,0.21663449
EART,EART 2021-2,Exeter Automobile Receivables Trust 2021-2,33,7500856.29000000,1146405159.32999778,255851755.72000003,0.22317743
EART,EART 2021-2,Exeter Automobile Receivables Trust 2021-2,34,5397506.85000000,1146405159.32999778,261249262.57000002,0.22788563
EART,EART 2021-2,Exeter Automobile Receivables Trust 2021-2,35,5532649.96000001,1146405159.32999778,266781912.53000003,0.23271172
EART,EART 2021-2,Exeter Automobile Receivables Trust 2021-2,36,4574882.50000000,1146405159.32999778,271356795.03000003,0.23670235
EART,EART 2021-2,Exeter Automobile Receivables Trust 2021-2,37,4281558.02000000,1146405159.32999778,275638353.05000001,0.24043712
EART,EART 2021-2,Exeter Automobile Receivables Trust 2021-2,38,3938709.28000000,1146405159.32999778,279577062.33000004,0.24387282
EART,EART 2021-2,Exeter Automobile Receivables Trust 2021-2,39,4149058.33000000,1146405159.32999778,283726120.66000003,0.24749201
EART,EART 2021-2,Exeter Automobile Receivables Trust 2021-2,40,5032249.33000000,1146405159.32999778,288758369.99000007,0.25188160
EART,EART 2021-2,Exeter Automobile Receivables Trust 2021-2,41,5184649.85000000,1146405159.32999778,293943019.84000003,0.25640413
EART,EART 2021-2,Exeter Automobile Receivables Trust 2021-2,42,4576633.76000000,1146405159.32999778,298519653.60000002,0.26039629
EART,EART 2021-2,Exeter Automobile Receivables Trust 2021-2,43,3739471.25000000,1146405159.32999778,302259124.85000002,0.26365820
EART,EART 2021-2,Exeter Automobile Receivables Trust 2021-2,44,3386877.30000000,1146405159.32999778,305646002.15000004,0.26661255
EART,EART 2021-2,Exeter Automobile Receivables Trust 2021-2,45,3942539.44000000,1146405159.32999778,309588541.59000003,0.27005159
EART,EART 2021-2,Exeter Automobile Receivables Trust 2021-2,46,3549689.18000000,1146405159.32999778,313138230.77000004,0.27314796
EART,EART 2021-2,Exeter Automobile Receivables Trust 2021-2,47,3843840.35000000,1146405159.32999778,316982071.12000006,0.27650091
EART,EART 2021-2,Exeter Automobile Receivables Trust 2021-2,48,3271952.59000000,1146405159.32999778,320254023.71000004,0.27935501
EART,EART 2021-2,Exeter Automobile Receivables Trust 2021-2,49,3063522.59000000,1146405159.32999778,323317546.30000007,0.28202730
EART,EART 2021-2,Exeter Automobile Receivables Trust 2021-2,50,3335872.36000000,1146405159.32999778,326653418.66000003,0.28493715
EART,EART 2021-2,Exeter Automobile Receivables Trust 2021-2,51,3527890.02000000,1146405159.32999778,330181308.68000007,0.28801450
EART,EART 2021-2,Exeter Automobile Receivables Trust 2021-2,52,3224729.19000000,1146405159.32999778,333406037.87000006,0.29082741
EART,EART 2021-2,Exeter Automobile Receivables Trust 2021-2,53,3384961.29000000,1146405159.32999778,336790999.16000003,0.29378008
EART,EART 2021-2,Exeter Automobile Receivables Trust 2021-2,54,3317840.74000000,1146405159.32999778,340108839.90000004,0.29667421
EART,EART 2021-2,Exeter Automobile Receivables Trust 2021-2,55,2819725.74000000,1146405159.32999778,342928565.64000005,0.29913383
EART,EART 2021-2,Exeter Automobile Receivables Trust 2021-2,56,2529200.56000000,1146405159.32999778,345457766.20000005,0.30134003
EART,EART 2021-2,Exeter Automobile Receivables Trust 2021-2,57,2850103.79000000,1146405159.32999778,348307869.99000007,0.30382615
EART,EART 2021-3,Exeter Automobile Receivables Trust 2021-3,2,260563.68000000,1282524185.34999609,260563.68000000,0.00020316
EART,EART 2021-3,Exeter Automobile Receivables Trust 2021-3,3,2372881.99000000,1282524185.34999609,2633445.67000000,0.00205333
EART,EART 2021-3,Exeter Automobile Receivables Trust 2021-3,4,9770993.42000000,1282524185.34999609,12404439.09000000,0.00967189
EART,EART 2021-3,Exeter Automobile Receivables Trust 2021-3,5,13605439.42000001,1282524185.34999609,26009878.51000002,0.02028022
EART,EART 2021-3,Exeter Automobile Receivables Trust 2021-3,6,15573176.80999999,1282524185.34999609,41583055.32000001,0.03242282
EART,EART 2021-3,Exeter Automobile Receivables Trust 2021-3,7,12628873.31000000,1282524185.34999609,54211928.63000001,0.04226971
EART,EART 2021-3,Exeter Automobile Receivables Trust 2021-3,8,12588631.25000000,1282524185.34999609,66800559.88000000,0.05208522
EART,EART 2021-3,Exeter Automobile Receivables Trust 2021-3,9,9833611.21999999,1282524185.34999609,76634171.09999999,0.05975261
EART,EART 2021-3,Exeter Automobile Receivables Trust 2021-3,10,9030970.67000000,1282524185.34999609,85665141.77000000,0.06679417
EART,EART 2021-3,Exeter Automobile Receivables Trust 2021-3,11,10922623.68000001,1282524185.34999609,96587765.45000000,0.07531068
EART,EART 2021-3,Exeter Automobile Receivables Trust 2021-3,12,11502483.07999999,1282524185.34999609,108090248.53000000,0.08427931
EART,EART 2021-3,Exeter Automobile Receivables Trust 2021-3,13,14235787.22000000,1282524185.34999609,122326035.75000000,0.09537913
EART,EART 2021-3,Exeter Automobile Receivables Trust 2021-3,14,11952860.92999999,1282524185.34999609,134278896.67999998,0.10469892
EART,EART 2021-3,Exeter Automobile Receivables Trust 2021-3,15,13165450.69999998,1282524185.34999609,147444347.37999997,0.11496418
EART,EART 2021-3,Exeter Automobile Receivables Trust 2021-3,16,14451746.06000000,1282524185.34999609,161896093.43999997,0.12623239
EART,EART 2021-3,Exeter Automobile Receivables Trust 2021-3,17,13313983.05999999,1282524185.34999609,175210076.49999994,0.13661347
EART,EART 2021-3,Exeter Automobile Receivables Trust 2021-3,18,13036555.94999999,1282524185.34999609,188246632.44999996,0.14677823
EART,EART 2021-3,Exeter Automobile Receivables Trust 2021-3,19,11161141.02000000,1282524185.34999609,199407773.46999994,0.15548071
EART,EART 2021-3,Exeter Automobile Receivables Trust 2021-3,20,11374539.56000000,1282524185.34999609,210782313.02999994,0.16434958
EART,EART 2021-3,Exeter Automobile Receivables Trust 2021-3,21,7789200.65000000,1282524185.34999609,218571513.67999995,0.17042292
EART,EART 2021-3,Exeter Automobile Receivables Trust 2021-3,22,7634744.38000000,1282524185.34999609,226206258.05999994,0.17637582
EART,EART 2021-3,Exeter Automobile Receivables Trust 2021-3,23,9187933.64000000,1282524185.34999609,235394191.69999996,0.18353977
EART,EART 2021-3,Exeter Automobile Receivables Trust 2021-3,24,7930978.99999999,1282524185.34999609,243325170.69999993,0.18972365
EART,EART 2021-3,Exeter Automobile Receivables Trust 2021-3,25,9203024.37999999,1282524185.34999609,252528195.07999992,0.19689936
EART,EART 2021-3,Exeter Automobile Receivables Trust 2021-3,26,8507924.07999999,1282524185.34999609,261036119.15999994,0.20353310
EART,EART 2021-3,Exeter Automobile Receivables Trust 2021-3,27,8964517.17000000,1282524185.34999609,270000636.32999992,0.21052284
EART,EART 2021-3,Exeter Automobile Receivables Trust 2021-3,28,8372243.80000001,1282524185.34999609,278372880.12999994,0.21705078
EART,EART 2021-3,Exeter Automobile Receivables Trust 2021-3,29,7076747.54000000,1282524185.34999609,285449627.66999990,0.22256861
EART,EART 2021-3,Exeter Automobile Receivables Trust 2021-3,30,9120813.84000000,1282524185.34999609,294570441.50999993,0.22968022
EART,EART 2021-3,Exeter Automobile Receivables Trust 2021-3,31,6579013.59000000,1282524185.34999609,301149455.09999990,0.23480996
EART,EART 2021-3,Exeter Automobile Receivables Trust 2021-3,32,6284416.71000000,1282524185.34999609,307433871.80999994,0.23971000
EART,EART 2021-3,Exeter Automobile Receivables Trust 2021-3,33,5526183.11000000,1282524185.34999609,312960054.91999990,0.24401883
EART,EART 2021-3,Exeter Automobile Receivables Trust 2021-3,34,5325604.53000001,1282524185.34999609,318285659.44999993,0.24817127
EART,EART 2021-3,Exeter Automobile Receivables Trust 2021-3,35,5142279.82000000,1282524185.34999609,323427939.26999992,0.25218077
EART,EART 2021-3,Exeter Automobile Receivables Trust 2021-3,36,5592793.31000000,1282524185.34999609,329020732.57999992,0.25654154
EART,EART 2021-3,Exeter Automobile Receivables Trust 2021-3,37,5485880.33000001,1282524185.34999609,334506612.90999991,0.26081895
EART,EART 2021-3,Exeter Automobile Receivables Trust 2021-3,38,5286399.40000000,1282524185.34999609,339793012.30999994,0.26494082
EART,EART 2021-3,Exeter Automobile Receivables Trust 2021-3,39,5798873.56000000,1282524185.34999609,345591885.86999995,0.26946228
EART,EART 2021-3,Exeter Automobile Receivables Trust 2021-3,40,4392460.44000000,1282524185.34999609,349984346.30999994,0.27288713
EART,EART 2021-3,Exeter Automobile Receivables Trust 2021-3,41,4834123.38000000,1282524185.34999609,354818469.68999994,0.27665636
EART,EART 2021-3,Exeter Automobile Receivables Trust 2021-3,42,5443348.83000000,1282524185.34999609,360261818.51999992,0.28090060
EART,EART 2021-3,Exeter Automobile Receivables Trust 2021-3,43,4506089.15000000,1282524185.34999609,364767907.66999996,0.28441406
EART,EART 2021-3,Exeter Automobile Receivables Trust 2021-3,44,4820324.98000000,1282524185.34999609,369588232.64999992,0.28817252
EART,EART 2021-3,Exeter Automobile Receivables Trust 2021-3,45,3936887.31000000,1282524185.34999609,373525119.95999992,0.29124216
EART,EART 2021-3,Exeter Automobile Receivables Trust 2021-3,46,3885699.14000000,1282524185.34999609,377410819.09999996,0.29427189
EART,EART 2021-3,Exeter Automobile Receivables Trust 2021-3,47,4412447.55000000,1282524185.34999609,381823266.64999992,0.29771233
EART,EART 2021-3,Exeter Automobile Receivables Trust 2021-3,48,4089064.31000000,1282524185.34999609,385912330.95999992,0.30090063
EART,EART 2021-3,Exeter Automobile Receivables Trust 2021-3,49,3728737.42000000,1282524185.34999609,389641068.37999994,0.30380797
EART,EART 2021-3,Exeter Automobile Receivables Trust 2021-3,50,3703435.42000000,1282524185.34999609,393344503.79999995,0.30669558
EART,EART 2021-3,Exeter Automobile Receivables Trust 2021-3,51,3646797.68000000,1282524185.34999609,396991301.47999996,0.30953904
EART,EART 2021-3,Exeter Automobile Receivables Trust 2021-3,52,3195477.22000000,1282524185.34999609,400186778.69999993,0.31203059
EART,EART 2021-3,Exeter Automobile Receivables Trust 2021-3,53,4068028.87000000,1282524185.34999609,404254807.56999993,0.31520248
EART,EART 2021-3,Exeter Automobile Receivables Trust 2021-3,54,2916469.35000000,1282524185.34999609,407171276.91999996,0.31747649
EART,EART 2021-3,Exeter Automobile Receivables Trust 2021-3,55,3148332.61000000,1282524185.34999609,410319609.52999991,0.31993128
EART,EART 2021-4,Exeter Automobile Receivables Trust 2021-4,1,42238.36000000,1007236259.25999653,42238.36000000,0.00004193
EART,EART 2021-4,Exeter Automobile Receivables Trust 2021-4,2,335605.61000000,1007236259.25999653,377843.97000000,0.00037513
EART,EART 2021-4,Exeter Automobile Receivables Trust 2021-4,3,2794147.48000000,1007236259.25999653,3171991.45000000,0.00314920
EART,EART 2021-4,Exeter Automobile Receivables Trust 2021-4,4,8566359.12000000,1007236259.25999653,11738350.57000001,0.01165402
EART,EART 2021-4,Exeter Automobile Receivables Trust 2021-4,5,12959574.10000001,1007236259.25999653,24697924.67000002,0.02452049
EART,EART 2021-4,Exeter Automobile Receivables Trust 2021-4,6,10991007.25000001,1007236259.25999653,35688931.92000002,0.03543253
EART,EART 2021-4,Exeter Automobile Receivables Trust 2021-4,7,10033030.48000000,1007236259.25999653,45721962.40000002,0.04539348
EART,EART 2021-4,Exeter Automobile Receivables Trust 2021-4,8,9335326.89000000,1007236259.25999653,55057289.29000003,0.05466174
EART,EART 2021-4,Exeter Automobile Receivables Trust 2021-4,9,9629109.18999999,1007236259.25999653,64686398.48000002,0.06422167
EART,EART 2021-4,Exeter Automobile Receivables Trust 2021-4,10,11525827.25000000,1007236259.25999653,76212225.73000002,0.07566470
EART,EART 2021-4,Exeter Automobile Receivables Trust 2021-4,11,10800764.61000000,1007236259.25999653,87012990.34000002,0.08638787
EART,EART 2021-4,Exeter Automobile Receivables Trust 2021-4,12,12139547.02000000,1007236259.25999653,99152537.36000001,0.09844020
EART,EART 2021-4,Exeter Automobile Receivables Trust 2021-4,13,12662139.62000000,1007236259.25999653,111814676.98000002,0.11101137
EART,EART 2021-4,Exeter Automobile Receivables Trust 2021-4,14,12475623.95000001,1007236259.25999653,124290300.93000002,0.12339737
EART,EART 2021-4,Exeter Automobile Receivables Trust 2021-4,15,11638803.88999999,1007236259.25999653,135929104.82000002,0.13495255
EART,EART 2021-4,Exeter Automobile Receivables Trust 2021-4,16,10812002.57000000,1007236259.25999653,146741107.39000002,0.14568688
EART,EART 2021-4,Exeter Automobile Receivables Trust 2021-4,17,10302063.22000000,1007236259.25999653,157043170.61000001,0.15591493
EART,EART 2021-4,Exeter Automobile Receivables Trust 2021-4,18,7603316.22000001,1007236259.25999653,164646486.83000001,0.16346362
EART,EART 2021-4,Exeter Automobile Receivables Trust 2021-4,19,7692388.35000000,1007236259.25999653,172338875.18000001,0.17110075
EART,EART 2021-4,Exeter Automobile Receivables Trust 2021-4,20,8182927.94000000,1007236259.25999653,180521803.12000003,0.17922489
EART,EART 2021-4,Exeter Automobile Receivables Trust 2021-4,21,7435818.30000000,1007236259.25999653,187957621.42000002,0.18660728
EART,EART 2021-4,Exeter Automobile Receivables Trust 2021-4,22,8683620.21000000,1007236259.25999653,196641241.63000003,0.19522852
EART,EART 2021-4,Exeter Automobile Receivables Trust 2021-4,23,8180268.11999999,1007236259.25999653,204821509.75000003,0.20335002
EART,EART 2021-4,Exeter Automobile Receivables Trust 2021-4,24,8247756.60000000,1007236259.25999653,213069266.35000002,0.21153852
EART,EART 2021-4,Exeter Automobile Receivables Trust 2021-4,25,7807905.13000001,1007236259.25999653,220877171.48000002,0.21929033
EART,EART 2021-4,Exeter Automobile Receivables Trust 2021-4,26,7057186.72000000,1007236259.25999653,227934358.20000002,0.22629682
EART,EART 2021-4,Exeter Automobile Receivables Trust 2021-4,27,7887014.96000000,1007236259.25999653,235821373.16000003,0.23412717
EART,EART 2021-4,Exeter Automobile Receivables Trust 2021-4,28,6488198.90000000,1007236259.25999653,242309572.06000003,0.24056875
EART,EART 2021-4,Exeter Automobile Receivables Trust 2021-4,29,6968494.11000000,1007236259.25999653,249278066.17000002,0.24748718
EART,EART 2021-4,Exeter Automobile Receivables Trust 2021-4,30,5140278.20000000,1007236259.25999653,254418344.37000003,0.25259053
EART,EART 2021-4,Exeter Automobile Receivables Trust 2021-4,31,5449000.92000000,1007236259.25999653,259867345.29000002,0.25800039
EART,EART 2021-4,Exeter Automobile Receivables Trust 2021-4,32,4872152.84000000,1007236259.25999653,264739498.13000003,0.26283754
EART,EART 2021-4,Exeter Automobile Receivables Trust 2021-4,33,5224631.01000001,1007236259.25999653,269964129.14000005,0.26802463
EART,EART 2021-4,Exeter Automobile Receivables Trust 2021-4,34,5181884.42000000,1007236259.25999653,275146013.56000000,0.27316929
EART,EART 2021-4,Exeter Automobile Receivables Trust 2021-4,35,4837424.00000000,1007236259.25999653,279983437.56000000,0.27797196
EART,EART 2021-4,Exeter Automobile Receivables Trust 2021-4,36,5243511.93000000,1007236259.25999653,285226949.49000001,0.28317780
EART,EART 2021-4,Exeter Automobile Receivables Trust 2021-4,37,4244234.15000000,1007236259.25999653,289471183.64000005,0.28739154
EART,EART 2021-4,Exeter Automobile Receivables Trust 2021-4,38,3952201.87000000,1007236259.25999653,293423385.51000005,0.29131535
EART,EART 2021-4,Exeter Automobile Receivables Trust 2021-4,39,3858683.36000000,1007236259.25999653,297282068.87000000,0.29514631
EART,EART 2021-4,Exeter Automobile Receivables Trust 2021-4,40,4174359.64000000,1007236259.25999653,301456428.51000005,0.29929068
EART,EART 2021-4,Exeter Automobile Receivables Trust 2021-4,41,4754143.42000000,1007236259.25999653,306210571.93000001,0.30401067
EART,EART 2021-4,Exeter Automobile Receivables Trust 2021-4,42,4245322.98000000,1007236259.25999653,310455894.91000003,0.30822550
EART,EART 2021-4,Exeter Automobile Receivables Trust 2021-4,43,3223900.78000000,1007236259.25999653,313679795.69000000,0.31142623
EART,EART 2021-4,Exeter Automobile Receivables Trust 2021-4,44,3375390.39000000,1007236259.25999653,317055186.08000004,0.31477738
EART,EART 2021-4,Exeter Automobile Receivables Trust 2021-4,45,3631490.41000000,1007236259.25999653,320686676.49000001,0.31838278
EART,EART 2021-4,Exeter Automobile Receivables Trust 2021-4,46,3581212.43000000,1007236259.25999653,324267888.92000002,0.32193826
EART,EART 2021-4,Exeter Automobile Receivables Trust 2021-4,47,3486180.99000000,1007236259.25999653,327754069.91000003,0.32539940
EART,EART 2021-4,Exeter Automobile Receivables Trust 2021-4,48,3406837.14000000,1007236259.25999653,331160907.05000001,0.32878176
EART,EART 2021-4,Exeter Automobile Receivables Trust 2021-4,49,3295248.38000000,1007236259.25999653,334456155.43000001,0.33205333
EART,EART 2021-4,Exeter Automobile Receivables Trust 2021-4,50,2855797.75000000,1007236259.25999653,337311953.18000001,0.33488861
EART,EART 2021-4,Exeter Automobile Receivables Trust 2021-4,51,2677119.53000000,1007236259.25999653,339989072.71000004,0.33754650
EART,EART 2021-4,Exeter Automobile Receivables Trust 2021-4,52,2805535.91000000,1007236259.25999653,342794608.62000000,0.34033188
EART,EART 2021-4,Exeter Automobile Receivables Trust 2021-4,53,2493884.96000000,1007236259.25999653,345288493.58000004,0.34280785
EART,EART 2021-4,Exeter Automobile Receivables Trust 2021-4,54,3058102.74000000,1007236259.25999653,348346596.32000005,0.34584398
EART,EART 2022-1,Exeter Automobile Receivables Trust 2022-1,2,280866.41000000,1152584673.29999685,280866.41000000,0.00024368
EART,EART 2022-1,Exeter Automobile Receivables Trust 2022-1,3,2289128.09000000,1152584673.29999685,2569994.50000000,0.00222977
EART,EART 2022-1,Exeter Automobile Receivables Trust 2022-1,4,5674731.66000000,1152584673.29999685,8244726.16000000,0.00715325
EART,EART 2022-1,Exeter Automobile Receivables Trust 2022-1,5,9549798.74000000,1152584673.29999685,17794524.90000000,0.01543880
EART,EART 2022-1,Exeter Automobile Receivables Trust 2022-1,6,9344274.07000000,1152584673.29999685,27138798.97000000,0.02354603
EART,EART 2022-1,Exeter Automobile Receivables Trust 2022-1,7,10716369.26000001,1152584673.29999685,37855168.23000001,0.03284372
EART,EART 2022-1,Exeter Automobile Receivables Trust 2022-1,8,9116096.42000001,1152584673.29999685,46971264.65000002,0.04075298
EART,EART 2022-1,Exeter Automobile Receivables Trust 2022-1,9,9223757.28000000,1152584673.29999685,56195021.93000001,0.04875566
EART,EART 2022-1,Exeter Automobile Receivables Trust 2022-1,10,10115245.52999999,1152584673.29999685,66310267.46000001,0.05753180
EART,EART 2022-1,Exeter Automobile Receivables Trust 2022-1,11,9130533.41000000,1152584673.29999685,75440800.87000000,0.06545359
EART,EART 2022-1,Exeter Automobile Receivables Trust 2022-1,12,9660557.10000000,1152584673.29999685,85101357.97000001,0.07383523
EART,EART 2022-1,Exeter Automobile Receivables Trust 2022-1,13,9175510.32000001,1152584673.29999685,94276868.29000002,0.08179605
EART,EART 2022-1,Exeter Automobile Receivables Trust 2022-1,14,9167553.26000000,1152584673.29999685,103444421.55000001,0.08974995
EART,EART 2022-1,Exeter Automobile Receivables Trust 2022-1,15,6796487.33000001,1152584673.29999685,110240908.88000003,0.09564669
EART,EART 2022-1,Exeter Automobile Receivables Trust 2022-1,16,7074336.70000000,1152584673.29999685,117315245.58000003,0.10178449
EART,EART 2022-1,Exeter Automobile Receivables Trust 2022-1,17,7692879.46000000,1152584673.29999685,125008125.04000002,0.10845895
EART,EART 2022-1,Exeter Automobile Receivables Trust 2022-1,18,7455857.06999999,1152584673.29999685,132463982.11000001,0.11492777
EART,EART 2022-1,Exeter Automobile Receivables Trust 2022-1,19,8041484.67000000,1152584673.29999685,140505466.78000003,0.12190468
EART,EART 2022-1,Exeter Automobile Receivables Trust 2022-1,20,8071712.16000000,1152584673.29999685,148577178.94000003,0.12890782
EART,EART 2022-1,Exeter Automobile Receivables Trust 2022-1,21,6926153.92000000,1152584673.29999685,155503332.86000001,0.13491706
EART,EART 2022-1,Exeter Automobile Receivables Trust 2022-1,22,7710944.28000000,1152584673.29999685,163214277.14000002,0.14160719
EART,EART 2022-1,Exeter Automobile Receivables Trust 2022-1,23,6287297.10000000,1152584673.29999685,169501574.24000001,0.14706214
EART,EART 2022-1,Exeter Automobile Receivables Trust 2022-1,24,7625037.17000000,1152584673.29999685,177126611.41000003,0.15367774
EART,EART 2022-1,Exeter Automobile Receivables Trust 2022-1,25,6121144.52000000,1152584673.29999685,183247755.93000001,0.15898854
EART,EART 2022-1,Exeter Automobile Receivables Trust 2022-1,26,5473713.66000000,1152584673.29999685,188721469.59000000,0.16373762
EART,EART 2022-1,Exeter Automobile Receivables Trust 2022-1,27,5263069.61000000,1152584673.29999685,193984539.20000002,0.16830394
EART,EART 2022-1,Exeter Automobile Receivables Trust 2022-1,28,5203654.55000000,1152584673.29999685,199188193.75000000,0.17281871
EART,EART 2022-1,Exeter Automobile Receivables Trust 2022-1,29,4663099.13000000,1152584673.29999685,203851292.88000000,0.17686448
EART,EART 2022-1,Exeter Automobile Receivables Trust 2022-1,30,5409524.59000000,1152584673.29999685,209260817.47000000,0.18155787
EART,EART 2022-1,Exeter Automobile Receivables Trust 2022-1,31,4583675.69000000,1152584673.29999685,213844493.16000003,0.18553474
EART,EART 2022-1,Exeter Automobile Receivables Trust 2022-1,32,4290516.90000000,1152584673.29999685,218135010.06000000,0.18925725
EART,EART 2022-1,Exeter Automobile Receivables Trust 2022-1,33,4967706.29000000,1152584673.29999685,223102716.35000002,0.19356731
EART,EART 2022-1,Exeter Automobile Receivables Trust 2022-1,34,4294266.76000000,1152584673.29999685,227396983.11000001,0.19729308
EART,EART 2022-1,Exeter Automobile Receivables Trust 2022-1,35,3789904.12000000,1152584673.29999685,231186887.23000002,0.20058126
EART,EART 2022-1,Exeter Automobile Receivables Trust 2022-1,36,4618042.90000000,1152584673.29999685,235804930.13000000,0.20458795
EART,EART 2022-1,Exeter Automobile Receivables Trust 2022-1,37,3931039.89000000,1152584673.29999685,239735970.02000001,0.20799858
EART,EART 2022-1,Exeter Automobile Receivables Trust 2022-1,38,3979033.49000000,1152584673.29999685,243715003.51000002,0.21145085
EART,EART 2022-1,Exeter Automobile Receivables Trust 2022-1,39,3538288.94000000,1152584673.29999685,247253292.45000002,0.21452072
EART,EART 2022-1,Exeter Automobile Receivables Trust 2022-1,40,4133613.67000000,1152584673.29999685,251386906.12000000,0.21810710
EART,EART 2022-1,Exeter Automobile Receivables Trust 2022-1,41,3398122.22000000,1152584673.29999685,254785028.34000000,0.22105537
EART,EART 2022-1,Exeter Automobile Receivables Trust 2022-1,42,3957860.59000000,1152584673.29999685,258742888.93000001,0.22448927
EART,EART 2022-1,Exeter Automobile Receivables Trust 2022-1,43,3183469.20000000,1152584673.29999685,261926358.13000003,0.22725129
EART,EART 2022-1,Exeter Automobile Receivables Trust 2022-1,44,2967667.71000000,1152584673.29999685,264894025.84000000,0.22982609
EART,EART 2022-1,Exeter Automobile Receivables Trust 2022-1,45,3502282.90000000,1152584673.29999685,268396308.74000001,0.23286472
EART,EART 2022-1,Exeter Automobile Receivables Trust 2022-1,46,2666046.50000000,1152584673.29999685,271062355.24000001,0.23517782
EART,EART 2022-1,Exeter Automobile Receivables Trust 2022-1,47,2918188.88000000,1152584673.29999685,273980544.12000000,0.23770969
EART,EART 2022-1,Exeter Automobile Receivables Trust 2022-1,48,3005999.27000000,1152584673.29999685,276986543.38999999,0.24031774
EART,EART 2022-1,Exeter Automobile Receivables Trust 2022-1,49,2955734.55000000,1152584673.29999685,279942277.94000000,0.24288218
EART,EART 2022-1,Exeter Automobile Receivables Trust 2022-1,50,2573980.81000000,1152584673.29999685,282516258.75000000,0.24511540
EART,EART 2022-1,Exeter Automobile Receivables Trust 2022-1,51,3510563.81000000,1152584673.29999685,286026822.56000000,0.24816122
EART,EART 2022-2,Exeter Automobile Receivables Trust 2022-2,1,68338.34000000,838651533.07999849,68338.34000000,0.00008149
EART,EART 2022-2,Exeter Automobile Receivables Trust 2022-2,2,538506.93000000,838651533.07999849,606845.27000000,0.00072360
EART,EART 2022-2,Exeter Automobile Receivables Trust 2022-2,3,2112498.54000000,838651533.07999849,2719343.81000000,0.00324252
EART,EART 2022-2,Exeter Automobile Receivables Trust 2022-2,4,9629067.36000000,838651533.07999849,12348411.17000000,0.01472413
EART,EART 2022-2,Exeter Automobile Receivables Trust 2022-2,5,19546284.18999998,838651533.07999849,31894695.35999997,0.03803093
EART,EART 2022-2,Exeter Automobile Receivables Trust 2022-2,6,17886233.19000001,838651533.07999849,49780928.54999998,0.05935830
EART,EART 2022-2,Exeter Automobile Receivables Trust 2022-2,7,18095217.48999999,838651533.07999849,67876146.03999996,0.08093486
EART,EART 2022-2,Exeter Automobile Receivables Trust 2022-2,8,15607977.89000000,838651533.07999849,83484123.92999996,0.09954566
EART,EART 2022-2,Exeter Automobile Receivables Trust 2022-2,9,14770284.17000000,838651533.07999849,98254408.09999996,0.11715761
EART,EART 2022-2,Exeter Automobile Receivables Trust 2022-2,10,14062941.60000000,838651533.07999849,112317349.69999997,0.13392612
EART,EART 2022-2,Exeter Automobile Receivables Trust 2022-2,11,13310575.91999999,838651533.07999849,125627925.61999996,0.14979753
EART,EART 2022-2,Exeter Automobile Receivables Trust 2022-2,12,13434083.68999999,838651533.07999849,139062009.30999994,0.16581620
EART,EART 2022-2,Exeter Automobile Receivables Trust 2022-2,13,10866225.00000000,838651533.07999849,149928234.30999994,0.17877298
EART,EART 2022-2,Exeter Automobile Receivables Trust 2022-2,14,11302434.15000000,838651533.07999849,161230668.45999995,0.19224989
EART,EART 2022-2,Exeter Automobile Receivables Trust 2022-2,15,10593276.99000000,838651533.07999849,171823945.44999996,0.20488122
EART,EART 2022-2,Exeter Automobile Receivables Trust 2022-2,16,11280013.97000000,838651533.07999849,183103959.41999996,0.21833140
EART,EART 2022-2,Exeter Automobile Receivables Trust 2022-2,17,13162900.77000000,838651533.07999849,196266860.18999994,0.23402671
EART,EART 2022-2,Exeter Automobile Receivables Trust 2022-2,18,12281763.23000000,838651533.07999849,208548623.41999996,0.24867137
EART,EART 2022-2,Exeter Automobile Receivables Trust 2022-2,19,12018018.50000000,838651533.07999849,220566641.91999996,0.26300154
EART,EART 2022-2,Exeter Automobile Receivables Trust 2022-2,20,11683936.00999999,838651533.07999849,232250577.92999995,0.27693335
EART,EART 2022-2,Exeter Automobile Receivables Trust 2022-2,21,9990805.17999999,838651533.07999849,242241383.10999992,0.28884629
EART,EART 2022-2,Exeter Automobile Receivables Trust 2022-2,22,11673905.47999999,838651533.07999849,253915288.58999991,0.30276614
EART,EART 2022-2,Exeter Automobile Receivables Trust 2022-2,23,9102767.81000000,838651533.07999849,263018056.39999992,0.31362019
EART,EART 2022-2,Exeter Automobile Receivables Trust 2022-2,24,8869432.69000000,838651533.07999849,271887489.08999991,0.32419602
EART,EART 2022-2,Exeter Automobile Receivables Trust 2022-2,25,8574186.18000000,838651533.07999849,280461675.26999992,0.33441980
EART,EART 2022-2,Exeter Automobile Receivables Trust 2022-2,26,7957701.21000000,838651533.07999849,288419376.47999990,0.34390848
EART,EART 2022-2,Exeter Automobile Receivables Trust 2022-2,27,7370667.27000000,838651533.07999849,295790043.74999994,0.35269720
EART,EART 2022-2,Exeter Automobile Receivables Trust 2022-2,28,8057397.77000001,838651533.07999849,303847441.51999992,0.36230476
EART,EART 2022-2,Exeter Automobile Receivables Trust 2022-2,29,8297130.40000000,838651533.07999849,312144571.91999996,0.37219818
EART,EART 2022-2,Exeter Automobile Receivables Trust 2022-2,30,6976359.82000000,838651533.07999849,319120931.73999995,0.38051672
EART,EART 2022-2,Exeter Automobile Receivables Trust 2022-2,31,7405514.06000000,838651533.07999849,326526445.79999995,0.38934698
EART,EART 2022-2,Exeter Automobile Receivables Trust 2022-2,32,6764116.44000000,838651533.07999849,333290562.23999995,0.39741245
EART,EART 2022-2,Exeter Automobile Receivables Trust 2022-2,33,6510613.20000000,838651533.07999849,339801175.43999994,0.40517564
EART,EART 2022-2,Exeter Automobile Receivables Trust 2022-2,34,6679324.54000000,838651533.07999849,346480499.97999996,0.41314001
EART,EART 2022-2,Exeter Automobile Receivables Trust 2022-2,35,6937701.66999999,838651533.07999849,353418201.64999992,0.42141246
EART,EART 2022-2,Exeter Automobile Receivables Trust 2022-2,36,6331499.93000000,838651533.07999849,359749701.57999992,0.42896207
EART,EART 2022-2,Exeter Automobile Receivables Trust 2022-2,37,5645040.83000000,838651533.07999849,365394742.40999991,0.43569317
EART,EART 2022-2,Exeter Automobile Receivables Trust 2022-2,38,5592380.25000000,838651533.07999849,370987122.65999991,0.44236147
EART,EART 2022-2,Exeter Automobile Receivables Trust 2022-2,39,4994874.75000000,838651533.07999849,375981997.40999997,0.44831731
EART,EART 2022-2,Exeter Automobile Receivables Trust 2022-2,40,6118319.21000000,838651533.07999849,382100316.61999995,0.45561273
EART,EART 2022-2,Exeter Automobile Receivables Trust 2022-2,41,5957544.96000000,838651533.07999849,388057861.57999992,0.46271645
EART,EART 2022-2,Exeter Automobile Receivables Trust 2022-2,42,4546922.57000000,838651533.07999849,392604784.14999992,0.46813816
EART,EART 2022-2,Exeter Automobile Receivables Trust 2022-2,43,5726889.84000000,838651533.07999849,398331673.98999995,0.47496685
EART,EART 2022-2,Exeter Automobile Receivables Trust 2022-2,44,4727657.05000000,838651533.07999849,403059331.03999990,0.48060406
EART,EART 2022-2,Exeter Automobile Receivables Trust 2022-2,45,4383857.35000000,838651533.07999849,407443188.38999993,0.48583133
EART,EART 2022-2,Exeter Automobile Receivables Trust 2022-2,46,4706792.74000000,838651533.07999849,412149981.12999994,0.49144366
EART,EART 2022-2,Exeter Automobile Receivables Trust 2022-2,47,4859903.14000000,838651533.07999849,417009884.26999992,0.49723856
EART,EART 2022-2,Exeter Automobile Receivables Trust 2022-2,48,4398085.02000000,838651533.07999849,421407969.28999990,0.50248280
EART,EART 2022-2,Exeter Automobile Receivables Trust 2022-2,49,4136483.85000000,838651533.07999849,425544453.13999993,0.50741510
EART,EART 2022-3,Exeter Automobile Receivables Trust 2022-3,2,247490.05000000,1009026257.28999662,247490.05000000,0.00024528
EART,EART 2022-3,Exeter Automobile Receivables Trust 2022-3,3,3393935.05000000,1009026257.28999662,3641425.10000000,0.00360885
EART,EART 2022-3,Exeter Automobile Receivables Trust 2022-3,4,11835678.18000000,1009026257.28999662,15477103.28000000,0.01533865
EART,EART 2022-3,Exeter Automobile Receivables Trust 2022-3,5,19278149.61000000,1009026257.28999662,34755252.89000001,0.03444435
EART,EART 2022-3,Exeter Automobile Receivables Trust 2022-3,6,18939341.39000000,1009026257.28999662,53694594.28000000,0.05321427
EART,EART 2022-3,Exeter Automobile Receivables Trust 2022-3,7,16094397.48000002,1009026257.28999662,69788991.76000002,0.06916469
EART,EART 2022-3,Exeter Automobile Receivables Trust 2022-3,8,14568582.10000001,1009026257.28999662,84357573.86000003,0.08360295
EART,EART 2022-3,Exeter Automobile Receivables Trust 2022-3,9,12023341.23000000,1009026257.28999662,96380915.09000003,0.09551874
EART,EART 2022-3,Exeter Automobile Receivables Trust 2022-3,10,12492529.18000000,1009026257.28999662,108873444.27000004,0.10789952
EART,EART 2022-3,Exeter Automobile Receivables Trust 2022-3,11,10169641.51000001,1009026257.28999662,119043085.78000003,0.11797818
EART,EART 2022-3,Exeter Automobile Receivables Trust 2022-3,12,11632094.18000002,1009026257.28999662,130675179.96000005,0.12950622
EART,EART 2022-3,Exeter Automobile Receivables Trust 2022-3,13,11390774.15000000,1009026257.28999662,142065954.11000004,0.14079510
EART,EART 2022-3,Exeter Automobile Receivables Trust 2022-3,14,11424463.41000000,1009026257.28999662,153490417.52000007,0.15211737
EART,EART 2022-3,Exeter Automobile Receivables Trust 2022-3,15,13226887.41000000,1009026257.28999662,166717304.93000007,0.16522593
EART,EART 2022-3,Exeter Automobile Receivables Trust 2022-3,16,12406563.80000000,1009026257.28999662,179123868.73000008,0.17752151
EART,EART 2022-3,Exeter Automobile Receivables Trust 2022-3,17,12298732.42000000,1009026257.28999662,191422601.15000007,0.18971023
EART,EART 2022-3,Exeter Automobile Receivables Trust 2022-3,18,11578678.24000000,1009026257.28999662,203001279.39000008,0.20118533
EART,EART 2022-3,Exeter Automobile Receivables Trust 2022-3,19,10279380.79999999,1009026257.28999662,213280660.19000006,0.21137276
EART,EART 2022-3,Exeter Automobile Receivables Trust 2022-3,20,12110009.92999999,1009026257.28999662,225390670.12000006,0.22337443
EART,EART 2022-3,Exeter Automobile Receivables Trust 2022-3,21,10138523.78000000,1009026257.28999662,235529193.90000004,0.23342226
EART,EART 2022-3,Exeter Automobile Receivables Trust 2022-3,22,9267034.61999999,1009026257.28999662,244796228.52000004,0.24260640
EART,EART 2022-3,Exeter Automobile Receivables Trust 2022-3,23,8594288.04000000,1009026257.28999662,253390516.56000003,0.25112381
EART,EART 2022-3,Exeter Automobile Receivables Trust 2022-3,24,7146781.20000001,1009026257.28999662,260537297.76000005,0.25820666
EART,EART 2022-3,Exeter Automobile Receivables Trust 2022-3,25,7388096.98000001,1009026257.28999662,267925394.74000007,0.26552866
EART,EART 2022-3,Exeter Automobile Receivables Trust 2022-3,26,7912510.99000000,1009026257.28999662,275837905.73000008,0.27337039
EART,EART 2022-3,Exeter Automobile Receivables Trust 2022-3,27,8899405.35000000,1009026257.28999662,284737311.08000004,0.28219019
EART,EART 2022-3,Exeter Automobile Receivables Trust 2022-3,28,7461083.02000000,1009026257.28999662,292198394.10000002,0.28958453
EART,EART 2022-3,Exeter Automobile Receivables Trust 2022-3,29,8344431.75000000,1009026257.28999662,300542825.85000002,0.29785432
EART,EART 2022-3,Exeter Automobile Receivables Trust 2022-3,30,6744969.43000000,1009026257.28999662,307287795.28000003,0.30453895
EART,EART 2022-3,Exeter Automobile Receivables Trust 2022-3,31,7143630.23000000,1009026257.28999662,314431425.51000005,0.31161868
EART,EART 2022-3,Exeter Automobile Receivables Trust 2022-3,32,7324255.38000000,1009026257.28999662,321755680.89000005,0.31887741
EART,EART 2022-3,Exeter Automobile Receivables Trust 2022-3,33,6802537.92000000,1009026257.28999662,328558218.81000006,0.32561910
EART,EART 2022-3,Exeter Automobile Receivables Trust 2022-3,34,6647159.39000000,1009026257.28999662,335205378.20000005,0.33220679
EART,EART 2022-3,Exeter Automobile Receivables Trust 2022-3,35,6076991.02000000,1009026257.28999662,341282369.22000003,0.33822942
EART,EART 2022-3,Exeter Automobile Receivables Trust 2022-3,36,6337516.99000000,1009026257.28999662,347619886.21000004,0.34451025
EART,EART 2022-3,Exeter Automobile Receivables Trust 2022-3,37,5521523.85000000,1009026257.28999662,353141410.06000006,0.34998238
EART,EART 2022-3,Exeter Automobile Receivables Trust 2022-3,38,6498674.86000000,1009026257.28999662,359640084.92000008,0.35642292
EART,EART 2022-3,Exeter Automobile Receivables Trust 2022-3,39,6283166.51000000,1009026257.28999662,365923251.43000007,0.36264988
EART,EART 2022-3,Exeter Automobile Receivables Trust 2022-3,40,5070722.20000000,1009026257.28999662,370993973.63000005,0.36767524
EART,EART 2022-3,Exeter Automobile Receivables Trust 2022-3,41,5980285.38000000,1009026257.28999662,376974259.01000005,0.37360203
EART,EART 2022-3,Exeter Automobile Receivables Trust 2022-3,42,4413437.04000000,1009026257.28999662,381387696.05000007,0.37797599
EART,EART 2022-3,Exeter Automobile Receivables Trust 2022-3,43,4786692.76000000,1009026257.28999662,386174388.81000006,0.38271986
EART,EART 2022-3,Exeter Automobile Receivables Trust 2022-3,44,4620913.41000000,1009026257.28999662,390795302.22000003,0.38729944
EART,EART 2022-3,Exeter Automobile Receivables Trust 2022-3,45,4792067.30000000,1009026257.28999662,395587369.52000004,0.39204864
EART,EART 2022-3,Exeter Automobile Receivables Trust 2022-3,46,4937520.74000000,1009026257.28999662,400524890.26000005,0.39694199
EART,EART 2022-3,Exeter Automobile Receivables Trust 2022-3,47,4569924.00000000,1009026257.28999662,405094814.26000005,0.40147103
EART,EART 2022-4,Exeter Automobile Receivables Trust 2022-4,2,73436.64000000,627220515.41999876,73436.64000000,0.00011708
EART,EART 2022-4,Exeter Automobile Receivables Trust 2022-4,3,395809.07000000,627220515.41999876,469245.71000000,0.00074814
EART,EART 2022-4,Exeter Automobile Receivables Trust 2022-4,4,3859951.41000000,627220515.41999876,4329197.12000000,0.00690219
EART,EART 2022-4,Exeter Automobile Receivables Trust 2022-4,5,9167664.67000000,627220515.41999876,13496861.79000000,0.02151853
EART,EART 2022-4,Exeter Automobile Receivables Trust 2022-4,6,10807060.68000001,627220515.41999876,24303922.47000001,0.03874861
EART,EART 2022-4,Exeter Automobile Receivables Trust 2022-4,7,9174270.31000000,627220515.41999876,33478192.78000001,0.05337547
EART,EART 2022-4,Exeter Automobile Receivables Trust 2022-4,8,9070708.54000000,627220515.41999876,42548901.32000002,0.06783723
EART,EART 2022-4,Exeter Automobile Receivables Trust 2022-4,9,8074679.31000001,627220515.41999876,50623580.63000002,0.08071098
EART,EART 2022-4,Exeter Automobile Receivables Trust 2022-4,10,5121269.98000000,627220515.41999876,55744850.61000002,0.08887600
EART,EART 2022-4,Exeter Automobile Receivables Trust 2022-4,11,5961198.26000000,627220515.41999876,61706048.87000003,0.09838015
EART,EART 2022-4,Exeter Automobile Receivables Trust 2022-4,12,6763255.00000000,627220515.41999876,68469303.87000002,0.10916305
EART,EART 2022-4,Exeter Automobile Receivables Trust 2022-4,13,7314424.91000000,627220515.41999876,75783728.78000003,0.12082470
EART,EART 2022-4,Exeter Automobile Receivables Trust 2022-4,14,6885887.45000000,627220515.41999876,82669616.23000003,0.13180311
EART,EART 2022-4,Exeter Automobile Receivables Trust 2022-4,15,6932781.64000000,627220515.41999876,89602397.87000002,0.14285629
EART,EART 2022-4,Exeter Automobile Receivables Trust 2022-4,16,7332758.53000000,627220515.41999876,96935156.40000002,0.15454717
EART,EART 2022-4,Exeter Automobile Receivables Trust 2022-4,17,6878473.65000000,627220515.41999876,103813630.05000003,0.16551377
EART,EART 2022-4,Exeter Automobile Receivables Trust 2022-4,18,5796252.67000000,627220515.41999876,109609882.72000003,0.17475494
EART,EART 2022-4,Exeter Automobile Receivables Trust 2022-4,19,7524206.29000000,627220515.41999876,117134089.01000002,0.18675105
EART,EART 2022-4,Exeter Automobile Receivables Trust 2022-4,20,6258748.35000000,627220515.41999876,123392837.36000001,0.19672959
EART,EART 2022-4,Exeter Automobile Receivables Trust 2022-4,21,5731465.35000000,627220515.41999876,129124302.71000002,0.20586747
EART,EART 2022-4,Exeter Automobile Receivables Trust 2022-4,22,5020799.20000000,627220515.41999876,134145101.91000003,0.21387231
EART,EART 2022-4,Exeter Automobile Receivables Trust 2022-4,23,5348088.27000000,627220515.41999876,139493190.18000001,0.22239896
EART,EART 2022-4,Exeter Automobile Receivables Trust 2022-4,24,4807170.74000000,627220515.41999876,144300360.92000002,0.23006320
EART,EART 2022-4,Exeter Automobile Receivables Trust 2022-4,25,5015289.97000000,627220515.41999876,149315650.89000002,0.23805926
EART,EART 2022-4,Exeter Automobile Receivables Trust 2022-4,26,4962205.90000000,627220515.41999876,154277856.79000002,0.24597068
EART,EART 2022-4,Exeter Automobile Receivables Trust 2022-4,27,4379679.51000000,627220515.41999876,158657536.30000001,0.25295336
EART,EART 2022-4,Exeter Automobile Receivables Trust 2022-4,28,5016517.70000000,627220515.41999876,163674054.00000003,0.26095137
EART,EART 2022-4,Exeter Automobile Receivables Trust 2022-4,29,4278036.21000000,627220515.41999876,167952090.21000004,0.26777200
EART,EART 2022-4,Exeter Automobile Receivables Trust 2022-4,30,4091462.82000000,627220515.41999876,172043553.03000003,0.27429516
EART,EART 2022-4,Exeter Automobile Receivables Trust 2022-4,31,3651557.59000000,627220515.41999876,175695110.62000003,0.28011697
EART,EART 2022-4,Exeter Automobile Receivables Trust 2022-4,32,4225742.24000000,627220515.41999876,179920852.86000004,0.28685422
EART,EART 2022-4,Exeter Automobile Receivables Trust 2022-4,33,3789591.92000000,627220515.41999876,183710444.78000003,0.29289610
EART,EART 2022-4,Exeter Automobile Receivables Trust 2022-4,34,3527077.78000000,627220515.41999876,187237522.56000003,0.29851945
EART,EART 2022-4,Exeter Automobile Receivables Trust 2022-4,35,3695080.74000000,627220515.41999876,190932603.30000004,0.30441065
EART,EART 2022-4,Exeter Automobile Receivables Trust 2022-4,36,2752332.48000000,627220515.41999876,193684935.78000003,0.30879879
EART,EART 2022-4,Exeter Automobile Receivables Trust 2022-4,37,3343922.08000000,627220515.41999876,197028857.86000004,0.31413012
EART,EART 2022-4,Exeter Automobile Receivables Trust 2022-4,38,3425956.20000000,627220515.41999876,200454814.06000003,0.31959225
EART,EART 2022-4,Exeter Automobile Receivables Trust 2022-4,39,3315060.60000000,627220515.41999876,203769874.66000003,0.32487757
EART,EART 2022-4,Exeter Automobile Receivables Trust 2022-4,40,3554614.23000000,627220515.41999876,207324488.89000005,0.33054481
EART,EART 2022-4,Exeter Automobile Receivables Trust 2022-4,41,2919740.52000000,627220515.41999876,210244229.41000003,0.33519986
EART,EART 2022-4,Exeter Automobile Receivables Trust 2022-4,42,2584141.63000000,627220515.41999876,212828371.04000002,0.33931985
EART,EART 2022-4,Exeter Automobile Receivables Trust 2022-4,43,2786183.02000000,627220515.41999876,215614554.06000003,0.34376196
EART,EART 2022-4,Exeter Automobile Receivables Trust 2022-4,44,2718664.37000000,627220515.41999876,218333218.43000004,0.34809642
EART,EART 2022-4,Exeter Automobile Receivables Trust 2022-4,45,3045133.86000000,627220515.41999876,221378352.29000002,0.35295139
EART,EART 2022-4,Exeter Automobile Receivables Trust 2022-4,46,2924299.53000000,627220515.41999876,224302651.82000002,0.35761370
EART,EART 2022-5,Exeter Automobile Receivables Trust 2022-5,3,486071.71000000,651369337.20999861,486071.71000000,0.00074623
EART,EART 2022-5,Exeter Automobile Receivables Trust 2022-5,4,2927286.92000000,651369337.20999861,3413358.63000000,0.00524028
EART,EART 2022-5,Exeter Automobile Receivables Trust 2022-5,5,8479988.73000000,651369337.20999861,11893347.36000000,0.01825899
EART,EART 2022-5,Exeter Automobile Receivables Trust 2022-5,6,9226435.24000000,651369337.20999861,21119782.60000001,0.03242367
EART,EART 2022-5,Exeter Automobile Receivables Trust 2022-5,7,9764426.34000001,651369337.20999861,30884208.94000001,0.04741428
EART,EART 2022-5,Exeter Automobile Receivables Trust 2022-5,8,6879527.18000000,651369337.20999861,37763736.12000002,0.05797592
EART,EART 2022-5,Exeter Automobile Receivables Trust 2022-5,9,6563922.97000000,651369337.20999861,44327659.09000002,0.06805303
EART,EART 2022-5,Exeter Automobile Receivables Trust 2022-5,10,6195058.84000000,651369337.20999861,50522717.93000002,0.07756386
EART,EART 2022-5,Exeter Automobile Receivables Trust 2022-5,11,6874794.10000000,651369337.20999861,57397512.03000002,0.08811823
EART,EART 2022-5,Exeter Automobile Receivables Trust 2022-5,12,7233858.09000000,651369337.20999861,64631370.12000002,0.09922384
EART,EART 2022-5,Exeter Automobile Receivables Trust 2022-5,13,7476088.36000000,651369337.20999861,72107458.48000002,0.11070134
EART,EART 2022-5,Exeter Automobile Receivables Trust 2022-5,14,8211222.35000000,651369337.20999861,80318680.83000001,0.12330743
EART,EART 2022-5,Exeter Automobile Receivables Trust 2022-5,15,6607642.57000001,651369337.20999861,86926323.40000002,0.13345167
EART,EART 2022-5,Exeter Automobile Receivables Trust 2022-5,16,6222166.04000000,651369337.20999861,93148489.44000003,0.14300411
EART,EART 2022-5,Exeter Automobile Receivables Trust 2022-5,17,8531485.09000000,651369337.20999861,101679974.53000002,0.15610187
EART,EART 2022-5,Exeter Automobile Receivables Trust 2022-5,18,6453570.86000000,651369337.20999861,108133545.39000002,0.16600957
EART,EART 2022-5,Exeter Automobile Receivables Trust 2022-5,19,7060903.86000000,651369337.20999861,115194449.25000001,0.17684967
EART,EART 2022-5,Exeter Automobile Receivables Trust 2022-5,20,5593860.00000000,651369337.20999861,120788309.25000001,0.18543751
EART,EART 2022-5,Exeter Automobile Receivables Trust 2022-5,21,5057499.00000000,651369337.20999861,125845808.25000001,0.19320192
EART,EART 2022-5,Exeter Automobile Receivables Trust 2022-5,22,4459640.33000000,651369337.20999861,130305448.58000001,0.20004848
EART,EART 2022-5,Exeter Automobile Receivables Trust 2022-5,23,5479726.32000000,651369337.20999861,135785174.90000004,0.20846111
EART,EART 2022-5,Exeter Automobile Receivables Trust 2022-5,24,6000301.87000000,651369337.20999861,141785476.77000001,0.21767294
EART,EART 2022-5,Exeter Automobile Receivables Trust 2022-5,25,4866950.45000000,651369337.20999861,146652427.22000003,0.22514481
EART,EART 2022-5,Exeter Automobile Receivables Trust 2022-5,26,5295229.77000000,651369337.20999861,151947656.99000001,0.23327419
EART,EART 2022-5,Exeter Automobile Receivables Trust 2022-5,27,4902050.56000000,651369337.20999861,156849707.55000001,0.24079996
EART,EART 2022-5,Exeter Automobile Receivables Trust 2022-5,28,4150817.67000000,651369337.20999861,161000525.22000003,0.24717240
EART,EART 2022-5,Exeter Automobile Receivables Trust 2022-5,29,4851979.28000000,651369337.20999861,165852504.50000003,0.25462130
EART,EART 2022-5,Exeter Automobile Receivables Trust 2022-5,30,4903787.78000000,651369337.20999861,170756292.28000003,0.26214972
EART,EART 2022-5,Exeter Automobile Receivables Trust 2022-5,31,4068739.94000000,651369337.20999861,174825032.22000003,0.26839617
EART,EART 2022-5,Exeter Automobile Receivables Trust 2022-5,32,4174787.54000000,651369337.20999861,178999819.76000002,0.27480541
EART,EART 2022-5,Exeter Automobile Receivables Trust 2022-5,33,3809003.50000000,651369337.20999861,182808823.26000002,0.28065310
EART,EART 2022-5,Exeter Automobile Receivables Trust 2022-5,34,3815658.95000000,651369337.20999861,186624482.21000001,0.28651100
EART,EART 2022-5,Exeter Automobile Receivables Trust 2022-5,35,4104267.02000000,651369337.20999861,190728749.23000002,0.29281199
EART,EART 2022-5,Exeter Automobile Receivables Trust 2022-5,36,4167703.54000000,651369337.20999861,194896452.77000001,0.29921036
EART,EART 2022-5,Exeter Automobile Receivables Trust 2022-5,37,4117232.76000000,651369337.20999861,199013685.53000003,0.30553125
EART,EART 2022-5,Exeter Automobile Receivables Trust 2022-5,38,4126514.60000000,651369337.20999861,203140200.13000003,0.31186638
EART,EART 2022-5,Exeter Automobile Receivables Trust 2022-5,39,3103616.38000000,651369337.20999861,206243816.51000002,0.31663114
EART,EART 2022-5,Exeter Automobile Receivables Trust 2022-5,40,3161815.16000000,651369337.20999861,209405631.67000002,0.32148525
EART,EART 2022-5,Exeter Automobile Receivables Trust 2022-5,41,3083073.89000000,651369337.20999861,212488705.56000003,0.32621847
EART,EART 2022-5,Exeter Automobile Receivables Trust 2022-5,42,3025561.18000000,651369337.20999861,215514266.74000001,0.33086339
EART,EART 2022-5,Exeter Automobile Receivables Trust 2022-5,43,3096353.85000000,651369337.20999861,218610620.59000003,0.33561700
EART,EART 2022-5,Exeter Automobile Receivables Trust 2022-5,44,3116720.24000000,651369337.20999861,221727340.83000001,0.34040187
EART,EART 2022-6,Exeter Automobile Receivables Trust 2022-6,1,14307.35000000,686490188.50999904,14307.35000000,0.00002084
EART,EART 2022-6,Exeter Automobile Receivables Trust 2022-6,2,45512.62000000,686490188.50999904,59819.97000000,0.00008714
EART,EART 2022-6,Exeter Automobile Receivables Trust 2022-6,3,310120.56000000,686490188.50999904,369940.53000000,0.00053889
EART,EART 2022-6,Exeter Automobile Receivables Trust 2022-6,4,2856629.35000000,686490188.50999904,3226569.88000000,0.00470010
EART,EART 2022-6,Exeter Automobile Receivables Trust 2022-6,5,11321200.77000000,686490188.50999904,14547770.65000000,0.02119152
EART,EART 2022-6,Exeter Automobile Receivables Trust 2022-6,6,10325787.87000000,686490188.50999904,24873558.52000000,0.03623294
EART,EART 2022-6,Exeter Automobile Receivables Trust 2022-6,7,8928508.42000000,686490188.50999904,33802066.94000000,0.04923897
EART,EART 2022-6,Exeter Automobile Receivables Trust 2022-6,8,8662318.75000000,686490188.50999904,42464385.69000000,0.06185724
EART,EART 2022-6,Exeter Automobile Receivables Trust 2022-6,9,7960195.98000001,686490188.50999904,50424581.67000000,0.07345273
EART,EART 2022-6,Exeter Automobile Receivables Trust 2022-6,10,7866759.94000000,686490188.50999904,58291341.61000001,0.08491213
EART,EART 2022-6,Exeter Automobile Receivables Trust 2022-6,11,8103067.52000000,686490188.50999904,66394409.13000000,0.09671574
EART,EART 2022-6,Exeter Automobile Receivables Trust 2022-6,12,9138572.61000000,686490188.50999904,75532981.74000001,0.11002777
EART,EART 2022-6,Exeter Automobile Receivables Trust 2022-6,13,9503319.43000000,686490188.50999904,85036301.17000002,0.12387111
EART,EART 2022-6,Exeter Automobile Receivables Trust 2022-6,14,8418770.53000000,686490188.50999904,93455071.70000000,0.13613461
EART,EART 2022-6,Exeter Automobile Receivables Trust 2022-6,15,9739754.64999999,686490188.50999904,103194826.34999999,0.15032236
EART,EART 2022-6,Exeter Automobile Receivables Trust 2022-6,16,8377820.87000000,686490188.50999904,111572647.22000000,0.16252621
EART,EART 2022-6,Exeter Automobile Receivables Trust 2022-6,17,7807676.71000000,686490188.50999904,119380323.93000001,0.17389953
EART,EART 2022-6,Exeter Automobile Receivables Trust 2022-6,18,7124676.48000000,686490188.50999904,126505000.41000000,0.18427794
EART,EART 2022-6,Exeter Automobile Receivables Trust 2022-6,19,6658485.28000000,686490188.50999904,133163485.69000000,0.19397726
EART,EART 2022-6,Exeter Automobile Receivables Trust 2022-6,20,6279993.95000001,686490188.50999904,139443479.64000002,0.20312523
EART,EART 2022-6,Exeter Automobile Receivables Trust 2022-6,21,6944357.61000000,686490188.50999904,146387837.25000003,0.21324098
EART,EART 2022-6,Exeter Automobile Receivables Trust 2022-6,22,6287179.77000000,686490188.50999904,152675017.02000001,0.22239942
EART,EART 2022-6,Exeter Automobile Receivables Trust 2022-6,23,5811403.26000000,686490188.50999904,158486420.28000000,0.23086480
EART,EART 2022-6,Exeter Automobile Receivables Trust 2022-6,24,6930397.57000000,686490188.50999904,165416817.85000002,0.24096021
EART,EART 2022-6,Exeter Automobile Receivables Trust 2022-6,25,6239629.87000000,686490188.50999904,171656447.72000000,0.25004938
EART,EART 2022-6,Exeter Automobile Receivables Trust 2022-6,26,5746918.77000000,686490188.50999904,177403366.49000001,0.25842083
EART,EART 2022-6,Exeter Automobile Receivables Trust 2022-6,27,5550561.18000000,686490188.50999904,182953927.67000002,0.26650625
EART,EART 2022-6,Exeter Automobile Receivables Trust 2022-6,28,5668827.58000000,686490188.50999904,188622755.25000000,0.27476395
EART,EART 2022-6,Exeter Automobile Receivables Trust 2022-6,29,5579938.32000000,686490188.50999904,194202693.56999999,0.28289216
EART,EART 2022-6,Exeter Automobile Receivables Trust 2022-6,30,5024200.18000000,686490188.50999904,199226893.75000000,0.29021084
EART,EART 2022-6,Exeter Automobile Receivables Trust 2022-6,31,4418952.51000000,686490188.50999904,203645846.26000002,0.29664786
EART,EART 2022-6,Exeter Automobile Receivables Trust 2022-6,32,3870814.50000000,686490188.50999904,207516660.76000002,0.30228642
EART,EART 2022-6,Exeter Automobile Receivables Trust 2022-6,33,4966926.14000000,686490188.50999904,212483586.90000001,0.30952167
EART,EART 2022-6,Exeter Automobile Receivables Trust 2022-6,34,4484288.95000000,686490188.50999904,216967875.85000002,0.31605386
EART,EART 2022-6,Exeter Automobile Receivables Trust 2022-6,35,4178272.46000000,686490188.50999904,221146148.31000000,0.32214029
EART,EART 2022-6,Exeter Automobile Receivables Trust 2022-6,36,4722141.25000000,686490188.50999904,225868289.56000000,0.32901896
EART,EART 2022-6,Exeter Automobile Receivables Trust 2022-6,37,3575987.70000000,686490188.50999904,229444277.26000002,0.33422805
EART,EART 2022-6,Exeter Automobile Receivables Trust 2022-6,38,3750139.25000000,686490188.50999904,233194416.51000002,0.33969082
EART,EART 2022-6,Exeter Automobile Receivables Trust 2022-6,39,4197273.85000000,686490188.50999904,237391690.36000001,0.34580493
EART,EART 2022-6,Exeter Automobile Receivables Trust 2022-6,40,4301375.30000000,686490188.50999904,241693065.66000003,0.35207068
EART,EART 2022-6,Exeter Automobile Receivables Trust 2022-6,41,4074635.45000000,686490188.50999904,245767701.11000001,0.35800614
EART,EART 2022-6,Exeter Automobile Receivables Trust 2022-6,42,3668317.97000000,686490188.50999904,249436019.08000001,0.36334972
EART,EART 2023-1,Exeter Automobile Receivables Trust 2023-1,2,105984.75000000,642194153.06999826,105984.75000000,0.00016504
EART,EART 2023-1,Exeter Automobile Receivables Trust 2023-1,3,520821.06000000,642194153.06999826,626805.81000000,0.00097604
EART,EART 2023-1,Exeter Automobile Receivables Trust 2023-1,4,3124970.61000000,642194153.06999826,3751776.42000000,0.00584212
EART,EART 2023-1,Exeter Automobile Receivables Trust 2023-1,5,6243959.62000000,642194153.06999826,9995736.04000000,0.01556498
EART,EART 2023-1,Exeter Automobile Receivables Trust 2023-1,6,7020518.22999999,642194153.06999826,17016254.27000000,0.02649706
EART,EART 2023-1,Exeter Automobile Receivables Trust 2023-1,7,6794102.07000000,642194153.06999826,23810356.34000000,0.03707657
EART,EART 2023-1,Exeter Automobile Receivables Trust 2023-1,8,6265838.93000000,642194153.06999826,30076195.27000000,0.04683349
EART,EART 2023-1,Exeter Automobile Receivables Trust 2023-1,9,6367650.70000000,642194153.06999826,36443845.97000000,0.05674895
EART,EART 2023-1,Exeter Automobile Receivables Trust 2023-1,10,6664304.54000000,642194153.06999826,43108150.51000000,0.06712635
EART,EART 2023-1,Exeter Automobile Receivables Trust 2023-1,11,5823123.12000000,642194153.06999826,48931273.63000000,0.07619389
EART,EART 2023-1,Exeter Automobile Receivables Trust 2023-1,12,7854657.39000000,642194153.06999826,56785931.02000000,0.08842486
EART,EART 2023-1,Exeter Automobile Receivables Trust 2023-1,13,6492440.73000000,642194153.06999826,63278371.75000000,0.09853464
EART,EART 2023-1,Exeter Automobile Receivables Trust 2023-1,14,6091067.23000000,642194153.06999826,69369438.97999999,0.10801942
EART,EART 2023-1,Exeter Automobile Receivables Trust 2023-1,15,5546060.88000000,642194153.06999826,74915499.86000000,0.11665553
EART,EART 2023-1,Exeter Automobile Receivables Trust 2023-1,16,5713644.84000000,642194153.06999826,80629144.69999999,0.12555260
EART,EART 2023-1,Exeter Automobile Receivables Trust 2023-1,17,5687729.88000000,642194153.06999826,86316874.58000000,0.13440931
EART,EART 2023-1,Exeter Automobile Receivables Trust 2023-1,18,5670852.61000000,642194153.06999826,91987727.19000000,0.14323975
EART,EART 2023-1,Exeter Automobile Receivables Trust 2023-1,19,5960084.98000000,642194153.06999826,97947812.16999999,0.15252056
EART,EART 2023-1,Exeter Automobile Receivables Trust 2023-1,20,5174274.58000000,642194153.06999826,103122086.74999999,0.16057774
EART,EART 2023-1,Exeter Automobile Receivables Trust 2023-1,21,5984874.37999999,642194153.06999826,109106961.12999998,0.16989716
EART,EART 2023-1,Exeter Automobile Receivables Trust 2023-1,22,5764526.86999999,642194153.06999826,114871487.99999997,0.17887346
EART,EART 2023-1,Exeter Automobile Receivables Trust 2023-1,23,5092407.39000000,642194153.06999826,119963895.38999999,0.18680316
EART,EART 2023-1,Exeter Automobile Receivables Trust 2023-1,24,5656217.45000000,642194153.06999826,125620112.83999997,0.19561080
EART,EART 2023-1,Exeter Automobile Receivables Trust 2023-1,25,5057465.24000000,642194153.06999826,130677578.07999997,0.20348609
EART,EART 2023-1,Exeter Automobile Receivables Trust 2023-1,26,5079602.26000000,642194153.06999826,135757180.33999997,0.21139585
EART,EART 2023-1,Exeter Automobile Receivables Trust 2023-1,27,4445765.14000000,642194153.06999826,140202945.47999999,0.21831863
EART,EART 2023-1,Exeter Automobile Receivables Trust 2023-1,28,4215958.18000000,642194153.06999826,144418903.65999997,0.22488355
EART,EART 2023-1,Exeter Automobile Receivables Trust 2023-1,29,4795183.45000000,642194153.06999826,149214087.10999998,0.23235043
EART,EART 2023-1,Exeter Automobile Receivables Trust 2023-1,30,4473064.63000000,642194153.06999826,153687151.73999998,0.23931571
EART,EART 2023-1,Exeter Automobile Receivables Trust 2023-1,31,3920231.11000000,642194153.06999826,157607382.84999996,0.24542015
EART,EART 2023-1,Exeter Automobile Receivables Trust 2023-1,32,3715012.52000000,642194153.06999826,161322395.36999997,0.25120502
EART,EART 2023-1,Exeter Automobile Receivables Trust 2023-1,33,4484421.81000000,642194153.06999826,165806817.17999998,0.25818799
EART,EART 2023-1,Exeter Automobile Receivables Trust 2023-1,34,3501797.34000000,642194153.06999826,169308614.51999998,0.26364085
EART,EART 2023-1,Exeter Automobile Receivables Trust 2023-1,35,3649774.04000000,642194153.06999826,172958388.55999997,0.26932414
EART,EART 2023-1,Exeter Automobile Receivables Trust 2023-1,36,3402582.19000000,642194153.06999826,176360970.74999997,0.27462251
EART,EART 2023-1,Exeter Automobile Receivables Trust 2023-1,37,3819566.66000000,642194153.06999826,180180537.40999997,0.28057019
EART,EART 2023-1,Exeter Automobile Receivables Trust 2023-1,38,3593318.93000000,642194153.06999826,183773856.33999997,0.28616557
EART,EART 2023-1,Exeter Automobile Receivables Trust 2023-1,39,3710915.80000000,642194153.06999826,187484772.13999996,0.29194407
EART,EART 2023-2,Exeter Automobile Receivables Trust 2023-2,1,18980.00000000,680541429.82999802,18980.00000000,0.00002789
EART,EART 2023-2,Exeter Automobile Receivables Trust 2023-2,2,37046.19000000,680541429.82999802,56026.19000000,0.00008233
EART,EART 2023-2,Exeter Automobile Receivables Trust 2023-2,3,241780.17000000,680541429.82999802,297806.36000000,0.00043760
EART,EART 2023-2,Exeter Automobile Receivables Trust 2023-2,4,1474345.66000000,680541429.82999802,1772152.02000000,0.00260403
EART,EART 2023-2,Exeter Automobile Receivables Trust 2023-2,5,5111469.00000000,680541429.82999802,6883621.02000000,0.01011492
EART,EART 2023-2,Exeter Automobile Receivables Trust 2023-2,6,7547363.17000000,680541429.82999802,14430984.19000001,0.02120515
EART,EART 2023-2,Exeter Automobile Receivables Trust 2023-2,7,6710837.24000000,680541429.82999802,21141821.43000000,0.03106618
EART,EART 2023-2,Exeter Automobile Receivables Trust 2023-2,8,6940132.34000000,680541429.82999802,28081953.77000001,0.04126414
EART,EART 2023-2,Exeter Automobile Receivables Trust 2023-2,9,6183146.40000000,680541429.82999802,34265100.17000000,0.05034976
EART,EART 2023-2,Exeter Automobile Receivables Trust 2023-2,10,7620597.33000000,680541429.82999802,41885697.50000001,0.06154761
EART,EART 2023-2,Exeter Automobile Receivables Trust 2023-2,11,7044215.21000000,680541429.82999802,48929912.71000001,0.07189851
EART,EART 2023-2,Exeter Automobile Receivables Trust 2023-2,12,6136098.85000000,680541429.82999802,55066011.56000000,0.08091500
EART,EART 2023-2,Exeter Automobile Receivables Trust 2023-2,13,5795401.86000000,680541429.82999802,60861413.42000000,0.08943087
EART,EART 2023-2,Exeter Automobile Receivables Trust 2023-2,14,6755430.30000000,680541429.82999802,67616843.72000001,0.09935742
EART,EART 2023-2,Exeter Automobile Receivables Trust 2023-2,15,6056504.44000000,680541429.82999802,73673348.16000001,0.10825696
EART,EART 2023-2,Exeter Automobile Receivables Trust 2023-2,16,7510520.66000000,680541429.82999802,81183868.82000001,0.11929306
EART,EART 2023-2,Exeter Automobile Receivables Trust 2023-2,17,6675189.62000000,680541429.82999802,87859058.44000001,0.12910170
EART,EART 2023-2,Exeter Automobile Receivables Trust 2023-2,18,6568046.53000000,680541429.82999802,94427104.97000001,0.13875291
EART,EART 2023-2,Exeter Automobile Receivables Trust 2023-2,19,7403647.59000000,680541429.82999802,101830752.56000000,0.14963197
EART,EART 2023-2,Exeter Automobile Receivables Trust 2023-2,20,7234393.63000000,680541429.82999802,109065146.19000001,0.16026232
EART,EART 2023-2,Exeter Automobile Receivables Trust 2023-2,21,6143827.07000000,680541429.82999802,115208973.26000001,0.16929017
EART,EART 2023-2,Exeter Automobile Receivables Trust 2023-2,22,7287214.19000000,680541429.82999802,122496187.45000000,0.17999813
EART,EART 2023-2,Exeter Automobile Receivables Trust 2023-2,23,5982074.05000000,680541429.82999802,128478261.50000000,0.18878830
EART,EART 2023-2,Exeter Automobile Receivables Trust 2023-2,24,6379007.94000000,680541429.82999802,134857269.44000000,0.19816173
EART,EART 2023-2,Exeter Automobile Receivables Trust 2023-2,25,6247479.66000000,680541429.82999802,141104749.09999999,0.20734189
EART,EART 2023-2,Exeter Automobile Receivables Trust 2023-2,26,5285002.78000000,680541429.82999802,146389751.88000000,0.21510777
EART,EART 2023-2,Exeter Automobile Receivables Trust 2023-2,27,5584760.81000000,680541429.82999802,151974512.69000000,0.22331412
EART,EART 2023-2,Exeter Automobile Receivables Trust 2023-2,28,5952512.22000000,680541429.82999802,157927024.91000000,0.23206085
EART,EART 2023-2,Exeter Automobile Receivables Trust 2023-2,29,5319323.79000000,680541429.82999802,163246348.70000002,0.23987716
EART,EART 2023-2,Exeter Automobile Receivables Trust 2023-2,30,5787536.75000000,680541429.82999802,169033885.45000002,0.24838148
EART,EART 2023-2,Exeter Automobile Receivables Trust 2023-2,31,5656739.07999999,680541429.82999802,174690624.53000000,0.25669359
EART,EART 2023-2,Exeter Automobile Receivables Trust 2023-2,32,4712062.13000001,680541429.82999802,179402686.66000000,0.26361758
EART,EART 2023-2,Exeter Automobile Receivables Trust 2023-2,33,3830179.91000000,680541429.82999802,183232866.56999999,0.26924572
EART,EART 2023-2,Exeter Automobile Receivables Trust 2023-2,34,4535838.01000000,680541429.82999802,187768704.58000001,0.27591076
EART,EART 2023-2,Exeter Automobile Receivables Trust 2023-2,35,4393529.66000000,680541429.82999802,192162234.24000001,0.28236669
EART,EART 2023-2,Exeter Automobile Receivables Trust 2023-2,36,4874873.82000000,680541429.82999802,197037108.06000000,0.28952992
EART,EART 2023-2,Exeter Automobile Receivables Trust 2023-2,37,4452542.78000000,680541429.82999802,201489650.84000000,0.29607257
EART,EART 2023-3,Exeter Automobile Receivables Trust 2023-3,2,19462.68000000,673106317.75999808,19462.68000000,0.00002891
EART,EART 2023-3,Exeter Automobile Receivables Trust 2023-3,3,670335.84000000,673106317.75999808,689798.52000000,0.00102480
EART,EART 2023-3,Exeter Automobile Receivables Trust 2023-3,4,3500984.03000000,673106317.75999808,4190782.55000000,0.00622603
EART,EART 2023-3,Exeter Automobile Receivables Trust 2023-3,5,6283334.38000000,673106317.75999808,10474116.93000000,0.01556087
EART,EART 2023-3,Exeter Automobile Receivables Trust 2023-3,6,6760407.10000000,673106317.75999808,17234524.03000000,0.02560446
EART,EART 2023-3,Exeter Automobile Receivables Trust 2023-3,7,6320805.71000000,673106317.75999808,23555329.74000001,0.03499496
EART,EART 2023-3,Exeter Automobile Receivables Trust 2023-3,8,6891601.41999999,673106317.75999808,30446931.16000000,0.04523347
EART,EART 2023-3,Exeter Automobile Receivables Trust 2023-3,9,5503141.25000000,673106317.75999808,35950072.41000000,0.05340920
EART,EART 2023-3,Exeter Automobile Receivables Trust 2023-3,10,6478390.31000000,673106317.75999808,42428462.72000000,0.06303382
EART,EART 2023-3,Exeter Automobile Receivables Trust 2023-3,11,5966528.28000000,673106317.75999808,48394991.00000000,0.07189799
EART,EART 2023-3,Exeter Automobile Receivables Trust 2023-3,12,5721038.58000000,673106317.75999808,54116029.58000000,0.08039745
EART,EART 2023-3,Exeter Automobile Receivables Trust 2023-3,13,5994153.85999999,673106317.75999808,60110183.44000000,0.08930266
EART,EART 2023-3,Exeter Automobile Receivables Trust 2023-3,14,6474664.45000000,673106317.75999808,66584847.89000000,0.09892174
EART,EART 2023-3,Exeter Automobile Receivables Trust 2023-3,15,6480962.98000000,673106317.75999808,73065810.86999999,0.10855018
EART,EART 2023-3,Exeter Automobile Receivables Trust 2023-3,16,6522656.25000001,673106317.75999808,79588467.12000000,0.11824056
EART,EART 2023-3,Exeter Automobile Receivables Trust 2023-3,17,7311800.02000000,673106317.75999808,86900267.14000000,0.12910333
EART,EART 2023-3,Exeter Automobile Receivables Trust 2023-3,18,6005795.24000000,673106317.75999808,92906062.38000000,0.13802584
EART,EART 2023-3,Exeter Automobile Receivables Trust 2023-3,19,5666750.71000000,673106317.75999808,98572813.09000000,0.14644464
EART,EART 2023-3,Exeter Automobile Receivables Trust 2023-3,20,7050731.61000000,673106317.75999808,105623544.70000000,0.15691956
EART,EART 2023-3,Exeter Automobile Receivables Trust 2023-3,21,5834498.48000000,673106317.75999808,111458043.18000001,0.16558758
EART,EART 2023-3,Exeter Automobile Receivables Trust 2023-3,22,5935495.37000000,673106317.75999808,117393538.55000001,0.17440564
EART,EART 2023-3,Exeter Automobile Receivables Trust 2023-3,23,5611778.27000000,673106317.75999808,123005316.82000001,0.18274278
EART,EART 2023-3,Exeter Automobile Receivables Trust 2023-3,24,5167272.84000000,673106317.75999808,128172589.66000000,0.19041953
EART,EART 2023-3,Exeter Automobile Receivables Trust 2023-3,25,5550938.64000000,673106317.75999808,133723528.30000000,0.19866628
EART,EART 2023-3,Exeter Automobile Receivables Trust 2023-3,26,6160831.10000000,673106317.75999808,139884359.40000001,0.20781912
EART,EART 2023-3,Exeter Automobile Receivables Trust 2023-3,27,5676222.01000000,673106317.75999808,145560581.41000000,0.21625199
EART,EART 2023-3,Exeter Automobile Receivables Trust 2023-3,28,5285553.49000000,673106317.75999808,150846134.90000001,0.22410447
EART,EART 2023-3,Exeter Automobile Receivables Trust 2023-3,29,5886921.79000000,673106317.75999808,156733056.69000000,0.23285037
EART,EART 2023-3,Exeter Automobile Receivables Trust 2023-3,30,4686688.67000000,673106317.75999808,161419745.35999998,0.23981315
EART,EART 2023-3,Exeter Automobile Receivables Trust 2023-3,31,4596061.54000000,673106317.75999808,166015806.90000001,0.24664128
EART,EART 2023-3,Exeter Automobile Receivables Trust 2023-3,32,4711172.48000000,673106317.75999808,170726979.38000000,0.25364044
EART,EART 2023-3,Exeter Automobile Receivables Trust 2023-3,33,4229603.55000000,673106317.75999808,174956582.93000001,0.25992414
EART,EART 2023-3,Exeter Automobile Receivables Trust 2023-3,34,4181450.37000000,673106317.75999808,179138033.30000001,0.26613631
EART,EART 2023-3,Exeter Automobile Receivables Trust 2023-3,35,4862745.59000000,673106317.75999808,184000778.88999999,0.27336065
EART,EART 2023-4,Exeter Automobile Receivables Trust 2023-4,2,142489.67000000,711265231.20999885,142489.67000000,0.00020033
EART,EART 2023-4,Exeter Automobile Receivables Trust 2023-4,3,1197327.12000000,711265231.20999885,1339816.79000000,0.00188371
EART,EART 2023-4,Exeter Automobile Receivables Trust 2023-4,4,4193857.44000000,711265231.20999885,5533674.23000000,0.00778004
EART,EART 2023-4,Exeter Automobile Receivables Trust 2023-4,5,6294231.97000001,711265231.20999885,11827906.20000001,0.01662939
EART,EART 2023-4,Exeter Automobile Receivables Trust 2023-4,6,8274913.38000000,711265231.20999885,20102819.58000001,0.02826346
EART,EART 2023-4,Exeter Automobile Receivables Trust 2023-4,7,7437555.48000000,711265231.20999885,27540375.06000002,0.03872026
EART,EART 2023-4,Exeter Automobile Receivables Trust 2023-4,8,6586753.84000000,711265231.20999885,34127128.90000001,0.04798088
EART,EART 2023-4,Exeter Automobile Receivables Trust 2023-4,9,5656126.77000000,711265231.20999885,39783255.67000001,0.05593308
EART,EART 2023-4,Exeter Automobile Receivables Trust 2023-4,10,6248831.27000000,711265231.20999885,46032086.94000001,0.06471860
EART,EART 2023-4,Exeter Automobile Receivables Trust 2023-4,11,6153811.50999999,711265231.20999885,52185898.45000000,0.07337052
EART,EART 2023-4,Exeter Automobile Receivables Trust 2023-4,12,6863148.44000000,711265231.20999885,59049046.89000000,0.08301973
EART,EART 2023-4,Exeter Automobile Receivables Trust 2023-4,13,6618278.23000000,711265231.20999885,65667325.12000000,0.09232467
EART,EART 2023-4,Exeter Automobile Receivables Trust 2023-4,14,5531646.54000000,711265231.20999885,71198971.66000000,0.10010186
EART,EART 2023-4,Exeter Automobile Receivables Trust 2023-4,15,6963498.23000000,711265231.20999885,78162469.89000000,0.10989216
EART,EART 2023-4,Exeter Automobile Receivables Trust 2023-4,16,6893130.02000000,711265231.20999885,85055599.91000000,0.11958352
EART,EART 2023-4,Exeter Automobile Receivables Trust 2023-4,17,5526577.28000000,711265231.20999885,90582177.19000000,0.12735359
EART,EART 2023-4,Exeter Automobile Receivables Trust 2023-4,18,7038321.91000000,711265231.20999885,97620499.10000001,0.13724908
EART,EART 2023-4,Exeter Automobile Receivables Trust 2023-4,19,6569337.55000000,711265231.20999885,104189836.65000001,0.14648521
EART,EART 2023-4,Exeter Automobile Receivables Trust 2023-4,20,5933758.40000000,711265231.20999885,110123595.05000001,0.15482775
EART,EART 2023-4,Exeter Automobile Receivables Trust 2023-4,21,6994645.14000000,711265231.20999885,117118240.19000001,0.16466184
EART,EART 2023-4,Exeter Automobile Receivables Trust 2023-4,22,6425235.27000000,711265231.20999885,123543475.46000001,0.17369537
EART,EART 2023-4,Exeter Automobile Receivables Trust 2023-4,23,5671979.09000000,711265231.20999885,129215454.55000001,0.18166986
EART,EART 2023-4,Exeter Automobile Receivables Trust 2023-4,24,6116323.52000000,711265231.20999885,135331778.06999999,0.19026908
EART,EART 2023-4,Exeter Automobile Receivables Trust 2023-4,25,6162468.40000000,711265231.20999885,141494246.47000000,0.19893317
EART,EART 2023-4,Exeter Automobile Receivables Trust 2023-4,26,6050102.75000000,711265231.20999885,147544349.22000000,0.20743928
EART,EART 2023-4,Exeter Automobile Receivables Trust 2023-4,27,5967906.06999999,711265231.20999885,153512255.28999999,0.21582983
EART,EART 2023-4,Exeter Automobile Receivables Trust 2023-4,28,4785493.92000000,711265231.20999885,158297749.20999998,0.22255797
EART,EART 2023-4,Exeter Automobile Receivables Trust 2023-4,29,5405723.09000000,711265231.20999885,163703472.29999998,0.23015813
EART,EART 2023-4,Exeter Automobile Receivables Trust 2023-4,30,4826237.08000000,711265231.20999885,168529709.38000000,0.23694355
EART,EART 2023-4,Exeter Automobile Receivables Trust 2023-4,31,5332588.23000000,711265231.20999885,173862297.60999998,0.24444088
EART,EART 2023-4,Exeter Automobile Receivables Trust 2023-4,32,4675309.33000000,711265231.20999885,178537606.94000000,0.25101411
EART,EART 2023-4,Exeter Automobile Receivables Trust 2023-4,33,5123713.18000000,711265231.20999885,183661320.11999997,0.25821777
EART,EART 2023-5,Exeter Automobile Receivables Trust 2023-5,2,52943.06000000,828939162.24999785,52943.06000000,0.00006387
EART,EART 2023-5,Exeter Automobile Receivables Trust 2023-5,3,543891.73000000,828939162.24999785,596834.79000000,0.00072000
EART,EART 2023-5,Exeter Automobile Receivables Trust 2023-5,4,2698061.59000000,828939162.24999785,3294896.38000000,0.00397483
EART,EART 2023-5,Exeter Automobile Receivables Trust 2023-5,5,6398937.24000000,828939162.24999785,9693833.62000000,0.01169426
EART,EART 2023-5,Exeter Automobile Receivables Trust 2023-5,6,7690060.31000000,828939162.24999785,17383893.93000000,0.02097125
EART,EART 2023-5,Exeter Automobile Receivables Trust 2023-5,7,6706879.32000000,828939162.24999785,24090773.25000000,0.02906217
EART,EART 2023-5,Exeter Automobile Receivables Trust 2023-5,8,6641278.55000000,828939162.24999785,30732051.80000000,0.03707395
EART,EART 2023-5,Exeter Automobile Receivables Trust 2023-5,9,7480510.08000000,828939162.24999785,38212561.88000001,0.04609815
EART,EART 2023-5,Exeter Automobile Receivables Trust 2023-5,10,7735826.12000000,828939162.24999785,45948388.00000001,0.05543035
EART,EART 2023-5,Exeter Automobile Receivables Trust 2023-5,11,7878723.42000000,828939162.24999785,53827111.42000002,0.06493494
EART,EART 2023-5,Exeter Automobile Receivables Trust 2023-5,12,7282000.95000000,828939162.24999785,61109112.37000002,0.07371966
EART,EART 2023-5,Exeter Automobile Receivables Trust 2023-5,13,10029744.96000000,828939162.24999785,71138857.33000001,0.08581915
EART,EART 2023-5,Exeter Automobile Receivables Trust 2023-5,14,8272051.77000001,828939162.24999785,79410909.10000002,0.09579824
EART,EART 2023-5,Exeter Automobile Receivables Trust 2023-5,15,7339809.40000000,828939162.24999785,86750718.50000003,0.10465270
EART,EART 2023-5,Exeter Automobile Receivables Trust 2023-5,16,7873992.16000000,828939162.24999785,94624710.66000003,0.11415157
EART,EART 2023-5,Exeter Automobile Receivables Trust 2023-5,17,8076419.03000000,828939162.24999785,102701129.69000003,0.12389465
EART,EART 2023-5,Exeter Automobile Receivables Trust 2023-5,18,8095934.63999999,828939162.24999785,110797064.33000003,0.13366127
EART,EART 2023-5,Exeter Automobile Receivables Trust 2023-5,19,8240664.81000000,828939162.24999785,119037729.14000003,0.14360249
EART,EART 2023-5,Exeter Automobile Receivables Trust 2023-5,20,7483814.63000000,828939162.24999785,126521543.77000003,0.15263067
EART,EART 2023-5,Exeter Automobile Receivables Trust 2023-5,21,7430523.03000000,828939162.24999785,133952066.80000003,0.16159457
EART,EART 2023-5,Exeter Automobile Receivables Trust 2023-5,22,7570198.80000000,828939162.24999785,141522265.60000002,0.17072696
EART,EART 2023-5,Exeter Automobile Receivables Trust 2023-5,23,7543228.07000000,828939162.24999785,149065493.67000005,0.17982682
EART,EART 2023-5,Exeter Automobile Receivables Trust 2023-5,24,6850024.16000000,828939162.24999785,155915517.83000004,0.18809042
EART,EART 2023-5,Exeter Automobile Receivables Trust 2023-5,25,7430767.07000000,828939162.24999785,163346284.90000004,0.19705461
EART,EART 2023-5,Exeter Automobile Receivables Trust 2023-5,26,6431499.01000000,828939162.24999785,169777783.91000006,0.20481332
EART,EART 2023-5,Exeter Automobile Receivables Trust 2023-5,27,6794665.82000000,828939162.24999785,176572449.73000005,0.21301014
EART,EART 2023-5,Exeter Automobile Receivables Trust 2023-5,28,6408590.32000000,828939162.24999785,182981040.05000004,0.22074122
EART,EART 2023-5,Exeter Automobile Receivables Trust 2023-5,29,6189374.78000000,828939162.24999785,189170414.83000004,0.22820784
EART,EART 2023-5,Exeter Automobile Receivables Trust 2023-5,30,6629366.40000000,828939162.24999785,195799781.23000005,0.23620525
EART,EART 2023-5,Exeter Automobile Receivables Trust 2023-5,31,7414045.51000000,828939162.24999785,203213826.74000004,0.24514927
EART,EART 2024-1,Exeter Automobile Receivables Trust 2024-1,2,114584.40000000,709306633.49999845,114584.40000000,0.00016154
EART,EART 2024-1,Exeter Automobile Receivables Trust 2024-1,3,789922.70000000,709306633.49999845,904507.10000000,0.00127520
EART,EART 2024-1,Exeter Automobile Receivables Trust 2024-1,4,3190312.63000000,709306633.49999845,4094819.73000000,0.00577299
EART,EART 2024-1,Exeter Automobile Receivables Trust 2024-1,5,5774279.76000000,709306633.49999845,9869099.49000000,0.01391373
EART,EART 2024-1,Exeter Automobile Receivables Trust 2024-1,6,5730038.13000001,709306633.49999845,15599137.62000001,0.02199209
EART,EART 2024-1,Exeter Automobile Receivables Trust 2024-1,7,6111353.72000000,709306633.49999845,21710491.34000001,0.03060805
EART,EART 2024-1,Exeter Automobile Receivables Trust 2024-1,8,6018071.95000000,709306633.49999845,27728563.29000001,0.03909249
EART,EART 2024-1,Exeter Automobile Receivables Trust 2024-1,9,6007592.35000000,709306633.49999845,33736155.64000002,0.04756216
EART,EART 2024-1,Exeter Automobile Receivables Trust 2024-1,10,6830864.58000000,709306633.49999845,40567020.22000001,0.05719250
EART,EART 2024-1,Exeter Automobile Receivables Trust 2024-1,11,7698555.63000000,709306633.49999845,48265575.85000002,0.06804614
EART,EART 2024-1,Exeter Automobile Receivables Trust 2024-1,12,6702373.94000000,709306633.49999845,54967949.79000001,0.07749533
EART,EART 2024-1,Exeter Automobile Receivables Trust 2024-1,13,8123223.21000000,709306633.49999845,63091173.00000001,0.08894767
EART,EART 2024-1,Exeter Automobile Receivables Trust 2024-1,14,6996574.69000000,709306633.49999845,70087747.69000001,0.09881163
EART,EART 2024-1,Exeter Automobile Receivables Trust 2024-1,15,7786455.79000000,709306633.49999845,77874203.48000002,0.10978919
EART,EART 2024-1,Exeter Automobile Receivables Trust 2024-1,16,7659356.57000001,709306633.49999845,85533560.05000003,0.12058757
EART,EART 2024-1,Exeter Automobile Receivables Trust 2024-1,17,7487255.41000002,709306633.49999845,93020815.46000004,0.13114330
EART,EART 2024-1,Exeter Automobile Receivables Trust 2024-1,18,7070706.35000000,709306633.49999845,100091521.81000003,0.14111178
EART,EART 2024-1,Exeter Automobile Receivables Trust 2024-1,19,7807772.79999999,709306633.49999845,107899294.61000003,0.15211939
EART,EART 2024-1,Exeter Automobile Receivables Trust 2024-1,20,6957823.03000000,709306633.49999845,114857117.64000003,0.16192872
EART,EART 2024-1,Exeter Automobile Receivables Trust 2024-1,21,6370656.13000000,709306633.49999845,121227773.77000003,0.17091025
EART,EART 2024-1,Exeter Automobile Receivables Trust 2024-1,22,7250480.56000000,709306633.49999845,128478254.33000003,0.18113218
EART,EART 2024-1,Exeter Automobile Receivables Trust 2024-1,23,6150572.41000000,709306633.49999845,134628826.74000004,0.18980342
EART,EART 2024-1,Exeter Automobile Receivables Trust 2024-1,24,6455765.65000000,709306633.49999845,141084592.39000002,0.19890494
EART,EART 2024-1,Exeter Automobile Receivables Trust 2024-1,25,5645894.85000000,709306633.49999845,146730487.24000004,0.20686468
EART,EART 2024-1,Exeter Automobile Receivables Trust 2024-1,26,6702790.39000000,709306633.49999845,153433277.63000003,0.21631445
EART,EART 2024-1,Exeter Automobile Receivables Trust 2024-1,27,6419842.91000000,709306633.49999845,159853120.54000002,0.22536533
EART,EART 2024-1,Exeter Automobile Receivables Trust 2024-1,28,6346128.16000000,709306633.49999845,166199248.70000002,0.23431227
EART,EART 2024-2,Exeter Automobile Receivables Trust 2024-2,1,18439.86000000,903535820.76999807,18439.86000000,0.00002041
EART,EART 2024-2,Exeter Automobile Receivables Trust 2024-2,2,168200.21000000,903535820.76999807,186640.07000000,0.00020657
EART,EART 2024-2,Exeter Automobile Receivables Trust 2024-2,3,1016545.52000000,903535820.76999807,1203185.59000000,0.00133164
EART,EART 2024-2,Exeter Automobile Receivables Trust 2024-2,4,4213453.20000000,903535820.76999807,5416638.79000000,0.00599494
EART,EART 2024-2,Exeter Automobile Receivables Trust 2024-2,5,7846488.98000000,903535820.76999807,13263127.77000000,0.01467914
EART,EART 2024-2,Exeter Automobile Receivables Trust 2024-2,6,8431587.45000000,903535820.76999807,21694715.22000001,0.02401091
EART,EART 2024-2,Exeter Automobile Receivables Trust 2024-2,7,7588541.11000000,903535820.76999807,29283256.33000001,0.03240962
EART,EART 2024-2,Exeter Automobile Receivables Trust 2024-2,8,9142117.51000000,903535820.76999807,38425373.84000000,0.04252778
EART,EART 2024-2,Exeter Automobile Receivables Trust 2024-2,9,8285446.30000000,903535820.76999807,46710820.14000000,0.05169781
EART,EART 2024-2,Exeter Automobile Receivables Trust 2024-2,10,8199641.45000000,903535820.76999807,54910461.59000000,0.06077287
EART,EART 2024-2,Exeter Automobile Receivables Trust 2024-2,11,8498822.33000000,903535820.76999807,63409283.92000000,0.07017905
EART,EART 2024-2,Exeter Automobile Receivables Trust 2024-2,12,8775005.42000000,903535820.76999807,72184289.34000000,0.07989090
EART,EART 2024-2,Exeter Automobile Receivables Trust 2024-2,13,8566787.04000001,903535820.76999807,80751076.38000001,0.08937230
EART,EART 2024-2,Exeter Automobile Receivables Trust 2024-2,14,9004536.56000000,903535820.76999807,89755612.94000001,0.09933819
EART,EART 2024-2,Exeter Automobile Receivables Trust 2024-2,15,7467936.10000001,903535820.76999807,97223549.04000002,0.10760343
EART,EART 2024-2,Exeter Automobile Receivables Trust 2024-2,16,8683399.94000000,903535820.76999807,105906948.98000002,0.11721389
EART,EART 2024-2,Exeter Automobile Receivables Trust 2024-2,17,8212966.20000001,903535820.76999807,114119915.18000002,0.12630370
EART,EART 2024-2,Exeter Automobile Receivables Trust 2024-2,18,9181140.32999999,903535820.76999807,123301055.51000002,0.13646504
EART,EART 2024-2,Exeter Automobile Receivables Trust 2024-2,19,8017461.68000001,903535820.76999807,131318517.19000003,0.14533847
EART,EART 2024-2,Exeter Automobile Receivables Trust 2024-2,20,8261034.90000000,903535820.76999807,139579552.09000003,0.15448148
EART,EART 2024-2,Exeter Automobile Receivables Trust 2024-2,21,7322538.50000001,903535820.76999807,146902090.59000003,0.16258580
EART,EART 2024-2,Exeter Automobile Receivables Trust 2024-2,22,7624626.71000000,903535820.76999807,154526717.30000001,0.17102445
EART,EART 2024-2,Exeter Automobile Receivables Trust 2024-2,23,7096893.97000000,903535820.76999807,161623611.27000001,0.17887903
EART,EART 2024-2,Exeter Automobile Receivables Trust 2024-2,24,7207630.31000000,903535820.76999807,168831241.58000001,0.18685617
EART,EART 2024-2,Exeter Automobile Receivables Trust 2024-2,25,7813945.83000000,903535820.76999807,176645187.41000003,0.19550435
EART,EART 2024-2,Exeter Automobile Receivables Trust 2024-2,26,7547178.97000000,903535820.76999807,184192366.38000003,0.20385729
EART,EART 2024-3,Exeter Automobile Receivables Trust 2024-3,2,375324.36000000,916755983.83999670,375324.36000000,0.00040940
EART,EART 2024-3,Exeter Automobile Receivables Trust 2024-3,3,749284.20000000,916755983.83999670,1124608.56000000,0.00122673
EART,EART 2024-3,Exeter Automobile Receivables Trust 2024-3,4,4146501.98000000,916755983.83999670,5271110.54000000,0.00574974
EART,EART 2024-3,Exeter Automobile Receivables Trust 2024-3,5,7020506.03000000,916755983.83999670,12291616.57000001,0.01340773
EART,EART 2024-3,Exeter Automobile Receivables Trust 2024-3,6,9554956.11000000,916755983.83999670,21846572.68000001,0.02383030
EART,EART 2024-3,Exeter Automobile Receivables Trust 2024-3,7,7576257.55000000,916755983.83999670,29422830.23000001,0.03209451
EART,EART 2024-3,Exeter Automobile Receivables Trust 2024-3,8,6992551.85000000,916755983.83999670,36415382.08000001,0.03972200
EART,EART 2024-3,Exeter Automobile Receivables Trust 2024-3,9,9351955.01000000,916755983.83999670,45767337.09000001,0.04992314
EART,EART 2024-3,Exeter Automobile Receivables Trust 2024-3,10,8281739.05000000,916755983.83999670,54049076.14000002,0.05895688
EART,EART 2024-3,Exeter Automobile Receivables Trust 2024-3,11,7946379.15000001,916755983.83999670,61995455.29000002,0.06762482
EART,EART 2024-3,Exeter Automobile Receivables Trust 2024-3,12,7589700.35000000,916755983.83999670,69585155.64000002,0.07590368
EART,EART 2024-3,Exeter Automobile Receivables Trust 2024-3,13,7648363.12000001,916755983.83999670,77233518.76000002,0.08424654
EART,EART 2024-3,Exeter Automobile Receivables Trust 2024-3,14,8255124.45000000,916755983.83999670,85488643.21000002,0.09325125
EART,EART 2024-3,Exeter Automobile Receivables Trust 2024-3,15,8400763.79000000,916755983.83999670,93889407.00000003,0.10241483
EART,EART 2024-3,Exeter Automobile Receivables Trust 2024-3,16,9307572.55000001,916755983.83999670,103196979.55000004,0.11256755
EART,EART 2024-3,Exeter Automobile Receivables Trust 2024-3,17,9223938.22000001,916755983.83999670,112420917.77000006,0.12262905
EART,EART 2024-3,Exeter Automobile Receivables Trust 2024-3,18,9188771.79000000,916755983.83999670,121609689.56000005,0.13265219
EART,EART 2024-3,Exeter Automobile Receivables Trust 2024-3,19,7901947.08000000,916755983.83999670,129511636.64000006,0.14127166
EART,EART 2024-3,Exeter Automobile Receivables Trust 2024-3,20,7652910.94000000,916755983.83999670,137164547.58000004,0.14961947
EART,EART 2024-3,Exeter Automobile Receivables Trust 2024-3,21,7085659.48000001,916755983.83999670,144250207.06000006,0.15734853
EART,EART 2024-3,Exeter Automobile Receivables Trust 2024-3,22,8257485.80000001,916755983.83999670,152507692.86000007,0.16635582
EART,EART 2024-3,Exeter Automobile Receivables Trust 2024-3,23,8207807.98000000,916755983.83999670,160715500.84000006,0.17530892
EART,EART 2024-3,Exeter Automobile Receivables Trust 2024-3,24,8247848.82000000,916755983.83999670,168963349.66000006,0.18430570
EART,EART 2024-4,Exeter Automobile Receivables Trust 2024-4,1,0.00000000,924496080.29999697,0.00000000,0.00000000
EART,EART 2024-4,Exeter Automobile Receivables Trust 2024-4,2,64834.34000000,924496080.29999697,64834.34000000,0.00007013
EART,EART 2024-4,Exeter Automobile Receivables Trust 2024-4,3,563605.32000000,924496080.29999697,628439.66000000,0.00067976
EART,EART 2024-4,Exeter Automobile Receivables Trust 2024-4,4,4629660.36000000,924496080.29999697,5258100.02000000,0.00568753
EART,EART 2024-4,Exeter Automobile Receivables Trust 2024-4,5,6440296.15000000,924496080.29999697,11698396.17000000,0.01265381
EART,EART 2024-4,Exeter Automobile Receivables Trust 2024-4,6,6759354.75000000,924496080.29999697,18457750.92000000,0.01996520
EART,EART 2024-4,Exeter Automobile Receivables Trust 2024-4,7,8461847.57000001,924496080.29999697,26919598.49000001,0.02911813
EART,EART 2024-4,Exeter Automobile Receivables Trust 2024-4,8,7523260.05000001,924496080.29999697,34442858.54000001,0.03725582
EART,EART 2024-4,Exeter Automobile Receivables Trust 2024-4,9,8383398.79000000,924496080.29999697,42826257.33000001,0.04632389
EART,EART 2024-4,Exeter Automobile Receivables Trust 2024-4,10,8213613.18999999,924496080.29999697,51039870.52000001,0.05520831
EART,EART 2024-4,Exeter Automobile Receivables Trust 2024-4,11,7292782.32000001,924496080.29999697,58332652.84000001,0.06309670
EART,EART 2024-4,Exeter Automobile Receivables Trust 2024-4,12,8044663.25000000,924496080.29999697,66377316.09000001,0.07179837
EART,EART 2024-4,Exeter Automobile Receivables Trust 2024-4,13,8308482.34000000,924496080.29999697,74685798.43000001,0.08078541
EART,EART 2024-4,Exeter Automobile Receivables Trust 2024-4,14,9187189.39000001,924496080.29999697,83872987.82000002,0.09072292
EART,EART 2024-4,Exeter Automobile Receivables Trust 2024-4,15,8148949.64000000,924496080.29999697,92021937.46000002,0.09953740
EART,EART 2024-4,Exeter Automobile Receivables Trust 2024-4,16,8579579.56999999,924496080.29999697,100601517.03000002,0.10881768
EART,EART 2024-4,Exeter Automobile Receivables Trust 2024-4,17,7935911.01000001,924496080.29999697,108537428.04000002,0.11740172
EART,EART 2024-4,Exeter Automobile Receivables Trust 2024-4,18,8600522.92000000,924496080.29999697,117137950.96000002,0.12670465
EART,EART 2024-4,Exeter Automobile Receivables Trust 2024-4,19,8491743.04000000,924496080.29999697,125629694.00000001,0.13588992
EART,EART 2024-4,Exeter Automobile Receivables Trust 2024-4,20,8208329.35000000,924496080.29999697,133838023.35000002,0.14476862
EART,EART 2024-4,Exeter Automobile Receivables Trust 2024-4,21,8167928.97000000,924496080.29999697,142005952.32000002,0.15360363
EART,EART 2024-4,Exeter Automobile Receivables Trust 2024-4,22,8151616.12000000,924496080.29999697,150157568.44000003,0.16242099
EART,EART 2024-5,Exeter Automobile Receivables Trust 2024-5,2,233967.96000000,1012091157.68999791,233967.96000000,0.00023117
EART,EART 2024-5,Exeter Automobile Receivables Trust 2024-5,3,570687.18000000,1012091157.68999791,804655.14000000,0.00079504
EART,EART 2024-5,Exeter Automobile Receivables Trust 2024-5,4,3720693.98000000,1012091157.68999791,4525349.12000000,0.00447129
EART,EART 2024-5,Exeter Automobile Receivables Trust 2024-5,5,6506992.43000001,1012091157.68999791,11032341.55000001,0.01090054
EART,EART 2024-5,Exeter Automobile Receivables Trust 2024-5,6,6821785.92000001,1012091157.68999791,17854127.47000001,0.01764083
EART,EART 2024-5,Exeter Automobile Receivables Trust 2024-5,7,7446626.19000001,1012091157.68999791,25300753.66000002,0.02499849
EART,EART 2024-5,Exeter Automobile Receivables Trust 2024-5,8,7938467.46000000,1012091157.68999791,33239221.12000002,0.03284212
EART,EART 2024-5,Exeter Automobile Receivables Trust 2024-5,9,6436660.36000000,1012091157.68999791,39675881.48000003,0.03920189
EART,EART 2024-5,Exeter Automobile Receivables Trust 2024-5,10,7688863.40000000,1012091157.68999791,47364744.88000003,0.04679889
EART,EART 2024-5,Exeter Automobile Receivables Trust 2024-5,11,7636458.13000000,1012091157.68999791,55001203.01000003,0.05434412
EART,EART 2024-5,Exeter Automobile Receivables Trust 2024-5,12,8606029.65999999,1012091157.68999791,63607232.67000002,0.06284734
EART,EART 2024-5,Exeter Automobile Receivables Trust 2024-5,13,8988361.96000000,1012091157.68999791,72595594.63000003,0.07172832
EART,EART 2024-5,Exeter Automobile Receivables Trust 2024-5,14,9070136.64000000,1012091157.68999791,81665731.27000003,0.08069009
EART,EART 2024-5,Exeter Automobile Receivables Trust 2024-5,15,7585904.84000000,1012091157.68999791,89251636.11000003,0.08818537
EART,EART 2024-5,Exeter Automobile Receivables Trust 2024-5,16,8756666.62000000,1012091157.68999791,98008302.73000003,0.09683743
EART,EART 2024-5,Exeter Automobile Receivables Trust 2024-5,17,8575114.46000000,1012091157.68999791,106583417.19000003,0.10531010
EART,EART 2024-5,Exeter Automobile Receivables Trust 2024-5,18,9518617.52000001,1012091157.68999791,116102034.71000004,0.11471500
EART,EART 2024-5,Exeter Automobile Receivables Trust 2024-5,19,9489626.40000000,1012091157.68999791,125591661.11000004,0.12409125
EART,EART 2024-5,Exeter Automobile Receivables Trust 2024-5,20,8545597.32000000,1012091157.68999791,134137258.43000004,0.13253476
EART,EART 2025-1,Exeter Automobile Receivables Trust 2025-1,2,263433.12000000,1480139036.82999825,263433.12000000,0.00017798
EART,EART 2025-1,Exeter Automobile Receivables Trust 2025-1,3,1136521.65000000,1480139036.82999825,1399954.77000000,0.00094583
EART,EART 2025-1,Exeter Automobile Receivables Trust 2025-1,4,4600543.83000000,1480139036.82999825,6000498.60000000,0.00405401
EART,EART 2025-1,Exeter Automobile Receivables Trust 2025-1,5,7825201.23000001,1480139036.82999825,13825699.83000001,0.00934081
EART,EART 2025-1,Exeter Automobile Receivables Trust 2025-1,6,9871856.80000000,1480139036.82999825,23697556.63000001,0.01601036
EART,EART 2025-1,Exeter Automobile Receivables Trust 2025-1,7,10595601.90000000,1480139036.82999825,34293158.53000001,0.02316888
EART,EART 2025-1,Exeter Automobile Receivables Trust 2025-1,8,11445597.92999998,1480139036.82999825,45738756.45999999,0.03090166
EART,EART 2025-1,Exeter Automobile Receivables Trust 2025-1,9,10795417.61999998,1480139036.82999825,56534174.07999997,0.03819518
EART,EART 2025-1,Exeter Automobile Receivables Trust 2025-1,10,12959435.50000000,1480139036.82999825,69493609.57999997,0.04695073
EART,EART 2025-1,Exeter Automobile Receivables Trust 2025-1,11,11105855.83999999,1480139036.82999825,80599465.41999996,0.05445398
EART,EART 2025-1,Exeter Automobile Receivables Trust 2025-1,12,12585163.87000000,1480139036.82999825,93184629.28999996,0.06295667
EART,EART 2025-1,Exeter Automobile Receivables Trust 2025-1,13,12152962.80000000,1480139036.82999825,105337592.08999997,0.07116736
EART,EART 2025-1,Exeter Automobile Receivables Trust 2025-1,14,12107020.37999999,1480139036.82999825,117444612.46999997,0.07934701
EART,EART 2025-1,Exeter Automobile Receivables Trust 2025-1,15,14301051.51000000,1480139036.82999825,131745663.97999996,0.08900898
EART,EART 2025-1,Exeter Automobile Receivables Trust 2025-1,16,14067444.47999999,1480139036.82999825,145813108.45999995,0.09851312
EART,EART 2025-2,Exeter Automobile Receivables Trust 2025-2,2,131222.56000000,1105131855.49999762,131222.56000000,0.00011874
EART,EART 2025-2,Exeter Automobile Receivables Trust 2025-2,3,905967.01000000,1105131855.49999762,1037189.57000000,0.00093852
EART,EART 2025-2,Exeter Automobile Receivables Trust 2025-2,4,4577386.10000000,1105131855.49999762,5614575.67000000,0.00508046
EART,EART 2025-2,Exeter Automobile Receivables Trust 2025-2,5,8364786.83000000,1105131855.49999762,13979362.50000000,0.01264950
EART,EART 2025-2,Exeter Automobile Receivables Trust 2025-2,6,9567213.43000000,1105131855.49999762,23546575.93000000,0.02130658
EART,EART 2025-2,Exeter Automobile Receivables Trust 2025-2,7,9344593.05999999,1105131855.49999762,32891168.98999999,0.02976221
EART,EART 2025-2,Exeter Automobile Receivables Trust 2025-2,8,9036835.31000000,1105131855.49999762,41928004.29999999,0.03793937
EART,EART 2025-2,Exeter Automobile Receivables Trust 2025-2,9,9256639.09999999,1105131855.49999762,51184643.39999998,0.04631542
EART,EART 2025-2,Exeter Automobile Receivables Trust 2025-2,10,10033607.80000000,1105131855.49999762,61218251.19999998,0.05539452
EART,EART 2025-2,Exeter Automobile Receivables Trust 2025-2,11,9498065.10000000,1105131855.49999762,70716316.29999998,0.06398903
EART,EART 2025-2,Exeter Automobile Receivables Trust 2025-2,12,9815883.09000000,1105131855.49999762,80532199.38999999,0.07287112
EART,EART 2025-2,Exeter Automobile Receivables Trust 2025-2,13,10144727.10000000,1105131855.49999762,90676926.48999998,0.08205078
EART,EART 2025-2,Exeter Automobile Receivables Trust 2025-2,14,10907375.55000000,1105131855.49999762,101584302.03999999,0.09192053
EART,EART 2025-3,Exeter Automobile Receivables Trust 2025-3,0,131222.56000000,1099308206.30999804,131222.56000000,0.00011937
EART,EART 2025-3,Exeter Automobile Receivables Trust 2025-3,2,243676.24000000,1099308206.30999804,374898.80000000,0.00034103
EART,EART 2025-3,Exeter Automobile Receivables Trust 2025-3,3,856418.31000000,1099308206.30999804,1231317.11000000,0.00112008
EART,EART 2025-3,Exeter Automobile Receivables Trust 2025-3,4,4854586.21000000,1099308206.30999804,6085903.32000000,0.00553612
EART,EART 2025-3,Exeter Automobile Receivables Trust 2025-3,5,6917108.43000000,1099308206.30999804,13003011.75000000,0.01182836
EART,EART 2025-3,Exeter Automobile Receivables Trust 2025-3,6,8864657.27000000,1099308206.30999804,21867669.02000000,0.01989221
EART,EART 2025-3,Exeter Automobile Receivables Trust 2025-3,7,8057433.42000000,1099308206.30999804,29925102.43999999,0.02722176
EART,EART 2025-3,Exeter Automobile Receivables Trust 2025-3,8,10069786.51000000,1099308206.30999804,39994888.95000000,0.03638187
EART,EART 2025-3,Exeter Automobile Receivables Trust 2025-3,9,10563395.23000001,1099308206.30999804,50558284.18000001,0.04599100
EART,EART 2025-3,Exeter Automobile Receivables Trust 2025-3,10,10660260.55999999,1099308206.30999804,61218544.73999999,0.05568825
EART,EART 2025-3,Exeter Automobile Receivables Trust 2025-3,11,10649346.30000001,1099308206.30999804,71867891.04000001,0.06537556
EART,EART 2025-3,Exeter Automobile Receivables Trust 2025-3,12,10108411.71000000,1099308206.30999804,81976302.75000001,0.07457081
EART,EART 2025-4,Exeter Automobile Receivables Trust 2025-4,1,0.00000000,1280586289.44999886,0.00000000,0.00000000
EART,EART 2025-4,Exeter Automobile Receivables Trust 2025-4,2,277730.94000000,1280586289.44999886,277730.94000000,0.00021688
EART,EART 2025-4,Exeter Automobile Receivables Trust 2025-4,3,1314762.66000000,1280586289.44999886,1592493.60000000,0.00124357
EART,EART 2025-4,Exeter Automobile Receivables Trust 2025-4,4,5729258.36000000,1280586289.44999886,7321751.96000000,0.00571750
EART,EART 2025-4,Exeter Automobile Receivables Trust 2025-4,5,9399401.13000000,1280586289.44999886,16721153.09000001,0.01305742
EART,EART 2025-4,Exeter Automobile Receivables Trust 2025-4,6,10176335.22000000,1280586289.44999886,26897488.31000001,0.02100404
EART,EART 2025-4,Exeter Automobile Receivables Trust 2025-4,7,11144096.22000000,1280586289.44999886,38041584.53000002,0.02970638
EART,EART 2025-4,Exeter Automobile Receivables Trust 2025-4,8,10418699.67000000,1280586289.44999886,48460284.20000001,0.03784226
EART,EART 2025-4,Exeter Automobile Receivables Trust 2025-4,9,12948776.20000000,1280586289.44999886,61409060.40000001,0.04795386
EART,EART 2025-5,Exeter Automobile Receivables Trust 2025-5,2,138934.35000000,1246558836.77999926,138934.35000000,0.00011145
EART,EART 2025-5,Exeter Automobile Receivables Trust 2025-5,3,839543.48000000,1246558836.77999926,978477.83000000,0.00078494
EART,EART 2025-5,Exeter Automobile Receivables Trust 2025-5,4,3043776.55000000,1246558836.77999926,4022254.38000000,0.00322669
EART,EART 2025-5,Exeter Automobile Receivables Trust 2025-5,5,7888570.96000000,1246558836.77999926,11910825.34000000,0.00955496
EART,EART 2025-5,Exeter Automobile Receivables Trust 2025-5,6,10172712.48000000,1246558836.77999926,22083537.82000000,0.01771560
EART,EART 2025-5,Exeter Automobile Receivables Trust 2025-5,7,11907113.03000001,1246558836.77999926,33990650.85000001,0.02726759
EART,EART 2026-1,Exeter Automobile Receivables Trust 2026-1,1,0.00000000,1122635828.97000003,0.00000000,0.00000000
EART,EART 2026-1,Exeter Automobile Receivables Trust 2026-1,2,512944.28000000,1122635828.97000003,512944.28000000,0.00045691
EART,EART 2026-1,Exeter Automobile Receivables Trust 2026-1,3,1006710.96000000,1122635828.97000003,1519655.24000000,0.00135365
EART,EART 2026-1,Exeter Automobile Receivables Trust 2026-1,4,5954636.40000000,1122635828.97000003,7474291.64000000,0.00665781
EART,EART 2026-2,Exeter Automobile Receivables Trust 2026-2,2,144602.68000000,755457037.33999884,144602.68000000,0.00019141
