issuer_code,vintage_year,fico_low,new_used,loan_age_months,period_co_amt,orig_pool_amt,cumulative_co_amt,cumulative_loss_rate
WOART,2010,630,2,84,1531.52000000,15768.05000000,1531.52000000,0.09712805
WOART,2011,560,2,74,1198.00000000,14718.56000000,1198.00000000,0.08139383
WOART,2011,580,2,75,2147.25000000,14504.00000000,2147.25000000,0.14804537
WOART,2011,590,1,83,533.29000000,50338.22000000,533.29000000,0.01059414
WOART,2011,590,2,72,2383.51000000,17073.00000000,2383.51000000,0.13960698
WOART,2011,610,2,68,1693.12000000,44313.84000000,1693.12000000,0.03820748
WOART,2011,630,1,84,1739.25000000,42596.36000000,1739.25000000,0.04083095
WOART,2011,680,2,81,1638.82000000,19541.00000000,1638.82000000,0.08386572
WOART,2011,730,1,71,4724.06000000,154039.28000000,4724.06000000,0.03066789
WOART,2011,730,1,79,418.74000000,154039.28000000,5142.80000000,0.03338629
WOART,2011,730,1,80,5161.95000000,154039.28000000,10304.75000000,0.06689690
WOART,2011,750,1,75,534.94000000,89438.02000000,534.94000000,0.00598113
WOART,2011,780,1,83,1189.93000000,123214.51000000,1189.93000000,0.00965739
WOART,2012,490,1,80,1236.74000000,55678.39000000,1236.74000000,0.02221221
WOART,2012,500,1,68,1969.99000000,132552.02000000,1969.99000000,0.01486201
WOART,2012,500,1,69,232.13000000,132552.02000000,2202.12000000,0.01661325
WOART,2012,520,1,63,3368.37000000,322485.35000000,3368.37000000,0.01044503
WOART,2012,520,1,83,696.91000000,322485.35000000,4065.28000000,0.01260609
WOART,2012,520,2,59,6146.38000000,78806.75000000,6146.38000000,0.07799307
WOART,2012,530,1,83,1646.38000000,169947.46000000,1646.38000000,0.00968758
WOART,2012,550,1,83,1055.92000000,466450.99000000,1055.92000000,0.00226373
WOART,2012,550,2,77,714.05000000,84474.63000000,714.05000000,0.00845283
WOART,2012,560,1,59,10569.12000000,705462.72000000,10569.12000000,0.01498183
WOART,2012,560,1,63,2909.48000000,705462.72000000,13478.60000000,0.01910604
WOART,2012,560,1,79,4546.01000000,705462.72000000,18024.61000000,0.02555005
WOART,2012,560,2,71,4653.16000000,113003.10000000,4653.16000000,0.04117728
WOART,2012,570,1,57,13020.75000000,907551.20000000,13020.75000000,0.01434712
WOART,2012,570,1,71,408.44000000,907551.20000000,13429.19000000,0.01479717
WOART,2012,570,1,75,1011.50000000,907551.20000000,14440.69000000,0.01591171
WOART,2012,570,1,77,2183.97000000,907551.20000000,16624.66000000,0.01831815
WOART,2012,570,1,80,852.28000000,907551.20000000,17476.94000000,0.01925725
WOART,2012,570,1,82,1892.75000000,907551.20000000,19369.69000000,0.02134281
WOART,2012,570,1,84,2908.55000000,907551.20000000,22278.24000000,0.02454764
WOART,2012,580,1,63,2326.28000000,2088021.20000000,2326.28000000,0.00111411
WOART,2012,580,1,65,4679.78000000,2088021.20000000,7006.06000000,0.00335536
WOART,2012,580,1,67,3425.59000000,2088021.20000000,10431.65000000,0.00499595
WOART,2012,580,1,68,2058.04000000,2088021.20000000,12489.69000000,0.00598159
WOART,2012,580,1,70,359.13000000,2088021.20000000,12848.82000000,0.00615359
WOART,2012,580,1,72,168.64000000,2088021.20000000,13017.46000000,0.00623435
WOART,2012,580,1,82,1864.05000000,2088021.20000000,14881.51000000,0.00712709
WOART,2012,580,1,83,752.20000000,2088021.20000000,15633.71000000,0.00748733
WOART,2012,580,2,73,2586.86000000,299346.14000000,2586.86000000,0.00864170
WOART,2012,580,2,74,437.46000000,299346.14000000,3024.32000000,0.01010309
WOART,2012,580,2,81,214.33000000,299346.14000000,3238.65000000,0.01081908
WOART,2012,590,1,64,11444.05000000,2883572.52000000,11444.05000000,0.00396871
WOART,2012,590,1,69,1941.52000000,2883572.52000000,13385.57000000,0.00464201
WOART,2012,590,1,71,0.45000000,2883572.52000000,13386.02000000,0.00464217
WOART,2012,590,1,72,669.54000000,2883572.52000000,14055.56000000,0.00487436
WOART,2012,590,1,76,556.20000000,2883572.52000000,14611.76000000,0.00506724
WOART,2012,590,1,81,343.66000000,2883572.52000000,14955.42000000,0.00518642
WOART,2012,590,1,84,7288.81000000,2883572.52000000,22244.23000000,0.00771412
WOART,2012,590,2,81,2643.30000000,451761.59000000,2643.30000000,0.00585110
WOART,2012,600,1,60,4716.65000000,2430430.85000000,4716.65000000,0.00194066
WOART,2012,600,1,61,10490.02000000,2430430.85000000,15206.67000000,0.00625678
WOART,2012,600,1,69,845.36000000,2430430.85000000,16052.03000000,0.00660460
WOART,2012,600,1,73,3702.81000000,2430430.85000000,19754.84000000,0.00812812
WOART,2012,600,1,76,1116.45000000,2430430.85000000,20871.29000000,0.00858749
WOART,2012,600,1,77,4005.10000000,2430430.85000000,24876.39000000,0.01023538
WOART,2012,600,1,80,5916.97000000,2430430.85000000,30793.36000000,0.01266992
WOART,2012,600,1,84,556.89000000,2430430.85000000,31350.25000000,0.01289905
WOART,2012,600,2,68,2323.09000000,609903.41000000,2323.09000000,0.00380895
WOART,2012,600,2,76,1624.45000000,609903.41000000,3947.54000000,0.00647240
WOART,2012,600,2,84,815.09000000,609903.41000000,4762.63000000,0.00780883
WOART,2012,610,1,55,13121.81000000,2322834.93000000,13121.81000000,0.00564905
WOART,2012,610,1,62,9839.01000000,2322834.93000000,22960.82000000,0.00988483
WOART,2012,610,1,73,6020.32000000,2322834.93000000,28981.14000000,0.01247662
WOART,2012,610,1,83,2005.37000000,2322834.93000000,30986.51000000,0.01333995
WOART,2012,610,2,66,6602.84000000,819941.86000000,6602.84000000,0.00805281
WOART,2012,610,2,73,5751.44000000,819941.86000000,12354.28000000,0.01506726
WOART,2012,610,2,77,1418.57000000,819941.86000000,13772.85000000,0.01679735
WOART,2012,610,2,78,1133.79000000,819941.86000000,14906.64000000,0.01818012
WOART,2012,620,1,62,11189.47000000,4778846.77000000,11189.47000000,0.00234146
WOART,2012,620,1,67,13483.84000000,4778846.77000000,24673.31000000,0.00516303
WOART,2012,620,1,78,126.98000000,4778846.77000000,24800.29000000,0.00518960
WOART,2012,620,1,80,1971.10000000,4778846.77000000,26771.39000000,0.00560206
WOART,2012,620,1,82,3267.68000000,4778846.77000000,30039.07000000,0.00628584
WOART,2012,620,1,84,472.50000000,4778846.77000000,30511.57000000,0.00638471
WOART,2012,620,2,60,7598.13000000,1049378.86000000,7598.13000000,0.00724060
WOART,2012,620,2,75,1515.52000000,1049378.86000000,9113.65000000,0.00868480
WOART,2012,620,2,77,857.25000000,1049378.86000000,9970.90000000,0.00950172
WOART,2012,630,1,58,11617.50000000,4461218.77000000,11617.50000000,0.00260411
WOART,2012,630,1,63,2948.47000000,4461218.77000000,14565.97000000,0.00326502
WOART,2012,630,1,66,628.51000000,4461218.77000000,15194.48000000,0.00340590
WOART,2012,630,1,73,6628.25000000,4461218.77000000,21822.73000000,0.00489165
WOART,2012,630,1,74,7911.29000000,4461218.77000000,29734.02000000,0.00666500
WOART,2012,630,1,75,2081.46000000,4461218.77000000,31815.48000000,0.00713157
WOART,2012,630,1,79,1075.49000000,4461218.77000000,32890.97000000,0.00737264
WOART,2012,630,1,80,743.80000000,4461218.77000000,33634.77000000,0.00753937
WOART,2012,630,1,81,1105.19000000,4461218.77000000,34739.96000000,0.00778710
WOART,2012,630,2,75,1572.87000000,771784.76000000,1572.87000000,0.00203796
WOART,2012,630,2,76,713.80000000,771784.76000000,2286.67000000,0.00296283
WOART,2012,640,1,56,11121.12000000,6433070.78000000,11121.12000000,0.00172874
WOART,2012,640,1,62,2426.01000000,6433070.78000000,13547.13000000,0.00210586
WOART,2012,640,1,63,1091.79000000,6433070.78000000,14638.92000000,0.00227557
WOART,2012,640,1,64,12362.57000000,6433070.78000000,27001.49000000,0.00419729
WOART,2012,640,1,67,452.08000000,6433070.78000000,27453.57000000,0.00426757
WOART,2012,640,1,68,12213.32000000,6433070.78000000,39666.89000000,0.00616609
WOART,2012,640,1,76,2168.93000000,6433070.78000000,41835.82000000,0.00650324
WOART,2012,640,1,78,856.63000000,6433070.78000000,42692.45000000,0.00663640
WOART,2012,640,1,82,435.34000000,6433070.78000000,43127.79000000,0.00670408
WOART,2012,640,1,83,1900.69000000,6433070.78000000,45028.48000000,0.00699953
WOART,2012,640,1,84,2229.30000000,6433070.78000000,47257.78000000,0.00734607
WOART,2012,640,2,68,3759.14000000,968255.97000000,3759.14000000,0.00388238
WOART,2012,640,2,76,3940.71000000,968255.97000000,7699.85000000,0.00795229
WOART,2012,640,2,80,1335.91000000,968255.97000000,9035.76000000,0.00933200
WOART,2012,640,2,84,3080.27000000,968255.97000000,12116.03000000,0.01251325
WOART,2012,650,1,56,7605.44000000,7605590.59000000,7605.44000000,0.00099998
WOART,2012,650,1,57,11485.14000000,7605590.59000000,19090.58000000,0.00251007
WOART,2012,650,1,63,808.50000000,7605590.59000000,19899.08000000,0.00261638
WOART,2012,650,1,64,5208.27000000,7605590.59000000,25107.35000000,0.00330117
WOART,2012,650,1,65,1383.26000000,7605590.59000000,26490.61000000,0.00348304
WOART,2012,650,1,66,3544.83000000,7605590.59000000,30035.44000000,0.00394913
WOART,2012,650,1,67,1249.50000000,7605590.59000000,31284.94000000,0.00411341
WOART,2012,650,1,68,-304.85000000,7605590.59000000,30980.09000000,0.00407333
WOART,2012,650,1,70,14127.25000000,7605590.59000000,45107.34000000,0.00593081
WOART,2012,650,1,72,7194.07000000,7605590.59000000,52301.41000000,0.00687671
WOART,2012,650,1,77,1443.95000000,7605590.59000000,53745.36000000,0.00706656
WOART,2012,650,2,57,9371.85000000,990300.86000000,9371.85000000,0.00946364
WOART,2012,650,2,69,3170.69000000,990300.86000000,12542.54000000,0.01266538
WOART,2012,660,1,61,1034.22000000,9702102.99000000,1034.22000000,0.00010660
WOART,2012,660,1,64,12200.79000000,9702102.99000000,13235.01000000,0.00136414
WOART,2012,660,1,65,3818.40000000,9702102.99000000,17053.41000000,0.00175770
WOART,2012,660,1,69,8583.23000000,9702102.99000000,25636.64000000,0.00264238
WOART,2012,660,1,72,195.79000000,9702102.99000000,25832.43000000,0.00266256
WOART,2012,660,1,73,4572.92000000,9702102.99000000,30405.35000000,0.00313389
WOART,2012,660,1,77,3585.83000000,9702102.99000000,33991.18000000,0.00350349
WOART,2012,660,1,81,2777.80000000,9702102.99000000,36768.98000000,0.00378979
WOART,2012,660,1,83,2039.33000000,9702102.99000000,38808.31000000,0.00399999
WOART,2012,660,1,84,1300.28000000,9702102.99000000,40108.59000000,0.00413401
WOART,2012,660,2,58,21237.86000000,1177511.70000000,21237.86000000,0.01803622
WOART,2012,660,2,66,4118.11000000,1177511.70000000,25355.97000000,0.02153352
WOART,2012,660,2,80,626.45000000,1177511.70000000,25982.42000000,0.02206553
WOART,2012,660,2,81,285.55000000,1177511.70000000,26267.97000000,0.02230803
WOART,2012,670,1,59,13508.42000000,10151809.70000000,13508.42000000,0.00133064
WOART,2012,670,1,60,10491.96000000,10151809.70000000,24000.38000000,0.00236415
WOART,2012,670,1,63,400.22000000,10151809.70000000,24400.60000000,0.00240357
WOART,2012,670,1,68,2457.88000000,10151809.70000000,26858.48000000,0.00264568
WOART,2012,670,1,70,420.10000000,10151809.70000000,27278.58000000,0.00268707
WOART,2012,670,1,73,7310.99000000,10151809.70000000,34589.57000000,0.00340723
WOART,2012,670,1,82,464.15000000,10151809.70000000,35053.72000000,0.00345295
WOART,2012,670,1,84,656.41000000,10151809.70000000,35710.13000000,0.00351761
WOART,2012,670,2,62,5175.94000000,1038659.81000000,5175.94000000,0.00498329
WOART,2012,670,2,71,6891.90000000,1038659.81000000,12067.84000000,0.01161866
WOART,2012,670,2,74,464.41000000,1038659.81000000,12532.25000000,0.01206579
WOART,2012,670,2,76,252.15000000,1038659.81000000,12784.40000000,0.01230855
WOART,2012,670,2,77,1373.38000000,1038659.81000000,14157.78000000,0.01363082
WOART,2012,680,1,61,1773.50000000,10496511.66000000,1773.50000000,0.00016896
WOART,2012,680,1,62,16150.41000000,10496511.66000000,17923.91000000,0.00170761
WOART,2012,680,1,64,427.52000000,10496511.66000000,18351.43000000,0.00174834
WOART,2012,680,1,68,7907.99000000,10496511.66000000,26259.42000000,0.00250173
WOART,2012,680,1,77,1538.84000000,10496511.66000000,27798.26000000,0.00264833
WOART,2012,680,1,81,660.83000000,10496511.66000000,28459.09000000,0.00271129
WOART,2012,680,2,64,5707.90000000,897311.44000000,5707.90000000,0.00636111
WOART,2012,680,2,80,902.41000000,897311.44000000,6610.31000000,0.00736680
WOART,2012,690,1,62,11923.07000000,11758427.42999999,11923.07000000,0.00101400
WOART,2012,690,1,66,1095.94000000,11758427.42999999,13019.01000000,0.00110721
WOART,2012,690,1,68,6419.13000000,11758427.42999999,19438.14000000,0.00165312
WOART,2012,690,1,72,5715.03000000,11758427.42999999,25153.17000000,0.00213916
WOART,2012,690,1,84,1265.45000000,11758427.42999999,26418.62000000,0.00224678
WOART,2012,690,2,62,10231.77000000,1279846.45000000,10231.77000000,0.00799453
WOART,2012,690,2,76,2782.49000000,1279846.45000000,13014.26000000,0.01016861
WOART,2012,690,2,77,748.44000000,1279846.45000000,13762.70000000,0.01075340
WOART,2012,700,1,57,3331.16000000,12724204.51000000,3331.16000000,0.00026180
WOART,2012,700,1,59,6901.54000000,12724204.51000000,10232.70000000,0.00080419
WOART,2012,700,1,61,2099.02000000,12724204.51000000,12331.72000000,0.00096915
WOART,2012,700,1,65,9364.70000000,12724204.51000000,21696.42000000,0.00170513
WOART,2012,700,1,68,519.46000000,12724204.51000000,22215.88000000,0.00174595
WOART,2012,700,1,69,5551.65000000,12724204.51000000,27767.53000000,0.00218226
WOART,2012,700,1,72,5607.58000000,12724204.51000000,33375.11000000,0.00262296
WOART,2012,700,1,75,1451.93000000,12724204.51000000,34827.04000000,0.00273707
WOART,2012,700,1,76,3754.20000000,12724204.51000000,38581.24000000,0.00303211
WOART,2012,700,1,83,529.82000000,12724204.51000000,39111.06000000,0.00307375
WOART,2012,710,1,61,10156.14000000,13275010.74000002,10156.14000000,0.00076506
WOART,2012,710,1,68,6157.78000000,13275010.74000002,16313.92000000,0.00122892
WOART,2012,710,1,76,1507.06000000,13275010.74000002,17820.98000000,0.00134245
WOART,2012,710,1,83,1129.07000000,13275010.74000002,18950.05000000,0.00142750
WOART,2012,710,1,84,316.37000000,13275010.74000002,19266.42000000,0.00145133
WOART,2012,710,2,59,5914.80000000,1044420.78000000,5914.80000000,0.00566323
WOART,2012,710,2,67,3941.88000000,1044420.78000000,9856.68000000,0.00943746
WOART,2012,710,2,77,1173.13000000,1044420.78000000,11029.81000000,0.01056070
WOART,2012,720,1,57,3098.92000000,14253712.55999999,3098.92000000,0.00021741
WOART,2012,720,1,61,10433.91000000,14253712.55999999,13532.83000000,0.00094942
WOART,2012,720,1,63,12698.52000000,14253712.55999999,26231.35000000,0.00184032
WOART,2012,720,1,64,5100.11000000,14253712.55999999,31331.46000000,0.00219813
WOART,2012,720,1,65,150.58000000,14253712.55999999,31482.04000000,0.00220869
WOART,2012,720,1,67,8766.24000000,14253712.55999999,40248.28000000,0.00282371
WOART,2012,720,1,70,3284.67000000,14253712.55999999,43532.95000000,0.00305415
WOART,2012,720,1,74,7354.83000000,14253712.55999999,50887.78000000,0.00357014
WOART,2012,720,1,80,604.01000000,14253712.55999999,51491.79000000,0.00361252
WOART,2012,720,1,81,3348.82000000,14253712.55999999,54840.61000000,0.00384746
WOART,2012,720,1,83,925.57000000,14253712.55999999,55766.18000000,0.00391240
WOART,2012,720,2,66,1015.11000000,1133995.46000000,1015.11000000,0.00089516
WOART,2012,730,1,62,6334.56000000,13432134.19999999,6334.56000000,0.00047160
WOART,2012,730,1,64,102.51000000,13432134.19999999,6437.07000000,0.00047923
WOART,2012,730,1,79,3697.62000000,13432134.19999999,10134.69000000,0.00075451
WOART,2012,730,1,81,1041.29000000,13432134.19999999,11175.98000000,0.00083203
WOART,2012,730,2,74,524.91000000,1105399.46000000,524.91000000,0.00047486
WOART,2012,740,1,78,981.51000000,13214408.57000000,981.51000000,0.00007428
WOART,2012,740,2,70,4228.36000000,1103023.71000000,4228.36000000,0.00383343
WOART,2012,750,2,64,2702.12000000,746865.77000000,2702.12000000,0.00361795
WOART,2012,760,2,77,71.17000000,935757.47000000,71.17000000,0.00007606
WOART,2012,770,1,65,13071.17000000,13628752.69000001,13071.17000000,0.00095909
WOART,2012,770,2,57,4303.66000000,804844.49000000,4303.66000000,0.00534719
WOART,2012,780,1,73,2908.62000000,13544100.12000001,2908.62000000,0.00021475
WOART,2012,780,1,79,2108.25000000,13544100.12000001,5016.87000000,0.00037041
WOART,2012,780,2,57,5514.43000000,530215.07000000,5514.43000000,0.01040036
WOART,2012,790,1,62,1342.69000000,12385500.21000001,1342.69000000,0.00010841
WOART,2012,800,1,56,9972.89000000,14702311.95000000,9972.89000000,0.00067832
WOART,2012,800,1,66,0.00000000,14702311.95000000,9972.89000000,0.00067832
WOART,2012,810,1,63,392.55000000,13616925.00999999,392.55000000,0.00002883
WOART,2012,810,2,63,5392.84000000,708969.44000000,5392.84000000,0.00760659
WOART,2012,820,1,82,2150.09000000,14637451.50000000,2150.09000000,0.00014689
WOART,2012,830,2,72,1633.31000000,564895.18000000,1633.31000000,0.00289135
WOART,2012,870,1,78,893.82000000,3570551.05000000,893.82000000,0.00025033
WOART,2013,500,2,65,1221.72000000,50230.07000000,1221.72000000,0.02432248
WOART,2013,510,1,81,4476.72000000,145258.94000000,4476.72000000,0.03081889
WOART,2013,520,1,56,7929.69000000,233514.45000000,7929.69000000,0.03395803
WOART,2013,520,1,59,3560.07000000,233514.45000000,11489.76000000,0.04920364
WOART,2013,520,1,80,1214.03000000,233514.45000000,12703.79000000,0.05440259
WOART,2013,530,1,62,10638.63000000,91123.70000000,10638.63000000,0.11674932
WOART,2013,540,1,53,7740.10000000,265726.77000000,7740.10000000,0.02912804
WOART,2013,550,1,65,5785.07000000,313587.96000000,5785.07000000,0.01844800
WOART,2013,550,2,66,6004.47000000,43677.13000000,6004.47000000,0.13747401
WOART,2013,560,1,51,13637.34000000,483245.23000000,13637.34000000,0.02822033
WOART,2013,560,1,66,6594.30000000,483245.23000000,20231.64000000,0.04186620
WOART,2013,560,1,70,7788.77000000,483245.23000000,28020.41000000,0.05798383
WOART,2013,570,1,69,1773.51000000,428426.07000000,1773.51000000,0.00413959
WOART,2013,570,1,78,1767.56000000,428426.07000000,3541.07000000,0.00826530
WOART,2013,570,2,54,11554.66000000,46935.91000000,11554.66000000,0.24617952
WOART,2013,580,1,57,9658.20000000,876661.65000000,9658.20000000,0.01101702
WOART,2013,580,1,67,9379.96000000,876661.65000000,19038.16000000,0.02171666
WOART,2013,580,1,68,9349.64000000,876661.65000000,28387.80000000,0.03238171
WOART,2013,580,1,79,405.53000000,876661.65000000,28793.33000000,0.03284429
WOART,2013,590,1,78,1411.35000000,840402.15000000,1411.35000000,0.00167937
WOART,2013,590,1,81,2059.50000000,840402.15000000,3470.85000000,0.00412999
WOART,2013,590,1,83,951.01000000,840402.15000000,4421.86000000,0.00526160
WOART,2013,590,2,52,13202.61000000,239938.11000000,13202.61000000,0.05502506
WOART,2013,590,2,69,6935.14000000,239938.11000000,20137.75000000,0.08392893
WOART,2013,590,2,70,5707.03000000,239938.11000000,25844.78000000,0.10771436
WOART,2013,600,1,49,15566.50000000,1082172.98000000,15566.50000000,0.01438448
WOART,2013,600,1,56,18034.47000000,1082172.98000000,33600.97000000,0.03104954
WOART,2013,600,1,70,6802.43000000,1082172.98000000,40403.40000000,0.03733544
WOART,2013,600,1,80,1948.84000000,1082172.98000000,42352.24000000,0.03913629
WOART,2013,610,1,55,16352.79000000,1730230.24000000,16352.79000000,0.00945122
WOART,2013,610,1,60,9779.02000000,1730230.24000000,26131.81000000,0.01510308
WOART,2013,610,1,78,1009.10000000,1730230.24000000,27140.91000000,0.01568630
WOART,2013,610,1,83,1065.66000000,1730230.24000000,28206.57000000,0.01630221
WOART,2013,610,2,58,8112.60000000,314568.04000000,8112.60000000,0.02578965
WOART,2013,620,1,54,5394.71000000,2250913.68000000,5394.71000000,0.00239668
WOART,2013,620,1,57,14103.00000000,2250913.68000000,19497.71000000,0.00866213
WOART,2013,620,1,79,3541.60000000,2250913.68000000,23039.31000000,0.01023554
WOART,2013,620,1,83,2116.15000000,2250913.68000000,25155.46000000,0.01117567
WOART,2013,620,2,55,7201.59000000,218351.63000000,7201.59000000,0.03298162
WOART,2013,630,1,62,6095.46000000,2414590.09000000,6095.46000000,0.00252443
WOART,2013,630,1,63,391.64000000,2414590.09000000,6487.10000000,0.00268663
WOART,2013,630,1,68,1267.73000000,2414590.09000000,7754.83000000,0.00321165
WOART,2013,630,1,77,2406.48000000,2414590.09000000,10161.31000000,0.00420830
WOART,2013,630,1,78,2065.12000000,2414590.09000000,12226.43000000,0.00506356
WOART,2013,630,2,71,6305.14000000,124455.18000000,6305.14000000,0.05066193
WOART,2013,640,1,56,11474.42000000,2625074.08000000,11474.42000000,0.00437108
WOART,2013,640,1,64,1392.13000000,2625074.08000000,12866.55000000,0.00490140
WOART,2013,640,2,84,742.57000000,382248.83000000,742.57000000,0.00194264
WOART,2013,650,1,55,9524.88000000,13840372.23000000,9524.88000000,0.00068820
WOART,2013,650,1,60,9156.63000000,13840372.23000000,18681.51000000,0.00134978
WOART,2013,650,1,65,2589.98000000,13840372.23000000,21271.49000000,0.00153692
WOART,2013,650,1,67,5875.17000000,13840372.23000000,27146.66000000,0.00196141
WOART,2013,650,1,69,706.37000000,13840372.23000000,27853.03000000,0.00201245
WOART,2013,650,1,75,1384.75000000,13840372.23000000,29237.78000000,0.00211250
WOART,2013,650,1,76,1128.72000000,13840372.23000000,30366.50000000,0.00219405
WOART,2013,650,1,78,6287.89000000,13840372.23000000,36654.39000000,0.00264837
WOART,2013,650,1,79,729.61000000,13840372.23000000,37384.00000000,0.00270108
WOART,2013,650,1,80,3374.50000000,13840372.23000000,40758.50000000,0.00294490
WOART,2013,650,1,81,6444.30000000,13840372.23000000,47202.80000000,0.00341052
WOART,2013,650,1,82,1304.64000000,13840372.23000000,48507.44000000,0.00350478
WOART,2013,650,2,75,5360.98000000,629673.48000000,5360.98000000,0.00851390
WOART,2013,650,2,76,2544.91000000,629673.48000000,7905.89000000,0.01255554
WOART,2013,660,1,54,6575.66000000,16416131.46000000,6575.66000000,0.00040056
WOART,2013,660,1,58,18416.11000000,16416131.46000000,24991.77000000,0.00152239
WOART,2013,660,1,61,5368.27000000,16416131.46000000,30360.04000000,0.00184940
WOART,2013,660,1,63,15359.11000000,16416131.46000000,45719.15000000,0.00278501
WOART,2013,660,1,65,964.58000000,16416131.46000000,46683.73000000,0.00284377
WOART,2013,660,1,67,7421.37000000,16416131.46000000,54105.10000000,0.00329585
WOART,2013,660,1,68,9804.65000000,16416131.46000000,63909.75000000,0.00389311
WOART,2013,660,1,70,826.04000000,16416131.46000000,64735.79000000,0.00394343
WOART,2013,660,1,71,6204.55000000,16416131.46000000,70940.34000000,0.00432138
WOART,2013,660,1,72,3950.70000000,16416131.46000000,74891.04000000,0.00456204
WOART,2013,660,1,73,1787.26000000,16416131.46000000,76678.30000000,0.00467091
WOART,2013,660,1,74,1907.25000000,16416131.46000000,78585.55000000,0.00478709
WOART,2013,660,1,76,4277.17000000,16416131.46000000,82862.72000000,0.00504764
WOART,2013,660,1,81,625.57000000,16416131.46000000,83488.29000000,0.00508575
WOART,2013,660,1,82,962.20000000,16416131.46000000,84450.49000000,0.00514436
WOART,2013,660,2,55,4751.21000000,887221.98000000,4751.21000000,0.00535515
WOART,2013,660,2,71,1345.10000000,887221.98000000,6096.31000000,0.00687123
WOART,2013,670,1,53,21312.23000000,17679644.10000000,21312.23000000,0.00120547
WOART,2013,670,1,56,5388.45000000,17679644.10000000,26700.68000000,0.00151025
WOART,2013,670,1,57,24668.11000000,17679644.10000000,51368.79000000,0.00290553
WOART,2013,670,1,58,4413.11000000,17679644.10000000,55781.90000000,0.00315515
WOART,2013,670,1,59,7199.48000000,17679644.10000000,62981.38000000,0.00356237
WOART,2013,670,1,60,8782.42000000,17679644.10000000,71763.80000000,0.00405912
WOART,2013,670,1,62,10589.99000000,17679644.10000000,82353.79000000,0.00465811
WOART,2013,670,1,63,559.09000000,17679644.10000000,82912.88000000,0.00468974
WOART,2013,670,1,64,4435.28000000,17679644.10000000,87348.16000000,0.00494061
WOART,2013,670,1,66,6164.90000000,17679644.10000000,93513.06000000,0.00528931
WOART,2013,670,1,67,755.70000000,17679644.10000000,94268.76000000,0.00533205
WOART,2013,670,1,68,467.99000000,17679644.10000000,94736.75000000,0.00535852
WOART,2013,670,1,70,4519.60000000,17679644.10000000,99256.35000000,0.00561416
WOART,2013,670,1,75,1884.43000000,17679644.10000000,101140.78000000,0.00572075
WOART,2013,670,1,77,791.89000000,17679644.10000000,101932.67000000,0.00576554
WOART,2013,670,1,80,637.83000000,17679644.10000000,102570.50000000,0.00580162
WOART,2013,670,1,81,1183.51000000,17679644.10000000,103754.01000000,0.00586856
WOART,2013,680,1,57,13796.61000000,19217672.07000000,13796.61000000,0.00071791
WOART,2013,680,1,58,27924.57000000,19217672.07000000,41721.18000000,0.00217098
WOART,2013,680,1,59,9697.71000000,19217672.07000000,51418.89000000,0.00267560
WOART,2013,680,1,61,5248.78000000,19217672.07000000,56667.67000000,0.00294873
WOART,2013,680,1,62,3712.76000000,19217672.07000000,60380.43000000,0.00314192
WOART,2013,680,1,64,10712.24000000,19217672.07000000,71092.67000000,0.00369934
WOART,2013,680,1,65,10605.42000000,19217672.07000000,81698.09000000,0.00425120
WOART,2013,680,1,71,3512.35000000,19217672.07000000,85210.44000000,0.00443396
WOART,2013,680,1,74,12119.27000000,19217672.07000000,97329.71000000,0.00506459
WOART,2013,680,1,75,8792.03000000,19217672.07000000,106121.74000000,0.00552209
WOART,2013,680,1,78,2359.71000000,19217672.07000000,108481.45000000,0.00564488
WOART,2013,680,1,80,818.48000000,19217672.07000000,109299.93000000,0.00568747
WOART,2013,680,1,83,1549.84000000,19217672.07000000,110849.77000000,0.00576812
WOART,2013,680,2,64,6713.06000000,869393.48000000,6713.06000000,0.00772154
WOART,2013,690,1,59,8989.92000000,20865386.90000002,8989.92000000,0.00043085
WOART,2013,690,1,60,1510.27000000,20865386.90000002,10500.19000000,0.00050323
WOART,2013,690,1,61,8134.81000000,20865386.90000002,18635.00000000,0.00089311
WOART,2013,690,1,62,8890.43000000,20865386.90000002,27525.43000000,0.00131919
WOART,2013,690,1,63,8395.44000000,20865386.90000002,35920.87000000,0.00172155
WOART,2013,690,1,64,8700.71000000,20865386.90000002,44621.58000000,0.00213855
WOART,2013,690,1,65,1578.21000000,20865386.90000002,46199.79000000,0.00221418
WOART,2013,690,1,66,5116.32000000,20865386.90000002,51316.11000000,0.00245939
WOART,2013,690,1,72,2522.23000000,20865386.90000002,53838.34000000,0.00258027
WOART,2013,690,1,78,772.57000000,20865386.90000002,54610.91000000,0.00261730
WOART,2013,690,1,79,3164.61000000,20865386.90000002,57775.52000000,0.00276896
WOART,2013,690,1,84,97.73000000,20865386.90000002,57873.25000000,0.00277365
WOART,2013,690,2,80,619.21000000,1386604.75000000,619.21000000,0.00044657
WOART,2013,700,1,51,8482.42000000,23850151.48999997,8482.42000000,0.00035565
WOART,2013,700,1,55,6875.46000000,23850151.48999997,15357.88000000,0.00064393
WOART,2013,700,1,56,11148.22000000,23850151.48999997,26506.10000000,0.00111136
WOART,2013,700,1,58,8047.05000000,23850151.48999997,34553.15000000,0.00144876
WOART,2013,700,1,59,8405.10000000,23850151.48999997,42958.25000000,0.00180117
WOART,2013,700,1,63,2443.35000000,23850151.48999997,45401.60000000,0.00190362
WOART,2013,700,1,64,4818.72000000,23850151.48999997,50220.32000000,0.00210566
WOART,2013,700,1,67,9623.13000000,23850151.48999997,59843.45000000,0.00250914
WOART,2013,700,1,68,5721.24000000,23850151.48999997,65564.69000000,0.00274903
WOART,2013,700,1,71,1003.85000000,23850151.48999997,66568.54000000,0.00279112
WOART,2013,700,1,72,3858.04000000,23850151.48999997,70426.58000000,0.00295288
WOART,2013,700,1,74,4317.93000000,23850151.48999997,74744.51000000,0.00313392
WOART,2013,700,1,78,2109.12000000,23850151.48999997,76853.63000000,0.00322235
WOART,2013,700,2,71,1035.21000000,1380025.19000000,1035.21000000,0.00075014
WOART,2013,700,2,72,1376.45000000,1380025.19000000,2411.66000000,0.00174755
WOART,2013,700,2,75,3822.48000000,1380025.19000000,6234.14000000,0.00451741
WOART,2013,700,2,78,1491.89000000,1380025.19000000,7726.03000000,0.00559847
WOART,2013,710,1,58,14410.67000000,22309321.71999996,14410.67000000,0.00064595
WOART,2013,710,1,64,8602.66000000,22309321.71999996,23013.33000000,0.00103156
WOART,2013,710,1,65,687.99000000,22309321.71999996,23701.32000000,0.00106240
WOART,2013,710,1,66,6867.86000000,22309321.71999996,30569.18000000,0.00137024
WOART,2013,710,1,67,2722.48000000,22309321.71999996,33291.66000000,0.00149228
WOART,2013,710,1,69,393.68000000,22309321.71999996,33685.34000000,0.00150992
WOART,2013,710,1,71,6960.56000000,22309321.71999996,40645.90000000,0.00182192
WOART,2013,710,1,79,2163.44000000,22309321.71999996,42809.34000000,0.00191890
WOART,2013,710,1,80,1656.85000000,22309321.71999996,44466.19000000,0.00199317
WOART,2013,710,2,80,1967.94000000,924876.67000000,1967.94000000,0.00212779
WOART,2013,720,1,55,11301.56000000,28223375.46999997,11301.56000000,0.00040043
WOART,2013,720,1,57,9359.91000000,28223375.46999997,20661.47000000,0.00073207
WOART,2013,720,1,58,7675.16000000,28223375.46999997,28336.63000000,0.00100401
WOART,2013,720,1,60,1212.67000000,28223375.46999997,29549.30000000,0.00104698
WOART,2013,720,1,61,1110.21000000,28223375.46999997,30659.51000000,0.00108632
WOART,2013,720,1,62,8386.47000000,28223375.46999997,39045.98000000,0.00138346
WOART,2013,720,1,63,177.01000000,28223375.46999997,39222.99000000,0.00138973
WOART,2013,720,1,69,4818.02000000,28223375.46999997,44041.01000000,0.00156044
WOART,2013,720,1,74,1753.53000000,28223375.46999997,45794.54000000,0.00162257
WOART,2013,720,1,79,3105.21000000,28223375.46999997,48899.75000000,0.00173260
WOART,2013,720,1,80,3952.95000000,28223375.46999997,52852.70000000,0.00187266
WOART,2013,720,2,63,855.52000000,1271393.90000000,855.52000000,0.00067290
WOART,2013,730,1,51,34697.69000000,25009231.10999998,34697.69000000,0.00138740
WOART,2013,730,1,54,5854.29000000,25009231.10999998,40551.98000000,0.00162148
WOART,2013,730,1,57,470.35000000,25009231.10999998,41022.33000000,0.00164029
WOART,2013,730,1,63,7025.99000000,25009231.10999998,48048.32000000,0.00192122
WOART,2013,730,1,66,4752.67000000,25009231.10999998,52800.99000000,0.00211126
WOART,2013,730,1,72,882.80000000,25009231.10999998,53683.79000000,0.00214656
WOART,2013,730,1,75,1256.12000000,25009231.10999998,54939.91000000,0.00219679
WOART,2013,730,1,78,249.14000000,25009231.10999998,55189.05000000,0.00220675
WOART,2013,730,1,79,2558.29000000,25009231.10999998,57747.34000000,0.00230904
WOART,2013,730,1,82,1414.24000000,25009231.10999998,59161.58000000,0.00236559
WOART,2013,740,1,60,18349.05000000,24262945.63999996,18349.05000000,0.00075626
WOART,2013,740,1,65,5338.20000000,24262945.63999996,23687.25000000,0.00097627
WOART,2013,740,1,68,920.47000000,24262945.63999996,24607.72000000,0.00101421
WOART,2013,740,1,71,7615.01000000,24262945.63999996,32222.73000000,0.00132806
WOART,2013,740,1,73,1479.03000000,24262945.63999996,33701.76000000,0.00138902
WOART,2013,740,1,78,0.00000000,24262945.63999996,33701.76000000,0.00138902
WOART,2013,740,2,73,3991.26000000,983770.81000000,3991.26000000,0.00405710
WOART,2013,750,1,61,8908.58000000,25639643.70999995,8908.58000000,0.00034745
WOART,2013,750,1,71,9223.02000000,25639643.70999995,18131.60000000,0.00070717
WOART,2013,750,1,78,1734.64000000,25639643.70999995,19866.24000000,0.00077483
WOART,2013,750,2,72,2776.42000000,905174.15000000,2776.42000000,0.00306728
WOART,2013,760,1,63,213.13000000,21518246.60000002,213.13000000,0.00000990
WOART,2013,760,1,80,2383.99000000,21518246.60000002,2597.12000000,0.00012069
WOART,2013,760,2,62,4089.44000000,901596.06000000,4089.44000000,0.00453578
WOART,2013,760,2,70,1066.91000000,901596.06000000,5156.35000000,0.00571914
WOART,2013,780,1,76,1137.48000000,25614937.67999999,1137.48000000,0.00004441
WOART,2013,790,1,55,8908.41000000,23859942.52999999,8908.41000000,0.00037336
WOART,2013,790,1,59,12198.72000000,23859942.52999999,21107.13000000,0.00088463
WOART,2013,790,1,61,11603.83000000,23859942.52999999,32710.96000000,0.00137096
WOART,2013,790,1,64,2700.60000000,23859942.52999999,35411.56000000,0.00148414
WOART,2013,790,1,65,450.84000000,23859942.52999999,35862.40000000,0.00150304
WOART,2013,800,1,66,3834.62000000,27591545.24999995,3834.62000000,0.00013898
WOART,2013,800,1,77,802.81000000,27591545.24999995,4637.43000000,0.00016807
WOART,2013,810,1,84,371.82000000,25723782.32999998,371.82000000,0.00001445
WOART,2013,810,2,80,54.01000000,728797.98000000,54.01000000,0.00007411
WOART,2013,820,1,62,924.42000000,26322066.35999995,924.42000000,0.00003512
WOART,2013,820,1,65,4679.77000000,26322066.35999995,5604.19000000,0.00021291
WOART,2013,820,1,78,351.46000000,26322066.35999995,5955.65000000,0.00022626
WOART,2013,820,2,66,1713.80000000,440780.14000000,1713.80000000,0.00388811
WOART,2013,820,2,78,544.26000000,440780.14000000,2258.06000000,0.00512287
WOART,2013,830,1,58,1458.12000000,23664028.07999997,1458.12000000,0.00006162
WOART,2013,830,1,64,5387.31000000,23664028.07999997,6845.43000000,0.00028928
WOART,2014,620,1,50,6805.49000000,20346.40000000,6805.49000000,0.33448128
WOART,2014,650,1,57,6061.02000000,14013533.83999999,6061.02000000,0.00043251
WOART,2014,650,1,61,17295.45000000,14013533.83999999,23356.47000000,0.00166671
WOART,2014,650,1,63,14758.40000000,14013533.83999999,38114.87000000,0.00271986
WOART,2014,650,1,67,4756.84000000,14013533.83999999,42871.71000000,0.00305931
WOART,2014,650,1,71,12676.20000000,14013533.83999999,55547.91000000,0.00396388
WOART,2014,650,1,72,8166.58000000,14013533.83999999,63714.49000000,0.00454664
WOART,2014,650,1,79,2113.84000000,14013533.83999999,65828.33000000,0.00469748
WOART,2014,650,1,80,499.28000000,14013533.83999999,66327.61000000,0.00473311
WOART,2014,650,1,82,872.85000000,14013533.83999999,67200.46000000,0.00479540
WOART,2014,660,1,56,11106.66000000,15497170.76000001,11106.66000000,0.00071669
WOART,2014,660,1,57,11892.92000000,15497170.76000001,22999.58000000,0.00148411
WOART,2014,660,1,59,12330.56000000,15497170.76000001,35330.14000000,0.00227978
WOART,2014,660,1,61,22332.99000000,15497170.76000001,57663.13000000,0.00372088
WOART,2014,660,1,64,3272.20000000,15497170.76000001,60935.33000000,0.00393203
WOART,2014,660,1,70,8808.61000000,15497170.76000001,69743.94000000,0.00450043
WOART,2014,660,1,74,1788.69000000,15497170.76000001,71532.63000000,0.00461585
WOART,2014,660,1,75,8219.42000000,15497170.76000001,79752.05000000,0.00514623
WOART,2014,660,1,76,1906.85000000,15497170.76000001,81658.90000000,0.00526928
WOART,2014,660,1,77,1484.09000000,15497170.76000001,83142.99000000,0.00536504
WOART,2014,660,1,82,753.74000000,15497170.76000001,83896.73000000,0.00541368
WOART,2014,660,2,66,926.20000000,819932.36000000,926.20000000,0.00112961
WOART,2014,670,1,53,17345.10000000,18611433.70999999,17345.10000000,0.00093196
WOART,2014,670,1,60,1841.09000000,18611433.70999999,19186.19000000,0.00103088
WOART,2014,670,1,61,1408.00000000,18611433.70999999,20594.19000000,0.00110653
WOART,2014,670,1,63,6902.46000000,18611433.70999999,27496.65000000,0.00147741
WOART,2014,670,1,64,8802.80000000,18611433.70999999,36299.45000000,0.00195038
WOART,2014,670,1,65,829.06000000,18611433.70999999,37128.51000000,0.00199493
WOART,2014,670,1,69,7170.61000000,18611433.70999999,44299.12000000,0.00238021
WOART,2014,670,1,74,19.82000000,18611433.70999999,44318.94000000,0.00238127
WOART,2014,670,1,76,110.37000000,18611433.70999999,44429.31000000,0.00238721
WOART,2014,670,1,77,2817.72000000,18611433.70999999,47247.03000000,0.00253860
WOART,2014,670,1,78,1133.10000000,18611433.70999999,48380.13000000,0.00259948
WOART,2014,670,2,59,1375.41000000,1318208.46000000,1375.41000000,0.00104339
WOART,2014,670,2,65,3924.20000000,1318208.46000000,5299.61000000,0.00402031
WOART,2014,670,2,71,2273.61000000,1318208.46000000,7573.22000000,0.00574509
WOART,2014,670,2,73,3448.46000000,1318208.46000000,11021.68000000,0.00836111
WOART,2014,680,1,59,21565.18000000,20861645.19000002,21565.18000000,0.00103372
WOART,2014,680,1,61,13165.35000000,20861645.19000002,34730.53000000,0.00166480
WOART,2014,680,1,66,4484.88000000,20861645.19000002,39215.41000000,0.00187979
WOART,2014,680,1,68,222.88000000,20861645.19000002,39438.29000000,0.00189047
WOART,2014,680,1,69,4611.59000000,20861645.19000002,44049.88000000,0.00211152
WOART,2014,680,1,70,6377.14000000,20861645.19000002,50427.02000000,0.00241721
WOART,2014,680,1,71,6875.09000000,20861645.19000002,57302.11000000,0.00274677
WOART,2014,680,1,76,1170.62000000,20861645.19000002,58472.73000000,0.00280288
WOART,2014,680,1,77,0.00000000,20861645.19000002,58472.73000000,0.00280288
WOART,2014,680,1,79,1125.49000000,20861645.19000002,59598.22000000,0.00285683
WOART,2014,680,1,80,3367.62000000,20861645.19000002,62965.84000000,0.00301826
WOART,2014,680,1,82,840.30000000,20861645.19000002,63806.14000000,0.00305854
WOART,2014,680,1,83,1273.54000000,20861645.19000002,65079.68000000,0.00311959
WOART,2014,680,2,64,5114.35000000,1434955.42000000,5114.35000000,0.00356412
WOART,2014,680,2,65,150.35000000,1434955.42000000,5264.70000000,0.00366889
WOART,2014,680,2,68,2572.63000000,1434955.42000000,7837.33000000,0.00546172
WOART,2014,690,1,52,15578.34000000,21977473.61000000,15578.34000000,0.00070883
WOART,2014,690,1,56,9285.95000000,21977473.61000000,24864.29000000,0.00113135
WOART,2014,690,1,58,9597.14000000,21977473.61000000,34461.43000000,0.00156803
WOART,2014,690,1,59,11700.48000000,21977473.61000000,46161.91000000,0.00210042
WOART,2014,690,1,61,1362.83000000,21977473.61000000,47524.74000000,0.00216243
WOART,2014,690,1,62,2746.34000000,21977473.61000000,50271.08000000,0.00228739
WOART,2014,690,1,65,9634.49000000,21977473.61000000,59905.57000000,0.00272577
WOART,2014,690,1,66,17318.82000000,21977473.61000000,77224.39000000,0.00351380
WOART,2014,690,1,69,9018.36000000,21977473.61000000,86242.75000000,0.00392414
WOART,2014,690,1,71,8860.81000000,21977473.61000000,95103.56000000,0.00432732
WOART,2014,690,1,74,1877.13000000,21977473.61000000,96980.69000000,0.00441273
WOART,2014,690,1,75,2276.35000000,21977473.61000000,99257.04000000,0.00451631
WOART,2014,690,1,80,296.30000000,21977473.61000000,99553.34000000,0.00452979
WOART,2014,690,2,58,1885.15000000,1315013.62000000,1885.15000000,0.00143356
WOART,2014,690,2,62,563.36000000,1315013.62000000,2448.51000000,0.00186197
WOART,2014,690,2,70,359.46000000,1315013.62000000,2807.97000000,0.00213532
WOART,2014,690,2,75,1072.21000000,1315013.62000000,3880.18000000,0.00295068
WOART,2014,700,1,55,11116.69000000,29710050.49999996,11116.69000000,0.00037417
WOART,2014,700,1,59,10928.58000000,29710050.49999996,22045.27000000,0.00074201
WOART,2014,700,1,60,10233.99000000,29710050.49999996,32279.26000000,0.00108648
WOART,2014,700,1,62,10933.39000000,29710050.49999996,43212.65000000,0.00145448
WOART,2014,700,1,63,551.99000000,29710050.49999996,43764.64000000,0.00147306
WOART,2014,700,1,65,3083.09000000,29710050.49999996,46847.73000000,0.00157683
WOART,2014,700,1,67,8650.00000000,29710050.49999996,55497.73000000,0.00186798
WOART,2014,700,1,73,2479.18000000,29710050.49999996,57976.91000000,0.00195142
WOART,2014,700,1,77,1471.54000000,29710050.49999996,59448.45000000,0.00200095
WOART,2014,700,1,78,1580.94000000,29710050.49999996,61029.39000000,0.00205417
WOART,2014,700,1,79,2614.01000000,29710050.49999996,63643.40000000,0.00214215
WOART,2014,710,1,57,8886.34000000,24424938.15999999,8886.34000000,0.00036382
WOART,2014,710,1,58,9432.15000000,24424938.15999999,18318.49000000,0.00074999
WOART,2014,710,1,61,8764.26000000,24424938.15999999,27082.75000000,0.00110882
WOART,2014,710,1,63,10430.86000000,24424938.15999999,37513.61000000,0.00153587
WOART,2014,710,1,66,11701.36000000,24424938.15999999,49214.97000000,0.00201495
WOART,2014,710,1,68,8065.65000000,24424938.15999999,57280.62000000,0.00234517
WOART,2014,710,1,80,2390.09000000,24424938.15999999,59670.71000000,0.00244302
WOART,2014,710,2,67,692.62000000,872080.31000000,692.62000000,0.00079422
WOART,2014,720,1,61,1009.30000000,27543782.77000000,1009.30000000,0.00003664
WOART,2014,720,1,64,-16.77000000,27543782.77000000,992.53000000,0.00003603
WOART,2014,720,1,66,2017.28000000,27543782.77000000,3009.81000000,0.00010927
WOART,2014,720,1,70,7263.97000000,27543782.77000000,10273.78000000,0.00037300
WOART,2014,720,1,75,8397.13000000,27543782.77000000,18670.91000000,0.00067786
WOART,2014,730,1,59,2624.27000000,27909871.76000000,2624.27000000,0.00009403
WOART,2014,730,1,60,7528.95000000,27909871.76000000,10153.22000000,0.00036379
WOART,2014,730,1,63,474.82000000,27909871.76000000,10628.04000000,0.00038080
WOART,2014,730,1,66,7051.61000000,27909871.76000000,17679.65000000,0.00063346
WOART,2014,730,1,81,1855.73000000,27909871.76000000,19535.38000000,0.00069995
WOART,2014,730,2,68,6963.02000000,1208576.41000000,6963.02000000,0.00576134
WOART,2014,740,1,54,3248.23000000,24989642.78999998,3248.23000000,0.00012998
WOART,2014,740,1,71,2025.88000000,24989642.78999998,5274.11000000,0.00021105
WOART,2014,740,1,80,1105.04000000,24989642.78999998,6379.15000000,0.00025527
WOART,2014,750,1,62,9951.30000000,28639774.81000000,9951.30000000,0.00034746
WOART,2014,750,1,70,3305.79000000,28639774.81000000,13257.09000000,0.00046289
WOART,2014,750,1,71,5024.85000000,28639774.81000000,18281.94000000,0.00063834
WOART,2014,750,1,72,3095.38000000,28639774.81000000,21377.32000000,0.00074642
WOART,2014,750,1,74,1872.77000000,28639774.81000000,23250.09000000,0.00081181
WOART,2014,750,1,75,1298.70000000,28639774.81000000,24548.79000000,0.00085716
WOART,2014,760,1,58,7161.94000000,23960360.72000000,7161.94000000,0.00029891
WOART,2014,760,1,66,7534.82000000,23960360.72000000,14696.76000000,0.00061338
WOART,2014,760,1,79,1284.73000000,23960360.72000000,15981.49000000,0.00066700
WOART,2014,770,1,60,1203.62000000,25476852.09999999,1203.62000000,0.00004724
WOART,2014,780,1,62,14013.42000000,28693390.57999997,14013.42000000,0.00048838
WOART,2014,780,1,63,399.67000000,28693390.57999997,14413.09000000,0.00050231
WOART,2014,780,1,66,11322.85000000,28693390.57999997,25735.94000000,0.00089693
WOART,2014,780,1,73,6625.11000000,28693390.57999997,32361.05000000,0.00112782
WOART,2014,780,1,78,288.58000000,28693390.57999997,32649.63000000,0.00113788
WOART,2014,790,1,59,8604.83000000,24453434.41999998,8604.83000000,0.00035189
WOART,2014,790,1,75,314.32000000,24453434.41999998,8919.15000000,0.00036474
WOART,2014,790,1,78,594.36000000,24453434.41999998,9513.51000000,0.00038905
WOART,2014,790,1,79,1388.57000000,24453434.41999998,10902.08000000,0.00044583
WOART,2014,800,1,72,1363.79000000,28845243.53999997,1363.79000000,0.00004728
WOART,2014,800,2,79,1218.42000000,598428.20000000,1218.42000000,0.00203603
WOART,2014,810,1,56,7512.54000000,25881742.47999996,7512.54000000,0.00029026
WOART,2014,820,1,74,4139.23000000,26487298.79999995,4139.23000000,0.00015627
WOART,2014,820,1,78,637.99000000,26487298.79999995,4777.22000000,0.00018036
WOART,2014,830,1,64,3547.65000000,26077907.05000001,3547.65000000,0.00013604
WOART,2014,830,1,65,6331.31000000,26077907.05000001,9878.96000000,0.00037882
WOART,2014,840,1,59,7291.40000000,19946733.61000000,7291.40000000,0.00036554
WOART,2014,860,1,62,198.46000000,12344974.59999999,198.46000000,0.00001608
WOART,2014,860,1,77,1512.06000000,12344974.59999999,1710.52000000,0.00013856
WOART,2015,530,1,26,23021.47000000,30253.27000000,23021.47000000,0.76095807
WOART,2015,570,1,55,13901.90000000,22894.11000000,13901.90000000,0.60722605
WOART,2015,580,1,21,11617.33000000,45823.79000000,11617.33000000,0.25352181
WOART,2015,600,1,57,17555.55000000,29877.55000000,17555.55000000,0.58758332
WOART,2015,610,1,53,14604.06000000,47883.25000000,14604.06000000,0.30499308
WOART,2015,650,1,30,19688.34000000,11339712.22000000,19688.34000000,0.00173623
WOART,2015,650,1,56,10835.84000000,11339712.22000000,30524.18000000,0.00269179
WOART,2015,650,1,57,11174.14000000,11339712.22000000,41698.32000000,0.00367719
WOART,2015,650,1,66,7221.95000000,11339712.22000000,48920.27000000,0.00431407
WOART,2015,650,1,69,10597.71000000,11339712.22000000,59517.98000000,0.00524863
WOART,2015,650,1,79,2301.42000000,11339712.22000000,61819.40000000,0.00545158
WOART,2015,650,1,81,3022.58000000,11339712.22000000,64841.98000000,0.00571813
WOART,2015,650,2,82,918.95000000,509117.30000000,918.95000000,0.00180499
WOART,2015,650,2,83,2341.08000000,509117.30000000,3260.03000000,0.00640330
WOART,2015,660,1,44,21863.32000000,14799758.06000000,21863.32000000,0.00147728
WOART,2015,660,1,52,13943.77000000,14799758.06000000,35807.09000000,0.00241944
WOART,2015,660,1,56,12372.28000000,14799758.06000000,48179.37000000,0.00325542
WOART,2015,660,1,60,9057.72000000,14799758.06000000,57237.09000000,0.00386743
WOART,2015,660,1,61,5791.74000000,14799758.06000000,63028.83000000,0.00425877
WOART,2015,660,1,65,6265.08000000,14799758.06000000,69293.91000000,0.00468210
WOART,2015,660,1,66,1179.41000000,14799758.06000000,70473.32000000,0.00476179
WOART,2015,660,1,68,5431.18000000,14799758.06000000,75904.50000000,0.00512877
WOART,2015,660,1,70,2689.73000000,14799758.06000000,78594.23000000,0.00531051
WOART,2015,660,1,71,406.75000000,14799758.06000000,79000.98000000,0.00533799
WOART,2015,660,1,76,3250.11000000,14799758.06000000,82251.09000000,0.00555760
WOART,2015,660,1,77,1115.71000000,14799758.06000000,83366.80000000,0.00563298
WOART,2015,660,1,78,1262.26000000,14799758.06000000,84629.06000000,0.00571827
WOART,2015,660,1,79,1044.96000000,14799758.06000000,85674.02000000,0.00578888
WOART,2015,660,1,82,1220.84000000,14799758.06000000,86894.86000000,0.00587137
WOART,2015,660,1,84,1025.75000000,14799758.06000000,87920.61000000,0.00594068
WOART,2015,670,1,55,9123.70000000,15189778.23999999,9123.70000000,0.00060065
WOART,2015,670,1,58,12564.41000000,15189778.23999999,21688.11000000,0.00142781
WOART,2015,670,1,61,16182.37000000,15189778.23999999,37870.48000000,0.00249316
WOART,2015,670,1,68,5634.10000000,15189778.23999999,43504.58000000,0.00286407
WOART,2015,670,1,72,1354.52000000,15189778.23999999,44859.10000000,0.00295324
WOART,2015,670,1,76,3200.95000000,15189778.23999999,48060.05000000,0.00316397
WOART,2015,670,1,79,2419.32000000,15189778.23999999,50479.37000000,0.00332325
WOART,2015,670,1,80,879.56000000,15189778.23999999,51358.93000000,0.00338115
WOART,2015,670,1,82,1055.77000000,15189778.23999999,52414.70000000,0.00345066
WOART,2015,680,1,56,21551.05000000,19131707.37000000,21551.05000000,0.00112646
WOART,2015,680,1,60,5901.08000000,19131707.37000000,27452.13000000,0.00143490
WOART,2015,680,1,64,6515.88000000,19131707.37000000,33968.01000000,0.00177548
WOART,2015,680,1,68,10097.04000000,19131707.37000000,44065.05000000,0.00230325
WOART,2015,680,1,71,2989.68000000,19131707.37000000,47054.73000000,0.00245952
WOART,2015,680,1,73,2594.91000000,19131707.37000000,49649.64000000,0.00259515
WOART,2015,680,1,75,3151.53000000,19131707.37000000,52801.17000000,0.00275988
WOART,2015,680,1,77,602.15000000,19131707.37000000,53403.32000000,0.00279135
WOART,2015,680,1,79,374.14000000,19131707.37000000,53777.46000000,0.00281091
WOART,2015,680,1,83,2267.68000000,19131707.37000000,56045.14000000,0.00292944
WOART,2015,680,2,70,265.60000000,878999.45000000,265.60000000,0.00030216
WOART,2015,690,1,65,8124.11000000,19983579.00000001,8124.11000000,0.00040654
WOART,2015,690,1,78,724.73000000,19983579.00000001,8848.84000000,0.00044281
WOART,2015,690,1,79,1104.87000000,19983579.00000001,9953.71000000,0.00049809
WOART,2015,690,1,81,2917.29000000,19983579.00000001,12871.00000000,0.00064408
WOART,2015,690,2,33,11561.22000000,613470.83000000,11561.22000000,0.01884559
WOART,2015,700,1,24,21105.18000000,26182439.20999997,21105.18000000,0.00080608
WOART,2015,700,1,62,10698.16000000,26182439.20999997,31803.34000000,0.00121468
WOART,2015,700,1,64,2969.15000000,26182439.20999997,34772.49000000,0.00132808
WOART,2015,700,1,65,4468.86000000,26182439.20999997,39241.35000000,0.00149877
WOART,2015,700,1,73,1239.04000000,26182439.20999997,40480.39000000,0.00154609
WOART,2015,700,1,76,5305.69000000,26182439.20999997,45786.08000000,0.00174873
WOART,2015,700,1,77,340.36000000,26182439.20999997,46126.44000000,0.00176173
WOART,2015,710,1,55,16590.30000000,22369008.15000000,16590.30000000,0.00074166
WOART,2015,710,1,56,14043.64000000,22369008.15000000,30633.94000000,0.00136948
WOART,2015,710,1,64,1210.44000000,22369008.15000000,31844.38000000,0.00142359
WOART,2015,710,1,72,3100.83000000,22369008.15000000,34945.21000000,0.00156222
WOART,2015,710,1,73,919.53000000,22369008.15000000,35864.74000000,0.00160332
WOART,2015,710,1,79,1791.62000000,22369008.15000000,37656.36000000,0.00168342
WOART,2015,710,1,81,3630.86000000,22369008.15000000,41287.22000000,0.00184573
WOART,2015,720,1,57,709.21000000,29993602.06999998,709.21000000,0.00002365
WOART,2015,720,1,62,0.00000000,29993602.06999998,709.21000000,0.00002365
WOART,2015,720,1,65,8640.20000000,29993602.06999998,9349.41000000,0.00031171
WOART,2015,720,1,68,5450.47000000,29993602.06999998,14799.88000000,0.00049343
WOART,2015,720,1,70,3077.29000000,29993602.06999998,17877.17000000,0.00059603
WOART,2015,720,1,72,1558.13000000,29993602.06999998,19435.30000000,0.00064798
WOART,2015,720,1,74,6746.62000000,29993602.06999998,26181.92000000,0.00087292
WOART,2015,720,1,76,2257.94000000,29993602.06999998,28439.86000000,0.00094820
WOART,2015,720,1,78,2161.43000000,29993602.06999998,30601.29000000,0.00102026
WOART,2015,720,1,80,742.45000000,29993602.06999998,31343.74000000,0.00104501
WOART,2015,730,1,62,8380.76000000,28429975.64999996,8380.76000000,0.00029479
WOART,2015,730,1,72,1726.39000000,28429975.64999996,10107.15000000,0.00035551
WOART,2015,730,1,80,1651.00000000,28429975.64999996,11758.15000000,0.00041358
WOART,2015,730,1,82,127.58000000,28429975.64999996,11885.73000000,0.00041807
WOART,2015,740,1,36,15486.21000000,24841226.89000002,15486.21000000,0.00062341
WOART,2015,740,1,52,15449.51000000,24841226.89000002,30935.72000000,0.00124534
WOART,2015,740,1,63,473.86000000,24841226.89000002,31409.58000000,0.00126441
WOART,2015,740,1,64,533.09000000,24841226.89000002,31942.67000000,0.00128587
WOART,2015,740,1,68,4577.47000000,24841226.89000002,36520.14000000,0.00147014
WOART,2015,740,1,76,2058.21000000,24841226.89000002,38578.35000000,0.00155300
WOART,2015,740,1,78,0.00000000,24841226.89000002,38578.35000000,0.00155300
WOART,2015,750,1,64,7964.31000000,26511838.88999997,7964.31000000,0.00030041
WOART,2015,750,1,72,2233.10000000,26511838.88999997,10197.41000000,0.00038464
WOART,2015,750,1,82,1829.31000000,26511838.88999997,12026.72000000,0.00045364
WOART,2015,750,2,59,7192.32000000,267648.02000000,7192.32000000,0.02687231
WOART,2015,760,1,55,11321.85000000,23110665.97999998,11321.85000000,0.00048990
WOART,2015,760,1,66,6350.84000000,23110665.97999998,17672.69000000,0.00076470
WOART,2015,760,1,74,4392.06000000,23110665.97999998,22064.75000000,0.00095474
WOART,2015,770,1,59,9711.02000000,23903871.93999996,9711.02000000,0.00040625
WOART,2015,770,1,61,5701.09000000,23903871.93999996,15412.11000000,0.00064475
WOART,2015,770,1,68,1343.71000000,23903871.93999996,16755.82000000,0.00070097
WOART,2015,770,1,77,1239.70000000,23903871.93999996,17995.52000000,0.00075283
WOART,2015,770,1,79,1314.96000000,23903871.93999996,19310.48000000,0.00080784
WOART,2015,770,1,80,1316.56000000,23903871.93999996,20627.04000000,0.00086292
WOART,2015,780,1,64,5214.96000000,24574880.91999998,5214.96000000,0.00021221
WOART,2015,780,1,65,5681.00000000,24574880.91999998,10895.96000000,0.00044338
WOART,2015,780,1,79,93.72000000,24574880.91999998,10989.68000000,0.00044719
WOART,2015,780,1,81,317.02000000,24574880.91999998,11306.70000000,0.00046009
WOART,2015,790,1,59,1605.65000000,21665479.77000001,1605.65000000,0.00007411
WOART,2015,790,1,63,1688.54000000,21665479.77000001,3294.19000000,0.00015205
WOART,2015,800,1,62,11971.40000000,25805458.80999995,11971.40000000,0.00046391
WOART,2015,810,1,57,12123.32000000,24429465.62000001,12123.32000000,0.00049626
WOART,2015,810,1,74,7067.15000000,24429465.62000001,19190.47000000,0.00078555
WOART,2015,820,1,68,4949.97000000,24613032.09999999,4949.97000000,0.00020111
WOART,2015,820,1,77,3754.38000000,24613032.09999999,8704.35000000,0.00035365
WOART,2015,830,1,63,6376.30000000,23694121.71999999,6376.30000000,0.00026911
WOART,2015,830,1,74,1595.95000000,23694121.71999999,7972.25000000,0.00033647
WOART,2015,830,1,81,139.01000000,23694121.71999999,8111.26000000,0.00034233
WOART,2015,850,1,60,9932.95000000,19843957.63999999,9932.95000000,0.00050055
WOART,2015,850,1,63,374.48000000,19843957.63999999,10307.43000000,0.00051942
WOART,2015,860,1,56,14122.66000000,13905835.58000002,14122.66000000,0.00101559
WOART,2015,880,1,75,326.99000000,1524001.81000000,326.99000000,0.00021456
WOART,2016,430,1,45,1488.36000000,39476.23000000,1488.36000000,0.03770269
WOART,2016,440,1,18,24848.33000000,49054.35000000,24848.33000000,0.50654692
WOART,2016,450,1,40,20838.51000000,30287.97000000,20838.51000000,0.68801277
WOART,2016,450,2,12,18880.07000000,36765.23000000,18880.07000000,0.51353058
WOART,2016,460,1,15,21616.40000000,43399.57000000,21616.40000000,0.49807867
WOART,2016,460,2,57,5466.95000000,25842.85000000,5466.95000000,0.21154594
WOART,2016,470,1,13,26316.14000000,171998.07000000,26316.14000000,0.15300253
WOART,2016,470,2,41,10132.74000000,54084.97000000,10132.74000000,0.18734854
WOART,2016,480,1,21,24509.50000000,310397.64000000,24509.50000000,0.07896162
WOART,2016,480,1,26,23618.58000000,310397.64000000,48128.08000000,0.15505298
WOART,2016,480,1,38,14061.92000000,310397.64000000,62190.00000000,0.20035590
WOART,2016,480,1,49,12650.44000000,310397.64000000,74840.44000000,0.24111150
WOART,2016,480,2,26,7518.59000000,43050.12000000,7518.59000000,0.17464736
WOART,2016,480,2,41,1754.74000000,43050.12000000,9273.33000000,0.21540776
WOART,2016,490,1,12,54365.76000000,382603.41000000,54365.76000000,0.14209429
WOART,2016,500,1,14,43126.85000000,650105.80000000,43126.85000000,0.06633820
WOART,2016,500,1,24,27324.67000000,650105.80000000,70451.52000000,0.10836931
WOART,2016,500,1,29,23456.57000000,650105.80000000,93908.09000000,0.14445047
WOART,2016,500,1,30,20816.15000000,650105.80000000,114724.24000000,0.17647011
WOART,2016,500,2,16,21531.57000000,190895.72000000,21531.57000000,0.11279231
WOART,2016,500,2,23,11344.97000000,190895.72000000,32876.54000000,0.17222251
WOART,2016,500,2,24,14392.50000000,190895.72000000,47269.04000000,0.24761708
WOART,2016,500,2,50,4920.71000000,190895.72000000,52189.75000000,0.27339403
WOART,2016,510,1,11,22669.80000000,615899.75000000,22669.80000000,0.03680761
WOART,2016,510,1,14,21937.83000000,615899.75000000,44607.63000000,0.07242677
WOART,2016,510,1,18,30711.38000000,615899.75000000,75319.01000000,0.12229102
WOART,2016,510,1,21,24425.36000000,615899.75000000,99744.37000000,0.16194903
WOART,2016,510,1,25,23923.78000000,615899.75000000,123668.15000000,0.20079266
WOART,2016,510,1,30,24349.50000000,615899.75000000,148017.65000000,0.24032750
WOART,2016,510,1,35,19801.66000000,615899.75000000,167819.31000000,0.27247829
WOART,2016,510,1,36,13531.02000000,615899.75000000,181350.33000000,0.29444781
WOART,2016,510,1,38,23503.40000000,615899.75000000,204853.73000000,0.33260889
WOART,2016,510,1,51,14043.91000000,615899.75000000,218897.64000000,0.35541115
WOART,2016,510,1,53,9159.89000000,615899.75000000,228057.53000000,0.37028352
WOART,2016,510,2,15,11418.65000000,193381.16000000,11418.65000000,0.05904738
WOART,2016,510,2,17,9990.51000000,193381.16000000,21409.16000000,0.11070965
WOART,2016,510,2,43,10031.95000000,193381.16000000,31441.11000000,0.16258621
WOART,2016,520,1,7,31292.28000000,1626587.65000000,31292.28000000,0.01923799
WOART,2016,520,1,8,26759.43000000,1626587.65000000,58051.71000000,0.03568926
WOART,2016,520,1,9,21877.13000000,1626587.65000000,79928.84000000,0.04913897
WOART,2016,520,1,14,23383.55000000,1626587.65000000,103312.39000000,0.06351480
WOART,2016,520,1,15,17381.83000000,1626587.65000000,120694.22000000,0.07420087
WOART,2016,520,1,17,49762.29000000,1626587.65000000,170456.51000000,0.10479393
WOART,2016,520,1,18,30053.46000000,1626587.65000000,200509.97000000,0.12327031
WOART,2016,520,1,20,23042.29000000,1626587.65000000,223552.26000000,0.13743634
WOART,2016,520,1,23,57412.20000000,1626587.65000000,280964.46000000,0.17273244
WOART,2016,520,1,24,47710.52000000,1626587.65000000,328674.98000000,0.20206411
WOART,2016,520,1,26,33817.06000000,1626587.65000000,362492.04000000,0.22285429
WOART,2016,520,1,27,43242.65000000,1626587.65000000,405734.69000000,0.24943918
WOART,2016,520,1,29,17710.17000000,1626587.65000000,423444.86000000,0.26032711
WOART,2016,520,1,36,24038.66000000,1626587.65000000,447483.52000000,0.27510569
WOART,2016,520,1,37,18263.30000000,1626587.65000000,465746.82000000,0.28633368
WOART,2016,520,1,53,12259.84000000,1626587.65000000,478006.66000000,0.29387083
WOART,2016,520,2,10,17478.21000000,234015.59000000,17478.21000000,0.07468823
WOART,2016,520,2,20,2708.58000000,234015.59000000,20186.79000000,0.08626259
WOART,2016,520,2,37,15453.74000000,234015.59000000,35640.53000000,0.15229981
WOART,2016,530,1,7,23029.23000000,1663595.77000000,23029.23000000,0.01384304
WOART,2016,530,1,8,23592.98000000,1663595.77000000,46622.21000000,0.02802496
WOART,2016,530,1,10,45187.29000000,1663595.77000000,91809.50000000,0.05518738
WOART,2016,530,1,11,20032.66000000,1663595.77000000,111842.16000000,0.06722917
WOART,2016,530,1,12,33447.72000000,1663595.77000000,145289.88000000,0.08733485
WOART,2016,530,1,14,33953.19000000,1663595.77000000,179243.07000000,0.10774437
WOART,2016,530,1,15,63193.46000000,1663595.77000000,242436.53000000,0.14573043
WOART,2016,530,1,16,54080.78000000,1663595.77000000,296517.31000000,0.17823880
WOART,2016,530,1,22,29423.10000000,1663595.77000000,325940.41000000,0.19592525
WOART,2016,530,1,23,32132.88000000,1663595.77000000,358073.29000000,0.21524056
WOART,2016,530,1,24,19306.37000000,1663595.77000000,377379.66000000,0.22684577
WOART,2016,530,1,26,25423.50000000,1663595.77000000,402803.16000000,0.24212803
WOART,2016,530,1,28,2713.96000000,1663595.77000000,405517.12000000,0.24375941
WOART,2016,530,1,31,48062.14000000,1663595.77000000,453579.26000000,0.27264992
WOART,2016,530,1,32,19343.76000000,1663595.77000000,472923.02000000,0.28427760
WOART,2016,530,1,39,25995.34000000,1663595.77000000,498918.36000000,0.29990360
WOART,2016,530,1,40,11490.08000000,1663595.77000000,510408.44000000,0.30681037
WOART,2016,530,1,42,17172.33000000,1663595.77000000,527580.77000000,0.31713279
WOART,2016,530,1,44,15546.47000000,1663595.77000000,543127.24000000,0.32647789
WOART,2016,530,1,46,21265.64000000,1663595.77000000,564392.88000000,0.33926083
WOART,2016,530,2,7,2146.90000000,371973.39000000,2146.90000000,0.00577165
WOART,2016,530,2,12,21393.40000000,371973.39000000,23540.30000000,0.06328490
WOART,2016,530,2,22,10506.57000000,371973.39000000,34046.87000000,0.09153039
WOART,2016,530,2,23,11848.51000000,371973.39000000,45895.38000000,0.12338350
WOART,2016,530,2,27,50.22000000,371973.39000000,45945.60000000,0.12351851
WOART,2016,530,2,28,19034.43000000,371973.39000000,64980.03000000,0.17469000
WOART,2016,530,2,34,3443.08000000,371973.39000000,68423.11000000,0.18394625
WOART,2016,530,2,40,10436.37000000,371973.39000000,78859.48000000,0.21200301
WOART,2016,530,2,45,12581.46000000,371973.39000000,91440.94000000,0.24582656
WOART,2016,540,1,9,20947.55000000,2273644.31000000,20947.55000000,0.00921320
WOART,2016,540,1,11,44058.96000000,2273644.31000000,65006.51000000,0.02859133
WOART,2016,540,1,12,26686.06000000,2273644.31000000,91692.57000000,0.04032846
WOART,2016,540,1,13,27903.48000000,2273644.31000000,119596.05000000,0.05260104
WOART,2016,540,1,14,33212.31000000,2273644.31000000,152808.36000000,0.06720856
WOART,2016,540,1,15,23202.05000000,2273644.31000000,176010.41000000,0.07741334
WOART,2016,540,1,17,22732.82000000,2273644.31000000,198743.23000000,0.08741175
WOART,2016,540,1,18,25918.27000000,2273644.31000000,224661.50000000,0.09881119
WOART,2016,540,1,20,34810.24000000,2273644.31000000,259471.74000000,0.11412152
WOART,2016,540,1,21,17487.63000000,2273644.31000000,276959.37000000,0.12181297
WOART,2016,540,1,22,42313.75000000,2273644.31000000,319273.12000000,0.14042351
WOART,2016,540,1,23,3682.34000000,2273644.31000000,322955.46000000,0.14204309
WOART,2016,540,1,26,32185.27000000,2273644.31000000,355140.73000000,0.15619890
WOART,2016,540,1,27,71762.79000000,2273644.31000000,426903.52000000,0.18776179
WOART,2016,540,1,28,20813.46000000,2273644.31000000,447716.98000000,0.19691602
WOART,2016,540,1,30,22638.24000000,2273644.31000000,470355.22000000,0.20687282
WOART,2016,540,1,31,96038.90000000,2273644.31000000,566394.12000000,0.24911290
WOART,2016,540,1,32,13739.47000000,2273644.31000000,580133.59000000,0.25515583
WOART,2016,540,1,34,15401.25000000,2273644.31000000,595534.84000000,0.26192964
WOART,2016,540,1,38,17250.59000000,2273644.31000000,612785.43000000,0.26951684
WOART,2016,540,1,39,15520.47000000,2273644.31000000,628305.90000000,0.27634309
WOART,2016,540,1,41,20379.65000000,2273644.31000000,648685.55000000,0.28530652
WOART,2016,540,1,45,12804.81000000,2273644.31000000,661490.36000000,0.29093837
WOART,2016,540,1,49,2332.65000000,2273644.31000000,663823.01000000,0.29196432
WOART,2016,540,1,50,2495.48000000,2273644.31000000,666318.49000000,0.29306189
WOART,2016,540,2,10,11451.05000000,516756.95000000,11451.05000000,0.02215945
WOART,2016,540,2,11,18900.44000000,516756.95000000,30351.49000000,0.05873456
WOART,2016,540,2,15,28717.13000000,516756.95000000,59068.62000000,0.11430639
WOART,2016,540,2,20,24912.38000000,516756.95000000,83981.00000000,0.16251547
WOART,2016,540,2,21,20294.54000000,516756.95000000,104275.54000000,0.20178836
WOART,2016,540,2,33,11590.17000000,516756.95000000,115865.71000000,0.22421703
WOART,2016,540,2,34,0.00000000,516756.95000000,115865.71000000,0.22421703
WOART,2016,540,2,35,19754.64000000,516756.95000000,135620.35000000,0.26244514
WOART,2016,540,2,36,14540.76000000,516756.95000000,150161.11000000,0.29058363
WOART,2016,550,1,9,30672.72000000,2898324.09000000,30672.72000000,0.01058292
WOART,2016,550,1,13,22094.01000000,2898324.09000000,52766.73000000,0.01820595
WOART,2016,550,1,14,100326.78000000,2898324.09000000,153093.51000000,0.05282139
WOART,2016,550,1,15,1091.27000000,2898324.09000000,154184.78000000,0.05319791
WOART,2016,550,1,17,75276.73000000,2898324.09000000,229461.51000000,0.07917041
WOART,2016,550,1,19,58343.67000000,2898324.09000000,287805.18000000,0.09930055
WOART,2016,550,1,20,34416.41000000,2898324.09000000,322221.59000000,0.11117514
WOART,2016,550,1,21,45908.96000000,2898324.09000000,368130.55000000,0.12701497
WOART,2016,550,1,22,78611.47000000,2898324.09000000,446742.02000000,0.15413805
WOART,2016,550,1,23,33505.87000000,2898324.09000000,480247.89000000,0.16569848
WOART,2016,550,1,27,18640.07000000,2898324.09000000,498887.96000000,0.17212980
WOART,2016,550,1,29,528.32000000,2898324.09000000,499416.28000000,0.17231209
WOART,2016,550,1,31,1693.17000000,2898324.09000000,501109.45000000,0.17289628
WOART,2016,550,1,34,20833.35000000,2898324.09000000,521942.80000000,0.18008435
WOART,2016,550,1,37,21448.44000000,2898324.09000000,543391.24000000,0.18748464
WOART,2016,550,1,39,44347.20000000,2898324.09000000,587738.44000000,0.20278562
WOART,2016,550,1,45,15015.69000000,2898324.09000000,602754.13000000,0.20796644
WOART,2016,550,1,47,16224.38000000,2898324.09000000,618978.51000000,0.21356428
WOART,2016,550,1,50,28888.83000000,2898324.09000000,647867.34000000,0.22353171
WOART,2016,550,1,54,14871.86000000,2898324.09000000,662739.20000000,0.22866290
WOART,2016,550,2,23,15535.75000000,373743.37000000,15535.75000000,0.04156796
WOART,2016,550,2,24,20048.43000000,373743.37000000,35584.18000000,0.09521020
WOART,2016,550,2,32,13323.46000000,373743.37000000,48907.64000000,0.13085888
WOART,2016,550,2,34,11182.98000000,373743.37000000,60090.62000000,0.16078043
WOART,2016,550,2,39,13640.56000000,373743.37000000,73731.18000000,0.19727756
WOART,2016,560,1,7,53504.69000000,4093433.14000000,53504.69000000,0.01307086
WOART,2016,560,1,8,131108.24000000,4093433.14000000,184612.93000000,0.04509978
WOART,2016,560,1,10,25013.59000000,4093433.14000000,209626.52000000,0.05121044
WOART,2016,560,1,11,62488.42000000,4093433.14000000,272114.94000000,0.06647597
WOART,2016,560,1,13,59889.59000000,4093433.14000000,332004.53000000,0.08110662
WOART,2016,560,1,15,50801.07000000,4093433.14000000,382805.60000000,0.09351700
WOART,2016,560,1,16,73105.59000000,4093433.14000000,455911.19000000,0.11137624
WOART,2016,560,1,17,49038.03000000,4093433.14000000,504949.22000000,0.12335592
WOART,2016,560,1,18,30597.64000000,4093433.14000000,535546.86000000,0.13083073
WOART,2016,560,1,23,20857.39000000,4093433.14000000,556404.25000000,0.13592606
WOART,2016,560,1,24,39836.06000000,4093433.14000000,596240.31000000,0.14565776
WOART,2016,560,1,25,46555.42000000,4093433.14000000,642795.73000000,0.15703096
WOART,2016,560,1,26,22469.56000000,4093433.14000000,665265.29000000,0.16252013
WOART,2016,560,1,30,29943.18000000,4093433.14000000,695208.47000000,0.16983506
WOART,2016,560,1,31,31493.89000000,4093433.14000000,726702.36000000,0.17752882
WOART,2016,560,1,33,18622.15000000,4093433.14000000,745324.51000000,0.18207810
WOART,2016,560,1,35,18082.88000000,4093433.14000000,763407.39000000,0.18649563
WOART,2016,560,1,36,19180.96000000,4093433.14000000,782588.35000000,0.19118142
WOART,2016,560,1,38,15866.26000000,4093433.14000000,798454.61000000,0.19505745
WOART,2016,560,1,40,44424.15000000,4093433.14000000,842878.76000000,0.20590999
WOART,2016,560,1,42,19945.24000000,4093433.14000000,862824.00000000,0.21078248
WOART,2016,560,1,43,31957.18000000,4093433.14000000,894781.18000000,0.21858942
WOART,2016,560,1,48,1952.00000000,4093433.14000000,896733.18000000,0.21906628
WOART,2016,560,1,49,27657.48000000,4093433.14000000,924390.66000000,0.22582283
WOART,2016,560,1,51,12490.19000000,4093433.14000000,936880.85000000,0.22887411
WOART,2016,560,1,53,10253.69000000,4093433.14000000,947134.54000000,0.23137902
WOART,2016,560,2,6,19155.12000000,847739.28000000,19155.12000000,0.02259553
WOART,2016,560,2,7,9044.07000000,847739.28000000,28199.19000000,0.03326399
WOART,2016,560,2,8,21284.00000000,847739.28000000,49483.19000000,0.05837076
WOART,2016,560,2,10,32748.15000000,847739.28000000,82231.34000000,0.09700074
WOART,2016,560,2,12,12990.55000000,847739.28000000,95221.89000000,0.11232450
WOART,2016,560,2,13,28176.55000000,847739.28000000,123398.44000000,0.14556178
WOART,2016,560,2,14,21864.39000000,847739.28000000,145262.83000000,0.17135319
WOART,2016,560,2,15,2228.56000000,847739.28000000,147491.39000000,0.17398202
WOART,2016,560,2,16,18080.73000000,847739.28000000,165572.12000000,0.19531019
WOART,2016,560,2,17,7080.29000000,847739.28000000,172652.41000000,0.20366216
WOART,2016,560,2,19,18000.40000000,847739.28000000,190652.81000000,0.22489557
WOART,2016,560,2,26,18108.93000000,847739.28000000,208761.74000000,0.24625701
WOART,2016,560,2,31,13608.67000000,847739.28000000,222370.41000000,0.26230990
WOART,2016,560,2,33,14085.10000000,847739.28000000,236455.51000000,0.27892480
WOART,2016,560,2,34,11264.00000000,847739.28000000,247719.51000000,0.29221191
WOART,2016,560,2,38,15268.03000000,847739.28000000,262987.54000000,0.31022219
WOART,2016,560,2,42,7539.99000000,847739.28000000,270527.53000000,0.31911643
WOART,2016,570,1,6,25596.06000000,5380244.77000000,25596.06000000,0.00475742
WOART,2016,570,1,8,19699.74000000,5380244.77000000,45295.80000000,0.00841891
WOART,2016,570,1,9,51143.82000000,5380244.77000000,96439.62000000,0.01792476
WOART,2016,570,1,10,76503.44000000,5380244.77000000,172943.06000000,0.03214409
WOART,2016,570,1,11,34191.68000000,5380244.77000000,207134.74000000,0.03849913
WOART,2016,570,1,12,23210.59000000,5380244.77000000,230345.33000000,0.04281317
WOART,2016,570,1,13,24662.48000000,5380244.77000000,255007.81000000,0.04739706
WOART,2016,570,1,14,26469.41000000,5380244.77000000,281477.22000000,0.05231681
WOART,2016,570,1,15,32095.26000000,5380244.77000000,313572.48000000,0.05828220
WOART,2016,570,1,16,125701.31000000,5380244.77000000,439273.79000000,0.08164569
WOART,2016,570,1,17,140727.38000000,5380244.77000000,580001.17000000,0.10780200
WOART,2016,570,1,18,112678.57000000,5380244.77000000,692679.74000000,0.12874502
WOART,2016,570,1,19,16187.99000000,5380244.77000000,708867.73000000,0.13175381
WOART,2016,570,1,20,129266.94000000,5380244.77000000,838134.67000000,0.15578003
WOART,2016,570,1,21,62985.36000000,5380244.77000000,901120.03000000,0.16748681
WOART,2016,570,1,22,19461.11000000,5380244.77000000,920581.14000000,0.17110395
WOART,2016,570,1,24,25265.33000000,5380244.77000000,945846.47000000,0.17579990
WOART,2016,570,1,27,22740.68000000,5380244.77000000,968587.15000000,0.18002660
WOART,2016,570,1,28,22498.22000000,5380244.77000000,991085.37000000,0.18420823
WOART,2016,570,1,30,23832.08000000,5380244.77000000,1014917.45000000,0.18863778
WOART,2016,570,1,31,23291.95000000,5380244.77000000,1038209.40000000,0.19296695
WOART,2016,570,1,32,17159.77000000,5380244.77000000,1055369.17000000,0.19615635
WOART,2016,570,1,33,27173.16000000,5380244.77000000,1082542.33000000,0.20120689
WOART,2016,570,1,34,67787.13000000,5380244.77000000,1150329.46000000,0.21380616
WOART,2016,570,1,35,23246.84000000,5380244.77000000,1173576.30000000,0.21812693
WOART,2016,570,1,36,24684.17000000,5380244.77000000,1198260.47000000,0.22271486
WOART,2016,570,1,37,15986.10000000,5380244.77000000,1214246.57000000,0.22568612
WOART,2016,570,1,38,33381.91000000,5380244.77000000,1247628.48000000,0.23189065
WOART,2016,570,1,39,19108.64000000,5380244.77000000,1266737.12000000,0.23544228
WOART,2016,570,1,44,16400.32000000,5380244.77000000,1283137.44000000,0.23849053
WOART,2016,570,1,46,3541.82000000,5380244.77000000,1286679.26000000,0.23914883
WOART,2016,570,2,7,16627.50000000,1364175.04000000,16627.50000000,0.01218869
WOART,2016,570,2,8,478.79000000,1364175.04000000,17106.29000000,0.01253966
WOART,2016,570,2,11,17816.49000000,1364175.04000000,34922.78000000,0.02559993
WOART,2016,570,2,12,21625.77000000,1364175.04000000,56548.55000000,0.04145256
WOART,2016,570,2,13,49787.07000000,1364175.04000000,106335.62000000,0.07794866
WOART,2016,570,2,14,75389.24000000,1364175.04000000,181724.86000000,0.13321227
WOART,2016,570,2,15,22549.43000000,1364175.04000000,204274.29000000,0.14974199
WOART,2016,570,2,17,137.17000000,1364175.04000000,204411.46000000,0.14984255
WOART,2016,570,2,18,40522.98000000,1364175.04000000,244934.44000000,0.17954766
WOART,2016,570,2,21,18958.95000000,1364175.04000000,263893.39000000,0.19344540
WOART,2016,570,2,22,12786.17000000,1364175.04000000,276679.56000000,0.20281822
WOART,2016,570,2,25,14763.83000000,1364175.04000000,291443.39000000,0.21364076
WOART,2016,570,2,26,11152.82000000,1364175.04000000,302596.21000000,0.22181626
WOART,2016,570,2,29,7534.91000000,1364175.04000000,310131.12000000,0.22733968
WOART,2016,570,2,30,25044.13000000,1364175.04000000,335175.25000000,0.24569813
WOART,2016,570,2,33,9770.07000000,1364175.04000000,344945.32000000,0.25286001
WOART,2016,570,2,35,11615.76000000,1364175.04000000,356561.08000000,0.26137487
WOART,2016,570,2,39,14551.58000000,1364175.04000000,371112.66000000,0.27204182
WOART,2016,570,2,40,23025.99000000,1364175.04000000,394138.65000000,0.28892088
WOART,2016,570,2,48,8899.77000000,1364175.04000000,403038.42000000,0.29544480
WOART,2016,570,2,49,11242.97000000,1364175.04000000,414281.39000000,0.30368639
WOART,2016,580,1,6,73364.24000000,9391488.55000000,73364.24000000,0.00781178
WOART,2016,580,1,7,27569.74000000,9391488.55000000,100933.98000000,0.01074739
WOART,2016,580,1,8,99726.77000000,9391488.55000000,200660.75000000,0.02136623
WOART,2016,580,1,9,53408.41000000,9391488.55000000,254069.16000000,0.02705313
WOART,2016,580,1,10,104997.70000000,9391488.55000000,359066.86000000,0.03823322
WOART,2016,580,1,11,24481.13000000,9391488.55000000,383547.99000000,0.04083996
WOART,2016,580,1,12,43207.67000000,9391488.55000000,426755.66000000,0.04544068
WOART,2016,580,1,13,202743.76000000,9391488.55000000,629499.42000000,0.06702872
WOART,2016,580,1,14,44745.07000000,9391488.55000000,674244.49000000,0.07179314
WOART,2016,580,1,15,28683.78000000,9391488.55000000,702928.27000000,0.07484738
WOART,2016,580,1,16,81163.14000000,9391488.55000000,784091.41000000,0.08348958
WOART,2016,580,1,17,58721.79000000,9391488.55000000,842813.20000000,0.08974224
WOART,2016,580,1,18,26585.62000000,9391488.55000000,869398.82000000,0.09257306
WOART,2016,580,1,19,109448.38000000,9391488.55000000,978847.20000000,0.10422706
WOART,2016,580,1,20,28649.20000000,9391488.55000000,1007496.40000000,0.10727761
WOART,2016,580,1,21,75061.54000000,9391488.55000000,1082557.94000000,0.11527011
WOART,2016,580,1,22,77150.18000000,9391488.55000000,1159708.12000000,0.12348502
WOART,2016,580,1,23,39486.70000000,9391488.55000000,1199194.82000000,0.12768954
WOART,2016,580,1,24,25236.89000000,9391488.55000000,1224431.71000000,0.13037675
WOART,2016,580,1,25,65340.43000000,9391488.55000000,1289772.14000000,0.13733415
WOART,2016,580,1,26,17062.19000000,9391488.55000000,1306834.33000000,0.13915093
WOART,2016,580,1,27,28744.43000000,9391488.55000000,1335578.76000000,0.14221162
WOART,2016,580,1,28,29946.76000000,9391488.55000000,1365525.52000000,0.14540033
WOART,2016,580,1,29,50008.18000000,9391488.55000000,1415533.70000000,0.15072517
WOART,2016,580,1,30,52077.57000000,9391488.55000000,1467611.27000000,0.15627036
WOART,2016,580,1,33,17703.86000000,9391488.55000000,1485315.13000000,0.15815545
WOART,2016,580,1,35,23325.14000000,9391488.55000000,1508640.27000000,0.16063910
WOART,2016,580,1,36,19017.38000000,9391488.55000000,1527657.65000000,0.16266406
WOART,2016,580,1,37,89936.59000000,9391488.55000000,1617594.24000000,0.17224045
WOART,2016,580,1,38,19273.70000000,9391488.55000000,1636867.94000000,0.17429270
WOART,2016,580,1,39,44625.79000000,9391488.55000000,1681493.73000000,0.17904443
WOART,2016,580,1,40,40883.61000000,9391488.55000000,1722377.34000000,0.18339769
WOART,2016,580,1,42,36423.66000000,9391488.55000000,1758801.00000000,0.18727606
WOART,2016,580,1,43,13638.65000000,9391488.55000000,1772439.65000000,0.18872830
WOART,2016,580,1,51,31380.84000000,9391488.55000000,1803820.49000000,0.19206971
WOART,2016,580,1,52,21032.27000000,9391488.55000000,1824852.76000000,0.19430921
WOART,2016,580,1,54,1618.97000000,9391488.55000000,1826471.73000000,0.19448160
WOART,2016,580,1,55,16286.85000000,9391488.55000000,1842758.58000000,0.19621582
WOART,2016,580,2,6,15994.60000000,1728623.19000000,15994.60000000,0.00925280
WOART,2016,580,2,9,20339.31000000,1728623.19000000,36333.91000000,0.02101899
WOART,2016,580,2,11,29861.83000000,1728623.19000000,66195.74000000,0.03829391
WOART,2016,580,2,12,26174.56000000,1728623.19000000,92370.30000000,0.05343576
WOART,2016,580,2,14,17913.41000000,1728623.19000000,110283.71000000,0.06379858
WOART,2016,580,2,17,35724.14000000,1728623.19000000,146007.85000000,0.08446482
WOART,2016,580,2,18,38781.73000000,1728623.19000000,184789.58000000,0.10689986
WOART,2016,580,2,23,-26.96000000,1728623.19000000,184762.62000000,0.10688427
WOART,2016,580,2,24,14404.89000000,1728623.19000000,199167.51000000,0.11521742
WOART,2016,580,2,25,37297.91000000,1728623.19000000,236465.42000000,0.13679408
WOART,2016,580,2,26,21122.57000000,1728623.19000000,257587.99000000,0.14901338
WOART,2016,580,2,28,11858.95000000,1728623.19000000,269446.94000000,0.15587373
WOART,2016,580,2,29,20609.72000000,1728623.19000000,290056.66000000,0.16779635
WOART,2016,580,2,30,7682.47000000,1728623.19000000,297739.13000000,0.17224062
WOART,2016,580,2,36,14098.03000000,1728623.19000000,311837.16000000,0.18039626
WOART,2016,580,2,38,5010.19000000,1728623.19000000,316847.35000000,0.18329463
WOART,2016,580,2,40,6517.03000000,1728623.19000000,323364.38000000,0.18706470
WOART,2016,580,2,44,5968.35000000,1728623.19000000,329332.73000000,0.19051736
WOART,2016,580,2,48,1538.74000000,1728623.19000000,330871.47000000,0.19140752
WOART,2016,580,2,50,601.90000000,1728623.19000000,331473.37000000,0.19175571
WOART,2016,590,1,6,101530.05000000,11577669.98000000,101530.05000000,0.00876947
WOART,2016,590,1,7,19985.28000000,11577669.98000000,121515.33000000,0.01049566
WOART,2016,590,1,9,116295.15000000,11577669.98000000,237810.48000000,0.02054044
WOART,2016,590,1,10,26615.20000000,11577669.98000000,264425.68000000,0.02283928
WOART,2016,590,1,11,29472.75000000,11577669.98000000,293898.43000000,0.02538494
WOART,2016,590,1,12,91598.74000000,11577669.98000000,385497.17000000,0.03329661
WOART,2016,590,1,13,81447.33000000,11577669.98000000,466944.50000000,0.04033147
WOART,2016,590,1,14,78351.47000000,11577669.98000000,545295.97000000,0.04709894
WOART,2016,590,1,15,90221.24000000,11577669.98000000,635517.21000000,0.05489163
WOART,2016,590,1,16,69030.02000000,11577669.98000000,704547.23000000,0.06085397
WOART,2016,590,1,17,104060.11000000,11577669.98000000,808607.34000000,0.06984198
WOART,2016,590,1,18,116772.33000000,11577669.98000000,925379.67000000,0.07992797
WOART,2016,590,1,19,81730.46000000,11577669.98000000,1007110.13000000,0.08698729
WOART,2016,590,1,20,48085.68000000,11577669.98000000,1055195.81000000,0.09114060
WOART,2016,590,1,21,109469.92000000,11577669.98000000,1164665.73000000,0.10059587
WOART,2016,590,1,22,52943.12000000,11577669.98000000,1217608.85000000,0.10516873
WOART,2016,590,1,23,71440.60000000,11577669.98000000,1289049.45000000,0.11133928
WOART,2016,590,1,24,44164.50000000,11577669.98000000,1333213.95000000,0.11515391
WOART,2016,590,1,25,167536.80000000,11577669.98000000,1500750.75000000,0.12962459
WOART,2016,590,1,26,55209.95000000,11577669.98000000,1555960.70000000,0.13439325
WOART,2016,590,1,27,67375.71000000,11577669.98000000,1623336.41000000,0.14021270
WOART,2016,590,1,28,86832.86000000,11577669.98000000,1710169.27000000,0.14771273
WOART,2016,590,1,33,35164.00000000,11577669.98000000,1745333.27000000,0.15074996
WOART,2016,590,1,34,20382.52000000,11577669.98000000,1765715.79000000,0.15251046
WOART,2016,590,1,35,81449.47000000,11577669.98000000,1847165.26000000,0.15954551
WOART,2016,590,1,36,17229.37000000,11577669.98000000,1864394.63000000,0.16103367
WOART,2016,590,1,37,98742.45000000,11577669.98000000,1963137.08000000,0.16956236
WOART,2016,590,1,38,16895.73000000,11577669.98000000,1980032.81000000,0.17102170
WOART,2016,590,1,39,22435.38000000,11577669.98000000,2002468.19000000,0.17295952
WOART,2016,590,1,40,43385.73000000,11577669.98000000,2045853.92000000,0.17670688
WOART,2016,590,1,41,33460.23000000,11577669.98000000,2079314.15000000,0.17959694
WOART,2016,590,1,43,3062.13000000,11577669.98000000,2082376.28000000,0.17986143
WOART,2016,590,1,44,20869.25000000,11577669.98000000,2103245.53000000,0.18166397
WOART,2016,590,1,46,23502.32000000,11577669.98000000,2126747.85000000,0.18369394
WOART,2016,590,1,51,16579.74000000,11577669.98000000,2143327.59000000,0.18512599
WOART,2016,590,1,52,15735.00000000,11577669.98000000,2159062.59000000,0.18648507
WOART,2016,590,2,8,15636.86000000,2622943.29000000,15636.86000000,0.00596157
WOART,2016,590,2,11,2490.05000000,2622943.29000000,18126.91000000,0.00691090
WOART,2016,590,2,12,17749.71000000,2622943.29000000,35876.62000000,0.01367800
WOART,2016,590,2,13,24551.93000000,2622943.29000000,60428.55000000,0.02303845
WOART,2016,590,2,16,15208.41000000,2622943.29000000,75636.96000000,0.02883667
WOART,2016,590,2,18,16173.74000000,2622943.29000000,91810.70000000,0.03500293
WOART,2016,590,2,19,38849.92000000,2622943.29000000,130660.62000000,0.04981450
WOART,2016,590,2,20,30225.56000000,2622943.29000000,160886.18000000,0.06133803
WOART,2016,590,2,22,27591.27000000,2622943.29000000,188477.45000000,0.07185723
WOART,2016,590,2,26,32490.84000000,2622943.29000000,220968.29000000,0.08424440
WOART,2016,590,2,29,24057.78000000,2622943.29000000,245026.07000000,0.09341646
WOART,2016,590,2,30,15076.28000000,2622943.29000000,260102.35000000,0.09916431
WOART,2016,590,2,32,11797.90000000,2622943.29000000,271900.25000000,0.10366227
WOART,2016,590,2,33,11430.90000000,2622943.29000000,283331.15000000,0.10802031
WOART,2016,590,2,35,8496.41000000,2622943.29000000,291827.56000000,0.11125958
WOART,2016,590,2,36,1581.68000000,2622943.29000000,293409.24000000,0.11186259
WOART,2016,590,2,37,9655.08000000,2622943.29000000,303064.32000000,0.11554360
WOART,2016,590,2,40,11922.80000000,2622943.29000000,314987.12000000,0.12008918
WOART,2016,590,2,43,2502.57000000,2622943.29000000,317489.69000000,0.12104329
WOART,2016,590,2,45,16279.57000000,2622943.29000000,333769.26000000,0.12724990
WOART,2016,590,2,46,664.03000000,2622943.29000000,334433.29000000,0.12750306
WOART,2016,590,2,47,17853.97000000,2622943.29000000,352287.26000000,0.13430990
WOART,2016,590,2,48,10117.92000000,2622943.29000000,362405.18000000,0.13816737
WOART,2016,600,1,5,21212.23000000,12639610.19000001,21212.23000000,0.00167823
WOART,2016,600,1,6,46954.89000000,12639610.19000001,68167.12000000,0.00539313
WOART,2016,600,1,7,41382.38000000,12639610.19000001,109549.50000000,0.00866716
WOART,2016,600,1,8,129804.79000000,12639610.19000001,239354.29000000,0.01893684
WOART,2016,600,1,9,129902.50000000,12639610.19000001,369256.79000000,0.02921425
WOART,2016,600,1,10,158561.48000000,12639610.19000001,527818.27000000,0.04175906
WOART,2016,600,1,11,21296.11000000,12639610.19000001,549114.38000000,0.04344393
WOART,2016,600,1,12,59631.72000000,12639610.19000001,608746.10000000,0.04816178
WOART,2016,600,1,13,75488.59000000,12639610.19000001,684234.69000000,0.05413416
WOART,2016,600,1,14,61179.46000000,12639610.19000001,745414.15000000,0.05897446
WOART,2016,600,1,15,185953.54000000,12639610.19000001,931367.69000000,0.07368643
WOART,2016,600,1,16,93372.19000000,12639610.19000001,1024739.88000000,0.08107369
WOART,2016,600,1,17,77491.12000000,12639610.19000001,1102231.00000000,0.08720451
WOART,2016,600,1,18,189031.37000000,12639610.19000001,1291262.37000000,0.10215998
WOART,2016,600,1,19,97334.31000000,12639610.19000001,1388596.68000000,0.10986072
WOART,2016,600,1,20,146505.00000000,12639610.19000001,1535101.68000000,0.12145166
WOART,2016,600,1,21,21082.72000000,12639610.19000001,1556184.40000000,0.12311965
WOART,2016,600,1,22,100329.76000000,12639610.19000001,1656514.16000000,0.13105738
WOART,2016,600,1,23,18309.79000000,12639610.19000001,1674823.95000000,0.13250598
WOART,2016,600,1,24,10969.54000000,12639610.19000001,1685793.49000000,0.13337385
WOART,2016,600,1,25,108451.69000000,12639610.19000001,1794245.18000000,0.14195415
WOART,2016,600,1,26,40175.30000000,12639610.19000001,1834420.48000000,0.14513268
WOART,2016,600,1,27,46256.33000000,12639610.19000001,1880676.81000000,0.14879231
WOART,2016,600,1,29,65268.49000000,12639610.19000001,1945945.30000000,0.15395612
WOART,2016,600,1,30,66253.49000000,12639610.19000001,2012198.79000000,0.15919785
WOART,2016,600,1,32,3167.43000000,12639610.19000001,2015366.22000000,0.15944845
WOART,2016,600,1,33,2648.47000000,12639610.19000001,2018014.69000000,0.15965798
WOART,2016,600,1,34,46591.55000000,12639610.19000001,2064606.24000000,0.16334414
WOART,2016,600,1,35,60851.01000000,12639610.19000001,2125457.25000000,0.16815845
WOART,2016,600,1,36,27452.56000000,12639610.19000001,2152909.81000000,0.17033040
WOART,2016,600,1,37,27184.67000000,12639610.19000001,2180094.48000000,0.17248115
WOART,2016,600,1,39,25303.88000000,12639610.19000001,2205398.36000000,0.17448310
WOART,2016,600,1,40,39723.60000000,12639610.19000001,2245121.96000000,0.17762589
WOART,2016,600,1,41,14218.03000000,12639610.19000001,2259339.99000000,0.17875076
WOART,2016,600,1,42,19807.04000000,12639610.19000001,2279147.03000000,0.18031783
WOART,2016,600,1,44,49953.63000000,12639610.19000001,2329100.66000000,0.18426998
WOART,2016,600,1,49,16723.23000000,12639610.19000001,2345823.89000000,0.18559306
WOART,2016,600,1,50,40732.87000000,12639610.19000001,2386556.76000000,0.18881569
WOART,2016,600,1,51,11098.59000000,12639610.19000001,2397655.35000000,0.18969377
WOART,2016,600,1,54,17178.96000000,12639610.19000001,2414834.31000000,0.19105291
WOART,2016,600,1,55,9902.32000000,12639610.19000001,2424736.63000000,0.19183635
WOART,2016,600,2,8,14766.89000000,2941128.41000000,14766.89000000,0.00502082
WOART,2016,600,2,11,42591.00000000,2941128.41000000,57357.89000000,0.01950200
WOART,2016,600,2,14,41421.60000000,2941128.41000000,98779.49000000,0.03358558
WOART,2016,600,2,16,12562.31000000,2941128.41000000,111341.80000000,0.03785683
WOART,2016,600,2,17,18040.31000000,2941128.41000000,129382.11000000,0.04399064
WOART,2016,600,2,18,9635.00000000,2941128.41000000,139017.11000000,0.04726659
WOART,2016,600,2,19,11583.17000000,2941128.41000000,150600.28000000,0.05120493
WOART,2016,600,2,20,35968.21000000,2941128.41000000,186568.49000000,0.06343432
WOART,2016,600,2,22,13243.86000000,2941128.41000000,199812.35000000,0.06793731
WOART,2016,600,2,24,16321.42000000,2941128.41000000,216133.77000000,0.07348668
WOART,2016,600,2,25,22895.08000000,2941128.41000000,239028.85000000,0.08127114
WOART,2016,600,2,26,0.00000000,2941128.41000000,239028.85000000,0.08127114
WOART,2016,600,2,29,15624.48000000,2941128.41000000,254653.33000000,0.08658355
WOART,2016,600,2,30,62460.47000000,2941128.41000000,317113.80000000,0.10782045
WOART,2016,600,2,31,28596.76000000,2941128.41000000,345710.56000000,0.11754351
WOART,2016,600,2,32,28930.60000000,2941128.41000000,374641.16000000,0.12738008
WOART,2016,600,2,33,26312.37000000,2941128.41000000,400953.53000000,0.13632643
WOART,2016,600,2,34,11452.86000000,2941128.41000000,412406.39000000,0.14022046
WOART,2016,600,2,35,6653.07000000,2941128.41000000,419059.46000000,0.14248254
WOART,2016,600,2,36,738.53000000,2941128.41000000,419797.99000000,0.14273365
WOART,2016,600,2,37,23804.21000000,2941128.41000000,443602.20000000,0.15082721
WOART,2016,600,2,39,10589.88000000,2941128.41000000,454192.08000000,0.15442783
WOART,2016,600,2,40,893.17000000,2941128.41000000,455085.25000000,0.15473151
WOART,2016,600,2,45,10266.69000000,2941128.41000000,465351.94000000,0.15822225
WOART,2016,600,2,47,3172.74000000,2941128.41000000,468524.68000000,0.15930099
WOART,2016,600,2,48,1107.09000000,2941128.41000000,469631.77000000,0.15967741
WOART,2016,600,2,49,2991.32000000,2941128.41000000,472623.09000000,0.16069448
WOART,2016,610,1,7,21723.84000000,11267528.47000000,21723.84000000,0.00192800
WOART,2016,610,1,8,37599.03000000,11267528.47000000,59322.87000000,0.00526494
WOART,2016,610,1,9,104802.38000000,11267528.47000000,164125.25000000,0.01456622
WOART,2016,610,1,10,159698.31000000,11267528.47000000,323823.56000000,0.02873954
WOART,2016,610,1,11,138274.38000000,11267528.47000000,462097.94000000,0.04101147
WOART,2016,610,1,13,44082.09000000,11267528.47000000,506180.03000000,0.04492379
WOART,2016,610,1,14,172262.28000000,11267528.47000000,678442.31000000,0.06021217
WOART,2016,610,1,15,85291.35000000,11267528.47000000,763733.66000000,0.06778183
WOART,2016,610,1,16,33071.52000000,11267528.47000000,796805.18000000,0.07071694
WOART,2016,610,1,17,139350.40000000,11267528.47000000,936155.58000000,0.08308438
WOART,2016,610,1,18,118922.39000000,11267528.47000000,1055077.97000000,0.09363881
WOART,2016,610,1,19,57563.97000000,11267528.47000000,1112641.94000000,0.09874765
WOART,2016,610,1,20,45283.68000000,11267528.47000000,1157925.62000000,0.10276660
WOART,2016,610,1,21,20360.01000000,11267528.47000000,1178285.63000000,0.10457357
WOART,2016,610,1,22,55217.81000000,11267528.47000000,1233503.44000000,0.10947418
WOART,2016,610,1,23,41229.25000000,11267528.47000000,1274732.69000000,0.11313330
WOART,2016,610,1,24,67439.25000000,11267528.47000000,1342171.94000000,0.11911858
WOART,2016,610,1,25,23795.68000000,11267528.47000000,1365967.62000000,0.12123046
WOART,2016,610,1,26,50112.77000000,11267528.47000000,1416080.39000000,0.12567800
WOART,2016,610,1,27,42294.14000000,11267528.47000000,1458374.53000000,0.12943163
WOART,2016,610,1,28,77468.38000000,11267528.47000000,1535842.91000000,0.13630699
WOART,2016,610,1,29,104827.84000000,11267528.47000000,1640670.75000000,0.14561053
WOART,2016,610,1,30,32374.30000000,11267528.47000000,1673045.05000000,0.14848377
WOART,2016,610,1,32,38562.58000000,11267528.47000000,1711607.63000000,0.15190622
WOART,2016,610,1,33,28968.19000000,11267528.47000000,1740575.82000000,0.15447716
WOART,2016,610,1,34,15876.22000000,11267528.47000000,1756452.04000000,0.15588619
WOART,2016,610,1,36,79651.34000000,11267528.47000000,1836103.38000000,0.16295529
WOART,2016,610,1,37,38181.80000000,11267528.47000000,1874285.18000000,0.16634395
WOART,2016,610,1,38,57863.35000000,11267528.47000000,1932148.53000000,0.17147936
WOART,2016,610,1,39,2823.99000000,11267528.47000000,1934972.52000000,0.17172999
WOART,2016,610,1,41,24032.97000000,11267528.47000000,1959005.49000000,0.17386293
WOART,2016,610,1,42,37468.03000000,11267528.47000000,1996473.52000000,0.17718824
WOART,2016,610,1,43,9497.37000000,11267528.47000000,2005970.89000000,0.17803114
WOART,2016,610,1,46,10836.55000000,11267528.47000000,2016807.44000000,0.17899289
WOART,2016,610,1,47,24408.20000000,11267528.47000000,2041215.64000000,0.18115913
WOART,2016,610,1,51,11656.53000000,11267528.47000000,2052872.17000000,0.18219365
WOART,2016,610,1,54,4615.32000000,11267528.47000000,2057487.49000000,0.18260327
WOART,2016,610,2,8,4904.67000000,3666612.05000000,4904.67000000,0.00133766
WOART,2016,610,2,10,15473.23000000,3666612.05000000,20377.90000000,0.00555769
WOART,2016,610,2,11,33776.54000000,3666612.05000000,54154.44000000,0.01476961
WOART,2016,610,2,12,20782.47000000,3666612.05000000,74936.91000000,0.02043764
WOART,2016,610,2,13,105106.58000000,3666612.05000000,180043.49000000,0.04910350
WOART,2016,610,2,14,28019.17000000,3666612.05000000,208062.66000000,0.05674521
WOART,2016,610,2,15,40273.39000000,3666612.05000000,248336.05000000,0.06772902
WOART,2016,610,2,16,22478.10000000,3666612.05000000,270814.15000000,0.07385950
WOART,2016,610,2,17,50291.30000000,3666612.05000000,321105.45000000,0.08757552
WOART,2016,610,2,19,15572.51000000,3666612.05000000,336677.96000000,0.09182263
WOART,2016,610,2,20,16528.39000000,3666612.05000000,353206.35000000,0.09633044
WOART,2016,610,2,21,18031.05000000,3666612.05000000,371237.40000000,0.10124807
WOART,2016,610,2,22,53450.14000000,3666612.05000000,424687.54000000,0.11582560
WOART,2016,610,2,23,11584.18000000,3666612.05000000,436271.72000000,0.11898497
WOART,2016,610,2,24,9360.51000000,3666612.05000000,445632.23000000,0.12153787
WOART,2016,610,2,26,22869.88000000,3666612.05000000,468502.11000000,0.12777521
WOART,2016,610,2,27,2112.00000000,3666612.05000000,470614.11000000,0.12835121
WOART,2016,610,2,28,28657.02000000,3666612.05000000,499271.13000000,0.13616688
WOART,2016,610,2,29,38040.86000000,3666612.05000000,537311.99000000,0.14654182
WOART,2016,610,2,31,12707.16000000,3666612.05000000,550019.15000000,0.15000746
WOART,2016,610,2,33,38824.71000000,3666612.05000000,588843.86000000,0.16059617
WOART,2016,610,2,34,15331.24000000,3666612.05000000,604175.10000000,0.16477748
WOART,2016,610,2,42,28033.18000000,3666612.05000000,632208.28000000,0.17242301
WOART,2016,610,2,43,75.22000000,3666612.05000000,632283.50000000,0.17244352
WOART,2016,610,2,47,23975.09000000,3666612.05000000,656258.59000000,0.17898228
WOART,2016,610,2,50,15096.57000000,3666612.05000000,671355.16000000,0.18309959
WOART,2016,610,2,51,12966.95000000,3666612.05000000,684322.11000000,0.18663608
WOART,2016,610,2,52,8772.82000000,3666612.05000000,693094.93000000,0.18902871
WOART,2016,620,1,7,106421.99000000,16651819.44999999,106421.99000000,0.00639101
WOART,2016,620,1,8,43921.95000000,16651819.44999999,150343.94000000,0.00902868
WOART,2016,620,1,9,50710.70000000,16651819.44999999,201054.64000000,0.01207403
WOART,2016,620,1,10,104713.36000000,16651819.44999999,305768.00000000,0.01836244
WOART,2016,620,1,11,120580.06000000,16651819.44999999,426348.06000000,0.02560369
WOART,2016,620,1,12,72779.73000000,16651819.44999999,499127.79000000,0.02997437
WOART,2016,620,1,13,167889.40000000,16651819.44999999,667017.19000000,0.04005672
WOART,2016,620,1,14,124910.66000000,16651819.44999999,791927.85000000,0.04755804
WOART,2016,620,1,16,215731.79000000,16651819.44999999,1007659.64000000,0.06051349
WOART,2016,620,1,17,59204.76000000,16651819.44999999,1066864.40000000,0.06406894
WOART,2016,620,1,18,82968.31000000,16651819.44999999,1149832.71000000,0.06905148
WOART,2016,620,1,19,86127.70000000,16651819.44999999,1235960.41000000,0.07422375
WOART,2016,620,1,21,137660.35000000,16651819.44999999,1373620.76000000,0.08249073
WOART,2016,620,1,22,44107.50000000,16651819.44999999,1417728.26000000,0.08513954
WOART,2016,620,1,24,38440.27000000,16651819.44999999,1456168.53000000,0.08744801
WOART,2016,620,1,25,157946.24000000,16651819.44999999,1614114.77000000,0.09693324
WOART,2016,620,1,26,38498.27000000,16651819.44999999,1652613.04000000,0.09924519
WOART,2016,620,1,27,26237.31000000,16651819.44999999,1678850.35000000,0.10082084
WOART,2016,620,1,28,29699.10000000,16651819.44999999,1708549.45000000,0.10260437
WOART,2016,620,1,29,103055.33000000,16651819.44999999,1811604.78000000,0.10879320
WOART,2016,620,1,30,80379.32000000,16651819.44999999,1891984.10000000,0.11362026
WOART,2016,620,1,31,37506.74000000,16651819.44999999,1929490.84000000,0.11587267
WOART,2016,620,1,32,100724.03000000,16651819.44999999,2030214.87000000,0.12192150
WOART,2016,620,1,33,35276.70000000,16651819.44999999,2065491.57000000,0.12403999
WOART,2016,620,1,34,17669.05000000,16651819.44999999,2083160.62000000,0.12510108
WOART,2016,620,1,36,25726.70000000,16651819.44999999,2108887.32000000,0.12664606
WOART,2016,620,1,37,53334.12000000,16651819.44999999,2162221.44000000,0.12984896
WOART,2016,620,1,38,7186.15000000,16651819.44999999,2169407.59000000,0.13028051
WOART,2016,620,1,39,19462.76000000,16651819.44999999,2188870.35000000,0.13144932
WOART,2016,620,1,41,46758.19000000,16651819.44999999,2235628.54000000,0.13425731
WOART,2016,620,1,43,19378.60000000,16651819.44999999,2255007.14000000,0.13542107
WOART,2016,620,1,45,51953.63000000,16651819.44999999,2306960.77000000,0.13854106
WOART,2016,620,1,47,55421.45000000,16651819.44999999,2362382.22000000,0.14186932
WOART,2016,620,1,51,16620.29000000,16651819.44999999,2379002.51000000,0.14286742
WOART,2016,620,1,52,11740.59000000,16651819.44999999,2390743.10000000,0.14357249
WOART,2016,620,2,5,26252.74000000,5504305.08000000,26252.74000000,0.00476949
WOART,2016,620,2,7,35881.35000000,5504305.08000000,62134.09000000,0.01128827
WOART,2016,620,2,8,18390.97000000,5504305.08000000,80525.06000000,0.01462947
WOART,2016,620,2,10,25108.99000000,5504305.08000000,105634.05000000,0.01919117
WOART,2016,620,2,11,27162.18000000,5504305.08000000,132796.23000000,0.02412588
WOART,2016,620,2,12,67360.43000000,5504305.08000000,200156.66000000,0.03636366
WOART,2016,620,2,14,92561.86000000,5504305.08000000,292718.52000000,0.05317992
WOART,2016,620,2,15,80688.97000000,5504305.08000000,373407.49000000,0.06783917
WOART,2016,620,2,16,44193.75000000,5504305.08000000,417601.24000000,0.07586811
WOART,2016,620,2,17,36567.47000000,5504305.08000000,454168.71000000,0.08251154
WOART,2016,620,2,19,17497.95000000,5504305.08000000,471666.66000000,0.08569050
WOART,2016,620,2,20,27133.83000000,5504305.08000000,498800.49000000,0.09062007
WOART,2016,620,2,22,14215.06000000,5504305.08000000,513015.55000000,0.09320260
WOART,2016,620,2,23,51979.68000000,5504305.08000000,564995.23000000,0.10264606
WOART,2016,620,2,24,18640.35000000,5504305.08000000,583635.58000000,0.10603256
WOART,2016,620,2,25,15623.76000000,5504305.08000000,599259.34000000,0.10887103
WOART,2016,620,2,26,15533.97000000,5504305.08000000,614793.31000000,0.11169317
WOART,2016,620,2,28,11286.69000000,5504305.08000000,626080.00000000,0.11374370
WOART,2016,620,2,29,14796.30000000,5504305.08000000,640876.30000000,0.11643183
WOART,2016,620,2,30,64985.21000000,5504305.08000000,705861.51000000,0.12823808
WOART,2016,620,2,31,32482.07000000,5504305.08000000,738343.58000000,0.13413929
WOART,2016,620,2,32,84054.07000000,5504305.08000000,822397.65000000,0.14940990
WOART,2016,620,2,33,22436.98000000,5504305.08000000,844834.63000000,0.15348616
WOART,2016,620,2,34,10171.02000000,5504305.08000000,855005.65000000,0.15533399
WOART,2016,620,2,35,11832.16000000,5504305.08000000,866837.81000000,0.15748361
WOART,2016,620,2,37,20012.32000000,5504305.08000000,886850.13000000,0.16111936
WOART,2016,620,2,38,10033.75000000,5504305.08000000,896883.88000000,0.16294225
WOART,2016,620,2,40,10853.67000000,5504305.08000000,907737.55000000,0.16491411
WOART,2016,620,2,41,10265.87000000,5504305.08000000,918003.42000000,0.16677917
WOART,2016,620,2,44,12330.92000000,5504305.08000000,930334.34000000,0.16901940
WOART,2016,630,1,6,48446.69000000,16804005.84999999,48446.69000000,0.00288304
WOART,2016,630,1,7,62584.53000000,16804005.84999999,111031.22000000,0.00660743
WOART,2016,630,1,8,60622.61000000,16804005.84999999,171653.83000000,0.01021505
WOART,2016,630,1,9,82542.83000000,16804005.84999999,254196.66000000,0.01512715
WOART,2016,630,1,10,106096.63000000,16804005.84999999,360293.29000000,0.02144092
WOART,2016,630,1,11,101054.71000000,16804005.84999999,461348.00000000,0.02745464
WOART,2016,630,1,12,90932.02000000,16804005.84999999,552280.02000000,0.03286597
WOART,2016,630,1,13,27452.72000000,16804005.84999999,579732.74000000,0.03449967
WOART,2016,630,1,14,189827.40000000,16804005.84999999,769560.14000000,0.04579623
WOART,2016,630,1,15,124815.03000000,16804005.84999999,894375.17000000,0.05322393
WOART,2016,630,1,16,29363.90000000,16804005.84999999,923739.07000000,0.05497136
WOART,2016,630,1,17,130873.23000000,16804005.84999999,1054612.30000000,0.06275958
WOART,2016,630,1,18,28805.58000000,16804005.84999999,1083417.88000000,0.06447379
WOART,2016,630,1,19,20112.82000000,16804005.84999999,1103530.70000000,0.06567069
WOART,2016,630,1,20,90.51000000,16804005.84999999,1103621.21000000,0.06567608
WOART,2016,630,1,21,35257.09000000,16804005.84999999,1138878.30000000,0.06777421
WOART,2016,630,1,22,71671.61000000,16804005.84999999,1210549.91000000,0.07203936
WOART,2016,630,1,23,116401.36000000,16804005.84999999,1326951.27000000,0.07896637
WOART,2016,630,1,24,88091.29000000,16804005.84999999,1415042.56000000,0.08420864
WOART,2016,630,1,25,83000.57000000,16804005.84999999,1498043.13000000,0.08914798
WOART,2016,630,1,26,94071.05000000,16804005.84999999,1592114.18000000,0.09474611
WOART,2016,630,1,27,98267.48000000,16804005.84999999,1690381.66000000,0.10059397
WOART,2016,630,1,28,77930.99000000,16804005.84999999,1768312.65000000,0.10523161
WOART,2016,630,1,29,39850.94000000,16804005.84999999,1808163.59000000,0.10760313
WOART,2016,630,1,30,64177.39000000,16804005.84999999,1872340.98000000,0.11142230
WOART,2016,630,1,32,27878.04000000,16804005.84999999,1900219.02000000,0.11308131
WOART,2016,630,1,33,15806.01000000,16804005.84999999,1916025.03000000,0.11402192
WOART,2016,630,1,35,28274.60000000,16804005.84999999,1944299.63000000,0.11570453
WOART,2016,630,1,36,45954.04000000,16804005.84999999,1990253.67000000,0.11843924
WOART,2016,630,1,37,13568.28000000,16804005.84999999,2003821.95000000,0.11924668
WOART,2016,630,1,38,44554.27000000,16804005.84999999,2048376.22000000,0.12189809
WOART,2016,630,1,43,46395.81000000,16804005.84999999,2094772.03000000,0.12465909
WOART,2016,630,1,44,10855.12000000,16804005.84999999,2105627.15000000,0.12530507
WOART,2016,630,1,45,11271.86000000,16804005.84999999,2116899.01000000,0.12597586
WOART,2016,630,1,47,18269.08000000,16804005.84999999,2135168.09000000,0.12706304
WOART,2016,630,1,49,27067.68000000,16804005.84999999,2162235.77000000,0.12867383
WOART,2016,630,1,50,9684.95000000,16804005.84999999,2171920.72000000,0.12925018
WOART,2016,630,1,51,1479.04000000,16804005.84999999,2173399.76000000,0.12933819
WOART,2016,630,1,53,19409.20000000,16804005.84999999,2192808.96000000,0.13049323
WOART,2016,630,1,54,3631.96000000,16804005.84999999,2196440.92000000,0.13070936
WOART,2016,630,1,55,20665.73000000,16804005.84999999,2217106.65000000,0.13193917
WOART,2016,630,2,8,19941.42000000,4488533.38000000,19941.42000000,0.00444275
WOART,2016,630,2,9,2870.53000000,4488533.38000000,22811.95000000,0.00508227
WOART,2016,630,2,10,12325.37000000,4488533.38000000,35137.32000000,0.00782824
WOART,2016,630,2,11,21913.94000000,4488533.38000000,57051.26000000,0.01271045
WOART,2016,630,2,12,24896.25000000,4488533.38000000,81947.51000000,0.01825708
WOART,2016,630,2,15,26436.12000000,4488533.38000000,108383.63000000,0.02414678
WOART,2016,630,2,16,52759.48000000,4488533.38000000,161143.11000000,0.03590106
WOART,2016,630,2,17,35274.39000000,4488533.38000000,196417.50000000,0.04375984
WOART,2016,630,2,19,25593.02000000,4488533.38000000,222010.52000000,0.04946171
WOART,2016,630,2,20,19475.66000000,4488533.38000000,241486.18000000,0.05380069
WOART,2016,630,2,21,65404.39000000,4488533.38000000,306890.57000000,0.06837213
WOART,2016,630,2,22,17426.59000000,4488533.38000000,324317.16000000,0.07225459
WOART,2016,630,2,23,21293.74000000,4488533.38000000,345610.90000000,0.07699863
WOART,2016,630,2,24,21427.92000000,4488533.38000000,367038.82000000,0.08177255
WOART,2016,630,2,25,14148.13000000,4488533.38000000,381186.95000000,0.08492461
WOART,2016,630,2,26,11981.63000000,4488533.38000000,393168.58000000,0.08759400
WOART,2016,630,2,28,17240.64000000,4488533.38000000,410409.22000000,0.09143504
WOART,2016,630,2,30,57563.87000000,4488533.38000000,467973.09000000,0.10425969
WOART,2016,630,2,31,19997.04000000,4488533.38000000,487970.13000000,0.10871483
WOART,2016,630,2,33,783.22000000,4488533.38000000,488753.35000000,0.10888932
WOART,2016,630,2,37,18945.35000000,4488533.38000000,507698.70000000,0.11311015
WOART,2016,630,2,40,12113.53000000,4488533.38000000,519812.23000000,0.11580893
WOART,2016,630,2,49,8588.59000000,4488533.38000000,528400.82000000,0.11772238
WOART,2016,630,2,51,-296.01000000,4488533.38000000,528104.81000000,0.11765643
WOART,2016,640,1,7,28876.52000000,19707930.73000002,28876.52000000,0.00146522
WOART,2016,640,1,9,223750.54000000,19707930.73000002,252627.06000000,0.01281855
WOART,2016,640,1,10,215927.56000000,19707930.73000002,468554.62000000,0.02377493
WOART,2016,640,1,11,85878.49000000,19707930.73000002,554433.11000000,0.02813249
WOART,2016,640,1,12,31245.79000000,19707930.73000002,585678.90000000,0.02971793
WOART,2016,640,1,13,54988.54000000,19707930.73000002,640667.44000000,0.03250810
WOART,2016,640,1,14,77649.97000000,19707930.73000002,718317.41000000,0.03644814
WOART,2016,640,1,15,160867.29000000,19707930.73000002,879184.70000000,0.04461071
WOART,2016,640,1,16,39791.90000000,19707930.73000002,918976.60000000,0.04662979
WOART,2016,640,1,17,74995.11000000,19707930.73000002,993971.71000000,0.05043511
WOART,2016,640,1,18,140522.36000000,19707930.73000002,1134494.07000000,0.05756536
WOART,2016,640,1,19,207401.80000000,19707930.73000002,1341895.87000000,0.06808913
WOART,2016,640,1,20,149270.61000000,19707930.73000002,1491166.48000000,0.07566327
WOART,2016,640,1,21,110478.73000000,19707930.73000002,1601645.21000000,0.08126907
WOART,2016,640,1,22,47186.80000000,19707930.73000002,1648832.01000000,0.08366338
WOART,2016,640,1,23,21487.68000000,19707930.73000002,1670319.69000000,0.08475368
WOART,2016,640,1,24,50558.43000000,19707930.73000002,1720878.12000000,0.08731907
WOART,2016,640,1,25,78542.09000000,19707930.73000002,1799420.21000000,0.09130437
WOART,2016,640,1,26,108237.88000000,19707930.73000002,1907658.09000000,0.09679647
WOART,2016,640,1,27,20682.77000000,19707930.73000002,1928340.86000000,0.09784593
WOART,2016,640,1,28,58355.97000000,19707930.73000002,1986696.83000000,0.10080697
WOART,2016,640,1,29,35656.57000000,19707930.73000002,2022353.40000000,0.10261622
WOART,2016,640,1,30,63036.34000000,19707930.73000002,2085389.74000000,0.10581475
WOART,2016,640,1,31,30097.17000000,19707930.73000002,2115486.91000000,0.10734191
WOART,2016,640,1,32,48183.57000000,19707930.73000002,2163670.48000000,0.10978679
WOART,2016,640,1,33,18483.93000000,19707930.73000002,2182154.41000000,0.11072468
WOART,2016,640,1,35,88069.71000000,19707930.73000002,2270224.12000000,0.11519343
WOART,2016,640,1,36,64518.22000000,19707930.73000002,2334742.34000000,0.11846715
WOART,2016,640,1,37,1625.85000000,19707930.73000002,2336368.19000000,0.11854964
WOART,2016,640,1,38,38468.88000000,19707930.73000002,2374837.07000000,0.12050159
WOART,2016,640,1,39,66457.32000000,19707930.73000002,2441294.39000000,0.12387370
WOART,2016,640,1,40,11665.14000000,19707930.73000002,2452959.53000000,0.12446561
WOART,2016,640,1,41,237.99000000,19707930.73000002,2453197.52000000,0.12447768
WOART,2016,640,1,42,18648.74000000,19707930.73000002,2471846.26000000,0.12542394
WOART,2016,640,1,43,25406.39000000,19707930.73000002,2497252.65000000,0.12671308
WOART,2016,640,1,44,15198.02000000,19707930.73000002,2512450.67000000,0.12748425
WOART,2016,640,1,46,18149.59000000,19707930.73000002,2530600.26000000,0.12840517
WOART,2016,640,1,48,34674.29000000,19707930.73000002,2565274.55000000,0.13016458
WOART,2016,640,1,49,4180.26000000,19707930.73000002,2569454.81000000,0.13037669
WOART,2016,640,1,50,11294.13000000,19707930.73000002,2580748.94000000,0.13094977
WOART,2016,640,1,53,4542.80000000,19707930.73000002,2585291.74000000,0.13118027
WOART,2016,640,1,55,3073.66000000,19707930.73000002,2588365.40000000,0.13133623
WOART,2016,640,2,8,71660.37000000,4765526.47000000,71660.37000000,0.01503724
WOART,2016,640,2,10,29461.19000000,4765526.47000000,101121.56000000,0.02121939
WOART,2016,640,2,11,5161.31000000,4765526.47000000,106282.87000000,0.02230244
WOART,2016,640,2,12,23594.50000000,4765526.47000000,129877.37000000,0.02725352
WOART,2016,640,2,13,15758.16000000,4765526.47000000,145635.53000000,0.03056022
WOART,2016,640,2,14,36162.22000000,4765526.47000000,181797.75000000,0.03814851
WOART,2016,640,2,15,16669.70000000,4765526.47000000,198467.45000000,0.04164649
WOART,2016,640,2,17,37977.59000000,4765526.47000000,236445.04000000,0.04961572
WOART,2016,640,2,18,27375.21000000,4765526.47000000,263820.25000000,0.05536015
WOART,2016,640,2,20,46744.52000000,4765526.47000000,310564.77000000,0.06516904
WOART,2016,640,2,21,27031.84000000,4765526.47000000,337596.61000000,0.07084141
WOART,2016,640,2,23,17893.72000000,4765526.47000000,355490.33000000,0.07459623
WOART,2016,640,2,25,1308.47000000,4765526.47000000,356798.80000000,0.07487080
WOART,2016,640,2,27,16997.89000000,4765526.47000000,373796.69000000,0.07843765
WOART,2016,640,2,31,15509.98000000,4765526.47000000,389306.67000000,0.08169227
WOART,2016,640,2,36,10258.34000000,4765526.47000000,399565.01000000,0.08384488
WOART,2016,640,2,37,31733.75000000,4765526.47000000,431298.76000000,0.09050391
WOART,2016,640,2,38,19360.14000000,4765526.47000000,450658.90000000,0.09456645
WOART,2016,640,2,39,43167.26000000,4765526.47000000,493826.16000000,0.10362468
WOART,2016,640,2,43,10397.60000000,4765526.47000000,504223.76000000,0.10580652
WOART,2016,640,2,48,16973.32000000,4765526.47000000,521197.08000000,0.10936821
WOART,2016,640,2,51,12136.45000000,4765526.47000000,533333.53000000,0.11191492
WOART,2016,650,1,6,60457.39000000,31979510.94999994,60457.39000000,0.00189050
WOART,2016,650,1,7,76499.46000000,31979510.94999994,136956.85000000,0.00428264
WOART,2016,650,1,8,60550.55000000,31979510.94999994,197507.40000000,0.00617606
WOART,2016,650,1,9,101056.84000000,31979510.94999994,298564.24000000,0.00933611
WOART,2016,650,1,10,77716.21000000,31979510.94999994,376280.45000000,0.01176630
WOART,2016,650,1,11,70556.74000000,31979510.94999994,446837.19000000,0.01397261
WOART,2016,650,1,12,59457.00000000,31979510.94999994,506294.19000000,0.01583183
WOART,2016,650,1,13,23618.54000000,31979510.94999994,529912.73000000,0.01657038
WOART,2016,650,1,14,25644.24000000,31979510.94999994,555556.97000000,0.01737228
WOART,2016,650,1,15,92623.56000000,31979510.94999994,648180.53000000,0.02026862
WOART,2016,650,1,16,64453.48000000,31979510.94999994,712634.01000000,0.02228408
WOART,2016,650,1,17,30685.58000000,31979510.94999994,743319.59000000,0.02324362
WOART,2016,650,1,18,58722.74000000,31979510.94999994,802042.33000000,0.02507988
WOART,2016,650,1,19,176191.31000000,31979510.94999994,978233.64000000,0.03058939
WOART,2016,650,1,20,75993.45000000,31979510.94999994,1054227.09000000,0.03296570
WOART,2016,650,1,21,25055.19000000,31979510.94999994,1079282.28000000,0.03374918
WOART,2016,650,1,22,133247.30000000,31979510.94999994,1212529.58000000,0.03791583
WOART,2016,650,1,23,80292.19000000,31979510.94999994,1292821.77000000,0.04042656
WOART,2016,650,1,24,69048.44000000,31979510.94999994,1361870.21000000,0.04258571
WOART,2016,650,1,25,100349.33000000,31979510.94999994,1462219.54000000,0.04572364
WOART,2016,650,1,26,82236.93000000,31979510.94999994,1544456.47000000,0.04829519
WOART,2016,650,1,27,100893.62000000,31979510.94999994,1645350.09000000,0.05145013
WOART,2016,650,1,28,25265.63000000,31979510.94999994,1670615.72000000,0.05224019
WOART,2016,650,1,29,65859.74000000,31979510.94999994,1736475.46000000,0.05429963
WOART,2016,650,1,30,22905.95000000,31979510.94999994,1759381.41000000,0.05501589
WOART,2016,650,1,31,44697.94000000,31979510.94999994,1804079.35000000,0.05641360
WOART,2016,650,1,32,88545.75000000,31979510.94999994,1892625.10000000,0.05918243
WOART,2016,650,1,33,39195.01000000,31979510.94999994,1931820.11000000,0.06040806
WOART,2016,650,1,35,16353.28000000,31979510.94999994,1948173.39000000,0.06091942
WOART,2016,650,1,36,62307.00000000,31979510.94999994,2010480.39000000,0.06286777
WOART,2016,650,1,37,14696.32000000,31979510.94999994,2025176.71000000,0.06332732
WOART,2016,650,1,38,74368.65000000,31979510.94999994,2099545.36000000,0.06565283
WOART,2016,650,1,39,19396.67000000,31979510.94999994,2118942.03000000,0.06625936
WOART,2016,650,1,40,7384.18000000,31979510.94999994,2126326.21000000,0.06649027
WOART,2016,650,1,44,43043.65000000,31979510.94999994,2169369.86000000,0.06783624
WOART,2016,650,1,45,13659.69000000,31979510.94999994,2183029.55000000,0.06826338
WOART,2016,650,1,46,39733.33000000,31979510.94999994,2222762.88000000,0.06950584
WOART,2016,650,1,47,3488.73000000,31979510.94999994,2226251.61000000,0.06961494
WOART,2016,650,1,48,20243.83000000,31979510.94999994,2246495.44000000,0.07024796
WOART,2016,650,1,52,7485.89000000,31979510.94999994,2253981.33000000,0.07048205
WOART,2016,650,1,53,11454.56000000,31979510.94999994,2265435.89000000,0.07084023
WOART,2016,650,1,59,9462.13000000,31979510.94999994,2274898.02000000,0.07113611
WOART,2016,650,1,61,11950.61000000,31979510.94999994,2286848.63000000,0.07150981
WOART,2016,650,1,64,11035.96000000,31979510.94999994,2297884.59000000,0.07185490
WOART,2016,650,1,65,6081.56000000,31979510.94999994,2303966.15000000,0.07204507
WOART,2016,650,1,67,8362.62000000,31979510.94999994,2312328.77000000,0.07230657
WOART,2016,650,1,73,5855.52000000,31979510.94999994,2318184.29000000,0.07248967
WOART,2016,650,1,74,4474.51000000,31979510.94999994,2322658.80000000,0.07262959
WOART,2016,650,1,75,12239.00000000,31979510.94999994,2334897.80000000,0.07301230
WOART,2016,650,1,76,1192.05000000,31979510.94999994,2336089.85000000,0.07304958
WOART,2016,650,1,78,411.14000000,31979510.94999994,2336500.99000000,0.07306244
WOART,2016,650,1,80,964.30000000,31979510.94999994,2337465.29000000,0.07309259
WOART,2016,650,1,81,4375.62000000,31979510.94999994,2341840.91000000,0.07322942
WOART,2016,650,1,82,296.13000000,31979510.94999994,2342137.04000000,0.07323868
WOART,2016,650,1,84,2302.51000000,31979510.94999994,2344439.55000000,0.07331068
WOART,2016,650,2,3,18873.60000000,6104377.28000000,18873.60000000,0.00309181
WOART,2016,650,2,4,0.00000000,6104377.28000000,18873.60000000,0.00309181
WOART,2016,650,2,8,19332.74000000,6104377.28000000,38206.34000000,0.00625884
WOART,2016,650,2,9,18212.94000000,6104377.28000000,56419.28000000,0.00924243
WOART,2016,650,2,10,18768.67000000,6104377.28000000,75187.95000000,0.01231705
WOART,2016,650,2,11,18349.71000000,6104377.28000000,93537.66000000,0.01532305
WOART,2016,650,2,12,48253.91000000,6104377.28000000,141791.57000000,0.02322785
WOART,2016,650,2,13,31096.11000000,6104377.28000000,172887.68000000,0.02832192
WOART,2016,650,2,14,33229.66000000,6104377.28000000,206117.34000000,0.03376550
WOART,2016,650,2,15,19390.83000000,6104377.28000000,225508.17000000,0.03694204
WOART,2016,650,2,16,15721.40000000,6104377.28000000,241229.57000000,0.03951747
WOART,2016,650,2,17,24260.69000000,6104377.28000000,265490.26000000,0.04349178
WOART,2016,650,2,18,23944.96000000,6104377.28000000,289435.22000000,0.04741437
WOART,2016,650,2,19,37761.09000000,6104377.28000000,327196.31000000,0.05360028
WOART,2016,650,2,20,17784.30000000,6104377.28000000,344980.61000000,0.05651364
WOART,2016,650,2,22,34703.05000000,6104377.28000000,379683.66000000,0.06219859
WOART,2016,650,2,23,479.37000000,6104377.28000000,380163.03000000,0.06227712
WOART,2016,650,2,24,15301.87000000,6104377.28000000,395464.90000000,0.06478382
WOART,2016,650,2,25,27183.66000000,6104377.28000000,422648.56000000,0.06923697
WOART,2016,650,2,27,42886.71000000,6104377.28000000,465535.27000000,0.07626253
WOART,2016,650,2,28,24479.96000000,6104377.28000000,490015.23000000,0.08027276
WOART,2016,650,2,29,8648.86000000,6104377.28000000,498664.09000000,0.08168959
WOART,2016,650,2,32,1658.45000000,6104377.28000000,500322.54000000,0.08196127
WOART,2016,650,2,39,11257.49000000,6104377.28000000,511580.03000000,0.08380544
WOART,2016,650,2,50,17549.90000000,6104377.28000000,529129.93000000,0.08668041
WOART,2016,650,2,51,13768.37000000,6104377.28000000,542898.30000000,0.08893590
WOART,2016,650,2,52,38981.71000000,6104377.28000000,581880.01000000,0.09532176
WOART,2016,650,2,57,969.03000000,6104377.28000000,582849.04000000,0.09548051
WOART,2016,650,2,66,4071.54000000,6104377.28000000,586920.58000000,0.09614749
WOART,2016,650,2,69,7913.02000000,6104377.28000000,594833.60000000,0.09744378
WOART,2016,650,2,82,93.11000000,6104377.28000000,594926.71000000,0.09745903
WOART,2016,660,1,5,33624.16000000,38032342.03999997,33624.16000000,0.00088409
WOART,2016,660,1,6,116191.37000000,38032342.03999997,149815.53000000,0.00393916
WOART,2016,660,1,7,25084.98000000,38032342.03999997,174900.51000000,0.00459873
WOART,2016,660,1,8,31965.83000000,38032342.03999997,206866.34000000,0.00543922
WOART,2016,660,1,9,124713.67000000,38032342.03999997,331580.01000000,0.00871837
WOART,2016,660,1,10,129415.26000000,38032342.03999997,460995.27000000,0.01212114
WOART,2016,660,1,11,158955.68000000,38032342.03999997,619950.95000000,0.01630063
WOART,2016,660,1,12,142542.39000000,38032342.03999997,762493.34000000,0.02004855
WOART,2016,660,1,13,107914.00000000,38032342.03999997,870407.34000000,0.02288598
WOART,2016,660,1,14,73783.00000000,38032342.03999997,944190.34000000,0.02482598
WOART,2016,660,1,15,71466.73000000,38032342.03999997,1015657.07000000,0.02670509
WOART,2016,660,1,16,54302.22000000,38032342.03999997,1069959.29000000,0.02813288
WOART,2016,660,1,17,125874.48000000,38032342.03999997,1195833.77000000,0.03144255
WOART,2016,660,1,18,101069.20000000,38032342.03999997,1296902.97000000,0.03410000
WOART,2016,660,1,19,150101.21000000,38032342.03999997,1447004.18000000,0.03804668
WOART,2016,660,1,20,17713.33000000,38032342.03999997,1464717.51000000,0.03851242
WOART,2016,660,1,21,72611.01000000,38032342.03999997,1537328.52000000,0.04042161
WOART,2016,660,1,22,168617.49000000,38032342.03999997,1705946.01000000,0.04485514
WOART,2016,660,1,23,196116.82000000,38032342.03999997,1902062.83000000,0.05001172
WOART,2016,660,1,24,36607.67000000,38032342.03999997,1938670.50000000,0.05097426
WOART,2016,660,1,25,51299.55000000,38032342.03999997,1989970.05000000,0.05232310
WOART,2016,660,1,26,96809.80000000,38032342.03999997,2086779.85000000,0.05486856
WOART,2016,660,1,27,51487.48000000,38032342.03999997,2138267.33000000,0.05622234
WOART,2016,660,1,28,143821.88000000,38032342.03999997,2282089.21000000,0.06000391
WOART,2016,660,1,29,73889.75000000,38032342.03999997,2355978.96000000,0.06194672
WOART,2016,660,1,30,40006.95000000,38032342.03999997,2395985.91000000,0.06299864
WOART,2016,660,1,31,31137.36000000,38032342.03999997,2427123.27000000,0.06381735
WOART,2016,660,1,32,104637.84000000,38032342.03999997,2531761.11000000,0.06656864
WOART,2016,660,1,33,28181.51000000,38032342.03999997,2559942.62000000,0.06730962
WOART,2016,660,1,34,26976.75000000,38032342.03999997,2586919.37000000,0.06801893
WOART,2016,660,1,35,88945.91000000,38032342.03999997,2675865.28000000,0.07035763
WOART,2016,660,1,36,80006.91000000,38032342.03999997,2755872.19000000,0.07246128
WOART,2016,660,1,37,108811.62000000,38032342.03999997,2864683.81000000,0.07532231
WOART,2016,660,1,38,57675.67000000,38032342.03999997,2922359.48000000,0.07683880
WOART,2016,660,1,40,25423.73000000,38032342.03999997,2947783.21000000,0.07750728
WOART,2016,660,1,42,40412.84000000,38032342.03999997,2988196.05000000,0.07856987
WOART,2016,660,1,43,20395.17000000,38032342.03999997,3008591.22000000,0.07910613
WOART,2016,660,1,45,14677.52000000,38032342.03999997,3023268.74000000,0.07949205
WOART,2016,660,1,46,29777.70000000,38032342.03999997,3053046.44000000,0.08027500
WOART,2016,660,1,48,15340.42000000,38032342.03999997,3068386.86000000,0.08067836
WOART,2016,660,1,49,54005.35000000,38032342.03999997,3122392.21000000,0.08209834
WOART,2016,660,1,52,10357.20000000,38032342.03999997,3132749.41000000,0.08237067
WOART,2016,660,1,53,30870.75000000,38032342.03999997,3163620.16000000,0.08318237
WOART,2016,660,1,58,6840.36000000,38032342.03999997,3170460.52000000,0.08336222
WOART,2016,660,1,60,17125.05000000,38032342.03999997,3187585.57000000,0.08381250
WOART,2016,660,1,63,7206.14000000,38032342.03999997,3194791.71000000,0.08400197
WOART,2016,660,1,65,11512.18000000,38032342.03999997,3206303.89000000,0.08430467
WOART,2016,660,1,66,6219.53000000,38032342.03999997,3212523.42000000,0.08446820
WOART,2016,660,1,74,1449.52000000,38032342.03999997,3213972.94000000,0.08450631
WOART,2016,660,1,75,0.00000000,38032342.03999997,3213972.94000000,0.08450631
WOART,2016,660,1,77,3020.62000000,38032342.03999997,3216993.56000000,0.08458573
WOART,2016,660,1,78,1046.00000000,38032342.03999997,3218039.56000000,0.08461324
WOART,2016,660,1,79,5053.10000000,38032342.03999997,3223092.66000000,0.08474610
WOART,2016,660,1,81,614.96000000,38032342.03999997,3223707.62000000,0.08476227
WOART,2016,660,1,82,1559.61000000,38032342.03999997,3225267.23000000,0.08480328
WOART,2016,660,2,10,20306.26000000,5110940.98000000,20306.26000000,0.00397310
WOART,2016,660,2,12,43614.66000000,5110940.98000000,63920.92000000,0.01250668
WOART,2016,660,2,13,26545.33000000,5110940.98000000,90466.25000000,0.01770051
WOART,2016,660,2,14,25649.96000000,5110940.98000000,116116.21000000,0.02271915
WOART,2016,660,2,17,2063.39000000,5110940.98000000,118179.60000000,0.02312287
WOART,2016,660,2,18,17488.96000000,5110940.98000000,135668.56000000,0.02654473
WOART,2016,660,2,19,10110.22000000,5110940.98000000,145778.78000000,0.02852288
WOART,2016,660,2,21,19460.62000000,5110940.98000000,165239.40000000,0.03233052
WOART,2016,660,2,25,12069.61000000,5110940.98000000,177309.01000000,0.03469205
WOART,2016,660,2,27,12296.76000000,5110940.98000000,189605.77000000,0.03709802
WOART,2016,660,2,28,11875.34000000,5110940.98000000,201481.11000000,0.03942153
WOART,2016,660,2,29,6338.61000000,5110940.98000000,207819.72000000,0.04066173
WOART,2016,660,2,31,41732.86000000,5110940.98000000,249552.58000000,0.04882713
WOART,2016,660,2,35,13276.45000000,5110940.98000000,262829.03000000,0.05142478
WOART,2016,660,2,36,-12.14000000,5110940.98000000,262816.89000000,0.05142241
WOART,2016,660,2,37,15290.71000000,5110940.98000000,278107.60000000,0.05441417
WOART,2016,660,2,40,11780.33000000,5110940.98000000,289887.93000000,0.05671909
WOART,2016,660,2,41,4231.51000000,5110940.98000000,294119.44000000,0.05754702
WOART,2016,660,2,42,1514.65000000,5110940.98000000,295634.09000000,0.05784338
WOART,2016,660,2,43,4267.20000000,5110940.98000000,299901.29000000,0.05867829
WOART,2016,660,2,48,8474.02000000,5110940.98000000,308375.31000000,0.06033631
WOART,2016,660,2,76,3002.02000000,5110940.98000000,311377.33000000,0.06092368
WOART,2016,670,1,4,41667.71000000,39949581.67999998,41667.71000000,0.00104301
WOART,2016,670,1,6,26705.24000000,39949581.67999998,68372.95000000,0.00171148
WOART,2016,670,1,8,138601.67000000,39949581.67999998,206974.62000000,0.00518090
WOART,2016,670,1,9,58484.34000000,39949581.67999998,265458.96000000,0.00664485
WOART,2016,670,1,10,41895.90000000,39949581.67999998,307354.86000000,0.00769357
WOART,2016,670,1,11,85029.12000000,39949581.67999998,392383.98000000,0.00982198
WOART,2016,670,1,12,67261.30000000,39949581.67999998,459645.28000000,0.01150563
WOART,2016,670,1,13,102369.49000000,39949581.67999998,562014.77000000,0.01406810
WOART,2016,670,1,14,40935.33000000,39949581.67999998,602950.10000000,0.01509278
WOART,2016,670,1,15,59996.60000000,39949581.67999998,662946.70000000,0.01659458
WOART,2016,670,1,16,71631.36000000,39949581.67999998,734578.06000000,0.01838763
WOART,2016,670,1,17,110677.45000000,39949581.67999998,845255.51000000,0.02115806
WOART,2016,670,1,18,28736.15000000,39949581.67999998,873991.66000000,0.02187737
WOART,2016,670,1,19,36719.28000000,39949581.67999998,910710.94000000,0.02279651
WOART,2016,670,1,20,90383.83000000,39949581.67999998,1001094.77000000,0.02505896
WOART,2016,670,1,21,141924.33000000,39949581.67999998,1143019.10000000,0.02861154
WOART,2016,670,1,22,176041.68000000,39949581.67999998,1319060.78000000,0.03301814
WOART,2016,670,1,23,50824.52000000,39949581.67999998,1369885.30000000,0.03429035
WOART,2016,670,1,24,65068.51000000,39949581.67999998,1434953.81000000,0.03591912
WOART,2016,670,1,25,59858.75000000,39949581.67999998,1494812.56000000,0.03741748
WOART,2016,670,1,26,20944.23000000,39949581.67999998,1515756.79000000,0.03794174
WOART,2016,670,1,27,46189.36000000,39949581.67999998,1561946.15000000,0.03909794
WOART,2016,670,1,28,28436.56000000,39949581.67999998,1590382.71000000,0.03980975
WOART,2016,670,1,29,82350.47000000,39949581.67999998,1672733.18000000,0.04187111
WOART,2016,670,1,30,446.15000000,39949581.67999998,1673179.33000000,0.04188227
WOART,2016,670,1,31,37214.84000000,39949581.67999998,1710394.17000000,0.04281382
WOART,2016,670,1,32,85017.41000000,39949581.67999998,1795411.58000000,0.04494194
WOART,2016,670,1,33,22203.43000000,39949581.67999998,1817615.01000000,0.04549772
WOART,2016,670,1,34,50364.98000000,39949581.67999998,1867979.99000000,0.04675844
WOART,2016,670,1,36,63099.60000000,39949581.67999998,1931079.59000000,0.04833792
WOART,2016,670,1,37,31148.97000000,39949581.67999998,1962228.56000000,0.04911762
WOART,2016,670,1,38,1019.10000000,39949581.67999998,1963247.66000000,0.04914313
WOART,2016,670,1,39,44108.47000000,39949581.67999998,2007356.13000000,0.05024724
WOART,2016,670,1,40,91148.90000000,39949581.67999998,2098505.03000000,0.05252884
WOART,2016,670,1,41,54074.36000000,39949581.67999998,2152579.39000000,0.05388240
WOART,2016,670,1,44,1475.57000000,39949581.67999998,2154054.96000000,0.05391934
WOART,2016,670,1,47,13902.69000000,39949581.67999998,2167957.65000000,0.05426734
WOART,2016,670,1,48,22045.62000000,39949581.67999998,2190003.27000000,0.05481918
WOART,2016,670,1,49,28544.03000000,39949581.67999998,2218547.30000000,0.05553368
WOART,2016,670,1,51,855.21000000,39949581.67999998,2219402.51000000,0.05555509
WOART,2016,670,1,52,37894.46000000,39949581.67999998,2257296.97000000,0.05650364
WOART,2016,670,1,56,1802.15000000,39949581.67999998,2259099.12000000,0.05654876
WOART,2016,670,1,59,11104.15000000,39949581.67999998,2270203.27000000,0.05682671
WOART,2016,670,1,61,19034.33000000,39949581.67999998,2289237.60000000,0.05730317
WOART,2016,670,1,70,13944.47000000,39949581.67999998,2303182.07000000,0.05765222
WOART,2016,670,1,76,2850.76000000,39949581.67999998,2306032.83000000,0.05772358
WOART,2016,670,1,79,9043.32000000,39949581.67999998,2315076.15000000,0.05794995
WOART,2016,670,1,80,5056.02000000,39949581.67999998,2320132.17000000,0.05807651
WOART,2016,670,2,11,36454.49000000,4904600.54000000,36454.49000000,0.00743271
WOART,2016,670,2,17,23218.05000000,4904600.54000000,59672.54000000,0.01216665
WOART,2016,670,2,18,39121.73000000,4904600.54000000,98794.27000000,0.02014318
WOART,2016,670,2,23,12383.10000000,4904600.54000000,111177.37000000,0.02266798
WOART,2016,670,2,25,17902.65000000,4904600.54000000,129080.02000000,0.02631815
WOART,2016,670,2,26,21639.30000000,4904600.54000000,150719.32000000,0.03073019
WOART,2016,670,2,28,9472.04000000,4904600.54000000,160191.36000000,0.03266145
WOART,2016,670,2,33,22487.99000000,4904600.54000000,182679.35000000,0.03724653
WOART,2016,670,2,37,27150.25000000,4904600.54000000,209829.60000000,0.04278220
WOART,2016,670,2,45,2667.22000000,4904600.54000000,212496.82000000,0.04332602
WOART,2016,670,2,48,10147.20000000,4904600.54000000,222644.02000000,0.04539493
WOART,2016,670,2,50,14416.28000000,4904600.54000000,237060.30000000,0.04833427
WOART,2016,670,2,53,3786.73000000,4904600.54000000,240847.03000000,0.04910635
WOART,2016,680,1,8,58591.36000000,40891929.57000004,58591.36000000,0.00143283
WOART,2016,680,1,12,24122.57000000,40891929.57000004,82713.93000000,0.00202274
WOART,2016,680,1,13,88766.45000000,40891929.57000004,171480.38000000,0.00419350
WOART,2016,680,1,14,57288.85000000,40891929.57000004,228769.23000000,0.00559448
WOART,2016,680,1,16,106846.76000000,40891929.57000004,335615.99000000,0.00820739
WOART,2016,680,1,17,22477.69000000,40891929.57000004,358093.68000000,0.00875707
WOART,2016,680,1,18,36959.46000000,40891929.57000004,395053.14000000,0.00966091
WOART,2016,680,1,19,51747.26000000,40891929.57000004,446800.40000000,0.01092637
WOART,2016,680,1,20,139201.42000000,40891929.57000004,586001.82000000,0.01433050
WOART,2016,680,1,21,131159.77000000,40891929.57000004,717161.59000000,0.01753797
WOART,2016,680,1,22,26727.75000000,40891929.57000004,743889.34000000,0.01819159
WOART,2016,680,1,23,28942.24000000,40891929.57000004,772831.58000000,0.01889937
WOART,2016,680,1,24,28958.67000000,40891929.57000004,801790.25000000,0.01960754
WOART,2016,680,1,25,25123.41000000,40891929.57000004,826913.66000000,0.02022193
WOART,2016,680,1,26,27129.82000000,40891929.57000004,854043.48000000,0.02088538
WOART,2016,680,1,27,44942.67000000,40891929.57000004,898986.15000000,0.02198444
WOART,2016,680,1,29,97768.15000000,40891929.57000004,996754.30000000,0.02437533
WOART,2016,680,1,30,35330.06000000,40891929.57000004,1032084.36000000,0.02523932
WOART,2016,680,1,31,18800.96000000,40891929.57000004,1050885.32000000,0.02569909
WOART,2016,680,1,32,28498.26000000,40891929.57000004,1079383.58000000,0.02639601
WOART,2016,680,1,34,69098.91000000,40891929.57000004,1148482.49000000,0.02808580
WOART,2016,680,1,35,14284.96000000,40891929.57000004,1162767.45000000,0.02843513
WOART,2016,680,1,36,45140.16000000,40891929.57000004,1207907.61000000,0.02953902
WOART,2016,680,1,38,32230.79000000,40891929.57000004,1240138.40000000,0.03032722
WOART,2016,680,1,39,19321.54000000,40891929.57000004,1259459.94000000,0.03079972
WOART,2016,680,1,40,20488.60000000,40891929.57000004,1279948.54000000,0.03130076
WOART,2016,680,1,42,17829.58000000,40891929.57000004,1297778.12000000,0.03173678
WOART,2016,680,1,43,28823.58000000,40891929.57000004,1326601.70000000,0.03244165
WOART,2016,680,1,44,15197.25000000,40891929.57000004,1341798.95000000,0.03281330
WOART,2016,680,1,45,32234.07000000,40891929.57000004,1374033.02000000,0.03360157
WOART,2016,680,1,46,15236.88000000,40891929.57000004,1389269.90000000,0.03397418
WOART,2016,680,1,53,14104.28000000,40891929.57000004,1403374.18000000,0.03431910
WOART,2016,680,1,55,14368.87000000,40891929.57000004,1417743.05000000,0.03467049
WOART,2016,680,1,56,3168.62000000,40891929.57000004,1420911.67000000,0.03474797
WOART,2016,680,1,60,3622.06000000,40891929.57000004,1424533.73000000,0.03483655
WOART,2016,680,1,61,7966.62000000,40891929.57000004,1432500.35000000,0.03503137
WOART,2016,680,1,64,10155.44000000,40891929.57000004,1442655.79000000,0.03527972
WOART,2016,680,1,70,1442.06000000,40891929.57000004,1444097.85000000,0.03531498
WOART,2016,680,1,73,1437.92000000,40891929.57000004,1445535.77000000,0.03535015
WOART,2016,680,1,76,2280.28000000,40891929.57000004,1447816.05000000,0.03540591
WOART,2016,680,1,77,1742.56000000,40891929.57000004,1449558.61000000,0.03544853
WOART,2016,680,1,79,1118.50000000,40891929.57000004,1450677.11000000,0.03547588
WOART,2016,680,2,8,37289.05000000,4375769.84000000,37289.05000000,0.00852171
WOART,2016,680,2,9,27790.20000000,4375769.84000000,65079.25000000,0.01487264
WOART,2016,680,2,10,17487.65000000,4375769.84000000,82566.90000000,0.01886911
WOART,2016,680,2,12,18438.12000000,4375769.84000000,101005.02000000,0.02308280
WOART,2016,680,2,14,25057.53000000,4375769.84000000,126062.55000000,0.02880923
WOART,2016,680,2,17,43004.68000000,4375769.84000000,169067.23000000,0.03863714
WOART,2016,680,2,22,13758.49000000,4375769.84000000,182825.72000000,0.04178138
WOART,2016,680,2,23,48879.52000000,4375769.84000000,231705.24000000,0.05295188
WOART,2016,680,2,26,2451.50000000,4375769.84000000,234156.74000000,0.05351212
WOART,2016,680,2,27,24428.15000000,4375769.84000000,258584.89000000,0.05909472
WOART,2016,680,2,28,28687.78000000,4375769.84000000,287272.67000000,0.06565077
WOART,2016,680,2,30,12904.15000000,4375769.84000000,300176.82000000,0.06859977
WOART,2016,680,2,37,28564.21000000,4375769.84000000,328741.03000000,0.07512759
WOART,2016,680,2,40,1147.16000000,4375769.84000000,329888.19000000,0.07538975
WOART,2016,680,2,50,8914.87000000,4375769.84000000,338803.06000000,0.07742708
WOART,2016,680,2,65,2608.77000000,4375769.84000000,341411.83000000,0.07802326
WOART,2016,680,2,68,929.77000000,4375769.84000000,342341.60000000,0.07823574
WOART,2016,680,2,77,1616.13000000,4375769.84000000,343957.73000000,0.07860508
WOART,2016,690,1,7,56191.45000000,43138245.73999998,56191.45000000,0.00130259
WOART,2016,690,1,8,31865.89000000,43138245.73999998,88057.34000000,0.00204128
WOART,2016,690,1,9,78111.75000000,43138245.73999998,166169.09000000,0.00385201
WOART,2016,690,1,10,167060.50000000,43138245.73999998,333229.59000000,0.00772469
WOART,2016,690,1,13,24603.16000000,43138245.73999998,357832.75000000,0.00829502
WOART,2016,690,1,14,94641.56000000,43138245.73999998,452474.31000000,0.01048894
WOART,2016,690,1,15,30467.08000000,43138245.73999998,482941.39000000,0.01119520
WOART,2016,690,1,16,61291.90000000,43138245.73999998,544233.29000000,0.01261603
WOART,2016,690,1,17,69384.09000000,43138245.73999998,613617.38000000,0.01422444
WOART,2016,690,1,18,24104.43000000,43138245.73999998,637721.81000000,0.01478321
WOART,2016,690,1,19,104096.24000000,43138245.73999998,741818.05000000,0.01719630
WOART,2016,690,1,20,31364.46000000,43138245.73999998,773182.51000000,0.01792336
WOART,2016,690,1,21,43673.69000000,43138245.73999998,816856.20000000,0.01893578
WOART,2016,690,1,23,27549.77000000,43138245.73999998,844405.97000000,0.01957442
WOART,2016,690,1,26,30277.38000000,43138245.73999998,874683.35000000,0.02027628
WOART,2016,690,1,27,46066.10000000,43138245.73999998,920749.45000000,0.02134416
WOART,2016,690,1,28,37518.57000000,43138245.73999998,958268.02000000,0.02221388
WOART,2016,690,1,29,57297.46000000,43138245.73999998,1015565.48000000,0.02354211
WOART,2016,690,1,30,19582.16000000,43138245.73999998,1035147.64000000,0.02399605
WOART,2016,690,1,31,90426.14000000,43138245.73999998,1125573.78000000,0.02609225
WOART,2016,690,1,34,36369.03000000,43138245.73999998,1161942.81000000,0.02693533
WOART,2016,690,1,36,28762.68000000,43138245.73999998,1190705.49000000,0.02760208
WOART,2016,690,1,37,10840.06000000,43138245.73999998,1201545.55000000,0.02785337
WOART,2016,690,1,38,9946.42000000,43138245.73999998,1211491.97000000,0.02808394
WOART,2016,690,1,39,19157.57000000,43138245.73999998,1230649.54000000,0.02852804
WOART,2016,690,1,40,30075.09000000,43138245.73999998,1260724.63000000,0.02922522
WOART,2016,690,1,41,50711.07000000,43138245.73999998,1311435.70000000,0.03040077
WOART,2016,690,1,42,63269.97000000,43138245.73999998,1374705.67000000,0.03186744
WOART,2016,690,1,43,13548.45000000,43138245.73999998,1388254.12000000,0.03218152
WOART,2016,690,1,44,12896.23000000,43138245.73999998,1401150.35000000,0.03248047
WOART,2016,690,1,48,33991.85000000,43138245.73999998,1435142.20000000,0.03326844
WOART,2016,690,1,49,24830.27000000,43138245.73999998,1459972.47000000,0.03384404
WOART,2016,690,1,50,12799.03000000,43138245.73999998,1472771.50000000,0.03414074
WOART,2016,690,1,52,23822.80000000,43138245.73999998,1496594.30000000,0.03469298
WOART,2016,690,1,53,15491.61000000,43138245.73999998,1512085.91000000,0.03505210
WOART,2016,690,1,63,13735.90000000,43138245.73999998,1525821.81000000,0.03537051
WOART,2016,690,1,73,3725.54000000,43138245.73999998,1529547.35000000,0.03545687
WOART,2016,690,1,74,196.55000000,43138245.73999998,1529743.90000000,0.03546143
WOART,2016,690,1,79,4540.75000000,43138245.73999998,1534284.65000000,0.03556669
WOART,2016,690,1,80,0.00000000,43138245.73999998,1534284.65000000,0.03556669
WOART,2016,690,1,81,2470.50000000,43138245.73999998,1536755.15000000,0.03562396
WOART,2016,690,1,82,247.59000000,43138245.73999998,1537002.74000000,0.03562970
WOART,2016,690,2,8,13526.61000000,4698056.62000000,13526.61000000,0.00287919
WOART,2016,690,2,11,31325.28000000,4698056.62000000,44851.89000000,0.00954690
WOART,2016,690,2,12,22747.09000000,4698056.62000000,67598.98000000,0.01438871
WOART,2016,690,2,13,34163.72000000,4698056.62000000,101762.70000000,0.02166059
WOART,2016,690,2,22,35659.53000000,4698056.62000000,137422.23000000,0.02925087
WOART,2016,690,2,24,38781.98000000,4698056.62000000,176204.21000000,0.03750577
WOART,2016,690,2,26,15838.60000000,4698056.62000000,192042.81000000,0.04087707
WOART,2016,690,2,28,1254.02000000,4698056.62000000,193296.83000000,0.04114400
WOART,2016,690,2,32,1376.06000000,4698056.62000000,194672.89000000,0.04143690
WOART,2016,690,2,33,1003.16000000,4698056.62000000,195676.05000000,0.04165042
WOART,2016,690,2,71,2669.76000000,4698056.62000000,198345.81000000,0.04221869
WOART,2016,690,2,74,805.40000000,4698056.62000000,199151.21000000,0.04239013
WOART,2016,690,2,79,309.37000000,4698056.62000000,199460.58000000,0.04245598
WOART,2016,690,2,82,1340.61000000,4698056.62000000,200801.19000000,0.04274133
WOART,2016,700,1,8,42704.78000000,55494708.90999995,42704.78000000,0.00076953
WOART,2016,700,1,9,54021.42000000,55494708.90999995,96726.20000000,0.00174298
WOART,2016,700,1,12,120947.59000000,55494708.90999995,217673.79000000,0.00392242
WOART,2016,700,1,13,103105.43000000,55494708.90999995,320779.22000000,0.00578036
WOART,2016,700,1,15,75696.85000000,55494708.90999995,396476.07000000,0.00714439
WOART,2016,700,1,16,51184.92000000,55494708.90999995,447660.99000000,0.00806673
WOART,2016,700,1,17,131223.98000000,55494708.90999995,578884.97000000,0.01043135
WOART,2016,700,1,18,150750.95000000,55494708.90999995,729635.92000000,0.01314785
WOART,2016,700,1,19,109888.21000000,55494708.90999995,839524.13000000,0.01512800
WOART,2016,700,1,20,57267.29000000,55494708.90999995,896791.42000000,0.01615994
WOART,2016,700,1,21,23105.77000000,55494708.90999995,919897.19000000,0.01657630
WOART,2016,700,1,22,27038.86000000,55494708.90999995,946936.05000000,0.01706354
WOART,2016,700,1,23,29541.41000000,55494708.90999995,976477.46000000,0.01759587
WOART,2016,700,1,26,14681.00000000,55494708.90999995,991158.46000000,0.01786041
WOART,2016,700,1,28,107284.74000000,55494708.90999995,1098443.20000000,0.01979366
WOART,2016,700,1,29,71333.53000000,55494708.90999995,1169776.73000000,0.02107907
WOART,2016,700,1,30,34344.31000000,55494708.90999995,1204121.04000000,0.02169794
WOART,2016,700,1,31,82787.27000000,55494708.90999995,1286908.31000000,0.02318975
WOART,2016,700,1,32,2115.36000000,55494708.90999995,1289023.67000000,0.02322787
WOART,2016,700,1,34,35891.00000000,55494708.90999995,1324914.67000000,0.02387461
WOART,2016,700,1,35,21715.25000000,55494708.90999995,1346629.92000000,0.02426592
WOART,2016,700,1,36,76557.57000000,55494708.90999995,1423187.49000000,0.02564546
WOART,2016,700,1,37,68421.91000000,55494708.90999995,1491609.40000000,0.02687841
WOART,2016,700,1,38,14375.50000000,55494708.90999995,1505984.90000000,0.02713745
WOART,2016,700,1,40,33431.69000000,55494708.90999995,1539416.59000000,0.02773988
WOART,2016,700,1,41,32532.96000000,55494708.90999995,1571949.55000000,0.02832612
WOART,2016,700,1,42,941.00000000,55494708.90999995,1572890.55000000,0.02834307
WOART,2016,700,1,43,13227.52000000,55494708.90999995,1586118.07000000,0.02858143
WOART,2016,700,1,44,34686.73000000,55494708.90999995,1620804.80000000,0.02920647
WOART,2016,700,1,46,18514.74000000,55494708.90999995,1639319.54000000,0.02954011
WOART,2016,700,1,48,16567.13000000,55494708.90999995,1655886.67000000,0.02983864
WOART,2016,700,1,49,11529.10000000,55494708.90999995,1667415.77000000,0.03004639
WOART,2016,700,1,50,17595.49000000,55494708.90999995,1685011.26000000,0.03036346
WOART,2016,700,1,55,2335.55000000,55494708.90999995,1687346.81000000,0.03040554
WOART,2016,700,1,72,11147.49000000,55494708.90999995,1698494.30000000,0.03060642
WOART,2016,700,1,73,988.05000000,55494708.90999995,1699482.35000000,0.03062422
WOART,2016,700,1,76,3059.39000000,55494708.90999995,1702541.74000000,0.03067935
WOART,2016,700,1,78,1757.09000000,55494708.90999995,1704298.83000000,0.03071101
WOART,2016,700,1,82,38.96000000,55494708.90999995,1704337.79000000,0.03071172
WOART,2016,700,1,83,796.82000000,55494708.90999995,1705134.61000000,0.03072608
WOART,2016,700,2,6,32684.39000000,4186410.14000000,32684.39000000,0.00780726
WOART,2016,700,2,16,23932.09000000,4186410.14000000,56616.48000000,0.01352387
WOART,2016,700,2,18,12678.54000000,4186410.14000000,69295.02000000,0.01655237
WOART,2016,700,2,20,21189.24000000,4186410.14000000,90484.26000000,0.02161381
WOART,2016,700,2,26,10462.96000000,4186410.14000000,100947.22000000,0.02411307
WOART,2016,700,2,30,22737.19000000,4186410.14000000,123684.41000000,0.02954426
WOART,2016,700,2,31,6262.23000000,4186410.14000000,129946.64000000,0.03104011
WOART,2016,700,2,33,14857.10000000,4186410.14000000,144803.74000000,0.03458900
WOART,2016,700,2,40,750.61000000,4186410.14000000,145554.35000000,0.03476830
WOART,2016,700,2,41,17561.71000000,4186410.14000000,163116.06000000,0.03896323
WOART,2016,700,2,51,134.19000000,4186410.14000000,163250.25000000,0.03899528
WOART,2016,700,2,63,5155.55000000,4186410.14000000,168405.80000000,0.04022678
WOART,2016,700,2,71,1393.15000000,4186410.14000000,169798.95000000,0.04055956
WOART,2016,710,1,4,18458.57000000,51457331.72999988,18458.57000000,0.00035872
WOART,2016,710,1,6,59888.09000000,51457331.72999988,78346.66000000,0.00152256
WOART,2016,710,1,7,25840.59000000,51457331.72999988,104187.25000000,0.00202473
WOART,2016,710,1,8,34223.75000000,51457331.72999988,138411.00000000,0.00268982
WOART,2016,710,1,9,4075.46000000,51457331.72999988,142486.46000000,0.00276902
WOART,2016,710,1,10,125271.89000000,51457331.72999988,267758.35000000,0.00520350
WOART,2016,710,1,12,74540.41000000,51457331.72999988,342298.76000000,0.00665209
WOART,2016,710,1,14,29453.98000000,51457331.72999988,371752.74000000,0.00722449
WOART,2016,710,1,15,84993.90000000,51457331.72999988,456746.64000000,0.00887622
WOART,2016,710,1,16,46669.95000000,51457331.72999988,503416.59000000,0.00978318
WOART,2016,710,1,17,140011.37000000,51457331.72999988,643427.96000000,0.01250411
WOART,2016,710,1,18,24308.21000000,51457331.72999988,667736.17000000,0.01297650
WOART,2016,710,1,19,54783.82000000,51457331.72999988,722519.99000000,0.01404115
WOART,2016,710,1,23,83596.75000000,51457331.72999988,806116.74000000,0.01566573
WOART,2016,710,1,24,19724.40000000,51457331.72999988,825841.14000000,0.01604905
WOART,2016,710,1,26,52415.88000000,51457331.72999988,878257.02000000,0.01706768
WOART,2016,710,1,27,13119.26000000,51457331.72999988,891376.28000000,0.01732263
WOART,2016,710,1,28,27607.91000000,51457331.72999988,918984.19000000,0.01785915
WOART,2016,710,1,29,15637.17000000,51457331.72999988,934621.36000000,0.01816304
WOART,2016,710,1,32,33666.56000000,51457331.72999988,968287.92000000,0.01881730
WOART,2016,710,1,33,17246.78000000,51457331.72999988,985534.70000000,0.01915246
WOART,2016,710,1,34,31141.86000000,51457331.72999988,1016676.56000000,0.01975766
WOART,2016,710,1,35,38574.89000000,51457331.72999988,1055251.45000000,0.02050731
WOART,2016,710,1,36,31543.47000000,51457331.72999988,1086794.92000000,0.02112031
WOART,2016,710,1,37,20378.69000000,51457331.72999988,1107173.61000000,0.02151634
WOART,2016,710,1,40,51776.93000000,51457331.72999988,1158950.54000000,0.02252255
WOART,2016,710,1,41,13583.42000000,51457331.72999988,1172533.96000000,0.02278653
WOART,2016,710,1,42,21985.17000000,51457331.72999988,1194519.13000000,0.02321378
WOART,2016,710,1,47,46762.03000000,51457331.72999988,1241281.16000000,0.02412253
WOART,2016,710,1,48,15236.40000000,51457331.72999988,1256517.56000000,0.02441863
WOART,2016,710,1,55,14267.97000000,51457331.72999988,1270785.53000000,0.02469591
WOART,2016,710,1,57,21786.00000000,51457331.72999988,1292571.53000000,0.02511929
WOART,2016,710,1,60,10085.99000000,51457331.72999988,1302657.52000000,0.02531529
WOART,2016,710,1,74,1203.78000000,51457331.72999988,1303861.30000000,0.02533869
WOART,2016,710,1,78,1998.03000000,51457331.72999988,1305859.33000000,0.02537752
WOART,2016,710,1,79,1274.04000000,51457331.72999988,1307133.37000000,0.02540228
WOART,2016,710,1,81,1448.72000000,51457331.72999988,1308582.09000000,0.02543043
WOART,2016,710,2,8,20247.29000000,3950463.31000000,20247.29000000,0.00512530
WOART,2016,710,2,11,14574.79000000,3950463.31000000,34822.08000000,0.00881468
WOART,2016,710,2,12,15349.11000000,3950463.31000000,50171.19000000,0.01270008
WOART,2016,710,2,14,24940.90000000,3950463.31000000,75112.09000000,0.01901349
WOART,2016,710,2,19,22871.95000000,3950463.31000000,97984.04000000,0.02480318
WOART,2016,710,2,28,34785.61000000,3950463.31000000,132769.65000000,0.03360863
WOART,2016,710,2,30,8492.20000000,3950463.31000000,141261.85000000,0.03575830
WOART,2016,710,2,37,15775.98000000,3950463.31000000,157037.83000000,0.03975175
WOART,2016,710,2,39,2300.36000000,3950463.31000000,159338.19000000,0.04033405
WOART,2016,710,2,40,20926.67000000,3950463.31000000,180264.86000000,0.04563132
WOART,2016,710,2,64,7925.58000000,3950463.31000000,188190.44000000,0.04763756
WOART,2016,710,2,66,7984.34000000,3950463.31000000,196174.78000000,0.04965868
WOART,2016,710,2,76,578.25000000,3950463.31000000,196753.03000000,0.04980505
WOART,2016,720,1,5,26657.39000000,59619469.29000001,26657.39000000,0.00044713
WOART,2016,720,1,6,0.00000000,59619469.29000001,26657.39000000,0.00044713
WOART,2016,720,1,9,33702.44000000,59619469.29000001,60359.83000000,0.00101242
WOART,2016,720,1,12,35635.81000000,59619469.29000001,95995.64000000,0.00161014
WOART,2016,720,1,14,96429.70000000,59619469.29000001,192425.34000000,0.00322756
WOART,2016,720,1,15,108649.40000000,59619469.29000001,301074.74000000,0.00504994
WOART,2016,720,1,16,27511.24000000,59619469.29000001,328585.98000000,0.00551139
WOART,2016,720,1,17,72120.20000000,59619469.29000001,400706.18000000,0.00672106
WOART,2016,720,1,19,47487.52000000,59619469.29000001,448193.70000000,0.00751757
WOART,2016,720,1,20,27074.58000000,59619469.29000001,475268.28000000,0.00797170
WOART,2016,720,1,21,14764.50000000,59619469.29000001,490032.78000000,0.00821934
WOART,2016,720,1,22,24141.58000000,59619469.29000001,514174.36000000,0.00862427
WOART,2016,720,1,24,32362.25000000,59619469.29000001,546536.61000000,0.00916708
WOART,2016,720,1,25,115759.00000000,59619469.29000001,662295.61000000,0.01110871
WOART,2016,720,1,26,32342.89000000,59619469.29000001,694638.50000000,0.01165120
WOART,2016,720,1,28,40493.21000000,59619469.29000001,735131.71000000,0.01233040
WOART,2016,720,1,29,50988.67000000,59619469.29000001,786120.38000000,0.01318563
WOART,2016,720,1,30,41311.14000000,59619469.29000001,827431.52000000,0.01387855
WOART,2016,720,1,33,33496.76000000,59619469.29000001,860928.28000000,0.01444039
WOART,2016,720,1,35,40424.37000000,59619469.29000001,901352.65000000,0.01511843
WOART,2016,720,1,37,7492.55000000,59619469.29000001,908845.20000000,0.01524410
WOART,2016,720,1,38,20093.59000000,59619469.29000001,928938.79000000,0.01558113
WOART,2016,720,1,39,22748.50000000,59619469.29000001,951687.29000000,0.01596269
WOART,2016,720,1,40,54323.63000000,59619469.29000001,1006010.92000000,0.01687387
WOART,2016,720,1,42,22172.72000000,59619469.29000001,1028183.64000000,0.01724577
WOART,2016,720,1,44,21233.11000000,59619469.29000001,1049416.75000000,0.01760191
WOART,2016,720,1,47,22868.32000000,59619469.29000001,1072285.07000000,0.01798548
WOART,2016,720,1,50,26740.37000000,59619469.29000001,1099025.44000000,0.01843400
WOART,2016,720,1,51,33838.18000000,59619469.29000001,1132863.62000000,0.01900157
WOART,2016,720,1,57,13088.68000000,59619469.29000001,1145952.30000000,0.01922111
WOART,2016,720,1,63,8543.98000000,59619469.29000001,1154496.28000000,0.01936442
WOART,2016,720,1,65,7561.68000000,59619469.29000001,1162057.96000000,0.01949125
WOART,2016,720,1,73,1340.80000000,59619469.29000001,1163398.76000000,0.01951374
WOART,2016,720,1,74,1529.34000000,59619469.29000001,1164928.10000000,0.01953939
WOART,2016,720,1,83,1348.24000000,59619469.29000001,1166276.34000000,0.01956200
WOART,2016,720,2,12,18977.69000000,3854146.71000000,18977.69000000,0.00492397
WOART,2016,720,2,17,17957.21000000,3854146.71000000,36934.90000000,0.00958316
WOART,2016,720,2,26,11845.17000000,3854146.71000000,48780.07000000,0.01265652
WOART,2016,720,2,31,1305.96000000,3854146.71000000,50086.03000000,0.01299536
WOART,2016,720,2,40,9135.91000000,3854146.71000000,59221.94000000,0.01536577
WOART,2016,720,2,42,12077.18000000,3854146.71000000,71299.12000000,0.01849933
WOART,2016,720,2,45,12654.88000000,3854146.71000000,83954.00000000,0.02178277
WOART,2016,720,2,46,3546.24000000,3854146.71000000,87500.24000000,0.02270288
WOART,2016,720,2,48,11742.31000000,3854146.71000000,99242.55000000,0.02574955
WOART,2016,720,2,49,6619.67000000,3854146.71000000,105862.22000000,0.02746710
WOART,2016,720,2,50,12680.32000000,3854146.71000000,118542.54000000,0.03075714
WOART,2016,720,2,51,4295.00000000,3854146.71000000,122837.54000000,0.03187153
WOART,2016,720,2,63,6405.38000000,3854146.71000000,129242.92000000,0.03353347
WOART,2016,720,2,66,814.94000000,3854146.71000000,130057.86000000,0.03374492
WOART,2016,720,2,80,1123.26000000,3854146.71000000,131181.12000000,0.03403636
WOART,2016,720,2,81,1249.96000000,3854146.71000000,132431.08000000,0.03436067
WOART,2016,730,1,6,24817.98000000,54302833.82999996,24817.98000000,0.00045703
WOART,2016,730,1,7,41877.02000000,54302833.82999996,66695.00000000,0.00122820
WOART,2016,730,1,10,42407.36000000,54302833.82999996,109102.36000000,0.00200915
WOART,2016,730,1,11,75253.72000000,54302833.82999996,184356.08000000,0.00339496
WOART,2016,730,1,13,27165.78000000,54302833.82999996,211521.86000000,0.00389523
WOART,2016,730,1,15,19024.85000000,54302833.82999996,230546.71000000,0.00424557
WOART,2016,730,1,17,55243.48000000,54302833.82999996,285790.19000000,0.00526290
WOART,2016,730,1,18,46571.66000000,54302833.82999996,332361.85000000,0.00612052
WOART,2016,730,1,19,115834.73000000,54302833.82999996,448196.58000000,0.00825365
WOART,2016,730,1,20,715.95000000,54302833.82999996,448912.53000000,0.00826683
WOART,2016,730,1,22,19202.44000000,54302833.82999996,468114.97000000,0.00862045
WOART,2016,730,1,23,29884.39000000,54302833.82999996,497999.36000000,0.00917078
WOART,2016,730,1,24,39443.08000000,54302833.82999996,537442.44000000,0.00989713
WOART,2016,730,1,25,63285.61000000,54302833.82999996,600728.05000000,0.01106255
WOART,2016,730,1,26,3470.44000000,54302833.82999996,604198.49000000,0.01112646
WOART,2016,730,1,27,32513.81000000,54302833.82999996,636712.30000000,0.01172521
WOART,2016,730,1,30,32498.97000000,54302833.82999996,669211.27000000,0.01232369
WOART,2016,730,1,31,76827.10000000,54302833.82999996,746038.37000000,0.01373848
WOART,2016,730,1,33,19759.02000000,54302833.82999996,765797.39000000,0.01410235
WOART,2016,730,1,36,11967.79000000,54302833.82999996,777765.18000000,0.01432274
WOART,2016,730,1,37,19500.11000000,54302833.82999996,797265.29000000,0.01468184
WOART,2016,730,1,39,31921.14000000,54302833.82999996,829186.43000000,0.01526967
WOART,2016,730,1,42,14310.37000000,54302833.82999996,843496.80000000,0.01553320
WOART,2016,730,1,45,23721.55000000,54302833.82999996,867218.35000000,0.01597004
WOART,2016,730,1,47,39084.24000000,54302833.82999996,906302.59000000,0.01668978
WOART,2016,730,1,51,33636.35000000,54302833.82999996,939938.94000000,0.01730921
WOART,2016,730,1,57,7750.66000000,54302833.82999996,947689.60000000,0.01745194
WOART,2016,730,1,62,7894.19000000,54302833.82999996,955583.79000000,0.01759731
WOART,2016,730,1,69,1177.89000000,54302833.82999996,956761.68000000,0.01761900
WOART,2016,730,1,71,6333.17000000,54302833.82999996,963094.85000000,0.01773563
WOART,2016,730,1,72,-1.81000000,54302833.82999996,963093.04000000,0.01773559
WOART,2016,730,1,73,3063.40000000,54302833.82999996,966156.44000000,0.01779201
WOART,2016,730,1,74,376.73000000,54302833.82999996,966533.17000000,0.01779895
WOART,2016,730,1,78,499.34000000,54302833.82999996,967032.51000000,0.01780814
WOART,2016,730,1,83,384.31000000,54302833.82999996,967416.82000000,0.01781522
WOART,2016,730,2,14,8849.86000000,3295879.72000000,8849.86000000,0.00268513
WOART,2016,730,2,20,21357.22000000,3295879.72000000,30207.08000000,0.00916510
WOART,2016,730,2,31,24862.50000000,3295879.72000000,55069.58000000,0.01670861
WOART,2016,730,2,40,926.86000000,3295879.72000000,55996.44000000,0.01698983
WOART,2016,730,2,46,22474.34000000,3295879.72000000,78470.78000000,0.02380875
WOART,2016,740,1,9,31515.84000000,48004546.80000006,31515.84000000,0.00065652
WOART,2016,740,1,10,26008.06000000,48004546.80000006,57523.90000000,0.00119830
WOART,2016,740,1,14,23793.36000000,48004546.80000006,81317.26000000,0.00169395
WOART,2016,740,1,16,57868.45000000,48004546.80000006,139185.71000000,0.00289943
WOART,2016,740,1,17,40674.69000000,48004546.80000006,179860.40000000,0.00374674
WOART,2016,740,1,19,67287.97000000,48004546.80000006,247148.37000000,0.00514844
WOART,2016,740,1,21,26316.84000000,48004546.80000006,273465.21000000,0.00569665
WOART,2016,740,1,22,28465.35000000,48004546.80000006,301930.56000000,0.00628962
WOART,2016,740,1,24,142583.77000000,48004546.80000006,444514.33000000,0.00925984
WOART,2016,740,1,25,19808.61000000,48004546.80000006,464322.94000000,0.00967248
WOART,2016,740,1,26,26026.35000000,48004546.80000006,490349.29000000,0.01021464
WOART,2016,740,1,27,18999.46000000,48004546.80000006,509348.75000000,0.01061043
WOART,2016,740,1,28,2722.07000000,48004546.80000006,512070.82000000,0.01066713
WOART,2016,740,1,34,21200.48000000,48004546.80000006,533271.30000000,0.01110877
WOART,2016,740,1,35,41373.51000000,48004546.80000006,574644.81000000,0.01197063
WOART,2016,740,1,36,21655.71000000,48004546.80000006,596300.52000000,0.01242175
WOART,2016,740,1,37,20115.54000000,48004546.80000006,616416.06000000,0.01284078
WOART,2016,740,1,39,4907.05000000,48004546.80000006,621323.11000000,0.01294301
WOART,2016,740,1,43,1996.71000000,48004546.80000006,623319.82000000,0.01298460
WOART,2016,740,1,44,20196.55000000,48004546.80000006,643516.37000000,0.01340532
WOART,2016,740,1,46,17434.90000000,48004546.80000006,660951.27000000,0.01376851
WOART,2016,740,1,48,13130.60000000,48004546.80000006,674081.87000000,0.01404204
WOART,2016,740,1,53,8672.48000000,48004546.80000006,682754.35000000,0.01422270
WOART,2016,740,1,56,17440.61000000,48004546.80000006,700194.96000000,0.01458601
WOART,2016,740,1,59,8774.96000000,48004546.80000006,708969.92000000,0.01476881
WOART,2016,740,1,79,1415.61000000,48004546.80000006,710385.53000000,0.01479830
WOART,2016,740,1,80,766.99000000,48004546.80000006,711152.52000000,0.01481427
WOART,2016,740,1,81,1435.86000000,48004546.80000006,712588.38000000,0.01484419
WOART,2016,740,1,82,929.30000000,48004546.80000006,713517.68000000,0.01486354
WOART,2016,740,1,83,217.12000000,48004546.80000006,713734.80000000,0.01486807
WOART,2016,740,1,84,634.49000000,48004546.80000006,714369.29000000,0.01488128
WOART,2016,740,2,7,38504.61000000,2974636.39000000,38504.61000000,0.01294431
WOART,2016,740,2,13,1566.63000000,2974636.39000000,40071.24000000,0.01347097
WOART,2016,740,2,20,14703.07000000,2974636.39000000,54774.31000000,0.01841378
WOART,2016,740,2,23,21595.50000000,2974636.39000000,76369.81000000,0.02567366
WOART,2016,740,2,29,14876.68000000,2974636.39000000,91246.49000000,0.03067484
WOART,2016,740,2,30,13029.29000000,2974636.39000000,104275.78000000,0.03505497
WOART,2016,750,1,7,16763.44000000,49956107.98000011,16763.44000000,0.00033556
WOART,2016,750,1,8,77877.63000000,49956107.98000011,94641.07000000,0.00189448
WOART,2016,750,1,13,20017.71000000,49956107.98000011,114658.78000000,0.00229519
WOART,2016,750,1,14,38272.90000000,49956107.98000011,152931.68000000,0.00306132
WOART,2016,750,1,15,150654.71000000,49956107.98000011,303586.39000000,0.00607706
WOART,2016,750,1,17,30500.12000000,49956107.98000011,334086.51000000,0.00668760
WOART,2016,750,1,18,26569.99000000,49956107.98000011,360656.50000000,0.00721947
WOART,2016,750,1,19,35937.47000000,49956107.98000011,396593.97000000,0.00793885
WOART,2016,750,1,23,56288.74000000,49956107.98000011,452882.71000000,0.00906561
WOART,2016,750,1,24,23137.91000000,49956107.98000011,476020.62000000,0.00952878
WOART,2016,750,1,26,19880.45000000,49956107.98000011,495901.07000000,0.00992674
WOART,2016,750,1,31,21929.24000000,49956107.98000011,517830.31000000,0.01036571
WOART,2016,750,1,37,28784.45000000,49956107.98000011,546614.76000000,0.01094190
WOART,2016,750,1,63,9418.27000000,49956107.98000011,556033.03000000,0.01113043
WOART,2016,750,1,65,5506.22000000,49956107.98000011,561539.25000000,0.01124065
WOART,2016,750,1,79,688.63000000,49956107.98000011,562227.88000000,0.01125444
WOART,2016,750,1,81,1370.33000000,49956107.98000011,563598.21000000,0.01128187
WOART,2016,750,2,13,19175.73000000,2634965.37000000,19175.73000000,0.00727741
WOART,2016,750,2,20,14142.83000000,2634965.37000000,33318.56000000,0.01264478
WOART,2016,750,2,23,22343.24000000,2634965.37000000,55661.80000000,0.02112430
WOART,2016,750,2,25,10555.33000000,2634965.37000000,66217.13000000,0.02513017
WOART,2016,750,2,30,18608.70000000,2634965.37000000,84825.83000000,0.03219239
WOART,2016,750,2,32,12970.50000000,2634965.37000000,97796.33000000,0.03711484
WOART,2016,760,1,10,289.27000000,41397992.38999999,289.27000000,0.00000699
WOART,2016,760,1,13,31527.89000000,41397992.38999999,31817.16000000,0.00076857
WOART,2016,760,1,15,18584.56000000,41397992.38999999,50401.72000000,0.00121749
WOART,2016,760,1,18,17178.31000000,41397992.38999999,67580.03000000,0.00163245
WOART,2016,760,1,22,43026.65000000,41397992.38999999,110606.68000000,0.00267179
WOART,2016,760,1,29,17905.64000000,41397992.38999999,128512.32000000,0.00310431
WOART,2016,760,1,30,25478.28000000,41397992.38999999,153990.60000000,0.00371976
WOART,2016,760,1,33,13615.62000000,41397992.38999999,167606.22000000,0.00404866
WOART,2016,760,1,34,26868.29000000,41397992.38999999,194474.51000000,0.00469768
WOART,2016,760,1,36,21062.69000000,41397992.38999999,215537.20000000,0.00520647
WOART,2016,760,1,44,16043.07000000,41397992.38999999,231580.27000000,0.00559400
WOART,2016,760,1,47,10749.99000000,41397992.38999999,242330.26000000,0.00585367
WOART,2016,760,1,48,16425.01000000,41397992.38999999,258755.27000000,0.00625043
WOART,2016,760,1,70,4014.91000000,41397992.38999999,262770.18000000,0.00634741
WOART,2016,760,1,74,10283.25000000,41397992.38999999,273053.43000000,0.00659581
WOART,2016,760,2,14,12532.54000000,2259644.86000000,12532.54000000,0.00554624
WOART,2016,760,2,15,7801.79000000,2259644.86000000,20334.33000000,0.00899891
WOART,2016,760,2,17,18246.63000000,2259644.86000000,38580.96000000,0.01707390
WOART,2016,760,2,23,20521.01000000,2259644.86000000,59101.97000000,0.02615542
WOART,2016,760,2,26,15243.85000000,2259644.86000000,74345.82000000,0.03290155
WOART,2016,760,2,29,11237.41000000,2259644.86000000,85583.23000000,0.03787464
WOART,2016,760,2,39,19373.19000000,2259644.86000000,104956.42000000,0.04644819
WOART,2016,770,1,5,23353.94000000,47730310.92999998,23353.94000000,0.00048929
WOART,2016,770,1,7,26473.01000000,47730310.92999998,49826.95000000,0.00104393
WOART,2016,770,1,10,38626.30000000,47730310.92999998,88453.25000000,0.00185319
WOART,2016,770,1,12,29264.27000000,47730310.92999998,117717.52000000,0.00246631
WOART,2016,770,1,13,23205.95000000,47730310.92999998,140923.47000000,0.00295249
WOART,2016,770,1,16,6276.16000000,47730310.92999998,147199.63000000,0.00308399
WOART,2016,770,1,20,26838.47000000,47730310.92999998,174038.10000000,0.00364628
WOART,2016,770,1,21,34457.08000000,47730310.92999998,208495.18000000,0.00436819
WOART,2016,770,1,23,25256.70000000,47730310.92999998,233751.88000000,0.00489735
WOART,2016,770,1,32,30582.85000000,47730310.92999998,264334.73000000,0.00553809
WOART,2016,770,1,33,40798.97000000,47730310.92999998,305133.70000000,0.00639287
WOART,2016,770,1,34,63424.59000000,47730310.92999998,368558.29000000,0.00772168
WOART,2016,770,1,38,9948.94000000,47730310.92999998,378507.23000000,0.00793012
WOART,2016,770,1,40,18574.47000000,47730310.92999998,397081.70000000,0.00831928
WOART,2016,770,1,45,1602.54000000,47730310.92999998,398684.24000000,0.00835285
WOART,2016,770,1,52,14111.04000000,47730310.92999998,412795.28000000,0.00864849
WOART,2016,770,1,59,7624.04000000,47730310.92999998,420419.32000000,0.00880823
WOART,2016,770,1,60,2719.84000000,47730310.92999998,423139.16000000,0.00886521
WOART,2016,770,1,75,1310.62000000,47730310.92999998,424449.78000000,0.00889267
WOART,2016,770,2,15,22361.79000000,3259521.33000000,22361.79000000,0.00686045
WOART,2016,770,2,26,20546.31000000,3259521.33000000,42908.10000000,0.01316393
WOART,2016,770,2,36,23233.72000000,3259521.33000000,66141.82000000,0.02029188
WOART,2016,770,2,48,12028.50000000,3259521.33000000,78170.32000000,0.02398215
WOART,2016,770,2,77,456.84000000,3259521.33000000,78627.16000000,0.02412230
WOART,2016,780,1,13,1300.00000000,44745337.85000005,1300.00000000,0.00002905
WOART,2016,780,1,15,25712.12000000,44745337.85000005,27012.12000000,0.00060369
WOART,2016,780,1,17,30222.83000000,44745337.85000005,57234.95000000,0.00127913
WOART,2016,780,1,18,2855.17000000,44745337.85000005,60090.12000000,0.00134294
WOART,2016,780,1,19,20563.25000000,44745337.85000005,80653.37000000,0.00180250
WOART,2016,780,1,25,17139.02000000,44745337.85000005,97792.39000000,0.00218553
WOART,2016,780,1,31,59926.59000000,44745337.85000005,157718.98000000,0.00352481
WOART,2016,780,1,36,20339.71000000,44745337.85000005,178058.69000000,0.00397938
WOART,2016,780,1,37,21949.08000000,44745337.85000005,200007.77000000,0.00446991
WOART,2016,780,1,48,18698.73000000,44745337.85000005,218706.50000000,0.00488781
WOART,2016,780,1,64,7173.95000000,44745337.85000005,225880.45000000,0.00504813
WOART,2016,780,2,5,17879.25000000,2657102.30000000,17879.25000000,0.00672885
WOART,2016,780,2,25,21539.86000000,2657102.30000000,39419.11000000,0.01483538
WOART,2016,780,2,45,8343.68000000,2657102.30000000,47762.79000000,0.01797552
WOART,2016,780,2,74,3477.88000000,2657102.30000000,51240.67000000,0.01928442
WOART,2016,790,1,8,2151.35000000,44056529.10000000,2151.35000000,0.00004883
WOART,2016,790,1,11,8691.06000000,44056529.10000000,10842.41000000,0.00024610
WOART,2016,790,1,12,53303.33000000,44056529.10000000,64145.74000000,0.00145599
WOART,2016,790,1,16,26733.82000000,44056529.10000000,90879.56000000,0.00206279
WOART,2016,790,1,23,31099.99000000,44056529.10000000,121979.55000000,0.00276871
WOART,2016,790,1,25,236.02000000,44056529.10000000,122215.57000000,0.00277406
WOART,2016,790,1,29,18433.65000000,44056529.10000000,140649.22000000,0.00319247
WOART,2016,790,1,40,23002.61000000,44056529.10000000,163651.83000000,0.00371459
WOART,2016,790,1,43,3678.08000000,44056529.10000000,167329.91000000,0.00379807
WOART,2016,790,1,47,8567.68000000,44056529.10000000,175897.59000000,0.00399254
WOART,2016,790,1,61,10358.82000000,44056529.10000000,186256.41000000,0.00422767
WOART,2016,790,1,65,3264.85000000,44056529.10000000,189521.26000000,0.00430177
WOART,2016,790,2,25,4032.76000000,2831046.65000000,4032.76000000,0.00142448
WOART,2016,790,2,40,11937.55000000,2831046.65000000,15970.31000000,0.00564113
WOART,2016,800,1,11,1155.32000000,48240101.04000013,1155.32000000,0.00002395
WOART,2016,800,1,17,27796.96000000,48240101.04000013,28952.28000000,0.00060017
WOART,2016,800,1,18,33869.78000000,48240101.04000013,62822.06000000,0.00130228
WOART,2016,800,1,20,10080.53000000,48240101.04000013,72902.59000000,0.00151124
WOART,2016,800,1,21,30154.57000000,48240101.04000013,103057.16000000,0.00213634
WOART,2016,800,1,23,24560.74000000,48240101.04000013,127617.90000000,0.00264547
WOART,2016,800,1,30,26781.87000000,48240101.04000013,154399.77000000,0.00320065
WOART,2016,800,1,37,22013.44000000,48240101.04000013,176413.21000000,0.00365698
WOART,2016,800,1,63,7007.57000000,48240101.04000013,183420.78000000,0.00380225
WOART,2016,800,1,68,290.00000000,48240101.04000013,183710.78000000,0.00380826
WOART,2016,800,1,70,3096.51000000,48240101.04000013,186807.29000000,0.00387245
WOART,2016,800,1,71,1796.94000000,48240101.04000013,188604.23000000,0.00390970
WOART,2016,800,1,75,1046.82000000,48240101.04000013,189651.05000000,0.00393140
WOART,2016,800,2,10,18996.42000000,2730805.64000000,18996.42000000,0.00695634
WOART,2016,800,2,16,29892.55000000,2730805.64000000,48888.97000000,0.01790276
WOART,2016,800,2,28,23424.85000000,2730805.64000000,72313.82000000,0.02648076
WOART,2016,800,2,39,4115.64000000,2730805.64000000,76429.46000000,0.02798788
WOART,2016,800,2,40,1186.29000000,2730805.64000000,77615.75000000,0.02842229
WOART,2016,810,1,11,38055.82000000,42696546.69999995,38055.82000000,0.00089131
WOART,2016,810,1,17,27705.41000000,42696546.69999995,65761.23000000,0.00154020
WOART,2016,810,1,19,55465.26000000,42696546.69999995,121226.49000000,0.00283926
WOART,2016,810,1,36,1356.63000000,42696546.69999995,122583.12000000,0.00287103
WOART,2016,810,1,40,17721.32000000,42696546.69999995,140304.44000000,0.00328608
WOART,2016,810,2,28,14069.34000000,2416155.03000000,14069.34000000,0.00582303
WOART,2016,810,2,41,25037.39000000,2416155.03000000,39106.73000000,0.01618552
WOART,2016,820,1,14,24313.67000000,46183670.68000003,24313.67000000,0.00052646
WOART,2016,820,1,17,17911.32000000,46183670.68000003,42224.99000000,0.00091428
WOART,2016,820,1,20,17587.02000000,46183670.68000003,59812.01000000,0.00129509
WOART,2016,820,1,30,42849.02000000,46183670.68000003,102661.03000000,0.00222289
WOART,2016,820,1,38,12816.20000000,46183670.68000003,115477.23000000,0.00250039
WOART,2016,820,1,46,13053.70000000,46183670.68000003,128530.93000000,0.00278304
WOART,2016,820,1,69,1354.37000000,46183670.68000003,129885.30000000,0.00281236
WOART,2016,820,2,11,5041.32000000,2759546.95000000,5041.32000000,0.00182687
WOART,2016,820,2,19,19398.55000000,2759546.95000000,24439.87000000,0.00885648
WOART,2016,820,2,21,11520.11000000,2759546.95000000,35959.98000000,0.01303112
WOART,2016,830,1,10,26247.59000000,41318659.09999998,26247.59000000,0.00063525
WOART,2016,830,1,11,33730.76000000,41318659.09999998,59978.35000000,0.00145160
WOART,2016,830,1,31,23686.92000000,41318659.09999998,83665.27000000,0.00202488
WOART,2016,830,1,37,17519.64000000,41318659.09999998,101184.91000000,0.00244889
WOART,2016,830,1,75,2433.75000000,41318659.09999998,103618.66000000,0.00250779
WOART,2016,830,2,17,14105.29000000,2087187.11000000,14105.29000000,0.00675804
WOART,2016,830,2,23,11733.72000000,2087187.11000000,25839.01000000,0.01237982
WOART,2016,840,1,12,2993.95000000,34360359.20999997,2993.95000000,0.00008713
WOART,2016,840,1,16,39314.18000000,34360359.20999997,42308.13000000,0.00123131
WOART,2016,840,1,25,44415.43000000,34360359.20999997,86723.56000000,0.00252394
WOART,2016,840,1,34,22371.11000000,34360359.20999997,109094.67000000,0.00317502
WOART,2016,840,2,17,20372.76000000,1545004.88000000,20372.76000000,0.01318621
WOART,2016,840,2,19,1171.88000000,1545004.88000000,21544.64000000,0.01394471
WOART,2016,840,2,24,18519.95000000,1545004.88000000,40064.59000000,0.02593169
WOART,2016,850,1,13,404.30000000,36095264.28999995,404.30000000,0.00001120
WOART,2016,850,1,37,9801.36000000,36095264.28999995,10205.66000000,0.00028274
WOART,2016,850,1,70,4376.60000000,36095264.28999995,14582.26000000,0.00040399
WOART,2016,850,2,9,11607.73000000,2065561.10000000,11607.73000000,0.00561965
WOART,2016,850,2,15,2384.79000000,2065561.10000000,13992.52000000,0.00677420
WOART,2016,850,2,18,26389.49000000,2065561.10000000,40382.01000000,0.01955014
WOART,2017,460,1,29,22878.88000000,68237.50000000,22878.88000000,0.33528309
WOART,2017,470,1,36,1554.69000000,111221.64000000,1554.69000000,0.01397830
WOART,2017,470,1,38,17488.59000000,111221.64000000,19043.28000000,0.17121920
WOART,2017,480,1,10,218.72000000,110975.41000000,218.72000000,0.00197089
WOART,2017,490,1,13,27061.20000000,222498.36000000,27061.20000000,0.12162427
WOART,2017,490,1,14,23505.74000000,222498.36000000,50566.94000000,0.22726882
WOART,2017,490,1,45,16650.37000000,222498.36000000,67217.31000000,0.30210250
WOART,2017,490,2,17,43845.04000000,90034.61000000,43845.04000000,0.48697984
WOART,2017,500,1,14,27294.53000000,390962.55000000,27294.53000000,0.06981367
WOART,2017,500,2,6,22388.81000000,69944.44000000,22388.81000000,0.32009421
WOART,2017,500,2,51,1092.05000000,69944.44000000,23480.86000000,0.33570731
WOART,2017,510,1,7,56232.03000000,502722.31000000,56232.03000000,0.11185505
WOART,2017,510,1,8,836.02000000,502722.31000000,57068.05000000,0.11351804
WOART,2017,510,1,12,25801.03000000,502722.31000000,82869.08000000,0.16484067
WOART,2017,510,1,16,18740.06000000,502722.31000000,101609.14000000,0.20211783
WOART,2017,510,1,21,21200.58000000,502722.31000000,122809.72000000,0.24428938
WOART,2017,510,1,33,281.48000000,502722.31000000,123091.20000000,0.24484929
WOART,2017,510,1,39,6445.16000000,502722.31000000,129536.36000000,0.25766981
WOART,2017,520,1,7,34230.05000000,552656.20000000,34230.05000000,0.06193733
WOART,2017,520,1,8,50419.21000000,552656.20000000,84649.26000000,0.15316803
WOART,2017,520,1,14,3108.80000000,552656.20000000,87758.06000000,0.15879322
WOART,2017,520,1,21,19007.41000000,552656.20000000,106765.47000000,0.19318605
WOART,2017,520,1,22,6731.13000000,552656.20000000,113496.60000000,0.20536565
WOART,2017,520,1,48,1761.11000000,552656.20000000,115257.71000000,0.20855228
WOART,2017,520,2,17,13573.98000000,120540.75000000,13573.98000000,0.11260906
WOART,2017,520,2,33,6317.09000000,120540.75000000,19891.07000000,0.16501532
WOART,2017,530,1,8,22513.21000000,595283.24000000,22513.21000000,0.03781932
WOART,2017,530,1,11,24584.67000000,595283.24000000,47097.88000000,0.07911844
WOART,2017,530,1,13,34018.21000000,595283.24000000,81116.09000000,0.13626470
WOART,2017,530,1,14,27612.49000000,595283.24000000,108728.58000000,0.18265016
WOART,2017,530,1,17,32463.39000000,595283.24000000,141191.97000000,0.23718452
WOART,2017,530,1,24,16241.98000000,595283.24000000,157433.95000000,0.26446898
WOART,2017,530,1,26,21997.92000000,595283.24000000,179431.87000000,0.30142268
WOART,2017,530,1,35,27683.09000000,595283.24000000,207114.96000000,0.34792674
WOART,2017,530,2,6,17497.10000000,157631.87000000,17497.10000000,0.11099976
WOART,2017,530,2,8,10023.41000000,157631.87000000,27520.51000000,0.17458722
WOART,2017,530,2,19,17899.30000000,157631.87000000,45419.81000000,0.28813850
WOART,2017,530,2,36,8618.81000000,157631.87000000,54038.62000000,0.34281532
WOART,2017,530,2,37,6124.03000000,157631.87000000,60162.65000000,0.38166552
WOART,2017,530,2,41,726.83000000,157631.87000000,60889.48000000,0.38627646
WOART,2017,540,1,7,23412.86000000,1030737.65000000,23412.86000000,0.02271466
WOART,2017,540,1,8,42385.30000000,1030737.65000000,65798.16000000,0.06383599
WOART,2017,540,1,9,22076.16000000,1030737.65000000,87874.32000000,0.08525382
WOART,2017,540,1,11,32617.85000000,1030737.65000000,120492.17000000,0.11689897
WOART,2017,540,1,22,52735.84000000,1030737.65000000,173228.01000000,0.16806217
WOART,2017,540,1,25,25357.82000000,1030737.65000000,198585.83000000,0.19266380
WOART,2017,540,1,29,16219.15000000,1030737.65000000,214804.98000000,0.20839928
WOART,2017,540,1,32,19991.43000000,1030737.65000000,234796.41000000,0.22779454
WOART,2017,540,2,20,19846.28000000,349560.66000000,19846.28000000,0.05677492
WOART,2017,540,2,25,13990.79000000,349560.66000000,33837.07000000,0.09679885
WOART,2017,540,2,35,350.73000000,349560.66000000,34187.80000000,0.09780220
WOART,2017,540,2,39,13886.21000000,349560.66000000,48074.01000000,0.13752695
WOART,2017,540,2,50,21571.57000000,349560.66000000,69645.58000000,0.19923747
WOART,2017,550,1,6,20799.18000000,1235719.80000000,20799.18000000,0.01683163
WOART,2017,550,1,7,19931.02000000,1235719.80000000,40730.20000000,0.03296071
WOART,2017,550,1,8,19967.38000000,1235719.80000000,60697.58000000,0.04911921
WOART,2017,550,1,12,24373.18000000,1235719.80000000,85070.76000000,0.06884308
WOART,2017,550,1,15,62900.26000000,1235719.80000000,147971.02000000,0.11974480
WOART,2017,550,1,16,30580.30000000,1235719.80000000,178551.32000000,0.14449175
WOART,2017,550,1,21,17485.88000000,1235719.80000000,196037.20000000,0.15864211
WOART,2017,550,1,23,12792.32000000,1235719.80000000,208829.52000000,0.16899423
WOART,2017,550,1,26,27268.19000000,1235719.80000000,236097.71000000,0.19106088
WOART,2017,550,1,29,26144.38000000,1235719.80000000,262242.09000000,0.21221809
WOART,2017,550,1,32,29676.28000000,1235719.80000000,291918.37000000,0.23623346
WOART,2017,550,1,36,26680.82000000,1235719.80000000,318599.19000000,0.25782478
WOART,2017,550,1,39,15811.30000000,1235719.80000000,334410.49000000,0.27062000
WOART,2017,550,1,45,26772.23000000,1235719.80000000,361182.72000000,0.29228529
WOART,2017,550,1,49,3071.41000000,1235719.80000000,364254.13000000,0.29477081
WOART,2017,550,2,13,31649.29000000,133323.29000000,31649.29000000,0.23738756
WOART,2017,550,2,14,17936.56000000,133323.29000000,49585.85000000,0.37192189
WOART,2017,560,1,5,18163.00000000,1989031.11000000,18163.00000000,0.00913158
WOART,2017,560,1,7,60971.52000000,1989031.11000000,79134.52000000,0.03978546
WOART,2017,560,1,9,24847.11000000,1989031.11000000,103981.63000000,0.05227753
WOART,2017,560,1,11,83257.05000000,1989031.11000000,187238.68000000,0.09413562
WOART,2017,560,1,12,26320.00000000,1989031.11000000,213558.68000000,0.10736819
WOART,2017,560,1,13,18674.10000000,1989031.11000000,232232.78000000,0.11675674
WOART,2017,560,1,14,22803.23000000,1989031.11000000,255036.01000000,0.12822123
WOART,2017,560,1,17,17962.91000000,1989031.11000000,272998.92000000,0.13725221
WOART,2017,560,1,19,24637.47000000,1989031.11000000,297636.39000000,0.14963888
WOART,2017,560,1,21,43544.40000000,1989031.11000000,341180.79000000,0.17153115
WOART,2017,560,1,24,3774.62000000,1989031.11000000,344955.41000000,0.17342887
WOART,2017,560,1,26,32715.48000000,1989031.11000000,377670.89000000,0.18987681
WOART,2017,560,1,33,29775.97000000,1989031.11000000,407446.86000000,0.20484690
WOART,2017,560,1,34,16630.73000000,1989031.11000000,424077.59000000,0.21320812
WOART,2017,560,1,35,20352.30000000,1989031.11000000,444429.89000000,0.22344039
WOART,2017,560,1,37,17180.19000000,1989031.11000000,461610.08000000,0.23207786
WOART,2017,560,1,41,13478.95000000,1989031.11000000,475089.03000000,0.23885450
WOART,2017,560,1,43,22976.02000000,1989031.11000000,498065.05000000,0.25040586
WOART,2017,560,1,47,23477.60000000,1989031.11000000,521542.65000000,0.26220940
WOART,2017,560,2,9,26759.28000000,281714.51000000,26759.28000000,0.09498723
WOART,2017,560,2,10,22284.31000000,281714.51000000,49043.59000000,0.17408968
WOART,2017,560,2,13,13185.03000000,281714.51000000,62228.62000000,0.22089249
WOART,2017,560,2,40,14996.43000000,281714.51000000,77225.05000000,0.27412521
WOART,2017,570,1,5,2087.48000000,2141120.89000000,2087.48000000,0.00097495
WOART,2017,570,1,6,74765.70000000,2141120.89000000,76853.18000000,0.03589390
WOART,2017,570,1,9,842.63000000,2141120.89000000,77695.81000000,0.03628745
WOART,2017,570,1,10,30620.05000000,2141120.89000000,108315.86000000,0.05058839
WOART,2017,570,1,11,29480.46000000,2141120.89000000,137796.32000000,0.06435709
WOART,2017,570,1,14,44850.89000000,2141120.89000000,182647.21000000,0.08530448
WOART,2017,570,1,19,26638.93000000,2141120.89000000,209286.14000000,0.09774606
WOART,2017,570,1,20,32939.19000000,2141120.89000000,242225.33000000,0.11313015
WOART,2017,570,1,24,12529.36000000,2141120.89000000,254754.69000000,0.11898193
WOART,2017,570,1,28,2273.48000000,2141120.89000000,257028.17000000,0.12004374
WOART,2017,570,1,34,31240.23000000,2141120.89000000,288268.40000000,0.13463434
WOART,2017,570,1,37,20303.76000000,2141120.89000000,308572.16000000,0.14411711
WOART,2017,570,1,39,13654.94000000,2141120.89000000,322227.10000000,0.15049459
WOART,2017,570,1,40,6571.95000000,2141120.89000000,328799.05000000,0.15356398
WOART,2017,570,1,42,17284.47000000,2141120.89000000,346083.52000000,0.16163661
WOART,2017,570,2,10,19010.82000000,450577.80000000,19010.82000000,0.04219209
WOART,2017,570,2,20,26146.28000000,450577.80000000,45157.10000000,0.10022043
WOART,2017,570,2,26,251.27000000,450577.80000000,45408.37000000,0.10077809
WOART,2017,570,2,28,28043.45000000,450577.80000000,73451.82000000,0.16301695
WOART,2017,570,2,30,13007.78000000,450577.80000000,86459.60000000,0.19188606
WOART,2017,570,2,39,12195.16000000,450577.80000000,98654.76000000,0.21895167
WOART,2017,570,2,45,11875.59000000,450577.80000000,110530.35000000,0.24530802
WOART,2017,580,1,5,24189.22000000,4301711.71000000,24189.22000000,0.00562316
WOART,2017,580,1,7,19816.35000000,4301711.71000000,44005.57000000,0.01022978
WOART,2017,580,1,8,45662.75000000,4301711.71000000,89668.32000000,0.02084480
WOART,2017,580,1,10,96792.73000000,4301711.71000000,186461.05000000,0.04334578
WOART,2017,580,1,11,19974.36000000,4301711.71000000,206435.41000000,0.04798913
WOART,2017,580,1,12,36922.80000000,4301711.71000000,243358.21000000,0.05657241
WOART,2017,580,1,13,21659.65000000,4301711.71000000,265017.86000000,0.06160754
WOART,2017,580,1,14,55990.15000000,4301711.71000000,321008.01000000,0.07462332
WOART,2017,580,1,15,57613.93000000,4301711.71000000,378621.94000000,0.08801658
WOART,2017,580,1,16,21987.55000000,4301711.71000000,400609.49000000,0.09312793
WOART,2017,580,1,17,1858.76000000,4301711.71000000,402468.25000000,0.09356002
WOART,2017,580,1,18,42523.22000000,4301711.71000000,444991.47000000,0.10344521
WOART,2017,580,1,19,38674.14000000,4301711.71000000,483665.61000000,0.11243562
WOART,2017,580,1,21,23617.25000000,4301711.71000000,507282.86000000,0.11792582
WOART,2017,580,1,22,30814.06000000,4301711.71000000,538096.92000000,0.12508902
WOART,2017,580,1,23,92658.11000000,4301711.71000000,630755.03000000,0.14662885
WOART,2017,580,1,24,25863.77000000,4301711.71000000,656618.80000000,0.15264128
WOART,2017,580,1,28,21885.19000000,4301711.71000000,678503.99000000,0.15772884
WOART,2017,580,1,30,1824.56000000,4301711.71000000,680328.55000000,0.15815299
WOART,2017,580,1,31,32776.22000000,4301711.71000000,713104.77000000,0.16577233
WOART,2017,580,1,32,15135.64000000,4301711.71000000,728240.41000000,0.16929084
WOART,2017,580,1,34,17825.92000000,4301711.71000000,746066.33000000,0.17343476
WOART,2017,580,1,35,14359.35000000,4301711.71000000,760425.68000000,0.17677281
WOART,2017,580,1,36,17556.79000000,4301711.71000000,777982.47000000,0.18085416
WOART,2017,580,1,37,19438.22000000,4301711.71000000,797420.69000000,0.18537288
WOART,2017,580,1,38,36359.49000000,4301711.71000000,833780.18000000,0.19382521
WOART,2017,580,1,39,34860.17000000,4301711.71000000,868640.35000000,0.20192900
WOART,2017,580,1,40,15296.53000000,4301711.71000000,883936.88000000,0.20548492
WOART,2017,580,1,48,17199.85000000,4301711.71000000,901136.73000000,0.20948329
WOART,2017,580,1,49,18995.60000000,4301711.71000000,920132.33000000,0.21389912
WOART,2017,580,2,4,20667.13000000,758658.37000000,20667.13000000,0.02724168
WOART,2017,580,2,15,2567.31000000,758658.37000000,23234.44000000,0.03062570
WOART,2017,580,2,17,1039.07000000,758658.37000000,24273.51000000,0.03199531
WOART,2017,580,2,19,13254.19000000,758658.37000000,37527.70000000,0.04946587
WOART,2017,580,2,21,15481.85000000,758658.37000000,53009.55000000,0.06987275
WOART,2017,580,2,23,9492.27000000,758658.37000000,62501.82000000,0.08238467
WOART,2017,580,2,27,778.18000000,758658.37000000,63280.00000000,0.08341040
WOART,2017,580,2,35,8872.07000000,758658.37000000,72152.07000000,0.09510482
WOART,2017,580,2,41,12256.72000000,758658.37000000,84408.79000000,0.11126061
WOART,2017,590,1,4,58720.51000000,5513702.43000000,58720.51000000,0.01064992
WOART,2017,590,1,5,75622.35000000,5513702.43000000,134342.86000000,0.02436527
WOART,2017,590,1,6,28021.53000000,5513702.43000000,162364.39000000,0.02944743
WOART,2017,590,1,7,46851.64000000,5513702.43000000,209216.03000000,0.03794474
WOART,2017,590,1,8,31837.39000000,5513702.43000000,241053.42000000,0.04371898
WOART,2017,590,1,9,23510.10000000,5513702.43000000,264563.52000000,0.04798292
WOART,2017,590,1,10,30280.69000000,5513702.43000000,294844.21000000,0.05347481
WOART,2017,590,1,11,80952.93000000,5513702.43000000,375797.14000000,0.06815695
WOART,2017,590,1,12,80161.49000000,5513702.43000000,455958.63000000,0.08269555
WOART,2017,590,1,14,33501.03000000,5513702.43000000,489459.66000000,0.08877150
WOART,2017,590,1,17,32195.26000000,5513702.43000000,521654.92000000,0.09461064
WOART,2017,590,1,19,22544.66000000,5513702.43000000,544199.58000000,0.09869948
WOART,2017,590,1,20,17630.90000000,5513702.43000000,561830.48000000,0.10189713
WOART,2017,590,1,21,49368.46000000,5513702.43000000,611198.94000000,0.11085091
WOART,2017,590,1,22,27304.64000000,5513702.43000000,638503.58000000,0.11580305
WOART,2017,590,1,23,59211.09000000,5513702.43000000,697714.67000000,0.12654195
WOART,2017,590,1,24,43482.56000000,5513702.43000000,741197.23000000,0.13442822
WOART,2017,590,1,25,32069.19000000,5513702.43000000,773266.42000000,0.14024450
WOART,2017,590,1,26,82627.82000000,5513702.43000000,855894.24000000,0.15523040
WOART,2017,590,1,27,22087.64000000,5513702.43000000,877981.88000000,0.15923636
WOART,2017,590,1,29,33575.38000000,5513702.43000000,911557.26000000,0.16532580
WOART,2017,590,1,30,24769.97000000,5513702.43000000,936327.23000000,0.16981824
WOART,2017,590,1,31,17591.87000000,5513702.43000000,953919.10000000,0.17300881
WOART,2017,590,1,32,20932.54000000,5513702.43000000,974851.64000000,0.17680527
WOART,2017,590,1,33,15602.85000000,5513702.43000000,990454.49000000,0.17963510
WOART,2017,590,1,35,16073.48000000,5513702.43000000,1006527.97000000,0.18255029
WOART,2017,590,1,36,2130.46000000,5513702.43000000,1008658.43000000,0.18293668
WOART,2017,590,1,38,59544.77000000,5513702.43000000,1068203.20000000,0.19373610
WOART,2017,590,1,39,14769.86000000,5513702.43000000,1082973.06000000,0.19641485
WOART,2017,590,1,41,15027.29000000,5513702.43000000,1098000.35000000,0.19914030
WOART,2017,590,1,45,13341.65000000,5513702.43000000,1111342.00000000,0.20156003
WOART,2017,590,1,49,17926.07000000,5513702.43000000,1129268.07000000,0.20481121
WOART,2017,590,2,9,28191.47000000,1283634.39000000,28191.47000000,0.02196223
WOART,2017,590,2,10,29370.39000000,1283634.39000000,57561.86000000,0.04484288
WOART,2017,590,2,12,17342.03000000,1283634.39000000,74903.89000000,0.05835298
WOART,2017,590,2,15,21940.15000000,1283634.39000000,96844.04000000,0.07544519
WOART,2017,590,2,18,17427.54000000,1283634.39000000,114271.58000000,0.08902191
WOART,2017,590,2,19,21904.11000000,1283634.39000000,136175.69000000,0.10608604
WOART,2017,590,2,20,19392.46000000,1283634.39000000,155568.15000000,0.12119350
WOART,2017,590,2,22,18225.79000000,1283634.39000000,173793.94000000,0.13539209
WOART,2017,590,2,24,15081.15000000,1283634.39000000,188875.09000000,0.14714088
WOART,2017,590,2,30,867.49000000,1283634.39000000,189742.58000000,0.14781668
WOART,2017,590,2,34,427.24000000,1283634.39000000,190169.82000000,0.14814952
WOART,2017,590,2,35,12302.01000000,1283634.39000000,202471.83000000,0.15773325
WOART,2017,590,2,40,11160.83000000,1283634.39000000,213632.66000000,0.16642797
WOART,2017,590,2,45,16412.37000000,1283634.39000000,230045.03000000,0.17921383
WOART,2017,590,2,46,11068.84000000,1283634.39000000,241113.87000000,0.18783687
WOART,2017,590,2,49,9662.41000000,1283634.39000000,250776.28000000,0.19536426
WOART,2017,600,1,6,32675.90000000,5426267.49000000,32675.90000000,0.00602180
WOART,2017,600,1,7,44019.91000000,5426267.49000000,76695.81000000,0.01413417
WOART,2017,600,1,8,26305.08000000,5426267.49000000,103000.89000000,0.01898190
WOART,2017,600,1,9,18158.71000000,5426267.49000000,121159.60000000,0.02232835
WOART,2017,600,1,12,57505.06000000,5426267.49000000,178664.66000000,0.03292589
WOART,2017,600,1,13,86130.93000000,5426267.49000000,264795.59000000,0.04879885
WOART,2017,600,1,14,84780.11000000,5426267.49000000,349575.70000000,0.06442287
WOART,2017,600,1,15,29147.55000000,5426267.49000000,378723.25000000,0.06979443
WOART,2017,600,1,16,24647.56000000,5426267.49000000,403370.81000000,0.07433670
WOART,2017,600,1,17,128685.52000000,5426267.49000000,532056.33000000,0.09805199
WOART,2017,600,1,18,27771.85000000,5426267.49000000,559828.18000000,0.10317003
WOART,2017,600,1,19,8893.94000000,5426267.49000000,568722.12000000,0.10480908
WOART,2017,600,1,21,23336.80000000,5426267.49000000,592058.92000000,0.10910979
WOART,2017,600,1,23,24996.89000000,5426267.49000000,617055.81000000,0.11371644
WOART,2017,600,1,25,22326.88000000,5426267.49000000,639382.69000000,0.11783103
WOART,2017,600,1,26,23915.35000000,5426267.49000000,663298.04000000,0.12223836
WOART,2017,600,1,28,26874.44000000,5426267.49000000,690172.48000000,0.12719102
WOART,2017,600,1,31,41503.42000000,5426267.49000000,731675.90000000,0.13483963
WOART,2017,600,1,33,16813.97000000,5426267.49000000,748489.87000000,0.13793826
WOART,2017,600,1,34,17219.89000000,5426267.49000000,765709.76000000,0.14111169
WOART,2017,600,1,35,33307.12000000,5426267.49000000,799016.88000000,0.14724981
WOART,2017,600,1,36,22835.61000000,5426267.49000000,821852.49000000,0.15145816
WOART,2017,600,1,37,22414.56000000,5426267.49000000,844267.05000000,0.15558891
WOART,2017,600,1,40,19747.21000000,5426267.49000000,864014.26000000,0.15922810
WOART,2017,600,1,41,15219.46000000,5426267.49000000,879233.72000000,0.16203287
WOART,2017,600,1,48,16824.76000000,5426267.49000000,896058.48000000,0.16513349
WOART,2017,600,2,7,2297.43000000,1652064.57000000,2297.43000000,0.00139064
WOART,2017,600,2,8,12401.24000000,1652064.57000000,14698.67000000,0.00889715
WOART,2017,600,2,9,38405.62000000,1652064.57000000,53104.29000000,0.03214420
WOART,2017,600,2,10,17412.52000000,1652064.57000000,70516.81000000,0.04268405
WOART,2017,600,2,11,17617.50000000,1652064.57000000,88134.31000000,0.05334798
WOART,2017,600,2,15,35733.68000000,1652064.57000000,123867.99000000,0.07497769
WOART,2017,600,2,16,15567.75000000,1652064.57000000,139435.74000000,0.08440090
WOART,2017,600,2,17,18192.72000000,1652064.57000000,157628.46000000,0.09541301
WOART,2017,600,2,18,14254.39000000,1652064.57000000,171882.85000000,0.10404124
WOART,2017,600,2,19,36298.51000000,1652064.57000000,208181.36000000,0.12601285
WOART,2017,600,2,22,48205.74000000,1652064.57000000,256387.10000000,0.15519194
WOART,2017,600,2,23,8485.86000000,1652064.57000000,264872.96000000,0.16032845
WOART,2017,600,2,24,722.19000000,1652064.57000000,265595.15000000,0.16076560
WOART,2017,600,2,28,12574.96000000,1652064.57000000,278170.11000000,0.16837726
WOART,2017,600,2,29,290.00000000,1652064.57000000,278460.11000000,0.16855280
WOART,2017,600,2,30,44554.31000000,1652064.57000000,323014.42000000,0.19552167
WOART,2017,600,2,31,23358.71000000,1652064.57000000,346373.13000000,0.20966077
WOART,2017,600,2,35,15601.34000000,1652064.57000000,361974.47000000,0.21910431
WOART,2017,600,2,36,19600.09000000,1652064.57000000,381574.56000000,0.23096831
WOART,2017,600,2,42,9330.94000000,1652064.57000000,390905.50000000,0.23661636
WOART,2017,610,1,5,24887.71000000,5545897.42000000,24887.71000000,0.00448759
WOART,2017,610,1,6,48493.23000000,5545897.42000000,73380.94000000,0.01323157
WOART,2017,610,1,7,29687.01000000,5545897.42000000,103067.95000000,0.01858454
WOART,2017,610,1,8,21928.68000000,5545897.42000000,124996.63000000,0.02253858
WOART,2017,610,1,9,53285.35000000,5545897.42000000,178281.98000000,0.03214664
WOART,2017,610,1,10,60839.96000000,5545897.42000000,239121.94000000,0.04311691
WOART,2017,610,1,11,84327.43000000,5545897.42000000,323449.37000000,0.05832228
WOART,2017,610,1,12,103631.77000000,5545897.42000000,427081.14000000,0.07700848
WOART,2017,610,1,13,225.65000000,5545897.42000000,427306.79000000,0.07704917
WOART,2017,610,1,14,52993.38000000,5545897.42000000,480300.17000000,0.08660459
WOART,2017,610,1,15,21348.37000000,5545897.42000000,501648.54000000,0.09045399
WOART,2017,610,1,16,23056.52000000,5545897.42000000,524705.06000000,0.09461139
WOART,2017,610,1,17,74182.07000000,5545897.42000000,598887.13000000,0.10798742
WOART,2017,610,1,19,20323.17000000,5545897.42000000,619210.30000000,0.11165196
WOART,2017,610,1,20,77583.63000000,5545897.42000000,696793.93000000,0.12564133
WOART,2017,610,1,21,15549.42000000,5545897.42000000,712343.35000000,0.12844510
WOART,2017,610,1,22,24588.24000000,5545897.42000000,736931.59000000,0.13287869
WOART,2017,610,1,24,27374.72000000,5545897.42000000,764306.31000000,0.13781472
WOART,2017,610,1,26,13263.19000000,5545897.42000000,777569.50000000,0.14020625
WOART,2017,610,1,27,23227.40000000,5545897.42000000,800796.90000000,0.14439447
WOART,2017,610,1,28,28723.14000000,5545897.42000000,829520.04000000,0.14957364
WOART,2017,610,1,29,6365.90000000,5545897.42000000,835885.94000000,0.15072149
WOART,2017,610,1,30,20484.73000000,5545897.42000000,856370.67000000,0.15441517
WOART,2017,610,1,33,30994.51000000,5545897.42000000,887365.18000000,0.16000389
WOART,2017,610,1,34,16237.32000000,5545897.42000000,903602.50000000,0.16293170
WOART,2017,610,1,35,37331.87000000,5545897.42000000,940934.37000000,0.16966314
WOART,2017,610,1,37,39348.30000000,5545897.42000000,980282.67000000,0.17675817
WOART,2017,610,1,38,39123.59000000,5545897.42000000,1019406.26000000,0.18381268
WOART,2017,610,1,39,19786.97000000,5545897.42000000,1039193.23000000,0.18738054
WOART,2017,610,1,40,18013.97000000,5545897.42000000,1057207.20000000,0.19062870
WOART,2017,610,1,41,25429.17000000,5545897.42000000,1082636.37000000,0.19521392
WOART,2017,610,1,44,19165.71000000,5545897.42000000,1101802.08000000,0.19866975
WOART,2017,610,1,45,15936.98000000,5545897.42000000,1117739.06000000,0.20154341
WOART,2017,610,1,46,21537.84000000,5545897.42000000,1139276.90000000,0.20542697
WOART,2017,610,1,48,21897.23000000,5545897.42000000,1161174.13000000,0.20937533
WOART,2017,610,2,5,23164.49000000,1633302.94000000,23164.49000000,0.01418260
WOART,2017,610,2,9,18770.11000000,1633302.94000000,41934.60000000,0.02567472
WOART,2017,610,2,14,994.89000000,1633302.94000000,42929.49000000,0.02628385
WOART,2017,610,2,16,4565.38000000,1633302.94000000,47494.87000000,0.02907903
WOART,2017,610,2,18,38360.82000000,1633302.94000000,85855.69000000,0.05256569
WOART,2017,610,2,20,14960.39000000,1633302.94000000,100816.08000000,0.06172528
WOART,2017,610,2,22,13971.15000000,1633302.94000000,114787.23000000,0.07027920
WOART,2017,610,2,23,2611.21000000,1633302.94000000,117398.44000000,0.07187793
WOART,2017,610,2,24,10272.09000000,1633302.94000000,127670.53000000,0.07816709
WOART,2017,610,2,26,12411.20000000,1633302.94000000,140081.73000000,0.08576592
WOART,2017,610,2,27,21195.28000000,1633302.94000000,161277.01000000,0.09874286
WOART,2017,610,2,29,15018.52000000,1633302.94000000,176295.53000000,0.10793805
WOART,2017,610,2,32,15347.95000000,1633302.94000000,191643.48000000,0.11733493
WOART,2017,610,2,33,4130.68000000,1633302.94000000,195774.16000000,0.11986396
WOART,2017,610,2,36,14982.24000000,1633302.94000000,210756.40000000,0.12903693
WOART,2017,610,2,37,30645.30000000,1633302.94000000,241401.70000000,0.14779971
WOART,2017,610,2,39,15172.75000000,1633302.94000000,256574.45000000,0.15708932
WOART,2017,610,2,49,8437.41000000,1633302.94000000,265011.86000000,0.16225518
WOART,2017,620,1,5,42354.44000000,8124478.13000000,42354.44000000,0.00521319
WOART,2017,620,1,7,3692.42000000,8124478.13000000,46046.86000000,0.00566767
WOART,2017,620,1,8,59978.41000000,8124478.13000000,106025.27000000,0.01305010
WOART,2017,620,1,9,51302.13000000,8124478.13000000,157327.40000000,0.01936462
WOART,2017,620,1,10,28340.93000000,8124478.13000000,185668.33000000,0.02285295
WOART,2017,620,1,12,97906.58000000,8124478.13000000,283574.91000000,0.03490377
WOART,2017,620,1,13,84334.33000000,8124478.13000000,367909.24000000,0.04528405
WOART,2017,620,1,14,91542.52000000,8124478.13000000,459451.76000000,0.05655154
WOART,2017,620,1,15,93141.68000000,8124478.13000000,552593.44000000,0.06801587
WOART,2017,620,1,17,81209.19000000,8124478.13000000,633802.63000000,0.07801149
WOART,2017,620,1,18,23154.58000000,8124478.13000000,656957.21000000,0.08086147
WOART,2017,620,1,19,30579.08000000,8124478.13000000,687536.29000000,0.08462529
WOART,2017,620,1,25,61613.58000000,8124478.13000000,749149.87000000,0.09220898
WOART,2017,620,1,26,27288.89000000,8124478.13000000,776438.76000000,0.09556783
WOART,2017,620,1,28,80855.63000000,8124478.13000000,857294.39000000,0.10551993
WOART,2017,620,1,29,62030.92000000,8124478.13000000,919325.31000000,0.11315500
WOART,2017,620,1,30,63823.55000000,8124478.13000000,983148.86000000,0.12101071
WOART,2017,620,1,31,66296.77000000,8124478.13000000,1049445.63000000,0.12917084
WOART,2017,620,1,32,69408.63000000,8124478.13000000,1118854.26000000,0.13771399
WOART,2017,620,1,33,27553.03000000,8124478.13000000,1146407.29000000,0.14110535
WOART,2017,620,1,34,51360.61000000,8124478.13000000,1197767.90000000,0.14742706
WOART,2017,620,1,36,38645.42000000,8124478.13000000,1236413.32000000,0.15218372
WOART,2017,620,1,38,24367.30000000,8124478.13000000,1260780.62000000,0.15518297
WOART,2017,620,1,40,24693.99000000,8124478.13000000,1285474.61000000,0.15822242
WOART,2017,620,1,41,858.07000000,8124478.13000000,1286332.68000000,0.15832804
WOART,2017,620,1,42,11112.09000000,8124478.13000000,1297444.77000000,0.15969577
WOART,2017,620,1,43,16263.12000000,8124478.13000000,1313707.89000000,0.16169751
WOART,2017,620,1,45,17553.57000000,8124478.13000000,1331261.46000000,0.16385809
WOART,2017,620,1,47,17458.61000000,8124478.13000000,1348720.07000000,0.16600698
WOART,2017,620,1,48,18718.59000000,8124478.13000000,1367438.66000000,0.16831095
WOART,2017,620,1,49,36048.98000000,8124478.13000000,1403487.64000000,0.17274804
WOART,2017,620,1,50,-2.16000000,8124478.13000000,1403485.48000000,0.17274777
WOART,2017,620,2,9,40854.90000000,2515997.14000000,40854.90000000,0.01623806
WOART,2017,620,2,11,25127.38000000,2515997.14000000,65982.28000000,0.02622510
WOART,2017,620,2,12,19974.10000000,2515997.14000000,85956.38000000,0.03416394
WOART,2017,620,2,13,11439.38000000,2515997.14000000,97395.76000000,0.03871060
WOART,2017,620,2,14,40701.69000000,2515997.14000000,138097.45000000,0.05488776
WOART,2017,620,2,15,15364.83000000,2515997.14000000,153462.28000000,0.06099462
WOART,2017,620,2,16,26647.25000000,2515997.14000000,180109.53000000,0.07158575
WOART,2017,620,2,17,17376.37000000,2515997.14000000,197485.90000000,0.07849210
WOART,2017,620,2,18,36897.03000000,2515997.14000000,234382.93000000,0.09315707
WOART,2017,620,2,20,14022.08000000,2515997.14000000,248405.01000000,0.09873024
WOART,2017,620,2,21,34275.43000000,2515997.14000000,282680.44000000,0.11235324
WOART,2017,620,2,22,31898.11000000,2515997.14000000,314578.55000000,0.12503136
WOART,2017,620,2,26,33894.69000000,2515997.14000000,348473.24000000,0.13850304
WOART,2017,620,2,30,1264.44000000,2515997.14000000,349737.68000000,0.13900560
WOART,2017,620,2,33,19874.68000000,2515997.14000000,369612.36000000,0.14690492
WOART,2017,620,2,36,7105.89000000,2515997.14000000,376718.25000000,0.14972920
WOART,2017,620,2,38,15085.95000000,2515997.14000000,391804.20000000,0.15572522
WOART,2017,620,2,45,4487.25000000,2515997.14000000,396291.45000000,0.15750870
WOART,2017,630,1,5,61057.90000000,7790837.49000000,61057.90000000,0.00783714
WOART,2017,630,1,6,30822.93000000,7790837.49000000,91880.83000000,0.01179345
WOART,2017,630,1,7,1651.30000000,7790837.49000000,93532.13000000,0.01200540
WOART,2017,630,1,8,97031.03000000,7790837.49000000,190563.16000000,0.02445991
WOART,2017,630,1,9,75106.82000000,7790837.49000000,265669.98000000,0.03410031
WOART,2017,630,1,11,58243.43000000,7790837.49000000,323913.41000000,0.04157620
WOART,2017,630,1,12,62860.74000000,7790837.49000000,386774.15000000,0.04964475
WOART,2017,630,1,13,25151.70000000,7790837.49000000,411925.85000000,0.05287312
WOART,2017,630,1,14,78676.72000000,7790837.49000000,490602.57000000,0.06297174
WOART,2017,630,1,17,43540.22000000,7790837.49000000,534142.79000000,0.06856038
WOART,2017,630,1,18,42876.44000000,7790837.49000000,577019.23000000,0.07406383
WOART,2017,630,1,19,296.49000000,7790837.49000000,577315.72000000,0.07410188
WOART,2017,630,1,20,24089.98000000,7790837.49000000,601405.70000000,0.07719397
WOART,2017,630,1,21,24310.63000000,7790837.49000000,625716.33000000,0.08031439
WOART,2017,630,1,22,19851.35000000,7790837.49000000,645567.68000000,0.08286242
WOART,2017,630,1,23,29461.51000000,7790837.49000000,675029.19000000,0.08664398
WOART,2017,630,1,24,30985.87000000,7790837.49000000,706015.06000000,0.09062120
WOART,2017,630,1,25,53205.87000000,7790837.49000000,759220.93000000,0.09745049
WOART,2017,630,1,27,30518.93000000,7790837.49000000,789739.86000000,0.10136777
WOART,2017,630,1,28,53145.78000000,7790837.49000000,842885.64000000,0.10818935
WOART,2017,630,1,29,33013.16000000,7790837.49000000,875898.80000000,0.11242678
WOART,2017,630,1,30,24856.69000000,7790837.49000000,900755.49000000,0.11561729
WOART,2017,630,1,31,23283.79000000,7790837.49000000,924039.28000000,0.11860590
WOART,2017,630,1,32,29608.28000000,7790837.49000000,953647.56000000,0.12240630
WOART,2017,630,1,34,3618.03000000,7790837.49000000,957265.59000000,0.12287069
WOART,2017,630,1,35,15858.91000000,7790837.49000000,973124.50000000,0.12490628
WOART,2017,630,1,38,16091.25000000,7790837.49000000,989215.75000000,0.12697168
WOART,2017,630,1,39,21731.07000000,7790837.49000000,1010946.82000000,0.12976099
WOART,2017,630,1,44,16133.27000000,7790837.49000000,1027080.09000000,0.13183179
WOART,2017,630,1,45,40512.31000000,7790837.49000000,1067592.40000000,0.13703179
WOART,2017,630,2,8,16913.13000000,1914172.26000000,16913.13000000,0.00883574
WOART,2017,630,2,10,15515.83000000,1914172.26000000,32428.96000000,0.01694151
WOART,2017,630,2,14,64749.80000000,1914172.26000000,97178.76000000,0.05076803
WOART,2017,630,2,15,52341.73000000,1914172.26000000,149520.49000000,0.07811235
WOART,2017,630,2,20,18434.42000000,1914172.26000000,167954.91000000,0.08774284
WOART,2017,630,2,26,19235.58000000,1914172.26000000,187190.49000000,0.09779187
WOART,2017,630,2,31,16859.29000000,1914172.26000000,204049.78000000,0.10659949
WOART,2017,630,2,38,8980.48000000,1914172.26000000,213030.26000000,0.11129106
WOART,2017,630,2,48,7492.54000000,1914172.26000000,220522.80000000,0.11520531
WOART,2017,630,2,50,10910.26000000,1914172.26000000,231433.06000000,0.12090503
WOART,2017,640,1,4,76596.99000000,8147093.00000000,76596.99000000,0.00940176
WOART,2017,640,1,6,95434.64000000,8147093.00000000,172031.63000000,0.02111571
WOART,2017,640,1,7,24778.77000000,8147093.00000000,196810.40000000,0.02415713
WOART,2017,640,1,8,86986.49000000,8147093.00000000,283796.89000000,0.03483413
WOART,2017,640,1,9,38097.03000000,8147093.00000000,321893.92000000,0.03951028
WOART,2017,640,1,11,18429.56000000,8147093.00000000,340323.48000000,0.04177238
WOART,2017,640,1,12,7863.70000000,8147093.00000000,348187.18000000,0.04273760
WOART,2017,640,1,13,87434.49000000,8147093.00000000,435621.67000000,0.05346958
WOART,2017,640,1,14,80461.99000000,8147093.00000000,516083.66000000,0.06334574
WOART,2017,640,1,15,52006.01000000,8147093.00000000,568089.67000000,0.06972913
WOART,2017,640,1,16,17662.47000000,8147093.00000000,585752.14000000,0.07189707
WOART,2017,640,1,17,89503.54000000,8147093.00000000,675255.68000000,0.08288302
WOART,2017,640,1,18,32170.91000000,8147093.00000000,707426.59000000,0.08683178
WOART,2017,640,1,20,46993.03000000,8147093.00000000,754419.62000000,0.09259985
WOART,2017,640,1,21,21380.31000000,8147093.00000000,775799.93000000,0.09522414
WOART,2017,640,1,23,23721.29000000,8147093.00000000,799521.22000000,0.09813577
WOART,2017,640,1,24,857.94000000,8147093.00000000,800379.16000000,0.09824107
WOART,2017,640,1,25,25935.57000000,8147093.00000000,826314.73000000,0.10142449
WOART,2017,640,1,26,28628.88000000,8147093.00000000,854943.61000000,0.10493849
WOART,2017,640,1,27,2306.79000000,8147093.00000000,857250.40000000,0.10522163
WOART,2017,640,1,28,6182.09000000,8147093.00000000,863432.49000000,0.10598044
WOART,2017,640,1,29,51742.81000000,8147093.00000000,915175.30000000,0.11233152
WOART,2017,640,1,32,21281.30000000,8147093.00000000,936456.60000000,0.11494365
WOART,2017,640,1,33,65248.75000000,8147093.00000000,1001705.35000000,0.12295249
WOART,2017,640,1,40,13577.10000000,8147093.00000000,1015282.45000000,0.12461898
WOART,2017,640,1,41,12048.75000000,8147093.00000000,1027331.20000000,0.12609789
WOART,2017,640,1,42,18068.36000000,8147093.00000000,1045399.56000000,0.12831565
WOART,2017,640,1,43,21247.89000000,8147093.00000000,1066647.45000000,0.13092369
WOART,2017,640,1,45,14600.94000000,8147093.00000000,1081248.39000000,0.13271585
WOART,2017,640,1,46,1968.93000000,8147093.00000000,1083217.32000000,0.13295752
WOART,2017,640,2,6,61360.07000000,2389941.22000000,61360.07000000,0.02567430
WOART,2017,640,2,7,18949.53000000,2389941.22000000,80309.60000000,0.03360317
WOART,2017,640,2,8,5090.63000000,2389941.22000000,85400.23000000,0.03573319
WOART,2017,640,2,12,18754.12000000,2389941.22000000,104154.35000000,0.04358030
WOART,2017,640,2,14,49259.37000000,2389941.22000000,153413.72000000,0.06419142
WOART,2017,640,2,15,77576.28000000,2389941.22000000,230990.00000000,0.09665091
WOART,2017,640,2,17,11701.51000000,2389941.22000000,242691.51000000,0.10154706
WOART,2017,640,2,20,47040.06000000,2389941.22000000,289731.57000000,0.12122958
WOART,2017,640,2,22,30967.55000000,2389941.22000000,320699.12000000,0.13418703
WOART,2017,640,2,24,13242.05000000,2389941.22000000,333941.17000000,0.13972778
WOART,2017,640,2,26,34577.57000000,2389941.22000000,368518.74000000,0.15419573
WOART,2017,640,2,27,11835.47000000,2389941.22000000,380354.21000000,0.15914794
WOART,2017,640,2,28,35722.65000000,2389941.22000000,416076.86000000,0.17409502
WOART,2017,640,2,30,15617.51000000,2389941.22000000,431694.37000000,0.18062970
WOART,2017,640,2,37,1138.29000000,2389941.22000000,432832.66000000,0.18110599
WOART,2017,640,2,46,1035.34000000,2389941.22000000,433868.00000000,0.18153919
WOART,2017,640,2,48,9696.12000000,2389941.22000000,443564.12000000,0.18559625
WOART,2017,650,1,5,104619.78000000,82357482.85999992,104619.78000000,0.00127031
WOART,2017,650,1,6,121870.72000000,82357482.85999992,226490.50000000,0.00275009
WOART,2017,650,1,7,215819.90000000,82357482.85999992,442310.40000000,0.00537062
WOART,2017,650,1,8,394151.42000000,82357482.85999992,836461.82000000,0.01015648
WOART,2017,650,1,9,243066.73000000,82357482.85999992,1079528.55000000,0.01310784
WOART,2017,650,1,10,186559.75000000,82357482.85999992,1266088.30000000,0.01537308
WOART,2017,650,1,11,445507.10000000,82357482.85999992,1711595.40000000,0.02078251
WOART,2017,650,1,12,288170.11000000,82357482.85999992,1999765.51000000,0.02428153
WOART,2017,650,1,13,363982.77000000,82357482.85999992,2363748.28000000,0.02870107
WOART,2017,650,1,14,385743.51000000,82357482.85999992,2749491.79000000,0.03338484
WOART,2017,650,1,15,310953.11000000,82357482.85999992,3060444.90000000,0.03716050
WOART,2017,650,1,16,346467.23000000,82357482.85999992,3406912.13000000,0.04136737
WOART,2017,650,1,17,332157.74000000,82357482.85999992,3739069.87000000,0.04540049
WOART,2017,650,1,18,428819.09000000,82357482.85999992,4167888.96000000,0.05060729
WOART,2017,650,1,19,314735.63000000,82357482.85999992,4482624.59000000,0.05442887
WOART,2017,650,1,20,267736.79000000,82357482.85999992,4750361.38000000,0.05767978
WOART,2017,650,1,21,210000.42000000,82357482.85999992,4960361.80000000,0.06022964
WOART,2017,650,1,22,369930.20000000,82357482.85999992,5330292.00000000,0.06472140
WOART,2017,650,1,23,374614.30000000,82357482.85999992,5704906.30000000,0.06927004
WOART,2017,650,1,24,254232.57000000,82357482.85999992,5959138.87000000,0.07235698
WOART,2017,650,1,25,206931.84000000,82357482.85999992,6166070.71000000,0.07486959
WOART,2017,650,1,26,166110.11000000,82357482.85999992,6332180.82000000,0.07688653
WOART,2017,650,1,27,152253.99000000,82357482.85999992,6484434.81000000,0.07873522
WOART,2017,650,1,28,143741.56000000,82357482.85999992,6628176.37000000,0.08048056
WOART,2017,650,1,29,192964.11000000,82357482.85999992,6821140.48000000,0.08282357
WOART,2017,650,1,30,260760.60000000,82357482.85999992,7081901.08000000,0.08598977
WOART,2017,650,1,31,200984.05000000,82357482.85999992,7282885.13000000,0.08843016
WOART,2017,650,1,32,109060.55000000,82357482.85999992,7391945.68000000,0.08975439
WOART,2017,650,1,33,132040.23000000,82357482.85999992,7523985.91000000,0.09135765
WOART,2017,650,1,34,173098.69000000,82357482.85999992,7697084.60000000,0.09345944
WOART,2017,650,1,35,54251.51000000,82357482.85999992,7751336.11000000,0.09411818
WOART,2017,650,1,36,119706.96000000,82357482.85999992,7871043.07000000,0.09557168
WOART,2017,650,1,37,90559.28000000,82357482.85999992,7961602.35000000,0.09667127
WOART,2017,650,1,38,51475.76000000,82357482.85999992,8013078.11000000,0.09729630
WOART,2017,650,1,39,61753.24000000,82357482.85999992,8074831.35000000,0.09804612
WOART,2017,650,1,40,74319.88000000,82357482.85999992,8149151.23000000,0.09894852
WOART,2017,650,1,41,152861.09000000,82357482.85999992,8302012.32000000,0.10080459
WOART,2017,650,1,42,82895.79000000,82357482.85999992,8384908.11000000,0.10181113
WOART,2017,650,1,43,47691.92000000,82357482.85999992,8432600.03000000,0.10239021
WOART,2017,650,1,44,20372.40000000,82357482.85999992,8452972.43000000,0.10263758
WOART,2017,650,1,45,43739.27000000,82357482.85999992,8496711.70000000,0.10316867
WOART,2017,650,1,46,11670.30000000,82357482.85999992,8508382.00000000,0.10331037
WOART,2017,650,1,47,19274.04000000,82357482.85999992,8527656.04000000,0.10354440
WOART,2017,650,1,48,12907.53000000,82357482.85999992,8540563.57000000,0.10370112
WOART,2017,650,1,49,39594.12000000,82357482.85999992,8580157.69000000,0.10418188
WOART,2017,650,1,50,68819.23000000,82357482.85999992,8648976.92000000,0.10501750
WOART,2017,650,1,51,10628.53000000,82357482.85999992,8659605.45000000,0.10514655
WOART,2017,650,1,52,25014.92000000,82357482.85999992,8684620.37000000,0.10545029
WOART,2017,650,1,53,30080.24000000,82357482.85999992,8714700.61000000,0.10581553
WOART,2017,650,1,59,9293.65000000,82357482.85999992,8723994.26000000,0.10592837
WOART,2017,650,1,68,14144.14000000,82357482.85999992,8738138.40000000,0.10610011
WOART,2017,650,1,69,19888.55000000,82357482.85999992,8758026.95000000,0.10634161
WOART,2017,650,1,76,4435.63000000,82357482.85999992,8762462.58000000,0.10639546
WOART,2017,650,1,77,4235.49000000,82357482.85999992,8766698.07000000,0.10644689
WOART,2017,650,1,80,11150.23000000,82357482.85999992,8777848.30000000,0.10658228
WOART,2017,650,1,81,2455.53000000,82357482.85999992,8780303.83000000,0.10661210
WOART,2017,650,1,82,2004.27000000,82357482.85999992,8782308.10000000,0.10663643
WOART,2017,650,1,83,5377.41000000,82357482.85999992,8787685.51000000,0.10670173
WOART,2017,650,1,84,5987.42000000,82357482.85999992,8793672.93000000,0.10677443
WOART,2017,650,2,6,133.43000000,12391222.57999999,133.43000000,0.00001077
WOART,2017,650,2,7,43394.02000000,12391222.57999999,43527.45000000,0.00351276
WOART,2017,650,2,8,20232.42000000,12391222.57999999,63759.87000000,0.00514557
WOART,2017,650,2,9,29108.43000000,12391222.57999999,92868.30000000,0.00749468
WOART,2017,650,2,10,98422.46000000,12391222.57999999,191290.76000000,0.01543760
WOART,2017,650,2,11,25994.54000000,12391222.57999999,217285.30000000,0.01753542
WOART,2017,650,2,12,55396.11000000,12391222.57999999,272681.41000000,0.02200601
WOART,2017,650,2,13,127853.98000000,12391222.57999999,400535.39000000,0.03232412
WOART,2017,650,2,14,77127.71000000,12391222.57999999,477663.10000000,0.03854850
WOART,2017,650,2,15,75547.32000000,12391222.57999999,553210.42000000,0.04464535
WOART,2017,650,2,16,59365.83000000,12391222.57999999,612576.25000000,0.04943630
WOART,2017,650,2,17,101210.44000000,12391222.57999999,713786.69000000,0.05760422
WOART,2017,650,2,19,28320.44000000,12391222.57999999,742107.13000000,0.05988974
WOART,2017,650,2,20,32145.38000000,12391222.57999999,774252.51000000,0.06248395
WOART,2017,650,2,21,67603.49000000,12391222.57999999,841856.00000000,0.06793970
WOART,2017,650,2,22,55385.25000000,12391222.57999999,897241.25000000,0.07240942
WOART,2017,650,2,23,39228.70000000,12391222.57999999,936469.95000000,0.07557527
WOART,2017,650,2,24,65259.21000000,12391222.57999999,1001729.16000000,0.08084183
WOART,2017,650,2,25,27193.75000000,12391222.57999999,1028922.91000000,0.08303643
WOART,2017,650,2,26,16441.57000000,12391222.57999999,1045364.48000000,0.08436330
WOART,2017,650,2,27,17659.58000000,12391222.57999999,1063024.06000000,0.08578847
WOART,2017,650,2,28,35347.22000000,12391222.57999999,1098371.28000000,0.08864107
WOART,2017,650,2,29,48900.40000000,12391222.57999999,1147271.68000000,0.09258745
WOART,2017,650,2,30,7853.32000000,12391222.57999999,1155125.00000000,0.09322123
WOART,2017,650,2,31,17037.28000000,12391222.57999999,1172162.28000000,0.09459618
WOART,2017,650,2,32,36850.17000000,12391222.57999999,1209012.45000000,0.09757007
WOART,2017,650,2,33,46376.76000000,12391222.57999999,1255389.21000000,0.10131278
WOART,2017,650,2,34,14112.55000000,12391222.57999999,1269501.76000000,0.10245170
WOART,2017,650,2,36,89352.03000000,12391222.57999999,1358853.79000000,0.10966261
WOART,2017,650,2,37,16841.63000000,12391222.57999999,1375695.42000000,0.11102177
WOART,2017,650,2,38,39283.95000000,12391222.57999999,1414979.37000000,0.11419207
WOART,2017,650,2,39,22694.14000000,12391222.57999999,1437673.51000000,0.11602354
WOART,2017,650,2,42,10950.53000000,12391222.57999999,1448624.04000000,0.11690727
WOART,2017,650,2,43,3411.28000000,12391222.57999999,1452035.32000000,0.11718257
WOART,2017,650,2,45,16236.51000000,12391222.57999999,1468271.83000000,0.11849289
WOART,2017,650,2,46,22816.90000000,12391222.57999999,1491088.73000000,0.12033427
WOART,2017,650,2,47,7511.38000000,12391222.57999999,1498600.11000000,0.12094046
WOART,2017,650,2,48,7248.66000000,12391222.57999999,1505848.77000000,0.12152544
WOART,2017,650,2,49,28959.61000000,12391222.57999999,1534808.38000000,0.12386255
WOART,2017,650,2,50,9617.93000000,12391222.57999999,1544426.31000000,0.12463874
WOART,2017,650,2,51,10719.86000000,12391222.57999999,1555146.17000000,0.12550385
WOART,2017,650,2,54,2986.79000000,12391222.57999999,1558132.96000000,0.12574489
WOART,2017,650,2,56,14041.89000000,12391222.57999999,1572174.85000000,0.12687811
WOART,2017,650,2,59,15369.57000000,12391222.57999999,1587544.42000000,0.12811847
WOART,2017,650,2,60,5181.94000000,12391222.57999999,1592726.36000000,0.12853666
WOART,2017,650,2,61,494.21000000,12391222.57999999,1593220.57000000,0.12857654
WOART,2017,650,2,63,11030.82000000,12391222.57999999,1604251.39000000,0.12946676
WOART,2017,650,2,77,873.92000000,12391222.57999999,1605125.31000000,0.12953728
WOART,2017,650,2,78,3740.36000000,12391222.57999999,1608865.67000000,0.12983914
WOART,2017,650,2,80,1089.62000000,12391222.57999999,1609955.29000000,0.12992707
WOART,2017,650,2,82,1328.99000000,12391222.57999999,1611284.28000000,0.13003433
WOART,2017,650,2,84,1636.84000000,12391222.57999999,1612921.12000000,0.13016642
WOART,2017,660,1,4,22015.61000000,111513507.47000003,22015.61000000,0.00019743
WOART,2017,660,1,5,53244.60000000,111513507.47000003,75260.21000000,0.00067490
WOART,2017,660,1,6,114661.24000000,111513507.47000003,189921.45000000,0.00170313
WOART,2017,660,1,7,90742.12000000,111513507.47000003,280663.57000000,0.00251686
WOART,2017,660,1,8,473186.56000000,111513507.47000003,753850.13000000,0.00676017
WOART,2017,660,1,9,267597.96000000,111513507.47000003,1021448.09000000,0.00915986
WOART,2017,660,1,10,171570.63000000,111513507.47000003,1193018.72000000,0.01069842
WOART,2017,660,1,11,323383.91000000,111513507.47000003,1516402.63000000,0.01359838
WOART,2017,660,1,12,224010.87000000,111513507.47000003,1740413.50000000,0.01560720
WOART,2017,660,1,13,579047.20000000,111513507.47000003,2319460.70000000,0.02079982
WOART,2017,660,1,14,263145.48000000,111513507.47000003,2582606.18000000,0.02315958
WOART,2017,660,1,15,193940.53000000,111513507.47000003,2776546.71000000,0.02489875
WOART,2017,660,1,16,321792.61000000,111513507.47000003,3098339.32000000,0.02778443
WOART,2017,660,1,17,371985.91000000,111513507.47000003,3470325.23000000,0.03112022
WOART,2017,660,1,18,287787.26000000,111513507.47000003,3758112.49000000,0.03370096
WOART,2017,660,1,19,161620.31000000,111513507.47000003,3919732.80000000,0.03515030
WOART,2017,660,1,20,228115.37000000,111513507.47000003,4147848.17000000,0.03719593
WOART,2017,660,1,21,192794.70000000,111513507.47000003,4340642.87000000,0.03892482
WOART,2017,660,1,22,273238.88000000,111513507.47000003,4613881.75000000,0.04137509
WOART,2017,660,1,23,328997.33000000,111513507.47000003,4942879.08000000,0.04432538
WOART,2017,660,1,24,319487.76000000,111513507.47000003,5262366.84000000,0.04719040
WOART,2017,660,1,25,224901.48000000,111513507.47000003,5487268.32000000,0.04920721
WOART,2017,660,1,26,234471.62000000,111513507.47000003,5721739.94000000,0.05130984
WOART,2017,660,1,27,235753.63000000,111513507.47000003,5957493.57000000,0.05342396
WOART,2017,660,1,28,243401.36000000,111513507.47000003,6200894.93000000,0.05560667
WOART,2017,660,1,29,175012.89000000,111513507.47000003,6375907.82000000,0.05717610
WOART,2017,660,1,30,276144.83000000,111513507.47000003,6652052.65000000,0.05965244
WOART,2017,660,1,31,318617.08000000,111513507.47000003,6970669.73000000,0.06250964
WOART,2017,660,1,32,193803.96000000,111513507.47000003,7164473.69000000,0.06424759
WOART,2017,660,1,33,197374.11000000,111513507.47000003,7361847.80000000,0.06601754
WOART,2017,660,1,34,139748.04000000,111513507.47000003,7501595.84000000,0.06727074
WOART,2017,660,1,35,227694.93000000,111513507.47000003,7729290.77000000,0.06931260
WOART,2017,660,1,36,132144.94000000,111513507.47000003,7861435.71000000,0.07049761
WOART,2017,660,1,37,139429.72000000,111513507.47000003,8000865.43000000,0.07174795
WOART,2017,660,1,38,141143.25000000,111513507.47000003,8142008.68000000,0.07301365
WOART,2017,660,1,39,95266.09000000,111513507.47000003,8237274.77000000,0.07386796
WOART,2017,660,1,40,43011.66000000,111513507.47000003,8280286.43000000,0.07425366
WOART,2017,660,1,41,54346.96000000,111513507.47000003,8334633.39000000,0.07474102
WOART,2017,660,1,42,54612.45000000,111513507.47000003,8389245.84000000,0.07523076
WOART,2017,660,1,43,117133.10000000,111513507.47000003,8506378.94000000,0.07628115
WOART,2017,660,1,44,50517.00000000,111513507.47000003,8556895.94000000,0.07673417
WOART,2017,660,1,45,37548.49000000,111513507.47000003,8594444.43000000,0.07707088
WOART,2017,660,1,46,60637.31000000,111513507.47000003,8655081.74000000,0.07761465
WOART,2017,660,1,47,18476.42000000,111513507.47000003,8673558.16000000,0.07778034
WOART,2017,660,1,48,35346.02000000,111513507.47000003,8708904.18000000,0.07809730
WOART,2017,660,1,49,22163.62000000,111513507.47000003,8731067.80000000,0.07829606
WOART,2017,660,1,50,12070.69000000,111513507.47000003,8743138.49000000,0.07840430
WOART,2017,660,1,51,46448.47000000,111513507.47000003,8789586.96000000,0.07882083
WOART,2017,660,1,53,22353.09000000,111513507.47000003,8811940.05000000,0.07902128
WOART,2017,660,1,54,29114.14000000,111513507.47000003,8841054.19000000,0.07928236
WOART,2017,660,1,56,22114.15000000,111513507.47000003,8863168.34000000,0.07948067
WOART,2017,660,1,57,9056.89000000,111513507.47000003,8872225.23000000,0.07956189
WOART,2017,660,1,58,17029.49000000,111513507.47000003,8889254.72000000,0.07971460
WOART,2017,660,1,59,27613.61000000,111513507.47000003,8916868.33000000,0.07996223
WOART,2017,660,1,62,11325.39000000,111513507.47000003,8928193.72000000,0.08006379
WOART,2017,660,1,63,4784.73000000,111513507.47000003,8932978.45000000,0.08010669
WOART,2017,660,1,69,5377.52000000,111513507.47000003,8938355.97000000,0.08015492
WOART,2017,660,1,71,4257.32000000,111513507.47000003,8942613.29000000,0.08019309
WOART,2017,660,1,72,5464.73000000,111513507.47000003,8948078.02000000,0.08024210
WOART,2017,660,1,74,1407.07000000,111513507.47000003,8949485.09000000,0.08025472
WOART,2017,660,1,75,4692.08000000,111513507.47000003,8954177.17000000,0.08029679
WOART,2017,660,1,76,10386.21000000,111513507.47000003,8964563.38000000,0.08038993
WOART,2017,660,1,77,3984.07000000,111513507.47000003,8968547.45000000,0.08042566
WOART,2017,660,1,78,3019.12000000,111513507.47000003,8971566.57000000,0.08045273
WOART,2017,660,1,79,3623.20000000,111513507.47000003,8975189.77000000,0.08048523
WOART,2017,660,1,80,851.35000000,111513507.47000003,8976041.12000000,0.08049286
WOART,2017,660,1,81,1146.65000000,111513507.47000003,8977187.77000000,0.08050314
WOART,2017,660,1,82,2131.38000000,111513507.47000003,8979319.15000000,0.08052226
WOART,2017,660,2,4,19926.73000000,10713943.16000000,19926.73000000,0.00185989
WOART,2017,660,2,6,62181.88000000,10713943.16000000,82108.61000000,0.00766372
WOART,2017,660,2,8,15644.84000000,10713943.16000000,97753.45000000,0.00912395
WOART,2017,660,2,10,34053.99000000,10713943.16000000,131807.44000000,0.01230242
WOART,2017,660,2,11,14334.50000000,10713943.16000000,146141.94000000,0.01364035
WOART,2017,660,2,12,74944.18000000,10713943.16000000,221086.12000000,0.02063536
WOART,2017,660,2,13,102932.60000000,10713943.16000000,324018.72000000,0.03024271
WOART,2017,660,2,14,33435.41000000,10713943.16000000,357454.13000000,0.03336345
WOART,2017,660,2,15,50229.58000000,10713943.16000000,407683.71000000,0.03805170
WOART,2017,660,2,17,12182.58000000,10713943.16000000,419866.29000000,0.03918877
WOART,2017,660,2,19,84652.29000000,10713943.16000000,504518.58000000,0.04708991
WOART,2017,660,2,20,36036.62000000,10713943.16000000,540555.20000000,0.05045343
WOART,2017,660,2,21,20899.83000000,10713943.16000000,561455.03000000,0.05240414
WOART,2017,660,2,23,49554.94000000,10713943.16000000,611009.97000000,0.05702942
WOART,2017,660,2,24,36850.58000000,10713943.16000000,647860.55000000,0.06046892
WOART,2017,660,2,25,43163.67000000,10713943.16000000,691024.22000000,0.06449766
WOART,2017,660,2,26,38566.71000000,10713943.16000000,729590.93000000,0.06809733
WOART,2017,660,2,27,8068.30000000,10713943.16000000,737659.23000000,0.06885040
WOART,2017,660,2,28,12931.35000000,10713943.16000000,750590.58000000,0.07005736
WOART,2017,660,2,30,36641.11000000,10713943.16000000,787231.69000000,0.07347731
WOART,2017,660,2,31,39774.23000000,10713943.16000000,827005.92000000,0.07718969
WOART,2017,660,2,32,3671.82000000,10713943.16000000,830677.74000000,0.07753240
WOART,2017,660,2,33,12949.59000000,10713943.16000000,843627.33000000,0.07874107
WOART,2017,660,2,35,21180.10000000,10713943.16000000,864807.43000000,0.08071794
WOART,2017,660,2,36,22555.46000000,10713943.16000000,887362.89000000,0.08282318
WOART,2017,660,2,37,13573.28000000,10713943.16000000,900936.17000000,0.08409006
WOART,2017,660,2,39,15792.08000000,10713943.16000000,916728.25000000,0.08556404
WOART,2017,660,2,40,9960.62000000,10713943.16000000,926688.87000000,0.08649373
WOART,2017,660,2,41,9600.18000000,10713943.16000000,936289.05000000,0.08738977
WOART,2017,660,2,43,2269.17000000,10713943.16000000,938558.22000000,0.08760157
WOART,2017,660,2,47,13236.17000000,10713943.16000000,951794.39000000,0.08883698
WOART,2017,660,2,48,7891.54000000,10713943.16000000,959685.93000000,0.08957355
WOART,2017,660,2,52,6670.06000000,10713943.16000000,966355.99000000,0.09019611
WOART,2017,660,2,53,15136.58000000,10713943.16000000,981492.57000000,0.09160890
WOART,2017,660,2,55,16057.21000000,10713943.16000000,997549.78000000,0.09310762
WOART,2017,660,2,61,7616.47000000,10713943.16000000,1005166.25000000,0.09381852
WOART,2017,660,2,65,7780.29000000,10713943.16000000,1012946.54000000,0.09454470
WOART,2017,660,2,68,1361.13000000,10713943.16000000,1014307.67000000,0.09467174
WOART,2017,660,2,71,2685.30000000,10713943.16000000,1016992.97000000,0.09492238
WOART,2017,660,2,80,1230.15000000,10713943.16000000,1018223.12000000,0.09503720
WOART,2017,660,2,81,279.12000000,10713943.16000000,1018502.24000000,0.09506325
WOART,2017,670,1,5,128562.51000000,118100484.52000006,128562.51000000,0.00108859
WOART,2017,670,1,6,209311.56000000,118100484.52000006,337874.07000000,0.00286090
WOART,2017,670,1,7,164775.61000000,118100484.52000006,502649.68000000,0.00425612
WOART,2017,670,1,8,466147.70000000,118100484.52000006,968797.38000000,0.00820316
WOART,2017,670,1,9,396448.39000000,118100484.52000006,1365245.77000000,0.01156004
WOART,2017,670,1,10,365575.63000000,118100484.52000006,1730821.40000000,0.01465550
WOART,2017,670,1,11,470809.95000000,118100484.52000006,2201631.35000000,0.01864202
WOART,2017,670,1,12,245983.35000000,118100484.52000006,2447614.70000000,0.02072485
WOART,2017,670,1,13,312920.39000000,118100484.52000006,2760535.09000000,0.02337446
WOART,2017,670,1,14,426441.43000000,118100484.52000006,3186976.52000000,0.02698530
WOART,2017,670,1,15,225733.61000000,118100484.52000006,3412710.13000000,0.02889666
WOART,2017,670,1,16,293388.52000000,118100484.52000006,3706098.65000000,0.03138089
WOART,2017,670,1,17,460282.07000000,118100484.52000006,4166380.72000000,0.03527827
WOART,2017,670,1,18,204862.24000000,118100484.52000006,4371242.96000000,0.03701291
WOART,2017,670,1,19,377332.60000000,118100484.52000006,4748575.56000000,0.04020793
WOART,2017,670,1,20,312872.48000000,118100484.52000006,5061448.04000000,0.04285713
WOART,2017,670,1,21,253057.66000000,118100484.52000006,5314505.70000000,0.04499986
WOART,2017,670,1,22,223092.28000000,118100484.52000006,5537597.98000000,0.04688887
WOART,2017,670,1,23,278444.29000000,118100484.52000006,5816042.27000000,0.04924656
WOART,2017,670,1,24,259901.90000000,118100484.52000006,6075944.17000000,0.05144724
WOART,2017,670,1,25,199923.20000000,118100484.52000006,6275867.37000000,0.05314006
WOART,2017,670,1,26,211363.16000000,118100484.52000006,6487230.53000000,0.05492975
WOART,2017,670,1,27,361112.98000000,118100484.52000006,6848343.51000000,0.05798743
WOART,2017,670,1,28,313777.77000000,118100484.52000006,7162121.28000000,0.06064430
WOART,2017,670,1,29,182314.69000000,118100484.52000006,7344435.97000000,0.06218803
WOART,2017,670,1,30,217279.76000000,118100484.52000006,7561715.73000000,0.06402781
WOART,2017,670,1,31,95934.63000000,118100484.52000006,7657650.36000000,0.06484013
WOART,2017,670,1,32,135767.00000000,118100484.52000006,7793417.36000000,0.06598972
WOART,2017,670,1,33,261559.53000000,118100484.52000006,8054976.89000000,0.06820444
WOART,2017,670,1,34,70394.16000000,118100484.52000006,8125371.05000000,0.06880049
WOART,2017,670,1,35,81693.45000000,118100484.52000006,8207064.50000000,0.06949222
WOART,2017,670,1,36,88971.53000000,118100484.52000006,8296036.03000000,0.07024557
WOART,2017,670,1,37,92476.01000000,118100484.52000006,8388512.04000000,0.07102860
WOART,2017,670,1,38,100038.67000000,118100484.52000006,8488550.71000000,0.07187566
WOART,2017,670,1,39,16298.27000000,118100484.52000006,8504848.98000000,0.07201367
WOART,2017,670,1,40,167727.17000000,118100484.52000006,8672576.15000000,0.07343387
WOART,2017,670,1,41,61750.25000000,118100484.52000006,8734326.40000000,0.07395674
WOART,2017,670,1,42,92878.80000000,118100484.52000006,8827205.20000000,0.07474318
WOART,2017,670,1,43,102097.59000000,118100484.52000006,8929302.79000000,0.07560767
WOART,2017,670,1,44,24283.30000000,118100484.52000006,8953586.09000000,0.07581329
WOART,2017,670,1,45,36448.90000000,118100484.52000006,8990034.99000000,0.07612191
WOART,2017,670,1,46,56323.89000000,118100484.52000006,9046358.88000000,0.07659883
WOART,2017,670,1,47,75618.00000000,118100484.52000006,9121976.88000000,0.07723911
WOART,2017,670,1,48,12327.29000000,118100484.52000006,9134304.17000000,0.07734349
WOART,2017,670,1,49,55543.89000000,118100484.52000006,9189848.06000000,0.07781380
WOART,2017,670,1,50,24136.16000000,118100484.52000006,9213984.22000000,0.07801817
WOART,2017,670,1,51,15689.58000000,118100484.52000006,9229673.80000000,0.07815102
WOART,2017,670,1,52,32274.63000000,118100484.52000006,9261948.43000000,0.07842431
WOART,2017,670,1,53,14584.17000000,118100484.52000006,9276532.60000000,0.07854779
WOART,2017,670,1,54,11873.42000000,118100484.52000006,9288406.02000000,0.07864833
WOART,2017,670,1,55,17129.39000000,118100484.52000006,9305535.41000000,0.07879337
WOART,2017,670,1,56,15493.02000000,118100484.52000006,9321028.43000000,0.07892456
WOART,2017,670,1,58,23551.31000000,118100484.52000006,9344579.74000000,0.07912397
WOART,2017,670,1,59,14621.36000000,118100484.52000006,9359201.10000000,0.07924778
WOART,2017,670,1,64,21352.01000000,118100484.52000006,9380553.11000000,0.07942857
WOART,2017,670,1,66,9516.66000000,118100484.52000006,9390069.77000000,0.07950916
WOART,2017,670,1,68,14217.97000000,118100484.52000006,9404287.74000000,0.07962954
WOART,2017,670,1,73,13602.28000000,118100484.52000006,9417890.02000000,0.07974472
WOART,2017,670,1,75,269.34000000,118100484.52000006,9418159.36000000,0.07974700
WOART,2017,670,1,76,2712.57000000,118100484.52000006,9420871.93000000,0.07976997
WOART,2017,670,1,77,868.88000000,118100484.52000006,9421740.81000000,0.07977733
WOART,2017,670,1,78,6771.43000000,118100484.52000006,9428512.24000000,0.07983466
WOART,2017,670,1,79,5145.17000000,118100484.52000006,9433657.41000000,0.07987823
WOART,2017,670,1,81,2071.81000000,118100484.52000006,9435729.22000000,0.07989577
WOART,2017,670,1,83,1958.73000000,118100484.52000006,9437687.95000000,0.07991236
WOART,2017,670,1,84,1097.35000000,118100484.52000006,9438785.30000000,0.07992165
WOART,2017,670,2,7,14582.36000000,9493197.11000000,14582.36000000,0.00153609
WOART,2017,670,2,8,28144.50000000,9493197.11000000,42726.86000000,0.00450079
WOART,2017,670,2,9,64576.49000000,9493197.11000000,107303.35000000,0.01130318
WOART,2017,670,2,10,16952.74000000,9493197.11000000,124256.09000000,0.01308896
WOART,2017,670,2,11,32028.86000000,9493197.11000000,156284.95000000,0.01646284
WOART,2017,670,2,13,25883.49000000,9493197.11000000,182168.44000000,0.01918937
WOART,2017,670,2,14,31818.85000000,9493197.11000000,213987.29000000,0.02254112
WOART,2017,670,2,15,36877.09000000,9493197.11000000,250864.38000000,0.02642570
WOART,2017,670,2,16,22099.50000000,9493197.11000000,272963.88000000,0.02875363
WOART,2017,670,2,17,41208.86000000,9493197.11000000,314172.74000000,0.03309451
WOART,2017,670,2,18,39300.64000000,9493197.11000000,353473.38000000,0.03723439
WOART,2017,670,2,19,5002.03000000,9493197.11000000,358475.41000000,0.03776129
WOART,2017,670,2,20,20206.37000000,9493197.11000000,378681.78000000,0.03988980
WOART,2017,670,2,21,26829.83000000,9493197.11000000,405511.61000000,0.04271602
WOART,2017,670,2,22,34256.26000000,9493197.11000000,439767.87000000,0.04632453
WOART,2017,670,2,23,29997.35000000,9493197.11000000,469765.22000000,0.04948441
WOART,2017,670,2,26,11845.41000000,9493197.11000000,481610.63000000,0.05073218
WOART,2017,670,2,27,49915.21000000,9493197.11000000,531525.84000000,0.05599018
WOART,2017,670,2,28,32521.04000000,9493197.11000000,564046.88000000,0.05941590
WOART,2017,670,2,29,26536.09000000,9493197.11000000,590582.97000000,0.06221118
WOART,2017,670,2,31,17438.43000000,9493197.11000000,608021.40000000,0.06404812
WOART,2017,670,2,32,53601.67000000,9493197.11000000,661623.07000000,0.06969444
WOART,2017,670,2,33,13101.91000000,9493197.11000000,674724.98000000,0.07107458
WOART,2017,670,2,34,15852.12000000,9493197.11000000,690577.10000000,0.07274442
WOART,2017,670,2,36,16749.52000000,9493197.11000000,707326.62000000,0.07450879
WOART,2017,670,2,38,12288.90000000,9493197.11000000,719615.52000000,0.07580328
WOART,2017,670,2,40,1907.63000000,9493197.11000000,721523.15000000,0.07600423
WOART,2017,670,2,43,1716.26000000,9493197.11000000,723239.41000000,0.07618502
WOART,2017,670,2,44,8988.97000000,9493197.11000000,732228.38000000,0.07713191
WOART,2017,670,2,46,2688.31000000,9493197.11000000,734916.69000000,0.07741509
WOART,2017,670,2,51,12208.73000000,9493197.11000000,747125.42000000,0.07870114
WOART,2017,670,2,52,4336.40000000,9493197.11000000,751461.82000000,0.07915793
WOART,2017,670,2,66,1183.02000000,9493197.11000000,752644.84000000,0.07928255
WOART,2017,670,2,67,8344.86000000,9493197.11000000,760989.70000000,0.08016158
WOART,2017,670,2,70,1619.08000000,9493197.11000000,762608.78000000,0.08033213
WOART,2017,670,2,73,7182.79000000,9493197.11000000,769791.57000000,0.08108876
WOART,2017,670,2,76,192.27000000,9493197.11000000,769983.84000000,0.08110901
WOART,2017,670,2,77,1741.57000000,9493197.11000000,771725.41000000,0.08129247
WOART,2017,680,1,5,26482.63000000,120957044.13000003,26482.63000000,0.00021894
WOART,2017,680,1,6,100877.08000000,120957044.13000003,127359.71000000,0.00105293
WOART,2017,680,1,7,253952.31000000,120957044.13000003,381312.02000000,0.00315246
WOART,2017,680,1,8,156077.26000000,120957044.13000003,537389.28000000,0.00444281
WOART,2017,680,1,9,285260.41000000,120957044.13000003,822649.69000000,0.00680117
WOART,2017,680,1,10,273815.91000000,120957044.13000003,1096465.60000000,0.00906492
WOART,2017,680,1,11,328163.71000000,120957044.13000003,1424629.31000000,0.01177798
WOART,2017,680,1,12,255803.47000000,120957044.13000003,1680432.78000000,0.01389281
WOART,2017,680,1,13,243586.99000000,120957044.13000003,1924019.77000000,0.01590664
WOART,2017,680,1,14,193724.64000000,120957044.13000003,2117744.41000000,0.01750824
WOART,2017,680,1,15,175150.78000000,120957044.13000003,2292895.19000000,0.01895628
WOART,2017,680,1,16,395524.89000000,120957044.13000003,2688420.08000000,0.02222624
WOART,2017,680,1,17,545177.98000000,120957044.13000003,3233598.06000000,0.02673344
WOART,2017,680,1,18,273542.59000000,120957044.13000003,3507140.65000000,0.02899493
WOART,2017,680,1,19,367023.65000000,120957044.13000003,3874164.30000000,0.03202926
WOART,2017,680,1,20,178949.32000000,120957044.13000003,4053113.62000000,0.03350870
WOART,2017,680,1,21,274158.14000000,120957044.13000003,4327271.76000000,0.03577528
WOART,2017,680,1,22,367528.28000000,120957044.13000003,4694800.04000000,0.03881378
WOART,2017,680,1,23,184823.37000000,120957044.13000003,4879623.41000000,0.04034179
WOART,2017,680,1,24,283211.84000000,120957044.13000003,5162835.25000000,0.04268321
WOART,2017,680,1,25,253462.73000000,120957044.13000003,5416297.98000000,0.04477869
WOART,2017,680,1,26,94255.77000000,120957044.13000003,5510553.75000000,0.04555794
WOART,2017,680,1,27,204530.40000000,120957044.13000003,5715084.15000000,0.04724887
WOART,2017,680,1,28,213585.04000000,120957044.13000003,5928669.19000000,0.04901467
WOART,2017,680,1,29,87248.73000000,120957044.13000003,6015917.92000000,0.04973599
WOART,2017,680,1,30,241649.79000000,120957044.13000003,6257567.71000000,0.05173380
WOART,2017,680,1,31,159651.44000000,120957044.13000003,6417219.15000000,0.05305370
WOART,2017,680,1,32,24400.25000000,120957044.13000003,6441619.40000000,0.05325543
WOART,2017,680,1,33,191614.07000000,120957044.13000003,6633233.47000000,0.05483958
WOART,2017,680,1,34,129454.24000000,120957044.13000003,6762687.71000000,0.05590983
WOART,2017,680,1,35,94054.41000000,120957044.13000003,6856742.12000000,0.05668741
WOART,2017,680,1,36,111370.14000000,120957044.13000003,6968112.26000000,0.05760816
WOART,2017,680,1,37,136985.77000000,120957044.13000003,7105098.03000000,0.05874067
WOART,2017,680,1,38,126893.44000000,120957044.13000003,7231991.47000000,0.05978975
WOART,2017,680,1,39,64102.59000000,120957044.13000003,7296094.06000000,0.06031971
WOART,2017,680,1,40,46418.31000000,120957044.13000003,7342512.37000000,0.06070347
WOART,2017,680,1,41,48505.70000000,120957044.13000003,7391018.07000000,0.06110449
WOART,2017,680,1,42,73829.42000000,120957044.13000003,7464847.49000000,0.06171486
WOART,2017,680,1,43,19888.04000000,120957044.13000003,7484735.53000000,0.06187929
WOART,2017,680,1,44,23463.56000000,120957044.13000003,7508199.09000000,0.06207327
WOART,2017,680,1,45,16900.38000000,120957044.13000003,7525099.47000000,0.06221299
WOART,2017,680,1,46,37349.13000000,120957044.13000003,7562448.60000000,0.06252177
WOART,2017,680,1,47,49188.98000000,120957044.13000003,7611637.58000000,0.06292844
WOART,2017,680,1,48,26725.22000000,120957044.13000003,7638362.80000000,0.06314938
WOART,2017,680,1,49,30390.25000000,120957044.13000003,7668753.05000000,0.06340063
WOART,2017,680,1,50,3037.53000000,120957044.13000003,7671790.58000000,0.06342574
WOART,2017,680,1,51,29113.16000000,120957044.13000003,7700903.74000000,0.06366643
WOART,2017,680,1,53,15643.52000000,120957044.13000003,7716547.26000000,0.06379577
WOART,2017,680,1,55,10003.59000000,120957044.13000003,7726550.85000000,0.06387847
WOART,2017,680,1,56,17623.39000000,120957044.13000003,7744174.24000000,0.06402417
WOART,2017,680,1,58,15055.50000000,120957044.13000003,7759229.74000000,0.06414864
WOART,2017,680,1,60,15775.08000000,120957044.13000003,7775004.82000000,0.06427906
WOART,2017,680,1,63,7995.95000000,120957044.13000003,7783000.77000000,0.06434516
WOART,2017,680,1,66,6337.87000000,120957044.13000003,7789338.64000000,0.06439756
WOART,2017,680,1,67,10173.26000000,120957044.13000003,7799511.90000000,0.06448167
WOART,2017,680,1,69,7220.70000000,120957044.13000003,7806732.60000000,0.06454136
WOART,2017,680,1,71,3729.41000000,120957044.13000003,7810462.01000000,0.06457220
WOART,2017,680,1,72,6906.96000000,120957044.13000003,7817368.97000000,0.06462930
WOART,2017,680,1,74,2030.86000000,120957044.13000003,7819399.83000000,0.06464609
WOART,2017,680,1,75,268.92000000,120957044.13000003,7819668.75000000,0.06464831
WOART,2017,680,1,76,3805.76000000,120957044.13000003,7823474.51000000,0.06467978
WOART,2017,680,1,77,3210.67000000,120957044.13000003,7826685.18000000,0.06470632
WOART,2017,680,1,78,795.68000000,120957044.13000003,7827480.86000000,0.06471290
WOART,2017,680,1,79,5345.44000000,120957044.13000003,7832826.30000000,0.06475709
WOART,2017,680,1,80,1360.30000000,120957044.13000003,7834186.60000000,0.06476834
WOART,2017,680,1,81,1320.99000000,120957044.13000003,7835507.59000000,0.06477926
WOART,2017,680,2,4,25581.93000000,12884053.20000000,25581.93000000,0.00198555
WOART,2017,680,2,5,60309.60000000,12884053.20000000,85891.53000000,0.00666650
WOART,2017,680,2,6,17943.24000000,12884053.20000000,103834.77000000,0.00805917
WOART,2017,680,2,7,20982.55000000,12884053.20000000,124817.32000000,0.00968774
WOART,2017,680,2,9,17920.83000000,12884053.20000000,142738.15000000,0.01107867
WOART,2017,680,2,10,75543.21000000,12884053.20000000,218281.36000000,0.01694198
WOART,2017,680,2,11,60046.35000000,12884053.20000000,278327.71000000,0.02160250
WOART,2017,680,2,12,32214.76000000,12884053.20000000,310542.47000000,0.02410286
WOART,2017,680,2,13,96596.91000000,12884053.20000000,407139.38000000,0.03160026
WOART,2017,680,2,15,33638.25000000,12884053.20000000,440777.63000000,0.03421110
WOART,2017,680,2,16,52208.88000000,12884053.20000000,492986.51000000,0.03826331
WOART,2017,680,2,17,11996.64000000,12884053.20000000,504983.15000000,0.03919443
WOART,2017,680,2,18,7489.06000000,12884053.20000000,512472.21000000,0.03977570
WOART,2017,680,2,19,37075.24000000,12884053.20000000,549547.45000000,0.04265330
WOART,2017,680,2,20,62045.37000000,12884053.20000000,611592.82000000,0.04746898
WOART,2017,680,2,21,34752.25000000,12884053.20000000,646345.07000000,0.05016628
WOART,2017,680,2,22,20316.70000000,12884053.20000000,666661.77000000,0.05174317
WOART,2017,680,2,23,13357.42000000,12884053.20000000,680019.19000000,0.05277991
WOART,2017,680,2,24,49987.59000000,12884053.20000000,730006.78000000,0.05665971
WOART,2017,680,2,25,29394.28000000,12884053.20000000,759401.06000000,0.05894116
WOART,2017,680,2,26,82117.42000000,12884053.20000000,841518.48000000,0.06531473
WOART,2017,680,2,27,22817.24000000,12884053.20000000,864335.72000000,0.06708570
WOART,2017,680,2,28,30129.27000000,12884053.20000000,894464.99000000,0.06942419
WOART,2017,680,2,29,21390.49000000,12884053.20000000,915855.48000000,0.07108442
WOART,2017,680,2,30,47447.09000000,12884053.20000000,963302.57000000,0.07476704
WOART,2017,680,2,31,10115.52000000,12884053.20000000,973418.09000000,0.07555216
WOART,2017,680,2,33,21660.37000000,12884053.20000000,995078.46000000,0.07723334
WOART,2017,680,2,34,5929.72000000,12884053.20000000,1001008.18000000,0.07769358
WOART,2017,680,2,35,653.66000000,12884053.20000000,1001661.84000000,0.07774431
WOART,2017,680,2,36,7899.23000000,12884053.20000000,1009561.07000000,0.07835741
WOART,2017,680,2,37,837.39000000,12884053.20000000,1010398.46000000,0.07842241
WOART,2017,680,2,45,3014.10000000,12884053.20000000,1013412.56000000,0.07865635
WOART,2017,680,2,48,13313.64000000,12884053.20000000,1026726.20000000,0.07968969
WOART,2017,680,2,50,15077.61000000,12884053.20000000,1041803.81000000,0.08085994
WOART,2017,680,2,68,1938.43000000,12884053.20000000,1043742.24000000,0.08101040
WOART,2017,680,2,79,1464.22000000,12884053.20000000,1045206.46000000,0.08112404
WOART,2017,690,1,7,97880.26000000,125200270.95000014,97880.26000000,0.00078179
WOART,2017,690,1,8,167221.16000000,125200270.95000014,265101.42000000,0.00211742
WOART,2017,690,1,9,294759.55000000,125200270.95000014,559860.97000000,0.00447172
WOART,2017,690,1,10,153116.85000000,125200270.95000014,712977.82000000,0.00569470
WOART,2017,690,1,11,263211.64000000,125200270.95000014,976189.46000000,0.00779702
WOART,2017,690,1,12,154935.03000000,125200270.95000014,1131124.49000000,0.00903452
WOART,2017,690,1,13,204264.15000000,125200270.95000014,1335388.64000000,0.01066602
WOART,2017,690,1,14,279009.34000000,125200270.95000014,1614397.98000000,0.01289452
WOART,2017,690,1,15,307857.95000000,125200270.95000014,1922255.93000000,0.01535345
WOART,2017,690,1,16,203995.13000000,125200270.95000014,2126251.06000000,0.01698280
WOART,2017,690,1,17,325982.99000000,125200270.95000014,2452234.05000000,0.01958649
WOART,2017,690,1,18,248412.16000000,125200270.95000014,2700646.21000000,0.02157061
WOART,2017,690,1,19,172243.96000000,125200270.95000014,2872890.17000000,0.02294636
WOART,2017,690,1,20,225987.83000000,125200270.95000014,3098878.00000000,0.02475137
WOART,2017,690,1,21,256794.06000000,125200270.95000014,3355672.06000000,0.02680243
WOART,2017,690,1,22,261483.18000000,125200270.95000014,3617155.24000000,0.02889095
WOART,2017,690,1,23,168693.30000000,125200270.95000014,3785848.54000000,0.03023834
WOART,2017,690,1,24,184620.93000000,125200270.95000014,3970469.47000000,0.03171295
WOART,2017,690,1,25,137878.06000000,125200270.95000014,4108347.53000000,0.03281421
WOART,2017,690,1,26,220580.14000000,125200270.95000014,4328927.67000000,0.03457602
WOART,2017,690,1,27,252806.80000000,125200270.95000014,4581734.47000000,0.03659524
WOART,2017,690,1,28,218717.92000000,125200270.95000014,4800452.39000000,0.03834219
WOART,2017,690,1,29,106454.52000000,125200270.95000014,4906906.91000000,0.03919246
WOART,2017,690,1,30,214371.24000000,125200270.95000014,5121278.15000000,0.04090469
WOART,2017,690,1,31,58074.11000000,125200270.95000014,5179352.26000000,0.04136854
WOART,2017,690,1,32,108586.81000000,125200270.95000014,5287939.07000000,0.04223584
WOART,2017,690,1,33,60704.48000000,125200270.95000014,5348643.55000000,0.04272070
WOART,2017,690,1,34,19852.09000000,125200270.95000014,5368495.64000000,0.04287927
WOART,2017,690,1,35,66832.50000000,125200270.95000014,5435328.14000000,0.04341307
WOART,2017,690,1,36,67734.92000000,125200270.95000014,5503063.06000000,0.04395408
WOART,2017,690,1,37,112297.48000000,125200270.95000014,5615360.54000000,0.04485103
WOART,2017,690,1,38,63271.33000000,125200270.95000014,5678631.87000000,0.04535639
WOART,2017,690,1,39,88514.25000000,125200270.95000014,5767146.12000000,0.04606337
WOART,2017,690,1,40,55510.57000000,125200270.95000014,5822656.69000000,0.04650674
WOART,2017,690,1,41,121876.30000000,125200270.95000014,5944532.99000000,0.04748019
WOART,2017,690,1,42,80034.24000000,125200270.95000014,6024567.23000000,0.04811944
WOART,2017,690,1,43,32841.35000000,125200270.95000014,6057408.58000000,0.04838175
WOART,2017,690,1,44,47168.71000000,125200270.95000014,6104577.29000000,0.04875850
WOART,2017,690,1,45,59768.55000000,125200270.95000014,6164345.84000000,0.04923588
WOART,2017,690,1,46,52647.49000000,125200270.95000014,6216993.33000000,0.04965639
WOART,2017,690,1,47,42168.12000000,125200270.95000014,6259161.45000000,0.04999319
WOART,2017,690,1,49,35700.94000000,125200270.95000014,6294862.39000000,0.05027834
WOART,2017,690,1,50,19424.45000000,125200270.95000014,6314286.84000000,0.05043349
WOART,2017,690,1,51,10660.18000000,125200270.95000014,6324947.02000000,0.05051864
WOART,2017,690,1,52,32099.50000000,125200270.95000014,6357046.52000000,0.05077502
WOART,2017,690,1,53,21148.27000000,125200270.95000014,6378194.79000000,0.05094394
WOART,2017,690,1,54,12237.40000000,125200270.95000014,6390432.19000000,0.05104168
WOART,2017,690,1,58,26474.87000000,125200270.95000014,6416907.06000000,0.05125314
WOART,2017,690,1,60,21508.16000000,125200270.95000014,6438415.22000000,0.05142493
WOART,2017,690,1,62,7522.21000000,125200270.95000014,6445937.43000000,0.05148501
WOART,2017,690,1,64,7224.98000000,125200270.95000014,6453162.41000000,0.05154272
WOART,2017,690,1,66,9236.83000000,125200270.95000014,6462399.24000000,0.05161650
WOART,2017,690,1,67,7119.81000000,125200270.95000014,6469519.05000000,0.05167336
WOART,2017,690,1,69,5111.59000000,125200270.95000014,6474630.64000000,0.05171419
WOART,2017,690,1,73,4663.72000000,125200270.95000014,6479294.36000000,0.05175144
WOART,2017,690,1,74,479.14000000,125200270.95000014,6479773.50000000,0.05175527
WOART,2017,690,1,75,421.41000000,125200270.95000014,6480194.91000000,0.05175863
WOART,2017,690,1,77,2648.01000000,125200270.95000014,6482842.92000000,0.05177978
WOART,2017,690,1,79,2965.52000000,125200270.95000014,6485808.44000000,0.05180347
WOART,2017,690,1,81,660.57000000,125200270.95000014,6486469.01000000,0.05180875
WOART,2017,690,2,5,20953.15000000,12672184.63000000,20953.15000000,0.00165348
WOART,2017,690,2,7,25277.36000000,12672184.63000000,46230.51000000,0.00364819
WOART,2017,690,2,8,0.00000000,12672184.63000000,46230.51000000,0.00364819
WOART,2017,690,2,9,18217.13000000,12672184.63000000,64447.64000000,0.00508576
WOART,2017,690,2,11,25438.46000000,12672184.63000000,89886.10000000,0.00709318
WOART,2017,690,2,12,10347.96000000,12672184.63000000,100234.06000000,0.00790977
WOART,2017,690,2,13,29657.96000000,12672184.63000000,129892.02000000,0.01025017
WOART,2017,690,2,14,779.52000000,12672184.63000000,130671.54000000,0.01031168
WOART,2017,690,2,15,84337.82000000,12672184.63000000,215009.36000000,0.01696703
WOART,2017,690,2,16,22989.59000000,12672184.63000000,237998.95000000,0.01878121
WOART,2017,690,2,17,59114.83000000,12672184.63000000,297113.78000000,0.02344614
WOART,2017,690,2,18,20259.82000000,12672184.63000000,317373.60000000,0.02504490
WOART,2017,690,2,19,39362.23000000,12672184.63000000,356735.83000000,0.02815109
WOART,2017,690,2,22,23890.29000000,12672184.63000000,380626.12000000,0.03003635
WOART,2017,690,2,23,6383.51000000,12672184.63000000,387009.63000000,0.03054009
WOART,2017,690,2,24,15531.92000000,12672184.63000000,402541.55000000,0.03176576
WOART,2017,690,2,25,40285.46000000,12672184.63000000,442827.01000000,0.03494480
WOART,2017,690,2,27,24581.09000000,12672184.63000000,467408.10000000,0.03688457
WOART,2017,690,2,28,26498.82000000,12672184.63000000,493906.92000000,0.03897567
WOART,2017,690,2,31,78959.27000000,12672184.63000000,572866.19000000,0.04520658
WOART,2017,690,2,32,14594.99000000,12672184.63000000,587461.18000000,0.04635832
WOART,2017,690,2,33,3091.77000000,12672184.63000000,590552.95000000,0.04660230
WOART,2017,690,2,34,26085.07000000,12672184.63000000,616638.02000000,0.04866075
WOART,2017,690,2,35,1159.75000000,12672184.63000000,617797.77000000,0.04875227
WOART,2017,690,2,36,28509.12000000,12672184.63000000,646306.89000000,0.05100201
WOART,2017,690,2,39,16644.65000000,12672184.63000000,662951.54000000,0.05231549
WOART,2017,690,2,41,9545.47000000,12672184.63000000,672497.01000000,0.05306875
WOART,2017,690,2,44,15748.19000000,12672184.63000000,688245.20000000,0.05431149
WOART,2017,690,2,46,16597.53000000,12672184.63000000,704842.73000000,0.05562125
WOART,2017,690,2,48,19911.03000000,12672184.63000000,724753.76000000,0.05719249
WOART,2017,690,2,65,6249.59000000,12672184.63000000,731003.35000000,0.05768566
WOART,2017,690,2,67,6351.36000000,12672184.63000000,737354.71000000,0.05818687
WOART,2017,690,2,69,2541.32000000,12672184.63000000,739896.03000000,0.05838741
WOART,2017,690,2,81,2340.09000000,12672184.63000000,742236.12000000,0.05857207
WOART,2017,700,1,4,101354.61000000,154684595.88999981,101354.61000000,0.00065523
WOART,2017,700,1,6,160344.99000000,154684595.88999981,261699.60000000,0.00169183
WOART,2017,700,1,7,22052.85000000,154684595.88999981,283752.45000000,0.00183439
WOART,2017,700,1,8,69991.13000000,154684595.88999981,353743.58000000,0.00228687
WOART,2017,700,1,9,259216.90000000,154684595.88999981,612960.48000000,0.00396265
WOART,2017,700,1,10,339991.10000000,154684595.88999981,952951.58000000,0.00616061
WOART,2017,700,1,11,295751.44000000,154684595.88999981,1248703.02000000,0.00807258
WOART,2017,700,1,12,193884.96000000,154684595.88999981,1442587.98000000,0.00932600
WOART,2017,700,1,13,181482.55000000,154684595.88999981,1624070.53000000,0.01049924
WOART,2017,700,1,14,142188.66000000,154684595.88999981,1766259.19000000,0.01141846
WOART,2017,700,1,15,193730.18000000,154684595.88999981,1959989.37000000,0.01267088
WOART,2017,700,1,16,159284.18000000,154684595.88999981,2119273.55000000,0.01370061
WOART,2017,700,1,17,404691.75000000,154684595.88999981,2523965.30000000,0.01631685
WOART,2017,700,1,18,232773.35000000,154684595.88999981,2756738.65000000,0.01782168
WOART,2017,700,1,19,156708.07000000,154684595.88999981,2913446.72000000,0.01883476
WOART,2017,700,1,20,185255.05000000,154684595.88999981,3098701.77000000,0.02003239
WOART,2017,700,1,21,318797.04000000,154684595.88999981,3417498.81000000,0.02209334
WOART,2017,700,1,22,331564.84000000,154684595.88999981,3749063.65000000,0.02423683
WOART,2017,700,1,23,212516.86000000,154684595.88999981,3961580.51000000,0.02561070
WOART,2017,700,1,24,258435.63000000,154684595.88999981,4220016.14000000,0.02728142
WOART,2017,700,1,25,81228.56000000,154684595.88999981,4301244.70000000,0.02780655
WOART,2017,700,1,26,161634.90000000,154684595.88999981,4462879.60000000,0.02885148
WOART,2017,700,1,27,55570.09000000,154684595.88999981,4518449.69000000,0.02921073
WOART,2017,700,1,28,162012.17000000,154684595.88999981,4680461.86000000,0.03025810
WOART,2017,700,1,29,57826.50000000,154684595.88999981,4738288.36000000,0.03063193
WOART,2017,700,1,30,34028.53000000,154684595.88999981,4772316.89000000,0.03085192
WOART,2017,700,1,31,139149.23000000,154684595.88999981,4911466.12000000,0.03175149
WOART,2017,700,1,32,183269.26000000,154684595.88999981,5094735.38000000,0.03293628
WOART,2017,700,1,33,124591.84000000,154684595.88999981,5219327.22000000,0.03374174
WOART,2017,700,1,34,78437.85000000,154684595.88999981,5297765.07000000,0.03424882
WOART,2017,700,1,35,100842.53000000,154684595.88999981,5398607.60000000,0.03490074
WOART,2017,700,1,36,123812.60000000,154684595.88999981,5522420.20000000,0.03570116
WOART,2017,700,1,37,149167.11000000,154684595.88999981,5671587.31000000,0.03666550
WOART,2017,700,1,38,70734.95000000,154684595.88999981,5742322.26000000,0.03712278
WOART,2017,700,1,39,104622.29000000,154684595.88999981,5846944.55000000,0.03779914
WOART,2017,700,1,40,87964.53000000,154684595.88999981,5934909.08000000,0.03836781
WOART,2017,700,1,41,22249.12000000,154684595.88999981,5957158.20000000,0.03851164
WOART,2017,700,1,42,70662.64000000,154684595.88999981,6027820.84000000,0.03896846
WOART,2017,700,1,43,62331.33000000,154684595.88999981,6090152.17000000,0.03937142
WOART,2017,700,1,44,11719.17000000,154684595.88999981,6101871.34000000,0.03944718
WOART,2017,700,1,45,37351.83000000,154684595.88999981,6139223.17000000,0.03968865
WOART,2017,700,1,46,15385.85000000,154684595.88999981,6154609.02000000,0.03978812
WOART,2017,700,1,47,22260.83000000,154684595.88999981,6176869.85000000,0.03993203
WOART,2017,700,1,48,18039.45000000,154684595.88999981,6194909.30000000,0.04004865
WOART,2017,700,1,49,42784.27000000,154684595.88999981,6237693.57000000,0.04032524
WOART,2017,700,1,50,21775.19000000,154684595.88999981,6259468.76000000,0.04046601
WOART,2017,700,1,51,19486.45000000,154684595.88999981,6278955.21000000,0.04059199
WOART,2017,700,1,52,19041.28000000,154684595.88999981,6297996.49000000,0.04071509
WOART,2017,700,1,53,11676.78000000,154684595.88999981,6309673.27000000,0.04079057
WOART,2017,700,1,54,30300.32000000,154684595.88999981,6339973.59000000,0.04098646
WOART,2017,700,1,56,11090.06000000,154684595.88999981,6351063.65000000,0.04105815
WOART,2017,700,1,57,14981.17000000,154684595.88999981,6366044.82000000,0.04115500
WOART,2017,700,1,60,8656.00000000,154684595.88999981,6374700.82000000,0.04121096
WOART,2017,700,1,61,10618.19000000,154684595.88999981,6385319.01000000,0.04127960
WOART,2017,700,1,64,18480.74000000,154684595.88999981,6403799.75000000,0.04139908
WOART,2017,700,1,65,14744.67000000,154684595.88999981,6418544.42000000,0.04149440
WOART,2017,700,1,67,5517.10000000,154684595.88999981,6424061.52000000,0.04153007
WOART,2017,700,1,69,7106.88000000,154684595.88999981,6431168.40000000,0.04157601
WOART,2017,700,1,70,3003.67000000,154684595.88999981,6434172.07000000,0.04159543
WOART,2017,700,1,72,1345.10000000,154684595.88999981,6435517.17000000,0.04160412
WOART,2017,700,1,73,2719.65000000,154684595.88999981,6438236.82000000,0.04162171
WOART,2017,700,1,74,1388.76000000,154684595.88999981,6439625.58000000,0.04163068
WOART,2017,700,1,75,5251.37000000,154684595.88999981,6444876.95000000,0.04166463
WOART,2017,700,1,76,1483.81000000,154684595.88999981,6446360.76000000,0.04167423
WOART,2017,700,1,78,432.78000000,154684595.88999981,6446793.54000000,0.04167702
WOART,2017,700,1,79,4591.97000000,154684595.88999981,6451385.51000000,0.04170671
WOART,2017,700,1,80,3426.61000000,154684595.88999981,6454812.12000000,0.04172886
WOART,2017,700,1,82,2274.18000000,154684595.88999981,6457086.30000000,0.04174356
WOART,2017,700,1,84,844.38000000,154684595.88999981,6457930.68000000,0.04174902
WOART,2017,700,2,3,16399.06000000,18733721.99999999,16399.06000000,0.00087538
WOART,2017,700,2,6,22282.49000000,18733721.99999999,38681.55000000,0.00206481
WOART,2017,700,2,8,29364.15000000,18733721.99999999,68045.70000000,0.00363226
WOART,2017,700,2,9,3072.75000000,18733721.99999999,71118.45000000,0.00379628
WOART,2017,700,2,10,29291.24000000,18733721.99999999,100409.69000000,0.00535984
WOART,2017,700,2,11,75063.63000000,18733721.99999999,175473.32000000,0.00936671
WOART,2017,700,2,12,25025.67000000,18733721.99999999,200498.99000000,0.01070257
WOART,2017,700,2,13,36145.06000000,18733721.99999999,236644.05000000,0.01263198
WOART,2017,700,2,14,68775.75000000,18733721.99999999,305419.80000000,0.01630321
WOART,2017,700,2,16,72482.13000000,18733721.99999999,377901.93000000,0.02017228
WOART,2017,700,2,17,9553.57000000,18733721.99999999,387455.50000000,0.02068225
WOART,2017,700,2,18,36013.00000000,18733721.99999999,423468.50000000,0.02260461
WOART,2017,700,2,19,46992.79000000,18733721.99999999,470461.29000000,0.02511307
WOART,2017,700,2,20,13064.83000000,18733721.99999999,483526.12000000,0.02581047
WOART,2017,700,2,21,69290.62000000,18733721.99999999,552816.74000000,0.02950918
WOART,2017,700,2,22,35760.53000000,18733721.99999999,588577.27000000,0.03141806
WOART,2017,700,2,23,25161.68000000,18733721.99999999,613738.95000000,0.03276119
WOART,2017,700,2,26,8473.21000000,18733721.99999999,622212.16000000,0.03321348
WOART,2017,700,2,27,24294.24000000,18733721.99999999,646506.40000000,0.03451030
WOART,2017,700,2,28,14148.69000000,18733721.99999999,660655.09000000,0.03526555
WOART,2017,700,2,29,51028.93000000,18733721.99999999,711684.02000000,0.03798946
WOART,2017,700,2,31,30486.17000000,18733721.99999999,742170.19000000,0.03961680
WOART,2017,700,2,32,32137.17000000,18733721.99999999,774307.36000000,0.04133228
WOART,2017,700,2,33,36138.47000000,18733721.99999999,810445.83000000,0.04326134
WOART,2017,700,2,34,16363.15000000,18733721.99999999,826808.98000000,0.04413479
WOART,2017,700,2,36,21619.17000000,18733721.99999999,848428.15000000,0.04528882
WOART,2017,700,2,37,2769.63000000,18733721.99999999,851197.78000000,0.04543666
WOART,2017,700,2,38,9370.18000000,18733721.99999999,860567.96000000,0.04593684
WOART,2017,700,2,40,1132.68000000,18733721.99999999,861700.64000000,0.04599730
WOART,2017,700,2,42,14908.61000000,18733721.99999999,876609.25000000,0.04679312
WOART,2017,700,2,43,201.14000000,18733721.99999999,876810.39000000,0.04680385
WOART,2017,700,2,45,30320.43000000,18733721.99999999,907130.82000000,0.04842235
WOART,2017,700,2,46,9831.18000000,18733721.99999999,916962.00000000,0.04894713
WOART,2017,700,2,48,376.47000000,18733721.99999999,917338.47000000,0.04896723
WOART,2017,700,2,51,17285.99000000,18733721.99999999,934624.46000000,0.04988995
WOART,2017,700,2,55,3708.86000000,18733721.99999999,938333.32000000,0.05008793
WOART,2017,700,2,64,585.99000000,18733721.99999999,938919.31000000,0.05011921
WOART,2017,700,2,68,3467.75000000,18733721.99999999,942387.06000000,0.05030432
WOART,2017,700,2,70,2873.82000000,18733721.99999999,945260.88000000,0.05045772
WOART,2017,700,2,72,1368.78000000,18733721.99999999,946629.66000000,0.05053078
WOART,2017,700,2,75,2653.10000000,18733721.99999999,949282.76000000,0.05067241
WOART,2017,700,2,77,541.93000000,18733721.99999999,949824.69000000,0.05070133
WOART,2017,710,1,5,4635.49000000,141209204.10999990,4635.49000000,0.00003283
WOART,2017,710,1,6,99145.60000000,141209204.10999990,103781.09000000,0.00073495
WOART,2017,710,1,7,72940.15000000,141209204.10999990,176721.24000000,0.00125149
WOART,2017,710,1,8,335405.56000000,141209204.10999990,512126.80000000,0.00362672
WOART,2017,710,1,9,53194.20000000,141209204.10999990,565321.00000000,0.00400343
WOART,2017,710,1,10,87120.72000000,141209204.10999990,652441.72000000,0.00462039
WOART,2017,710,1,11,211701.54000000,141209204.10999990,864143.26000000,0.00611960
WOART,2017,710,1,12,215653.78000000,141209204.10999990,1079797.04000000,0.00764679
WOART,2017,710,1,13,128180.37000000,141209204.10999990,1207977.41000000,0.00855452
WOART,2017,710,1,14,153087.41000000,141209204.10999990,1361064.82000000,0.00963864
WOART,2017,710,1,15,58761.98000000,141209204.10999990,1419826.80000000,0.01005478
WOART,2017,710,1,16,160406.85000000,141209204.10999990,1580233.65000000,0.01119073
WOART,2017,710,1,17,212847.84000000,141209204.10999990,1793081.49000000,0.01269805
WOART,2017,710,1,18,171156.66000000,141209204.10999990,1964238.15000000,0.01391013
WOART,2017,710,1,19,327454.78000000,141209204.10999990,2291692.93000000,0.01622906
WOART,2017,710,1,20,114999.93000000,141209204.10999990,2406692.86000000,0.01704346
WOART,2017,710,1,21,124003.24000000,141209204.10999990,2530696.10000000,0.01792161
WOART,2017,710,1,22,154611.81000000,141209204.10999990,2685307.91000000,0.01901652
WOART,2017,710,1,23,151531.80000000,141209204.10999990,2836839.71000000,0.02008962
WOART,2017,710,1,24,251568.80000000,141209204.10999990,3088408.51000000,0.02187116
WOART,2017,710,1,25,109143.71000000,141209204.10999990,3197552.22000000,0.02264408
WOART,2017,710,1,26,73280.90000000,141209204.10999990,3270833.12000000,0.02316303
WOART,2017,710,1,27,139655.10000000,141209204.10999990,3410488.22000000,0.02415202
WOART,2017,710,1,28,177947.34000000,141209204.10999990,3588435.56000000,0.02541219
WOART,2017,710,1,29,149662.25000000,141209204.10999990,3738097.81000000,0.02647205
WOART,2017,710,1,30,101176.44000000,141209204.10999990,3839274.25000000,0.02718856
WOART,2017,710,1,31,162621.20000000,141209204.10999990,4001895.45000000,0.02834019
WOART,2017,710,1,32,111316.26000000,141209204.10999990,4113211.71000000,0.02912850
WOART,2017,710,1,33,177290.54000000,141209204.10999990,4290502.25000000,0.03038401
WOART,2017,710,1,34,61386.18000000,141209204.10999990,4351888.43000000,0.03081873
WOART,2017,710,1,35,59471.77000000,141209204.10999990,4411360.20000000,0.03123989
WOART,2017,710,1,36,17252.95000000,141209204.10999990,4428613.15000000,0.03136207
WOART,2017,710,1,37,18304.86000000,141209204.10999990,4446918.01000000,0.03149170
WOART,2017,710,1,38,43889.19000000,141209204.10999990,4490807.20000000,0.03180251
WOART,2017,710,1,39,127762.45000000,141209204.10999990,4618569.65000000,0.03270728
WOART,2017,710,1,40,100555.71000000,141209204.10999990,4719125.36000000,0.03341939
WOART,2017,710,1,41,21911.04000000,141209204.10999990,4741036.40000000,0.03357456
WOART,2017,710,1,42,56760.92000000,141209204.10999990,4797797.32000000,0.03397652
WOART,2017,710,1,47,4187.67000000,141209204.10999990,4801984.99000000,0.03400618
WOART,2017,710,1,48,16619.71000000,141209204.10999990,4818604.70000000,0.03412387
WOART,2017,710,1,51,20861.45000000,141209204.10999990,4839466.15000000,0.03427161
WOART,2017,710,1,53,10545.98000000,141209204.10999990,4850012.13000000,0.03434629
WOART,2017,710,1,54,1307.61000000,141209204.10999990,4851319.74000000,0.03435555
WOART,2017,710,1,56,15285.61000000,141209204.10999990,4866605.35000000,0.03446380
WOART,2017,710,1,66,7397.44000000,141209204.10999990,4874002.79000000,0.03451618
WOART,2017,710,1,70,4365.91000000,141209204.10999990,4878368.70000000,0.03454710
WOART,2017,710,1,71,5146.83000000,141209204.10999990,4883515.53000000,0.03458355
WOART,2017,710,1,75,2245.81000000,141209204.10999990,4885761.34000000,0.03459945
WOART,2017,710,1,76,226.97000000,141209204.10999990,4885988.31000000,0.03460106
WOART,2017,710,1,77,525.13000000,141209204.10999990,4886513.44000000,0.03460478
WOART,2017,710,1,78,491.01000000,141209204.10999990,4887004.45000000,0.03460826
WOART,2017,710,1,80,1485.03000000,141209204.10999990,4888489.48000000,0.03461877
WOART,2017,710,1,81,2815.13000000,141209204.10999990,4891304.61000000,0.03463871
WOART,2017,710,1,82,1198.99000000,141209204.10999990,4892503.60000000,0.03464720
WOART,2017,710,2,7,64569.44000000,14209836.68000001,64569.44000000,0.00454400
WOART,2017,710,2,8,26710.44000000,14209836.68000001,91279.88000000,0.00642371
WOART,2017,710,2,9,19393.00000000,14209836.68000001,110672.88000000,0.00778847
WOART,2017,710,2,10,25711.92000000,14209836.68000001,136384.80000000,0.00959791
WOART,2017,710,2,11,76019.20000000,14209836.68000001,212404.00000000,0.01494767
WOART,2017,710,2,12,45357.96000000,14209836.68000001,257761.96000000,0.01813968
WOART,2017,710,2,14,15785.12000000,14209836.68000001,273547.08000000,0.01925054
WOART,2017,710,2,15,74497.16000000,14209836.68000001,348044.24000000,0.02449319
WOART,2017,710,2,16,18775.47000000,14209836.68000001,366819.71000000,0.02581449
WOART,2017,710,2,18,3421.92000000,14209836.68000001,370241.63000000,0.02605531
WOART,2017,710,2,19,14090.52000000,14209836.68000001,384332.15000000,0.02704691
WOART,2017,710,2,20,9339.93000000,14209836.68000001,393672.08000000,0.02770419
WOART,2017,710,2,21,1409.74000000,14209836.68000001,395081.82000000,0.02780340
WOART,2017,710,2,22,36020.92000000,14209836.68000001,431102.74000000,0.03033833
WOART,2017,710,2,27,14192.83000000,14209836.68000001,445295.57000000,0.03133713
WOART,2017,710,2,28,10440.91000000,14209836.68000001,455736.48000000,0.03207190
WOART,2017,710,2,30,18273.75000000,14209836.68000001,474010.23000000,0.03335789
WOART,2017,710,2,32,19476.73000000,14209836.68000001,493486.96000000,0.03472855
WOART,2017,710,2,33,35292.06000000,14209836.68000001,528779.02000000,0.03721218
WOART,2017,710,2,36,8948.57000000,14209836.68000001,537727.59000000,0.03784193
WOART,2017,710,2,38,24569.19000000,14209836.68000001,562296.78000000,0.03957095
WOART,2017,710,2,48,12925.27000000,14209836.68000001,575222.05000000,0.04048055
WOART,2017,710,2,51,7153.96000000,14209836.68000001,582376.01000000,0.04098400
WOART,2017,710,2,52,15981.91000000,14209836.68000001,598357.92000000,0.04210871
WOART,2017,710,2,55,8759.15000000,14209836.68000001,607117.07000000,0.04272513
WOART,2017,710,2,81,2135.09000000,14209836.68000001,609252.16000000,0.04287538
WOART,2017,720,1,4,6904.93000000,170086107.52000019,6904.93000000,0.00004060
WOART,2017,720,1,5,29372.70000000,170086107.52000019,36277.63000000,0.00021329
WOART,2017,720,1,6,76298.68000000,170086107.52000019,112576.31000000,0.00066188
WOART,2017,720,1,7,93815.87000000,170086107.52000019,206392.18000000,0.00121346
WOART,2017,720,1,8,141669.30000000,170086107.52000019,348061.48000000,0.00204638
WOART,2017,720,1,9,129398.32000000,170086107.52000019,477459.80000000,0.00280717
WOART,2017,720,1,10,179964.29000000,170086107.52000019,657424.09000000,0.00386524
WOART,2017,720,1,11,158424.54000000,170086107.52000019,815848.63000000,0.00479668
WOART,2017,720,1,12,109489.20000000,170086107.52000019,925337.83000000,0.00544041
WOART,2017,720,1,13,120352.00000000,170086107.52000019,1045689.83000000,0.00614800
WOART,2017,720,1,14,220355.79000000,170086107.52000019,1266045.62000000,0.00744356
WOART,2017,720,1,15,267849.29000000,170086107.52000019,1533894.91000000,0.00901834
WOART,2017,720,1,16,172948.12000000,170086107.52000019,1706843.03000000,0.01003517
WOART,2017,720,1,17,53911.42000000,170086107.52000019,1760754.45000000,0.01035214
WOART,2017,720,1,18,86718.29000000,170086107.52000019,1847472.74000000,0.01086198
WOART,2017,720,1,19,90621.45000000,170086107.52000019,1938094.19000000,0.01139478
WOART,2017,720,1,20,216788.30000000,170086107.52000019,2154882.49000000,0.01266936
WOART,2017,720,1,21,189768.38000000,170086107.52000019,2344650.87000000,0.01378508
WOART,2017,720,1,22,138183.81000000,170086107.52000019,2482834.68000000,0.01459752
WOART,2017,720,1,23,185018.09000000,170086107.52000019,2667852.77000000,0.01568531
WOART,2017,720,1,24,130029.68000000,170086107.52000019,2797882.45000000,0.01644980
WOART,2017,720,1,25,184603.01000000,170086107.52000019,2982485.46000000,0.01753515
WOART,2017,720,1,26,93826.08000000,170086107.52000019,3076311.54000000,0.01808679
WOART,2017,720,1,27,95444.37000000,170086107.52000019,3171755.91000000,0.01864794
WOART,2017,720,1,28,120528.71000000,170086107.52000019,3292284.62000000,0.01935658
WOART,2017,720,1,29,116886.68000000,170086107.52000019,3409171.30000000,0.02004380
WOART,2017,720,1,30,134125.07000000,170086107.52000019,3543296.37000000,0.02083237
WOART,2017,720,1,31,189027.67000000,170086107.52000019,3732324.04000000,0.02194373
WOART,2017,720,1,32,108669.85000000,170086107.52000019,3840993.89000000,0.02258264
WOART,2017,720,1,33,62683.01000000,170086107.52000019,3903676.90000000,0.02295118
WOART,2017,720,1,34,205769.22000000,170086107.52000019,4109446.12000000,0.02416097
WOART,2017,720,1,35,146704.55000000,170086107.52000019,4256150.67000000,0.02502351
WOART,2017,720,1,36,101534.92000000,170086107.52000019,4357685.59000000,0.02562047
WOART,2017,720,1,37,63978.97000000,170086107.52000019,4421664.56000000,0.02599662
WOART,2017,720,1,38,50012.46000000,170086107.52000019,4471677.02000000,0.02629067
WOART,2017,720,1,39,111711.03000000,170086107.52000019,4583388.05000000,0.02694746
WOART,2017,720,1,40,5441.37000000,170086107.52000019,4588829.42000000,0.02697945
WOART,2017,720,1,41,59935.42000000,170086107.52000019,4648764.84000000,0.02733183
WOART,2017,720,1,42,173218.04000000,170086107.52000019,4821982.88000000,0.02835025
WOART,2017,720,1,43,36715.23000000,170086107.52000019,4858698.11000000,0.02856611
WOART,2017,720,1,44,19701.93000000,170086107.52000019,4878400.04000000,0.02868194
WOART,2017,720,1,45,52246.83000000,170086107.52000019,4930646.87000000,0.02898912
WOART,2017,720,1,46,24535.01000000,170086107.52000019,4955181.88000000,0.02913337
WOART,2017,720,1,47,32746.42000000,170086107.52000019,4987928.30000000,0.02932590
WOART,2017,720,1,48,14139.68000000,170086107.52000019,5002067.98000000,0.02940903
WOART,2017,720,1,52,36587.52000000,170086107.52000019,5038655.50000000,0.02962414
WOART,2017,720,1,54,10437.20000000,170086107.52000019,5049092.70000000,0.02968551
WOART,2017,720,1,55,6662.31000000,170086107.52000019,5055755.01000000,0.02972468
WOART,2017,720,1,56,13211.12000000,170086107.52000019,5068966.13000000,0.02980235
WOART,2017,720,1,59,6939.70000000,170086107.52000019,5075905.83000000,0.02984315
WOART,2017,720,1,60,10997.62000000,170086107.52000019,5086903.45000000,0.02990781
WOART,2017,720,1,61,10047.07000000,170086107.52000019,5096950.52000000,0.02996688
WOART,2017,720,1,62,9452.14000000,170086107.52000019,5106402.66000000,0.03002246
WOART,2017,720,1,63,11702.40000000,170086107.52000019,5118105.06000000,0.03009126
WOART,2017,720,1,66,7143.90000000,170086107.52000019,5125248.96000000,0.03013326
WOART,2017,720,1,67,6538.83000000,170086107.52000019,5131787.79000000,0.03017170
WOART,2017,720,1,68,526.47000000,170086107.52000019,5132314.26000000,0.03017480
WOART,2017,720,1,70,5306.28000000,170086107.52000019,5137620.54000000,0.03020600
WOART,2017,720,1,74,3723.90000000,170086107.52000019,5141344.44000000,0.03022789
WOART,2017,720,1,75,293.36000000,170086107.52000019,5141637.80000000,0.03022962
WOART,2017,720,1,77,2232.24000000,170086107.52000019,5143870.04000000,0.03024274
WOART,2017,720,1,78,2018.03000000,170086107.52000019,5145888.07000000,0.03025461
WOART,2017,720,1,79,1223.28000000,170086107.52000019,5147111.35000000,0.03026180
WOART,2017,720,1,81,1250.94000000,170086107.52000019,5148362.29000000,0.03026915
WOART,2017,720,1,82,1370.54000000,170086107.52000019,5149732.83000000,0.03027721
WOART,2017,720,1,83,3678.02000000,170086107.52000019,5153410.85000000,0.03029883
WOART,2017,720,2,9,-10.12000000,16537463.60000002,-10.12000000,-0.00000061
WOART,2017,720,2,10,41849.19000000,16537463.60000002,41839.07000000,0.00252996
WOART,2017,720,2,12,1598.44000000,16537463.60000002,43437.51000000,0.00262661
WOART,2017,720,2,13,15212.54000000,16537463.60000002,58650.05000000,0.00354650
WOART,2017,720,2,14,43866.22000000,16537463.60000002,102516.27000000,0.00619903
WOART,2017,720,2,15,9477.88000000,16537463.60000002,111994.15000000,0.00677215
WOART,2017,720,2,16,22442.77000000,16537463.60000002,134436.92000000,0.00812923
WOART,2017,720,2,17,18750.93000000,16537463.60000002,153187.85000000,0.00926308
WOART,2017,720,2,18,184.95000000,16537463.60000002,153372.80000000,0.00927426
WOART,2017,720,2,23,5346.63000000,16537463.60000002,158719.43000000,0.00959757
WOART,2017,720,2,24,17169.84000000,16537463.60000002,175889.27000000,0.01063581
WOART,2017,720,2,25,33737.95000000,16537463.60000002,209627.22000000,0.01267590
WOART,2017,720,2,26,63410.76000000,16537463.60000002,273037.98000000,0.01651027
WOART,2017,720,2,27,13849.56000000,16537463.60000002,286887.54000000,0.01734774
WOART,2017,720,2,28,41602.36000000,16537463.60000002,328489.90000000,0.01986338
WOART,2017,720,2,29,16892.03000000,16537463.60000002,345381.93000000,0.02088482
WOART,2017,720,2,30,11233.46000000,16537463.60000002,356615.39000000,0.02156409
WOART,2017,720,2,32,47617.77000000,16537463.60000002,404233.16000000,0.02444348
WOART,2017,720,2,33,40370.93000000,16537463.60000002,444604.09000000,0.02688466
WOART,2017,720,2,36,27097.21000000,16537463.60000002,471701.30000000,0.02852320
WOART,2017,720,2,38,24024.78000000,16537463.60000002,495726.08000000,0.02997594
WOART,2017,720,2,39,38091.42000000,16537463.60000002,533817.50000000,0.03227928
WOART,2017,720,2,42,19423.85000000,16537463.60000002,553241.35000000,0.03345382
WOART,2017,720,2,43,489.36000000,16537463.60000002,553730.71000000,0.03348341
WOART,2017,720,2,45,16634.57000000,16537463.60000002,570365.28000000,0.03448928
WOART,2017,720,2,50,5180.56000000,16537463.60000002,575545.84000000,0.03480255
WOART,2017,720,2,52,17998.54000000,16537463.60000002,593544.38000000,0.03589090
WOART,2017,720,2,77,1673.22000000,16537463.60000002,595217.60000000,0.03599207
WOART,2017,730,1,3,44078.73000000,162310238.83999959,44078.73000000,0.00027157
WOART,2017,730,1,5,29085.84000000,162310238.83999959,73164.57000000,0.00045077
WOART,2017,730,1,6,120880.95000000,162310238.83999959,194045.52000000,0.00119552
WOART,2017,730,1,7,65842.08000000,162310238.83999959,259887.60000000,0.00160118
WOART,2017,730,1,8,75409.38000000,162310238.83999959,335296.98000000,0.00206578
WOART,2017,730,1,9,31533.54000000,162310238.83999959,366830.52000000,0.00226006
WOART,2017,730,1,10,162546.66000000,162310238.83999959,529377.18000000,0.00326151
WOART,2017,730,1,11,110519.19000000,162310238.83999959,639896.37000000,0.00394243
WOART,2017,730,1,12,167677.14000000,162310238.83999959,807573.51000000,0.00497549
WOART,2017,730,1,13,38277.73000000,162310238.83999959,845851.24000000,0.00521132
WOART,2017,730,1,14,211030.29000000,162310238.83999959,1056881.53000000,0.00651149
WOART,2017,730,1,15,183793.96000000,162310238.83999959,1240675.49000000,0.00764385
WOART,2017,730,1,16,69431.25000000,162310238.83999959,1310106.74000000,0.00807162
WOART,2017,730,1,17,129051.22000000,162310238.83999959,1439157.96000000,0.00886671
WOART,2017,730,1,18,110606.25000000,162310238.83999959,1549764.21000000,0.00954816
WOART,2017,730,1,19,27422.02000000,162310238.83999959,1577186.23000000,0.00971711
WOART,2017,730,1,20,57584.89000000,162310238.83999959,1634771.12000000,0.01007189
WOART,2017,730,1,21,100585.61000000,162310238.83999959,1735356.73000000,0.01069160
WOART,2017,730,1,22,57761.96000000,162310238.83999959,1793118.69000000,0.01104748
WOART,2017,730,1,23,95341.97000000,162310238.83999959,1888460.66000000,0.01163488
WOART,2017,730,1,24,43977.13000000,162310238.83999959,1932437.79000000,0.01190583
WOART,2017,730,1,25,74186.19000000,162310238.83999959,2006623.98000000,0.01236289
WOART,2017,730,1,26,19879.74000000,162310238.83999959,2026503.72000000,0.01248537
WOART,2017,730,1,27,70110.37000000,162310238.83999959,2096614.09000000,0.01291732
WOART,2017,730,1,28,110807.96000000,162310238.83999959,2207422.05000000,0.01360002
WOART,2017,730,1,29,76873.28000000,162310238.83999959,2284295.33000000,0.01407364
WOART,2017,730,1,30,20103.74000000,162310238.83999959,2304399.07000000,0.01419750
WOART,2017,730,1,31,41865.89000000,162310238.83999959,2346264.96000000,0.01445543
WOART,2017,730,1,32,95307.13000000,162310238.83999959,2441572.09000000,0.01504263
WOART,2017,730,1,33,72945.00000000,162310238.83999959,2514517.09000000,0.01549204
WOART,2017,730,1,34,54047.44000000,162310238.83999959,2568564.53000000,0.01582503
WOART,2017,730,1,35,39192.87000000,162310238.83999959,2607757.40000000,0.01606650
WOART,2017,730,1,36,42865.63000000,162310238.83999959,2650623.03000000,0.01633060
WOART,2017,730,1,37,48064.83000000,162310238.83999959,2698687.86000000,0.01662673
WOART,2017,730,1,38,15916.27000000,162310238.83999959,2714604.13000000,0.01672479
WOART,2017,730,1,39,515.70000000,162310238.83999959,2715119.83000000,0.01672796
WOART,2017,730,1,40,107092.74000000,162310238.83999959,2822212.57000000,0.01738777
WOART,2017,730,1,41,21430.40000000,162310238.83999959,2843642.97000000,0.01751980
WOART,2017,730,1,42,16294.50000000,162310238.83999959,2859937.47000000,0.01762019
WOART,2017,730,1,43,29081.00000000,162310238.83999959,2889018.47000000,0.01779936
WOART,2017,730,1,45,40908.27000000,162310238.83999959,2929926.74000000,0.01805140
WOART,2017,730,1,46,96304.90000000,162310238.83999959,3026231.64000000,0.01864474
WOART,2017,730,1,47,22494.86000000,162310238.83999959,3048726.50000000,0.01878333
WOART,2017,730,1,48,35299.31000000,162310238.83999959,3084025.81000000,0.01900081
WOART,2017,730,1,49,18824.16000000,162310238.83999959,3102849.97000000,0.01911679
WOART,2017,730,1,50,17277.09000000,162310238.83999959,3120127.06000000,0.01922323
WOART,2017,730,1,51,23012.80000000,162310238.83999959,3143139.86000000,0.01936501
WOART,2017,730,1,54,11617.03000000,162310238.83999959,3154756.89000000,0.01943659
WOART,2017,730,1,61,10421.94000000,162310238.83999959,3165178.83000000,0.01950080
WOART,2017,730,1,70,386.35000000,162310238.83999959,3165565.18000000,0.01950318
WOART,2017,730,1,71,4390.57000000,162310238.83999959,3169955.75000000,0.01953023
WOART,2017,730,1,76,1965.61000000,162310238.83999959,3171921.36000000,0.01954234
WOART,2017,730,1,77,4242.45000000,162310238.83999959,3176163.81000000,0.01956847
WOART,2017,730,1,78,330.05000000,162310238.83999959,3176493.86000000,0.01957051
WOART,2017,730,1,79,4624.20000000,162310238.83999959,3181118.06000000,0.01959900
WOART,2017,730,2,7,27882.93000000,13233289.61999999,27882.93000000,0.00210703
WOART,2017,730,2,9,2096.53000000,13233289.61999999,29979.46000000,0.00226546
WOART,2017,730,2,11,9392.43000000,13233289.61999999,39371.89000000,0.00297522
WOART,2017,730,2,14,34791.08000000,13233289.61999999,74162.97000000,0.00560427
WOART,2017,730,2,15,18228.16000000,13233289.61999999,92391.13000000,0.00698172
WOART,2017,730,2,19,4726.60000000,13233289.61999999,97117.73000000,0.00733890
WOART,2017,730,2,21,10578.61000000,13233289.61999999,107696.34000000,0.00813829
WOART,2017,730,2,22,27406.03000000,13233289.61999999,135102.37000000,0.01020928
WOART,2017,730,2,25,4898.25000000,13233289.61999999,140000.62000000,0.01057943
WOART,2017,730,2,26,14313.98000000,13233289.61999999,154314.60000000,0.01166109
WOART,2017,730,2,29,24483.48000000,13233289.61999999,178798.08000000,0.01351123
WOART,2017,730,2,30,8548.86000000,13233289.61999999,187346.94000000,0.01415725
WOART,2017,730,2,33,22109.58000000,13233289.61999999,209456.52000000,0.01582800
WOART,2017,730,2,34,16260.31000000,13233289.61999999,225716.83000000,0.01705674
WOART,2017,730,2,35,8436.05000000,13233289.61999999,234152.88000000,0.01769423
WOART,2017,730,2,36,19702.47000000,13233289.61999999,253855.35000000,0.01918309
WOART,2017,730,2,38,10414.53000000,13233289.61999999,264269.88000000,0.01997008
WOART,2017,730,2,44,1418.46000000,13233289.61999999,265688.34000000,0.02007727
WOART,2017,730,2,46,0.00000000,13233289.61999999,265688.34000000,0.02007727
WOART,2017,730,2,49,9596.51000000,13233289.61999999,275284.85000000,0.02080245
WOART,2017,730,2,51,4381.37000000,13233289.61999999,279666.22000000,0.02113354
WOART,2017,730,2,55,1950.55000000,13233289.61999999,281616.77000000,0.02128093
WOART,2017,730,2,64,2919.33000000,13233289.61999999,284536.10000000,0.02150154
WOART,2017,730,2,66,4161.22000000,13233289.61999999,288697.32000000,0.02181599
WOART,2017,730,2,68,322.08000000,13233289.61999999,289019.40000000,0.02184033
WOART,2017,730,2,78,37.72000000,13233289.61999999,289057.12000000,0.02184318
WOART,2017,730,2,80,2255.17000000,13233289.61999999,291312.29000000,0.02201360
WOART,2017,740,1,6,56347.31000000,143982781.17999959,56347.31000000,0.00039135
WOART,2017,740,1,7,37054.13000000,143982781.17999959,93401.44000000,0.00064870
WOART,2017,740,1,8,116622.57000000,143982781.17999959,210024.01000000,0.00145867
WOART,2017,740,1,9,88675.17000000,143982781.17999959,298699.18000000,0.00207455
WOART,2017,740,1,10,191832.33000000,143982781.17999959,490531.51000000,0.00340688
WOART,2017,740,1,11,48453.50000000,143982781.17999959,538985.01000000,0.00374340
WOART,2017,740,1,12,162306.08000000,143982781.17999959,701291.09000000,0.00487066
WOART,2017,740,1,13,102852.95000000,143982781.17999959,804144.04000000,0.00558500
WOART,2017,740,1,14,85553.95000000,143982781.17999959,889697.99000000,0.00617920
WOART,2017,740,1,15,49870.09000000,143982781.17999959,939568.08000000,0.00652556
WOART,2017,740,1,17,38532.78000000,143982781.17999959,978100.86000000,0.00679318
WOART,2017,740,1,18,210341.59000000,143982781.17999959,1188442.45000000,0.00825406
WOART,2017,740,1,19,100745.35000000,143982781.17999959,1289187.80000000,0.00895376
WOART,2017,740,1,20,56649.41000000,143982781.17999959,1345837.21000000,0.00934721
WOART,2017,740,1,21,25247.37000000,143982781.17999959,1371084.58000000,0.00952256
WOART,2017,740,1,22,114242.01000000,143982781.17999959,1485326.59000000,0.01031600
WOART,2017,740,1,23,117725.53000000,143982781.17999959,1603052.12000000,0.01113364
WOART,2017,740,1,24,74392.34000000,143982781.17999959,1677444.46000000,0.01165031
WOART,2017,740,1,25,62562.13000000,143982781.17999959,1740006.59000000,0.01208482
WOART,2017,740,1,26,110621.43000000,143982781.17999959,1850628.02000000,0.01285312
WOART,2017,740,1,27,48676.20000000,143982781.17999959,1899304.22000000,0.01319119
WOART,2017,740,1,28,23054.87000000,143982781.17999959,1922359.09000000,0.01335131
WOART,2017,740,1,29,125291.50000000,143982781.17999959,2047650.59000000,0.01422150
WOART,2017,740,1,30,63160.28000000,143982781.17999959,2110810.87000000,0.01466016
WOART,2017,740,1,31,68391.88000000,143982781.17999959,2179202.75000000,0.01513516
WOART,2017,740,1,32,76322.31000000,143982781.17999959,2255525.06000000,0.01566524
WOART,2017,740,1,33,127993.45000000,143982781.17999959,2383518.51000000,0.01655419
WOART,2017,740,1,34,61297.41000000,143982781.17999959,2444815.92000000,0.01697992
WOART,2017,740,1,35,1185.26000000,143982781.17999959,2446001.18000000,0.01698815
WOART,2017,740,1,37,5602.66000000,143982781.17999959,2451603.84000000,0.01702706
WOART,2017,740,1,38,62877.77000000,143982781.17999959,2514481.61000000,0.01746377
WOART,2017,740,1,39,23684.66000000,143982781.17999959,2538166.27000000,0.01762826
WOART,2017,740,1,40,37067.41000000,143982781.17999959,2575233.68000000,0.01788571
WOART,2017,740,1,41,15414.47000000,143982781.17999959,2590648.15000000,0.01799276
WOART,2017,740,1,42,16827.33000000,143982781.17999959,2607475.48000000,0.01810963
WOART,2017,740,1,43,20681.60000000,143982781.17999959,2628157.08000000,0.01825327
WOART,2017,740,1,44,1136.42000000,143982781.17999959,2629293.50000000,0.01826117
WOART,2017,740,1,45,12626.68000000,143982781.17999959,2641920.18000000,0.01834886
WOART,2017,740,1,53,28165.01000000,143982781.17999959,2670085.19000000,0.01854448
WOART,2017,740,1,54,10505.32000000,143982781.17999959,2680590.51000000,0.01861744
WOART,2017,740,1,55,20356.96000000,143982781.17999959,2700947.47000000,0.01875882
WOART,2017,740,1,58,8434.06000000,143982781.17999959,2709381.53000000,0.01881740
WOART,2017,740,1,62,14463.10000000,143982781.17999959,2723844.63000000,0.01891785
WOART,2017,740,1,64,8833.95000000,143982781.17999959,2732678.58000000,0.01897920
WOART,2017,740,1,69,3978.68000000,143982781.17999959,2736657.26000000,0.01900684
WOART,2017,740,1,72,4172.59000000,143982781.17999959,2740829.85000000,0.01903582
WOART,2017,740,1,74,1110.04000000,143982781.17999959,2741939.89000000,0.01904353
WOART,2017,740,1,75,425.04000000,143982781.17999959,2742364.93000000,0.01904648
WOART,2017,740,1,76,1972.70000000,143982781.17999959,2744337.63000000,0.01906018
WOART,2017,740,1,77,1225.37000000,143982781.17999959,2745563.00000000,0.01906869
WOART,2017,740,1,78,1751.82000000,143982781.17999959,2747314.82000000,0.01908086
WOART,2017,740,1,80,1939.74000000,143982781.17999959,2749254.56000000,0.01909433
WOART,2017,740,1,82,3409.38000000,143982781.17999959,2752663.94000000,0.01911801
WOART,2017,740,2,5,27498.93000000,11474842.69999999,27498.93000000,0.00239645
WOART,2017,740,2,7,14250.05000000,11474842.69999999,41748.98000000,0.00363831
WOART,2017,740,2,8,25869.52000000,11474842.69999999,67618.50000000,0.00589276
WOART,2017,740,2,9,16963.92000000,11474842.69999999,84582.42000000,0.00737112
WOART,2017,740,2,14,15805.31000000,11474842.69999999,100387.73000000,0.00874851
WOART,2017,740,2,15,2869.35000000,11474842.69999999,103257.08000000,0.00899856
WOART,2017,740,2,19,15556.85000000,11474842.69999999,118813.93000000,0.01035430
WOART,2017,740,2,20,32464.30000000,11474842.69999999,151278.23000000,0.01318347
WOART,2017,740,2,22,41202.64000000,11474842.69999999,192480.87000000,0.01677416
WOART,2017,740,2,23,47307.05000000,11474842.69999999,239787.92000000,0.02089684
WOART,2017,740,2,26,21478.20000000,11474842.69999999,261266.12000000,0.02276860
WOART,2017,740,2,27,733.12000000,11474842.69999999,261999.24000000,0.02283249
WOART,2017,740,2,29,29957.98000000,11474842.69999999,291957.22000000,0.02544324
WOART,2017,740,2,33,26151.71000000,11474842.69999999,318108.93000000,0.02772229
WOART,2017,740,2,34,14870.78000000,11474842.69999999,332979.71000000,0.02901824
WOART,2017,740,2,35,8073.98000000,11474842.69999999,341053.69000000,0.02972186
WOART,2017,740,2,41,13910.84000000,11474842.69999999,354964.53000000,0.03093415
WOART,2017,750,1,5,46086.06000000,144760763.91999990,46086.06000000,0.00031836
WOART,2017,750,1,6,119334.81000000,144760763.91999990,165420.87000000,0.00114272
WOART,2017,750,1,7,153752.65000000,144760763.91999990,319173.52000000,0.00220483
WOART,2017,750,1,8,40277.74000000,144760763.91999990,359451.26000000,0.00248307
WOART,2017,750,1,9,25159.99000000,144760763.91999990,384611.25000000,0.00265687
WOART,2017,750,1,10,30307.68000000,144760763.91999990,414918.93000000,0.00286624
WOART,2017,750,1,11,145468.46000000,144760763.91999990,560387.39000000,0.00387113
WOART,2017,750,1,12,70531.72000000,144760763.91999990,630919.11000000,0.00435836
WOART,2017,750,1,13,55990.66000000,144760763.91999990,686909.77000000,0.00474514
WOART,2017,750,1,14,38572.66000000,144760763.91999990,725482.43000000,0.00501160
WOART,2017,750,1,15,26651.64000000,144760763.91999990,752134.07000000,0.00519570
WOART,2017,750,1,16,54674.23000000,144760763.91999990,806808.30000000,0.00557339
WOART,2017,750,1,17,49142.21000000,144760763.91999990,855950.51000000,0.00591286
WOART,2017,750,1,18,67204.51000000,144760763.91999990,923155.02000000,0.00637711
WOART,2017,750,1,19,86207.24000000,144760763.91999990,1009362.26000000,0.00697262
WOART,2017,750,1,20,205453.90000000,144760763.91999990,1214816.16000000,0.00839189
WOART,2017,750,1,21,89678.68000000,144760763.91999990,1304494.84000000,0.00901138
WOART,2017,750,1,23,58432.12000000,144760763.91999990,1362926.96000000,0.00941503
WOART,2017,750,1,24,58801.71000000,144760763.91999990,1421728.67000000,0.00982123
WOART,2017,750,1,25,35061.16000000,144760763.91999990,1456789.83000000,0.01006343
WOART,2017,750,1,26,68553.11000000,144760763.91999990,1525342.94000000,0.01053699
WOART,2017,750,1,27,38052.86000000,144760763.91999990,1563395.80000000,0.01079986
WOART,2017,750,1,28,40001.71000000,144760763.91999990,1603397.51000000,0.01107619
WOART,2017,750,1,29,22641.00000000,144760763.91999990,1626038.51000000,0.01123259
WOART,2017,750,1,30,17960.58000000,144760763.91999990,1643999.09000000,0.01135666
WOART,2017,750,1,31,36294.41000000,144760763.91999990,1680293.50000000,0.01160738
WOART,2017,750,1,32,34984.54000000,144760763.91999990,1715278.04000000,0.01184905
WOART,2017,750,1,33,15466.16000000,144760763.91999990,1730744.20000000,0.01195589
WOART,2017,750,1,34,21825.46000000,144760763.91999990,1752569.66000000,0.01210666
WOART,2017,750,1,35,32356.84000000,144760763.91999990,1784926.50000000,0.01233018
WOART,2017,750,1,36,23351.21000000,144760763.91999990,1808277.71000000,0.01249149
WOART,2017,750,1,37,30587.94000000,144760763.91999990,1838865.65000000,0.01270279
WOART,2017,750,1,38,26375.80000000,144760763.91999990,1865241.45000000,0.01288499
WOART,2017,750,1,40,1502.48000000,144760763.91999990,1866743.93000000,0.01289537
WOART,2017,750,1,42,21372.33000000,144760763.91999990,1888116.26000000,0.01304301
WOART,2017,750,1,44,49251.11000000,144760763.91999990,1937367.37000000,0.01338324
WOART,2017,750,1,50,12070.87000000,144760763.91999990,1949438.24000000,0.01346662
WOART,2017,750,1,69,6595.88000000,144760763.91999990,1956034.12000000,0.01351218
WOART,2017,750,1,71,4684.68000000,144760763.91999990,1960718.80000000,0.01354455
WOART,2017,750,1,72,857.53000000,144760763.91999990,1961576.33000000,0.01355047
WOART,2017,750,1,76,1515.45000000,144760763.91999990,1963091.78000000,0.01356094
WOART,2017,750,1,77,338.97000000,144760763.91999990,1963430.75000000,0.01356328
WOART,2017,750,1,78,3746.66000000,144760763.91999990,1967177.41000000,0.01358916
WOART,2017,750,1,80,1667.78000000,144760763.91999990,1968845.19000000,0.01360068
WOART,2017,750,2,12,19972.03000000,10598516.50999999,19972.03000000,0.00188442
WOART,2017,750,2,15,1186.06000000,10598516.50999999,21158.09000000,0.00199633
WOART,2017,750,2,16,30402.51000000,10598516.50999999,51560.60000000,0.00486489
WOART,2017,750,2,18,54100.56000000,10598516.50999999,105661.16000000,0.00996943
WOART,2017,750,2,21,26223.92000000,10598516.50999999,131885.08000000,0.01244373
WOART,2017,750,2,23,9679.00000000,10598516.50999999,141564.08000000,0.01335697
WOART,2017,750,2,25,9764.59000000,10598516.50999999,151328.67000000,0.01427829
WOART,2017,750,2,27,1171.77000000,10598516.50999999,152500.44000000,0.01438885
WOART,2017,750,2,34,401.42000000,10598516.50999999,152901.86000000,0.01442672
WOART,2017,750,2,42,11421.14000000,10598516.50999999,164323.00000000,0.01550434
WOART,2017,750,2,44,10625.93000000,10598516.50999999,174948.93000000,0.01650693
WOART,2017,750,2,48,8813.72000000,10598516.50999999,183762.65000000,0.01733853
WOART,2017,750,2,60,5442.21000000,10598516.50999999,189204.86000000,0.01785201
WOART,2017,750,2,75,356.94000000,10598516.50999999,189561.80000000,0.01788569
WOART,2017,750,2,77,335.35000000,10598516.50999999,189897.15000000,0.01791733
WOART,2017,750,2,82,804.98000000,10598516.50999999,190702.13000000,0.01799329
WOART,2017,760,1,6,53507.91000000,119589323.78000030,53507.91000000,0.00044743
WOART,2017,760,1,7,118917.33000000,119589323.78000030,172425.24000000,0.00144181
WOART,2017,760,1,8,119610.93000000,119589323.78000030,292036.17000000,0.00244199
WOART,2017,760,1,10,69684.75000000,119589323.78000030,361720.92000000,0.00302469
WOART,2017,760,1,11,69783.56000000,119589323.78000030,431504.48000000,0.00360822
WOART,2017,760,1,12,28383.86000000,119589323.78000030,459888.34000000,0.00384556
WOART,2017,760,1,14,39001.61000000,119589323.78000030,498889.95000000,0.00417169
WOART,2017,760,1,15,121365.85000000,119589323.78000030,620255.80000000,0.00518655
WOART,2017,760,1,16,98957.94000000,119589323.78000030,719213.74000000,0.00601403
WOART,2017,760,1,17,46925.95000000,119589323.78000030,766139.69000000,0.00640642
WOART,2017,760,1,19,84138.81000000,119589323.78000030,850278.50000000,0.00710999
WOART,2017,760,1,20,20660.42000000,119589323.78000030,870938.92000000,0.00728275
WOART,2017,760,1,21,113776.90000000,119589323.78000030,984715.82000000,0.00823414
WOART,2017,760,1,22,107330.38000000,119589323.78000030,1092046.20000000,0.00913164
WOART,2017,760,1,23,60777.50000000,119589323.78000030,1152823.70000000,0.00963985
WOART,2017,760,1,24,65695.79000000,119589323.78000030,1218519.49000000,0.01018920
WOART,2017,760,1,25,26283.77000000,119589323.78000030,1244803.26000000,0.01040898
WOART,2017,760,1,26,19543.96000000,119589323.78000030,1264347.22000000,0.01057241
WOART,2017,760,1,27,121577.55000000,119589323.78000030,1385924.77000000,0.01158903
WOART,2017,760,1,28,62030.17000000,119589323.78000030,1447954.94000000,0.01210773
WOART,2017,760,1,30,57868.65000000,119589323.78000030,1505823.59000000,0.01259162
WOART,2017,760,1,31,18673.94000000,119589323.78000030,1524497.53000000,0.01274777
WOART,2017,760,1,34,65752.84000000,119589323.78000030,1590250.37000000,0.01329759
WOART,2017,760,1,36,16793.45000000,119589323.78000030,1607043.82000000,0.01343802
WOART,2017,760,1,38,46152.25000000,119589323.78000030,1653196.07000000,0.01382394
WOART,2017,760,1,40,38294.55000000,119589323.78000030,1691490.62000000,0.01414416
WOART,2017,760,1,41,65193.21000000,119589323.78000030,1756683.83000000,0.01468930
WOART,2017,760,1,42,14782.44000000,119589323.78000030,1771466.27000000,0.01481291
WOART,2017,760,1,44,45455.09000000,119589323.78000030,1816921.36000000,0.01519301
WOART,2017,760,1,45,38609.58000000,119589323.78000030,1855530.94000000,0.01551586
WOART,2017,760,1,47,26077.91000000,119589323.78000030,1881608.85000000,0.01573392
WOART,2017,760,1,48,15031.01000000,119589323.78000030,1896639.86000000,0.01585961
WOART,2017,760,1,51,13106.18000000,119589323.78000030,1909746.04000000,0.01596920
WOART,2017,760,1,57,13851.94000000,119589323.78000030,1923597.98000000,0.01608503
WOART,2017,760,1,58,8573.65000000,119589323.78000030,1932171.63000000,0.01615672
WOART,2017,760,1,68,4388.48000000,119589323.78000030,1936560.11000000,0.01619342
WOART,2017,760,1,73,6910.54000000,119589323.78000030,1943470.65000000,0.01625121
WOART,2017,760,1,74,3053.82000000,119589323.78000030,1946524.47000000,0.01627674
WOART,2017,760,1,80,826.81000000,119589323.78000030,1947351.28000000,0.01628365
WOART,2017,760,2,11,44231.52000000,8874099.65000000,44231.52000000,0.00498434
WOART,2017,760,2,15,15880.62000000,8874099.65000000,60112.14000000,0.00677389
WOART,2017,760,2,16,15902.78000000,8874099.65000000,76014.92000000,0.00856593
WOART,2017,760,2,17,25303.79000000,8874099.65000000,101318.71000000,0.01141735
WOART,2017,760,2,19,314.36000000,8874099.65000000,101633.07000000,0.01145278
WOART,2017,760,2,24,17899.64000000,8874099.65000000,119532.71000000,0.01346984
WOART,2017,760,2,26,30035.49000000,8874099.65000000,149568.20000000,0.01685446
WOART,2017,760,2,36,25889.49000000,8874099.65000000,175457.69000000,0.01977189
WOART,2017,760,2,37,638.87000000,8874099.65000000,176096.56000000,0.01984388
WOART,2017,760,2,38,7026.22000000,8874099.65000000,183122.78000000,0.02063565
WOART,2017,760,2,44,2735.97000000,8874099.65000000,185858.75000000,0.02094396
WOART,2017,760,2,45,9974.30000000,8874099.65000000,195833.05000000,0.02206793
WOART,2017,760,2,51,1854.11000000,8874099.65000000,197687.16000000,0.02227687
WOART,2017,760,2,75,1396.68000000,8874099.65000000,199083.84000000,0.02243426
WOART,2017,770,1,7,77023.79000000,129572358.61000033,77023.79000000,0.00059445
WOART,2017,770,1,9,104117.36000000,129572358.61000033,181141.15000000,0.00139799
WOART,2017,770,1,10,62864.92000000,129572358.61000033,244006.07000000,0.00188316
WOART,2017,770,1,11,114991.74000000,129572358.61000033,358997.81000000,0.00277064
WOART,2017,770,1,12,4641.89000000,129572358.61000033,363639.70000000,0.00280646
WOART,2017,770,1,13,62734.02000000,129572358.61000033,426373.72000000,0.00329062
WOART,2017,770,1,14,112579.49000000,129572358.61000033,538953.21000000,0.00415948
WOART,2017,770,1,15,48812.20000000,129572358.61000033,587765.41000000,0.00453619
WOART,2017,770,1,16,22082.17000000,129572358.61000033,609847.58000000,0.00470662
WOART,2017,770,1,17,81245.17000000,129572358.61000033,691092.75000000,0.00533364
WOART,2017,770,1,18,25411.64000000,129572358.61000033,716504.39000000,0.00552976
WOART,2017,770,1,19,24316.59000000,129572358.61000033,740820.98000000,0.00571743
WOART,2017,770,1,20,100230.87000000,129572358.61000033,841051.85000000,0.00649098
WOART,2017,770,1,21,1951.27000000,129572358.61000033,843003.12000000,0.00650604
WOART,2017,770,1,23,54558.92000000,129572358.61000033,897562.04000000,0.00692711
WOART,2017,770,1,24,55918.11000000,129572358.61000033,953480.15000000,0.00735867
WOART,2017,770,1,25,65576.29000000,129572358.61000033,1019056.44000000,0.00786477
WOART,2017,770,1,27,43767.53000000,129572358.61000033,1062823.97000000,0.00820255
WOART,2017,770,1,28,22073.44000000,129572358.61000033,1084897.41000000,0.00837291
WOART,2017,770,1,29,49089.48000000,129572358.61000033,1133986.89000000,0.00875177
WOART,2017,770,1,30,26258.91000000,129572358.61000033,1160245.80000000,0.00895442
WOART,2017,770,1,32,32622.79000000,129572358.61000033,1192868.59000000,0.00920620
WOART,2017,770,1,35,39115.59000000,129572358.61000033,1231984.18000000,0.00950808
WOART,2017,770,1,36,49061.48000000,129572358.61000033,1281045.66000000,0.00988672
WOART,2017,770,1,37,26467.83000000,129572358.61000033,1307513.49000000,0.01009099
WOART,2017,770,1,42,37029.49000000,129572358.61000033,1344542.98000000,0.01037677
WOART,2017,770,1,43,6752.00000000,129572358.61000033,1351294.98000000,0.01042888
WOART,2017,770,1,44,37671.70000000,129572358.61000033,1388966.68000000,0.01071962
WOART,2017,770,1,47,18935.91000000,129572358.61000033,1407902.59000000,0.01086576
WOART,2017,770,1,63,9270.01000000,129572358.61000033,1417172.60000000,0.01093731
WOART,2017,770,1,66,5818.68000000,129572358.61000033,1422991.28000000,0.01098221
WOART,2017,770,1,67,7961.67000000,129572358.61000033,1430952.95000000,0.01104366
WOART,2017,770,1,76,1314.35000000,129572358.61000033,1432267.30000000,0.01105380
WOART,2017,770,2,5,19388.10000000,9474503.62000000,19388.10000000,0.00204634
WOART,2017,770,2,8,16357.27000000,9474503.62000000,35745.37000000,0.00377280
WOART,2017,770,2,11,26739.87000000,9474503.62000000,62485.24000000,0.00659509
WOART,2017,770,2,14,15895.31000000,9474503.62000000,78380.55000000,0.00827279
WOART,2017,770,2,18,30152.45000000,9474503.62000000,108533.00000000,0.01145527
WOART,2017,770,2,22,11659.19000000,9474503.62000000,120192.19000000,0.01268586
WOART,2017,770,2,23,25757.35000000,9474503.62000000,145949.54000000,0.01540445
WOART,2017,770,2,26,641.50000000,9474503.62000000,146591.04000000,0.01547216
WOART,2017,770,2,28,6130.18000000,9474503.62000000,152721.22000000,0.01611918
WOART,2017,770,2,35,34616.47000000,9474503.62000000,187337.69000000,0.01977282
WOART,2017,770,2,47,4652.78000000,9474503.62000000,191990.47000000,0.02026391
WOART,2017,770,2,50,3173.89000000,9474503.62000000,195164.36000000,0.02059890
WOART,2017,770,2,68,198.41000000,9474503.62000000,195362.77000000,0.02061984
WOART,2017,780,1,5,22682.52000000,128185003.02999999,22682.52000000,0.00017695
WOART,2017,780,1,8,36728.28000000,128185003.02999999,59410.80000000,0.00046348
WOART,2017,780,1,9,65612.70000000,128185003.02999999,125023.50000000,0.00097534
WOART,2017,780,1,10,35371.46000000,128185003.02999999,160394.96000000,0.00125128
WOART,2017,780,1,12,39748.79000000,128185003.02999999,200143.75000000,0.00156137
WOART,2017,780,1,16,31320.58000000,128185003.02999999,231464.33000000,0.00180571
WOART,2017,780,1,17,105335.59000000,128185003.02999999,336799.92000000,0.00262745
WOART,2017,780,1,18,61780.48000000,128185003.02999999,398580.40000000,0.00310942
WOART,2017,780,1,19,65392.44000000,128185003.02999999,463972.84000000,0.00361956
WOART,2017,780,1,21,16984.53000000,128185003.02999999,480957.37000000,0.00375206
WOART,2017,780,1,25,21230.91000000,128185003.02999999,502188.28000000,0.00391768
WOART,2017,780,1,26,456.33000000,128185003.02999999,502644.61000000,0.00392124
WOART,2017,780,1,27,5338.50000000,128185003.02999999,507983.11000000,0.00396289
WOART,2017,780,1,28,15576.24000000,128185003.02999999,523559.35000000,0.00408440
WOART,2017,780,1,30,27830.98000000,128185003.02999999,551390.33000000,0.00430152
WOART,2017,780,1,31,14710.34000000,128185003.02999999,566100.67000000,0.00441628
WOART,2017,780,1,33,13407.46000000,128185003.02999999,579508.13000000,0.00452087
WOART,2017,780,1,34,15419.52000000,128185003.02999999,594927.65000000,0.00464116
WOART,2017,780,1,35,31841.62000000,128185003.02999999,626769.27000000,0.00488957
WOART,2017,780,1,38,17979.01000000,128185003.02999999,644748.28000000,0.00502983
WOART,2017,780,1,39,39816.52000000,128185003.02999999,684564.80000000,0.00534044
WOART,2017,780,1,40,25551.64000000,128185003.02999999,710116.44000000,0.00553978
WOART,2017,780,1,41,26317.56000000,128185003.02999999,736434.00000000,0.00574509
WOART,2017,780,1,47,8932.87000000,128185003.02999999,745366.87000000,0.00581477
WOART,2017,780,1,48,24457.34000000,128185003.02999999,769824.21000000,0.00600557
WOART,2017,780,1,49,10819.05000000,128185003.02999999,780643.26000000,0.00608997
WOART,2017,780,1,61,6696.37000000,128185003.02999999,787339.63000000,0.00614221
WOART,2017,780,1,74,627.61000000,128185003.02999999,787967.24000000,0.00614711
WOART,2017,780,1,79,122.90000000,128185003.02999999,788090.14000000,0.00614807
WOART,2017,780,2,10,4302.34000000,7947868.12000001,4302.34000000,0.00054132
WOART,2017,780,2,15,31349.32000000,7947868.12000001,35651.66000000,0.00448569
WOART,2017,780,2,24,27886.75000000,7947868.12000001,63538.41000000,0.00799440
WOART,2017,780,2,25,17410.44000000,7947868.12000001,80948.85000000,0.01018498
WOART,2017,780,2,33,6652.96000000,7947868.12000001,87601.81000000,0.01102205
WOART,2017,780,2,40,7379.36000000,7947868.12000001,94981.17000000,0.01195052
WOART,2017,780,2,45,6622.51000000,7947868.12000001,101603.68000000,0.01278377
WOART,2017,780,2,69,1906.63000000,7947868.12000001,103510.31000000,0.01302366
WOART,2017,780,2,70,5283.44000000,7947868.12000001,108793.75000000,0.01368842
WOART,2017,790,1,5,39304.19000000,118027277.05999982,39304.19000000,0.00033301
WOART,2017,790,1,6,72.92000000,118027277.05999982,39377.11000000,0.00033363
WOART,2017,790,1,8,20941.36000000,118027277.05999982,60318.47000000,0.00051106
WOART,2017,790,1,10,27251.61000000,118027277.05999982,87570.08000000,0.00074195
WOART,2017,790,1,12,40710.17000000,118027277.05999982,128280.25000000,0.00108687
WOART,2017,790,1,14,70237.50000000,118027277.05999982,198517.75000000,0.00168197
WOART,2017,790,1,15,34164.46000000,118027277.05999982,232682.21000000,0.00197143
WOART,2017,790,1,17,42505.53000000,118027277.05999982,275187.74000000,0.00233156
WOART,2017,790,1,18,70709.95000000,118027277.05999982,345897.69000000,0.00293066
WOART,2017,790,1,19,18364.79000000,118027277.05999982,364262.48000000,0.00308626
WOART,2017,790,1,20,61146.74000000,118027277.05999982,425409.22000000,0.00360433
WOART,2017,790,1,22,63800.64000000,118027277.05999982,489209.86000000,0.00414489
WOART,2017,790,1,24,22277.34000000,118027277.05999982,511487.20000000,0.00433364
WOART,2017,790,1,25,50232.74000000,118027277.05999982,561719.94000000,0.00475924
WOART,2017,790,1,26,63381.56000000,118027277.05999982,625101.50000000,0.00529625
WOART,2017,790,1,27,29368.52000000,118027277.05999982,654470.02000000,0.00554507
WOART,2017,790,1,28,23734.12000000,118027277.05999982,678204.14000000,0.00574616
WOART,2017,790,1,29,52827.99000000,118027277.05999982,731032.13000000,0.00619376
WOART,2017,790,1,30,16313.23000000,118027277.05999982,747345.36000000,0.00633197
WOART,2017,790,1,34,14604.51000000,118027277.05999982,761949.87000000,0.00645571
WOART,2017,790,1,39,17310.74000000,118027277.05999982,779260.61000000,0.00660238
WOART,2017,790,1,41,1299.49000000,118027277.05999982,780560.10000000,0.00661339
WOART,2017,790,1,42,26655.77000000,118027277.05999982,807215.87000000,0.00683923
WOART,2017,790,1,44,17500.28000000,118027277.05999982,824716.15000000,0.00698750
WOART,2017,790,1,45,12714.31000000,118027277.05999982,837430.46000000,0.00709523
WOART,2017,790,1,66,8583.79000000,118027277.05999982,846014.25000000,0.00716796
WOART,2017,790,1,74,364.69000000,118027277.05999982,846378.94000000,0.00717105
WOART,2017,790,2,18,13995.70000000,7703569.69000000,13995.70000000,0.00181678
WOART,2017,790,2,22,23194.80000000,7703569.69000000,37190.50000000,0.00482770
WOART,2017,790,2,24,16168.90000000,7703569.69000000,53359.40000000,0.00692658
WOART,2017,790,2,33,7782.35000000,7703569.69000000,61141.75000000,0.00793681
WOART,2017,790,2,38,1486.49000000,7703569.69000000,62628.24000000,0.00812977
WOART,2017,790,2,41,8108.19000000,7703569.69000000,70736.43000000,0.00918229
WOART,2017,790,2,49,8121.76000000,7703569.69000000,78858.19000000,0.01023658
WOART,2017,800,1,7,40367.38000000,132674879.61999995,40367.38000000,0.00030426
WOART,2017,800,1,10,60664.41000000,132674879.61999995,101031.79000000,0.00076150
WOART,2017,800,1,11,28784.51000000,132674879.61999995,129816.30000000,0.00097845
WOART,2017,800,1,12,25261.49000000,132674879.61999995,155077.79000000,0.00116886
WOART,2017,800,1,13,56031.64000000,132674879.61999995,211109.43000000,0.00159118
WOART,2017,800,1,14,29290.48000000,132674879.61999995,240399.91000000,0.00181195
WOART,2017,800,1,16,64067.11000000,132674879.61999995,304467.02000000,0.00229484
WOART,2017,800,1,17,58826.25000000,132674879.61999995,363293.27000000,0.00273822
WOART,2017,800,1,18,420.11000000,132674879.61999995,363713.38000000,0.00274139
WOART,2017,800,1,21,45142.75000000,132674879.61999995,408856.13000000,0.00308164
WOART,2017,800,1,23,24092.65000000,132674879.61999995,432948.78000000,0.00326323
WOART,2017,800,1,24,22983.90000000,132674879.61999995,455932.68000000,0.00343647
WOART,2017,800,1,26,23507.58000000,132674879.61999995,479440.26000000,0.00361365
WOART,2017,800,1,27,40837.24000000,132674879.61999995,520277.50000000,0.00392145
WOART,2017,800,1,28,13979.62000000,132674879.61999995,534257.12000000,0.00402681
WOART,2017,800,1,29,81268.99000000,132674879.61999995,615526.11000000,0.00463936
WOART,2017,800,1,30,29044.96000000,132674879.61999995,644571.07000000,0.00485828
WOART,2017,800,1,31,51797.47000000,132674879.61999995,696368.54000000,0.00524868
WOART,2017,800,1,33,33251.05000000,132674879.61999995,729619.59000000,0.00549930
WOART,2017,800,1,34,23577.13000000,132674879.61999995,753196.72000000,0.00567701
WOART,2017,800,1,36,67916.05000000,132674879.61999995,821112.77000000,0.00618891
WOART,2017,800,1,37,23513.34000000,132674879.61999995,844626.11000000,0.00636613
WOART,2017,800,1,39,15331.33000000,132674879.61999995,859957.44000000,0.00648169
WOART,2017,800,1,40,900.85000000,132674879.61999995,860858.29000000,0.00648848
WOART,2017,800,1,43,21077.95000000,132674879.61999995,881936.24000000,0.00664735
WOART,2017,800,1,44,17308.42000000,132674879.61999995,899244.66000000,0.00677781
WOART,2017,800,1,48,25171.42000000,132674879.61999995,924416.08000000,0.00696753
WOART,2017,800,1,49,7734.51000000,132674879.61999995,932150.59000000,0.00702583
WOART,2017,800,1,51,9072.24000000,132674879.61999995,941222.83000000,0.00709421
WOART,2017,800,1,62,12560.20000000,132674879.61999995,953783.03000000,0.00718887
WOART,2017,800,1,64,3349.65000000,132674879.61999995,957132.68000000,0.00721412
WOART,2017,800,1,65,6363.59000000,132674879.61999995,963496.27000000,0.00726209
WOART,2017,800,1,70,2936.62000000,132674879.61999995,966432.89000000,0.00728422
WOART,2017,800,1,76,961.00000000,132674879.61999995,967393.89000000,0.00729146
WOART,2017,800,2,13,10182.09000000,6884481.52000000,10182.09000000,0.00147899
WOART,2017,800,2,22,13272.53000000,6884481.52000000,23454.62000000,0.00340688
WOART,2017,800,2,27,17112.56000000,6884481.52000000,40567.18000000,0.00589255
WOART,2017,800,2,28,3107.87000000,6884481.52000000,43675.05000000,0.00634399
WOART,2017,800,2,29,14385.05000000,6884481.52000000,58060.10000000,0.00843347
WOART,2017,800,2,30,27420.13000000,6884481.52000000,85480.23000000,0.01241636
WOART,2017,800,2,68,2332.76000000,6884481.52000000,87812.99000000,0.01275521
WOART,2017,810,1,5,68444.68000000,119548341.85999973,68444.68000000,0.00057253
WOART,2017,810,1,7,30211.48000000,119548341.85999973,98656.16000000,0.00082524
WOART,2017,810,1,9,28504.08000000,119548341.85999973,127160.24000000,0.00106367
WOART,2017,810,1,11,66542.63000000,119548341.85999973,193702.87000000,0.00162029
WOART,2017,810,1,12,107.54000000,119548341.85999973,193810.41000000,0.00162119
WOART,2017,810,1,13,40413.62000000,119548341.85999973,234224.03000000,0.00195924
WOART,2017,810,1,14,1907.71000000,119548341.85999973,236131.74000000,0.00197520
WOART,2017,810,1,15,49233.79000000,119548341.85999973,285365.53000000,0.00238703
WOART,2017,810,1,16,34727.97000000,119548341.85999973,320093.50000000,0.00267752
WOART,2017,810,1,17,15349.76000000,119548341.85999973,335443.26000000,0.00280592
WOART,2017,810,1,20,92134.44000000,119548341.85999973,427577.70000000,0.00357661
WOART,2017,810,1,21,21650.46000000,119548341.85999973,449228.16000000,0.00375771
WOART,2017,810,1,22,47449.50000000,119548341.85999973,496677.66000000,0.00415462
WOART,2017,810,1,23,31609.43000000,119548341.85999973,528287.09000000,0.00441902
WOART,2017,810,1,26,538.48000000,119548341.85999973,528825.57000000,0.00442353
WOART,2017,810,1,28,24963.56000000,119548341.85999973,553789.13000000,0.00463234
WOART,2017,810,1,29,13118.43000000,119548341.85999973,566907.56000000,0.00474208
WOART,2017,810,1,31,14832.56000000,119548341.85999973,581740.12000000,0.00486615
WOART,2017,810,1,32,15009.63000000,119548341.85999973,596749.75000000,0.00499170
WOART,2017,810,1,34,33814.28000000,119548341.85999973,630564.03000000,0.00527455
WOART,2017,810,1,35,35558.46000000,119548341.85999973,666122.49000000,0.00557199
WOART,2017,810,1,36,18466.28000000,119548341.85999973,684588.77000000,0.00572646
WOART,2017,810,1,41,17168.73000000,119548341.85999973,701757.50000000,0.00587007
WOART,2017,810,1,42,12258.33000000,119548341.85999973,714015.83000000,0.00597261
WOART,2017,810,1,45,19552.57000000,119548341.85999973,733568.40000000,0.00613617
WOART,2017,810,1,47,9404.20000000,119548341.85999973,742972.60000000,0.00621483
WOART,2017,810,1,52,10802.49000000,119548341.85999973,753775.09000000,0.00630519
WOART,2017,810,1,64,12226.28000000,119548341.85999973,766001.37000000,0.00640746
WOART,2017,810,1,75,1952.63000000,119548341.85999973,767954.00000000,0.00642379
WOART,2017,810,1,76,672.78000000,119548341.85999973,768626.78000000,0.00642942
WOART,2017,810,1,81,2401.14000000,119548341.85999973,771027.92000000,0.00644951
WOART,2017,810,2,9,69033.19000000,6584557.41000000,69033.19000000,0.01048410
WOART,2017,810,2,10,39218.50000000,6584557.41000000,108251.69000000,0.01644024
WOART,2017,810,2,11,19441.55000000,6584557.41000000,127693.24000000,0.01939284
WOART,2017,810,2,12,967.24000000,6584557.41000000,128660.48000000,0.01953973
WOART,2017,810,2,16,2993.43000000,6584557.41000000,131653.91000000,0.01999434
WOART,2017,810,2,20,16152.49000000,6584557.41000000,147806.40000000,0.02244743
WOART,2017,810,2,23,23641.34000000,6584557.41000000,171447.74000000,0.02603785
WOART,2017,810,2,28,17021.90000000,6584557.41000000,188469.64000000,0.02862298
WOART,2017,810,2,32,12119.44000000,6584557.41000000,200589.08000000,0.03046356
WOART,2017,810,2,36,318.88000000,6584557.41000000,200907.96000000,0.03051199
WOART,2017,810,2,49,2056.49000000,6584557.41000000,202964.45000000,0.03082431
WOART,2017,820,1,6,23815.00000000,124604879.60999987,23815.00000000,0.00019112
WOART,2017,820,1,7,27080.67000000,124604879.60999987,50895.67000000,0.00040846
WOART,2017,820,1,10,30533.20000000,124604879.60999987,81428.87000000,0.00065350
WOART,2017,820,1,13,31983.50000000,124604879.60999987,113412.37000000,0.00091018
WOART,2017,820,1,19,27613.36000000,124604879.60999987,141025.73000000,0.00113178
WOART,2017,820,1,20,31210.65000000,124604879.60999987,172236.38000000,0.00138226
WOART,2017,820,1,22,18728.45000000,124604879.60999987,190964.83000000,0.00153256
WOART,2017,820,1,23,51953.03000000,124604879.60999987,242917.86000000,0.00194951
WOART,2017,820,1,24,27288.00000000,124604879.60999987,270205.86000000,0.00216850
WOART,2017,820,1,25,26299.36000000,124604879.60999987,296505.22000000,0.00237956
WOART,2017,820,1,29,53781.96000000,124604879.60999987,350287.18000000,0.00281118
WOART,2017,820,1,30,32468.73000000,124604879.60999987,382755.91000000,0.00307176
WOART,2017,820,1,32,45800.91000000,124604879.60999987,428556.82000000,0.00343933
WOART,2017,820,1,33,20108.36000000,124604879.60999987,448665.18000000,0.00360070
WOART,2017,820,1,34,17824.61000000,124604879.60999987,466489.79000000,0.00374375
WOART,2017,820,1,36,23441.26000000,124604879.60999987,489931.05000000,0.00393188
WOART,2017,820,1,48,10164.34000000,124604879.60999987,500095.39000000,0.00401345
WOART,2017,820,1,50,8505.55000000,124604879.60999987,508600.94000000,0.00408171
WOART,2017,820,1,64,3091.22000000,124604879.60999987,511692.16000000,0.00410652
WOART,2017,820,1,77,4143.89000000,124604879.60999987,515836.05000000,0.00413977
WOART,2017,820,2,15,15673.55000000,6678461.10000000,15673.55000000,0.00234688
WOART,2017,820,2,16,-10.40000000,6678461.10000000,15663.15000000,0.00234532
WOART,2017,820,2,29,1602.41000000,6678461.10000000,17265.56000000,0.00258526
WOART,2017,830,1,8,25575.69000000,115860091.09999950,25575.69000000,0.00022075
WOART,2017,830,1,9,32382.02000000,115860091.09999950,57957.71000000,0.00050024
WOART,2017,830,1,10,35105.17000000,115860091.09999950,93062.88000000,0.00080323
WOART,2017,830,1,11,15354.29000000,115860091.09999950,108417.17000000,0.00093576
WOART,2017,830,1,12,105987.05000000,115860091.09999950,214404.22000000,0.00185054
WOART,2017,830,1,13,65244.67000000,115860091.09999950,279648.89000000,0.00241368
WOART,2017,830,1,15,24928.19000000,115860091.09999950,304577.08000000,0.00262884
WOART,2017,830,1,16,43572.94000000,115860091.09999950,348150.02000000,0.00300492
WOART,2017,830,1,18,26388.86000000,115860091.09999950,374538.88000000,0.00323268
WOART,2017,830,1,20,24562.93000000,115860091.09999950,399101.81000000,0.00344469
WOART,2017,830,1,21,28991.99000000,115860091.09999950,428093.80000000,0.00369492
WOART,2017,830,1,23,59613.31000000,115860091.09999950,487707.11000000,0.00420945
WOART,2017,830,1,25,48573.17000000,115860091.09999950,536280.28000000,0.00462869
WOART,2017,830,1,29,13092.03000000,115860091.09999950,549372.31000000,0.00474169
WOART,2017,830,1,32,19771.09000000,115860091.09999950,569143.40000000,0.00491233
WOART,2017,830,1,33,26976.96000000,115860091.09999950,596120.36000000,0.00514517
WOART,2017,830,1,35,48917.93000000,115860091.09999950,645038.29000000,0.00556739
WOART,2017,830,1,37,21776.50000000,115860091.09999950,666814.79000000,0.00575534
WOART,2017,830,1,38,50517.17000000,115860091.09999950,717331.96000000,0.00619136
WOART,2017,830,1,40,25891.91000000,115860091.09999950,743223.87000000,0.00641484
WOART,2017,830,1,42,17456.42000000,115860091.09999950,760680.29000000,0.00656551
WOART,2017,830,1,46,13772.47000000,115860091.09999950,774452.76000000,0.00668438
WOART,2017,830,1,50,12529.23000000,115860091.09999950,786981.99000000,0.00679252
WOART,2017,830,1,78,630.95000000,115860091.09999950,787612.94000000,0.00679797
WOART,2017,830,2,13,15119.84000000,6140423.33000000,15119.84000000,0.00246234
WOART,2017,830,2,17,14051.51000000,6140423.33000000,29171.35000000,0.00475071
WOART,2017,830,2,21,32666.98000000,6140423.33000000,61838.33000000,0.01007069
WOART,2017,830,2,32,9258.33000000,6140423.33000000,71096.66000000,0.01157846
WOART,2017,830,2,49,4287.23000000,6140423.33000000,75383.89000000,0.01227666
WOART,2017,840,1,8,29654.53000000,100877045.86000006,29654.53000000,0.00029397
WOART,2017,840,1,14,22608.17000000,100877045.86000006,52262.70000000,0.00051808
WOART,2017,840,1,15,21801.27000000,100877045.86000006,74063.97000000,0.00073420
WOART,2017,840,1,17,34269.50000000,100877045.86000006,108333.47000000,0.00107392
WOART,2017,840,1,20,32925.18000000,100877045.86000006,141258.65000000,0.00140031
WOART,2017,840,1,21,42617.95000000,100877045.86000006,183876.60000000,0.00182278
WOART,2017,840,1,29,3923.28000000,100877045.86000006,187799.88000000,0.00186167
WOART,2017,840,1,36,20761.54000000,100877045.86000006,208561.42000000,0.00206748
WOART,2017,840,1,38,13028.76000000,100877045.86000006,221590.18000000,0.00219664
WOART,2017,840,1,39,27443.19000000,100877045.86000006,249033.37000000,0.00246868
WOART,2017,840,1,41,937.54000000,100877045.86000006,249970.91000000,0.00247798
WOART,2017,840,1,42,13573.91000000,100877045.86000006,263544.82000000,0.00261254
WOART,2017,840,1,55,15121.98000000,100877045.86000006,278666.80000000,0.00276244
WOART,2017,840,1,69,4800.00000000,100877045.86000006,283466.80000000,0.00281002
WOART,2017,840,1,70,7243.26000000,100877045.86000006,290710.06000000,0.00288183
WOART,2017,840,2,10,24708.69000000,4514658.98000000,24708.69000000,0.00547299
WOART,2017,840,2,16,1861.73000000,4514658.98000000,26570.42000000,0.00588537
WOART,2017,840,2,18,8736.69000000,4514658.98000000,35307.11000000,0.00782055
WOART,2017,850,1,8,20076.33000000,101495691.08999996,20076.33000000,0.00019780
WOART,2017,850,1,10,27227.67000000,101495691.08999996,47304.00000000,0.00046607
WOART,2017,850,1,11,31144.06000000,101495691.08999996,78448.06000000,0.00077292
WOART,2017,850,1,12,26360.18000000,101495691.08999996,104808.24000000,0.00103264
WOART,2017,850,1,15,25940.20000000,101495691.08999996,130748.44000000,0.00128822
WOART,2017,850,1,24,51944.43000000,101495691.08999996,182692.87000000,0.00180001
WOART,2017,850,1,27,14149.94000000,101495691.08999996,196842.81000000,0.00193942
WOART,2017,850,1,31,54264.65000000,101495691.08999996,251107.46000000,0.00247407
WOART,2017,850,1,37,22002.50000000,101495691.08999996,273109.96000000,0.00269085
WOART,2017,850,1,38,25494.77000000,101495691.08999996,298604.73000000,0.00294204
WOART,2017,850,1,41,31145.67000000,101495691.08999996,329750.40000000,0.00324891
WOART,2017,850,1,49,1115.83000000,101495691.08999996,330866.23000000,0.00325990
WOART,2017,850,1,76,2523.40000000,101495691.08999996,333389.63000000,0.00328477
WOART,2017,850,2,13,16438.26000000,4280133.08000000,16438.26000000,0.00384060
WOART,2017,850,2,32,10805.46000000,4280133.08000000,27243.72000000,0.00636516
WOART,2017,860,1,26,67686.79000000,66365944.71999989,67686.79000000,0.00101990
WOART,2017,860,1,29,16267.22000000,66365944.71999989,83954.01000000,0.00126502
WOART,2017,860,1,71,4039.05000000,66365944.71999989,87993.06000000,0.00132588
WOART,2017,860,2,13,12915.42000000,2804936.70000000,12915.42000000,0.00460453
WOART,2017,860,2,22,11792.60000000,2804936.70000000,24708.02000000,0.00880876
WOART,2017,860,2,43,594.20000000,2804936.70000000,25302.22000000,0.00902060
WOART,2017,870,1,27,22534.28000000,41269037.84000002,22534.28000000,0.00054603
WOART,2017,870,1,42,14767.61000000,41269037.84000002,37301.89000000,0.00090387
WOART,2017,870,1,64,7467.47000000,41269037.84000002,44769.36000000,0.00108482
WOART,2017,870,2,38,9835.31000000,1254120.62000000,9835.31000000,0.00784240
WOART,2018,650,1,3,28648.46000000,94528800.75999993,28648.46000000,0.00030307
WOART,2018,650,1,4,35134.61000000,94528800.75999993,63783.07000000,0.00067475
WOART,2018,650,1,5,148186.98000000,94528800.75999993,211970.05000000,0.00224239
WOART,2018,650,1,6,273095.38000000,94528800.75999993,485065.43000000,0.00513140
WOART,2018,650,1,7,301026.94000000,94528800.75999993,786092.37000000,0.00831590
WOART,2018,650,1,8,452562.20000000,94528800.75999993,1238654.57000000,0.01310346
WOART,2018,650,1,9,513964.25000000,94528800.75999993,1752618.82000000,0.01854058
WOART,2018,650,1,10,363975.77000000,94528800.75999993,2116594.59000000,0.02239100
WOART,2018,650,1,11,454050.09000000,94528800.75999993,2570644.68000000,0.02719430
WOART,2018,650,1,12,302669.61000000,94528800.75999993,2873314.29000000,0.03039618
WOART,2018,650,1,13,393999.56000000,94528800.75999993,3267313.85000000,0.03456422
WOART,2018,650,1,14,254406.59000000,94528800.75999993,3521720.44000000,0.03725553
WOART,2018,650,1,15,441693.18000000,94528800.75999993,3963413.62000000,0.04192811
WOART,2018,650,1,16,404132.66000000,94528800.75999993,4367546.28000000,0.04620334
WOART,2018,650,1,17,563162.89000000,94528800.75999993,4930709.17000000,0.05216092
WOART,2018,650,1,18,339553.44000000,94528800.75999993,5270262.61000000,0.05575298
WOART,2018,650,1,19,402676.03000000,94528800.75999993,5672938.64000000,0.06001281
WOART,2018,650,1,20,324752.25000000,94528800.75999993,5997690.89000000,0.06344829
WOART,2018,650,1,21,251954.97000000,94528800.75999993,6249645.86000000,0.06611367
WOART,2018,650,1,22,414296.30000000,94528800.75999993,6663942.16000000,0.07049642
WOART,2018,650,1,23,313517.59000000,94528800.75999993,6977459.75000000,0.07381306
WOART,2018,650,1,24,222315.11000000,94528800.75999993,7199774.86000000,0.07616488
WOART,2018,650,1,25,256280.01000000,94528800.75999993,7456054.87000000,0.07887601
WOART,2018,650,1,26,170220.24000000,94528800.75999993,7626275.11000000,0.08067674
WOART,2018,650,1,27,264100.11000000,94528800.75999993,7890375.22000000,0.08347059
WOART,2018,650,1,28,180293.40000000,94528800.75999993,8070668.62000000,0.08537788
WOART,2018,650,1,29,42962.84000000,94528800.75999993,8113631.46000000,0.08583237
WOART,2018,650,1,30,140737.20000000,94528800.75999993,8254368.66000000,0.08732120
WOART,2018,650,1,31,63680.80000000,94528800.75999993,8318049.46000000,0.08799487
WOART,2018,650,1,32,189839.17000000,94528800.75999993,8507888.63000000,0.09000314
WOART,2018,650,1,33,119410.77000000,94528800.75999993,8627299.40000000,0.09126636
WOART,2018,650,1,34,154652.11000000,94528800.75999993,8781951.51000000,0.09290239
WOART,2018,650,1,35,111294.37000000,94528800.75999993,8893245.88000000,0.09407975
WOART,2018,650,1,36,171901.23000000,94528800.75999993,9065147.11000000,0.09589826
WOART,2018,650,1,37,117758.19000000,94528800.75999993,9182905.30000000,0.09714399
WOART,2018,650,1,38,24080.11000000,94528800.75999993,9206985.41000000,0.09739873
WOART,2018,650,1,39,64180.74000000,94528800.75999993,9271166.15000000,0.09807769
WOART,2018,650,1,40,46108.02000000,94528800.75999993,9317274.17000000,0.09856545
WOART,2018,650,1,41,46423.76000000,94528800.75999993,9363697.93000000,0.09905656
WOART,2018,650,1,42,83054.61000000,94528800.75999993,9446752.54000000,0.09993518
WOART,2018,650,1,43,10097.42000000,94528800.75999993,9456849.96000000,0.10004200
WOART,2018,650,1,44,22953.07000000,94528800.75999993,9479803.03000000,0.10028481
WOART,2018,650,1,45,62286.15000000,94528800.75999993,9542089.18000000,0.10094372
WOART,2018,650,1,46,138275.47000000,94528800.75999993,9680364.65000000,0.10240651
WOART,2018,650,1,47,38717.56000000,94528800.75999993,9719082.21000000,0.10281610
WOART,2018,650,1,48,34328.16000000,94528800.75999993,9753410.37000000,0.10317925
WOART,2018,650,1,49,43504.88000000,94528800.75999993,9796915.25000000,0.10363947
WOART,2018,650,1,50,34525.82000000,94528800.75999993,9831441.07000000,0.10400472
WOART,2018,650,1,51,25884.67000000,94528800.75999993,9857325.74000000,0.10427854
WOART,2018,650,1,52,11735.12000000,94528800.75999993,9869060.86000000,0.10440269
WOART,2018,650,1,57,21834.48000000,94528800.75999993,9890895.34000000,0.10463367
WOART,2018,650,1,58,10973.63000000,94528800.75999993,9901868.97000000,0.10474976
WOART,2018,650,1,62,9375.21000000,94528800.75999993,9911244.18000000,0.10484894
WOART,2018,650,1,65,18710.83000000,94528800.75999993,9929955.01000000,0.10504687
WOART,2018,650,1,66,7616.65000000,94528800.75999993,9937571.66000000,0.10512745
WOART,2018,650,1,67,5103.19000000,94528800.75999993,9942674.85000000,0.10518143
WOART,2018,650,1,69,7566.26000000,94528800.75999993,9950241.11000000,0.10526148
WOART,2018,650,1,70,9208.15000000,94528800.75999993,9959449.26000000,0.10535889
WOART,2018,650,1,74,14909.83000000,94528800.75999993,9974359.09000000,0.10551662
WOART,2018,650,1,76,3351.21000000,94528800.75999993,9977710.30000000,0.10555207
WOART,2018,650,1,77,1927.71000000,94528800.75999993,9979638.01000000,0.10557246
WOART,2018,650,1,78,8733.46000000,94528800.75999993,9988371.47000000,0.10566485
WOART,2018,650,1,79,3508.50000000,94528800.75999993,9991879.97000000,0.10570196
WOART,2018,650,1,80,6666.23000000,94528800.75999993,9998546.20000000,0.10577249
WOART,2018,650,1,81,2133.23000000,94528800.75999993,10000679.43000000,0.10579505
WOART,2018,650,1,82,2296.58000000,94528800.75999993,10002976.01000000,0.10581935
WOART,2018,650,1,83,6897.28000000,94528800.75999993,10009873.29000000,0.10589231
WOART,2018,650,1,84,1904.64000000,94528800.75999993,10011777.93000000,0.10591246
WOART,2018,650,2,4,20927.04000000,9653711.05000000,20927.04000000,0.00216777
WOART,2018,650,2,5,34139.99000000,9653711.05000000,55067.03000000,0.00570423
WOART,2018,650,2,6,38606.01000000,9653711.05000000,93673.04000000,0.00970332
WOART,2018,650,2,7,44434.80000000,9653711.05000000,138107.84000000,0.01430619
WOART,2018,650,2,8,53774.55000000,9653711.05000000,191882.39000000,0.01987654
WOART,2018,650,2,9,19623.18000000,9653711.05000000,211505.57000000,0.02190925
WOART,2018,650,2,10,106571.00000000,9653711.05000000,318076.57000000,0.03294863
WOART,2018,650,2,11,14098.49000000,9653711.05000000,332175.06000000,0.03440905
WOART,2018,650,2,12,30898.03000000,9653711.05000000,363073.09000000,0.03760969
WOART,2018,650,2,13,96227.61000000,9653711.05000000,459300.70000000,0.04757763
WOART,2018,650,2,15,50313.06000000,9653711.05000000,509613.76000000,0.05278942
WOART,2018,650,2,16,81373.13000000,9653711.05000000,590986.89000000,0.06121862
WOART,2018,650,2,17,49771.30000000,9653711.05000000,640758.19000000,0.06637429
WOART,2018,650,2,19,87212.67000000,9653711.05000000,727970.86000000,0.07540840
WOART,2018,650,2,20,72424.43000000,9653711.05000000,800395.29000000,0.08291063
WOART,2018,650,2,22,21541.71000000,9653711.05000000,821937.00000000,0.08514208
WOART,2018,650,2,23,14931.88000000,9653711.05000000,836868.88000000,0.08668883
WOART,2018,650,2,24,23742.29000000,9653711.05000000,860611.17000000,0.08914822
WOART,2018,650,2,25,37833.27000000,9653711.05000000,898444.44000000,0.09306726
WOART,2018,650,2,26,10798.01000000,9653711.05000000,909242.45000000,0.09418580
WOART,2018,650,2,27,39336.57000000,9653711.05000000,948579.02000000,0.09826056
WOART,2018,650,2,28,1565.85000000,9653711.05000000,950144.87000000,0.09842276
WOART,2018,650,2,29,33946.67000000,9653711.05000000,984091.54000000,0.10193920
WOART,2018,650,2,31,14101.89000000,9653711.05000000,998193.43000000,0.10339997
WOART,2018,650,2,32,16484.53000000,9653711.05000000,1014677.96000000,0.10510755
WOART,2018,650,2,34,28921.27000000,9653711.05000000,1043599.23000000,0.10810343
WOART,2018,650,2,36,13288.32000000,9653711.05000000,1056887.55000000,0.10947992
WOART,2018,650,2,38,21470.06000000,9653711.05000000,1078357.61000000,0.11170395
WOART,2018,650,2,39,14369.87000000,9653711.05000000,1092727.48000000,0.11319248
WOART,2018,650,2,41,11832.50000000,9653711.05000000,1104559.98000000,0.11441817
WOART,2018,650,2,42,14435.38000000,9653711.05000000,1118995.36000000,0.11591349
WOART,2018,650,2,44,14954.24000000,9653711.05000000,1133949.60000000,0.11746256
WOART,2018,650,2,45,4145.60000000,9653711.05000000,1138095.20000000,0.11789199
WOART,2018,650,2,50,5027.62000000,9653711.05000000,1143122.82000000,0.11841279
WOART,2018,650,2,51,9334.56000000,9653711.05000000,1152457.38000000,0.11937973
WOART,2018,650,2,57,7802.89000000,9653711.05000000,1160260.27000000,0.12018800
WOART,2018,650,2,62,5601.74000000,9653711.05000000,1165862.01000000,0.12076827
WOART,2018,650,2,66,5823.57000000,9653711.05000000,1171685.58000000,0.12137152
WOART,2018,650,2,72,1448.20000000,9653711.05000000,1173133.78000000,0.12152153
WOART,2018,650,2,78,2642.79000000,9653711.05000000,1175776.57000000,0.12179529
WOART,2018,650,2,79,10827.76000000,9653711.05000000,1186604.33000000,0.12291691
WOART,2018,660,1,3,97740.58000000,147331193.98999986,97740.58000000,0.00066341
WOART,2018,660,1,4,92244.78000000,147331193.98999986,189985.36000000,0.00128951
WOART,2018,660,1,5,86516.82000000,147331193.98999986,276502.18000000,0.00187674
WOART,2018,660,1,6,348533.10000000,147331193.98999986,625035.28000000,0.00424238
WOART,2018,660,1,7,361773.80000000,147331193.98999986,986809.08000000,0.00669790
WOART,2018,660,1,8,721577.79000000,147331193.98999986,1708386.87000000,0.01159555
WOART,2018,660,1,9,593105.58000000,147331193.98999986,2301492.45000000,0.01562122
WOART,2018,660,1,10,639967.57000000,147331193.98999986,2941460.02000000,0.01996495
WOART,2018,660,1,11,508664.41000000,147331193.98999986,3450124.43000000,0.02341747
WOART,2018,660,1,12,560578.52000000,147331193.98999986,4010702.95000000,0.02722236
WOART,2018,660,1,13,284150.65000000,147331193.98999986,4294853.60000000,0.02915101
WOART,2018,660,1,14,631496.63000000,147331193.98999986,4926350.23000000,0.03343725
WOART,2018,660,1,15,554321.50000000,147331193.98999986,5480671.73000000,0.03719967
WOART,2018,660,1,16,345450.14000000,147331193.98999986,5826121.87000000,0.03954439
WOART,2018,660,1,17,680253.84000000,147331193.98999986,6506375.71000000,0.04416156
WOART,2018,660,1,18,448998.45000000,147331193.98999986,6955374.16000000,0.04720911
WOART,2018,660,1,19,448066.02000000,147331193.98999986,7403440.18000000,0.05025032
WOART,2018,660,1,20,319190.51000000,147331193.98999986,7722630.69000000,0.05241681
WOART,2018,660,1,21,637630.03000000,147331193.98999986,8360260.72000000,0.05674467
WOART,2018,660,1,22,383779.31000000,147331193.98999986,8744040.03000000,0.05934955
WOART,2018,660,1,23,356281.21000000,147331193.98999986,9100321.24000000,0.06176778
WOART,2018,660,1,24,411765.77000000,147331193.98999986,9512087.01000000,0.06456261
WOART,2018,660,1,25,339521.46000000,147331193.98999986,9851608.47000000,0.06686709
WOART,2018,660,1,26,330242.15000000,147331193.98999986,10181850.62000000,0.06910859
WOART,2018,660,1,27,210614.12000000,147331193.98999986,10392464.74000000,0.07053812
WOART,2018,660,1,28,252883.73000000,147331193.98999986,10645348.47000000,0.07225455
WOART,2018,660,1,29,115188.04000000,147331193.98999986,10760536.51000000,0.07303638
WOART,2018,660,1,30,232641.98000000,147331193.98999986,10993178.49000000,0.07461542
WOART,2018,660,1,31,267070.73000000,147331193.98999986,11260249.22000000,0.07642814
WOART,2018,660,1,32,252206.22000000,147331193.98999986,11512455.44000000,0.07813997
WOART,2018,660,1,33,139553.35000000,147331193.98999986,11652008.79000000,0.07908718
WOART,2018,660,1,34,227394.19000000,147331193.98999986,11879402.98000000,0.08063060
WOART,2018,660,1,35,66470.69000000,147331193.98999986,11945873.67000000,0.08108177
WOART,2018,660,1,36,183622.68000000,147331193.98999986,12129496.35000000,0.08232809
WOART,2018,660,1,37,103153.41000000,147331193.98999986,12232649.76000000,0.08302824
WOART,2018,660,1,38,60131.29000000,147331193.98999986,12292781.05000000,0.08343638
WOART,2018,660,1,39,109710.89000000,147331193.98999986,12402491.94000000,0.08418103
WOART,2018,660,1,40,133585.36000000,147331193.98999986,12536077.30000000,0.08508773
WOART,2018,660,1,41,51856.50000000,147331193.98999986,12587933.80000000,0.08543971
WOART,2018,660,1,42,29997.15000000,147331193.98999986,12617930.95000000,0.08564331
WOART,2018,660,1,43,66703.00000000,147331193.98999986,12684633.95000000,0.08609605
WOART,2018,660,1,44,39596.15000000,147331193.98999986,12724230.10000000,0.08636481
WOART,2018,660,1,45,59318.84000000,147331193.98999986,12783548.94000000,0.08676743
WOART,2018,660,1,46,39260.26000000,147331193.98999986,12822809.20000000,0.08703391
WOART,2018,660,1,47,82242.25000000,147331193.98999986,12905051.45000000,0.08759212
WOART,2018,660,1,48,20615.19000000,147331193.98999986,12925666.64000000,0.08773204
WOART,2018,660,1,49,103449.40000000,147331193.98999986,13029116.04000000,0.08843420
WOART,2018,660,1,50,40354.92000000,147331193.98999986,13069470.96000000,0.08870810
WOART,2018,660,1,51,37558.34000000,147331193.98999986,13107029.30000000,0.08896303
WOART,2018,660,1,52,13647.16000000,147331193.98999986,13120676.46000000,0.08905566
WOART,2018,660,1,57,11997.56000000,147331193.98999986,13132674.02000000,0.08913709
WOART,2018,660,1,60,6861.22000000,147331193.98999986,13139535.24000000,0.08918366
WOART,2018,660,1,61,11587.03000000,147331193.98999986,13151122.27000000,0.08926231
WOART,2018,660,1,64,7182.84000000,147331193.98999986,13158305.11000000,0.08931106
WOART,2018,660,1,69,5438.58000000,147331193.98999986,13163743.69000000,0.08934797
WOART,2018,660,1,70,13388.96000000,147331193.98999986,13177132.65000000,0.08943885
WOART,2018,660,1,71,21524.06000000,147331193.98999986,13198656.71000000,0.08958494
WOART,2018,660,1,72,9344.38000000,147331193.98999986,13208001.09000000,0.08964837
WOART,2018,660,1,73,4287.61000000,147331193.98999986,13212288.70000000,0.08967747
WOART,2018,660,1,74,2582.99000000,147331193.98999986,13214871.69000000,0.08969500
WOART,2018,660,1,75,7966.59000000,147331193.98999986,13222838.28000000,0.08974907
WOART,2018,660,1,76,5639.09000000,147331193.98999986,13228477.37000000,0.08978735
WOART,2018,660,1,77,887.98000000,147331193.98999986,13229365.35000000,0.08979338
WOART,2018,660,1,78,4197.94000000,147331193.98999986,13233563.29000000,0.08982187
WOART,2018,660,1,79,5697.39000000,147331193.98999986,13239260.68000000,0.08986054
WOART,2018,660,1,80,5053.32000000,147331193.98999986,13244314.00000000,0.08989484
WOART,2018,660,1,81,7347.10000000,147331193.98999986,13251661.10000000,0.08994471
WOART,2018,660,1,84,1667.85000000,147331193.98999986,13253328.95000000,0.08995603
WOART,2018,660,2,6,45557.09000000,8348805.66000000,45557.09000000,0.00545672
WOART,2018,660,2,7,102884.81000000,8348805.66000000,148441.90000000,0.01778002
WOART,2018,660,2,8,76606.83000000,8348805.66000000,225048.73000000,0.02695580
WOART,2018,660,2,9,38085.98000000,8348805.66000000,263134.71000000,0.03151765
WOART,2018,660,2,11,74119.22000000,8348805.66000000,337253.93000000,0.04039547
WOART,2018,660,2,12,70420.24000000,8348805.66000000,407674.17000000,0.04883024
WOART,2018,660,2,13,84692.65000000,8348805.66000000,492366.82000000,0.05897452
WOART,2018,660,2,14,35508.47000000,8348805.66000000,527875.29000000,0.06322764
WOART,2018,660,2,15,60185.87000000,8348805.66000000,588061.16000000,0.07043656
WOART,2018,660,2,16,55372.23000000,8348805.66000000,643433.39000000,0.07706891
WOART,2018,660,2,17,49705.87000000,8348805.66000000,693139.26000000,0.08302256
WOART,2018,660,2,18,18666.11000000,8348805.66000000,711805.37000000,0.08525835
WOART,2018,660,2,19,25974.92000000,8348805.66000000,737780.29000000,0.08836956
WOART,2018,660,2,20,20024.23000000,8348805.66000000,757804.52000000,0.09076802
WOART,2018,660,2,21,40160.27000000,8348805.66000000,797964.79000000,0.09557832
WOART,2018,660,2,23,19558.60000000,8348805.66000000,817523.39000000,0.09792100
WOART,2018,660,2,24,34733.62000000,8348805.66000000,852257.01000000,0.10208131
WOART,2018,660,2,25,1289.54000000,8348805.66000000,853546.55000000,0.10223577
WOART,2018,660,2,27,10618.29000000,8348805.66000000,864164.84000000,0.10350760
WOART,2018,660,2,28,11425.06000000,8348805.66000000,875589.90000000,0.10487607
WOART,2018,660,2,29,3865.31000000,8348805.66000000,879455.21000000,0.10533904
WOART,2018,660,2,30,15863.00000000,8348805.66000000,895318.21000000,0.10723908
WOART,2018,660,2,32,41069.04000000,8348805.66000000,936387.25000000,0.11215823
WOART,2018,660,2,34,38465.89000000,8348805.66000000,974853.14000000,0.11676558
WOART,2018,660,2,35,17963.86000000,8348805.66000000,992817.00000000,0.11891725
WOART,2018,660,2,36,27594.59000000,8348805.66000000,1020411.59000000,0.12222246
WOART,2018,660,2,37,27490.08000000,8348805.66000000,1047901.67000000,0.12551516
WOART,2018,660,2,38,29011.24000000,8348805.66000000,1076912.91000000,0.12899006
WOART,2018,660,2,41,537.63000000,8348805.66000000,1077450.54000000,0.12905445
WOART,2018,660,2,42,18875.03000000,8348805.66000000,1096325.57000000,0.13131526
WOART,2018,660,2,48,30500.22000000,8348805.66000000,1126825.79000000,0.13496850
WOART,2018,660,2,49,17909.05000000,8348805.66000000,1144734.84000000,0.13711360
WOART,2018,660,2,50,11418.38000000,8348805.66000000,1156153.22000000,0.13848127
WOART,2018,660,2,53,9544.70000000,8348805.66000000,1165697.92000000,0.13962451
WOART,2018,660,2,77,1312.68000000,8348805.66000000,1167010.60000000,0.13978174
WOART,2018,660,2,82,1218.96000000,8348805.66000000,1168229.56000000,0.13992775
WOART,2018,670,1,5,224643.95000000,159196507.55999976,224643.95000000,0.00141111
WOART,2018,670,1,6,295642.48000000,159196507.55999976,520286.43000000,0.00326820
WOART,2018,670,1,7,338268.51000000,159196507.55999976,858554.94000000,0.00539305
WOART,2018,670,1,8,296532.53000000,159196507.55999976,1155087.47000000,0.00725573
WOART,2018,670,1,9,722139.04000000,159196507.55999976,1877226.51000000,0.01179188
WOART,2018,670,1,10,394349.67000000,159196507.55999976,2271576.18000000,0.01426901
WOART,2018,670,1,11,308563.79000000,159196507.55999976,2580139.97000000,0.01620726
WOART,2018,670,1,12,398469.57000000,159196507.55999976,2978609.54000000,0.01871027
WOART,2018,670,1,13,466384.54000000,159196507.55999976,3444994.08000000,0.02163988
WOART,2018,670,1,14,567580.69000000,159196507.55999976,4012574.77000000,0.02520517
WOART,2018,670,1,15,251589.98000000,159196507.55999976,4264164.75000000,0.02678554
WOART,2018,670,1,16,422459.54000000,159196507.55999976,4686624.29000000,0.02943924
WOART,2018,670,1,17,484545.60000000,159196507.55999976,5171169.89000000,0.03248294
WOART,2018,670,1,18,539180.07000000,159196507.55999976,5710349.96000000,0.03586982
WOART,2018,670,1,19,453664.51000000,159196507.55999976,6164014.47000000,0.03871953
WOART,2018,670,1,20,456256.62000000,159196507.55999976,6620271.09000000,0.04158553
WOART,2018,670,1,21,398516.49000000,159196507.55999976,7018787.58000000,0.04408883
WOART,2018,670,1,22,461202.66000000,159196507.55999976,7479990.24000000,0.04698589
WOART,2018,670,1,23,558018.92000000,159196507.55999976,8038009.16000000,0.05049111
WOART,2018,670,1,24,220774.58000000,159196507.55999976,8258783.74000000,0.05187792
WOART,2018,670,1,25,371915.98000000,159196507.55999976,8630699.72000000,0.05421413
WOART,2018,670,1,26,227020.77000000,159196507.55999976,8857720.49000000,0.05564017
WOART,2018,670,1,27,323133.30000000,159196507.55999976,9180853.79000000,0.05766994
WOART,2018,670,1,28,314820.38000000,159196507.55999976,9495674.17000000,0.05964750
WOART,2018,670,1,29,280916.63000000,159196507.55999976,9776590.80000000,0.06141209
WOART,2018,670,1,30,229264.35000000,159196507.55999976,10005855.15000000,0.06285223
WOART,2018,670,1,31,96362.15000000,159196507.55999976,10102217.30000000,0.06345753
WOART,2018,670,1,32,129077.01000000,159196507.55999976,10231294.31000000,0.06426833
WOART,2018,670,1,33,249681.93000000,159196507.55999976,10480976.24000000,0.06583672
WOART,2018,670,1,34,58341.05000000,159196507.55999976,10539317.29000000,0.06620319
WOART,2018,670,1,35,239030.46000000,159196507.55999976,10778347.75000000,0.06770467
WOART,2018,670,1,36,64099.21000000,159196507.55999976,10842446.96000000,0.06810732
WOART,2018,670,1,37,189013.13000000,159196507.55999976,11031460.09000000,0.06929461
WOART,2018,670,1,38,33292.71000000,159196507.55999976,11064752.80000000,0.06950374
WOART,2018,670,1,39,105943.79000000,159196507.55999976,11170696.59000000,0.07016923
WOART,2018,670,1,40,60684.33000000,159196507.55999976,11231380.92000000,0.07055042
WOART,2018,670,1,41,107162.60000000,159196507.55999976,11338543.52000000,0.07122357
WOART,2018,670,1,42,74115.61000000,159196507.55999976,11412659.13000000,0.07168913
WOART,2018,670,1,43,61036.16000000,159196507.55999976,11473695.29000000,0.07207253
WOART,2018,670,1,44,87397.62000000,159196507.55999976,11561092.91000000,0.07262152
WOART,2018,670,1,45,18393.70000000,159196507.55999976,11579486.61000000,0.07273706
WOART,2018,670,1,46,50658.65000000,159196507.55999976,11630145.26000000,0.07305528
WOART,2018,670,1,47,69348.40000000,159196507.55999976,11699493.66000000,0.07349089
WOART,2018,670,1,48,18165.57000000,159196507.55999976,11717659.23000000,0.07360500
WOART,2018,670,1,49,14763.91000000,159196507.55999976,11732423.14000000,0.07369774
WOART,2018,670,1,50,27666.49000000,159196507.55999976,11760089.63000000,0.07387153
WOART,2018,670,1,51,49364.14000000,159196507.55999976,11809453.77000000,0.07418161
WOART,2018,670,1,52,14091.18000000,159196507.55999976,11823544.95000000,0.07427013
WOART,2018,670,1,55,12338.94000000,159196507.55999976,11835883.89000000,0.07434764
WOART,2018,670,1,56,10624.77000000,159196507.55999976,11846508.66000000,0.07441438
WOART,2018,670,1,58,5693.27000000,159196507.55999976,11852201.93000000,0.07445014
WOART,2018,670,1,60,10555.96000000,159196507.55999976,11862757.89000000,0.07451645
WOART,2018,670,1,61,15258.15000000,159196507.55999976,11878016.04000000,0.07461229
WOART,2018,670,1,62,17251.76000000,159196507.55999976,11895267.80000000,0.07472066
WOART,2018,670,1,67,14343.06000000,159196507.55999976,11909610.86000000,0.07481075
WOART,2018,670,1,69,7058.22000000,159196507.55999976,11916669.08000000,0.07485509
WOART,2018,670,1,71,6020.41000000,159196507.55999976,11922689.49000000,0.07489291
WOART,2018,670,1,72,6572.90000000,159196507.55999976,11929262.39000000,0.07493420
WOART,2018,670,1,73,4873.34000000,159196507.55999976,11934135.73000000,0.07496481
WOART,2018,670,1,75,8092.36000000,159196507.55999976,11942228.09000000,0.07501564
WOART,2018,670,1,76,4778.18000000,159196507.55999976,11947006.27000000,0.07504566
WOART,2018,670,1,77,3571.97000000,159196507.55999976,11950578.24000000,0.07506809
WOART,2018,670,1,78,4221.73000000,159196507.55999976,11954799.97000000,0.07509461
WOART,2018,670,1,79,3717.38000000,159196507.55999976,11958517.35000000,0.07511796
WOART,2018,670,1,80,7627.04000000,159196507.55999976,11966144.39000000,0.07516587
WOART,2018,670,1,83,5370.00000000,159196507.55999976,11971514.39000000,0.07519960
WOART,2018,670,1,84,559.70000000,159196507.55999976,11972074.09000000,0.07520312
WOART,2018,670,2,5,23151.47000000,8801874.44000000,23151.47000000,0.00263029
WOART,2018,670,2,6,92266.74000000,8801874.44000000,115418.21000000,0.01311291
WOART,2018,670,2,7,45898.78000000,8801874.44000000,161316.99000000,0.01832757
WOART,2018,670,2,8,23154.52000000,8801874.44000000,184471.51000000,0.02095821
WOART,2018,670,2,9,34282.06000000,8801874.44000000,218753.57000000,0.02485307
WOART,2018,670,2,10,59849.13000000,8801874.44000000,278602.70000000,0.03165266
WOART,2018,670,2,11,24697.79000000,8801874.44000000,303300.49000000,0.03445862
WOART,2018,670,2,12,15251.06000000,8801874.44000000,318551.55000000,0.03619133
WOART,2018,670,2,13,53983.16000000,8801874.44000000,372534.71000000,0.04232447
WOART,2018,670,2,14,42148.32000000,8801874.44000000,414683.03000000,0.04711304
WOART,2018,670,2,17,38769.42000000,8801874.44000000,453452.45000000,0.05151771
WOART,2018,670,2,18,37516.64000000,8801874.44000000,490969.09000000,0.05578006
WOART,2018,670,2,19,2422.00000000,8801874.44000000,493391.09000000,0.05605523
WOART,2018,670,2,20,13378.22000000,8801874.44000000,506769.31000000,0.05757516
WOART,2018,670,2,21,15769.50000000,8801874.44000000,522538.81000000,0.05936676
WOART,2018,670,2,22,64389.10000000,8801874.44000000,586927.91000000,0.06668215
WOART,2018,670,2,24,15944.74000000,8801874.44000000,602872.65000000,0.06849367
WOART,2018,670,2,25,30548.53000000,8801874.44000000,633421.18000000,0.07196435
WOART,2018,670,2,26,15937.54000000,8801874.44000000,649358.72000000,0.07377505
WOART,2018,670,2,27,48394.46000000,8801874.44000000,697753.18000000,0.07927325
WOART,2018,670,2,34,15609.18000000,8801874.44000000,713362.36000000,0.08104664
WOART,2018,670,2,42,1183.08000000,8801874.44000000,714545.44000000,0.08118105
WOART,2018,670,2,75,5483.92000000,8801874.44000000,720029.36000000,0.08180409
WOART,2018,680,1,3,33696.90000000,170396453.10000014,33696.90000000,0.00019776
WOART,2018,680,1,4,26720.57000000,170396453.10000014,60417.47000000,0.00035457
WOART,2018,680,1,5,216326.32000000,170396453.10000014,276743.79000000,0.00162412
WOART,2018,680,1,6,155148.22000000,170396453.10000014,431892.01000000,0.00253463
WOART,2018,680,1,7,240169.95000000,170396453.10000014,672061.96000000,0.00394411
WOART,2018,680,1,8,290943.97000000,170396453.10000014,963005.93000000,0.00565156
WOART,2018,680,1,9,604053.96000000,170396453.10000014,1567059.89000000,0.00919655
WOART,2018,680,1,10,368530.23000000,170396453.10000014,1935590.12000000,0.01135933
WOART,2018,680,1,11,302824.13000000,170396453.10000014,2238414.25000000,0.01313651
WOART,2018,680,1,12,289863.06000000,170396453.10000014,2528277.31000000,0.01483762
WOART,2018,680,1,13,341787.38000000,170396453.10000014,2870064.69000000,0.01684345
WOART,2018,680,1,14,425091.09000000,170396453.10000014,3295155.78000000,0.01933817
WOART,2018,680,1,15,406012.60000000,170396453.10000014,3701168.38000000,0.02172092
WOART,2018,680,1,16,258030.80000000,170396453.10000014,3959199.18000000,0.02323522
WOART,2018,680,1,17,455134.22000000,170396453.10000014,4414333.40000000,0.02590625
WOART,2018,680,1,18,268733.31000000,170396453.10000014,4683066.71000000,0.02748336
WOART,2018,680,1,19,333833.67000000,170396453.10000014,5016900.38000000,0.02944252
WOART,2018,680,1,20,604259.30000000,170396453.10000014,5621159.68000000,0.03298871
WOART,2018,680,1,21,578261.78000000,170396453.10000014,6199421.46000000,0.03638234
WOART,2018,680,1,22,188335.40000000,170396453.10000014,6387756.86000000,0.03748762
WOART,2018,680,1,23,282058.32000000,170396453.10000014,6669815.18000000,0.03914292
WOART,2018,680,1,24,207997.07000000,170396453.10000014,6877812.25000000,0.04036359
WOART,2018,680,1,25,137535.63000000,170396453.10000014,7015347.88000000,0.04117074
WOART,2018,680,1,26,551530.47000000,170396453.10000014,7566878.35000000,0.04440749
WOART,2018,680,1,27,217545.45000000,170396453.10000014,7784423.80000000,0.04568419
WOART,2018,680,1,28,124582.36000000,170396453.10000014,7909006.16000000,0.04641532
WOART,2018,680,1,29,91886.05000000,170396453.10000014,8000892.21000000,0.04695457
WOART,2018,680,1,30,204842.06000000,170396453.10000014,8205734.27000000,0.04815672
WOART,2018,680,1,31,88016.34000000,170396453.10000014,8293750.61000000,0.04867326
WOART,2018,680,1,32,153686.21000000,170396453.10000014,8447436.82000000,0.04957519
WOART,2018,680,1,33,157408.81000000,170396453.10000014,8604845.63000000,0.05049897
WOART,2018,680,1,34,235386.06000000,170396453.10000014,8840231.69000000,0.05188037
WOART,2018,680,1,35,82726.70000000,170396453.10000014,8922958.39000000,0.05236587
WOART,2018,680,1,36,53942.63000000,170396453.10000014,8976901.02000000,0.05268244
WOART,2018,680,1,37,41261.07000000,170396453.10000014,9018162.09000000,0.05292459
WOART,2018,680,1,38,79185.90000000,170396453.10000014,9097347.99000000,0.05338930
WOART,2018,680,1,39,75466.88000000,170396453.10000014,9172814.87000000,0.05383219
WOART,2018,680,1,40,59036.20000000,170396453.10000014,9231851.07000000,0.05417866
WOART,2018,680,1,41,84678.06000000,170396453.10000014,9316529.13000000,0.05467560
WOART,2018,680,1,42,61703.83000000,170396453.10000014,9378232.96000000,0.05503772
WOART,2018,680,1,43,33423.57000000,170396453.10000014,9411656.53000000,0.05523388
WOART,2018,680,1,44,47012.68000000,170396453.10000014,9458669.21000000,0.05550978
WOART,2018,680,1,45,134381.37000000,170396453.10000014,9593050.58000000,0.05629842
WOART,2018,680,1,46,40272.71000000,170396453.10000014,9633323.29000000,0.05653476
WOART,2018,680,1,47,38499.04000000,170396453.10000014,9671822.33000000,0.05676070
WOART,2018,680,1,48,42661.10000000,170396453.10000014,9714483.43000000,0.05701107
WOART,2018,680,1,49,48759.63000000,170396453.10000014,9763243.06000000,0.05729722
WOART,2018,680,1,50,11964.52000000,170396453.10000014,9775207.58000000,0.05736744
WOART,2018,680,1,51,18042.43000000,170396453.10000014,9793250.01000000,0.05747332
WOART,2018,680,1,52,20392.46000000,170396453.10000014,9813642.47000000,0.05759300
WOART,2018,680,1,54,16763.36000000,170396453.10000014,9830405.83000000,0.05769138
WOART,2018,680,1,62,6573.99000000,170396453.10000014,9836979.82000000,0.05772996
WOART,2018,680,1,63,11287.36000000,170396453.10000014,9848267.18000000,0.05779620
WOART,2018,680,1,64,6895.46000000,170396453.10000014,9855162.64000000,0.05783667
WOART,2018,680,1,65,6076.10000000,170396453.10000014,9861238.74000000,0.05787232
WOART,2018,680,1,68,6105.88000000,170396453.10000014,9867344.62000000,0.05790816
WOART,2018,680,1,69,6409.93000000,170396453.10000014,9873754.55000000,0.05794578
WOART,2018,680,1,70,17177.03000000,170396453.10000014,9890931.58000000,0.05804658
WOART,2018,680,1,72,7753.78000000,170396453.10000014,9898685.36000000,0.05809209
WOART,2018,680,1,73,14800.92000000,170396453.10000014,9913486.28000000,0.05817895
WOART,2018,680,1,74,4510.05000000,170396453.10000014,9917996.33000000,0.05820542
WOART,2018,680,1,75,615.25000000,170396453.10000014,9918611.58000000,0.05820903
WOART,2018,680,1,76,5342.40000000,170396453.10000014,9923953.98000000,0.05824038
WOART,2018,680,1,77,2530.88000000,170396453.10000014,9926484.86000000,0.05825523
WOART,2018,680,1,79,3252.65000000,170396453.10000014,9929737.51000000,0.05827432
WOART,2018,680,1,80,3938.62000000,170396453.10000014,9933676.13000000,0.05829743
WOART,2018,680,1,82,1184.05000000,170396453.10000014,9934860.18000000,0.05830438
WOART,2018,680,1,83,719.82000000,170396453.10000014,9935580.00000000,0.05830861
WOART,2018,680,1,84,2630.09000000,170396453.10000014,9938210.09000000,0.05832404
WOART,2018,680,2,3,19720.00000000,11994232.92000001,19720.00000000,0.00164412
WOART,2018,680,2,4,28618.86000000,11994232.92000001,48338.86000000,0.00403018
WOART,2018,680,2,6,107052.97000000,11994232.92000001,155391.83000000,0.01295555
WOART,2018,680,2,7,22850.21000000,11994232.92000001,178242.04000000,0.01486065
WOART,2018,680,2,8,40269.27000000,11994232.92000001,218511.31000000,0.01821803
WOART,2018,680,2,9,22874.91000000,11994232.92000001,241386.22000000,0.02012519
WOART,2018,680,2,10,18998.65000000,11994232.92000001,260384.87000000,0.02170917
WOART,2018,680,2,12,21664.24000000,11994232.92000001,282049.11000000,0.02351539
WOART,2018,680,2,13,16581.85000000,11994232.92000001,298630.96000000,0.02489788
WOART,2018,680,2,14,18371.51000000,11994232.92000001,317002.47000000,0.02642957
WOART,2018,680,2,15,22848.24000000,11994232.92000001,339850.71000000,0.02833451
WOART,2018,680,2,16,18286.44000000,11994232.92000001,358137.15000000,0.02985911
WOART,2018,680,2,17,45072.17000000,11994232.92000001,403209.32000000,0.03361693
WOART,2018,680,2,18,51608.72000000,11994232.92000001,454818.04000000,0.03791973
WOART,2018,680,2,19,12091.48000000,11994232.92000001,466909.52000000,0.03892783
WOART,2018,680,2,20,14151.28000000,11994232.92000001,481060.80000000,0.04010768
WOART,2018,680,2,22,5049.23000000,11994232.92000001,486110.03000000,0.04052865
WOART,2018,680,2,23,11952.65000000,11994232.92000001,498062.68000000,0.04152518
WOART,2018,680,2,24,42541.61000000,11994232.92000001,540604.29000000,0.04507202
WOART,2018,680,2,27,18013.91000000,11994232.92000001,558618.20000000,0.04657390
WOART,2018,680,2,30,9109.09000000,11994232.92000001,567727.29000000,0.04733336
WOART,2018,680,2,32,12181.00000000,11994232.92000001,579908.29000000,0.04834893
WOART,2018,680,2,33,16940.70000000,11994232.92000001,596848.99000000,0.04976133
WOART,2018,680,2,36,15581.12000000,11994232.92000001,612430.11000000,0.05106038
WOART,2018,680,2,37,13758.89000000,11994232.92000001,626189.00000000,0.05220751
WOART,2018,680,2,39,18185.84000000,11994232.92000001,644374.84000000,0.05372372
WOART,2018,680,2,40,3807.94000000,11994232.92000001,648182.78000000,0.05404120
WOART,2018,680,2,41,1279.45000000,11994232.92000001,649462.23000000,0.05414788
WOART,2018,680,2,46,1780.88000000,11994232.92000001,651243.11000000,0.05429635
WOART,2018,680,2,54,380.44000000,11994232.92000001,651623.55000000,0.05432807
WOART,2018,680,2,71,3686.97000000,11994232.92000001,655310.52000000,0.05463547
WOART,2018,690,1,3,77542.37000000,171970440.68000010,77542.37000000,0.00045091
WOART,2018,690,1,4,39525.80000000,171970440.68000010,117068.17000000,0.00068075
WOART,2018,690,1,5,139464.29000000,171970440.68000010,256532.46000000,0.00149172
WOART,2018,690,1,6,206569.12000000,171970440.68000010,463101.58000000,0.00269291
WOART,2018,690,1,7,292426.25000000,171970440.68000010,755527.83000000,0.00439336
WOART,2018,690,1,8,293650.55000000,171970440.68000010,1049178.38000000,0.00610092
WOART,2018,690,1,9,298973.36000000,171970440.68000010,1348151.74000000,0.00783944
WOART,2018,690,1,10,218951.14000000,171970440.68000010,1567102.88000000,0.00911263
WOART,2018,690,1,11,435244.94000000,171970440.68000010,2002347.82000000,0.01164356
WOART,2018,690,1,12,422676.99000000,171970440.68000010,2425024.81000000,0.01410140
WOART,2018,690,1,13,382393.70000000,171970440.68000010,2807418.51000000,0.01632501
WOART,2018,690,1,14,360361.38000000,171970440.68000010,3167779.89000000,0.01842049
WOART,2018,690,1,15,406655.37000000,171970440.68000010,3574435.26000000,0.02078517
WOART,2018,690,1,16,305158.91000000,171970440.68000010,3879594.17000000,0.02255966
WOART,2018,690,1,17,376146.94000000,171970440.68000010,4255741.11000000,0.02474693
WOART,2018,690,1,18,385353.68000000,171970440.68000010,4641094.79000000,0.02698775
WOART,2018,690,1,19,408697.76000000,171970440.68000010,5049792.55000000,0.02936431
WOART,2018,690,1,20,306189.97000000,171970440.68000010,5355982.52000000,0.03114479
WOART,2018,690,1,21,312369.50000000,171970440.68000010,5668352.02000000,0.03296120
WOART,2018,690,1,22,197855.24000000,171970440.68000010,5866207.26000000,0.03411172
WOART,2018,690,1,23,201126.61000000,171970440.68000010,6067333.87000000,0.03528126
WOART,2018,690,1,24,346685.06000000,171970440.68000010,6414018.93000000,0.03729722
WOART,2018,690,1,25,197997.90000000,171970440.68000010,6612016.83000000,0.03844857
WOART,2018,690,1,26,400299.06000000,171970440.68000010,7012315.89000000,0.04077629
WOART,2018,690,1,27,148913.16000000,171970440.68000010,7161229.05000000,0.04164221
WOART,2018,690,1,28,287303.91000000,171970440.68000010,7448532.96000000,0.04331287
WOART,2018,690,1,29,99509.90000000,171970440.68000010,7548042.86000000,0.04389151
WOART,2018,690,1,30,149564.82000000,171970440.68000010,7697607.68000000,0.04476123
WOART,2018,690,1,31,121190.37000000,171970440.68000010,7818798.05000000,0.04546594
WOART,2018,690,1,32,200000.97000000,171970440.68000010,8018799.02000000,0.04662894
WOART,2018,690,1,33,93352.47000000,171970440.68000010,8112151.49000000,0.04717178
WOART,2018,690,1,34,106078.03000000,171970440.68000010,8218229.52000000,0.04778862
WOART,2018,690,1,35,74337.61000000,171970440.68000010,8292567.13000000,0.04822089
WOART,2018,690,1,36,57482.13000000,171970440.68000010,8350049.26000000,0.04855514
WOART,2018,690,1,37,8257.23000000,171970440.68000010,8358306.49000000,0.04860316
WOART,2018,690,1,38,45290.90000000,171970440.68000010,8403597.39000000,0.04886652
WOART,2018,690,1,39,77983.61000000,171970440.68000010,8481581.00000000,0.04931999
WOART,2018,690,1,41,41037.54000000,171970440.68000010,8522618.54000000,0.04955862
WOART,2018,690,1,42,76589.13000000,171970440.68000010,8599207.67000000,0.05000399
WOART,2018,690,1,43,43152.81000000,171970440.68000010,8642360.48000000,0.05025492
WOART,2018,690,1,44,12385.25000000,171970440.68000010,8654745.73000000,0.05032694
WOART,2018,690,1,45,52856.18000000,171970440.68000010,8707601.91000000,0.05063429
WOART,2018,690,1,46,28013.81000000,171970440.68000010,8735615.72000000,0.05079719
WOART,2018,690,1,47,3737.92000000,171970440.68000010,8739353.64000000,0.05081893
WOART,2018,690,1,48,29474.70000000,171970440.68000010,8768828.34000000,0.05099032
WOART,2018,690,1,49,58857.21000000,171970440.68000010,8827685.55000000,0.05133258
WOART,2018,690,1,50,48113.27000000,171970440.68000010,8875798.82000000,0.05161235
WOART,2018,690,1,51,89311.91000000,171970440.68000010,8965110.73000000,0.05213170
WOART,2018,690,1,53,15658.55000000,171970440.68000010,8980769.28000000,0.05222275
WOART,2018,690,1,61,12954.83000000,171970440.68000010,8993724.11000000,0.05229808
WOART,2018,690,1,62,14047.52000000,171970440.68000010,9007771.63000000,0.05237977
WOART,2018,690,1,63,11342.34000000,171970440.68000010,9019113.97000000,0.05244572
WOART,2018,690,1,69,7989.69000000,171970440.68000010,9027103.66000000,0.05249218
WOART,2018,690,1,73,8953.80000000,171970440.68000010,9036057.46000000,0.05254425
WOART,2018,690,1,74,2233.21000000,171970440.68000010,9038290.67000000,0.05255723
WOART,2018,690,1,76,7116.29000000,171970440.68000010,9045406.96000000,0.05259861
WOART,2018,690,1,77,8965.88000000,171970440.68000010,9054372.84000000,0.05265075
WOART,2018,690,1,78,1869.89000000,171970440.68000010,9056242.73000000,0.05266162
WOART,2018,690,1,79,1224.26000000,171970440.68000010,9057466.99000000,0.05266874
WOART,2018,690,1,81,1922.01000000,171970440.68000010,9059389.00000000,0.05267992
WOART,2018,690,2,7,30410.64000000,11962362.85000000,30410.64000000,0.00254219
WOART,2018,690,2,8,21040.48000000,11962362.85000000,51451.12000000,0.00430108
WOART,2018,690,2,10,23282.66000000,11962362.85000000,74733.78000000,0.00624741
WOART,2018,690,2,11,32943.15000000,11962362.85000000,107676.93000000,0.00900131
WOART,2018,690,2,12,16028.95000000,11962362.85000000,123705.88000000,0.01034126
WOART,2018,690,2,13,50281.88000000,11962362.85000000,173987.76000000,0.01454460
WOART,2018,690,2,14,15216.51000000,11962362.85000000,189204.27000000,0.01581663
WOART,2018,690,2,15,2832.13000000,11962362.85000000,192036.40000000,0.01605338
WOART,2018,690,2,16,19764.68000000,11962362.85000000,211801.08000000,0.01770562
WOART,2018,690,2,17,12966.52000000,11962362.85000000,224767.60000000,0.01878957
WOART,2018,690,2,18,17531.85000000,11962362.85000000,242299.45000000,0.02025515
WOART,2018,690,2,20,18531.55000000,11962362.85000000,260831.00000000,0.02180430
WOART,2018,690,2,21,43204.45000000,11962362.85000000,304035.45000000,0.02541600
WOART,2018,690,2,22,7328.04000000,11962362.85000000,311363.49000000,0.02602859
WOART,2018,690,2,23,9799.56000000,11962362.85000000,321163.05000000,0.02684779
WOART,2018,690,2,24,17641.45000000,11962362.85000000,338804.50000000,0.02832254
WOART,2018,690,2,25,28436.77000000,11962362.85000000,367241.27000000,0.03069973
WOART,2018,690,2,27,32274.72000000,11962362.85000000,399515.99000000,0.03339775
WOART,2018,690,2,28,-341.96000000,11962362.85000000,399174.03000000,0.03336916
WOART,2018,690,2,29,6028.08000000,11962362.85000000,405202.11000000,0.03387308
WOART,2018,690,2,31,15693.83000000,11962362.85000000,420895.94000000,0.03518502
WOART,2018,690,2,32,30789.57000000,11962362.85000000,451685.51000000,0.03775889
WOART,2018,690,2,33,17885.87000000,11962362.85000000,469571.38000000,0.03925407
WOART,2018,690,2,39,601.80000000,11962362.85000000,470173.18000000,0.03930437
WOART,2018,690,2,45,10622.35000000,11962362.85000000,480795.53000000,0.04019235
WOART,2018,690,2,46,16984.24000000,11962362.85000000,497779.77000000,0.04161216
WOART,2018,690,2,49,9778.07000000,11962362.85000000,507557.84000000,0.04242956
WOART,2018,690,2,58,2097.69000000,11962362.85000000,509655.53000000,0.04260492
WOART,2018,690,2,62,13900.88000000,11962362.85000000,523556.41000000,0.04376697
WOART,2018,690,2,73,1199.52000000,11962362.85000000,524755.93000000,0.04386725
WOART,2018,690,2,75,312.72000000,11962362.85000000,525068.65000000,0.04389339
WOART,2018,700,1,4,67927.70000000,212216331.62000018,67927.70000000,0.00032009
WOART,2018,700,1,5,31247.56000000,212216331.62000018,99175.26000000,0.00046733
WOART,2018,700,1,6,257982.62000000,212216331.62000018,357157.88000000,0.00168299
WOART,2018,700,1,7,137746.22000000,212216331.62000018,494904.10000000,0.00233207
WOART,2018,700,1,8,239655.02000000,212216331.62000018,734559.12000000,0.00346137
WOART,2018,700,1,9,336556.19000000,212216331.62000018,1071115.31000000,0.00504728
WOART,2018,700,1,10,282988.48000000,212216331.62000018,1354103.79000000,0.00638077
WOART,2018,700,1,11,318938.33000000,212216331.62000018,1673042.12000000,0.00788366
WOART,2018,700,1,12,289374.70000000,212216331.62000018,1962416.82000000,0.00924725
WOART,2018,700,1,13,226776.99000000,212216331.62000018,2189193.81000000,0.01031586
WOART,2018,700,1,14,359746.98000000,212216331.62000018,2548940.79000000,0.01201105
WOART,2018,700,1,15,414682.72000000,212216331.62000018,2963623.51000000,0.01396511
WOART,2018,700,1,16,306700.42000000,212216331.62000018,3270323.93000000,0.01541033
WOART,2018,700,1,17,514970.44000000,212216331.62000018,3785294.37000000,0.01783696
WOART,2018,700,1,18,204064.17000000,212216331.62000018,3989358.54000000,0.01879855
WOART,2018,700,1,19,301125.84000000,212216331.62000018,4290484.38000000,0.02021750
WOART,2018,700,1,20,301479.75000000,212216331.62000018,4591964.13000000,0.02163813
WOART,2018,700,1,21,392442.51000000,212216331.62000018,4984406.64000000,0.02348738
WOART,2018,700,1,22,354886.14000000,212216331.62000018,5339292.78000000,0.02515967
WOART,2018,700,1,23,324882.08000000,212216331.62000018,5664174.86000000,0.02669057
WOART,2018,700,1,24,389079.20000000,212216331.62000018,6053254.06000000,0.02852398
WOART,2018,700,1,25,367460.36000000,212216331.62000018,6420714.42000000,0.03025552
WOART,2018,700,1,26,238119.80000000,212216331.62000018,6658834.22000000,0.03137758
WOART,2018,700,1,27,277014.94000000,212216331.62000018,6935849.16000000,0.03268292
WOART,2018,700,1,28,146005.64000000,212216331.62000018,7081854.80000000,0.03337092
WOART,2018,700,1,29,204935.47000000,212216331.62000018,7286790.27000000,0.03433661
WOART,2018,700,1,30,159676.96000000,212216331.62000018,7446467.23000000,0.03508904
WOART,2018,700,1,31,166817.92000000,212216331.62000018,7613285.15000000,0.03587511
WOART,2018,700,1,32,155990.01000000,212216331.62000018,7769275.16000000,0.03661017
WOART,2018,700,1,33,149884.35000000,212216331.62000018,7919159.51000000,0.03731645
WOART,2018,700,1,34,208566.88000000,212216331.62000018,8127726.39000000,0.03829925
WOART,2018,700,1,35,112339.01000000,212216331.62000018,8240065.40000000,0.03882861
WOART,2018,700,1,36,70753.24000000,212216331.62000018,8310818.64000000,0.03916201
WOART,2018,700,1,37,92286.21000000,212216331.62000018,8403104.85000000,0.03959688
WOART,2018,700,1,38,2140.22000000,212216331.62000018,8405245.07000000,0.03960697
WOART,2018,700,1,39,16931.02000000,212216331.62000018,8422176.09000000,0.03968675
WOART,2018,700,1,40,15666.22000000,212216331.62000018,8437842.31000000,0.03976057
WOART,2018,700,1,41,80829.49000000,212216331.62000018,8518671.80000000,0.04014145
WOART,2018,700,1,42,45670.30000000,212216331.62000018,8564342.10000000,0.04035666
WOART,2018,700,1,43,49681.87000000,212216331.62000018,8614023.97000000,0.04059077
WOART,2018,700,1,44,21408.19000000,212216331.62000018,8635432.16000000,0.04069165
WOART,2018,700,1,45,1811.66000000,212216331.62000018,8637243.82000000,0.04070018
WOART,2018,700,1,46,21983.37000000,212216331.62000018,8659227.19000000,0.04080377
WOART,2018,700,1,47,36414.35000000,212216331.62000018,8695641.54000000,0.04097536
WOART,2018,700,1,48,52535.93000000,212216331.62000018,8748177.47000000,0.04122292
WOART,2018,700,1,50,31342.19000000,212216331.62000018,8779519.66000000,0.04137061
WOART,2018,700,1,51,31301.91000000,212216331.62000018,8810821.57000000,0.04151811
WOART,2018,700,1,53,20025.82000000,212216331.62000018,8830847.39000000,0.04161248
WOART,2018,700,1,60,14459.32000000,212216331.62000018,8845306.71000000,0.04168061
WOART,2018,700,1,61,9437.02000000,212216331.62000018,8854743.73000000,0.04172508
WOART,2018,700,1,62,4238.23000000,212216331.62000018,8858981.96000000,0.04174505
WOART,2018,700,1,65,5460.06000000,212216331.62000018,8864442.02000000,0.04177078
WOART,2018,700,1,66,6308.86000000,212216331.62000018,8870750.88000000,0.04180051
WOART,2018,700,1,67,5402.91000000,212216331.62000018,8876153.79000000,0.04182597
WOART,2018,700,1,73,700.51000000,212216331.62000018,8876854.30000000,0.04182927
WOART,2018,700,1,75,7339.15000000,212216331.62000018,8884193.45000000,0.04186385
WOART,2018,700,1,76,4306.76000000,212216331.62000018,8888500.21000000,0.04188415
WOART,2018,700,1,77,7217.77000000,212216331.62000018,8895717.98000000,0.04191816
WOART,2018,700,1,78,3775.40000000,212216331.62000018,8899493.38000000,0.04193595
WOART,2018,700,1,80,611.85000000,212216331.62000018,8900105.23000000,0.04193883
WOART,2018,700,1,81,2471.51000000,212216331.62000018,8902576.74000000,0.04195048
WOART,2018,700,1,83,1317.53000000,212216331.62000018,8903894.27000000,0.04195669
WOART,2018,700,1,84,849.75000000,212216331.62000018,8904744.02000000,0.04196069
WOART,2018,700,2,6,23007.93000000,19982270.33999999,23007.93000000,0.00115142
WOART,2018,700,2,8,51444.47000000,19982270.33999999,74452.40000000,0.00372592
WOART,2018,700,2,9,12902.73000000,19982270.33999999,87355.13000000,0.00437163
WOART,2018,700,2,10,50818.74000000,19982270.33999999,138173.87000000,0.00691482
WOART,2018,700,2,11,70659.33000000,19982270.33999999,208833.20000000,0.01045092
WOART,2018,700,2,13,18921.19000000,19982270.33999999,227754.39000000,0.01139782
WOART,2018,700,2,15,69873.23000000,19982270.33999999,297627.62000000,0.01489458
WOART,2018,700,2,16,15100.45000000,19982270.33999999,312728.07000000,0.01565028
WOART,2018,700,2,17,2026.81000000,19982270.33999999,314754.88000000,0.01575171
WOART,2018,700,2,18,51490.93000000,19982270.33999999,366245.81000000,0.01832854
WOART,2018,700,2,20,35905.60000000,19982270.33999999,402151.41000000,0.02012541
WOART,2018,700,2,21,20032.91000000,19982270.33999999,422184.32000000,0.02112795
WOART,2018,700,2,22,61609.26000000,19982270.33999999,483793.58000000,0.02421114
WOART,2018,700,2,23,70650.93000000,19982270.33999999,554444.51000000,0.02774682
WOART,2018,700,2,25,2496.92000000,19982270.33999999,556941.43000000,0.02787178
WOART,2018,700,2,26,26864.67000000,19982270.33999999,583806.10000000,0.02921620
WOART,2018,700,2,27,22231.08000000,19982270.33999999,606037.18000000,0.03032874
WOART,2018,700,2,28,63412.49000000,19982270.33999999,669449.67000000,0.03350218
WOART,2018,700,2,29,14303.72000000,19982270.33999999,683753.39000000,0.03421800
WOART,2018,700,2,30,9824.79000000,19982270.33999999,693578.18000000,0.03470968
WOART,2018,700,2,32,19873.77000000,19982270.33999999,713451.95000000,0.03570425
WOART,2018,700,2,33,35131.41000000,19982270.33999999,748583.36000000,0.03746238
WOART,2018,700,2,34,7902.00000000,19982270.33999999,756485.36000000,0.03785783
WOART,2018,700,2,36,25811.47000000,19982270.33999999,782296.83000000,0.03914955
WOART,2018,700,2,37,16042.98000000,19982270.33999999,798339.81000000,0.03995241
WOART,2018,700,2,38,21383.06000000,19982270.33999999,819722.87000000,0.04102251
WOART,2018,700,2,45,14151.64000000,19982270.33999999,833874.51000000,0.04173072
WOART,2018,700,2,47,15388.98000000,19982270.33999999,849263.49000000,0.04250085
WOART,2018,700,2,50,22738.90000000,19982270.33999999,872002.39000000,0.04363880
WOART,2018,700,2,72,230.66000000,19982270.33999999,872233.05000000,0.04365035
WOART,2018,700,2,78,898.84000000,19982270.33999999,873131.89000000,0.04369533
WOART,2018,700,2,80,2610.44000000,19982270.33999999,875742.33000000,0.04382597
WOART,2018,710,1,5,103605.20000000,184421968.94999972,103605.20000000,0.00056178
WOART,2018,710,1,6,325725.59000000,184421968.94999972,429330.79000000,0.00232798
WOART,2018,710,1,7,347973.19000000,184421968.94999972,777303.98000000,0.00421481
WOART,2018,710,1,8,189489.64000000,184421968.94999972,966793.62000000,0.00524229
WOART,2018,710,1,9,217667.92000000,184421968.94999972,1184461.54000000,0.00642256
WOART,2018,710,1,10,327638.07000000,184421968.94999972,1512099.61000000,0.00819913
WOART,2018,710,1,11,278232.37000000,184421968.94999972,1790331.98000000,0.00970780
WOART,2018,710,1,12,263368.16000000,184421968.94999972,2053700.14000000,0.01113588
WOART,2018,710,1,13,188003.65000000,184421968.94999972,2241703.79000000,0.01215530
WOART,2018,710,1,14,244497.43000000,184421968.94999972,2486201.22000000,0.01348105
WOART,2018,710,1,15,247454.45000000,184421968.94999972,2733655.67000000,0.01482283
WOART,2018,710,1,16,240971.34000000,184421968.94999972,2974627.01000000,0.01612946
WOART,2018,710,1,17,214785.70000000,184421968.94999972,3189412.71000000,0.01729410
WOART,2018,710,1,18,171224.43000000,184421968.94999972,3360637.14000000,0.01822254
WOART,2018,710,1,19,246766.19000000,184421968.94999972,3607403.33000000,0.01956059
WOART,2018,710,1,20,292188.81000000,184421968.94999972,3899592.14000000,0.02114494
WOART,2018,710,1,21,164439.37000000,184421968.94999972,4064031.51000000,0.02203659
WOART,2018,710,1,22,61141.35000000,184421968.94999972,4125172.86000000,0.02236812
WOART,2018,710,1,23,241912.50000000,184421968.94999972,4367085.36000000,0.02367985
WOART,2018,710,1,24,228019.95000000,184421968.94999972,4595105.31000000,0.02491626
WOART,2018,710,1,25,196056.62000000,184421968.94999972,4791161.93000000,0.02597934
WOART,2018,710,1,26,141435.30000000,184421968.94999972,4932597.23000000,0.02674626
WOART,2018,710,1,27,75147.79000000,184421968.94999972,5007745.02000000,0.02715373
WOART,2018,710,1,28,139716.77000000,184421968.94999972,5147461.79000000,0.02791133
WOART,2018,710,1,29,197058.44000000,184421968.94999972,5344520.23000000,0.02897985
WOART,2018,710,1,30,191798.74000000,184421968.94999972,5536318.97000000,0.03001985
WOART,2018,710,1,31,121457.48000000,184421968.94999972,5657776.45000000,0.03067843
WOART,2018,710,1,32,79642.66000000,184421968.94999972,5737419.11000000,0.03111028
WOART,2018,710,1,33,206721.63000000,184421968.94999972,5944140.74000000,0.03223120
WOART,2018,710,1,34,222401.69000000,184421968.94999972,6166542.43000000,0.03343714
WOART,2018,710,1,35,164854.24000000,184421968.94999972,6331396.67000000,0.03433103
WOART,2018,710,1,36,54637.89000000,184421968.94999972,6386034.56000000,0.03462730
WOART,2018,710,1,37,89929.36000000,184421968.94999972,6475963.92000000,0.03511493
WOART,2018,710,1,38,71517.25000000,184421968.94999972,6547481.17000000,0.03550272
WOART,2018,710,1,39,70420.77000000,184421968.94999972,6617901.94000000,0.03588456
WOART,2018,710,1,40,33036.50000000,184421968.94999972,6650938.44000000,0.03606370
WOART,2018,710,1,41,17356.47000000,184421968.94999972,6668294.91000000,0.03615781
WOART,2018,710,1,42,60289.01000000,184421968.94999972,6728583.92000000,0.03648472
WOART,2018,710,1,47,43650.10000000,184421968.94999972,6772234.02000000,0.03672141
WOART,2018,710,1,48,14960.73000000,184421968.94999972,6787194.75000000,0.03680253
WOART,2018,710,1,49,61566.56000000,184421968.94999972,6848761.31000000,0.03713636
WOART,2018,710,1,51,8914.60000000,184421968.94999972,6857675.91000000,0.03718470
WOART,2018,710,1,53,6832.36000000,184421968.94999972,6864508.27000000,0.03722175
WOART,2018,710,1,56,16460.42000000,184421968.94999972,6880968.69000000,0.03731100
WOART,2018,710,1,61,4961.12000000,184421968.94999972,6885929.81000000,0.03733790
WOART,2018,710,1,63,360.57000000,184421968.94999972,6886290.38000000,0.03733986
WOART,2018,710,1,65,9014.08000000,184421968.94999972,6895304.46000000,0.03738874
WOART,2018,710,1,66,6020.28000000,184421968.94999972,6901324.74000000,0.03742138
WOART,2018,710,1,67,5450.90000000,184421968.94999972,6906775.64000000,0.03745094
WOART,2018,710,1,73,15812.35000000,184421968.94999972,6922587.99000000,0.03753668
WOART,2018,710,1,74,1085.46000000,184421968.94999972,6923673.45000000,0.03754256
WOART,2018,710,1,77,8276.83000000,184421968.94999972,6931950.28000000,0.03758744
WOART,2018,710,1,78,7756.38000000,184421968.94999972,6939706.66000000,0.03762950
WOART,2018,710,1,79,4243.10000000,184421968.94999972,6943949.76000000,0.03765251
WOART,2018,710,1,80,1340.42000000,184421968.94999972,6945290.18000000,0.03765978
WOART,2018,710,1,81,1667.61000000,184421968.94999972,6946957.79000000,0.03766882
WOART,2018,710,1,84,1120.82000000,184421968.94999972,6948078.61000000,0.03767490
WOART,2018,710,2,6,20361.13000000,16417485.00000000,20361.13000000,0.00124021
WOART,2018,710,2,7,20245.87000000,16417485.00000000,40607.00000000,0.00247340
WOART,2018,710,2,9,80599.84000000,16417485.00000000,121206.84000000,0.00738279
WOART,2018,710,2,10,2860.72000000,16417485.00000000,124067.56000000,0.00755704
WOART,2018,710,2,11,53476.27000000,16417485.00000000,177543.83000000,0.01081431
WOART,2018,710,2,12,18231.34000000,16417485.00000000,195775.17000000,0.01192480
WOART,2018,710,2,13,30996.32000000,16417485.00000000,226771.49000000,0.01381280
WOART,2018,710,2,14,2704.13000000,16417485.00000000,229475.62000000,0.01397751
WOART,2018,710,2,15,10326.20000000,16417485.00000000,239801.82000000,0.01460649
WOART,2018,710,2,16,49392.15000000,16417485.00000000,289193.97000000,0.01761500
WOART,2018,710,2,17,1706.91000000,16417485.00000000,290900.88000000,0.01771897
WOART,2018,710,2,18,10955.36000000,16417485.00000000,301856.24000000,0.01838627
WOART,2018,710,2,19,53972.63000000,16417485.00000000,355828.87000000,0.02167377
WOART,2018,710,2,21,39427.76000000,16417485.00000000,395256.63000000,0.02407535
WOART,2018,710,2,22,45647.21000000,16417485.00000000,440903.84000000,0.02685575
WOART,2018,710,2,23,15134.16000000,16417485.00000000,456038.00000000,0.02777758
WOART,2018,710,2,24,8993.51000000,16417485.00000000,465031.51000000,0.02832538
WOART,2018,710,2,26,36053.80000000,16417485.00000000,501085.31000000,0.03052144
WOART,2018,710,2,27,454.65000000,16417485.00000000,501539.96000000,0.03054913
WOART,2018,710,2,29,15481.58000000,16417485.00000000,517021.54000000,0.03149213
WOART,2018,710,2,32,14989.05000000,16417485.00000000,532010.59000000,0.03240512
WOART,2018,710,2,35,4431.83000000,16417485.00000000,536442.42000000,0.03267507
WOART,2018,710,2,38,12587.13000000,16417485.00000000,549029.55000000,0.03344176
WOART,2018,710,2,41,1181.88000000,16417485.00000000,550211.43000000,0.03351375
WOART,2018,710,2,42,10144.59000000,16417485.00000000,560356.02000000,0.03413166
WOART,2018,710,2,48,17527.09000000,16417485.00000000,577883.11000000,0.03519925
WOART,2018,710,2,53,9604.62000000,16417485.00000000,587487.73000000,0.03578427
WOART,2018,710,2,80,345.81000000,16417485.00000000,587833.54000000,0.03580533
WOART,2018,720,1,4,32107.68000000,223589746.53000045,32107.68000000,0.00014360
WOART,2018,720,1,5,63944.36000000,223589746.53000045,96052.04000000,0.00042959
WOART,2018,720,1,6,168513.81000000,223589746.53000045,264565.85000000,0.00118326
WOART,2018,720,1,7,186335.95000000,223589746.53000045,450901.80000000,0.00201665
WOART,2018,720,1,8,347997.27000000,223589746.53000045,798899.07000000,0.00357306
WOART,2018,720,1,9,285243.10000000,223589746.53000045,1084142.17000000,0.00484880
WOART,2018,720,1,10,153632.06000000,223589746.53000045,1237774.23000000,0.00553592
WOART,2018,720,1,11,269329.62000000,223589746.53000045,1507103.85000000,0.00674049
WOART,2018,720,1,12,452538.03000000,223589746.53000045,1959641.88000000,0.00876445
WOART,2018,720,1,13,105054.87000000,223589746.53000045,2064696.75000000,0.00923431
WOART,2018,720,1,14,37683.72000000,223589746.53000045,2102380.47000000,0.00940285
WOART,2018,720,1,15,331957.23000000,223589746.53000045,2434337.70000000,0.01088752
WOART,2018,720,1,16,280076.07000000,223589746.53000045,2714413.77000000,0.01214015
WOART,2018,720,1,17,225289.73000000,223589746.53000045,2939703.50000000,0.01314776
WOART,2018,720,1,18,218442.88000000,223589746.53000045,3158146.38000000,0.01412474
WOART,2018,720,1,19,374569.14000000,223589746.53000045,3532715.52000000,0.01579999
WOART,2018,720,1,20,256447.46000000,223589746.53000045,3789162.98000000,0.01694694
WOART,2018,720,1,21,183737.39000000,223589746.53000045,3972900.37000000,0.01776871
WOART,2018,720,1,22,53607.80000000,223589746.53000045,4026508.17000000,0.01800847
WOART,2018,720,1,23,148973.98000000,223589746.53000045,4175482.15000000,0.01867475
WOART,2018,720,1,24,210842.94000000,223589746.53000045,4386325.09000000,0.01961774
WOART,2018,720,1,25,154245.30000000,223589746.53000045,4540570.39000000,0.02030760
WOART,2018,720,1,26,136895.52000000,223589746.53000045,4677465.91000000,0.02091986
WOART,2018,720,1,27,98011.59000000,223589746.53000045,4775477.50000000,0.02135821
WOART,2018,720,1,28,62047.73000000,223589746.53000045,4837525.23000000,0.02163572
WOART,2018,720,1,29,53006.12000000,223589746.53000045,4890531.35000000,0.02187279
WOART,2018,720,1,30,24464.31000000,223589746.53000045,4914995.66000000,0.02198221
WOART,2018,720,1,31,209058.29000000,223589746.53000045,5124053.95000000,0.02291721
WOART,2018,720,1,32,51294.82000000,223589746.53000045,5175348.77000000,0.02314663
WOART,2018,720,1,33,57821.02000000,223589746.53000045,5233169.79000000,0.02340523
WOART,2018,720,1,34,66744.08000000,223589746.53000045,5299913.87000000,0.02370374
WOART,2018,720,1,35,62000.54000000,223589746.53000045,5361914.41000000,0.02398104
WOART,2018,720,1,36,60071.59000000,223589746.53000045,5421986.00000000,0.02424971
WOART,2018,720,1,38,106681.83000000,223589746.53000045,5528667.83000000,0.02472684
WOART,2018,720,1,40,19788.76000000,223589746.53000045,5548456.59000000,0.02481534
WOART,2018,720,1,41,36882.85000000,223589746.53000045,5585339.44000000,0.02498030
WOART,2018,720,1,42,42929.69000000,223589746.53000045,5628269.13000000,0.02517230
WOART,2018,720,1,43,14617.72000000,223589746.53000045,5642886.85000000,0.02523768
WOART,2018,720,1,44,23269.74000000,223589746.53000045,5666156.59000000,0.02534176
WOART,2018,720,1,45,34868.43000000,223589746.53000045,5701025.02000000,0.02549770
WOART,2018,720,1,46,14508.58000000,223589746.53000045,5715533.60000000,0.02556259
WOART,2018,720,1,47,27139.59000000,223589746.53000045,5742673.19000000,0.02568397
WOART,2018,720,1,48,36565.09000000,223589746.53000045,5779238.28000000,0.02584751
WOART,2018,720,1,49,33058.38000000,223589746.53000045,5812296.66000000,0.02599536
WOART,2018,720,1,51,21690.96000000,223589746.53000045,5833987.62000000,0.02609238
WOART,2018,720,1,52,14615.25000000,223589746.53000045,5848602.87000000,0.02615774
WOART,2018,720,1,53,15074.50000000,223589746.53000045,5863677.37000000,0.02622516
WOART,2018,720,1,60,7660.40000000,223589746.53000045,5871337.77000000,0.02625942
WOART,2018,720,1,61,4609.14000000,223589746.53000045,5875946.91000000,0.02628004
WOART,2018,720,1,62,10163.14000000,223589746.53000045,5886110.05000000,0.02632549
WOART,2018,720,1,63,9444.86000000,223589746.53000045,5895554.91000000,0.02636773
WOART,2018,720,1,65,7023.17000000,223589746.53000045,5902578.08000000,0.02639914
WOART,2018,720,1,70,5663.78000000,223589746.53000045,5908241.86000000,0.02642448
WOART,2018,720,1,72,7115.80000000,223589746.53000045,5915357.66000000,0.02645630
WOART,2018,720,1,73,1616.62000000,223589746.53000045,5916974.28000000,0.02646353
WOART,2018,720,1,74,741.61000000,223589746.53000045,5917715.89000000,0.02646685
WOART,2018,720,1,76,3913.66000000,223589746.53000045,5921629.55000000,0.02648435
WOART,2018,720,1,77,2177.62000000,223589746.53000045,5923807.17000000,0.02649409
WOART,2018,720,1,78,4564.87000000,223589746.53000045,5928372.04000000,0.02651451
WOART,2018,720,1,80,3066.29000000,223589746.53000045,5931438.33000000,0.02652822
WOART,2018,720,1,81,621.02000000,223589746.53000045,5932059.35000000,0.02653100
WOART,2018,720,1,82,967.48000000,223589746.53000045,5933026.83000000,0.02653533
WOART,2018,720,1,83,3001.57000000,223589746.53000045,5936028.40000000,0.02654875
WOART,2018,720,1,84,454.27000000,223589746.53000045,5936482.67000000,0.02655078
WOART,2018,720,2,7,53637.63000000,18294444.49000002,53637.63000000,0.00293191
WOART,2018,720,2,8,23558.44000000,18294444.49000002,77196.07000000,0.00421965
WOART,2018,720,2,9,2001.98000000,18294444.49000002,79198.05000000,0.00432908
WOART,2018,720,2,10,32427.05000000,18294444.49000002,111625.10000000,0.00610158
WOART,2018,720,2,11,1034.90000000,18294444.49000002,112660.00000000,0.00615815
WOART,2018,720,2,12,46630.80000000,18294444.49000002,159290.80000000,0.00870706
WOART,2018,720,2,14,5967.34000000,18294444.49000002,165258.14000000,0.00903324
WOART,2018,720,2,15,50125.35000000,18294444.49000002,215383.49000000,0.01177316
WOART,2018,720,2,16,31531.61000000,18294444.49000002,246915.10000000,0.01349673
WOART,2018,720,2,17,22239.10000000,18294444.49000002,269154.20000000,0.01471235
WOART,2018,720,2,18,61524.33000000,18294444.49000002,330678.53000000,0.01807535
WOART,2018,720,2,21,9768.46000000,18294444.49000002,340446.99000000,0.01860931
WOART,2018,720,2,26,10273.94000000,18294444.49000002,350720.93000000,0.01917090
WOART,2018,720,2,28,18685.85000000,18294444.49000002,369406.78000000,0.02019229
WOART,2018,720,2,39,10935.85000000,18294444.49000002,380342.63000000,0.02079006
WOART,2018,720,2,40,16895.61000000,18294444.49000002,397238.24000000,0.02171360
WOART,2018,720,2,41,8756.58000000,18294444.49000002,405994.82000000,0.02219225
WOART,2018,720,2,43,10807.35000000,18294444.49000002,416802.17000000,0.02278299
WOART,2018,720,2,47,29323.62000000,18294444.49000002,446125.79000000,0.02438586
WOART,2018,720,2,49,25763.20000000,18294444.49000002,471888.99000000,0.02579411
WOART,2018,720,2,61,6835.87000000,18294444.49000002,478724.86000000,0.02616777
WOART,2018,720,2,77,855.48000000,18294444.49000002,479580.34000000,0.02621453
WOART,2018,730,1,3,26014.49000000,201564859.74999988,26014.49000000,0.00012906
WOART,2018,730,1,4,23253.85000000,201564859.74999988,49268.34000000,0.00024443
WOART,2018,730,1,5,59196.34000000,201564859.74999988,108464.68000000,0.00053811
WOART,2018,730,1,6,51191.93000000,201564859.74999988,159656.61000000,0.00079209
WOART,2018,730,1,7,237366.88000000,201564859.74999988,397023.49000000,0.00196971
WOART,2018,730,1,8,110339.03000000,201564859.74999988,507362.52000000,0.00251712
WOART,2018,730,1,9,243652.83000000,201564859.74999988,751015.35000000,0.00372592
WOART,2018,730,1,10,275473.97000000,201564859.74999988,1026489.32000000,0.00509260
WOART,2018,730,1,11,186949.05000000,201564859.74999988,1213438.37000000,0.00602009
WOART,2018,730,1,12,175630.88000000,201564859.74999988,1389069.25000000,0.00689143
WOART,2018,730,1,13,138229.09000000,201564859.74999988,1527298.34000000,0.00757721
WOART,2018,730,1,14,203619.09000000,201564859.74999988,1730917.43000000,0.00858740
WOART,2018,730,1,15,172502.92000000,201564859.74999988,1903420.35000000,0.00944322
WOART,2018,730,1,16,26848.51000000,201564859.74999988,1930268.86000000,0.00957642
WOART,2018,730,1,17,231357.86000000,201564859.74999988,2161626.72000000,0.01072422
WOART,2018,730,1,18,101142.99000000,201564859.74999988,2262769.71000000,0.01122601
WOART,2018,730,1,19,316538.38000000,201564859.74999988,2579308.09000000,0.01279642
WOART,2018,730,1,20,199877.39000000,201564859.74999988,2779185.48000000,0.01378805
WOART,2018,730,1,21,118948.42000000,201564859.74999988,2898133.90000000,0.01437817
WOART,2018,730,1,22,48066.77000000,201564859.74999988,2946200.67000000,0.01461664
WOART,2018,730,1,23,113236.46000000,201564859.74999988,3059437.13000000,0.01517843
WOART,2018,730,1,24,100867.08000000,201564859.74999988,3160304.21000000,0.01567885
WOART,2018,730,1,25,173600.35000000,201564859.74999988,3333904.56000000,0.01654011
WOART,2018,730,1,26,150226.65000000,201564859.74999988,3484131.21000000,0.01728541
WOART,2018,730,1,27,91268.62000000,201564859.74999988,3575399.83000000,0.01773821
WOART,2018,730,1,28,132362.03000000,201564859.74999988,3707761.86000000,0.01839488
WOART,2018,730,1,29,81022.79000000,201564859.74999988,3788784.65000000,0.01879685
WOART,2018,730,1,30,84882.00000000,201564859.74999988,3873666.65000000,0.01921797
WOART,2018,730,1,31,88714.42000000,201564859.74999988,3962381.07000000,0.01965809
WOART,2018,730,1,32,89186.55000000,201564859.74999988,4051567.62000000,0.02010057
WOART,2018,730,1,33,36882.89000000,201564859.74999988,4088450.51000000,0.02028355
WOART,2018,730,1,34,82617.29000000,201564859.74999988,4171067.80000000,0.02069343
WOART,2018,730,1,35,11673.42000000,201564859.74999988,4182741.22000000,0.02075134
WOART,2018,730,1,36,42741.14000000,201564859.74999988,4225482.36000000,0.02096339
WOART,2018,730,1,37,21152.09000000,201564859.74999988,4246634.45000000,0.02106833
WOART,2018,730,1,38,31885.82000000,201564859.74999988,4278520.27000000,0.02122652
WOART,2018,730,1,39,19938.03000000,201564859.74999988,4298458.30000000,0.02132543
WOART,2018,730,1,40,12894.14000000,201564859.74999988,4311352.44000000,0.02138941
WOART,2018,730,1,41,45960.09000000,201564859.74999988,4357312.53000000,0.02161742
WOART,2018,730,1,42,19787.43000000,201564859.74999988,4377099.96000000,0.02171559
WOART,2018,730,1,43,11281.97000000,201564859.74999988,4388381.93000000,0.02177156
WOART,2018,730,1,44,20358.17000000,201564859.74999988,4408740.10000000,0.02187256
WOART,2018,730,1,45,50986.30000000,201564859.74999988,4459726.40000000,0.02212552
WOART,2018,730,1,46,16146.11000000,201564859.74999988,4475872.51000000,0.02220562
WOART,2018,730,1,47,2476.35000000,201564859.74999988,4478348.86000000,0.02221790
WOART,2018,730,1,48,27937.09000000,201564859.74999988,4506285.95000000,0.02235651
WOART,2018,730,1,49,34252.95000000,201564859.74999988,4540538.90000000,0.02252644
WOART,2018,730,1,50,19661.74000000,201564859.74999988,4560200.64000000,0.02262399
WOART,2018,730,1,58,7254.34000000,201564859.74999988,4567454.98000000,0.02265998
WOART,2018,730,1,61,12783.06000000,201564859.74999988,4580238.04000000,0.02272340
WOART,2018,730,1,63,10125.04000000,201564859.74999988,4590363.08000000,0.02277363
WOART,2018,730,1,66,3949.47000000,201564859.74999988,4594312.55000000,0.02279322
WOART,2018,730,1,70,3508.30000000,201564859.74999988,4597820.85000000,0.02281063
WOART,2018,730,1,71,3030.92000000,201564859.74999988,4600851.77000000,0.02282566
WOART,2018,730,1,76,7090.80000000,201564859.74999988,4607942.57000000,0.02286084
WOART,2018,730,1,77,534.78000000,201564859.74999988,4608477.35000000,0.02286350
WOART,2018,730,1,79,1.08000000,201564859.74999988,4608478.43000000,0.02286350
WOART,2018,730,1,80,4735.67000000,201564859.74999988,4613214.10000000,0.02288700
WOART,2018,730,1,81,1717.14000000,201564859.74999988,4614931.24000000,0.02289551
WOART,2018,730,1,82,4072.59000000,201564859.74999988,4619003.83000000,0.02291572
WOART,2018,730,1,83,5189.69000000,201564859.74999988,4624193.52000000,0.02294147
WOART,2018,730,2,7,21870.00000000,16699204.21999999,21870.00000000,0.00130964
WOART,2018,730,2,8,78440.21000000,16699204.21999999,100310.21000000,0.00600689
WOART,2018,730,2,9,26104.90000000,16699204.21999999,126415.11000000,0.00757013
WOART,2018,730,2,11,50433.95000000,16699204.21999999,176849.06000000,0.01059027
WOART,2018,730,2,12,1178.55000000,16699204.21999999,178027.61000000,0.01066084
WOART,2018,730,2,16,77806.08000000,16699204.21999999,255833.69000000,0.01532011
WOART,2018,730,2,17,220.04000000,16699204.21999999,256053.73000000,0.01533329
WOART,2018,730,2,21,11488.83000000,16699204.21999999,267542.56000000,0.01602128
WOART,2018,730,2,22,12007.99000000,16699204.21999999,279550.55000000,0.01674035
WOART,2018,730,2,24,21077.13000000,16699204.21999999,300627.68000000,0.01800252
WOART,2018,730,2,25,13625.13000000,16699204.21999999,314252.81000000,0.01881843
WOART,2018,730,2,26,29085.12000000,16699204.21999999,343337.93000000,0.02056014
WOART,2018,730,2,27,5854.35000000,16699204.21999999,349192.28000000,0.02091071
WOART,2018,730,2,28,13040.40000000,16699204.21999999,362232.68000000,0.02169161
WOART,2018,730,2,29,21078.05000000,16699204.21999999,383310.73000000,0.02295383
WOART,2018,730,2,32,28186.85000000,16699204.21999999,411497.58000000,0.02464175
WOART,2018,730,2,33,17903.62000000,16699204.21999999,429401.20000000,0.02571387
WOART,2018,730,2,35,14543.26000000,16699204.21999999,443944.46000000,0.02658477
WOART,2018,730,2,41,12812.15000000,16699204.21999999,456756.61000000,0.02735200
WOART,2018,730,2,42,14602.59000000,16699204.21999999,471359.20000000,0.02822645
WOART,2018,730,2,51,10928.12000000,16699204.21999999,482287.32000000,0.02888086
WOART,2018,730,2,67,314.34000000,16699204.21999999,482601.66000000,0.02889968
WOART,2018,740,1,5,133144.05000000,185719049.33000043,133144.05000000,0.00071691
WOART,2018,740,1,6,173133.15000000,185719049.33000043,306277.20000000,0.00164914
WOART,2018,740,1,7,146376.29000000,185719049.33000043,452653.49000000,0.00243730
WOART,2018,740,1,8,163719.55000000,185719049.33000043,616373.04000000,0.00331885
WOART,2018,740,1,9,189081.62000000,185719049.33000043,805454.66000000,0.00433695
WOART,2018,740,1,10,231751.72000000,185719049.33000043,1037206.38000000,0.00558481
WOART,2018,740,1,11,131333.16000000,185719049.33000043,1168539.54000000,0.00629197
WOART,2018,740,1,12,148907.55000000,185719049.33000043,1317447.09000000,0.00709376
WOART,2018,740,1,13,88002.08000000,185719049.33000043,1405449.17000000,0.00756761
WOART,2018,740,1,14,74904.16000000,185719049.33000043,1480353.33000000,0.00797093
WOART,2018,740,1,15,140916.10000000,185719049.33000043,1621269.43000000,0.00872969
WOART,2018,740,1,16,203380.07000000,185719049.33000043,1824649.50000000,0.00982478
WOART,2018,740,1,17,119869.36000000,185719049.33000043,1944518.86000000,0.01047022
WOART,2018,740,1,18,117314.82000000,185719049.33000043,2061833.68000000,0.01110190
WOART,2018,740,1,19,51868.73000000,185719049.33000043,2113702.41000000,0.01138118
WOART,2018,740,1,20,36193.29000000,185719049.33000043,2149895.70000000,0.01157606
WOART,2018,740,1,21,84150.31000000,185719049.33000043,2234046.01000000,0.01202917
WOART,2018,740,1,22,188788.68000000,185719049.33000043,2422834.69000000,0.01304570
WOART,2018,740,1,23,119613.71000000,185719049.33000043,2542448.40000000,0.01368976
WOART,2018,740,1,24,163419.40000000,185719049.33000043,2705867.80000000,0.01456968
WOART,2018,740,1,25,48379.30000000,185719049.33000043,2754247.10000000,0.01483018
WOART,2018,740,1,26,126180.52000000,185719049.33000043,2880427.62000000,0.01550960
WOART,2018,740,1,27,60922.91000000,185719049.33000043,2941350.53000000,0.01583764
WOART,2018,740,1,28,34157.33000000,185719049.33000043,2975507.86000000,0.01602155
WOART,2018,740,1,29,90742.19000000,185719049.33000043,3066250.05000000,0.01651015
WOART,2018,740,1,30,169480.06000000,185719049.33000043,3235730.11000000,0.01742272
WOART,2018,740,1,31,59363.67000000,185719049.33000043,3295093.78000000,0.01774236
WOART,2018,740,1,33,100182.85000000,185719049.33000043,3395276.63000000,0.01828179
WOART,2018,740,1,34,26597.44000000,185719049.33000043,3421874.07000000,0.01842500
WOART,2018,740,1,35,50594.58000000,185719049.33000043,3472468.65000000,0.01869743
WOART,2018,740,1,36,55922.12000000,185719049.33000043,3528390.77000000,0.01899854
WOART,2018,740,1,37,43455.76000000,185719049.33000043,3571846.53000000,0.01923253
WOART,2018,740,1,38,44361.02000000,185719049.33000043,3616207.55000000,0.01947139
WOART,2018,740,1,40,40968.36000000,185719049.33000043,3657175.91000000,0.01969198
WOART,2018,740,1,41,62057.40000000,185719049.33000043,3719233.31000000,0.02002613
WOART,2018,740,1,42,33671.44000000,185719049.33000043,3752904.75000000,0.02020743
WOART,2018,740,1,45,18007.28000000,185719049.33000043,3770912.03000000,0.02030439
WOART,2018,740,1,46,47290.60000000,185719049.33000043,3818202.63000000,0.02055903
WOART,2018,740,1,47,18880.15000000,185719049.33000043,3837082.78000000,0.02066069
WOART,2018,740,1,48,21332.38000000,185719049.33000043,3858415.16000000,0.02077555
WOART,2018,740,1,49,23855.74000000,185719049.33000043,3882270.90000000,0.02090400
WOART,2018,740,1,51,658.17000000,185719049.33000043,3882929.07000000,0.02090754
WOART,2018,740,1,58,9031.69000000,185719049.33000043,3891960.76000000,0.02095617
WOART,2018,740,1,60,9771.93000000,185719049.33000043,3901732.69000000,0.02100879
WOART,2018,740,1,62,7809.96000000,185719049.33000043,3909542.65000000,0.02105084
WOART,2018,740,1,64,560.08000000,185719049.33000043,3910102.73000000,0.02105386
WOART,2018,740,1,66,1781.71000000,185719049.33000043,3911884.44000000,0.02106345
WOART,2018,740,1,67,6666.71000000,185719049.33000043,3918551.15000000,0.02109935
WOART,2018,740,1,70,2647.17000000,185719049.33000043,3921198.32000000,0.02111360
WOART,2018,740,1,71,866.33000000,185719049.33000043,3922064.65000000,0.02111827
WOART,2018,740,1,74,645.02000000,185719049.33000043,3922709.67000000,0.02112174
WOART,2018,740,1,75,4041.80000000,185719049.33000043,3926751.47000000,0.02114350
WOART,2018,740,1,76,4968.87000000,185719049.33000043,3931720.34000000,0.02117026
WOART,2018,740,1,78,1446.00000000,185719049.33000043,3933166.34000000,0.02117804
WOART,2018,740,1,79,1648.01000000,185719049.33000043,3934814.35000000,0.02118692
WOART,2018,740,2,9,14477.44000000,13268219.80000000,14477.44000000,0.00109114
WOART,2018,740,2,12,36560.37000000,13268219.80000000,51037.81000000,0.00384662
WOART,2018,740,2,13,17453.68000000,13268219.80000000,68491.49000000,0.00516207
WOART,2018,740,2,14,44003.28000000,13268219.80000000,112494.77000000,0.00847851
WOART,2018,740,2,15,21727.97000000,13268219.80000000,134222.74000000,0.01011611
WOART,2018,740,2,16,25037.77000000,13268219.80000000,159260.51000000,0.01200316
WOART,2018,740,2,18,22502.92000000,13268219.80000000,181763.43000000,0.01369916
WOART,2018,740,2,19,19197.72000000,13268219.80000000,200961.15000000,0.01514605
WOART,2018,740,2,20,17138.64000000,13268219.80000000,218099.79000000,0.01643776
WOART,2018,740,2,21,49747.61000000,13268219.80000000,267847.40000000,0.02018714
WOART,2018,740,2,22,19413.08000000,13268219.80000000,287260.48000000,0.02165027
WOART,2018,740,2,25,3764.65000000,13268219.80000000,291025.13000000,0.02193400
WOART,2018,740,2,27,13975.77000000,13268219.80000000,305000.90000000,0.02298733
WOART,2018,740,2,29,22852.07000000,13268219.80000000,327852.97000000,0.02470964
WOART,2018,740,2,32,18209.45000000,13268219.80000000,346062.42000000,0.02608205
WOART,2018,740,2,34,44947.88000000,13268219.80000000,391010.30000000,0.02946969
WOART,2018,740,2,35,20592.38000000,13268219.80000000,411602.68000000,0.03102170
WOART,2018,740,2,38,10300.08000000,13268219.80000000,421902.76000000,0.03179799
WOART,2018,740,2,41,12365.25000000,13268219.80000000,434268.01000000,0.03272994
WOART,2018,740,2,44,16619.69000000,13268219.80000000,450887.70000000,0.03398253
WOART,2018,740,2,50,13152.45000000,13268219.80000000,464040.15000000,0.03497381
WOART,2018,740,2,59,4854.26000000,13268219.80000000,468894.41000000,0.03533966
WOART,2018,740,2,63,5816.69000000,13268219.80000000,474711.10000000,0.03577806
WOART,2018,740,2,77,562.34000000,13268219.80000000,475273.44000000,0.03582044
WOART,2018,750,1,6,92583.15000000,196220084.92999953,92583.15000000,0.00047183
WOART,2018,750,1,7,56942.73000000,196220084.92999953,149525.88000000,0.00076203
WOART,2018,750,1,8,5766.70000000,196220084.92999953,155292.58000000,0.00079142
WOART,2018,750,1,9,279131.04000000,196220084.92999953,434423.62000000,0.00221396
WOART,2018,750,1,10,33591.36000000,196220084.92999953,468014.98000000,0.00238515
WOART,2018,750,1,11,131989.18000000,196220084.92999953,600004.16000000,0.00305781
WOART,2018,750,1,12,88856.37000000,196220084.92999953,688860.53000000,0.00351065
WOART,2018,750,1,13,28664.95000000,196220084.92999953,717525.48000000,0.00365674
WOART,2018,750,1,14,118828.40000000,196220084.92999953,836353.88000000,0.00426233
WOART,2018,750,1,15,105304.57000000,196220084.92999953,941658.45000000,0.00479899
WOART,2018,750,1,16,124523.12000000,196220084.92999953,1066181.57000000,0.00543360
WOART,2018,750,1,17,250847.68000000,196220084.92999953,1317029.25000000,0.00671200
WOART,2018,750,1,18,100217.96000000,196220084.92999953,1417247.21000000,0.00722274
WOART,2018,750,1,19,135943.56000000,196220084.92999953,1553190.77000000,0.00791555
WOART,2018,750,1,20,188251.76000000,196220084.92999953,1741442.53000000,0.00887495
WOART,2018,750,1,21,18900.43000000,196220084.92999953,1760342.96000000,0.00897127
WOART,2018,750,1,22,31391.52000000,196220084.92999953,1791734.48000000,0.00913125
WOART,2018,750,1,23,163273.41000000,196220084.92999953,1955007.89000000,0.00996334
WOART,2018,750,1,24,110847.01000000,196220084.92999953,2065854.90000000,0.01052825
WOART,2018,750,1,25,61282.30000000,196220084.92999953,2127137.20000000,0.01084057
WOART,2018,750,1,26,177855.70000000,196220084.92999953,2304992.90000000,0.01174698
WOART,2018,750,1,27,92639.14000000,196220084.92999953,2397632.04000000,0.01221910
WOART,2018,750,1,28,125934.56000000,196220084.92999953,2523566.60000000,0.01286090
WOART,2018,750,1,29,55651.29000000,196220084.92999953,2579217.89000000,0.01314452
WOART,2018,750,1,30,30258.67000000,196220084.92999953,2609476.56000000,0.01329872
WOART,2018,750,1,31,145585.99000000,196220084.92999953,2755062.55000000,0.01404068
WOART,2018,750,1,32,23095.75000000,196220084.92999953,2778158.30000000,0.01415838
WOART,2018,750,1,33,51276.20000000,196220084.92999953,2829434.50000000,0.01441970
WOART,2018,750,1,34,28972.66000000,196220084.92999953,2858407.16000000,0.01456735
WOART,2018,750,1,35,32582.82000000,196220084.92999953,2890989.98000000,0.01473340
WOART,2018,750,1,36,54482.86000000,196220084.92999953,2945472.84000000,0.01501107
WOART,2018,750,1,37,43242.02000000,196220084.92999953,2988714.86000000,0.01523144
WOART,2018,750,1,38,12956.31000000,196220084.92999953,3001671.17000000,0.01529747
WOART,2018,750,1,40,15433.58000000,196220084.92999953,3017104.75000000,0.01537613
WOART,2018,750,1,41,3198.16000000,196220084.92999953,3020302.91000000,0.01539242
WOART,2018,750,1,42,20360.95000000,196220084.92999953,3040663.86000000,0.01549619
WOART,2018,750,1,44,52869.79000000,196220084.92999953,3093533.65000000,0.01576563
WOART,2018,750,1,45,21429.18000000,196220084.92999953,3114962.83000000,0.01587484
WOART,2018,750,1,47,21155.58000000,196220084.92999953,3136118.41000000,0.01598266
WOART,2018,750,1,48,38653.95000000,196220084.92999953,3174772.36000000,0.01617965
WOART,2018,750,1,50,1075.19000000,196220084.92999953,3175847.55000000,0.01618513
WOART,2018,750,1,53,18336.15000000,196220084.92999953,3194183.70000000,0.01627858
WOART,2018,750,1,58,6527.46000000,196220084.92999953,3200711.16000000,0.01631184
WOART,2018,750,1,62,8411.20000000,196220084.92999953,3209122.36000000,0.01635471
WOART,2018,750,1,64,300.26000000,196220084.92999953,3209422.62000000,0.01635624
WOART,2018,750,1,67,2655.70000000,196220084.92999953,3212078.32000000,0.01636977
WOART,2018,750,1,74,408.13000000,196220084.92999953,3212486.45000000,0.01637185
WOART,2018,750,1,76,312.16000000,196220084.92999953,3212798.61000000,0.01637344
WOART,2018,750,1,78,186.27000000,196220084.92999953,3212984.88000000,0.01637439
WOART,2018,750,1,79,2790.65000000,196220084.92999953,3215775.53000000,0.01638862
WOART,2018,750,1,82,831.13000000,196220084.92999953,3216606.66000000,0.01639285
WOART,2018,750,2,4,19811.27000000,13571129.19000001,19811.27000000,0.00145981
WOART,2018,750,2,10,5346.23000000,13571129.19000001,25157.50000000,0.00185375
WOART,2018,750,2,11,18556.39000000,13571129.19000001,43713.89000000,0.00322109
WOART,2018,750,2,12,38086.14000000,13571129.19000001,81800.03000000,0.00602750
WOART,2018,750,2,13,30007.65000000,13571129.19000001,111807.68000000,0.00823864
WOART,2018,750,2,19,16650.53000000,13571129.19000001,128458.21000000,0.00946555
WOART,2018,750,2,20,30026.32000000,13571129.19000001,158484.53000000,0.01167807
WOART,2018,750,2,22,22573.48000000,13571129.19000001,181058.01000000,0.01334141
WOART,2018,750,2,25,29847.94000000,13571129.19000001,210905.95000000,0.01554078
WOART,2018,750,2,27,9890.73000000,13571129.19000001,220796.68000000,0.01626959
WOART,2018,750,2,32,19864.67000000,13571129.19000001,240661.35000000,0.01773333
WOART,2018,750,2,45,12994.19000000,13571129.19000001,253655.54000000,0.01869082
WOART,2018,750,2,49,1145.87000000,13571129.19000001,254801.41000000,0.01877525
WOART,2018,750,2,64,149.63000000,13571129.19000001,254951.04000000,0.01878628
WOART,2018,760,1,3,23623.63000000,164057336.57000038,23623.63000000,0.00014400
WOART,2018,760,1,4,30020.70000000,164057336.57000038,53644.33000000,0.00032699
WOART,2018,760,1,6,13301.19000000,164057336.57000038,66945.52000000,0.00040806
WOART,2018,760,1,7,39729.25000000,164057336.57000038,106674.77000000,0.00065023
WOART,2018,760,1,8,65259.41000000,164057336.57000038,171934.18000000,0.00104801
WOART,2018,760,1,9,30248.39000000,164057336.57000038,202182.57000000,0.00123239
WOART,2018,760,1,10,108671.59000000,164057336.57000038,310854.16000000,0.00189479
WOART,2018,760,1,11,86889.32000000,164057336.57000038,397743.48000000,0.00242442
WOART,2018,760,1,12,30686.97000000,164057336.57000038,428430.45000000,0.00261147
WOART,2018,760,1,13,176564.41000000,164057336.57000038,604994.86000000,0.00368770
WOART,2018,760,1,14,29074.55000000,164057336.57000038,634069.41000000,0.00386493
WOART,2018,760,1,15,30282.96000000,164057336.57000038,664352.37000000,0.00404951
WOART,2018,760,1,16,16458.57000000,164057336.57000038,680810.94000000,0.00414984
WOART,2018,760,1,17,107954.57000000,164057336.57000038,788765.51000000,0.00480786
WOART,2018,760,1,18,55356.75000000,164057336.57000038,844122.26000000,0.00514529
WOART,2018,760,1,19,108095.43000000,164057336.57000038,952217.69000000,0.00580418
WOART,2018,760,1,20,41766.69000000,164057336.57000038,993984.38000000,0.00605876
WOART,2018,760,1,21,78266.61000000,164057336.57000038,1072250.99000000,0.00653583
WOART,2018,760,1,22,110156.44000000,164057336.57000038,1182407.43000000,0.00720728
WOART,2018,760,1,23,41150.43000000,164057336.57000038,1223557.86000000,0.00745811
WOART,2018,760,1,24,63250.02000000,164057336.57000038,1286807.88000000,0.00784365
WOART,2018,760,1,25,33097.99000000,164057336.57000038,1319905.87000000,0.00804539
WOART,2018,760,1,26,75809.37000000,164057336.57000038,1395715.24000000,0.00850748
WOART,2018,760,1,27,115065.16000000,164057336.57000038,1510780.40000000,0.00920886
WOART,2018,760,1,28,107363.96000000,164057336.57000038,1618144.36000000,0.00986329
WOART,2018,760,1,29,53758.09000000,164057336.57000038,1671902.45000000,0.01019096
WOART,2018,760,1,30,61646.22000000,164057336.57000038,1733548.67000000,0.01056672
WOART,2018,760,1,31,1233.19000000,164057336.57000038,1734781.86000000,0.01057424
WOART,2018,760,1,33,100948.77000000,164057336.57000038,1835730.63000000,0.01118957
WOART,2018,760,1,34,51612.91000000,164057336.57000038,1887343.54000000,0.01150417
WOART,2018,760,1,35,14828.48000000,164057336.57000038,1902172.02000000,0.01159456
WOART,2018,760,1,38,38557.09000000,164057336.57000038,1940729.11000000,0.01182958
WOART,2018,760,1,42,20055.01000000,164057336.57000038,1960784.12000000,0.01195182
WOART,2018,760,1,43,51860.69000000,164057336.57000038,2012644.81000000,0.01226794
WOART,2018,760,1,45,17732.97000000,164057336.57000038,2030377.78000000,0.01237603
WOART,2018,760,1,50,9688.08000000,164057336.57000038,2040065.86000000,0.01243508
WOART,2018,760,1,67,3763.86000000,164057336.57000038,2043829.72000000,0.01245802
WOART,2018,760,1,69,7892.90000000,164057336.57000038,2051722.62000000,0.01250613
WOART,2018,760,1,72,2885.58000000,164057336.57000038,2054608.20000000,0.01252372
WOART,2018,760,1,76,1410.15000000,164057336.57000038,2056018.35000000,0.01253232
WOART,2018,760,1,81,145.38000000,164057336.57000038,2056163.73000000,0.01253320
WOART,2018,760,2,4,50881.06000000,10619241.87000000,50881.06000000,0.00479140
WOART,2018,760,2,6,17407.09000000,10619241.87000000,68288.15000000,0.00643061
WOART,2018,760,2,9,22466.37000000,10619241.87000000,90754.52000000,0.00854623
WOART,2018,760,2,10,31238.90000000,10619241.87000000,121993.42000000,0.01148796
WOART,2018,760,2,18,38533.82000000,10619241.87000000,160527.24000000,0.01511664
WOART,2018,760,2,20,21935.61000000,10619241.87000000,182462.85000000,0.01718229
WOART,2018,760,2,21,17135.96000000,10619241.87000000,199598.81000000,0.01879596
WOART,2018,760,2,23,12201.45000000,10619241.87000000,211800.26000000,0.01994495
WOART,2018,760,2,26,28730.97000000,10619241.87000000,240531.23000000,0.02265051
WOART,2018,760,2,34,29243.45000000,10619241.87000000,269774.68000000,0.02540433
WOART,2018,760,2,64,6261.38000000,10619241.87000000,276036.06000000,0.02599395
WOART,2018,760,2,75,601.20000000,10619241.87000000,276637.26000000,0.02605057
WOART,2018,770,1,4,41269.59000000,178088824.35999987,41269.59000000,0.00023174
WOART,2018,770,1,5,30597.24000000,178088824.35999987,71866.83000000,0.00040354
WOART,2018,770,1,6,141563.76000000,178088824.35999987,213430.59000000,0.00119845
WOART,2018,770,1,7,145949.96000000,178088824.35999987,359380.55000000,0.00201798
WOART,2018,770,1,8,52367.78000000,178088824.35999987,411748.33000000,0.00231204
WOART,2018,770,1,9,70665.17000000,178088824.35999987,482413.50000000,0.00270884
WOART,2018,770,1,10,142013.20000000,178088824.35999987,624426.70000000,0.00350627
WOART,2018,770,1,11,40680.12000000,178088824.35999987,665106.82000000,0.00373469
WOART,2018,770,1,12,76289.90000000,178088824.35999987,741396.72000000,0.00416307
WOART,2018,770,1,13,26523.96000000,178088824.35999987,767920.68000000,0.00431201
WOART,2018,770,1,14,27494.34000000,178088824.35999987,795415.02000000,0.00446639
WOART,2018,770,1,15,29768.30000000,178088824.35999987,825183.32000000,0.00463355
WOART,2018,770,1,16,27550.82000000,178088824.35999987,852734.14000000,0.00478825
WOART,2018,770,1,17,94773.83000000,178088824.35999987,947507.97000000,0.00532042
WOART,2018,770,1,18,126785.50000000,178088824.35999987,1074293.47000000,0.00603235
WOART,2018,770,1,19,117957.22000000,178088824.35999987,1192250.69000000,0.00669470
WOART,2018,770,1,21,26944.62000000,178088824.35999987,1219195.31000000,0.00684600
WOART,2018,770,1,22,60616.62000000,178088824.35999987,1279811.93000000,0.00718637
WOART,2018,770,1,25,133884.76000000,178088824.35999987,1413696.69000000,0.00793815
WOART,2018,770,1,26,22740.91000000,178088824.35999987,1436437.60000000,0.00806585
WOART,2018,770,1,27,73400.03000000,178088824.35999987,1509837.63000000,0.00847800
WOART,2018,770,1,28,90017.27000000,178088824.35999987,1599854.90000000,0.00898347
WOART,2018,770,1,29,30660.55000000,178088824.35999987,1630515.45000000,0.00915563
WOART,2018,770,1,30,43734.41000000,178088824.35999987,1674249.86000000,0.00940121
WOART,2018,770,1,31,20331.89000000,178088824.35999987,1694581.75000000,0.00951537
WOART,2018,770,1,32,20577.85000000,178088824.35999987,1715159.60000000,0.00963092
WOART,2018,770,1,33,6155.98000000,178088824.35999987,1721315.58000000,0.00966549
WOART,2018,770,1,34,1984.69000000,178088824.35999987,1723300.27000000,0.00967663
WOART,2018,770,1,35,3875.01000000,178088824.35999987,1727175.28000000,0.00969839
WOART,2018,770,1,38,54720.50000000,178088824.35999987,1781895.78000000,0.01000566
WOART,2018,770,1,39,46214.32000000,178088824.35999987,1828110.10000000,0.01026516
WOART,2018,770,1,41,16556.00000000,178088824.35999987,1844666.10000000,0.01035812
WOART,2018,770,1,44,16665.72000000,178088824.35999987,1861331.82000000,0.01045170
WOART,2018,770,1,45,50210.40000000,178088824.35999987,1911542.22000000,0.01073365
WOART,2018,770,1,47,29554.95000000,178088824.35999987,1941097.17000000,0.01089960
WOART,2018,770,1,63,3082.30000000,178088824.35999987,1944179.47000000,0.01091691
WOART,2018,770,1,67,4284.64000000,178088824.35999987,1948464.11000000,0.01094097
WOART,2018,770,1,74,4578.30000000,178088824.35999987,1953042.41000000,0.01096668
WOART,2018,770,1,80,198.39000000,178088824.35999987,1953240.80000000,0.01096779
WOART,2018,770,2,9,49486.85000000,10853988.16999999,49486.85000000,0.00455932
WOART,2018,770,2,12,5153.20000000,10853988.16999999,54640.05000000,0.00503410
WOART,2018,770,2,14,4315.63000000,10853988.16999999,58955.68000000,0.00543171
WOART,2018,770,2,15,62682.25000000,10853988.16999999,121637.93000000,0.01120675
WOART,2018,770,2,21,2039.31000000,10853988.16999999,123677.24000000,0.01139464
WOART,2018,770,2,22,15091.01000000,10853988.16999999,138768.25000000,0.01278500
WOART,2018,770,2,27,8758.81000000,10853988.16999999,147527.06000000,0.01359197
WOART,2018,770,2,43,6233.10000000,10853988.16999999,153760.16000000,0.01416624
WOART,2018,780,1,7,48018.32000000,172450672.57000002,48018.32000000,0.00027845
WOART,2018,780,1,9,63969.83000000,172450672.57000002,111988.15000000,0.00064939
WOART,2018,780,1,10,17652.58000000,172450672.57000002,129640.73000000,0.00075176
WOART,2018,780,1,11,69843.26000000,172450672.57000002,199483.99000000,0.00115676
WOART,2018,780,1,12,76311.22000000,172450672.57000002,275795.21000000,0.00159927
WOART,2018,780,1,13,27969.49000000,172450672.57000002,303764.70000000,0.00176146
WOART,2018,780,1,14,81149.09000000,172450672.57000002,384913.79000000,0.00223202
WOART,2018,780,1,15,29301.43000000,172450672.57000002,414215.22000000,0.00240193
WOART,2018,780,1,16,35595.79000000,172450672.57000002,449811.01000000,0.00260835
WOART,2018,780,1,17,52319.11000000,172450672.57000002,502130.12000000,0.00291173
WOART,2018,780,1,18,29501.41000000,172450672.57000002,531631.53000000,0.00308280
WOART,2018,780,1,19,20056.34000000,172450672.57000002,551687.87000000,0.00319911
WOART,2018,780,1,20,115875.59000000,172450672.57000002,667563.46000000,0.00387104
WOART,2018,780,1,21,72317.18000000,172450672.57000002,739880.64000000,0.00429039
WOART,2018,780,1,22,93483.92000000,172450672.57000002,833364.56000000,0.00483248
WOART,2018,780,1,23,47737.12000000,172450672.57000002,881101.68000000,0.00510930
WOART,2018,780,1,25,24295.66000000,172450672.57000002,905397.34000000,0.00525018
WOART,2018,780,1,26,33220.37000000,172450672.57000002,938617.71000000,0.00544282
WOART,2018,780,1,27,26698.34000000,172450672.57000002,965316.05000000,0.00559764
WOART,2018,780,1,29,49898.69000000,172450672.57000002,1015214.74000000,0.00588699
WOART,2018,780,1,32,29926.61000000,172450672.57000002,1045141.35000000,0.00606052
WOART,2018,780,1,33,55091.39000000,172450672.57000002,1100232.74000000,0.00637999
WOART,2018,780,1,34,31746.59000000,172450672.57000002,1131979.33000000,0.00656408
WOART,2018,780,1,36,23255.01000000,172450672.57000002,1155234.34000000,0.00669893
WOART,2018,780,1,37,23483.92000000,172450672.57000002,1178718.26000000,0.00683510
WOART,2018,780,1,40,18021.69000000,172450672.57000002,1196739.95000000,0.00693961
WOART,2018,780,1,41,28249.42000000,172450672.57000002,1224989.37000000,0.00710342
WOART,2018,780,1,48,18831.60000000,172450672.57000002,1243820.97000000,0.00721262
WOART,2018,780,1,54,29500.24000000,172450672.57000002,1273321.21000000,0.00738368
WOART,2018,780,1,61,7540.11000000,172450672.57000002,1280861.32000000,0.00742741
WOART,2018,780,1,62,10234.74000000,172450672.57000002,1291096.06000000,0.00748676
WOART,2018,780,1,63,6958.38000000,172450672.57000002,1298054.44000000,0.00752711
WOART,2018,780,1,66,3487.17000000,172450672.57000002,1301541.61000000,0.00754733
WOART,2018,780,1,70,10352.34000000,172450672.57000002,1311893.95000000,0.00760736
WOART,2018,780,2,10,27600.64000000,9749898.85999999,27600.64000000,0.00283086
WOART,2018,780,2,12,20249.46000000,9749898.85999999,47850.10000000,0.00490775
WOART,2018,780,2,18,6653.97000000,9749898.85999999,54504.07000000,0.00559022
WOART,2018,780,2,29,3873.85000000,9749898.85999999,58377.92000000,0.00598754
WOART,2018,780,2,30,8680.31000000,9749898.85999999,67058.23000000,0.00687784
WOART,2018,780,2,35,8420.17000000,9749898.85999999,75478.40000000,0.00774145
WOART,2018,790,1,5,14613.69000000,157454262.29999974,14613.69000000,0.00009281
WOART,2018,790,1,6,32806.73000000,157454262.29999974,47420.42000000,0.00030117
WOART,2018,790,1,7,33350.18000000,157454262.29999974,80770.60000000,0.00051298
WOART,2018,790,1,8,1143.48000000,157454262.29999974,81914.08000000,0.00052024
WOART,2018,790,1,9,22687.37000000,157454262.29999974,104601.45000000,0.00066433
WOART,2018,790,1,10,41896.80000000,157454262.29999974,146498.25000000,0.00093042
WOART,2018,790,1,12,89359.92000000,157454262.29999974,235858.17000000,0.00149795
WOART,2018,790,1,13,68137.45000000,157454262.29999974,303995.62000000,0.00193069
WOART,2018,790,1,16,60839.05000000,157454262.29999974,364834.67000000,0.00231708
WOART,2018,790,1,17,33807.68000000,157454262.29999974,398642.35000000,0.00253180
WOART,2018,790,1,18,60515.50000000,157454262.29999974,459157.85000000,0.00291613
WOART,2018,790,1,19,27247.14000000,157454262.29999974,486404.99000000,0.00308918
WOART,2018,790,1,20,87551.16000000,157454262.29999974,573956.15000000,0.00364522
WOART,2018,790,1,21,20955.38000000,157454262.29999974,594911.53000000,0.00377831
WOART,2018,790,1,22,74744.58000000,157454262.29999974,669656.11000000,0.00425302
WOART,2018,790,1,23,32347.75000000,157454262.29999974,702003.86000000,0.00445846
WOART,2018,790,1,26,51192.07000000,157454262.29999974,753195.93000000,0.00478359
WOART,2018,790,1,27,84033.85000000,157454262.29999974,837229.78000000,0.00531729
WOART,2018,790,1,28,51504.76000000,157454262.29999974,888734.54000000,0.00564440
WOART,2018,790,1,30,53462.53000000,157454262.29999974,942197.07000000,0.00598394
WOART,2018,790,1,31,30406.04000000,157454262.29999974,972603.11000000,0.00617705
WOART,2018,790,1,33,45190.78000000,157454262.29999974,1017793.89000000,0.00646406
WOART,2018,790,1,34,17926.11000000,157454262.29999974,1035720.00000000,0.00657791
WOART,2018,790,1,35,33341.42000000,157454262.29999974,1069061.42000000,0.00678966
WOART,2018,790,1,37,1857.73000000,157454262.29999974,1070919.15000000,0.00680146
WOART,2018,790,1,38,34444.52000000,157454262.29999974,1105363.67000000,0.00702022
WOART,2018,790,1,40,13335.94000000,157454262.29999974,1118699.61000000,0.00710492
WOART,2018,790,1,41,13491.56000000,157454262.29999974,1132191.17000000,0.00719060
WOART,2018,790,1,42,32110.80000000,157454262.29999974,1164301.97000000,0.00739454
WOART,2018,790,1,47,29113.69000000,157454262.29999974,1193415.66000000,0.00757944
WOART,2018,790,1,50,12773.17000000,157454262.29999974,1206188.83000000,0.00766057
WOART,2018,790,1,68,175.40000000,157454262.29999974,1206364.23000000,0.00766168
WOART,2018,790,1,72,3367.87000000,157454262.29999974,1209732.10000000,0.00768307
WOART,2018,790,1,76,688.31000000,157454262.29999974,1210420.41000000,0.00768744
WOART,2018,790,1,77,902.89000000,157454262.29999974,1211323.30000000,0.00769318
WOART,2018,790,1,78,1418.15000000,157454262.29999974,1212741.45000000,0.00770218
WOART,2018,790,1,79,1037.38000000,157454262.29999974,1213778.83000000,0.00770877
WOART,2018,790,1,80,372.18000000,157454262.29999974,1214151.01000000,0.00771113
WOART,2018,790,1,83,629.81000000,157454262.29999974,1214780.82000000,0.00771513
WOART,2018,790,2,8,39562.65000000,8022205.74000000,39562.65000000,0.00493164
WOART,2018,790,2,15,28479.24000000,8022205.74000000,68041.89000000,0.00848169
WOART,2018,800,1,3,62384.44000000,182067765.53000003,62384.44000000,0.00034264
WOART,2018,800,1,4,39729.58000000,182067765.53000003,102114.02000000,0.00056086
WOART,2018,800,1,6,25359.72000000,182067765.53000003,127473.74000000,0.00070014
WOART,2018,800,1,8,1281.39000000,182067765.53000003,128755.13000000,0.00070718
WOART,2018,800,1,9,64415.20000000,182067765.53000003,193170.33000000,0.00106098
WOART,2018,800,1,10,48051.17000000,182067765.53000003,241221.50000000,0.00132490
WOART,2018,800,1,11,28823.05000000,182067765.53000003,270044.55000000,0.00148321
WOART,2018,800,1,12,243.63000000,182067765.53000003,270288.18000000,0.00148455
WOART,2018,800,1,13,3758.03000000,182067765.53000003,274046.21000000,0.00150519
WOART,2018,800,1,14,603.30000000,182067765.53000003,274649.51000000,0.00150850
WOART,2018,800,1,15,25844.36000000,182067765.53000003,300493.87000000,0.00165045
WOART,2018,800,1,16,1732.22000000,182067765.53000003,302226.09000000,0.00165996
WOART,2018,800,1,17,62276.19000000,182067765.53000003,364502.28000000,0.00200201
WOART,2018,800,1,18,119253.43000000,182067765.53000003,483755.71000000,0.00265701
WOART,2018,800,1,19,23748.57000000,182067765.53000003,507504.28000000,0.00278745
WOART,2018,800,1,20,32309.45000000,182067765.53000003,539813.73000000,0.00296491
WOART,2018,800,1,21,16674.16000000,182067765.53000003,556487.89000000,0.00305649
WOART,2018,800,1,22,2927.51000000,182067765.53000003,559415.40000000,0.00307257
WOART,2018,800,1,23,28631.80000000,182067765.53000003,588047.20000000,0.00322983
WOART,2018,800,1,24,47707.71000000,182067765.53000003,635754.91000000,0.00349186
WOART,2018,800,1,26,79496.47000000,182067765.53000003,715251.38000000,0.00392849
WOART,2018,800,1,27,30848.50000000,182067765.53000003,746099.88000000,0.00409792
WOART,2018,800,1,30,29693.48000000,182067765.53000003,775793.36000000,0.00426101
WOART,2018,800,1,31,19549.31000000,182067765.53000003,795342.67000000,0.00436839
WOART,2018,800,1,35,66662.13000000,182067765.53000003,862004.80000000,0.00473453
WOART,2018,800,1,38,18018.40000000,182067765.53000003,880023.20000000,0.00483349
WOART,2018,800,1,45,9520.52000000,182067765.53000003,889543.72000000,0.00488578
WOART,2018,800,1,50,25226.89000000,182067765.53000003,914770.61000000,0.00502434
WOART,2018,800,1,67,5221.43000000,182067765.53000003,919992.04000000,0.00505302
WOART,2018,800,1,79,2679.12000000,182067765.53000003,922671.16000000,0.00506773
WOART,2018,800,2,10,27854.12000000,8844641.27000000,27854.12000000,0.00314927
WOART,2018,800,2,17,18888.84000000,8844641.27000000,46742.96000000,0.00528489
WOART,2018,800,2,22,3350.52000000,8844641.27000000,50093.48000000,0.00566371
WOART,2018,800,2,25,2563.78000000,8844641.27000000,52657.26000000,0.00595358
WOART,2018,800,2,28,26626.42000000,8844641.27000000,79283.68000000,0.00896404
WOART,2018,800,2,33,11916.43000000,8844641.27000000,91200.11000000,0.01031134
WOART,2018,800,2,35,12311.89000000,8844641.27000000,103512.00000000,0.01170336
WOART,2018,800,2,36,16662.66000000,8844641.27000000,120174.66000000,0.01358728
WOART,2018,800,2,43,10149.80000000,8844641.27000000,130324.46000000,0.01473485
WOART,2018,800,2,51,12669.99000000,8844641.27000000,142994.45000000,0.01616735
WOART,2018,800,2,52,3349.66000000,8844641.27000000,146344.11000000,0.01654608
WOART,2018,810,1,6,74505.59000000,156637458.02999982,74505.59000000,0.00047566
WOART,2018,810,1,7,102276.97000000,156637458.02999982,176782.56000000,0.00112861
WOART,2018,810,1,8,25754.81000000,156637458.02999982,202537.37000000,0.00129303
WOART,2018,810,1,10,104645.92000000,156637458.02999982,307183.29000000,0.00196111
WOART,2018,810,1,12,22408.71000000,156637458.02999982,329592.00000000,0.00210417
WOART,2018,810,1,13,36554.27000000,156637458.02999982,366146.27000000,0.00233754
WOART,2018,810,1,16,22213.15000000,156637458.02999982,388359.42000000,0.00247935
WOART,2018,810,1,18,47102.71000000,156637458.02999982,435462.13000000,0.00278006
WOART,2018,810,1,19,43026.24000000,156637458.02999982,478488.37000000,0.00305475
WOART,2018,810,1,20,74856.28000000,156637458.02999982,553344.65000000,0.00353265
WOART,2018,810,1,23,30525.50000000,156637458.02999982,583870.15000000,0.00372753
WOART,2018,810,1,25,20434.50000000,156637458.02999982,604304.65000000,0.00385798
WOART,2018,810,1,27,29611.05000000,156637458.02999982,633915.70000000,0.00404702
WOART,2018,810,1,28,18020.35000000,156637458.02999982,651936.05000000,0.00416207
WOART,2018,810,1,31,42101.63000000,156637458.02999982,694037.68000000,0.00443085
WOART,2018,810,1,36,25848.57000000,156637458.02999982,719886.25000000,0.00459588
WOART,2018,810,1,38,18899.98000000,156637458.02999982,738786.23000000,0.00471654
WOART,2018,810,1,64,5652.84000000,156637458.02999982,744439.07000000,0.00475262
WOART,2018,810,1,79,727.42000000,156637458.02999982,745166.49000000,0.00475727
WOART,2018,810,1,81,817.88000000,156637458.02999982,745984.37000000,0.00476249
WOART,2018,810,2,33,39811.84000000,7879217.76000000,39811.84000000,0.00505277
WOART,2018,810,2,37,10952.26000000,7879217.76000000,50764.10000000,0.00644278
WOART,2018,810,2,63,5896.00000000,7879217.76000000,56660.10000000,0.00719108
WOART,2018,820,1,4,29200.93000000,165267448.49000016,29200.93000000,0.00017669
WOART,2018,820,1,5,18157.25000000,165267448.49000016,47358.18000000,0.00028655
WOART,2018,820,1,8,32978.46000000,165267448.49000016,80336.64000000,0.00048610
WOART,2018,820,1,9,3321.81000000,165267448.49000016,83658.45000000,0.00050620
WOART,2018,820,1,10,108504.57000000,165267448.49000016,192163.02000000,0.00116274
WOART,2018,820,1,12,65238.11000000,165267448.49000016,257401.13000000,0.00155748
WOART,2018,820,1,13,118907.94000000,165267448.49000016,376309.07000000,0.00227697
WOART,2018,820,1,14,34129.11000000,165267448.49000016,410438.18000000,0.00248348
WOART,2018,820,1,16,108433.03000000,165267448.49000016,518871.21000000,0.00313959
WOART,2018,820,1,18,39790.90000000,165267448.49000016,558662.11000000,0.00338035
WOART,2018,820,1,20,41215.77000000,165267448.49000016,599877.88000000,0.00362974
WOART,2018,820,1,21,31751.74000000,165267448.49000016,631629.62000000,0.00382186
WOART,2018,820,1,22,29471.10000000,165267448.49000016,661100.72000000,0.00400019
WOART,2018,820,1,23,57427.85000000,165267448.49000016,718528.57000000,0.00434767
WOART,2018,820,1,26,35428.04000000,165267448.49000016,753956.61000000,0.00456204
WOART,2018,820,1,27,21839.00000000,165267448.49000016,775795.61000000,0.00469418
WOART,2018,820,1,29,67727.49000000,165267448.49000016,843523.10000000,0.00510399
WOART,2018,820,1,32,42959.03000000,165267448.49000016,886482.13000000,0.00536392
WOART,2018,820,1,34,17910.21000000,165267448.49000016,904392.34000000,0.00547230
WOART,2018,820,1,37,26226.79000000,165267448.49000016,930619.13000000,0.00563099
WOART,2018,820,1,38,14919.18000000,165267448.49000016,945538.31000000,0.00572126
WOART,2018,820,1,41,18367.15000000,165267448.49000016,963905.46000000,0.00583240
WOART,2018,820,1,43,18691.20000000,165267448.49000016,982596.66000000,0.00594549
WOART,2018,820,1,52,16414.73000000,165267448.49000016,999011.39000000,0.00604482
WOART,2018,820,1,59,1032.97000000,165267448.49000016,1000044.36000000,0.00605107
WOART,2018,820,1,73,4392.65000000,165267448.49000016,1004437.01000000,0.00607765
WOART,2018,820,1,84,1654.21000000,165267448.49000016,1006091.22000000,0.00608766
WOART,2018,820,2,8,13105.35000000,7251276.11000000,13105.35000000,0.00180732
WOART,2018,820,2,20,23487.69000000,7251276.11000000,36593.04000000,0.00504643
WOART,2018,820,2,24,15319.26000000,7251276.11000000,51912.30000000,0.00715906
WOART,2018,820,2,34,5874.67000000,7251276.11000000,57786.97000000,0.00796921
WOART,2018,820,2,81,487.62000000,7251276.11000000,58274.59000000,0.00803646
WOART,2018,830,1,6,28775.75000000,159735031.17999977,28775.75000000,0.00018015
WOART,2018,830,1,7,71919.93000000,159735031.17999977,100695.68000000,0.00063039
WOART,2018,830,1,8,41331.44000000,159735031.17999977,142027.12000000,0.00088914
WOART,2018,830,1,11,31460.51000000,159735031.17999977,173487.63000000,0.00108610
WOART,2018,830,1,12,68947.42000000,159735031.17999977,242435.05000000,0.00151773
WOART,2018,830,1,13,48667.22000000,159735031.17999977,291102.27000000,0.00182241
WOART,2018,830,1,14,86217.26000000,159735031.17999977,377319.53000000,0.00236216
WOART,2018,830,1,20,31465.84000000,159735031.17999977,408785.37000000,0.00255915
WOART,2018,830,1,23,38092.83000000,159735031.17999977,446878.20000000,0.00279762
WOART,2018,830,1,25,28599.64000000,159735031.17999977,475477.84000000,0.00297667
WOART,2018,830,1,32,49094.02000000,159735031.17999977,524571.86000000,0.00328401
WOART,2018,830,1,33,2651.42000000,159735031.17999977,527223.28000000,0.00330061
WOART,2018,830,1,34,25403.41000000,159735031.17999977,552626.69000000,0.00345965
WOART,2018,830,1,39,36327.95000000,159735031.17999977,588954.64000000,0.00368707
WOART,2018,830,1,46,13719.29000000,159735031.17999977,602673.93000000,0.00377296
WOART,2018,830,1,48,20797.78000000,159735031.17999977,623471.71000000,0.00390316
WOART,2018,830,1,51,2201.28000000,159735031.17999977,625672.99000000,0.00391694
WOART,2018,830,2,16,18801.80000000,7226814.73000000,18801.80000000,0.00260167
WOART,2018,830,2,17,22911.03000000,7226814.73000000,41712.83000000,0.00577195
WOART,2018,830,2,25,15413.11000000,7226814.73000000,57125.94000000,0.00790472
WOART,2018,830,2,26,12932.05000000,7226814.73000000,70057.99000000,0.00969417
WOART,2018,830,2,34,14478.07000000,7226814.73000000,84536.06000000,0.01169755
WOART,2018,830,2,45,11986.78000000,7226814.73000000,96522.84000000,0.01335621
WOART,2018,830,2,46,22281.83000000,7226814.73000000,118804.67000000,0.01643942
WOART,2018,830,2,59,4436.97000000,7226814.73000000,123241.64000000,0.01705338
WOART,2018,840,1,8,103472.45000000,135792871.97999987,103472.45000000,0.00076199
WOART,2018,840,1,9,35091.12000000,135792871.97999987,138563.57000000,0.00102040
WOART,2018,840,1,13,10228.40000000,135792871.97999987,148791.97000000,0.00109573
WOART,2018,840,1,14,32524.95000000,135792871.97999987,181316.92000000,0.00133525
WOART,2018,840,1,16,28636.45000000,135792871.97999987,209953.37000000,0.00154613
WOART,2018,840,1,20,34826.31000000,135792871.97999987,244779.68000000,0.00180260
WOART,2018,840,1,22,31661.18000000,135792871.97999987,276440.86000000,0.00203575
WOART,2018,840,1,24,5354.65000000,135792871.97999987,281795.51000000,0.00207519
WOART,2018,840,1,29,16633.19000000,135792871.97999987,298428.70000000,0.00219768
WOART,2018,840,1,34,16569.09000000,135792871.97999987,314997.79000000,0.00231969
WOART,2018,840,1,39,1118.92000000,135792871.97999987,316116.71000000,0.00232793
WOART,2018,840,1,44,12641.19000000,135792871.97999987,328757.90000000,0.00242102
WOART,2018,840,1,60,7809.28000000,135792871.97999987,336567.18000000,0.00247853
WOART,2018,840,1,82,566.70000000,135792871.97999987,337133.88000000,0.00248271
WOART,2018,840,2,11,46100.71000000,5056256.05000000,46100.71000000,0.00911756
WOART,2018,840,2,44,15627.64000000,5056256.05000000,61728.35000000,0.01220831
WOART,2018,840,2,76,632.84000000,5056256.05000000,62361.19000000,0.01233347
WOART,2018,850,1,6,38039.29000000,136687317.18000010,38039.29000000,0.00027829
WOART,2018,850,1,12,4271.02000000,136687317.18000010,42310.31000000,0.00030954
WOART,2018,850,1,14,33575.13000000,136687317.18000010,75885.44000000,0.00055518
WOART,2018,850,1,15,14886.16000000,136687317.18000010,90771.60000000,0.00066408
WOART,2018,850,1,19,37676.36000000,136687317.18000010,128447.96000000,0.00093972
WOART,2018,850,1,20,63722.57000000,136687317.18000010,192170.53000000,0.00140591
WOART,2018,850,1,21,22352.46000000,136687317.18000010,214522.99000000,0.00156944
WOART,2018,850,1,23,25144.01000000,136687317.18000010,239667.00000000,0.00175340
WOART,2018,850,1,26,29678.85000000,136687317.18000010,269345.85000000,0.00197053
WOART,2018,850,1,28,12461.88000000,136687317.18000010,281807.73000000,0.00206170
WOART,2018,850,1,31,3790.71000000,136687317.18000010,285598.44000000,0.00208943
WOART,2018,850,1,35,36313.11000000,136687317.18000010,321911.55000000,0.00235509
WOART,2018,850,1,36,29451.97000000,136687317.18000010,351363.52000000,0.00257056
WOART,2018,850,1,50,9356.24000000,136687317.18000010,360719.76000000,0.00263901
WOART,2018,850,1,65,3364.42000000,136687317.18000010,364084.18000000,0.00266363
WOART,2018,850,1,72,2273.95000000,136687317.18000010,366358.13000000,0.00268026
WOART,2018,850,2,19,40236.31000000,4979928.94000000,40236.31000000,0.00807970
WOART,2018,850,2,63,4819.01000000,4979928.94000000,45055.32000000,0.00904738
WOART,2018,860,1,5,36310.94000000,96834116.30000000,36310.94000000,0.00037498
WOART,2018,860,1,7,28259.96000000,96834116.30000000,64570.90000000,0.00066682
WOART,2018,860,1,13,44237.41000000,96834116.30000000,108808.31000000,0.00112366
WOART,2018,860,1,15,21710.65000000,96834116.30000000,130518.96000000,0.00134786
WOART,2018,860,1,27,42632.83000000,96834116.30000000,173151.79000000,0.00178813
WOART,2018,860,1,29,41306.97000000,96834116.30000000,214458.76000000,0.00221470
WOART,2018,860,1,37,14986.01000000,96834116.30000000,229444.77000000,0.00236946
WOART,2018,860,1,42,9815.93000000,96834116.30000000,239260.70000000,0.00247083
WOART,2018,860,1,59,7783.67000000,96834116.30000000,247044.37000000,0.00255121
WOART,2018,860,1,73,5673.43000000,96834116.30000000,252717.80000000,0.00260980
WOART,2018,860,2,5,47748.50000000,3071200.14000000,47748.50000000,0.01554718
WOART,2018,860,2,38,11756.36000000,3071200.14000000,59504.86000000,0.01937512
WOART,2018,870,1,10,23364.91000000,60179552.87000001,23364.91000000,0.00038825
WOART,2018,870,1,14,31597.03000000,60179552.87000001,54961.94000000,0.00091330
WOART,2018,870,1,15,1938.26000000,60179552.87000001,56900.20000000,0.00094551
WOART,2018,870,1,16,18485.88000000,60179552.87000001,75386.08000000,0.00125269
WOART,2018,870,2,20,20521.08000000,1709679.38000000,20521.08000000,0.01200288
WOART,2018,880,1,36,17127.12000000,12053251.18000001,17127.12000000,0.00142095
WOART,2018,880,2,49,11943.93000000,355303.84000000,11943.93000000,0.03361610
WOART,2019,650,1,4,25595.96000000,101247472.65000015,25595.96000000,0.00025281
WOART,2019,650,1,5,34926.25000000,101247472.65000015,60522.21000000,0.00059777
WOART,2019,650,1,7,28148.45000000,101247472.65000015,88670.66000000,0.00087578
WOART,2019,650,1,8,18544.99000000,101247472.65000015,107215.65000000,0.00105895
WOART,2019,650,1,9,80464.83000000,101247472.65000015,187680.48000000,0.00185368
WOART,2019,650,1,10,77057.73000000,101247472.65000015,264738.21000000,0.00261476
WOART,2019,650,1,11,294928.99000000,101247472.65000015,559667.20000000,0.00552772
WOART,2019,650,1,12,63200.30000000,101247472.65000015,622867.50000000,0.00615193
WOART,2019,650,1,13,328490.03000000,101247472.65000015,951357.53000000,0.00939636
WOART,2019,650,1,14,252283.92000000,101247472.65000015,1203641.45000000,0.01188811
WOART,2019,650,1,15,325709.91000000,101247472.65000015,1529351.36000000,0.01510508
WOART,2019,650,1,16,252161.46000000,101247472.65000015,1781512.82000000,0.01759563
WOART,2019,650,1,17,188423.98000000,101247472.65000015,1969936.80000000,0.01945665
WOART,2019,650,1,18,250203.30000000,101247472.65000015,2220140.10000000,0.02192786
WOART,2019,650,1,19,186920.86000000,101247472.65000015,2407060.96000000,0.02377404
WOART,2019,650,1,20,316127.57000000,101247472.65000015,2723188.53000000,0.02689636
WOART,2019,650,1,21,194483.00000000,101247472.65000015,2917671.53000000,0.02881723
WOART,2019,650,1,22,253604.35000000,101247472.65000015,3171275.88000000,0.03132203
WOART,2019,650,1,23,137225.59000000,101247472.65000015,3308501.47000000,0.03267737
WOART,2019,650,1,24,190696.31000000,101247472.65000015,3499197.78000000,0.03456084
WOART,2019,650,1,25,127961.07000000,101247472.65000015,3627158.85000000,0.03582469
WOART,2019,650,1,26,124005.02000000,101247472.65000015,3751163.87000000,0.03704946
WOART,2019,650,1,27,152392.76000000,101247472.65000015,3903556.63000000,0.03855461
WOART,2019,650,1,28,68193.52000000,101247472.65000015,3971750.15000000,0.03922814
WOART,2019,650,1,29,151066.33000000,101247472.65000015,4122816.48000000,0.04072019
WOART,2019,650,1,30,104276.57000000,101247472.65000015,4227093.05000000,0.04175011
WOART,2019,650,1,31,132033.25000000,101247472.65000015,4359126.30000000,0.04305417
WOART,2019,650,1,32,170223.96000000,101247472.65000015,4529350.26000000,0.04473544
WOART,2019,650,1,33,161597.99000000,101247472.65000015,4690948.25000000,0.04633151
WOART,2019,650,1,34,82373.87000000,101247472.65000015,4773322.12000000,0.04714510
WOART,2019,650,1,35,117466.90000000,101247472.65000015,4890789.02000000,0.04830529
WOART,2019,650,1,36,80639.57000000,101247472.65000015,4971428.59000000,0.04910175
WOART,2019,650,1,37,103877.79000000,101247472.65000015,5075306.38000000,0.05012773
WOART,2019,650,1,38,80286.89000000,101247472.65000015,5155593.27000000,0.05092071
WOART,2019,650,1,39,61671.08000000,101247472.65000015,5217264.35000000,0.05152982
WOART,2019,650,1,40,145023.31000000,101247472.65000015,5362287.66000000,0.05296219
WOART,2019,650,1,41,86112.44000000,101247472.65000015,5448400.10000000,0.05381270
WOART,2019,650,1,42,9762.89000000,101247472.65000015,5458162.99000000,0.05390913
WOART,2019,650,1,43,23226.35000000,101247472.65000015,5481389.34000000,0.05413853
WOART,2019,650,1,44,19195.40000000,101247472.65000015,5500584.74000000,0.05432812
WOART,2019,650,1,45,85120.90000000,101247472.65000015,5585705.64000000,0.05516884
WOART,2019,650,1,46,42071.34000000,101247472.65000015,5627776.98000000,0.05558437
WOART,2019,650,1,47,38400.78000000,101247472.65000015,5666177.76000000,0.05596365
WOART,2019,650,1,48,57904.39000000,101247472.65000015,5724082.15000000,0.05653556
WOART,2019,650,1,49,28120.00000000,101247472.65000015,5752202.15000000,0.05681329
WOART,2019,650,1,50,48512.95000000,101247472.65000015,5800715.10000000,0.05729244
WOART,2019,650,1,51,33115.57000000,101247472.65000015,5833830.67000000,0.05761952
WOART,2019,650,1,52,28112.95000000,101247472.65000015,5861943.62000000,0.05789718
WOART,2019,650,1,53,60991.88000000,101247472.65000015,5922935.50000000,0.05849959
WOART,2019,650,1,54,14540.10000000,101247472.65000015,5937475.60000000,0.05864320
WOART,2019,650,1,57,40334.51000000,101247472.65000015,5977810.11000000,0.05904157
WOART,2019,650,1,58,16193.31000000,101247472.65000015,5994003.42000000,0.05920151
WOART,2019,650,1,60,24298.63000000,101247472.65000015,6018302.05000000,0.05944150
WOART,2019,650,1,61,28876.47000000,101247472.65000015,6047178.52000000,0.05972671
WOART,2019,650,1,62,40001.98000000,101247472.65000015,6087180.50000000,0.06012180
WOART,2019,650,1,65,9582.70000000,101247472.65000015,6096763.20000000,0.06021645
WOART,2019,650,1,66,21396.21000000,101247472.65000015,6118159.41000000,0.06042777
WOART,2019,650,1,70,3190.40000000,101247472.65000015,6121349.81000000,0.06045929
WOART,2019,650,1,71,2436.09000000,101247472.65000015,6123785.90000000,0.06048335
WOART,2019,650,1,72,1494.03000000,101247472.65000015,6125279.93000000,0.06049810
WOART,2019,650,1,75,6911.46000000,101247472.65000015,6132191.39000000,0.06056637
WOART,2019,650,1,76,3100.92000000,101247472.65000015,6135292.31000000,0.06059699
WOART,2019,650,1,77,5683.47000000,101247472.65000015,6140975.78000000,0.06065313
WOART,2019,650,1,78,1818.39000000,101247472.65000015,6142794.17000000,0.06067109
WOART,2019,650,1,79,9463.69000000,101247472.65000015,6152257.86000000,0.06076456
WOART,2019,650,1,80,1525.65000000,101247472.65000015,6153783.51000000,0.06077963
WOART,2019,650,1,81,481.65000000,101247472.65000015,6154265.16000000,0.06078438
WOART,2019,650,1,83,1332.10000000,101247472.65000015,6155597.26000000,0.06079754
WOART,2019,650,1,84,1942.58000000,101247472.65000015,6157539.84000000,0.06081673
WOART,2019,650,2,5,29275.26000000,9403887.72000000,29275.26000000,0.00311310
WOART,2019,650,2,10,23020.05000000,9403887.72000000,52295.31000000,0.00556103
WOART,2019,650,2,12,40798.55000000,9403887.72000000,93093.86000000,0.00989951
WOART,2019,650,2,13,20849.34000000,9403887.72000000,113943.20000000,0.01211661
WOART,2019,650,2,15,19464.46000000,9403887.72000000,133407.66000000,0.01418644
WOART,2019,650,2,16,18379.71000000,9403887.72000000,151787.37000000,0.01614092
WOART,2019,650,2,17,12196.86000000,9403887.72000000,163984.23000000,0.01743792
WOART,2019,650,2,18,14431.94000000,9403887.72000000,178416.17000000,0.01897260
WOART,2019,650,2,19,19441.98000000,9403887.72000000,197858.15000000,0.02104004
WOART,2019,650,2,22,44582.43000000,9403887.72000000,242440.58000000,0.02578089
WOART,2019,650,2,23,27448.84000000,9403887.72000000,269889.42000000,0.02869977
WOART,2019,650,2,26,27624.24000000,9403887.72000000,297513.66000000,0.03163730
WOART,2019,650,2,28,16971.78000000,9403887.72000000,314485.44000000,0.03344207
WOART,2019,650,2,36,25174.58000000,9403887.72000000,339660.02000000,0.03611911
WOART,2019,650,2,42,27207.68000000,9403887.72000000,366867.70000000,0.03901234
WOART,2019,650,2,43,9412.72000000,9403887.72000000,376280.42000000,0.04001328
WOART,2019,650,2,44,9793.99000000,9403887.72000000,386074.41000000,0.04105477
WOART,2019,650,2,51,15175.42000000,9403887.72000000,401249.83000000,0.04266850
WOART,2019,650,2,52,5547.86000000,9403887.72000000,406797.69000000,0.04325846
WOART,2019,650,2,53,9632.60000000,9403887.72000000,416430.29000000,0.04428278
WOART,2019,650,2,58,9795.42000000,9403887.72000000,426225.71000000,0.04532442
WOART,2019,650,2,70,4532.19000000,9403887.72000000,430757.90000000,0.04580636
WOART,2019,650,2,79,0.00000000,9403887.72000000,430757.90000000,0.04580636
WOART,2019,650,2,84,1952.05000000,9403887.72000000,432709.95000000,0.04601394
WOART,2019,660,1,4,36101.00000000,148718702.63000003,36101.00000000,0.00024275
WOART,2019,660,1,7,24915.64000000,148718702.63000003,61016.64000000,0.00041028
WOART,2019,660,1,8,27543.67000000,148718702.63000003,88560.31000000,0.00059549
WOART,2019,660,1,9,90119.31000000,148718702.63000003,178679.62000000,0.00120146
WOART,2019,660,1,10,100511.56000000,148718702.63000003,279191.18000000,0.00187731
WOART,2019,660,1,11,67041.75000000,148718702.63000003,346232.93000000,0.00232811
WOART,2019,660,1,12,226755.73000000,148718702.63000003,572988.66000000,0.00385284
WOART,2019,660,1,13,202137.98000000,148718702.63000003,775126.64000000,0.00521203
WOART,2019,660,1,14,344770.24000000,148718702.63000003,1119896.88000000,0.00753030
WOART,2019,660,1,15,316117.02000000,148718702.63000003,1436013.90000000,0.00965591
WOART,2019,660,1,16,326907.27000000,148718702.63000003,1762921.17000000,0.01185407
WOART,2019,660,1,17,147430.72000000,148718702.63000003,1910351.89000000,0.01284540
WOART,2019,660,1,18,394129.32000000,148718702.63000003,2304481.21000000,0.01549557
WOART,2019,660,1,19,526014.88000000,148718702.63000003,2830496.09000000,0.01903255
WOART,2019,660,1,20,84385.03000000,148718702.63000003,2914881.12000000,0.01959996
WOART,2019,660,1,21,326841.13000000,148718702.63000003,3241722.25000000,0.02179768
WOART,2019,660,1,22,335749.29000000,148718702.63000003,3577471.54000000,0.02405529
WOART,2019,660,1,23,377415.45000000,148718702.63000003,3954886.99000000,0.02659307
WOART,2019,660,1,24,224614.02000000,148718702.63000003,4179501.01000000,0.02810340
WOART,2019,660,1,25,256403.15000000,148718702.63000003,4435904.16000000,0.02982748
WOART,2019,660,1,26,152421.88000000,148718702.63000003,4588326.04000000,0.03085238
WOART,2019,660,1,27,202745.83000000,148718702.63000003,4791071.87000000,0.03221566
WOART,2019,660,1,28,138326.12000000,148718702.63000003,4929397.99000000,0.03314578
WOART,2019,660,1,29,238093.73000000,148718702.63000003,5167491.72000000,0.03474675
WOART,2019,660,1,30,113610.31000000,148718702.63000003,5281102.03000000,0.03551068
WOART,2019,660,1,31,253666.45000000,148718702.63000003,5534768.48000000,0.03721636
WOART,2019,660,1,32,75149.29000000,148718702.63000003,5609917.77000000,0.03772167
WOART,2019,660,1,33,183568.35000000,148718702.63000003,5793486.12000000,0.03895600
WOART,2019,660,1,34,85528.56000000,148718702.63000003,5879014.68000000,0.03953111
WOART,2019,660,1,35,40547.66000000,148718702.63000003,5919562.34000000,0.03980375
WOART,2019,660,1,36,56330.44000000,148718702.63000003,5975892.78000000,0.04018252
WOART,2019,660,1,37,109557.14000000,148718702.63000003,6085449.92000000,0.04091920
WOART,2019,660,1,38,50154.34000000,148718702.63000003,6135604.26000000,0.04125644
WOART,2019,660,1,39,77066.52000000,148718702.63000003,6212670.78000000,0.04177464
WOART,2019,660,1,40,206553.46000000,148718702.63000003,6419224.24000000,0.04316353
WOART,2019,660,1,41,99487.79000000,148718702.63000003,6518712.03000000,0.04383250
WOART,2019,660,1,43,42016.13000000,148718702.63000003,6560728.16000000,0.04411502
WOART,2019,660,1,44,146717.09000000,148718702.63000003,6707445.25000000,0.04510156
WOART,2019,660,1,45,28285.94000000,148718702.63000003,6735731.19000000,0.04529176
WOART,2019,660,1,46,90306.21000000,148718702.63000003,6826037.40000000,0.04589898
WOART,2019,660,1,47,46359.76000000,148718702.63000003,6872397.16000000,0.04621071
WOART,2019,660,1,48,116193.59000000,148718702.63000003,6988590.75000000,0.04699201
WOART,2019,660,1,49,89434.24000000,148718702.63000003,7078024.99000000,0.04759338
WOART,2019,660,1,50,35865.26000000,148718702.63000003,7113890.25000000,0.04783454
WOART,2019,660,1,51,14356.85000000,148718702.63000003,7128247.10000000,0.04793107
WOART,2019,660,1,52,25234.48000000,148718702.63000003,7153481.58000000,0.04810075
WOART,2019,660,1,53,34150.29000000,148718702.63000003,7187631.87000000,0.04833038
WOART,2019,660,1,54,73515.72000000,148718702.63000003,7261147.59000000,0.04882471
WOART,2019,660,1,60,10072.14000000,148718702.63000003,7271219.73000000,0.04889244
WOART,2019,660,1,61,12968.84000000,148718702.63000003,7284188.57000000,0.04897964
WOART,2019,660,1,62,29067.45000000,148718702.63000003,7313256.02000000,0.04917509
WOART,2019,660,1,64,48139.55000000,148718702.63000003,7361395.57000000,0.04949879
WOART,2019,660,1,65,17856.69000000,148718702.63000003,7379252.26000000,0.04961886
WOART,2019,660,1,67,16777.42000000,148718702.63000003,7396029.68000000,0.04973167
WOART,2019,660,1,68,5840.08000000,148718702.63000003,7401869.76000000,0.04977094
WOART,2019,660,1,69,13208.41000000,148718702.63000003,7415078.17000000,0.04985976
WOART,2019,660,1,70,17682.95000000,148718702.63000003,7432761.12000000,0.04997866
WOART,2019,660,1,73,3187.94000000,148718702.63000003,7435949.06000000,0.05000009
WOART,2019,660,1,75,2616.03000000,148718702.63000003,7438565.09000000,0.05001768
WOART,2019,660,1,76,10356.29000000,148718702.63000003,7448921.38000000,0.05008732
WOART,2019,660,1,77,2369.18000000,148718702.63000003,7451290.56000000,0.05010325
WOART,2019,660,1,78,2776.66000000,148718702.63000003,7454067.22000000,0.05012192
WOART,2019,660,1,79,12651.01000000,148718702.63000003,7466718.23000000,0.05020699
WOART,2019,660,1,80,17587.79000000,148718702.63000003,7484306.02000000,0.05032525
WOART,2019,660,1,81,7304.30000000,148718702.63000003,7491610.32000000,0.05037437
WOART,2019,660,1,82,2777.11000000,148718702.63000003,7494387.43000000,0.05039304
WOART,2019,660,1,83,1260.40000000,148718702.63000003,7495647.83000000,0.05040151
WOART,2019,660,2,9,17179.36000000,9318054.40000000,17179.36000000,0.00184366
WOART,2019,660,2,10,10720.32000000,9318054.40000000,27899.68000000,0.00299415
WOART,2019,660,2,12,1938.33000000,9318054.40000000,29838.01000000,0.00320217
WOART,2019,660,2,15,19322.68000000,9318054.40000000,49160.69000000,0.00527585
WOART,2019,660,2,16,22939.03000000,9318054.40000000,72099.72000000,0.00773764
WOART,2019,660,2,17,23388.28000000,9318054.40000000,95488.00000000,0.01024763
WOART,2019,660,2,18,2558.53000000,9318054.40000000,98046.53000000,0.01052221
WOART,2019,660,2,21,47637.95000000,9318054.40000000,145684.48000000,0.01563465
WOART,2019,660,2,22,51863.28000000,9318054.40000000,197547.76000000,0.02120054
WOART,2019,660,2,23,33226.61000000,9318054.40000000,230774.37000000,0.02476637
WOART,2019,660,2,25,24037.03000000,9318054.40000000,254811.40000000,0.02734599
WOART,2019,660,2,27,3243.18000000,9318054.40000000,258054.58000000,0.02769404
WOART,2019,660,2,28,23725.51000000,9318054.40000000,281780.09000000,0.03024023
WOART,2019,660,2,29,14689.83000000,9318054.40000000,296469.92000000,0.03181672
WOART,2019,660,2,30,13805.68000000,9318054.40000000,310275.60000000,0.03329832
WOART,2019,660,2,31,50009.80000000,9318054.40000000,360285.40000000,0.03866530
WOART,2019,660,2,32,15233.06000000,9318054.40000000,375518.46000000,0.04030009
WOART,2019,660,2,33,22881.87000000,9318054.40000000,398400.33000000,0.04275574
WOART,2019,660,2,35,17108.45000000,9318054.40000000,415508.78000000,0.04459180
WOART,2019,660,2,36,17479.05000000,9318054.40000000,432987.83000000,0.04646762
WOART,2019,660,2,40,11929.55000000,9318054.40000000,444917.38000000,0.04774788
WOART,2019,660,2,41,16517.06000000,9318054.40000000,461434.44000000,0.04952047
WOART,2019,660,2,43,10613.98000000,9318054.40000000,472048.42000000,0.05065955
WOART,2019,660,2,45,7150.58000000,9318054.40000000,479199.00000000,0.05142694
WOART,2019,660,2,46,17360.20000000,9318054.40000000,496559.20000000,0.05329001
WOART,2019,660,2,47,15335.10000000,9318054.40000000,511894.30000000,0.05493575
WOART,2019,660,2,51,27100.92000000,9318054.40000000,538995.22000000,0.05784418
WOART,2019,660,2,52,11112.68000000,9318054.40000000,550107.90000000,0.05903678
WOART,2019,660,2,54,27198.41000000,9318054.40000000,577306.31000000,0.06195567
WOART,2019,660,2,78,2170.38000000,9318054.40000000,579476.69000000,0.06218859
WOART,2019,660,2,84,711.09000000,9318054.40000000,580187.78000000,0.06226491
WOART,2019,670,1,4,36865.44000000,159600096.83999988,36865.44000000,0.00023099
WOART,2019,670,1,5,34500.02000000,159600096.83999988,71365.46000000,0.00044715
WOART,2019,670,1,7,57758.73000000,159600096.83999988,129124.19000000,0.00080905
WOART,2019,670,1,8,114222.11000000,159600096.83999988,243346.30000000,0.00152473
WOART,2019,670,1,9,156780.73000000,159600096.83999988,400127.03000000,0.00250706
WOART,2019,670,1,10,202000.57000000,159600096.83999988,602127.60000000,0.00377273
WOART,2019,670,1,11,303661.63000000,159600096.83999988,905789.23000000,0.00567537
WOART,2019,670,1,12,486606.31000000,159600096.83999988,1392395.54000000,0.00872428
WOART,2019,670,1,13,309054.54000000,159600096.83999988,1701450.08000000,0.01066071
WOART,2019,670,1,14,326675.34000000,159600096.83999988,2028125.42000000,0.01270755
WOART,2019,670,1,15,283669.03000000,159600096.83999988,2311794.45000000,0.01448492
WOART,2019,670,1,16,63160.97000000,159600096.83999988,2374955.42000000,0.01488066
WOART,2019,670,1,17,227942.36000000,159600096.83999988,2602897.78000000,0.01630887
WOART,2019,670,1,18,180900.29000000,159600096.83999988,2783798.07000000,0.01744233
WOART,2019,670,1,19,204526.72000000,159600096.83999988,2988324.79000000,0.01872383
WOART,2019,670,1,20,480738.65000000,159600096.83999988,3469063.44000000,0.02173597
WOART,2019,670,1,21,153322.54000000,159600096.83999988,3622385.98000000,0.02269664
WOART,2019,670,1,22,263518.01000000,159600096.83999988,3885903.99000000,0.02434775
WOART,2019,670,1,23,369846.08000000,159600096.83999988,4255750.07000000,0.02666508
WOART,2019,670,1,24,269386.14000000,159600096.83999988,4525136.21000000,0.02835297
WOART,2019,670,1,25,189771.90000000,159600096.83999988,4714908.11000000,0.02954201
WOART,2019,670,1,26,147273.60000000,159600096.83999988,4862181.71000000,0.03046478
WOART,2019,670,1,27,177848.77000000,159600096.83999988,5040030.48000000,0.03157912
WOART,2019,670,1,28,264933.31000000,159600096.83999988,5304963.79000000,0.03323910
WOART,2019,670,1,29,111955.27000000,159600096.83999988,5416919.06000000,0.03394058
WOART,2019,670,1,30,119053.16000000,159600096.83999988,5535972.22000000,0.03468652
WOART,2019,670,1,31,77421.55000000,159600096.83999988,5613393.77000000,0.03517162
WOART,2019,670,1,32,71825.06000000,159600096.83999988,5685218.83000000,0.03562165
WOART,2019,670,1,33,36768.79000000,159600096.83999988,5721987.62000000,0.03585203
WOART,2019,670,1,34,120991.07000000,159600096.83999988,5842978.69000000,0.03661012
WOART,2019,670,1,35,96506.28000000,159600096.83999988,5939484.97000000,0.03721480
WOART,2019,670,1,36,168372.12000000,159600096.83999988,6107857.09000000,0.03826976
WOART,2019,670,1,37,57961.37000000,159600096.83999988,6165818.46000000,0.03863292
WOART,2019,670,1,38,96942.47000000,159600096.83999988,6262760.93000000,0.03924033
WOART,2019,670,1,39,41445.50000000,159600096.83999988,6304206.43000000,0.03950002
WOART,2019,670,1,40,72273.38000000,159600096.83999988,6376479.81000000,0.03995286
WOART,2019,670,1,41,111764.27000000,159600096.83999988,6488244.08000000,0.04065313
WOART,2019,670,1,42,38023.63000000,159600096.83999988,6526267.71000000,0.04089138
WOART,2019,670,1,43,112083.22000000,159600096.83999988,6638350.93000000,0.04159365
WOART,2019,670,1,44,1686.15000000,159600096.83999988,6640037.08000000,0.04160422
WOART,2019,670,1,45,123618.75000000,159600096.83999988,6763655.83000000,0.04237877
WOART,2019,670,1,46,41505.20000000,159600096.83999988,6805161.03000000,0.04263883
WOART,2019,670,1,47,46871.73000000,159600096.83999988,6852032.76000000,0.04293251
WOART,2019,670,1,48,99278.62000000,159600096.83999988,6951311.38000000,0.04355456
WOART,2019,670,1,49,97095.66000000,159600096.83999988,7048407.04000000,0.04416292
WOART,2019,670,1,50,55958.55000000,159600096.83999988,7104365.59000000,0.04451354
WOART,2019,670,1,51,15984.93000000,159600096.83999988,7120350.52000000,0.04461370
WOART,2019,670,1,52,17083.66000000,159600096.83999988,7137434.18000000,0.04472074
WOART,2019,670,1,53,99162.23000000,159600096.83999988,7236596.41000000,0.04534206
WOART,2019,670,1,54,10481.63000000,159600096.83999988,7247078.04000000,0.04540773
WOART,2019,670,1,56,16701.99000000,159600096.83999988,7263780.03000000,0.04551238
WOART,2019,670,1,58,47137.69000000,159600096.83999988,7310917.72000000,0.04580773
WOART,2019,670,1,61,9131.68000000,159600096.83999988,7320049.40000000,0.04586494
WOART,2019,670,1,63,21799.87000000,159600096.83999988,7341849.27000000,0.04600153
WOART,2019,670,1,64,6449.09000000,159600096.83999988,7348298.36000000,0.04604194
WOART,2019,670,1,65,25840.92000000,159600096.83999988,7374139.28000000,0.04620385
WOART,2019,670,1,66,26035.08000000,159600096.83999988,7400174.36000000,0.04636698
WOART,2019,670,1,68,4875.10000000,159600096.83999988,7405049.46000000,0.04639752
WOART,2019,670,1,72,1348.86000000,159600096.83999988,7406398.32000000,0.04640598
WOART,2019,670,1,73,3971.93000000,159600096.83999988,7410370.25000000,0.04643086
WOART,2019,670,1,74,5079.71000000,159600096.83999988,7415449.96000000,0.04646269
WOART,2019,670,1,75,3128.20000000,159600096.83999988,7418578.16000000,0.04648229
WOART,2019,670,1,76,3698.30000000,159600096.83999988,7422276.46000000,0.04650546
WOART,2019,670,1,77,12046.94000000,159600096.83999988,7434323.40000000,0.04658095
WOART,2019,670,1,78,11869.89000000,159600096.83999988,7446193.29000000,0.04665532
WOART,2019,670,1,79,10976.98000000,159600096.83999988,7457170.27000000,0.04672410
WOART,2019,670,1,82,2942.18000000,159600096.83999988,7460112.45000000,0.04674253
WOART,2019,670,2,9,398.39000000,10148443.71000000,398.39000000,0.00003926
WOART,2019,670,2,10,64867.54000000,10148443.71000000,65265.93000000,0.00643113
WOART,2019,670,2,11,26306.97000000,10148443.71000000,91572.90000000,0.00902334
WOART,2019,670,2,14,24025.36000000,10148443.71000000,115598.26000000,0.01139074
WOART,2019,670,2,15,2598.07000000,10148443.71000000,118196.33000000,0.01164674
WOART,2019,670,2,16,34487.17000000,10148443.71000000,152683.50000000,0.01504502
WOART,2019,670,2,17,29266.19000000,10148443.71000000,181949.69000000,0.01792883
WOART,2019,670,2,19,61115.05000000,10148443.71000000,243064.74000000,0.02395094
WOART,2019,670,2,20,53660.58000000,10148443.71000000,296725.32000000,0.02923850
WOART,2019,670,2,26,18747.40000000,10148443.71000000,315472.72000000,0.03108582
WOART,2019,670,2,28,17936.93000000,10148443.71000000,333409.65000000,0.03285328
WOART,2019,670,2,36,27778.43000000,10148443.71000000,361188.08000000,0.03559049
WOART,2019,670,2,40,17927.99000000,10148443.71000000,379116.07000000,0.03735706
WOART,2019,670,2,44,17657.60000000,10148443.71000000,396773.67000000,0.03909700
WOART,2019,670,2,45,22908.01000000,10148443.71000000,419681.68000000,0.04135429
WOART,2019,670,2,51,9904.10000000,10148443.71000000,429585.78000000,0.04233021
WOART,2019,670,2,54,10018.19000000,10148443.71000000,439603.97000000,0.04331738
WOART,2019,670,2,67,1711.80000000,10148443.71000000,441315.77000000,0.04348605
WOART,2019,670,2,68,8800.85000000,10148443.71000000,450116.62000000,0.04435327
WOART,2019,670,2,75,1192.05000000,10148443.71000000,451308.67000000,0.04447073
WOART,2019,670,2,79,4724.89000000,10148443.71000000,456033.56000000,0.04493630
WOART,2019,670,2,80,2830.29000000,10148443.71000000,458863.85000000,0.04521519
WOART,2019,680,1,7,36448.72000000,157030122.51000002,36448.72000000,0.00023211
WOART,2019,680,1,9,238718.29000000,157030122.51000002,275167.01000000,0.00175232
WOART,2019,680,1,10,105494.26000000,157030122.51000002,380661.27000000,0.00242413
WOART,2019,680,1,11,221885.99000000,157030122.51000002,602547.26000000,0.00383714
WOART,2019,680,1,12,145414.29000000,157030122.51000002,747961.55000000,0.00476317
WOART,2019,680,1,13,284454.47000000,157030122.51000002,1032416.02000000,0.00657464
WOART,2019,680,1,14,275850.81000000,157030122.51000002,1308266.83000000,0.00833131
WOART,2019,680,1,15,157637.57000000,157030122.51000002,1465904.40000000,0.00933518
WOART,2019,680,1,16,222298.78000000,157030122.51000002,1688203.18000000,0.01075082
WOART,2019,680,1,17,113800.18000000,157030122.51000002,1802003.36000000,0.01147553
WOART,2019,680,1,18,453028.19000000,157030122.51000002,2255031.55000000,0.01436050
WOART,2019,680,1,19,141480.02000000,157030122.51000002,2396511.57000000,0.01526148
WOART,2019,680,1,20,357462.87000000,157030122.51000002,2753974.44000000,0.01753787
WOART,2019,680,1,21,259996.85000000,157030122.51000002,3013971.29000000,0.01919359
WOART,2019,680,1,22,218071.94000000,157030122.51000002,3232043.23000000,0.02058231
WOART,2019,680,1,23,285215.44000000,157030122.51000002,3517258.67000000,0.02239862
WOART,2019,680,1,24,140187.24000000,157030122.51000002,3657445.91000000,0.02329137
WOART,2019,680,1,25,292682.96000000,157030122.51000002,3950128.87000000,0.02515523
WOART,2019,680,1,26,175823.97000000,157030122.51000002,4125952.84000000,0.02627491
WOART,2019,680,1,27,22602.73000000,157030122.51000002,4148555.57000000,0.02641885
WOART,2019,680,1,28,139707.38000000,157030122.51000002,4288262.95000000,0.02730854
WOART,2019,680,1,29,148013.79000000,157030122.51000002,4436276.74000000,0.02825112
WOART,2019,680,1,30,70035.95000000,157030122.51000002,4506312.69000000,0.02869712
WOART,2019,680,1,31,23222.12000000,157030122.51000002,4529534.81000000,0.02884501
WOART,2019,680,1,32,75369.74000000,157030122.51000002,4604904.55000000,0.02932498
WOART,2019,680,1,33,215805.73000000,157030122.51000002,4820710.28000000,0.03069927
WOART,2019,680,1,34,108003.39000000,157030122.51000002,4928713.67000000,0.03138706
WOART,2019,680,1,35,127023.69000000,157030122.51000002,5055737.36000000,0.03219597
WOART,2019,680,1,36,155889.30000000,157030122.51000002,5211626.66000000,0.03318871
WOART,2019,680,1,37,151280.80000000,157030122.51000002,5362907.46000000,0.03415209
WOART,2019,680,1,38,76389.55000000,157030122.51000002,5439297.01000000,0.03463856
WOART,2019,680,1,39,88392.84000000,157030122.51000002,5527689.85000000,0.03520146
WOART,2019,680,1,40,144539.14000000,157030122.51000002,5672228.99000000,0.03612192
WOART,2019,680,1,41,161023.61000000,157030122.51000002,5833252.60000000,0.03714735
WOART,2019,680,1,42,191902.18000000,157030122.51000002,6025154.78000000,0.03836942
WOART,2019,680,1,43,16960.28000000,157030122.51000002,6042115.06000000,0.03847743
WOART,2019,680,1,44,18059.83000000,157030122.51000002,6060174.89000000,0.03859244
WOART,2019,680,1,45,25155.14000000,157030122.51000002,6085330.03000000,0.03875263
WOART,2019,680,1,46,79449.85000000,157030122.51000002,6164779.88000000,0.03925858
WOART,2019,680,1,47,65450.75000000,157030122.51000002,6230230.63000000,0.03967539
WOART,2019,680,1,48,38939.65000000,157030122.51000002,6269170.28000000,0.03992336
WOART,2019,680,1,49,53210.71000000,157030122.51000002,6322380.99000000,0.04026222
WOART,2019,680,1,50,33024.79000000,157030122.51000002,6355405.78000000,0.04047253
WOART,2019,680,1,52,21761.61000000,157030122.51000002,6377167.39000000,0.04061111
WOART,2019,680,1,53,38957.84000000,157030122.51000002,6416125.23000000,0.04085920
WOART,2019,680,1,54,49562.99000000,157030122.51000002,6465688.22000000,0.04117483
WOART,2019,680,1,55,23232.25000000,157030122.51000002,6488920.47000000,0.04132278
WOART,2019,680,1,56,13586.19000000,157030122.51000002,6502506.66000000,0.04140929
WOART,2019,680,1,58,15014.86000000,157030122.51000002,6517521.52000000,0.04150491
WOART,2019,680,1,61,1489.29000000,157030122.51000002,6519010.81000000,0.04151440
WOART,2019,680,1,62,2918.54000000,157030122.51000002,6521929.35000000,0.04153298
WOART,2019,680,1,66,23977.27000000,157030122.51000002,6545906.62000000,0.04168567
WOART,2019,680,1,67,7739.86000000,157030122.51000002,6553646.48000000,0.04173496
WOART,2019,680,1,68,15932.36000000,157030122.51000002,6569578.84000000,0.04183642
WOART,2019,680,1,72,11501.46000000,157030122.51000002,6581080.30000000,0.04190967
WOART,2019,680,1,73,5395.74000000,157030122.51000002,6586476.04000000,0.04194403
WOART,2019,680,1,74,2862.13000000,157030122.51000002,6589338.17000000,0.04196226
WOART,2019,680,1,76,2710.61000000,157030122.51000002,6592048.78000000,0.04197952
WOART,2019,680,1,77,11129.96000000,157030122.51000002,6603178.74000000,0.04205040
WOART,2019,680,1,78,4023.00000000,157030122.51000002,6607201.74000000,0.04207601
WOART,2019,680,1,79,8655.29000000,157030122.51000002,6615857.03000000,0.04213113
WOART,2019,680,1,80,4201.66000000,157030122.51000002,6620058.69000000,0.04215789
WOART,2019,680,1,82,1158.02000000,157030122.51000002,6621216.71000000,0.04216526
WOART,2019,680,2,10,30927.39000000,13865627.13999999,30927.39000000,0.00223051
WOART,2019,680,2,11,620.35000000,13865627.13999999,31547.74000000,0.00227525
WOART,2019,680,2,12,38893.91000000,13865627.13999999,70441.65000000,0.00508031
WOART,2019,680,2,14,37187.09000000,13865627.13999999,107628.74000000,0.00776227
WOART,2019,680,2,16,78990.10000000,13865627.13999999,186618.84000000,0.01345910
WOART,2019,680,2,19,17534.23000000,13865627.13999999,204153.07000000,0.01472368
WOART,2019,680,2,20,44490.05000000,13865627.13999999,248643.12000000,0.01793234
WOART,2019,680,2,21,21932.42000000,13865627.13999999,270575.54000000,0.01951412
WOART,2019,680,2,23,41187.06000000,13865627.13999999,311762.60000000,0.02248457
WOART,2019,680,2,24,12739.25000000,13865627.13999999,324501.85000000,0.02340333
WOART,2019,680,2,25,35727.37000000,13865627.13999999,360229.22000000,0.02598002
WOART,2019,680,2,26,17322.40000000,13865627.13999999,377551.62000000,0.02722932
WOART,2019,680,2,29,51181.92000000,13865627.13999999,428733.54000000,0.03092060
WOART,2019,680,2,31,10880.70000000,13865627.13999999,439614.24000000,0.03170533
WOART,2019,680,2,33,13595.71000000,13865627.13999999,453209.95000000,0.03268586
WOART,2019,680,2,35,33574.87000000,13865627.13999999,486784.82000000,0.03510731
WOART,2019,680,2,36,18765.95000000,13865627.13999999,505550.77000000,0.03646072
WOART,2019,680,2,37,17031.18000000,13865627.13999999,522581.95000000,0.03768902
WOART,2019,680,2,44,17086.90000000,13865627.13999999,539668.85000000,0.03892134
WOART,2019,680,2,45,12084.74000000,13865627.13999999,551753.59000000,0.03979291
WOART,2019,680,2,47,26961.22000000,13865627.13999999,578714.81000000,0.04173737
WOART,2019,680,2,50,16505.44000000,13865627.13999999,595220.25000000,0.04292776
WOART,2019,680,2,52,6082.75000000,13865627.13999999,601303.00000000,0.04336645
WOART,2019,680,2,53,10990.41000000,13865627.13999999,612293.41000000,0.04415909
WOART,2019,680,2,55,8285.57000000,13865627.13999999,620578.98000000,0.04475665
WOART,2019,680,2,61,10120.02000000,13865627.13999999,630699.00000000,0.04548651
WOART,2019,680,2,75,3437.05000000,13865627.13999999,634136.05000000,0.04573439
WOART,2019,680,2,81,932.62000000,13865627.13999999,635068.67000000,0.04580165
WOART,2019,690,1,6,27269.98000000,172126119.63000008,27269.98000000,0.00015843
WOART,2019,690,1,7,107070.72000000,172126119.63000008,134340.70000000,0.00078048
WOART,2019,690,1,8,128104.14000000,172126119.63000008,262444.84000000,0.00152472
WOART,2019,690,1,9,122692.76000000,172126119.63000008,385137.60000000,0.00223753
WOART,2019,690,1,10,110114.03000000,172126119.63000008,495251.63000000,0.00287726
WOART,2019,690,1,11,369771.82000000,172126119.63000008,865023.45000000,0.00502552
WOART,2019,690,1,12,247270.23000000,172126119.63000008,1112293.68000000,0.00646209
WOART,2019,690,1,13,146776.32000000,172126119.63000008,1259070.00000000,0.00731481
WOART,2019,690,1,14,264783.37000000,172126119.63000008,1523853.37000000,0.00885312
WOART,2019,690,1,15,302665.19000000,172126119.63000008,1826518.56000000,0.01061151
WOART,2019,690,1,16,266039.91000000,172126119.63000008,2092558.47000000,0.01215712
WOART,2019,690,1,17,272874.88000000,172126119.63000008,2365433.35000000,0.01374244
WOART,2019,690,1,18,269294.24000000,172126119.63000008,2634727.59000000,0.01530696
WOART,2019,690,1,19,139814.16000000,172126119.63000008,2774541.75000000,0.01611924
WOART,2019,690,1,20,188012.03000000,172126119.63000008,2962553.78000000,0.01721153
WOART,2019,690,1,21,346623.02000000,172126119.63000008,3309176.80000000,0.01922530
WOART,2019,690,1,22,101525.14000000,172126119.63000008,3410701.94000000,0.01981513
WOART,2019,690,1,23,362635.33000000,172126119.63000008,3773337.27000000,0.02192193
WOART,2019,690,1,24,195756.01000000,172126119.63000008,3969093.28000000,0.02305922
WOART,2019,690,1,25,162611.25000000,172126119.63000008,4131704.53000000,0.02400394
WOART,2019,690,1,26,291647.32000000,172126119.63000008,4423351.85000000,0.02569832
WOART,2019,690,1,27,102025.69000000,172126119.63000008,4525377.54000000,0.02629106
WOART,2019,690,1,28,137042.12000000,172126119.63000008,4662419.66000000,0.02708723
WOART,2019,690,1,29,202036.00000000,172126119.63000008,4864455.66000000,0.02826100
WOART,2019,690,1,30,61627.59000000,172126119.63000008,4926083.25000000,0.02861903
WOART,2019,690,1,31,118391.38000000,172126119.63000008,5044474.63000000,0.02930685
WOART,2019,690,1,32,41717.65000000,172126119.63000008,5086192.28000000,0.02954922
WOART,2019,690,1,33,60714.16000000,172126119.63000008,5146906.44000000,0.02990195
WOART,2019,690,1,34,46160.70000000,172126119.63000008,5193067.14000000,0.03017013
WOART,2019,690,1,35,48471.73000000,172126119.63000008,5241538.87000000,0.03045173
WOART,2019,690,1,37,61372.22000000,172126119.63000008,5302911.09000000,0.03080829
WOART,2019,690,1,38,47709.98000000,172126119.63000008,5350621.07000000,0.03108547
WOART,2019,690,1,39,29370.11000000,172126119.63000008,5379991.18000000,0.03125610
WOART,2019,690,1,40,71626.42000000,172126119.63000008,5451617.60000000,0.03167223
WOART,2019,690,1,41,100453.32000000,172126119.63000008,5552070.92000000,0.03225583
WOART,2019,690,1,42,95608.14000000,172126119.63000008,5647679.06000000,0.03281128
WOART,2019,690,1,43,77358.45000000,172126119.63000008,5725037.51000000,0.03326071
WOART,2019,690,1,44,13447.05000000,172126119.63000008,5738484.56000000,0.03333884
WOART,2019,690,1,46,25276.13000000,172126119.63000008,5763760.69000000,0.03348568
WOART,2019,690,1,47,23302.74000000,172126119.63000008,5787063.43000000,0.03362106
WOART,2019,690,1,48,57538.67000000,172126119.63000008,5844602.10000000,0.03395535
WOART,2019,690,1,49,92282.90000000,172126119.63000008,5936885.00000000,0.03449148
WOART,2019,690,1,50,20543.68000000,172126119.63000008,5957428.68000000,0.03461083
WOART,2019,690,1,51,41199.82000000,172126119.63000008,5998628.50000000,0.03485019
WOART,2019,690,1,52,25483.84000000,172126119.63000008,6024112.34000000,0.03499825
WOART,2019,690,1,53,41171.04000000,172126119.63000008,6065283.38000000,0.03523744
WOART,2019,690,1,54,27310.30000000,172126119.63000008,6092593.68000000,0.03539610
WOART,2019,690,1,55,41369.70000000,172126119.63000008,6133963.38000000,0.03563645
WOART,2019,690,1,57,16801.79000000,172126119.63000008,6150765.17000000,0.03573406
WOART,2019,690,1,60,42924.74000000,172126119.63000008,6193689.91000000,0.03598344
WOART,2019,690,1,61,30871.25000000,172126119.63000008,6224561.16000000,0.03616279
WOART,2019,690,1,62,14477.22000000,172126119.63000008,6239038.38000000,0.03624690
WOART,2019,690,1,63,28940.23000000,172126119.63000008,6267978.61000000,0.03641503
WOART,2019,690,1,64,5971.28000000,172126119.63000008,6273949.89000000,0.03644973
WOART,2019,690,1,65,51797.32000000,172126119.63000008,6325747.21000000,0.03675065
WOART,2019,690,1,66,8579.91000000,172126119.63000008,6334327.12000000,0.03680050
WOART,2019,690,1,68,4458.21000000,172126119.63000008,6338785.33000000,0.03682640
WOART,2019,690,1,69,7599.74000000,172126119.63000008,6346385.07000000,0.03687055
WOART,2019,690,1,70,7382.02000000,172126119.63000008,6353767.09000000,0.03691344
WOART,2019,690,1,71,17977.84000000,172126119.63000008,6371744.93000000,0.03701789
WOART,2019,690,1,73,4052.19000000,172126119.63000008,6375797.12000000,0.03704143
WOART,2019,690,1,74,12139.94000000,172126119.63000008,6387937.06000000,0.03711196
WOART,2019,690,1,75,3356.86000000,172126119.63000008,6391293.92000000,0.03713146
WOART,2019,690,1,76,9703.49000000,172126119.63000008,6400997.41000000,0.03718783
WOART,2019,690,1,77,627.53000000,172126119.63000008,6401624.94000000,0.03719148
WOART,2019,690,1,78,2491.87000000,172126119.63000008,6404116.81000000,0.03720596
WOART,2019,690,1,79,2399.16000000,172126119.63000008,6406515.97000000,0.03721989
WOART,2019,690,1,80,1029.23000000,172126119.63000008,6407545.20000000,0.03722587
WOART,2019,690,1,81,675.20000000,172126119.63000008,6408220.40000000,0.03722980
WOART,2019,690,1,82,1698.16000000,172126119.63000008,6409918.56000000,0.03723966
WOART,2019,690,2,8,19058.72000000,12741554.95999999,19058.72000000,0.00149579
WOART,2019,690,2,10,24883.14000000,12741554.95999999,43941.86000000,0.00344870
WOART,2019,690,2,12,22044.81000000,12741554.95999999,65986.67000000,0.00517886
WOART,2019,690,2,15,40007.41000000,12741554.95999999,105994.08000000,0.00831877
WOART,2019,690,2,19,16955.96000000,12741554.95999999,122950.04000000,0.00964953
WOART,2019,690,2,20,47167.02000000,12741554.95999999,170117.06000000,0.01335136
WOART,2019,690,2,21,3002.59000000,12741554.95999999,173119.65000000,0.01358701
WOART,2019,690,2,23,14714.11000000,12741554.95999999,187833.76000000,0.01474182
WOART,2019,690,2,24,20582.11000000,12741554.95999999,208415.87000000,0.01635718
WOART,2019,690,2,26,23371.20000000,12741554.95999999,231787.07000000,0.01819143
WOART,2019,690,2,28,33591.99000000,12741554.95999999,265379.06000000,0.02082784
WOART,2019,690,2,30,20483.55000000,12741554.95999999,285862.61000000,0.02243546
WOART,2019,690,2,32,14411.33000000,12741554.95999999,300273.94000000,0.02356651
WOART,2019,690,2,39,32321.61000000,12741554.95999999,332595.55000000,0.02610322
WOART,2019,690,2,43,14589.24000000,12741554.95999999,347184.79000000,0.02724823
WOART,2019,690,2,50,9236.66000000,12741554.95999999,356421.45000000,0.02797315
WOART,2019,690,2,51,25465.27000000,12741554.95999999,381886.72000000,0.02997175
WOART,2019,690,2,52,7013.71000000,12741554.95999999,388900.43000000,0.03052221
WOART,2019,690,2,53,12684.16000000,12741554.95999999,401584.59000000,0.03151771
WOART,2019,690,2,66,12697.70000000,12741554.95999999,414282.29000000,0.03251426
WOART,2019,690,2,79,1496.70000000,12741554.95999999,415778.99000000,0.03263173
WOART,2019,700,1,6,25624.10000000,195484035.07999983,25624.10000000,0.00013108
WOART,2019,700,1,7,40880.09000000,195484035.07999983,66504.19000000,0.00034020
WOART,2019,700,1,8,37039.03000000,195484035.07999983,103543.22000000,0.00052968
WOART,2019,700,1,9,86765.27000000,195484035.07999983,190308.49000000,0.00097352
WOART,2019,700,1,10,143420.22000000,195484035.07999983,333728.71000000,0.00170719
WOART,2019,700,1,11,210726.44000000,195484035.07999983,544455.15000000,0.00278516
WOART,2019,700,1,12,101378.45000000,195484035.07999983,645833.60000000,0.00330377
WOART,2019,700,1,13,261909.85000000,195484035.07999983,907743.45000000,0.00464357
WOART,2019,700,1,14,209854.76000000,195484035.07999983,1117598.21000000,0.00571708
WOART,2019,700,1,15,407151.06000000,195484035.07999983,1524749.27000000,0.00779987
WOART,2019,700,1,16,148179.76000000,195484035.07999983,1672929.03000000,0.00855788
WOART,2019,700,1,17,277027.63000000,195484035.07999983,1949956.66000000,0.00997502
WOART,2019,700,1,18,368628.34000000,195484035.07999983,2318585.00000000,0.01186074
WOART,2019,700,1,19,116139.74000000,195484035.07999983,2434724.74000000,0.01245485
WOART,2019,700,1,20,274726.34000000,195484035.07999983,2709451.08000000,0.01386022
WOART,2019,700,1,21,67188.38000000,195484035.07999983,2776639.46000000,0.01420392
WOART,2019,700,1,22,213524.16000000,195484035.07999983,2990163.62000000,0.01529620
WOART,2019,700,1,23,89143.77000000,195484035.07999983,3079307.39000000,0.01575222
WOART,2019,700,1,24,325109.35000000,195484035.07999983,3404416.74000000,0.01741532
WOART,2019,700,1,25,69999.64000000,195484035.07999983,3474416.38000000,0.01777340
WOART,2019,700,1,26,82989.34000000,195484035.07999983,3557405.72000000,0.01819793
WOART,2019,700,1,27,132292.49000000,195484035.07999983,3689698.21000000,0.01887468
WOART,2019,700,1,28,143523.02000000,195484035.07999983,3833221.23000000,0.01960887
WOART,2019,700,1,29,175219.60000000,195484035.07999983,4008440.83000000,0.02050521
WOART,2019,700,1,30,67635.76000000,195484035.07999983,4076076.59000000,0.02085120
WOART,2019,700,1,31,71608.15000000,195484035.07999983,4147684.74000000,0.02121751
WOART,2019,700,1,32,28924.26000000,195484035.07999983,4176609.00000000,0.02136547
WOART,2019,700,1,33,19167.82000000,195484035.07999983,4195776.82000000,0.02146353
WOART,2019,700,1,34,149685.60000000,195484035.07999983,4345462.42000000,0.02222924
WOART,2019,700,1,35,117313.48000000,195484035.07999983,4462775.90000000,0.02282936
WOART,2019,700,1,37,70313.22000000,195484035.07999983,4533089.12000000,0.02318905
WOART,2019,700,1,38,136995.50000000,195484035.07999983,4670084.62000000,0.02388985
WOART,2019,700,1,39,18347.92000000,195484035.07999983,4688432.54000000,0.02398371
WOART,2019,700,1,40,18668.66000000,195484035.07999983,4707101.20000000,0.02407921
WOART,2019,700,1,41,17472.69000000,195484035.07999983,4724573.89000000,0.02416859
WOART,2019,700,1,42,11878.97000000,195484035.07999983,4736452.86000000,0.02422936
WOART,2019,700,1,43,67419.83000000,195484035.07999983,4803872.69000000,0.02457425
WOART,2019,700,1,44,146246.72000000,195484035.07999983,4950119.41000000,0.02532237
WOART,2019,700,1,45,44962.11000000,195484035.07999983,4995081.52000000,0.02555238
WOART,2019,700,1,46,61916.24000000,195484035.07999983,5056997.76000000,0.02586911
WOART,2019,700,1,47,51852.05000000,195484035.07999983,5108849.81000000,0.02613436
WOART,2019,700,1,48,17392.74000000,195484035.07999983,5126242.55000000,0.02622333
WOART,2019,700,1,49,21476.43000000,195484035.07999983,5147718.98000000,0.02633319
WOART,2019,700,1,50,19306.09000000,195484035.07999983,5167025.07000000,0.02643195
WOART,2019,700,1,51,34635.35000000,195484035.07999983,5201660.42000000,0.02660913
WOART,2019,700,1,52,67141.76000000,195484035.07999983,5268802.18000000,0.02695260
WOART,2019,700,1,53,11612.76000000,195484035.07999983,5280414.94000000,0.02701200
WOART,2019,700,1,54,36750.37000000,195484035.07999983,5317165.31000000,0.02720000
WOART,2019,700,1,55,14612.36000000,195484035.07999983,5331777.67000000,0.02727475
WOART,2019,700,1,56,16735.47000000,195484035.07999983,5348513.14000000,0.02736036
WOART,2019,700,1,58,12132.19000000,195484035.07999983,5360645.33000000,0.02742242
WOART,2019,700,1,60,17782.84000000,195484035.07999983,5378428.17000000,0.02751339
WOART,2019,700,1,62,13768.78000000,195484035.07999983,5392196.95000000,0.02758382
WOART,2019,700,1,63,11766.14000000,195484035.07999983,5403963.09000000,0.02764401
WOART,2019,700,1,65,10165.85000000,195484035.07999983,5414128.94000000,0.02769602
WOART,2019,700,1,66,10238.25000000,195484035.07999983,5424367.19000000,0.02774839
WOART,2019,700,1,67,5992.18000000,195484035.07999983,5430359.37000000,0.02777904
WOART,2019,700,1,69,6832.71000000,195484035.07999983,5437192.08000000,0.02781400
WOART,2019,700,1,73,7547.41000000,195484035.07999983,5444739.49000000,0.02785260
WOART,2019,700,1,74,3180.57000000,195484035.07999983,5447920.06000000,0.02786887
WOART,2019,700,1,75,6239.40000000,195484035.07999983,5454159.46000000,0.02790079
WOART,2019,700,1,77,1646.23000000,195484035.07999983,5455805.69000000,0.02790921
WOART,2019,700,1,78,923.77000000,195484035.07999983,5456729.46000000,0.02791394
WOART,2019,700,1,79,2905.31000000,195484035.07999983,5459634.77000000,0.02792880
WOART,2019,700,1,80,3131.94000000,195484035.07999983,5462766.71000000,0.02794482
WOART,2019,700,2,7,20773.05000000,20287410.48999999,20773.05000000,0.00102394
WOART,2019,700,2,8,69725.32000000,20287410.48999999,90498.37000000,0.00446081
WOART,2019,700,2,12,5511.97000000,20287410.48999999,96010.34000000,0.00473251
WOART,2019,700,2,13,601.59000000,20287410.48999999,96611.93000000,0.00476216
WOART,2019,700,2,14,102015.97000000,20287410.48999999,198627.90000000,0.00979070
WOART,2019,700,2,17,39328.59000000,20287410.48999999,237956.49000000,0.01172927
WOART,2019,700,2,19,33952.79000000,20287410.48999999,271909.28000000,0.01340286
WOART,2019,700,2,21,19859.25000000,20287410.48999999,291768.53000000,0.01438175
WOART,2019,700,2,23,2820.71000000,20287410.48999999,294589.24000000,0.01452079
WOART,2019,700,2,26,18073.50000000,20287410.48999999,312662.74000000,0.01541166
WOART,2019,700,2,27,33702.98000000,20287410.48999999,346365.72000000,0.01707294
WOART,2019,700,2,28,31201.00000000,20287410.48999999,377566.72000000,0.01861089
WOART,2019,700,2,29,22638.22000000,20287410.48999999,400204.94000000,0.01972676
WOART,2019,700,2,30,17324.64000000,20287410.48999999,417529.58000000,0.02058072
WOART,2019,700,2,39,18874.72000000,20287410.48999999,436404.30000000,0.02151109
WOART,2019,700,2,42,46031.75000000,20287410.48999999,482436.05000000,0.02378007
WOART,2019,700,2,47,3458.55000000,20287410.48999999,485894.60000000,0.02395055
WOART,2019,700,2,48,11403.26000000,20287410.48999999,497297.86000000,0.02451263
WOART,2019,700,2,49,8974.99000000,20287410.48999999,506272.85000000,0.02495503
WOART,2019,700,2,50,10798.67000000,20287410.48999999,517071.52000000,0.02548731
WOART,2019,700,2,51,11736.73000000,20287410.48999999,528808.25000000,0.02606583
WOART,2019,700,2,54,10042.46000000,20287410.48999999,538850.71000000,0.02656084
WOART,2019,700,2,63,4562.74000000,20287410.48999999,543413.45000000,0.02678575
WOART,2019,700,2,64,9903.15000000,20287410.48999999,553316.60000000,0.02727389
WOART,2019,700,2,74,4877.60000000,20287410.48999999,558194.20000000,0.02751431
WOART,2019,710,1,8,73629.10000000,175193928.16999981,73629.10000000,0.00042027
WOART,2019,710,1,9,60971.12000000,175193928.16999981,134600.22000000,0.00076829
WOART,2019,710,1,10,301563.67000000,175193928.16999981,436163.89000000,0.00248961
WOART,2019,710,1,11,67530.83000000,175193928.16999981,503694.72000000,0.00287507
WOART,2019,710,1,12,108000.66000000,175193928.16999981,611695.38000000,0.00349153
WOART,2019,710,1,13,177074.08000000,175193928.16999981,788769.46000000,0.00450226
WOART,2019,710,1,14,284492.85000000,175193928.16999981,1073262.31000000,0.00612614
WOART,2019,710,1,15,169719.44000000,175193928.16999981,1242981.75000000,0.00709489
WOART,2019,710,1,16,186748.39000000,175193928.16999981,1429730.14000000,0.00816084
WOART,2019,710,1,17,162837.26000000,175193928.16999981,1592567.40000000,0.00909031
WOART,2019,710,1,18,99616.78000000,175193928.16999981,1692184.18000000,0.00965892
WOART,2019,710,1,19,263336.04000000,175193928.16999981,1955520.22000000,0.01116203
WOART,2019,710,1,20,212060.74000000,175193928.16999981,2167580.96000000,0.01237247
WOART,2019,710,1,21,156015.35000000,175193928.16999981,2323596.31000000,0.01326300
WOART,2019,710,1,22,142927.36000000,175193928.16999981,2466523.67000000,0.01407882
WOART,2019,710,1,23,133804.80000000,175193928.16999981,2600328.47000000,0.01484257
WOART,2019,710,1,24,77003.19000000,175193928.16999981,2677331.66000000,0.01528210
WOART,2019,710,1,25,132303.26000000,175193928.16999981,2809634.92000000,0.01603728
WOART,2019,710,1,26,97417.21000000,175193928.16999981,2907052.13000000,0.01659334
WOART,2019,710,1,27,196069.25000000,175193928.16999981,3103121.38000000,0.01771249
WOART,2019,710,1,28,191717.50000000,175193928.16999981,3294838.88000000,0.01880681
WOART,2019,710,1,29,58212.46000000,175193928.16999981,3353051.34000000,0.01913908
WOART,2019,710,1,30,94514.15000000,175193928.16999981,3447565.49000000,0.01967857
WOART,2019,710,1,31,90562.00000000,175193928.16999981,3538127.49000000,0.02019549
WOART,2019,710,1,32,65442.94000000,175193928.16999981,3603570.43000000,0.02056904
WOART,2019,710,1,33,124915.53000000,175193928.16999981,3728485.96000000,0.02128205
WOART,2019,710,1,34,35331.78000000,175193928.16999981,3763817.74000000,0.02148372
WOART,2019,710,1,36,9997.15000000,175193928.16999981,3773814.89000000,0.02154079
WOART,2019,710,1,37,31515.13000000,175193928.16999981,3805330.02000000,0.02172067
WOART,2019,710,1,38,18794.52000000,175193928.16999981,3824124.54000000,0.02182795
WOART,2019,710,1,39,31448.96000000,175193928.16999981,3855573.50000000,0.02200746
WOART,2019,710,1,40,1009.44000000,175193928.16999981,3856582.94000000,0.02201322
WOART,2019,710,1,41,84644.14000000,175193928.16999981,3941227.08000000,0.02249637
WOART,2019,710,1,44,16733.18000000,175193928.16999981,3957960.26000000,0.02259188
WOART,2019,710,1,45,35889.42000000,175193928.16999981,3993849.68000000,0.02279674
WOART,2019,710,1,46,40272.27000000,175193928.16999981,4034121.95000000,0.02302661
WOART,2019,710,1,47,26894.34000000,175193928.16999981,4061016.29000000,0.02318012
WOART,2019,710,1,48,23965.84000000,175193928.16999981,4084982.13000000,0.02331692
WOART,2019,710,1,50,51563.67000000,175193928.16999981,4136545.80000000,0.02361124
WOART,2019,710,1,51,22965.79000000,175193928.16999981,4159511.59000000,0.02374233
WOART,2019,710,1,54,39122.62000000,175193928.16999981,4198634.21000000,0.02396564
WOART,2019,710,1,64,1239.27000000,175193928.16999981,4199873.48000000,0.02397271
WOART,2019,710,1,65,17140.12000000,175193928.16999981,4217013.60000000,0.02407055
WOART,2019,710,1,66,31750.06000000,175193928.16999981,4248763.66000000,0.02425177
WOART,2019,710,1,70,2422.46000000,175193928.16999981,4251186.12000000,0.02426560
WOART,2019,710,1,72,4944.62000000,175193928.16999981,4256130.74000000,0.02429383
WOART,2019,710,1,73,914.67000000,175193928.16999981,4257045.41000000,0.02429905
WOART,2019,710,1,74,6102.95000000,175193928.16999981,4263148.36000000,0.02433388
WOART,2019,710,1,76,1363.90000000,175193928.16999981,4264512.26000000,0.02434167
WOART,2019,710,1,77,412.79000000,175193928.16999981,4264925.05000000,0.02434402
WOART,2019,710,1,78,1067.76000000,175193928.16999981,4265992.81000000,0.02435012
WOART,2019,710,1,79,3137.10000000,175193928.16999981,4269129.91000000,0.02436802
WOART,2019,710,1,80,4158.42000000,175193928.16999981,4273288.33000000,0.02439176
WOART,2019,710,1,84,2392.74000000,175193928.16999981,4275681.07000000,0.02440542
WOART,2019,710,2,11,18072.41000000,16856509.84999999,18072.41000000,0.00107213
WOART,2019,710,2,14,10999.29000000,16856509.84999999,29071.70000000,0.00172466
WOART,2019,710,2,16,17035.83000000,16856509.84999999,46107.53000000,0.00273530
WOART,2019,710,2,17,35109.80000000,16856509.84999999,81217.33000000,0.00481816
WOART,2019,710,2,18,67112.82000000,16856509.84999999,148330.15000000,0.00879958
WOART,2019,710,2,19,83646.70000000,16856509.84999999,231976.85000000,0.01376186
WOART,2019,710,2,20,22842.42000000,16856509.84999999,254819.27000000,0.01511697
WOART,2019,710,2,21,14152.61000000,16856509.84999999,268971.88000000,0.01595656
WOART,2019,710,2,22,17759.88000000,16856509.84999999,286731.76000000,0.01701015
WOART,2019,710,2,23,8540.42000000,16856509.84999999,295272.18000000,0.01751680
WOART,2019,710,2,24,2530.35000000,16856509.84999999,297802.53000000,0.01766692
WOART,2019,710,2,27,4444.22000000,16856509.84999999,302246.75000000,0.01793057
WOART,2019,710,2,28,37186.30000000,16856509.84999999,339433.05000000,0.02013662
WOART,2019,710,2,29,25242.51000000,16856509.84999999,364675.56000000,0.02163411
WOART,2019,710,2,31,18207.96000000,16856509.84999999,382883.52000000,0.02271428
WOART,2019,710,2,37,11810.16000000,16856509.84999999,394693.68000000,0.02341491
WOART,2019,710,2,38,28989.65000000,16856509.84999999,423683.33000000,0.02513470
WOART,2019,710,2,40,34927.63000000,16856509.84999999,458610.96000000,0.02720676
WOART,2019,710,2,42,8497.11000000,16856509.84999999,467108.07000000,0.02771084
WOART,2019,710,2,46,13226.64000000,16856509.84999999,480334.71000000,0.02849550
WOART,2019,710,2,49,11074.49000000,16856509.84999999,491409.20000000,0.02915249
WOART,2019,710,2,56,18680.36000000,16856509.84999999,510089.56000000,0.03026069
WOART,2019,710,2,66,2350.09000000,16856509.84999999,512439.65000000,0.03040010
WOART,2019,710,2,68,2896.69000000,16856509.84999999,515336.34000000,0.03057195
WOART,2019,710,2,69,5106.90000000,16856509.84999999,520443.24000000,0.03087491
WOART,2019,710,2,76,4956.95000000,16856509.84999999,525400.19000000,0.03116898
WOART,2019,720,1,7,37938.08000000,186737074.97000012,37938.08000000,0.00020316
WOART,2019,720,1,8,1789.94000000,186737074.97000012,39728.02000000,0.00021275
WOART,2019,720,1,9,138577.31000000,186737074.97000012,178305.33000000,0.00095485
WOART,2019,720,1,10,154544.96000000,186737074.97000012,332850.29000000,0.00178245
WOART,2019,720,1,11,142548.03000000,186737074.97000012,475398.32000000,0.00254582
WOART,2019,720,1,12,57924.39000000,186737074.97000012,533322.71000000,0.00285601
WOART,2019,720,1,13,261089.58000000,186737074.97000012,794412.29000000,0.00425418
WOART,2019,720,1,14,101927.50000000,186737074.97000012,896339.79000000,0.00480001
WOART,2019,720,1,15,255043.22000000,186737074.97000012,1151383.01000000,0.00616580
WOART,2019,720,1,16,109890.78000000,186737074.97000012,1261273.79000000,0.00675428
WOART,2019,720,1,17,21331.71000000,186737074.97000012,1282605.50000000,0.00686851
WOART,2019,720,1,18,157299.39000000,186737074.97000012,1439904.89000000,0.00771087
WOART,2019,720,1,19,116784.63000000,186737074.97000012,1556689.52000000,0.00833626
WOART,2019,720,1,20,243056.73000000,186737074.97000012,1799746.25000000,0.00963786
WOART,2019,720,1,21,81263.11000000,186737074.97000012,1881009.36000000,0.01007304
WOART,2019,720,1,22,182132.54000000,186737074.97000012,2063141.90000000,0.01104838
WOART,2019,720,1,23,116847.91000000,186737074.97000012,2179989.81000000,0.01167411
WOART,2019,720,1,24,82031.79000000,186737074.97000012,2262021.60000000,0.01211340
WOART,2019,720,1,25,90577.76000000,186737074.97000012,2352599.36000000,0.01259846
WOART,2019,720,1,26,87245.76000000,186737074.97000012,2439845.12000000,0.01306567
WOART,2019,720,1,27,89773.44000000,186737074.97000012,2529618.56000000,0.01354642
WOART,2019,720,1,28,83003.34000000,186737074.97000012,2612621.90000000,0.01399091
WOART,2019,720,1,29,18429.05000000,186737074.97000012,2631050.95000000,0.01408960
WOART,2019,720,1,31,81056.90000000,186737074.97000012,2712107.85000000,0.01452367
WOART,2019,720,1,32,60103.80000000,186737074.97000012,2772211.65000000,0.01484553
WOART,2019,720,1,33,41276.59000000,186737074.97000012,2813488.24000000,0.01506658
WOART,2019,720,1,34,32046.55000000,186737074.97000012,2845534.79000000,0.01523819
WOART,2019,720,1,35,78625.17000000,186737074.97000012,2924159.96000000,0.01565924
WOART,2019,720,1,36,44615.32000000,186737074.97000012,2968775.28000000,0.01589816
WOART,2019,720,1,37,34538.34000000,186737074.97000012,3003313.62000000,0.01608311
WOART,2019,720,1,38,35350.49000000,186737074.97000012,3038664.11000000,0.01627242
WOART,2019,720,1,39,17050.46000000,186737074.97000012,3055714.57000000,0.01636373
WOART,2019,720,1,40,51437.46000000,186737074.97000012,3107152.03000000,0.01663918
WOART,2019,720,1,41,33857.94000000,186737074.97000012,3141009.97000000,0.01682049
WOART,2019,720,1,42,53011.80000000,186737074.97000012,3194021.77000000,0.01710438
WOART,2019,720,1,43,21105.39000000,186737074.97000012,3215127.16000000,0.01721740
WOART,2019,720,1,45,54022.10000000,186737074.97000012,3269149.26000000,0.01750670
WOART,2019,720,1,46,14633.68000000,186737074.97000012,3283782.94000000,0.01758506
WOART,2019,720,1,48,12976.49000000,186737074.97000012,3296759.43000000,0.01765455
WOART,2019,720,1,49,48631.49000000,186737074.97000012,3345390.92000000,0.01791498
WOART,2019,720,1,50,19413.01000000,186737074.97000012,3364803.93000000,0.01801894
WOART,2019,720,1,52,15795.26000000,186737074.97000012,3380599.19000000,0.01810352
WOART,2019,720,1,54,34009.12000000,186737074.97000012,3414608.31000000,0.01828565
WOART,2019,720,1,55,38265.95000000,186737074.97000012,3452874.26000000,0.01849057
WOART,2019,720,1,60,15911.40000000,186737074.97000012,3468785.66000000,0.01857577
WOART,2019,720,1,61,3428.85000000,186737074.97000012,3472214.51000000,0.01859414
WOART,2019,720,1,62,8307.45000000,186737074.97000012,3480521.96000000,0.01863862
WOART,2019,720,1,64,5814.11000000,186737074.97000012,3486336.07000000,0.01866976
WOART,2019,720,1,68,7325.21000000,186737074.97000012,3493661.28000000,0.01870899
WOART,2019,720,1,70,6869.01000000,186737074.97000012,3500530.29000000,0.01874577
WOART,2019,720,1,71,7285.99000000,186737074.97000012,3507816.28000000,0.01878479
WOART,2019,720,1,72,7301.62000000,186737074.97000012,3515117.90000000,0.01882389
WOART,2019,720,1,75,1940.09000000,186737074.97000012,3517057.99000000,0.01883428
WOART,2019,720,1,77,2868.75000000,186737074.97000012,3519926.74000000,0.01884964
WOART,2019,720,1,78,3952.08000000,186737074.97000012,3523878.82000000,0.01887080
WOART,2019,720,1,82,1734.88000000,186737074.97000012,3525613.70000000,0.01888009
WOART,2019,720,1,83,1050.12000000,186737074.97000012,3526663.82000000,0.01888572
WOART,2019,720,2,9,29510.92000000,21019037.44999998,29510.92000000,0.00140401
WOART,2019,720,2,15,22143.46000000,21019037.44999998,51654.38000000,0.00245750
WOART,2019,720,2,16,39298.38000000,21019037.44999998,90952.76000000,0.00432716
WOART,2019,720,2,17,20357.31000000,21019037.44999998,111310.07000000,0.00529568
WOART,2019,720,2,19,54386.82000000,21019037.44999998,165696.89000000,0.00788318
WOART,2019,720,2,20,21447.94000000,21019037.44999998,187144.83000000,0.00890359
WOART,2019,720,2,21,919.25000000,21019037.44999998,188064.08000000,0.00894732
WOART,2019,720,2,22,731.36000000,21019037.44999998,188795.44000000,0.00898212
WOART,2019,720,2,23,21799.47000000,21019037.44999998,210594.91000000,0.01001925
WOART,2019,720,2,24,3921.39000000,21019037.44999998,214516.30000000,0.01020581
WOART,2019,720,2,26,15743.32000000,21019037.44999998,230259.62000000,0.01095481
WOART,2019,720,2,32,43975.15000000,21019037.44999998,274234.77000000,0.01304697
WOART,2019,720,2,34,15485.27000000,21019037.44999998,289720.04000000,0.01378370
WOART,2019,720,2,36,17217.02000000,21019037.44999998,306937.06000000,0.01460281
WOART,2019,720,2,37,18667.67000000,21019037.44999998,325604.73000000,0.01549094
WOART,2019,720,2,39,14085.10000000,21019037.44999998,339689.83000000,0.01616106
WOART,2019,720,2,50,14341.95000000,21019037.44999998,354031.78000000,0.01684339
WOART,2019,720,2,62,8467.03000000,21019037.44999998,362498.81000000,0.01724621
WOART,2019,720,2,65,7846.79000000,21019037.44999998,370345.60000000,0.01761953
WOART,2019,720,2,69,5199.08000000,21019037.44999998,375544.68000000,0.01786688
WOART,2019,720,2,77,2525.69000000,21019037.44999998,378070.37000000,0.01798704
WOART,2019,720,2,79,330.09000000,21019037.44999998,378400.46000000,0.01800275
WOART,2019,730,1,8,108814.72000000,186268640.91999990,108814.72000000,0.00058418
WOART,2019,730,1,9,40852.54000000,186268640.91999990,149667.26000000,0.00080350
WOART,2019,730,1,10,114294.35000000,186268640.91999990,263961.61000000,0.00141710
WOART,2019,730,1,11,89781.24000000,186268640.91999990,353742.85000000,0.00189910
WOART,2019,730,1,12,109073.62000000,186268640.91999990,462816.47000000,0.00248467
WOART,2019,730,1,13,84246.54000000,186268640.91999990,547063.01000000,0.00293696
WOART,2019,730,1,14,173056.39000000,186268640.91999990,720119.40000000,0.00386603
WOART,2019,730,1,15,46805.08000000,186268640.91999990,766924.48000000,0.00411730
WOART,2019,730,1,16,152807.58000000,186268640.91999990,919732.06000000,0.00493766
WOART,2019,730,1,17,120849.79000000,186268640.91999990,1040581.85000000,0.00558646
WOART,2019,730,1,18,69815.17000000,186268640.91999990,1110397.02000000,0.00596127
WOART,2019,730,1,19,91502.32000000,186268640.91999990,1201899.34000000,0.00645251
WOART,2019,730,1,20,125281.78000000,186268640.91999990,1327181.12000000,0.00712509
WOART,2019,730,1,21,187954.07000000,186268640.91999990,1515135.19000000,0.00813414
WOART,2019,730,1,22,123873.59000000,186268640.91999990,1639008.78000000,0.00879917
WOART,2019,730,1,23,24529.98000000,186268640.91999990,1663538.76000000,0.00893086
WOART,2019,730,1,24,185963.69000000,186268640.91999990,1849502.45000000,0.00992922
WOART,2019,730,1,25,88186.39000000,186268640.91999990,1937688.84000000,0.01040266
WOART,2019,730,1,26,172080.18000000,186268640.91999990,2109769.02000000,0.01132649
WOART,2019,730,1,27,142950.98000000,186268640.91999990,2252720.00000000,0.01209393
WOART,2019,730,1,29,585.64000000,186268640.91999990,2253305.64000000,0.01209707
WOART,2019,730,1,30,22695.92000000,186268640.91999990,2276001.56000000,0.01221892
WOART,2019,730,1,31,78737.61000000,186268640.91999990,2354739.17000000,0.01264163
WOART,2019,730,1,32,96165.78000000,186268640.91999990,2450904.95000000,0.01315790
WOART,2019,730,1,33,44930.83000000,186268640.91999990,2495835.78000000,0.01339912
WOART,2019,730,1,34,24772.76000000,186268640.91999990,2520608.54000000,0.01353211
WOART,2019,730,1,35,53423.82000000,186268640.91999990,2574032.36000000,0.01381892
WOART,2019,730,1,37,47759.08000000,186268640.91999990,2621791.44000000,0.01407532
WOART,2019,730,1,38,33771.24000000,186268640.91999990,2655562.68000000,0.01425663
WOART,2019,730,1,39,66637.00000000,186268640.91999990,2722199.68000000,0.01461437
WOART,2019,730,1,41,28878.64000000,186268640.91999990,2751078.32000000,0.01476941
WOART,2019,730,1,43,77889.46000000,186268640.91999990,2828967.78000000,0.01518757
WOART,2019,730,1,45,15227.36000000,186268640.91999990,2844195.14000000,0.01526932
WOART,2019,730,1,47,35737.06000000,186268640.91999990,2879932.20000000,0.01546118
WOART,2019,730,1,48,47471.77000000,186268640.91999990,2927403.97000000,0.01571603
WOART,2019,730,1,49,31581.77000000,186268640.91999990,2958985.74000000,0.01588558
WOART,2019,730,1,51,16122.21000000,186268640.91999990,2975107.95000000,0.01597214
WOART,2019,730,1,54,15621.26000000,186268640.91999990,2990729.21000000,0.01605600
WOART,2019,730,1,59,9211.95000000,186268640.91999990,2999941.16000000,0.01610545
WOART,2019,730,1,62,600.30000000,186268640.91999990,3000541.46000000,0.01610868
WOART,2019,730,1,63,730.79000000,186268640.91999990,3001272.25000000,0.01611260
WOART,2019,730,1,66,7464.45000000,186268640.91999990,3008736.70000000,0.01615267
WOART,2019,730,1,69,11975.67000000,186268640.91999990,3020712.37000000,0.01621697
WOART,2019,730,1,70,9718.30000000,186268640.91999990,3030430.67000000,0.01626914
WOART,2019,730,1,73,5777.41000000,186268640.91999990,3036208.08000000,0.01630016
WOART,2019,730,1,76,4591.38000000,186268640.91999990,3040799.46000000,0.01632481
WOART,2019,730,1,80,4872.72000000,186268640.91999990,3045672.18000000,0.01635097
WOART,2019,730,1,81,198.02000000,186268640.91999990,3045870.20000000,0.01635203
WOART,2019,730,2,7,2812.06000000,17500301.02000000,2812.06000000,0.00016069
WOART,2019,730,2,9,21207.15000000,17500301.02000000,24019.21000000,0.00137250
WOART,2019,730,2,12,992.29000000,17500301.02000000,25011.50000000,0.00142920
WOART,2019,730,2,13,2389.86000000,17500301.02000000,27401.36000000,0.00156577
WOART,2019,730,2,16,11167.52000000,17500301.02000000,38568.88000000,0.00220390
WOART,2019,730,2,17,74273.57000000,17500301.02000000,112842.45000000,0.00644803
WOART,2019,730,2,19,1253.21000000,17500301.02000000,114095.66000000,0.00651964
WOART,2019,730,2,21,18933.48000000,17500301.02000000,133029.14000000,0.00760153
WOART,2019,730,2,25,6804.51000000,17500301.02000000,139833.65000000,0.00799036
WOART,2019,730,2,27,42645.37000000,17500301.02000000,182479.02000000,0.01042719
WOART,2019,730,2,31,10458.89000000,17500301.02000000,192937.91000000,0.01102483
WOART,2019,730,2,32,2037.71000000,17500301.02000000,194975.62000000,0.01114127
WOART,2019,730,2,35,7578.75000000,17500301.02000000,202554.37000000,0.01157434
WOART,2019,730,2,41,4848.84000000,17500301.02000000,207403.21000000,0.01185141
WOART,2019,730,2,42,17482.76000000,17500301.02000000,224885.97000000,0.01285041
WOART,2019,730,2,48,8235.49000000,17500301.02000000,233121.46000000,0.01332100
WOART,2019,730,2,50,7484.55000000,17500301.02000000,240606.01000000,0.01374868
WOART,2019,740,1,6,57392.29000000,168496691.11999980,57392.29000000,0.00034061
WOART,2019,740,1,8,71457.67000000,168496691.11999980,128849.96000000,0.00076470
WOART,2019,740,1,9,68954.84000000,168496691.11999980,197804.80000000,0.00117394
WOART,2019,740,1,10,1000.27000000,168496691.11999980,198805.07000000,0.00117988
WOART,2019,740,1,11,73033.07000000,168496691.11999980,271838.14000000,0.00161331
WOART,2019,740,1,12,30667.50000000,168496691.11999980,302505.64000000,0.00179532
WOART,2019,740,1,13,40734.35000000,168496691.11999980,343239.99000000,0.00203707
WOART,2019,740,1,14,213184.23000000,168496691.11999980,556424.22000000,0.00330229
WOART,2019,740,1,15,35609.48000000,168496691.11999980,592033.70000000,0.00351362
WOART,2019,740,1,16,107195.57000000,168496691.11999980,699229.27000000,0.00414981
WOART,2019,740,1,17,43398.47000000,168496691.11999980,742627.74000000,0.00440737
WOART,2019,740,1,18,59734.28000000,168496691.11999980,802362.02000000,0.00476189
WOART,2019,740,1,19,29560.54000000,168496691.11999980,831922.56000000,0.00493732
WOART,2019,740,1,20,113180.19000000,168496691.11999980,945102.75000000,0.00560903
WOART,2019,740,1,21,175529.06000000,168496691.11999980,1120631.81000000,0.00665076
WOART,2019,740,1,22,57000.74000000,168496691.11999980,1177632.55000000,0.00698905
WOART,2019,740,1,23,60742.93000000,168496691.11999980,1238375.48000000,0.00734955
WOART,2019,740,1,24,166329.19000000,168496691.11999980,1404704.67000000,0.00833669
WOART,2019,740,1,26,49066.54000000,168496691.11999980,1453771.21000000,0.00862789
WOART,2019,740,1,27,69307.86000000,168496691.11999980,1523079.07000000,0.00903922
WOART,2019,740,1,28,27085.72000000,168496691.11999980,1550164.79000000,0.00919997
WOART,2019,740,1,29,113391.92000000,168496691.11999980,1663556.71000000,0.00987293
WOART,2019,740,1,30,50428.77000000,168496691.11999980,1713985.48000000,0.01017222
WOART,2019,740,1,34,49809.34000000,168496691.11999980,1763794.82000000,0.01046783
WOART,2019,740,1,37,37577.15000000,168496691.11999980,1801371.97000000,0.01069084
WOART,2019,740,1,40,21900.14000000,168496691.11999980,1823272.11000000,0.01082082
WOART,2019,740,1,41,10886.53000000,168496691.11999980,1834158.64000000,0.01088543
WOART,2019,740,1,42,37761.01000000,168496691.11999980,1871919.65000000,0.01110953
WOART,2019,740,1,45,9401.33000000,168496691.11999980,1881320.98000000,0.01116533
WOART,2019,740,1,50,43789.24000000,168496691.11999980,1925110.22000000,0.01142521
WOART,2019,740,1,51,11841.61000000,168496691.11999980,1936951.83000000,0.01149549
WOART,2019,740,1,53,12266.74000000,168496691.11999980,1949218.57000000,0.01156829
WOART,2019,740,1,54,19741.86000000,168496691.11999980,1968960.43000000,0.01168545
WOART,2019,740,1,55,9356.39000000,168496691.11999980,1978316.82000000,0.01174098
WOART,2019,740,1,57,7416.30000000,168496691.11999980,1985733.12000000,0.01178500
WOART,2019,740,1,69,7296.72000000,168496691.11999980,1993029.84000000,0.01182830
WOART,2019,740,1,70,5150.63000000,168496691.11999980,1998180.47000000,0.01185887
WOART,2019,740,1,77,2211.84000000,168496691.11999980,2000392.31000000,0.01187200
WOART,2019,740,1,79,1389.96000000,168496691.11999980,2001782.27000000,0.01188025
WOART,2019,740,2,9,28936.19000000,16123273.17999999,28936.19000000,0.00179468
WOART,2019,740,2,18,17301.55000000,16123273.17999999,46237.74000000,0.00286776
WOART,2019,740,2,19,21887.18000000,16123273.17999999,68124.92000000,0.00422525
WOART,2019,740,2,23,12076.83000000,16123273.17999999,80201.75000000,0.00497428
WOART,2019,740,2,24,1411.52000000,16123273.17999999,81613.27000000,0.00506183
WOART,2019,740,2,27,500.39000000,16123273.17999999,82113.66000000,0.00509287
WOART,2019,740,2,28,33319.31000000,16123273.17999999,115432.97000000,0.00715940
WOART,2019,740,2,32,36132.97000000,16123273.17999999,151565.94000000,0.00940044
WOART,2019,740,2,39,13134.85000000,16123273.17999999,164700.79000000,0.01021510
WOART,2019,740,2,42,7700.57000000,16123273.17999999,172401.36000000,0.01069270
WOART,2019,740,2,53,1296.81000000,16123273.17999999,173698.17000000,0.01077313
WOART,2019,740,2,71,3304.27000000,16123273.17999999,177002.44000000,0.01097807
WOART,2019,750,1,9,65352.90000000,174502345.39999971,65352.90000000,0.00037451
WOART,2019,750,1,10,50176.76000000,174502345.39999971,115529.66000000,0.00066205
WOART,2019,750,1,11,85614.72000000,174502345.39999971,201144.38000000,0.00115267
WOART,2019,750,1,12,20058.79000000,174502345.39999971,221203.17000000,0.00126762
WOART,2019,750,1,13,55918.88000000,174502345.39999971,277122.05000000,0.00158807
WOART,2019,750,1,14,65591.35000000,174502345.39999971,342713.40000000,0.00196395
WOART,2019,750,1,15,147576.85000000,174502345.39999971,490290.25000000,0.00280965
WOART,2019,750,1,16,54570.72000000,174502345.39999971,544860.97000000,0.00312237
WOART,2019,750,1,17,97482.26000000,174502345.39999971,642343.23000000,0.00368100
WOART,2019,750,1,18,14305.52000000,174502345.39999971,656648.75000000,0.00376298
WOART,2019,750,1,19,106016.44000000,174502345.39999971,762665.19000000,0.00437052
WOART,2019,750,1,20,134244.58000000,174502345.39999971,896909.77000000,0.00513981
WOART,2019,750,1,22,118776.25000000,174502345.39999971,1015686.02000000,0.00582047
WOART,2019,750,1,23,47520.08000000,174502345.39999971,1063206.10000000,0.00609279
WOART,2019,750,1,24,82153.66000000,174502345.39999971,1145359.76000000,0.00656358
WOART,2019,750,1,25,86814.60000000,174502345.39999971,1232174.36000000,0.00706108
WOART,2019,750,1,27,52310.55000000,174502345.39999971,1284484.91000000,0.00736085
WOART,2019,750,1,28,36783.41000000,174502345.39999971,1321268.32000000,0.00757164
WOART,2019,750,1,30,3953.78000000,174502345.39999971,1325222.10000000,0.00759429
WOART,2019,750,1,31,71464.47000000,174502345.39999971,1396686.57000000,0.00800383
WOART,2019,750,1,34,48398.15000000,174502345.39999971,1445084.72000000,0.00828118
WOART,2019,750,1,35,52101.04000000,174502345.39999971,1497185.76000000,0.00857975
WOART,2019,750,1,36,20939.36000000,174502345.39999971,1518125.12000000,0.00869974
WOART,2019,750,1,37,87758.28000000,174502345.39999971,1605883.40000000,0.00920265
WOART,2019,750,1,39,12648.55000000,174502345.39999971,1618531.95000000,0.00927513
WOART,2019,750,1,40,23653.74000000,174502345.39999971,1642185.69000000,0.00941068
WOART,2019,750,1,41,3338.06000000,174502345.39999971,1645523.75000000,0.00942981
WOART,2019,750,1,44,13597.27000000,174502345.39999971,1659121.02000000,0.00950773
WOART,2019,750,1,46,35424.32000000,174502345.39999971,1694545.34000000,0.00971073
WOART,2019,750,1,47,13459.66000000,174502345.39999971,1708005.00000000,0.00978786
WOART,2019,750,1,48,15187.74000000,174502345.39999971,1723192.74000000,0.00987490
WOART,2019,750,1,49,9959.20000000,174502345.39999971,1733151.94000000,0.00993197
WOART,2019,750,1,51,42609.80000000,174502345.39999971,1775761.74000000,0.01017615
WOART,2019,750,1,53,22730.06000000,174502345.39999971,1798491.80000000,0.01030640
WOART,2019,750,1,54,13125.68000000,174502345.39999971,1811617.48000000,0.01038162
WOART,2019,750,1,60,7049.01000000,174502345.39999971,1818666.49000000,0.01042202
WOART,2019,750,1,61,9251.45000000,174502345.39999971,1827917.94000000,0.01047503
WOART,2019,750,1,63,7160.20000000,174502345.39999971,1835078.14000000,0.01051607
WOART,2019,750,1,64,14240.15000000,174502345.39999971,1849318.29000000,0.01059767
WOART,2019,750,1,72,2491.83000000,174502345.39999971,1851810.12000000,0.01061195
WOART,2019,750,1,73,4103.78000000,174502345.39999971,1855913.90000000,0.01063547
WOART,2019,750,1,74,415.90000000,174502345.39999971,1856329.80000000,0.01063785
WOART,2019,750,1,79,1143.46000000,174502345.39999971,1857473.26000000,0.01064440
WOART,2019,750,1,81,2902.25000000,174502345.39999971,1860375.51000000,0.01066103
WOART,2019,750,2,10,17806.54000000,14127409.83000001,17806.54000000,0.00126042
WOART,2019,750,2,16,58432.43000000,14127409.83000001,76238.97000000,0.00539653
WOART,2019,750,2,23,10209.45000000,14127409.83000001,86448.42000000,0.00611920
WOART,2019,750,2,25,18067.69000000,14127409.83000001,104516.11000000,0.00739811
WOART,2019,750,2,28,17098.75000000,14127409.83000001,121614.86000000,0.00860843
WOART,2019,750,2,29,14499.94000000,14127409.83000001,136114.80000000,0.00963480
WOART,2019,750,2,30,5413.50000000,14127409.83000001,141528.30000000,0.01001799
WOART,2019,750,2,31,1947.97000000,14127409.83000001,143476.27000000,0.01015588
WOART,2019,750,2,48,8190.14000000,14127409.83000001,151666.41000000,0.01073561
WOART,2019,750,2,70,2447.66000000,14127409.83000001,154114.07000000,0.01090887
WOART,2019,750,2,77,794.94000000,14127409.83000001,154909.01000000,0.01096514
WOART,2019,760,1,8,31047.07000000,144441024.34999990,31047.07000000,0.00021495
WOART,2019,760,1,9,28370.53000000,144441024.34999990,59417.60000000,0.00041136
WOART,2019,760,1,11,69947.78000000,144441024.34999990,129365.38000000,0.00089563
WOART,2019,760,1,12,32695.09000000,144441024.34999990,162060.47000000,0.00112198
WOART,2019,760,1,14,93140.23000000,144441024.34999990,255200.70000000,0.00176682
WOART,2019,760,1,15,160162.10000000,144441024.34999990,415362.80000000,0.00287566
WOART,2019,760,1,16,19828.87000000,144441024.34999990,435191.67000000,0.00301294
WOART,2019,760,1,17,28246.01000000,144441024.34999990,463437.68000000,0.00320849
WOART,2019,760,1,18,93346.39000000,144441024.34999990,556784.07000000,0.00385475
WOART,2019,760,1,19,107302.95000000,144441024.34999990,664087.02000000,0.00459763
WOART,2019,760,1,21,37544.11000000,144441024.34999990,701631.13000000,0.00485756
WOART,2019,760,1,22,34967.79000000,144441024.34999990,736598.92000000,0.00509965
WOART,2019,760,1,23,39801.47000000,144441024.34999990,776400.39000000,0.00537521
WOART,2019,760,1,24,64531.01000000,144441024.34999990,840931.40000000,0.00582197
WOART,2019,760,1,27,55438.94000000,144441024.34999990,896370.34000000,0.00620579
WOART,2019,760,1,30,56168.85000000,144441024.34999990,952539.19000000,0.00659466
WOART,2019,760,1,31,37035.82000000,144441024.34999990,989575.01000000,0.00685107
WOART,2019,760,1,32,16415.99000000,144441024.34999990,1005991.00000000,0.00696472
WOART,2019,760,1,33,49423.78000000,144441024.34999990,1055414.78000000,0.00730689
WOART,2019,760,1,34,74800.14000000,144441024.34999990,1130214.92000000,0.00782475
WOART,2019,760,1,39,52518.83000000,144441024.34999990,1182733.75000000,0.00818835
WOART,2019,760,1,41,39270.28000000,144441024.34999990,1222004.03000000,0.00846023
WOART,2019,760,1,42,40206.51000000,144441024.34999990,1262210.54000000,0.00873859
WOART,2019,760,1,45,34676.91000000,144441024.34999990,1296887.45000000,0.00897866
WOART,2019,760,1,46,16935.11000000,144441024.34999990,1313822.56000000,0.00909591
WOART,2019,760,1,47,20331.56000000,144441024.34999990,1334154.12000000,0.00923667
WOART,2019,760,1,52,1253.12000000,144441024.34999990,1335407.24000000,0.00924535
WOART,2019,760,1,53,9496.87000000,144441024.34999990,1344904.11000000,0.00931110
WOART,2019,760,1,57,21475.04000000,144441024.34999990,1366379.15000000,0.00945977
WOART,2019,760,1,61,2034.11000000,144441024.34999990,1368413.26000000,0.00947385
WOART,2019,760,1,62,12000.12000000,144441024.34999990,1380413.38000000,0.00955693
WOART,2019,760,1,64,5625.58000000,144441024.34999990,1386038.96000000,0.00959588
WOART,2019,760,1,70,5452.53000000,144441024.34999990,1391491.49000000,0.00963363
WOART,2019,760,1,76,3062.47000000,144441024.34999990,1394553.96000000,0.00965483
WOART,2019,760,1,77,350.58000000,144441024.34999990,1394904.54000000,0.00965726
WOART,2019,760,1,80,3988.22000000,144441024.34999990,1398892.76000000,0.00968487
WOART,2019,760,2,22,12059.62000000,11292429.20000000,12059.62000000,0.00106794
WOART,2019,760,2,23,1265.14000000,11292429.20000000,13324.76000000,0.00117997
WOART,2019,760,2,25,17877.76000000,11292429.20000000,31202.52000000,0.00276314
WOART,2019,760,2,34,31243.45000000,11292429.20000000,62445.97000000,0.00552990
WOART,2019,760,2,35,23881.32000000,11292429.20000000,86327.29000000,0.00764471
WOART,2019,760,2,37,23264.46000000,11292429.20000000,109591.75000000,0.00970489
WOART,2019,760,2,38,14707.46000000,11292429.20000000,124299.21000000,0.01100730
WOART,2019,760,2,75,1290.90000000,11292429.20000000,125590.11000000,0.01112162
WOART,2019,770,1,7,35754.19000000,153142707.82000032,35754.19000000,0.00023347
WOART,2019,770,1,8,51801.85000000,153142707.82000032,87556.04000000,0.00057173
WOART,2019,770,1,9,60981.94000000,153142707.82000032,148537.98000000,0.00096993
WOART,2019,770,1,11,121623.07000000,153142707.82000032,270161.05000000,0.00176411
WOART,2019,770,1,12,33316.23000000,153142707.82000032,303477.28000000,0.00198166
WOART,2019,770,1,13,94846.27000000,153142707.82000032,398323.55000000,0.00260100
WOART,2019,770,1,14,66638.45000000,153142707.82000032,464962.00000000,0.00303614
WOART,2019,770,1,16,82711.57000000,153142707.82000032,547673.57000000,0.00357623
WOART,2019,770,1,17,88055.62000000,153142707.82000032,635729.19000000,0.00415122
WOART,2019,770,1,18,35273.30000000,153142707.82000032,671002.49000000,0.00438155
WOART,2019,770,1,19,73389.71000000,153142707.82000032,744392.20000000,0.00486077
WOART,2019,770,1,20,28710.32000000,153142707.82000032,773102.52000000,0.00504825
WOART,2019,770,1,21,36175.32000000,153142707.82000032,809277.84000000,0.00528447
WOART,2019,770,1,22,83050.85000000,153142707.82000032,892328.69000000,0.00582678
WOART,2019,770,1,23,63037.09000000,153142707.82000032,955365.78000000,0.00623840
WOART,2019,770,1,26,58889.83000000,153142707.82000032,1014255.61000000,0.00662294
WOART,2019,770,1,27,31889.33000000,153142707.82000032,1046144.94000000,0.00683118
WOART,2019,770,1,29,54128.41000000,153142707.82000032,1100273.35000000,0.00718463
WOART,2019,770,1,32,33116.76000000,153142707.82000032,1133390.11000000,0.00740088
WOART,2019,770,1,33,19641.19000000,153142707.82000032,1153031.30000000,0.00752913
WOART,2019,770,1,41,16213.26000000,153142707.82000032,1169244.56000000,0.00763500
WOART,2019,770,1,42,25315.40000000,153142707.82000032,1194559.96000000,0.00780031
WOART,2019,770,1,50,36529.18000000,153142707.82000032,1231089.14000000,0.00803884
WOART,2019,770,1,52,10783.83000000,153142707.82000032,1241872.97000000,0.00810925
WOART,2019,770,1,67,2585.28000000,153142707.82000032,1244458.25000000,0.00812613
WOART,2019,770,1,77,631.72000000,153142707.82000032,1245089.97000000,0.00813026
WOART,2019,770,2,13,721.82000000,10994014.63000000,721.82000000,0.00006566
WOART,2019,770,2,23,18106.16000000,10994014.63000000,18827.98000000,0.00171257
WOART,2019,770,2,43,9868.05000000,10994014.63000000,28696.03000000,0.00261015
WOART,2019,770,2,44,12346.82000000,10994014.63000000,41042.85000000,0.00373320
WOART,2019,780,1,7,37767.32000000,159272486.55000010,37767.32000000,0.00023712
WOART,2019,780,1,12,46310.61000000,159272486.55000010,84077.93000000,0.00052789
WOART,2019,780,1,14,92270.84000000,159272486.55000010,176348.77000000,0.00110721
WOART,2019,780,1,15,69126.18000000,159272486.55000010,245474.95000000,0.00154123
WOART,2019,780,1,16,14268.49000000,159272486.55000010,259743.44000000,0.00163081
WOART,2019,780,1,17,23549.60000000,159272486.55000010,283293.04000000,0.00177867
WOART,2019,780,1,18,26449.93000000,159272486.55000010,309742.97000000,0.00194474
WOART,2019,780,1,19,32898.97000000,159272486.55000010,342641.94000000,0.00215129
WOART,2019,780,1,20,658.45000000,159272486.55000010,343300.39000000,0.00215543
WOART,2019,780,1,21,16933.95000000,159272486.55000010,360234.34000000,0.00226175
WOART,2019,780,1,22,54376.87000000,159272486.55000010,414611.21000000,0.00260316
WOART,2019,780,1,23,64237.71000000,159272486.55000010,478848.92000000,0.00300648
WOART,2019,780,1,25,45171.29000000,159272486.55000010,524020.21000000,0.00329009
WOART,2019,780,1,26,66752.25000000,159272486.55000010,590772.46000000,0.00370919
WOART,2019,780,1,27,95003.53000000,159272486.55000010,685775.99000000,0.00430568
WOART,2019,780,1,29,1513.22000000,159272486.55000010,687289.21000000,0.00431518
WOART,2019,780,1,30,69369.86000000,159272486.55000010,756659.07000000,0.00475072
WOART,2019,780,1,35,27524.40000000,159272486.55000010,784183.47000000,0.00492353
WOART,2019,780,1,36,30151.84000000,159272486.55000010,814335.31000000,0.00511284
WOART,2019,780,1,37,24974.80000000,159272486.55000010,839310.11000000,0.00526965
WOART,2019,780,1,38,43239.04000000,159272486.55000010,882549.15000000,0.00554113
WOART,2019,780,1,41,15987.59000000,159272486.55000010,898536.74000000,0.00564151
WOART,2019,780,1,42,73348.29000000,159272486.55000010,971885.03000000,0.00610203
WOART,2019,780,1,46,17392.76000000,159272486.55000010,989277.79000000,0.00621123
WOART,2019,780,1,47,19742.80000000,159272486.55000010,1009020.59000000,0.00633518
WOART,2019,780,1,50,12928.31000000,159272486.55000010,1021948.90000000,0.00641636
WOART,2019,780,1,53,10928.00000000,159272486.55000010,1032876.90000000,0.00648497
WOART,2019,780,1,65,11492.39000000,159272486.55000010,1044369.29000000,0.00655712
WOART,2019,780,1,66,3817.14000000,159272486.55000010,1048186.43000000,0.00658109
WOART,2019,780,1,73,1859.79000000,159272486.55000010,1050046.22000000,0.00659277
WOART,2019,780,1,75,580.41000000,159272486.55000010,1050626.63000000,0.00659641
WOART,2019,780,1,76,1203.37000000,159272486.55000010,1051830.00000000,0.00660397
WOART,2019,780,1,77,853.95000000,159272486.55000010,1052683.95000000,0.00660933
WOART,2019,780,2,15,32140.18000000,11768353.15999999,32140.18000000,0.00273107
WOART,2019,780,2,17,32720.15000000,11768353.15999999,64860.33000000,0.00551142
WOART,2019,780,2,18,10529.90000000,11768353.15999999,75390.23000000,0.00640618
WOART,2019,780,2,19,21024.25000000,11768353.15999999,96414.48000000,0.00819269
WOART,2019,780,2,22,22205.15000000,11768353.15999999,118619.63000000,0.01007954
WOART,2019,780,2,25,2425.78000000,11768353.15999999,121045.41000000,0.01028567
WOART,2019,780,2,26,14258.62000000,11768353.15999999,135304.03000000,0.01149728
WOART,2019,780,2,31,20205.05000000,11768353.15999999,155509.08000000,0.01321418
WOART,2019,780,2,38,8228.32000000,11768353.15999999,163737.40000000,0.01391337
WOART,2019,780,2,39,18931.34000000,11768353.15999999,182668.74000000,0.01552203
WOART,2019,780,2,43,9102.13000000,11768353.15999999,191770.87000000,0.01629547
WOART,2019,780,2,45,2966.98000000,11768353.15999999,194737.85000000,0.01654759
WOART,2019,780,2,47,23910.43000000,11768353.15999999,218648.28000000,0.01857934
WOART,2019,780,2,62,10103.45000000,11768353.15999999,228751.73000000,0.01943787
WOART,2019,790,1,8,44418.99000000,139613173.93999985,44418.99000000,0.00031816
WOART,2019,790,1,12,63303.99000000,139613173.93999985,107722.98000000,0.00077158
WOART,2019,790,1,13,116890.94000000,139613173.93999985,224613.92000000,0.00160883
WOART,2019,790,1,14,49823.52000000,139613173.93999985,274437.44000000,0.00196570
WOART,2019,790,1,17,28917.88000000,139613173.93999985,303355.32000000,0.00217283
WOART,2019,790,1,18,21164.74000000,139613173.93999985,324520.06000000,0.00232442
WOART,2019,790,1,19,67122.86000000,139613173.93999985,391642.92000000,0.00280520
WOART,2019,790,1,20,106492.23000000,139613173.93999985,498135.15000000,0.00356797
WOART,2019,790,1,22,90566.94000000,139613173.93999985,588702.09000000,0.00421667
WOART,2019,790,1,23,26148.40000000,139613173.93999985,614850.49000000,0.00440396
WOART,2019,790,1,24,21030.70000000,139613173.93999985,635881.19000000,0.00455459
WOART,2019,790,1,25,70119.61000000,139613173.93999985,706000.80000000,0.00505684
WOART,2019,790,1,27,34431.97000000,139613173.93999985,740432.77000000,0.00530346
WOART,2019,790,1,28,52862.70000000,139613173.93999985,793295.47000000,0.00568210
WOART,2019,790,1,35,55805.16000000,139613173.93999985,849100.63000000,0.00608181
WOART,2019,790,1,37,19239.48000000,139613173.93999985,868340.11000000,0.00621961
WOART,2019,790,1,40,26788.95000000,139613173.93999985,895129.06000000,0.00641149
WOART,2019,790,1,43,28278.64000000,139613173.93999985,923407.70000000,0.00661404
WOART,2019,790,1,49,17100.21000000,139613173.93999985,940507.91000000,0.00673653
WOART,2019,790,1,52,10774.98000000,139613173.93999985,951282.89000000,0.00681370
WOART,2019,790,1,54,5709.53000000,139613173.93999985,956992.42000000,0.00685460
WOART,2019,790,1,68,9634.59000000,139613173.93999985,966627.01000000,0.00692361
WOART,2019,790,1,70,826.81000000,139613173.93999985,967453.82000000,0.00692953
WOART,2019,790,1,75,152.35000000,139613173.93999985,967606.17000000,0.00693062
WOART,2019,790,1,79,1619.44000000,139613173.93999985,969225.61000000,0.00694222
WOART,2019,790,2,15,14445.43000000,10124907.86000000,14445.43000000,0.00142672
WOART,2019,790,2,16,28234.37000000,10124907.86000000,42679.80000000,0.00421533
WOART,2019,790,2,18,20330.74000000,10124907.86000000,63010.54000000,0.00622332
WOART,2019,790,2,29,10273.83000000,10124907.86000000,73284.37000000,0.00723803
WOART,2019,790,2,43,9923.79000000,10124907.86000000,83208.16000000,0.00821816
WOART,2019,800,1,8,21889.84000000,163183845.46000013,21889.84000000,0.00013414
WOART,2019,800,1,10,34359.85000000,163183845.46000013,56249.69000000,0.00034470
WOART,2019,800,1,11,67400.22000000,163183845.46000013,123649.91000000,0.00075773
WOART,2019,800,1,12,34974.39000000,163183845.46000013,158624.30000000,0.00097206
WOART,2019,800,1,13,68493.05000000,163183845.46000013,227117.35000000,0.00139179
WOART,2019,800,1,14,69526.22000000,163183845.46000013,296643.57000000,0.00181785
WOART,2019,800,1,15,47011.66000000,163183845.46000013,343655.23000000,0.00210594
WOART,2019,800,1,17,92989.28000000,163183845.46000013,436644.51000000,0.00267578
WOART,2019,800,1,18,92953.44000000,163183845.46000013,529597.95000000,0.00324541
WOART,2019,800,1,19,102766.43000000,163183845.46000013,632364.38000000,0.00387517
WOART,2019,800,1,20,53408.98000000,163183845.46000013,685773.36000000,0.00420246
WOART,2019,800,1,21,10971.66000000,163183845.46000013,696745.02000000,0.00426969
WOART,2019,800,1,22,26685.00000000,163183845.46000013,723430.02000000,0.00443322
WOART,2019,800,1,23,89964.87000000,163183845.46000013,813394.89000000,0.00498453
WOART,2019,800,1,24,379.55000000,163183845.46000013,813774.44000000,0.00498686
WOART,2019,800,1,26,17303.36000000,163183845.46000013,831077.80000000,0.00509289
WOART,2019,800,1,29,41331.53000000,163183845.46000013,872409.33000000,0.00534617
WOART,2019,800,1,30,18925.22000000,163183845.46000013,891334.55000000,0.00546215
WOART,2019,800,1,31,2.62000000,163183845.46000013,891337.17000000,0.00546217
WOART,2019,800,1,32,41111.11000000,163183845.46000013,932448.28000000,0.00571410
WOART,2019,800,1,36,42747.41000000,163183845.46000013,975195.69000000,0.00597606
WOART,2019,800,1,38,45600.54000000,163183845.46000013,1020796.23000000,0.00625550
WOART,2019,800,1,43,13732.94000000,163183845.46000013,1034529.17000000,0.00633965
WOART,2019,800,1,45,20001.72000000,163183845.46000013,1054530.89000000,0.00646223
WOART,2019,800,1,49,10672.30000000,163183845.46000013,1065203.19000000,0.00652763
WOART,2019,800,1,51,6478.62000000,163183845.46000013,1071681.81000000,0.00656733
WOART,2019,800,1,54,21376.50000000,163183845.46000013,1093058.31000000,0.00669832
WOART,2019,800,1,55,13384.54000000,163183845.46000013,1106442.85000000,0.00678035
WOART,2019,800,1,66,15588.70000000,163183845.46000013,1122031.55000000,0.00687587
WOART,2019,800,1,71,506.29000000,163183845.46000013,1122537.84000000,0.00687898
WOART,2019,800,1,72,3563.96000000,163183845.46000013,1126101.80000000,0.00690082
WOART,2019,800,1,74,298.19000000,163183845.46000013,1126399.99000000,0.00690264
WOART,2019,800,2,16,2382.66000000,9728016.53000000,2382.66000000,0.00024493
WOART,2019,800,2,32,21138.05000000,9728016.53000000,23520.71000000,0.00241783
WOART,2019,800,2,53,3891.32000000,9728016.53000000,27412.03000000,0.00281784
WOART,2019,800,2,80,1250.91000000,9728016.53000000,28662.94000000,0.00294643
WOART,2019,810,1,10,35129.93000000,144175474.10999966,35129.93000000,0.00024366
WOART,2019,810,1,11,62774.44000000,144175474.10999966,97904.37000000,0.00067906
WOART,2019,810,1,14,61261.34000000,144175474.10999966,159165.71000000,0.00110397
WOART,2019,810,1,16,59064.95000000,144175474.10999966,218230.66000000,0.00151365
WOART,2019,810,1,17,25436.69000000,144175474.10999966,243667.35000000,0.00169007
WOART,2019,810,1,18,19565.50000000,144175474.10999966,263232.85000000,0.00182578
WOART,2019,810,1,19,31776.77000000,144175474.10999966,295009.62000000,0.00204618
WOART,2019,810,1,20,28803.51000000,144175474.10999966,323813.13000000,0.00224597
WOART,2019,810,1,21,58743.63000000,144175474.10999966,382556.76000000,0.00265341
WOART,2019,810,1,22,61433.80000000,144175474.10999966,443990.56000000,0.00307952
WOART,2019,810,1,23,29211.42000000,144175474.10999966,473201.98000000,0.00328213
WOART,2019,810,1,24,21209.78000000,144175474.10999966,494411.76000000,0.00342924
WOART,2019,810,1,25,27296.92000000,144175474.10999966,521708.68000000,0.00361857
WOART,2019,810,1,26,21474.48000000,144175474.10999966,543183.16000000,0.00376751
WOART,2019,810,1,27,21761.90000000,144175474.10999966,564945.06000000,0.00391845
WOART,2019,810,1,28,30700.83000000,144175474.10999966,595645.89000000,0.00413140
WOART,2019,810,1,30,28575.81000000,144175474.10999966,624221.70000000,0.00432960
WOART,2019,810,1,32,6601.59000000,144175474.10999966,630823.29000000,0.00437539
WOART,2019,810,1,33,22225.84000000,144175474.10999966,653049.13000000,0.00452954
WOART,2019,810,1,44,21496.75000000,144175474.10999966,674545.88000000,0.00467865
WOART,2019,810,1,48,10455.42000000,144175474.10999966,685001.30000000,0.00475116
WOART,2019,810,1,49,10169.68000000,144175474.10999966,695170.98000000,0.00482170
WOART,2019,810,1,64,1646.59000000,144175474.10999966,696817.57000000,0.00483312
WOART,2019,810,1,74,2174.18000000,144175474.10999966,698991.75000000,0.00484820
WOART,2019,810,2,21,34829.71000000,8513852.29000000,34829.71000000,0.00409095
WOART,2019,810,2,22,33104.20000000,8513852.29000000,67933.91000000,0.00797922
WOART,2019,810,2,26,8357.37000000,8513852.29000000,76291.28000000,0.00896084
WOART,2019,810,2,28,11654.40000000,8513852.29000000,87945.68000000,0.01032972
WOART,2019,820,1,12,29192.91000000,152719057.87999964,29192.91000000,0.00019115
WOART,2019,820,1,13,23629.71000000,152719057.87999964,52822.62000000,0.00034588
WOART,2019,820,1,14,45007.49000000,152719057.87999964,97830.11000000,0.00064059
WOART,2019,820,1,16,2851.30000000,152719057.87999964,100681.41000000,0.00065926
WOART,2019,820,1,18,71184.41000000,152719057.87999964,171865.82000000,0.00112537
WOART,2019,820,1,20,71586.37000000,152719057.87999964,243452.19000000,0.00159412
WOART,2019,820,1,25,15676.95000000,152719057.87999964,259129.14000000,0.00169677
WOART,2019,820,1,26,20272.44000000,152719057.87999964,279401.58000000,0.00182951
WOART,2019,820,1,30,12814.57000000,152719057.87999964,292216.15000000,0.00191342
WOART,2019,820,1,36,21779.36000000,152719057.87999964,313995.51000000,0.00205603
WOART,2019,820,1,39,17175.28000000,152719057.87999964,331170.79000000,0.00216850
WOART,2019,820,1,44,26501.54000000,152719057.87999964,357672.33000000,0.00234203
WOART,2019,820,1,45,11315.42000000,152719057.87999964,368987.75000000,0.00241612
WOART,2019,820,1,49,5025.76000000,152719057.87999964,374013.51000000,0.00244903
WOART,2019,820,1,74,1357.54000000,152719057.87999964,375371.05000000,0.00245792
WOART,2019,820,2,22,13539.05000000,8201668.57000000,13539.05000000,0.00165077
WOART,2019,820,2,30,14582.29000000,8201668.57000000,28121.34000000,0.00342873
WOART,2019,820,2,31,34641.78000000,8201668.57000000,62763.12000000,0.00765248
WOART,2019,820,2,42,7971.36000000,8201668.57000000,70734.48000000,0.00862440
WOART,2019,820,2,48,7602.62000000,8201668.57000000,78337.10000000,0.00955136
WOART,2019,830,1,10,39228.06000000,144239166.51999971,39228.06000000,0.00027197
WOART,2019,830,1,12,49520.75000000,144239166.51999971,88748.81000000,0.00061529
WOART,2019,830,1,13,27310.63000000,144239166.51999971,116059.44000000,0.00080463
WOART,2019,830,1,14,39042.24000000,144239166.51999971,155101.68000000,0.00107531
WOART,2019,830,1,15,31743.24000000,144239166.51999971,186844.92000000,0.00129538
WOART,2019,830,1,16,48756.45000000,144239166.51999971,235601.37000000,0.00163341
WOART,2019,830,1,17,78441.47000000,144239166.51999971,314042.84000000,0.00217724
WOART,2019,830,1,19,22373.60000000,144239166.51999971,336416.44000000,0.00233235
WOART,2019,830,1,20,7135.37000000,144239166.51999971,343551.81000000,0.00238182
WOART,2019,830,1,23,65870.02000000,144239166.51999971,409421.83000000,0.00283849
WOART,2019,830,1,25,33027.32000000,144239166.51999971,442449.15000000,0.00306747
WOART,2019,830,1,27,35541.53000000,144239166.51999971,477990.68000000,0.00331388
WOART,2019,830,1,28,784.49000000,144239166.51999971,478775.17000000,0.00331931
WOART,2019,830,1,31,24672.51000000,144239166.51999971,503447.68000000,0.00349037
WOART,2019,830,1,34,21725.04000000,144239166.51999971,525172.72000000,0.00364099
WOART,2019,830,1,43,15315.07000000,144239166.51999971,540487.79000000,0.00374716
WOART,2019,830,1,51,546.14000000,144239166.51999971,541033.93000000,0.00375095
WOART,2019,830,1,54,18574.25000000,144239166.51999971,559608.18000000,0.00387972
WOART,2019,830,1,69,7502.23000000,144239166.51999971,567110.41000000,0.00393174
WOART,2019,830,1,74,1590.92000000,144239166.51999971,568701.33000000,0.00394277
WOART,2019,830,2,43,24440.74000000,6592062.54000000,24440.74000000,0.00370760
WOART,2019,830,2,60,9726.28000000,6592062.54000000,34167.02000000,0.00518305
WOART,2019,840,1,8,28097.99000000,125891589.94000009,28097.99000000,0.00022319
WOART,2019,840,1,13,36828.93000000,125891589.94000009,64926.92000000,0.00051574
WOART,2019,840,1,14,26330.23000000,125891589.94000009,91257.15000000,0.00072489
WOART,2019,840,1,18,36744.63000000,125891589.94000009,128001.78000000,0.00101676
WOART,2019,840,1,20,30035.60000000,125891589.94000009,158037.38000000,0.00125535
WOART,2019,840,1,21,7495.94000000,125891589.94000009,165533.32000000,0.00131489
WOART,2019,840,1,22,13234.73000000,125891589.94000009,178768.05000000,0.00142002
WOART,2019,840,1,23,42331.68000000,125891589.94000009,221099.73000000,0.00175627
WOART,2019,840,1,24,17760.52000000,125891589.94000009,238860.25000000,0.00189735
WOART,2019,840,1,28,24023.00000000,125891589.94000009,262883.25000000,0.00208817
WOART,2019,840,1,29,16258.26000000,125891589.94000009,279141.51000000,0.00221732
WOART,2019,840,1,33,21152.05000000,125891589.94000009,300293.56000000,0.00238533
WOART,2019,840,1,35,24256.69000000,125891589.94000009,324550.25000000,0.00257801
WOART,2019,840,1,36,35924.77000000,125891589.94000009,360475.02000000,0.00286338
WOART,2019,840,1,67,8164.57000000,125891589.94000009,368639.59000000,0.00292823
WOART,2019,850,1,12,12059.79000000,129721173.50000007,12059.79000000,0.00009297
WOART,2019,850,1,13,39126.85000000,129721173.50000007,51186.64000000,0.00039459
WOART,2019,850,1,15,39895.35000000,129721173.50000007,91081.99000000,0.00070214
WOART,2019,850,1,16,43659.75000000,129721173.50000007,134741.74000000,0.00103870
WOART,2019,850,1,18,5204.60000000,129721173.50000007,139946.34000000,0.00107882
WOART,2019,850,1,20,28126.21000000,129721173.50000007,168072.55000000,0.00129564
WOART,2019,850,1,21,54860.89000000,129721173.50000007,222933.44000000,0.00171856
WOART,2019,850,1,28,2096.02000000,129721173.50000007,225029.46000000,0.00173472
WOART,2019,850,1,30,23913.03000000,129721173.50000007,248942.49000000,0.00191906
WOART,2019,850,1,31,24390.69000000,129721173.50000007,273333.18000000,0.00210708
WOART,2019,850,1,34,20919.54000000,129721173.50000007,294252.72000000,0.00226835
WOART,2019,850,1,39,5864.07000000,129721173.50000007,300116.79000000,0.00231355
WOART,2019,850,1,47,15700.60000000,129721173.50000007,315817.39000000,0.00243459
WOART,2019,850,2,19,14462.33000000,5369482.53000000,14462.33000000,0.00269343
WOART,2019,850,2,22,3745.46000000,5369482.53000000,18207.79000000,0.00339098
WOART,2019,850,2,27,645.35000000,5369482.53000000,18853.14000000,0.00351117
WOART,2019,850,2,46,11652.76000000,5369482.53000000,30505.90000000,0.00568135
WOART,2019,850,2,49,8365.45000000,5369482.53000000,38871.35000000,0.00723931
WOART,2019,860,1,9,31150.91000000,90887531.75000022,31150.91000000,0.00034274
WOART,2019,860,1,21,2450.77000000,90887531.75000022,33601.68000000,0.00036971
WOART,2019,860,1,27,21919.61000000,90887531.75000022,55521.29000000,0.00061088
WOART,2019,860,1,41,15114.86000000,90887531.75000022,70636.15000000,0.00077718
WOART,2019,860,1,53,8018.08000000,90887531.75000022,78654.23000000,0.00086540
WOART,2019,860,2,25,28123.45000000,3724351.59000000,28123.45000000,0.00755123
WOART,2019,860,2,45,9793.23000000,3724351.59000000,37916.68000000,0.01018075
WOART,2019,870,1,12,1034.49000000,58926713.30999996,1034.49000000,0.00001756
WOART,2019,870,1,13,34022.51000000,58926713.30999996,35057.00000000,0.00059493
WOART,2019,870,1,74,6147.12000000,58926713.30999996,41204.12000000,0.00069924
WOART,2019,870,1,75,370.85000000,58926713.30999996,41574.97000000,0.00070554
WOART,2019,870,2,45,8339.79000000,2190072.37000000,8339.79000000,0.00380800
WOART,2019,870,2,55,17593.87000000,2190072.37000000,25933.66000000,0.01184146
WOART,2020,650,1,5,34561.19000000,115141816.06999981,34561.19000000,0.00030016
WOART,2020,650,1,6,26673.42000000,115141816.06999981,61234.61000000,0.00053182
WOART,2020,650,1,7,87294.56000000,115141816.06999981,148529.17000000,0.00128997
WOART,2020,650,1,8,104625.77000000,115141816.06999981,253154.94000000,0.00219864
WOART,2020,650,1,9,50929.99000000,115141816.06999981,304084.93000000,0.00264096
WOART,2020,650,1,10,79657.52000000,115141816.06999981,383742.45000000,0.00333278
WOART,2020,650,1,11,242161.91000000,115141816.06999981,625904.36000000,0.00543594
WOART,2020,650,1,12,214167.09000000,115141816.06999981,840071.45000000,0.00729597
WOART,2020,650,1,13,244848.87000000,115141816.06999981,1084920.32000000,0.00942247
WOART,2020,650,1,14,102294.37000000,115141816.06999981,1187214.69000000,0.01031089
WOART,2020,650,1,15,186056.12000000,115141816.06999981,1373270.81000000,0.01192678
WOART,2020,650,1,16,277452.63000000,115141816.06999981,1650723.44000000,0.01433644
WOART,2020,650,1,17,217308.15000000,115141816.06999981,1868031.59000000,0.01622375
WOART,2020,650,1,18,227038.15000000,115141816.06999981,2095069.74000000,0.01819556
WOART,2020,650,1,19,178676.10000000,115141816.06999981,2273745.84000000,0.01974735
WOART,2020,650,1,20,105295.16000000,115141816.06999981,2379041.00000000,0.02066183
WOART,2020,650,1,21,117553.05000000,115141816.06999981,2496594.05000000,0.02168277
WOART,2020,650,1,22,120526.85000000,115141816.06999981,2617120.90000000,0.02272954
WOART,2020,650,1,23,392843.66000000,115141816.06999981,3009964.56000000,0.02614137
WOART,2020,650,1,24,240322.13000000,115141816.06999981,3250286.69000000,0.02822855
WOART,2020,650,1,25,127374.25000000,115141816.06999981,3377660.94000000,0.02933479
WOART,2020,650,1,26,127876.49000000,115141816.06999981,3505537.43000000,0.03044539
WOART,2020,650,1,27,170951.56000000,115141816.06999981,3676488.99000000,0.03193009
WOART,2020,650,1,28,173915.92000000,115141816.06999981,3850404.91000000,0.03344054
WOART,2020,650,1,29,86140.72000000,115141816.06999981,3936545.63000000,0.03418867
WOART,2020,650,1,30,97068.20000000,115141816.06999981,4033613.83000000,0.03503170
WOART,2020,650,1,31,246453.66000000,115141816.06999981,4280067.49000000,0.03717214
WOART,2020,650,1,32,101137.03000000,115141816.06999981,4381204.52000000,0.03805051
WOART,2020,650,1,33,278833.37000000,115141816.06999981,4660037.89000000,0.04047216
WOART,2020,650,1,34,105723.16000000,115141816.06999981,4765761.05000000,0.04139036
WOART,2020,650,1,35,194576.65000000,115141816.06999981,4960337.70000000,0.04308025
WOART,2020,650,1,36,137782.56000000,115141816.06999981,5098120.26000000,0.04427688
WOART,2020,650,1,37,160635.72000000,115141816.06999981,5258755.98000000,0.04567199
WOART,2020,650,1,38,60979.67000000,115141816.06999981,5319735.65000000,0.04620160
WOART,2020,650,1,39,40552.79000000,115141816.06999981,5360288.44000000,0.04655379
WOART,2020,650,1,40,49703.51000000,115141816.06999981,5409991.95000000,0.04698547
WOART,2020,650,1,42,96559.14000000,115141816.06999981,5506551.09000000,0.04782408
WOART,2020,650,1,43,198577.13000000,115141816.06999981,5705128.22000000,0.04954871
WOART,2020,650,1,44,49074.65000000,115141816.06999981,5754202.87000000,0.04997492
WOART,2020,650,1,45,35713.70000000,115141816.06999981,5789916.57000000,0.05028509
WOART,2020,650,1,46,65869.83000000,115141816.06999981,5855786.40000000,0.05085717
WOART,2020,650,1,47,82699.38000000,115141816.06999981,5938485.78000000,0.05157540
WOART,2020,650,1,48,81916.36000000,115141816.06999981,6020402.14000000,0.05228684
WOART,2020,650,1,49,48510.92000000,115141816.06999981,6068913.06000000,0.05270816
WOART,2020,650,1,50,48960.93000000,115141816.06999981,6117873.99000000,0.05313338
WOART,2020,650,1,51,18226.90000000,115141816.06999981,6136100.89000000,0.05329168
WOART,2020,650,1,52,82590.90000000,115141816.06999981,6218691.79000000,0.05400898
WOART,2020,650,1,53,21801.83000000,115141816.06999981,6240493.62000000,0.05419833
WOART,2020,650,1,54,83857.36000000,115141816.06999981,6324350.98000000,0.05492662
WOART,2020,650,1,55,30385.16000000,115141816.06999981,6354736.14000000,0.05519052
WOART,2020,650,1,56,13482.59000000,115141816.06999981,6368218.73000000,0.05530761
WOART,2020,650,1,59,16084.08000000,115141816.06999981,6384302.81000000,0.05544730
WOART,2020,650,1,60,16651.06000000,115141816.06999981,6400953.87000000,0.05559191
WOART,2020,650,1,65,25552.96000000,115141816.06999981,6426506.83000000,0.05581384
WOART,2020,650,1,68,11571.92000000,115141816.06999981,6438078.75000000,0.05591434
WOART,2020,650,1,69,6028.65000000,115141816.06999981,6444107.40000000,0.05596670
WOART,2020,650,1,70,10142.98000000,115141816.06999981,6454250.38000000,0.05605479
WOART,2020,650,1,71,7828.86000000,115141816.06999981,6462079.24000000,0.05612278
WOART,2020,650,1,75,6624.43000000,115141816.06999981,6468703.67000000,0.05618032
WOART,2020,650,1,76,3661.87000000,115141816.06999981,6472365.54000000,0.05621212
WOART,2020,650,2,9,34969.10000000,8876378.88000001,34969.10000000,0.00393957
WOART,2020,650,2,10,8764.17000000,8876378.88000001,43733.27000000,0.00492693
WOART,2020,650,2,12,6724.35000000,8876378.88000001,50457.62000000,0.00568448
WOART,2020,650,2,13,2314.75000000,8876378.88000001,52772.37000000,0.00594526
WOART,2020,650,2,15,38850.08000000,8876378.88000001,91622.45000000,0.01032205
WOART,2020,650,2,17,50783.51000000,8876378.88000001,142405.96000000,0.01604325
WOART,2020,650,2,18,26924.82000000,8876378.88000001,169330.78000000,0.01907656
WOART,2020,650,2,19,56290.70000000,8876378.88000001,225621.48000000,0.02541819
WOART,2020,650,2,21,13344.28000000,8876378.88000001,238965.76000000,0.02692154
WOART,2020,650,2,23,16338.14000000,8876378.88000001,255303.90000000,0.02876217
WOART,2020,650,2,24,33828.98000000,8876378.88000001,289132.88000000,0.03257329
WOART,2020,650,2,25,16303.79000000,8876378.88000001,305436.67000000,0.03441005
WOART,2020,650,2,27,51385.68000000,8876378.88000001,356822.35000000,0.04019909
WOART,2020,650,2,29,11518.14000000,8876378.88000001,368340.49000000,0.04149671
WOART,2020,650,2,30,30286.03000000,8876378.88000001,398626.52000000,0.04490869
WOART,2020,650,2,32,18134.46000000,8876378.88000001,416760.98000000,0.04695169
WOART,2020,650,2,33,13763.31000000,8876378.88000001,430524.29000000,0.04850224
WOART,2020,650,2,36,16239.73000000,8876378.88000001,446764.02000000,0.05033179
WOART,2020,650,2,37,21060.69000000,8876378.88000001,467824.71000000,0.05270445
WOART,2020,650,2,38,12151.02000000,8876378.88000001,479975.73000000,0.05407337
WOART,2020,650,2,42,13089.70000000,8876378.88000001,493065.43000000,0.05554804
WOART,2020,650,2,47,12540.61000000,8876378.88000001,505606.04000000,0.05696084
WOART,2020,650,2,54,8101.84000000,8876378.88000001,513707.88000000,0.05787359
WOART,2020,650,2,56,11057.33000000,8876378.88000001,524765.21000000,0.05911929
WOART,2020,660,1,7,28481.87000000,154665501.94999996,28481.87000000,0.00018415
WOART,2020,660,1,8,56093.74000000,154665501.94999996,84575.61000000,0.00054683
WOART,2020,660,1,9,171534.96000000,154665501.94999996,256110.57000000,0.00165590
WOART,2020,660,1,10,167277.69000000,154665501.94999996,423388.26000000,0.00273744
WOART,2020,660,1,11,125707.44000000,154665501.94999996,549095.70000000,0.00355021
WOART,2020,660,1,12,314226.42000000,154665501.94999996,863322.12000000,0.00558187
WOART,2020,660,1,13,244937.87000000,154665501.94999996,1108259.99000000,0.00716553
WOART,2020,660,1,14,328476.55000000,154665501.94999996,1436736.54000000,0.00928931
WOART,2020,660,1,15,185953.25000000,154665501.94999996,1622689.79000000,0.01049161
WOART,2020,660,1,16,215619.04000000,154665501.94999996,1838308.83000000,0.01188571
WOART,2020,660,1,17,240266.40000000,154665501.94999996,2078575.23000000,0.01343917
WOART,2020,660,1,18,162193.15000000,154665501.94999996,2240768.38000000,0.01448784
WOART,2020,660,1,19,163532.58000000,154665501.94999996,2404300.96000000,0.01554517
WOART,2020,660,1,20,121746.16000000,154665501.94999996,2526047.12000000,0.01633232
WOART,2020,660,1,21,99622.68000000,154665501.94999996,2625669.80000000,0.01697644
WOART,2020,660,1,22,300219.09000000,154665501.94999996,2925888.89000000,0.01891753
WOART,2020,660,1,23,113244.50000000,154665501.94999996,3039133.39000000,0.01964972
WOART,2020,660,1,24,125452.12000000,154665501.94999996,3164585.51000000,0.02046084
WOART,2020,660,1,25,234518.80000000,154665501.94999996,3399104.31000000,0.02197713
WOART,2020,660,1,26,126682.08000000,154665501.94999996,3525786.39000000,0.02279620
WOART,2020,660,1,27,242479.52000000,154665501.94999996,3768265.91000000,0.02436397
WOART,2020,660,1,28,106289.32000000,154665501.94999996,3874555.23000000,0.02505119
WOART,2020,660,1,29,130136.23000000,154665501.94999996,4004691.46000000,0.02589260
WOART,2020,660,1,30,112580.48000000,154665501.94999996,4117271.94000000,0.02662049
WOART,2020,660,1,31,91665.23000000,154665501.94999996,4208937.17000000,0.02721316
WOART,2020,660,1,32,30488.02000000,154665501.94999996,4239425.19000000,0.02741028
WOART,2020,660,1,33,254811.85000000,154665501.94999996,4494237.04000000,0.02905779
WOART,2020,660,1,34,127280.00000000,154665501.94999996,4621517.04000000,0.02988072
WOART,2020,660,1,35,166208.60000000,154665501.94999996,4787725.64000000,0.03095536
WOART,2020,660,1,36,69515.47000000,154665501.94999996,4857241.11000000,0.03140481
WOART,2020,660,1,37,87161.40000000,154665501.94999996,4944402.51000000,0.03196836
WOART,2020,660,1,38,231518.60000000,154665501.94999996,5175921.11000000,0.03346526
WOART,2020,660,1,39,80947.24000000,154665501.94999996,5256868.35000000,0.03398863
WOART,2020,660,1,40,186264.63000000,154665501.94999996,5443132.98000000,0.03519294
WOART,2020,660,1,41,35376.61000000,154665501.94999996,5478509.59000000,0.03542166
WOART,2020,660,1,42,120721.91000000,154665501.94999996,5599231.50000000,0.03620220
WOART,2020,660,1,43,108107.14000000,154665501.94999996,5707338.64000000,0.03690117
WOART,2020,660,1,44,126045.10000000,154665501.94999996,5833383.74000000,0.03771613
WOART,2020,660,1,45,137386.88000000,154665501.94999996,5970770.62000000,0.03860441
WOART,2020,660,1,46,121971.26000000,154665501.94999996,6092741.88000000,0.03939302
WOART,2020,660,1,47,40473.46000000,154665501.94999996,6133215.34000000,0.03965471
WOART,2020,660,1,48,123215.77000000,154665501.94999996,6256431.11000000,0.04045137
WOART,2020,660,1,49,20528.55000000,154665501.94999996,6276959.66000000,0.04058410
WOART,2020,660,1,50,71054.90000000,154665501.94999996,6348014.56000000,0.04104351
WOART,2020,660,1,51,56783.58000000,154665501.94999996,6404798.14000000,0.04141064
WOART,2020,660,1,52,110203.40000000,154665501.94999996,6515001.54000000,0.04212317
WOART,2020,660,1,53,51565.79000000,154665501.94999996,6566567.33000000,0.04245657
WOART,2020,660,1,54,50234.96000000,154665501.94999996,6616802.29000000,0.04278137
WOART,2020,660,1,55,47753.27000000,154665501.94999996,6664555.56000000,0.04309012
WOART,2020,660,1,56,26411.30000000,154665501.94999996,6690966.86000000,0.04326089
WOART,2020,660,1,57,13165.98000000,154665501.94999996,6704132.84000000,0.04334601
WOART,2020,660,1,58,49680.49000000,154665501.94999996,6753813.33000000,0.04366723
WOART,2020,660,1,60,11211.03000000,154665501.94999996,6765024.36000000,0.04373971
WOART,2020,660,1,61,7980.91000000,154665501.94999996,6773005.27000000,0.04379131
WOART,2020,660,1,62,8586.83000000,154665501.94999996,6781592.10000000,0.04384683
WOART,2020,660,1,63,9170.75000000,154665501.94999996,6790762.85000000,0.04390612
WOART,2020,660,1,64,20526.14000000,154665501.94999996,6811288.99000000,0.04403884
WOART,2020,660,1,65,25049.81000000,154665501.94999996,6836338.80000000,0.04420080
WOART,2020,660,1,66,14864.44000000,154665501.94999996,6851203.24000000,0.04429691
WOART,2020,660,1,72,7076.06000000,154665501.94999996,6858279.30000000,0.04434266
WOART,2020,660,1,76,3091.76000000,154665501.94999996,6861371.06000000,0.04436265
WOART,2020,660,2,8,27352.30000000,10529845.61000000,27352.30000000,0.00259760
WOART,2020,660,2,9,19893.33000000,10529845.61000000,47245.63000000,0.00448683
WOART,2020,660,2,10,42470.47000000,10529845.61000000,89716.10000000,0.00852017
WOART,2020,660,2,11,52000.28000000,10529845.61000000,141716.38000000,0.01345854
WOART,2020,660,2,14,14479.23000000,10529845.61000000,156195.61000000,0.01483361
WOART,2020,660,2,15,33582.28000000,10529845.61000000,189777.89000000,0.01802286
WOART,2020,660,2,16,53555.76000000,10529845.61000000,243333.65000000,0.02310895
WOART,2020,660,2,17,25073.18000000,10529845.61000000,268406.83000000,0.02549010
WOART,2020,660,2,18,25288.59000000,10529845.61000000,293695.42000000,0.02789171
WOART,2020,660,2,19,19951.47000000,10529845.61000000,313646.89000000,0.02978647
WOART,2020,660,2,20,23920.93000000,10529845.61000000,337567.82000000,0.03205819
WOART,2020,660,2,23,17163.90000000,10529845.61000000,354731.72000000,0.03368822
WOART,2020,660,2,26,31387.91000000,10529845.61000000,386119.63000000,0.03666907
WOART,2020,660,2,27,19308.38000000,10529845.61000000,405428.01000000,0.03850275
WOART,2020,660,2,28,18520.77000000,10529845.61000000,423948.78000000,0.04026163
WOART,2020,660,2,31,26319.30000000,10529845.61000000,450268.08000000,0.04276113
WOART,2020,660,2,32,2806.77000000,10529845.61000000,453074.85000000,0.04302768
WOART,2020,660,2,33,6417.43000000,10529845.61000000,459492.28000000,0.04363713
WOART,2020,660,2,34,20885.61000000,10529845.61000000,480377.89000000,0.04562060
WOART,2020,660,2,35,12740.64000000,10529845.61000000,493118.53000000,0.04683056
WOART,2020,660,2,36,28889.70000000,10529845.61000000,522008.23000000,0.04957416
WOART,2020,660,2,38,16326.87000000,10529845.61000000,538335.10000000,0.05112469
WOART,2020,660,2,39,16231.91000000,10529845.61000000,554567.01000000,0.05266621
WOART,2020,660,2,42,10618.22000000,10529845.61000000,565185.23000000,0.05367460
WOART,2020,660,2,43,20368.73000000,10529845.61000000,585553.96000000,0.05560898
WOART,2020,660,2,47,14739.56000000,10529845.61000000,600293.52000000,0.05700877
WOART,2020,660,2,53,10658.93000000,10529845.61000000,610952.45000000,0.05802103
WOART,2020,660,2,54,8873.79000000,10529845.61000000,619826.24000000,0.05886375
WOART,2020,660,2,56,14272.99000000,10529845.61000000,634099.23000000,0.06021923
WOART,2020,660,2,57,13793.95000000,10529845.61000000,647893.18000000,0.06152922
WOART,2020,660,2,64,11391.78000000,10529845.61000000,659284.96000000,0.06261108
WOART,2020,660,2,65,251.07000000,10529845.61000000,659536.03000000,0.06263492
WOART,2020,670,1,5,37694.10000000,162589426.67999986,37694.10000000,0.00023184
WOART,2020,670,1,6,74406.73000000,162589426.67999986,112100.83000000,0.00068947
WOART,2020,670,1,8,110536.91000000,162589426.67999986,222637.74000000,0.00136932
WOART,2020,670,1,9,62782.48000000,162589426.67999986,285420.22000000,0.00175547
WOART,2020,670,1,10,268917.73000000,162589426.67999986,554337.95000000,0.00340943
WOART,2020,670,1,11,282278.33000000,162589426.67999986,836616.28000000,0.00514558
WOART,2020,670,1,12,162888.46000000,162589426.67999986,999504.74000000,0.00614742
WOART,2020,670,1,13,222841.33000000,162589426.67999986,1222346.07000000,0.00751799
WOART,2020,670,1,14,240388.30000000,162589426.67999986,1462734.37000000,0.00899649
WOART,2020,670,1,15,230195.21000000,162589426.67999986,1692929.58000000,0.01041230
WOART,2020,670,1,16,221299.57000000,162589426.67999986,1914229.15000000,0.01177339
WOART,2020,670,1,17,316289.46000000,162589426.67999986,2230518.61000000,0.01371872
WOART,2020,670,1,18,156621.96000000,162589426.67999986,2387140.57000000,0.01468202
WOART,2020,670,1,19,311490.73000000,162589426.67999986,2698631.30000000,0.01659783
WOART,2020,670,1,20,175524.57000000,162589426.67999986,2874155.87000000,0.01767738
WOART,2020,670,1,21,234331.74000000,162589426.67999986,3108487.61000000,0.01911863
WOART,2020,670,1,22,288274.30000000,162589426.67999986,3396761.91000000,0.02089165
WOART,2020,670,1,23,220807.87000000,162589426.67999986,3617569.78000000,0.02224972
WOART,2020,670,1,24,228550.09000000,162589426.67999986,3846119.87000000,0.02365541
WOART,2020,670,1,25,48689.35000000,162589426.67999986,3894809.22000000,0.02395487
WOART,2020,670,1,26,42075.98000000,162589426.67999986,3936885.20000000,0.02421366
WOART,2020,670,1,27,264702.74000000,162589426.67999986,4201587.94000000,0.02584170
WOART,2020,670,1,28,55971.75000000,162589426.67999986,4257559.69000000,0.02618596
WOART,2020,670,1,29,77784.31000000,162589426.67999986,4335344.00000000,0.02666437
WOART,2020,670,1,30,149372.44000000,162589426.67999986,4484716.44000000,0.02758308
WOART,2020,670,1,31,244082.52000000,162589426.67999986,4728798.96000000,0.02908430
WOART,2020,670,1,32,177566.03000000,162589426.67999986,4906364.99000000,0.03017641
WOART,2020,670,1,33,55250.11000000,162589426.67999986,4961615.10000000,0.03051622
WOART,2020,670,1,34,134775.55000000,162589426.67999986,5096390.65000000,0.03134515
WOART,2020,670,1,35,206131.05000000,162589426.67999986,5302521.70000000,0.03261296
WOART,2020,670,1,36,76932.39000000,162589426.67999986,5379454.09000000,0.03308612
WOART,2020,670,1,37,70331.00000000,162589426.67999986,5449785.09000000,0.03351869
WOART,2020,670,1,38,40489.47000000,162589426.67999986,5490274.56000000,0.03376772
WOART,2020,670,1,39,71665.64000000,162589426.67999986,5561940.20000000,0.03420850
WOART,2020,670,1,40,158191.49000000,162589426.67999986,5720131.69000000,0.03518145
WOART,2020,670,1,41,19578.41000000,162589426.67999986,5739710.10000000,0.03530187
WOART,2020,670,1,42,10644.57000000,162589426.67999986,5750354.67000000,0.03536733
WOART,2020,670,1,43,64850.45000000,162589426.67999986,5815205.12000000,0.03576619
WOART,2020,670,1,44,82781.86000000,162589426.67999986,5897986.98000000,0.03627534
WOART,2020,670,1,45,22503.93000000,162589426.67999986,5920490.91000000,0.03641375
WOART,2020,670,1,46,68311.27000000,162589426.67999986,5988802.18000000,0.03683390
WOART,2020,670,1,47,91690.04000000,162589426.67999986,6080492.22000000,0.03739783
WOART,2020,670,1,48,96966.16000000,162589426.67999986,6177458.38000000,0.03799422
WOART,2020,670,1,49,81718.32000000,162589426.67999986,6259176.70000000,0.03849682
WOART,2020,670,1,50,23190.94000000,162589426.67999986,6282367.64000000,0.03863946
WOART,2020,670,1,51,125566.85000000,162589426.67999986,6407934.49000000,0.03941175
WOART,2020,670,1,52,102999.20000000,162589426.67999986,6510933.69000000,0.04004525
WOART,2020,670,1,53,20661.03000000,162589426.67999986,6531594.72000000,0.04017232
WOART,2020,670,1,54,51106.48000000,162589426.67999986,6582701.20000000,0.04048665
WOART,2020,670,1,56,21782.69000000,162589426.67999986,6604483.89000000,0.04062062
WOART,2020,670,1,57,30458.74000000,162589426.67999986,6634942.63000000,0.04080796
WOART,2020,670,1,62,9241.70000000,162589426.67999986,6644184.33000000,0.04086480
WOART,2020,670,1,63,14899.57000000,162589426.67999986,6659083.90000000,0.04095644
WOART,2020,670,1,65,12737.13000000,162589426.67999986,6671821.03000000,0.04103478
WOART,2020,670,1,72,15320.40000000,162589426.67999986,6687141.43000000,0.04112901
WOART,2020,670,1,73,564.86000000,162589426.67999986,6687706.29000000,0.04113248
WOART,2020,670,1,75,5122.50000000,162589426.67999986,6692828.79000000,0.04116399
WOART,2020,670,2,8,71459.86000000,9786217.19000000,71459.86000000,0.00730209
WOART,2020,670,2,11,25746.54000000,9786217.19000000,97206.40000000,0.00993299
WOART,2020,670,2,16,34826.84000000,9786217.19000000,132033.24000000,0.01349175
WOART,2020,670,2,18,37011.95000000,9786217.19000000,169045.19000000,0.01727380
WOART,2020,670,2,19,37522.34000000,9786217.19000000,206567.53000000,0.02110801
WOART,2020,670,2,20,25153.36000000,9786217.19000000,231720.89000000,0.02367829
WOART,2020,670,2,21,45070.93000000,9786217.19000000,276791.82000000,0.02828384
WOART,2020,670,2,23,6792.59000000,9786217.19000000,283584.41000000,0.02897794
WOART,2020,670,2,24,3616.60000000,9786217.19000000,287201.01000000,0.02934750
WOART,2020,670,2,28,6872.28000000,9786217.19000000,294073.29000000,0.03004974
WOART,2020,670,2,30,24986.41000000,9786217.19000000,319059.70000000,0.03260297
WOART,2020,670,2,31,46984.39000000,9786217.19000000,366044.09000000,0.03740404
WOART,2020,670,2,33,15430.52000000,9786217.19000000,381474.61000000,0.03898080
WOART,2020,670,2,34,20782.90000000,9786217.19000000,402257.51000000,0.04110449
WOART,2020,670,2,35,19451.72000000,9786217.19000000,421709.23000000,0.04309216
WOART,2020,670,2,38,41448.62000000,9786217.19000000,463157.85000000,0.04732757
WOART,2020,670,2,39,13400.97000000,9786217.19000000,476558.82000000,0.04869694
WOART,2020,670,2,41,27475.14000000,9786217.19000000,504033.96000000,0.05150447
WOART,2020,670,2,44,14942.02000000,9786217.19000000,518975.98000000,0.05303132
WOART,2020,670,2,46,19223.44000000,9786217.19000000,538199.42000000,0.05499565
WOART,2020,670,2,49,7150.08000000,9786217.19000000,545349.50000000,0.05572628
WOART,2020,670,2,75,1972.18000000,9786217.19000000,547321.68000000,0.05592781
WOART,2020,680,1,5,29503.67000000,168930400.09999999,29503.67000000,0.00017465
WOART,2020,680,1,6,39452.92000000,168930400.09999999,68956.59000000,0.00040820
WOART,2020,680,1,7,35683.86000000,168930400.09999999,104640.45000000,0.00061943
WOART,2020,680,1,8,115504.72000000,168930400.09999999,220145.17000000,0.00130317
WOART,2020,680,1,9,173049.74000000,168930400.09999999,393194.91000000,0.00232756
WOART,2020,680,1,10,156128.47000000,168930400.09999999,549323.38000000,0.00325177
WOART,2020,680,1,11,255698.73000000,168930400.09999999,805022.11000000,0.00476541
WOART,2020,680,1,12,219207.92000000,168930400.09999999,1024230.03000000,0.00606303
WOART,2020,680,1,13,97273.16000000,168930400.09999999,1121503.19000000,0.00663885
WOART,2020,680,1,14,55771.44000000,168930400.09999999,1177274.63000000,0.00696899
WOART,2020,680,1,15,173673.73000000,168930400.09999999,1350948.36000000,0.00799707
WOART,2020,680,1,16,115684.24000000,168930400.09999999,1466632.60000000,0.00868187
WOART,2020,680,1,17,55625.51000000,168930400.09999999,1522258.11000000,0.00901116
WOART,2020,680,1,18,232730.42000000,168930400.09999999,1754988.53000000,0.01038883
WOART,2020,680,1,19,88866.50000000,168930400.09999999,1843855.03000000,0.01091488
WOART,2020,680,1,20,145444.27000000,168930400.09999999,1989299.30000000,0.01177585
WOART,2020,680,1,21,216275.96000000,168930400.09999999,2205575.26000000,0.01305612
WOART,2020,680,1,22,217478.74000000,168930400.09999999,2423054.00000000,0.01434350
WOART,2020,680,1,23,173148.32000000,168930400.09999999,2596202.32000000,0.01536847
WOART,2020,680,1,24,172579.75000000,168930400.09999999,2768782.07000000,0.01639008
WOART,2020,680,1,25,163304.22000000,168930400.09999999,2932086.29000000,0.01735677
WOART,2020,680,1,26,105326.55000000,168930400.09999999,3037412.84000000,0.01798026
WOART,2020,680,1,27,88830.05000000,168930400.09999999,3126242.89000000,0.01850610
WOART,2020,680,1,28,186570.68000000,168930400.09999999,3312813.57000000,0.01961052
WOART,2020,680,1,29,122631.99000000,168930400.09999999,3435445.56000000,0.02033646
WOART,2020,680,1,30,158184.72000000,168930400.09999999,3593630.28000000,0.02127285
WOART,2020,680,1,31,184631.82000000,168930400.09999999,3778262.10000000,0.02236579
WOART,2020,680,1,32,185568.23000000,168930400.09999999,3963830.33000000,0.02346428
WOART,2020,680,1,33,140483.30000000,168930400.09999999,4104313.63000000,0.02429589
WOART,2020,680,1,34,31230.79000000,168930400.09999999,4135544.42000000,0.02448076
WOART,2020,680,1,35,101297.90000000,168930400.09999999,4236842.32000000,0.02508040
WOART,2020,680,1,36,33396.36000000,168930400.09999999,4270238.68000000,0.02527809
WOART,2020,680,1,37,48965.34000000,168930400.09999999,4319204.02000000,0.02556795
WOART,2020,680,1,38,141847.81000000,168930400.09999999,4461051.83000000,0.02640763
WOART,2020,680,1,39,120929.36000000,168930400.09999999,4581981.19000000,0.02712349
WOART,2020,680,1,40,59396.76000000,168930400.09999999,4641377.95000000,0.02747509
WOART,2020,680,1,41,49884.22000000,168930400.09999999,4691262.17000000,0.02777038
WOART,2020,680,1,42,81334.05000000,168930400.09999999,4772596.22000000,0.02825185
WOART,2020,680,1,43,91667.23000000,168930400.09999999,4864263.45000000,0.02879448
WOART,2020,680,1,44,71311.44000000,168930400.09999999,4935574.89000000,0.02921662
WOART,2020,680,1,45,79818.31000000,168930400.09999999,5015393.20000000,0.02968911
WOART,2020,680,1,46,105817.78000000,168930400.09999999,5121210.98000000,0.03031551
WOART,2020,680,1,47,90441.90000000,168930400.09999999,5211652.88000000,0.03085089
WOART,2020,680,1,48,20407.83000000,168930400.09999999,5232060.71000000,0.03097169
WOART,2020,680,1,49,46252.72000000,168930400.09999999,5278313.43000000,0.03124549
WOART,2020,680,1,50,35049.79000000,168930400.09999999,5313363.22000000,0.03145297
WOART,2020,680,1,51,16736.68000000,168930400.09999999,5330099.90000000,0.03155205
WOART,2020,680,1,52,40104.62000000,168930400.09999999,5370204.52000000,0.03178945
WOART,2020,680,1,53,12704.52000000,168930400.09999999,5382909.04000000,0.03186466
WOART,2020,680,1,54,60459.67000000,168930400.09999999,5443368.71000000,0.03222255
WOART,2020,680,1,55,15770.88000000,168930400.09999999,5459139.59000000,0.03231591
WOART,2020,680,1,57,29372.34000000,168930400.09999999,5488511.93000000,0.03248978
WOART,2020,680,1,65,5982.87000000,168930400.09999999,5494494.80000000,0.03252520
WOART,2020,680,1,69,5915.76000000,168930400.09999999,5500410.56000000,0.03256022
WOART,2020,680,1,73,8697.29000000,168930400.09999999,5509107.85000000,0.03261170
WOART,2020,680,1,75,2856.66000000,168930400.09999999,5511964.51000000,0.03262861
WOART,2020,680,2,10,31698.50000000,14352871.63999999,31698.50000000,0.00220851
WOART,2020,680,2,11,13791.33000000,14352871.63999999,45489.83000000,0.00316939
WOART,2020,680,2,12,21370.75000000,14352871.63999999,66860.58000000,0.00465834
WOART,2020,680,2,13,19475.84000000,14352871.63999999,86336.42000000,0.00601527
WOART,2020,680,2,14,18584.07000000,14352871.63999999,104920.49000000,0.00731007
WOART,2020,680,2,15,20170.96000000,14352871.63999999,125091.45000000,0.00871543
WOART,2020,680,2,18,1172.55000000,14352871.63999999,126264.00000000,0.00879712
WOART,2020,680,2,19,31206.58000000,14352871.63999999,157470.58000000,0.01097136
WOART,2020,680,2,20,25420.36000000,14352871.63999999,182890.94000000,0.01274246
WOART,2020,680,2,23,27274.73000000,14352871.63999999,210165.67000000,0.01464276
WOART,2020,680,2,25,44073.95000000,14352871.63999999,254239.62000000,0.01771350
WOART,2020,680,2,26,29248.65000000,14352871.63999999,283488.27000000,0.01975133
WOART,2020,680,2,27,26722.88000000,14352871.63999999,310211.15000000,0.02161318
WOART,2020,680,2,30,28451.02000000,14352871.63999999,338662.17000000,0.02359543
WOART,2020,680,2,32,34358.71000000,14352871.63999999,373020.88000000,0.02598929
WOART,2020,680,2,36,38073.43000000,14352871.63999999,411094.31000000,0.02864196
WOART,2020,680,2,37,47830.17000000,14352871.63999999,458924.48000000,0.03197440
WOART,2020,680,2,42,8861.81000000,14352871.63999999,467786.29000000,0.03259183
WOART,2020,680,2,43,12704.71000000,14352871.63999999,480491.00000000,0.03347699
WOART,2020,680,2,44,7238.72000000,14352871.63999999,487729.72000000,0.03398133
WOART,2020,680,2,51,13697.32000000,14352871.63999999,501427.04000000,0.03493566
WOART,2020,680,2,52,9489.28000000,14352871.63999999,510916.32000000,0.03559680
WOART,2020,680,2,55,7154.34000000,14352871.63999999,518070.66000000,0.03609526
WOART,2020,690,1,4,45468.14000000,175287974.67999971,45468.14000000,0.00025939
WOART,2020,690,1,6,58753.15000000,175287974.67999971,104221.29000000,0.00059457
WOART,2020,690,1,7,31117.57000000,175287974.67999971,135338.86000000,0.00077209
WOART,2020,690,1,8,28267.88000000,175287974.67999971,163606.74000000,0.00093336
WOART,2020,690,1,9,51568.26000000,175287974.67999971,215175.00000000,0.00122755
WOART,2020,690,1,10,211033.41000000,175287974.67999971,426208.41000000,0.00243148
WOART,2020,690,1,11,176149.98000000,175287974.67999971,602358.39000000,0.00343639
WOART,2020,690,1,12,34880.00000000,175287974.67999971,637238.39000000,0.00363538
WOART,2020,690,1,13,168675.89000000,175287974.67999971,805914.28000000,0.00459766
WOART,2020,690,1,14,158137.15000000,175287974.67999971,964051.43000000,0.00549981
WOART,2020,690,1,15,191176.31000000,175287974.67999971,1155227.74000000,0.00659046
WOART,2020,690,1,16,217414.43000000,175287974.67999971,1372642.17000000,0.00783078
WOART,2020,690,1,17,130424.92000000,175287974.67999971,1503067.09000000,0.00857484
WOART,2020,690,1,18,94961.45000000,175287974.67999971,1598028.54000000,0.00911659
WOART,2020,690,1,19,131106.88000000,175287974.67999971,1729135.42000000,0.00986454
WOART,2020,690,1,20,96470.23000000,175287974.67999971,1825605.65000000,0.01041489
WOART,2020,690,1,21,67729.26000000,175287974.67999971,1893334.91000000,0.01080128
WOART,2020,690,1,22,141386.10000000,175287974.67999971,2034721.01000000,0.01160788
WOART,2020,690,1,23,217068.69000000,175287974.67999971,2251789.70000000,0.01284623
WOART,2020,690,1,24,85630.26000000,175287974.67999971,2337419.96000000,0.01333474
WOART,2020,690,1,25,165656.49000000,175287974.67999971,2503076.45000000,0.01427980
WOART,2020,690,1,26,152727.58000000,175287974.67999971,2655804.03000000,0.01515109
WOART,2020,690,1,27,100123.68000000,175287974.67999971,2755927.71000000,0.01572229
WOART,2020,690,1,28,212979.02000000,175287974.67999971,2968906.73000000,0.01693731
WOART,2020,690,1,29,129886.32000000,175287974.67999971,3098793.05000000,0.01767830
WOART,2020,690,1,30,109098.28000000,175287974.67999971,3207891.33000000,0.01830069
WOART,2020,690,1,31,69115.01000000,175287974.67999971,3277006.34000000,0.01869499
WOART,2020,690,1,32,33852.79000000,175287974.67999971,3310859.13000000,0.01888811
WOART,2020,690,1,34,163061.79000000,175287974.67999971,3473920.92000000,0.01981836
WOART,2020,690,1,36,89238.80000000,175287974.67999971,3563159.72000000,0.02032746
WOART,2020,690,1,37,164851.10000000,175287974.67999971,3728010.82000000,0.02126792
WOART,2020,690,1,38,124434.36000000,175287974.67999971,3852445.18000000,0.02197781
WOART,2020,690,1,39,148121.31000000,175287974.67999971,4000566.49000000,0.02282282
WOART,2020,690,1,40,65802.71000000,175287974.67999971,4066369.20000000,0.02319822
WOART,2020,690,1,41,96677.17000000,175287974.67999971,4163046.37000000,0.02374975
WOART,2020,690,1,42,41659.91000000,175287974.67999971,4204706.28000000,0.02398742
WOART,2020,690,1,43,18295.34000000,175287974.67999971,4223001.62000000,0.02409179
WOART,2020,690,1,44,79287.63000000,175287974.67999971,4302289.25000000,0.02454412
WOART,2020,690,1,45,99555.10000000,175287974.67999971,4401844.35000000,0.02511207
WOART,2020,690,1,46,40645.95000000,175287974.67999971,4442490.30000000,0.02534395
WOART,2020,690,1,47,59190.60000000,175287974.67999971,4501680.90000000,0.02568163
WOART,2020,690,1,48,33531.80000000,175287974.67999971,4535212.70000000,0.02587293
WOART,2020,690,1,49,15043.66000000,175287974.67999971,4550256.36000000,0.02595875
WOART,2020,690,1,50,76624.78000000,175287974.67999971,4626881.14000000,0.02639588
WOART,2020,690,1,51,41268.27000000,175287974.67999971,4668149.41000000,0.02663132
WOART,2020,690,1,52,48707.21000000,175287974.67999971,4716856.62000000,0.02690919
WOART,2020,690,1,53,47710.35000000,175287974.67999971,4764566.97000000,0.02718137
WOART,2020,690,1,54,69608.99000000,175287974.67999971,4834175.96000000,0.02757848
WOART,2020,690,1,55,27247.40000000,175287974.67999971,4861423.36000000,0.02773392
WOART,2020,690,1,56,15114.48000000,175287974.67999971,4876537.84000000,0.02782015
WOART,2020,690,1,60,22203.23000000,175287974.67999971,4898741.07000000,0.02794682
WOART,2020,690,1,61,609.04000000,175287974.67999971,4899350.11000000,0.02795029
WOART,2020,690,1,66,8971.81000000,175287974.67999971,4908321.92000000,0.02800148
WOART,2020,690,1,72,7980.75000000,175287974.67999971,4916302.67000000,0.02804700
WOART,2020,690,2,9,22605.54000000,14520095.67999999,22605.54000000,0.00155685
WOART,2020,690,2,10,43698.44000000,14520095.67999999,66303.98000000,0.00456636
WOART,2020,690,2,11,50662.46000000,14520095.67999999,116966.44000000,0.00805549
WOART,2020,690,2,12,36274.63000000,14520095.67999999,153241.07000000,0.01055372
WOART,2020,690,2,13,18104.71000000,14520095.67999999,171345.78000000,0.01180060
WOART,2020,690,2,17,3851.94000000,14520095.67999999,175197.72000000,0.01206588
WOART,2020,690,2,19,16921.31000000,14520095.67999999,192119.03000000,0.01323125
WOART,2020,690,2,22,26656.91000000,14520095.67999999,218775.94000000,0.01506711
WOART,2020,690,2,23,29192.07000000,14520095.67999999,247968.01000000,0.01707757
WOART,2020,690,2,25,16039.78000000,14520095.67999999,264007.79000000,0.01818223
WOART,2020,690,2,26,43803.66000000,14520095.67999999,307811.45000000,0.02119900
WOART,2020,690,2,30,21151.70000000,14520095.67999999,328963.15000000,0.02265572
WOART,2020,690,2,38,8048.24000000,14520095.67999999,337011.39000000,0.02321000
WOART,2020,690,2,44,14404.62000000,14520095.67999999,351416.01000000,0.02420205
WOART,2020,690,2,45,12665.55000000,14520095.67999999,364081.56000000,0.02507432
WOART,2020,690,2,48,20305.04000000,14520095.67999999,384386.60000000,0.02647273
WOART,2020,690,2,50,3094.09000000,14520095.67999999,387480.69000000,0.02668582
WOART,2020,690,2,51,5428.67000000,14520095.67999999,392909.36000000,0.02705969
WOART,2020,690,2,52,17043.84000000,14520095.67999999,409953.20000000,0.02823351
WOART,2020,690,2,55,5132.33000000,14520095.67999999,415085.53000000,0.02858697
WOART,2020,690,2,67,13506.61000000,14520095.67999999,428592.14000000,0.02951717
WOART,2020,690,2,74,585.34000000,14520095.67999999,429177.48000000,0.02955748
WOART,2020,690,2,76,2966.13000000,14520095.67999999,432143.61000000,0.02976176
WOART,2020,700,1,6,36936.40000000,207561304.60999966,36936.40000000,0.00017795
WOART,2020,700,1,8,86118.46000000,207561304.60999966,123054.86000000,0.00059286
WOART,2020,700,1,9,108357.06000000,207561304.60999966,231411.92000000,0.00111491
WOART,2020,700,1,10,159116.20000000,207561304.60999966,390528.12000000,0.00188151
WOART,2020,700,1,11,147638.48000000,207561304.60999966,538166.60000000,0.00259281
WOART,2020,700,1,12,126421.06000000,207561304.60999966,664587.66000000,0.00320189
WOART,2020,700,1,13,134817.05000000,207561304.60999966,799404.71000000,0.00385141
WOART,2020,700,1,14,318467.88000000,207561304.60999966,1117872.59000000,0.00538575
WOART,2020,700,1,15,153118.87000000,207561304.60999966,1270991.46000000,0.00612345
WOART,2020,700,1,16,119156.70000000,207561304.60999966,1390148.16000000,0.00669753
WOART,2020,700,1,17,78432.82000000,207561304.60999966,1468580.98000000,0.00707541
WOART,2020,700,1,18,120193.86000000,207561304.60999966,1588774.84000000,0.00765448
WOART,2020,700,1,19,103396.36000000,207561304.60999966,1692171.20000000,0.00815263
WOART,2020,700,1,20,73823.46000000,207561304.60999966,1765994.66000000,0.00850830
WOART,2020,700,1,21,75229.68000000,207561304.60999966,1841224.34000000,0.00887075
WOART,2020,700,1,22,131286.59000000,207561304.60999966,1972510.93000000,0.00950327
WOART,2020,700,1,23,101284.77000000,207561304.60999966,2073795.70000000,0.00999124
WOART,2020,700,1,24,108278.69000000,207561304.60999966,2182074.39000000,0.01051292
WOART,2020,700,1,25,109720.50000000,207561304.60999966,2291794.89000000,0.01104153
WOART,2020,700,1,26,125206.84000000,207561304.60999966,2417001.73000000,0.01164476
WOART,2020,700,1,27,121274.80000000,207561304.60999966,2538276.53000000,0.01222904
WOART,2020,700,1,28,156429.85000000,207561304.60999966,2694706.38000000,0.01298270
WOART,2020,700,1,29,58410.86000000,207561304.60999966,2753117.24000000,0.01326412
WOART,2020,700,1,30,48130.50000000,207561304.60999966,2801247.74000000,0.01349600
WOART,2020,700,1,31,118253.28000000,207561304.60999966,2919501.02000000,0.01406573
WOART,2020,700,1,32,95644.44000000,207561304.60999966,3015145.46000000,0.01452653
WOART,2020,700,1,33,103474.69000000,207561304.60999966,3118620.15000000,0.01502506
WOART,2020,700,1,34,68907.01000000,207561304.60999966,3187527.16000000,0.01535704
WOART,2020,700,1,35,75144.81000000,207561304.60999966,3262671.97000000,0.01571908
WOART,2020,700,1,36,79252.14000000,207561304.60999966,3341924.11000000,0.01610090
WOART,2020,700,1,37,36317.19000000,207561304.60999966,3378241.30000000,0.01627587
WOART,2020,700,1,38,40754.78000000,207561304.60999966,3418996.08000000,0.01647222
WOART,2020,700,1,39,109753.79000000,207561304.60999966,3528749.87000000,0.01700100
WOART,2020,700,1,40,165467.33000000,207561304.60999966,3694217.20000000,0.01779820
WOART,2020,700,1,41,65817.27000000,207561304.60999966,3760034.47000000,0.01811530
WOART,2020,700,1,42,118427.21000000,207561304.60999966,3878461.68000000,0.01868586
WOART,2020,700,1,43,57584.50000000,207561304.60999966,3936046.18000000,0.01896329
WOART,2020,700,1,44,98634.68000000,207561304.60999966,4034680.86000000,0.01943850
WOART,2020,700,1,45,66549.36000000,207561304.60999966,4101230.22000000,0.01975913
WOART,2020,700,1,46,65841.80000000,207561304.60999966,4167072.02000000,0.02007634
WOART,2020,700,1,47,23335.74000000,207561304.60999966,4190407.76000000,0.02018877
WOART,2020,700,1,48,33411.84000000,207561304.60999966,4223819.60000000,0.02034974
WOART,2020,700,1,49,83173.30000000,207561304.60999966,4306992.90000000,0.02075046
WOART,2020,700,1,50,22407.79000000,207561304.60999966,4329400.69000000,0.02085842
WOART,2020,700,1,51,87932.93000000,207561304.60999966,4417333.62000000,0.02128207
WOART,2020,700,1,52,20361.31000000,207561304.60999966,4437694.93000000,0.02138016
WOART,2020,700,1,53,14306.16000000,207561304.60999966,4452001.09000000,0.02144909
WOART,2020,700,1,54,70458.22000000,207561304.60999966,4522459.31000000,0.02178855
WOART,2020,700,1,55,32114.57000000,207561304.60999966,4554573.88000000,0.02194327
WOART,2020,700,1,56,15223.88000000,207561304.60999966,4569797.76000000,0.02201662
WOART,2020,700,1,57,23866.51000000,207561304.60999966,4593664.27000000,0.02213160
WOART,2020,700,1,60,9573.85000000,207561304.60999966,4603238.12000000,0.02217773
WOART,2020,700,1,68,5057.37000000,207561304.60999966,4608295.49000000,0.02220209
WOART,2020,700,2,8,20178.83000000,17884593.55999999,20178.83000000,0.00112828
WOART,2020,700,2,9,45391.59000000,17884593.55999999,65570.42000000,0.00366631
WOART,2020,700,2,11,3318.91000000,17884593.55999999,68889.33000000,0.00385188
WOART,2020,700,2,12,52108.35000000,17884593.55999999,120997.68000000,0.00676547
WOART,2020,700,2,14,26888.21000000,17884593.55999999,147885.89000000,0.00826890
WOART,2020,700,2,16,29500.44000000,17884593.55999999,177386.33000000,0.00991839
WOART,2020,700,2,17,37364.35000000,17884593.55999999,214750.68000000,0.01200758
WOART,2020,700,2,20,24863.72000000,17884593.55999999,239614.40000000,0.01339781
WOART,2020,700,2,21,27364.69000000,17884593.55999999,266979.09000000,0.01492788
WOART,2020,700,2,22,25350.79000000,17884593.55999999,292329.88000000,0.01634535
WOART,2020,700,2,23,29872.43000000,17884593.55999999,322202.31000000,0.01801564
WOART,2020,700,2,27,39252.37000000,17884593.55999999,361454.68000000,0.02021039
WOART,2020,700,2,28,5368.08000000,17884593.55999999,366822.76000000,0.02051054
WOART,2020,700,2,31,55750.64000000,17884593.55999999,422573.40000000,0.02362779
WOART,2020,700,2,34,12340.39000000,17884593.55999999,434913.79000000,0.02431779
WOART,2020,700,2,37,325.73000000,17884593.55999999,435239.52000000,0.02433600
WOART,2020,700,2,38,12777.81000000,17884593.55999999,448017.33000000,0.02505046
WOART,2020,700,2,39,12852.39000000,17884593.55999999,460869.72000000,0.02576909
WOART,2020,700,2,44,18338.90000000,17884593.55999999,479208.62000000,0.02679449
WOART,2020,700,2,45,8250.71000000,17884593.55999999,487459.33000000,0.02725582
WOART,2020,700,2,56,8835.23000000,17884593.55999999,496294.56000000,0.02774984
WOART,2020,710,1,9,203765.79000000,181646307.60999981,203765.79000000,0.00112177
WOART,2020,710,1,10,185942.48000000,181646307.60999981,389708.27000000,0.00214542
WOART,2020,710,1,11,130573.74000000,181646307.60999981,520282.01000000,0.00286426
WOART,2020,710,1,12,278773.62000000,181646307.60999981,799055.63000000,0.00439896
WOART,2020,710,1,13,87341.29000000,181646307.60999981,886396.92000000,0.00487980
WOART,2020,710,1,14,191953.70000000,181646307.60999981,1078350.62000000,0.00593654
WOART,2020,710,1,15,90770.68000000,181646307.60999981,1169121.30000000,0.00643625
WOART,2020,710,1,16,90268.56000000,181646307.60999981,1259389.86000000,0.00693320
WOART,2020,710,1,17,166294.33000000,181646307.60999981,1425684.19000000,0.00784868
WOART,2020,710,1,18,36983.43000000,181646307.60999981,1462667.62000000,0.00805228
WOART,2020,710,1,19,248117.78000000,181646307.60999981,1710785.40000000,0.00941822
WOART,2020,710,1,20,50515.97000000,181646307.60999981,1761301.37000000,0.00969632
WOART,2020,710,1,21,31423.00000000,181646307.60999981,1792724.37000000,0.00986931
WOART,2020,710,1,22,23791.43000000,181646307.60999981,1816515.80000000,0.01000029
WOART,2020,710,1,23,81189.67000000,181646307.60999981,1897705.47000000,0.01044726
WOART,2020,710,1,24,31080.91000000,181646307.60999981,1928786.38000000,0.01061836
WOART,2020,710,1,25,57627.26000000,181646307.60999981,1986413.64000000,0.01093561
WOART,2020,710,1,26,48422.31000000,181646307.60999981,2034835.95000000,0.01120219
WOART,2020,710,1,27,62636.38000000,181646307.60999981,2097472.33000000,0.01154701
WOART,2020,710,1,28,23764.92000000,181646307.60999981,2121237.25000000,0.01167784
WOART,2020,710,1,29,28585.46000000,181646307.60999981,2149822.71000000,0.01183521
WOART,2020,710,1,30,148465.26000000,181646307.60999981,2298287.97000000,0.01265254
WOART,2020,710,1,31,20032.47000000,181646307.60999981,2318320.44000000,0.01276283
WOART,2020,710,1,32,64447.45000000,181646307.60999981,2382767.89000000,0.01311762
WOART,2020,710,1,33,50408.96000000,181646307.60999981,2433176.85000000,0.01339514
WOART,2020,710,1,34,124263.44000000,181646307.60999981,2557440.29000000,0.01407923
WOART,2020,710,1,35,36532.09000000,181646307.60999981,2593972.38000000,0.01428035
WOART,2020,710,1,36,54909.50000000,181646307.60999981,2648881.88000000,0.01458264
WOART,2020,710,1,38,61928.93000000,181646307.60999981,2710810.81000000,0.01492357
WOART,2020,710,1,39,35993.47000000,181646307.60999981,2746804.28000000,0.01512172
WOART,2020,710,1,40,167331.42000000,181646307.60999981,2914135.70000000,0.01604291
WOART,2020,710,1,41,52711.57000000,181646307.60999981,2966847.27000000,0.01633310
WOART,2020,710,1,42,74123.41000000,181646307.60999981,3040970.68000000,0.01674116
WOART,2020,710,1,43,54872.93000000,181646307.60999981,3095843.61000000,0.01704325
WOART,2020,710,1,44,62367.06000000,181646307.60999981,3158210.67000000,0.01738659
WOART,2020,710,1,45,53359.95000000,181646307.60999981,3211570.62000000,0.01768035
WOART,2020,710,1,46,56925.84000000,181646307.60999981,3268496.46000000,0.01799374
WOART,2020,710,1,47,49081.23000000,181646307.60999981,3317577.69000000,0.01826394
WOART,2020,710,1,48,36874.21000000,181646307.60999981,3354451.90000000,0.01846694
WOART,2020,710,1,49,33511.40000000,181646307.60999981,3387963.30000000,0.01865143
WOART,2020,710,1,50,45280.64000000,181646307.60999981,3433243.94000000,0.01890071
WOART,2020,710,1,51,70978.23000000,181646307.60999981,3504222.17000000,0.01929146
WOART,2020,710,1,52,14182.33000000,181646307.60999981,3518404.50000000,0.01936953
WOART,2020,710,1,53,8733.74000000,181646307.60999981,3527138.24000000,0.01941762
WOART,2020,710,1,54,53187.15000000,181646307.60999981,3580325.39000000,0.01971042
WOART,2020,710,1,55,19970.48000000,181646307.60999981,3600295.87000000,0.01982036
WOART,2020,710,1,61,11173.68000000,181646307.60999981,3611469.55000000,0.01988188
WOART,2020,710,1,63,1349.24000000,181646307.60999981,3612818.79000000,0.01988930
WOART,2020,710,1,64,10939.50000000,181646307.60999981,3623758.29000000,0.01994953
WOART,2020,710,1,73,6477.93000000,181646307.60999981,3630236.22000000,0.01998519
WOART,2020,710,2,12,30235.20000000,15125370.70000000,30235.20000000,0.00199897
WOART,2020,710,2,13,77103.86000000,15125370.70000000,107339.06000000,0.00709662
WOART,2020,710,2,17,3590.01000000,15125370.70000000,110929.07000000,0.00733397
WOART,2020,710,2,19,15720.38000000,15125370.70000000,126649.45000000,0.00837331
WOART,2020,710,2,24,25649.03000000,15125370.70000000,152298.48000000,0.01006907
WOART,2020,710,2,30,38165.58000000,15125370.70000000,190464.06000000,0.01259236
WOART,2020,710,2,31,15827.51000000,15125370.70000000,206291.57000000,0.01363878
WOART,2020,710,2,33,11286.30000000,15125370.70000000,217577.87000000,0.01438496
WOART,2020,710,2,38,46785.69000000,15125370.70000000,264363.56000000,0.01747815
WOART,2020,720,1,8,47185.51000000,202956382.94999993,47185.51000000,0.00023249
WOART,2020,720,1,9,114573.53000000,202956382.94999993,161759.04000000,0.00079701
WOART,2020,720,1,10,154054.93000000,202956382.94999993,315813.97000000,0.00155607
WOART,2020,720,1,11,139222.62000000,202956382.94999993,455036.59000000,0.00224204
WOART,2020,720,1,12,165551.76000000,202956382.94999993,620588.35000000,0.00305774
WOART,2020,720,1,13,30934.72000000,202956382.94999993,651523.07000000,0.00321016
WOART,2020,720,1,14,101193.60000000,202956382.94999993,752716.67000000,0.00370876
WOART,2020,720,1,15,237839.64000000,202956382.94999993,990556.31000000,0.00488064
WOART,2020,720,1,16,84933.03000000,202956382.94999993,1075489.34000000,0.00529912
WOART,2020,720,1,17,105622.54000000,202956382.94999993,1181111.88000000,0.00581954
WOART,2020,720,1,18,104763.91000000,202956382.94999993,1285875.79000000,0.00633572
WOART,2020,720,1,19,150873.63000000,202956382.94999993,1436749.42000000,0.00707910
WOART,2020,720,1,20,21759.03000000,202956382.94999993,1458508.45000000,0.00718631
WOART,2020,720,1,21,103296.49000000,202956382.94999993,1561804.94000000,0.00769527
WOART,2020,720,1,22,84469.23000000,202956382.94999993,1646274.17000000,0.00811147
WOART,2020,720,1,23,64585.96000000,202956382.94999993,1710860.13000000,0.00842969
WOART,2020,720,1,24,100590.20000000,202956382.94999993,1811450.33000000,0.00892532
WOART,2020,720,1,25,60559.85000000,202956382.94999993,1872010.18000000,0.00922371
WOART,2020,720,1,26,26331.45000000,202956382.94999993,1898341.63000000,0.00935345
WOART,2020,720,1,27,58758.67000000,202956382.94999993,1957100.30000000,0.00964296
WOART,2020,720,1,28,37752.36000000,202956382.94999993,1994852.66000000,0.00982897
WOART,2020,720,1,29,47803.24000000,202956382.94999993,2042655.90000000,0.01006451
WOART,2020,720,1,30,76184.66000000,202956382.94999993,2118840.56000000,0.01043988
WOART,2020,720,1,31,16466.08000000,202956382.94999993,2135306.64000000,0.01052101
WOART,2020,720,1,32,97859.98000000,202956382.94999993,2233166.62000000,0.01100318
WOART,2020,720,1,33,55959.36000000,202956382.94999993,2289125.98000000,0.01127891
WOART,2020,720,1,34,17068.97000000,202956382.94999993,2306194.95000000,0.01136301
WOART,2020,720,1,35,23459.30000000,202956382.94999993,2329654.25000000,0.01147860
WOART,2020,720,1,36,49126.37000000,202956382.94999993,2378780.62000000,0.01172065
WOART,2020,720,1,37,49244.86000000,202956382.94999993,2428025.48000000,0.01196329
WOART,2020,720,1,38,48873.35000000,202956382.94999993,2476898.83000000,0.01220409
WOART,2020,720,1,39,83596.19000000,202956382.94999993,2560495.02000000,0.01261599
WOART,2020,720,1,40,30582.38000000,202956382.94999993,2591077.40000000,0.01276667
WOART,2020,720,1,41,73251.55000000,202956382.94999993,2664328.95000000,0.01312759
WOART,2020,720,1,42,69253.89000000,202956382.94999993,2733582.84000000,0.01346882
WOART,2020,720,1,43,23433.68000000,202956382.94999993,2757016.52000000,0.01358428
WOART,2020,720,1,44,51100.54000000,202956382.94999993,2808117.06000000,0.01383606
WOART,2020,720,1,45,33540.08000000,202956382.94999993,2841657.14000000,0.01400132
WOART,2020,720,1,46,44098.50000000,202956382.94999993,2885755.64000000,0.01421860
WOART,2020,720,1,47,62945.19000000,202956382.94999993,2948700.83000000,0.01452874
WOART,2020,720,1,48,16014.93000000,202956382.94999993,2964715.76000000,0.01460765
WOART,2020,720,1,49,41364.31000000,202956382.94999993,3006080.07000000,0.01481146
WOART,2020,720,1,50,5045.00000000,202956382.94999993,3011125.07000000,0.01483632
WOART,2020,720,1,51,29152.29000000,202956382.94999993,3040277.36000000,0.01497995
WOART,2020,720,1,52,36822.40000000,202956382.94999993,3077099.76000000,0.01516138
WOART,2020,720,1,53,30159.42000000,202956382.94999993,3107259.18000000,0.01530999
WOART,2020,720,1,54,5563.64000000,202956382.94999993,3112822.82000000,0.01533740
WOART,2020,720,1,55,11079.52000000,202956382.94999993,3123902.34000000,0.01539199
WOART,2020,720,1,63,18306.71000000,202956382.94999993,3142209.05000000,0.01548219
WOART,2020,720,1,64,17926.81000000,202956382.94999993,3160135.86000000,0.01557052
WOART,2020,720,1,71,2499.79000000,202956382.94999993,3162635.65000000,0.01558283
WOART,2020,720,1,72,4188.38000000,202956382.94999993,3166824.03000000,0.01560347
WOART,2020,720,1,73,1441.31000000,202956382.94999993,3168265.34000000,0.01561057
WOART,2020,720,1,76,1028.89000000,202956382.94999993,3169294.23000000,0.01561564
WOART,2020,720,2,9,10354.51000000,17296877.70000000,10354.51000000,0.00059863
WOART,2020,720,2,10,3069.23000000,17296877.70000000,13423.74000000,0.00077608
WOART,2020,720,2,13,56981.73000000,17296877.70000000,70405.47000000,0.00407041
WOART,2020,720,2,16,18946.85000000,17296877.70000000,89352.32000000,0.00516581
WOART,2020,720,2,17,42584.33000000,17296877.70000000,131936.65000000,0.00762777
WOART,2020,720,2,18,20889.94000000,17296877.70000000,152826.59000000,0.00883550
WOART,2020,720,2,19,12416.66000000,17296877.70000000,165243.25000000,0.00955336
WOART,2020,720,2,23,7353.79000000,17296877.70000000,172597.04000000,0.00997851
WOART,2020,720,2,25,37421.77000000,17296877.70000000,210018.81000000,0.01214201
WOART,2020,720,2,31,46400.20000000,17296877.70000000,256419.01000000,0.01482458
WOART,2020,720,2,32,20493.28000000,17296877.70000000,276912.29000000,0.01600938
WOART,2020,720,2,36,12293.96000000,17296877.70000000,289206.25000000,0.01672014
WOART,2020,720,2,41,28786.30000000,17296877.70000000,317992.55000000,0.01838439
WOART,2020,720,2,42,14812.11000000,17296877.70000000,332804.66000000,0.01924074
WOART,2020,720,2,49,0.00000000,17296877.70000000,332804.66000000,0.01924074
WOART,2020,720,2,50,7879.07000000,17296877.70000000,340683.73000000,0.01969626
WOART,2020,730,1,8,71761.83000000,195361050.75999972,71761.83000000,0.00036733
WOART,2020,730,1,9,24549.76000000,195361050.75999972,96311.59000000,0.00049299
WOART,2020,730,1,11,117505.62000000,195361050.75999972,213817.21000000,0.00109447
WOART,2020,730,1,12,72603.61000000,195361050.75999972,286420.82000000,0.00146611
WOART,2020,730,1,13,165271.27000000,195361050.75999972,451692.09000000,0.00231209
WOART,2020,730,1,15,33774.56000000,195361050.75999972,485466.65000000,0.00248497
WOART,2020,730,1,16,106896.94000000,195361050.75999972,592363.59000000,0.00303215
WOART,2020,730,1,17,32803.52000000,195361050.75999972,625167.11000000,0.00320006
WOART,2020,730,1,18,76243.32000000,195361050.75999972,701410.43000000,0.00359033
WOART,2020,730,1,19,23077.62000000,195361050.75999972,724488.05000000,0.00370846
WOART,2020,730,1,20,67348.45000000,195361050.75999972,791836.50000000,0.00405320
WOART,2020,730,1,21,56702.71000000,195361050.75999972,848539.21000000,0.00434344
WOART,2020,730,1,22,117717.94000000,195361050.75999972,966257.15000000,0.00494601
WOART,2020,730,1,23,2821.48000000,195361050.75999972,969078.63000000,0.00496045
WOART,2020,730,1,25,75129.84000000,195361050.75999972,1044208.47000000,0.00534502
WOART,2020,730,1,26,43981.14000000,195361050.75999972,1088189.61000000,0.00557015
WOART,2020,730,1,28,69304.88000000,195361050.75999972,1157494.49000000,0.00592490
WOART,2020,730,1,29,58465.11000000,195361050.75999972,1215959.60000000,0.00622417
WOART,2020,730,1,30,28592.11000000,195361050.75999972,1244551.71000000,0.00637052
WOART,2020,730,1,31,81930.59000000,195361050.75999972,1326482.30000000,0.00678990
WOART,2020,730,1,32,47833.09000000,195361050.75999972,1374315.39000000,0.00703475
WOART,2020,730,1,34,41685.35000000,195361050.75999972,1416000.74000000,0.00724812
WOART,2020,730,1,37,56233.88000000,195361050.75999972,1472234.62000000,0.00753597
WOART,2020,730,1,38,23881.86000000,195361050.75999972,1496116.48000000,0.00765821
WOART,2020,730,1,39,30830.43000000,195361050.75999972,1526946.91000000,0.00781603
WOART,2020,730,1,40,46004.92000000,195361050.75999972,1572951.83000000,0.00805151
WOART,2020,730,1,41,42563.46000000,195361050.75999972,1615515.29000000,0.00826938
WOART,2020,730,1,42,26350.10000000,195361050.75999972,1641865.39000000,0.00840426
WOART,2020,730,1,43,63788.93000000,195361050.75999972,1705654.32000000,0.00873078
WOART,2020,730,1,44,34674.58000000,195361050.75999972,1740328.90000000,0.00890827
WOART,2020,730,1,45,41479.63000000,195361050.75999972,1781808.53000000,0.00912059
WOART,2020,730,1,46,1262.34000000,195361050.75999972,1783070.87000000,0.00912705
WOART,2020,730,1,47,17205.18000000,195361050.75999972,1800276.05000000,0.00921512
WOART,2020,730,1,48,39636.51000000,195361050.75999972,1839912.56000000,0.00941801
WOART,2020,730,1,49,78562.19000000,195361050.75999972,1918474.75000000,0.00982015
WOART,2020,730,1,50,34917.87000000,195361050.75999972,1953392.62000000,0.00999888
WOART,2020,730,1,51,82676.37000000,195361050.75999972,2036068.99000000,0.01042208
WOART,2020,730,1,52,29204.84000000,195361050.75999972,2065273.83000000,0.01057157
WOART,2020,730,1,53,10956.05000000,195361050.75999972,2076229.88000000,0.01062766
WOART,2020,730,1,54,7111.13000000,195361050.75999972,2083341.01000000,0.01066406
WOART,2020,730,1,63,11633.24000000,195361050.75999972,2094974.25000000,0.01072360
WOART,2020,730,1,68,5657.09000000,195361050.75999972,2100631.34000000,0.01075256
WOART,2020,730,1,75,310.13000000,195361050.75999972,2100941.47000000,0.01075415
WOART,2020,730,2,8,15183.15000000,15161788.77000000,15183.15000000,0.00100141
WOART,2020,730,2,11,28246.33000000,15161788.77000000,43429.48000000,0.00286440
WOART,2020,730,2,13,21233.38000000,15161788.77000000,64662.86000000,0.00426486
WOART,2020,730,2,17,18961.94000000,15161788.77000000,83624.80000000,0.00551550
WOART,2020,730,2,18,21923.27000000,15161788.77000000,105548.07000000,0.00696145
WOART,2020,730,2,19,-218.55000000,15161788.77000000,105329.52000000,0.00694704
WOART,2020,730,2,20,9662.67000000,15161788.77000000,114992.19000000,0.00758434
WOART,2020,730,2,25,34808.11000000,15161788.77000000,149800.30000000,0.00988012
WOART,2020,730,2,27,12247.57000000,15161788.77000000,162047.87000000,0.01068791
WOART,2020,730,2,28,23866.09000000,15161788.77000000,185913.96000000,0.01226201
WOART,2020,730,2,29,7462.78000000,15161788.77000000,193376.74000000,0.01275422
WOART,2020,730,2,30,15587.23000000,15161788.77000000,208963.97000000,0.01378228
WOART,2020,730,2,31,12085.85000000,15161788.77000000,221049.82000000,0.01457940
WOART,2020,730,2,34,19475.14000000,15161788.77000000,240524.96000000,0.01586389
WOART,2020,730,2,48,7607.39000000,15161788.77000000,248132.35000000,0.01636564
WOART,2020,730,2,52,9643.24000000,15161788.77000000,257775.59000000,0.01700166
WOART,2020,730,2,66,15458.63000000,15161788.77000000,273234.22000000,0.01802124
WOART,2020,740,1,8,1328.51000000,180542957.38999984,1328.51000000,0.00000736
WOART,2020,740,1,9,76746.61000000,180542957.38999984,78075.12000000,0.00043245
WOART,2020,740,1,10,104449.21000000,180542957.38999984,182524.33000000,0.00101097
WOART,2020,740,1,11,29819.61000000,180542957.38999984,212343.94000000,0.00117614
WOART,2020,740,1,12,100219.59000000,180542957.38999984,312563.53000000,0.00173124
WOART,2020,740,1,13,65592.77000000,180542957.38999984,378156.30000000,0.00209455
WOART,2020,740,1,14,84313.24000000,180542957.38999984,462469.54000000,0.00256155
WOART,2020,740,1,15,60018.08000000,180542957.38999984,522487.62000000,0.00289398
WOART,2020,740,1,16,90189.33000000,180542957.38999984,612676.95000000,0.00339352
WOART,2020,740,1,18,108667.57000000,180542957.38999984,721344.52000000,0.00399542
WOART,2020,740,1,20,38714.36000000,180542957.38999984,760058.88000000,0.00420985
WOART,2020,740,1,21,60984.11000000,180542957.38999984,821042.99000000,0.00454763
WOART,2020,740,1,22,97976.74000000,180542957.38999984,919019.73000000,0.00509031
WOART,2020,740,1,23,24978.59000000,180542957.38999984,943998.32000000,0.00522866
WOART,2020,740,1,24,80526.65000000,180542957.38999984,1024524.97000000,0.00567469
WOART,2020,740,1,25,70951.54000000,180542957.38999984,1095476.51000000,0.00606768
WOART,2020,740,1,26,33800.25000000,180542957.38999984,1129276.76000000,0.00625489
WOART,2020,740,1,27,31723.64000000,180542957.38999984,1161000.40000000,0.00643060
WOART,2020,740,1,28,25457.50000000,180542957.38999984,1186457.90000000,0.00657161
WOART,2020,740,1,29,50896.75000000,180542957.38999984,1237354.65000000,0.00685352
WOART,2020,740,1,30,71291.23000000,180542957.38999984,1308645.88000000,0.00724839
WOART,2020,740,1,31,32090.21000000,180542957.38999984,1340736.09000000,0.00742613
WOART,2020,740,1,32,55918.26000000,180542957.38999984,1396654.35000000,0.00773586
WOART,2020,740,1,34,64356.96000000,180542957.38999984,1461011.31000000,0.00809232
WOART,2020,740,1,35,50456.96000000,180542957.38999984,1511468.27000000,0.00837179
WOART,2020,740,1,36,36673.63000000,180542957.38999984,1548141.90000000,0.00857492
WOART,2020,740,1,37,30376.33000000,180542957.38999984,1578518.23000000,0.00874317
WOART,2020,740,1,38,41405.27000000,180542957.38999984,1619923.50000000,0.00897251
WOART,2020,740,1,39,57005.18000000,180542957.38999984,1676928.68000000,0.00928825
WOART,2020,740,1,40,51734.33000000,180542957.38999984,1728663.01000000,0.00957480
WOART,2020,740,1,41,67226.19000000,180542957.38999984,1795889.20000000,0.00994716
WOART,2020,740,1,42,35228.62000000,180542957.38999984,1831117.82000000,0.01014228
WOART,2020,740,1,44,19162.20000000,180542957.38999984,1850280.02000000,0.01024842
WOART,2020,740,1,45,17258.57000000,180542957.38999984,1867538.59000000,0.01034401
WOART,2020,740,1,46,39549.71000000,180542957.38999984,1907088.30000000,0.01056307
WOART,2020,740,1,47,16373.67000000,180542957.38999984,1923461.97000000,0.01065376
WOART,2020,740,1,49,22770.37000000,180542957.38999984,1946232.34000000,0.01077989
WOART,2020,740,1,50,44604.96000000,180542957.38999984,1990837.30000000,0.01102695
WOART,2020,740,1,51,2972.16000000,180542957.38999984,1993809.46000000,0.01104341
WOART,2020,740,1,54,38803.77000000,180542957.38999984,2032613.23000000,0.01125834
WOART,2020,740,1,55,33491.29000000,180542957.38999984,2066104.52000000,0.01144384
WOART,2020,740,1,60,627.83000000,180542957.38999984,2066732.35000000,0.01144732
WOART,2020,740,1,70,10029.27000000,180542957.38999984,2076761.62000000,0.01150287
WOART,2020,740,1,74,1139.65000000,180542957.38999984,2077901.27000000,0.01150918
WOART,2020,740,1,76,3786.95000000,180542957.38999984,2081688.22000000,0.01153015
WOART,2020,740,2,13,73.90000000,13044609.67000001,73.90000000,0.00000567
WOART,2020,740,2,16,13976.23000000,13044609.67000001,14050.13000000,0.00107708
WOART,2020,740,2,24,44474.98000000,13044609.67000001,58525.11000000,0.00448654
WOART,2020,740,2,28,24963.36000000,13044609.67000001,83488.47000000,0.00640023
WOART,2020,740,2,30,28477.43000000,13044609.67000001,111965.90000000,0.00858331
WOART,2020,740,2,31,17230.75000000,13044609.67000001,129196.65000000,0.00990422
WOART,2020,740,2,36,17211.65000000,13044609.67000001,146408.30000000,0.01122366
WOART,2020,740,2,45,14960.22000000,13044609.67000001,161368.52000000,0.01237051
WOART,2020,740,2,51,24054.04000000,13044609.67000001,185422.56000000,0.01421450
WOART,2020,750,1,9,59325.80000000,186028072.52000007,59325.80000000,0.00031891
WOART,2020,750,1,11,58705.29000000,186028072.52000007,118031.09000000,0.00063448
WOART,2020,750,1,12,95950.22000000,186028072.52000007,213981.31000000,0.00115026
WOART,2020,750,1,15,32551.97000000,186028072.52000007,246533.28000000,0.00132525
WOART,2020,750,1,16,33765.33000000,186028072.52000007,280298.61000000,0.00150675
WOART,2020,750,1,17,17037.99000000,186028072.52000007,297336.60000000,0.00159834
WOART,2020,750,1,18,43319.47000000,186028072.52000007,340656.07000000,0.00183121
WOART,2020,750,1,19,22646.84000000,186028072.52000007,363302.91000000,0.00195295
WOART,2020,750,1,20,59327.71000000,186028072.52000007,422630.62000000,0.00227186
WOART,2020,750,1,21,27228.90000000,186028072.52000007,449859.52000000,0.00241823
WOART,2020,750,1,22,29737.05000000,186028072.52000007,479596.57000000,0.00257809
WOART,2020,750,1,23,19733.81000000,186028072.52000007,499330.38000000,0.00268417
WOART,2020,750,1,24,29651.18000000,186028072.52000007,528981.56000000,0.00284356
WOART,2020,750,1,26,34313.74000000,186028072.52000007,563295.30000000,0.00302801
WOART,2020,750,1,27,37122.69000000,186028072.52000007,600417.99000000,0.00322757
WOART,2020,750,1,28,24702.80000000,186028072.52000007,625120.79000000,0.00336036
WOART,2020,750,1,30,55272.41000000,186028072.52000007,680393.20000000,0.00365748
WOART,2020,750,1,31,55294.61000000,186028072.52000007,735687.81000000,0.00395471
WOART,2020,750,1,33,53799.47000000,186028072.52000007,789487.28000000,0.00424391
WOART,2020,750,1,34,98110.60000000,186028072.52000007,887597.88000000,0.00477131
WOART,2020,750,1,36,41242.63000000,186028072.52000007,928840.51000000,0.00499301
WOART,2020,750,1,39,17527.38000000,186028072.52000007,946367.89000000,0.00508723
WOART,2020,750,1,40,45687.30000000,186028072.52000007,992055.19000000,0.00533283
WOART,2020,750,1,41,18969.58000000,186028072.52000007,1011024.77000000,0.00543480
WOART,2020,750,1,42,53852.63000000,186028072.52000007,1064877.40000000,0.00572428
WOART,2020,750,1,43,17178.41000000,186028072.52000007,1082055.81000000,0.00581663
WOART,2020,750,1,44,12059.35000000,186028072.52000007,1094115.16000000,0.00588145
WOART,2020,750,1,45,44652.36000000,186028072.52000007,1138767.52000000,0.00612148
WOART,2020,750,1,46,30527.40000000,186028072.52000007,1169294.92000000,0.00628558
WOART,2020,750,1,50,2655.28000000,186028072.52000007,1171950.20000000,0.00629986
WOART,2020,750,1,51,1376.41000000,186028072.52000007,1173326.61000000,0.00630726
WOART,2020,750,1,52,17065.22000000,186028072.52000007,1190391.83000000,0.00639899
WOART,2020,750,1,53,16398.82000000,186028072.52000007,1206790.65000000,0.00648714
WOART,2020,750,1,54,14465.14000000,186028072.52000007,1221255.79000000,0.00656490
WOART,2020,750,1,55,14509.65000000,186028072.52000007,1235765.44000000,0.00664290
WOART,2020,750,1,56,2458.86000000,186028072.52000007,1238224.30000000,0.00665612
WOART,2020,750,1,68,5573.96000000,186028072.52000007,1243798.26000000,0.00668608
WOART,2020,750,1,72,3107.31000000,186028072.52000007,1246905.57000000,0.00670278
WOART,2020,750,2,8,31492.40000000,12521192.50000000,31492.40000000,0.00251513
WOART,2020,750,2,10,8610.15000000,12521192.50000000,40102.55000000,0.00320277
WOART,2020,750,2,14,18875.53000000,12521192.50000000,58978.08000000,0.00471026
WOART,2020,750,2,18,4441.94000000,12521192.50000000,63420.02000000,0.00506501
WOART,2020,750,2,28,29869.08000000,12521192.50000000,93289.10000000,0.00745050
WOART,2020,750,2,36,17025.90000000,12521192.50000000,110315.00000000,0.00881026
WOART,2020,750,2,38,16807.71000000,12521192.50000000,127122.71000000,0.01015260
WOART,2020,750,2,43,7362.46000000,12521192.50000000,134485.17000000,0.01074060
WOART,2020,750,2,47,15366.55000000,12521192.50000000,149851.72000000,0.01196785
WOART,2020,760,1,8,38527.41000000,158910825.77000007,38527.41000000,0.00024245
WOART,2020,760,1,10,34964.69000000,158910825.77000007,73492.10000000,0.00046247
WOART,2020,760,1,11,77080.86000000,158910825.77000007,150572.96000000,0.00094753
WOART,2020,760,1,12,50005.02000000,158910825.77000007,200577.98000000,0.00126220
WOART,2020,760,1,13,77506.72000000,158910825.77000007,278084.70000000,0.00174994
WOART,2020,760,1,14,138076.76000000,158910825.77000007,416161.46000000,0.00261884
WOART,2020,760,1,15,37158.40000000,158910825.77000007,453319.86000000,0.00285267
WOART,2020,760,1,16,26013.90000000,158910825.77000007,479333.76000000,0.00301637
WOART,2020,760,1,17,73437.53000000,158910825.77000007,552771.29000000,0.00347850
WOART,2020,760,1,18,1535.66000000,158910825.77000007,554306.95000000,0.00348816
WOART,2020,760,1,19,99421.51000000,158910825.77000007,653728.46000000,0.00411381
WOART,2020,760,1,20,29044.05000000,158910825.77000007,682772.51000000,0.00429658
WOART,2020,760,1,21,34374.37000000,158910825.77000007,717146.88000000,0.00451289
WOART,2020,760,1,22,68254.63000000,158910825.77000007,785401.51000000,0.00494240
WOART,2020,760,1,23,92053.93000000,158910825.77000007,877455.44000000,0.00552168
WOART,2020,760,1,28,29365.72000000,158910825.77000007,906821.16000000,0.00570648
WOART,2020,760,1,29,25670.36000000,158910825.77000007,932491.52000000,0.00586802
WOART,2020,760,1,31,47333.99000000,158910825.77000007,979825.51000000,0.00616588
WOART,2020,760,1,32,18688.09000000,158910825.77000007,998513.60000000,0.00628348
WOART,2020,760,1,33,15002.53000000,158910825.77000007,1013516.13000000,0.00637789
WOART,2020,760,1,36,27241.06000000,158910825.77000007,1040757.19000000,0.00654932
WOART,2020,760,1,39,26492.98000000,158910825.77000007,1067250.17000000,0.00671603
WOART,2020,760,1,41,58361.84000000,158910825.77000007,1125612.01000000,0.00708329
WOART,2020,760,1,42,11822.15000000,158910825.77000007,1137434.16000000,0.00715769
WOART,2020,760,1,43,21716.17000000,158910825.77000007,1159150.33000000,0.00729434
WOART,2020,760,1,45,792.34000000,158910825.77000007,1159942.67000000,0.00729933
WOART,2020,760,1,46,34096.81000000,158910825.77000007,1194039.48000000,0.00751390
WOART,2020,760,1,50,49836.06000000,158910825.77000007,1243875.54000000,0.00782751
WOART,2020,760,1,51,22103.51000000,158910825.77000007,1265979.05000000,0.00796660
WOART,2020,760,1,52,12990.54000000,158910825.77000007,1278969.59000000,0.00804835
WOART,2020,760,1,57,18900.78000000,158910825.77000007,1297870.37000000,0.00816729
WOART,2020,760,1,62,8068.86000000,158910825.77000007,1305939.23000000,0.00821806
WOART,2020,760,1,64,7827.63000000,158910825.77000007,1313766.86000000,0.00826732
WOART,2020,760,1,75,1091.42000000,158910825.77000007,1314858.28000000,0.00827419
WOART,2020,760,2,12,29952.89000000,8355986.93000000,29952.89000000,0.00358460
WOART,2020,760,2,34,25451.61000000,8355986.93000000,55404.50000000,0.00663052
WOART,2020,760,2,43,10361.70000000,8355986.93000000,65766.20000000,0.00787055
WOART,2020,760,2,53,7565.05000000,8355986.93000000,73331.25000000,0.00877589
WOART,2020,770,1,8,24841.76000000,168568207.47999993,24841.76000000,0.00014737
WOART,2020,770,1,10,18440.68000000,168568207.47999993,43282.44000000,0.00025677
WOART,2020,770,1,12,54530.96000000,168568207.47999993,97813.40000000,0.00058026
WOART,2020,770,1,15,47954.81000000,168568207.47999993,145768.21000000,0.00086474
WOART,2020,770,1,16,25026.94000000,168568207.47999993,170795.15000000,0.00101321
WOART,2020,770,1,19,67833.64000000,168568207.47999993,238628.79000000,0.00141562
WOART,2020,770,1,20,22995.13000000,168568207.47999993,261623.92000000,0.00155204
WOART,2020,770,1,22,51410.58000000,168568207.47999993,313034.50000000,0.00185702
WOART,2020,770,1,24,71170.91000000,168568207.47999993,384205.41000000,0.00227923
WOART,2020,770,1,27,7090.57000000,168568207.47999993,391295.98000000,0.00232129
WOART,2020,770,1,28,23620.04000000,168568207.47999993,414916.02000000,0.00246141
WOART,2020,770,1,29,25795.89000000,168568207.47999993,440711.91000000,0.00261444
WOART,2020,770,1,31,17305.83000000,168568207.47999993,458017.74000000,0.00271711
WOART,2020,770,1,32,32312.12000000,168568207.47999993,490329.86000000,0.00290879
WOART,2020,770,1,33,28747.91000000,168568207.47999993,519077.77000000,0.00307933
WOART,2020,770,1,35,36780.55000000,168568207.47999993,555858.32000000,0.00329753
WOART,2020,770,1,36,47181.91000000,168568207.47999993,603040.23000000,0.00357743
WOART,2020,770,1,37,20734.04000000,168568207.47999993,623774.27000000,0.00370043
WOART,2020,770,1,38,39936.98000000,168568207.47999993,663711.25000000,0.00393735
WOART,2020,770,1,40,18650.95000000,168568207.47999993,682362.20000000,0.00404799
WOART,2020,770,1,45,38100.68000000,168568207.47999993,720462.88000000,0.00427401
WOART,2020,770,1,49,15253.81000000,168568207.47999993,735716.69000000,0.00436450
WOART,2020,770,1,50,27591.45000000,168568207.47999993,763308.14000000,0.00452819
WOART,2020,770,1,51,33490.27000000,168568207.47999993,796798.41000000,0.00472686
WOART,2020,770,1,54,13173.99000000,168568207.47999993,809972.40000000,0.00480501
WOART,2020,770,1,56,9305.50000000,168568207.47999993,819277.90000000,0.00486022
WOART,2020,770,1,64,4456.12000000,168568207.47999993,823734.02000000,0.00488665
WOART,2020,770,1,65,7049.55000000,168568207.47999993,830783.57000000,0.00492847
WOART,2020,770,1,66,8450.80000000,168568207.47999993,839234.37000000,0.00497860
WOART,2020,770,2,10,27736.38000000,7173392.22000000,27736.38000000,0.00386656
WOART,2020,770,2,25,14844.27000000,7173392.22000000,42580.65000000,0.00593592
WOART,2020,770,2,28,22986.82000000,7173392.22000000,65567.47000000,0.00914037
WOART,2020,770,2,51,12442.87000000,7173392.22000000,78010.34000000,0.01087496
WOART,2020,780,1,11,25441.63000000,170297871.55999982,25441.63000000,0.00014939
WOART,2020,780,1,13,59849.91000000,170297871.55999982,85291.54000000,0.00050084
WOART,2020,780,1,15,89473.05000000,170297871.55999982,174764.59000000,0.00102623
WOART,2020,780,1,17,29404.80000000,170297871.55999982,204169.39000000,0.00119890
WOART,2020,780,1,18,37578.44000000,170297871.55999982,241747.83000000,0.00141956
WOART,2020,780,1,20,38660.74000000,170297871.55999982,280408.57000000,0.00164658
WOART,2020,780,1,22,28258.87000000,170297871.55999982,308667.44000000,0.00181251
WOART,2020,780,1,26,16794.68000000,170297871.55999982,325462.12000000,0.00191113
WOART,2020,780,1,27,24213.05000000,170297871.55999982,349675.17000000,0.00205331
WOART,2020,780,1,28,14910.51000000,170297871.55999982,364585.68000000,0.00214087
WOART,2020,780,1,31,20427.45000000,170297871.55999982,385013.13000000,0.00226082
WOART,2020,780,1,32,27967.71000000,170297871.55999982,412980.84000000,0.00242505
WOART,2020,780,1,33,76127.60000000,170297871.55999982,489108.44000000,0.00287208
WOART,2020,780,1,34,20537.10000000,170297871.55999982,509645.54000000,0.00299267
WOART,2020,780,1,40,17549.81000000,170297871.55999982,527195.35000000,0.00309572
WOART,2020,780,1,43,20013.91000000,170297871.55999982,547209.26000000,0.00321325
WOART,2020,780,1,44,34804.20000000,170297871.55999982,582013.46000000,0.00341762
WOART,2020,780,1,49,17364.55000000,170297871.55999982,599378.01000000,0.00351959
WOART,2020,780,1,50,21.96000000,170297871.55999982,599399.97000000,0.00351971
WOART,2020,780,1,51,11709.26000000,170297871.55999982,611109.23000000,0.00358847
WOART,2020,780,1,53,21811.80000000,170297871.55999982,632921.03000000,0.00371655
WOART,2020,780,1,54,6011.30000000,170297871.55999982,638932.33000000,0.00375185
WOART,2020,780,1,55,14998.63000000,170297871.55999982,653930.96000000,0.00383992
WOART,2020,780,1,57,8310.71000000,170297871.55999982,662241.67000000,0.00388873
WOART,2020,780,1,65,10796.96000000,170297871.55999982,673038.63000000,0.00395213
WOART,2020,780,2,8,27358.40000000,8700103.25000000,27358.40000000,0.00314461
WOART,2020,780,2,15,1544.48000000,8700103.25000000,28902.88000000,0.00332213
WOART,2020,780,2,21,15982.04000000,8700103.25000000,44884.92000000,0.00515912
WOART,2020,780,2,22,23812.71000000,8700103.25000000,68697.63000000,0.00789619
WOART,2020,780,2,33,10170.45000000,8700103.25000000,78868.08000000,0.00906519
WOART,2020,780,2,41,11103.27000000,8700103.25000000,89971.35000000,0.01034141
WOART,2020,780,2,43,9092.81000000,8700103.25000000,99064.16000000,0.01138655
WOART,2020,790,1,9,23679.57000000,153970153.71000004,23679.57000000,0.00015379
WOART,2020,790,1,10,51676.22000000,153970153.71000004,75355.79000000,0.00048942
WOART,2020,790,1,11,15072.99000000,153970153.71000004,90428.78000000,0.00058731
WOART,2020,790,1,12,13984.66000000,153970153.71000004,104413.44000000,0.00067814
WOART,2020,790,1,13,27014.62000000,153970153.71000004,131428.06000000,0.00085359
WOART,2020,790,1,14,29421.29000000,153970153.71000004,160849.35000000,0.00104468
WOART,2020,790,1,15,85922.27000000,153970153.71000004,246771.62000000,0.00160272
WOART,2020,790,1,16,33368.61000000,153970153.71000004,280140.23000000,0.00181945
WOART,2020,790,1,18,43438.81000000,153970153.71000004,323579.04000000,0.00210157
WOART,2020,790,1,19,19288.53000000,153970153.71000004,342867.57000000,0.00222684
WOART,2020,790,1,23,21919.06000000,153970153.71000004,364786.63000000,0.00236920
WOART,2020,790,1,24,30521.68000000,153970153.71000004,395308.31000000,0.00256743
WOART,2020,790,1,25,29419.30000000,153970153.71000004,424727.61000000,0.00275851
WOART,2020,790,1,30,25538.52000000,153970153.71000004,450266.13000000,0.00292437
WOART,2020,790,1,36,27818.98000000,153970153.71000004,478085.11000000,0.00310505
WOART,2020,790,1,39,22581.32000000,153970153.71000004,500666.43000000,0.00325171
WOART,2020,790,1,42,12273.59000000,153970153.71000004,512940.02000000,0.00333143
WOART,2020,790,1,44,30075.97000000,153970153.71000004,543015.99000000,0.00352676
WOART,2020,790,1,45,20773.26000000,153970153.71000004,563789.25000000,0.00366168
WOART,2020,790,1,51,125.77000000,153970153.71000004,563915.02000000,0.00366250
WOART,2020,790,1,52,18557.77000000,153970153.71000004,582472.79000000,0.00378302
WOART,2020,790,1,53,18870.58000000,153970153.71000004,601343.37000000,0.00390558
WOART,2020,790,1,67,8259.79000000,153970153.71000004,609603.16000000,0.00395923
WOART,2020,790,2,22,27304.68000000,7010937.99000000,27304.68000000,0.00389458
WOART,2020,790,2,39,26509.27000000,7010937.99000000,53813.95000000,0.00767571
WOART,2020,790,2,43,2235.85000000,7010937.99000000,56049.80000000,0.00799462
WOART,2020,790,2,45,35503.11000000,7010937.99000000,91552.91000000,0.01305858
WOART,2020,790,2,46,11682.02000000,7010937.99000000,103234.93000000,0.01472484
WOART,2020,790,2,50,11130.93000000,7010937.99000000,114365.86000000,0.01631249
WOART,2020,800,1,8,37248.35000000,176821956.22999951,37248.35000000,0.00021065
WOART,2020,800,1,10,24082.55000000,176821956.22999951,61330.90000000,0.00034685
WOART,2020,800,1,12,34188.07000000,176821956.22999951,95518.97000000,0.00054020
WOART,2020,800,1,14,32762.51000000,176821956.22999951,128281.48000000,0.00072548
WOART,2020,800,1,15,43636.57000000,176821956.22999951,171918.05000000,0.00097227
WOART,2020,800,1,17,77634.94000000,176821956.22999951,249552.99000000,0.00141132
WOART,2020,800,1,22,21885.26000000,176821956.22999951,271438.25000000,0.00153509
WOART,2020,800,1,23,39814.84000000,176821956.22999951,311253.09000000,0.00176026
WOART,2020,800,1,25,45060.69000000,176821956.22999951,356313.78000000,0.00201510
WOART,2020,800,1,26,18599.23000000,176821956.22999951,374913.01000000,0.00212029
WOART,2020,800,1,27,17294.23000000,176821956.22999951,392207.24000000,0.00221809
WOART,2020,800,1,29,27525.32000000,176821956.22999951,419732.56000000,0.00237376
WOART,2020,800,1,33,17944.46000000,176821956.22999951,437677.02000000,0.00247524
WOART,2020,800,1,35,59966.30000000,176821956.22999951,497643.32000000,0.00281438
WOART,2020,800,1,47,9820.99000000,176821956.22999951,507464.31000000,0.00286992
WOART,2020,800,1,49,16226.28000000,176821956.22999951,523690.59000000,0.00296168
WOART,2020,800,1,51,11568.75000000,176821956.22999951,535259.34000000,0.00302711
WOART,2020,800,1,53,7290.17000000,176821956.22999951,542549.51000000,0.00306834
WOART,2020,800,1,62,819.06000000,176821956.22999951,543368.57000000,0.00307297
WOART,2020,800,1,74,834.69000000,176821956.22999951,544203.26000000,0.00307769
WOART,2020,800,2,11,-110.64000000,6521717.94000000,-110.64000000,-0.00001696
WOART,2020,800,2,12,54030.31000000,6521717.94000000,53919.67000000,0.00826771
WOART,2020,800,2,13,19747.56000000,6521717.94000000,73667.23000000,0.01129568
WOART,2020,800,2,16,20348.44000000,6521717.94000000,94015.67000000,0.01441578
WOART,2020,800,2,49,10937.62000000,6521717.94000000,104953.29000000,0.01609289
WOART,2020,810,1,11,36346.93000000,154148306.51999977,36346.93000000,0.00023579
WOART,2020,810,1,12,23551.48000000,154148306.51999977,59898.41000000,0.00038858
WOART,2020,810,1,15,21029.94000000,154148306.51999977,80928.35000000,0.00052500
WOART,2020,810,1,19,3271.06000000,154148306.51999977,84199.41000000,0.00054622
WOART,2020,810,1,26,46095.41000000,154148306.51999977,130294.82000000,0.00084526
WOART,2020,810,1,28,31907.90000000,154148306.51999977,162202.72000000,0.00105225
WOART,2020,810,1,31,18880.33000000,154148306.51999977,181083.05000000,0.00117473
WOART,2020,810,1,36,18977.83000000,154148306.51999977,200060.88000000,0.00129785
WOART,2020,810,1,37,58556.74000000,154148306.51999977,258617.62000000,0.00167772
WOART,2020,810,1,39,1829.10000000,154148306.51999977,260446.72000000,0.00168959
WOART,2020,810,1,45,8291.10000000,154148306.51999977,268737.82000000,0.00174337
WOART,2020,810,1,46,21236.16000000,154148306.51999977,289973.98000000,0.00188114
WOART,2020,810,1,50,14437.73000000,154148306.51999977,304411.71000000,0.00197480
WOART,2020,810,1,51,19082.12000000,154148306.51999977,323493.83000000,0.00209859
WOART,2020,810,1,54,18939.25000000,154148306.51999977,342433.08000000,0.00222145
WOART,2020,810,2,37,16102.37000000,5624658.14000000,16102.37000000,0.00286282
WOART,2020,820,1,9,26309.11000000,163650602.22999945,26309.11000000,0.00016076
WOART,2020,820,1,13,37508.64000000,163650602.22999945,63817.75000000,0.00038996
WOART,2020,820,1,21,18883.83000000,163650602.22999945,82701.58000000,0.00050535
WOART,2020,820,1,22,30629.57000000,163650602.22999945,113331.15000000,0.00069252
WOART,2020,820,1,29,29180.63000000,163650602.22999945,142511.78000000,0.00087083
WOART,2020,820,1,31,30166.32000000,163650602.22999945,172678.10000000,0.00105516
WOART,2020,820,1,32,22712.81000000,163650602.22999945,195390.91000000,0.00119395
WOART,2020,820,1,33,23540.58000000,163650602.22999945,218931.49000000,0.00133780
WOART,2020,820,1,37,19460.30000000,163650602.22999945,238391.79000000,0.00145671
WOART,2020,820,1,40,15993.79000000,163650602.22999945,254385.58000000,0.00155444
WOART,2020,820,1,50,16713.23000000,163650602.22999945,271098.81000000,0.00165657
WOART,2020,820,1,51,12240.36000000,163650602.22999945,283339.17000000,0.00173137
WOART,2020,820,1,52,11796.10000000,163650602.22999945,295135.27000000,0.00180345
WOART,2020,820,1,65,5758.40000000,163650602.22999945,300893.67000000,0.00183863
WOART,2020,830,1,9,33823.32000000,151702649.72999993,33823.32000000,0.00022296
WOART,2020,830,1,11,31192.71000000,151702649.72999993,65016.03000000,0.00042858
WOART,2020,830,1,13,32913.65000000,151702649.72999993,97929.68000000,0.00064554
WOART,2020,830,1,18,3550.70000000,151702649.72999993,101480.38000000,0.00066894
WOART,2020,830,1,20,43973.67000000,151702649.72999993,145454.05000000,0.00095881
WOART,2020,830,1,21,49806.04000000,151702649.72999993,195260.09000000,0.00128712
WOART,2020,830,1,24,25868.24000000,151702649.72999993,221128.33000000,0.00145764
WOART,2020,830,1,25,14642.38000000,151702649.72999993,235770.71000000,0.00155416
WOART,2020,830,1,26,34155.96000000,151702649.72999993,269926.67000000,0.00177931
WOART,2020,830,1,32,12624.44000000,151702649.72999993,282551.11000000,0.00186253
WOART,2020,830,1,38,37678.63000000,151702649.72999993,320229.74000000,0.00211090
WOART,2020,830,1,45,17617.78000000,151702649.72999993,337847.52000000,0.00222704
WOART,2020,830,1,52,6075.70000000,151702649.72999993,343923.22000000,0.00226709
WOART,2020,830,1,53,13219.87000000,151702649.72999993,357143.09000000,0.00235423
WOART,2020,830,2,23,8575.74000000,4482317.34000000,8575.74000000,0.00191324
WOART,2020,830,2,25,28856.89000000,4482317.34000000,37432.63000000,0.00835118
WOART,2020,840,1,11,35340.61000000,127655555.13999982,35340.61000000,0.00027684
WOART,2020,840,1,12,52540.64000000,127655555.13999982,87881.25000000,0.00068842
WOART,2020,840,1,14,19248.80000000,127655555.13999982,107130.05000000,0.00083921
WOART,2020,840,1,19,-105.62000000,127655555.13999982,107024.43000000,0.00083838
WOART,2020,840,1,22,24510.11000000,127655555.13999982,131534.54000000,0.00103039
WOART,2020,840,1,23,23844.38000000,127655555.13999982,155378.92000000,0.00121717
WOART,2020,840,1,28,26066.07000000,127655555.13999982,181444.99000000,0.00142136
WOART,2020,840,1,29,20326.61000000,127655555.13999982,201771.60000000,0.00158059
WOART,2020,840,1,35,32482.32000000,127655555.13999982,234253.92000000,0.00183505
WOART,2020,840,1,36,23319.01000000,127655555.13999982,257572.93000000,0.00201772
WOART,2020,840,1,37,18444.10000000,127655555.13999982,276017.03000000,0.00216220
WOART,2020,840,1,47,14186.23000000,127655555.13999982,290203.26000000,0.00227333
WOART,2020,840,2,10,23614.43000000,3790812.70000000,23614.43000000,0.00622938
WOART,2020,840,2,40,5899.37000000,3790812.70000000,29513.80000000,0.00778561
WOART,2020,840,2,53,9701.97000000,3790812.70000000,39215.77000000,0.01034495
WOART,2020,850,1,12,50971.37000000,138799756.43999982,50971.37000000,0.00036723
WOART,2020,850,1,13,70337.43000000,138799756.43999982,121308.80000000,0.00087398
WOART,2020,850,1,17,75436.36000000,138799756.43999982,196745.16000000,0.00141747
WOART,2020,850,1,20,52668.36000000,138799756.43999982,249413.52000000,0.00179693
WOART,2020,850,1,32,20556.68000000,138799756.43999982,269970.20000000,0.00194503
WOART,2020,850,1,33,23481.32000000,138799756.43999982,293451.52000000,0.00211421
WOART,2020,850,1,38,13407.90000000,138799756.43999982,306859.42000000,0.00221081
WOART,2020,850,1,42,17143.11000000,138799756.43999982,324002.53000000,0.00233432
WOART,2020,850,1,47,18442.27000000,138799756.43999982,342444.80000000,0.00246719
WOART,2020,850,1,63,537.62000000,138799756.43999982,342982.42000000,0.00247106
WOART,2020,860,1,11,36630.75000000,94188342.05000015,36630.75000000,0.00038891
WOART,2020,870,1,14,27270.98000000,61388014.66999999,27270.98000000,0.00044424
WOART,2020,870,1,20,15835.45000000,61388014.66999999,43106.43000000,0.00070220
WOART,2021,650,1,7,49869.98000000,117660484.61999995,49869.98000000,0.00042385
WOART,2021,650,1,8,118984.52000000,117660484.61999995,168854.50000000,0.00143510
WOART,2021,650,1,9,113170.05000000,117660484.61999995,282024.55000000,0.00239694
WOART,2021,650,1,10,256142.63000000,117660484.61999995,538167.18000000,0.00457390
WOART,2021,650,1,11,157446.75000000,117660484.61999995,695613.93000000,0.00591204
WOART,2021,650,1,12,177993.51000000,117660484.61999995,873607.44000000,0.00742482
WOART,2021,650,1,13,143993.79000000,117660484.61999995,1017601.23000000,0.00864862
WOART,2021,650,1,14,344354.14000000,117660484.61999995,1361955.37000000,0.01157530
WOART,2021,650,1,15,353788.39000000,117660484.61999995,1715743.76000000,0.01458216
WOART,2021,650,1,16,145048.68000000,117660484.61999995,1860792.44000000,0.01581493
WOART,2021,650,1,17,456730.27000000,117660484.61999995,2317522.71000000,0.01969670
WOART,2021,650,1,18,211718.21000000,117660484.61999995,2529240.92000000,0.02149609
WOART,2021,650,1,19,410053.96000000,117660484.61999995,2939294.88000000,0.02498116
WOART,2021,650,1,20,328027.43000000,117660484.61999995,3267322.31000000,0.02776907
WOART,2021,650,1,21,323310.61000000,117660484.61999995,3590632.92000000,0.03051690
WOART,2021,650,1,22,152566.26000000,117660484.61999995,3743199.18000000,0.03181356
WOART,2021,650,1,23,170478.70000000,117660484.61999995,3913677.88000000,0.03326247
WOART,2021,650,1,24,354782.11000000,117660484.61999995,4268459.99000000,0.03627777
WOART,2021,650,1,25,135499.99000000,117660484.61999995,4403959.98000000,0.03742939
WOART,2021,650,1,26,311128.96000000,117660484.61999995,4715088.94000000,0.04007368
WOART,2021,650,1,27,170988.28000000,117660484.61999995,4886077.22000000,0.04152692
WOART,2021,650,1,28,216701.37000000,117660484.61999995,5102778.59000000,0.04336867
WOART,2021,650,1,29,136038.92000000,117660484.61999995,5238817.51000000,0.04452487
WOART,2021,650,1,30,244863.16000000,117660484.61999995,5483680.67000000,0.04660597
WOART,2021,650,1,31,210457.24000000,117660484.61999995,5694137.91000000,0.04839465
WOART,2021,650,1,32,254762.92000000,117660484.61999995,5948900.83000000,0.05055989
WOART,2021,650,1,33,308193.01000000,117660484.61999995,6257093.84000000,0.05317923
WOART,2021,650,1,34,265196.86000000,117660484.61999995,6522290.70000000,0.05543314
WOART,2021,650,1,35,179220.90000000,117660484.61999995,6701511.60000000,0.05695635
WOART,2021,650,1,36,106923.08000000,117660484.61999995,6808434.68000000,0.05786509
WOART,2021,650,1,37,243175.21000000,117660484.61999995,7051609.89000000,0.05993184
WOART,2021,650,1,38,171935.40000000,117660484.61999995,7223545.29000000,0.06139313
WOART,2021,650,1,39,166837.53000000,117660484.61999995,7390382.82000000,0.06281109
WOART,2021,650,1,40,127651.02000000,117660484.61999995,7518033.84000000,0.06389600
WOART,2021,650,1,41,126160.97000000,117660484.61999995,7644194.81000000,0.06496824
WOART,2021,650,1,42,146097.18000000,117660484.61999995,7790291.99000000,0.06620993
WOART,2021,650,1,43,138062.46000000,117660484.61999995,7928354.45000000,0.06738332
WOART,2021,650,1,44,65182.34000000,117660484.61999995,7993536.79000000,0.06793731
WOART,2021,650,1,45,91848.66000000,117660484.61999995,8085385.45000000,0.06871793
WOART,2021,650,1,46,112085.21000000,117660484.61999995,8197470.66000000,0.06967055
WOART,2021,650,1,47,33563.16000000,117660484.61999995,8231033.82000000,0.06995580
WOART,2021,650,1,48,111972.12000000,117660484.61999995,8343005.94000000,0.07090746
WOART,2021,650,1,49,119170.72000000,117660484.61999995,8462176.66000000,0.07192029
WOART,2021,650,1,50,97178.46000000,117660484.61999995,8559355.12000000,0.07274622
WOART,2021,650,1,51,81446.65000000,117660484.61999995,8640801.77000000,0.07343843
WOART,2021,650,1,52,29121.87000000,117660484.61999995,8669923.64000000,0.07368594
WOART,2021,650,1,53,40587.14000000,117660484.61999995,8710510.78000000,0.07403089
WOART,2021,650,1,55,11422.38000000,117660484.61999995,8721933.16000000,0.07412797
WOART,2021,650,1,57,16899.09000000,117660484.61999995,8738832.25000000,0.07427160
WOART,2021,650,2,8,19811.51000000,8868475.21000000,19811.51000000,0.00223393
WOART,2021,650,2,10,36992.14000000,8868475.21000000,56803.65000000,0.00640512
WOART,2021,650,2,12,54196.36000000,8868475.21000000,111000.01000000,0.01251625
WOART,2021,650,2,14,54639.41000000,8868475.21000000,165639.42000000,0.01867733
WOART,2021,650,2,15,88343.90000000,8868475.21000000,253983.32000000,0.02863889
WOART,2021,650,2,16,145458.84000000,8868475.21000000,399442.16000000,0.04504068
WOART,2021,650,2,17,24001.85000000,8868475.21000000,423444.01000000,0.04774710
WOART,2021,650,2,18,66578.98000000,8868475.21000000,490022.99000000,0.05525448
WOART,2021,650,2,20,63994.00000000,8868475.21000000,554016.99000000,0.06247038
WOART,2021,650,2,21,27104.83000000,8868475.21000000,581121.82000000,0.06552669
WOART,2021,650,2,24,19620.74000000,8868475.21000000,600742.56000000,0.06773910
WOART,2021,650,2,27,45190.25000000,8868475.21000000,645932.81000000,0.07283471
WOART,2021,650,2,28,58071.30000000,8868475.21000000,704004.11000000,0.07938277
WOART,2021,650,2,30,63996.86000000,8868475.21000000,768000.97000000,0.08659899
WOART,2021,650,2,31,68628.04000000,8868475.21000000,836629.01000000,0.09433741
WOART,2021,650,2,33,27749.04000000,8868475.21000000,864378.05000000,0.09746637
WOART,2021,650,2,35,14318.86000000,8868475.21000000,878696.91000000,0.09908095
WOART,2021,650,2,36,25798.52000000,8868475.21000000,904495.43000000,0.10198996
WOART,2021,650,2,38,29405.54000000,8868475.21000000,933900.97000000,0.10530570
WOART,2021,650,2,39,25746.95000000,8868475.21000000,959647.92000000,0.10820890
WOART,2021,650,2,42,57131.84000000,8868475.21000000,1016779.76000000,0.11465102
WOART,2021,650,2,43,10683.22000000,8868475.21000000,1027462.98000000,0.11585565
WOART,2021,650,2,45,28160.58000000,8868475.21000000,1055623.56000000,0.11903101
WOART,2021,650,2,46,4012.77000000,8868475.21000000,1059636.33000000,0.11948349
WOART,2021,650,2,47,19361.04000000,8868475.21000000,1078997.37000000,0.12166662
WOART,2021,650,2,48,48463.24000000,8868475.21000000,1127460.61000000,0.12713128
WOART,2021,650,2,49,13084.44000000,8868475.21000000,1140545.05000000,0.12860667
WOART,2021,650,2,50,16936.00000000,8868475.21000000,1157481.05000000,0.13051635
WOART,2021,650,2,51,39015.56000000,8868475.21000000,1196496.61000000,0.13491571
WOART,2021,650,2,52,17248.71000000,8868475.21000000,1213745.32000000,0.13686065
WOART,2021,660,1,5,42233.74000000,149383841.77999988,42233.74000000,0.00028272
WOART,2021,660,1,8,170126.27000000,149383841.77999988,212360.01000000,0.00142157
WOART,2021,660,1,9,233202.53000000,149383841.77999988,445562.54000000,0.00298267
WOART,2021,660,1,10,192551.80000000,149383841.77999988,638114.34000000,0.00427164
WOART,2021,660,1,11,75492.69000000,149383841.77999988,713607.03000000,0.00477700
WOART,2021,660,1,12,154751.90000000,149383841.77999988,868358.93000000,0.00581294
WOART,2021,660,1,13,89143.56000000,149383841.77999988,957502.49000000,0.00640968
WOART,2021,660,1,14,225704.49000000,149383841.77999988,1183206.98000000,0.00792058
WOART,2021,660,1,15,332520.26000000,149383841.77999988,1515727.24000000,0.01014653
WOART,2021,660,1,16,244607.28000000,149383841.77999988,1760334.52000000,0.01178397
WOART,2021,660,1,17,340299.46000000,149383841.77999988,2100633.98000000,0.01406199
WOART,2021,660,1,18,339190.58000000,149383841.77999988,2439824.56000000,0.01633259
WOART,2021,660,1,19,212286.96000000,149383841.77999988,2652111.52000000,0.01775367
WOART,2021,660,1,20,147963.22000000,149383841.77999988,2800074.74000000,0.01874416
WOART,2021,660,1,21,230332.32000000,149383841.77999988,3030407.06000000,0.02028604
WOART,2021,660,1,22,228574.75000000,149383841.77999988,3258981.81000000,0.02181616
WOART,2021,660,1,23,235378.79000000,149383841.77999988,3494360.60000000,0.02339182
WOART,2021,660,1,24,256072.81000000,149383841.77999988,3750433.41000000,0.02510602
WOART,2021,660,1,25,412645.24000000,149383841.77999988,4163078.65000000,0.02786833
WOART,2021,660,1,26,145459.58000000,149383841.77999988,4308538.23000000,0.02884206
WOART,2021,660,1,27,431411.43000000,149383841.77999988,4739949.66000000,0.03173000
WOART,2021,660,1,28,242505.19000000,149383841.77999988,4982454.85000000,0.03335337
WOART,2021,660,1,29,271681.27000000,149383841.77999988,5254136.12000000,0.03517205
WOART,2021,660,1,30,349955.50000000,149383841.77999988,5604091.62000000,0.03751471
WOART,2021,660,1,31,214300.07000000,149383841.77999988,5818391.69000000,0.03894927
WOART,2021,660,1,32,227824.16000000,149383841.77999988,6046215.85000000,0.04047436
WOART,2021,660,1,33,172901.66000000,149383841.77999988,6219117.51000000,0.04163180
WOART,2021,660,1,34,165367.57000000,149383841.77999988,6384485.08000000,0.04273879
WOART,2021,660,1,35,94019.47000000,149383841.77999988,6478504.55000000,0.04336817
WOART,2021,660,1,36,278458.38000000,149383841.77999988,6756962.93000000,0.04523222
WOART,2021,660,1,37,139996.82000000,149383841.77999988,6896959.75000000,0.04616938
WOART,2021,660,1,38,188706.65000000,149383841.77999988,7085666.40000000,0.04743262
WOART,2021,660,1,39,99289.84000000,149383841.77999988,7184956.24000000,0.04809728
WOART,2021,660,1,40,85740.13000000,149383841.77999988,7270696.37000000,0.04867124
WOART,2021,660,1,41,151344.51000000,149383841.77999988,7422040.88000000,0.04968436
WOART,2021,660,1,42,87074.12000000,149383841.77999988,7509115.00000000,0.05026725
WOART,2021,660,1,43,130122.83000000,149383841.77999988,7639237.83000000,0.05113831
WOART,2021,660,1,44,147082.49000000,149383841.77999988,7786320.32000000,0.05212291
WOART,2021,660,1,45,110525.29000000,149383841.77999988,7896845.61000000,0.05286278
WOART,2021,660,1,46,78018.77000000,149383841.77999988,7974864.38000000,0.05338505
WOART,2021,660,1,47,166532.52000000,149383841.77999988,8141396.90000000,0.05449985
WOART,2021,660,1,48,56585.72000000,149383841.77999988,8197982.62000000,0.05487864
WOART,2021,660,1,49,85649.00000000,149383841.77999988,8283631.62000000,0.05545199
WOART,2021,660,1,50,68353.16000000,149383841.77999988,8351984.78000000,0.05590956
WOART,2021,660,1,51,162375.73000000,149383841.77999988,8514360.51000000,0.05699653
WOART,2021,660,1,52,125860.27000000,149383841.77999988,8640220.78000000,0.05783906
WOART,2021,660,1,53,81280.97000000,149383841.77999988,8721501.75000000,0.05838317
WOART,2021,660,1,54,104126.99000000,149383841.77999988,8825628.74000000,0.05908021
WOART,2021,660,1,55,25742.59000000,149383841.77999988,8851371.33000000,0.05925254
WOART,2021,660,1,56,51443.63000000,149383841.77999988,8902814.96000000,0.05959691
WOART,2021,660,2,10,27584.69000000,14299484.00000000,27584.69000000,0.00192907
WOART,2021,660,2,11,29880.31000000,14299484.00000000,57465.00000000,0.00401868
WOART,2021,660,2,12,221.57000000,14299484.00000000,57686.57000000,0.00403417
WOART,2021,660,2,13,54281.43000000,14299484.00000000,111968.00000000,0.00783021
WOART,2021,660,2,14,80703.74000000,14299484.00000000,192671.74000000,0.01347403
WOART,2021,660,2,15,78158.33000000,14299484.00000000,270830.07000000,0.01893985
WOART,2021,660,2,16,57058.83000000,14299484.00000000,327888.90000000,0.02293012
WOART,2021,660,2,17,44943.86000000,14299484.00000000,372832.76000000,0.02607316
WOART,2021,660,2,18,73807.40000000,14299484.00000000,446640.16000000,0.03123470
WOART,2021,660,2,19,61839.23000000,14299484.00000000,508479.39000000,0.03555928
WOART,2021,660,2,20,86367.29000000,14299484.00000000,594846.68000000,0.04159917
WOART,2021,660,2,21,42670.87000000,14299484.00000000,637517.55000000,0.04458326
WOART,2021,660,2,22,43135.69000000,14299484.00000000,680653.24000000,0.04759985
WOART,2021,660,2,23,79305.16000000,14299484.00000000,759958.40000000,0.05314586
WOART,2021,660,2,26,49486.59000000,14299484.00000000,809444.99000000,0.05660659
WOART,2021,660,2,27,87058.43000000,14299484.00000000,896503.42000000,0.06269481
WOART,2021,660,2,28,28837.64000000,14299484.00000000,925341.06000000,0.06471150
WOART,2021,660,2,29,16283.61000000,14299484.00000000,941624.67000000,0.06585026
WOART,2021,660,2,31,49133.24000000,14299484.00000000,990757.91000000,0.06928627
WOART,2021,660,2,32,43021.76000000,14299484.00000000,1033779.67000000,0.07229489
WOART,2021,660,2,33,17078.36000000,14299484.00000000,1050858.03000000,0.07348923
WOART,2021,660,2,34,58852.32000000,14299484.00000000,1109710.35000000,0.07760492
WOART,2021,660,2,36,30516.13000000,14299484.00000000,1140226.48000000,0.07973899
WOART,2021,660,2,37,60123.12000000,14299484.00000000,1200349.60000000,0.08394356
WOART,2021,660,2,38,60033.72000000,14299484.00000000,1260383.32000000,0.08814187
WOART,2021,660,2,40,62183.62000000,14299484.00000000,1322566.94000000,0.09249054
WOART,2021,660,2,41,34347.10000000,14299484.00000000,1356914.04000000,0.09489252
WOART,2021,660,2,42,52996.43000000,14299484.00000000,1409910.47000000,0.09859870
WOART,2021,660,2,44,10843.95000000,14299484.00000000,1420754.42000000,0.09935704
WOART,2021,660,2,46,42124.68000000,14299484.00000000,1462879.10000000,0.10230293
WOART,2021,660,2,47,21204.90000000,14299484.00000000,1484084.00000000,0.10378584
WOART,2021,660,2,48,279.49000000,14299484.00000000,1484363.49000000,0.10380539
WOART,2021,660,2,50,25754.14000000,14299484.00000000,1510117.63000000,0.10560644
WOART,2021,660,2,51,31808.07000000,14299484.00000000,1541925.70000000,0.10783086
WOART,2021,660,2,52,24967.12000000,14299484.00000000,1566892.82000000,0.10957688
WOART,2021,660,2,53,20114.31000000,14299484.00000000,1587007.13000000,0.11098352
WOART,2021,660,2,54,16533.18000000,14299484.00000000,1603540.31000000,0.11213973
WOART,2021,660,2,55,13329.63000000,14299484.00000000,1616869.94000000,0.11307191
WOART,2021,660,2,58,4906.28000000,14299484.00000000,1621776.22000000,0.11341502
WOART,2021,670,1,4,46664.72000000,166929570.96000007,46664.72000000,0.00027955
WOART,2021,670,1,6,25164.74000000,166929570.96000007,71829.46000000,0.00043030
WOART,2021,670,1,7,37137.16000000,166929570.96000007,108966.62000000,0.00065277
WOART,2021,670,1,8,88464.86000000,166929570.96000007,197431.48000000,0.00118272
WOART,2021,670,1,9,131280.56000000,166929570.96000007,328712.04000000,0.00196917
WOART,2021,670,1,10,259878.61000000,166929570.96000007,588590.65000000,0.00352598
WOART,2021,670,1,11,96240.88000000,166929570.96000007,684831.53000000,0.00410252
WOART,2021,670,1,12,164182.77000000,166929570.96000007,849014.30000000,0.00508606
WOART,2021,670,1,13,340895.20000000,166929570.96000007,1189909.50000000,0.00712821
WOART,2021,670,1,14,191931.74000000,166929570.96000007,1381841.24000000,0.00827799
WOART,2021,670,1,15,344797.07000000,166929570.96000007,1726638.31000000,0.01034351
WOART,2021,670,1,16,463483.09000000,166929570.96000007,2190121.40000000,0.01312003
WOART,2021,670,1,17,408084.27000000,166929570.96000007,2598205.67000000,0.01556468
WOART,2021,670,1,18,360318.65000000,166929570.96000007,2958524.32000000,0.01772319
WOART,2021,670,1,19,325662.29000000,166929570.96000007,3284186.61000000,0.01967409
WOART,2021,670,1,20,451125.20000000,166929570.96000007,3735311.81000000,0.02237657
WOART,2021,670,1,21,214084.51000000,166929570.96000007,3949396.32000000,0.02365906
WOART,2021,670,1,22,304983.61000000,166929570.96000007,4254379.93000000,0.02548608
WOART,2021,670,1,23,322285.46000000,166929570.96000007,4576665.39000000,0.02741674
WOART,2021,670,1,24,213530.71000000,166929570.96000007,4790196.10000000,0.02869591
WOART,2021,670,1,25,305557.98000000,166929570.96000007,5095754.08000000,0.03052637
WOART,2021,670,1,26,211972.27000000,166929570.96000007,5307726.35000000,0.03179620
WOART,2021,670,1,27,280803.59000000,166929570.96000007,5588529.94000000,0.03347837
WOART,2021,670,1,28,244892.16000000,166929570.96000007,5833422.10000000,0.03494541
WOART,2021,670,1,29,262717.57000000,166929570.96000007,6096139.67000000,0.03651923
WOART,2021,670,1,30,332260.80000000,166929570.96000007,6428400.47000000,0.03850966
WOART,2021,670,1,31,342983.68000000,166929570.96000007,6771384.15000000,0.04056432
WOART,2021,670,1,32,203537.82000000,166929570.96000007,6974921.97000000,0.04178362
WOART,2021,670,1,33,275894.46000000,166929570.96000007,7250816.43000000,0.04343638
WOART,2021,670,1,34,286842.61000000,166929570.96000007,7537659.04000000,0.04515473
WOART,2021,670,1,35,364259.44000000,166929570.96000007,7901918.48000000,0.04733684
WOART,2021,670,1,36,127897.91000000,166929570.96000007,8029816.39000000,0.04810302
WOART,2021,670,1,37,131034.56000000,166929570.96000007,8160850.95000000,0.04888799
WOART,2021,670,1,38,140248.90000000,166929570.96000007,8301099.85000000,0.04972816
WOART,2021,670,1,39,52757.02000000,166929570.96000007,8353856.87000000,0.05004420
WOART,2021,670,1,40,153402.80000000,166929570.96000007,8507259.67000000,0.05096317
WOART,2021,670,1,41,144115.99000000,166929570.96000007,8651375.66000000,0.05182650
WOART,2021,670,1,42,152326.20000000,166929570.96000007,8803701.86000000,0.05273902
WOART,2021,670,1,43,103553.27000000,166929570.96000007,8907255.13000000,0.05335936
WOART,2021,670,1,44,71967.38000000,166929570.96000007,8979222.51000000,0.05379048
WOART,2021,670,1,45,57577.57000000,166929570.96000007,9036800.08000000,0.05413541
WOART,2021,670,1,46,102731.03000000,166929570.96000007,9139531.11000000,0.05475082
WOART,2021,670,1,47,64966.94000000,166929570.96000007,9204498.05000000,0.05514001
WOART,2021,670,1,48,111304.28000000,166929570.96000007,9315802.33000000,0.05580678
WOART,2021,670,1,49,64077.75000000,166929570.96000007,9379880.08000000,0.05619064
WOART,2021,670,1,50,126889.33000000,166929570.96000007,9506769.41000000,0.05695078
WOART,2021,670,1,51,81401.91000000,166929570.96000007,9588171.32000000,0.05743842
WOART,2021,670,1,52,53752.66000000,166929570.96000007,9641923.98000000,0.05776043
WOART,2021,670,1,53,39842.12000000,166929570.96000007,9681766.10000000,0.05799911
WOART,2021,670,1,54,14227.58000000,166929570.96000007,9695993.68000000,0.05808434
WOART,2021,670,1,55,37781.06000000,166929570.96000007,9733774.74000000,0.05831067
WOART,2021,670,1,56,27070.44000000,166929570.96000007,9760845.18000000,0.05847283
WOART,2021,670,2,10,36748.65000000,11871138.41000001,36748.65000000,0.00309563
WOART,2021,670,2,12,91793.58000000,11871138.41000001,128542.23000000,0.01082813
WOART,2021,670,2,13,82686.99000000,11871138.41000001,211229.22000000,0.01779351
WOART,2021,670,2,14,28356.07000000,11871138.41000001,239585.29000000,0.02018217
WOART,2021,670,2,17,22498.90000000,11871138.41000001,262084.19000000,0.02207743
WOART,2021,670,2,18,24542.08000000,11871138.41000001,286626.27000000,0.02414480
WOART,2021,670,2,20,25335.28000000,11871138.41000001,311961.55000000,0.02627899
WOART,2021,670,2,22,7973.77000000,11871138.41000001,319935.32000000,0.02695069
WOART,2021,670,2,23,24799.25000000,11871138.41000001,344734.57000000,0.02903972
WOART,2021,670,2,26,93942.40000000,11871138.41000001,438676.97000000,0.03695324
WOART,2021,670,2,27,69970.23000000,11871138.41000001,508647.20000000,0.04284738
WOART,2021,670,2,28,21070.24000000,11871138.41000001,529717.44000000,0.04462229
WOART,2021,670,2,29,21244.67000000,11871138.41000001,550962.11000000,0.04641190
WOART,2021,670,2,31,16485.38000000,11871138.41000001,567447.49000000,0.04780060
WOART,2021,670,2,32,41134.10000000,11871138.41000001,608581.59000000,0.05126565
WOART,2021,670,2,33,24366.70000000,11871138.41000001,632948.29000000,0.05331825
WOART,2021,670,2,36,27289.43000000,11871138.41000001,660237.72000000,0.05561705
WOART,2021,670,2,39,41089.86000000,11871138.41000001,701327.58000000,0.05907838
WOART,2021,670,2,42,16856.93000000,11871138.41000001,718184.51000000,0.06049837
WOART,2021,670,2,43,16470.04000000,11871138.41000001,734654.55000000,0.06188577
WOART,2021,670,2,44,19051.11000000,11871138.41000001,753705.66000000,0.06349060
WOART,2021,670,2,46,38225.60000000,11871138.41000001,791931.26000000,0.06671064
WOART,2021,670,2,48,11344.14000000,11871138.41000001,803275.40000000,0.06766625
WOART,2021,670,2,49,2026.19000000,11871138.41000001,805301.59000000,0.06783693
WOART,2021,670,2,52,11227.54000000,11871138.41000001,816529.13000000,0.06878272
WOART,2021,680,1,8,103351.39000000,165289728.34999979,103351.39000000,0.00062527
WOART,2021,680,1,9,122899.89000000,165289728.34999979,226251.28000000,0.00136882
WOART,2021,680,1,10,187294.34000000,165289728.34999979,413545.62000000,0.00250194
WOART,2021,680,1,11,149228.30000000,165289728.34999979,562773.92000000,0.00340477
WOART,2021,680,1,12,97663.33000000,165289728.34999979,660437.25000000,0.00399563
WOART,2021,680,1,13,182978.57000000,165289728.34999979,843415.82000000,0.00510265
WOART,2021,680,1,14,136276.32000000,165289728.34999979,979692.14000000,0.00592712
WOART,2021,680,1,15,298920.16000000,165289728.34999979,1278612.30000000,0.00773558
WOART,2021,680,1,16,152820.56000000,165289728.34999979,1431432.86000000,0.00866014
WOART,2021,680,1,17,113889.55000000,165289728.34999979,1545322.41000000,0.00934917
WOART,2021,680,1,18,174065.18000000,165289728.34999979,1719387.59000000,0.01040227
WOART,2021,680,1,19,237421.09000000,165289728.34999979,1956808.68000000,0.01183866
WOART,2021,680,1,20,187810.57000000,165289728.34999979,2144619.25000000,0.01297491
WOART,2021,680,1,21,70184.10000000,165289728.34999979,2214803.35000000,0.01339952
WOART,2021,680,1,22,133743.23000000,165289728.34999979,2348546.58000000,0.01420867
WOART,2021,680,1,23,235368.04000000,165289728.34999979,2583914.62000000,0.01563264
WOART,2021,680,1,24,159431.41000000,165289728.34999979,2743346.03000000,0.01659720
WOART,2021,680,1,25,113849.35000000,165289728.34999979,2857195.38000000,0.01728598
WOART,2021,680,1,26,314735.29000000,165289728.34999979,3171930.67000000,0.01919013
WOART,2021,680,1,27,299823.29000000,165289728.34999979,3471753.96000000,0.02100405
WOART,2021,680,1,28,74428.85000000,165289728.34999979,3546182.81000000,0.02145434
WOART,2021,680,1,29,99352.74000000,165289728.34999979,3645535.55000000,0.02205543
WOART,2021,680,1,30,499270.00000000,165289728.34999979,4144805.55000000,0.02507600
WOART,2021,680,1,31,344864.46000000,165289728.34999979,4489670.01000000,0.02716243
WOART,2021,680,1,32,142330.90000000,165289728.34999979,4632000.91000000,0.02802353
WOART,2021,680,1,33,216462.40000000,165289728.34999979,4848463.31000000,0.02933312
WOART,2021,680,1,34,355435.68000000,165289728.34999979,5203898.99000000,0.03148350
WOART,2021,680,1,35,172263.63000000,165289728.34999979,5376162.62000000,0.03252569
WOART,2021,680,1,36,186272.41000000,165289728.34999979,5562435.03000000,0.03365264
WOART,2021,680,1,37,95554.25000000,165289728.34999979,5657989.28000000,0.03423074
WOART,2021,680,1,38,187861.99000000,165289728.34999979,5845851.27000000,0.03536730
WOART,2021,680,1,39,182450.31000000,165289728.34999979,6028301.58000000,0.03647112
WOART,2021,680,1,40,180128.40000000,165289728.34999979,6208429.98000000,0.03756089
WOART,2021,680,1,41,124385.73000000,165289728.34999979,6332815.71000000,0.03831343
WOART,2021,680,1,42,93893.43000000,165289728.34999979,6426709.14000000,0.03888148
WOART,2021,680,1,43,90362.01000000,165289728.34999979,6517071.15000000,0.03942817
WOART,2021,680,1,44,148547.59000000,165289728.34999979,6665618.74000000,0.04032688
WOART,2021,680,1,45,46952.60000000,165289728.34999979,6712571.34000000,0.04061094
WOART,2021,680,1,46,110962.80000000,165289728.34999979,6823534.14000000,0.04128226
WOART,2021,680,1,47,104402.49000000,165289728.34999979,6927936.63000000,0.04191390
WOART,2021,680,1,48,45920.36000000,165289728.34999979,6973856.99000000,0.04219171
WOART,2021,680,1,49,45262.51000000,165289728.34999979,7019119.50000000,0.04246555
WOART,2021,680,1,50,82591.41000000,165289728.34999979,7101710.91000000,0.04296523
WOART,2021,680,1,51,112710.47000000,165289728.34999979,7214421.38000000,0.04364712
WOART,2021,680,1,52,16729.47000000,165289728.34999979,7231150.85000000,0.04374834
WOART,2021,680,1,53,123219.03000000,165289728.34999979,7354369.88000000,0.04449381
WOART,2021,680,1,55,16060.76000000,165289728.34999979,7370430.64000000,0.04459098
WOART,2021,680,1,56,18174.54000000,165289728.34999979,7388605.18000000,0.04470093
WOART,2021,680,1,57,16652.28000000,165289728.34999979,7405257.46000000,0.04480168
WOART,2021,680,2,13,47578.86000000,15540552.28000000,47578.86000000,0.00306159
WOART,2021,680,2,14,26876.02000000,15540552.28000000,74454.88000000,0.00479101
WOART,2021,680,2,15,1384.63000000,15540552.28000000,75839.51000000,0.00488010
WOART,2021,680,2,16,28320.01000000,15540552.28000000,104159.52000000,0.00670243
WOART,2021,680,2,17,42437.35000000,15540552.28000000,146596.87000000,0.00943318
WOART,2021,680,2,18,50245.16000000,15540552.28000000,196842.03000000,0.01266635
WOART,2021,680,2,19,22375.20000000,15540552.28000000,219217.23000000,0.01410614
WOART,2021,680,2,21,70662.78000000,15540552.28000000,289880.01000000,0.01865313
WOART,2021,680,2,22,23424.93000000,15540552.28000000,313304.94000000,0.02016048
WOART,2021,680,2,24,50226.61000000,15540552.28000000,363531.55000000,0.02339245
WOART,2021,680,2,25,77108.86000000,15540552.28000000,440640.41000000,0.02835423
WOART,2021,680,2,27,31126.85000000,15540552.28000000,471767.26000000,0.03035717
WOART,2021,680,2,29,75385.48000000,15540552.28000000,547152.74000000,0.03520806
WOART,2021,680,2,30,18359.28000000,15540552.28000000,565512.02000000,0.03638944
WOART,2021,680,2,31,51610.03000000,15540552.28000000,617122.05000000,0.03971043
WOART,2021,680,2,33,33353.73000000,15540552.28000000,650475.78000000,0.04185667
WOART,2021,680,2,34,53542.23000000,15540552.28000000,704018.01000000,0.04530199
WOART,2021,680,2,35,1903.69000000,15540552.28000000,705921.70000000,0.04542449
WOART,2021,680,2,36,58580.94000000,15540552.28000000,764502.64000000,0.04919405
WOART,2021,680,2,38,19657.91000000,15540552.28000000,784160.55000000,0.05045899
WOART,2021,680,2,41,12916.52000000,15540552.28000000,797077.07000000,0.05129014
WOART,2021,680,2,42,21394.82000000,15540552.28000000,818471.89000000,0.05266685
WOART,2021,680,2,45,13648.18000000,15540552.28000000,832120.07000000,0.05354508
WOART,2021,680,2,49,5569.08000000,15540552.28000000,837689.15000000,0.05390344
WOART,2021,680,2,55,16478.52000000,15540552.28000000,854167.67000000,0.05496379
WOART,2021,690,1,5,38738.77000000,181207387.66000006,38738.77000000,0.00021378
WOART,2021,690,1,8,149224.93000000,181207387.66000006,187963.70000000,0.00103728
WOART,2021,690,1,9,34246.24000000,181207387.66000006,222209.94000000,0.00122627
WOART,2021,690,1,10,61924.60000000,181207387.66000006,284134.54000000,0.00156801
WOART,2021,690,1,11,25243.64000000,181207387.66000006,309378.18000000,0.00170732
WOART,2021,690,1,12,91099.63000000,181207387.66000006,400477.81000000,0.00221005
WOART,2021,690,1,13,143313.16000000,181207387.66000006,543790.97000000,0.00300093
WOART,2021,690,1,14,152605.20000000,181207387.66000006,696396.17000000,0.00384309
WOART,2021,690,1,15,197237.79000000,181207387.66000006,893633.96000000,0.00493155
WOART,2021,690,1,16,265669.15000000,181207387.66000006,1159303.11000000,0.00639766
WOART,2021,690,1,17,353527.04000000,181207387.66000006,1512830.15000000,0.00834861
WOART,2021,690,1,18,152590.92000000,181207387.66000006,1665421.07000000,0.00919069
WOART,2021,690,1,19,211090.78000000,181207387.66000006,1876511.85000000,0.01035560
WOART,2021,690,1,20,195123.46000000,181207387.66000006,2071635.31000000,0.01143240
WOART,2021,690,1,21,299081.48000000,181207387.66000006,2370716.79000000,0.01308289
WOART,2021,690,1,22,74383.11000000,181207387.66000006,2445099.90000000,0.01349338
WOART,2021,690,1,23,151396.90000000,181207387.66000006,2596496.80000000,0.01432887
WOART,2021,690,1,24,188396.83000000,181207387.66000006,2784893.63000000,0.01536854
WOART,2021,690,1,25,250898.68000000,181207387.66000006,3035792.31000000,0.01675314
WOART,2021,690,1,26,247920.09000000,181207387.66000006,3283712.40000000,0.01812129
WOART,2021,690,1,27,272625.71000000,181207387.66000006,3556338.11000000,0.01962579
WOART,2021,690,1,28,46614.91000000,181207387.66000006,3602953.02000000,0.01988304
WOART,2021,690,1,29,132951.95000000,181207387.66000006,3735904.97000000,0.02061674
WOART,2021,690,1,30,160402.34000000,181207387.66000006,3896307.31000000,0.02150192
WOART,2021,690,1,31,196523.35000000,181207387.66000006,4092830.66000000,0.02258644
WOART,2021,690,1,32,268932.69000000,181207387.66000006,4361763.35000000,0.02407056
WOART,2021,690,1,33,94982.14000000,181207387.66000006,4456745.49000000,0.02459472
WOART,2021,690,1,34,277722.50000000,181207387.66000006,4734467.99000000,0.02612735
WOART,2021,690,1,35,86748.34000000,181207387.66000006,4821216.33000000,0.02660607
WOART,2021,690,1,36,170147.41000000,181207387.66000006,4991363.74000000,0.02754503
WOART,2021,690,1,37,116258.29000000,181207387.66000006,5107622.03000000,0.02818661
WOART,2021,690,1,38,156410.64000000,181207387.66000006,5264032.67000000,0.02904977
WOART,2021,690,1,39,244548.13000000,181207387.66000006,5508580.80000000,0.03039932
WOART,2021,690,1,40,90290.18000000,181207387.66000006,5598870.98000000,0.03089759
WOART,2021,690,1,41,155414.48000000,181207387.66000006,5754285.46000000,0.03175525
WOART,2021,690,1,42,138445.23000000,181207387.66000006,5892730.69000000,0.03251926
WOART,2021,690,1,43,194496.19000000,181207387.66000006,6087226.88000000,0.03359260
WOART,2021,690,1,44,130189.53000000,181207387.66000006,6217416.41000000,0.03431105
WOART,2021,690,1,45,86432.69000000,181207387.66000006,6303849.10000000,0.03478804
WOART,2021,690,1,46,59730.27000000,181207387.66000006,6363579.37000000,0.03511766
WOART,2021,690,1,47,155072.01000000,181207387.66000006,6518651.38000000,0.03597343
WOART,2021,690,1,48,33488.43000000,181207387.66000006,6552139.81000000,0.03615824
WOART,2021,690,1,49,198696.75000000,181207387.66000006,6750836.56000000,0.03725475
WOART,2021,690,1,50,10356.93000000,181207387.66000006,6761193.49000000,0.03731191
WOART,2021,690,1,51,109224.25000000,181207387.66000006,6870417.74000000,0.03791467
WOART,2021,690,1,52,72525.56000000,181207387.66000006,6942943.30000000,0.03831490
WOART,2021,690,1,53,49183.62000000,181207387.66000006,6992126.92000000,0.03858632
WOART,2021,690,1,56,18771.74000000,181207387.66000006,7010898.66000000,0.03868992
WOART,2021,690,2,8,19417.65000000,14443368.50000001,19417.65000000,0.00134440
WOART,2021,690,2,9,34025.52000000,14443368.50000001,53443.17000000,0.00370019
WOART,2021,690,2,12,29313.17000000,14443368.50000001,82756.34000000,0.00572971
WOART,2021,690,2,13,41105.06000000,14443368.50000001,123861.40000000,0.00857566
WOART,2021,690,2,14,2849.20000000,14443368.50000001,126710.60000000,0.00877293
WOART,2021,690,2,16,20602.12000000,14443368.50000001,147312.72000000,0.01019933
WOART,2021,690,2,17,64890.53000000,14443368.50000001,212203.25000000,0.01469209
WOART,2021,690,2,18,1593.03000000,14443368.50000001,213796.28000000,0.01480238
WOART,2021,690,2,19,32659.20000000,14443368.50000001,246455.48000000,0.01706357
WOART,2021,690,2,21,34128.66000000,14443368.50000001,280584.14000000,0.01942650
WOART,2021,690,2,23,68223.84000000,14443368.50000001,348807.98000000,0.02415004
WOART,2021,690,2,24,19395.95000000,14443368.50000001,368203.93000000,0.02549294
WOART,2021,690,2,25,21730.37000000,14443368.50000001,389934.30000000,0.02699746
WOART,2021,690,2,28,16696.66000000,14443368.50000001,406630.96000000,0.02815347
WOART,2021,690,2,30,26361.02000000,14443368.50000001,432991.98000000,0.02997860
WOART,2021,690,2,31,78993.63000000,14443368.50000001,511985.61000000,0.03544780
WOART,2021,690,2,32,23529.19000000,14443368.50000001,535514.80000000,0.03707686
WOART,2021,690,2,33,17284.74000000,14443368.50000001,552799.54000000,0.03827359
WOART,2021,690,2,37,17577.11000000,14443368.50000001,570376.65000000,0.03949056
WOART,2021,690,2,38,33529.14000000,14443368.50000001,603905.79000000,0.04181198
WOART,2021,690,2,39,27467.73000000,14443368.50000001,631373.52000000,0.04371373
WOART,2021,690,2,40,18273.98000000,14443368.50000001,649647.50000000,0.04497895
WOART,2021,690,2,42,43076.90000000,14443368.50000001,692724.40000000,0.04796142
WOART,2021,690,2,46,27566.07000000,14443368.50000001,720290.47000000,0.04986998
WOART,2021,690,2,47,12177.04000000,14443368.50000001,732467.51000000,0.05071307
WOART,2021,690,2,49,17626.77000000,14443368.50000001,750094.28000000,0.05193347
WOART,2021,690,2,50,12502.37000000,14443368.50000001,762596.65000000,0.05279909
WOART,2021,700,1,6,31539.86000000,198401052.93999994,31539.86000000,0.00015897
WOART,2021,700,1,7,1708.60000000,198401052.93999994,33248.46000000,0.00016758
WOART,2021,700,1,8,46220.16000000,198401052.93999994,79468.62000000,0.00040055
WOART,2021,700,1,9,37144.02000000,198401052.93999994,116612.64000000,0.00058776
WOART,2021,700,1,10,74901.35000000,198401052.93999994,191513.99000000,0.00096529
WOART,2021,700,1,11,166352.82000000,198401052.93999994,357866.81000000,0.00180375
WOART,2021,700,1,12,163775.60000000,198401052.93999994,521642.41000000,0.00262923
WOART,2021,700,1,13,57529.56000000,198401052.93999994,579171.97000000,0.00291920
WOART,2021,700,1,14,96956.94000000,198401052.93999994,676128.91000000,0.00340789
WOART,2021,700,1,15,54986.89000000,198401052.93999994,731115.80000000,0.00368504
WOART,2021,700,1,16,131641.61000000,198401052.93999994,862757.41000000,0.00434855
WOART,2021,700,1,17,177740.34000000,198401052.93999994,1040497.75000000,0.00524442
WOART,2021,700,1,18,167579.10000000,198401052.93999994,1208076.85000000,0.00608906
WOART,2021,700,1,19,204363.74000000,198401052.93999994,1412440.59000000,0.00711912
WOART,2021,700,1,20,201539.32000000,198401052.93999994,1613979.91000000,0.00813494
WOART,2021,700,1,21,350023.39000000,198401052.93999994,1964003.30000000,0.00989916
WOART,2021,700,1,22,82128.26000000,198401052.93999994,2046131.56000000,0.01031311
WOART,2021,700,1,23,235472.86000000,198401052.93999994,2281604.42000000,0.01149996
WOART,2021,700,1,24,181444.53000000,198401052.93999994,2463048.95000000,0.01241450
WOART,2021,700,1,25,236033.17000000,198401052.93999994,2699082.12000000,0.01360417
WOART,2021,700,1,26,178255.71000000,198401052.93999994,2877337.83000000,0.01450263
WOART,2021,700,1,27,200371.92000000,198401052.93999994,3077709.75000000,0.01551257
WOART,2021,700,1,28,156077.57000000,198401052.93999994,3233787.32000000,0.01629924
WOART,2021,700,1,29,64208.31000000,198401052.93999994,3297995.63000000,0.01662287
WOART,2021,700,1,30,123687.22000000,198401052.93999994,3421682.85000000,0.01724629
WOART,2021,700,1,31,109296.65000000,198401052.93999994,3530979.50000000,0.01779718
WOART,2021,700,1,32,227514.00000000,198401052.93999994,3758493.50000000,0.01894392
WOART,2021,700,1,33,217852.71000000,198401052.93999994,3976346.21000000,0.02004196
WOART,2021,700,1,34,182463.08000000,198401052.93999994,4158809.29000000,0.02096163
WOART,2021,700,1,35,24388.90000000,198401052.93999994,4183198.19000000,0.02108456
WOART,2021,700,1,36,152987.03000000,198401052.93999994,4336185.22000000,0.02185566
WOART,2021,700,1,37,176817.20000000,198401052.93999994,4513002.42000000,0.02274687
WOART,2021,700,1,38,82820.50000000,198401052.93999994,4595822.92000000,0.02316431
WOART,2021,700,1,40,94542.41000000,198401052.93999994,4690365.33000000,0.02364083
WOART,2021,700,1,41,36303.64000000,198401052.93999994,4726668.97000000,0.02382381
WOART,2021,700,1,42,100509.04000000,198401052.93999994,4827178.01000000,0.02433041
WOART,2021,700,1,43,101117.29000000,198401052.93999994,4928295.30000000,0.02484007
WOART,2021,700,1,44,91842.25000000,198401052.93999994,5020137.55000000,0.02530298
WOART,2021,700,1,45,104185.64000000,198401052.93999994,5124323.19000000,0.02582810
WOART,2021,700,1,46,206281.64000000,198401052.93999994,5330604.83000000,0.02686783
WOART,2021,700,1,47,62446.43000000,198401052.93999994,5393051.26000000,0.02718257
WOART,2021,700,1,48,13215.98000000,198401052.93999994,5406267.24000000,0.02724919
WOART,2021,700,1,49,28427.96000000,198401052.93999994,5434695.20000000,0.02739247
WOART,2021,700,1,50,71347.86000000,198401052.93999994,5506043.06000000,0.02775209
WOART,2021,700,1,51,42353.41000000,198401052.93999994,5548396.47000000,0.02796556
WOART,2021,700,1,52,33883.98000000,198401052.93999994,5582280.45000000,0.02813634
WOART,2021,700,1,53,56081.37000000,198401052.93999994,5638361.82000000,0.02841901
WOART,2021,700,1,54,39539.78000000,198401052.93999994,5677901.60000000,0.02861830
WOART,2021,700,1,56,11997.88000000,198401052.93999994,5689899.48000000,0.02867878
WOART,2021,700,1,57,15290.31000000,198401052.93999994,5705189.79000000,0.02875584
WOART,2021,700,1,58,10406.66000000,198401052.93999994,5715596.45000000,0.02880830
WOART,2021,700,2,8,6660.60000000,19266495.28000001,6660.60000000,0.00034571
WOART,2021,700,2,13,53589.41000000,19266495.28000001,60250.01000000,0.00312719
WOART,2021,700,2,14,60013.48000000,19266495.28000001,120263.49000000,0.00624211
WOART,2021,700,2,15,44287.66000000,19266495.28000001,164551.15000000,0.00854079
WOART,2021,700,2,16,32124.85000000,19266495.28000001,196676.00000000,0.01020819
WOART,2021,700,2,17,38546.35000000,19266495.28000001,235222.35000000,0.01220888
WOART,2021,700,2,18,6834.70000000,19266495.28000001,242057.05000000,0.01256363
WOART,2021,700,2,19,45412.33000000,19266495.28000001,287469.38000000,0.01492069
WOART,2021,700,2,20,21866.82000000,19266495.28000001,309336.20000000,0.01605565
WOART,2021,700,2,21,25107.52000000,19266495.28000001,334443.72000000,0.01735883
WOART,2021,700,2,24,96653.54000000,19266495.28000001,431097.26000000,0.02237549
WOART,2021,700,2,27,40323.51000000,19266495.28000001,471420.77000000,0.02446842
WOART,2021,700,2,28,77065.33000000,19266495.28000001,548486.10000000,0.02846839
WOART,2021,700,2,29,37262.14000000,19266495.28000001,585748.24000000,0.03040243
WOART,2021,700,2,30,19891.13000000,19266495.28000001,605639.37000000,0.03143485
WOART,2021,700,2,31,13415.37000000,19266495.28000001,619054.74000000,0.03213115
WOART,2021,700,2,32,39762.21000000,19266495.28000001,658816.95000000,0.03419496
WOART,2021,700,2,33,42245.46000000,19266495.28000001,701062.41000000,0.03638765
WOART,2021,700,2,34,13740.73000000,19266495.28000001,714803.14000000,0.03710084
WOART,2021,700,2,35,32846.81000000,19266495.28000001,747649.95000000,0.03880571
WOART,2021,700,2,36,49159.99000000,19266495.28000001,796809.94000000,0.04135729
WOART,2021,700,2,37,22020.11000000,19266495.28000001,818830.05000000,0.04250021
WOART,2021,700,2,41,36852.07000000,19266495.28000001,855682.12000000,0.04441296
WOART,2021,700,2,42,827.46000000,19266495.28000001,856509.58000000,0.04445591
WOART,2021,700,2,45,14263.86000000,19266495.28000001,870773.44000000,0.04519626
WOART,2021,700,2,46,26668.58000000,19266495.28000001,897442.02000000,0.04658045
WOART,2021,700,2,47,13519.77000000,19266495.28000001,910961.79000000,0.04728217
WOART,2021,700,2,49,27524.00000000,19266495.28000001,938485.79000000,0.04871077
WOART,2021,700,2,51,8843.41000000,19266495.28000001,947329.20000000,0.04916977
WOART,2021,700,2,52,11537.62000000,19266495.28000001,958866.82000000,0.04976862
WOART,2021,700,2,53,36821.40000000,19266495.28000001,995688.22000000,0.05167978
WOART,2021,700,2,54,13625.60000000,19266495.28000001,1009313.82000000,0.05238700
WOART,2021,710,1,7,82373.63000000,177803368.22999960,82373.63000000,0.00046328
WOART,2021,710,1,9,71266.09000000,177803368.22999960,153639.72000000,0.00086410
WOART,2021,710,1,10,135684.54000000,177803368.22999960,289324.26000000,0.00162721
WOART,2021,710,1,11,227589.41000000,177803368.22999960,516913.67000000,0.00290722
WOART,2021,710,1,12,71237.60000000,177803368.22999960,588151.27000000,0.00330787
WOART,2021,710,1,13,229350.28000000,177803368.22999960,817501.55000000,0.00459778
WOART,2021,710,1,14,34505.58000000,177803368.22999960,852007.13000000,0.00479185
WOART,2021,710,1,15,143828.72000000,177803368.22999960,995835.85000000,0.00560077
WOART,2021,710,1,16,185203.61000000,177803368.22999960,1181039.46000000,0.00664239
WOART,2021,710,1,17,167076.97000000,177803368.22999960,1348116.43000000,0.00758206
WOART,2021,710,1,18,138924.52000000,177803368.22999960,1487040.95000000,0.00836340
WOART,2021,710,1,19,193087.10000000,177803368.22999960,1680128.05000000,0.00944936
WOART,2021,710,1,20,58563.11000000,177803368.22999960,1738691.16000000,0.00977873
WOART,2021,710,1,21,178382.82000000,177803368.22999960,1917073.98000000,0.01078199
WOART,2021,710,1,22,88444.83000000,177803368.22999960,2005518.81000000,0.01127942
WOART,2021,710,1,23,134626.55000000,177803368.22999960,2140145.36000000,0.01203659
WOART,2021,710,1,24,72334.93000000,177803368.22999960,2212480.29000000,0.01244341
WOART,2021,710,1,25,191318.36000000,177803368.22999960,2403798.65000000,0.01351942
WOART,2021,710,1,26,95587.35000000,177803368.22999960,2499386.00000000,0.01405702
WOART,2021,710,1,27,123066.69000000,177803368.22999960,2622452.69000000,0.01474917
WOART,2021,710,1,28,137388.00000000,177803368.22999960,2759840.69000000,0.01552187
WOART,2021,710,1,29,97241.52000000,177803368.22999960,2857082.21000000,0.01606877
WOART,2021,710,1,30,115365.15000000,177803368.22999960,2972447.36000000,0.01671761
WOART,2021,710,1,31,87393.58000000,177803368.22999960,3059840.94000000,0.01720913
WOART,2021,710,1,32,128023.10000000,177803368.22999960,3187864.04000000,0.01792915
WOART,2021,710,1,33,24028.06000000,177803368.22999960,3211892.10000000,0.01806429
WOART,2021,710,1,34,124231.26000000,177803368.22999960,3336123.36000000,0.01876299
WOART,2021,710,1,35,162407.25000000,177803368.22999960,3498530.61000000,0.01967640
WOART,2021,710,1,36,110005.06000000,177803368.22999960,3608535.67000000,0.02029509
WOART,2021,710,1,37,44035.69000000,177803368.22999960,3652571.36000000,0.02054276
WOART,2021,710,1,38,101611.45000000,177803368.22999960,3754182.81000000,0.02111424
WOART,2021,710,1,39,47238.97000000,177803368.22999960,3801421.78000000,0.02137992
WOART,2021,710,1,40,105493.89000000,177803368.22999960,3906915.67000000,0.02197324
WOART,2021,710,1,41,184381.56000000,177803368.22999960,4091297.23000000,0.02301023
WOART,2021,710,1,42,100025.69000000,177803368.22999960,4191322.92000000,0.02357280
WOART,2021,710,1,43,33241.74000000,177803368.22999960,4224564.66000000,0.02375976
WOART,2021,710,1,44,74269.27000000,177803368.22999960,4298833.93000000,0.02417746
WOART,2021,710,1,45,42769.88000000,177803368.22999960,4341603.81000000,0.02441801
WOART,2021,710,1,46,152500.75000000,177803368.22999960,4494104.56000000,0.02527570
WOART,2021,710,1,47,14177.29000000,177803368.22999960,4508281.85000000,0.02535544
WOART,2021,710,1,49,34056.61000000,177803368.22999960,4542338.46000000,0.02554698
WOART,2021,710,1,50,15194.30000000,177803368.22999960,4557532.76000000,0.02563243
WOART,2021,710,1,51,54325.97000000,177803368.22999960,4611858.73000000,0.02593797
WOART,2021,710,1,52,21376.50000000,177803368.22999960,4633235.23000000,0.02605820
WOART,2021,710,1,53,54076.87000000,177803368.22999960,4687312.10000000,0.02636234
WOART,2021,710,1,54,16262.24000000,177803368.22999960,4703574.34000000,0.02645380
WOART,2021,710,1,55,33471.96000000,177803368.22999960,4737046.30000000,0.02664205
WOART,2021,710,1,56,12672.23000000,177803368.22999960,4749718.53000000,0.02671332
WOART,2021,710,1,57,14745.89000000,177803368.22999960,4764464.42000000,0.02679626
WOART,2021,710,2,8,40541.35000000,16003027.72000000,40541.35000000,0.00253335
WOART,2021,710,2,10,7500.14000000,16003027.72000000,48041.49000000,0.00300203
WOART,2021,710,2,12,27848.22000000,16003027.72000000,75889.71000000,0.00474221
WOART,2021,710,2,13,20826.35000000,16003027.72000000,96716.06000000,0.00604361
WOART,2021,710,2,15,17832.07000000,16003027.72000000,114548.13000000,0.00715790
WOART,2021,710,2,16,84986.56000000,16003027.72000000,199534.69000000,0.01246856
WOART,2021,710,2,17,19842.10000000,16003027.72000000,219376.79000000,0.01370846
WOART,2021,710,2,19,86196.63000000,16003027.72000000,305573.42000000,0.01909473
WOART,2021,710,2,20,99215.66000000,16003027.72000000,404789.08000000,0.02529453
WOART,2021,710,2,21,2036.80000000,16003027.72000000,406825.88000000,0.02542181
WOART,2021,710,2,22,53761.31000000,16003027.72000000,460587.19000000,0.02878125
WOART,2021,710,2,23,47486.87000000,16003027.72000000,508074.06000000,0.03174862
WOART,2021,710,2,25,43350.80000000,16003027.72000000,551424.86000000,0.03445753
WOART,2021,710,2,26,383.53000000,16003027.72000000,551808.39000000,0.03448150
WOART,2021,710,2,27,17227.92000000,16003027.72000000,569036.31000000,0.03555804
WOART,2021,710,2,30,45347.09000000,16003027.72000000,614383.40000000,0.03839170
WOART,2021,710,2,31,15909.41000000,16003027.72000000,630292.81000000,0.03938585
WOART,2021,710,2,32,60933.01000000,16003027.72000000,691225.82000000,0.04319344
WOART,2021,710,2,34,25991.40000000,16003027.72000000,717217.22000000,0.04481760
WOART,2021,710,2,36,22437.14000000,16003027.72000000,739654.36000000,0.04621965
WOART,2021,710,2,37,30264.52000000,16003027.72000000,769918.88000000,0.04811083
WOART,2021,710,2,38,40506.30000000,16003027.72000000,810425.18000000,0.05064199
WOART,2021,710,2,39,80432.64000000,16003027.72000000,890857.82000000,0.05566808
WOART,2021,710,2,40,24345.23000000,16003027.72000000,915203.05000000,0.05718937
WOART,2021,710,2,43,16821.66000000,16003027.72000000,932024.71000000,0.05824052
WOART,2021,710,2,46,15544.28000000,16003027.72000000,947568.99000000,0.05921186
WOART,2021,710,2,49,18759.69000000,16003027.72000000,966328.68000000,0.06038412
WOART,2021,710,2,50,18561.67000000,16003027.72000000,984890.35000000,0.06154400
WOART,2021,710,2,51,12563.70000000,16003027.72000000,997454.05000000,0.06232908
WOART,2021,710,2,53,9164.39000000,16003027.72000000,1006618.44000000,0.06290175
WOART,2021,710,2,54,4692.79000000,16003027.72000000,1011311.23000000,0.06319499
WOART,2021,710,2,59,9566.32000000,16003027.72000000,1020877.55000000,0.06379278
WOART,2021,720,1,11,321.00000000,182945432.20999977,321.00000000,0.00000175
WOART,2021,720,1,13,147693.47000000,182945432.20999977,148014.47000000,0.00080906
WOART,2021,720,1,14,48137.10000000,182945432.20999977,196151.57000000,0.00107219
WOART,2021,720,1,15,34216.00000000,182945432.20999977,230367.57000000,0.00125921
WOART,2021,720,1,17,96160.73000000,182945432.20999977,326528.30000000,0.00178484
WOART,2021,720,1,18,193885.13000000,182945432.20999977,520413.43000000,0.00284464
WOART,2021,720,1,19,121154.31000000,182945432.20999977,641567.74000000,0.00350688
WOART,2021,720,1,20,27306.77000000,182945432.20999977,668874.51000000,0.00365614
WOART,2021,720,1,21,44139.38000000,182945432.20999977,713013.89000000,0.00389741
WOART,2021,720,1,23,76194.37000000,182945432.20999977,789208.26000000,0.00431390
WOART,2021,720,1,24,120325.76000000,182945432.20999977,909534.02000000,0.00497161
WOART,2021,720,1,25,40027.14000000,182945432.20999977,949561.16000000,0.00519041
WOART,2021,720,1,26,60549.60000000,182945432.20999977,1010110.76000000,0.00552138
WOART,2021,720,1,27,233.24000000,182945432.20999977,1010344.00000000,0.00552265
WOART,2021,720,1,28,76714.84000000,182945432.20999977,1087058.84000000,0.00594198
WOART,2021,720,1,29,89751.84000000,182945432.20999977,1176810.68000000,0.00643258
WOART,2021,720,1,30,18008.48000000,182945432.20999977,1194819.16000000,0.00653101
WOART,2021,720,1,31,99562.14000000,182945432.20999977,1294381.30000000,0.00707523
WOART,2021,720,1,32,97923.74000000,182945432.20999977,1392305.04000000,0.00761049
WOART,2021,720,1,33,23710.44000000,182945432.20999977,1416015.48000000,0.00774010
WOART,2021,720,1,34,58727.38000000,182945432.20999977,1474742.86000000,0.00806111
WOART,2021,720,1,35,47775.64000000,182945432.20999977,1522518.50000000,0.00832225
WOART,2021,720,1,36,35790.90000000,182945432.20999977,1558309.40000000,0.00851789
WOART,2021,720,1,37,92561.32000000,182945432.20999977,1650870.72000000,0.00902384
WOART,2021,720,1,38,107425.24000000,182945432.20999977,1758295.96000000,0.00961104
WOART,2021,720,1,39,35580.75000000,182945432.20999977,1793876.71000000,0.00980553
WOART,2021,720,1,40,72707.02000000,182945432.20999977,1866583.73000000,0.01020295
WOART,2021,720,1,41,131201.47000000,182945432.20999977,1997785.20000000,0.01092012
WOART,2021,720,1,42,46243.37000000,182945432.20999977,2044028.57000000,0.01117289
WOART,2021,720,1,43,52991.58000000,182945432.20999977,2097020.15000000,0.01146254
WOART,2021,720,1,44,5442.89000000,182945432.20999977,2102463.04000000,0.01149230
WOART,2021,720,1,45,37730.75000000,182945432.20999977,2140193.79000000,0.01169854
WOART,2021,720,1,46,14778.41000000,182945432.20999977,2154972.20000000,0.01177932
WOART,2021,720,1,47,87492.84000000,182945432.20999977,2242465.04000000,0.01225756
WOART,2021,720,1,49,27365.72000000,182945432.20999977,2269830.76000000,0.01240715
WOART,2021,720,1,50,62239.48000000,182945432.20999977,2332070.24000000,0.01274735
WOART,2021,720,1,51,97071.24000000,182945432.20999977,2429141.48000000,0.01327796
WOART,2021,720,1,52,13810.24000000,182945432.20999977,2442951.72000000,0.01335344
WOART,2021,720,1,53,14834.11000000,182945432.20999977,2457785.83000000,0.01343453
WOART,2021,720,1,54,17034.24000000,182945432.20999977,2474820.07000000,0.01352764
WOART,2021,720,1,55,13517.25000000,182945432.20999977,2488337.32000000,0.01360153
WOART,2021,720,1,56,19284.84000000,182945432.20999977,2507622.16000000,0.01370694
WOART,2021,720,2,8,72450.29000000,20110070.83999998,72450.29000000,0.00360269
WOART,2021,720,2,15,100600.22000000,20110070.83999998,173050.51000000,0.00860517
WOART,2021,720,2,16,56315.79000000,20110070.83999998,229366.30000000,0.01140554
WOART,2021,720,2,18,54817.06000000,20110070.83999998,284183.36000000,0.01413140
WOART,2021,720,2,20,20982.84000000,20110070.83999998,305166.20000000,0.01517479
WOART,2021,720,2,24,27118.70000000,20110070.83999998,332284.90000000,0.01652331
WOART,2021,720,2,28,56974.16000000,20110070.83999998,389259.06000000,0.01935642
WOART,2021,720,2,29,25298.86000000,20110070.83999998,414557.92000000,0.02061444
WOART,2021,720,2,30,30323.43000000,20110070.83999998,444881.35000000,0.02212232
WOART,2021,720,2,31,51038.75000000,20110070.83999998,495920.10000000,0.02466029
WOART,2021,720,2,33,25079.57000000,20110070.83999998,520999.67000000,0.02590740
WOART,2021,720,2,35,22905.39000000,20110070.83999998,543905.06000000,0.02704640
WOART,2021,720,2,36,13326.30000000,20110070.83999998,557231.36000000,0.02770907
WOART,2021,720,2,37,39858.37000000,20110070.83999998,597089.73000000,0.02969108
WOART,2021,720,2,38,10959.20000000,20110070.83999998,608048.93000000,0.03023604
WOART,2021,720,2,39,21834.65000000,20110070.83999998,629883.58000000,0.03132180
WOART,2021,720,2,42,11942.68000000,20110070.83999998,641826.26000000,0.03191566
WOART,2021,720,2,45,25868.40000000,20110070.83999998,667694.66000000,0.03320200
WOART,2021,720,2,46,25810.87000000,20110070.83999998,693505.53000000,0.03448548
WOART,2021,720,2,50,35720.73000000,20110070.83999998,729226.26000000,0.03626174
WOART,2021,720,2,54,12450.81000000,20110070.83999998,741677.07000000,0.03688088
WOART,2021,720,2,56,6419.30000000,20110070.83999998,748096.37000000,0.03720009
WOART,2021,730,1,8,68743.01000000,179422516.59000030,68743.01000000,0.00038313
WOART,2021,730,1,9,55602.72000000,179422516.59000030,124345.73000000,0.00069303
WOART,2021,730,1,11,31195.13000000,179422516.59000030,155540.86000000,0.00086690
WOART,2021,730,1,12,69952.50000000,179422516.59000030,225493.36000000,0.00125677
WOART,2021,730,1,14,40083.42000000,179422516.59000030,265576.78000000,0.00148018
WOART,2021,730,1,15,93110.36000000,179422516.59000030,358687.14000000,0.00199912
WOART,2021,730,1,16,19913.40000000,179422516.59000030,378600.54000000,0.00211011
WOART,2021,730,1,17,186547.69000000,179422516.59000030,565148.23000000,0.00314982
WOART,2021,730,1,18,32215.63000000,179422516.59000030,597363.86000000,0.00332937
WOART,2021,730,1,19,87289.22000000,179422516.59000030,684653.08000000,0.00381587
WOART,2021,730,1,20,54717.28000000,179422516.59000030,739370.36000000,0.00412083
WOART,2021,730,1,21,117167.13000000,179422516.59000030,856537.49000000,0.00477386
WOART,2021,730,1,22,177001.04000000,179422516.59000030,1033538.53000000,0.00576036
WOART,2021,730,1,23,81834.07000000,179422516.59000030,1115372.60000000,0.00621646
WOART,2021,730,1,24,65933.42000000,179422516.59000030,1181306.02000000,0.00658393
WOART,2021,730,1,25,43654.88000000,179422516.59000030,1224960.90000000,0.00682724
WOART,2021,730,1,27,81030.93000000,179422516.59000030,1305991.83000000,0.00727886
WOART,2021,730,1,28,68314.71000000,179422516.59000030,1374306.54000000,0.00765961
WOART,2021,730,1,29,59257.72000000,179422516.59000030,1433564.26000000,0.00798988
WOART,2021,730,1,30,56735.56000000,179422516.59000030,1490299.82000000,0.00830609
WOART,2021,730,1,31,122622.01000000,179422516.59000030,1612921.83000000,0.00898952
WOART,2021,730,1,32,96973.65000000,179422516.59000030,1709895.48000000,0.00952999
WOART,2021,730,1,33,54213.95000000,179422516.59000030,1764109.43000000,0.00983215
WOART,2021,730,1,34,19282.37000000,179422516.59000030,1783391.80000000,0.00993962
WOART,2021,730,1,35,71064.83000000,179422516.59000030,1854456.63000000,0.01033570
WOART,2021,730,1,36,63314.73000000,179422516.59000030,1917771.36000000,0.01068858
WOART,2021,730,1,37,31865.62000000,179422516.59000030,1949636.98000000,0.01086618
WOART,2021,730,1,38,83686.11000000,179422516.59000030,2033323.09000000,0.01133260
WOART,2021,730,1,39,1613.23000000,179422516.59000030,2034936.32000000,0.01134159
WOART,2021,730,1,40,105431.11000000,179422516.59000030,2140367.43000000,0.01192920
WOART,2021,730,1,41,18252.95000000,179422516.59000030,2158620.38000000,0.01203093
WOART,2021,730,1,43,23835.34000000,179422516.59000030,2182455.72000000,0.01216378
WOART,2021,730,1,44,96713.86000000,179422516.59000030,2279169.58000000,0.01270281
WOART,2021,730,1,45,16338.08000000,179422516.59000030,2295507.66000000,0.01279387
WOART,2021,730,1,47,60162.51000000,179422516.59000030,2355670.17000000,0.01312918
WOART,2021,730,1,48,23573.31000000,179422516.59000030,2379243.48000000,0.01326056
WOART,2021,730,1,49,21221.44000000,179422516.59000030,2400464.92000000,0.01337884
WOART,2021,730,1,50,12428.11000000,179422516.59000030,2412893.03000000,0.01344811
WOART,2021,730,1,51,38767.52000000,179422516.59000030,2451660.55000000,0.01366417
WOART,2021,730,1,52,28115.41000000,179422516.59000030,2479775.96000000,0.01382087
WOART,2021,730,1,53,15913.57000000,179422516.59000030,2495689.53000000,0.01390957
WOART,2021,730,1,55,17344.25000000,179422516.59000030,2513033.78000000,0.01400623
WOART,2021,730,2,13,46554.38000000,16231249.16000000,46554.38000000,0.00286819
WOART,2021,730,2,14,24074.04000000,16231249.16000000,70628.42000000,0.00435139
WOART,2021,730,2,15,13159.67000000,16231249.16000000,83788.09000000,0.00516215
WOART,2021,730,2,23,45344.11000000,16231249.16000000,129132.20000000,0.00795578
WOART,2021,730,2,24,31831.75000000,16231249.16000000,160963.95000000,0.00991692
WOART,2021,730,2,26,31570.56000000,16231249.16000000,192534.51000000,0.01186197
WOART,2021,730,2,27,36628.86000000,16231249.16000000,229163.37000000,0.01411865
WOART,2021,730,2,32,15112.56000000,16231249.16000000,244275.93000000,0.01504973
WOART,2021,730,2,33,30264.85000000,16231249.16000000,274540.78000000,0.01691433
WOART,2021,730,2,35,34794.06000000,16231249.16000000,309334.84000000,0.01905798
WOART,2021,730,2,38,18178.23000000,16231249.16000000,327513.07000000,0.02017793
WOART,2021,730,2,40,18226.38000000,16231249.16000000,345739.45000000,0.02130085
WOART,2021,730,2,41,26647.94000000,16231249.16000000,372387.39000000,0.02294262
WOART,2021,730,2,44,28142.37000000,16231249.16000000,400529.76000000,0.02467646
WOART,2021,730,2,45,8562.93000000,16231249.16000000,409092.69000000,0.02520402
WOART,2021,730,2,56,9203.10000000,16231249.16000000,418295.79000000,0.02577102
WOART,2021,740,1,8,46052.35000000,162740470.23999944,46052.35000000,0.00028298
WOART,2021,740,1,10,36934.57000000,162740470.23999944,82986.92000000,0.00050993
WOART,2021,740,1,11,59721.30000000,162740470.23999944,142708.22000000,0.00087691
WOART,2021,740,1,13,21418.79000000,162740470.23999944,164127.01000000,0.00100852
WOART,2021,740,1,14,79095.68000000,162740470.23999944,243222.69000000,0.00149454
WOART,2021,740,1,15,56097.18000000,162740470.23999944,299319.87000000,0.00183925
WOART,2021,740,1,16,127115.63000000,162740470.23999944,426435.50000000,0.00262034
WOART,2021,740,1,17,32881.19000000,162740470.23999944,459316.69000000,0.00282239
WOART,2021,740,1,18,26003.88000000,162740470.23999944,485320.57000000,0.00298218
WOART,2021,740,1,19,95551.69000000,162740470.23999944,580872.26000000,0.00356932
WOART,2021,740,1,20,49688.82000000,162740470.23999944,630561.08000000,0.00387464
WOART,2021,740,1,21,187202.78000000,162740470.23999944,817763.86000000,0.00502496
WOART,2021,740,1,22,56700.58000000,162740470.23999944,874464.44000000,0.00537337
WOART,2021,740,1,23,113126.39000000,162740470.23999944,987590.83000000,0.00606850
WOART,2021,740,1,24,59657.38000000,162740470.23999944,1047248.21000000,0.00643508
WOART,2021,740,1,25,89823.44000000,162740470.23999944,1137071.65000000,0.00698702
WOART,2021,740,1,26,34942.34000000,162740470.23999944,1172013.99000000,0.00720174
WOART,2021,740,1,27,36492.58000000,162740470.23999944,1208506.57000000,0.00742597
WOART,2021,740,1,28,51042.84000000,162740470.23999944,1259549.41000000,0.00773962
WOART,2021,740,1,30,107294.38000000,162740470.23999944,1366843.79000000,0.00839892
WOART,2021,740,1,31,31918.06000000,162740470.23999944,1398761.85000000,0.00859505
WOART,2021,740,1,32,49202.76000000,162740470.23999944,1447964.61000000,0.00889738
WOART,2021,740,1,33,17795.32000000,162740470.23999944,1465759.93000000,0.00900673
WOART,2021,740,1,34,81.74000000,162740470.23999944,1465841.67000000,0.00900724
WOART,2021,740,1,35,60192.92000000,162740470.23999944,1526034.59000000,0.00937711
WOART,2021,740,1,37,4479.65000000,162740470.23999944,1530514.24000000,0.00940463
WOART,2021,740,1,38,17971.41000000,162740470.23999944,1548485.65000000,0.00951506
WOART,2021,740,1,39,36541.93000000,162740470.23999944,1585027.58000000,0.00973960
WOART,2021,740,1,41,2749.37000000,162740470.23999944,1587776.95000000,0.00975650
WOART,2021,740,1,42,30915.79000000,162740470.23999944,1618692.74000000,0.00994647
WOART,2021,740,1,45,19974.14000000,162740470.23999944,1638666.88000000,0.01006920
WOART,2021,740,1,46,29982.25000000,162740470.23999944,1668649.13000000,0.01025344
WOART,2021,740,1,47,16634.55000000,162740470.23999944,1685283.68000000,0.01035565
WOART,2021,740,1,48,32762.22000000,162740470.23999944,1718045.90000000,0.01055697
WOART,2021,740,1,51,15442.42000000,162740470.23999944,1733488.32000000,0.01065186
WOART,2021,740,1,52,1857.46000000,162740470.23999944,1735345.78000000,0.01066327
WOART,2021,740,1,53,26938.95000000,162740470.23999944,1762284.73000000,0.01082880
WOART,2021,740,1,56,27277.67000000,162740470.23999944,1789562.40000000,0.01099642
WOART,2021,740,2,8,-88.02000000,15423462.90000000,-88.02000000,-0.00000571
WOART,2021,740,2,14,36355.01000000,15423462.90000000,36266.99000000,0.00235142
WOART,2021,740,2,16,50502.32000000,15423462.90000000,86769.31000000,0.00562580
WOART,2021,740,2,18,28970.19000000,15423462.90000000,115739.50000000,0.00750412
WOART,2021,740,2,20,71076.33000000,15423462.90000000,186815.83000000,0.01211244
WOART,2021,740,2,24,20849.62000000,15423462.90000000,207665.45000000,0.01346426
WOART,2021,740,2,25,18038.02000000,15423462.90000000,225703.47000000,0.01463377
WOART,2021,740,2,27,22886.69000000,15423462.90000000,248590.16000000,0.01611766
WOART,2021,740,2,29,27739.78000000,15423462.90000000,276329.94000000,0.01791621
WOART,2021,740,2,30,39804.37000000,15423462.90000000,316134.31000000,0.02049697
WOART,2021,740,2,32,15128.72000000,15423462.90000000,331263.03000000,0.02147786
WOART,2021,740,2,33,23524.93000000,15423462.90000000,354787.96000000,0.02300313
WOART,2021,740,2,35,17875.21000000,15423462.90000000,372663.17000000,0.02416209
WOART,2021,740,2,36,46079.72000000,15423462.90000000,418742.89000000,0.02714973
WOART,2021,740,2,37,36881.00000000,15423462.90000000,455623.89000000,0.02954096
WOART,2021,740,2,38,23405.01000000,15423462.90000000,479028.90000000,0.03105845
WOART,2021,740,2,39,15487.82000000,15423462.90000000,494516.72000000,0.03206263
WOART,2021,740,2,40,15971.51000000,15423462.90000000,510488.23000000,0.03309816
WOART,2021,740,2,41,12522.82000000,15423462.90000000,523011.05000000,0.03391009
WOART,2021,740,2,49,38477.68000000,15423462.90000000,561488.73000000,0.03640484
WOART,2021,740,2,52,20723.34000000,15423462.90000000,582212.07000000,0.03774847
WOART,2021,740,2,56,8702.23000000,15423462.90000000,590914.30000000,0.03831269
WOART,2021,750,1,9,36163.88000000,176846202.53999954,36163.88000000,0.00020449
WOART,2021,750,1,12,35586.93000000,176846202.53999954,71750.81000000,0.00040572
WOART,2021,750,1,13,67034.52000000,176846202.53999954,138785.33000000,0.00078478
WOART,2021,750,1,14,83394.63000000,176846202.53999954,222179.96000000,0.00125635
WOART,2021,750,1,15,64976.12000000,176846202.53999954,287156.08000000,0.00162376
WOART,2021,750,1,16,63515.28000000,176846202.53999954,350671.36000000,0.00198292
WOART,2021,750,1,17,45338.87000000,176846202.53999954,396010.23000000,0.00223929
WOART,2021,750,1,18,72609.69000000,176846202.53999954,468619.92000000,0.00264987
WOART,2021,750,1,19,38668.62000000,176846202.53999954,507288.54000000,0.00286853
WOART,2021,750,1,20,1787.87000000,176846202.53999954,509076.41000000,0.00287864
WOART,2021,750,1,22,56511.86000000,176846202.53999954,565588.27000000,0.00319819
WOART,2021,750,1,23,25952.44000000,176846202.53999954,591540.71000000,0.00334494
WOART,2021,750,1,24,59166.08000000,176846202.53999954,650706.79000000,0.00367951
WOART,2021,750,1,25,54085.66000000,176846202.53999954,704792.45000000,0.00398534
WOART,2021,750,1,26,37467.89000000,176846202.53999954,742260.34000000,0.00419721
WOART,2021,750,1,27,70554.10000000,176846202.53999954,812814.44000000,0.00459617
WOART,2021,750,1,28,24539.92000000,176846202.53999954,837354.36000000,0.00473493
WOART,2021,750,1,29,77321.45000000,176846202.53999954,914675.81000000,0.00517215
WOART,2021,750,1,31,51305.16000000,176846202.53999954,965980.97000000,0.00546227
WOART,2021,750,1,32,60206.31000000,176846202.53999954,1026187.28000000,0.00580271
WOART,2021,750,1,34,238.50000000,176846202.53999954,1026425.78000000,0.00580406
WOART,2021,750,1,35,17727.32000000,176846202.53999954,1044153.10000000,0.00590430
WOART,2021,750,1,36,31615.93000000,176846202.53999954,1075769.03000000,0.00608308
WOART,2021,750,1,37,34135.84000000,176846202.53999954,1109904.87000000,0.00627610
WOART,2021,750,1,38,165351.90000000,176846202.53999954,1275256.77000000,0.00721111
WOART,2021,750,1,40,57820.81000000,176846202.53999954,1333077.58000000,0.00753806
WOART,2021,750,1,42,18226.01000000,176846202.53999954,1351303.59000000,0.00764112
WOART,2021,750,1,43,57112.04000000,176846202.53999954,1408415.63000000,0.00796407
WOART,2021,750,1,44,304.70000000,176846202.53999954,1408720.33000000,0.00796579
WOART,2021,750,1,45,16530.88000000,176846202.53999954,1425251.21000000,0.00805927
WOART,2021,750,1,47,86534.59000000,176846202.53999954,1511785.80000000,0.00854859
WOART,2021,750,1,48,8501.87000000,176846202.53999954,1520287.67000000,0.00859667
WOART,2021,750,1,49,17189.22000000,176846202.53999954,1537476.89000000,0.00869386
WOART,2021,750,1,50,39719.00000000,176846202.53999954,1577195.89000000,0.00891846
WOART,2021,750,1,51,1673.76000000,176846202.53999954,1578869.65000000,0.00892793
WOART,2021,750,1,52,14557.94000000,176846202.53999954,1593427.59000000,0.00901024
WOART,2021,750,1,54,38064.17000000,176846202.53999954,1631491.76000000,0.00922548
WOART,2021,750,2,10,40516.17000000,13960966.46000001,40516.17000000,0.00290210
WOART,2021,750,2,15,64.92000000,13960966.46000001,40581.09000000,0.00290675
WOART,2021,750,2,17,30931.98000000,13960966.46000001,71513.07000000,0.00512236
WOART,2021,750,2,19,41508.28000000,13960966.46000001,113021.35000000,0.00809552
WOART,2021,750,2,21,58652.77000000,13960966.46000001,171674.12000000,0.01229672
WOART,2021,750,2,24,19495.18000000,13960966.46000001,191169.30000000,0.01369313
WOART,2021,750,2,28,18877.31000000,13960966.46000001,210046.61000000,0.01504528
WOART,2021,750,2,36,12816.56000000,13960966.46000001,222863.17000000,0.01596331
WOART,2021,750,2,38,26734.28000000,13960966.46000001,249597.45000000,0.01787824
WOART,2021,750,2,41,16861.55000000,13960966.46000001,266459.00000000,0.01908600
WOART,2021,750,2,46,10867.23000000,13960966.46000001,277326.23000000,0.01986440
WOART,2021,750,2,53,862.58000000,13960966.46000001,278188.81000000,0.01992619
WOART,2021,750,2,56,12776.12000000,13960966.46000001,290964.93000000,0.02084132
WOART,2021,750,2,57,15495.67000000,13960966.46000001,306460.60000000,0.02195125
WOART,2021,750,2,58,10236.43000000,13960966.46000001,316697.03000000,0.02268446
WOART,2021,760,1,7,41519.14000000,151235532.83999997,41519.14000000,0.00027453
WOART,2021,760,1,9,40610.76000000,151235532.83999997,82129.90000000,0.00054306
WOART,2021,760,1,10,50815.20000000,151235532.83999997,132945.10000000,0.00087906
WOART,2021,760,1,13,54584.88000000,151235532.83999997,187529.98000000,0.00123999
WOART,2021,760,1,14,105434.61000000,151235532.83999997,292964.59000000,0.00193714
WOART,2021,760,1,15,25765.28000000,151235532.83999997,318729.87000000,0.00210751
WOART,2021,760,1,16,40727.12000000,151235532.83999997,359456.99000000,0.00237680
WOART,2021,760,1,17,29176.81000000,151235532.83999997,388633.80000000,0.00256973
WOART,2021,760,1,21,79391.83000000,151235532.83999997,468025.63000000,0.00309468
WOART,2021,760,1,22,18480.51000000,151235532.83999997,486506.14000000,0.00321688
WOART,2021,760,1,24,90026.22000000,151235532.83999997,576532.36000000,0.00381215
WOART,2021,760,1,27,37952.27000000,151235532.83999997,614484.63000000,0.00406310
WOART,2021,760,1,32,36353.29000000,151235532.83999997,650837.92000000,0.00430347
WOART,2021,760,1,33,85381.06000000,151235532.83999997,736218.98000000,0.00486803
WOART,2021,760,1,35,25634.65000000,151235532.83999997,761853.63000000,0.00503753
WOART,2021,760,1,37,16977.88000000,151235532.83999997,778831.51000000,0.00514979
WOART,2021,760,1,38,4188.25000000,151235532.83999997,783019.76000000,0.00517749
WOART,2021,760,1,40,18086.16000000,151235532.83999997,801105.92000000,0.00529707
WOART,2021,760,1,42,371.25000000,151235532.83999997,801477.17000000,0.00529953
WOART,2021,760,1,43,66344.93000000,151235532.83999997,867822.10000000,0.00573822
WOART,2021,760,1,44,60027.50000000,151235532.83999997,927849.60000000,0.00613513
WOART,2021,760,1,45,29261.61000000,151235532.83999997,957111.21000000,0.00632861
WOART,2021,760,1,46,2774.04000000,151235532.83999997,959885.25000000,0.00634696
WOART,2021,760,1,48,52288.34000000,151235532.83999997,1012173.59000000,0.00669270
WOART,2021,760,1,52,13521.78000000,151235532.83999997,1025695.37000000,0.00678211
WOART,2021,760,1,54,9653.70000000,151235532.83999997,1035349.07000000,0.00684594
WOART,2021,760,2,17,3865.09000000,10357393.61000001,3865.09000000,0.00037317
WOART,2021,760,2,18,55582.80000000,10357393.61000001,59447.89000000,0.00573966
WOART,2021,760,2,21,16754.48000000,10357393.61000001,76202.37000000,0.00735729
WOART,2021,760,2,23,46674.63000000,10357393.61000001,122877.00000000,0.01186370
WOART,2021,760,2,31,27550.38000000,10357393.61000001,150427.38000000,0.01452367
WOART,2021,760,2,38,19632.96000000,10357393.61000001,170060.34000000,0.01641922
WOART,2021,760,2,45,24359.40000000,10357393.61000001,194419.74000000,0.01877111
WOART,2021,770,1,9,8255.93000000,164590512.89999977,8255.93000000,0.00005016
WOART,2021,770,1,11,41690.57000000,164590512.89999977,49946.50000000,0.00030346
WOART,2021,770,1,13,36401.69000000,164590512.89999977,86348.19000000,0.00052462
WOART,2021,770,1,17,32905.89000000,164590512.89999977,119254.08000000,0.00072455
WOART,2021,770,1,18,45169.46000000,164590512.89999977,164423.54000000,0.00099899
WOART,2021,770,1,20,33330.91000000,164590512.89999977,197754.45000000,0.00120149
WOART,2021,770,1,21,22074.01000000,164590512.89999977,219828.46000000,0.00133561
WOART,2021,770,1,22,110526.48000000,164590512.89999977,330354.94000000,0.00200713
WOART,2021,770,1,25,91101.46000000,164590512.89999977,421456.40000000,0.00256064
WOART,2021,770,1,27,20150.67000000,164590512.89999977,441607.07000000,0.00268307
WOART,2021,770,1,28,67461.93000000,164590512.89999977,509069.00000000,0.00309294
WOART,2021,770,1,29,80846.66000000,164590512.89999977,589915.66000000,0.00358414
WOART,2021,770,1,30,23482.04000000,164590512.89999977,613397.70000000,0.00372681
WOART,2021,770,1,32,37314.59000000,164590512.89999977,650712.29000000,0.00395352
WOART,2021,770,1,38,25974.55000000,164590512.89999977,676686.84000000,0.00411134
WOART,2021,770,1,42,13153.39000000,164590512.89999977,689840.23000000,0.00419125
WOART,2021,770,1,45,6996.49000000,164590512.89999977,696836.72000000,0.00423376
WOART,2021,770,1,46,10658.20000000,164590512.89999977,707494.92000000,0.00429852
WOART,2021,770,1,50,14726.59000000,164590512.89999977,722221.51000000,0.00438799
WOART,2021,770,1,51,16065.80000000,164590512.89999977,738287.31000000,0.00448560
WOART,2021,770,1,54,14175.38000000,164590512.89999977,752462.69000000,0.00457173
WOART,2021,770,2,10,29352.38000000,9066416.51000000,29352.38000000,0.00323748
WOART,2021,770,2,14,34783.05000000,9066416.51000000,64135.43000000,0.00707396
WOART,2021,770,2,17,24674.76000000,9066416.51000000,88810.19000000,0.00979551
WOART,2021,770,2,21,50084.30000000,9066416.51000000,138894.49000000,0.01531967
WOART,2021,770,2,25,21961.92000000,9066416.51000000,160856.41000000,0.01774201
WOART,2021,770,2,27,61497.03000000,9066416.51000000,222353.44000000,0.02452495
WOART,2021,770,2,28,17205.19000000,9066416.51000000,239558.63000000,0.02642264
WOART,2021,770,2,29,20992.63000000,9066416.51000000,260551.26000000,0.02873806
WOART,2021,770,2,35,10825.63000000,9066416.51000000,271376.89000000,0.02993210
WOART,2021,770,2,40,13337.64000000,9066416.51000000,284714.53000000,0.03140320
WOART,2021,770,2,44,4451.11000000,9066416.51000000,289165.64000000,0.03189415
WOART,2021,770,2,56,5044.78000000,9066416.51000000,294210.42000000,0.03245057
WOART,2021,780,1,8,62320.66000000,166552363.20999998,62320.66000000,0.00037418
WOART,2021,780,1,10,35225.00000000,166552363.20999998,97545.66000000,0.00058568
WOART,2021,780,1,12,22636.98000000,166552363.20999998,120182.64000000,0.00072159
WOART,2021,780,1,13,24576.40000000,166552363.20999998,144759.04000000,0.00086915
WOART,2021,780,1,14,31880.15000000,166552363.20999998,176639.19000000,0.00106056
WOART,2021,780,1,15,35106.03000000,166552363.20999998,211745.22000000,0.00127134
WOART,2021,780,1,16,66617.10000000,166552363.20999998,278362.32000000,0.00167132
WOART,2021,780,1,17,35927.33000000,166552363.20999998,314289.65000000,0.00188703
WOART,2021,780,1,21,85120.49000000,166552363.20999998,399410.14000000,0.00239811
WOART,2021,780,1,23,70945.17000000,166552363.20999998,470355.31000000,0.00282407
WOART,2021,780,1,24,61788.73000000,166552363.20999998,532144.04000000,0.00319506
WOART,2021,780,1,25,22983.58000000,166552363.20999998,555127.62000000,0.00333305
WOART,2021,780,1,26,51134.22000000,166552363.20999998,606261.84000000,0.00364007
WOART,2021,780,1,27,28858.95000000,166552363.20999998,635120.79000000,0.00381334
WOART,2021,780,1,28,43312.79000000,166552363.20999998,678433.58000000,0.00407340
WOART,2021,780,1,30,25798.55000000,166552363.20999998,704232.13000000,0.00422829
WOART,2021,780,1,31,38203.70000000,166552363.20999998,742435.83000000,0.00445767
WOART,2021,780,1,32,30853.08000000,166552363.20999998,773288.91000000,0.00464292
WOART,2021,780,1,37,22465.10000000,166552363.20999998,795754.01000000,0.00477780
WOART,2021,780,1,39,46609.78000000,166552363.20999998,842363.79000000,0.00505765
WOART,2021,780,1,40,20445.77000000,166552363.20999998,862809.56000000,0.00518041
WOART,2021,780,1,41,29.86000000,166552363.20999998,862839.42000000,0.00518059
WOART,2021,780,1,45,26137.07000000,166552363.20999998,888976.49000000,0.00533752
WOART,2021,780,1,46,389.33000000,166552363.20999998,889365.82000000,0.00533986
WOART,2021,780,1,47,5300.33000000,166552363.20999998,894666.15000000,0.00537168
WOART,2021,780,1,48,9047.75000000,166552363.20999998,903713.90000000,0.00542600
WOART,2021,780,1,49,33588.27000000,166552363.20999998,937302.17000000,0.00562767
WOART,2021,780,1,52,14087.25000000,166552363.20999998,951389.42000000,0.00571225
WOART,2021,780,1,54,26188.77000000,166552363.20999998,977578.19000000,0.00586949
WOART,2021,780,2,11,29755.78000000,8332486.47000000,29755.78000000,0.00357106
WOART,2021,780,2,15,35569.67000000,8332486.47000000,65325.45000000,0.00783985
WOART,2021,780,2,18,2836.14000000,8332486.47000000,68161.59000000,0.00818022
WOART,2021,780,2,20,38788.94000000,8332486.47000000,106950.53000000,0.01283537
WOART,2021,780,2,23,-18.78000000,8332486.47000000,106931.75000000,0.01283311
WOART,2021,780,2,24,48006.01000000,8332486.47000000,154937.76000000,0.01859442
WOART,2021,780,2,30,14852.32000000,8332486.47000000,169790.08000000,0.02037688
WOART,2021,780,2,32,27603.27000000,8332486.47000000,197393.35000000,0.02368961
WOART,2021,780,2,39,6165.67000000,8332486.47000000,203559.02000000,0.02442957
WOART,2021,780,2,44,0.00000000,8332486.47000000,203559.02000000,0.02442957
WOART,2021,790,1,12,34826.52000000,154217286.55999961,34826.52000000,0.00022583
WOART,2021,790,1,15,60685.61000000,154217286.55999961,95512.13000000,0.00061933
WOART,2021,790,1,22,21554.92000000,154217286.55999961,117067.05000000,0.00075910
WOART,2021,790,1,25,27964.74000000,154217286.55999961,145031.79000000,0.00094044
WOART,2021,790,1,27,14808.51000000,154217286.55999961,159840.30000000,0.00103646
WOART,2021,790,1,31,2746.08000000,154217286.55999961,162586.38000000,0.00105427
WOART,2021,790,1,37,53973.49000000,154217286.55999961,216559.87000000,0.00140425
WOART,2021,790,1,38,34677.67000000,154217286.55999961,251237.54000000,0.00162911
WOART,2021,790,1,40,14590.09000000,154217286.55999961,265827.63000000,0.00172372
WOART,2021,790,1,43,10038.98000000,154217286.55999961,275866.61000000,0.00178882
WOART,2021,790,1,45,29578.36000000,154217286.55999961,305444.97000000,0.00198061
WOART,2021,790,1,47,9282.51000000,154217286.55999961,314727.48000000,0.00204081
WOART,2021,790,1,48,30880.76000000,154217286.55999961,345608.24000000,0.00224105
WOART,2021,790,1,50,14486.67000000,154217286.55999961,360094.91000000,0.00233498
WOART,2021,790,1,52,30680.98000000,154217286.55999961,390775.89000000,0.00253393
WOART,2021,790,2,19,18026.99000000,8295630.73000000,18026.99000000,0.00217307
WOART,2021,790,2,22,15781.83000000,8295630.73000000,33808.82000000,0.00407550
WOART,2021,790,2,29,16529.18000000,8295630.73000000,50338.00000000,0.00606801
WOART,2021,790,2,31,12482.98000000,8295630.73000000,62820.98000000,0.00757278
WOART,2021,790,2,40,27593.82000000,8295630.73000000,90414.80000000,0.01089909
WOART,2021,790,2,42,21998.51000000,8295630.73000000,112413.31000000,0.01355091
WOART,2021,800,1,15,56649.11000000,171685816.91999951,56649.11000000,0.00032996
WOART,2021,800,1,16,21846.37000000,171685816.91999951,78495.48000000,0.00045720
WOART,2021,800,1,18,24275.40000000,171685816.91999951,102770.88000000,0.00059860
WOART,2021,800,1,19,14737.49000000,171685816.91999951,117508.37000000,0.00068444
WOART,2021,800,1,20,36545.17000000,171685816.91999951,154053.54000000,0.00089730
WOART,2021,800,1,22,39164.56000000,171685816.91999951,193218.10000000,0.00112542
WOART,2021,800,1,24,46344.41000000,171685816.91999951,239562.51000000,0.00139535
WOART,2021,800,1,27,39397.16000000,171685816.91999951,278959.67000000,0.00162483
WOART,2021,800,1,35,19909.93000000,171685816.91999951,298869.60000000,0.00174079
WOART,2021,800,1,37,16393.16000000,171685816.91999951,315262.76000000,0.00183628
WOART,2021,800,1,40,34081.56000000,171685816.91999951,349344.32000000,0.00203479
WOART,2021,800,1,43,6117.70000000,171685816.91999951,355462.02000000,0.00207042
WOART,2021,800,1,44,13224.88000000,171685816.91999951,368686.90000000,0.00214745
WOART,2021,800,1,45,16508.71000000,171685816.91999951,385195.61000000,0.00224361
WOART,2021,800,1,46,26224.42000000,171685816.91999951,411420.03000000,0.00239635
WOART,2021,800,1,54,9419.85000000,171685816.91999951,420839.88000000,0.00245122
WOART,2021,800,1,56,5800.75000000,171685816.91999951,426640.63000000,0.00248501
WOART,2021,800,2,35,2005.23000000,6656566.72000000,2005.23000000,0.00030124
WOART,2021,800,2,42,25350.04000000,6656566.72000000,27355.27000000,0.00410952
WOART,2021,800,2,45,25217.50000000,6656566.72000000,52572.77000000,0.00789788
WOART,2021,810,1,9,81308.49000000,151705522.56999934,81308.49000000,0.00053596
WOART,2021,810,1,16,35052.01000000,151705522.56999934,116360.50000000,0.00076702
WOART,2021,810,1,18,19783.07000000,151705522.56999934,136143.57000000,0.00089742
WOART,2021,810,1,20,39343.50000000,151705522.56999934,175487.07000000,0.00115676
WOART,2021,810,1,23,42841.13000000,151705522.56999934,218328.20000000,0.00143916
WOART,2021,810,1,24,26277.07000000,151705522.56999934,244605.27000000,0.00161237
WOART,2021,810,1,25,31278.58000000,151705522.56999934,275883.85000000,0.00181855
WOART,2021,810,1,26,26943.14000000,151705522.56999934,302826.99000000,0.00199615
WOART,2021,810,1,27,36831.43000000,151705522.56999934,339658.42000000,0.00223893
WOART,2021,810,1,29,8410.22000000,151705522.56999934,348068.64000000,0.00229437
WOART,2021,810,1,33,30964.62000000,151705522.56999934,379033.26000000,0.00249848
WOART,2021,810,1,39,13756.08000000,151705522.56999934,392789.34000000,0.00258916
WOART,2021,810,1,41,26365.74000000,151705522.56999934,419155.08000000,0.00276295
WOART,2021,810,1,42,17061.38000000,151705522.56999934,436216.46000000,0.00287542
WOART,2021,810,1,48,29211.83000000,151705522.56999934,465428.29000000,0.00306797
WOART,2021,810,2,11,28970.35000000,5152636.31000000,28970.35000000,0.00562243
WOART,2021,820,1,7,39370.60000000,161223419.18999964,39370.60000000,0.00024420
WOART,2021,820,1,12,24635.04000000,161223419.18999964,64005.64000000,0.00039700
WOART,2021,820,1,14,91430.35000000,161223419.18999964,155435.99000000,0.00096410
WOART,2021,820,1,15,36863.16000000,161223419.18999964,192299.15000000,0.00119275
WOART,2021,820,1,16,20560.31000000,161223419.18999964,212859.46000000,0.00132028
WOART,2021,820,1,19,26564.74000000,161223419.18999964,239424.20000000,0.00148505
WOART,2021,820,1,21,68640.81000000,161223419.18999964,308065.01000000,0.00191080
WOART,2021,820,1,24,20057.71000000,161223419.18999964,328122.72000000,0.00203521
WOART,2021,820,1,25,31857.79000000,161223419.18999964,359980.51000000,0.00223281
WOART,2021,820,1,30,30525.95000000,161223419.18999964,390506.46000000,0.00242214
WOART,2021,820,1,34,47865.86000000,161223419.18999964,438372.32000000,0.00271904
WOART,2021,820,1,38,8004.77000000,161223419.18999964,446377.09000000,0.00276869
WOART,2021,820,1,43,18354.40000000,161223419.18999964,464731.49000000,0.00288253
WOART,2021,820,1,44,7981.13000000,161223419.18999964,472712.62000000,0.00293203
WOART,2021,820,1,45,18749.28000000,161223419.18999964,491461.90000000,0.00304833
WOART,2021,820,1,46,13639.09000000,161223419.18999964,505100.99000000,0.00313293
WOART,2021,820,1,47,4716.15000000,161223419.18999964,509817.14000000,0.00316218
WOART,2021,820,1,48,22106.87000000,161223419.18999964,531924.01000000,0.00329930
WOART,2021,820,2,51,12884.65000000,5239753.37000000,12884.65000000,0.00245902
WOART,2021,820,2,52,11766.42000000,5239753.37000000,24651.07000000,0.00470462
WOART,2021,830,1,9,28140.40000000,141299495.16999966,28140.40000000,0.00019915
WOART,2021,830,1,19,29304.69000000,141299495.16999966,57445.09000000,0.00040655
WOART,2021,830,1,23,25128.29000000,141299495.16999966,82573.38000000,0.00058439
WOART,2021,830,1,27,35330.86000000,141299495.16999966,117904.24000000,0.00083443
WOART,2021,830,1,28,28359.50000000,141299495.16999966,146263.74000000,0.00103513
WOART,2021,830,1,33,20866.67000000,141299495.16999966,167130.41000000,0.00118281
WOART,2021,830,1,36,19280.06000000,141299495.16999966,186410.47000000,0.00131926
WOART,2021,830,1,39,20793.78000000,141299495.16999966,207204.25000000,0.00146642
WOART,2021,830,1,40,14739.19000000,141299495.16999966,221943.44000000,0.00157073
WOART,2021,830,1,42,26516.64000000,141299495.16999966,248460.08000000,0.00175839
WOART,2021,830,1,48,14253.24000000,141299495.16999966,262713.32000000,0.00185927
WOART,2021,830,1,50,7484.30000000,141299495.16999966,270197.62000000,0.00191223
WOART,2021,830,2,13,27149.61000000,4090074.56000000,27149.61000000,0.00663793
WOART,2021,830,2,33,715.01000000,4090074.56000000,27864.62000000,0.00681274
WOART,2021,830,2,52,17944.48000000,4090074.56000000,45809.10000000,0.01120006
WOART,2021,840,1,6,39633.09000000,121802187.41999991,39633.09000000,0.00032539
WOART,2021,840,1,24,20819.78000000,121802187.41999991,60452.87000000,0.00049632
WOART,2021,840,1,33,36853.07000000,121802187.41999991,97305.94000000,0.00079888
WOART,2021,840,1,41,5116.42000000,121802187.41999991,102422.36000000,0.00084089
WOART,2021,840,1,45,8144.88000000,121802187.41999991,110567.24000000,0.00090776
WOART,2021,840,1,49,13949.65000000,121802187.41999991,124516.89000000,0.00102229
WOART,2021,840,1,50,12325.14000000,121802187.41999991,136842.03000000,0.00112348
WOART,2021,840,1,51,368.63000000,121802187.41999991,137210.66000000,0.00112650
WOART,2021,850,1,7,44015.11000000,122181436.91999964,44015.11000000,0.00036024
WOART,2021,850,1,8,28941.94000000,122181436.91999964,72957.05000000,0.00059712
WOART,2021,850,1,17,31722.95000000,122181436.91999964,104680.00000000,0.00085676
WOART,2021,850,1,21,18777.04000000,122181436.91999964,123457.04000000,0.00101044
WOART,2021,850,1,26,33793.67000000,122181436.91999964,157250.71000000,0.00128703
WOART,2021,850,1,32,12929.38000000,122181436.91999964,170180.09000000,0.00139285
WOART,2021,850,1,35,4291.31000000,122181436.91999964,174471.40000000,0.00142797
WOART,2021,850,1,49,8114.15000000,122181436.91999964,182585.55000000,0.00149438
WOART,2021,850,1,51,8620.88000000,122181436.91999964,191206.43000000,0.00156494
WOART,2021,850,2,45,15530.22000000,2811339.24000000,15530.22000000,0.00552414
WOART,2021,860,1,44,23152.31000000,84256483.56000000,23152.31000000,0.00027478
WOART,2021,860,2,33,15858.36000000,1963072.96000000,15858.36000000,0.00807833
WOART,2021,860,2,37,11556.53000000,1963072.96000000,27414.89000000,0.01396529
WOART,2021,870,1,12,49146.81000000,52637060.44000004,49146.81000000,0.00093369
WOART,2021,870,1,27,19682.24000000,52637060.44000004,68829.05000000,0.00130762
WOART,2021,870,1,50,5043.77000000,52637060.44000004,73872.82000000,0.00140344
WOART,2021,870,2,39,14235.63000000,853080.32000000,14235.63000000,0.01668733
WOART,2022,650,1,7,208987.92000000,83083319.36999999,208987.92000000,0.00251540
WOART,2022,650,1,8,70027.20000000,83083319.36999999,279015.12000000,0.00335826
WOART,2022,650,1,9,207822.10000000,83083319.36999999,486837.22000000,0.00585963
WOART,2022,650,1,10,312666.45000000,83083319.36999999,799503.67000000,0.00962291
WOART,2022,650,1,11,338786.49000000,83083319.36999999,1138290.16000000,0.01370059
WOART,2022,650,1,12,411062.07000000,83083319.36999999,1549352.23000000,0.01864817
WOART,2022,650,1,13,109748.04000000,83083319.36999999,1659100.27000000,0.01996911
WOART,2022,650,1,14,149154.01000000,83083319.36999999,1808254.28000000,0.02176435
WOART,2022,650,1,15,372961.51000000,83083319.36999999,2181215.79000000,0.02625335
WOART,2022,650,1,16,297145.69000000,83083319.36999999,2478361.48000000,0.02982983
WOART,2022,650,1,17,125180.89000000,83083319.36999999,2603542.37000000,0.03133652
WOART,2022,650,1,18,223548.40000000,83083319.36999999,2827090.77000000,0.03402718
WOART,2022,650,1,19,553198.26000000,83083319.36999999,3380289.03000000,0.04068553
WOART,2022,650,1,20,219468.28000000,83083319.36999999,3599757.31000000,0.04332708
WOART,2022,650,1,21,273464.37000000,83083319.36999999,3873221.68000000,0.04661852
WOART,2022,650,1,22,371547.91000000,83083319.36999999,4244769.59000000,0.05109052
WOART,2022,650,1,23,107997.74000000,83083319.36999999,4352767.33000000,0.05239039
WOART,2022,650,1,24,253764.35000000,83083319.36999999,4606531.68000000,0.05544472
WOART,2022,650,1,25,229154.92000000,83083319.36999999,4835686.60000000,0.05820286
WOART,2022,650,1,26,59204.52000000,83083319.36999999,4894891.12000000,0.05891545
WOART,2022,650,1,27,128446.34000000,83083319.36999999,5023337.46000000,0.06046144
WOART,2022,650,1,28,301447.77000000,83083319.36999999,5324785.23000000,0.06408970
WOART,2022,650,1,29,144744.26000000,83083319.36999999,5469529.49000000,0.06583186
WOART,2022,650,1,30,132663.00000000,83083319.36999999,5602192.49000000,0.06742861
WOART,2022,650,1,31,85365.87000000,83083319.36999999,5687558.36000000,0.06845608
WOART,2022,650,1,32,130621.21000000,83083319.36999999,5818179.57000000,0.07002825
WOART,2022,650,1,33,142697.21000000,83083319.36999999,5960876.78000000,0.07174577
WOART,2022,650,1,34,134814.41000000,83083319.36999999,6095691.19000000,0.07336841
WOART,2022,650,1,35,139832.45000000,83083319.36999999,6235523.64000000,0.07505145
WOART,2022,650,1,36,171300.75000000,83083319.36999999,6406824.39000000,0.07711325
WOART,2022,650,1,37,42498.62000000,83083319.36999999,6449323.01000000,0.07762476
WOART,2022,650,1,38,82106.98000000,83083319.36999999,6531429.99000000,0.07861301
WOART,2022,650,1,39,134593.28000000,83083319.36999999,6666023.27000000,0.08023299
WOART,2022,650,1,40,264015.24000000,83083319.36999999,6930038.51000000,0.08341071
WOART,2022,650,1,41,190025.67000000,83083319.36999999,7120064.18000000,0.08569788
WOART,2022,650,1,42,87144.36000000,83083319.36999999,7207208.54000000,0.08674676
WOART,2022,650,1,43,126628.69000000,83083319.36999999,7333837.23000000,0.08827087
WOART,2022,650,1,44,30067.37000000,83083319.36999999,7363904.60000000,0.08863277
WOART,2022,650,1,45,68856.63000000,83083319.36999999,7432761.23000000,0.08946153
WOART,2022,650,1,46,75323.86000000,83083319.36999999,7508085.09000000,0.09036814
WOART,2022,650,1,47,18345.51000000,83083319.36999999,7526430.60000000,0.09058895
WOART,2022,650,1,48,16710.97000000,83083319.36999999,7543141.57000000,0.09079008
WOART,2022,650,1,49,13205.39000000,83083319.36999999,7556346.96000000,0.09094903
WOART,2022,650,1,50,20059.95000000,83083319.36999999,7576406.91000000,0.09119047
WOART,2022,650,1,52,28593.70000000,83083319.36999999,7605000.61000000,0.09153463
WOART,2022,650,2,4,24894.82000000,3982825.23000000,24894.82000000,0.00625054
WOART,2022,650,2,8,27169.10000000,3982825.23000000,52063.92000000,0.01307211
WOART,2022,650,2,9,32707.46000000,3982825.23000000,84771.38000000,0.02128423
WOART,2022,650,2,12,36409.81000000,3982825.23000000,121181.19000000,0.03042594
WOART,2022,650,2,14,39185.00000000,3982825.23000000,160366.19000000,0.04026443
WOART,2022,650,2,15,27984.25000000,3982825.23000000,188350.44000000,0.04729066
WOART,2022,650,2,16,15445.69000000,3982825.23000000,203796.13000000,0.05116874
WOART,2022,650,2,18,18729.67000000,3982825.23000000,222525.80000000,0.05587134
WOART,2022,650,2,19,21550.77000000,3982825.23000000,244076.57000000,0.06128227
WOART,2022,650,2,22,22802.37000000,3982825.23000000,266878.94000000,0.06700744
WOART,2022,650,2,23,23258.61000000,3982825.23000000,290137.55000000,0.07284717
WOART,2022,650,2,24,25992.90000000,3982825.23000000,316130.45000000,0.07937342
WOART,2022,650,2,26,28863.53000000,3982825.23000000,344993.98000000,0.08662042
WOART,2022,650,2,27,25765.38000000,3982825.23000000,370759.36000000,0.09308954
WOART,2022,650,2,28,23213.92000000,3982825.23000000,393973.28000000,0.09891804
WOART,2022,650,2,29,30660.60000000,3982825.23000000,424633.88000000,0.10661625
WOART,2022,650,2,30,31582.32000000,3982825.23000000,456216.20000000,0.11454587
WOART,2022,650,2,32,25445.23000000,3982825.23000000,481661.43000000,0.12093461
WOART,2022,650,2,34,51405.41000000,3982825.23000000,533066.84000000,0.13384138
WOART,2022,650,2,35,22751.93000000,3982825.23000000,555818.77000000,0.13955389
WOART,2022,650,2,40,27793.00000000,3982825.23000000,583611.77000000,0.14653211
WOART,2022,650,2,41,20474.89000000,3982825.23000000,604086.66000000,0.15167290
WOART,2022,660,1,6,53155.83000000,115616162.27000010,53155.83000000,0.00045976
WOART,2022,660,1,7,105078.72000000,115616162.27000010,158234.55000000,0.00136862
WOART,2022,660,1,8,414986.66000000,115616162.27000010,573221.21000000,0.00495797
WOART,2022,660,1,9,234058.10000000,115616162.27000010,807279.31000000,0.00698241
WOART,2022,660,1,10,148432.69000000,115616162.27000010,955712.00000000,0.00826625
WOART,2022,660,1,11,169722.11000000,115616162.27000010,1125434.11000000,0.00973423
WOART,2022,660,1,12,218385.93000000,115616162.27000010,1343820.04000000,0.01162312
WOART,2022,660,1,13,347744.76000000,115616162.27000010,1691564.80000000,0.01463087
WOART,2022,660,1,14,250532.21000000,115616162.27000010,1942097.01000000,0.01679780
WOART,2022,660,1,15,301387.72000000,115616162.27000010,2243484.73000000,0.01940459
WOART,2022,660,1,16,369399.97000000,115616162.27000010,2612884.70000000,0.02259965
WOART,2022,660,1,17,394234.88000000,115616162.27000010,3007119.58000000,0.02600951
WOART,2022,660,1,18,420861.12000000,115616162.27000010,3427980.70000000,0.02964967
WOART,2022,660,1,19,308772.92000000,115616162.27000010,3736753.62000000,0.03232034
WOART,2022,660,1,20,163182.36000000,115616162.27000010,3899935.98000000,0.03373175
WOART,2022,660,1,21,239165.50000000,115616162.27000010,4139101.48000000,0.03580037
WOART,2022,660,1,22,253940.06000000,115616162.27000010,4393041.54000000,0.03799678
WOART,2022,660,1,23,110659.97000000,115616162.27000010,4503701.51000000,0.03895391
WOART,2022,660,1,24,477269.90000000,115616162.27000010,4980971.41000000,0.04308196
WOART,2022,660,1,25,237726.60000000,115616162.27000010,5218698.01000000,0.04513814
WOART,2022,660,1,26,219047.65000000,115616162.27000010,5437745.66000000,0.04703275
WOART,2022,660,1,27,373341.79000000,115616162.27000010,5811087.45000000,0.05026190
WOART,2022,660,1,28,334430.65000000,115616162.27000010,6145518.10000000,0.05315449
WOART,2022,660,1,29,493130.11000000,115616162.27000010,6638648.21000000,0.05741972
WOART,2022,660,1,30,387366.36000000,115616162.27000010,7026014.57000000,0.06077018
WOART,2022,660,1,31,325086.44000000,115616162.27000010,7351101.01000000,0.06358195
WOART,2022,660,1,32,262587.13000000,115616162.27000010,7613688.14000000,0.06585315
WOART,2022,660,1,33,202693.00000000,115616162.27000010,7816381.14000000,0.06760630
WOART,2022,660,1,34,269165.56000000,115616162.27000010,8085546.70000000,0.06993440
WOART,2022,660,1,35,191062.60000000,115616162.27000010,8276609.30000000,0.07158696
WOART,2022,660,1,36,174195.98000000,115616162.27000010,8450805.28000000,0.07309363
WOART,2022,660,1,37,81590.47000000,115616162.27000010,8532395.75000000,0.07379933
WOART,2022,660,1,38,210126.66000000,115616162.27000010,8742522.41000000,0.07561678
WOART,2022,660,1,39,159746.05000000,115616162.27000010,8902268.46000000,0.07699848
WOART,2022,660,1,40,88767.21000000,115616162.27000010,8991035.67000000,0.07776625
WOART,2022,660,1,41,137575.99000000,115616162.27000010,9128611.66000000,0.07895619
WOART,2022,660,1,42,79623.59000000,115616162.27000010,9208235.25000000,0.07964488
WOART,2022,660,1,43,66766.18000000,115616162.27000010,9275001.43000000,0.08022236
WOART,2022,660,1,44,58526.44000000,115616162.27000010,9333527.87000000,0.08072857
WOART,2022,660,1,45,157517.42000000,115616162.27000010,9491045.29000000,0.08209099
WOART,2022,660,1,46,29641.52000000,115616162.27000010,9520686.81000000,0.08234737
WOART,2022,660,1,47,54867.07000000,115616162.27000010,9575553.88000000,0.08282193
WOART,2022,660,1,48,15090.82000000,115616162.27000010,9590644.70000000,0.08295246
WOART,2022,660,1,50,83697.04000000,115616162.27000010,9674341.74000000,0.08367638
WOART,2022,660,1,51,3298.04000000,115616162.27000010,9677639.78000000,0.08370490
WOART,2022,660,1,52,16256.81000000,115616162.27000010,9693896.59000000,0.08384551
WOART,2022,660,2,4,42101.79000000,5757094.19000000,42101.79000000,0.00731303
WOART,2022,660,2,5,36342.26000000,5757094.19000000,78444.05000000,0.01362563
WOART,2022,660,2,7,41949.92000000,5757094.19000000,120393.97000000,0.02091228
WOART,2022,660,2,8,37645.41000000,5757094.19000000,158039.38000000,0.02745124
WOART,2022,660,2,9,37014.49000000,5757094.19000000,195053.87000000,0.03388061
WOART,2022,660,2,10,28773.58000000,5757094.19000000,223827.45000000,0.03887855
WOART,2022,660,2,12,2474.13000000,5757094.19000000,226301.58000000,0.03930830
WOART,2022,660,2,13,85874.31000000,5757094.19000000,312175.89000000,0.05422456
WOART,2022,660,2,14,30773.82000000,5757094.19000000,342949.71000000,0.05956993
WOART,2022,660,2,15,46542.33000000,5757094.19000000,389492.04000000,0.06765428
WOART,2022,660,2,16,26222.62000000,5757094.19000000,415714.66000000,0.07220911
WOART,2022,660,2,17,115956.38000000,5757094.19000000,531671.04000000,0.09235059
WOART,2022,660,2,18,23725.75000000,5757094.19000000,555396.79000000,0.09647172
WOART,2022,660,2,19,48141.67000000,5757094.19000000,603538.46000000,0.10483387
WOART,2022,660,2,20,34679.31000000,5757094.19000000,638217.77000000,0.11085762
WOART,2022,660,2,21,34810.78000000,5757094.19000000,673028.55000000,0.11690421
WOART,2022,660,2,22,47053.58000000,5757094.19000000,720082.13000000,0.12507736
WOART,2022,660,2,24,76324.79000000,5757094.19000000,796406.92000000,0.13833488
WOART,2022,660,2,25,919.98000000,5757094.19000000,797326.90000000,0.13849468
WOART,2022,660,2,27,82043.78000000,5757094.19000000,879370.68000000,0.15274558
WOART,2022,660,2,28,27311.65000000,5757094.19000000,906682.33000000,0.15748958
WOART,2022,660,2,29,59120.71000000,5757094.19000000,965803.04000000,0.16775877
WOART,2022,660,2,30,47624.74000000,5757094.19000000,1013427.78000000,0.17603113
WOART,2022,660,2,31,81289.58000000,5757094.19000000,1094717.36000000,0.19015102
WOART,2022,660,2,33,56844.29000000,5757094.19000000,1151561.65000000,0.20002481
WOART,2022,660,2,36,25458.02000000,5757094.19000000,1177019.67000000,0.20444683
WOART,2022,660,2,37,26720.14000000,5757094.19000000,1203739.81000000,0.20908809
WOART,2022,660,2,40,20784.24000000,5757094.19000000,1224524.05000000,0.21269828
WOART,2022,660,2,47,15050.68000000,5757094.19000000,1239574.73000000,0.21531257
WOART,2022,670,1,6,28711.98000000,130046599.00999977,28711.98000000,0.00022078
WOART,2022,670,1,7,150656.89000000,130046599.00999977,179368.87000000,0.00137927
WOART,2022,670,1,8,75915.53000000,130046599.00999977,255284.40000000,0.00196302
WOART,2022,670,1,9,395266.52000000,130046599.00999977,650550.92000000,0.00500244
WOART,2022,670,1,10,80431.21000000,130046599.00999977,730982.13000000,0.00562092
WOART,2022,670,1,11,418417.32000000,130046599.00999977,1149399.45000000,0.00883837
WOART,2022,670,1,12,415397.33000000,130046599.00999977,1564796.78000000,0.01203259
WOART,2022,670,1,13,196295.71000000,130046599.00999977,1761092.49000000,0.01354201
WOART,2022,670,1,14,187901.88000000,130046599.00999977,1948994.37000000,0.01498689
WOART,2022,670,1,15,195090.13000000,130046599.00999977,2144084.50000000,0.01648705
WOART,2022,670,1,16,229542.15000000,130046599.00999977,2373626.65000000,0.01825212
WOART,2022,670,1,17,186437.06000000,130046599.00999977,2560063.71000000,0.01968574
WOART,2022,670,1,18,220748.40000000,130046599.00999977,2780812.11000000,0.02138320
WOART,2022,670,1,19,369802.39000000,130046599.00999977,3150614.50000000,0.02422681
WOART,2022,670,1,20,256120.52000000,130046599.00999977,3406735.02000000,0.02619626
WOART,2022,670,1,21,303181.12000000,130046599.00999977,3709916.14000000,0.02852759
WOART,2022,670,1,22,138118.18000000,130046599.00999977,3848034.32000000,0.02958966
WOART,2022,670,1,23,259716.09000000,130046599.00999977,4107750.41000000,0.03158676
WOART,2022,670,1,24,258766.91000000,130046599.00999977,4366517.32000000,0.03357656
WOART,2022,670,1,25,151895.92000000,130046599.00999977,4518413.24000000,0.03474457
WOART,2022,670,1,26,228132.27000000,130046599.00999977,4746545.51000000,0.03649881
WOART,2022,670,1,27,195069.60000000,130046599.00999977,4941615.11000000,0.03799880
WOART,2022,670,1,28,312996.76000000,130046599.00999977,5254611.87000000,0.04040561
WOART,2022,670,1,29,143558.53000000,130046599.00999977,5398170.40000000,0.04150951
WOART,2022,670,1,30,227954.37000000,130046599.00999977,5626124.77000000,0.04326238
WOART,2022,670,1,31,252983.07000000,130046599.00999977,5879107.84000000,0.04520770
WOART,2022,670,1,32,143422.43000000,130046599.00999977,6022530.27000000,0.04631056
WOART,2022,670,1,33,143492.66000000,130046599.00999977,6166022.93000000,0.04741395
WOART,2022,670,1,34,163786.08000000,130046599.00999977,6329809.01000000,0.04867339
WOART,2022,670,1,35,133245.86000000,130046599.00999977,6463054.87000000,0.04969799
WOART,2022,670,1,36,164817.97000000,130046599.00999977,6627872.84000000,0.05096537
WOART,2022,670,1,37,245655.63000000,130046599.00999977,6873528.47000000,0.05285435
WOART,2022,670,1,38,120016.10000000,130046599.00999977,6993544.57000000,0.05377722
WOART,2022,670,1,39,139663.36000000,130046599.00999977,7133207.93000000,0.05485117
WOART,2022,670,1,40,125485.58000000,130046599.00999977,7258693.51000000,0.05581610
WOART,2022,670,1,41,135511.80000000,130046599.00999977,7394205.31000000,0.05685812
WOART,2022,670,1,42,149727.23000000,130046599.00999977,7543932.54000000,0.05800946
WOART,2022,670,1,43,27976.72000000,130046599.00999977,7571909.26000000,0.05822459
WOART,2022,670,1,44,75459.50000000,130046599.00999977,7647368.76000000,0.05880483
WOART,2022,670,1,45,42397.92000000,130046599.00999977,7689766.68000000,0.05913086
WOART,2022,670,1,46,40937.73000000,130046599.00999977,7730704.41000000,0.05944565
WOART,2022,670,1,48,24195.26000000,130046599.00999977,7754899.67000000,0.05963170
WOART,2022,670,1,49,16114.10000000,130046599.00999977,7771013.77000000,0.05975561
WOART,2022,670,1,50,18424.98000000,130046599.00999977,7789438.75000000,0.05989729
WOART,2022,670,1,51,26315.39000000,130046599.00999977,7815754.14000000,0.06009964
WOART,2022,670,2,5,56290.10000000,6152968.80000000,56290.10000000,0.00914845
WOART,2022,670,2,9,70633.33000000,6152968.80000000,126923.43000000,0.02062800
WOART,2022,670,2,10,138428.32000000,6152968.80000000,265351.75000000,0.04312581
WOART,2022,670,2,12,78948.89000000,6152968.80000000,344300.64000000,0.05595683
WOART,2022,670,2,13,24376.47000000,6152968.80000000,368677.11000000,0.05991857
WOART,2022,670,2,15,72101.79000000,6152968.80000000,440778.90000000,0.07163678
WOART,2022,670,2,16,51599.18000000,6152968.80000000,492378.08000000,0.08002285
WOART,2022,670,2,17,24484.10000000,6152968.80000000,516862.18000000,0.08400208
WOART,2022,670,2,19,65513.63000000,6152968.80000000,582375.81000000,0.09464956
WOART,2022,670,2,22,432.04000000,6152968.80000000,582807.85000000,0.09471978
WOART,2022,670,2,23,32627.52000000,6152968.80000000,615435.37000000,0.10002251
WOART,2022,670,2,24,58580.88000000,6152968.80000000,674016.25000000,0.10954326
WOART,2022,670,2,27,68488.83000000,6152968.80000000,742505.08000000,0.12067428
WOART,2022,670,2,32,30261.10000000,6152968.80000000,772766.18000000,0.12559241
WOART,2022,670,2,33,38787.97000000,6152968.80000000,811554.15000000,0.13189635
WOART,2022,670,2,38,27124.90000000,6152968.80000000,838679.05000000,0.13630478
WOART,2022,670,2,43,16679.51000000,6152968.80000000,855358.56000000,0.13901559
WOART,2022,670,2,45,19864.49000000,6152968.80000000,875223.05000000,0.14224403
WOART,2022,670,2,48,37050.27000000,6152968.80000000,912273.32000000,0.14826555
WOART,2022,670,2,49,14673.25000000,6152968.80000000,926946.57000000,0.15065030
WOART,2022,680,1,6,82741.00000000,136448229.20000029,82741.00000000,0.00060639
WOART,2022,680,1,7,219826.38000000,136448229.20000029,302567.38000000,0.00221745
WOART,2022,680,1,9,202345.86000000,136448229.20000029,504913.24000000,0.00370040
WOART,2022,680,1,10,202065.19000000,136448229.20000029,706978.43000000,0.00518129
WOART,2022,680,1,11,120000.29000000,136448229.20000029,826978.72000000,0.00606075
WOART,2022,680,1,12,147712.50000000,136448229.20000029,974691.22000000,0.00714330
WOART,2022,680,1,13,269396.13000000,136448229.20000029,1244087.35000000,0.00911765
WOART,2022,680,1,14,289504.56000000,136448229.20000029,1533591.91000000,0.01123937
WOART,2022,680,1,15,256576.44000000,136448229.20000029,1790168.35000000,0.01311976
WOART,2022,680,1,16,370179.35000000,136448229.20000029,2160347.70000000,0.01583273
WOART,2022,680,1,17,451523.60000000,136448229.20000029,2611871.30000000,0.01914185
WOART,2022,680,1,18,244242.48000000,136448229.20000029,2856113.78000000,0.02093185
WOART,2022,680,1,19,155986.09000000,136448229.20000029,3012099.87000000,0.02207504
WOART,2022,680,1,20,278952.43000000,136448229.20000029,3291052.30000000,0.02411942
WOART,2022,680,1,21,87975.79000000,136448229.20000029,3379028.09000000,0.02476418
WOART,2022,680,1,22,262406.30000000,136448229.20000029,3641434.39000000,0.02668730
WOART,2022,680,1,23,28020.01000000,136448229.20000029,3669454.40000000,0.02689265
WOART,2022,680,1,24,224742.26000000,136448229.20000029,3894196.66000000,0.02853974
WOART,2022,680,1,25,145445.85000000,136448229.20000029,4039642.51000000,0.02960568
WOART,2022,680,1,26,285623.88000000,136448229.20000029,4325266.39000000,0.03169896
WOART,2022,680,1,27,331953.42000000,136448229.20000029,4657219.81000000,0.03413177
WOART,2022,680,1,28,225852.64000000,136448229.20000029,4883072.45000000,0.03578700
WOART,2022,680,1,29,149306.15000000,136448229.20000029,5032378.60000000,0.03688123
WOART,2022,680,1,30,181456.76000000,136448229.20000029,5213835.36000000,0.03821109
WOART,2022,680,1,31,378052.41000000,136448229.20000029,5591887.77000000,0.04098175
WOART,2022,680,1,32,130707.10000000,136448229.20000029,5722594.87000000,0.04193968
WOART,2022,680,1,33,109976.01000000,136448229.20000029,5832570.88000000,0.04274567
WOART,2022,680,1,34,105761.37000000,136448229.20000029,5938332.25000000,0.04352077
WOART,2022,680,1,35,210816.07000000,136448229.20000029,6149148.32000000,0.04506580
WOART,2022,680,1,36,155488.52000000,136448229.20000029,6304636.84000000,0.04620534
WOART,2022,680,1,37,94456.80000000,136448229.20000029,6399093.64000000,0.04689759
WOART,2022,680,1,38,252169.69000000,136448229.20000029,6651263.33000000,0.04874569
WOART,2022,680,1,39,83893.17000000,136448229.20000029,6735156.50000000,0.04936053
WOART,2022,680,1,40,145339.69000000,136448229.20000029,6880496.19000000,0.05042569
WOART,2022,680,1,41,49746.16000000,136448229.20000029,6930242.35000000,0.05079027
WOART,2022,680,1,42,101547.14000000,136448229.20000029,7031789.49000000,0.05153449
WOART,2022,680,1,43,28963.86000000,136448229.20000029,7060753.35000000,0.05174676
WOART,2022,680,1,44,30512.78000000,136448229.20000029,7091266.13000000,0.05197038
WOART,2022,680,1,45,19953.20000000,136448229.20000029,7111219.33000000,0.05211661
WOART,2022,680,1,46,43718.62000000,136448229.20000029,7154937.95000000,0.05243702
WOART,2022,680,1,47,23027.66000000,136448229.20000029,7177965.61000000,0.05260578
WOART,2022,680,1,49,48352.46000000,136448229.20000029,7226318.07000000,0.05296015
WOART,2022,680,1,50,44238.68000000,136448229.20000029,7270556.75000000,0.05328436
WOART,2022,680,1,51,27611.00000000,136448229.20000029,7298167.75000000,0.05348672
WOART,2022,680,1,52,798.77000000,136448229.20000029,7298966.52000000,0.05349257
WOART,2022,680,2,6,38547.06000000,9262107.62000000,38547.06000000,0.00416180
WOART,2022,680,2,9,32784.38000000,9262107.62000000,71331.44000000,0.00770143
WOART,2022,680,2,10,62201.52000000,9262107.62000000,133532.96000000,0.01441712
WOART,2022,680,2,14,34281.85000000,9262107.62000000,167814.81000000,0.01811843
WOART,2022,680,2,17,57053.94000000,9262107.62000000,224868.75000000,0.02427836
WOART,2022,680,2,18,39368.25000000,9262107.62000000,264237.00000000,0.02852882
WOART,2022,680,2,19,31478.47000000,9262107.62000000,295715.47000000,0.03192745
WOART,2022,680,2,21,79750.23000000,9262107.62000000,375465.70000000,0.04053783
WOART,2022,680,2,22,28167.49000000,9262107.62000000,403633.19000000,0.04357898
WOART,2022,680,2,24,45502.32000000,9262107.62000000,449135.51000000,0.04849172
WOART,2022,680,2,25,47393.02000000,9262107.62000000,496528.53000000,0.05360859
WOART,2022,680,2,26,23434.45000000,9262107.62000000,519962.98000000,0.05613873
WOART,2022,680,2,27,4674.37000000,9262107.62000000,524637.35000000,0.05664341
WOART,2022,680,2,28,80927.41000000,9262107.62000000,605564.76000000,0.06538088
WOART,2022,680,2,29,22091.01000000,9262107.62000000,627655.77000000,0.06776598
WOART,2022,680,2,30,97788.74000000,9262107.62000000,725444.51000000,0.07832391
WOART,2022,680,2,31,43236.67000000,9262107.62000000,768681.18000000,0.08299204
WOART,2022,680,2,32,60909.06000000,9262107.62000000,829590.24000000,0.08956819
WOART,2022,680,2,33,29766.63000000,9262107.62000000,859356.87000000,0.09278200
WOART,2022,680,2,34,17109.21000000,9262107.62000000,876466.08000000,0.09462923
WOART,2022,680,2,35,20269.20000000,9262107.62000000,896735.28000000,0.09681763
WOART,2022,680,2,36,52623.53000000,9262107.62000000,949358.81000000,0.10249922
WOART,2022,680,2,37,2586.42000000,9262107.62000000,951945.23000000,0.10277847
WOART,2022,680,2,39,57387.96000000,9262107.62000000,1009333.19000000,0.10897446
WOART,2022,680,2,40,38455.32000000,9262107.62000000,1047788.51000000,0.11312636
WOART,2022,680,2,41,28551.90000000,9262107.62000000,1076340.41000000,0.11620902
WOART,2022,680,2,42,34094.22000000,9262107.62000000,1110434.63000000,0.11989006
WOART,2022,680,2,44,35092.76000000,9262107.62000000,1145527.39000000,0.12367891
WOART,2022,690,1,4,35133.78000000,145919689.44000015,35133.78000000,0.00024077
WOART,2022,690,1,5,77956.57000000,145919689.44000015,113090.35000000,0.00077502
WOART,2022,690,1,7,115480.37000000,145919689.44000015,228570.72000000,0.00156641
WOART,2022,690,1,8,73965.28000000,145919689.44000015,302536.00000000,0.00207330
WOART,2022,690,1,9,207148.16000000,145919689.44000015,509684.16000000,0.00349291
WOART,2022,690,1,10,71123.98000000,145919689.44000015,580808.14000000,0.00398033
WOART,2022,690,1,11,80122.87000000,145919689.44000015,660931.01000000,0.00452942
WOART,2022,690,1,12,302098.34000000,145919689.44000015,963029.35000000,0.00659972
WOART,2022,690,1,13,311444.26000000,145919689.44000015,1274473.61000000,0.00873408
WOART,2022,690,1,14,189753.41000000,145919689.44000015,1464227.02000000,0.01003447
WOART,2022,690,1,15,312104.75000000,145919689.44000015,1776331.77000000,0.01217335
WOART,2022,690,1,16,83747.85000000,145919689.44000015,1860079.62000000,0.01274728
WOART,2022,690,1,17,180190.47000000,145919689.44000015,2040270.09000000,0.01398214
WOART,2022,690,1,18,162965.44000000,145919689.44000015,2203235.53000000,0.01509896
WOART,2022,690,1,19,198094.47000000,145919689.44000015,2401330.00000000,0.01645652
WOART,2022,690,1,20,400778.95000000,145919689.44000015,2802108.95000000,0.01920309
WOART,2022,690,1,21,178059.06000000,145919689.44000015,2980168.01000000,0.02042334
WOART,2022,690,1,22,267940.52000000,145919689.44000015,3248108.53000000,0.02225956
WOART,2022,690,1,23,260189.40000000,145919689.44000015,3508297.93000000,0.02404266
WOART,2022,690,1,24,258629.07000000,145919689.44000015,3766927.00000000,0.02581507
WOART,2022,690,1,25,194337.51000000,145919689.44000015,3961264.51000000,0.02714688
WOART,2022,690,1,26,73562.24000000,145919689.44000015,4034826.75000000,0.02765101
WOART,2022,690,1,27,239632.95000000,145919689.44000015,4274459.70000000,0.02929323
WOART,2022,690,1,28,205832.81000000,145919689.44000015,4480292.51000000,0.03070382
WOART,2022,690,1,29,62888.15000000,145919689.44000015,4543180.66000000,0.03113480
WOART,2022,690,1,30,84164.97000000,145919689.44000015,4627345.63000000,0.03171159
WOART,2022,690,1,31,88146.63000000,145919689.44000015,4715492.26000000,0.03231567
WOART,2022,690,1,32,180719.84000000,145919689.44000015,4896212.10000000,0.03355416
WOART,2022,690,1,33,193838.08000000,145919689.44000015,5090050.18000000,0.03488255
WOART,2022,690,1,34,206516.90000000,145919689.44000015,5296567.08000000,0.03629782
WOART,2022,690,1,35,129745.92000000,145919689.44000015,5426313.00000000,0.03718698
WOART,2022,690,1,36,112902.97000000,145919689.44000015,5539215.97000000,0.03796072
WOART,2022,690,1,37,111003.99000000,145919689.44000015,5650219.96000000,0.03872144
WOART,2022,690,1,38,132550.08000000,145919689.44000015,5782770.04000000,0.03962981
WOART,2022,690,1,39,191286.29000000,145919689.44000015,5974056.33000000,0.04094071
WOART,2022,690,1,40,152048.06000000,145919689.44000015,6126104.39000000,0.04198271
WOART,2022,690,1,41,173286.78000000,145919689.44000015,6299391.17000000,0.04317026
WOART,2022,690,1,42,68471.09000000,145919689.44000015,6367862.26000000,0.04363950
WOART,2022,690,1,43,107283.32000000,145919689.44000015,6475145.58000000,0.04437472
WOART,2022,690,1,44,46797.78000000,145919689.44000015,6521943.36000000,0.04469543
WOART,2022,690,1,46,21977.91000000,145919689.44000015,6543921.27000000,0.04484605
WOART,2022,690,1,47,55895.09000000,145919689.44000015,6599816.36000000,0.04522910
WOART,2022,690,1,49,33785.25000000,145919689.44000015,6633601.61000000,0.04546063
WOART,2022,690,2,7,35329.15000000,8116807.57000000,35329.15000000,0.00435259
WOART,2022,690,2,8,33196.92000000,8116807.57000000,68526.07000000,0.00844249
WOART,2022,690,2,10,78967.18000000,8116807.57000000,147493.25000000,0.01817134
WOART,2022,690,2,12,39046.36000000,8116807.57000000,186539.61000000,0.02298189
WOART,2022,690,2,16,112346.10000000,8116807.57000000,298885.71000000,0.03682306
WOART,2022,690,2,17,113025.38000000,8116807.57000000,411911.09000000,0.05074792
WOART,2022,690,2,18,51607.10000000,8116807.57000000,463518.19000000,0.05710597
WOART,2022,690,2,19,44865.89000000,8116807.57000000,508384.08000000,0.06263350
WOART,2022,690,2,20,11499.33000000,8116807.57000000,519883.41000000,0.06405023
WOART,2022,690,2,21,27070.42000000,8116807.57000000,546953.83000000,0.06738534
WOART,2022,690,2,22,23654.79000000,8116807.57000000,570608.62000000,0.07029964
WOART,2022,690,2,23,23869.73000000,8116807.57000000,594478.35000000,0.07324041
WOART,2022,690,2,24,47682.66000000,8116807.57000000,642161.01000000,0.07911497
WOART,2022,690,2,25,49530.46000000,8116807.57000000,691691.47000000,0.08521718
WOART,2022,690,2,26,58256.07000000,8116807.57000000,749947.54000000,0.09239440
WOART,2022,690,2,27,2802.05000000,8116807.57000000,752749.59000000,0.09273961
WOART,2022,690,2,28,27072.66000000,8116807.57000000,779822.25000000,0.09607500
WOART,2022,690,2,29,56331.58000000,8116807.57000000,836153.83000000,0.10301511
WOART,2022,690,2,33,33592.34000000,8116807.57000000,869746.17000000,0.10715373
WOART,2022,690,2,35,52382.52000000,8116807.57000000,922128.69000000,0.11360731
WOART,2022,690,2,36,7323.74000000,8116807.57000000,929452.43000000,0.11450961
WOART,2022,690,2,38,22595.13000000,8116807.57000000,952047.56000000,0.11729335
WOART,2022,690,2,39,21648.00000000,8116807.57000000,973695.56000000,0.11996041
WOART,2022,690,2,43,3346.61000000,8116807.57000000,977042.17000000,0.12037272
WOART,2022,690,2,44,7151.64000000,8116807.57000000,984193.81000000,0.12125381
WOART,2022,690,2,46,20229.53000000,8116807.57000000,1004423.34000000,0.12374611
WOART,2022,690,2,47,22211.96000000,8116807.57000000,1026635.30000000,0.12648265
WOART,2022,690,2,49,33218.47000000,8116807.57000000,1059853.77000000,0.13057520
WOART,2022,700,1,7,48280.94000000,154955313.78000006,48280.94000000,0.00031158
WOART,2022,700,1,9,119804.36000000,154955313.78000006,168085.30000000,0.00108473
WOART,2022,700,1,10,190196.24000000,154955313.78000006,358281.54000000,0.00231216
WOART,2022,700,1,11,87131.08000000,154955313.78000006,445412.62000000,0.00287446
WOART,2022,700,1,12,99796.78000000,154955313.78000006,545209.40000000,0.00351849
WOART,2022,700,1,13,119944.03000000,154955313.78000006,665153.43000000,0.00429255
WOART,2022,700,1,14,149253.63000000,154955313.78000006,814407.06000000,0.00525575
WOART,2022,700,1,15,158134.41000000,154955313.78000006,972541.47000000,0.00627627
WOART,2022,700,1,16,85221.45000000,154955313.78000006,1057762.92000000,0.00682624
WOART,2022,700,1,17,347989.73000000,154955313.78000006,1405752.65000000,0.00907199
WOART,2022,700,1,18,107385.97000000,154955313.78000006,1513138.62000000,0.00976500
WOART,2022,700,1,19,250823.21000000,154955313.78000006,1763961.83000000,0.01138368
WOART,2022,700,1,20,224664.69000000,154955313.78000006,1988626.52000000,0.01283355
WOART,2022,700,1,21,141781.95000000,154955313.78000006,2130408.47000000,0.01374853
WOART,2022,700,1,22,123693.52000000,154955313.78000006,2254101.99000000,0.01454679
WOART,2022,700,1,23,331546.18000000,154955313.78000006,2585648.17000000,0.01668641
WOART,2022,700,1,24,48630.31000000,154955313.78000006,2634278.48000000,0.01700025
WOART,2022,700,1,25,145757.57000000,154955313.78000006,2780036.05000000,0.01794089
WOART,2022,700,1,26,275301.65000000,154955313.78000006,3055337.70000000,0.01971754
WOART,2022,700,1,27,222263.49000000,154955313.78000006,3277601.19000000,0.02115191
WOART,2022,700,1,28,152893.84000000,154955313.78000006,3430495.03000000,0.02213861
WOART,2022,700,1,29,253110.18000000,154955313.78000006,3683605.21000000,0.02377205
WOART,2022,700,1,30,168996.37000000,154955313.78000006,3852601.58000000,0.02486266
WOART,2022,700,1,31,61436.87000000,154955313.78000006,3914038.45000000,0.02525914
WOART,2022,700,1,32,169920.29000000,154955313.78000006,4083958.74000000,0.02635572
WOART,2022,700,1,33,91565.23000000,154955313.78000006,4175523.97000000,0.02694663
WOART,2022,700,1,34,100663.98000000,154955313.78000006,4276187.95000000,0.02759627
WOART,2022,700,1,35,73073.07000000,154955313.78000006,4349261.02000000,0.02806784
WOART,2022,700,1,36,99806.03000000,154955313.78000006,4449067.05000000,0.02871194
WOART,2022,700,1,37,131447.63000000,154955313.78000006,4580514.68000000,0.02956023
WOART,2022,700,1,38,83847.00000000,154955313.78000006,4664361.68000000,0.03010133
WOART,2022,700,1,39,125600.83000000,154955313.78000006,4789962.51000000,0.03091190
WOART,2022,700,1,40,117625.11000000,154955313.78000006,4907587.62000000,0.03167099
WOART,2022,700,1,41,24393.03000000,154955313.78000006,4931980.65000000,0.03182841
WOART,2022,700,1,42,139522.61000000,154955313.78000006,5071503.26000000,0.03272881
WOART,2022,700,1,43,73507.31000000,154955313.78000006,5145010.57000000,0.03320319
WOART,2022,700,1,44,55153.35000000,154955313.78000006,5200163.92000000,0.03355912
WOART,2022,700,1,45,18003.45000000,154955313.78000006,5218167.37000000,0.03367530
WOART,2022,700,1,46,25483.82000000,154955313.78000006,5243651.19000000,0.03383976
WOART,2022,700,1,47,14159.14000000,154955313.78000006,5257810.33000000,0.03393114
WOART,2022,700,1,48,11247.01000000,154955313.78000006,5269057.34000000,0.03400372
WOART,2022,700,1,49,28083.52000000,154955313.78000006,5297140.86000000,0.03418496
WOART,2022,700,1,50,34498.67000000,154955313.78000006,5331639.53000000,0.03440759
WOART,2022,700,2,7,52006.16000000,10144410.52000000,52006.16000000,0.00512658
WOART,2022,700,2,9,33683.99000000,10144410.52000000,85690.15000000,0.00844703
WOART,2022,700,2,10,18813.39000000,10144410.52000000,104503.54000000,0.01030159
WOART,2022,700,2,11,40612.09000000,10144410.52000000,145115.63000000,0.01430498
WOART,2022,700,2,12,42099.99000000,10144410.52000000,187215.62000000,0.01845505
WOART,2022,700,2,14,27107.11000000,10144410.52000000,214322.73000000,0.02112717
WOART,2022,700,2,15,42537.18000000,10144410.52000000,256859.91000000,0.02532034
WOART,2022,700,2,17,42176.42000000,10144410.52000000,299036.33000000,0.02947794
WOART,2022,700,2,19,92144.09000000,10144410.52000000,391180.42000000,0.03856118
WOART,2022,700,2,20,31380.58000000,10144410.52000000,422561.00000000,0.04165456
WOART,2022,700,2,21,27726.57000000,10144410.52000000,450287.57000000,0.04438775
WOART,2022,700,2,22,27770.87000000,10144410.52000000,478058.44000000,0.04712531
WOART,2022,700,2,23,64022.11000000,10144410.52000000,542080.55000000,0.05343638
WOART,2022,700,2,24,6900.73000000,10144410.52000000,548981.28000000,0.05411663
WOART,2022,700,2,25,56547.65000000,10144410.52000000,605528.93000000,0.05969089
WOART,2022,700,2,28,40302.57000000,10144410.52000000,645831.50000000,0.06366378
WOART,2022,700,2,29,25886.72000000,10144410.52000000,671718.22000000,0.06621560
WOART,2022,700,2,31,1747.03000000,10144410.52000000,673465.25000000,0.06638782
WOART,2022,700,2,36,26784.01000000,10144410.52000000,700249.26000000,0.06902809
WOART,2022,700,2,40,36073.47000000,10144410.52000000,736322.73000000,0.07258408
WOART,2022,700,2,42,18468.93000000,10144410.52000000,754791.66000000,0.07440468
WOART,2022,700,2,43,50033.44000000,10144410.52000000,804825.10000000,0.07933680
WOART,2022,700,2,48,18712.33000000,10144410.52000000,823537.43000000,0.08118140
WOART,2022,700,2,50,17863.32000000,10144410.52000000,841400.75000000,0.08294230
WOART,2022,710,1,6,39683.99000000,141971950.34000015,39683.99000000,0.00027952
WOART,2022,710,1,8,129102.24000000,141971950.34000015,168786.23000000,0.00118887
WOART,2022,710,1,9,77986.22000000,141971950.34000015,246772.45000000,0.00173818
WOART,2022,710,1,10,49442.42000000,141971950.34000015,296214.87000000,0.00208643
WOART,2022,710,1,11,124510.02000000,141971950.34000015,420724.89000000,0.00296344
WOART,2022,710,1,12,108849.86000000,141971950.34000015,529574.75000000,0.00373014
WOART,2022,710,1,13,99749.22000000,141971950.34000015,629323.97000000,0.00443273
WOART,2022,710,1,14,234199.29000000,141971950.34000015,863523.26000000,0.00608235
WOART,2022,710,1,15,70662.84000000,141971950.34000015,934186.10000000,0.00658008
WOART,2022,710,1,16,248068.68000000,141971950.34000015,1182254.78000000,0.00832738
WOART,2022,710,1,17,119245.17000000,141971950.34000015,1301499.95000000,0.00916730
WOART,2022,710,1,18,78539.50000000,141971950.34000015,1380039.45000000,0.00972051
WOART,2022,710,1,19,65293.76000000,141971950.34000015,1445333.21000000,0.01018041
WOART,2022,710,1,20,124499.77000000,141971950.34000015,1569832.98000000,0.01105735
WOART,2022,710,1,21,80352.43000000,141971950.34000015,1650185.41000000,0.01162332
WOART,2022,710,1,22,169143.97000000,141971950.34000015,1819329.38000000,0.01281471
WOART,2022,710,1,23,101886.69000000,141971950.34000015,1921216.07000000,0.01353236
WOART,2022,710,1,24,36532.40000000,141971950.34000015,1957748.47000000,0.01378968
WOART,2022,710,1,25,205463.60000000,141971950.34000015,2163212.07000000,0.01523690
WOART,2022,710,1,26,103097.09000000,141971950.34000015,2266309.16000000,0.01596308
WOART,2022,710,1,27,96698.75000000,141971950.34000015,2363007.91000000,0.01664419
WOART,2022,710,1,28,172273.40000000,141971950.34000015,2535281.31000000,0.01785762
WOART,2022,710,1,29,195566.09000000,141971950.34000015,2730847.40000000,0.01923512
WOART,2022,710,1,30,138879.80000000,141971950.34000015,2869727.20000000,0.02021334
WOART,2022,710,1,31,177147.78000000,141971950.34000015,3046874.98000000,0.02146111
WOART,2022,710,1,32,23150.46000000,141971950.34000015,3070025.44000000,0.02162417
WOART,2022,710,1,33,144474.12000000,141971950.34000015,3214499.56000000,0.02264179
WOART,2022,710,1,34,31214.50000000,141971950.34000015,3245714.06000000,0.02286166
WOART,2022,710,1,35,109499.85000000,141971950.34000015,3355213.91000000,0.02363294
WOART,2022,710,1,36,32234.77000000,141971950.34000015,3387448.68000000,0.02385999
WOART,2022,710,1,37,62286.17000000,141971950.34000015,3449734.85000000,0.02429871
WOART,2022,710,1,38,179445.95000000,141971950.34000015,3629180.80000000,0.02556266
WOART,2022,710,1,39,99041.18000000,141971950.34000015,3728221.98000000,0.02626027
WOART,2022,710,1,40,96551.52000000,141971950.34000015,3824773.50000000,0.02694035
WOART,2022,710,1,41,14202.37000000,141971950.34000015,3838975.87000000,0.02704038
WOART,2022,710,1,42,30420.44000000,141971950.34000015,3869396.31000000,0.02725465
WOART,2022,710,1,43,61740.28000000,141971950.34000015,3931136.59000000,0.02768953
WOART,2022,710,1,44,40321.37000000,141971950.34000015,3971457.96000000,0.02797354
WOART,2022,710,1,46,11571.27000000,141971950.34000015,3983029.23000000,0.02805504
WOART,2022,710,1,48,18588.92000000,141971950.34000015,4001618.15000000,0.02818598
WOART,2022,710,1,50,22563.14000000,141971950.34000015,4024181.29000000,0.02834490
WOART,2022,710,1,51,16336.06000000,141971950.34000015,4040517.35000000,0.02845997
WOART,2022,710,1,52,23758.73000000,141971950.34000015,4064276.08000000,0.02862732
WOART,2022,710,2,9,33629.36000000,8091663.32000000,33629.36000000,0.00415605
WOART,2022,710,2,10,36476.47000000,8091663.32000000,70105.83000000,0.00866396
WOART,2022,710,2,12,94004.91000000,8091663.32000000,164110.74000000,0.02028146
WOART,2022,710,2,14,12670.78000000,8091663.32000000,176781.52000000,0.02184736
WOART,2022,710,2,15,25566.32000000,8091663.32000000,202347.84000000,0.02500695
WOART,2022,710,2,16,65718.71000000,8091663.32000000,268066.55000000,0.03312873
WOART,2022,710,2,18,5226.14000000,8091663.32000000,273292.69000000,0.03377460
WOART,2022,710,2,22,25243.65000000,8091663.32000000,298536.34000000,0.03689431
WOART,2022,710,2,23,69960.77000000,8091663.32000000,368497.11000000,0.04554034
WOART,2022,710,2,24,80246.47000000,8091663.32000000,448743.58000000,0.05545752
WOART,2022,710,2,25,29322.74000000,8091663.32000000,478066.32000000,0.05908134
WOART,2022,710,2,27,26460.57000000,8091663.32000000,504526.89000000,0.06235144
WOART,2022,710,2,29,21448.30000000,8091663.32000000,525975.19000000,0.06500211
WOART,2022,710,2,30,33353.51000000,8091663.32000000,559328.70000000,0.06912407
WOART,2022,710,2,36,5885.35000000,8091663.32000000,565214.05000000,0.06985140
WOART,2022,710,2,38,19693.14000000,8091663.32000000,584907.19000000,0.07228516
WOART,2022,710,2,42,28675.02000000,8091663.32000000,613582.21000000,0.07582893
WOART,2022,710,2,47,18594.65000000,8091663.32000000,632176.86000000,0.07812694
WOART,2022,710,2,48,17280.87000000,8091663.32000000,649457.73000000,0.08026257
WOART,2022,720,1,7,39020.51000000,150104095.40000042,39020.51000000,0.00025996
WOART,2022,720,1,8,76144.99000000,150104095.40000042,115165.50000000,0.00076724
WOART,2022,720,1,9,34061.91000000,150104095.40000042,149227.41000000,0.00099416
WOART,2022,720,1,10,209848.22000000,150104095.40000042,359075.63000000,0.00239218
WOART,2022,720,1,11,69528.43000000,150104095.40000042,428604.06000000,0.00285538
WOART,2022,720,1,12,68995.35000000,150104095.40000042,497599.41000000,0.00331503
WOART,2022,720,1,13,737.66000000,150104095.40000042,498337.07000000,0.00331994
WOART,2022,720,1,14,29004.64000000,150104095.40000042,527341.71000000,0.00351317
WOART,2022,720,1,15,67997.33000000,150104095.40000042,595339.04000000,0.00396617
WOART,2022,720,1,16,35596.16000000,150104095.40000042,630935.20000000,0.00420332
WOART,2022,720,1,18,1790.75000000,150104095.40000042,632725.95000000,0.00421525
WOART,2022,720,1,19,44090.80000000,150104095.40000042,676816.75000000,0.00450898
WOART,2022,720,1,20,140135.45000000,150104095.40000042,816952.20000000,0.00544257
WOART,2022,720,1,21,36559.87000000,150104095.40000042,853512.07000000,0.00568613
WOART,2022,720,1,22,99796.69000000,150104095.40000042,953308.76000000,0.00635098
WOART,2022,720,1,23,44358.79000000,150104095.40000042,997667.55000000,0.00664650
WOART,2022,720,1,24,163008.13000000,150104095.40000042,1160675.68000000,0.00773247
WOART,2022,720,1,25,127144.47000000,150104095.40000042,1287820.15000000,0.00857951
WOART,2022,720,1,26,169495.62000000,150104095.40000042,1457315.77000000,0.00970870
WOART,2022,720,1,27,57646.61000000,150104095.40000042,1514962.38000000,0.01009275
WOART,2022,720,1,28,28035.32000000,150104095.40000042,1542997.70000000,0.01027952
WOART,2022,720,1,29,84696.57000000,150104095.40000042,1627694.27000000,0.01084377
WOART,2022,720,1,30,107739.18000000,150104095.40000042,1735433.45000000,0.01156153
WOART,2022,720,1,31,71144.03000000,150104095.40000042,1806577.48000000,0.01203550
WOART,2022,720,1,32,95139.62000000,150104095.40000042,1901717.10000000,0.01266932
WOART,2022,720,1,33,104045.16000000,150104095.40000042,2005762.26000000,0.01336248
WOART,2022,720,1,34,111971.65000000,150104095.40000042,2117733.91000000,0.01410844
WOART,2022,720,1,35,34136.16000000,150104095.40000042,2151870.07000000,0.01433585
WOART,2022,720,1,36,40728.09000000,150104095.40000042,2192598.16000000,0.01460718
WOART,2022,720,1,37,42105.39000000,150104095.40000042,2234703.55000000,0.01488769
WOART,2022,720,1,38,58392.27000000,150104095.40000042,2293095.82000000,0.01527670
WOART,2022,720,1,39,14260.61000000,150104095.40000042,2307356.43000000,0.01537171
WOART,2022,720,1,42,51582.05000000,150104095.40000042,2358938.48000000,0.01571535
WOART,2022,720,1,44,20111.50000000,150104095.40000042,2379049.98000000,0.01584933
WOART,2022,720,1,46,18018.83000000,150104095.40000042,2397068.81000000,0.01596938
WOART,2022,720,1,47,21367.05000000,150104095.40000042,2418435.86000000,0.01611172
WOART,2022,720,1,50,16867.05000000,150104095.40000042,2435302.91000000,0.01622409
WOART,2022,720,1,51,7955.17000000,150104095.40000042,2443258.08000000,0.01627709
WOART,2022,720,2,6,26250.68000000,14208693.02000001,26250.68000000,0.00184751
WOART,2022,720,2,7,67653.38000000,14208693.02000001,93904.06000000,0.00660892
WOART,2022,720,2,9,83196.59000000,14208693.02000001,177100.65000000,0.01246425
WOART,2022,720,2,13,126782.34000000,14208693.02000001,303882.99000000,0.02138712
WOART,2022,720,2,14,91554.09000000,14208693.02000001,395437.08000000,0.02783064
WOART,2022,720,2,15,116659.23000000,14208693.02000001,512096.31000000,0.03604106
WOART,2022,720,2,16,48872.25000000,14208693.02000001,560968.56000000,0.03948066
WOART,2022,720,2,18,31757.83000000,14208693.02000001,592726.39000000,0.04171576
WOART,2022,720,2,19,124889.44000000,14208693.02000001,717615.83000000,0.05050541
WOART,2022,720,2,20,20821.74000000,14208693.02000001,738437.57000000,0.05197083
WOART,2022,720,2,21,110775.62000000,14208693.02000001,849213.19000000,0.05976716
WOART,2022,720,2,22,40679.38000000,14208693.02000001,889892.57000000,0.06263015
WOART,2022,720,2,24,96.63000000,14208693.02000001,889989.20000000,0.06263695
WOART,2022,720,2,25,100035.27000000,14208693.02000001,990024.47000000,0.06967738
WOART,2022,720,2,26,43994.15000000,14208693.02000001,1034018.62000000,0.07277366
WOART,2022,720,2,29,20554.04000000,14208693.02000001,1054572.66000000,0.07422024
WOART,2022,720,2,30,67078.62000000,14208693.02000001,1121651.28000000,0.07894120
WOART,2022,720,2,31,98894.90000000,14208693.02000001,1220546.18000000,0.08590137
WOART,2022,720,2,32,28757.16000000,14208693.02000001,1249303.34000000,0.08792528
WOART,2022,720,2,33,31472.75000000,14208693.02000001,1280776.09000000,0.09014032
WOART,2022,720,2,34,37392.40000000,14208693.02000001,1318168.49000000,0.09277197
WOART,2022,720,2,35,34332.82000000,14208693.02000001,1352501.31000000,0.09518830
WOART,2022,720,2,37,33734.36000000,14208693.02000001,1386235.67000000,0.09756250
WOART,2022,720,2,44,17544.18000000,14208693.02000001,1403779.85000000,0.09879725
WOART,2022,720,2,47,15168.43000000,14208693.02000001,1418948.28000000,0.09986480
WOART,2022,720,2,48,21427.00000000,14208693.02000001,1440375.28000000,0.10137282
WOART,2022,720,2,49,15925.38000000,14208693.02000001,1456300.66000000,0.10249364
WOART,2022,730,1,6,109941.55000000,150137363.44000024,109941.55000000,0.00073227
WOART,2022,730,1,7,2097.51000000,150137363.44000024,112039.06000000,0.00074624
WOART,2022,730,1,8,10293.64000000,150137363.44000024,122332.70000000,0.00081481
WOART,2022,730,1,10,67694.08000000,150137363.44000024,190026.78000000,0.00126569
WOART,2022,730,1,11,73989.84000000,150137363.44000024,264016.62000000,0.00175850
WOART,2022,730,1,12,40855.01000000,150137363.44000024,304871.63000000,0.00203062
WOART,2022,730,1,14,62089.16000000,150137363.44000024,366960.79000000,0.00244417
WOART,2022,730,1,15,47162.72000000,150137363.44000024,414123.51000000,0.00275830
WOART,2022,730,1,16,63084.16000000,150137363.44000024,477207.67000000,0.00317847
WOART,2022,730,1,18,26078.28000000,150137363.44000024,503285.95000000,0.00335217
WOART,2022,730,1,19,45603.48000000,150137363.44000024,548889.43000000,0.00365591
WOART,2022,730,1,20,22905.68000000,150137363.44000024,571795.11000000,0.00380848
WOART,2022,730,1,21,93059.51000000,150137363.44000024,664854.62000000,0.00442831
WOART,2022,730,1,22,147551.95000000,150137363.44000024,812406.57000000,0.00541109
WOART,2022,730,1,24,113098.34000000,150137363.44000024,925504.91000000,0.00616439
WOART,2022,730,1,25,57146.53000000,150137363.44000024,982651.44000000,0.00654502
WOART,2022,730,1,26,78860.38000000,150137363.44000024,1061511.82000000,0.00707027
WOART,2022,730,1,27,25096.05000000,150137363.44000024,1086607.87000000,0.00723742
WOART,2022,730,1,28,92606.53000000,150137363.44000024,1179214.40000000,0.00785424
WOART,2022,730,1,29,22694.02000000,150137363.44000024,1201908.42000000,0.00800539
WOART,2022,730,1,30,88000.68000000,150137363.44000024,1289909.10000000,0.00859153
WOART,2022,730,1,31,11396.80000000,150137363.44000024,1301305.90000000,0.00866744
WOART,2022,730,1,32,184319.06000000,150137363.44000024,1485624.96000000,0.00989510
WOART,2022,730,1,33,36761.56000000,150137363.44000024,1522386.52000000,0.01013996
WOART,2022,730,1,34,23813.48000000,150137363.44000024,1546200.00000000,0.01029857
WOART,2022,730,1,35,65289.01000000,150137363.44000024,1611489.01000000,0.01073343
WOART,2022,730,1,37,51689.50000000,150137363.44000024,1663178.51000000,0.01107771
WOART,2022,730,1,38,62677.10000000,150137363.44000024,1725855.61000000,0.01149518
WOART,2022,730,1,39,42977.62000000,150137363.44000024,1768833.23000000,0.01178143
WOART,2022,730,1,40,98288.89000000,150137363.44000024,1867122.12000000,0.01243609
WOART,2022,730,1,41,43059.27000000,150137363.44000024,1910181.39000000,0.01272289
WOART,2022,730,1,45,59780.34000000,150137363.44000024,1969961.73000000,0.01312106
WOART,2022,730,1,46,30398.51000000,150137363.44000024,2000360.24000000,0.01332353
WOART,2022,730,1,49,24084.97000000,150137363.44000024,2024445.21000000,0.01348395
WOART,2022,730,2,7,2855.47000000,10692333.29000000,2855.47000000,0.00026706
WOART,2022,730,2,11,45087.98000000,10692333.29000000,47943.45000000,0.00448391
WOART,2022,730,2,15,30213.54000000,10692333.29000000,78156.99000000,0.00730963
WOART,2022,730,2,16,4392.50000000,10692333.29000000,82549.49000000,0.00772044
WOART,2022,730,2,18,31662.51000000,10692333.29000000,114212.00000000,0.01068167
WOART,2022,730,2,21,11.05000000,10692333.29000000,114223.05000000,0.01068271
WOART,2022,730,2,22,24208.38000000,10692333.29000000,138431.43000000,0.01294679
WOART,2022,730,2,25,75587.98000000,10692333.29000000,214019.41000000,0.02001616
WOART,2022,730,2,26,20728.63000000,10692333.29000000,234748.04000000,0.02195480
WOART,2022,730,2,27,45981.30000000,10692333.29000000,280729.34000000,0.02625520
WOART,2022,730,2,28,42622.58000000,10692333.29000000,323351.92000000,0.03024147
WOART,2022,730,2,29,37191.01000000,10692333.29000000,360542.93000000,0.03371976
WOART,2022,730,2,30,41432.50000000,10692333.29000000,401975.43000000,0.03759473
WOART,2022,730,2,33,3235.82000000,10692333.29000000,405211.25000000,0.03789736
WOART,2022,730,2,35,26834.53000000,10692333.29000000,432045.78000000,0.04040706
WOART,2022,730,2,36,25139.64000000,10692333.29000000,457185.42000000,0.04275825
WOART,2022,730,2,37,19411.69000000,10692333.29000000,476597.11000000,0.04457372
WOART,2022,730,2,38,27171.25000000,10692333.29000000,503768.36000000,0.04711491
WOART,2022,730,2,40,20472.84000000,10692333.29000000,524241.20000000,0.04902964
WOART,2022,730,2,42,23052.66000000,10692333.29000000,547293.86000000,0.05118563
WOART,2022,730,2,43,14729.42000000,10692333.29000000,562023.28000000,0.05256320
WOART,2022,730,2,44,15670.52000000,10692333.29000000,577693.80000000,0.05402879
WOART,2022,730,2,45,19916.56000000,10692333.29000000,597610.36000000,0.05589148
WOART,2022,730,2,48,31428.87000000,10692333.29000000,629039.23000000,0.05883087
WOART,2022,740,1,8,9722.73000000,134309828.89999986,9722.73000000,0.00007239
WOART,2022,740,1,11,117028.04000000,134309828.89999986,126750.77000000,0.00094372
WOART,2022,740,1,12,38493.57000000,134309828.89999986,165244.34000000,0.00123032
WOART,2022,740,1,14,38273.67000000,134309828.89999986,203518.01000000,0.00151529
WOART,2022,740,1,15,104251.25000000,134309828.89999986,307769.26000000,0.00229149
WOART,2022,740,1,16,87366.96000000,134309828.89999986,395136.22000000,0.00294198
WOART,2022,740,1,17,34487.76000000,134309828.89999986,429623.98000000,0.00319875
WOART,2022,740,1,18,78999.69000000,134309828.89999986,508623.67000000,0.00378694
WOART,2022,740,1,19,24848.76000000,134309828.89999986,533472.43000000,0.00397195
WOART,2022,740,1,20,117080.82000000,134309828.89999986,650553.25000000,0.00484368
WOART,2022,740,1,21,30665.27000000,134309828.89999986,681218.52000000,0.00507199
WOART,2022,740,1,22,89845.96000000,134309828.89999986,771064.48000000,0.00574094
WOART,2022,740,1,24,43471.43000000,134309828.89999986,814535.91000000,0.00606460
WOART,2022,740,1,25,71820.82000000,134309828.89999986,886356.73000000,0.00659934
WOART,2022,740,1,26,56875.82000000,134309828.89999986,943232.55000000,0.00702281
WOART,2022,740,1,27,14712.85000000,134309828.89999986,957945.40000000,0.00713236
WOART,2022,740,1,28,29238.67000000,134309828.89999986,987184.07000000,0.00735005
WOART,2022,740,1,29,112984.98000000,134309828.89999986,1100169.05000000,0.00819128
WOART,2022,740,1,30,84690.10000000,134309828.89999986,1184859.15000000,0.00882184
WOART,2022,740,1,31,28729.37000000,134309828.89999986,1213588.52000000,0.00903574
WOART,2022,740,1,32,62532.19000000,134309828.89999986,1276120.71000000,0.00950132
WOART,2022,740,1,33,39755.39000000,134309828.89999986,1315876.10000000,0.00979732
WOART,2022,740,1,35,51087.85000000,134309828.89999986,1366963.95000000,0.01017769
WOART,2022,740,1,36,82601.92000000,134309828.89999986,1449565.87000000,0.01079270
WOART,2022,740,1,37,51085.25000000,134309828.89999986,1500651.12000000,0.01117306
WOART,2022,740,1,38,17850.47000000,134309828.89999986,1518501.59000000,0.01130596
WOART,2022,740,1,39,24639.57000000,134309828.89999986,1543141.16000000,0.01148941
WOART,2022,740,1,40,65178.40000000,134309828.89999986,1608319.56000000,0.01197470
WOART,2022,740,1,41,74975.91000000,134309828.89999986,1683295.47000000,0.01253293
WOART,2022,740,1,43,31758.39000000,134309828.89999986,1715053.86000000,0.01276938
WOART,2022,740,1,44,28724.98000000,134309828.89999986,1743778.84000000,0.01298326
WOART,2022,740,1,45,11087.61000000,134309828.89999986,1754866.45000000,0.01306581
WOART,2022,740,1,46,11961.49000000,134309828.89999986,1766827.94000000,0.01315487
WOART,2022,740,1,47,38884.19000000,134309828.89999986,1805712.13000000,0.01344438
WOART,2022,740,1,51,9554.61000000,134309828.89999986,1815266.74000000,0.01351552
WOART,2022,740,2,10,28855.14000000,9960647.82000000,28855.14000000,0.00289691
WOART,2022,740,2,11,38918.79000000,9960647.82000000,67773.93000000,0.00680417
WOART,2022,740,2,12,40634.09000000,9960647.82000000,108408.02000000,0.01088363
WOART,2022,740,2,14,21333.25000000,9960647.82000000,129741.27000000,0.01302538
WOART,2022,740,2,17,23462.12000000,9960647.82000000,153203.39000000,0.01538087
WOART,2022,740,2,20,54261.33000000,9960647.82000000,207464.72000000,0.02082844
WOART,2022,740,2,21,17590.45000000,9960647.82000000,225055.17000000,0.02259443
WOART,2022,740,2,23,32431.14000000,9960647.82000000,257486.31000000,0.02585036
WOART,2022,740,2,32,21672.25000000,9960647.82000000,279158.56000000,0.02802614
WOART,2022,740,2,35,37232.53000000,9960647.82000000,316391.09000000,0.03176411
WOART,2022,740,2,40,22438.17000000,9960647.82000000,338829.26000000,0.03401679
WOART,2022,740,2,44,20895.15000000,9960647.82000000,359724.41000000,0.03611456
WOART,2022,740,2,47,32708.95000000,9960647.82000000,392433.36000000,0.03939838
WOART,2022,750,1,8,45015.75000000,146422681.55999994,45015.75000000,0.00030744
WOART,2022,750,1,9,61546.60000000,146422681.55999994,106562.35000000,0.00072777
WOART,2022,750,1,10,172585.91000000,146422681.55999994,279148.26000000,0.00190646
WOART,2022,750,1,11,62395.37000000,146422681.55999994,341543.63000000,0.00233259
WOART,2022,750,1,12,40759.91000000,146422681.55999994,382303.54000000,0.00261096
WOART,2022,750,1,13,573.30000000,146422681.55999994,382876.84000000,0.00261487
WOART,2022,750,1,14,15519.38000000,146422681.55999994,398396.22000000,0.00272086
WOART,2022,750,1,15,96426.22000000,146422681.55999994,494822.44000000,0.00337941
WOART,2022,750,1,16,141973.08000000,146422681.55999994,636795.52000000,0.00434902
WOART,2022,750,1,19,2503.57000000,146422681.55999994,639299.09000000,0.00436612
WOART,2022,750,1,20,46044.53000000,146422681.55999994,685343.62000000,0.00468058
WOART,2022,750,1,21,53776.16000000,146422681.55999994,739119.78000000,0.00504785
WOART,2022,750,1,22,67831.82000000,146422681.55999994,806951.60000000,0.00551111
WOART,2022,750,1,23,50155.32000000,146422681.55999994,857106.92000000,0.00585365
WOART,2022,750,1,24,73499.64000000,146422681.55999994,930606.56000000,0.00635562
WOART,2022,750,1,25,57625.78000000,146422681.55999994,988232.34000000,0.00674918
WOART,2022,750,1,26,32027.98000000,146422681.55999994,1020260.32000000,0.00696791
WOART,2022,750,1,29,24961.37000000,146422681.55999994,1045221.69000000,0.00713839
WOART,2022,750,1,30,18816.90000000,146422681.55999994,1064038.59000000,0.00726690
WOART,2022,750,1,32,27414.06000000,146422681.55999994,1091452.65000000,0.00745412
WOART,2022,750,1,33,373.10000000,146422681.55999994,1091825.75000000,0.00745667
WOART,2022,750,1,34,20028.95000000,146422681.55999994,1111854.70000000,0.00759346
WOART,2022,750,1,36,32664.12000000,146422681.55999994,1144518.82000000,0.00781654
WOART,2022,750,1,37,92339.04000000,146422681.55999994,1236857.86000000,0.00844717
WOART,2022,750,1,38,46589.68000000,146422681.55999994,1283447.54000000,0.00876536
WOART,2022,750,1,40,57271.70000000,146422681.55999994,1340719.24000000,0.00915650
WOART,2022,750,1,42,16887.54000000,146422681.55999994,1357606.78000000,0.00927183
WOART,2022,750,1,44,24935.27000000,146422681.55999994,1382542.05000000,0.00944213
WOART,2022,750,1,49,19796.96000000,146422681.55999994,1402339.01000000,0.00957733
WOART,2022,750,1,50,22304.72000000,146422681.55999994,1424643.73000000,0.00972967
WOART,2022,750,2,8,31381.38000000,9603056.31000001,31381.38000000,0.00326785
WOART,2022,750,2,24,6866.32000000,9603056.31000001,38247.70000000,0.00398287
WOART,2022,750,2,25,68975.15000000,9603056.31000001,107222.85000000,0.01116549
WOART,2022,750,2,27,5833.00000000,9603056.31000001,113055.85000000,0.01177290
WOART,2022,750,2,30,5005.38000000,9603056.31000001,118061.23000000,0.01229413
WOART,2022,750,2,31,19175.51000000,9603056.31000001,137236.74000000,0.01429094
WOART,2022,750,2,35,22389.50000000,9603056.31000001,159626.24000000,0.01662244
WOART,2022,750,2,37,28657.63000000,9603056.31000001,188283.87000000,0.01960666
WOART,2022,750,2,41,20889.12000000,9603056.31000001,209172.99000000,0.02178192
WOART,2022,750,2,49,24941.48000000,9603056.31000001,234114.47000000,0.02437916
WOART,2022,750,2,50,14405.23000000,9603056.31000001,248519.70000000,0.02587923
WOART,2022,750,2,51,17581.91000000,9603056.31000001,266101.61000000,0.02771010
WOART,2022,760,1,10,39150.20000000,134630882.23999992,39150.20000000,0.00029080
WOART,2022,760,1,12,42120.26000000,134630882.23999992,81270.46000000,0.00060365
WOART,2022,760,1,14,386.19000000,134630882.23999992,81656.65000000,0.00060652
WOART,2022,760,1,15,98575.69000000,134630882.23999992,180232.34000000,0.00133871
WOART,2022,760,1,16,36745.13000000,134630882.23999992,216977.47000000,0.00161165
WOART,2022,760,1,17,54846.54000000,134630882.23999992,271824.01000000,0.00201903
WOART,2022,760,1,18,29222.75000000,134630882.23999992,301046.76000000,0.00223609
WOART,2022,760,1,19,28209.89000000,134630882.23999992,329256.65000000,0.00244562
WOART,2022,760,1,21,29779.11000000,134630882.23999992,359035.76000000,0.00266682
WOART,2022,760,1,22,22594.55000000,134630882.23999992,381630.31000000,0.00283464
WOART,2022,760,1,23,28919.51000000,134630882.23999992,410549.82000000,0.00304945
WOART,2022,760,1,26,25840.34000000,134630882.23999992,436390.16000000,0.00324138
WOART,2022,760,1,28,37848.34000000,134630882.23999992,474238.50000000,0.00352251
WOART,2022,760,1,29,62492.76000000,134630882.23999992,536731.26000000,0.00398669
WOART,2022,760,1,30,77903.78000000,134630882.23999992,614635.04000000,0.00456533
WOART,2022,760,1,31,21188.49000000,134630882.23999992,635823.53000000,0.00472272
WOART,2022,760,1,32,52807.51000000,134630882.23999992,688631.04000000,0.00511496
WOART,2022,760,1,33,29605.73000000,134630882.23999992,718236.77000000,0.00533486
WOART,2022,760,1,35,59237.68000000,134630882.23999992,777474.45000000,0.00577486
WOART,2022,760,1,39,47772.40000000,134630882.23999992,825246.85000000,0.00612970
WOART,2022,760,1,41,28027.64000000,134630882.23999992,853274.49000000,0.00633788
WOART,2022,760,1,42,16828.70000000,134630882.23999992,870103.19000000,0.00646288
WOART,2022,760,1,47,20186.31000000,134630882.23999992,890289.50000000,0.00661282
WOART,2022,760,2,8,18667.94000000,6084776.08000000,18667.94000000,0.00306797
WOART,2022,760,2,9,53429.09000000,6084776.08000000,72097.03000000,0.01184876
WOART,2022,760,2,14,16439.60000000,6084776.08000000,88536.63000000,0.01455052
WOART,2022,760,2,18,12872.13000000,6084776.08000000,101408.76000000,0.01666598
WOART,2022,760,2,20,45370.66000000,6084776.08000000,146779.42000000,0.02412240
WOART,2022,760,2,22,7029.27000000,6084776.08000000,153808.69000000,0.02527763
WOART,2022,760,2,26,27295.31000000,6084776.08000000,181104.00000000,0.02976346
WOART,2022,760,2,34,30869.74000000,6084776.08000000,211973.74000000,0.03483674
WOART,2022,760,2,47,12759.36000000,6084776.08000000,224733.10000000,0.03693367
WOART,2022,770,1,6,37297.61000000,145104155.12999994,37297.61000000,0.00025704
WOART,2022,770,1,15,65543.33000000,145104155.12999994,102840.94000000,0.00070874
WOART,2022,770,1,16,90292.29000000,145104155.12999994,193133.23000000,0.00133100
WOART,2022,770,1,17,33998.24000000,145104155.12999994,227131.47000000,0.00156530
WOART,2022,770,1,20,85320.07000000,145104155.12999994,312451.54000000,0.00215329
WOART,2022,770,1,22,150247.95000000,145104155.12999994,462699.49000000,0.00318874
WOART,2022,770,1,23,50514.31000000,145104155.12999994,513213.80000000,0.00353686
WOART,2022,770,1,24,47132.27000000,145104155.12999994,560346.07000000,0.00386168
WOART,2022,770,1,26,23853.58000000,145104155.12999994,584199.65000000,0.00402607
WOART,2022,770,1,27,86096.18000000,145104155.12999994,670295.83000000,0.00461941
WOART,2022,770,1,28,25386.47000000,145104155.12999994,695682.30000000,0.00479437
WOART,2022,770,1,30,22689.48000000,145104155.12999994,718371.78000000,0.00495073
WOART,2022,770,1,31,32360.51000000,145104155.12999994,750732.29000000,0.00517375
WOART,2022,770,1,32,46201.66000000,145104155.12999994,796933.95000000,0.00549215
WOART,2022,770,1,33,57370.67000000,145104155.12999994,854304.62000000,0.00588753
WOART,2022,770,1,34,17918.95000000,145104155.12999994,872223.57000000,0.00601102
WOART,2022,770,1,35,743.41000000,145104155.12999994,872966.98000000,0.00601614
WOART,2022,770,1,37,34931.03000000,145104155.12999994,907898.01000000,0.00625687
WOART,2022,770,1,38,42621.43000000,145104155.12999994,950519.44000000,0.00655060
WOART,2022,770,1,39,23482.26000000,145104155.12999994,974001.70000000,0.00671243
WOART,2022,770,1,42,20729.24000000,145104155.12999994,994730.94000000,0.00685529
WOART,2022,770,1,44,32199.54000000,145104155.12999994,1026930.48000000,0.00707720
WOART,2022,770,1,50,21380.47000000,145104155.12999994,1048310.95000000,0.00722454
WOART,2022,770,2,9,33112.79000000,6332333.68000000,33112.79000000,0.00522916
WOART,2022,770,2,10,37724.38000000,6332333.68000000,70837.17000000,0.01118658
WOART,2022,770,2,11,37956.74000000,6332333.68000000,108793.91000000,0.01718070
WOART,2022,770,2,22,30600.79000000,6332333.68000000,139394.70000000,0.02201316
WOART,2022,770,2,28,16391.06000000,6332333.68000000,155785.76000000,0.02460163
WOART,2022,770,2,33,14333.79000000,6332333.68000000,170119.55000000,0.02686522
WOART,2022,770,2,37,20112.26000000,6332333.68000000,190231.81000000,0.03004134
WOART,2022,770,2,39,15792.33000000,6332333.68000000,206024.14000000,0.03253526
WOART,2022,770,2,40,51160.66000000,6332333.68000000,257184.80000000,0.04061454
WOART,2022,770,2,42,36936.41000000,6332333.68000000,294121.21000000,0.04644752
WOART,2022,770,2,46,26387.76000000,6332333.68000000,320508.97000000,0.05061467
WOART,2022,780,1,4,55948.98000000,147683770.88000005,55948.98000000,0.00037884
WOART,2022,780,1,9,18767.16000000,147683770.88000005,74716.14000000,0.00050592
WOART,2022,780,1,15,31484.21000000,147683770.88000005,106200.35000000,0.00071911
WOART,2022,780,1,17,153116.78000000,147683770.88000005,259317.13000000,0.00175589
WOART,2022,780,1,18,24456.78000000,147683770.88000005,283773.91000000,0.00192150
WOART,2022,780,1,19,35593.85000000,147683770.88000005,319367.76000000,0.00216251
WOART,2022,780,1,20,56380.72000000,147683770.88000005,375748.48000000,0.00254428
WOART,2022,780,1,23,26029.67000000,147683770.88000005,401778.15000000,0.00272053
WOART,2022,780,1,24,31259.75000000,147683770.88000005,433037.90000000,0.00293220
WOART,2022,780,1,26,43822.11000000,147683770.88000005,476860.01000000,0.00322893
WOART,2022,780,1,27,4583.61000000,147683770.88000005,481443.62000000,0.00325996
WOART,2022,780,1,29,32125.15000000,147683770.88000005,513568.77000000,0.00347749
WOART,2022,780,1,31,37870.11000000,147683770.88000005,551438.88000000,0.00373392
WOART,2022,780,1,34,19428.63000000,147683770.88000005,570867.51000000,0.00386547
WOART,2022,780,1,35,40148.60000000,147683770.88000005,611016.11000000,0.00413733
WOART,2022,780,1,36,52800.21000000,147683770.88000005,663816.32000000,0.00449485
WOART,2022,780,1,37,35753.39000000,147683770.88000005,699569.71000000,0.00473694
WOART,2022,780,1,38,20511.89000000,147683770.88000005,720081.60000000,0.00487583
WOART,2022,780,1,41,64521.08000000,147683770.88000005,784602.68000000,0.00531272
WOART,2022,780,1,42,1416.67000000,147683770.88000005,786019.35000000,0.00532231
WOART,2022,780,1,47,39148.35000000,147683770.88000005,825167.70000000,0.00558740
WOART,2022,780,2,13,42796.88000000,6426838.86000000,42796.88000000,0.00665909
WOART,2022,780,2,15,31717.66000000,6426838.86000000,74514.54000000,0.01159428
WOART,2022,780,2,18,30471.72000000,6426838.86000000,104986.26000000,0.01633560
WOART,2022,780,2,19,25619.25000000,6426838.86000000,130605.51000000,0.02032189
WOART,2022,780,2,22,26851.56000000,6426838.86000000,157457.07000000,0.02449992
WOART,2022,780,2,24,20228.73000000,6426838.86000000,177685.80000000,0.02764746
WOART,2022,780,2,30,17908.83000000,6426838.86000000,195594.63000000,0.03043403
WOART,2022,780,2,33,35523.24000000,6426838.86000000,231117.87000000,0.03596136
WOART,2022,780,2,34,32643.29000000,6426838.86000000,263761.16000000,0.04104057
WOART,2022,780,2,37,17636.82000000,6426838.86000000,281397.98000000,0.04378482
WOART,2022,780,2,38,8925.42000000,6426838.86000000,290323.40000000,0.04517359
WOART,2022,780,2,40,14662.51000000,6426838.86000000,304985.91000000,0.04745504
WOART,2022,780,2,41,21593.92000000,6426838.86000000,326579.83000000,0.05081500
WOART,2022,780,2,45,4964.92000000,6426838.86000000,331544.75000000,0.05158753
WOART,2022,780,2,46,23295.42000000,6426838.86000000,354840.17000000,0.05521224
WOART,2022,790,1,9,20322.06000000,136621949.78999990,20322.06000000,0.00014875
WOART,2022,790,1,13,13262.74000000,136621949.78999990,33584.80000000,0.00024582
WOART,2022,790,1,17,28078.53000000,136621949.78999990,61663.33000000,0.00045134
WOART,2022,790,1,18,35355.03000000,136621949.78999990,97018.36000000,0.00071012
WOART,2022,790,1,21,66148.08000000,136621949.78999990,163166.44000000,0.00119429
WOART,2022,790,1,23,39518.44000000,136621949.78999990,202684.88000000,0.00148355
WOART,2022,790,1,25,27707.60000000,136621949.78999990,230392.48000000,0.00168635
WOART,2022,790,1,27,37522.43000000,136621949.78999990,267914.91000000,0.00196099
WOART,2022,790,1,28,67044.80000000,136621949.78999990,334959.71000000,0.00245173
WOART,2022,790,1,29,47080.24000000,136621949.78999990,382039.95000000,0.00279633
WOART,2022,790,1,30,30243.54000000,136621949.78999990,412283.49000000,0.00301770
WOART,2022,790,1,32,38342.32000000,136621949.78999990,450625.81000000,0.00329834
WOART,2022,790,1,38,22892.46000000,136621949.78999990,473518.27000000,0.00346590
WOART,2022,790,1,39,91439.17000000,136621949.78999990,564957.44000000,0.00413519
WOART,2022,790,1,44,17741.22000000,136621949.78999990,582698.66000000,0.00426504
WOART,2022,790,2,10,225.23000000,4853312.45000000,225.23000000,0.00004641
WOART,2022,790,2,11,5688.39000000,4853312.45000000,5913.62000000,0.00121847
WOART,2022,790,2,14,294.42000000,4853312.45000000,6208.04000000,0.00127913
WOART,2022,790,2,23,28459.57000000,4853312.45000000,34667.61000000,0.00714308
WOART,2022,790,2,28,12010.73000000,4853312.45000000,46678.34000000,0.00961783
WOART,2022,790,2,35,56526.02000000,4853312.45000000,103204.36000000,0.02126473
WOART,2022,800,1,8,47861.23000000,150840564.78000000,47861.23000000,0.00031730
WOART,2022,800,1,9,28855.28000000,150840564.78000000,76716.51000000,0.00050859
WOART,2022,800,1,21,46533.26000000,150840564.78000000,123249.77000000,0.00081709
WOART,2022,800,1,22,79202.08000000,150840564.78000000,202451.85000000,0.00134216
WOART,2022,800,1,24,47782.12000000,150840564.78000000,250233.97000000,0.00165893
WOART,2022,800,1,25,33012.95000000,150840564.78000000,283246.92000000,0.00187779
WOART,2022,800,1,26,75076.20000000,150840564.78000000,358323.12000000,0.00237551
WOART,2022,800,1,27,5374.50000000,150840564.78000000,363697.62000000,0.00241114
WOART,2022,800,1,28,41635.59000000,150840564.78000000,405333.21000000,0.00268716
WOART,2022,800,1,29,1031.14000000,150840564.78000000,406364.35000000,0.00269400
WOART,2022,800,1,31,20333.65000000,150840564.78000000,426698.00000000,0.00282880
WOART,2022,800,1,32,19975.61000000,150840564.78000000,446673.61000000,0.00296123
WOART,2022,800,1,33,19839.17000000,150840564.78000000,466512.78000000,0.00309275
WOART,2022,800,1,34,22773.88000000,150840564.78000000,489286.66000000,0.00324373
WOART,2022,800,1,35,31111.58000000,150840564.78000000,520398.24000000,0.00344999
WOART,2022,800,1,36,28340.17000000,150840564.78000000,548738.41000000,0.00363787
WOART,2022,800,1,37,31893.36000000,150840564.78000000,580631.77000000,0.00384931
WOART,2022,800,1,42,23247.10000000,150840564.78000000,603878.87000000,0.00400342
WOART,2022,800,1,43,35428.34000000,150840564.78000000,639307.21000000,0.00423830
WOART,2022,800,1,44,35762.02000000,150840564.78000000,675069.23000000,0.00447538
WOART,2022,800,1,48,16884.30000000,150840564.78000000,691953.53000000,0.00458732
WOART,2022,800,2,18,42053.99000000,3939764.80000000,42053.99000000,0.01067424
WOART,2022,800,2,24,3677.04000000,3939764.80000000,45731.03000000,0.01160755
WOART,2022,800,2,30,23985.57000000,3939764.80000000,69716.60000000,0.01769562
WOART,2022,810,1,12,2063.50000000,131110389.82000014,2063.50000000,0.00001574
WOART,2022,810,1,14,21783.40000000,131110389.82000014,23846.90000000,0.00018188
WOART,2022,810,1,16,19949.05000000,131110389.82000014,43795.95000000,0.00033404
WOART,2022,810,1,17,25021.15000000,131110389.82000014,68817.10000000,0.00052488
WOART,2022,810,1,18,57523.09000000,131110389.82000014,126340.19000000,0.00096362
WOART,2022,810,1,19,44988.22000000,131110389.82000014,171328.41000000,0.00130675
WOART,2022,810,1,22,30217.07000000,131110389.82000014,201545.48000000,0.00153722
WOART,2022,810,1,25,36077.63000000,131110389.82000014,237623.11000000,0.00181239
WOART,2022,810,1,27,25487.79000000,131110389.82000014,263110.90000000,0.00200679
WOART,2022,810,1,29,28274.73000000,131110389.82000014,291385.63000000,0.00222244
WOART,2022,810,1,36,41184.31000000,131110389.82000014,332569.94000000,0.00253656
WOART,2022,810,1,39,18080.51000000,131110389.82000014,350650.45000000,0.00267447
WOART,2022,810,2,11,43730.61000000,3800801.37000000,43730.61000000,0.01150563
WOART,2022,810,2,21,2183.75000000,3800801.37000000,45914.36000000,0.01208018
WOART,2022,810,2,24,20688.25000000,3800801.37000000,66602.61000000,0.01752331
WOART,2022,810,2,26,18392.49000000,3800801.37000000,84995.10000000,0.02236242
WOART,2022,810,2,30,10285.24000000,3800801.37000000,95280.34000000,0.02506849
WOART,2022,810,2,31,26635.58000000,3800801.37000000,121915.92000000,0.03207637
WOART,2022,810,2,32,20410.60000000,3800801.37000000,142326.52000000,0.03744645
WOART,2022,820,1,14,32792.14000000,139246618.74000031,32792.14000000,0.00023550
WOART,2022,820,1,16,1586.86000000,139246618.74000031,34379.00000000,0.00024689
WOART,2022,820,1,17,17511.26000000,139246618.74000031,51890.26000000,0.00037265
WOART,2022,820,1,20,44455.96000000,139246618.74000031,96346.22000000,0.00069191
WOART,2022,820,1,21,25319.37000000,139246618.74000031,121665.59000000,0.00087374
WOART,2022,820,1,22,36591.83000000,139246618.74000031,158257.42000000,0.00113653
WOART,2022,820,1,23,1416.17000000,139246618.74000031,159673.59000000,0.00114670
WOART,2022,820,1,28,22332.10000000,139246618.74000031,182005.69000000,0.00130707
WOART,2022,820,1,31,38475.13000000,139246618.74000031,220480.82000000,0.00158338
WOART,2022,820,1,33,922.05000000,139246618.74000031,221402.87000000,0.00159001
WOART,2022,820,1,36,28290.40000000,139246618.74000031,249693.27000000,0.00179317
WOART,2022,820,1,39,27011.92000000,139246618.74000031,276705.19000000,0.00198716
WOART,2022,820,2,11,30213.36000000,3757360.59000000,30213.36000000,0.00804111
WOART,2022,820,2,19,10146.59000000,3757360.59000000,40359.95000000,0.01074157
WOART,2022,820,2,24,35549.02000000,3757360.59000000,75908.97000000,0.02020274
WOART,2022,820,2,31,23367.39000000,3757360.59000000,99276.36000000,0.02642183
WOART,2022,830,1,10,67051.02000000,123072287.64000013,67051.02000000,0.00054481
WOART,2022,830,1,11,31180.00000000,123072287.64000013,98231.02000000,0.00079816
WOART,2022,830,1,13,29366.63000000,123072287.64000013,127597.65000000,0.00103677
WOART,2022,830,1,22,34780.94000000,123072287.64000013,162378.59000000,0.00131938
WOART,2022,830,1,23,13388.92000000,123072287.64000013,175767.51000000,0.00142816
WOART,2022,830,1,25,23087.10000000,123072287.64000013,198854.61000000,0.00161575
WOART,2022,830,1,32,26299.42000000,123072287.64000013,225154.03000000,0.00182945
WOART,2022,830,1,33,27271.16000000,123072287.64000013,252425.19000000,0.00205103
WOART,2022,830,1,34,32793.44000000,123072287.64000013,285218.63000000,0.00231749
WOART,2022,830,1,36,24946.82000000,123072287.64000013,310165.45000000,0.00252019
WOART,2022,830,1,41,53018.84000000,123072287.64000013,363184.29000000,0.00295098
WOART,2022,830,1,42,33113.73000000,123072287.64000013,396298.02000000,0.00322004
WOART,2022,840,1,21,1029.53000000,103047328.69000009,1029.53000000,0.00000999
WOART,2022,840,1,22,36987.57000000,103047328.69000009,38017.10000000,0.00036893
WOART,2022,840,1,25,43006.36000000,103047328.69000009,81023.46000000,0.00078627
WOART,2022,840,1,27,24215.00000000,103047328.69000009,105238.46000000,0.00102126
WOART,2022,840,1,28,27288.45000000,103047328.69000009,132526.91000000,0.00128608
WOART,2022,840,1,29,22193.71000000,103047328.69000009,154720.62000000,0.00150145
WOART,2022,840,1,30,31020.55000000,103047328.69000009,185741.17000000,0.00180248
WOART,2022,840,1,31,30060.84000000,103047328.69000009,215802.01000000,0.00209420
WOART,2022,840,1,35,17232.93000000,103047328.69000009,233034.94000000,0.00226144
WOART,2022,840,1,36,1891.04000000,103047328.69000009,234925.98000000,0.00227979
WOART,2022,840,1,42,26504.92000000,103047328.69000009,261430.90000000,0.00253700
WOART,2022,840,2,45,32761.18000000,2184210.57000000,32761.18000000,0.01499909
WOART,2022,850,1,10,-44.24000000,104165364.65000007,-44.24000000,-0.00000042
WOART,2022,850,1,29,26188.74000000,104165364.65000007,26144.50000000,0.00025099
WOART,2022,850,2,29,94.54000000,1688560.41000000,94.54000000,0.00005599
WOART,2022,850,2,42,20424.99000000,1688560.41000000,20519.53000000,0.01215209
WOART,2022,860,1,14,30066.95000000,69092138.82999997,30066.95000000,0.00043517
WOART,2022,860,1,15,45795.32000000,69092138.82999997,75862.27000000,0.00109799
WOART,2022,860,1,31,4280.41000000,69092138.82999997,80142.68000000,0.00115994
WOART,2022,860,2,40,17167.05000000,1105981.03000000,17167.05000000,0.01552201
WOART,2022,870,1,8,40076.22000000,40104717.55000000,40076.22000000,0.00099929
WOART,2023,650,1,8,67727.61000000,32967162.36999997,67727.61000000,0.00205440
WOART,2023,650,1,9,41266.52000000,32967162.36999997,108994.13000000,0.00330614
WOART,2023,650,1,10,466779.89000000,32967162.36999997,575774.02000000,0.01746508
WOART,2023,650,1,11,211273.13000000,32967162.36999997,787047.15000000,0.02387367
WOART,2023,650,1,12,161595.69000000,32967162.36999997,948642.84000000,0.02877539
WOART,2023,650,1,13,212597.21000000,32967162.36999997,1161240.05000000,0.03522414
WOART,2023,650,1,14,62694.60000000,32967162.36999997,1223934.65000000,0.03712587
WOART,2023,650,1,15,304074.75000000,32967162.36999997,1528009.40000000,0.04634944
WOART,2023,650,1,16,192407.89000000,32967162.36999997,1720417.29000000,0.05218579
WOART,2023,650,1,17,89226.47000000,32967162.36999997,1809643.76000000,0.05489231
WOART,2023,650,1,18,100242.09000000,32967162.36999997,1909885.85000000,0.05793298
WOART,2023,650,1,19,63055.57000000,32967162.36999997,1972941.42000000,0.05984565
WOART,2023,650,1,20,85229.38000000,32967162.36999997,2058170.80000000,0.06243094
WOART,2023,650,1,21,249248.06000000,32967162.36999997,2307418.86000000,0.06999143
WOART,2023,650,1,22,255015.60000000,32967162.36999997,2562434.46000000,0.07772687
WOART,2023,650,1,23,33984.89000000,32967162.36999997,2596419.35000000,0.07875774
WOART,2023,650,1,24,78062.30000000,32967162.36999997,2674481.65000000,0.08112562
WOART,2023,650,1,25,69507.89000000,32967162.36999997,2743989.54000000,0.08323402
WOART,2023,650,1,26,95071.74000000,32967162.36999997,2839061.28000000,0.08611785
WOART,2023,650,1,27,70330.09000000,32967162.36999997,2909391.37000000,0.08825119
WOART,2023,650,1,28,83539.72000000,32967162.36999997,2992931.09000000,0.09078522
WOART,2023,650,1,29,171775.08000000,32967162.36999997,3164706.17000000,0.09599571
WOART,2023,650,1,38,20461.71000000,32967162.36999997,3185167.88000000,0.09661638
WOART,2023,650,1,40,2287.80000000,32967162.36999997,3187455.68000000,0.09668578
WOART,2023,650,2,14,60466.56000000,1339949.58000000,60466.56000000,0.04512600
WOART,2023,650,2,18,50286.32000000,1339949.58000000,110752.88000000,0.08265451
WOART,2023,650,2,21,49746.44000000,1339949.58000000,160499.32000000,0.11978012
WOART,2023,650,2,22,54912.07000000,1339949.58000000,215411.39000000,0.16076082
WOART,2023,650,2,27,26714.17000000,1339949.58000000,242125.56000000,0.18069752
WOART,2023,650,2,29,21118.85000000,1339949.58000000,263244.41000000,0.19645844
WOART,2023,660,1,6,36436.02000000,43602366.49999993,36436.02000000,0.00083564
WOART,2023,660,1,8,70583.99000000,43602366.49999993,107020.01000000,0.00245445
WOART,2023,660,1,9,71436.11000000,43602366.49999993,178456.12000000,0.00409281
WOART,2023,660,1,10,129313.69000000,43602366.49999993,307769.81000000,0.00705856
WOART,2023,660,1,11,73636.04000000,43602366.49999993,381405.85000000,0.00874737
WOART,2023,660,1,12,266681.29000000,43602366.49999993,648087.14000000,0.01486358
WOART,2023,660,1,13,52176.51000000,43602366.49999993,700263.65000000,0.01606022
WOART,2023,660,1,14,158350.83000000,43602366.49999993,858614.48000000,0.01969192
WOART,2023,660,1,15,122394.19000000,43602366.49999993,981008.67000000,0.02249898
WOART,2023,660,1,16,209985.41000000,43602366.49999993,1190994.08000000,0.02731490
WOART,2023,660,1,17,204548.83000000,43602366.49999993,1395542.91000000,0.03200613
WOART,2023,660,1,18,262967.00000000,43602366.49999993,1658509.91000000,0.03803715
WOART,2023,660,1,19,115452.76000000,43602366.49999993,1773962.67000000,0.04068501
WOART,2023,660,1,20,318246.63000000,43602366.49999993,2092209.30000000,0.04798385
WOART,2023,660,1,21,62728.49000000,43602366.49999993,2154937.79000000,0.04942250
WOART,2023,660,1,22,78518.05000000,43602366.49999993,2233455.84000000,0.05122327
WOART,2023,660,1,23,25803.75000000,43602366.49999993,2259259.59000000,0.05181507
WOART,2023,660,1,24,130064.15000000,43602366.49999993,2389323.74000000,0.05479803
WOART,2023,660,1,25,143205.04000000,43602366.49999993,2532528.78000000,0.05808237
WOART,2023,660,1,26,254249.61000000,43602366.49999993,2786778.39000000,0.06391347
WOART,2023,660,1,27,135988.71000000,43602366.49999993,2922767.10000000,0.06703230
WOART,2023,660,1,28,184206.70000000,43602366.49999993,3106973.80000000,0.07125700
WOART,2023,660,1,29,27037.09000000,43602366.49999993,3134010.89000000,0.07187708
WOART,2023,660,1,30,87696.50000000,43602366.49999993,3221707.39000000,0.07388836
WOART,2023,660,1,31,86265.43000000,43602366.49999993,3307972.82000000,0.07586682
WOART,2023,660,1,32,25671.43000000,43602366.49999993,3333644.25000000,0.07645558
WOART,2023,660,1,36,64984.14000000,43602366.49999993,3398628.39000000,0.07794596
WOART,2023,660,1,39,30648.45000000,43602366.49999993,3429276.84000000,0.07864887
WOART,2023,660,2,9,44932.53000000,1281420.22000000,44932.53000000,0.03506463
WOART,2023,660,2,10,26613.22000000,1281420.22000000,71545.75000000,0.05583317
WOART,2023,660,2,14,29574.22000000,1281420.22000000,101119.97000000,0.07891242
WOART,2023,660,2,18,61216.07000000,1281420.22000000,162336.04000000,0.12668447
WOART,2023,660,2,19,32033.69000000,1281420.22000000,194369.73000000,0.15168305
WOART,2023,660,2,21,43188.34000000,1281420.22000000,237558.07000000,0.18538655
WOART,2023,670,1,5,0.00000000,51649464.03000001,0.00000000,0.00000000
WOART,2023,670,1,7,26278.05000000,51649464.03000001,26278.05000000,0.00050878
WOART,2023,670,1,8,82888.90000000,51649464.03000001,109166.95000000,0.00211361
WOART,2023,670,1,9,1457.52000000,51649464.03000001,110624.47000000,0.00214183
WOART,2023,670,1,10,273680.93000000,51649464.03000001,384305.40000000,0.00744065
WOART,2023,670,1,11,115781.20000000,51649464.03000001,500086.60000000,0.00968232
WOART,2023,670,1,12,64021.30000000,51649464.03000001,564107.90000000,0.01092185
WOART,2023,670,1,13,110292.47000000,51649464.03000001,674400.37000000,0.01305726
WOART,2023,670,1,14,245137.32000000,51649464.03000001,919537.69000000,0.01780343
WOART,2023,670,1,15,261813.45000000,51649464.03000001,1181351.14000000,0.02287248
WOART,2023,670,1,16,25946.71000000,51649464.03000001,1207297.85000000,0.02337484
WOART,2023,670,1,17,94076.03000000,51649464.03000001,1301373.88000000,0.02519627
WOART,2023,670,1,18,65211.02000000,51649464.03000001,1366584.90000000,0.02645884
WOART,2023,670,1,19,315947.27000000,51649464.03000001,1682532.17000000,0.03257599
WOART,2023,670,1,20,80271.05000000,51649464.03000001,1762803.22000000,0.03413014
WOART,2023,670,1,21,307948.08000000,51649464.03000001,2070751.30000000,0.04009241
WOART,2023,670,1,22,124705.87000000,51649464.03000001,2195457.17000000,0.04250687
WOART,2023,670,1,23,218941.72000000,51649464.03000001,2414398.89000000,0.04674587
WOART,2023,670,1,24,65919.26000000,51649464.03000001,2480318.15000000,0.04802215
WOART,2023,670,1,25,111277.99000000,51649464.03000001,2591596.14000000,0.05017663
WOART,2023,670,1,26,253357.55000000,51649464.03000001,2844953.69000000,0.05508196
WOART,2023,670,1,27,168104.96000000,51649464.03000001,3013058.65000000,0.05833669
WOART,2023,670,1,28,109923.00000000,51649464.03000001,3122981.65000000,0.06046494
WOART,2023,670,1,29,112673.93000000,51649464.03000001,3235655.58000000,0.06264645
WOART,2023,670,1,30,53183.32000000,51649464.03000001,3288838.90000000,0.06367615
WOART,2023,670,1,31,68827.85000000,51649464.03000001,3357666.75000000,0.06500874
WOART,2023,670,1,35,33241.33000000,51649464.03000001,3390908.08000000,0.06565234
WOART,2023,670,2,12,23069.53000000,1660909.16000000,23069.53000000,0.01388970
WOART,2023,670,2,17,42944.78000000,1660909.16000000,66014.31000000,0.03974589
WOART,2023,670,2,18,2281.96000000,1660909.16000000,68296.27000000,0.04111981
WOART,2023,670,2,20,97997.97000000,1660909.16000000,166294.24000000,0.10012242
WOART,2023,670,2,23,30389.48000000,1660909.16000000,196683.72000000,0.11841931
WOART,2023,670,2,24,30786.06000000,1660909.16000000,227469.78000000,0.13695498
WOART,2023,670,2,30,27678.25000000,1660909.16000000,255148.03000000,0.15361950
WOART,2023,670,2,31,26226.90000000,1660909.16000000,281374.93000000,0.16941019
WOART,2023,680,1,7,31920.71000000,49108626.98000005,31920.71000000,0.00065000
WOART,2023,680,1,8,34343.48000000,49108626.98000005,66264.19000000,0.00134934
WOART,2023,680,1,10,233747.42000000,49108626.98000005,300011.61000000,0.00610914
WOART,2023,680,1,11,303034.46000000,49108626.98000005,603046.07000000,0.01227984
WOART,2023,680,1,12,117985.71000000,49108626.98000005,721031.78000000,0.01468239
WOART,2023,680,1,13,239805.54000000,49108626.98000005,960837.32000000,0.01956555
WOART,2023,680,1,14,156540.47000000,49108626.98000005,1117377.79000000,0.02275319
WOART,2023,680,1,15,90456.11000000,49108626.98000005,1207833.90000000,0.02459515
WOART,2023,680,1,16,134620.09000000,49108626.98000005,1342453.99000000,0.02733642
WOART,2023,680,1,17,269385.82000000,49108626.98000005,1611839.81000000,0.03282193
WOART,2023,680,1,18,249747.32000000,49108626.98000005,1861587.13000000,0.03790754
WOART,2023,680,1,19,190127.97000000,49108626.98000005,2051715.10000000,0.04177912
WOART,2023,680,1,20,164771.75000000,49108626.98000005,2216486.85000000,0.04513437
WOART,2023,680,1,21,73241.72000000,49108626.98000005,2289728.57000000,0.04662579
WOART,2023,680,1,22,197257.46000000,49108626.98000005,2486986.03000000,0.05064255
WOART,2023,680,1,23,60662.88000000,49108626.98000005,2547648.91000000,0.05187783
WOART,2023,680,1,24,121855.68000000,49108626.98000005,2669504.59000000,0.05435918
WOART,2023,680,1,25,42184.57000000,49108626.98000005,2711689.16000000,0.05521818
WOART,2023,680,1,26,128570.92000000,49108626.98000005,2840260.08000000,0.05783628
WOART,2023,680,1,27,45723.33000000,49108626.98000005,2885983.41000000,0.05876734
WOART,2023,680,1,28,62875.43000000,49108626.98000005,2948858.84000000,0.06004767
WOART,2023,680,1,30,50799.24000000,49108626.98000005,2999658.08000000,0.06108210
WOART,2023,680,1,34,65313.59000000,49108626.98000005,3064971.67000000,0.06241208
WOART,2023,680,1,36,48092.82000000,49108626.98000005,3113064.49000000,0.06339140
WOART,2023,680,1,37,43183.59000000,49108626.98000005,3156248.08000000,0.06427075
WOART,2023,680,2,8,42241.97000000,3567741.10000000,42241.97000000,0.01183998
WOART,2023,680,2,10,38470.47000000,3567741.10000000,80712.44000000,0.02262284
WOART,2023,680,2,12,29087.18000000,3567741.10000000,109799.62000000,0.03077567
WOART,2023,680,2,15,23453.23000000,3567741.10000000,133252.85000000,0.03734936
WOART,2023,680,2,19,26122.95000000,3567741.10000000,159375.80000000,0.04467135
WOART,2023,680,2,22,13681.82000000,3567741.10000000,173057.62000000,0.04850622
WOART,2023,680,2,23,2239.13000000,3567741.10000000,175296.75000000,0.04913382
WOART,2023,680,2,24,19885.29000000,3567741.10000000,195182.04000000,0.05470746
WOART,2023,680,2,28,28976.16000000,3567741.10000000,224158.20000000,0.06282917
WOART,2023,690,1,3,35464.26000000,55031305.40000001,35464.26000000,0.00064444
WOART,2023,690,1,7,31329.05000000,55031305.40000001,66793.31000000,0.00121373
WOART,2023,690,1,8,78496.81000000,55031305.40000001,145290.12000000,0.00264014
WOART,2023,690,1,9,182095.69000000,55031305.40000001,327385.81000000,0.00594908
WOART,2023,690,1,10,97916.48000000,55031305.40000001,425302.29000000,0.00772837
WOART,2023,690,1,11,39086.76000000,55031305.40000001,464389.05000000,0.00843863
WOART,2023,690,1,12,85225.34000000,55031305.40000001,549614.39000000,0.00998730
WOART,2023,690,1,13,25725.19000000,55031305.40000001,575339.58000000,0.01045477
WOART,2023,690,1,14,176870.10000000,55031305.40000001,752209.68000000,0.01366876
WOART,2023,690,1,15,103477.47000000,55031305.40000001,855687.15000000,0.01554910
WOART,2023,690,1,16,118409.18000000,55031305.40000001,974096.33000000,0.01770077
WOART,2023,690,1,17,79485.26000000,55031305.40000001,1053581.59000000,0.01914513
WOART,2023,690,1,18,159532.41000000,55031305.40000001,1213114.00000000,0.02204407
WOART,2023,690,1,19,113509.36000000,55031305.40000001,1326623.36000000,0.02410670
WOART,2023,690,1,20,101405.29000000,55031305.40000001,1428028.65000000,0.02594939
WOART,2023,690,1,21,130338.05000000,55031305.40000001,1558366.70000000,0.02831782
WOART,2023,690,1,22,153648.68000000,55031305.40000001,1712015.38000000,0.03110984
WOART,2023,690,1,23,113190.70000000,55031305.40000001,1825206.08000000,0.03316669
WOART,2023,690,1,24,193072.71000000,55031305.40000001,2018278.79000000,0.03667510
WOART,2023,690,1,25,98835.09000000,55031305.40000001,2117113.88000000,0.03847108
WOART,2023,690,1,26,115944.44000000,55031305.40000001,2233058.32000000,0.04057796
WOART,2023,690,1,27,87560.04000000,55031305.40000001,2320618.36000000,0.04216906
WOART,2023,690,1,28,19789.58000000,55031305.40000001,2340407.94000000,0.04252866
WOART,2023,690,1,29,52382.70000000,55031305.40000001,2392790.64000000,0.04348054
WOART,2023,690,1,30,99013.35000000,55031305.40000001,2491803.99000000,0.04527975
WOART,2023,690,1,31,50200.91000000,55031305.40000001,2542004.90000000,0.04619198
WOART,2023,690,1,37,23591.95000000,55031305.40000001,2565596.85000000,0.04662068
WOART,2023,690,1,40,52029.34000000,55031305.40000001,2617626.19000000,0.04756613
WOART,2023,690,2,9,50994.79000000,4058507.35000000,50994.79000000,0.01256491
WOART,2023,690,2,10,7967.20000000,4058507.35000000,58961.99000000,0.01452800
WOART,2023,690,2,11,32974.85000000,4058507.35000000,91936.84000000,0.02265287
WOART,2023,690,2,12,1832.00000000,4058507.35000000,93768.84000000,0.02310427
WOART,2023,690,2,14,36846.56000000,4058507.35000000,130615.40000000,0.03218311
WOART,2023,690,2,15,56426.80000000,4058507.35000000,187042.20000000,0.04608645
WOART,2023,690,2,17,35870.37000000,4058507.35000000,222912.57000000,0.05492477
WOART,2023,690,2,19,62250.25000000,4058507.35000000,285162.82000000,0.07026298
WOART,2023,690,2,20,30631.69000000,4058507.35000000,315794.51000000,0.07781051
WOART,2023,690,2,22,29870.52000000,4058507.35000000,345665.03000000,0.08517048
WOART,2023,690,2,24,25290.78000000,4058507.35000000,370955.81000000,0.09140203
WOART,2023,690,2,28,23685.32000000,4058507.35000000,394641.13000000,0.09723800
WOART,2023,690,2,29,34771.56000000,4058507.35000000,429412.69000000,0.10580557
WOART,2023,690,2,31,23451.51000000,4058507.35000000,452864.20000000,0.11158393
WOART,2023,700,1,7,25828.64000000,44857386.54999999,25828.64000000,0.00057579
WOART,2023,700,1,8,55743.87000000,44857386.54999999,81572.51000000,0.00181849
WOART,2023,700,1,10,17178.49000000,44857386.54999999,98751.00000000,0.00220144
WOART,2023,700,1,11,71851.64000000,44857386.54999999,170602.64000000,0.00380322
WOART,2023,700,1,12,50351.15000000,44857386.54999999,220953.79000000,0.00492569
WOART,2023,700,1,13,157707.11000000,44857386.54999999,378660.90000000,0.00844144
WOART,2023,700,1,14,125471.41000000,44857386.54999999,504132.31000000,0.01123856
WOART,2023,700,1,15,83476.75000000,44857386.54999999,587609.06000000,0.01309949
WOART,2023,700,1,16,86262.77000000,44857386.54999999,673871.83000000,0.01502254
WOART,2023,700,1,17,106583.24000000,44857386.54999999,780455.07000000,0.01739859
WOART,2023,700,1,18,76008.51000000,44857386.54999999,856463.58000000,0.01909303
WOART,2023,700,1,19,181724.69000000,44857386.54999999,1038188.27000000,0.02314420
WOART,2023,700,1,21,188591.93000000,44857386.54999999,1226780.20000000,0.02734845
WOART,2023,700,1,23,22586.85000000,44857386.54999999,1249367.05000000,0.02785198
WOART,2023,700,1,24,47637.44000000,44857386.54999999,1297004.49000000,0.02891396
WOART,2023,700,1,26,105147.01000000,44857386.54999999,1402151.50000000,0.03125798
WOART,2023,700,1,29,42554.82000000,44857386.54999999,1444706.32000000,0.03220665
WOART,2023,700,1,31,45053.82000000,44857386.54999999,1489760.14000000,0.03321103
WOART,2023,700,1,40,29402.01000000,44857386.54999999,1519162.15000000,0.03386649
WOART,2023,700,2,6,27150.18000000,4241604.09000000,27150.18000000,0.00640092
WOART,2023,700,2,7,32212.04000000,4241604.09000000,59362.22000000,0.01399523
WOART,2023,700,2,11,5117.79000000,4241604.09000000,64480.01000000,0.01520180
WOART,2023,700,2,13,18510.93000000,4241604.09000000,82990.94000000,0.01956593
WOART,2023,700,2,15,56131.76000000,4241604.09000000,139122.70000000,0.03279955
WOART,2023,700,2,20,29069.80000000,4241604.09000000,168192.50000000,0.03965304
WOART,2023,700,2,22,19088.57000000,4241604.09000000,187281.07000000,0.04415336
WOART,2023,700,2,24,22349.38000000,4241604.09000000,209630.45000000,0.04942245
WOART,2023,700,2,28,25938.05000000,4241604.09000000,235568.50000000,0.05553760
WOART,2023,700,2,31,3152.29000000,4241604.09000000,238720.79000000,0.05628078
WOART,2023,710,1,8,40758.11000000,45905737.92000005,40758.11000000,0.00088787
WOART,2023,710,1,10,57158.16000000,45905737.92000005,97916.27000000,0.00213299
WOART,2023,710,1,11,17946.42000000,45905737.92000005,115862.69000000,0.00252393
WOART,2023,710,1,12,62891.02000000,45905737.92000005,178753.71000000,0.00389393
WOART,2023,710,1,13,95651.65000000,45905737.92000005,274405.36000000,0.00597758
WOART,2023,710,1,14,64063.31000000,45905737.92000005,338468.67000000,0.00737312
WOART,2023,710,1,15,62827.39000000,45905737.92000005,401296.06000000,0.00874174
WOART,2023,710,1,16,95773.65000000,45905737.92000005,497069.71000000,0.01082805
WOART,2023,710,1,17,143458.50000000,45905737.92000005,640528.21000000,0.01395312
WOART,2023,710,1,18,22833.29000000,45905737.92000005,663361.50000000,0.01445051
WOART,2023,710,1,19,70271.26000000,45905737.92000005,733632.76000000,0.01598129
WOART,2023,710,1,20,83515.60000000,45905737.92000005,817148.36000000,0.01780057
WOART,2023,710,1,22,36603.73000000,45905737.92000005,853752.09000000,0.01859794
WOART,2023,710,1,23,27451.06000000,45905737.92000005,881203.15000000,0.01919593
WOART,2023,710,1,24,33182.30000000,45905737.92000005,914385.45000000,0.01991876
WOART,2023,710,1,25,51283.45000000,45905737.92000005,965668.90000000,0.02103591
WOART,2023,710,1,26,59818.55000000,45905737.92000005,1025487.45000000,0.02233898
WOART,2023,710,1,27,54436.89000000,45905737.92000005,1079924.34000000,0.02352482
WOART,2023,710,1,28,36559.16000000,45905737.92000005,1116483.50000000,0.02432122
WOART,2023,710,1,29,74095.55000000,45905737.92000005,1190579.05000000,0.02593530
WOART,2023,710,1,30,62572.35000000,45905737.92000005,1253151.40000000,0.02729836
WOART,2023,710,1,34,24787.91000000,45905737.92000005,1277939.31000000,0.02783833
WOART,2023,710,2,8,30085.21000000,3932695.36000000,30085.21000000,0.00765002
WOART,2023,710,2,12,31487.23000000,3932695.36000000,61572.44000000,0.01565655
WOART,2023,710,2,18,19672.11000000,3932695.36000000,81244.55000000,0.02065874
WOART,2023,710,2,20,32682.29000000,3932695.36000000,113926.84000000,0.02896915
WOART,2023,710,2,21,62816.47000000,3932695.36000000,176743.31000000,0.04494203
WOART,2023,710,2,22,26610.46000000,3932695.36000000,203353.77000000,0.05170850
WOART,2023,710,2,25,23440.40000000,3932695.36000000,226794.17000000,0.05766889
WOART,2023,720,1,10,111649.46000000,55957831.13999998,111649.46000000,0.00199524
WOART,2023,720,1,11,128676.19000000,55957831.13999998,240325.65000000,0.00429476
WOART,2023,720,1,12,84149.52000000,55957831.13999998,324475.17000000,0.00579857
WOART,2023,720,1,13,12177.19000000,55957831.13999998,336652.36000000,0.00601618
WOART,2023,720,1,14,90127.46000000,55957831.13999998,426779.82000000,0.00762681
WOART,2023,720,1,15,1341.77000000,55957831.13999998,428121.59000000,0.00765079
WOART,2023,720,1,16,28828.43000000,55957831.13999998,456950.02000000,0.00816597
WOART,2023,720,1,17,28550.52000000,55957831.13999998,485500.54000000,0.00867619
WOART,2023,720,1,18,84769.31000000,55957831.13999998,570269.85000000,0.01019106
WOART,2023,720,1,20,59781.98000000,55957831.13999998,630051.83000000,0.01125940
WOART,2023,720,1,21,22749.40000000,55957831.13999998,652801.23000000,0.01166595
WOART,2023,720,1,22,44491.30000000,55957831.13999998,697292.53000000,0.01246104
WOART,2023,720,1,23,17441.28000000,55957831.13999998,714733.81000000,0.01277272
WOART,2023,720,1,24,126814.32000000,55957831.13999998,841548.13000000,0.01503897
WOART,2023,720,1,25,63749.93000000,55957831.13999998,905298.06000000,0.01617822
WOART,2023,720,1,26,34998.02000000,55957831.13999998,940296.08000000,0.01680365
WOART,2023,720,1,27,39621.93000000,55957831.13999998,979918.01000000,0.01751172
WOART,2023,720,1,28,23183.79000000,55957831.13999998,1003101.80000000,0.01792603
WOART,2023,720,1,29,55972.93000000,55957831.13999998,1059074.73000000,0.01892630
WOART,2023,720,1,31,60250.51000000,55957831.13999998,1119325.24000000,0.02000301
WOART,2023,720,1,34,28301.32000000,55957831.13999998,1147626.56000000,0.02050877
WOART,2023,720,2,8,21213.03000000,5619294.84000000,21213.03000000,0.00377503
WOART,2023,720,2,10,28990.66000000,5619294.84000000,50203.69000000,0.00893416
WOART,2023,720,2,11,30416.96000000,5619294.84000000,80620.65000000,0.01434711
WOART,2023,720,2,14,32612.90000000,5619294.84000000,113233.55000000,0.02015085
WOART,2023,720,2,16,395.24000000,5619294.84000000,113628.79000000,0.02022118
WOART,2023,720,2,18,19100.84000000,5619294.84000000,132729.63000000,0.02362034
WOART,2023,720,2,19,62089.95000000,5619294.84000000,194819.58000000,0.03466976
WOART,2023,720,2,20,28063.89000000,5619294.84000000,222883.47000000,0.03966396
WOART,2023,720,2,29,27627.72000000,5619294.84000000,250511.19000000,0.04458054
WOART,2023,730,1,11,70677.09000000,56373801.98000002,70677.09000000,0.00125372
WOART,2023,730,1,13,1114.06000000,56373801.98000002,71791.15000000,0.00127348
WOART,2023,730,1,14,31793.85000000,56373801.98000002,103585.00000000,0.00183747
WOART,2023,730,1,15,5814.82000000,56373801.98000002,109399.82000000,0.00194061
WOART,2023,730,1,16,127673.89000000,56373801.98000002,237073.71000000,0.00420539
WOART,2023,730,1,17,28054.18000000,56373801.98000002,265127.89000000,0.00470303
WOART,2023,730,1,18,47789.16000000,56373801.98000002,312917.05000000,0.00555075
WOART,2023,730,1,19,36356.94000000,56373801.98000002,349273.99000000,0.00619568
WOART,2023,730,1,20,121720.56000000,56373801.98000002,470994.55000000,0.00835485
WOART,2023,730,1,22,30748.45000000,56373801.98000002,501743.00000000,0.00890029
WOART,2023,730,1,23,103900.62000000,56373801.98000002,605643.62000000,0.01074335
WOART,2023,730,1,24,59285.31000000,56373801.98000002,664928.93000000,0.01179500
WOART,2023,730,1,25,62705.87000000,56373801.98000002,727634.80000000,0.01290732
WOART,2023,730,1,27,40807.41000000,56373801.98000002,768442.21000000,0.01363119
WOART,2023,730,1,28,58858.56000000,56373801.98000002,827300.77000000,0.01467527
WOART,2023,730,1,29,28260.95000000,56373801.98000002,855561.72000000,0.01517658
WOART,2023,730,1,40,14847.71000000,56373801.98000002,870409.43000000,0.01543996
WOART,2023,730,2,16,16737.94000000,5116624.30000000,16737.94000000,0.00327129
WOART,2023,730,2,17,30544.96000000,5116624.30000000,47282.90000000,0.00924103
WOART,2023,730,2,22,38762.97000000,5116624.30000000,86045.87000000,0.01681692
WOART,2023,730,2,25,5006.21000000,5116624.30000000,91052.08000000,0.01779534
WOART,2023,730,2,26,22991.93000000,5116624.30000000,114044.01000000,0.02228892
WOART,2023,740,1,11,36821.29000000,49951577.73999989,36821.29000000,0.00073714
WOART,2023,740,1,12,7836.82000000,49951577.73999989,44658.11000000,0.00089403
WOART,2023,740,1,13,67737.26000000,49951577.73999989,112395.37000000,0.00225009
WOART,2023,740,1,15,37355.22000000,49951577.73999989,149750.59000000,0.00299792
WOART,2023,740,1,16,26060.78000000,49951577.73999989,175811.37000000,0.00351964
WOART,2023,740,1,17,61100.58000000,49951577.73999989,236911.95000000,0.00474283
WOART,2023,740,1,18,69444.10000000,49951577.73999989,306356.05000000,0.00613306
WOART,2023,740,1,19,33793.87000000,49951577.73999989,340149.92000000,0.00680959
WOART,2023,740,1,20,35713.65000000,49951577.73999989,375863.57000000,0.00752456
WOART,2023,740,1,21,75605.69000000,49951577.73999989,451469.26000000,0.00903814
WOART,2023,740,1,22,462.31000000,49951577.73999989,451931.57000000,0.00904739
WOART,2023,740,1,32,26885.78000000,49951577.73999989,478817.35000000,0.00958563
WOART,2023,740,2,14,14974.13000000,3766212.31000000,14974.13000000,0.00397591
WOART,2023,740,2,17,57006.43000000,3766212.31000000,71980.56000000,0.01911219
WOART,2023,740,2,32,19031.22000000,3766212.31000000,91011.78000000,0.02416533
WOART,2023,750,1,11,47287.91000000,55705791.31999999,47287.91000000,0.00084889
WOART,2023,750,1,12,50604.10000000,55705791.31999999,97892.01000000,0.00175730
WOART,2023,750,1,13,23421.19000000,55705791.31999999,121313.20000000,0.00217775
WOART,2023,750,1,14,24388.00000000,55705791.31999999,145701.20000000,0.00261555
WOART,2023,750,1,17,31913.38000000,55705791.31999999,177614.58000000,0.00318844
WOART,2023,750,1,18,79269.37000000,55705791.31999999,256883.95000000,0.00461144
WOART,2023,750,1,20,38687.83000000,55705791.31999999,295571.78000000,0.00530594
WOART,2023,750,1,24,38780.55000000,55705791.31999999,334352.33000000,0.00600211
WOART,2023,750,1,25,29724.32000000,55705791.31999999,364076.65000000,0.00653571
WOART,2023,750,1,26,55353.39000000,55705791.31999999,419430.04000000,0.00752938
WOART,2023,750,1,31,38247.57000000,55705791.31999999,457677.61000000,0.00821598
WOART,2023,750,2,13,14966.09000000,3704253.09000000,14966.09000000,0.00404024
WOART,2023,750,2,14,45108.70000000,3704253.09000000,60074.79000000,0.01621779
WOART,2023,750,2,15,34915.85000000,3704253.09000000,94990.64000000,0.02564367
WOART,2023,750,2,16,22083.33000000,3704253.09000000,117073.97000000,0.03160528
WOART,2023,750,2,20,39731.84000000,3704253.09000000,156805.81000000,0.04233129
WOART,2023,750,2,30,51889.74000000,3704253.09000000,208695.55000000,0.05633944
WOART,2023,760,1,7,35754.49000000,49971096.32000005,35754.49000000,0.00071550
WOART,2023,760,1,8,68080.70000000,49971096.32000005,103835.19000000,0.00207790
WOART,2023,760,1,13,40582.43000000,49971096.32000005,144417.62000000,0.00289002
WOART,2023,760,1,14,63052.46000000,49971096.32000005,207470.08000000,0.00415180
WOART,2023,760,1,15,29061.60000000,49971096.32000005,236531.68000000,0.00473337
WOART,2023,760,1,19,59164.12000000,49971096.32000005,295695.80000000,0.00591734
WOART,2023,760,1,21,21705.91000000,49971096.32000005,317401.71000000,0.00635171
WOART,2023,760,1,22,41456.76000000,49971096.32000005,358858.47000000,0.00718132
WOART,2023,760,1,25,40899.76000000,49971096.32000005,399758.23000000,0.00799979
WOART,2023,760,1,26,30123.55000000,49971096.32000005,429881.78000000,0.00860261
WOART,2023,760,1,28,60852.76000000,49971096.32000005,490734.54000000,0.00982037
WOART,2023,760,1,29,3317.24000000,49971096.32000005,494051.78000000,0.00988675
WOART,2023,760,1,36,13910.34000000,49971096.32000005,507962.12000000,0.01016512
WOART,2023,760,1,40,2888.07000000,49971096.32000005,510850.19000000,0.01022291
WOART,2023,760,2,24,36825.75000000,2896564.90000000,36825.75000000,0.01271359
WOART,2023,760,2,27,32194.61000000,2896564.90000000,69020.36000000,0.02382835
WOART,2023,760,2,35,20589.16000000,2896564.90000000,89609.52000000,0.03093648
WOART,2023,770,1,9,44438.54000000,57779904.48999996,44438.54000000,0.00076910
WOART,2023,770,1,11,33797.79000000,57779904.48999996,78236.33000000,0.00135404
WOART,2023,770,1,13,25148.82000000,57779904.48999996,103385.15000000,0.00178929
WOART,2023,770,1,18,73828.07000000,57779904.48999996,177213.22000000,0.00306704
WOART,2023,770,1,19,35434.75000000,57779904.48999996,212647.97000000,0.00368031
WOART,2023,770,1,23,104685.45000000,57779904.48999996,317333.42000000,0.00549211
WOART,2023,770,1,25,78520.47000000,57779904.48999996,395853.89000000,0.00685107
WOART,2023,770,1,26,33924.71000000,57779904.48999996,429778.60000000,0.00743820
WOART,2023,770,1,28,38672.83000000,57779904.48999996,468451.43000000,0.00810751
WOART,2023,780,1,9,275.62000000,60471420.96000007,275.62000000,0.00000456
WOART,2023,780,1,11,46537.03000000,60471420.96000007,46812.65000000,0.00077413
WOART,2023,780,1,12,35859.40000000,60471420.96000007,82672.05000000,0.00136713
WOART,2023,780,1,17,55651.53000000,60471420.96000007,138323.58000000,0.00228742
WOART,2023,780,1,19,41872.23000000,60471420.96000007,180195.81000000,0.00297985
WOART,2023,780,1,20,4040.68000000,60471420.96000007,184236.49000000,0.00304667
WOART,2023,780,1,22,46253.39000000,60471420.96000007,230489.88000000,0.00381155
WOART,2023,780,1,23,33578.39000000,60471420.96000007,264068.27000000,0.00436683
WOART,2023,780,1,27,245.78000000,60471420.96000007,264314.05000000,0.00437089
WOART,2023,780,2,15,30560.39000000,2781064.18000000,30560.39000000,0.01098874
WOART,2023,780,2,17,37817.43000000,2781064.18000000,68377.82000000,0.02458693
WOART,2023,790,1,19,25256.14000000,55143986.02999998,25256.14000000,0.00045800
WOART,2023,790,1,21,38630.90000000,55143986.02999998,63887.04000000,0.00115855
WOART,2023,790,1,26,378.99000000,55143986.02999998,64266.03000000,0.00116542
WOART,2023,790,1,27,36270.72000000,55143986.02999998,100536.75000000,0.00182317
WOART,2023,790,1,30,19626.41000000,55143986.02999998,120163.16000000,0.00217908
WOART,2023,800,1,9,25733.81000000,63849409.63000005,25733.81000000,0.00040304
WOART,2023,800,1,16,44513.49000000,63849409.63000005,70247.30000000,0.00110020
WOART,2023,800,1,17,39999.45000000,63849409.63000005,110246.75000000,0.00172667
WOART,2023,800,1,18,35833.61000000,63849409.63000005,146080.36000000,0.00228789
WOART,2023,800,1,20,43486.90000000,63849409.63000005,189567.26000000,0.00296897
WOART,2023,800,1,26,28410.55000000,63849409.63000005,217977.81000000,0.00341394
WOART,2023,800,1,27,29410.94000000,63849409.63000005,247388.75000000,0.00387457
WOART,2023,800,1,28,4416.28000000,63849409.63000005,251805.03000000,0.00394373
WOART,2023,800,1,35,24497.60000000,63849409.63000005,276302.63000000,0.00432741
WOART,2023,800,2,13,27411.40000000,2287611.38000000,27411.40000000,0.01198254
WOART,2023,800,2,25,42715.20000000,2287611.38000000,70126.60000000,0.03065494
WOART,2023,800,2,26,29671.24000000,2287611.38000000,99797.84000000,0.04362535
WOART,2023,810,1,20,47851.89000000,54512136.72999999,47851.89000000,0.00087782
WOART,2023,810,1,26,1627.18000000,54512136.72999999,49479.07000000,0.00090767
WOART,2023,810,1,27,45818.46000000,54512136.72999999,95297.53000000,0.00174819
WOART,2023,810,2,34,47262.67000000,1464483.01000000,47262.67000000,0.03227260
WOART,2023,820,1,7,41534.31000000,60876917.14999997,41534.31000000,0.00068227
WOART,2023,820,1,11,36794.75000000,60876917.14999997,78329.06000000,0.00128668
WOART,2023,820,1,18,43426.27000000,60876917.14999997,121755.33000000,0.00200002
WOART,2023,820,1,26,9911.60000000,60876917.14999997,131666.93000000,0.00216284
WOART,2023,820,1,30,33251.34000000,60876917.14999997,164918.27000000,0.00270904
WOART,2023,830,1,14,42016.72000000,52810387.73000006,42016.72000000,0.00079561
WOART,2023,830,1,15,114452.77000000,52810387.73000006,156469.49000000,0.00296285
WOART,2023,840,1,25,26616.99000000,46518025.95999994,26616.99000000,0.00057219
WOART,2023,840,1,26,43847.90000000,46518025.95999994,70464.89000000,0.00151479
WOART,2023,860,2,24,12516.37000000,326231.49000000,12516.37000000,0.03836653
WOART,2023,870,1,15,43112.50000000,19698961.80000002,43112.50000000,0.00218857
WOART,2023,870,1,18,29164.36000000,19698961.80000002,72276.86000000,0.00366907
WOART,2023,870,1,30,22213.11000000,19698961.80000002,94489.97000000,0.00479670
WOART,2024,650,1,6,112139.59000000,78177232.75000000,112139.59000000,0.00143443
WOART,2024,650,1,7,142146.01000000,78177232.75000000,254285.60000000,0.00325268
WOART,2024,650,1,8,354437.65000000,78177232.75000000,608723.25000000,0.00778645
WOART,2024,650,1,9,408382.27000000,78177232.75000000,1017105.52000000,0.01301025
WOART,2024,650,1,10,451652.42000000,78177232.75000000,1468757.94000000,0.01878754
WOART,2024,650,1,11,466197.90000000,78177232.75000000,1934955.84000000,0.02475089
WOART,2024,650,1,12,417587.46000000,78177232.75000000,2352543.30000000,0.03009244
WOART,2024,650,1,13,112842.73000000,78177232.75000000,2465386.03000000,0.03153586
WOART,2024,650,1,14,356617.50000000,78177232.75000000,2822003.53000000,0.03609751
WOART,2024,650,1,15,348626.70000000,78177232.75000000,3170630.23000000,0.04055695
WOART,2024,650,1,16,393213.35000000,78177232.75000000,3563843.58000000,0.04558672
WOART,2024,650,1,17,333904.90000000,78177232.75000000,3897748.48000000,0.04985785
WOART,2024,650,1,18,223702.54000000,78177232.75000000,4121451.02000000,0.05271933
WOART,2024,650,1,19,398021.21000000,78177232.75000000,4519472.23000000,0.05781059
WOART,2024,650,1,20,553075.21000000,78177232.75000000,5072547.44000000,0.06488523
WOART,2024,650,1,21,399014.31000000,78177232.75000000,5471561.75000000,0.06998920
WOART,2024,650,1,22,219347.17000000,78177232.75000000,5690908.92000000,0.07279496
WOART,2024,650,1,23,418490.12000000,78177232.75000000,6109399.04000000,0.07814806
WOART,2024,650,1,24,141785.81000000,78177232.75000000,6251184.85000000,0.07996171
WOART,2024,650,1,25,228111.53000000,78177232.75000000,6479296.38000000,0.08287958
WOART,2024,650,1,26,143215.31000000,78177232.75000000,6622511.69000000,0.08471151
WOART,2024,650,1,27,29344.63000000,78177232.75000000,6651856.32000000,0.08508687
WOART,2024,650,2,7,41708.63000000,3177553.63000000,41708.63000000,0.01312602
WOART,2024,650,2,10,17663.18000000,3177553.63000000,59371.81000000,0.01868475
WOART,2024,650,2,12,381.98000000,3177553.63000000,59753.79000000,0.01880497
WOART,2024,650,2,14,83300.42000000,3177553.63000000,143054.21000000,0.04502023
WOART,2024,650,2,15,33431.30000000,3177553.63000000,176485.51000000,0.05554132
WOART,2024,650,2,16,5232.49000000,3177553.63000000,181718.00000000,0.05718802
WOART,2024,650,2,24,29644.29000000,3177553.63000000,211362.29000000,0.06651730
WOART,2024,650,2,27,39250.57000000,3177553.63000000,250612.86000000,0.07886975
WOART,2024,660,1,6,147610.60000000,116745198.38999996,147610.60000000,0.00126438
WOART,2024,660,1,7,284741.01000000,116745198.38999996,432351.61000000,0.00370338
WOART,2024,660,1,8,465371.72000000,116745198.38999996,897723.33000000,0.00768960
WOART,2024,660,1,9,289477.57000000,116745198.38999996,1187200.90000000,0.01016916
WOART,2024,660,1,10,532390.54000000,116745198.38999996,1719591.44000000,0.01472944
WOART,2024,660,1,11,288934.75000000,116745198.38999996,2008526.19000000,0.01720436
WOART,2024,660,1,12,447235.15000000,116745198.38999996,2455761.34000000,0.02103522
WOART,2024,660,1,13,284972.62000000,116745198.38999996,2740733.96000000,0.02347620
WOART,2024,660,1,14,501349.86000000,116745198.38999996,3242083.82000000,0.02777060
WOART,2024,660,1,15,634682.14000000,116745198.38999996,3876765.96000000,0.03320707
WOART,2024,660,1,16,578640.32000000,116745198.38999996,4455406.28000000,0.03816351
WOART,2024,660,1,17,353227.03000000,116745198.38999996,4808633.31000000,0.04118913
WOART,2024,660,1,18,615320.61000000,116745198.38999996,5423953.92000000,0.04645976
WOART,2024,660,1,19,358689.14000000,116745198.38999996,5782643.06000000,0.04953217
WOART,2024,660,1,20,342587.74000000,116745198.38999996,6125230.80000000,0.05246666
WOART,2024,660,1,21,289985.41000000,116745198.38999996,6415216.21000000,0.05495058
WOART,2024,660,1,22,479953.96000000,116745198.38999996,6895170.17000000,0.05906170
WOART,2024,660,1,23,165643.70000000,116745198.38999996,7060813.87000000,0.06048055
WOART,2024,660,1,24,250903.25000000,116745198.38999996,7311717.12000000,0.06262970
WOART,2024,660,1,25,138797.78000000,116745198.38999996,7450514.90000000,0.06381860
WOART,2024,660,1,26,83140.73000000,116745198.38999996,7533655.63000000,0.06453075
WOART,2024,660,1,27,154401.22000000,116745198.38999996,7688056.85000000,0.06585330
WOART,2024,660,1,28,62198.08000000,116745198.38999996,7750254.93000000,0.06638607
WOART,2024,660,2,5,51564.06000000,3661543.25000000,51564.06000000,0.01408260
WOART,2024,660,2,6,43073.39000000,3661543.25000000,94637.45000000,0.02584633
WOART,2024,660,2,7,59090.72000000,3661543.25000000,153728.17000000,0.04198453
WOART,2024,660,2,8,-300.42000000,3661543.25000000,153427.75000000,0.04190248
WOART,2024,660,2,9,28951.22000000,3661543.25000000,182378.97000000,0.04980932
WOART,2024,660,2,10,37424.86000000,3661543.25000000,219803.83000000,0.06003038
WOART,2024,660,2,13,-1124.20000000,3661543.25000000,218679.63000000,0.05972335
WOART,2024,660,2,15,55452.68000000,3661543.25000000,274132.31000000,0.07486797
WOART,2024,660,2,16,21906.03000000,3661543.25000000,296038.34000000,0.08085070
WOART,2024,660,2,18,29759.12000000,3661543.25000000,325797.46000000,0.08897818
WOART,2024,660,2,19,44085.23000000,3661543.25000000,369882.69000000,0.10101825
WOART,2024,660,2,20,32699.15000000,3661543.25000000,402581.84000000,0.10994868
WOART,2024,660,2,22,19251.68000000,3661543.25000000,421833.52000000,0.11520648
WOART,2024,660,2,25,23073.55000000,3661543.25000000,444907.07000000,0.12150807
WOART,2024,670,1,5,119265.44000000,138364581.81000009,119265.44000000,0.00086197
WOART,2024,670,1,6,158165.03000000,138364581.81000009,277430.47000000,0.00200507
WOART,2024,670,1,7,400352.13000000,138364581.81000009,677782.60000000,0.00489853
WOART,2024,670,1,8,118214.62000000,138364581.81000009,795997.22000000,0.00575290
WOART,2024,670,1,9,521530.70000000,138364581.81000009,1317527.92000000,0.00952215
WOART,2024,670,1,10,476007.89000000,138364581.81000009,1793535.81000000,0.01296239
WOART,2024,670,1,11,790623.88000000,138364581.81000009,2584159.69000000,0.01867645
WOART,2024,670,1,12,376592.60000000,138364581.81000009,2960752.29000000,0.02139819
WOART,2024,670,1,13,492409.48000000,138364581.81000009,3453161.77000000,0.02495698
WOART,2024,670,1,14,602436.23000000,138364581.81000009,4055598.00000000,0.02931095
WOART,2024,670,1,15,659282.35000000,138364581.81000009,4714880.35000000,0.03407577
WOART,2024,670,1,16,390473.06000000,138364581.81000009,5105353.41000000,0.03689783
WOART,2024,670,1,17,588975.65000000,138364581.81000009,5694329.06000000,0.04115453
WOART,2024,670,1,18,564634.03000000,138364581.81000009,6258963.09000000,0.04523530
WOART,2024,670,1,19,511675.29000000,138364581.81000009,6770638.38000000,0.04893332
WOART,2024,670,1,20,827994.93000000,138364581.81000009,7598633.31000000,0.05491747
WOART,2024,670,1,21,644950.22000000,138364581.81000009,8243583.53000000,0.05957871
WOART,2024,670,1,22,258916.50000000,138364581.81000009,8502500.03000000,0.06144997
WOART,2024,670,1,23,200611.75000000,138364581.81000009,8703111.78000000,0.06289985
WOART,2024,670,1,24,337685.74000000,138364581.81000009,9040797.52000000,0.06534040
WOART,2024,670,1,25,235788.38000000,138364581.81000009,9276585.90000000,0.06704451
WOART,2024,670,1,26,179725.57000000,138364581.81000009,9456311.47000000,0.06834344
WOART,2024,670,1,27,230779.77000000,138364581.81000009,9687091.24000000,0.07001135
WOART,2024,670,1,28,90081.97000000,138364581.81000009,9777173.21000000,0.07066240
WOART,2024,670,2,8,31115.01000000,3930926.11000000,31115.01000000,0.00791544
WOART,2024,670,2,9,506.80000000,3930926.11000000,31621.81000000,0.00804437
WOART,2024,670,2,10,36418.65000000,3930926.11000000,68040.46000000,0.01730902
WOART,2024,670,2,11,4690.92000000,3930926.11000000,72731.38000000,0.01850235
WOART,2024,670,2,12,31845.21000000,3930926.11000000,104576.59000000,0.02660355
WOART,2024,670,2,13,28107.12000000,3930926.11000000,132683.71000000,0.03375380
WOART,2024,670,2,14,61365.61000000,3930926.11000000,194049.32000000,0.04936478
WOART,2024,670,2,15,55209.37000000,3930926.11000000,249258.69000000,0.06340966
WOART,2024,670,2,17,27311.02000000,3930926.11000000,276569.71000000,0.07035739
WOART,2024,670,2,20,31663.19000000,3930926.11000000,308232.90000000,0.07841229
WOART,2024,670,2,21,25339.42000000,3930926.11000000,333572.32000000,0.08485846
WOART,2024,670,2,22,24444.35000000,3930926.11000000,358016.67000000,0.09107693
WOART,2024,680,1,5,31170.45000000,134258276.65000015,31170.45000000,0.00023217
WOART,2024,680,1,6,121996.96000000,134258276.65000015,153167.41000000,0.00114084
WOART,2024,680,1,7,38382.77000000,134258276.65000015,191550.18000000,0.00142673
WOART,2024,680,1,8,196046.68000000,134258276.65000015,387596.86000000,0.00288695
WOART,2024,680,1,9,302944.36000000,134258276.65000015,690541.22000000,0.00514338
WOART,2024,680,1,10,401236.83000000,134258276.65000015,1091778.05000000,0.00813192
WOART,2024,680,1,11,251798.93000000,134258276.65000015,1343576.98000000,0.01000741
WOART,2024,680,1,12,442865.72000000,134258276.65000015,1786442.70000000,0.01330602
WOART,2024,680,1,13,110245.05000000,134258276.65000015,1896687.75000000,0.01412716
WOART,2024,680,1,14,221893.14000000,134258276.65000015,2118580.89000000,0.01577989
WOART,2024,680,1,15,375881.30000000,134258276.65000015,2494462.19000000,0.01857958
WOART,2024,680,1,16,712468.50000000,134258276.65000015,3206930.69000000,0.02388628
WOART,2024,680,1,17,484449.48000000,134258276.65000015,3691380.17000000,0.02749462
WOART,2024,680,1,18,469075.96000000,134258276.65000015,4160456.13000000,0.03098845
WOART,2024,680,1,19,215762.95000000,134258276.65000015,4376219.08000000,0.03259553
WOART,2024,680,1,20,369385.76000000,134258276.65000015,4745604.84000000,0.03534683
WOART,2024,680,1,21,520247.29000000,134258276.65000015,5265852.13000000,0.03922181
WOART,2024,680,1,22,416115.70000000,134258276.65000015,5681967.83000000,0.04232117
WOART,2024,680,1,23,171687.40000000,134258276.65000015,5853655.23000000,0.04359996
WOART,2024,680,1,24,277343.66000000,134258276.65000015,6130998.89000000,0.04566571
WOART,2024,680,1,25,187686.10000000,134258276.65000015,6318684.99000000,0.04706365
WOART,2024,680,1,26,106225.77000000,134258276.65000015,6424910.76000000,0.04785486
WOART,2024,680,1,27,49961.00000000,134258276.65000015,6474871.76000000,0.04822698
WOART,2024,680,2,8,3231.82000000,7635636.22000000,3231.82000000,0.00042325
WOART,2024,680,2,10,72980.87000000,7635636.22000000,76212.69000000,0.00998118
WOART,2024,680,2,11,133867.10000000,7635636.22000000,210079.79000000,0.02751307
WOART,2024,680,2,13,669.58000000,7635636.22000000,210749.37000000,0.02760076
WOART,2024,680,2,15,46285.14000000,7635636.22000000,257034.51000000,0.03366249
WOART,2024,680,2,16,62631.75000000,7635636.22000000,319666.26000000,0.04186505
WOART,2024,680,2,18,111294.80000000,7635636.22000000,430961.06000000,0.05644075
WOART,2024,680,2,19,19168.69000000,7635636.22000000,450129.75000000,0.05895118
WOART,2024,680,2,23,61332.33000000,7635636.22000000,511462.08000000,0.06698356
WOART,2024,690,1,4,32285.38000000,141335218.78000006,32285.38000000,0.00022843
WOART,2024,690,1,5,86525.63000000,141335218.78000006,118811.01000000,0.00084063
WOART,2024,690,1,6,117437.79000000,141335218.78000006,236248.80000000,0.00167155
WOART,2024,690,1,7,254126.08000000,141335218.78000006,490374.88000000,0.00346959
WOART,2024,690,1,8,173890.74000000,141335218.78000006,664265.62000000,0.00469993
WOART,2024,690,1,9,39704.24000000,141335218.78000006,703969.86000000,0.00498085
WOART,2024,690,1,10,410463.17000000,141335218.78000006,1114433.03000000,0.00788503
WOART,2024,690,1,11,390445.96000000,141335218.78000006,1504878.99000000,0.01064759
WOART,2024,690,1,12,376843.45000000,141335218.78000006,1881722.44000000,0.01331390
WOART,2024,690,1,13,181191.82000000,141335218.78000006,2062914.26000000,0.01459590
WOART,2024,690,1,14,411017.31000000,141335218.78000006,2473931.57000000,0.01750400
WOART,2024,690,1,15,251715.73000000,141335218.78000006,2725647.30000000,0.01928498
WOART,2024,690,1,16,498015.13000000,141335218.78000006,3223662.43000000,0.02280863
WOART,2024,690,1,17,432749.94000000,141335218.78000006,3656412.37000000,0.02587050
WOART,2024,690,1,18,427355.23000000,141335218.78000006,4083767.60000000,0.02889420
WOART,2024,690,1,19,404653.95000000,141335218.78000006,4488421.55000000,0.03175728
WOART,2024,690,1,20,474822.36000000,141335218.78000006,4963243.91000000,0.03511682
WOART,2024,690,1,21,301539.32000000,141335218.78000006,5264783.23000000,0.03725033
WOART,2024,690,1,22,350246.41000000,141335218.78000006,5615029.64000000,0.03972845
WOART,2024,690,1,23,329520.26000000,141335218.78000006,5944549.90000000,0.04205993
WOART,2024,690,1,24,122765.45000000,141335218.78000006,6067315.35000000,0.04292855
WOART,2024,690,1,25,52817.02000000,141335218.78000006,6120132.37000000,0.04330225
WOART,2024,690,1,26,171672.90000000,141335218.78000006,6291805.27000000,0.04451690
WOART,2024,690,2,4,28912.16000000,8626979.34000000,28912.16000000,0.00335137
WOART,2024,690,2,8,47467.87000000,8626979.34000000,76380.03000000,0.00885362
WOART,2024,690,2,9,23404.90000000,8626979.34000000,99784.93000000,0.01156661
WOART,2024,690,2,10,37547.03000000,8626979.34000000,137331.96000000,0.01591889
WOART,2024,690,2,11,98096.43000000,8626979.34000000,235428.39000000,0.02728978
WOART,2024,690,2,12,98285.06000000,8626979.34000000,333713.45000000,0.03868254
WOART,2024,690,2,15,66183.49000000,8626979.34000000,399896.94000000,0.04635422
WOART,2024,690,2,16,77774.99000000,8626979.34000000,477671.93000000,0.05536955
WOART,2024,690,2,17,39490.36000000,8626979.34000000,517162.29000000,0.05994709
WOART,2024,690,2,18,23966.00000000,8626979.34000000,541128.29000000,0.06272512
WOART,2024,690,2,20,27429.42000000,8626979.34000000,568557.71000000,0.06590461
WOART,2024,690,2,21,17929.63000000,8626979.34000000,586487.34000000,0.06798293
WOART,2024,690,2,22,27314.49000000,8626979.34000000,613801.83000000,0.07114910
WOART,2024,690,2,23,56791.28000000,8626979.34000000,670593.11000000,0.07773209
WOART,2024,690,2,24,29242.27000000,8626979.34000000,699835.38000000,0.08112172
WOART,2024,690,2,25,4417.63000000,8626979.34000000,704253.01000000,0.08163379
WOART,2024,690,2,27,47411.81000000,8626979.34000000,751664.82000000,0.08712955
WOART,2024,700,1,5,59702.62000000,143568590.52000013,59702.62000000,0.00041585
WOART,2024,700,1,6,74236.14000000,143568590.52000013,133938.76000000,0.00093293
WOART,2024,700,1,7,110273.92000000,143568590.52000013,244212.68000000,0.00170102
WOART,2024,700,1,8,48079.95000000,143568590.52000013,292292.63000000,0.00203591
WOART,2024,700,1,9,201817.37000000,143568590.52000013,494110.00000000,0.00344163
WOART,2024,700,1,10,298474.47000000,143568590.52000013,792584.47000000,0.00552060
WOART,2024,700,1,11,36049.31000000,143568590.52000013,828633.78000000,0.00577169
WOART,2024,700,1,12,272484.57000000,143568590.52000013,1101118.35000000,0.00766963
WOART,2024,700,1,13,363487.00000000,143568590.52000013,1464605.35000000,0.01020143
WOART,2024,700,1,14,179721.81000000,143568590.52000013,1644327.16000000,0.01145325
WOART,2024,700,1,15,324111.56000000,143568590.52000013,1968438.72000000,0.01371079
WOART,2024,700,1,16,339011.71000000,143568590.52000013,2307450.43000000,0.01607211
WOART,2024,700,1,17,486889.33000000,143568590.52000013,2794339.76000000,0.01946345
WOART,2024,700,1,18,250600.31000000,143568590.52000013,3044940.07000000,0.02120896
WOART,2024,700,1,19,311343.05000000,143568590.52000013,3356283.12000000,0.02337756
WOART,2024,700,1,20,297422.24000000,143568590.52000013,3653705.36000000,0.02544920
WOART,2024,700,1,21,255054.59000000,143568590.52000013,3908759.95000000,0.02722573
WOART,2024,700,1,22,220534.97000000,143568590.52000013,4129294.92000000,0.02876183
WOART,2024,700,1,23,147832.74000000,143568590.52000013,4277127.66000000,0.02979153
WOART,2024,700,1,24,239768.40000000,143568590.52000013,4516896.06000000,0.03146159
WOART,2024,700,1,25,69567.25000000,143568590.52000013,4586463.31000000,0.03194615
WOART,2024,700,1,26,85372.35000000,143568590.52000013,4671835.66000000,0.03254079
WOART,2024,700,2,5,27771.81000000,10491834.34000000,27771.81000000,0.00264699
WOART,2024,700,2,6,79538.39000000,10491834.34000000,107310.20000000,0.01022797
WOART,2024,700,2,7,35063.90000000,10491834.34000000,142374.10000000,0.01356999
WOART,2024,700,2,9,73204.71000000,10491834.34000000,215578.81000000,0.02054729
WOART,2024,700,2,10,8914.65000000,10491834.34000000,224493.46000000,0.02139697
WOART,2024,700,2,11,67758.24000000,10491834.34000000,292251.70000000,0.02785516
WOART,2024,700,2,12,60043.83000000,10491834.34000000,352295.53000000,0.03357807
WOART,2024,700,2,15,30289.18000000,10491834.34000000,382584.71000000,0.03646500
WOART,2024,700,2,16,32997.22000000,10491834.34000000,415581.93000000,0.03961004
WOART,2024,700,2,18,22752.88000000,10491834.34000000,438334.81000000,0.04177866
WOART,2024,700,2,19,29163.52000000,10491834.34000000,467498.33000000,0.04455830
WOART,2024,700,2,21,48527.37000000,10491834.34000000,516025.70000000,0.04918355
WOART,2024,710,1,6,95520.61000000,128884987.40000013,95520.61000000,0.00074113
WOART,2024,710,1,7,86221.89000000,128884987.40000013,181742.50000000,0.00141011
WOART,2024,710,1,8,75407.10000000,128884987.40000013,257149.60000000,0.00199519
WOART,2024,710,1,9,122029.05000000,128884987.40000013,379178.65000000,0.00294199
WOART,2024,710,1,10,214103.14000000,128884987.40000013,593281.79000000,0.00460319
WOART,2024,710,1,11,201777.71000000,128884987.40000013,795059.50000000,0.00616875
WOART,2024,710,1,12,156274.84000000,128884987.40000013,951334.34000000,0.00738127
WOART,2024,710,1,13,161221.15000000,128884987.40000013,1112555.49000000,0.00863216
WOART,2024,710,1,14,233872.51000000,128884987.40000013,1346428.00000000,0.01044674
WOART,2024,710,1,15,320118.68000000,128884987.40000013,1666546.68000000,0.01293049
WOART,2024,710,1,16,251716.75000000,128884987.40000013,1918263.43000000,0.01488353
WOART,2024,710,1,17,196470.51000000,128884987.40000013,2114733.94000000,0.01640792
WOART,2024,710,1,18,227261.62000000,128884987.40000013,2341995.56000000,0.01817121
WOART,2024,710,1,19,119364.77000000,128884987.40000013,2461360.33000000,0.01909734
WOART,2024,710,1,20,289608.06000000,128884987.40000013,2750968.39000000,0.02134437
WOART,2024,710,1,21,162320.67000000,128884987.40000013,2913289.06000000,0.02260379
WOART,2024,710,1,22,175550.86000000,128884987.40000013,3088839.92000000,0.02396586
WOART,2024,710,1,23,55134.89000000,128884987.40000013,3143974.81000000,0.02439365
WOART,2024,710,1,24,144152.34000000,128884987.40000013,3288127.15000000,0.02551210
WOART,2024,710,1,25,171054.91000000,128884987.40000013,3459182.06000000,0.02683929
WOART,2024,710,1,26,22824.00000000,128884987.40000013,3482006.06000000,0.02701638
WOART,2024,710,1,27,41193.20000000,128884987.40000013,3523199.26000000,0.02733599
WOART,2024,710,2,6,23241.80000000,7841363.88000000,23241.80000000,0.00296400
WOART,2024,710,2,8,36597.09000000,7841363.88000000,59838.89000000,0.00763118
WOART,2024,710,2,9,61245.03000000,7841363.88000000,121083.92000000,0.01544169
WOART,2024,710,2,12,37478.54000000,7841363.88000000,158562.46000000,0.02022129
WOART,2024,710,2,13,17589.58000000,7841363.88000000,176152.04000000,0.02246446
WOART,2024,710,2,14,62043.39000000,7841363.88000000,238195.43000000,0.03037679
WOART,2024,710,2,15,56773.59000000,7841363.88000000,294969.02000000,0.03761706
WOART,2024,720,1,5,34979.40000000,151073429.83999991,34979.40000000,0.00023154
WOART,2024,720,1,6,48314.85000000,151073429.83999991,83294.25000000,0.00055135
WOART,2024,720,1,7,202328.36000000,151073429.83999991,285622.61000000,0.00189062
WOART,2024,720,1,8,42492.71000000,151073429.83999991,328115.32000000,0.00217189
WOART,2024,720,1,9,201199.07000000,151073429.83999991,529314.39000000,0.00350369
WOART,2024,720,1,10,166515.31000000,151073429.83999991,695829.70000000,0.00460590
WOART,2024,720,1,11,9643.00000000,151073429.83999991,705472.70000000,0.00466973
WOART,2024,720,1,12,157765.11000000,151073429.83999991,863237.81000000,0.00571403
WOART,2024,720,1,13,287121.80000000,151073429.83999991,1150359.61000000,0.00761457
WOART,2024,720,1,14,76886.42000000,151073429.83999991,1227246.03000000,0.00812351
WOART,2024,720,1,15,201264.02000000,151073429.83999991,1428510.05000000,0.00945573
WOART,2024,720,1,16,152124.72000000,151073429.83999991,1580634.77000000,0.01046269
WOART,2024,720,1,17,232586.34000000,151073429.83999991,1813221.11000000,0.01200225
WOART,2024,720,1,18,216972.73000000,151073429.83999991,2030193.84000000,0.01343846
WOART,2024,720,1,19,157669.26000000,151073429.83999991,2187863.10000000,0.01448212
WOART,2024,720,1,20,72627.10000000,151073429.83999991,2260490.20000000,0.01496286
WOART,2024,720,1,21,178991.46000000,151073429.83999991,2439481.66000000,0.01614766
WOART,2024,720,1,22,117471.17000000,151073429.83999991,2556952.83000000,0.01692523
WOART,2024,720,1,23,66418.09000000,151073429.83999991,2623370.92000000,0.01736487
WOART,2024,720,1,24,238162.43000000,151073429.83999991,2861533.35000000,0.01894134
WOART,2024,720,1,25,120130.21000000,151073429.83999991,2981663.56000000,0.01973652
WOART,2024,720,1,26,70785.54000000,151073429.83999991,3052449.10000000,0.02020507
WOART,2024,720,1,27,92748.93000000,151073429.83999991,3145198.03000000,0.02081900
WOART,2024,720,2,6,25764.04000000,13447819.05000000,25764.04000000,0.00191585
WOART,2024,720,2,7,29582.12000000,13447819.05000000,55346.16000000,0.00411562
WOART,2024,720,2,9,51242.25000000,13447819.05000000,106588.41000000,0.00792607
WOART,2024,720,2,10,61855.74000000,13447819.05000000,168444.15000000,0.01252576
WOART,2024,720,2,11,38640.26000000,13447819.05000000,207084.41000000,0.01539911
WOART,2024,720,2,14,-212.81000000,13447819.05000000,206871.60000000,0.01538328
WOART,2024,720,2,15,24647.93000000,13447819.05000000,231519.53000000,0.01721614
WOART,2024,720,2,16,28945.01000000,13447819.05000000,260464.54000000,0.01936853
WOART,2024,720,2,19,30729.56000000,13447819.05000000,291194.10000000,0.02165363
WOART,2024,720,2,20,120791.63000000,13447819.05000000,411985.73000000,0.03063588
WOART,2024,720,2,21,23925.20000000,13447819.05000000,435910.93000000,0.03241499
WOART,2024,720,2,22,37696.27000000,13447819.05000000,473607.20000000,0.03521814
WOART,2024,720,2,23,23270.15000000,13447819.05000000,496877.35000000,0.03694855
WOART,2024,720,2,25,36688.12000000,13447819.05000000,533565.47000000,0.03967673
WOART,2024,720,2,26,75652.42000000,13447819.05000000,609217.89000000,0.04530236
WOART,2024,730,1,5,43474.19000000,148819007.07999998,43474.19000000,0.00029213
WOART,2024,730,1,6,3061.59000000,148819007.07999998,46535.78000000,0.00031270
WOART,2024,730,1,8,328308.82000000,148819007.07999998,374844.60000000,0.00251880
WOART,2024,730,1,10,245280.48000000,148819007.07999998,620125.08000000,0.00416697
WOART,2024,730,1,11,9009.41000000,148819007.07999998,629134.49000000,0.00422751
WOART,2024,730,1,12,140681.37000000,148819007.07999998,769815.86000000,0.00517283
WOART,2024,730,1,13,170576.65000000,148819007.07999998,940392.51000000,0.00631903
WOART,2024,730,1,14,67390.72000000,148819007.07999998,1007783.23000000,0.00677187
WOART,2024,730,1,15,135758.57000000,148819007.07999998,1143541.80000000,0.00768411
WOART,2024,730,1,16,74124.70000000,148819007.07999998,1217666.50000000,0.00818220
WOART,2024,730,1,17,159517.46000000,148819007.07999998,1377183.96000000,0.00925409
WOART,2024,730,1,18,103489.79000000,148819007.07999998,1480673.75000000,0.00994949
WOART,2024,730,1,19,244353.82000000,148819007.07999998,1725027.57000000,0.01159145
WOART,2024,730,1,20,182022.17000000,148819007.07999998,1907049.74000000,0.01281456
WOART,2024,730,1,21,84577.54000000,148819007.07999998,1991627.28000000,0.01338288
WOART,2024,730,1,22,270528.41000000,148819007.07999998,2262155.69000000,0.01520072
WOART,2024,730,1,23,88267.32000000,148819007.07999998,2350423.01000000,0.01579384
WOART,2024,730,1,24,93664.05000000,148819007.07999998,2444087.06000000,0.01642322
WOART,2024,730,2,9,38904.75000000,10613515.49000000,38904.75000000,0.00366559
WOART,2024,730,2,15,577.38000000,10613515.49000000,39482.13000000,0.00371999
WOART,2024,730,2,16,21598.30000000,10613515.49000000,61080.43000000,0.00575497
WOART,2024,730,2,17,34111.80000000,10613515.49000000,95192.23000000,0.00896896
WOART,2024,730,2,18,59368.19000000,10613515.49000000,154560.42000000,0.01456260
WOART,2024,730,2,19,61074.22000000,10613515.49000000,215634.64000000,0.02031699
WOART,2024,730,2,21,44550.69000000,10613515.49000000,260185.33000000,0.02451453
WOART,2024,730,2,24,34721.67000000,10613515.49000000,294907.00000000,0.02778599
WOART,2024,740,1,6,35808.52000000,133883057.24999988,35808.52000000,0.00026746
WOART,2024,740,1,9,43894.43000000,133883057.24999988,79702.95000000,0.00059532
WOART,2024,740,1,10,11984.15000000,133883057.24999988,91687.10000000,0.00068483
WOART,2024,740,1,11,35778.97000000,133883057.24999988,127466.07000000,0.00095207
WOART,2024,740,1,12,121946.89000000,133883057.24999988,249412.96000000,0.00186292
WOART,2024,740,1,14,221849.86000000,133883057.24999988,471262.82000000,0.00351996
WOART,2024,740,1,15,102740.47000000,133883057.24999988,574003.29000000,0.00428735
WOART,2024,740,1,16,83563.41000000,133883057.24999988,657566.70000000,0.00491150
WOART,2024,740,1,17,164855.81000000,133883057.24999988,822422.51000000,0.00614284
WOART,2024,740,1,18,62612.18000000,133883057.24999988,885034.69000000,0.00661051
WOART,2024,740,1,19,105852.58000000,133883057.24999988,990887.27000000,0.00740114
WOART,2024,740,1,20,255108.41000000,133883057.24999988,1245995.68000000,0.00930660
WOART,2024,740,1,21,178830.01000000,133883057.24999988,1424825.69000000,0.01064232
WOART,2024,740,1,22,77964.00000000,133883057.24999988,1502789.69000000,0.01122464
WOART,2024,740,1,23,50408.74000000,133883057.24999988,1553198.43000000,0.01160116
WOART,2024,740,1,24,45324.37000000,133883057.24999988,1598522.80000000,0.01193969
WOART,2024,740,1,25,68174.19000000,133883057.24999988,1666696.99000000,0.01244890
WOART,2024,740,1,26,60986.11000000,133883057.24999988,1727683.10000000,0.01290442
WOART,2024,740,2,9,1155.59000000,7952078.03000000,1155.59000000,0.00014532
WOART,2024,740,2,15,50921.31000000,7952078.03000000,52076.90000000,0.00654884
WOART,2024,740,2,16,50703.08000000,7952078.03000000,102779.98000000,0.01292492
WOART,2024,740,2,19,24921.16000000,7952078.03000000,127701.14000000,0.01605884
WOART,2024,740,2,24,26714.51000000,7952078.03000000,154415.65000000,0.01941828
WOART,2024,740,2,27,464.26000000,7952078.03000000,154879.91000000,0.01947666
WOART,2024,750,1,5,57858.38000000,143013054.47999996,57858.38000000,0.00040457
WOART,2024,750,1,8,47119.16000000,143013054.47999996,104977.54000000,0.00073404
WOART,2024,750,1,9,49660.17000000,143013054.47999996,154637.71000000,0.00108128
WOART,2024,750,1,10,67849.13000000,143013054.47999996,222486.84000000,0.00155571
WOART,2024,750,1,11,79166.52000000,143013054.47999996,301653.36000000,0.00210927
WOART,2024,750,1,13,56711.56000000,143013054.47999996,358364.92000000,0.00250582
WOART,2024,750,1,14,180324.90000000,143013054.47999996,538689.82000000,0.00376672
WOART,2024,750,1,15,2018.11000000,143013054.47999996,540707.93000000,0.00378083
WOART,2024,750,1,16,36335.58000000,143013054.47999996,577043.51000000,0.00403490
WOART,2024,750,1,17,47562.70000000,143013054.47999996,624606.21000000,0.00436748
WOART,2024,750,1,18,48328.93000000,143013054.47999996,672935.14000000,0.00470541
WOART,2024,750,1,19,73121.92000000,143013054.47999996,746057.06000000,0.00521671
WOART,2024,750,1,20,58288.76000000,143013054.47999996,804345.82000000,0.00562428
WOART,2024,750,1,21,148904.21000000,143013054.47999996,953250.03000000,0.00666548
WOART,2024,750,1,22,65761.30000000,143013054.47999996,1019011.33000000,0.00712530
WOART,2024,750,1,23,42537.28000000,143013054.47999996,1061548.61000000,0.00742274
WOART,2024,750,1,25,23393.63000000,143013054.47999996,1084942.24000000,0.00758632
WOART,2024,750,1,26,13455.86000000,143013054.47999996,1098398.10000000,0.00768040
WOART,2024,750,1,27,24447.44000000,143013054.47999996,1122845.54000000,0.00785135
WOART,2024,750,1,28,23266.80000000,143013054.47999996,1146112.34000000,0.00801404
WOART,2024,750,2,8,35266.12000000,6297699.96000000,35266.12000000,0.00559984
WOART,2024,750,2,11,73023.03000000,6297699.96000000,108289.15000000,0.01719503
WOART,2024,750,2,14,40854.63000000,6297699.96000000,149143.78000000,0.02368226
WOART,2024,750,2,16,31155.95000000,6297699.96000000,180299.73000000,0.02862946
WOART,2024,750,2,17,23651.49000000,6297699.96000000,203951.22000000,0.03238503
WOART,2024,750,2,23,32322.91000000,6297699.96000000,236274.13000000,0.03751753
WOART,2024,760,1,8,29131.79000000,132274347.87000000,29131.79000000,0.00022024
WOART,2024,760,1,9,11525.25000000,132274347.87000000,40657.04000000,0.00030737
WOART,2024,760,1,10,132546.89000000,132274347.87000000,173203.93000000,0.00130943
WOART,2024,760,1,12,25572.44000000,132274347.87000000,198776.37000000,0.00150276
WOART,2024,760,1,14,38851.06000000,132274347.87000000,237627.43000000,0.00179647
WOART,2024,760,1,15,59219.96000000,132274347.87000000,296847.39000000,0.00224418
WOART,2024,760,1,16,161964.71000000,132274347.87000000,458812.10000000,0.00346864
WOART,2024,760,1,17,35241.02000000,132274347.87000000,494053.12000000,0.00373506
WOART,2024,760,1,19,35745.64000000,132274347.87000000,529798.76000000,0.00400530
WOART,2024,760,1,20,117554.83000000,132274347.87000000,647353.59000000,0.00489402
WOART,2024,760,1,21,29226.04000000,132274347.87000000,676579.63000000,0.00511497
WOART,2024,760,1,22,180870.18000000,132274347.87000000,857449.81000000,0.00648236
WOART,2024,760,1,23,42668.00000000,132274347.87000000,900117.81000000,0.00680493
WOART,2024,760,1,26,33194.30000000,132274347.87000000,933312.11000000,0.00705588
WOART,2024,760,2,7,41651.11000000,5485174.27000000,41651.11000000,0.00759340
WOART,2024,760,2,10,50389.50000000,5485174.27000000,92040.61000000,0.01677989
WOART,2024,760,2,12,62071.19000000,5485174.27000000,154111.80000000,0.02809606
WOART,2024,760,2,18,39365.46000000,5485174.27000000,193477.26000000,0.03527276
WOART,2024,760,2,20,34647.73000000,5485174.27000000,228124.99000000,0.04158938
WOART,2024,760,2,21,46031.32000000,5485174.27000000,274156.31000000,0.04998133
WOART,2024,770,1,6,54377.96000000,142586615.92000002,54377.96000000,0.00038137
WOART,2024,770,1,10,206569.81000000,142586615.92000002,260947.77000000,0.00183010
WOART,2024,770,1,11,57238.77000000,142586615.92000002,318186.54000000,0.00223153
WOART,2024,770,1,12,39517.67000000,142586615.92000002,357704.21000000,0.00250868
WOART,2024,770,1,13,55353.41000000,142586615.92000002,413057.62000000,0.00289689
WOART,2024,770,1,16,23765.10000000,142586615.92000002,436822.72000000,0.00306356
WOART,2024,770,1,18,42246.89000000,142586615.92000002,479069.61000000,0.00335985
WOART,2024,770,1,20,24326.41000000,142586615.92000002,503396.02000000,0.00353046
WOART,2024,770,1,21,62138.65000000,142586615.92000002,565534.67000000,0.00396625
WOART,2024,770,1,23,37156.65000000,142586615.92000002,602691.32000000,0.00422684
WOART,2024,770,2,17,35492.41000000,5330078.19000000,35492.41000000,0.00665889
WOART,2024,770,2,20,28355.88000000,5330078.19000000,63848.29000000,0.01197887
WOART,2024,770,2,21,3976.65000000,5330078.19000000,67824.94000000,0.01272494
WOART,2024,780,1,8,53378.88000000,147054966.10999987,53378.88000000,0.00036299
WOART,2024,780,1,9,38184.86000000,147054966.10999987,91563.74000000,0.00062265
WOART,2024,780,1,11,34099.63000000,147054966.10999987,125663.37000000,0.00085453
WOART,2024,780,1,14,76829.42000000,147054966.10999987,202492.79000000,0.00137699
WOART,2024,780,1,15,45247.76000000,147054966.10999987,247740.55000000,0.00168468
WOART,2024,780,1,16,-197.42000000,147054966.10999987,247543.13000000,0.00168334
WOART,2024,780,1,17,31717.49000000,147054966.10999987,279260.62000000,0.00189902
WOART,2024,780,1,18,24820.33000000,147054966.10999987,304080.95000000,0.00206780
WOART,2024,780,1,19,117458.67000000,147054966.10999987,421539.62000000,0.00286654
WOART,2024,780,1,20,123546.19000000,147054966.10999987,545085.81000000,0.00370668
WOART,2024,780,1,25,-129.74000000,147054966.10999987,544956.07000000,0.00370580
WOART,2024,780,1,26,32.76000000,147054966.10999987,544988.83000000,0.00370602
WOART,2024,780,1,27,27205.23000000,147054966.10999987,572194.06000000,0.00389102
WOART,2024,780,2,9,59972.00000000,5019462.52000000,59972.00000000,0.01194789
WOART,2024,790,1,6,52518.18000000,137858653.97999996,52518.18000000,0.00038096
WOART,2024,790,1,8,34370.94000000,137858653.97999996,86889.12000000,0.00063028
WOART,2024,790,1,10,53210.73000000,137858653.97999996,140099.85000000,0.00101626
WOART,2024,790,1,15,4133.19000000,137858653.97999996,144233.04000000,0.00104624
WOART,2024,790,1,16,98911.02000000,137858653.97999996,243144.06000000,0.00176372
WOART,2024,790,1,17,91392.20000000,137858653.97999996,334536.26000000,0.00242666
WOART,2024,790,1,18,50749.17000000,137858653.97999996,385285.43000000,0.00279479
WOART,2024,790,1,19,120753.60000000,137858653.97999996,506039.03000000,0.00367071
WOART,2024,790,1,20,4241.80000000,137858653.97999996,510280.83000000,0.00370148
WOART,2024,790,1,22,42118.63000000,137858653.97999996,552399.46000000,0.00400700
WOART,2024,790,2,19,32160.49000000,3680659.51000000,32160.49000000,0.00873770
WOART,2024,800,1,6,65235.54000000,153169370.82000002,65235.54000000,0.00042590
WOART,2024,800,1,8,66874.11000000,153169370.82000002,132109.65000000,0.00086251
WOART,2024,800,1,10,120205.90000000,153169370.82000002,252315.55000000,0.00164730
WOART,2024,800,1,11,10962.04000000,153169370.82000002,263277.59000000,0.00171887
WOART,2024,800,1,12,69352.30000000,153169370.82000002,332629.89000000,0.00217165
WOART,2024,800,1,13,5486.21000000,153169370.82000002,338116.10000000,0.00220747
WOART,2024,800,1,14,99320.82000000,153169370.82000002,437436.92000000,0.00285590
WOART,2024,800,1,15,24999.14000000,153169370.82000002,462436.06000000,0.00301912
WOART,2024,800,1,16,5194.08000000,153169370.82000002,467630.14000000,0.00305303
WOART,2024,800,1,17,49704.60000000,153169370.82000002,517334.74000000,0.00337753
WOART,2024,800,1,18,38776.77000000,153169370.82000002,556111.51000000,0.00363070
WOART,2024,800,1,19,29231.32000000,153169370.82000002,585342.83000000,0.00382154
WOART,2024,800,1,20,3362.69000000,153169370.82000002,588705.52000000,0.00384349
WOART,2024,800,1,21,25096.14000000,153169370.82000002,613801.66000000,0.00400734
WOART,2024,800,2,15,26888.64000000,3186813.83000000,26888.64000000,0.00843747
WOART,2024,810,1,7,60706.61000000,136409869.22000033,60706.61000000,0.00044503
WOART,2024,810,1,9,34088.69000000,136409869.22000033,94795.30000000,0.00069493
WOART,2024,810,1,13,38937.24000000,136409869.22000033,133732.54000000,0.00098037
WOART,2024,810,1,16,65958.40000000,136409869.22000033,199690.94000000,0.00146390
WOART,2024,810,1,18,73530.14000000,136409869.22000033,273221.08000000,0.00200294
WOART,2024,810,1,20,27607.21000000,136409869.22000033,300828.29000000,0.00220533
WOART,2024,810,1,21,41900.74000000,136409869.22000033,342729.03000000,0.00251249
WOART,2024,810,1,22,43921.04000000,136409869.22000033,386650.07000000,0.00283447
WOART,2024,810,1,23,48360.90000000,136409869.22000033,435010.97000000,0.00318900
WOART,2024,810,1,27,30522.03000000,136409869.22000033,465533.00000000,0.00341275
WOART,2024,810,2,15,1091.75000000,2892480.00000000,1091.75000000,0.00037744
WOART,2024,820,1,11,47081.67000000,148064993.49999988,47081.67000000,0.00031798
WOART,2024,820,1,15,81212.85000000,148064993.49999988,128294.52000000,0.00086647
WOART,2024,820,1,21,30463.68000000,148064993.49999988,158758.20000000,0.00107222
WOART,2024,820,1,22,41499.63000000,148064993.49999988,200257.83000000,0.00135250
WOART,2024,830,1,4,58589.33000000,136518226.57999992,58589.33000000,0.00042917
WOART,2024,830,1,16,36003.49000000,136518226.57999992,94592.82000000,0.00069290
WOART,2024,830,1,20,33892.57000000,136518226.57999992,128485.39000000,0.00094116
WOART,2024,830,1,21,27781.42000000,136518226.57999992,156266.81000000,0.00114466
WOART,2024,830,2,15,31266.48000000,2195225.42000000,31266.48000000,0.01424295
WOART,2024,840,1,11,58869.15000000,114683802.77000000,58869.15000000,0.00051332
WOART,2024,840,1,12,404.84000000,114683802.77000000,59273.99000000,0.00051685
WOART,2024,840,2,7,41726.59000000,1474830.07000000,41726.59000000,0.02829247
WOART,2024,850,1,7,264.22000000,122228416.18000028,264.22000000,0.00000216
WOART,2024,850,1,9,47621.57000000,122228416.18000028,47885.79000000,0.00039177
WOART,2024,850,1,11,30282.32000000,122228416.18000028,78168.11000000,0.00063952
WOART,2024,850,1,12,50803.08000000,122228416.18000028,128971.19000000,0.00105517
WOART,2025,650,1,6,169564.02000000,56558807.55999998,169564.02000000,0.00299801
WOART,2025,650,1,7,150130.40000000,56558807.55999998,319694.42000000,0.00565243
WOART,2025,650,1,8,161316.80000000,56558807.55999998,481011.22000000,0.00850462
WOART,2025,650,1,9,255168.92000000,56558807.55999998,736180.14000000,0.01301619
WOART,2025,650,1,10,256290.83000000,56558807.55999998,992470.97000000,0.01754759
WOART,2025,650,1,11,218398.82000000,56558807.55999998,1210869.79000000,0.02140904
WOART,2025,650,1,12,250482.09000000,56558807.55999998,1461351.88000000,0.02583774
WOART,2025,650,1,13,282086.96000000,56558807.55999998,1743438.84000000,0.03082524
WOART,2025,650,1,14,32112.37000000,56558807.55999998,1775551.21000000,0.03139301
WOART,2025,650,1,15,2701.47000000,56558807.55999998,1778252.68000000,0.03144077
WOART,2025,660,1,5,132867.38000000,80731491.53999998,132867.38000000,0.00164579
WOART,2025,660,1,7,187888.58000000,80731491.53999998,320755.96000000,0.00397312
WOART,2025,660,1,8,154198.26000000,80731491.53999998,474954.22000000,0.00588313
WOART,2025,660,1,9,175661.87000000,80731491.53999998,650616.09000000,0.00805901
WOART,2025,660,1,10,300153.23000000,80731491.53999998,950769.32000000,0.01177693
WOART,2025,660,1,11,371057.74000000,80731491.53999998,1321827.06000000,0.01637313
WOART,2025,660,1,12,275188.40000000,80731491.53999998,1597015.46000000,0.01978182
WOART,2025,660,1,13,62381.35000000,80731491.53999998,1659396.81000000,0.02055452
WOART,2025,660,1,14,77184.99000000,80731491.53999998,1736581.80000000,0.02151059
WOART,2025,660,2,14,94163.07000000,1268200.69000000,94163.07000000,0.07424934
WOART,2025,670,1,5,54073.88000000,91692237.33999996,54073.88000000,0.00058973
WOART,2025,670,1,6,136762.98000000,91692237.33999996,190836.86000000,0.00208128
WOART,2025,670,1,7,111137.14000000,91692237.33999996,301974.00000000,0.00329334
WOART,2025,670,1,8,283435.40000000,91692237.33999996,585409.40000000,0.00638450
WOART,2025,670,1,9,165806.59000000,91692237.33999996,751215.99000000,0.00819280
WOART,2025,670,1,10,420444.30000000,91692237.33999996,1171660.29000000,0.01277818
WOART,2025,670,1,11,338724.80000000,91692237.33999996,1510385.09000000,0.01647233
WOART,2025,670,1,12,233351.81000000,91692237.33999996,1743736.90000000,0.01901728
WOART,2025,670,1,13,223794.32000000,91692237.33999996,1967531.22000000,0.02145799
WOART,2025,670,1,14,59069.47000000,91692237.33999996,2026600.69000000,0.02210221
WOART,2025,670,2,9,28598.92000000,1431140.40000000,28598.92000000,0.01998331
WOART,2025,670,2,13,28444.05000000,1431140.40000000,57042.97000000,0.03985840
WOART,2025,680,1,6,40038.69000000,87588850.97999986,40038.69000000,0.00045712
WOART,2025,680,1,7,176206.55000000,87588850.97999986,216245.24000000,0.00246887
WOART,2025,680,1,8,151135.17000000,87588850.97999986,367380.41000000,0.00419437
WOART,2025,680,1,9,279116.75000000,87588850.97999986,646497.16000000,0.00738104
WOART,2025,680,1,10,185848.24000000,87588850.97999986,832345.40000000,0.00950287
WOART,2025,680,1,11,177600.19000000,87588850.97999986,1009945.59000000,0.01153053
WOART,2025,680,1,12,389449.13000000,87588850.97999986,1399394.72000000,0.01597686
WOART,2025,680,1,13,254468.13000000,87588850.97999986,1653862.85000000,0.01888212
WOART,2025,680,1,14,115727.12000000,87588850.97999986,1769589.97000000,0.02020337
WOART,2025,680,1,15,98787.16000000,87588850.97999986,1868377.13000000,0.02133122
WOART,2025,680,2,8,26073.74000000,2953093.28000000,26073.74000000,0.00882930
WOART,2025,680,2,10,44621.16000000,2953093.28000000,70694.90000000,0.02393927
WOART,2025,690,1,4,179355.64000000,94047066.33000001,179355.64000000,0.00190708
WOART,2025,690,1,6,145264.02000000,94047066.33000001,324619.66000000,0.00345167
WOART,2025,690,1,7,86976.37000000,94047066.33000001,411596.03000000,0.00437649
WOART,2025,690,1,8,68383.43000000,94047066.33000001,479979.46000000,0.00510361
WOART,2025,690,1,9,44782.61000000,94047066.33000001,524762.07000000,0.00557978
WOART,2025,690,1,10,294209.90000000,94047066.33000001,818971.97000000,0.00870811
WOART,2025,690,1,11,120410.52000000,94047066.33000001,939382.49000000,0.00998843
WOART,2025,690,1,12,191231.67000000,94047066.33000001,1130614.16000000,0.01202179
WOART,2025,690,1,13,59711.01000000,94047066.33000001,1190325.17000000,0.01265670
WOART,2025,690,1,14,151709.70000000,94047066.33000001,1342034.87000000,0.01426982
WOART,2025,690,2,8,166563.67000000,2866585.45000000,166563.67000000,0.05810525
WOART,2025,690,2,9,49684.45000000,2866585.45000000,216248.12000000,0.07543753
WOART,2025,690,2,12,41276.13000000,2866585.45000000,257524.25000000,0.08983659
WOART,2025,700,1,6,98617.60000000,92760864.01000033,98617.60000000,0.00106314
WOART,2025,700,1,7,72003.79000000,92760864.01000033,170621.39000000,0.00183937
WOART,2025,700,1,8,88130.99000000,92760864.01000033,258752.38000000,0.00278946
WOART,2025,700,1,9,148812.25000000,92760864.01000033,407564.63000000,0.00439371
WOART,2025,700,1,10,119015.12000000,92760864.01000033,526579.75000000,0.00567674
WOART,2025,700,1,11,96322.93000000,92760864.01000033,622902.68000000,0.00671515
WOART,2025,700,1,12,27153.25000000,92760864.01000033,650055.93000000,0.00700787
WOART,2025,700,1,13,137681.95000000,92760864.01000033,787737.88000000,0.00849214
WOART,2025,700,1,14,1308.88000000,92760864.01000033,789046.76000000,0.00850625
WOART,2025,700,2,9,55906.37000000,4346340.71000000,55906.37000000,0.01286286
WOART,2025,700,2,14,28133.20000000,4346340.71000000,84039.57000000,0.01933571
WOART,2025,700,2,15,0.18000000,4346340.71000000,84039.75000000,0.01933575
WOART,2025,710,1,5,90502.01000000,86973475.22000016,90502.01000000,0.00104057
WOART,2025,710,1,6,116383.63000000,86973475.22000016,206885.64000000,0.00237872
WOART,2025,710,1,8,148157.20000000,86973475.22000016,355042.84000000,0.00408220
WOART,2025,710,1,9,248698.29000000,86973475.22000016,603741.13000000,0.00694167
WOART,2025,710,1,11,82986.64000000,86973475.22000016,686727.77000000,0.00789583
WOART,2025,710,1,12,98567.26000000,86973475.22000016,785295.03000000,0.00902913
WOART,2025,710,1,13,48074.66000000,86973475.22000016,833369.69000000,0.00958188
WOART,2025,710,1,14,27600.43000000,86973475.22000016,860970.12000000,0.00989923
WOART,2025,710,1,15,82106.65000000,86973475.22000016,943076.77000000,0.01084327
WOART,2025,710,2,7,37212.84000000,2627386.11000000,37212.84000000,0.01416345
WOART,2025,710,2,12,9037.20000000,2627386.11000000,46250.04000000,0.01760306
WOART,2025,720,1,7,70123.07000000,102879767.08000004,70123.07000000,0.00068160
WOART,2025,720,1,8,35142.89000000,102879767.08000004,105265.96000000,0.00102319
WOART,2025,720,1,9,55769.71000000,102879767.08000004,161035.67000000,0.00156528
WOART,2025,720,1,10,63429.92000000,102879767.08000004,224465.59000000,0.00218182
WOART,2025,720,1,11,116504.80000000,102879767.08000004,340970.39000000,0.00331426
WOART,2025,720,1,12,122623.89000000,102879767.08000004,463594.28000000,0.00450618
WOART,2025,720,1,13,124569.20000000,102879767.08000004,588163.48000000,0.00571700
WOART,2025,720,1,14,33900.98000000,102879767.08000004,622064.46000000,0.00604652
WOART,2025,720,1,15,109283.56000000,102879767.08000004,731348.02000000,0.00710876
WOART,2025,730,1,7,31585.38000000,102799989.21000008,31585.38000000,0.00030725
WOART,2025,730,1,8,14032.92000000,102799989.21000008,45618.30000000,0.00044376
WOART,2025,730,1,9,32125.29000000,102799989.21000008,77743.59000000,0.00075626
WOART,2025,730,1,11,134653.24000000,102799989.21000008,212396.83000000,0.00206612
WOART,2025,730,1,12,-9.94000000,102799989.21000008,212386.89000000,0.00206602
WOART,2025,730,1,13,88339.49000000,102799989.21000008,300726.38000000,0.00292535
WOART,2025,730,1,14,107616.98000000,102799989.21000008,408343.36000000,0.00397221
WOART,2025,730,1,15,70722.99000000,102799989.21000008,479066.35000000,0.00466018
WOART,2025,730,1,16,25026.13000000,102799989.21000008,504092.48000000,0.00490362
WOART,2025,730,2,6,40548.93000000,3755026.67000000,40548.93000000,0.01079857
WOART,2025,730,2,12,42941.86000000,3755026.67000000,83490.79000000,0.02223441
WOART,2025,740,1,8,89501.71000000,96020409.15000021,89501.71000000,0.00093211
WOART,2025,740,1,10,35515.63000000,96020409.15000021,125017.34000000,0.00130199
WOART,2025,740,1,11,29249.44000000,96020409.15000021,154266.78000000,0.00160660
WOART,2025,740,1,13,27320.12000000,96020409.15000021,181586.90000000,0.00189113
WOART,2025,740,2,8,41812.34000000,2906005.65000000,41812.34000000,0.01438825
WOART,2025,740,2,11,49629.24000000,2906005.65000000,91441.58000000,0.03146642
WOART,2025,750,1,6,84859.99000000,98893345.35000017,84859.99000000,0.00085810
WOART,2025,750,1,11,44964.85000000,98893345.35000017,129824.84000000,0.00131278
WOART,2025,750,1,12,102412.24000000,98893345.35000017,232237.08000000,0.00234836
WOART,2025,750,1,13,51262.47000000,98893345.35000017,283499.55000000,0.00286672
WOART,2025,750,1,14,107482.68000000,98893345.35000017,390982.23000000,0.00395357
WOART,2025,760,1,9,26853.34000000,92917102.15999994,26853.34000000,0.00028900
WOART,2025,760,1,10,83124.20000000,92917102.15999994,109977.54000000,0.00118361
WOART,2025,760,1,11,78112.46000000,92917102.15999994,188090.00000000,0.00202428
WOART,2025,760,1,13,31901.18000000,92917102.15999994,219991.18000000,0.00236761
WOART,2025,760,1,15,12376.64000000,92917102.15999994,232367.82000000,0.00250081
WOART,2025,770,1,6,156090.09000000,101784918.28000011,156090.09000000,0.00153353
WOART,2025,770,1,9,52664.26000000,101784918.28000011,208754.35000000,0.00205094
WOART,2025,770,1,11,36932.92000000,101784918.28000011,245687.27000000,0.00241379
WOART,2025,770,1,12,90477.48000000,101784918.28000011,336164.75000000,0.00330270
WOART,2025,770,1,15,59221.10000000,101784918.28000011,395385.85000000,0.00388452
WOART,2025,780,1,13,45159.81000000,106078991.34999985,45159.81000000,0.00042572
WOART,2025,780,1,14,21600.31000000,106078991.34999985,66760.12000000,0.00062934
WOART,2025,780,2,10,59006.98000000,1830989.43000000,59006.98000000,0.03222683
WOART,2025,790,1,7,35867.24000000,95463095.74999997,35867.24000000,0.00037572
WOART,2025,790,1,11,59626.08000000,95463095.74999997,95493.32000000,0.00100032
WOART,2025,800,1,6,20251.69000000,112180354.92999987,20251.69000000,0.00018053
WOART,2025,800,1,10,31247.37000000,112180354.92999987,51499.06000000,0.00045907
WOART,2025,800,1,12,1130.83000000,112180354.92999987,52629.89000000,0.00046915
WOART,2025,810,1,11,332.51000000,97798500.52999975,332.51000000,0.00000340
WOART,2025,820,1,9,50986.46000000,107949484.00000000,50986.46000000,0.00047232
WOART,2025,830,1,8,61477.61000000,102091664.09999983,61477.61000000,0.00060218
WOART,2025,830,1,10,53649.15000000,102091664.09999983,115126.76000000,0.00112768
WOART,2025,840,1,6,35010.21000000,88679839.05999997,35010.21000000,0.00039479
WOART,2025,850,2,8,1502.55000000,341605.78000000,1502.55000000,0.00439849
WOART,2026,680,1,3,40645.43000000,12403218.39000000,40645.43000000,0.00327701
