issuer_code,vintage_year,fico_low,new_used,loan_age_months,period_co_amt,orig_pool_amt,cumulative_co_amt,cumulative_loss_rate
WOSAT,2019,430,1,34,14758.84000000,50165.99000000,14758.84000000,0.29420011
WOSAT,2019,440,1,11,26635.51000000,92785.59000000,26635.51000000,0.28706516
WOSAT,2019,450,1,15,20853.71000000,104480.94000000,20853.71000000,0.19959344
WOSAT,2019,450,1,22,24904.39000000,104480.94000000,45758.10000000,0.43795643
WOSAT,2019,450,2,17,9274.80000000,63819.42000000,9274.80000000,0.14532880
WOSAT,2019,450,2,22,9073.34000000,63819.42000000,18348.14000000,0.28750089
WOSAT,2019,450,2,40,8977.92000000,63819.42000000,27326.06000000,0.42817782
WOSAT,2019,470,1,4,7205.23000000,201471.42000000,7205.23000000,0.03576304
WOSAT,2019,470,2,16,10950.77000000,46135.88000000,10950.77000000,0.23735908
WOSAT,2019,480,1,6,20033.58000000,371944.11000000,20033.58000000,0.05386180
WOSAT,2019,480,1,13,20265.91000000,371944.11000000,40299.49000000,0.10834824
WOSAT,2019,480,1,46,14771.33000000,371944.11000000,55070.82000000,0.14806208
WOSAT,2019,480,2,9,30354.92000000,89539.21000000,30354.92000000,0.33901260
WOSAT,2019,490,1,5,15460.26000000,640411.17000000,15460.26000000,0.02414115
WOSAT,2019,490,1,6,2644.60000000,640411.17000000,18104.86000000,0.02827068
WOSAT,2019,490,1,9,23239.31000000,640411.17000000,41344.17000000,0.06455879
WOSAT,2019,490,1,20,1456.17000000,640411.17000000,42800.34000000,0.06683259
WOSAT,2019,490,1,28,8175.85000000,640411.17000000,50976.19000000,0.07959916
WOSAT,2019,490,1,29,19531.06000000,640411.17000000,70507.25000000,0.11009685
WOSAT,2019,490,1,44,10246.52000000,640411.17000000,80753.77000000,0.12609675
WOSAT,2019,490,1,45,13942.51000000,640411.17000000,94696.28000000,0.14786794
WOSAT,2019,490,2,14,840.09000000,148187.65000000,840.09000000,0.00566910
WOSAT,2019,490,2,33,7430.00000000,148187.65000000,8270.09000000,0.05580823
WOSAT,2019,500,1,6,22727.36000000,1221032.21000000,22727.36000000,0.01861324
WOSAT,2019,500,1,8,55110.46000000,1221032.21000000,77837.82000000,0.06374756
WOSAT,2019,500,1,9,30866.06000000,1221032.21000000,108703.88000000,0.08902622
WOSAT,2019,500,1,11,30634.87000000,1221032.21000000,139338.75000000,0.11411554
WOSAT,2019,500,1,17,21532.92000000,1221032.21000000,160871.67000000,0.13175055
WOSAT,2019,500,1,28,19793.54000000,1221032.21000000,180665.21000000,0.14796105
WOSAT,2019,500,2,10,8894.99000000,253344.39000000,8894.99000000,0.03511027
WOSAT,2019,500,2,16,32327.65000000,253344.39000000,41222.64000000,0.16271385
WOSAT,2019,500,2,19,20698.71000000,253344.39000000,61921.35000000,0.24441571
WOSAT,2019,500,2,30,13952.71000000,253344.39000000,75874.06000000,0.29948980
WOSAT,2019,510,1,4,65928.52000000,1909451.39000000,65928.52000000,0.03452747
WOSAT,2019,510,1,5,18871.36000000,1909451.39000000,84799.88000000,0.04441060
WOSAT,2019,510,1,10,34.19000000,1909451.39000000,84834.07000000,0.04442850
WOSAT,2019,510,1,13,19455.98000000,1909451.39000000,104290.05000000,0.05461781
WOSAT,2019,510,1,15,23771.71000000,1909451.39000000,128061.76000000,0.06706731
WOSAT,2019,510,1,17,21285.19000000,1909451.39000000,149346.95000000,0.07821459
WOSAT,2019,510,1,21,23330.21000000,1909451.39000000,172677.16000000,0.09043287
WOSAT,2019,510,1,25,11243.18000000,1909451.39000000,183920.34000000,0.09632104
WOSAT,2019,510,1,28,18825.09000000,1909451.39000000,202745.43000000,0.10617994
WOSAT,2019,510,1,34,17911.05000000,1909451.39000000,220656.48000000,0.11556015
WOSAT,2019,510,1,38,24797.77000000,1909451.39000000,245454.25000000,0.12854700
WOSAT,2019,510,1,43,2009.39000000,1909451.39000000,247463.64000000,0.12959934
WOSAT,2019,510,2,13,16229.27000000,617246.08000000,16229.27000000,0.02629303
WOSAT,2019,510,2,14,20611.46000000,617246.08000000,36840.73000000,0.05968564
WOSAT,2019,510,2,29,14803.67000000,617246.08000000,51644.40000000,0.08366906
WOSAT,2019,520,1,4,58290.89000000,2660957.11000000,58290.89000000,0.02190599
WOSAT,2019,520,1,5,20203.93000000,2660957.11000000,78494.82000000,0.02949872
WOSAT,2019,520,1,6,47072.88000000,2660957.11000000,125567.70000000,0.04718892
WOSAT,2019,520,1,7,30423.41000000,2660957.11000000,155991.11000000,0.05862218
WOSAT,2019,520,1,10,10746.91000000,2660957.11000000,166738.02000000,0.06266092
WOSAT,2019,520,1,12,33988.52000000,2660957.11000000,200726.54000000,0.07543396
WOSAT,2019,520,1,13,17760.16000000,2660957.11000000,218486.70000000,0.08210831
WOSAT,2019,520,1,14,4882.22000000,2660957.11000000,223368.92000000,0.08394307
WOSAT,2019,520,1,15,1457.99000000,2660957.11000000,224826.91000000,0.08449099
WOSAT,2019,520,1,16,27697.59000000,2660957.11000000,252524.50000000,0.09489988
WOSAT,2019,520,1,18,22718.52000000,2660957.11000000,275243.02000000,0.10343760
WOSAT,2019,520,1,19,20556.44000000,2660957.11000000,295799.46000000,0.11116281
WOSAT,2019,520,1,21,3778.27000000,2660957.11000000,299577.73000000,0.11258270
WOSAT,2019,520,1,22,15174.84000000,2660957.11000000,314752.57000000,0.11828547
WOSAT,2019,520,1,25,16857.63000000,2660957.11000000,331610.20000000,0.12462065
WOSAT,2019,520,1,31,368.67000000,2660957.11000000,331978.87000000,0.12475920
WOSAT,2019,520,1,33,25964.44000000,2660957.11000000,357943.31000000,0.13451675
WOSAT,2019,520,1,34,23244.99000000,2660957.11000000,381188.30000000,0.14325233
WOSAT,2019,520,1,36,1584.71000000,2660957.11000000,382773.01000000,0.14384787
WOSAT,2019,520,1,37,16319.91000000,2660957.11000000,399092.92000000,0.14998097
WOSAT,2019,520,1,42,29284.52000000,2660957.11000000,428377.44000000,0.16098622
WOSAT,2019,520,1,46,13822.65000000,2660957.11000000,442200.09000000,0.16618084
WOSAT,2019,520,2,7,10078.12000000,689637.48000000,10078.12000000,0.01461365
WOSAT,2019,520,2,8,14040.39000000,689637.48000000,24118.51000000,0.03497274
WOSAT,2019,520,2,10,13595.92000000,689637.48000000,37714.43000000,0.05468733
WOSAT,2019,520,2,16,17773.90000000,689637.48000000,55488.33000000,0.08046014
WOSAT,2019,520,2,19,1.86000000,689637.48000000,55490.19000000,0.08046284
WOSAT,2019,520,2,22,11560.76000000,689637.48000000,67050.95000000,0.09722637
WOSAT,2019,520,2,28,14645.66000000,689637.48000000,81696.61000000,0.11846312
WOSAT,2019,520,2,42,2156.23000000,689637.48000000,83852.84000000,0.12158974
WOSAT,2019,530,1,7,33611.68000000,2664515.55000000,33611.68000000,0.01261456
WOSAT,2019,530,1,8,537.92000000,2664515.55000000,34149.60000000,0.01281644
WOSAT,2019,530,1,9,21331.53000000,2664515.55000000,55481.13000000,0.02082222
WOSAT,2019,530,1,16,49890.59000000,2664515.55000000,105371.72000000,0.03954630
WOSAT,2019,530,1,19,892.17000000,2664515.55000000,106263.89000000,0.03988113
WOSAT,2019,530,1,20,21309.22000000,2664515.55000000,127573.11000000,0.04787854
WOSAT,2019,530,1,25,23328.51000000,2664515.55000000,150901.62000000,0.05663379
WOSAT,2019,530,1,28,16789.66000000,2664515.55000000,167691.28000000,0.06293500
WOSAT,2019,530,1,40,17877.33000000,2664515.55000000,185568.61000000,0.06964441
WOSAT,2019,530,1,42,19317.61000000,2664515.55000000,204886.22000000,0.07689436
WOSAT,2019,530,2,7,24674.91000000,1001892.51000000,24674.91000000,0.02462830
WOSAT,2019,530,2,15,31381.51000000,1001892.51000000,56056.42000000,0.05595053
WOSAT,2019,530,2,19,22420.55000000,1001892.51000000,78476.97000000,0.07832873
WOSAT,2019,530,2,22,2539.73000000,1001892.51000000,81016.70000000,0.08086366
WOSAT,2019,530,2,28,16263.36000000,1001892.51000000,97280.06000000,0.09709630
WOSAT,2019,530,2,40,6038.07000000,1001892.51000000,103318.13000000,0.10312297
WOSAT,2019,530,2,43,9804.07000000,1001892.51000000,113122.20000000,0.11290852
WOSAT,2019,530,2,46,2313.46000000,1001892.51000000,115435.66000000,0.11521761
WOSAT,2019,530,2,47,5095.56000000,1001892.51000000,120531.22000000,0.12030354
WOSAT,2019,540,1,5,57232.53000000,6486176.89000000,57232.53000000,0.00882377
WOSAT,2019,540,1,7,31409.45000000,6486176.89000000,88641.98000000,0.01366629
WOSAT,2019,540,1,9,40462.80000000,6486176.89000000,129104.78000000,0.01990460
WOSAT,2019,540,1,10,50344.38000000,6486176.89000000,179449.16000000,0.02766640
WOSAT,2019,540,1,11,55252.90000000,6486176.89000000,234702.06000000,0.03618496
WOSAT,2019,540,1,14,47099.71000000,6486176.89000000,281801.77000000,0.04344651
WOSAT,2019,540,1,15,73145.00000000,6486176.89000000,354946.77000000,0.05472357
WOSAT,2019,540,1,16,46804.16000000,6486176.89000000,401750.93000000,0.06193956
WOSAT,2019,540,1,17,165348.38000000,6486176.89000000,567099.31000000,0.08743198
WOSAT,2019,540,1,18,69028.52000000,6486176.89000000,636127.83000000,0.09807439
WOSAT,2019,540,1,19,77509.32000000,6486176.89000000,713637.15000000,0.11002431
WOSAT,2019,540,1,20,25026.76000000,6486176.89000000,738663.91000000,0.11388279
WOSAT,2019,540,1,21,30742.16000000,6486176.89000000,769406.07000000,0.11862243
WOSAT,2019,540,1,22,30908.09000000,6486176.89000000,800314.16000000,0.12338766
WOSAT,2019,540,1,23,16077.51000000,6486176.89000000,816391.67000000,0.12586639
WOSAT,2019,540,1,24,39088.05000000,6486176.89000000,855479.72000000,0.13189275
WOSAT,2019,540,1,25,1100.71000000,6486176.89000000,856580.43000000,0.13206245
WOSAT,2019,540,1,29,30597.08000000,6486176.89000000,887177.51000000,0.13677973
WOSAT,2019,540,1,36,14617.42000000,6486176.89000000,901794.93000000,0.13903335
WOSAT,2019,540,1,37,8677.43000000,6486176.89000000,910472.36000000,0.14037119
WOSAT,2019,540,1,38,23866.17000000,6486176.89000000,934338.53000000,0.14405073
WOSAT,2019,540,1,39,14861.91000000,6486176.89000000,949200.44000000,0.14634205
WOSAT,2019,540,1,43,19831.09000000,6486176.89000000,969031.53000000,0.14939949
WOSAT,2019,540,1,45,15955.96000000,6486176.89000000,984987.49000000,0.15185949
WOSAT,2019,540,1,47,-89.89000000,6486176.89000000,984897.60000000,0.15184563
WOSAT,2019,540,1,49,3999.36000000,6486176.89000000,988896.96000000,0.15246222
WOSAT,2019,540,2,4,18459.01000000,1204039.46000000,18459.01000000,0.01533090
WOSAT,2019,540,2,5,27244.96000000,1204039.46000000,45703.97000000,0.03795886
WOSAT,2019,540,2,6,27547.15000000,1204039.46000000,73251.12000000,0.06083781
WOSAT,2019,540,2,8,6858.38000000,1204039.46000000,80109.50000000,0.06653395
WOSAT,2019,540,2,15,11708.66000000,1204039.46000000,91818.16000000,0.07625843
WOSAT,2019,540,2,18,17193.57000000,1204039.46000000,109011.73000000,0.09053834
WOSAT,2019,540,2,20,33576.26000000,1204039.46000000,142587.99000000,0.11842468
WOSAT,2019,540,2,21,15012.13000000,1204039.46000000,157600.12000000,0.13089282
WOSAT,2019,540,2,25,1940.42000000,1204039.46000000,159540.54000000,0.13250441
WOSAT,2019,540,2,27,12226.59000000,1204039.46000000,171767.13000000,0.14265905
WOSAT,2019,540,2,29,8537.62000000,1204039.46000000,180304.75000000,0.14974987
WOSAT,2019,540,2,33,15777.30000000,1204039.46000000,196082.05000000,0.16285351
WOSAT,2019,540,2,38,13305.92000000,1204039.46000000,209387.97000000,0.17390457
WOSAT,2019,540,2,44,6564.85000000,1204039.46000000,215952.82000000,0.17935693
WOSAT,2019,540,2,48,7082.85000000,1204039.46000000,223035.67000000,0.18523950
WOSAT,2019,550,1,5,27330.83000000,6355432.77000000,27330.83000000,0.00430039
WOSAT,2019,550,1,6,44505.99000000,6355432.77000000,71836.82000000,0.01130321
WOSAT,2019,550,1,7,73394.89000000,6355432.77000000,145231.71000000,0.02285158
WOSAT,2019,550,1,8,42651.04000000,6355432.77000000,187882.75000000,0.02956254
WOSAT,2019,550,1,9,23027.54000000,6355432.77000000,210910.29000000,0.03318583
WOSAT,2019,550,1,10,32822.58000000,6355432.77000000,243732.87000000,0.03835032
WOSAT,2019,550,1,13,42520.20000000,6355432.77000000,286253.07000000,0.04504069
WOSAT,2019,550,1,14,70838.68000000,6355432.77000000,357091.75000000,0.05618685
WOSAT,2019,550,1,15,51410.14000000,6355432.77000000,408501.89000000,0.06427601
WOSAT,2019,550,1,17,80875.99000000,6355432.77000000,489377.88000000,0.07700150
WOSAT,2019,550,1,18,38314.07000000,6355432.77000000,527691.95000000,0.08303006
WOSAT,2019,550,1,19,20692.01000000,6355432.77000000,548383.96000000,0.08628586
WOSAT,2019,550,1,22,5709.28000000,6355432.77000000,554093.24000000,0.08718419
WOSAT,2019,550,1,23,4898.81000000,6355432.77000000,558992.05000000,0.08795499
WOSAT,2019,550,1,25,3635.82000000,6355432.77000000,562627.87000000,0.08852707
WOSAT,2019,550,1,26,7967.35000000,6355432.77000000,570595.22000000,0.08978070
WOSAT,2019,550,1,27,39734.69000000,6355432.77000000,610329.91000000,0.09603279
WOSAT,2019,550,1,28,13988.94000000,6355432.77000000,624318.85000000,0.09823388
WOSAT,2019,550,1,29,31869.33000000,6355432.77000000,656188.18000000,0.10324839
WOSAT,2019,550,1,30,74462.81000000,6355432.77000000,730650.99000000,0.11496479
WOSAT,2019,550,1,31,15334.18000000,6355432.77000000,745985.17000000,0.11737756
WOSAT,2019,550,1,32,14475.53000000,6355432.77000000,760460.70000000,0.11965522
WOSAT,2019,550,1,34,22607.95000000,6355432.77000000,783068.65000000,0.12321248
WOSAT,2019,550,1,37,14736.48000000,6355432.77000000,797805.13000000,0.12553120
WOSAT,2019,550,1,38,23955.89000000,6355432.77000000,821761.02000000,0.12930056
WOSAT,2019,550,1,42,18668.48000000,6355432.77000000,840429.50000000,0.13223797
WOSAT,2019,550,1,44,20150.57000000,6355432.77000000,860580.07000000,0.13540857
WOSAT,2019,550,1,48,16334.06000000,6355432.77000000,876914.13000000,0.13797867
WOSAT,2019,550,1,49,12350.41000000,6355432.77000000,889264.54000000,0.13992195
WOSAT,2019,550,2,3,17064.02000000,1438609.46000000,17064.02000000,0.01186147
WOSAT,2019,550,2,4,19174.32000000,1438609.46000000,36238.34000000,0.02518984
WOSAT,2019,550,2,5,53684.88000000,1438609.46000000,89923.22000000,0.06250704
WOSAT,2019,550,2,6,12008.52000000,1438609.46000000,101931.74000000,0.07085435
WOSAT,2019,550,2,7,41552.76000000,1438609.46000000,143484.50000000,0.09973833
WOSAT,2019,550,2,9,10854.05000000,1438609.46000000,154338.55000000,0.10728315
WOSAT,2019,550,2,14,17564.29000000,1438609.46000000,171902.84000000,0.11949236
WOSAT,2019,550,2,16,28438.00000000,1438609.46000000,200340.84000000,0.13926006
WOSAT,2019,550,2,17,11038.05000000,1438609.46000000,211378.89000000,0.14693278
WOSAT,2019,550,2,20,13753.47000000,1438609.46000000,225132.36000000,0.15649303
WOSAT,2019,550,2,26,13058.50000000,1438609.46000000,238190.86000000,0.16557020
WOSAT,2019,550,2,31,12212.81000000,1438609.46000000,250403.67000000,0.17405952
WOSAT,2019,550,2,32,18147.81000000,1438609.46000000,268551.48000000,0.18667435
WOSAT,2019,550,2,36,9202.11000000,1438609.46000000,277753.59000000,0.19307088
WOSAT,2019,560,1,4,61842.90000000,7804611.10000001,61842.90000000,0.00792389
WOSAT,2019,560,1,5,55029.28000000,7804611.10000001,116872.18000000,0.01497476
WOSAT,2019,560,1,6,40415.52000000,7804611.10000001,157287.70000000,0.02015318
WOSAT,2019,560,1,7,38930.90000000,7804611.10000001,196218.60000000,0.02514137
WOSAT,2019,560,1,8,81425.08000000,7804611.10000001,277643.68000000,0.03557431
WOSAT,2019,560,1,9,72949.08000000,7804611.10000001,350592.76000000,0.04492123
WOSAT,2019,560,1,11,73203.82000000,7804611.10000001,423796.58000000,0.05430079
WOSAT,2019,560,1,12,20981.02000000,7804611.10000001,444777.60000000,0.05698908
WOSAT,2019,560,1,13,41450.95000000,7804611.10000001,486228.55000000,0.06230016
WOSAT,2019,560,1,14,89540.40000000,7804611.10000001,575768.95000000,0.07377292
WOSAT,2019,560,1,16,99711.73000000,7804611.10000001,675480.68000000,0.08654892
WOSAT,2019,560,1,17,61573.57000000,7804611.10000001,737054.25000000,0.09443831
WOSAT,2019,560,1,18,48284.46000000,7804611.10000001,785338.71000000,0.10062496
WOSAT,2019,560,1,19,40627.66000000,7804611.10000001,825966.37000000,0.10583056
WOSAT,2019,560,1,20,16068.94000000,7804611.10000001,842035.31000000,0.10788946
WOSAT,2019,560,1,21,21733.40000000,7804611.10000001,863768.71000000,0.11067415
WOSAT,2019,560,1,22,25382.91000000,7804611.10000001,889151.62000000,0.11392645
WOSAT,2019,560,1,23,31571.90000000,7804611.10000001,920723.52000000,0.11797174
WOSAT,2019,560,1,24,1384.18000000,7804611.10000001,922107.70000000,0.11814909
WOSAT,2019,560,1,26,24967.70000000,7804611.10000001,947075.40000000,0.12134819
WOSAT,2019,560,1,27,19432.90000000,7804611.10000001,966508.30000000,0.12383811
WOSAT,2019,560,1,28,27219.70000000,7804611.10000001,993728.00000000,0.12732575
WOSAT,2019,560,1,29,21502.95000000,7804611.10000001,1015230.95000000,0.13008091
WOSAT,2019,560,1,32,21522.08000000,7804611.10000001,1036753.03000000,0.13283853
WOSAT,2019,560,1,33,17099.43000000,7804611.10000001,1053852.46000000,0.13502946
WOSAT,2019,560,1,34,22742.27000000,7804611.10000001,1076594.73000000,0.13794342
WOSAT,2019,560,1,35,19697.62000000,7804611.10000001,1096292.35000000,0.14046726
WOSAT,2019,560,1,36,28777.80000000,7804611.10000001,1125070.15000000,0.14415454
WOSAT,2019,560,1,38,20340.93000000,7804611.10000001,1145411.08000000,0.14676081
WOSAT,2019,560,1,39,13862.56000000,7804611.10000001,1159273.64000000,0.14853702
WOSAT,2019,560,1,40,36025.33000000,7804611.10000001,1195298.97000000,0.15315292
WOSAT,2019,560,1,41,18829.64000000,7804611.10000001,1214128.61000000,0.15556555
WOSAT,2019,560,1,43,33012.83000000,7804611.10000001,1247141.44000000,0.15979546
WOSAT,2019,560,1,44,29487.17000000,7804611.10000001,1276628.61000000,0.16357364
WOSAT,2019,560,1,45,41410.77000000,7804611.10000001,1318039.38000000,0.16887957
WOSAT,2019,560,1,47,12029.37000000,7804611.10000001,1330068.75000000,0.17042089
WOSAT,2019,560,1,49,15646.24000000,7804611.10000001,1345714.99000000,0.17242563
WOSAT,2019,560,1,50,19003.75000000,7804611.10000001,1364718.74000000,0.17486057
WOSAT,2019,560,2,5,1762.68000000,2147401.45000000,1762.68000000,0.00082084
WOSAT,2019,560,2,7,3241.40000000,2147401.45000000,5004.08000000,0.00233030
WOSAT,2019,560,2,8,19054.07000000,2147401.45000000,24058.15000000,0.01120338
WOSAT,2019,560,2,9,18199.79000000,2147401.45000000,42257.94000000,0.01967864
WOSAT,2019,560,2,10,19668.74000000,2147401.45000000,61926.68000000,0.02883796
WOSAT,2019,560,2,16,19299.81000000,2147401.45000000,81226.49000000,0.03782548
WOSAT,2019,560,2,17,3160.03000000,2147401.45000000,84386.52000000,0.03929704
WOSAT,2019,560,2,47,9326.26000000,2147401.45000000,93712.78000000,0.04364008
WOSAT,2019,560,2,50,16322.68000000,2147401.45000000,110035.46000000,0.05124122
WOSAT,2019,570,1,4,18814.76000000,15181474.35000000,18814.76000000,0.00123932
WOSAT,2019,570,1,5,147248.27000000,15181474.35000000,166063.03000000,0.01093853
WOSAT,2019,570,1,6,87384.35000000,15181474.35000000,253447.38000000,0.01669452
WOSAT,2019,570,1,7,136127.21000000,15181474.35000000,389574.59000000,0.02566118
WOSAT,2019,570,1,8,146999.90000000,15181474.35000000,536574.49000000,0.03534403
WOSAT,2019,570,1,9,84706.37000000,15181474.35000000,621280.86000000,0.04092362
WOSAT,2019,570,1,10,93708.90000000,15181474.35000000,714989.76000000,0.04709620
WOSAT,2019,570,1,11,49790.93000000,15181474.35000000,764780.69000000,0.05037592
WOSAT,2019,570,1,12,16359.12000000,15181474.35000000,781139.81000000,0.05145349
WOSAT,2019,570,1,13,82679.05000000,15181474.35000000,863818.86000000,0.05689954
WOSAT,2019,570,1,14,80150.40000000,15181474.35000000,943969.26000000,0.06217902
WOSAT,2019,570,1,15,179407.98000000,15181474.35000000,1123377.24000000,0.07399658
WOSAT,2019,570,1,16,70366.29000000,15181474.35000000,1193743.53000000,0.07863159
WOSAT,2019,570,1,17,37377.08000000,15181474.35000000,1231120.61000000,0.08109361
WOSAT,2019,570,1,18,77722.98000000,15181474.35000000,1308843.59000000,0.08621321
WOSAT,2019,570,1,20,44211.66000000,15181474.35000000,1353055.25000000,0.08912542
WOSAT,2019,570,1,21,23399.55000000,15181474.35000000,1376454.80000000,0.09066674
WOSAT,2019,570,1,22,25879.53000000,15181474.35000000,1402334.33000000,0.09237142
WOSAT,2019,570,1,23,32521.93000000,15181474.35000000,1434856.26000000,0.09451363
WOSAT,2019,570,1,24,65168.76000000,15181474.35000000,1500025.02000000,0.09880628
WOSAT,2019,570,1,25,23251.01000000,15181474.35000000,1523276.03000000,0.10033782
WOSAT,2019,570,1,26,28212.90000000,15181474.35000000,1551488.93000000,0.10219620
WOSAT,2019,570,1,27,44541.95000000,15181474.35000000,1596030.88000000,0.10513016
WOSAT,2019,570,1,28,64392.62000000,15181474.35000000,1660423.50000000,0.10937169
WOSAT,2019,570,1,29,18888.13000000,15181474.35000000,1679311.63000000,0.11061585
WOSAT,2019,570,1,30,30358.08000000,15181474.35000000,1709669.71000000,0.11261553
WOSAT,2019,570,1,34,15619.59000000,15181474.35000000,1725289.30000000,0.11364438
WOSAT,2019,570,1,35,2803.09000000,15181474.35000000,1728092.39000000,0.11382902
WOSAT,2019,570,1,36,15714.00000000,15181474.35000000,1743806.39000000,0.11486410
WOSAT,2019,570,1,37,21080.84000000,15181474.35000000,1764887.23000000,0.11625269
WOSAT,2019,570,1,41,37019.22000000,15181474.35000000,1801906.45000000,0.11869114
WOSAT,2019,570,1,43,12140.71000000,15181474.35000000,1814047.16000000,0.11949084
WOSAT,2019,570,1,46,21790.70000000,15181474.35000000,1835837.86000000,0.12092619
WOSAT,2019,570,1,49,18099.15000000,15181474.35000000,1853937.01000000,0.12211838
WOSAT,2019,570,1,50,20690.77000000,15181474.35000000,1874627.78000000,0.12348127
WOSAT,2019,570,2,4,5375.49000000,2760200.99000000,5375.49000000,0.00194750
WOSAT,2019,570,2,6,25399.23000000,2760200.99000000,30774.72000000,0.01114945
WOSAT,2019,570,2,7,30053.67000000,2760200.99000000,60828.39000000,0.02203767
WOSAT,2019,570,2,8,3180.51000000,2760200.99000000,64008.90000000,0.02318994
WOSAT,2019,570,2,9,16808.20000000,2760200.99000000,80817.10000000,0.02927943
WOSAT,2019,570,2,10,16668.50000000,2760200.99000000,97485.60000000,0.03531830
WOSAT,2019,570,2,14,15033.20000000,2760200.99000000,112518.80000000,0.04076471
WOSAT,2019,570,2,15,5874.80000000,2760200.99000000,118393.60000000,0.04289311
WOSAT,2019,570,2,16,11511.53000000,2760200.99000000,129905.13000000,0.04706365
WOSAT,2019,570,2,17,34973.80000000,2760200.99000000,164878.93000000,0.05973439
WOSAT,2019,570,2,19,2227.95000000,2760200.99000000,167106.88000000,0.06054156
WOSAT,2019,570,2,20,2338.41000000,2760200.99000000,169445.29000000,0.06138875
WOSAT,2019,570,2,22,14729.03000000,2760200.99000000,184174.32000000,0.06672497
WOSAT,2019,570,2,23,33001.96000000,2760200.99000000,217176.28000000,0.07868133
WOSAT,2019,570,2,27,20112.16000000,2760200.99000000,237288.44000000,0.08596781
WOSAT,2019,570,2,28,54756.27000000,2760200.99000000,292044.71000000,0.10580560
WOSAT,2019,570,2,31,16003.79000000,2760200.99000000,308048.50000000,0.11160365
WOSAT,2019,570,2,32,17455.47000000,2760200.99000000,325503.97000000,0.11792763
WOSAT,2019,570,2,33,30172.43000000,2760200.99000000,355676.40000000,0.12885888
WOSAT,2019,570,2,36,18488.74000000,2760200.99000000,374165.14000000,0.13555721
WOSAT,2019,570,2,39,13063.73000000,2760200.99000000,387228.87000000,0.14029010
WOSAT,2019,580,1,4,144485.02000000,42184458.62000006,144485.02000000,0.00342508
WOSAT,2019,580,1,5,231349.88000000,42184458.62000006,375834.90000000,0.00890932
WOSAT,2019,580,1,6,238926.41000000,42184458.62000006,614761.31000000,0.01457317
WOSAT,2019,580,1,7,416081.63000000,42184458.62000006,1030842.94000000,0.02443656
WOSAT,2019,580,1,8,260094.17000000,42184458.62000006,1290937.11000000,0.03060220
WOSAT,2019,580,1,9,304610.73000000,42184458.62000006,1595547.84000000,0.03782312
WOSAT,2019,580,1,10,173202.02000000,42184458.62000006,1768749.86000000,0.04192895
WOSAT,2019,580,1,11,206038.28000000,42184458.62000006,1974788.14000000,0.04681317
WOSAT,2019,580,1,12,72560.02000000,42184458.62000006,2047348.16000000,0.04853323
WOSAT,2019,580,1,13,83121.00000000,42184458.62000006,2130469.16000000,0.05050365
WOSAT,2019,580,1,14,193355.84000000,42184458.62000006,2323825.00000000,0.05508723
WOSAT,2019,580,1,15,281937.34000000,42184458.62000006,2605762.34000000,0.06177067
WOSAT,2019,580,1,16,234463.54000000,42184458.62000006,2840225.88000000,0.06732873
WOSAT,2019,580,1,17,219500.64000000,42184458.62000006,3059726.52000000,0.07253208
WOSAT,2019,580,1,18,223209.35000000,42184458.62000006,3282935.87000000,0.07782335
WOSAT,2019,580,1,19,166067.35000000,42184458.62000006,3449003.22000000,0.08176004
WOSAT,2019,580,1,20,142378.80000000,42184458.62000006,3591382.02000000,0.08513519
WOSAT,2019,580,1,21,151003.83000000,42184458.62000006,3742385.85000000,0.08871480
WOSAT,2019,580,1,22,77464.40000000,42184458.62000006,3819850.25000000,0.09055113
WOSAT,2019,580,1,23,138970.55000000,42184458.62000006,3958820.80000000,0.09384548
WOSAT,2019,580,1,24,92978.33000000,42184458.62000006,4051799.13000000,0.09604957
WOSAT,2019,580,1,25,57604.43000000,42184458.62000006,4109403.56000000,0.09741511
WOSAT,2019,580,1,26,46938.94000000,42184458.62000006,4156342.50000000,0.09852781
WOSAT,2019,580,1,27,119610.35000000,42184458.62000006,4275952.85000000,0.10136323
WOSAT,2019,580,1,28,40449.62000000,42184458.62000006,4316402.47000000,0.10232210
WOSAT,2019,580,1,29,66446.89000000,42184458.62000006,4382849.36000000,0.10389725
WOSAT,2019,580,1,30,39061.77000000,42184458.62000006,4421911.13000000,0.10482323
WOSAT,2019,580,1,31,22754.20000000,42184458.62000006,4444665.33000000,0.10536263
WOSAT,2019,580,1,32,60221.74000000,42184458.62000006,4504887.07000000,0.10679021
WOSAT,2019,580,1,33,41677.59000000,42184458.62000006,4546564.66000000,0.10777819
WOSAT,2019,580,1,34,51934.01000000,42184458.62000006,4598498.67000000,0.10900931
WOSAT,2019,580,1,35,41264.29000000,42184458.62000006,4639762.96000000,0.10998750
WOSAT,2019,580,1,36,57909.67000000,42184458.62000006,4697672.63000000,0.11136027
WOSAT,2019,580,1,37,92277.05000000,42184458.62000006,4789949.68000000,0.11354773
WOSAT,2019,580,1,38,18990.43000000,42184458.62000006,4808940.11000000,0.11399791
WOSAT,2019,580,1,40,62982.21000000,42184458.62000006,4871922.32000000,0.11549093
WOSAT,2019,580,1,41,43251.74000000,42184458.62000006,4915174.06000000,0.11651623
WOSAT,2019,580,1,42,19614.56000000,42184458.62000006,4934788.62000000,0.11698120
WOSAT,2019,580,1,44,24321.55000000,42184458.62000006,4959110.17000000,0.11755775
WOSAT,2019,580,1,45,18230.86000000,42184458.62000006,4977341.03000000,0.11798992
WOSAT,2019,580,1,47,16966.47000000,42184458.62000006,4994307.50000000,0.11839212
WOSAT,2019,580,1,48,75988.90000000,42184458.62000006,5070296.40000000,0.12019347
WOSAT,2019,580,1,49,21491.60000000,42184458.62000006,5091788.00000000,0.12070294
WOSAT,2019,580,1,50,14833.02000000,42184458.62000006,5106621.02000000,0.12105456
WOSAT,2019,580,2,4,36278.01000000,4309817.04000000,36278.01000000,0.00841753
WOSAT,2019,580,2,5,13917.05000000,4309817.04000000,50195.06000000,0.01164668
WOSAT,2019,580,2,6,22187.26000000,4309817.04000000,72382.32000000,0.01679475
WOSAT,2019,580,2,8,35966.74000000,4309817.04000000,108349.06000000,0.02514006
WOSAT,2019,580,2,9,53417.28000000,4309817.04000000,161766.34000000,0.03753439
WOSAT,2019,580,2,10,39597.60000000,4309817.04000000,201363.94000000,0.04672216
WOSAT,2019,580,2,11,791.86000000,4309817.04000000,202155.80000000,0.04690589
WOSAT,2019,580,2,13,7050.75000000,4309817.04000000,209206.55000000,0.04854186
WOSAT,2019,580,2,14,31426.26000000,4309817.04000000,240632.81000000,0.05583365
WOSAT,2019,580,2,15,1835.25000000,4309817.04000000,242468.06000000,0.05625948
WOSAT,2019,580,2,16,41738.64000000,4309817.04000000,284206.70000000,0.06594403
WOSAT,2019,580,2,17,40313.53000000,4309817.04000000,324520.23000000,0.07529791
WOSAT,2019,580,2,19,31958.54000000,4309817.04000000,356478.77000000,0.08271320
WOSAT,2019,580,2,22,18944.38000000,4309817.04000000,375423.15000000,0.08710884
WOSAT,2019,580,2,25,34913.81000000,4309817.04000000,410336.96000000,0.09520983
WOSAT,2019,580,2,26,48803.73000000,4309817.04000000,459140.69000000,0.10653368
WOSAT,2019,580,2,27,21278.39000000,4309817.04000000,480419.08000000,0.11147088
WOSAT,2019,580,2,28,49536.33000000,4309817.04000000,529955.41000000,0.12296471
WOSAT,2019,580,2,31,14323.04000000,4309817.04000000,544278.45000000,0.12628806
WOSAT,2019,580,2,32,11359.05000000,4309817.04000000,555637.50000000,0.12892369
WOSAT,2019,580,2,37,36469.97000000,4309817.04000000,592107.47000000,0.13738576
WOSAT,2019,580,2,38,32284.31000000,4309817.04000000,624391.78000000,0.14487663
WOSAT,2019,580,2,41,32088.52000000,4309817.04000000,656480.30000000,0.15232208
WOSAT,2019,580,2,42,15772.71000000,4309817.04000000,672253.01000000,0.15598180
WOSAT,2019,580,2,45,12577.83000000,4309817.04000000,684830.84000000,0.15890021
WOSAT,2019,580,2,48,3045.93000000,4309817.04000000,687876.77000000,0.15960695
WOSAT,2019,580,2,50,521.99000000,4309817.04000000,688398.76000000,0.15972807
WOSAT,2019,590,1,3,139718.69000000,50464527.59000007,139718.69000000,0.00276865
WOSAT,2019,590,1,4,214108.71000000,50464527.59000007,353827.40000000,0.00701141
WOSAT,2019,590,1,5,324690.01000000,50464527.59000007,678517.41000000,0.01344543
WOSAT,2019,590,1,6,427449.53000000,50464527.59000007,1105966.94000000,0.02191573
WOSAT,2019,590,1,7,405326.52000000,50464527.59000007,1511293.46000000,0.02994764
WOSAT,2019,590,1,8,307637.76000000,50464527.59000007,1818931.22000000,0.03604376
WOSAT,2019,590,1,9,327200.40000000,50464527.59000007,2146131.62000000,0.04252753
WOSAT,2019,590,1,10,192436.52000000,50464527.59000007,2338568.14000000,0.04634083
WOSAT,2019,590,1,11,198177.32000000,50464527.59000007,2536745.46000000,0.05026789
WOSAT,2019,590,1,12,133682.28000000,50464527.59000007,2670427.74000000,0.05291693
WOSAT,2019,590,1,13,134518.79000000,50464527.59000007,2804946.53000000,0.05558254
WOSAT,2019,590,1,14,155706.38000000,50464527.59000007,2960652.91000000,0.05866800
WOSAT,2019,590,1,15,283109.90000000,50464527.59000007,3243762.81000000,0.06427808
WOSAT,2019,590,1,16,148715.57000000,50464527.59000007,3392478.38000000,0.06722501
WOSAT,2019,590,1,17,343863.94000000,50464527.59000007,3736342.32000000,0.07403898
WOSAT,2019,590,1,18,221715.35000000,50464527.59000007,3958057.67000000,0.07843247
WOSAT,2019,590,1,19,258417.01000000,50464527.59000007,4216474.68000000,0.08355324
WOSAT,2019,590,1,20,98632.59000000,50464527.59000007,4315107.27000000,0.08550773
WOSAT,2019,590,1,21,156120.76000000,50464527.59000007,4471228.03000000,0.08860140
WOSAT,2019,590,1,22,65631.83000000,50464527.59000007,4536859.86000000,0.08990196
WOSAT,2019,590,1,23,75643.09000000,50464527.59000007,4612502.95000000,0.09140089
WOSAT,2019,590,1,24,86494.32000000,50464527.59000007,4698997.27000000,0.09311486
WOSAT,2019,590,1,25,44463.36000000,50464527.59000007,4743460.63000000,0.09399594
WOSAT,2019,590,1,26,137924.74000000,50464527.59000007,4881385.37000000,0.09672904
WOSAT,2019,590,1,27,24076.81000000,50464527.59000007,4905462.18000000,0.09720614
WOSAT,2019,590,1,28,141138.55000000,50464527.59000007,5046600.73000000,0.10000293
WOSAT,2019,590,1,29,126542.32000000,50464527.59000007,5173143.05000000,0.10251048
WOSAT,2019,590,1,30,115549.14000000,50464527.59000007,5288692.19000000,0.10480019
WOSAT,2019,590,1,31,82976.16000000,50464527.59000007,5371668.35000000,0.10644444
WOSAT,2019,590,1,32,31947.88000000,50464527.59000007,5403616.23000000,0.10707752
WOSAT,2019,590,1,33,43623.62000000,50464527.59000007,5447239.85000000,0.10794196
WOSAT,2019,590,1,34,24941.43000000,50464527.59000007,5472181.28000000,0.10843619
WOSAT,2019,590,1,35,75330.67000000,50464527.59000007,5547511.95000000,0.10992894
WOSAT,2019,590,1,36,38565.99000000,50464527.59000007,5586077.94000000,0.11069316
WOSAT,2019,590,1,37,92695.16000000,50464527.59000007,5678773.10000000,0.11253000
WOSAT,2019,590,1,38,120009.11000000,50464527.59000007,5798782.21000000,0.11490808
WOSAT,2019,590,1,39,26803.03000000,50464527.59000007,5825585.24000000,0.11543921
WOSAT,2019,590,1,40,16862.86000000,50464527.59000007,5842448.10000000,0.11577336
WOSAT,2019,590,1,41,69564.90000000,50464527.59000007,5912013.00000000,0.11715185
WOSAT,2019,590,1,43,52443.01000000,50464527.59000007,5964456.01000000,0.11819106
WOSAT,2019,590,1,44,44802.61000000,50464527.59000007,6009258.62000000,0.11907886
WOSAT,2019,590,1,46,34293.39000000,50464527.59000007,6043552.01000000,0.11975842
WOSAT,2019,590,1,47,47999.11000000,50464527.59000007,6091551.12000000,0.12070956
WOSAT,2019,590,1,48,72791.76000000,50464527.59000007,6164342.88000000,0.12215200
WOSAT,2019,590,1,49,56917.55000000,50464527.59000007,6221260.43000000,0.12327987
WOSAT,2019,590,1,50,23236.83000000,50464527.59000007,6244497.26000000,0.12374033
WOSAT,2019,590,2,5,14180.03000000,5826163.98999999,14180.03000000,0.00243385
WOSAT,2019,590,2,6,21225.45000000,5826163.98999999,35405.48000000,0.00607698
WOSAT,2019,590,2,7,55721.01000000,5826163.98999999,91126.49000000,0.01564091
WOSAT,2019,590,2,8,72580.10000000,5826163.98999999,163706.59000000,0.02809852
WOSAT,2019,590,2,9,44769.19000000,5826163.98999999,208475.78000000,0.03578268
WOSAT,2019,590,2,10,185.99000000,5826163.98999999,208661.77000000,0.03581461
WOSAT,2019,590,2,12,34381.31000000,5826163.98999999,243043.08000000,0.04171580
WOSAT,2019,590,2,13,50849.00000000,5826163.98999999,293892.08000000,0.05044350
WOSAT,2019,590,2,14,20641.90000000,5826163.98999999,314533.98000000,0.05398646
WOSAT,2019,590,2,15,24939.17000000,5826163.98999999,339473.15000000,0.05826701
WOSAT,2019,590,2,16,33168.51000000,5826163.98999999,372641.66000000,0.06396004
WOSAT,2019,590,2,17,16677.29000000,5826163.98999999,389318.95000000,0.06682252
WOSAT,2019,590,2,18,78089.74000000,5826163.98999999,467408.69000000,0.08022580
WOSAT,2019,590,2,19,13480.06000000,5826163.98999999,480888.75000000,0.08253951
WOSAT,2019,590,2,20,12017.18000000,5826163.98999999,492905.93000000,0.08460214
WOSAT,2019,590,2,22,13802.51000000,5826163.98999999,506708.44000000,0.08697119
WOSAT,2019,590,2,23,4286.84000000,5826163.98999999,510995.28000000,0.08770699
WOSAT,2019,590,2,24,6904.36000000,5826163.98999999,517899.64000000,0.08889205
WOSAT,2019,590,2,25,5290.58000000,5826163.98999999,523190.22000000,0.08980012
WOSAT,2019,590,2,26,37873.52000000,5826163.98999999,561063.74000000,0.09630071
WOSAT,2019,590,2,29,16624.16000000,5826163.98999999,577687.90000000,0.09915407
WOSAT,2019,590,2,30,1592.51000000,5826163.98999999,579280.41000000,0.09942741
WOSAT,2019,590,2,31,12106.07000000,5826163.98999999,591386.48000000,0.10150529
WOSAT,2019,590,2,32,8274.73000000,5826163.98999999,599661.21000000,0.10292556
WOSAT,2019,590,2,34,23438.77000000,5826163.98999999,623099.98000000,0.10694858
WOSAT,2019,590,2,37,26703.65000000,5826163.98999999,649803.63000000,0.11153198
WOSAT,2019,590,2,38,23097.23000000,5826163.98999999,672900.86000000,0.11549638
WOSAT,2019,590,2,39,11511.99000000,5826163.98999999,684412.85000000,0.11747229
WOSAT,2019,590,2,41,10096.09000000,5826163.98999999,694508.94000000,0.11920518
WOSAT,2019,590,2,43,9513.00000000,5826163.98999999,704021.94000000,0.12083799
WOSAT,2019,590,2,48,12649.72000000,5826163.98999999,716671.66000000,0.12300918
WOSAT,2019,600,1,3,23776.01000000,54968544.91000006,23776.01000000,0.00043254
WOSAT,2019,600,1,4,144243.32000000,54968544.91000006,168019.33000000,0.00305665
WOSAT,2019,600,1,5,197954.56000000,54968544.91000006,365973.89000000,0.00665788
WOSAT,2019,600,1,6,394941.95000000,54968544.91000006,760915.84000000,0.01384275
WOSAT,2019,600,1,7,288467.23000000,54968544.91000006,1049383.07000000,0.01909061
WOSAT,2019,600,1,8,450005.35000000,54968544.91000006,1499388.42000000,0.02727721
WOSAT,2019,600,1,9,253102.51000000,54968544.91000006,1752490.93000000,0.03188170
WOSAT,2019,600,1,10,223347.84000000,54968544.91000006,1975838.77000000,0.03594490
WOSAT,2019,600,1,11,162923.51000000,54968544.91000006,2138762.28000000,0.03890884
WOSAT,2019,600,1,12,88680.04000000,54968544.91000006,2227442.32000000,0.04052213
WOSAT,2019,600,1,13,133079.67000000,54968544.91000006,2360521.99000000,0.04294314
WOSAT,2019,600,1,14,248507.48000000,54968544.91000006,2609029.47000000,0.04746404
WOSAT,2019,600,1,15,274046.20000000,54968544.91000006,2883075.67000000,0.05244955
WOSAT,2019,600,1,16,299816.48000000,54968544.91000006,3182892.15000000,0.05790388
WOSAT,2019,600,1,17,99931.88000000,54968544.91000006,3282824.03000000,0.05972187
WOSAT,2019,600,1,18,364037.35000000,54968544.91000006,3646861.38000000,0.06634451
WOSAT,2019,600,1,19,205331.14000000,54968544.91000006,3852192.52000000,0.07007994
WOSAT,2019,600,1,20,293813.13000000,54968544.91000006,4146005.65000000,0.07542506
WOSAT,2019,600,1,21,73803.68000000,54968544.91000006,4219809.33000000,0.07676771
WOSAT,2019,600,1,22,76281.35000000,54968544.91000006,4296090.68000000,0.07815544
WOSAT,2019,600,1,23,47914.70000000,54968544.91000006,4344005.38000000,0.07902711
WOSAT,2019,600,1,25,14725.99000000,54968544.91000006,4358731.37000000,0.07929501
WOSAT,2019,600,1,26,34707.44000000,54968544.91000006,4393438.81000000,0.07992642
WOSAT,2019,600,1,27,86853.60000000,54968544.91000006,4480292.41000000,0.08150648
WOSAT,2019,600,1,28,14119.03000000,54968544.91000006,4494411.44000000,0.08176333
WOSAT,2019,600,1,29,24220.48000000,54968544.91000006,4518631.92000000,0.08220396
WOSAT,2019,600,1,30,15751.62000000,54968544.91000006,4534383.54000000,0.08249051
WOSAT,2019,600,1,31,34682.85000000,54968544.91000006,4569066.39000000,0.08312147
WOSAT,2019,600,1,32,113186.93000000,54968544.91000006,4682253.32000000,0.08518059
WOSAT,2019,600,1,34,38557.43000000,54968544.91000006,4720810.75000000,0.08588204
WOSAT,2019,600,1,35,77583.05000000,54968544.91000006,4798393.80000000,0.08729345
WOSAT,2019,600,1,36,36715.30000000,54968544.91000006,4835109.10000000,0.08796138
WOSAT,2019,600,1,37,59504.13000000,54968544.91000006,4894613.23000000,0.08904389
WOSAT,2019,600,1,38,98463.36000000,54968544.91000006,4993076.59000000,0.09083516
WOSAT,2019,600,1,39,66577.30000000,54968544.91000006,5059653.89000000,0.09204635
WOSAT,2019,600,1,40,105635.43000000,54968544.91000006,5165289.32000000,0.09396809
WOSAT,2019,600,1,41,29816.93000000,54968544.91000006,5195106.25000000,0.09451053
WOSAT,2019,600,1,42,56760.89000000,54968544.91000006,5251867.14000000,0.09554314
WOSAT,2019,600,1,43,3751.71000000,54968544.91000006,5255618.85000000,0.09561139
WOSAT,2019,600,1,44,14770.51000000,54968544.91000006,5270389.36000000,0.09588010
WOSAT,2019,600,1,45,26680.16000000,54968544.91000006,5297069.52000000,0.09636547
WOSAT,2019,600,1,46,36461.09000000,54968544.91000006,5333530.61000000,0.09702878
WOSAT,2019,600,1,47,18133.96000000,54968544.91000006,5351664.57000000,0.09735867
WOSAT,2019,600,1,48,15722.53000000,54968544.91000006,5367387.10000000,0.09764470
WOSAT,2019,600,1,50,39667.26000000,54968544.91000006,5407054.36000000,0.09836634
WOSAT,2019,600,2,4,40884.15000000,8288403.43000000,40884.15000000,0.00493269
WOSAT,2019,600,2,5,58036.88000000,8288403.43000000,98921.03000000,0.01193487
WOSAT,2019,600,2,6,66089.25000000,8288403.43000000,165010.28000000,0.01990857
WOSAT,2019,600,2,7,52115.84000000,8288403.43000000,217126.12000000,0.02619637
WOSAT,2019,600,2,8,41483.44000000,8288403.43000000,258609.56000000,0.03120137
WOSAT,2019,600,2,9,79769.95000000,8288403.43000000,338379.51000000,0.04082566
WOSAT,2019,600,2,10,42065.56000000,8288403.43000000,380445.07000000,0.04590089
WOSAT,2019,600,2,11,28868.99000000,8288403.43000000,409314.06000000,0.04938395
WOSAT,2019,600,2,13,13359.07000000,8288403.43000000,422673.13000000,0.05099572
WOSAT,2019,600,2,14,21707.55000000,8288403.43000000,444380.68000000,0.05361475
WOSAT,2019,600,2,15,44344.46000000,8288403.43000000,488725.14000000,0.05896493
WOSAT,2019,600,2,16,26430.43000000,8288403.43000000,515155.57000000,0.06215378
WOSAT,2019,600,2,17,15609.74000000,8288403.43000000,530765.31000000,0.06403710
WOSAT,2019,600,2,18,37046.10000000,8288403.43000000,567811.41000000,0.06850673
WOSAT,2019,600,2,19,57823.41000000,8288403.43000000,625634.82000000,0.07548315
WOSAT,2019,600,2,21,27877.85000000,8288403.43000000,653512.67000000,0.07884663
WOSAT,2019,600,2,22,11412.24000000,8288403.43000000,664924.91000000,0.08022352
WOSAT,2019,600,2,24,23154.88000000,8288403.43000000,688079.79000000,0.08301717
WOSAT,2019,600,2,25,12388.29000000,8288403.43000000,700468.08000000,0.08451182
WOSAT,2019,600,2,26,50287.59000000,8288403.43000000,750755.67000000,0.09057905
WOSAT,2019,600,2,27,12338.85000000,8288403.43000000,763094.52000000,0.09206773
WOSAT,2019,600,2,30,31194.06000000,8288403.43000000,794288.58000000,0.09583131
WOSAT,2019,600,2,31,8529.63000000,8288403.43000000,802818.21000000,0.09686042
WOSAT,2019,600,2,32,4074.09000000,8288403.43000000,806892.30000000,0.09735196
WOSAT,2019,600,2,33,39243.07000000,8288403.43000000,846135.37000000,0.10208665
WOSAT,2019,600,2,37,29009.06000000,8288403.43000000,875144.43000000,0.10558661
WOSAT,2019,600,2,38,30376.84000000,8288403.43000000,905521.27000000,0.10925159
WOSAT,2019,600,2,40,7578.03000000,8288403.43000000,913099.30000000,0.11016589
WOSAT,2019,600,2,41,10876.50000000,8288403.43000000,923975.80000000,0.11147814
WOSAT,2019,600,2,42,9081.73000000,8288403.43000000,933057.53000000,0.11257386
WOSAT,2019,600,2,45,9675.19000000,8288403.43000000,942732.72000000,0.11374117
WOSAT,2019,610,1,2,48786.06000000,56822653.84999990,48786.06000000,0.00085857
WOSAT,2019,610,1,4,181091.59000000,56822653.84999990,229877.65000000,0.00404553
WOSAT,2019,610,1,5,198659.39000000,56822653.84999990,428537.04000000,0.00754166
WOSAT,2019,610,1,6,216389.03000000,56822653.84999990,644926.07000000,0.01134981
WOSAT,2019,610,1,7,540270.25000000,56822653.84999990,1185196.32000000,0.02085781
WOSAT,2019,610,1,8,310228.72000000,56822653.84999990,1495425.04000000,0.02631741
WOSAT,2019,610,1,9,215270.82000000,56822653.84999990,1710695.86000000,0.03010588
WOSAT,2019,610,1,10,178954.11000000,56822653.84999990,1889649.97000000,0.03325522
WOSAT,2019,610,1,11,192828.54000000,56822653.84999990,2082478.51000000,0.03664874
WOSAT,2019,610,1,12,137068.95000000,56822653.84999990,2219547.46000000,0.03906096
WOSAT,2019,610,1,13,116041.80000000,56822653.84999990,2335589.26000000,0.04110314
WOSAT,2019,610,1,14,180939.60000000,56822653.84999990,2516528.86000000,0.04428742
WOSAT,2019,610,1,15,266689.25000000,56822653.84999990,2783218.11000000,0.04898078
WOSAT,2019,610,1,16,162046.88000000,56822653.84999990,2945264.99000000,0.05183258
WOSAT,2019,610,1,17,213562.38000000,56822653.84999990,3158827.37000000,0.05559099
WOSAT,2019,610,1,18,132443.41000000,56822653.84999990,3291270.78000000,0.05792181
WOSAT,2019,610,1,19,194502.03000000,56822653.84999990,3485772.81000000,0.06134477
WOSAT,2019,610,1,20,90231.49000000,56822653.84999990,3576004.30000000,0.06293272
WOSAT,2019,610,1,21,124782.98000000,56822653.84999990,3700787.28000000,0.06512873
WOSAT,2019,610,1,22,108834.64000000,56822653.84999990,3809621.92000000,0.06704407
WOSAT,2019,610,1,23,100881.44000000,56822653.84999990,3910503.36000000,0.06881944
WOSAT,2019,610,1,24,42604.63000000,56822653.84999990,3953107.99000000,0.06956922
WOSAT,2019,610,1,25,101934.97000000,56822653.84999990,4055042.96000000,0.07136314
WOSAT,2019,610,1,26,56161.26000000,56822653.84999990,4111204.22000000,0.07235150
WOSAT,2019,610,1,27,34190.56000000,56822653.84999990,4145394.78000000,0.07295321
WOSAT,2019,610,1,28,28966.70000000,56822653.84999990,4174361.48000000,0.07346298
WOSAT,2019,610,1,29,35850.02000000,56822653.84999990,4210211.50000000,0.07409389
WOSAT,2019,610,1,30,4694.59000000,56822653.84999990,4214906.09000000,0.07417651
WOSAT,2019,610,1,31,111657.11000000,56822653.84999990,4326563.20000000,0.07614152
WOSAT,2019,610,1,32,124502.79000000,56822653.84999990,4451065.99000000,0.07833260
WOSAT,2019,610,1,33,15874.40000000,56822653.84999990,4466940.39000000,0.07861196
WOSAT,2019,610,1,34,32500.69000000,56822653.84999990,4499441.08000000,0.07918393
WOSAT,2019,610,1,35,56584.49000000,56822653.84999990,4556025.57000000,0.08017974
WOSAT,2019,610,1,37,70815.79000000,56822653.84999990,4626841.36000000,0.08142600
WOSAT,2019,610,1,38,99639.28000000,56822653.84999990,4726480.64000000,0.08317951
WOSAT,2019,610,1,39,37427.86000000,56822653.84999990,4763908.50000000,0.08383819
WOSAT,2019,610,1,40,12289.50000000,56822653.84999990,4776198.00000000,0.08405447
WOSAT,2019,610,1,41,26120.09000000,56822653.84999990,4802318.09000000,0.08451415
WOSAT,2019,610,1,42,39711.11000000,56822653.84999990,4842029.20000000,0.08521301
WOSAT,2019,610,1,43,9732.06000000,56822653.84999990,4851761.26000000,0.08538428
WOSAT,2019,610,1,45,46681.46000000,56822653.84999990,4898442.72000000,0.08620581
WOSAT,2019,610,1,46,49834.42000000,56822653.84999990,4948277.14000000,0.08708282
WOSAT,2019,610,1,47,28913.49000000,56822653.84999990,4977190.63000000,0.08759166
WOSAT,2019,610,1,48,52013.45000000,56822653.84999990,5029204.08000000,0.08850703
WOSAT,2019,610,1,49,21501.85000000,56822653.84999990,5050705.93000000,0.08888543
WOSAT,2019,610,1,50,40854.03000000,56822653.84999990,5091559.96000000,0.08960440
WOSAT,2019,610,2,5,67336.57000000,8616546.01000000,67336.57000000,0.00781480
WOSAT,2019,610,2,6,84577.08000000,8616546.01000000,151913.65000000,0.01763046
WOSAT,2019,610,2,7,120304.25000000,8616546.01000000,272217.90000000,0.03159246
WOSAT,2019,610,2,8,43494.10000000,8616546.01000000,315712.00000000,0.03664020
WOSAT,2019,610,2,9,21124.37000000,8616546.01000000,336836.37000000,0.03909181
WOSAT,2019,610,2,10,93629.62000000,8616546.01000000,430465.99000000,0.04995807
WOSAT,2019,610,2,11,30511.58000000,8616546.01000000,460977.57000000,0.05349911
WOSAT,2019,610,2,12,19505.10000000,8616546.01000000,480482.67000000,0.05576279
WOSAT,2019,610,2,13,1638.04000000,8616546.01000000,482120.71000000,0.05595290
WOSAT,2019,610,2,14,75897.17000000,8616546.01000000,558017.88000000,0.06476120
WOSAT,2019,610,2,15,27897.64000000,8616546.01000000,585915.52000000,0.06799888
WOSAT,2019,610,2,16,14521.35000000,8616546.01000000,600436.87000000,0.06968417
WOSAT,2019,610,2,17,61914.28000000,8616546.01000000,662351.15000000,0.07686968
WOSAT,2019,610,2,18,12677.41000000,8616546.01000000,675028.56000000,0.07834097
WOSAT,2019,610,2,19,59493.78000000,8616546.01000000,734522.34000000,0.08524557
WOSAT,2019,610,2,20,16287.52000000,8616546.01000000,750809.86000000,0.08713583
WOSAT,2019,610,2,22,14647.68000000,8616546.01000000,765457.54000000,0.08883577
WOSAT,2019,610,2,23,28551.00000000,8616546.01000000,794008.54000000,0.09214928
WOSAT,2019,610,2,24,33466.43000000,8616546.01000000,827474.97000000,0.09603326
WOSAT,2019,610,2,25,2619.34000000,8616546.01000000,830094.31000000,0.09633725
WOSAT,2019,610,2,27,9487.77000000,8616546.01000000,839582.08000000,0.09743836
WOSAT,2019,610,2,34,10647.21000000,8616546.01000000,850229.29000000,0.09867403
WOSAT,2019,610,2,35,14074.54000000,8616546.01000000,864303.83000000,0.10030746
WOSAT,2019,610,2,36,24093.28000000,8616546.01000000,888397.11000000,0.10310362
WOSAT,2019,610,2,37,19260.84000000,8616546.01000000,907657.95000000,0.10533895
WOSAT,2019,610,2,38,22299.01000000,8616546.01000000,929956.96000000,0.10792688
WOSAT,2019,610,2,39,10353.34000000,8616546.01000000,940310.30000000,0.10912845
WOSAT,2019,610,2,47,19505.41000000,8616546.01000000,959815.71000000,0.11139216
WOSAT,2019,610,2,48,11249.91000000,8616546.01000000,971065.62000000,0.11269778
WOSAT,2019,620,1,3,57889.72000000,74675253.77000001,57889.72000000,0.00077522
WOSAT,2019,620,1,4,296150.50000000,74675253.77000001,354040.22000000,0.00474106
WOSAT,2019,620,1,5,381718.36000000,74675253.77000001,735758.58000000,0.00985278
WOSAT,2019,620,1,6,439388.85000000,74675253.77000001,1175147.43000000,0.01573677
WOSAT,2019,620,1,7,355560.79000000,74675253.77000001,1530708.22000000,0.02049820
WOSAT,2019,620,1,8,338238.80000000,74675253.77000001,1868947.02000000,0.02502766
WOSAT,2019,620,1,9,547778.92000000,74675253.77000001,2416725.94000000,0.03236314
WOSAT,2019,620,1,10,290101.09000000,74675253.77000001,2706827.03000000,0.03624798
WOSAT,2019,620,1,11,149932.57000000,74675253.77000001,2856759.60000000,0.03825577
WOSAT,2019,620,1,12,77343.53000000,74675253.77000001,2934103.13000000,0.03929151
WOSAT,2019,620,1,13,92974.40000000,74675253.77000001,3027077.53000000,0.04053655
WOSAT,2019,620,1,14,222147.34000000,74675253.77000001,3249224.87000000,0.04351140
WOSAT,2019,620,1,15,429509.66000000,74675253.77000001,3678734.53000000,0.04926310
WOSAT,2019,620,1,16,314198.16000000,74675253.77000001,3992932.69000000,0.05347063
WOSAT,2019,620,1,17,214884.02000000,74675253.77000001,4207816.71000000,0.05634821
WOSAT,2019,620,1,18,282301.58000000,74675253.77000001,4490118.29000000,0.06012860
WOSAT,2019,620,1,19,302594.45000000,74675253.77000001,4792712.74000000,0.06418074
WOSAT,2019,620,1,20,207456.51000000,74675253.77000001,5000169.25000000,0.06695885
WOSAT,2019,620,1,21,182796.35000000,74675253.77000001,5182965.60000000,0.06940674
WOSAT,2019,620,1,22,148459.72000000,74675253.77000001,5331425.32000000,0.07139481
WOSAT,2019,620,1,23,157409.78000000,74675253.77000001,5488835.10000000,0.07350273
WOSAT,2019,620,1,24,105462.78000000,74675253.77000001,5594297.88000000,0.07491502
WOSAT,2019,620,1,25,100869.01000000,74675253.77000001,5695166.89000000,0.07626579
WOSAT,2019,620,1,26,67450.58000000,74675253.77000001,5762617.47000000,0.07716904
WOSAT,2019,620,1,27,133913.35000000,74675253.77000001,5896530.82000000,0.07896231
WOSAT,2019,620,1,28,89971.65000000,74675253.77000001,5986502.47000000,0.08016715
WOSAT,2019,620,1,29,218834.67000000,74675253.77000001,6205337.14000000,0.08309764
WOSAT,2019,620,1,30,25405.74000000,74675253.77000001,6230742.88000000,0.08343785
WOSAT,2019,620,1,31,54765.34000000,74675253.77000001,6285508.22000000,0.08417123
WOSAT,2019,620,1,32,20482.02000000,74675253.77000001,6305990.24000000,0.08444551
WOSAT,2019,620,1,33,83528.99000000,74675253.77000001,6389519.23000000,0.08556408
WOSAT,2019,620,1,34,24656.15000000,74675253.77000001,6414175.38000000,0.08589426
WOSAT,2019,620,1,35,53486.80000000,74675253.77000001,6467662.18000000,0.08661051
WOSAT,2019,620,1,36,31657.67000000,74675253.77000001,6499319.85000000,0.08703445
WOSAT,2019,620,1,37,106029.59000000,74675253.77000001,6605349.44000000,0.08845433
WOSAT,2019,620,1,38,17905.07000000,74675253.77000001,6623254.51000000,0.08869410
WOSAT,2019,620,1,39,35555.90000000,74675253.77000001,6658810.41000000,0.08917024
WOSAT,2019,620,1,40,57990.78000000,74675253.77000001,6716801.19000000,0.08994681
WOSAT,2019,620,1,41,89615.30000000,74675253.77000001,6806416.49000000,0.09114688
WOSAT,2019,620,1,42,144991.08000000,74675253.77000001,6951407.57000000,0.09308850
WOSAT,2019,620,1,43,73106.41000000,74675253.77000001,7024513.98000000,0.09406749
WOSAT,2019,620,1,44,18123.07000000,74675253.77000001,7042637.05000000,0.09431019
WOSAT,2019,620,1,45,35194.11000000,74675253.77000001,7077831.16000000,0.09478148
WOSAT,2019,620,1,46,18600.30000000,74675253.77000001,7096431.46000000,0.09503056
WOSAT,2019,620,1,47,12915.25000000,74675253.77000001,7109346.71000000,0.09520352
WOSAT,2019,620,1,48,41565.33000000,74675253.77000001,7150912.04000000,0.09576013
WOSAT,2019,620,1,49,44937.42000000,74675253.77000001,7195849.46000000,0.09636190
WOSAT,2019,620,1,50,30326.43000000,74675253.77000001,7226175.89000000,0.09676801
WOSAT,2019,620,2,4,88971.51000000,12965671.06000000,88971.51000000,0.00686208
WOSAT,2019,620,2,5,132157.72000000,12965671.06000000,221129.23000000,0.01705498
WOSAT,2019,620,2,6,54092.78000000,12965671.06000000,275222.01000000,0.02122698
WOSAT,2019,620,2,7,62434.46000000,12965671.06000000,337656.47000000,0.02604234
WOSAT,2019,620,2,8,45557.06000000,12965671.06000000,383213.53000000,0.02955601
WOSAT,2019,620,2,9,112267.78000000,12965671.06000000,495481.31000000,0.03821486
WOSAT,2019,620,2,10,71774.76000000,12965671.06000000,567256.07000000,0.04375061
WOSAT,2019,620,2,11,65884.34000000,12965671.06000000,633140.41000000,0.04883206
WOSAT,2019,620,2,12,5650.03000000,12965671.06000000,638790.44000000,0.04926783
WOSAT,2019,620,2,13,43976.75000000,12965671.06000000,682767.19000000,0.05265961
WOSAT,2019,620,2,14,22077.99000000,12965671.06000000,704845.18000000,0.05436241
WOSAT,2019,620,2,15,14449.19000000,12965671.06000000,719294.37000000,0.05547683
WOSAT,2019,620,2,16,38962.14000000,12965671.06000000,758256.51000000,0.05848186
WOSAT,2019,620,2,17,34837.50000000,12965671.06000000,793094.01000000,0.06116876
WOSAT,2019,620,2,18,30474.46000000,12965671.06000000,823568.47000000,0.06351916
WOSAT,2019,620,2,19,62247.53000000,12965671.06000000,885816.00000000,0.06832010
WOSAT,2019,620,2,20,13892.40000000,12965671.06000000,899708.40000000,0.06939158
WOSAT,2019,620,2,22,37486.01000000,12965671.06000000,937194.41000000,0.07228275
WOSAT,2019,620,2,23,47658.89000000,12965671.06000000,984853.30000000,0.07595853
WOSAT,2019,620,2,25,17776.53000000,12965671.06000000,1002629.83000000,0.07732957
WOSAT,2019,620,2,26,45242.82000000,12965671.06000000,1047872.65000000,0.08081901
WOSAT,2019,620,2,27,19851.81000000,12965671.06000000,1067724.46000000,0.08235011
WOSAT,2019,620,2,28,32681.10000000,12965671.06000000,1100405.56000000,0.08487070
WOSAT,2019,620,2,29,43312.07000000,12965671.06000000,1143717.63000000,0.08821122
WOSAT,2019,620,2,30,45842.60000000,12965671.06000000,1189560.23000000,0.09174691
WOSAT,2019,620,2,31,24920.69000000,12965671.06000000,1214480.92000000,0.09366896
WOSAT,2019,620,2,33,1507.84000000,12965671.06000000,1215988.76000000,0.09378525
WOSAT,2019,620,2,34,10987.31000000,12965671.06000000,1226976.07000000,0.09463267
WOSAT,2019,620,2,35,18896.53000000,12965671.06000000,1245872.60000000,0.09609010
WOSAT,2019,620,2,37,43959.31000000,12965671.06000000,1289831.91000000,0.09948054
WOSAT,2019,620,2,39,29675.93000000,12965671.06000000,1319507.84000000,0.10176934
WOSAT,2019,620,2,40,27600.94000000,12965671.06000000,1347108.78000000,0.10389811
WOSAT,2019,620,2,41,22635.85000000,12965671.06000000,1369744.63000000,0.10564394
WOSAT,2019,620,2,42,7638.01000000,12965671.06000000,1377382.64000000,0.10623304
WOSAT,2019,620,2,43,12301.46000000,12965671.06000000,1389684.10000000,0.10718181
WOSAT,2019,620,2,45,22135.31000000,12965671.06000000,1411819.41000000,0.10888904
WOSAT,2019,620,2,47,6075.97000000,12965671.06000000,1417895.38000000,0.10935765
WOSAT,2019,620,2,48,24910.75000000,12965671.06000000,1442806.13000000,0.11127894
WOSAT,2019,620,2,49,35487.74000000,12965671.06000000,1478293.87000000,0.11401599
WOSAT,2019,620,2,50,10457.79000000,12965671.06000000,1488751.66000000,0.11482257
WOSAT,2019,630,1,2,122506.87000000,67921084.20000008,122506.87000000,0.00180366
WOSAT,2019,630,1,4,149417.20000000,67921084.20000008,271924.07000000,0.00400353
WOSAT,2019,630,1,5,183733.36000000,67921084.20000008,455657.43000000,0.00670863
WOSAT,2019,630,1,6,554805.73000000,67921084.20000008,1010463.16000000,0.01487702
WOSAT,2019,630,1,7,393683.28000000,67921084.20000008,1404146.44000000,0.02067320
WOSAT,2019,630,1,8,255589.46000000,67921084.20000008,1659735.90000000,0.02443624
WOSAT,2019,630,1,9,361300.80000000,67921084.20000008,2021036.70000000,0.02975566
WOSAT,2019,630,1,10,142636.62000000,67921084.20000008,2163673.32000000,0.03185569
WOSAT,2019,630,1,11,159630.53000000,67921084.20000008,2323303.85000000,0.03420593
WOSAT,2019,630,1,12,182878.78000000,67921084.20000008,2506182.63000000,0.03689845
WOSAT,2019,630,1,13,155306.18000000,67921084.20000008,2661488.81000000,0.03918502
WOSAT,2019,630,1,14,239848.16000000,67921084.20000008,2901336.97000000,0.04271629
WOSAT,2019,630,1,15,242678.11000000,67921084.20000008,3144015.08000000,0.04628924
WOSAT,2019,630,1,16,239258.88000000,67921084.20000008,3383273.96000000,0.04981184
WOSAT,2019,630,1,17,193806.55000000,67921084.20000008,3577080.51000000,0.05266524
WOSAT,2019,630,1,18,220176.58000000,67921084.20000008,3797257.09000000,0.05590690
WOSAT,2019,630,1,19,196845.56000000,67921084.20000008,3994102.65000000,0.05880505
WOSAT,2019,630,1,20,199936.51000000,67921084.20000008,4194039.16000000,0.06174871
WOSAT,2019,630,1,21,128843.77000000,67921084.20000008,4322882.93000000,0.06364567
WOSAT,2019,630,1,22,150547.39000000,67921084.20000008,4473430.32000000,0.06586217
WOSAT,2019,630,1,23,76694.68000000,67921084.20000008,4550125.00000000,0.06699135
WOSAT,2019,630,1,24,60888.63000000,67921084.20000008,4611013.63000000,0.06788781
WOSAT,2019,630,1,25,191736.40000000,67921084.20000008,4802750.03000000,0.07071074
WOSAT,2019,630,1,26,93829.64000000,67921084.20000008,4896579.67000000,0.07209219
WOSAT,2019,630,1,27,95843.32000000,67921084.20000008,4992422.99000000,0.07350329
WOSAT,2019,630,1,28,111607.79000000,67921084.20000008,5104030.78000000,0.07514649
WOSAT,2019,630,1,29,60879.68000000,67921084.20000008,5164910.46000000,0.07604282
WOSAT,2019,630,1,30,41785.70000000,67921084.20000008,5206696.16000000,0.07665802
WOSAT,2019,630,1,31,82580.04000000,67921084.20000008,5289276.20000000,0.07787385
WOSAT,2019,630,1,32,52811.27000000,67921084.20000008,5342087.47000000,0.07865139
WOSAT,2019,630,1,33,146509.93000000,67921084.20000008,5488597.40000000,0.08080845
WOSAT,2019,630,1,34,38112.44000000,67921084.20000008,5526709.84000000,0.08136958
WOSAT,2019,630,1,35,157507.61000000,67921084.20000008,5684217.45000000,0.08368856
WOSAT,2019,630,1,36,21162.52000000,67921084.20000008,5705379.97000000,0.08400013
WOSAT,2019,630,1,38,68237.06000000,67921084.20000008,5773617.03000000,0.08500478
WOSAT,2019,630,1,39,23172.88000000,67921084.20000008,5796789.91000000,0.08534596
WOSAT,2019,630,1,40,33650.28000000,67921084.20000008,5830440.19000000,0.08584139
WOSAT,2019,630,1,41,20865.66000000,67921084.20000008,5851305.85000000,0.08614859
WOSAT,2019,630,1,42,38325.01000000,67921084.20000008,5889630.86000000,0.08671285
WOSAT,2019,630,1,43,6158.91000000,67921084.20000008,5895789.77000000,0.08680353
WOSAT,2019,630,1,44,56231.23000000,67921084.20000008,5952021.00000000,0.08763142
WOSAT,2019,630,1,47,31201.20000000,67921084.20000008,5983222.20000000,0.08809079
WOSAT,2019,630,1,48,17180.66000000,67921084.20000008,6000402.86000000,0.08834374
WOSAT,2019,630,1,49,12214.33000000,67921084.20000008,6012617.19000000,0.08852357
WOSAT,2019,630,1,50,17824.13000000,67921084.20000008,6030441.32000000,0.08878600
WOSAT,2019,630,2,3,45213.19000000,12659879.78000000,45213.19000000,0.00357138
WOSAT,2019,630,2,4,47680.45000000,12659879.78000000,92893.64000000,0.00733764
WOSAT,2019,630,2,5,76560.51000000,12659879.78000000,169454.15000000,0.01338513
WOSAT,2019,630,2,6,59464.61000000,12659879.78000000,228918.76000000,0.01808222
WOSAT,2019,630,2,7,130953.82000000,12659879.78000000,359872.58000000,0.02842622
WOSAT,2019,630,2,8,223215.45000000,12659879.78000000,583088.03000000,0.04605794
WOSAT,2019,630,2,9,26827.49000000,12659879.78000000,609915.52000000,0.04817704
WOSAT,2019,630,2,10,15350.64000000,12659879.78000000,625266.16000000,0.04938958
WOSAT,2019,630,2,11,47990.23000000,12659879.78000000,673256.39000000,0.05318031
WOSAT,2019,630,2,12,19863.71000000,12659879.78000000,693120.10000000,0.05474934
WOSAT,2019,630,2,13,39374.14000000,12659879.78000000,732494.24000000,0.05785949
WOSAT,2019,630,2,14,47029.45000000,12659879.78000000,779523.69000000,0.06157434
WOSAT,2019,630,2,15,67957.64000000,12659879.78000000,847481.33000000,0.06694229
WOSAT,2019,630,2,16,8936.26000000,12659879.78000000,856417.59000000,0.06764816
WOSAT,2019,630,2,17,29443.31000000,12659879.78000000,885860.90000000,0.06997388
WOSAT,2019,630,2,18,10117.29000000,12659879.78000000,895978.19000000,0.07077304
WOSAT,2019,630,2,19,82752.48000000,12659879.78000000,978730.67000000,0.07730963
WOSAT,2019,630,2,20,26209.47000000,12659879.78000000,1004940.14000000,0.07937991
WOSAT,2019,630,2,21,17805.94000000,12659879.78000000,1022746.08000000,0.08078640
WOSAT,2019,630,2,22,16940.98000000,12659879.78000000,1039687.06000000,0.08212456
WOSAT,2019,630,2,23,17682.56000000,12659879.78000000,1057369.62000000,0.08352130
WOSAT,2019,630,2,24,11101.96000000,12659879.78000000,1068471.58000000,0.08439824
WOSAT,2019,630,2,25,26915.62000000,12659879.78000000,1095387.20000000,0.08652430
WOSAT,2019,630,2,26,33809.18000000,12659879.78000000,1129196.38000000,0.08919487
WOSAT,2019,630,2,27,25621.94000000,12659879.78000000,1154818.32000000,0.09121874
WOSAT,2019,630,2,29,30664.68000000,12659879.78000000,1185483.00000000,0.09364094
WOSAT,2019,630,2,30,17740.11000000,12659879.78000000,1203223.11000000,0.09504222
WOSAT,2019,630,2,32,12154.76000000,12659879.78000000,1215377.87000000,0.09600232
WOSAT,2019,630,2,33,21765.83000000,12659879.78000000,1237143.70000000,0.09772160
WOSAT,2019,630,2,34,16469.09000000,12659879.78000000,1253612.79000000,0.09902249
WOSAT,2019,630,2,35,7334.51000000,12659879.78000000,1260947.30000000,0.09960184
WOSAT,2019,630,2,38,30927.68000000,12659879.78000000,1291874.98000000,0.10204481
WOSAT,2019,630,2,39,8324.94000000,12659879.78000000,1300199.92000000,0.10270239
WOSAT,2019,630,2,40,10169.94000000,12659879.78000000,1310369.86000000,0.10350571
WOSAT,2019,630,2,42,16283.15000000,12659879.78000000,1326653.01000000,0.10479191
WOSAT,2019,630,2,43,16130.27000000,12659879.78000000,1342783.28000000,0.10606604
WOSAT,2019,630,2,45,20193.19000000,12659879.78000000,1362976.47000000,0.10766109
WOSAT,2019,630,2,46,4515.11000000,12659879.78000000,1367491.58000000,0.10801774
WOSAT,2019,630,2,47,6221.17000000,12659879.78000000,1373712.75000000,0.10850915
WOSAT,2019,630,2,48,5497.68000000,12659879.78000000,1379210.43000000,0.10894341
WOSAT,2019,640,1,2,24239.03000000,84137742.46000008,24239.03000000,0.00028809
WOSAT,2019,640,1,3,49857.96000000,84137742.46000008,74096.99000000,0.00088066
WOSAT,2019,640,1,4,114328.36000000,84137742.46000008,188425.35000000,0.00223949
WOSAT,2019,640,1,5,415523.69000000,84137742.46000008,603949.04000000,0.00717810
WOSAT,2019,640,1,6,370528.32000000,84137742.46000008,974477.36000000,0.01158193
WOSAT,2019,640,1,7,328863.40000000,84137742.46000008,1303340.76000000,0.01549056
WOSAT,2019,640,1,8,189764.03000000,84137742.46000008,1493104.79000000,0.01774596
WOSAT,2019,640,1,9,491244.94000000,84137742.46000008,1984349.73000000,0.02358454
WOSAT,2019,640,1,10,160290.83000000,84137742.46000008,2144640.56000000,0.02548964
WOSAT,2019,640,1,11,265686.00000000,84137742.46000008,2410326.56000000,0.02864739
WOSAT,2019,640,1,12,273768.62000000,84137742.46000008,2684095.18000000,0.03190120
WOSAT,2019,640,1,13,141871.28000000,84137742.46000008,2825966.46000000,0.03358738
WOSAT,2019,640,1,14,208175.41000000,84137742.46000008,3034141.87000000,0.03606160
WOSAT,2019,640,1,15,339639.27000000,84137742.46000008,3373781.14000000,0.04009831
WOSAT,2019,640,1,16,237567.02000000,84137742.46000008,3611348.16000000,0.04292186
WOSAT,2019,640,1,17,235620.41000000,84137742.46000008,3846968.57000000,0.04572227
WOSAT,2019,640,1,18,255234.73000000,84137742.46000008,4102203.30000000,0.04875580
WOSAT,2019,640,1,19,336460.78000000,84137742.46000008,4438664.08000000,0.05275473
WOSAT,2019,640,1,20,233359.29000000,84137742.46000008,4672023.37000000,0.05552827
WOSAT,2019,640,1,21,74678.69000000,84137742.46000008,4746702.06000000,0.05641585
WOSAT,2019,640,1,22,60684.97000000,84137742.46000008,4807387.03000000,0.05713711
WOSAT,2019,640,1,23,52210.47000000,84137742.46000008,4859597.50000000,0.05775764
WOSAT,2019,640,1,24,62463.34000000,84137742.46000008,4922060.84000000,0.05850003
WOSAT,2019,640,1,25,55828.14000000,84137742.46000008,4977888.98000000,0.05916357
WOSAT,2019,640,1,26,63387.51000000,84137742.46000008,5041276.49000000,0.05991695
WOSAT,2019,640,1,27,146397.87000000,84137742.46000008,5187674.36000000,0.06165692
WOSAT,2019,640,1,28,17082.78000000,84137742.46000008,5204757.14000000,0.06185996
WOSAT,2019,640,1,29,16427.43000000,84137742.46000008,5221184.57000000,0.06205520
WOSAT,2019,640,1,30,36618.58000000,84137742.46000008,5257803.15000000,0.06249042
WOSAT,2019,640,1,31,23170.76000000,84137742.46000008,5280973.91000000,0.06276581
WOSAT,2019,640,1,32,2782.26000000,84137742.46000008,5283756.17000000,0.06279888
WOSAT,2019,640,1,33,21587.26000000,84137742.46000008,5305343.43000000,0.06305545
WOSAT,2019,640,1,34,45408.10000000,84137742.46000008,5350751.53000000,0.06359514
WOSAT,2019,640,1,35,3602.00000000,84137742.46000008,5354353.53000000,0.06363795
WOSAT,2019,640,1,36,19101.57000000,84137742.46000008,5373455.10000000,0.06386498
WOSAT,2019,640,1,37,43509.31000000,84137742.46000008,5416964.41000000,0.06438210
WOSAT,2019,640,1,38,55289.95000000,84137742.46000008,5472254.36000000,0.06503923
WOSAT,2019,640,1,39,43469.87000000,84137742.46000008,5515724.23000000,0.06555589
WOSAT,2019,640,1,40,52347.82000000,84137742.46000008,5568072.05000000,0.06617805
WOSAT,2019,640,1,41,48484.07000000,84137742.46000008,5616556.12000000,0.06675430
WOSAT,2019,640,1,42,34209.25000000,84137742.46000008,5650765.37000000,0.06716089
WOSAT,2019,640,1,43,27041.64000000,84137742.46000008,5677807.01000000,0.06748228
WOSAT,2019,640,1,45,45671.62000000,84137742.46000008,5723478.63000000,0.06802510
WOSAT,2019,640,1,46,19058.98000000,84137742.46000008,5742537.61000000,0.06825162
WOSAT,2019,640,1,47,35536.87000000,84137742.46000008,5778074.48000000,0.06867399
WOSAT,2019,640,1,48,15481.09000000,84137742.46000008,5793555.57000000,0.06885799
WOSAT,2019,640,1,49,41046.23000000,84137742.46000008,5834601.80000000,0.06934583
WOSAT,2019,640,2,3,19091.28000000,12963141.31000000,19091.28000000,0.00147274
WOSAT,2019,640,2,4,24293.48000000,12963141.31000000,43384.76000000,0.00334678
WOSAT,2019,640,2,5,36429.90000000,12963141.31000000,79814.66000000,0.00615705
WOSAT,2019,640,2,6,36592.49000000,12963141.31000000,116407.15000000,0.00897986
WOSAT,2019,640,2,7,42630.21000000,12963141.31000000,159037.36000000,0.01226843
WOSAT,2019,640,2,8,156066.94000000,12963141.31000000,315104.30000000,0.02430771
WOSAT,2019,640,2,9,54974.01000000,12963141.31000000,370078.31000000,0.02854851
WOSAT,2019,640,2,10,106572.85000000,12963141.31000000,476651.16000000,0.03676973
WOSAT,2019,640,2,11,13931.19000000,12963141.31000000,490582.35000000,0.03784440
WOSAT,2019,640,2,13,2500.05000000,12963141.31000000,493082.40000000,0.03803726
WOSAT,2019,640,2,14,24151.40000000,12963141.31000000,517233.80000000,0.03990034
WOSAT,2019,640,2,15,54351.20000000,12963141.31000000,571585.00000000,0.04409309
WOSAT,2019,640,2,16,54049.08000000,12963141.31000000,625634.08000000,0.04826254
WOSAT,2019,640,2,17,122707.29000000,12963141.31000000,748341.37000000,0.05772840
WOSAT,2019,640,2,18,30149.09000000,12963141.31000000,778490.46000000,0.06005415
WOSAT,2019,640,2,19,40295.30000000,12963141.31000000,818785.76000000,0.06316260
WOSAT,2019,640,2,20,5082.60000000,12963141.31000000,823868.36000000,0.06355468
WOSAT,2019,640,2,21,32966.41000000,12963141.31000000,856834.77000000,0.06609777
WOSAT,2019,640,2,22,52929.06000000,12963141.31000000,909763.83000000,0.07018082
WOSAT,2019,640,2,23,21416.21000000,12963141.31000000,931180.04000000,0.07183290
WOSAT,2019,640,2,24,973.11000000,12963141.31000000,932153.15000000,0.07190797
WOSAT,2019,640,2,25,40912.35000000,12963141.31000000,973065.50000000,0.07506402
WOSAT,2019,640,2,26,2817.86000000,12963141.31000000,975883.36000000,0.07528139
WOSAT,2019,640,2,27,38052.73000000,12963141.31000000,1013936.09000000,0.07821685
WOSAT,2019,640,2,28,56773.35000000,12963141.31000000,1070709.44000000,0.08259645
WOSAT,2019,640,2,29,17469.25000000,12963141.31000000,1088178.69000000,0.08394406
WOSAT,2019,640,2,30,44627.90000000,12963141.31000000,1132806.59000000,0.08738673
WOSAT,2019,640,2,34,19891.45000000,12963141.31000000,1152698.04000000,0.08892120
WOSAT,2019,640,2,36,37989.86000000,12963141.31000000,1190687.90000000,0.09185180
WOSAT,2019,640,2,38,15584.16000000,12963141.31000000,1206272.06000000,0.09305399
WOSAT,2019,640,2,39,31812.44000000,12963141.31000000,1238084.50000000,0.09550806
WOSAT,2019,640,2,41,4746.35000000,12963141.31000000,1242830.85000000,0.09587420
WOSAT,2019,640,2,43,29343.43000000,12963141.31000000,1272174.28000000,0.09813781
WOSAT,2019,640,2,45,22942.65000000,12963141.31000000,1295116.93000000,0.09990765
WOSAT,2019,640,2,46,1717.86000000,12963141.31000000,1296834.79000000,0.10004016
WOSAT,2019,640,2,48,10066.09000000,12963141.31000000,1306900.88000000,0.10081668
WOSAT,2019,640,2,49,22155.72000000,12963141.31000000,1329056.60000000,0.10252581
WOSAT,2019,650,1,5,59793.81000000,7339034.67000000,59793.81000000,0.00814737
WOSAT,2019,650,1,6,22740.61000000,7339034.67000000,82534.42000000,0.01124595
WOSAT,2019,650,1,7,34934.32000000,7339034.67000000,117468.74000000,0.01600602
WOSAT,2019,650,1,11,87294.14000000,7339034.67000000,204762.88000000,0.02790052
WOSAT,2019,650,1,13,33819.28000000,7339034.67000000,238582.16000000,0.03250866
WOSAT,2019,650,1,14,36488.14000000,7339034.67000000,275070.30000000,0.03748045
WOSAT,2019,650,1,15,13130.15000000,7339034.67000000,288200.45000000,0.03926953
WOSAT,2019,650,1,16,50440.48000000,7339034.67000000,338640.93000000,0.04614243
WOSAT,2019,650,1,17,23697.81000000,7339034.67000000,362338.74000000,0.04937144
WOSAT,2019,650,1,18,19670.45000000,7339034.67000000,382009.19000000,0.05205169
WOSAT,2019,650,1,21,33225.86000000,7339034.67000000,415235.05000000,0.05657897
WOSAT,2019,650,1,22,17591.34000000,7339034.67000000,432826.39000000,0.05897593
WOSAT,2019,650,1,25,21487.73000000,7339034.67000000,454314.12000000,0.06190380
WOSAT,2019,650,1,30,25007.50000000,7339034.67000000,479321.62000000,0.06531126
WOSAT,2019,650,1,41,48591.06000000,7339034.67000000,527912.68000000,0.07193217
WOSAT,2019,650,1,43,11748.16000000,7339034.67000000,539660.84000000,0.07353295
WOSAT,2019,650,2,3,19672.48000000,4714291.93000000,19672.48000000,0.00417294
WOSAT,2019,650,2,5,5844.55000000,4714291.93000000,25517.03000000,0.00541270
WOSAT,2019,650,2,6,50863.48000000,4714291.93000000,76380.51000000,0.01620191
WOSAT,2019,650,2,7,21616.99000000,4714291.93000000,97997.50000000,0.02078732
WOSAT,2019,650,2,8,24117.79000000,4714291.93000000,122115.29000000,0.02590321
WOSAT,2019,650,2,9,145085.70000000,4714291.93000000,267200.99000000,0.05667892
WOSAT,2019,650,2,11,27704.14000000,4714291.93000000,294905.13000000,0.06255555
WOSAT,2019,650,2,12,22763.12000000,4714291.93000000,317668.25000000,0.06738409
WOSAT,2019,650,2,13,935.32000000,4714291.93000000,318603.57000000,0.06758249
WOSAT,2019,650,2,14,24771.64000000,4714291.93000000,343375.21000000,0.07283707
WOSAT,2019,650,2,15,21205.79000000,4714291.93000000,364581.00000000,0.07733526
WOSAT,2019,650,2,17,31922.01000000,4714291.93000000,396503.01000000,0.08410659
WOSAT,2019,650,2,19,30677.22000000,4714291.93000000,427180.23000000,0.09061387
WOSAT,2019,650,2,21,6000.96000000,4714291.93000000,433181.19000000,0.09188680
WOSAT,2019,650,2,22,10192.49000000,4714291.93000000,443373.68000000,0.09404884
WOSAT,2019,650,2,24,29251.46000000,4714291.93000000,472625.14000000,0.10025369
WOSAT,2019,650,2,25,1436.24000000,4714291.93000000,474061.38000000,0.10055834
WOSAT,2019,650,2,29,2553.00000000,4714291.93000000,476614.38000000,0.10109989
WOSAT,2019,650,2,36,15736.78000000,4714291.93000000,492351.16000000,0.10443799
WOSAT,2019,650,2,43,23563.60000000,4714291.93000000,515914.76000000,0.10943632
WOSAT,2019,660,1,2,32696.88000000,10767510.66000000,32696.88000000,0.00303662
WOSAT,2019,660,1,3,30315.19000000,10767510.66000000,63012.07000000,0.00585206
WOSAT,2019,660,1,4,35507.16000000,10767510.66000000,98519.23000000,0.00914968
WOSAT,2019,660,1,5,140501.23000000,10767510.66000000,239020.46000000,0.02219830
WOSAT,2019,660,1,7,20353.73000000,10767510.66000000,259374.19000000,0.02408859
WOSAT,2019,660,1,8,49875.80000000,10767510.66000000,309249.99000000,0.02872066
WOSAT,2019,660,1,9,5728.61000000,10767510.66000000,314978.60000000,0.02925269
WOSAT,2019,660,1,11,46899.98000000,10767510.66000000,361878.58000000,0.03360838
WOSAT,2019,660,1,12,36410.47000000,10767510.66000000,398289.05000000,0.03698989
WOSAT,2019,660,1,13,65273.14000000,10767510.66000000,463562.19000000,0.04305194
WOSAT,2019,660,1,14,113745.04000000,10767510.66000000,577307.23000000,0.05361566
WOSAT,2019,660,1,15,54348.55000000,10767510.66000000,631655.78000000,0.05866312
WOSAT,2019,660,1,17,4958.89000000,10767510.66000000,636614.67000000,0.05912366
WOSAT,2019,660,1,19,39263.31000000,10767510.66000000,675877.98000000,0.06277012
WOSAT,2019,660,1,20,8193.69000000,10767510.66000000,684071.67000000,0.06353109
WOSAT,2019,660,1,25,62260.42000000,10767510.66000000,746332.09000000,0.06931334
WOSAT,2019,660,1,26,27699.07000000,10767510.66000000,774031.16000000,0.07188580
WOSAT,2019,660,1,27,18434.42000000,10767510.66000000,792465.58000000,0.07359784
WOSAT,2019,660,1,29,2283.76000000,10767510.66000000,794749.34000000,0.07380994
WOSAT,2019,660,1,33,19571.03000000,10767510.66000000,814320.37000000,0.07562754
WOSAT,2019,660,1,37,16763.48000000,10767510.66000000,831083.85000000,0.07718440
WOSAT,2019,660,1,38,29800.00000000,10767510.66000000,860883.85000000,0.07995198
WOSAT,2019,660,1,43,12589.57000000,10767510.66000000,873473.42000000,0.08112120
WOSAT,2019,660,1,46,18096.99000000,10767510.66000000,891570.41000000,0.08280191
WOSAT,2019,660,2,2,58860.31000000,4495836.67000000,58860.31000000,0.01309218
WOSAT,2019,660,2,5,17819.94000000,4495836.67000000,76680.25000000,0.01705584
WOSAT,2019,660,2,8,35605.72000000,4495836.67000000,112285.97000000,0.02497554
WOSAT,2019,660,2,9,17909.83000000,4495836.67000000,130195.80000000,0.02895919
WOSAT,2019,660,2,14,14078.82000000,4495836.67000000,144274.62000000,0.03209072
WOSAT,2019,660,2,17,44599.55000000,4495836.67000000,188874.17000000,0.04201091
WOSAT,2019,660,2,19,1186.55000000,4495836.67000000,190060.72000000,0.04227483
WOSAT,2019,660,2,21,15599.50000000,4495836.67000000,205660.22000000,0.04574459
WOSAT,2019,660,2,22,16359.11000000,4495836.67000000,222019.33000000,0.04938332
WOSAT,2019,660,2,32,12893.48000000,4495836.67000000,234912.81000000,0.05225119
WOSAT,2019,660,2,34,13211.64000000,4495836.67000000,248124.45000000,0.05518983
WOSAT,2019,660,2,44,5273.73000000,4495836.67000000,253398.18000000,0.05636285
WOSAT,2019,670,1,4,106217.45000000,8838096.88000000,106217.45000000,0.01201814
WOSAT,2019,670,1,6,99529.53000000,8838096.88000000,205746.98000000,0.02327956
WOSAT,2019,670,1,7,22541.46000000,8838096.88000000,228288.44000000,0.02583004
WOSAT,2019,670,1,8,25966.50000000,8838096.88000000,254254.94000000,0.02876806
WOSAT,2019,670,1,11,22780.84000000,8838096.88000000,277035.78000000,0.03134564
WOSAT,2019,670,1,14,37106.03000000,8838096.88000000,314141.81000000,0.03554406
WOSAT,2019,670,1,16,26819.81000000,8838096.88000000,340961.62000000,0.03857862
WOSAT,2019,670,1,17,53175.57000000,8838096.88000000,394137.19000000,0.04459526
WOSAT,2019,670,1,18,71330.64000000,8838096.88000000,465467.83000000,0.05266607
WOSAT,2019,670,1,19,21849.18000000,8838096.88000000,487317.01000000,0.05513823
WOSAT,2019,670,1,21,19434.02000000,8838096.88000000,506751.03000000,0.05733712
WOSAT,2019,670,1,23,48759.10000000,8838096.88000000,555510.13000000,0.06285404
WOSAT,2019,670,1,25,23905.38000000,8838096.88000000,579415.51000000,0.06555885
WOSAT,2019,670,1,30,47092.58000000,8838096.88000000,626508.09000000,0.07088722
WOSAT,2019,670,1,32,30383.73000000,8838096.88000000,656891.82000000,0.07432503
WOSAT,2019,670,1,44,19237.11000000,8838096.88000000,676128.93000000,0.07650164
WOSAT,2019,670,2,6,39376.39000000,3459134.53000000,39376.39000000,0.01138331
WOSAT,2019,670,2,9,14917.98000000,3459134.53000000,54294.37000000,0.01569594
WOSAT,2019,670,2,10,27274.65000000,3459134.53000000,81569.02000000,0.02358076
WOSAT,2019,670,2,11,18141.95000000,3459134.53000000,99710.97000000,0.02882541
WOSAT,2019,670,2,15,23921.41000000,3459134.53000000,123632.38000000,0.03574084
WOSAT,2019,670,2,17,18576.37000000,3459134.53000000,142208.75000000,0.04111108
WOSAT,2019,670,2,19,11118.13000000,3459134.53000000,153326.88000000,0.04432521
WOSAT,2019,670,2,28,14863.51000000,3459134.53000000,168190.39000000,0.04862210
WOSAT,2019,670,2,29,26502.58000000,3459134.53000000,194692.97000000,0.05628372
WOSAT,2019,670,2,31,10255.47000000,3459134.53000000,204948.44000000,0.05924847
WOSAT,2019,670,2,32,15566.01000000,3459134.53000000,220514.45000000,0.06374845
WOSAT,2019,670,2,39,20408.10000000,3459134.53000000,240922.55000000,0.06964822
WOSAT,2019,680,1,9,65002.02000000,7726602.83000000,65002.02000000,0.00841276
WOSAT,2019,680,1,15,21089.34000000,7726602.83000000,86091.36000000,0.01114220
WOSAT,2019,680,1,18,34322.03000000,7726602.83000000,120413.39000000,0.01558426
WOSAT,2019,680,1,19,38910.96000000,7726602.83000000,159324.35000000,0.02062023
WOSAT,2019,680,1,25,26458.19000000,7726602.83000000,185782.54000000,0.02404453
WOSAT,2019,680,1,28,36160.98000000,7726602.83000000,221943.52000000,0.02872459
WOSAT,2019,680,1,29,2632.08000000,7726602.83000000,224575.60000000,0.02906524
WOSAT,2019,680,1,32,43389.69000000,7726602.83000000,267965.29000000,0.03468087
WOSAT,2019,680,1,41,14329.63000000,7726602.83000000,282294.92000000,0.03653545
WOSAT,2019,680,1,44,18644.34000000,7726602.83000000,300939.26000000,0.03894846
WOSAT,2019,680,1,45,391.46000000,7726602.83000000,301330.72000000,0.03899912
WOSAT,2019,680,2,4,16029.08000000,4431938.69000000,16029.08000000,0.00361672
WOSAT,2019,680,2,6,58611.41000000,4431938.69000000,74640.49000000,0.01684150
WOSAT,2019,680,2,7,43206.14000000,4431938.69000000,117846.63000000,0.02659031
WOSAT,2019,680,2,8,64194.98000000,4431938.69000000,182041.61000000,0.04107494
WOSAT,2019,680,2,9,21109.64000000,4431938.69000000,203151.25000000,0.04583801
WOSAT,2019,680,2,10,31289.21000000,4431938.69000000,234440.46000000,0.05289795
WOSAT,2019,680,2,13,485.60000000,4431938.69000000,234926.06000000,0.05300752
WOSAT,2019,680,2,14,17961.05000000,4431938.69000000,252887.11000000,0.05706016
WOSAT,2019,680,2,17,9871.91000000,4431938.69000000,262759.02000000,0.05928760
WOSAT,2019,680,2,18,15394.00000000,4431938.69000000,278153.02000000,0.06276103
WOSAT,2019,680,2,29,8.80000000,4431938.69000000,278161.82000000,0.06276301
WOSAT,2019,680,2,30,12822.26000000,4431938.69000000,290984.08000000,0.06565616
WOSAT,2019,680,2,40,12049.77000000,4431938.69000000,303033.85000000,0.06837501
WOSAT,2019,680,2,43,8882.23000000,4431938.69000000,311916.08000000,0.07037915
WOSAT,2019,680,2,46,4259.99000000,4431938.69000000,316176.07000000,0.07134035
WOSAT,2019,690,1,3,33263.20000000,7251781.72000000,33263.20000000,0.00458690
WOSAT,2019,690,1,9,9401.76000000,7251781.72000000,42664.96000000,0.00588338
WOSAT,2019,690,1,10,47219.65000000,7251781.72000000,89884.61000000,0.01239483
WOSAT,2019,690,1,11,71.90000000,7251781.72000000,89956.51000000,0.01240475
WOSAT,2019,690,1,12,11258.44000000,7251781.72000000,101214.95000000,0.01395725
WOSAT,2019,690,1,13,23868.51000000,7251781.72000000,125083.46000000,0.01724865
WOSAT,2019,690,1,14,23342.73000000,7251781.72000000,148426.19000000,0.02046755
WOSAT,2019,690,1,16,30259.76000000,7251781.72000000,178685.95000000,0.02464028
WOSAT,2019,690,1,19,54207.84000000,7251781.72000000,232893.79000000,0.03211539
WOSAT,2019,690,1,25,23917.58000000,7251781.72000000,256811.37000000,0.03541355
WOSAT,2019,690,1,26,25485.69000000,7251781.72000000,282297.06000000,0.03892796
WOSAT,2019,690,1,36,27518.64000000,7251781.72000000,309815.70000000,0.04272270
WOSAT,2019,690,1,39,32955.21000000,7251781.72000000,342770.91000000,0.04726713
WOSAT,2019,690,2,2,10398.99000000,5008508.84000000,10398.99000000,0.00207626
WOSAT,2019,690,2,7,51030.67000000,5008508.84000000,61429.66000000,0.01226506
WOSAT,2019,690,2,8,662.79000000,5008508.84000000,62092.45000000,0.01239739
WOSAT,2019,690,2,9,15195.41000000,5008508.84000000,77287.86000000,0.01543131
WOSAT,2019,690,2,10,39661.22000000,5008508.84000000,116949.08000000,0.02335008
WOSAT,2019,690,2,11,22495.52000000,5008508.84000000,139444.60000000,0.02784154
WOSAT,2019,690,2,13,6787.58000000,5008508.84000000,146232.18000000,0.02919675
WOSAT,2019,690,2,16,26485.34000000,5008508.84000000,172717.52000000,0.03448482
WOSAT,2019,690,2,17,11517.64000000,5008508.84000000,184235.16000000,0.03678443
WOSAT,2019,690,2,18,24270.13000000,5008508.84000000,208505.29000000,0.04163021
WOSAT,2019,690,2,19,30304.68000000,5008508.84000000,238809.97000000,0.04768085
WOSAT,2019,690,2,20,15512.85000000,5008508.84000000,254322.82000000,0.05077815
WOSAT,2019,690,2,21,31053.52000000,5008508.84000000,285376.34000000,0.05697830
WOSAT,2019,690,2,24,21681.53000000,5008508.84000000,307057.87000000,0.06130724
WOSAT,2019,690,2,29,23655.15000000,5008508.84000000,330713.02000000,0.06603024
WOSAT,2019,690,2,45,18412.17000000,5008508.84000000,349125.19000000,0.06970641
WOSAT,2019,700,1,3,28449.62000000,12093184.14000000,28449.62000000,0.00235253
WOSAT,2019,700,1,7,55041.28000000,12093184.14000000,83490.90000000,0.00690396
WOSAT,2019,700,1,8,37187.83000000,12093184.14000000,120678.73000000,0.00997907
WOSAT,2019,700,1,9,42973.31000000,12093184.14000000,163652.04000000,0.01353258
WOSAT,2019,700,1,15,21889.88000000,12093184.14000000,185541.92000000,0.01534269
WOSAT,2019,700,1,17,17018.00000000,12093184.14000000,202559.92000000,0.01674992
WOSAT,2019,700,1,26,33723.01000000,12093184.14000000,236282.93000000,0.01953852
WOSAT,2019,700,1,29,23485.24000000,12093184.14000000,259768.17000000,0.02148054
WOSAT,2019,700,1,30,24305.64000000,12093184.14000000,284073.81000000,0.02349041
WOSAT,2019,700,1,34,1447.62000000,12093184.14000000,285521.43000000,0.02361011
WOSAT,2019,700,1,37,12601.52000000,12093184.14000000,298122.95000000,0.02465215
WOSAT,2019,700,1,43,32786.02000000,12093184.14000000,330908.97000000,0.02736326
WOSAT,2019,700,2,3,16262.04000000,7575884.76000000,16262.04000000,0.00214655
WOSAT,2019,700,2,4,24355.74000000,7575884.76000000,40617.78000000,0.00536146
WOSAT,2019,700,2,6,19774.99000000,7575884.76000000,60392.77000000,0.00797171
WOSAT,2019,700,2,7,19344.16000000,7575884.76000000,79736.93000000,0.01052510
WOSAT,2019,700,2,10,28895.30000000,7575884.76000000,108632.23000000,0.01433921
WOSAT,2019,700,2,12,38640.27000000,7575884.76000000,147272.50000000,0.01943964
WOSAT,2019,700,2,14,24556.46000000,7575884.76000000,171828.96000000,0.02268104
WOSAT,2019,700,2,15,33208.96000000,7575884.76000000,205037.92000000,0.02706455
WOSAT,2019,700,2,17,25360.27000000,7575884.76000000,230398.19000000,0.03041205
WOSAT,2019,700,2,18,21202.08000000,7575884.76000000,251600.27000000,0.03321068
WOSAT,2019,700,2,20,23582.51000000,7575884.76000000,275182.78000000,0.03632352
WOSAT,2019,700,2,22,18982.68000000,7575884.76000000,294165.46000000,0.03882919
WOSAT,2019,700,2,29,15678.93000000,7575884.76000000,309844.39000000,0.04089877
WOSAT,2019,700,2,30,29761.65000000,7575884.76000000,339606.04000000,0.04482724
WOSAT,2019,700,2,31,25376.54000000,7575884.76000000,364982.58000000,0.04817689
WOSAT,2019,700,2,36,8993.66000000,7575884.76000000,373976.24000000,0.04936403
WOSAT,2019,700,2,44,8665.00000000,7575884.76000000,382641.24000000,0.05050780
WOSAT,2019,700,2,48,898.53000000,7575884.76000000,383539.77000000,0.05062640
WOSAT,2019,710,1,4,28121.81000000,9540956.50000000,28121.81000000,0.00294748
WOSAT,2019,710,1,9,78111.53000000,9540956.50000000,106233.34000000,0.01113445
WOSAT,2019,710,1,14,4703.31000000,9540956.50000000,110936.65000000,0.01162741
WOSAT,2019,710,1,15,24904.63000000,9540956.50000000,135841.28000000,0.01423770
WOSAT,2019,710,1,16,81962.82000000,9540956.50000000,217804.10000000,0.02282833
WOSAT,2019,710,1,19,20360.98000000,9540956.50000000,238165.08000000,0.02496239
WOSAT,2019,710,1,20,34144.53000000,9540956.50000000,272309.61000000,0.02854112
WOSAT,2019,710,1,25,25031.75000000,9540956.50000000,297341.36000000,0.03116473
WOSAT,2019,710,1,30,30073.84000000,9540956.50000000,327415.20000000,0.03431681
WOSAT,2019,710,1,31,978.22000000,9540956.50000000,328393.42000000,0.03441934
WOSAT,2019,710,1,32,20789.93000000,9540956.50000000,349183.35000000,0.03659836
WOSAT,2019,710,1,36,495.56000000,9540956.50000000,349678.91000000,0.03665030
WOSAT,2019,710,1,42,20640.47000000,9540956.50000000,370319.38000000,0.03881365
WOSAT,2019,710,1,44,17028.10000000,9540956.50000000,387347.48000000,0.04059839
WOSAT,2019,710,1,46,20363.41000000,9540956.50000000,407710.89000000,0.04273271
WOSAT,2019,710,2,8,26935.34000000,5840216.55000000,26935.34000000,0.00461204
WOSAT,2019,710,2,9,646.26000000,5840216.55000000,27581.60000000,0.00472270
WOSAT,2019,710,2,12,33140.35000000,5840216.55000000,60721.95000000,0.01039721
WOSAT,2019,710,2,14,3723.43000000,5840216.55000000,64445.38000000,0.01103476
WOSAT,2019,710,2,15,539.85000000,5840216.55000000,64985.23000000,0.01112720
WOSAT,2019,710,2,16,639.25000000,5840216.55000000,65624.48000000,0.01123665
WOSAT,2019,710,2,17,22371.91000000,5840216.55000000,87996.39000000,0.01506732
WOSAT,2019,710,2,18,12844.72000000,5840216.55000000,100841.11000000,0.01726667
WOSAT,2019,710,2,19,5410.38000000,5840216.55000000,106251.49000000,0.01819307
WOSAT,2019,710,2,30,8061.66000000,5840216.55000000,114313.15000000,0.01957344
WOSAT,2019,710,2,31,37003.85000000,5840216.55000000,151317.00000000,0.02590948
WOSAT,2019,710,2,32,3348.28000000,5840216.55000000,154665.28000000,0.02648280
WOSAT,2019,710,2,38,14378.19000000,5840216.55000000,169043.47000000,0.02894473
WOSAT,2019,710,2,46,16410.92000000,5840216.55000000,185454.39000000,0.03175471
WOSAT,2019,720,1,7,57050.95000000,14880391.42000001,57050.95000000,0.00383397
WOSAT,2019,720,1,8,20881.10000000,14880391.42000001,77932.05000000,0.00523723
WOSAT,2019,720,1,9,6575.74000000,14880391.42000001,84507.79000000,0.00567914
WOSAT,2019,720,1,11,45407.30000000,14880391.42000001,129915.09000000,0.00873062
WOSAT,2019,720,1,13,27240.08000000,14880391.42000001,157155.17000000,0.01056123
WOSAT,2019,720,1,14,30935.90000000,14880391.42000001,188091.07000000,0.01264020
WOSAT,2019,720,1,16,55339.62000000,14880391.42000001,243430.69000000,0.01635916
WOSAT,2019,720,1,17,27695.20000000,14880391.42000001,271125.89000000,0.01822035
WOSAT,2019,720,1,26,3675.53000000,14880391.42000001,274801.42000000,0.01846735
WOSAT,2019,720,1,27,34821.92000000,14880391.42000001,309623.34000000,0.02080747
WOSAT,2019,720,1,31,32773.75000000,14880391.42000001,342397.09000000,0.02300995
WOSAT,2019,720,1,34,20469.32000000,14880391.42000001,362866.41000000,0.02438554
WOSAT,2019,720,1,43,20587.44000000,14880391.42000001,383453.85000000,0.02576907
WOSAT,2019,720,1,44,17053.01000000,14880391.42000001,400506.86000000,0.02691508
WOSAT,2019,720,1,46,18184.34000000,14880391.42000001,418691.20000000,0.02813711
WOSAT,2019,720,2,7,33841.63000000,6544948.76000000,33841.63000000,0.00517065
WOSAT,2019,720,2,8,25287.24000000,6544948.76000000,59128.87000000,0.00903428
WOSAT,2019,720,2,9,16658.83000000,6544948.76000000,75787.70000000,0.01157957
WOSAT,2019,720,2,13,12157.45000000,6544948.76000000,87945.15000000,0.01343710
WOSAT,2019,720,2,15,16084.84000000,6544948.76000000,104029.99000000,0.01589470
WOSAT,2019,720,2,19,15443.80000000,6544948.76000000,119473.79000000,0.01825435
WOSAT,2019,720,2,20,1057.66000000,6544948.76000000,120531.45000000,0.01841595
WOSAT,2019,720,2,23,20743.14000000,6544948.76000000,141274.59000000,0.02158529
WOSAT,2019,720,2,25,3654.21000000,6544948.76000000,144928.80000000,0.02214361
WOSAT,2019,720,2,26,10562.55000000,6544948.76000000,155491.35000000,0.02375746
WOSAT,2019,720,2,32,13830.91000000,6544948.76000000,169322.26000000,0.02587068
WOSAT,2019,720,2,37,2340.36000000,6544948.76000000,171662.62000000,0.02622826
WOSAT,2019,730,1,4,91456.99000000,15210720.81000000,91456.99000000,0.00601267
WOSAT,2019,730,1,8,41425.29000000,15210720.81000000,132882.28000000,0.00873609
WOSAT,2019,730,1,9,30878.97000000,15210720.81000000,163761.25000000,0.01076617
WOSAT,2019,730,1,11,42401.94000000,15210720.81000000,206163.19000000,0.01355381
WOSAT,2019,730,1,13,12130.65000000,15210720.81000000,218293.84000000,0.01435131
WOSAT,2019,730,1,14,46813.39000000,15210720.81000000,265107.23000000,0.01742897
WOSAT,2019,730,1,15,42793.49000000,15210720.81000000,307900.72000000,0.02024235
WOSAT,2019,730,1,17,42376.86000000,15210720.81000000,350277.58000000,0.02302834
WOSAT,2019,730,1,21,4106.53000000,15210720.81000000,354384.11000000,0.02329831
WOSAT,2019,730,1,28,20991.63000000,15210720.81000000,375375.74000000,0.02467837
WOSAT,2019,730,1,46,18491.77000000,15210720.81000000,393867.51000000,0.02589407
WOSAT,2019,730,1,47,15921.46000000,15210720.81000000,409788.97000000,0.02694080
WOSAT,2019,730,2,11,23752.27000000,5260498.65000000,23752.27000000,0.00451521
WOSAT,2019,730,2,15,23133.63000000,5260498.65000000,46885.90000000,0.00891282
WOSAT,2019,730,2,16,32452.49000000,5260498.65000000,79338.39000000,0.01508191
WOSAT,2019,730,2,18,29944.29000000,5260498.65000000,109282.68000000,0.02077421
WOSAT,2019,730,2,28,24133.23000000,5260498.65000000,133415.91000000,0.02536184
WOSAT,2019,730,2,31,15223.93000000,5260498.65000000,148639.84000000,0.02825585
WOSAT,2019,730,2,36,9855.10000000,5260498.65000000,158494.94000000,0.03012926
WOSAT,2019,730,2,39,35811.43000000,5260498.65000000,194306.37000000,0.03693687
WOSAT,2019,730,2,42,22450.25000000,5260498.65000000,216756.62000000,0.04120458
WOSAT,2019,730,2,50,5589.75000000,5260498.65000000,222346.37000000,0.04226717
WOSAT,2019,740,1,9,35855.11000000,11384322.15999999,35855.11000000,0.00314952
WOSAT,2019,740,1,10,79225.33000000,11384322.15999999,115080.44000000,0.01010868
WOSAT,2019,740,1,12,33894.69000000,11384322.15999999,148975.13000000,0.01308599
WOSAT,2019,740,1,17,67034.29000000,11384322.15999999,216009.42000000,0.01897429
WOSAT,2019,740,1,20,38983.88000000,11384322.15999999,254993.30000000,0.02239864
WOSAT,2019,740,1,21,4414.85000000,11384322.15999999,259408.15000000,0.02278644
WOSAT,2019,740,1,23,38252.80000000,11384322.15999999,297660.95000000,0.02614657
WOSAT,2019,740,1,29,26825.15000000,11384322.15999999,324486.10000000,0.02850289
WOSAT,2019,740,1,33,33410.23000000,11384322.15999999,357896.33000000,0.03143765
WOSAT,2019,740,2,4,2345.82000000,5196237.86000000,2345.82000000,0.00045145
WOSAT,2019,740,2,6,7974.48000000,5196237.86000000,10320.30000000,0.00198611
WOSAT,2019,740,2,7,4126.04000000,5196237.86000000,14446.34000000,0.00278015
WOSAT,2019,740,2,9,20070.27000000,5196237.86000000,34516.61000000,0.00664262
WOSAT,2019,740,2,12,28068.18000000,5196237.86000000,62584.79000000,0.01204425
WOSAT,2019,740,2,14,26690.32000000,5196237.86000000,89275.11000000,0.01718072
WOSAT,2019,740,2,17,38202.29000000,5196237.86000000,127477.40000000,0.02453263
WOSAT,2019,740,2,24,11169.47000000,5196237.86000000,138646.87000000,0.02668216
WOSAT,2019,740,2,25,579.53000000,5196237.86000000,139226.40000000,0.02679369
WOSAT,2019,740,2,31,8951.33000000,5196237.86000000,148177.73000000,0.02851635
WOSAT,2019,740,2,36,11896.36000000,5196237.86000000,160074.09000000,0.03080577
WOSAT,2019,740,2,42,11296.48000000,5196237.86000000,171370.57000000,0.03297974
WOSAT,2019,740,2,48,10520.70000000,5196237.86000000,181891.27000000,0.03500442
WOSAT,2019,750,1,6,87233.92000000,11245943.84000000,87233.92000000,0.00775692
WOSAT,2019,750,1,7,59313.59000000,11245943.84000000,146547.51000000,0.01303114
WOSAT,2019,750,1,8,21621.28000000,11245943.84000000,168168.79000000,0.01495373
WOSAT,2019,750,1,12,35641.24000000,11245943.84000000,203810.03000000,0.01812298
WOSAT,2019,750,1,14,42911.63000000,11245943.84000000,246721.66000000,0.02193872
WOSAT,2019,750,1,15,30078.55000000,11245943.84000000,276800.21000000,0.02461334
WOSAT,2019,750,1,17,60389.96000000,11245943.84000000,337190.17000000,0.02998327
WOSAT,2019,750,1,21,31873.46000000,11245943.84000000,369063.63000000,0.03281749
WOSAT,2019,750,1,25,30234.32000000,11245943.84000000,399297.95000000,0.03550595
WOSAT,2019,750,1,37,32161.72000000,11245943.84000000,431459.67000000,0.03836580
WOSAT,2019,750,1,49,23208.34000000,11245943.84000000,454668.01000000,0.04042951
WOSAT,2019,750,2,6,20354.64000000,4912890.44000000,20354.64000000,0.00414311
WOSAT,2019,750,2,10,15772.47000000,4912890.44000000,36127.11000000,0.00735353
WOSAT,2019,750,2,29,24447.39000000,4912890.44000000,60574.50000000,0.01232971
WOSAT,2019,750,2,30,8179.85000000,4912890.44000000,68754.35000000,0.01399468
WOSAT,2019,750,2,35,45979.25000000,4912890.44000000,114733.60000000,0.02335358
WOSAT,2019,750,2,36,14858.35000000,4912890.44000000,129591.95000000,0.02637794
WOSAT,2019,750,2,42,10512.48000000,4912890.44000000,140104.43000000,0.02851772
WOSAT,2019,760,1,8,36568.54000000,9044140.50000000,36568.54000000,0.00404334
WOSAT,2019,760,1,17,4436.41000000,9044140.50000000,41004.95000000,0.00453387
WOSAT,2019,760,1,18,37835.25000000,9044140.50000000,78840.20000000,0.00871727
WOSAT,2019,760,1,20,32059.13000000,9044140.50000000,110899.33000000,0.01226201
WOSAT,2019,760,1,22,28106.04000000,9044140.50000000,139005.37000000,0.01536966
WOSAT,2019,760,1,26,26550.81000000,9044140.50000000,165556.18000000,0.01830535
WOSAT,2019,760,1,42,24033.35000000,9044140.50000000,189589.53000000,0.02096269
WOSAT,2019,760,1,46,39835.33000000,9044140.50000000,229424.86000000,0.02536724
WOSAT,2019,760,2,17,21192.59000000,3414425.63000000,21192.59000000,0.00620678
WOSAT,2019,770,1,6,43830.30000000,9454499.89000000,43830.30000000,0.00463592
WOSAT,2019,770,1,10,284.53000000,9454499.89000000,44114.83000000,0.00466601
WOSAT,2019,770,1,16,22523.78000000,9454499.89000000,66638.61000000,0.00704835
WOSAT,2019,770,1,25,26942.28000000,9454499.89000000,93580.89000000,0.00989803
WOSAT,2019,770,2,6,20613.36000000,3069963.31000000,20613.36000000,0.00671453
WOSAT,2019,770,2,18,20819.44000000,3069963.31000000,41432.80000000,0.01349619
WOSAT,2019,770,2,19,15342.19000000,3069963.31000000,56774.99000000,0.01849370
WOSAT,2019,770,2,27,33635.29000000,3069963.31000000,90410.28000000,0.02944995
WOSAT,2019,770,2,45,9293.22000000,3069963.31000000,99703.50000000,0.03247710
WOSAT,2019,780,1,10,1116.25000000,7060855.06000000,1116.25000000,0.00015809
WOSAT,2019,780,1,13,35760.79000000,7060855.06000000,36877.04000000,0.00522274
WOSAT,2019,780,1,17,27894.11000000,7060855.06000000,64771.15000000,0.00917327
WOSAT,2019,780,1,19,53493.09000000,7060855.06000000,118264.24000000,0.01674928
WOSAT,2019,780,1,28,17600.42000000,7060855.06000000,135864.66000000,0.01924196
WOSAT,2019,780,1,45,233.20000000,7060855.06000000,136097.86000000,0.01927498
WOSAT,2019,780,2,24,10255.04000000,3653576.53000000,10255.04000000,0.00280685
WOSAT,2019,790,1,8,23893.11000000,7019840.76000000,23893.11000000,0.00340365
WOSAT,2019,790,1,11,24010.59000000,7019840.76000000,47903.70000000,0.00682404
WOSAT,2019,790,1,17,3256.58000000,7019840.76000000,51160.28000000,0.00728795
WOSAT,2019,790,1,37,28007.53000000,7019840.76000000,79167.81000000,0.01127772
WOSAT,2019,790,1,38,25735.99000000,7019840.76000000,104903.80000000,0.01494390
WOSAT,2019,790,1,42,18843.13000000,7019840.76000000,123746.93000000,0.01762817
WOSAT,2019,790,2,39,11028.75000000,2853474.59000000,11028.75000000,0.00386502
WOSAT,2019,800,1,14,37705.75000000,6011197.48000000,37705.75000000,0.00627259
WOSAT,2019,800,1,16,1229.78000000,6011197.48000000,38935.53000000,0.00647717
WOSAT,2019,800,2,15,51830.32000000,2731747.08000000,51830.32000000,0.01897332
WOSAT,2019,800,2,17,25046.46000000,2731747.08000000,76876.78000000,0.02814198
WOSAT,2019,800,2,19,134.56000000,2731747.08000000,77011.34000000,0.02819124
WOSAT,2019,800,2,38,14682.26000000,2731747.08000000,91693.60000000,0.03356592
WOSAT,2019,810,1,5,49833.01000000,5437671.74000000,49833.01000000,0.00916440
WOSAT,2019,810,1,43,12574.25000000,5437671.74000000,62407.26000000,0.01147683
WOSAT,2019,810,2,9,11923.83000000,2570824.26000000,11923.83000000,0.00463814
WOSAT,2019,810,2,11,25865.61000000,2570824.26000000,37789.44000000,0.01469935
WOSAT,2019,810,2,13,22912.60000000,2570824.26000000,60702.04000000,0.02361190
WOSAT,2019,820,1,42,25244.04000000,4573951.15000000,25244.04000000,0.00551909
WOSAT,2019,820,2,19,14325.10000000,1964133.04000000,14325.10000000,0.00729335
WOSAT,2019,820,2,20,6942.50000000,1964133.04000000,21267.60000000,0.01082798
WOSAT,2019,820,2,40,8431.93000000,1964133.04000000,29699.53000000,0.01512094
WOSAT,2019,830,1,10,21577.98000000,3994774.45000000,21577.98000000,0.00540155
WOSAT,2019,830,2,28,14213.89000000,1941303.87000000,14213.89000000,0.00732183
WOSAT,2019,840,1,8,41749.01000000,4045830.26000000,41749.01000000,0.01031902
WOSAT,2019,840,2,19,25184.45000000,1650807.02000000,25184.45000000,0.01525584
WOSAT,2019,850,1,44,4680.05000000,3416429.32000000,4680.05000000,0.00136987
WOSAT,2019,860,1,39,29957.29000000,2053281.89000000,29957.29000000,0.01458995
WOSAT,2019,860,2,28,8605.72000000,778793.06000000,8605.72000000,0.01105007
WOSAT,2020,440,1,22,14928.01000000,42962.60000000,14928.01000000,0.34746524
WOSAT,2020,450,1,48,16729.73000000,132770.45000000,16729.73000000,0.12600492
WOSAT,2020,460,2,8,17416.21000000,50446.35000000,17416.21000000,0.34524222
WOSAT,2020,470,1,6,7527.16000000,447151.40000000,7527.16000000,0.01683358
WOSAT,2020,470,1,10,1388.97000000,447151.40000000,8916.13000000,0.01993985
WOSAT,2020,470,1,13,25093.80000000,447151.40000000,34009.93000000,0.07605909
WOSAT,2020,470,1,19,15807.13000000,447151.40000000,49817.06000000,0.11140983
WOSAT,2020,470,2,9,249.42000000,81868.32000000,249.42000000,0.00304660
WOSAT,2020,470,2,48,5078.68000000,81868.32000000,5328.10000000,0.06508134
WOSAT,2020,480,1,17,14394.65000000,399313.30000000,14394.65000000,0.03604851
WOSAT,2020,480,1,20,16677.81000000,399313.30000000,31072.46000000,0.07781474
WOSAT,2020,480,1,21,16724.06000000,399313.30000000,47796.52000000,0.11969679
WOSAT,2020,480,2,19,12406.40000000,129551.80000000,12406.40000000,0.09576401
WOSAT,2020,480,2,30,10674.30000000,129551.80000000,23080.70000000,0.17815808
WOSAT,2020,480,2,34,19823.31000000,129551.80000000,42904.01000000,0.33117263
WOSAT,2020,490,1,5,19157.18000000,557405.45000000,19157.18000000,0.03436848
WOSAT,2020,490,1,9,23321.51000000,557405.45000000,42478.69000000,0.07620788
WOSAT,2020,490,1,11,906.16000000,557405.45000000,43384.85000000,0.07783356
WOSAT,2020,490,1,16,10782.51000000,557405.45000000,54167.36000000,0.09717766
WOSAT,2020,490,1,27,17862.58000000,557405.45000000,72029.94000000,0.12922360
WOSAT,2020,490,1,30,19669.42000000,557405.45000000,91699.36000000,0.16451106
WOSAT,2020,490,1,34,13960.91000000,557405.45000000,105660.27000000,0.18955730
WOSAT,2020,500,1,5,22726.06000000,1608374.26000000,22726.06000000,0.01412983
WOSAT,2020,500,1,6,27443.13000000,1608374.26000000,50169.19000000,0.03119249
WOSAT,2020,500,1,8,18838.99000000,1608374.26000000,69008.18000000,0.04290555
WOSAT,2020,500,1,9,29153.17000000,1608374.26000000,98161.35000000,0.06103141
WOSAT,2020,500,1,16,22254.32000000,1608374.26000000,120415.67000000,0.07486794
WOSAT,2020,500,1,17,19012.73000000,1608374.26000000,139428.40000000,0.08668903
WOSAT,2020,500,1,18,22879.71000000,1608374.26000000,162308.11000000,0.10091439
WOSAT,2020,500,1,19,27764.30000000,1608374.26000000,190072.41000000,0.11817673
WOSAT,2020,500,1,22,453.02000000,1608374.26000000,190525.43000000,0.11845839
WOSAT,2020,500,1,26,16737.01000000,1608374.26000000,207262.44000000,0.12886456
WOSAT,2020,500,1,27,1472.41000000,1608374.26000000,208734.85000000,0.12978002
WOSAT,2020,500,2,6,1723.14000000,519198.92000000,1723.14000000,0.00331884
WOSAT,2020,500,2,10,18887.69000000,519198.92000000,20610.83000000,0.03969737
WOSAT,2020,500,2,16,15366.84000000,519198.92000000,35977.67000000,0.06929458
WOSAT,2020,500,2,18,15499.36000000,519198.92000000,51477.03000000,0.09914703
WOSAT,2020,500,2,30,12981.48000000,519198.92000000,64458.51000000,0.12414993
WOSAT,2020,500,2,46,17155.86000000,519198.92000000,81614.37000000,0.15719287
WOSAT,2020,500,2,48,11229.04000000,519198.92000000,92843.41000000,0.17882050
WOSAT,2020,500,2,49,0.00000000,519198.92000000,92843.41000000,0.17882050
WOSAT,2020,510,1,5,4492.38000000,1988518.84000000,4492.38000000,0.00225916
WOSAT,2020,510,1,7,27542.39000000,1988518.84000000,32034.77000000,0.01610986
WOSAT,2020,510,1,10,19437.54000000,1988518.84000000,51472.31000000,0.02588475
WOSAT,2020,510,1,12,23003.49000000,1988518.84000000,74475.80000000,0.03745290
WOSAT,2020,510,1,13,21963.80000000,1988518.84000000,96439.60000000,0.04849821
WOSAT,2020,510,1,14,26194.62000000,1988518.84000000,122634.22000000,0.06167114
WOSAT,2020,510,1,15,20644.36000000,1988518.84000000,143278.58000000,0.07205292
WOSAT,2020,510,1,16,20496.77000000,1988518.84000000,163775.35000000,0.08236047
WOSAT,2020,510,1,17,41886.60000000,1988518.84000000,205661.95000000,0.10342469
WOSAT,2020,510,1,24,16828.83000000,1988518.84000000,222490.78000000,0.11188769
WOSAT,2020,510,1,25,14737.86000000,1988518.84000000,237228.64000000,0.11929917
WOSAT,2020,510,1,26,13730.53000000,1988518.84000000,250959.17000000,0.12620407
WOSAT,2020,510,1,31,10977.48000000,1988518.84000000,261936.65000000,0.13172450
WOSAT,2020,510,1,33,15454.06000000,1988518.84000000,277390.71000000,0.13949614
WOSAT,2020,510,1,34,16147.18000000,1988518.84000000,293537.89000000,0.14761635
WOSAT,2020,510,1,41,11329.73000000,1988518.84000000,304867.62000000,0.15331392
WOSAT,2020,510,1,45,10113.41000000,1988518.84000000,314981.03000000,0.15839982
WOSAT,2020,510,1,47,10832.97000000,1988518.84000000,325814.00000000,0.16384758
WOSAT,2020,510,2,4,24983.11000000,603239.22000000,24983.11000000,0.04141493
WOSAT,2020,510,2,8,24160.42000000,603239.22000000,49143.53000000,0.08146607
WOSAT,2020,510,2,11,20811.75000000,603239.22000000,69955.28000000,0.11596607
WOSAT,2020,510,2,13,11572.52000000,603239.22000000,81527.80000000,0.13515003
WOSAT,2020,510,2,25,12882.77000000,603239.22000000,94410.57000000,0.15650602
WOSAT,2020,510,2,30,15520.70000000,603239.22000000,109931.27000000,0.18223495
WOSAT,2020,510,2,37,18565.04000000,603239.22000000,128496.31000000,0.21301054
WOSAT,2020,510,2,39,9801.54000000,603239.22000000,138297.85000000,0.22925872
WOSAT,2020,510,2,43,7616.67000000,603239.22000000,145914.52000000,0.24188500
WOSAT,2020,520,1,1,26346.21000000,2277078.97000000,26346.21000000,0.01157018
WOSAT,2020,520,1,4,44386.30000000,2277078.97000000,70732.51000000,0.03106283
WOSAT,2020,520,1,5,24968.76000000,2277078.97000000,95701.27000000,0.04202809
WOSAT,2020,520,1,7,28037.83000000,2277078.97000000,123739.10000000,0.05434115
WOSAT,2020,520,1,8,31244.13000000,2277078.97000000,154983.23000000,0.06806230
WOSAT,2020,520,1,9,42370.86000000,2277078.97000000,197354.09000000,0.08666985
WOSAT,2020,520,1,12,22847.46000000,2277078.97000000,220201.55000000,0.09670352
WOSAT,2020,520,1,20,28227.95000000,2277078.97000000,248429.50000000,0.10910008
WOSAT,2020,520,1,21,670.79000000,2277078.97000000,249100.29000000,0.10939466
WOSAT,2020,520,1,22,20111.29000000,2277078.97000000,269211.58000000,0.11822672
WOSAT,2020,520,1,24,24933.65000000,2277078.97000000,294145.23000000,0.12917656
WOSAT,2020,520,1,25,26321.87000000,2277078.97000000,320467.10000000,0.14073605
WOSAT,2020,520,1,26,812.19000000,2277078.97000000,321279.29000000,0.14109273
WOSAT,2020,520,1,29,25078.74000000,2277078.97000000,346358.03000000,0.15210629
WOSAT,2020,520,1,34,16139.77000000,2277078.97000000,362497.80000000,0.15919422
WOSAT,2020,520,1,48,13885.03000000,2277078.97000000,376382.83000000,0.16529195
WOSAT,2020,520,2,7,11644.71000000,941310.04000000,11644.71000000,0.01237075
WOSAT,2020,520,2,10,15700.31000000,941310.04000000,27345.02000000,0.02904996
WOSAT,2020,520,2,11,1765.67000000,941310.04000000,29110.69000000,0.03092572
WOSAT,2020,520,2,12,11438.77000000,941310.04000000,40549.46000000,0.04307769
WOSAT,2020,520,2,30,11019.11000000,941310.04000000,51568.57000000,0.05478383
WOSAT,2020,530,1,3,12419.21000000,3168824.76000000,12419.21000000,0.00391918
WOSAT,2020,530,1,6,20030.05000000,3168824.76000000,32449.26000000,0.01024016
WOSAT,2020,530,1,9,50090.69000000,3168824.76000000,82539.95000000,0.02604750
WOSAT,2020,530,1,10,35056.86000000,3168824.76000000,117596.81000000,0.03711054
WOSAT,2020,530,1,11,1490.57000000,3168824.76000000,119087.38000000,0.03758093
WOSAT,2020,530,1,12,30272.38000000,3168824.76000000,149359.76000000,0.04713412
WOSAT,2020,530,1,13,37407.70000000,3168824.76000000,186767.46000000,0.05893903
WOSAT,2020,530,1,15,43409.08000000,3168824.76000000,230176.54000000,0.07263783
WOSAT,2020,530,1,17,24709.49000000,3168824.76000000,254886.03000000,0.08043551
WOSAT,2020,530,1,18,24827.42000000,3168824.76000000,279713.45000000,0.08827041
WOSAT,2020,530,1,19,4596.63000000,3168824.76000000,284310.08000000,0.08972099
WOSAT,2020,530,1,20,3414.11000000,3168824.76000000,287724.19000000,0.09079839
WOSAT,2020,530,1,21,15355.45000000,3168824.76000000,303079.64000000,0.09564418
WOSAT,2020,530,1,25,23732.78000000,3168824.76000000,326812.42000000,0.10313364
WOSAT,2020,530,1,35,18972.82000000,3168824.76000000,345785.24000000,0.10912097
WOSAT,2020,530,1,36,23174.28000000,3168824.76000000,368959.52000000,0.11643418
WOSAT,2020,530,1,48,15997.88000000,3168824.76000000,384957.40000000,0.12148270
WOSAT,2020,530,1,49,14098.62000000,3168824.76000000,399056.02000000,0.12593187
WOSAT,2020,530,2,3,16659.27000000,942257.65000000,16659.27000000,0.01768016
WOSAT,2020,530,2,9,18393.15000000,942257.65000000,35052.42000000,0.03720046
WOSAT,2020,530,2,12,18083.21000000,942257.65000000,53135.63000000,0.05639183
WOSAT,2020,530,2,22,13719.39000000,942257.65000000,66855.02000000,0.07095195
WOSAT,2020,530,2,27,16013.20000000,942257.65000000,82868.22000000,0.08794645
WOSAT,2020,530,2,32,19266.45000000,942257.65000000,102134.67000000,0.10839357
WOSAT,2020,530,2,35,12141.26000000,942257.65000000,114275.93000000,0.12127886
WOSAT,2020,530,2,39,6937.27000000,942257.65000000,121213.20000000,0.12864125
WOSAT,2020,540,1,3,30031.97000000,5287644.06000000,30031.97000000,0.00567965
WOSAT,2020,540,1,4,76262.39000000,5287644.06000000,106294.36000000,0.02010240
WOSAT,2020,540,1,5,20487.61000000,5287644.06000000,126781.97000000,0.02397702
WOSAT,2020,540,1,6,21027.00000000,5287644.06000000,147808.97000000,0.02795365
WOSAT,2020,540,1,7,52624.60000000,5287644.06000000,200433.57000000,0.03790603
WOSAT,2020,540,1,8,45930.77000000,5287644.06000000,246364.34000000,0.04659246
WOSAT,2020,540,1,9,18163.67000000,5287644.06000000,264528.01000000,0.05002758
WOSAT,2020,540,1,10,2104.61000000,5287644.06000000,266632.62000000,0.05042560
WOSAT,2020,540,1,14,53082.65000000,5287644.06000000,319715.27000000,0.06046460
WOSAT,2020,540,1,16,40335.06000000,5287644.06000000,360050.33000000,0.06809277
WOSAT,2020,540,1,18,33070.73000000,5287644.06000000,393121.06000000,0.07434711
WOSAT,2020,540,1,21,19049.15000000,5287644.06000000,412170.21000000,0.07794969
WOSAT,2020,540,1,24,16793.02000000,5287644.06000000,428963.23000000,0.08112559
WOSAT,2020,540,1,25,17122.15000000,5287644.06000000,446085.38000000,0.08436373
WOSAT,2020,540,1,26,26910.86000000,5287644.06000000,472996.24000000,0.08945312
WOSAT,2020,540,1,27,18318.23000000,5287644.06000000,491314.47000000,0.09291746
WOSAT,2020,540,1,29,16230.41000000,5287644.06000000,507544.88000000,0.09598696
WOSAT,2020,540,1,41,13922.95000000,5287644.06000000,521467.83000000,0.09862007
WOSAT,2020,540,1,45,2588.06000000,5287644.06000000,524055.89000000,0.09910952
WOSAT,2020,540,2,5,12300.61000000,1555486.48000000,12300.61000000,0.00790789
WOSAT,2020,540,2,7,51628.87000000,1555486.48000000,63929.48000000,0.04109935
WOSAT,2020,540,2,9,18160.91000000,1555486.48000000,82090.39000000,0.05277474
WOSAT,2020,540,2,10,1379.01000000,1555486.48000000,83469.40000000,0.05366128
WOSAT,2020,540,2,13,5348.09000000,1555486.48000000,88817.49000000,0.05709949
WOSAT,2020,540,2,15,5610.32000000,1555486.48000000,94427.81000000,0.06070629
WOSAT,2020,540,2,16,22645.87000000,1555486.48000000,117073.68000000,0.07526499
WOSAT,2020,540,2,20,11810.76000000,1555486.48000000,128884.44000000,0.08285796
WOSAT,2020,540,2,21,5175.19000000,1555486.48000000,134059.63000000,0.08618502
WOSAT,2020,540,2,25,14322.96000000,1555486.48000000,148382.59000000,0.09539304
WOSAT,2020,540,2,43,14464.90000000,1555486.48000000,162847.49000000,0.10469232
WOSAT,2020,540,2,48,5144.47000000,1555486.48000000,167991.96000000,0.10799963
WOSAT,2020,550,1,4,23768.41000000,6242020.17000000,23768.41000000,0.00380781
WOSAT,2020,550,1,6,20097.09000000,6242020.17000000,43865.50000000,0.00702745
WOSAT,2020,550,1,7,69352.30000000,6242020.17000000,113217.80000000,0.01813801
WOSAT,2020,550,1,9,28254.54000000,6242020.17000000,141472.34000000,0.02266451
WOSAT,2020,550,1,10,51230.49000000,6242020.17000000,192702.83000000,0.03087187
WOSAT,2020,550,1,11,29987.78000000,6242020.17000000,222690.61000000,0.03567605
WOSAT,2020,550,1,14,42860.43000000,6242020.17000000,265551.04000000,0.04254248
WOSAT,2020,550,1,16,69326.01000000,6242020.17000000,334877.05000000,0.05364883
WOSAT,2020,550,1,17,41670.26000000,6242020.17000000,376547.31000000,0.06032459
WOSAT,2020,550,1,18,60592.14000000,6242020.17000000,437139.45000000,0.07003173
WOSAT,2020,550,1,20,42067.08000000,6242020.17000000,479206.53000000,0.07677106
WOSAT,2020,550,1,21,35552.48000000,6242020.17000000,514759.01000000,0.08246673
WOSAT,2020,550,1,23,92500.48000000,6242020.17000000,607259.49000000,0.09728573
WOSAT,2020,550,1,24,24935.35000000,6242020.17000000,632194.84000000,0.10128049
WOSAT,2020,550,1,25,35799.04000000,6242020.17000000,667993.88000000,0.10701566
WOSAT,2020,550,1,26,41813.06000000,6242020.17000000,709806.94000000,0.11371430
WOSAT,2020,550,1,28,20803.33000000,6242020.17000000,730610.27000000,0.11704709
WOSAT,2020,550,1,39,2912.94000000,6242020.17000000,733523.21000000,0.11751375
WOSAT,2020,550,1,40,14923.25000000,6242020.17000000,748446.46000000,0.11990452
WOSAT,2020,550,1,41,18527.47000000,6242020.17000000,766973.93000000,0.12287271
WOSAT,2020,550,1,43,22184.73000000,6242020.17000000,789158.66000000,0.12642680
WOSAT,2020,550,1,49,20127.22000000,6242020.17000000,809285.88000000,0.12965128
WOSAT,2020,550,2,7,19190.86000000,1494783.81000000,19190.86000000,0.01283855
WOSAT,2020,550,2,8,16331.09000000,1494783.81000000,35521.95000000,0.02376394
WOSAT,2020,550,2,13,1757.64000000,1494783.81000000,37279.59000000,0.02493979
WOSAT,2020,550,2,17,18803.72000000,1494783.81000000,56083.31000000,0.03751935
WOSAT,2020,550,2,19,39359.01000000,1494783.81000000,95442.32000000,0.06385025
WOSAT,2020,550,2,21,8081.04000000,1494783.81000000,103523.36000000,0.06925641
WOSAT,2020,550,2,27,22043.24000000,1494783.81000000,125566.60000000,0.08400318
WOSAT,2020,550,2,30,13455.92000000,1494783.81000000,139022.52000000,0.09300510
WOSAT,2020,550,2,32,16487.86000000,1494783.81000000,155510.38000000,0.10403537
WOSAT,2020,550,2,33,13802.99000000,1494783.81000000,169313.37000000,0.11326947
WOSAT,2020,550,2,35,10295.49000000,1494783.81000000,179608.86000000,0.12015708
WOSAT,2020,550,2,36,6928.51000000,1494783.81000000,186537.37000000,0.12479221
WOSAT,2020,550,2,37,8563.32000000,1494783.81000000,195100.69000000,0.13052101
WOSAT,2020,550,2,39,12692.54000000,1494783.81000000,207793.23000000,0.13901223
WOSAT,2020,550,2,41,10039.99000000,1494783.81000000,217833.22000000,0.14572891
WOSAT,2020,550,2,44,5812.52000000,1494783.81000000,223645.74000000,0.14961745
WOSAT,2020,560,1,4,3942.29000000,7361733.80000000,3942.29000000,0.00053551
WOSAT,2020,560,1,5,47506.23000000,7361733.80000000,51448.52000000,0.00698864
WOSAT,2020,560,1,7,66848.95000000,7361733.80000000,118297.47000000,0.01606924
WOSAT,2020,560,1,8,28933.53000000,7361733.80000000,147231.00000000,0.01999950
WOSAT,2020,560,1,9,26614.35000000,7361733.80000000,173845.35000000,0.02361473
WOSAT,2020,560,1,11,21876.07000000,7361733.80000000,195721.42000000,0.02658632
WOSAT,2020,560,1,13,1721.57000000,7361733.80000000,197442.99000000,0.02682018
WOSAT,2020,560,1,14,53371.24000000,7361733.80000000,250814.23000000,0.03406999
WOSAT,2020,560,1,15,21072.96000000,7361733.80000000,271887.19000000,0.03693249
WOSAT,2020,560,1,19,53990.28000000,7361733.80000000,325877.47000000,0.04426640
WOSAT,2020,560,1,20,70816.44000000,7361733.80000000,396693.91000000,0.05388594
WOSAT,2020,560,1,21,17575.68000000,7361733.80000000,414269.59000000,0.05627337
WOSAT,2020,560,1,22,65969.63000000,7361733.80000000,480239.22000000,0.06523453
WOSAT,2020,560,1,24,26902.18000000,7361733.80000000,507141.40000000,0.06888885
WOSAT,2020,560,1,26,42786.58000000,7361733.80000000,549927.98000000,0.07470088
WOSAT,2020,560,1,27,18697.36000000,7361733.80000000,568625.34000000,0.07724068
WOSAT,2020,560,1,29,40151.26000000,7361733.80000000,608776.60000000,0.08269473
WOSAT,2020,560,1,30,25105.16000000,7361733.80000000,633881.76000000,0.08610496
WOSAT,2020,560,1,33,15492.24000000,7361733.80000000,649374.00000000,0.08820938
WOSAT,2020,560,1,35,55081.70000000,7361733.80000000,704455.70000000,0.09569155
WOSAT,2020,560,1,37,16711.37000000,7361733.80000000,721167.07000000,0.09796158
WOSAT,2020,560,1,40,14154.87000000,7361733.80000000,735321.94000000,0.09988434
WOSAT,2020,560,1,47,15005.89000000,7361733.80000000,750327.83000000,0.10192271
WOSAT,2020,560,1,48,15559.58000000,7361733.80000000,765887.41000000,0.10403628
WOSAT,2020,560,2,3,19871.47000000,2088223.07000000,19871.47000000,0.00951597
WOSAT,2020,560,2,4,15958.08000000,2088223.07000000,35829.55000000,0.01715791
WOSAT,2020,560,2,14,15788.05000000,2088223.07000000,51617.60000000,0.02471843
WOSAT,2020,560,2,16,17968.00000000,2088223.07000000,69585.60000000,0.03332288
WOSAT,2020,560,2,17,36779.52000000,2088223.07000000,106365.12000000,0.05093571
WOSAT,2020,560,2,20,23049.39000000,2088223.07000000,129414.51000000,0.06197351
WOSAT,2020,560,2,21,16278.17000000,2088223.07000000,145692.68000000,0.06976873
WOSAT,2020,560,2,24,1207.42000000,2088223.07000000,146900.10000000,0.07034694
WOSAT,2020,560,2,25,16050.44000000,2088223.07000000,162950.54000000,0.07803311
WOSAT,2020,560,2,35,10350.90000000,2088223.07000000,173301.44000000,0.08298991
WOSAT,2020,560,2,39,12562.13000000,2088223.07000000,185863.57000000,0.08900561
WOSAT,2020,560,2,42,4828.60000000,2088223.07000000,190692.17000000,0.09131791
WOSAT,2020,560,2,44,14688.82000000,2088223.07000000,205380.99000000,0.09835204
WOSAT,2020,560,2,45,5904.03000000,2088223.07000000,211285.02000000,0.10117933
WOSAT,2020,560,2,46,2612.34000000,2088223.07000000,213897.36000000,0.10243032
WOSAT,2020,560,2,49,1029.71000000,2088223.07000000,214927.07000000,0.10292342
WOSAT,2020,570,1,3,49182.37000000,14185851.50000000,49182.37000000,0.00346700
WOSAT,2020,570,1,4,26716.35000000,14185851.50000000,75898.72000000,0.00535031
WOSAT,2020,570,1,5,64322.23000000,14185851.50000000,140220.95000000,0.00988456
WOSAT,2020,570,1,6,77035.48000000,14185851.50000000,217256.43000000,0.01531501
WOSAT,2020,570,1,7,118552.62000000,14185851.50000000,335809.05000000,0.02367211
WOSAT,2020,570,1,8,85211.70000000,14185851.50000000,421020.75000000,0.02967892
WOSAT,2020,570,1,9,989.98000000,14185851.50000000,422010.73000000,0.02974871
WOSAT,2020,570,1,10,38901.08000000,14185851.50000000,460911.81000000,0.03249095
WOSAT,2020,570,1,11,18804.27000000,14185851.50000000,479716.08000000,0.03381652
WOSAT,2020,570,1,12,37182.72000000,14185851.50000000,516898.80000000,0.03643763
WOSAT,2020,570,1,14,51404.10000000,14185851.50000000,568302.90000000,0.04006125
WOSAT,2020,570,1,15,28368.86000000,14185851.50000000,596671.76000000,0.04206105
WOSAT,2020,570,1,16,36999.85000000,14185851.50000000,633671.61000000,0.04466927
WOSAT,2020,570,1,17,16315.16000000,14185851.50000000,649986.77000000,0.04581937
WOSAT,2020,570,1,18,41261.82000000,14185851.50000000,691248.59000000,0.04872803
WOSAT,2020,570,1,19,21895.46000000,14185851.50000000,713144.05000000,0.05027150
WOSAT,2020,570,1,20,21920.50000000,14185851.50000000,735064.55000000,0.05181674
WOSAT,2020,570,1,21,53067.81000000,14185851.50000000,788132.36000000,0.05555764
WOSAT,2020,570,1,22,23943.72000000,14185851.50000000,812076.08000000,0.05724549
WOSAT,2020,570,1,23,47910.13000000,14185851.50000000,859986.21000000,0.06062281
WOSAT,2020,570,1,24,3519.64000000,14185851.50000000,863505.85000000,0.06087092
WOSAT,2020,570,1,26,50529.58000000,14185851.50000000,914035.43000000,0.06443289
WOSAT,2020,570,1,27,83386.60000000,14185851.50000000,997422.03000000,0.07031104
WOSAT,2020,570,1,28,33316.84000000,14185851.50000000,1030738.87000000,0.07265964
WOSAT,2020,570,1,29,49759.01000000,14185851.50000000,1080497.88000000,0.07616729
WOSAT,2020,570,1,30,40230.39000000,14185851.50000000,1120728.27000000,0.07900324
WOSAT,2020,570,1,31,22443.54000000,14185851.50000000,1143171.81000000,0.08058535
WOSAT,2020,570,1,32,37619.41000000,14185851.50000000,1180791.22000000,0.08323725
WOSAT,2020,570,1,34,19355.47000000,14185851.50000000,1200146.69000000,0.08460167
WOSAT,2020,570,1,35,19116.13000000,14185851.50000000,1219262.82000000,0.08594922
WOSAT,2020,570,1,36,3971.31000000,14185851.50000000,1223234.13000000,0.08622917
WOSAT,2020,570,1,37,13732.64000000,14185851.50000000,1236966.77000000,0.08719722
WOSAT,2020,570,1,38,13724.94000000,14185851.50000000,1250691.71000000,0.08816473
WOSAT,2020,570,1,39,12400.37000000,14185851.50000000,1263092.08000000,0.08903886
WOSAT,2020,570,1,43,17402.19000000,14185851.50000000,1280494.27000000,0.09026559
WOSAT,2020,570,1,45,16131.88000000,14185851.50000000,1296626.15000000,0.09140277
WOSAT,2020,570,1,46,12948.54000000,14185851.50000000,1309574.69000000,0.09231555
WOSAT,2020,570,1,48,36151.72000000,14185851.50000000,1345726.41000000,0.09486399
WOSAT,2020,570,1,49,1758.24000000,14185851.50000000,1347484.65000000,0.09498793
WOSAT,2020,570,2,4,23168.92000000,4253955.32000000,23168.92000000,0.00544644
WOSAT,2020,570,2,5,13458.00000000,4253955.32000000,36626.92000000,0.00861009
WOSAT,2020,570,2,6,26273.06000000,4253955.32000000,62899.98000000,0.01478623
WOSAT,2020,570,2,8,34246.69000000,4253955.32000000,97146.67000000,0.02283679
WOSAT,2020,570,2,9,4900.51000000,4253955.32000000,102047.18000000,0.02398878
WOSAT,2020,570,2,11,8180.29000000,4253955.32000000,110227.47000000,0.02591176
WOSAT,2020,570,2,15,23366.31000000,4253955.32000000,133593.78000000,0.03140460
WOSAT,2020,570,2,18,36512.94000000,4253955.32000000,170106.72000000,0.03998790
WOSAT,2020,570,2,19,12898.17000000,4253955.32000000,183004.89000000,0.04301994
WOSAT,2020,570,2,20,13666.02000000,4253955.32000000,196670.91000000,0.04623248
WOSAT,2020,570,2,22,25584.33000000,4253955.32000000,222255.24000000,0.05224673
WOSAT,2020,570,2,24,14840.93000000,4253955.32000000,237096.17000000,0.05573546
WOSAT,2020,570,2,26,64923.21000000,4253955.32000000,302019.38000000,0.07099731
WOSAT,2020,570,2,32,14053.79000000,4253955.32000000,316073.17000000,0.07430101
WOSAT,2020,570,2,34,8930.65000000,4253955.32000000,325003.82000000,0.07640038
WOSAT,2020,570,2,36,248.16000000,4253955.32000000,325251.98000000,0.07645872
WOSAT,2020,570,2,39,23321.85000000,4253955.32000000,348573.83000000,0.08194111
WOSAT,2020,570,2,40,15552.65000000,4253955.32000000,364126.48000000,0.08559716
WOSAT,2020,570,2,44,8833.74000000,4253955.32000000,372960.22000000,0.08767375
WOSAT,2020,570,2,45,12949.78000000,4253955.32000000,385910.00000000,0.09071793
WOSAT,2020,570,2,46,12892.54000000,4253955.32000000,398802.54000000,0.09374864
WOSAT,2020,580,1,4,63412.37000000,43938226.75999991,63412.37000000,0.00144322
WOSAT,2020,580,1,5,82954.11000000,43938226.75999991,146366.48000000,0.00333119
WOSAT,2020,580,1,6,383046.88000000,43938226.75999991,529413.36000000,0.01204904
WOSAT,2020,580,1,7,236747.96000000,43938226.75999991,766161.32000000,0.01743724
WOSAT,2020,580,1,8,289300.77000000,43938226.75999991,1055462.09000000,0.02402150
WOSAT,2020,580,1,9,105866.26000000,43938226.75999991,1161328.35000000,0.02643093
WOSAT,2020,580,1,10,110098.34000000,43938226.75999991,1271426.69000000,0.02893669
WOSAT,2020,580,1,11,64862.23000000,43938226.75999991,1336288.92000000,0.03041290
WOSAT,2020,580,1,12,53639.89000000,43938226.75999991,1389928.81000000,0.03163370
WOSAT,2020,580,1,13,105480.70000000,43938226.75999991,1495409.51000000,0.03403436
WOSAT,2020,580,1,14,144713.79000000,43938226.75999991,1640123.30000000,0.03732794
WOSAT,2020,580,1,15,252570.02000000,43938226.75999991,1892693.32000000,0.04307623
WOSAT,2020,580,1,16,74745.08000000,43938226.75999991,1967438.40000000,0.04477737
WOSAT,2020,580,1,17,131894.56000000,43938226.75999991,2099332.96000000,0.04777919
WOSAT,2020,580,1,18,133959.69000000,43938226.75999991,2233292.65000000,0.05082801
WOSAT,2020,580,1,19,56163.72000000,43938226.75999991,2289456.37000000,0.05210625
WOSAT,2020,580,1,20,49400.03000000,43938226.75999991,2338856.40000000,0.05323056
WOSAT,2020,580,1,21,103876.75000000,43938226.75999991,2442733.15000000,0.05559471
WOSAT,2020,580,1,22,24675.92000000,43938226.75999991,2467409.07000000,0.05615632
WOSAT,2020,580,1,23,19574.28000000,43938226.75999991,2486983.35000000,0.05660181
WOSAT,2020,580,1,24,90202.41000000,43938226.75999991,2577185.76000000,0.05865475
WOSAT,2020,580,1,25,57083.07000000,43938226.75999991,2634268.83000000,0.05995392
WOSAT,2020,580,1,26,64194.29000000,43938226.75999991,2698463.12000000,0.06141493
WOSAT,2020,580,1,27,71617.48000000,43938226.75999991,2770080.60000000,0.06304489
WOSAT,2020,580,1,28,135122.17000000,43938226.75999991,2905202.77000000,0.06612016
WOSAT,2020,580,1,29,35222.75000000,43938226.75999991,2940425.52000000,0.06692181
WOSAT,2020,580,1,30,83897.46000000,43938226.75999991,3024322.98000000,0.06883125
WOSAT,2020,580,1,31,58028.20000000,43938226.75999991,3082351.18000000,0.07015192
WOSAT,2020,580,1,32,61184.96000000,43938226.75999991,3143536.14000000,0.07154445
WOSAT,2020,580,1,33,105770.47000000,43938226.75999991,3249306.61000000,0.07395170
WOSAT,2020,580,1,35,33836.04000000,43938226.75999991,3283142.65000000,0.07472178
WOSAT,2020,580,1,36,83827.92000000,43938226.75999991,3366970.57000000,0.07662964
WOSAT,2020,580,1,37,56002.22000000,43938226.75999991,3422972.79000000,0.07790421
WOSAT,2020,580,1,38,47156.99000000,43938226.75999991,3470129.78000000,0.07897747
WOSAT,2020,580,1,39,34409.75000000,43938226.75999991,3504539.53000000,0.07976060
WOSAT,2020,580,1,40,17360.03000000,43938226.75999991,3521899.56000000,0.08015571
WOSAT,2020,580,1,41,21431.12000000,43938226.75999991,3543330.68000000,0.08064346
WOSAT,2020,580,1,43,51110.47000000,43938226.75999991,3594441.15000000,0.08180670
WOSAT,2020,580,1,44,93313.21000000,43938226.75999991,3687754.36000000,0.08393043
WOSAT,2020,580,1,45,16775.63000000,43938226.75999991,3704529.99000000,0.08431223
WOSAT,2020,580,1,46,45173.06000000,43938226.75999991,3749703.05000000,0.08534034
WOSAT,2020,580,1,47,31387.97000000,43938226.75999991,3781091.02000000,0.08605470
WOSAT,2020,580,1,48,1759.47000000,43938226.75999991,3782850.49000000,0.08609475
WOSAT,2020,580,1,49,33571.18000000,43938226.75999991,3816421.67000000,0.08685880
WOSAT,2020,580,2,4,56022.19000000,5187585.46000000,56022.19000000,0.01079928
WOSAT,2020,580,2,5,3012.85000000,5187585.46000000,59035.04000000,0.01138006
WOSAT,2020,580,2,7,14484.54000000,5187585.46000000,73519.58000000,0.01417222
WOSAT,2020,580,2,8,30618.74000000,5187585.46000000,104138.32000000,0.02007453
WOSAT,2020,580,2,9,19574.84000000,5187585.46000000,123713.16000000,0.02384793
WOSAT,2020,580,2,10,3496.09000000,5187585.46000000,127209.25000000,0.02452186
WOSAT,2020,580,2,12,454.57000000,5187585.46000000,127663.82000000,0.02460949
WOSAT,2020,580,2,14,15397.16000000,5187585.46000000,143060.98000000,0.02757757
WOSAT,2020,580,2,18,19373.08000000,5187585.46000000,162434.06000000,0.03131207
WOSAT,2020,580,2,19,55991.81000000,5187585.46000000,218425.87000000,0.04210550
WOSAT,2020,580,2,21,26250.83000000,5187585.46000000,244676.70000000,0.04716582
WOSAT,2020,580,2,26,24807.10000000,5187585.46000000,269483.80000000,0.05194783
WOSAT,2020,580,2,27,15103.80000000,5187585.46000000,284587.60000000,0.05485936
WOSAT,2020,580,2,30,15279.35000000,5187585.46000000,299866.95000000,0.05780472
WOSAT,2020,580,2,31,9492.45000000,5187585.46000000,309359.40000000,0.05963456
WOSAT,2020,580,2,32,22295.47000000,5187585.46000000,331654.87000000,0.06393242
WOSAT,2020,580,2,33,14729.88000000,5187585.46000000,346384.75000000,0.06677186
WOSAT,2020,580,2,38,15920.70000000,5187585.46000000,362305.45000000,0.06984086
WOSAT,2020,580,2,39,19398.81000000,5187585.46000000,381704.26000000,0.07358033
WOSAT,2020,580,2,42,10326.32000000,5187585.46000000,392030.58000000,0.07557092
WOSAT,2020,580,2,43,7821.39000000,5187585.46000000,399851.97000000,0.07707863
WOSAT,2020,580,2,44,3936.38000000,5187585.46000000,403788.35000000,0.07783744
WOSAT,2020,580,2,45,13319.76000000,5187585.46000000,417108.11000000,0.08040506
WOSAT,2020,580,2,46,1119.20000000,5187585.46000000,418227.31000000,0.08062080
WOSAT,2020,580,2,48,17846.39000000,5187585.46000000,436073.70000000,0.08406102
WOSAT,2020,590,1,2,22486.86000000,55322763.69999996,22486.86000000,0.00040647
WOSAT,2020,590,1,4,94301.81000000,55322763.69999996,116788.67000000,0.00211104
WOSAT,2020,590,1,5,234283.85000000,55322763.69999996,351072.52000000,0.00634590
WOSAT,2020,590,1,6,194914.11000000,55322763.69999996,545986.63000000,0.00986911
WOSAT,2020,590,1,7,238901.80000000,55322763.69999996,784888.43000000,0.01418744
WOSAT,2020,590,1,8,278129.92000000,55322763.69999996,1063018.35000000,0.01921485
WOSAT,2020,590,1,9,120124.75000000,55322763.69999996,1183143.10000000,0.02138619
WOSAT,2020,590,1,10,180801.52000000,55322763.69999996,1363944.62000000,0.02465431
WOSAT,2020,590,1,11,154133.46000000,55322763.69999996,1518078.08000000,0.02744039
WOSAT,2020,590,1,12,115659.05000000,55322763.69999996,1633737.13000000,0.02953101
WOSAT,2020,590,1,13,197853.55000000,55322763.69999996,1831590.68000000,0.03310736
WOSAT,2020,590,1,14,121275.28000000,55322763.69999996,1952865.96000000,0.03529950
WOSAT,2020,590,1,15,127301.99000000,55322763.69999996,2080167.95000000,0.03760058
WOSAT,2020,590,1,16,250641.10000000,55322763.69999996,2330809.05000000,0.04213110
WOSAT,2020,590,1,17,143018.78000000,55322763.69999996,2473827.83000000,0.04471627
WOSAT,2020,590,1,18,61823.85000000,55322763.69999996,2535651.68000000,0.04583379
WOSAT,2020,590,1,19,111665.84000000,55322763.69999996,2647317.52000000,0.04785223
WOSAT,2020,590,1,20,139724.73000000,55322763.69999996,2787042.25000000,0.05037786
WOSAT,2020,590,1,21,116797.29000000,55322763.69999996,2903839.54000000,0.05248905
WOSAT,2020,590,1,22,120097.94000000,55322763.69999996,3023937.48000000,0.05465991
WOSAT,2020,590,1,23,76564.33000000,55322763.69999996,3100501.81000000,0.05604387
WOSAT,2020,590,1,24,47370.95000000,55322763.69999996,3147872.76000000,0.05690014
WOSAT,2020,590,1,25,41281.05000000,55322763.69999996,3189153.81000000,0.05764632
WOSAT,2020,590,1,26,153142.47000000,55322763.69999996,3342296.28000000,0.06041449
WOSAT,2020,590,1,27,87439.99000000,55322763.69999996,3429736.27000000,0.06199503
WOSAT,2020,590,1,28,194380.94000000,55322763.69999996,3624117.21000000,0.06550861
WOSAT,2020,590,1,29,103686.57000000,55322763.69999996,3727803.78000000,0.06738282
WOSAT,2020,590,1,30,49684.12000000,55322763.69999996,3777487.90000000,0.06828090
WOSAT,2020,590,1,31,101164.69000000,55322763.69999996,3878652.59000000,0.07010952
WOSAT,2020,590,1,32,53483.58000000,55322763.69999996,3932136.17000000,0.07107628
WOSAT,2020,590,1,33,41345.27000000,55322763.69999996,3973481.44000000,0.07182363
WOSAT,2020,590,1,34,124528.81000000,55322763.69999996,4098010.25000000,0.07407458
WOSAT,2020,590,1,35,33663.02000000,55322763.69999996,4131673.27000000,0.07468306
WOSAT,2020,590,1,36,80826.99000000,55322763.69999996,4212500.26000000,0.07614407
WOSAT,2020,590,1,37,25968.79000000,55322763.69999996,4238469.05000000,0.07661347
WOSAT,2020,590,1,38,78546.09000000,55322763.69999996,4317015.14000000,0.07803325
WOSAT,2020,590,1,39,76595.04000000,55322763.69999996,4393610.18000000,0.07941776
WOSAT,2020,590,1,40,32328.67000000,55322763.69999996,4425938.85000000,0.08000213
WOSAT,2020,590,1,41,46526.94000000,55322763.69999996,4472465.79000000,0.08084314
WOSAT,2020,590,1,42,34030.67000000,55322763.69999996,4506496.46000000,0.08145827
WOSAT,2020,590,1,43,44813.93000000,55322763.69999996,4551310.39000000,0.08226831
WOSAT,2020,590,1,44,48180.81000000,55322763.69999996,4599491.20000000,0.08313922
WOSAT,2020,590,1,45,21550.99000000,55322763.69999996,4621042.19000000,0.08352877
WOSAT,2020,590,1,46,32290.32000000,55322763.69999996,4653332.51000000,0.08411244
WOSAT,2020,590,1,48,32803.20000000,55322763.69999996,4686135.71000000,0.08470538
WOSAT,2020,590,1,49,28233.16000000,55322763.69999996,4714368.87000000,0.08521572
WOSAT,2020,590,2,5,21142.71000000,6377138.42000000,21142.71000000,0.00331539
WOSAT,2020,590,2,6,42558.78000000,6377138.42000000,63701.49000000,0.00998904
WOSAT,2020,590,2,7,16983.06000000,6377138.42000000,80684.55000000,0.01265216
WOSAT,2020,590,2,8,38733.75000000,6377138.42000000,119418.30000000,0.01872600
WOSAT,2020,590,2,10,13518.47000000,6377138.42000000,132936.77000000,0.02084583
WOSAT,2020,590,2,11,23272.94000000,6377138.42000000,156209.71000000,0.02449527
WOSAT,2020,590,2,12,15855.28000000,6377138.42000000,172064.99000000,0.02698154
WOSAT,2020,590,2,15,38361.25000000,6377138.42000000,210426.24000000,0.03299697
WOSAT,2020,590,2,16,36721.09000000,6377138.42000000,247147.33000000,0.03875521
WOSAT,2020,590,2,19,29139.33000000,6377138.42000000,276286.66000000,0.04332455
WOSAT,2020,590,2,21,15090.24000000,6377138.42000000,291376.90000000,0.04569085
WOSAT,2020,590,2,22,18542.30000000,6377138.42000000,309919.20000000,0.04859847
WOSAT,2020,590,2,23,24925.30000000,6377138.42000000,334844.50000000,0.05250701
WOSAT,2020,590,2,24,40417.48000000,6377138.42000000,375261.98000000,0.05884489
WOSAT,2020,590,2,26,31820.55000000,6377138.42000000,407082.53000000,0.06383467
WOSAT,2020,590,2,27,30508.72000000,6377138.42000000,437591.25000000,0.06861875
WOSAT,2020,590,2,28,30809.48000000,6377138.42000000,468400.73000000,0.07344999
WOSAT,2020,590,2,30,12345.30000000,6377138.42000000,480746.03000000,0.07538585
WOSAT,2020,590,2,31,19183.05000000,6377138.42000000,499929.08000000,0.07839395
WOSAT,2020,590,2,35,22717.65000000,6377138.42000000,522646.73000000,0.08195631
WOSAT,2020,590,2,37,27118.00000000,6377138.42000000,549764.73000000,0.08620869
WOSAT,2020,590,2,38,621.65000000,6377138.42000000,550386.38000000,0.08630617
WOSAT,2020,590,2,39,21654.73000000,6377138.42000000,572041.11000000,0.08970185
WOSAT,2020,590,2,40,7023.22000000,6377138.42000000,579064.33000000,0.09080316
WOSAT,2020,590,2,41,31155.74000000,6377138.42000000,610220.07000000,0.09568870
WOSAT,2020,590,2,42,11619.61000000,6377138.42000000,621839.68000000,0.09751077
WOSAT,2020,590,2,45,24198.31000000,6377138.42000000,646037.99000000,0.10130531
WOSAT,2020,590,2,46,10558.77000000,6377138.42000000,656596.76000000,0.10296103
WOSAT,2020,590,2,47,12140.21000000,6377138.42000000,668736.97000000,0.10486474
WOSAT,2020,600,1,2,26021.10000000,60634766.49000009,26021.10000000,0.00042914
WOSAT,2020,600,1,3,34429.57000000,60634766.49000009,60450.67000000,0.00099696
WOSAT,2020,600,1,4,229351.39000000,60634766.49000009,289802.06000000,0.00477947
WOSAT,2020,600,1,5,172870.56000000,60634766.49000009,462672.62000000,0.00763048
WOSAT,2020,600,1,6,209656.23000000,60634766.49000009,672328.85000000,0.01108817
WOSAT,2020,600,1,7,204306.22000000,60634766.49000009,876635.07000000,0.01445763
WOSAT,2020,600,1,8,105309.81000000,60634766.49000009,981944.88000000,0.01619442
WOSAT,2020,600,1,9,227662.73000000,60634766.49000009,1209607.61000000,0.01994908
WOSAT,2020,600,1,10,201605.86000000,60634766.49000009,1411213.47000000,0.02327400
WOSAT,2020,600,1,11,159641.20000000,60634766.49000009,1570854.67000000,0.02590683
WOSAT,2020,600,1,12,82761.94000000,60634766.49000009,1653616.61000000,0.02727176
WOSAT,2020,600,1,13,94021.63000000,60634766.49000009,1747638.24000000,0.02882238
WOSAT,2020,600,1,14,217366.51000000,60634766.49000009,1965004.75000000,0.03240723
WOSAT,2020,600,1,15,150358.92000000,60634766.49000009,2115363.67000000,0.03488698
WOSAT,2020,600,1,16,157185.39000000,60634766.49000009,2272549.06000000,0.03747931
WOSAT,2020,600,1,17,113500.91000000,60634766.49000009,2386049.97000000,0.03935119
WOSAT,2020,600,1,18,141614.13000000,60634766.49000009,2527664.10000000,0.04168671
WOSAT,2020,600,1,19,87866.53000000,60634766.49000009,2615530.63000000,0.04313582
WOSAT,2020,600,1,20,30238.55000000,60634766.49000009,2645769.18000000,0.04363452
WOSAT,2020,600,1,21,48213.60000000,60634766.49000009,2693982.78000000,0.04442967
WOSAT,2020,600,1,22,13989.00000000,60634766.49000009,2707971.78000000,0.04466038
WOSAT,2020,600,1,23,194823.01000000,60634766.49000009,2902794.79000000,0.04787344
WOSAT,2020,600,1,24,31099.22000000,60634766.49000009,2933894.01000000,0.04838633
WOSAT,2020,600,1,25,35182.61000000,60634766.49000009,2969076.62000000,0.04896657
WOSAT,2020,600,1,26,232579.28000000,60634766.49000009,3201655.90000000,0.05280231
WOSAT,2020,600,1,28,47053.30000000,60634766.49000009,3248709.20000000,0.05357832
WOSAT,2020,600,1,29,138864.39000000,60634766.49000009,3387573.59000000,0.05586850
WOSAT,2020,600,1,30,53322.12000000,60634766.49000009,3440895.71000000,0.05674790
WOSAT,2020,600,1,31,37548.53000000,60634766.49000009,3478444.24000000,0.05736716
WOSAT,2020,600,1,32,239404.04000000,60634766.49000009,3717848.28000000,0.06131545
WOSAT,2020,600,1,33,29963.56000000,60634766.49000009,3747811.84000000,0.06180962
WOSAT,2020,600,1,34,68618.68000000,60634766.49000009,3816430.52000000,0.06294129
WOSAT,2020,600,1,35,123313.09000000,60634766.49000009,3939743.61000000,0.06497499
WOSAT,2020,600,1,36,43829.26000000,60634766.49000009,3983572.87000000,0.06569783
WOSAT,2020,600,1,37,135716.42000000,60634766.49000009,4119289.29000000,0.06793610
WOSAT,2020,600,1,38,30918.73000000,60634766.49000009,4150208.02000000,0.06844601
WOSAT,2020,600,1,39,15547.41000000,60634766.49000009,4165755.43000000,0.06870242
WOSAT,2020,600,1,40,33962.09000000,60634766.49000009,4199717.52000000,0.06926253
WOSAT,2020,600,1,41,16622.02000000,60634766.49000009,4216339.54000000,0.06953667
WOSAT,2020,600,1,42,45640.61000000,60634766.49000009,4261980.15000000,0.07028938
WOSAT,2020,600,1,43,89568.51000000,60634766.49000009,4351548.66000000,0.07176656
WOSAT,2020,600,1,44,34274.82000000,60634766.49000009,4385823.48000000,0.07233183
WOSAT,2020,600,1,45,36907.27000000,60634766.49000009,4422730.75000000,0.07294051
WOSAT,2020,600,1,47,24796.62000000,60634766.49000009,4447527.37000000,0.07334946
WOSAT,2020,600,1,48,41184.92000000,60634766.49000009,4488712.29000000,0.07402869
WOSAT,2020,600,1,49,45905.72000000,60634766.49000009,4534618.01000000,0.07478578
WOSAT,2020,600,2,4,24422.00000000,10277694.53999999,24422.00000000,0.00237621
WOSAT,2020,600,2,5,18451.38000000,10277694.53999999,42873.38000000,0.00417150
WOSAT,2020,600,2,6,37603.99000000,10277694.53999999,80477.37000000,0.00783029
WOSAT,2020,600,2,7,38957.26000000,10277694.53999999,119434.63000000,0.01162076
WOSAT,2020,600,2,8,17513.98000000,10277694.53999999,136948.61000000,0.01332484
WOSAT,2020,600,2,9,21034.26000000,10277694.53999999,157982.87000000,0.01537143
WOSAT,2020,600,2,10,44651.70000000,10277694.53999999,202634.57000000,0.01971596
WOSAT,2020,600,2,11,33141.24000000,10277694.53999999,235775.81000000,0.02294053
WOSAT,2020,600,2,12,18376.75000000,10277694.53999999,254152.56000000,0.02472856
WOSAT,2020,600,2,13,44627.47000000,10277694.53999999,298780.03000000,0.02907072
WOSAT,2020,600,2,14,26146.76000000,10277694.53999999,324926.79000000,0.03161475
WOSAT,2020,600,2,16,35908.45000000,10277694.53999999,360835.24000000,0.03510858
WOSAT,2020,600,2,17,38024.01000000,10277694.53999999,398859.25000000,0.03880824
WOSAT,2020,600,2,18,41839.60000000,10277694.53999999,440698.85000000,0.04287915
WOSAT,2020,600,2,19,11997.36000000,10277694.53999999,452696.21000000,0.04404647
WOSAT,2020,600,2,22,29174.56000000,10277694.53999999,481870.77000000,0.04688510
WOSAT,2020,600,2,23,23001.58000000,10277694.53999999,504872.35000000,0.04912311
WOSAT,2020,600,2,24,17588.98000000,10277694.53999999,522461.33000000,0.05083449
WOSAT,2020,600,2,25,9540.75000000,10277694.53999999,532002.08000000,0.05176278
WOSAT,2020,600,2,26,37099.80000000,10277694.53999999,569101.88000000,0.05537252
WOSAT,2020,600,2,27,41206.24000000,10277694.53999999,610308.12000000,0.05938181
WOSAT,2020,600,2,28,26417.92000000,10277694.53999999,636726.04000000,0.06195222
WOSAT,2020,600,2,29,15323.10000000,10277694.53999999,652049.14000000,0.06344313
WOSAT,2020,600,2,30,12749.00000000,10277694.53999999,664798.14000000,0.06468359
WOSAT,2020,600,2,31,8560.64000000,10277694.53999999,673358.78000000,0.06551652
WOSAT,2020,600,2,34,28868.32000000,10277694.53999999,702227.10000000,0.06832535
WOSAT,2020,600,2,36,23671.97000000,10277694.53999999,725899.07000000,0.07062859
WOSAT,2020,600,2,37,12901.51000000,10277694.53999999,738800.58000000,0.07188388
WOSAT,2020,600,2,38,13954.85000000,10277694.53999999,752755.43000000,0.07324166
WOSAT,2020,600,2,39,25713.64000000,10277694.53999999,778469.07000000,0.07574355
WOSAT,2020,600,2,40,9344.58000000,10277694.53999999,787813.65000000,0.07665276
WOSAT,2020,600,2,42,6821.97000000,10277694.53999999,794635.62000000,0.07731652
WOSAT,2020,600,2,43,9286.03000000,10277694.53999999,803921.65000000,0.07822004
WOSAT,2020,600,2,45,16059.29000000,10277694.53999999,819980.94000000,0.07978258
WOSAT,2020,600,2,46,12011.14000000,10277694.53999999,831992.08000000,0.08095124
WOSAT,2020,600,2,48,11873.84000000,10277694.53999999,843865.92000000,0.08210654
WOSAT,2020,600,2,49,22562.94000000,10277694.53999999,866428.86000000,0.08430187
WOSAT,2020,610,1,3,48837.92000000,59592683.03999986,48837.92000000,0.00081953
WOSAT,2020,610,1,4,55413.58000000,59592683.03999986,104251.50000000,0.00174940
WOSAT,2020,610,1,5,207083.17000000,59592683.03999986,311334.67000000,0.00522438
WOSAT,2020,610,1,6,296794.60000000,59592683.03999986,608129.27000000,0.01020476
WOSAT,2020,610,1,7,217045.19000000,59592683.03999986,825174.46000000,0.01384691
WOSAT,2020,610,1,8,261720.99000000,59592683.03999986,1086895.45000000,0.01823874
WOSAT,2020,610,1,9,82247.75000000,59592683.03999986,1169143.20000000,0.01961891
WOSAT,2020,610,1,10,143670.01000000,59592683.03999986,1312813.21000000,0.02202977
WOSAT,2020,610,1,11,114321.39000000,59592683.03999986,1427134.60000000,0.02394815
WOSAT,2020,610,1,12,163990.06000000,59592683.03999986,1591124.66000000,0.02670000
WOSAT,2020,610,1,13,105253.54000000,59592683.03999986,1696378.20000000,0.02846622
WOSAT,2020,610,1,14,99488.63000000,59592683.03999986,1795866.83000000,0.03013569
WOSAT,2020,610,1,15,103243.48000000,59592683.03999986,1899110.31000000,0.03186818
WOSAT,2020,610,1,16,17886.02000000,59592683.03999986,1916996.33000000,0.03216832
WOSAT,2020,610,1,17,89890.51000000,59592683.03999986,2006886.84000000,0.03367673
WOSAT,2020,610,1,18,65423.59000000,59592683.03999986,2072310.43000000,0.03477458
WOSAT,2020,610,1,19,203936.53000000,59592683.03999986,2276246.96000000,0.03819675
WOSAT,2020,610,1,20,109553.13000000,59592683.03999986,2385800.09000000,0.04003512
WOSAT,2020,610,1,21,78279.19000000,59592683.03999986,2464079.28000000,0.04134869
WOSAT,2020,610,1,22,60812.75000000,59592683.03999986,2524892.03000000,0.04236916
WOSAT,2020,610,1,23,64866.33000000,59592683.03999986,2589758.36000000,0.04345766
WOSAT,2020,610,1,24,243469.30000000,59592683.03999986,2833227.66000000,0.04754321
WOSAT,2020,610,1,25,26447.56000000,59592683.03999986,2859675.22000000,0.04798702
WOSAT,2020,610,1,26,113833.19000000,59592683.03999986,2973508.41000000,0.04989721
WOSAT,2020,610,1,27,75029.32000000,59592683.03999986,3048537.73000000,0.05115624
WOSAT,2020,610,1,28,118777.58000000,59592683.03999986,3167315.31000000,0.05314940
WOSAT,2020,610,1,29,112644.78000000,59592683.03999986,3279960.09000000,0.05503964
WOSAT,2020,610,1,30,96742.78000000,59592683.03999986,3376702.87000000,0.05666304
WOSAT,2020,610,1,31,100412.12000000,59592683.03999986,3477114.99000000,0.05834802
WOSAT,2020,610,1,32,18081.95000000,59592683.03999986,3495196.94000000,0.05865144
WOSAT,2020,610,1,33,53860.66000000,59592683.03999986,3549057.60000000,0.05955526
WOSAT,2020,610,1,34,45211.72000000,59592683.03999986,3594269.32000000,0.06031394
WOSAT,2020,610,1,35,36910.07000000,59592683.03999986,3631179.39000000,0.06093331
WOSAT,2020,610,1,36,51032.12000000,59592683.03999986,3682211.51000000,0.06178966
WOSAT,2020,610,1,37,34117.46000000,59592683.03999986,3716328.97000000,0.06236217
WOSAT,2020,610,1,38,42212.50000000,59592683.03999986,3758541.47000000,0.06307052
WOSAT,2020,610,1,39,40811.80000000,59592683.03999986,3799353.27000000,0.06375537
WOSAT,2020,610,1,40,68281.17000000,59592683.03999986,3867634.44000000,0.06490116
WOSAT,2020,610,1,41,110497.63000000,59592683.03999986,3978132.07000000,0.06675538
WOSAT,2020,610,1,42,42689.52000000,59592683.03999986,4020821.59000000,0.06747173
WOSAT,2020,610,1,43,11135.95000000,59592683.03999986,4031957.54000000,0.06765860
WOSAT,2020,610,1,44,64631.21000000,59592683.03999986,4096588.75000000,0.06874315
WOSAT,2020,610,1,45,35601.14000000,59592683.03999986,4132189.89000000,0.06934056
WOSAT,2020,610,1,46,29698.94000000,59592683.03999986,4161888.83000000,0.06983892
WOSAT,2020,610,1,47,64780.20000000,59592683.03999986,4226669.03000000,0.07092597
WOSAT,2020,610,1,48,27499.71000000,59592683.03999986,4254168.74000000,0.07138743
WOSAT,2020,610,1,49,61842.34000000,59592683.03999986,4316011.08000000,0.07242518
WOSAT,2020,610,2,4,13997.44000000,10612786.22000000,13997.44000000,0.00131892
WOSAT,2020,610,2,5,20694.81000000,10612786.22000000,34692.25000000,0.00326891
WOSAT,2020,610,2,6,42654.39000000,10612786.22000000,77346.64000000,0.00728806
WOSAT,2020,610,2,7,139223.86000000,10612786.22000000,216570.50000000,0.02040656
WOSAT,2020,610,2,8,5331.63000000,10612786.22000000,221902.13000000,0.02090894
WOSAT,2020,610,2,9,28723.87000000,10612786.22000000,250626.00000000,0.02361548
WOSAT,2020,610,2,13,54000.95000000,10612786.22000000,304626.95000000,0.02870377
WOSAT,2020,610,2,15,36745.95000000,10612786.22000000,341372.90000000,0.03216619
WOSAT,2020,610,2,17,40865.42000000,10612786.22000000,382238.32000000,0.03601677
WOSAT,2020,610,2,18,68072.44000000,10612786.22000000,450310.76000000,0.04243096
WOSAT,2020,610,2,19,44786.15000000,10612786.22000000,495096.91000000,0.04665098
WOSAT,2020,610,2,20,16.37000000,10612786.22000000,495113.28000000,0.04665253
WOSAT,2020,610,2,22,37119.72000000,10612786.22000000,532233.00000000,0.05015017
WOSAT,2020,610,2,23,16226.21000000,10612786.22000000,548459.21000000,0.05167910
WOSAT,2020,610,2,24,27702.29000000,10612786.22000000,576161.50000000,0.05428937
WOSAT,2020,610,2,25,43546.86000000,10612786.22000000,619708.36000000,0.05839262
WOSAT,2020,610,2,27,34271.43000000,10612786.22000000,653979.79000000,0.06162188
WOSAT,2020,610,2,28,64376.01000000,10612786.22000000,718355.80000000,0.06768777
WOSAT,2020,610,2,29,43360.42000000,10612786.22000000,761716.22000000,0.07177344
WOSAT,2020,610,2,30,19534.53000000,10612786.22000000,781250.75000000,0.07361410
WOSAT,2020,610,2,31,45329.37000000,10612786.22000000,826580.12000000,0.07788531
WOSAT,2020,610,2,32,31353.22000000,10612786.22000000,857933.34000000,0.08083960
WOSAT,2020,610,2,33,53996.17000000,10612786.22000000,911929.51000000,0.08592744
WOSAT,2020,610,2,35,2349.23000000,10612786.22000000,914278.74000000,0.08614879
WOSAT,2020,610,2,36,16942.67000000,10612786.22000000,931221.41000000,0.08774523
WOSAT,2020,610,2,37,9237.15000000,10612786.22000000,940458.56000000,0.08861561
WOSAT,2020,610,2,40,10763.77000000,10612786.22000000,951222.33000000,0.08962984
WOSAT,2020,610,2,42,7981.32000000,10612786.22000000,959203.65000000,0.09038189
WOSAT,2020,610,2,43,17964.17000000,10612786.22000000,977167.82000000,0.09207458
WOSAT,2020,610,2,44,25452.79000000,10612786.22000000,1002620.61000000,0.09447289
WOSAT,2020,610,2,45,8569.53000000,10612786.22000000,1011190.14000000,0.09528036
WOSAT,2020,610,2,46,17638.88000000,10612786.22000000,1028829.02000000,0.09694241
WOSAT,2020,610,2,47,25263.21000000,10612786.22000000,1054092.23000000,0.09932286
WOSAT,2020,610,2,49,11293.21000000,10612786.22000000,1065385.44000000,0.10038697
WOSAT,2020,620,1,2,39279.43000000,88912744.27000017,39279.43000000,0.00044178
WOSAT,2020,620,1,4,250190.68000000,88912744.27000017,289470.11000000,0.00325567
WOSAT,2020,620,1,5,366032.90000000,88912744.27000017,655503.01000000,0.00737243
WOSAT,2020,620,1,6,270939.43000000,88912744.27000017,926442.44000000,0.01041968
WOSAT,2020,620,1,7,502855.31000000,88912744.27000017,1429297.75000000,0.01607529
WOSAT,2020,620,1,8,455126.92000000,88912744.27000017,1884424.67000000,0.02119409
WOSAT,2020,620,1,9,318529.52000000,88912744.27000017,2202954.19000000,0.02477659
WOSAT,2020,620,1,10,221146.02000000,88912744.27000017,2424100.21000000,0.02726381
WOSAT,2020,620,1,11,137147.74000000,88912744.27000017,2561247.95000000,0.02880631
WOSAT,2020,620,1,12,164698.57000000,88912744.27000017,2725946.52000000,0.03065867
WOSAT,2020,620,1,13,253662.17000000,88912744.27000017,2979608.69000000,0.03351160
WOSAT,2020,620,1,14,252231.29000000,88912744.27000017,3231839.98000000,0.03634844
WOSAT,2020,620,1,15,218631.96000000,88912744.27000017,3450471.94000000,0.03880739
WOSAT,2020,620,1,16,242461.54000000,88912744.27000017,3692933.48000000,0.04153435
WOSAT,2020,620,1,17,191906.35000000,88912744.27000017,3884839.83000000,0.04369272
WOSAT,2020,620,1,18,202581.79000000,88912744.27000017,4087421.62000000,0.04597116
WOSAT,2020,620,1,19,120477.58000000,88912744.27000017,4207899.20000000,0.04732616
WOSAT,2020,620,1,20,138164.33000000,88912744.27000017,4346063.53000000,0.04888010
WOSAT,2020,620,1,21,210620.96000000,88912744.27000017,4556684.49000000,0.05124895
WOSAT,2020,620,1,22,70263.67000000,88912744.27000017,4626948.16000000,0.05203920
WOSAT,2020,620,1,23,198653.34000000,88912744.27000017,4825601.50000000,0.05427345
WOSAT,2020,620,1,24,98458.93000000,88912744.27000017,4924060.43000000,0.05538082
WOSAT,2020,620,1,25,48742.50000000,88912744.27000017,4972802.93000000,0.05592902
WOSAT,2020,620,1,26,190077.83000000,88912744.27000017,5162880.76000000,0.05806682
WOSAT,2020,620,1,27,117817.32000000,88912744.27000017,5280698.08000000,0.05939191
WOSAT,2020,620,1,28,112385.64000000,88912744.27000017,5393083.72000000,0.06065591
WOSAT,2020,620,1,29,38556.58000000,88912744.27000017,5431640.30000000,0.06108956
WOSAT,2020,620,1,30,215270.98000000,88912744.27000017,5646911.28000000,0.06351071
WOSAT,2020,620,1,31,126996.32000000,88912744.27000017,5773907.60000000,0.06493903
WOSAT,2020,620,1,32,72114.51000000,88912744.27000017,5846022.11000000,0.06575010
WOSAT,2020,620,1,34,44022.85000000,88912744.27000017,5890044.96000000,0.06624523
WOSAT,2020,620,1,35,77095.77000000,88912744.27000017,5967140.73000000,0.06711232
WOSAT,2020,620,1,36,86244.50000000,88912744.27000017,6053385.23000000,0.06808231
WOSAT,2020,620,1,37,138714.12000000,88912744.27000017,6192099.35000000,0.06964243
WOSAT,2020,620,1,38,84060.03000000,88912744.27000017,6276159.38000000,0.07058785
WOSAT,2020,620,1,39,72410.39000000,88912744.27000017,6348569.77000000,0.07140225
WOSAT,2020,620,1,40,92464.80000000,88912744.27000017,6441034.57000000,0.07244220
WOSAT,2020,620,1,41,94910.64000000,88912744.27000017,6535945.21000000,0.07350966
WOSAT,2020,620,1,42,32253.90000000,88912744.27000017,6568199.11000000,0.07387241
WOSAT,2020,620,1,43,113670.71000000,88912744.27000017,6681869.82000000,0.07515087
WOSAT,2020,620,1,44,32918.66000000,88912744.27000017,6714788.48000000,0.07552110
WOSAT,2020,620,1,45,21614.39000000,88912744.27000017,6736402.87000000,0.07576420
WOSAT,2020,620,1,46,60071.29000000,88912744.27000017,6796474.16000000,0.07643982
WOSAT,2020,620,1,47,13572.34000000,88912744.27000017,6810046.50000000,0.07659247
WOSAT,2020,620,1,48,31498.74000000,88912744.27000017,6841545.24000000,0.07694673
WOSAT,2020,620,1,49,20183.62000000,88912744.27000017,6861728.86000000,0.07717374
WOSAT,2020,620,2,3,20312.77000000,16925671.86000001,20312.77000000,0.00120012
WOSAT,2020,620,2,4,105806.26000000,16925671.86000001,126119.03000000,0.00745135
WOSAT,2020,620,2,5,20816.43000000,16925671.86000001,146935.46000000,0.00868122
WOSAT,2020,620,2,6,91586.81000000,16925671.86000001,238522.27000000,0.01409234
WOSAT,2020,620,2,7,101811.86000000,16925671.86000001,340334.13000000,0.02010757
WOSAT,2020,620,2,8,21523.96000000,16925671.86000001,361858.09000000,0.02137925
WOSAT,2020,620,2,9,74548.54000000,16925671.86000001,436406.63000000,0.02578371
WOSAT,2020,620,2,10,129620.95000000,16925671.86000001,566027.58000000,0.03344196
WOSAT,2020,620,2,11,37659.56000000,16925671.86000001,603687.14000000,0.03566695
WOSAT,2020,620,2,12,14265.13000000,16925671.86000001,617952.27000000,0.03650976
WOSAT,2020,620,2,13,62523.01000000,16925671.86000001,680475.28000000,0.04020374
WOSAT,2020,620,2,15,71515.80000000,16925671.86000001,751991.08000000,0.04442902
WOSAT,2020,620,2,16,43819.75000000,16925671.86000001,795810.83000000,0.04701798
WOSAT,2020,620,2,19,1356.69000000,16925671.86000001,797167.52000000,0.04709813
WOSAT,2020,620,2,20,63844.44000000,16925671.86000001,861011.96000000,0.05087018
WOSAT,2020,620,2,21,38453.12000000,16925671.86000001,899465.08000000,0.05314206
WOSAT,2020,620,2,22,47851.47000000,16925671.86000001,947316.55000000,0.05596921
WOSAT,2020,620,2,23,57363.56000000,16925671.86000001,1004680.11000000,0.05935836
WOSAT,2020,620,2,24,33888.25000000,16925671.86000001,1038568.36000000,0.06136054
WOSAT,2020,620,2,25,23849.63000000,16925671.86000001,1062417.99000000,0.06276962
WOSAT,2020,620,2,26,80330.14000000,16925671.86000001,1142748.13000000,0.06751567
WOSAT,2020,620,2,27,24237.34000000,16925671.86000001,1166985.47000000,0.06894766
WOSAT,2020,620,2,28,12536.86000000,16925671.86000001,1179522.33000000,0.06968836
WOSAT,2020,620,2,29,5167.95000000,16925671.86000001,1184690.28000000,0.06999369
WOSAT,2020,620,2,30,19177.52000000,16925671.86000001,1203867.80000000,0.07112674
WOSAT,2020,620,2,33,24289.18000000,16925671.86000001,1228156.98000000,0.07256179
WOSAT,2020,620,2,34,17510.99000000,16925671.86000001,1245667.97000000,0.07359637
WOSAT,2020,620,2,35,38156.68000000,16925671.86000001,1283824.65000000,0.07585073
WOSAT,2020,620,2,37,15712.24000000,16925671.86000001,1299536.89000000,0.07677904
WOSAT,2020,620,2,38,14671.48000000,16925671.86000001,1314208.37000000,0.07764586
WOSAT,2020,620,2,39,8054.35000000,16925671.86000001,1322262.72000000,0.07812173
WOSAT,2020,620,2,40,8592.90000000,16925671.86000001,1330855.62000000,0.07862941
WOSAT,2020,620,2,42,21262.73000000,16925671.86000001,1352118.35000000,0.07988565
WOSAT,2020,620,2,44,24749.44000000,16925671.86000001,1376867.79000000,0.08134790
WOSAT,2020,620,2,45,-129.13000000,16925671.86000001,1376738.66000000,0.08134027
WOSAT,2020,620,2,46,8732.45000000,16925671.86000001,1385471.11000000,0.08185620
WOSAT,2020,620,2,48,19086.45000000,16925671.86000001,1404557.56000000,0.08298386
WOSAT,2020,620,2,49,19130.79000000,16925671.86000001,1423688.35000000,0.08411414
WOSAT,2020,630,1,3,128930.10000000,85245364.66000003,128930.10000000,0.00151246
WOSAT,2020,630,1,4,60124.55000000,85245364.66000003,189054.65000000,0.00221777
WOSAT,2020,630,1,5,248172.44000000,85245364.66000003,437227.09000000,0.00512904
WOSAT,2020,630,1,6,451989.28000000,85245364.66000003,889216.37000000,0.01043126
WOSAT,2020,630,1,7,325333.76000000,85245364.66000003,1214550.13000000,0.01424770
WOSAT,2020,630,1,8,265113.86000000,85245364.66000003,1479663.99000000,0.01735771
WOSAT,2020,630,1,9,284583.80000000,85245364.66000003,1764247.79000000,0.02069611
WOSAT,2020,630,1,10,164721.89000000,85245364.66000003,1928969.68000000,0.02262844
WOSAT,2020,630,1,11,236968.64000000,85245364.66000003,2165938.32000000,0.02540828
WOSAT,2020,630,1,12,170675.84000000,85245364.66000003,2336614.16000000,0.02741045
WOSAT,2020,630,1,13,282915.92000000,85245364.66000003,2619530.08000000,0.03072930
WOSAT,2020,630,1,14,163578.80000000,85245364.66000003,2783108.88000000,0.03264821
WOSAT,2020,630,1,15,134952.98000000,85245364.66000003,2918061.86000000,0.03423133
WOSAT,2020,630,1,16,177771.34000000,85245364.66000003,3095833.20000000,0.03631673
WOSAT,2020,630,1,17,199374.96000000,85245364.66000003,3295208.16000000,0.03865557
WOSAT,2020,630,1,18,103907.13000000,85245364.66000003,3399115.29000000,0.03987449
WOSAT,2020,630,1,19,48246.43000000,85245364.66000003,3447361.72000000,0.04044046
WOSAT,2020,630,1,20,139326.79000000,85245364.66000003,3586688.51000000,0.04207488
WOSAT,2020,630,1,21,173829.59000000,85245364.66000003,3760518.10000000,0.04411405
WOSAT,2020,630,1,22,97989.26000000,85245364.66000003,3858507.36000000,0.04526354
WOSAT,2020,630,1,23,66136.98000000,85245364.66000003,3924644.34000000,0.04603939
WOSAT,2020,630,1,24,79943.09000000,85245364.66000003,4004587.43000000,0.04697719
WOSAT,2020,630,1,25,63391.91000000,85245364.66000003,4067979.34000000,0.04772083
WOSAT,2020,630,1,26,93038.24000000,85245364.66000003,4161017.58000000,0.04881224
WOSAT,2020,630,1,27,131361.60000000,85245364.66000003,4292379.18000000,0.05035323
WOSAT,2020,630,1,28,19285.71000000,85245364.66000003,4311664.89000000,0.05057946
WOSAT,2020,630,1,29,141164.47000000,85245364.66000003,4452829.36000000,0.05223544
WOSAT,2020,630,1,30,803.62000000,85245364.66000003,4453632.98000000,0.05224487
WOSAT,2020,630,1,31,113819.08000000,85245364.66000003,4567452.06000000,0.05358006
WOSAT,2020,630,1,32,56094.07000000,85245364.66000003,4623546.13000000,0.05423809
WOSAT,2020,630,1,33,147853.90000000,85245364.66000003,4771400.03000000,0.05597255
WOSAT,2020,630,1,34,14178.90000000,85245364.66000003,4785578.93000000,0.05613888
WOSAT,2020,630,1,35,73897.09000000,85245364.66000003,4859476.02000000,0.05700575
WOSAT,2020,630,1,36,51108.35000000,85245364.66000003,4910584.37000000,0.05760529
WOSAT,2020,630,1,37,84303.56000000,85245364.66000003,4994887.93000000,0.05859425
WOSAT,2020,630,1,38,39079.62000000,85245364.66000003,5033967.55000000,0.05905268
WOSAT,2020,630,1,39,112652.43000000,85245364.66000003,5146619.98000000,0.06037419
WOSAT,2020,630,1,40,104266.29000000,85245364.66000003,5250886.27000000,0.06159732
WOSAT,2020,630,1,41,103489.97000000,85245364.66000003,5354376.24000000,0.06281135
WOSAT,2020,630,1,42,50590.42000000,85245364.66000003,5404966.66000000,0.06340482
WOSAT,2020,630,1,43,90017.52000000,85245364.66000003,5494984.18000000,0.06446080
WOSAT,2020,630,1,44,50422.42000000,85245364.66000003,5545406.60000000,0.06505229
WOSAT,2020,630,1,45,60519.72000000,85245364.66000003,5605926.32000000,0.06576224
WOSAT,2020,630,1,46,11308.49000000,85245364.66000003,5617234.81000000,0.06589490
WOSAT,2020,630,1,47,12492.21000000,85245364.66000003,5629727.02000000,0.06604144
WOSAT,2020,630,1,48,31653.95000000,85245364.66000003,5661380.97000000,0.06641277
WOSAT,2020,630,1,49,53696.29000000,85245364.66000003,5715077.26000000,0.06704267
WOSAT,2020,630,2,2,18394.69000000,13282588.91000000,18394.69000000,0.00138487
WOSAT,2020,630,2,4,40946.13000000,13282588.91000000,59340.82000000,0.00446756
WOSAT,2020,630,2,5,41823.09000000,13282588.91000000,101163.91000000,0.00761628
WOSAT,2020,630,2,6,55512.65000000,13282588.91000000,156676.56000000,0.01179563
WOSAT,2020,630,2,7,19233.20000000,13282588.91000000,175909.76000000,0.01324364
WOSAT,2020,630,2,8,74493.89000000,13282588.91000000,250403.65000000,0.01885202
WOSAT,2020,630,2,9,85667.81000000,13282588.91000000,336071.46000000,0.02530165
WOSAT,2020,630,2,10,25438.23000000,13282588.91000000,361509.69000000,0.02721681
WOSAT,2020,630,2,11,6771.05000000,13282588.91000000,368280.74000000,0.02772658
WOSAT,2020,630,2,12,38545.98000000,13282588.91000000,406826.72000000,0.03062857
WOSAT,2020,630,2,13,22096.01000000,13282588.91000000,428922.73000000,0.03229210
WOSAT,2020,630,2,14,18529.37000000,13282588.91000000,447452.10000000,0.03368711
WOSAT,2020,630,2,16,28.73000000,13282588.91000000,447480.83000000,0.03368928
WOSAT,2020,630,2,17,13663.74000000,13282588.91000000,461144.57000000,0.03471797
WOSAT,2020,630,2,18,12793.64000000,13282588.91000000,473938.21000000,0.03568116
WOSAT,2020,630,2,19,62852.29000000,13282588.91000000,536790.50000000,0.04041309
WOSAT,2020,630,2,21,17551.82000000,13282588.91000000,554342.32000000,0.04173451
WOSAT,2020,630,2,24,31788.36000000,13282588.91000000,586130.68000000,0.04412774
WOSAT,2020,630,2,26,35784.80000000,13282588.91000000,621915.48000000,0.04682186
WOSAT,2020,630,2,28,39490.67000000,13282588.91000000,661406.15000000,0.04979497
WOSAT,2020,630,2,29,60448.85000000,13282588.91000000,721855.00000000,0.05434596
WOSAT,2020,630,2,31,30256.99000000,13282588.91000000,752111.99000000,0.05662390
WOSAT,2020,630,2,32,21296.56000000,13282588.91000000,773408.55000000,0.05822724
WOSAT,2020,630,2,33,14128.37000000,13282588.91000000,787536.92000000,0.05929092
WOSAT,2020,630,2,34,1823.40000000,13282588.91000000,789360.32000000,0.05942820
WOSAT,2020,630,2,36,21939.78000000,13282588.91000000,811300.10000000,0.06107997
WOSAT,2020,630,2,37,16726.41000000,13282588.91000000,828026.51000000,0.06233924
WOSAT,2020,630,2,38,26507.66000000,13282588.91000000,854534.17000000,0.06433491
WOSAT,2020,630,2,41,28445.78000000,13282588.91000000,882979.95000000,0.06647649
WOSAT,2020,630,2,44,12266.14000000,13282588.91000000,895246.09000000,0.06739997
WOSAT,2020,630,2,46,12134.64000000,13282588.91000000,907380.73000000,0.06831354
WOSAT,2020,630,2,47,27380.42000000,13282588.91000000,934761.15000000,0.07037492
WOSAT,2020,630,2,48,16981.34000000,13282588.91000000,951742.49000000,0.07165339
WOSAT,2020,630,2,49,8177.10000000,13282588.91000000,959919.59000000,0.07226901
WOSAT,2020,640,1,3,34728.47000000,103898422.01999983,34728.47000000,0.00033425
WOSAT,2020,640,1,4,221203.42000000,103898422.01999983,255931.89000000,0.00246329
WOSAT,2020,640,1,5,228828.30000000,103898422.01999983,484760.19000000,0.00466571
WOSAT,2020,640,1,6,485046.42000000,103898422.01999983,969806.61000000,0.00933418
WOSAT,2020,640,1,7,362665.92000000,103898422.01999983,1332472.53000000,0.01282476
WOSAT,2020,640,1,8,378302.75000000,103898422.01999983,1710775.28000000,0.01646584
WOSAT,2020,640,1,9,262490.30000000,103898422.01999983,1973265.58000000,0.01899226
WOSAT,2020,640,1,10,125768.72000000,103898422.01999983,2099034.30000000,0.02020275
WOSAT,2020,640,1,11,218202.24000000,103898422.01999983,2317236.54000000,0.02230290
WOSAT,2020,640,1,12,171028.01000000,103898422.01999983,2488264.55000000,0.02394901
WOSAT,2020,640,1,13,105354.51000000,103898422.01999983,2593619.06000000,0.02496303
WOSAT,2020,640,1,14,109266.72000000,103898422.01999983,2702885.78000000,0.02601470
WOSAT,2020,640,1,15,218051.53000000,103898422.01999983,2920937.31000000,0.02811339
WOSAT,2020,640,1,16,194201.79000000,103898422.01999983,3115139.10000000,0.02998254
WOSAT,2020,640,1,17,135810.05000000,103898422.01999983,3250949.15000000,0.03128969
WOSAT,2020,640,1,18,220281.09000000,103898422.01999983,3471230.24000000,0.03340985
WOSAT,2020,640,1,19,95182.20000000,103898422.01999983,3566412.44000000,0.03432595
WOSAT,2020,640,1,20,64903.53000000,103898422.01999983,3631315.97000000,0.03495064
WOSAT,2020,640,1,21,73342.50000000,103898422.01999983,3704658.47000000,0.03565654
WOSAT,2020,640,1,22,208160.68000000,103898422.01999983,3912819.15000000,0.03766004
WOSAT,2020,640,1,23,168963.12000000,103898422.01999983,4081782.27000000,0.03928628
WOSAT,2020,640,1,24,201518.42000000,103898422.01999983,4283300.69000000,0.04122585
WOSAT,2020,640,1,25,197892.76000000,103898422.01999983,4481193.45000000,0.04313052
WOSAT,2020,640,1,26,115727.74000000,103898422.01999983,4596921.19000000,0.04424438
WOSAT,2020,640,1,27,69130.39000000,103898422.01999983,4666051.58000000,0.04490974
WOSAT,2020,640,1,28,125912.59000000,103898422.01999983,4791964.17000000,0.04612163
WOSAT,2020,640,1,29,93008.32000000,103898422.01999983,4884972.49000000,0.04701681
WOSAT,2020,640,1,30,59396.70000000,103898422.01999983,4944369.19000000,0.04758849
WOSAT,2020,640,1,31,63114.38000000,103898422.01999983,5007483.57000000,0.04819595
WOSAT,2020,640,1,32,138071.54000000,103898422.01999983,5145555.11000000,0.04952486
WOSAT,2020,640,1,33,51642.73000000,103898422.01999983,5197197.84000000,0.05002191
WOSAT,2020,640,1,34,134146.86000000,103898422.01999983,5331344.70000000,0.05131305
WOSAT,2020,640,1,35,77271.07000000,103898422.01999983,5408615.77000000,0.05205677
WOSAT,2020,640,1,36,23206.29000000,103898422.01999983,5431822.06000000,0.05228012
WOSAT,2020,640,1,37,68746.54000000,103898422.01999983,5500568.60000000,0.05294179
WOSAT,2020,640,1,38,69351.50000000,103898422.01999983,5569920.10000000,0.05360928
WOSAT,2020,640,1,39,89148.06000000,103898422.01999983,5659068.16000000,0.05446732
WOSAT,2020,640,1,40,67712.98000000,103898422.01999983,5726781.14000000,0.05511904
WOSAT,2020,640,1,41,68427.12000000,103898422.01999983,5795208.26000000,0.05577763
WOSAT,2020,640,1,42,49491.09000000,103898422.01999983,5844699.35000000,0.05625398
WOSAT,2020,640,1,43,45838.79000000,103898422.01999983,5890538.14000000,0.05669516
WOSAT,2020,640,1,44,57390.92000000,103898422.01999983,5947929.06000000,0.05724754
WOSAT,2020,640,1,45,19112.71000000,103898422.01999983,5967041.77000000,0.05743150
WOSAT,2020,640,1,46,111914.29000000,103898422.01999983,6078956.06000000,0.05850865
WOSAT,2020,640,1,47,18921.92000000,103898422.01999983,6097877.98000000,0.05869077
WOSAT,2020,640,1,48,39622.90000000,103898422.01999983,6137500.88000000,0.05907213
WOSAT,2020,640,1,49,28575.37000000,103898422.01999983,6166076.25000000,0.05934716
WOSAT,2020,640,2,2,16303.69000000,15917790.09000001,16303.69000000,0.00102424
WOSAT,2020,640,2,4,8800.49000000,15917790.09000001,25104.18000000,0.00157711
WOSAT,2020,640,2,5,21700.47000000,15917790.09000001,46804.65000000,0.00294040
WOSAT,2020,640,2,6,79241.94000000,15917790.09000001,126046.59000000,0.00791860
WOSAT,2020,640,2,7,60437.01000000,15917790.09000001,186483.60000000,0.01171542
WOSAT,2020,640,2,8,39315.05000000,15917790.09000001,225798.65000000,0.01418530
WOSAT,2020,640,2,9,55986.91000000,15917790.09000001,281785.56000000,0.01770256
WOSAT,2020,640,2,13,38337.89000000,15917790.09000001,320123.45000000,0.02011105
WOSAT,2020,640,2,14,18998.73000000,15917790.09000001,339122.18000000,0.02130460
WOSAT,2020,640,2,16,39095.35000000,15917790.09000001,378217.53000000,0.02376068
WOSAT,2020,640,2,17,11016.55000000,15917790.09000001,389234.08000000,0.02445277
WOSAT,2020,640,2,18,40142.56000000,15917790.09000001,429376.64000000,0.02697464
WOSAT,2020,640,2,19,42670.38000000,15917790.09000001,472047.02000000,0.02965531
WOSAT,2020,640,2,20,32059.79000000,15917790.09000001,504106.81000000,0.03166940
WOSAT,2020,640,2,22,16881.46000000,15917790.09000001,520988.27000000,0.03272994
WOSAT,2020,640,2,24,11770.19000000,15917790.09000001,532758.46000000,0.03346937
WOSAT,2020,640,2,25,19028.08000000,15917790.09000001,551786.54000000,0.03466477
WOSAT,2020,640,2,26,19322.50000000,15917790.09000001,571109.04000000,0.03587866
WOSAT,2020,640,2,27,15310.20000000,15917790.09000001,586419.24000000,0.03684049
WOSAT,2020,640,2,30,29529.55000000,15917790.09000001,615948.79000000,0.03869562
WOSAT,2020,640,2,32,16505.61000000,15917790.09000001,632454.40000000,0.03973255
WOSAT,2020,640,2,33,44448.06000000,15917790.09000001,676902.46000000,0.04252490
WOSAT,2020,640,2,35,15246.07000000,15917790.09000001,692148.53000000,0.04348270
WOSAT,2020,640,2,37,19490.88000000,15917790.09000001,711639.41000000,0.04470717
WOSAT,2020,640,2,38,7369.41000000,15917790.09000001,719008.82000000,0.04517014
WOSAT,2020,640,2,39,14908.07000000,15917790.09000001,733916.89000000,0.04610671
WOSAT,2020,640,2,41,7924.41000000,15917790.09000001,741841.30000000,0.04660454
WOSAT,2020,640,2,42,5471.47000000,15917790.09000001,747312.77000000,0.04694827
WOSAT,2020,640,2,46,11662.46000000,15917790.09000001,758975.23000000,0.04768094
WOSAT,2020,640,2,47,10174.70000000,15917790.09000001,769149.93000000,0.04832015
WOSAT,2020,640,2,48,16124.45000000,15917790.09000001,785274.38000000,0.04933313
WOSAT,2020,650,1,6,16333.96000000,6787425.38000000,16333.96000000,0.00240650
WOSAT,2020,650,1,16,86619.43000000,6787425.38000000,102953.39000000,0.01516825
WOSAT,2020,650,1,18,5065.75000000,6787425.38000000,108019.14000000,0.01591460
WOSAT,2020,650,1,20,1443.10000000,6787425.38000000,109462.24000000,0.01612721
WOSAT,2020,650,1,24,26541.92000000,6787425.38000000,136004.16000000,0.02003767
WOSAT,2020,650,1,28,18293.88000000,6787425.38000000,154298.04000000,0.02273293
WOSAT,2020,650,1,41,11059.54000000,6787425.38000000,165357.58000000,0.02436234
WOSAT,2020,650,1,47,14109.95000000,6787425.38000000,179467.53000000,0.02644118
WOSAT,2020,650,2,4,58035.95000000,4876661.66000000,58035.95000000,0.01190075
WOSAT,2020,650,2,6,29618.46000000,4876661.66000000,87654.41000000,0.01797427
WOSAT,2020,650,2,10,19512.83000000,4876661.66000000,107167.24000000,0.02197553
WOSAT,2020,650,2,11,7154.37000000,4876661.66000000,114321.61000000,0.02344260
WOSAT,2020,650,2,12,19028.78000000,4876661.66000000,133350.39000000,0.02734461
WOSAT,2020,650,2,15,9702.34000000,4876661.66000000,143052.73000000,0.02933415
WOSAT,2020,650,2,17,38577.16000000,4876661.66000000,181629.89000000,0.03724472
WOSAT,2020,650,2,19,24465.67000000,4876661.66000000,206095.56000000,0.04226161
WOSAT,2020,650,2,20,40805.26000000,4876661.66000000,246900.82000000,0.05062906
WOSAT,2020,650,2,22,20135.04000000,4876661.66000000,267035.86000000,0.05475792
WOSAT,2020,650,2,23,7525.45000000,4876661.66000000,274561.31000000,0.05630108
WOSAT,2020,650,2,27,21101.47000000,4876661.66000000,295662.78000000,0.06062811
WOSAT,2020,650,2,39,10883.59000000,4876661.66000000,306546.37000000,0.06285988
WOSAT,2020,650,2,40,1544.03000000,4876661.66000000,308090.40000000,0.06317650
WOSAT,2020,650,2,41,11765.12000000,4876661.66000000,319855.52000000,0.06558903
WOSAT,2020,650,2,42,10773.67000000,4876661.66000000,330629.19000000,0.06779826
WOSAT,2020,650,2,43,16499.90000000,4876661.66000000,347129.09000000,0.07118170
WOSAT,2020,650,2,44,17852.01000000,4876661.66000000,364981.10000000,0.07484241
WOSAT,2020,650,2,45,2828.77000000,4876661.66000000,367809.87000000,0.07542247
WOSAT,2020,650,2,47,8584.67000000,4876661.66000000,376394.54000000,0.07718283
WOSAT,2020,650,2,48,8663.58000000,4876661.66000000,385058.12000000,0.07895937
WOSAT,2020,660,1,5,66593.48000000,8972126.52000000,66593.48000000,0.00742226
WOSAT,2020,660,1,6,29676.01000000,8972126.52000000,96269.49000000,0.01072984
WOSAT,2020,660,1,7,27915.04000000,8972126.52000000,124184.53000000,0.01384115
WOSAT,2020,660,1,8,49672.76000000,8972126.52000000,173857.29000000,0.01937749
WOSAT,2020,660,1,12,87611.62000000,8972126.52000000,261468.91000000,0.02914236
WOSAT,2020,660,1,17,33667.23000000,8972126.52000000,295136.14000000,0.03289478
WOSAT,2020,660,1,19,25731.32000000,8972126.52000000,320867.46000000,0.03576270
WOSAT,2020,660,1,20,34693.78000000,8972126.52000000,355561.24000000,0.03962954
WOSAT,2020,660,1,22,40115.44000000,8972126.52000000,395676.68000000,0.04410066
WOSAT,2020,660,1,43,39782.84000000,8972126.52000000,435459.52000000,0.04853471
WOSAT,2020,660,2,7,57933.37000000,4492496.86000000,57933.37000000,0.01289558
WOSAT,2020,660,2,9,13870.69000000,4492496.86000000,71804.06000000,0.01598311
WOSAT,2020,660,2,10,12322.61000000,4492496.86000000,84126.67000000,0.01872604
WOSAT,2020,660,2,11,21267.80000000,4492496.86000000,105394.47000000,0.02346011
WOSAT,2020,660,2,13,14283.64000000,4492496.86000000,119678.11000000,0.02663955
WOSAT,2020,660,2,14,22076.01000000,4492496.86000000,141754.12000000,0.03155353
WOSAT,2020,660,2,16,20776.59000000,4492496.86000000,162530.71000000,0.03617826
WOSAT,2020,660,2,24,13697.81000000,4492496.86000000,176228.52000000,0.03922730
WOSAT,2020,660,2,25,15324.56000000,4492496.86000000,191553.08000000,0.04263844
WOSAT,2020,660,2,26,13669.28000000,4492496.86000000,205222.36000000,0.04568114
WOSAT,2020,660,2,27,15467.99000000,4492496.86000000,220690.35000000,0.04912421
WOSAT,2020,660,2,28,7230.36000000,4492496.86000000,227920.71000000,0.05073364
WOSAT,2020,660,2,29,15954.82000000,4492496.86000000,243875.53000000,0.05428508
WOSAT,2020,660,2,31,10709.94000000,4492496.86000000,254585.47000000,0.05666904
WOSAT,2020,660,2,35,21951.89000000,4492496.86000000,276537.36000000,0.06155538
WOSAT,2020,660,2,41,442.72000000,4492496.86000000,276980.08000000,0.06165393
WOSAT,2020,660,2,43,9949.93000000,4492496.86000000,286930.01000000,0.06386872
WOSAT,2020,660,2,45,5375.64000000,4492496.86000000,292305.65000000,0.06506530
WOSAT,2020,670,1,4,42558.27000000,9819227.89999999,42558.27000000,0.00433418
WOSAT,2020,670,1,5,27415.18000000,9819227.89999999,69973.45000000,0.00712617
WOSAT,2020,670,1,6,30093.24000000,9819227.89999999,100066.69000000,0.01019089
WOSAT,2020,670,1,8,25330.21000000,9819227.89999999,125396.90000000,0.01277055
WOSAT,2020,670,1,9,34249.11000000,9819227.89999999,159646.01000000,0.01625851
WOSAT,2020,670,1,11,46777.74000000,9819227.89999999,206423.75000000,0.02102240
WOSAT,2020,670,1,12,31163.33000000,9819227.89999999,237587.08000000,0.02419611
WOSAT,2020,670,1,14,2987.70000000,9819227.89999999,240574.78000000,0.02450038
WOSAT,2020,670,1,22,19295.41000000,9819227.89999999,259870.19000000,0.02646544
WOSAT,2020,670,1,36,23783.56000000,9819227.89999999,283653.75000000,0.02888758
WOSAT,2020,670,1,37,1892.60000000,9819227.89999999,285546.35000000,0.02908033
WOSAT,2020,670,1,43,13139.82000000,9819227.89999999,298686.17000000,0.03041850
WOSAT,2020,670,1,44,20051.85000000,9819227.89999999,318738.02000000,0.03246060
WOSAT,2020,670,1,46,20127.78000000,9819227.89999999,338865.80000000,0.03451043
WOSAT,2020,670,1,48,15319.56000000,9819227.89999999,354185.36000000,0.03607059
WOSAT,2020,670,2,6,14708.32000000,4508373.77000000,14708.32000000,0.00326244
WOSAT,2020,670,2,8,51202.85000000,4508373.77000000,65911.17000000,0.01461972
WOSAT,2020,670,2,11,13006.81000000,4508373.77000000,78917.98000000,0.01750476
WOSAT,2020,670,2,13,63886.46000000,4508373.77000000,142804.44000000,0.03167538
WOSAT,2020,670,2,15,2778.52000000,4508373.77000000,145582.96000000,0.03229168
WOSAT,2020,670,2,17,14696.28000000,4508373.77000000,160279.24000000,0.03555145
WOSAT,2020,670,2,18,1711.98000000,4508373.77000000,161991.22000000,0.03593119
WOSAT,2020,670,2,19,15166.12000000,4508373.77000000,177157.34000000,0.03929518
WOSAT,2020,670,2,22,15721.69000000,4508373.77000000,192879.03000000,0.04278240
WOSAT,2020,670,2,26,8097.33000000,4508373.77000000,200976.36000000,0.04457846
WOSAT,2020,670,2,29,14431.40000000,4508373.77000000,215407.76000000,0.04777948
WOSAT,2020,670,2,34,19619.35000000,4508373.77000000,235027.11000000,0.05213124
WOSAT,2020,670,2,40,12646.05000000,4508373.77000000,247673.16000000,0.05493625
WOSAT,2020,670,2,44,10247.06000000,4508373.77000000,257920.22000000,0.05720915
WOSAT,2020,670,2,46,9612.43000000,4508373.77000000,267532.65000000,0.05934128
WOSAT,2020,680,1,11,-32.05000000,8972820.30000000,-32.05000000,-0.00000357
WOSAT,2020,680,1,12,36419.53000000,8972820.30000000,36387.48000000,0.00405530
WOSAT,2020,680,1,16,27939.66000000,8972820.30000000,64327.14000000,0.00716911
WOSAT,2020,680,1,23,33965.38000000,8972820.30000000,98292.52000000,0.01095447
WOSAT,2020,680,1,25,601.15000000,8972820.30000000,98893.67000000,0.01102147
WOSAT,2020,680,1,28,148.54000000,8972820.30000000,99042.21000000,0.01103802
WOSAT,2020,680,1,31,24098.47000000,8972820.30000000,123140.68000000,0.01372374
WOSAT,2020,680,1,36,16185.86000000,8972820.30000000,139326.54000000,0.01552762
WOSAT,2020,680,1,37,19456.17000000,8972820.30000000,158782.71000000,0.01769596
WOSAT,2020,680,1,44,30547.40000000,8972820.30000000,189330.11000000,0.02110040
WOSAT,2020,680,1,49,17345.17000000,8972820.30000000,206675.28000000,0.02303348
WOSAT,2020,680,2,7,32243.53000000,4788308.03000000,32243.53000000,0.00673380
WOSAT,2020,680,2,9,3944.84000000,4788308.03000000,36188.37000000,0.00755765
WOSAT,2020,680,2,12,8967.37000000,4788308.03000000,45155.74000000,0.00943042
WOSAT,2020,680,2,18,30015.41000000,4788308.03000000,75171.15000000,0.01569890
WOSAT,2020,680,2,24,7332.43000000,4788308.03000000,82503.58000000,0.01723022
WOSAT,2020,680,2,27,11568.24000000,4788308.03000000,94071.82000000,0.01964615
WOSAT,2020,680,2,30,12450.52000000,4788308.03000000,106522.34000000,0.02224634
WOSAT,2020,680,2,36,29044.81000000,4788308.03000000,135567.15000000,0.02831212
WOSAT,2020,680,2,38,3011.00000000,4788308.03000000,138578.15000000,0.02894094
WOSAT,2020,680,2,43,13699.04000000,4788308.03000000,152277.19000000,0.03180188
WOSAT,2020,680,2,44,9888.78000000,4788308.03000000,162165.97000000,0.03386707
WOSAT,2020,680,2,46,12030.64000000,4788308.03000000,174196.61000000,0.03637957
WOSAT,2020,680,2,47,13038.64000000,4788308.03000000,187235.25000000,0.03910259
WOSAT,2020,690,1,6,29423.19000000,7657867.43000000,29423.19000000,0.00384222
WOSAT,2020,690,1,16,70487.07000000,7657867.43000000,99910.26000000,0.01304675
WOSAT,2020,690,1,22,20902.03000000,7657867.43000000,120812.29000000,0.01577623
WOSAT,2020,690,1,26,47203.66000000,7657867.43000000,168015.95000000,0.02194031
WOSAT,2020,690,1,30,44001.83000000,7657867.43000000,212017.78000000,0.02768627
WOSAT,2020,690,1,36,24505.55000000,7657867.43000000,236523.33000000,0.03088632
WOSAT,2020,690,1,41,11782.63000000,7657867.43000000,248305.96000000,0.03242495
WOSAT,2020,690,2,4,19221.37000000,4052143.32000000,19221.37000000,0.00474351
WOSAT,2020,690,2,6,3329.72000000,4052143.32000000,22551.09000000,0.00556523
WOSAT,2020,690,2,7,25000.22000000,4052143.32000000,47551.31000000,0.01173485
WOSAT,2020,690,2,9,8573.06000000,4052143.32000000,56124.37000000,0.01385054
WOSAT,2020,690,2,10,26961.61000000,4052143.32000000,83085.98000000,0.02050421
WOSAT,2020,690,2,12,32774.39000000,4052143.32000000,115860.37000000,0.02859237
WOSAT,2020,690,2,15,18189.23000000,4052143.32000000,134049.60000000,0.03308116
WOSAT,2020,690,2,19,13350.25000000,4052143.32000000,147399.85000000,0.03637577
WOSAT,2020,690,2,24,14244.15000000,4052143.32000000,161644.00000000,0.03989099
WOSAT,2020,690,2,26,13012.18000000,4052143.32000000,174656.18000000,0.04310217
WOSAT,2020,690,2,29,15295.47000000,4052143.32000000,189951.65000000,0.04687683
WOSAT,2020,690,2,31,19399.01000000,4052143.32000000,209350.66000000,0.05166418
WOSAT,2020,690,2,34,23616.86000000,4052143.32000000,232967.52000000,0.05749242
WOSAT,2020,690,2,38,12989.44000000,4052143.32000000,245956.96000000,0.06069799
WOSAT,2020,690,2,49,5739.31000000,4052143.32000000,251696.27000000,0.06211436
WOSAT,2020,700,1,7,89641.73000000,15919504.57000000,89641.73000000,0.00563094
WOSAT,2020,700,1,10,32286.37000000,15919504.57000000,121928.10000000,0.00765904
WOSAT,2020,700,1,12,10345.98000000,15919504.57000000,132274.08000000,0.00830893
WOSAT,2020,700,1,16,14635.09000000,15919504.57000000,146909.17000000,0.00922825
WOSAT,2020,700,1,17,6025.39000000,15919504.57000000,152934.56000000,0.00960674
WOSAT,2020,700,1,21,2947.65000000,15919504.57000000,155882.21000000,0.00979190
WOSAT,2020,700,1,22,34397.25000000,15919504.57000000,190279.46000000,0.01195260
WOSAT,2020,700,1,25,47660.42000000,15919504.57000000,237939.88000000,0.01494644
WOSAT,2020,700,1,26,28108.84000000,15919504.57000000,266048.72000000,0.01671212
WOSAT,2020,700,1,31,41477.02000000,15919504.57000000,307525.74000000,0.01931754
WOSAT,2020,700,1,37,29920.17000000,15919504.57000000,337445.91000000,0.02119701
WOSAT,2020,700,1,40,20185.79000000,15919504.57000000,357631.70000000,0.02246500
WOSAT,2020,700,1,42,17475.67000000,15919504.57000000,375107.37000000,0.02356275
WOSAT,2020,700,1,46,45990.86000000,15919504.57000000,421098.23000000,0.02645172
WOSAT,2020,700,2,5,24646.89000000,7337562.00000000,24646.89000000,0.00335900
WOSAT,2020,700,2,7,29202.88000000,7337562.00000000,53849.77000000,0.00733892
WOSAT,2020,700,2,10,18780.83000000,7337562.00000000,72630.60000000,0.00989846
WOSAT,2020,700,2,11,8328.61000000,7337562.00000000,80959.21000000,0.01103353
WOSAT,2020,700,2,14,24251.09000000,7337562.00000000,105210.30000000,0.01433859
WOSAT,2020,700,2,15,13116.38000000,7337562.00000000,118326.68000000,0.01612616
WOSAT,2020,700,2,20,27776.68000000,7337562.00000000,146103.36000000,0.01991170
WOSAT,2020,700,2,23,15244.75000000,7337562.00000000,161348.11000000,0.02198934
WOSAT,2020,700,2,25,14426.51000000,7337562.00000000,175774.62000000,0.02395545
WOSAT,2020,700,2,36,10188.76000000,7337562.00000000,185963.38000000,0.02534403
WOSAT,2020,710,1,3,46954.35000000,12210206.35999999,46954.35000000,0.00384550
WOSAT,2020,710,1,7,34655.40000000,12210206.35999999,81609.75000000,0.00668373
WOSAT,2020,710,1,9,31364.35000000,12210206.35999999,112974.10000000,0.00925243
WOSAT,2020,710,1,11,71225.98000000,12210206.35999999,184200.08000000,0.01508575
WOSAT,2020,710,1,17,4747.62000000,12210206.35999999,188947.70000000,0.01547457
WOSAT,2020,710,1,20,45206.84000000,12210206.35999999,234154.54000000,0.01917695
WOSAT,2020,710,1,24,40285.67000000,12210206.35999999,274440.21000000,0.02247630
WOSAT,2020,710,1,28,21490.46000000,12210206.35999999,295930.67000000,0.02423634
WOSAT,2020,710,1,30,44932.42000000,12210206.35999999,340863.09000000,0.02791624
WOSAT,2020,710,1,34,30801.39000000,12210206.35999999,371664.48000000,0.03043884
WOSAT,2020,710,1,36,20913.44000000,12210206.35999999,392577.92000000,0.03215162
WOSAT,2020,710,1,38,22446.35000000,12210206.35999999,415024.27000000,0.03398995
WOSAT,2020,710,1,39,9704.76000000,12210206.35999999,424729.03000000,0.03478475
WOSAT,2020,710,2,3,21084.61000000,5162981.30000000,21084.61000000,0.00408381
WOSAT,2020,710,2,5,4726.45000000,5162981.30000000,25811.06000000,0.00499925
WOSAT,2020,710,2,7,33162.14000000,5162981.30000000,58973.20000000,0.01142232
WOSAT,2020,710,2,8,31046.22000000,5162981.30000000,90019.42000000,0.01743555
WOSAT,2020,710,2,10,3184.76000000,5162981.30000000,93204.18000000,0.01805240
WOSAT,2020,710,2,17,32947.22000000,5162981.30000000,126151.40000000,0.02443383
WOSAT,2020,710,2,22,8469.87000000,5162981.30000000,134621.27000000,0.02607433
WOSAT,2020,710,2,23,39303.22000000,5162981.30000000,173924.49000000,0.03368683
WOSAT,2020,710,2,30,15061.41000000,5162981.30000000,188985.90000000,0.03660403
WOSAT,2020,710,2,36,16774.95000000,5162981.30000000,205760.85000000,0.03985311
WOSAT,2020,710,2,38,12820.03000000,5162981.30000000,218580.88000000,0.04233618
WOSAT,2020,710,2,43,9161.90000000,5162981.30000000,227742.78000000,0.04411071
WOSAT,2020,710,2,47,10529.71000000,5162981.30000000,238272.49000000,0.04615017
WOSAT,2020,710,2,49,6784.97000000,5162981.30000000,245057.46000000,0.04746433
WOSAT,2020,720,1,3,31603.79000000,27038571.72999997,31603.79000000,0.00116884
WOSAT,2020,720,1,5,886.42000000,27038571.72999997,32490.21000000,0.00120162
WOSAT,2020,720,1,6,78111.62000000,27038571.72999997,110601.83000000,0.00409052
WOSAT,2020,720,1,8,59040.37000000,27038571.72999997,169642.20000000,0.00627408
WOSAT,2020,720,1,9,68940.83000000,27038571.72999997,238583.03000000,0.00882380
WOSAT,2020,720,1,11,100829.93000000,27038571.72999997,339412.96000000,0.01255292
WOSAT,2020,720,1,12,37998.67000000,27038571.72999997,377411.63000000,0.01395827
WOSAT,2020,720,1,14,23528.60000000,27038571.72999997,400940.23000000,0.01482845
WOSAT,2020,720,1,19,89157.50000000,27038571.72999997,490097.73000000,0.01812587
WOSAT,2020,720,1,23,32611.29000000,27038571.72999997,522709.02000000,0.01933198
WOSAT,2020,720,1,27,32499.33000000,27038571.72999997,555208.35000000,0.02053394
WOSAT,2020,720,1,30,31388.04000000,27038571.72999997,586596.39000000,0.02169480
WOSAT,2020,720,1,45,70.90000000,27038571.72999997,586667.29000000,0.02169742
WOSAT,2020,720,2,6,38547.34000000,6821362.28999999,38547.34000000,0.00565097
WOSAT,2020,720,2,10,30092.08000000,6821362.28999999,68639.42000000,0.01006242
WOSAT,2020,720,2,11,14834.02000000,6821362.28999999,83473.44000000,0.01223706
WOSAT,2020,720,2,14,15067.06000000,6821362.28999999,98540.50000000,0.01444587
WOSAT,2020,720,2,15,19081.43000000,6821362.28999999,117621.93000000,0.01724317
WOSAT,2020,720,2,17,890.80000000,6821362.28999999,118512.73000000,0.01737376
WOSAT,2020,720,2,22,13884.49000000,6821362.28999999,132397.22000000,0.01940921
WOSAT,2020,720,2,24,34977.15000000,6821362.28999999,167374.37000000,0.02453680
WOSAT,2020,720,2,27,24368.52000000,6821362.28999999,191742.89000000,0.02810918
WOSAT,2020,720,2,29,20129.53000000,6821362.28999999,211872.42000000,0.03106013
WOSAT,2020,720,2,32,18438.97000000,6821362.28999999,230311.39000000,0.03376325
WOSAT,2020,720,2,37,4968.24000000,6821362.28999999,235279.63000000,0.03449159
WOSAT,2020,720,2,41,10682.23000000,6821362.28999999,245961.86000000,0.03605759
WOSAT,2020,720,2,44,7524.57000000,6821362.28999999,253486.43000000,0.03716068
WOSAT,2020,720,2,47,11562.70000000,6821362.28999999,265049.13000000,0.03885575
WOSAT,2020,730,1,4,113971.71000000,22028642.06999999,113971.71000000,0.00517380
WOSAT,2020,730,1,5,58503.18000000,22028642.06999999,172474.89000000,0.00782957
WOSAT,2020,730,1,10,2110.52000000,22028642.06999999,174585.41000000,0.00792538
WOSAT,2020,730,1,12,780.47000000,22028642.06999999,175365.88000000,0.00796081
WOSAT,2020,730,1,14,29058.17000000,22028642.06999999,204424.05000000,0.00927992
WOSAT,2020,730,1,17,20682.59000000,22028642.06999999,225106.64000000,0.01021882
WOSAT,2020,730,1,24,19718.19000000,22028642.06999999,244824.83000000,0.01111393
WOSAT,2020,730,1,25,21986.34000000,22028642.06999999,266811.17000000,0.01211201
WOSAT,2020,730,1,26,58377.63000000,22028642.06999999,325188.80000000,0.01476209
WOSAT,2020,730,1,35,467.96000000,22028642.06999999,325656.76000000,0.01478333
WOSAT,2020,730,1,45,16685.14000000,22028642.06999999,342341.90000000,0.01554076
WOSAT,2020,730,2,5,22855.97000000,5602328.63000000,22855.97000000,0.00407973
WOSAT,2020,730,2,20,3218.37000000,5602328.63000000,26074.34000000,0.00465420
WOSAT,2020,730,2,40,6174.45000000,5602328.63000000,32248.79000000,0.00575632
WOSAT,2020,730,2,45,6788.44000000,5602328.63000000,39037.23000000,0.00696804
WOSAT,2020,740,1,6,41324.95000000,17446531.50000000,41324.95000000,0.00236866
WOSAT,2020,740,1,7,58978.86000000,17446531.50000000,100303.81000000,0.00574921
WOSAT,2020,740,1,8,58106.83000000,17446531.50000000,158410.64000000,0.00907978
WOSAT,2020,740,1,9,4351.41000000,17446531.50000000,162762.05000000,0.00932919
WOSAT,2020,740,1,18,13364.80000000,17446531.50000000,176126.85000000,0.01009524
WOSAT,2020,740,1,25,36276.86000000,17446531.50000000,212403.71000000,0.01217455
WOSAT,2020,740,1,31,28461.51000000,17446531.50000000,240865.22000000,0.01380591
WOSAT,2020,740,1,34,21209.03000000,17446531.50000000,262074.25000000,0.01502157
WOSAT,2020,740,1,39,31388.44000000,17446531.50000000,293462.69000000,0.01682069
WOSAT,2020,740,1,40,25912.14000000,17446531.50000000,319374.83000000,0.01830592
WOSAT,2020,740,2,9,1123.01000000,5041131.47000000,1123.01000000,0.00022277
WOSAT,2020,740,2,10,16817.89000000,5041131.47000000,17940.90000000,0.00355890
WOSAT,2020,740,2,27,29957.27000000,5041131.47000000,47898.17000000,0.00950147
WOSAT,2020,740,2,45,20493.41000000,5041131.47000000,68391.58000000,0.01356671
WOSAT,2020,750,1,5,34926.37000000,16475589.15000000,34926.37000000,0.00211989
WOSAT,2020,750,1,6,35876.41000000,16475589.15000000,70802.78000000,0.00429744
WOSAT,2020,750,1,7,28011.93000000,16475589.15000000,98814.71000000,0.00599764
WOSAT,2020,750,1,11,37240.30000000,16475589.15000000,136055.01000000,0.00825798
WOSAT,2020,750,1,12,89847.63000000,16475589.15000000,225902.64000000,0.01371135
WOSAT,2020,750,1,13,101.81000000,16475589.15000000,226004.45000000,0.01371753
WOSAT,2020,750,1,17,23566.39000000,16475589.15000000,249570.84000000,0.01514792
WOSAT,2020,750,1,23,19773.23000000,16475589.15000000,269344.07000000,0.01634807
WOSAT,2020,750,1,29,23186.03000000,16475589.15000000,292530.10000000,0.01775537
WOSAT,2020,750,1,31,23120.88000000,16475589.15000000,315650.98000000,0.01915871
WOSAT,2020,750,1,32,28505.63000000,16475589.15000000,344156.61000000,0.02088888
WOSAT,2020,750,1,33,34333.50000000,16475589.15000000,378490.11000000,0.02297278
WOSAT,2020,750,1,41,12799.55000000,16475589.15000000,391289.66000000,0.02374966
WOSAT,2020,750,1,46,19200.99000000,16475589.15000000,410490.65000000,0.02491508
WOSAT,2020,750,2,5,13624.56000000,4543886.49000000,13624.56000000,0.00299844
WOSAT,2020,750,2,9,8229.35000000,4543886.49000000,21853.91000000,0.00480952
WOSAT,2020,750,2,24,22540.70000000,4543886.49000000,44394.61000000,0.00977018
WOSAT,2020,750,2,25,10541.83000000,4543886.49000000,54936.44000000,0.01209019
WOSAT,2020,760,1,5,35507.60000000,14237687.97000000,35507.60000000,0.00249392
WOSAT,2020,760,1,6,34144.20000000,14237687.97000000,69651.80000000,0.00489207
WOSAT,2020,760,1,9,47097.84000000,14237687.97000000,116749.64000000,0.00820004
WOSAT,2020,760,1,23,22850.01000000,14237687.97000000,139599.65000000,0.00980494
WOSAT,2020,760,1,25,26528.34000000,14237687.97000000,166127.99000000,0.01166819
WOSAT,2020,760,1,26,17301.07000000,14237687.97000000,183429.06000000,0.01288335
WOSAT,2020,760,1,28,27443.73000000,14237687.97000000,210872.79000000,0.01481089
WOSAT,2020,760,2,6,8278.54000000,3320897.33000000,8278.54000000,0.00249286
WOSAT,2020,760,2,7,21761.50000000,3320897.33000000,30040.04000000,0.00904576
WOSAT,2020,760,2,16,20201.48000000,3320897.33000000,50241.52000000,0.01512890
WOSAT,2020,760,2,23,13407.14000000,3320897.33000000,63648.66000000,0.01916610
WOSAT,2020,760,2,24,8751.51000000,3320897.33000000,72400.17000000,0.02180139
WOSAT,2020,760,2,30,8332.99000000,3320897.33000000,80733.16000000,0.02431065
WOSAT,2020,760,2,36,14831.19000000,3320897.33000000,95564.35000000,0.02877667
WOSAT,2020,760,2,44,8913.78000000,3320897.33000000,104478.13000000,0.03146081
WOSAT,2020,770,1,12,37091.81000000,13374832.07999999,37091.81000000,0.00277325
WOSAT,2020,770,1,19,6221.15000000,13374832.07999999,43312.96000000,0.00323839
WOSAT,2020,770,1,40,9498.94000000,13374832.07999999,52811.90000000,0.00394860
WOSAT,2020,770,2,6,28738.20000000,3130391.41000000,28738.20000000,0.00918039
WOSAT,2020,770,2,14,16966.75000000,3130391.41000000,45704.95000000,0.01460039
WOSAT,2020,770,2,29,14381.78000000,3130391.41000000,60086.73000000,0.01919464
WOSAT,2020,780,1,5,47210.27000000,11565015.17999998,47210.27000000,0.00408216
WOSAT,2020,780,1,9,92381.42000000,11565015.17999998,139591.69000000,0.01207017
WOSAT,2020,780,1,11,27346.09000000,11565015.17999998,166937.78000000,0.01443472
WOSAT,2020,780,1,16,7825.41000000,11565015.17999998,174763.19000000,0.01511137
WOSAT,2020,780,1,20,35170.43000000,11565015.17999998,209933.62000000,0.01815247
WOSAT,2020,780,1,42,21257.88000000,11565015.17999998,231191.50000000,0.01999059
WOSAT,2020,780,2,7,22199.07000000,3092557.54000000,22199.07000000,0.00717822
WOSAT,2020,780,2,16,5925.70000000,3092557.54000000,28124.77000000,0.00909434
WOSAT,2020,780,2,26,22058.45000000,3092557.54000000,50183.22000000,0.01622709
WOSAT,2020,780,2,34,20972.22000000,3092557.54000000,71155.44000000,0.02300861
WOSAT,2020,780,2,35,13790.74000000,3092557.54000000,84946.18000000,0.02746794
WOSAT,2020,780,2,42,1265.32000000,3092557.54000000,86211.50000000,0.02787709
WOSAT,2020,790,1,6,40400.28000000,10021239.42000000,40400.28000000,0.00403147
WOSAT,2020,790,1,43,3127.47000000,10021239.42000000,43527.75000000,0.00434355
WOSAT,2020,790,2,3,45638.23000000,2863886.82000000,45638.23000000,0.01593577
WOSAT,2020,790,2,9,23990.25000000,2863886.82000000,69628.48000000,0.02431258
WOSAT,2020,790,2,17,24877.27000000,2863886.82000000,94505.75000000,0.03299912
WOSAT,2020,790,2,28,10437.85000000,2863886.82000000,104943.60000000,0.03664377
WOSAT,2020,790,2,49,11814.60000000,2863886.82000000,116758.20000000,0.04076914
WOSAT,2020,800,1,3,27232.96000000,10765724.49000000,27232.96000000,0.00252960
WOSAT,2020,800,1,15,18646.35000000,10765724.49000000,45879.31000000,0.00426161
WOSAT,2020,800,2,44,21811.25000000,2659745.28000000,21811.25000000,0.00820050
WOSAT,2020,800,2,46,7647.74000000,2659745.28000000,29458.99000000,0.01107587
WOSAT,2020,810,1,10,26731.43000000,8545471.41000000,26731.43000000,0.00312814
WOSAT,2020,810,1,23,16126.03000000,8545471.41000000,42857.46000000,0.00501522
WOSAT,2020,810,1,31,4974.20000000,8545471.41000000,47831.66000000,0.00559731
WOSAT,2020,810,1,40,19543.07000000,8545471.41000000,67374.73000000,0.00788426
WOSAT,2020,810,1,48,22829.10000000,8545471.41000000,90203.83000000,0.01055575
WOSAT,2020,810,2,33,11248.65000000,1904962.37000000,11248.65000000,0.00590492
WOSAT,2020,820,1,9,38414.14000000,8830428.44999999,38414.14000000,0.00435020
WOSAT,2020,820,1,16,30146.73000000,8830428.44999999,68560.87000000,0.00776416
WOSAT,2020,820,1,21,1323.09000000,8830428.44999999,69883.96000000,0.00791399
WOSAT,2020,820,1,31,22955.19000000,8830428.44999999,92839.15000000,0.01051355
WOSAT,2020,820,2,38,8656.03000000,1643506.51000000,8656.03000000,0.00526681
WOSAT,2020,830,1,5,2408.54000000,7006326.57000000,2408.54000000,0.00034377
WOSAT,2020,830,1,17,28069.41000000,7006326.57000000,30477.95000000,0.00435006
WOSAT,2020,830,1,48,9371.75000000,7006326.57000000,39849.70000000,0.00568767
WOSAT,2020,840,1,9,27746.81000000,5200318.91000000,27746.81000000,0.00533560
WOSAT,2020,840,1,14,38421.37000000,5200318.91000000,66168.18000000,0.01272387
WOSAT,2020,840,2,39,10166.51000000,1333096.24000000,10166.51000000,0.00762624
WOSAT,2020,850,1,49,935.06000000,5279605.74000000,935.06000000,0.00017711
WOSAT,2020,870,1,7,0.04000000,1745073.31000000,0.04000000,0.00000002
WOSAT,2020,870,1,38,14083.14000000,1745073.31000000,14083.18000000,0.00807025
WOSAT,2021,430,1,5,17071.98000000,18424.02000000,17071.98000000,0.92661536
WOSAT,2021,430,2,7,3936.01000000,13478.72000000,3936.01000000,0.29201660
WOSAT,2021,440,1,7,27976.96000000,140569.46000000,27976.96000000,0.19902588
WOSAT,2021,450,2,7,12484.13000000,24427.52000000,12484.13000000,0.51106825
WOSAT,2021,460,1,16,22472.49000000,98032.99000000,22472.49000000,0.22923395
WOSAT,2021,460,1,37,16261.79000000,98032.99000000,38734.28000000,0.39511475
WOSAT,2021,470,1,14,19190.79000000,376701.91000000,19190.79000000,0.05094423
WOSAT,2021,470,1,33,18538.29000000,376701.91000000,37729.08000000,0.10015633
WOSAT,2021,470,2,6,13814.55000000,61118.87000000,13814.55000000,0.22602758
WOSAT,2021,470,2,10,12900.03000000,61118.87000000,26714.58000000,0.43709218
WOSAT,2021,480,1,19,1180.26000000,566148.82000000,1180.26000000,0.00208472
WOSAT,2021,480,1,26,27786.48000000,566148.82000000,28966.74000000,0.05116453
WOSAT,2021,490,1,8,742.34000000,782623.91000000,742.34000000,0.00094853
WOSAT,2021,490,1,13,22058.38000000,782623.91000000,22800.72000000,0.02913369
WOSAT,2021,490,1,29,17575.40000000,782623.91000000,40376.12000000,0.05159071
WOSAT,2021,490,1,34,17371.43000000,782623.91000000,57747.55000000,0.07378710
WOSAT,2021,490,2,14,942.17000000,187870.66000000,942.17000000,0.00501499
WOSAT,2021,500,1,11,19577.77000000,1934803.61000000,19577.77000000,0.01011874
WOSAT,2021,500,1,12,1014.05000000,1934803.61000000,20591.82000000,0.01064285
WOSAT,2021,500,1,18,32827.95000000,1934803.61000000,53419.77000000,0.02760992
WOSAT,2021,500,1,19,1599.08000000,1934803.61000000,55018.85000000,0.02843640
WOSAT,2021,500,1,21,23381.73000000,1934803.61000000,78400.58000000,0.04052121
WOSAT,2021,500,1,25,14707.66000000,1934803.61000000,93108.24000000,0.04812284
WOSAT,2021,500,1,34,22092.83000000,1934803.61000000,115201.07000000,0.05954148
WOSAT,2021,500,1,35,1141.70000000,1934803.61000000,116342.77000000,0.06013157
WOSAT,2021,500,1,36,13131.63000000,1934803.61000000,129474.40000000,0.06691863
WOSAT,2021,500,1,40,16553.86000000,1934803.61000000,146028.26000000,0.07547446
WOSAT,2021,500,1,41,46853.70000000,1934803.61000000,192881.96000000,0.09969072
WOSAT,2021,500,1,45,28083.83000000,1934803.61000000,220965.79000000,0.11420580
WOSAT,2021,500,1,47,19659.76000000,1934803.61000000,240625.55000000,0.12436691
WOSAT,2021,500,2,17,19353.00000000,511900.74000000,19353.00000000,0.03780616
WOSAT,2021,500,2,25,3718.91000000,511900.74000000,23071.91000000,0.04507106
WOSAT,2021,500,2,26,17271.92000000,511900.74000000,40343.83000000,0.07881182
WOSAT,2021,500,2,29,17429.24000000,511900.74000000,57773.07000000,0.11285991
WOSAT,2021,510,1,4,19661.91000000,2205033.26000000,19661.91000000,0.00891683
WOSAT,2021,510,1,6,31335.66000000,2205033.26000000,50997.57000000,0.02312780
WOSAT,2021,510,1,7,19358.79000000,2205033.26000000,70356.36000000,0.03190716
WOSAT,2021,510,1,11,31166.27000000,2205033.26000000,101522.63000000,0.04604131
WOSAT,2021,510,1,13,54051.85000000,2205033.26000000,155574.48000000,0.07055426
WOSAT,2021,510,1,14,21523.66000000,2205033.26000000,177098.14000000,0.08031541
WOSAT,2021,510,1,16,22183.65000000,2205033.26000000,199281.79000000,0.09037587
WOSAT,2021,510,1,17,20615.10000000,2205033.26000000,219896.89000000,0.09972498
WOSAT,2021,510,1,20,24542.31000000,2205033.26000000,244439.20000000,0.11085511
WOSAT,2021,510,1,25,28914.28000000,2205033.26000000,273353.48000000,0.12396796
WOSAT,2021,510,1,28,8420.29000000,2205033.26000000,281773.77000000,0.12778663
WOSAT,2021,510,1,29,25172.37000000,2205033.26000000,306946.14000000,0.13920250
WOSAT,2021,510,1,30,24281.64000000,2205033.26000000,331227.78000000,0.15021441
WOSAT,2021,510,1,32,19990.58000000,2205033.26000000,351218.36000000,0.15928030
WOSAT,2021,510,1,40,13723.72000000,2205033.26000000,364942.08000000,0.16550412
WOSAT,2021,510,1,41,14733.87000000,2205033.26000000,379675.95000000,0.17218604
WOSAT,2021,510,2,9,2293.06000000,422812.77000000,2293.06000000,0.00542335
WOSAT,2021,510,2,11,4129.04000000,422812.77000000,6422.10000000,0.01518899
WOSAT,2021,510,2,14,13324.87000000,422812.77000000,19746.97000000,0.04670382
WOSAT,2021,510,2,42,4384.61000000,422812.77000000,24131.58000000,0.05707391
WOSAT,2021,520,1,4,46324.23000000,3201616.80000000,46324.23000000,0.01446901
WOSAT,2021,520,1,8,28831.96000000,3201616.80000000,75156.19000000,0.02347445
WOSAT,2021,520,1,13,16969.64000000,3201616.80000000,92125.83000000,0.02877478
WOSAT,2021,520,1,19,17088.19000000,3201616.80000000,109214.02000000,0.03411215
WOSAT,2021,520,1,22,25594.12000000,3201616.80000000,134808.14000000,0.04210627
WOSAT,2021,520,1,23,13608.80000000,3201616.80000000,148416.94000000,0.04635687
WOSAT,2021,520,1,24,13545.21000000,3201616.80000000,161962.15000000,0.05058761
WOSAT,2021,520,1,25,26706.76000000,3201616.80000000,188668.91000000,0.05892926
WOSAT,2021,520,1,26,17024.46000000,3201616.80000000,205693.37000000,0.06424672
WOSAT,2021,520,1,27,18488.24000000,3201616.80000000,224181.61000000,0.07002137
WOSAT,2021,520,1,29,26136.83000000,3201616.80000000,250318.44000000,0.07818501
WOSAT,2021,520,1,31,17484.63000000,3201616.80000000,267803.07000000,0.08364620
WOSAT,2021,520,1,33,23325.45000000,3201616.80000000,291128.52000000,0.09093172
WOSAT,2021,520,1,34,14821.59000000,3201616.80000000,305950.11000000,0.09556113
WOSAT,2021,520,1,35,15497.13000000,3201616.80000000,321447.24000000,0.10040153
WOSAT,2021,520,1,36,16152.93000000,3201616.80000000,337600.17000000,0.10544678
WOSAT,2021,520,1,37,13693.64000000,3201616.80000000,351293.81000000,0.10972388
WOSAT,2021,520,1,39,25911.03000000,3201616.80000000,377204.84000000,0.11781699
WOSAT,2021,520,1,41,11849.59000000,3201616.80000000,389054.43000000,0.12151811
WOSAT,2021,520,1,44,14170.96000000,3201616.80000000,403225.39000000,0.12594430
WOSAT,2021,520,1,45,13957.36000000,3201616.80000000,417182.75000000,0.13030377
WOSAT,2021,520,1,48,15635.48000000,3201616.80000000,432818.23000000,0.13518739
WOSAT,2021,520,2,6,24559.14000000,676637.71000000,24559.14000000,0.03629585
WOSAT,2021,520,2,11,338.42000000,676637.71000000,24897.56000000,0.03679600
WOSAT,2021,520,2,14,7243.90000000,676637.71000000,32141.46000000,0.04750173
WOSAT,2021,520,2,16,12798.01000000,676637.71000000,44939.47000000,0.06641585
WOSAT,2021,520,2,19,13784.62000000,676637.71000000,58724.09000000,0.08678808
WOSAT,2021,520,2,20,35186.40000000,676637.71000000,93910.49000000,0.13878991
WOSAT,2021,520,2,23,16135.75000000,676637.71000000,110046.24000000,0.16263687
WOSAT,2021,520,2,31,25631.79000000,676637.71000000,135678.03000000,0.20051798
WOSAT,2021,520,2,36,14066.22000000,676637.71000000,149744.25000000,0.22130639
WOSAT,2021,520,2,46,14300.05000000,676637.71000000,164044.30000000,0.24244037
WOSAT,2021,530,1,3,26318.30000000,3372118.68000000,26318.30000000,0.00780468
WOSAT,2021,530,1,5,20614.24000000,3372118.68000000,46932.54000000,0.01391782
WOSAT,2021,530,1,7,2009.06000000,3372118.68000000,48941.60000000,0.01451361
WOSAT,2021,530,1,8,22119.33000000,3372118.68000000,71060.93000000,0.02107308
WOSAT,2021,530,1,11,17993.38000000,3372118.68000000,89054.31000000,0.02640901
WOSAT,2021,530,1,13,510.03000000,3372118.68000000,89564.34000000,0.02656026
WOSAT,2021,530,1,16,20364.70000000,3372118.68000000,109929.04000000,0.03259940
WOSAT,2021,530,1,17,33467.16000000,3372118.68000000,143396.20000000,0.04252407
WOSAT,2021,530,1,19,25381.34000000,3372118.68000000,168777.54000000,0.05005089
WOSAT,2021,530,1,23,20025.22000000,3372118.68000000,188802.76000000,0.05598936
WOSAT,2021,530,1,24,35009.89000000,3372118.68000000,223812.65000000,0.06637152
WOSAT,2021,530,1,33,34097.37000000,3372118.68000000,257910.02000000,0.07648308
WOSAT,2021,530,1,34,19307.61000000,3372118.68000000,277217.63000000,0.08220874
WOSAT,2021,530,1,36,14963.17000000,3372118.68000000,292180.80000000,0.08664606
WOSAT,2021,530,1,38,20258.30000000,3372118.68000000,312439.10000000,0.09265365
WOSAT,2021,530,1,39,40088.29000000,3372118.68000000,352527.39000000,0.10454181
WOSAT,2021,530,1,40,15147.53000000,3372118.68000000,367674.92000000,0.10903380
WOSAT,2021,530,1,46,8312.96000000,3372118.68000000,375987.88000000,0.11149901
WOSAT,2021,530,2,9,6414.78000000,820733.68000000,6414.78000000,0.00781591
WOSAT,2021,530,2,12,7337.36000000,820733.68000000,13752.14000000,0.01675591
WOSAT,2021,530,2,13,17603.87000000,820733.68000000,31356.01000000,0.03820485
WOSAT,2021,530,2,14,20402.58000000,820733.68000000,51758.59000000,0.06306381
WOSAT,2021,530,2,22,18914.24000000,820733.68000000,70672.83000000,0.08610933
WOSAT,2021,530,2,25,1821.21000000,820733.68000000,72494.04000000,0.08832834
WOSAT,2021,530,2,28,12920.88000000,820733.68000000,85414.92000000,0.10407142
WOSAT,2021,530,2,30,7979.41000000,820733.68000000,93394.33000000,0.11379371
WOSAT,2021,530,2,34,8143.12000000,820733.68000000,101537.45000000,0.12371547
WOSAT,2021,530,2,37,7156.42000000,820733.68000000,108693.87000000,0.13243501
WOSAT,2021,530,2,41,11008.44000000,820733.68000000,119702.31000000,0.14584793
WOSAT,2021,530,2,50,8280.37000000,820733.68000000,127982.68000000,0.15593692
WOSAT,2021,540,1,5,23248.89000000,5824614.58000000,23248.89000000,0.00399149
WOSAT,2021,540,1,6,49108.41000000,5824614.58000000,72357.30000000,0.01242268
WOSAT,2021,540,1,7,78518.28000000,5824614.58000000,150875.58000000,0.02590310
WOSAT,2021,540,1,8,69685.21000000,5824614.58000000,220560.79000000,0.03786702
WOSAT,2021,540,1,10,49750.52000000,5824614.58000000,270311.31000000,0.04640845
WOSAT,2021,540,1,11,22230.48000000,5824614.58000000,292541.79000000,0.05022509
WOSAT,2021,540,1,12,27834.37000000,5824614.58000000,320376.16000000,0.05500384
WOSAT,2021,540,1,15,19423.66000000,5824614.58000000,339799.82000000,0.05833859
WOSAT,2021,540,1,16,26654.07000000,5824614.58000000,366453.89000000,0.06291470
WOSAT,2021,540,1,18,21980.12000000,5824614.58000000,388434.01000000,0.06668836
WOSAT,2021,540,1,19,17557.61000000,5824614.58000000,405991.62000000,0.06970274
WOSAT,2021,540,1,20,37441.14000000,5824614.58000000,443432.76000000,0.07613083
WOSAT,2021,540,1,23,15491.42000000,5824614.58000000,458924.18000000,0.07879048
WOSAT,2021,540,1,25,16853.47000000,5824614.58000000,475777.65000000,0.08168397
WOSAT,2021,540,1,26,25349.97000000,5824614.58000000,501127.62000000,0.08603619
WOSAT,2021,540,1,27,17812.11000000,5824614.58000000,518939.73000000,0.08909426
WOSAT,2021,540,1,28,21131.31000000,5824614.58000000,540071.04000000,0.09272219
WOSAT,2021,540,1,29,44442.70000000,5824614.58000000,584513.74000000,0.10035235
WOSAT,2021,540,1,30,13927.98000000,5824614.58000000,598441.72000000,0.10274357
WOSAT,2021,540,1,33,18413.79000000,5824614.58000000,616855.51000000,0.10590495
WOSAT,2021,540,1,35,65098.14000000,5824614.58000000,681953.65000000,0.11708133
WOSAT,2021,540,1,37,64140.29000000,5824614.58000000,746093.94000000,0.12809327
WOSAT,2021,540,1,38,12521.62000000,5824614.58000000,758615.56000000,0.13024305
WOSAT,2021,540,1,40,28681.50000000,5824614.58000000,787297.06000000,0.13516724
WOSAT,2021,540,1,43,15118.38000000,5824614.58000000,802415.44000000,0.13776284
WOSAT,2021,540,1,44,14899.44000000,5824614.58000000,817314.88000000,0.14032085
WOSAT,2021,540,1,49,28197.24000000,5824614.58000000,845512.12000000,0.14516190
WOSAT,2021,540,1,50,9201.83000000,5824614.58000000,854713.95000000,0.14674172
WOSAT,2021,540,2,6,40748.54000000,1403505.61000000,40748.54000000,0.02903340
WOSAT,2021,540,2,8,20543.40000000,1403505.61000000,61291.94000000,0.04367061
WOSAT,2021,540,2,11,59828.93000000,1403505.61000000,121120.87000000,0.08629881
WOSAT,2021,540,2,17,6830.81000000,1403505.61000000,127951.68000000,0.09116578
WOSAT,2021,540,2,21,22044.09000000,1403505.61000000,149995.77000000,0.10687223
WOSAT,2021,540,2,26,22983.85000000,1403505.61000000,172979.62000000,0.12324826
WOSAT,2021,540,2,29,21127.10000000,1403505.61000000,194106.72000000,0.13830135
WOSAT,2021,540,2,36,18456.76000000,1403505.61000000,212563.48000000,0.15145182
WOSAT,2021,540,2,45,11941.33000000,1403505.61000000,224504.81000000,0.15996004
WOSAT,2021,540,2,46,13242.97000000,1403505.61000000,237747.78000000,0.16939567
WOSAT,2021,550,1,5,19899.87000000,6510912.13000001,19899.87000000,0.00305639
WOSAT,2021,550,1,6,21550.74000000,6510912.13000001,41450.61000000,0.00636633
WOSAT,2021,550,1,7,26806.05000000,6510912.13000001,68256.66000000,0.01048343
WOSAT,2021,550,1,8,28328.49000000,6510912.13000001,96585.15000000,0.01483435
WOSAT,2021,550,1,11,20262.94000000,6510912.13000001,116848.09000000,0.01794650
WOSAT,2021,550,1,12,44724.34000000,6510912.13000001,161572.43000000,0.02481564
WOSAT,2021,550,1,13,28166.27000000,6510912.13000001,189738.70000000,0.02914165
WOSAT,2021,550,1,14,20536.99000000,6510912.13000001,210275.69000000,0.03229589
WOSAT,2021,550,1,18,42723.15000000,6510912.13000001,252998.84000000,0.03885766
WOSAT,2021,550,1,22,235.04000000,6510912.13000001,253233.88000000,0.03889376
WOSAT,2021,550,1,23,15383.25000000,6510912.13000001,268617.13000000,0.04125645
WOSAT,2021,550,1,24,23502.06000000,6510912.13000001,292119.19000000,0.04486609
WOSAT,2021,550,1,26,19983.69000000,6510912.13000001,312102.88000000,0.04793535
WOSAT,2021,550,1,27,2611.78000000,6510912.13000001,314714.66000000,0.04833649
WOSAT,2021,550,1,28,43104.51000000,6510912.13000001,357819.17000000,0.05495684
WOSAT,2021,550,1,30,22195.84000000,6510912.13000001,380015.01000000,0.05836586
WOSAT,2021,550,1,31,18394.90000000,6510912.13000001,398409.91000000,0.06119111
WOSAT,2021,550,1,34,20357.33000000,6510912.13000001,418767.24000000,0.06431775
WOSAT,2021,550,1,36,47149.37000000,6510912.13000001,465916.61000000,0.07155935
WOSAT,2021,550,1,37,21449.01000000,6510912.13000001,487365.62000000,0.07485366
WOSAT,2021,550,1,39,23244.07000000,6510912.13000001,510609.69000000,0.07842368
WOSAT,2021,550,1,41,14198.51000000,6510912.13000001,524808.20000000,0.08060441
WOSAT,2021,550,1,43,17604.25000000,6510912.13000001,542412.45000000,0.08330821
WOSAT,2021,550,1,47,12236.60000000,6510912.13000001,554649.05000000,0.08518761
WOSAT,2021,550,1,49,11154.82000000,6510912.13000001,565803.87000000,0.08690086
WOSAT,2021,550,1,50,746.98000000,6510912.13000001,566550.85000000,0.08701559
WOSAT,2021,550,2,5,21763.47000000,1351008.95000000,21763.47000000,0.01610905
WOSAT,2021,550,2,13,19592.94000000,1351008.95000000,41356.41000000,0.03061150
WOSAT,2021,550,2,14,5728.83000000,1351008.95000000,47085.24000000,0.03485191
WOSAT,2021,550,2,17,9001.30000000,1351008.95000000,56086.54000000,0.04151456
WOSAT,2021,550,2,18,40065.60000000,1351008.95000000,96152.14000000,0.07117062
WOSAT,2021,550,2,25,19762.73000000,1351008.95000000,115914.87000000,0.08579874
WOSAT,2021,550,2,27,22392.70000000,1351008.95000000,138307.57000000,0.10237354
WOSAT,2021,550,2,29,34501.83000000,1351008.95000000,172809.40000000,0.12791137
WOSAT,2021,550,2,30,13182.50000000,1351008.95000000,185991.90000000,0.13766889
WOSAT,2021,550,2,37,6133.56000000,1351008.95000000,192125.46000000,0.14220887
WOSAT,2021,550,2,38,11040.33000000,1351008.95000000,203165.79000000,0.15038079
WOSAT,2021,550,2,39,16394.36000000,1351008.95000000,219560.15000000,0.16251569
WOSAT,2021,550,2,42,3257.20000000,1351008.95000000,222817.35000000,0.16492663
WOSAT,2021,550,2,43,12462.41000000,1351008.95000000,235279.76000000,0.17415115
WOSAT,2021,550,2,44,-546.38000000,1351008.95000000,234733.38000000,0.17374672
WOSAT,2021,560,1,2,19675.97000000,9572644.33000000,19675.97000000,0.00205544
WOSAT,2021,560,1,3,43998.49000000,9572644.33000000,63674.46000000,0.00665171
WOSAT,2021,560,1,4,24759.54000000,9572644.33000000,88434.00000000,0.00923820
WOSAT,2021,560,1,7,47788.31000000,9572644.33000000,136222.31000000,0.01423037
WOSAT,2021,560,1,8,100519.96000000,9572644.33000000,236742.27000000,0.02473113
WOSAT,2021,560,1,10,24408.74000000,9572644.33000000,261151.01000000,0.02728097
WOSAT,2021,560,1,11,8791.39000000,9572644.33000000,269942.40000000,0.02819936
WOSAT,2021,560,1,12,37173.79000000,9572644.33000000,307116.19000000,0.03208269
WOSAT,2021,560,1,13,42057.16000000,9572644.33000000,349173.35000000,0.03647616
WOSAT,2021,560,1,14,43366.63000000,9572644.33000000,392539.98000000,0.04100643
WOSAT,2021,560,1,15,18019.98000000,9572644.33000000,410559.96000000,0.04288888
WOSAT,2021,560,1,16,50189.20000000,9572644.33000000,460749.16000000,0.04813186
WOSAT,2021,560,1,17,32272.77000000,9572644.33000000,493021.93000000,0.05150321
WOSAT,2021,560,1,18,40128.18000000,9572644.33000000,533150.11000000,0.05569518
WOSAT,2021,560,1,21,49791.17000000,9572644.33000000,582941.28000000,0.06089658
WOSAT,2021,560,1,22,57726.83000000,9572644.33000000,640668.11000000,0.06692697
WOSAT,2021,560,1,23,25255.78000000,9572644.33000000,665923.89000000,0.06956530
WOSAT,2021,560,1,24,36044.45000000,9572644.33000000,701968.34000000,0.07333066
WOSAT,2021,560,1,25,16686.67000000,9572644.33000000,718655.01000000,0.07507382
WOSAT,2021,560,1,26,69034.79000000,9572644.33000000,787689.80000000,0.08228550
WOSAT,2021,560,1,27,36598.29000000,9572644.33000000,824288.09000000,0.08610871
WOSAT,2021,560,1,28,22584.75000000,9572644.33000000,846872.84000000,0.08846801
WOSAT,2021,560,1,30,14801.32000000,9572644.33000000,861674.16000000,0.09001422
WOSAT,2021,560,1,31,19044.61000000,9572644.33000000,880718.77000000,0.09200371
WOSAT,2021,560,1,34,15536.23000000,9572644.33000000,896255.00000000,0.09362669
WOSAT,2021,560,1,37,43329.87000000,9572644.33000000,939584.87000000,0.09815312
WOSAT,2021,560,1,38,39740.85000000,9572644.33000000,979325.72000000,0.10230462
WOSAT,2021,560,1,41,15474.08000000,9572644.33000000,994799.80000000,0.10392111
WOSAT,2021,560,1,42,26004.67000000,9572644.33000000,1020804.47000000,0.10663767
WOSAT,2021,560,1,44,30772.24000000,9572644.33000000,1051576.71000000,0.10985227
WOSAT,2021,560,1,45,40640.04000000,9572644.33000000,1092216.75000000,0.11409771
WOSAT,2021,560,1,46,55582.42000000,9572644.33000000,1147799.17000000,0.11990409
WOSAT,2021,560,1,47,30313.32000000,9572644.33000000,1178112.49000000,0.12307075
WOSAT,2021,560,1,50,9208.54000000,9572644.33000000,1187321.03000000,0.12403271
WOSAT,2021,560,2,5,19860.59000000,1733421.30000000,19860.59000000,0.01145745
WOSAT,2021,560,2,6,47964.33000000,1733421.30000000,67824.92000000,0.03912778
WOSAT,2021,560,2,8,19179.37000000,1733421.30000000,87004.29000000,0.05019224
WOSAT,2021,560,2,13,44863.28000000,1733421.30000000,131867.57000000,0.07607358
WOSAT,2021,560,2,14,16281.19000000,1733421.30000000,148148.76000000,0.08546610
WOSAT,2021,560,2,18,24315.52000000,1733421.30000000,172464.28000000,0.09949357
WOSAT,2021,560,2,19,1354.48000000,1733421.30000000,173818.76000000,0.10027496
WOSAT,2021,560,2,22,11368.16000000,1733421.30000000,185186.92000000,0.10683319
WOSAT,2021,560,2,24,14983.61000000,1733421.30000000,200170.53000000,0.11547714
WOSAT,2021,560,2,25,36173.02000000,1733421.30000000,236343.55000000,0.13634513
WOSAT,2021,560,2,26,13437.31000000,1733421.30000000,249780.86000000,0.14409703
WOSAT,2021,560,2,29,1720.89000000,1733421.30000000,251501.75000000,0.14508980
WOSAT,2021,560,2,30,12430.04000000,1733421.30000000,263931.79000000,0.15226061
WOSAT,2021,560,2,32,18798.25000000,1733421.30000000,282730.04000000,0.16310521
WOSAT,2021,560,2,37,2255.56000000,1733421.30000000,284985.60000000,0.16440643
WOSAT,2021,560,2,40,15829.60000000,1733421.30000000,300815.20000000,0.17353842
WOSAT,2021,560,2,41,7506.63000000,1733421.30000000,308321.83000000,0.17786895
WOSAT,2021,560,2,48,7619.78000000,1733421.30000000,315941.61000000,0.18226476
WOSAT,2021,570,1,4,50132.57000000,17035478.83000000,50132.57000000,0.00294283
WOSAT,2021,570,1,5,1061.78000000,17035478.83000000,51194.35000000,0.00300516
WOSAT,2021,570,1,6,117255.30000000,17035478.83000000,168449.65000000,0.00988817
WOSAT,2021,570,1,7,40740.54000000,17035478.83000000,209190.19000000,0.01227968
WOSAT,2021,570,1,8,48797.75000000,17035478.83000000,257987.94000000,0.01514416
WOSAT,2021,570,1,9,52126.88000000,17035478.83000000,310114.82000000,0.01820406
WOSAT,2021,570,1,11,70809.79000000,17035478.83000000,380924.61000000,0.02236066
WOSAT,2021,570,1,12,17381.55000000,17035478.83000000,398306.16000000,0.02338098
WOSAT,2021,570,1,13,100015.75000000,17035478.83000000,498321.91000000,0.02925200
WOSAT,2021,570,1,15,61048.17000000,17035478.83000000,559370.08000000,0.03283559
WOSAT,2021,570,1,16,26625.13000000,17035478.83000000,585995.21000000,0.03439852
WOSAT,2021,570,1,17,59851.90000000,17035478.83000000,645847.11000000,0.03791188
WOSAT,2021,570,1,18,89039.66000000,17035478.83000000,734886.77000000,0.04313860
WOSAT,2021,570,1,19,69515.98000000,17035478.83000000,804402.75000000,0.04721926
WOSAT,2021,570,1,20,44794.76000000,17035478.83000000,849197.51000000,0.04984876
WOSAT,2021,570,1,21,154632.81000000,17035478.83000000,1003830.32000000,0.05892586
WOSAT,2021,570,1,22,17615.00000000,17035478.83000000,1021445.32000000,0.05995988
WOSAT,2021,570,1,23,40130.18000000,17035478.83000000,1061575.50000000,0.06231557
WOSAT,2021,570,1,24,47786.00000000,17035478.83000000,1109361.50000000,0.06512065
WOSAT,2021,570,1,25,36902.59000000,17035478.83000000,1146264.09000000,0.06728687
WOSAT,2021,570,1,26,36060.06000000,17035478.83000000,1182324.15000000,0.06940363
WOSAT,2021,570,1,27,93007.64000000,17035478.83000000,1275331.79000000,0.07486328
WOSAT,2021,570,1,28,16475.04000000,17035478.83000000,1291806.83000000,0.07583038
WOSAT,2021,570,1,29,18045.26000000,17035478.83000000,1309852.09000000,0.07688966
WOSAT,2021,570,1,30,47725.12000000,17035478.83000000,1357577.21000000,0.07969117
WOSAT,2021,570,1,32,28033.68000000,17035478.83000000,1385610.89000000,0.08133677
WOSAT,2021,570,1,33,51712.96000000,17035478.83000000,1437323.85000000,0.08437238
WOSAT,2021,570,1,34,20692.46000000,17035478.83000000,1458016.31000000,0.08558705
WOSAT,2021,570,1,35,16628.02000000,17035478.83000000,1474644.33000000,0.08656313
WOSAT,2021,570,1,36,55002.95000000,17035478.83000000,1529647.28000000,0.08979186
WOSAT,2021,570,1,37,21552.53000000,17035478.83000000,1551199.81000000,0.09105701
WOSAT,2021,570,1,38,17787.41000000,17035478.83000000,1568987.22000000,0.09210115
WOSAT,2021,570,1,40,31428.11000000,17035478.83000000,1600415.33000000,0.09394601
WOSAT,2021,570,1,41,30691.10000000,17035478.83000000,1631106.43000000,0.09574761
WOSAT,2021,570,1,43,13257.73000000,17035478.83000000,1644364.16000000,0.09652586
WOSAT,2021,570,1,46,32411.92000000,17035478.83000000,1676776.08000000,0.09842847
WOSAT,2021,570,1,47,16505.34000000,17035478.83000000,1693281.42000000,0.09939735
WOSAT,2021,570,1,49,10036.19000000,17035478.83000000,1703317.61000000,0.09998648
WOSAT,2021,570,1,50,14265.31000000,17035478.83000000,1717582.92000000,0.10082387
WOSAT,2021,570,2,7,24752.83000000,3277117.55000000,24752.83000000,0.00755323
WOSAT,2021,570,2,8,23223.07000000,3277117.55000000,47975.90000000,0.01463966
WOSAT,2021,570,2,9,16803.70000000,3277117.55000000,64779.60000000,0.01976725
WOSAT,2021,570,2,14,19817.93000000,3277117.55000000,84597.53000000,0.02581462
WOSAT,2021,570,2,16,35952.89000000,3277117.55000000,120550.42000000,0.03678550
WOSAT,2021,570,2,17,40328.60000000,3277117.55000000,160879.02000000,0.04909162
WOSAT,2021,570,2,18,10203.78000000,3277117.55000000,171082.80000000,0.05220527
WOSAT,2021,570,2,20,43085.63000000,3277117.55000000,214168.43000000,0.06535268
WOSAT,2021,570,2,23,22565.14000000,3277117.55000000,236733.57000000,0.07223835
WOSAT,2021,570,2,26,18256.36000000,3277117.55000000,254989.93000000,0.07780921
WOSAT,2021,570,2,28,11345.20000000,3277117.55000000,266335.13000000,0.08127116
WOSAT,2021,570,2,31,33069.80000000,3277117.55000000,299404.93000000,0.09136228
WOSAT,2021,570,2,33,17681.11000000,3277117.55000000,317086.04000000,0.09675760
WOSAT,2021,570,2,34,28582.98000000,3277117.55000000,345669.02000000,0.10547959
WOSAT,2021,570,2,40,6490.45000000,3277117.55000000,352159.47000000,0.10746013
WOSAT,2021,570,2,49,11511.21000000,3277117.55000000,363670.68000000,0.11097273
WOSAT,2021,580,1,2,19529.41000000,50239722.75000007,19529.41000000,0.00038872
WOSAT,2021,580,1,4,141128.31000000,50239722.75000007,160657.72000000,0.00319782
WOSAT,2021,580,1,5,184010.67000000,50239722.75000007,344668.39000000,0.00686048
WOSAT,2021,580,1,6,269441.26000000,50239722.75000007,614109.65000000,0.01222359
WOSAT,2021,580,1,7,145136.92000000,50239722.75000007,759246.57000000,0.01511248
WOSAT,2021,580,1,8,100570.18000000,50239722.75000007,859816.75000000,0.01711428
WOSAT,2021,580,1,9,98715.36000000,50239722.75000007,958532.11000000,0.01907917
WOSAT,2021,580,1,10,29884.90000000,50239722.75000007,988417.01000000,0.01967401
WOSAT,2021,580,1,11,143191.21000000,50239722.75000007,1131608.22000000,0.02252417
WOSAT,2021,580,1,12,221505.52000000,50239722.75000007,1353113.74000000,0.02693315
WOSAT,2021,580,1,13,160456.33000000,50239722.75000007,1513570.07000000,0.03012696
WOSAT,2021,580,1,14,108003.67000000,50239722.75000007,1621573.74000000,0.03227673
WOSAT,2021,580,1,15,46524.90000000,50239722.75000007,1668098.64000000,0.03320278
WOSAT,2021,580,1,16,76977.23000000,50239722.75000007,1745075.87000000,0.03473498
WOSAT,2021,580,1,17,311310.58000000,50239722.75000007,2056386.45000000,0.04093148
WOSAT,2021,580,1,18,163973.85000000,50239722.75000007,2220360.30000000,0.04419531
WOSAT,2021,580,1,19,350748.94000000,50239722.75000007,2571109.24000000,0.05117682
WOSAT,2021,580,1,20,44736.99000000,50239722.75000007,2615846.23000000,0.05206729
WOSAT,2021,580,1,21,195977.94000000,50239722.75000007,2811824.17000000,0.05596815
WOSAT,2021,580,1,22,168522.13000000,50239722.75000007,2980346.30000000,0.05932251
WOSAT,2021,580,1,23,140659.24000000,50239722.75000007,3121005.54000000,0.06212227
WOSAT,2021,580,1,24,115838.40000000,50239722.75000007,3236843.94000000,0.06442798
WOSAT,2021,580,1,25,141212.64000000,50239722.75000007,3378056.58000000,0.06723876
WOSAT,2021,580,1,26,148686.69000000,50239722.75000007,3526743.27000000,0.07019830
WOSAT,2021,580,1,27,79386.84000000,50239722.75000007,3606130.11000000,0.07177846
WOSAT,2021,580,1,28,115495.07000000,50239722.75000007,3721625.18000000,0.07407734
WOSAT,2021,580,1,29,65636.42000000,50239722.75000007,3787261.60000000,0.07538381
WOSAT,2021,580,1,30,112959.52000000,50239722.75000007,3900221.12000000,0.07763222
WOSAT,2021,580,1,31,117764.82000000,50239722.75000007,4017985.94000000,0.07997628
WOSAT,2021,580,1,32,79715.65000000,50239722.75000007,4097701.59000000,0.08156298
WOSAT,2021,580,1,33,90771.63000000,50239722.75000007,4188473.22000000,0.08336975
WOSAT,2021,580,1,34,112068.56000000,50239722.75000007,4300541.78000000,0.08560043
WOSAT,2021,580,1,35,49300.37000000,50239722.75000007,4349842.15000000,0.08658173
WOSAT,2021,580,1,36,56813.41000000,50239722.75000007,4406655.56000000,0.08771258
WOSAT,2021,580,1,37,41641.07000000,50239722.75000007,4448296.63000000,0.08854142
WOSAT,2021,580,1,39,44670.44000000,50239722.75000007,4492967.07000000,0.08943057
WOSAT,2021,580,1,40,21462.07000000,50239722.75000007,4514429.14000000,0.08985776
WOSAT,2021,580,1,41,71299.90000000,50239722.75000007,4585729.04000000,0.09127696
WOSAT,2021,580,1,42,74566.48000000,50239722.75000007,4660295.52000000,0.09276117
WOSAT,2021,580,1,43,74619.92000000,50239722.75000007,4734915.44000000,0.09424645
WOSAT,2021,580,1,44,31356.59000000,50239722.75000007,4766272.03000000,0.09487059
WOSAT,2021,580,1,46,56577.72000000,50239722.75000007,4822849.75000000,0.09599674
WOSAT,2021,580,1,47,20048.40000000,50239722.75000007,4842898.15000000,0.09639580
WOSAT,2021,580,1,50,18325.14000000,50239722.75000007,4861223.29000000,0.09676055
WOSAT,2021,580,2,1,20738.24000000,4340229.03000000,20738.24000000,0.00477814
WOSAT,2021,580,2,6,19780.39000000,4340229.03000000,40518.63000000,0.00933560
WOSAT,2021,580,2,7,45310.61000000,4340229.03000000,85829.24000000,0.01977528
WOSAT,2021,580,2,12,16689.37000000,4340229.03000000,102518.61000000,0.02362055
WOSAT,2021,580,2,13,46315.75000000,4340229.03000000,148834.36000000,0.03429182
WOSAT,2021,580,2,14,38075.87000000,4340229.03000000,186910.23000000,0.04306460
WOSAT,2021,580,2,15,16586.45000000,4340229.03000000,203496.68000000,0.04688616
WOSAT,2021,580,2,18,16125.95000000,4340229.03000000,219622.63000000,0.05060162
WOSAT,2021,580,2,19,26117.84000000,4340229.03000000,245740.47000000,0.05661924
WOSAT,2021,580,2,20,33031.21000000,4340229.03000000,278771.68000000,0.06422972
WOSAT,2021,580,2,21,13741.36000000,4340229.03000000,292513.04000000,0.06739576
WOSAT,2021,580,2,22,40375.71000000,4340229.03000000,332888.75000000,0.07669843
WOSAT,2021,580,2,23,8622.26000000,4340229.03000000,341511.01000000,0.07868502
WOSAT,2021,580,2,24,475.10000000,4340229.03000000,341986.11000000,0.07879448
WOSAT,2021,580,2,26,24407.66000000,4340229.03000000,366393.77000000,0.08441807
WOSAT,2021,580,2,27,21685.24000000,4340229.03000000,388079.01000000,0.08941441
WOSAT,2021,580,2,28,11167.73000000,4340229.03000000,399246.74000000,0.09198748
WOSAT,2021,580,2,29,36179.26000000,4340229.03000000,435426.00000000,0.10032328
WOSAT,2021,580,2,31,12535.67000000,4340229.03000000,447961.67000000,0.10321153
WOSAT,2021,580,2,33,52477.86000000,4340229.03000000,500439.53000000,0.11530256
WOSAT,2021,580,2,38,15532.29000000,4340229.03000000,515971.82000000,0.11888124
WOSAT,2021,580,2,39,5164.35000000,4340229.03000000,521136.17000000,0.12007112
WOSAT,2021,580,2,41,11887.99000000,4340229.03000000,533024.16000000,0.12281015
WOSAT,2021,580,2,42,23733.18000000,4340229.03000000,556757.34000000,0.12827833
WOSAT,2021,580,2,45,10326.27000000,4340229.03000000,567083.61000000,0.13065753
WOSAT,2021,590,1,3,55451.94000000,63099288.15999987,55451.94000000,0.00087880
WOSAT,2021,590,1,4,53171.47000000,63099288.15999987,108623.41000000,0.00172147
WOSAT,2021,590,1,5,174231.34000000,63099288.15999987,282854.75000000,0.00448269
WOSAT,2021,590,1,6,280395.32000000,63099288.15999987,563250.07000000,0.00892641
WOSAT,2021,590,1,7,84790.71000000,63099288.15999987,648040.78000000,0.01027018
WOSAT,2021,590,1,8,438023.81000000,63099288.15999987,1086064.59000000,0.01721199
WOSAT,2021,590,1,9,185920.07000000,63099288.15999987,1271984.66000000,0.02015846
WOSAT,2021,590,1,10,240607.10000000,63099288.15999987,1512591.76000000,0.02397161
WOSAT,2021,590,1,11,124145.97000000,63099288.15999987,1636737.73000000,0.02593908
WOSAT,2021,590,1,12,148645.25000000,63099288.15999987,1785382.98000000,0.02829482
WOSAT,2021,590,1,13,82796.76000000,63099288.15999987,1868179.74000000,0.02960699
WOSAT,2021,590,1,14,313253.82000000,63099288.15999987,2181433.56000000,0.03457144
WOSAT,2021,590,1,15,193266.49000000,63099288.15999987,2374700.05000000,0.03763434
WOSAT,2021,590,1,16,147059.36000000,63099288.15999987,2521759.41000000,0.03996494
WOSAT,2021,590,1,17,210232.44000000,63099288.15999987,2731991.85000000,0.04329671
WOSAT,2021,590,1,18,141963.35000000,63099288.15999987,2873955.20000000,0.04554656
WOSAT,2021,590,1,19,101495.72000000,63099288.15999987,2975450.92000000,0.04715506
WOSAT,2021,590,1,20,125848.40000000,63099288.15999987,3101299.32000000,0.04914951
WOSAT,2021,590,1,21,65417.90000000,63099288.15999987,3166717.22000000,0.05018626
WOSAT,2021,590,1,22,103327.07000000,63099288.15999987,3270044.29000000,0.05182379
WOSAT,2021,590,1,23,124389.88000000,63099288.15999987,3394434.17000000,0.05379513
WOSAT,2021,590,1,24,141289.37000000,63099288.15999987,3535723.54000000,0.05603429
WOSAT,2021,590,1,25,127046.41000000,63099288.15999987,3662769.95000000,0.05804772
WOSAT,2021,590,1,26,98654.31000000,63099288.15999987,3761424.26000000,0.05961120
WOSAT,2021,590,1,27,200380.89000000,63099288.15999987,3961805.15000000,0.06278684
WOSAT,2021,590,1,28,104841.06000000,63099288.15999987,4066646.21000000,0.06444837
WOSAT,2021,590,1,29,119030.03000000,63099288.15999987,4185676.24000000,0.06633476
WOSAT,2021,590,1,30,146657.05000000,63099288.15999987,4332333.29000000,0.06865899
WOSAT,2021,590,1,31,69551.84000000,63099288.15999987,4401885.13000000,0.06976125
WOSAT,2021,590,1,32,132153.00000000,63099288.15999987,4534038.13000000,0.07185561
WOSAT,2021,590,1,33,142805.89000000,63099288.15999987,4676844.02000000,0.07411881
WOSAT,2021,590,1,34,69044.58000000,63099288.15999987,4745888.60000000,0.07521303
WOSAT,2021,590,1,35,57946.69000000,63099288.15999987,4803835.29000000,0.07613137
WOSAT,2021,590,1,36,71393.24000000,63099288.15999987,4875228.53000000,0.07726281
WOSAT,2021,590,1,37,82461.39000000,63099288.15999987,4957689.92000000,0.07856966
WOSAT,2021,590,1,38,129264.90000000,63099288.15999987,5086954.82000000,0.08061826
WOSAT,2021,590,1,39,88733.42000000,63099288.15999987,5175688.24000000,0.08202451
WOSAT,2021,590,1,40,27291.53000000,63099288.15999987,5202979.77000000,0.08245703
WOSAT,2021,590,1,41,61418.38000000,63099288.15999987,5264398.15000000,0.08343039
WOSAT,2021,590,1,43,25174.79000000,63099288.15999987,5289572.94000000,0.08382936
WOSAT,2021,590,1,44,22376.65000000,63099288.15999987,5311949.59000000,0.08418399
WOSAT,2021,590,1,45,100213.12000000,63099288.15999987,5412162.71000000,0.08577217
WOSAT,2021,590,1,46,62634.93000000,63099288.15999987,5474797.64000000,0.08676481
WOSAT,2021,590,1,47,34190.07000000,63099288.15999987,5508987.71000000,0.08730665
WOSAT,2021,590,1,48,121484.23000000,63099288.15999987,5630471.94000000,0.08923194
WOSAT,2021,590,1,49,80565.75000000,63099288.15999987,5711037.69000000,0.09050875
WOSAT,2021,590,1,50,25773.34000000,63099288.15999987,5736811.03000000,0.09091721
WOSAT,2021,590,2,4,25579.59000000,5907617.65000000,25579.59000000,0.00432993
WOSAT,2021,590,2,5,17504.91000000,5907617.65000000,43084.50000000,0.00729304
WOSAT,2021,590,2,6,79630.22000000,5907617.65000000,122714.72000000,0.02077229
WOSAT,2021,590,2,7,17640.80000000,5907617.65000000,140355.52000000,0.02375840
WOSAT,2021,590,2,8,25013.16000000,5907617.65000000,165368.68000000,0.02799245
WOSAT,2021,590,2,9,34895.49000000,5907617.65000000,200264.17000000,0.03389931
WOSAT,2021,590,2,11,17654.82000000,5907617.65000000,217918.99000000,0.03688780
WOSAT,2021,590,2,13,11568.44000000,5907617.65000000,229487.43000000,0.03884602
WOSAT,2021,590,2,14,49365.51000000,5907617.65000000,278852.94000000,0.04720227
WOSAT,2021,590,2,15,5726.44000000,5907617.65000000,284579.38000000,0.04817160
WOSAT,2021,590,2,16,35625.92000000,5907617.65000000,320205.30000000,0.05420210
WOSAT,2021,590,2,17,12762.87000000,5907617.65000000,332968.17000000,0.05636251
WOSAT,2021,590,2,18,14522.54000000,5907617.65000000,347490.71000000,0.05882079
WOSAT,2021,590,2,19,24394.72000000,5907617.65000000,371885.43000000,0.06295015
WOSAT,2021,590,2,20,20739.35000000,5907617.65000000,392624.78000000,0.06646076
WOSAT,2021,590,2,21,14498.33000000,5907617.65000000,407123.11000000,0.06891494
WOSAT,2021,590,2,23,15692.95000000,5907617.65000000,422816.06000000,0.07157133
WOSAT,2021,590,2,25,29697.31000000,5907617.65000000,452513.37000000,0.07659828
WOSAT,2021,590,2,26,21366.35000000,5907617.65000000,473879.72000000,0.08021503
WOSAT,2021,590,2,27,15521.71000000,5907617.65000000,489401.43000000,0.08284243
WOSAT,2021,590,2,28,26380.22000000,5907617.65000000,515781.65000000,0.08730789
WOSAT,2021,590,2,31,1728.51000000,5907617.65000000,517510.16000000,0.08760048
WOSAT,2021,590,2,32,20184.69000000,5907617.65000000,537694.85000000,0.09101721
WOSAT,2021,590,2,39,37538.43000000,5907617.65000000,575233.28000000,0.09737145
WOSAT,2021,590,2,41,19383.02000000,5907617.65000000,594616.30000000,0.10065247
WOSAT,2021,590,2,42,20342.97000000,5907617.65000000,614959.27000000,0.10409598
WOSAT,2021,590,2,44,49852.40000000,5907617.65000000,664811.67000000,0.11253465
WOSAT,2021,600,1,2,62722.53000000,73125365.87000003,62722.53000000,0.00085774
WOSAT,2021,600,1,3,54650.90000000,73125365.87000003,117373.43000000,0.00160510
WOSAT,2021,600,1,4,91134.45000000,73125365.87000003,208507.88000000,0.00285138
WOSAT,2021,600,1,5,250337.71000000,73125365.87000003,458845.59000000,0.00627478
WOSAT,2021,600,1,6,153828.22000000,73125365.87000003,612673.81000000,0.00837840
WOSAT,2021,600,1,7,231163.89000000,73125365.87000003,843837.70000000,0.01153960
WOSAT,2021,600,1,8,141014.10000000,73125365.87000003,984851.80000000,0.01346799
WOSAT,2021,600,1,9,206225.35000000,73125365.87000003,1191077.15000000,0.01628815
WOSAT,2021,600,1,10,133520.03000000,73125365.87000003,1324597.18000000,0.01811406
WOSAT,2021,600,1,11,280457.26000000,73125365.87000003,1605054.44000000,0.02194935
WOSAT,2021,600,1,12,245486.23000000,73125365.87000003,1850540.67000000,0.02530641
WOSAT,2021,600,1,13,146450.65000000,73125365.87000003,1996991.32000000,0.02730915
WOSAT,2021,600,1,14,216513.19000000,73125365.87000003,2213504.51000000,0.03027000
WOSAT,2021,600,1,15,157423.75000000,73125365.87000003,2370928.26000000,0.03242279
WOSAT,2021,600,1,16,357660.04000000,73125365.87000003,2728588.30000000,0.03731384
WOSAT,2021,600,1,17,141043.73000000,73125365.87000003,2869632.03000000,0.03924263
WOSAT,2021,600,1,18,248721.74000000,73125365.87000003,3118353.77000000,0.04264394
WOSAT,2021,600,1,19,264736.98000000,73125365.87000003,3383090.75000000,0.04626426
WOSAT,2021,600,1,20,177728.23000000,73125365.87000003,3560818.98000000,0.04869472
WOSAT,2021,600,1,21,168028.81000000,73125365.87000003,3728847.79000000,0.05099254
WOSAT,2021,600,1,22,168688.81000000,73125365.87000003,3897536.60000000,0.05329938
WOSAT,2021,600,1,23,178226.24000000,73125365.87000003,4075762.84000000,0.05573665
WOSAT,2021,600,1,24,159077.09000000,73125365.87000003,4234839.93000000,0.05791205
WOSAT,2021,600,1,25,216799.13000000,73125365.87000003,4451639.06000000,0.06087681
WOSAT,2021,600,1,26,116892.13000000,73125365.87000003,4568531.19000000,0.06247533
WOSAT,2021,600,1,27,158673.58000000,73125365.87000003,4727204.77000000,0.06464521
WOSAT,2021,600,1,28,343586.11000000,73125365.87000003,5070790.88000000,0.06934380
WOSAT,2021,600,1,29,143151.36000000,73125365.87000003,5213942.24000000,0.07130142
WOSAT,2021,600,1,30,171811.39000000,73125365.87000003,5385753.63000000,0.07365096
WOSAT,2021,600,1,31,166881.41000000,73125365.87000003,5552635.04000000,0.07593309
WOSAT,2021,600,1,32,110251.21000000,73125365.87000003,5662886.25000000,0.07744079
WOSAT,2021,600,1,33,178172.03000000,73125365.87000003,5841058.28000000,0.07987732
WOSAT,2021,600,1,34,171893.79000000,73125365.87000003,6012952.07000000,0.08222799
WOSAT,2021,600,1,35,94149.51000000,73125365.87000003,6107101.58000000,0.08351550
WOSAT,2021,600,1,36,84613.78000000,73125365.87000003,6191715.36000000,0.08467261
WOSAT,2021,600,1,37,164632.68000000,73125365.87000003,6356348.04000000,0.08692398
WOSAT,2021,600,1,38,128560.84000000,73125365.87000003,6484908.88000000,0.08868207
WOSAT,2021,600,1,39,145451.55000000,73125365.87000003,6630360.43000000,0.09067114
WOSAT,2021,600,1,40,39250.03000000,73125365.87000003,6669610.46000000,0.09120789
WOSAT,2021,600,1,41,72473.43000000,73125365.87000003,6742083.89000000,0.09219898
WOSAT,2021,600,1,42,103672.78000000,73125365.87000003,6845756.67000000,0.09361672
WOSAT,2021,600,1,43,101098.89000000,73125365.87000003,6946855.56000000,0.09499926
WOSAT,2021,600,1,44,61321.57000000,73125365.87000003,7008177.13000000,0.09583784
WOSAT,2021,600,1,45,79695.79000000,73125365.87000003,7087872.92000000,0.09692769
WOSAT,2021,600,1,46,19492.66000000,73125365.87000003,7107365.58000000,0.09719426
WOSAT,2021,600,1,47,40130.06000000,73125365.87000003,7147495.64000000,0.09774304
WOSAT,2021,600,1,48,53005.54000000,73125365.87000003,7200501.18000000,0.09846790
WOSAT,2021,600,1,49,81431.21000000,73125365.87000003,7281932.39000000,0.09958148
WOSAT,2021,600,1,50,54682.76000000,73125365.87000003,7336615.15000000,0.10032928
WOSAT,2021,600,2,6,2607.82000000,9099308.40000001,2607.82000000,0.00028660
WOSAT,2021,600,2,7,46891.41000000,9099308.40000001,49499.23000000,0.00543989
WOSAT,2021,600,2,9,23161.31000000,9099308.40000001,72660.54000000,0.00798528
WOSAT,2021,600,2,11,35843.95000000,9099308.40000001,108504.49000000,0.01192448
WOSAT,2021,600,2,12,39130.36000000,9099308.40000001,147634.85000000,0.01622484
WOSAT,2021,600,2,13,40507.34000000,9099308.40000001,188142.19000000,0.02067654
WOSAT,2021,600,2,14,60004.08000000,9099308.40000001,248146.27000000,0.02727089
WOSAT,2021,600,2,15,31253.18000000,9099308.40000001,279399.45000000,0.03070557
WOSAT,2021,600,2,16,19119.62000000,9099308.40000001,298519.07000000,0.03280679
WOSAT,2021,600,2,17,25365.19000000,9099308.40000001,323884.26000000,0.03559438
WOSAT,2021,600,2,18,33239.09000000,9099308.40000001,357123.35000000,0.03924731
WOSAT,2021,600,2,20,37429.06000000,9099308.40000001,394552.41000000,0.04336070
WOSAT,2021,600,2,21,41338.27000000,9099308.40000001,435890.68000000,0.04790372
WOSAT,2021,600,2,22,21218.84000000,9099308.40000001,457109.52000000,0.05023563
WOSAT,2021,600,2,23,24511.28000000,9099308.40000001,481620.80000000,0.05292939
WOSAT,2021,600,2,25,14441.84000000,9099308.40000001,496062.64000000,0.05451652
WOSAT,2021,600,2,27,27223.51000000,9099308.40000001,523286.15000000,0.05750834
WOSAT,2021,600,2,28,36905.12000000,9099308.40000001,560191.27000000,0.06156416
WOSAT,2021,600,2,29,8618.44000000,9099308.40000001,568809.71000000,0.06251131
WOSAT,2021,600,2,30,30677.65000000,9099308.40000001,599487.36000000,0.06588274
WOSAT,2021,600,2,31,22116.80000000,9099308.40000001,621604.16000000,0.06831334
WOSAT,2021,600,2,32,34544.29000000,9099308.40000001,656148.45000000,0.07210971
WOSAT,2021,600,2,33,14005.91000000,9099308.40000001,670154.36000000,0.07364893
WOSAT,2021,600,2,34,29494.24000000,9099308.40000001,699648.60000000,0.07689031
WOSAT,2021,600,2,35,35705.57000000,9099308.40000001,735354.17000000,0.08081429
WOSAT,2021,600,2,36,21868.17000000,9099308.40000001,757222.34000000,0.08321757
WOSAT,2021,600,2,37,14768.77000000,9099308.40000001,771991.11000000,0.08484064
WOSAT,2021,600,2,39,32011.95000000,9099308.40000001,804003.06000000,0.08835870
WOSAT,2021,600,2,40,10946.13000000,9099308.40000001,814949.19000000,0.08956166
WOSAT,2021,600,2,41,41581.81000000,9099308.40000001,856531.00000000,0.09413144
WOSAT,2021,600,2,43,7580.23000000,9099308.40000001,864111.23000000,0.09496450
WOSAT,2021,600,2,46,6411.26000000,9099308.40000001,870522.49000000,0.09566908
WOSAT,2021,600,2,47,36548.26000000,9099308.40000001,907070.75000000,0.09968568
WOSAT,2021,600,2,48,15842.17000000,9099308.40000001,922912.92000000,0.10142671
WOSAT,2021,600,2,49,13953.77000000,9099308.40000001,936866.69000000,0.10296021
WOSAT,2021,610,1,3,29958.86000000,74243703.54000013,29958.86000000,0.00040352
WOSAT,2021,610,1,4,360385.85000000,74243703.54000013,390344.71000000,0.00525761
WOSAT,2021,610,1,5,212587.51000000,74243703.54000013,602932.22000000,0.00812099
WOSAT,2021,610,1,6,218188.66000000,74243703.54000013,821120.88000000,0.01105980
WOSAT,2021,610,1,7,161011.03000000,74243703.54000013,982131.91000000,0.01322849
WOSAT,2021,610,1,8,191158.27000000,74243703.54000013,1173290.18000000,0.01580323
WOSAT,2021,610,1,9,175624.92000000,74243703.54000013,1348915.10000000,0.01816875
WOSAT,2021,610,1,10,254961.32000000,74243703.54000013,1603876.42000000,0.02160286
WOSAT,2021,610,1,11,295366.98000000,74243703.54000013,1899243.40000000,0.02558120
WOSAT,2021,610,1,12,295251.03000000,74243703.54000013,2194494.43000000,0.02955799
WOSAT,2021,610,1,13,240388.21000000,74243703.54000013,2434882.64000000,0.03279581
WOSAT,2021,610,1,14,268725.17000000,74243703.54000013,2703607.81000000,0.03641531
WOSAT,2021,610,1,15,182534.65000000,74243703.54000013,2886142.46000000,0.03887390
WOSAT,2021,610,1,16,224028.21000000,74243703.54000013,3110170.67000000,0.04189137
WOSAT,2021,610,1,17,205244.57000000,74243703.54000013,3315415.24000000,0.04465584
WOSAT,2021,610,1,18,315386.96000000,74243703.54000013,3630802.20000000,0.04890384
WOSAT,2021,610,1,19,206304.08000000,74243703.54000013,3837106.28000000,0.05168258
WOSAT,2021,610,1,20,26764.94000000,74243703.54000013,3863871.22000000,0.05204308
WOSAT,2021,610,1,21,97194.31000000,74243703.54000013,3961065.53000000,0.05335221
WOSAT,2021,610,1,22,204336.06000000,74243703.54000013,4165401.59000000,0.05610444
WOSAT,2021,610,1,23,73019.76000000,74243703.54000013,4238421.35000000,0.05708796
WOSAT,2021,610,1,24,237203.56000000,74243703.54000013,4475624.91000000,0.06028289
WOSAT,2021,610,1,25,205910.55000000,74243703.54000013,4681535.46000000,0.06305633
WOSAT,2021,610,1,26,126595.19000000,74243703.54000013,4808130.65000000,0.06476146
WOSAT,2021,610,1,27,143428.00000000,74243703.54000013,4951558.65000000,0.06669331
WOSAT,2021,610,1,28,132179.60000000,74243703.54000013,5083738.25000000,0.06847366
WOSAT,2021,610,1,29,136354.56000000,74243703.54000013,5220092.81000000,0.07031024
WOSAT,2021,610,1,30,316850.30000000,74243703.54000013,5536943.11000000,0.07457795
WOSAT,2021,610,1,31,237520.71000000,74243703.54000013,5774463.82000000,0.07777715
WOSAT,2021,610,1,32,105884.50000000,74243703.54000013,5880348.32000000,0.07920333
WOSAT,2021,610,1,33,88232.75000000,74243703.54000013,5968581.07000000,0.08039175
WOSAT,2021,610,1,34,126148.56000000,74243703.54000013,6094729.63000000,0.08209086
WOSAT,2021,610,1,35,144237.91000000,74243703.54000013,6238967.54000000,0.08403362
WOSAT,2021,610,1,36,98381.67000000,74243703.54000013,6337349.21000000,0.08535874
WOSAT,2021,610,1,37,110016.11000000,74243703.54000013,6447365.32000000,0.08684057
WOSAT,2021,610,1,38,165265.19000000,74243703.54000013,6612630.51000000,0.08906655
WOSAT,2021,610,1,39,127686.48000000,74243703.54000013,6740316.99000000,0.09078638
WOSAT,2021,610,1,40,48005.50000000,74243703.54000013,6788322.49000000,0.09143297
WOSAT,2021,610,1,41,148695.78000000,74243703.54000013,6937018.27000000,0.09343578
WOSAT,2021,610,1,42,106527.50000000,74243703.54000013,7043545.77000000,0.09487061
WOSAT,2021,610,1,43,154489.86000000,74243703.54000013,7198035.63000000,0.09695146
WOSAT,2021,610,1,44,95412.59000000,74243703.54000013,7293448.22000000,0.09823659
WOSAT,2021,610,1,45,89172.23000000,74243703.54000013,7382620.45000000,0.09943766
WOSAT,2021,610,1,46,38502.30000000,74243703.54000013,7421122.75000000,0.09995626
WOSAT,2021,610,1,47,40842.83000000,74243703.54000013,7461965.58000000,0.10050638
WOSAT,2021,610,1,48,30297.55000000,74243703.54000013,7492263.13000000,0.10091446
WOSAT,2021,610,1,49,59559.17000000,74243703.54000013,7551822.30000000,0.10171667
WOSAT,2021,610,1,50,18611.60000000,74243703.54000013,7570433.90000000,0.10196735
WOSAT,2021,610,2,3,18194.22000000,9313651.38000000,18194.22000000,0.00195350
WOSAT,2021,610,2,5,22843.72000000,9313651.38000000,41037.94000000,0.00440621
WOSAT,2021,610,2,6,16843.86000000,9313651.38000000,57881.80000000,0.00621473
WOSAT,2021,610,2,7,26014.67000000,9313651.38000000,83896.47000000,0.00900790
WOSAT,2021,610,2,9,34006.89000000,9313651.38000000,117903.36000000,0.01265920
WOSAT,2021,610,2,10,47849.35000000,9313651.38000000,165752.71000000,0.01779675
WOSAT,2021,610,2,11,14227.46000000,9313651.38000000,179980.17000000,0.01932434
WOSAT,2021,610,2,12,16664.45000000,9313651.38000000,196644.62000000,0.02111359
WOSAT,2021,610,2,14,71626.58000000,9313651.38000000,268271.20000000,0.02880408
WOSAT,2021,610,2,15,43554.25000000,9313651.38000000,311825.45000000,0.03348047
WOSAT,2021,610,2,16,3055.08000000,9313651.38000000,314880.53000000,0.03380849
WOSAT,2021,610,2,17,18526.09000000,9313651.38000000,333406.62000000,0.03579763
WOSAT,2021,610,2,18,28213.58000000,9313651.38000000,361620.20000000,0.03882690
WOSAT,2021,610,2,19,32831.56000000,9313651.38000000,394451.76000000,0.04235200
WOSAT,2021,610,2,20,20729.80000000,9313651.38000000,415181.56000000,0.04457774
WOSAT,2021,610,2,21,1045.05000000,9313651.38000000,416226.61000000,0.04468995
WOSAT,2021,610,2,22,14918.83000000,9313651.38000000,431145.44000000,0.04629177
WOSAT,2021,610,2,24,33752.20000000,9313651.38000000,464897.64000000,0.04991572
WOSAT,2021,610,2,25,5280.56000000,9313651.38000000,470178.20000000,0.05048269
WOSAT,2021,610,2,26,44027.22000000,9313651.38000000,514205.42000000,0.05520986
WOSAT,2021,610,2,27,31315.35000000,9313651.38000000,545520.77000000,0.05857217
WOSAT,2021,610,2,29,17528.25000000,9313651.38000000,563049.02000000,0.06045417
WOSAT,2021,610,2,30,28678.10000000,9313651.38000000,591727.12000000,0.06353331
WOSAT,2021,610,2,31,59058.90000000,9313651.38000000,650786.02000000,0.06987442
WOSAT,2021,610,2,32,32090.69000000,9313651.38000000,682876.71000000,0.07331998
WOSAT,2021,610,2,33,3412.06000000,9313651.38000000,686288.77000000,0.07368633
WOSAT,2021,610,2,34,18129.58000000,9313651.38000000,704418.35000000,0.07563289
WOSAT,2021,610,2,35,52633.57000000,9313651.38000000,757051.92000000,0.08128412
WOSAT,2021,610,2,36,39891.35000000,9313651.38000000,796943.27000000,0.08556722
WOSAT,2021,610,2,37,21442.59000000,9313651.38000000,818385.86000000,0.08786950
WOSAT,2021,610,2,38,16413.94000000,9313651.38000000,834799.80000000,0.08963185
WOSAT,2021,610,2,39,8775.28000000,9313651.38000000,843575.08000000,0.09057405
WOSAT,2021,610,2,41,16850.63000000,9313651.38000000,860425.71000000,0.09238329
WOSAT,2021,610,2,44,7969.83000000,9313651.38000000,868395.54000000,0.09323900
WOSAT,2021,610,2,47,12879.52000000,9313651.38000000,881275.06000000,0.09462186
WOSAT,2021,610,2,48,6668.59000000,9313651.38000000,887943.65000000,0.09533787
WOSAT,2021,610,2,50,1927.76000000,9313651.38000000,889871.41000000,0.09554485
WOSAT,2021,620,1,3,189289.11000000,113128242.35999984,189289.11000000,0.00167323
WOSAT,2021,620,1,4,172545.55000000,113128242.35999984,361834.66000000,0.00319845
WOSAT,2021,620,1,5,379082.71000000,113128242.35999984,740917.37000000,0.00654936
WOSAT,2021,620,1,6,433535.02000000,113128242.35999984,1174452.39000000,0.01038160
WOSAT,2021,620,1,7,402182.25000000,113128242.35999984,1576634.64000000,0.01393670
WOSAT,2021,620,1,8,258138.95000000,113128242.35999984,1834773.59000000,0.01621853
WOSAT,2021,620,1,9,442761.15000000,113128242.35999984,2277534.74000000,0.02013233
WOSAT,2021,620,1,10,221302.34000000,113128242.35999984,2498837.08000000,0.02208853
WOSAT,2021,620,1,11,256636.16000000,113128242.35999984,2755473.24000000,0.02435708
WOSAT,2021,620,1,12,250956.65000000,113128242.35999984,3006429.89000000,0.02657541
WOSAT,2021,620,1,13,416356.90000000,113128242.35999984,3422786.79000000,0.03025581
WOSAT,2021,620,1,14,215445.76000000,113128242.35999984,3638232.55000000,0.03216025
WOSAT,2021,620,1,15,287232.07000000,113128242.35999984,3925464.62000000,0.03469925
WOSAT,2021,620,1,16,390395.79000000,113128242.35999984,4315860.41000000,0.03815016
WOSAT,2021,620,1,17,361261.37000000,113128242.35999984,4677121.78000000,0.04134354
WOSAT,2021,620,1,18,422121.78000000,113128242.35999984,5099243.56000000,0.04507489
WOSAT,2021,620,1,19,110201.57000000,113128242.35999984,5209445.13000000,0.04604902
WOSAT,2021,620,1,20,228076.42000000,113128242.35999984,5437521.55000000,0.04806511
WOSAT,2021,620,1,21,302092.27000000,113128242.35999984,5739613.82000000,0.05073546
WOSAT,2021,620,1,22,244488.66000000,113128242.35999984,5984102.48000000,0.05289663
WOSAT,2021,620,1,23,200930.14000000,113128242.35999984,6185032.62000000,0.05467275
WOSAT,2021,620,1,24,265687.60000000,113128242.35999984,6450720.22000000,0.05702131
WOSAT,2021,620,1,25,230029.41000000,113128242.35999984,6680749.63000000,0.05905466
WOSAT,2021,620,1,26,269091.25000000,113128242.35999984,6949840.88000000,0.06143330
WOSAT,2021,620,1,27,143240.77000000,113128242.35999984,7093081.65000000,0.06269948
WOSAT,2021,620,1,28,110406.34000000,113128242.35999984,7203487.99000000,0.06367542
WOSAT,2021,620,1,29,177097.02000000,113128242.35999984,7380585.01000000,0.06524087
WOSAT,2021,620,1,30,262830.84000000,113128242.35999984,7643415.85000000,0.06756417
WOSAT,2021,620,1,31,206990.28000000,113128242.35999984,7850406.13000000,0.06939387
WOSAT,2021,620,1,32,170367.74000000,113128242.35999984,8020773.87000000,0.07089984
WOSAT,2021,620,1,33,174583.96000000,113128242.35999984,8195357.83000000,0.07244308
WOSAT,2021,620,1,34,105605.26000000,113128242.35999984,8300963.09000000,0.07337658
WOSAT,2021,620,1,35,150543.98000000,113128242.35999984,8451507.07000000,0.07470731
WOSAT,2021,620,1,36,93960.77000000,113128242.35999984,8545467.84000000,0.07553788
WOSAT,2021,620,1,37,140211.63000000,113128242.35999984,8685679.47000000,0.07677729
WOSAT,2021,620,1,38,103358.35000000,113128242.35999984,8789037.82000000,0.07769093
WOSAT,2021,620,1,39,129904.34000000,113128242.35999984,8918942.16000000,0.07883922
WOSAT,2021,620,1,40,85584.44000000,113128242.35999984,9004526.60000000,0.07959574
WOSAT,2021,620,1,41,119953.53000000,113128242.35999984,9124480.13000000,0.08065608
WOSAT,2021,620,1,42,97548.70000000,113128242.35999984,9222028.83000000,0.08151836
WOSAT,2021,620,1,43,109879.07000000,113128242.35999984,9331907.90000000,0.08248964
WOSAT,2021,620,1,44,40357.06000000,113128242.35999984,9372264.96000000,0.08284638
WOSAT,2021,620,1,45,31748.79000000,113128242.35999984,9404013.75000000,0.08312702
WOSAT,2021,620,1,46,141772.38000000,113128242.35999984,9545786.13000000,0.08438022
WOSAT,2021,620,1,47,112491.28000000,113128242.35999984,9658277.41000000,0.08537459
WOSAT,2021,620,1,48,112338.29000000,113128242.35999984,9770615.70000000,0.08636761
WOSAT,2021,620,1,49,48854.43000000,113128242.35999984,9819470.13000000,0.08679946
WOSAT,2021,620,1,50,73702.02000000,113128242.35999984,9893172.15000000,0.08745095
WOSAT,2021,620,2,3,41346.26000000,17035357.42000001,41346.26000000,0.00242708
WOSAT,2021,620,2,5,40211.96000000,17035357.42000001,81558.22000000,0.00478758
WOSAT,2021,620,2,6,64943.09000000,17035357.42000001,146501.31000000,0.00859984
WOSAT,2021,620,2,7,39900.12000000,17035357.42000001,186401.43000000,0.01094203
WOSAT,2021,620,2,8,20063.31000000,17035357.42000001,206464.74000000,0.01211978
WOSAT,2021,620,2,9,30382.47000000,17035357.42000001,236847.21000000,0.01390327
WOSAT,2021,620,2,10,95341.26000000,17035357.42000001,332188.47000000,0.01949994
WOSAT,2021,620,2,11,29063.78000000,17035357.42000001,361252.25000000,0.02120603
WOSAT,2021,620,2,13,107856.28000000,17035357.42000001,469108.53000000,0.02753735
WOSAT,2021,620,2,14,82233.32000000,17035357.42000001,551341.85000000,0.03236456
WOSAT,2021,620,2,15,65849.24000000,17035357.42000001,617191.09000000,0.03623001
WOSAT,2021,620,2,16,65749.89000000,17035357.42000001,682940.98000000,0.04008962
WOSAT,2021,620,2,18,52151.90000000,17035357.42000001,735092.88000000,0.04315101
WOSAT,2021,620,2,19,127069.40000000,17035357.42000001,862162.28000000,0.05061017
WOSAT,2021,620,2,20,42099.63000000,17035357.42000001,904261.91000000,0.05308148
WOSAT,2021,620,2,21,37917.17000000,17035357.42000001,942179.08000000,0.05530727
WOSAT,2021,620,2,22,22165.64000000,17035357.42000001,964344.72000000,0.05660842
WOSAT,2021,620,2,23,24070.96000000,17035357.42000001,988415.68000000,0.05802142
WOSAT,2021,620,2,24,32033.42000000,17035357.42000001,1020449.10000000,0.05990183
WOSAT,2021,620,2,25,54256.24000000,17035357.42000001,1074705.34000000,0.06308675
WOSAT,2021,620,2,26,76384.35000000,17035357.42000001,1151089.69000000,0.06757062
WOSAT,2021,620,2,27,16816.48000000,17035357.42000001,1167906.17000000,0.06855777
WOSAT,2021,620,2,28,75656.87000000,17035357.42000001,1243563.04000000,0.07299894
WOSAT,2021,620,2,29,48566.43000000,17035357.42000001,1292129.47000000,0.07584986
WOSAT,2021,620,2,30,41716.92000000,17035357.42000001,1333846.39000000,0.07829870
WOSAT,2021,620,2,31,3124.21000000,17035357.42000001,1336970.60000000,0.07848210
WOSAT,2021,620,2,32,32012.64000000,17035357.42000001,1368983.24000000,0.08036129
WOSAT,2021,620,2,35,24448.90000000,17035357.42000001,1393432.14000000,0.08179647
WOSAT,2021,620,2,36,47326.20000000,17035357.42000001,1440758.34000000,0.08457459
WOSAT,2021,620,2,38,7308.04000000,17035357.42000001,1448066.38000000,0.08500358
WOSAT,2021,620,2,39,16651.84000000,17035357.42000001,1464718.22000000,0.08598107
WOSAT,2021,620,2,40,15733.95000000,17035357.42000001,1480452.17000000,0.08690467
WOSAT,2021,620,2,41,24956.91000000,17035357.42000001,1505409.08000000,0.08836968
WOSAT,2021,620,2,42,8393.55000000,17035357.42000001,1513802.63000000,0.08886239
WOSAT,2021,620,2,43,52472.43000000,17035357.42000001,1566275.06000000,0.09194260
WOSAT,2021,620,2,44,21189.51000000,17035357.42000001,1587464.57000000,0.09318646
WOSAT,2021,620,2,45,15841.08000000,17035357.42000001,1603305.65000000,0.09411635
WOSAT,2021,620,2,47,35489.26000000,17035357.42000001,1638794.91000000,0.09619962
WOSAT,2021,620,2,49,8230.38000000,17035357.42000001,1647025.29000000,0.09668276
WOSAT,2021,620,2,50,23494.57000000,17035357.42000001,1670519.86000000,0.09806192
WOSAT,2021,630,1,2,33508.54000000,104615611.16000019,33508.54000000,0.00032030
WOSAT,2021,630,1,3,91172.40000000,104615611.16000019,124680.94000000,0.00119180
WOSAT,2021,630,1,4,167355.02000000,104615611.16000019,292035.96000000,0.00279151
WOSAT,2021,630,1,5,173674.76000000,104615611.16000019,465710.72000000,0.00445164
WOSAT,2021,630,1,6,194090.35000000,104615611.16000019,659801.07000000,0.00630691
WOSAT,2021,630,1,7,288453.63000000,104615611.16000019,948254.70000000,0.00906418
WOSAT,2021,630,1,8,208315.95000000,104615611.16000019,1156570.65000000,0.01105543
WOSAT,2021,630,1,9,180502.64000000,104615611.16000019,1337073.29000000,0.01278082
WOSAT,2021,630,1,10,227212.76000000,104615611.16000019,1564286.05000000,0.01495270
WOSAT,2021,630,1,11,150467.81000000,104615611.16000019,1714753.86000000,0.01639099
WOSAT,2021,630,1,12,313991.23000000,104615611.16000019,2028745.09000000,0.01939237
WOSAT,2021,630,1,13,96946.41000000,104615611.16000019,2125691.50000000,0.02031907
WOSAT,2021,630,1,14,220388.40000000,104615611.16000019,2346079.90000000,0.02242572
WOSAT,2021,630,1,15,244461.50000000,104615611.16000019,2590541.40000000,0.02476247
WOSAT,2021,630,1,16,242400.80000000,104615611.16000019,2832942.20000000,0.02707954
WOSAT,2021,630,1,17,163773.38000000,104615611.16000019,2996715.58000000,0.02864501
WOSAT,2021,630,1,18,234484.73000000,104615611.16000019,3231200.31000000,0.03088641
WOSAT,2021,630,1,19,161342.53000000,104615611.16000019,3392542.84000000,0.03242865
WOSAT,2021,630,1,20,328313.27000000,104615611.16000019,3720856.11000000,0.03556693
WOSAT,2021,630,1,21,69984.12000000,104615611.16000019,3790840.23000000,0.03623589
WOSAT,2021,630,1,22,234201.18000000,104615611.16000019,4025041.41000000,0.03847458
WOSAT,2021,630,1,23,173348.25000000,104615611.16000019,4198389.66000000,0.04013158
WOSAT,2021,630,1,24,202141.16000000,104615611.16000019,4400530.82000000,0.04206381
WOSAT,2021,630,1,25,73233.01000000,104615611.16000019,4473763.83000000,0.04276383
WOSAT,2021,630,1,26,91064.97000000,104615611.16000019,4564828.80000000,0.04363430
WOSAT,2021,630,1,27,218380.54000000,104615611.16000019,4783209.34000000,0.04572175
WOSAT,2021,630,1,28,153968.53000000,104615611.16000019,4937177.87000000,0.04719351
WOSAT,2021,630,1,29,184367.45000000,104615611.16000019,5121545.32000000,0.04895584
WOSAT,2021,630,1,30,186408.27000000,104615611.16000019,5307953.59000000,0.05073768
WOSAT,2021,630,1,31,121729.81000000,104615611.16000019,5429683.40000000,0.05190127
WOSAT,2021,630,1,32,155750.31000000,104615611.16000019,5585433.71000000,0.05339006
WOSAT,2021,630,1,33,115651.03000000,104615611.16000019,5701084.74000000,0.05449554
WOSAT,2021,630,1,34,157559.65000000,104615611.16000019,5858644.39000000,0.05600163
WOSAT,2021,630,1,35,40883.46000000,104615611.16000019,5899527.85000000,0.05639242
WOSAT,2021,630,1,36,123622.62000000,104615611.16000019,6023150.47000000,0.05757411
WOSAT,2021,630,1,37,153787.22000000,104615611.16000019,6176937.69000000,0.05904413
WOSAT,2021,630,1,38,41590.43000000,104615611.16000019,6218528.12000000,0.05944168
WOSAT,2021,630,1,39,61525.05000000,104615611.16000019,6280053.17000000,0.06002979
WOSAT,2021,630,1,40,127180.28000000,104615611.16000019,6407233.45000000,0.06124548
WOSAT,2021,630,1,41,125846.07000000,104615611.16000019,6533079.52000000,0.06244842
WOSAT,2021,630,1,42,92479.52000000,104615611.16000019,6625559.04000000,0.06333241
WOSAT,2021,630,1,43,84448.75000000,104615611.16000019,6710007.79000000,0.06413964
WOSAT,2021,630,1,44,31373.90000000,104615611.16000019,6741381.69000000,0.06443954
WOSAT,2021,630,1,45,38084.59000000,104615611.16000019,6779466.28000000,0.06480358
WOSAT,2021,630,1,46,22120.46000000,104615611.16000019,6801586.74000000,0.06501503
WOSAT,2021,630,1,47,44308.09000000,104615611.16000019,6845894.83000000,0.06543856
WOSAT,2021,630,1,48,76821.55000000,104615611.16000019,6922716.38000000,0.06617288
WOSAT,2021,630,1,49,47431.62000000,104615611.16000019,6970148.00000000,0.06662627
WOSAT,2021,630,1,50,74661.80000000,104615611.16000019,7044809.80000000,0.06733995
WOSAT,2021,630,2,5,19802.70000000,13664562.88999999,19802.70000000,0.00144920
WOSAT,2021,630,2,6,55762.12000000,13664562.88999999,75564.82000000,0.00552998
WOSAT,2021,630,2,7,24690.06000000,13664562.88999999,100254.88000000,0.00733685
WOSAT,2021,630,2,8,15557.63000000,13664562.88999999,115812.51000000,0.00847539
WOSAT,2021,630,2,9,37992.63000000,13664562.88999999,153805.14000000,0.01125577
WOSAT,2021,630,2,10,17327.95000000,13664562.88999999,171133.09000000,0.01252386
WOSAT,2021,630,2,12,13026.57000000,13664562.88999999,184159.66000000,0.01347717
WOSAT,2021,630,2,13,15716.49000000,13664562.88999999,199876.15000000,0.01462734
WOSAT,2021,630,2,14,18773.13000000,13664562.88999999,218649.28000000,0.01600119
WOSAT,2021,630,2,15,53975.12000000,13664562.88999999,272624.40000000,0.01995120
WOSAT,2021,630,2,17,66419.68000000,13664562.88999999,339044.08000000,0.02481192
WOSAT,2021,630,2,18,33448.56000000,13664562.88999999,372492.64000000,0.02725976
WOSAT,2021,630,2,19,50102.04000000,13664562.88999999,422594.68000000,0.03092632
WOSAT,2021,630,2,20,27089.88000000,13664562.88999999,449684.56000000,0.03290881
WOSAT,2021,630,2,21,382.90000000,13664562.88999999,450067.46000000,0.03293684
WOSAT,2021,630,2,22,64667.36000000,13664562.88999999,514734.82000000,0.03766932
WOSAT,2021,630,2,23,47566.73000000,13664562.88999999,562301.55000000,0.04115035
WOSAT,2021,630,2,25,58012.61000000,13664562.88999999,620314.16000000,0.04539583
WOSAT,2021,630,2,26,60800.88000000,13664562.88999999,681115.04000000,0.04984536
WOSAT,2021,630,2,27,27826.60000000,13664562.88999999,708941.64000000,0.05188176
WOSAT,2021,630,2,28,44644.26000000,13664562.88999999,753585.90000000,0.05514892
WOSAT,2021,630,2,29,32589.52000000,13664562.88999999,786175.42000000,0.05753389
WOSAT,2021,630,2,30,30421.53000000,13664562.88999999,816596.95000000,0.05976020
WOSAT,2021,630,2,33,63142.27000000,13664562.88999999,879739.22000000,0.06438107
WOSAT,2021,630,2,35,11048.60000000,13664562.88999999,890787.82000000,0.06518963
WOSAT,2021,630,2,36,37606.45000000,13664562.88999999,928394.27000000,0.06794175
WOSAT,2021,630,2,37,12332.81000000,13664562.88999999,940727.08000000,0.06884429
WOSAT,2021,630,2,38,16749.41000000,13664562.88999999,957476.49000000,0.07007004
WOSAT,2021,630,2,40,14104.07000000,13664562.88999999,971580.56000000,0.07110221
WOSAT,2021,630,2,41,17938.68000000,13664562.88999999,989519.24000000,0.07241499
WOSAT,2021,630,2,42,36737.16000000,13664562.88999999,1026256.40000000,0.07510349
WOSAT,2021,630,2,43,14614.40000000,13664562.88999999,1040870.80000000,0.07617300
WOSAT,2021,630,2,44,29694.83000000,13664562.88999999,1070565.63000000,0.07834613
WOSAT,2021,630,2,46,40931.64000000,13664562.88999999,1111497.27000000,0.08134159
WOSAT,2021,630,2,49,14834.99000000,13664562.88999999,1126332.26000000,0.08242724
WOSAT,2021,640,1,1,22814.80000000,133469999.40000002,22814.80000000,0.00017094
WOSAT,2021,640,1,2,29065.86000000,133469999.40000002,51880.66000000,0.00038871
WOSAT,2021,640,1,3,143531.88000000,133469999.40000002,195412.54000000,0.00146409
WOSAT,2021,640,1,4,57753.36000000,133469999.40000002,253165.90000000,0.00189680
WOSAT,2021,640,1,5,204382.67000000,133469999.40000002,457548.57000000,0.00342810
WOSAT,2021,640,1,6,277579.90000000,133469999.40000002,735128.47000000,0.00550782
WOSAT,2021,640,1,7,289171.04000000,133469999.40000002,1024299.51000000,0.00767438
WOSAT,2021,640,1,8,326321.12000000,133469999.40000002,1350620.63000000,0.01011928
WOSAT,2021,640,1,9,227706.63000000,133469999.40000002,1578327.26000000,0.01182533
WOSAT,2021,640,1,10,207110.26000000,133469999.40000002,1785437.52000000,0.01337707
WOSAT,2021,640,1,11,77324.09000000,133469999.40000002,1862761.61000000,0.01395641
WOSAT,2021,640,1,12,380977.02000000,133469999.40000002,2243738.63000000,0.01681081
WOSAT,2021,640,1,13,250864.03000000,133469999.40000002,2494602.66000000,0.01869036
WOSAT,2021,640,1,14,264271.57000000,133469999.40000002,2758874.23000000,0.02067037
WOSAT,2021,640,1,15,299435.07000000,133469999.40000002,3058309.30000000,0.02291383
WOSAT,2021,640,1,16,212314.45000000,133469999.40000002,3270623.75000000,0.02450456
WOSAT,2021,640,1,17,166819.56000000,133469999.40000002,3437443.31000000,0.02575443
WOSAT,2021,640,1,18,356574.06000000,133469999.40000002,3794017.37000000,0.02842599
WOSAT,2021,640,1,19,202452.28000000,133469999.40000002,3996469.65000000,0.02994283
WOSAT,2021,640,1,20,99927.59000000,133469999.40000002,4096397.24000000,0.03069152
WOSAT,2021,640,1,21,306814.88000000,133469999.40000002,4403212.12000000,0.03299028
WOSAT,2021,640,1,22,223412.93000000,133469999.40000002,4626625.05000000,0.03466416
WOSAT,2021,640,1,23,220931.04000000,133469999.40000002,4847556.09000000,0.03631944
WOSAT,2021,640,1,24,277811.54000000,133469999.40000002,5125367.63000000,0.03840090
WOSAT,2021,640,1,25,169227.68000000,133469999.40000002,5294595.31000000,0.03966880
WOSAT,2021,640,1,26,230540.88000000,133469999.40000002,5525136.19000000,0.04139609
WOSAT,2021,640,1,27,208186.40000000,133469999.40000002,5733322.59000000,0.04295589
WOSAT,2021,640,1,28,248475.65000000,133469999.40000002,5981798.24000000,0.04481755
WOSAT,2021,640,1,29,142681.60000000,133469999.40000002,6124479.84000000,0.04588657
WOSAT,2021,640,1,30,323693.58000000,133469999.40000002,6448173.42000000,0.04831178
WOSAT,2021,640,1,31,268940.85000000,133469999.40000002,6717114.27000000,0.05032677
WOSAT,2021,640,1,32,176188.87000000,133469999.40000002,6893303.14000000,0.05164684
WOSAT,2021,640,1,33,201498.93000000,133469999.40000002,7094802.07000000,0.05315653
WOSAT,2021,640,1,34,109190.58000000,133469999.40000002,7203992.65000000,0.05397462
WOSAT,2021,640,1,35,18903.14000000,133469999.40000002,7222895.79000000,0.05411625
WOSAT,2021,640,1,36,104521.01000000,133469999.40000002,7327416.80000000,0.05489935
WOSAT,2021,640,1,37,165572.75000000,133469999.40000002,7492989.55000000,0.05613988
WOSAT,2021,640,1,38,210422.09000000,133469999.40000002,7703411.64000000,0.05771643
WOSAT,2021,640,1,39,144392.38000000,133469999.40000002,7847804.02000000,0.05879826
WOSAT,2021,640,1,40,164861.25000000,133469999.40000002,8012665.27000000,0.06003346
WOSAT,2021,640,1,41,84016.28000000,133469999.40000002,8096681.55000000,0.06066293
WOSAT,2021,640,1,42,164493.26000000,133469999.40000002,8261174.81000000,0.06189537
WOSAT,2021,640,1,43,152108.70000000,133469999.40000002,8413283.51000000,0.06303502
WOSAT,2021,640,1,44,18884.56000000,133469999.40000002,8432168.07000000,0.06317650
WOSAT,2021,640,1,45,84992.89000000,133469999.40000002,8517160.96000000,0.06381330
WOSAT,2021,640,1,46,85551.17000000,133469999.40000002,8602712.13000000,0.06445428
WOSAT,2021,640,1,47,88323.03000000,133469999.40000002,8691035.16000000,0.06511602
WOSAT,2021,640,1,48,44886.34000000,133469999.40000002,8735921.50000000,0.06545232
WOSAT,2021,640,1,49,60284.57000000,133469999.40000002,8796206.07000000,0.06590399
WOSAT,2021,640,1,50,98787.45000000,133469999.40000002,8894993.52000000,0.06664414
WOSAT,2021,640,2,3,32830.21000000,15620397.86000000,32830.21000000,0.00210175
WOSAT,2021,640,2,5,60102.83000000,15620397.86000000,92933.04000000,0.00594947
WOSAT,2021,640,2,6,83678.90000000,15620397.86000000,176611.94000000,0.01130649
WOSAT,2021,640,2,7,59330.62000000,15620397.86000000,235942.56000000,0.01510477
WOSAT,2021,640,2,8,23254.74000000,15620397.86000000,259197.30000000,0.01659351
WOSAT,2021,640,2,10,253.85000000,15620397.86000000,259451.15000000,0.01660977
WOSAT,2021,640,2,11,109889.19000000,15620397.86000000,369340.34000000,0.02364475
WOSAT,2021,640,2,12,34975.62000000,15620397.86000000,404315.96000000,0.02588385
WOSAT,2021,640,2,13,92262.65000000,15620397.86000000,496578.61000000,0.03179039
WOSAT,2021,640,2,15,22942.53000000,15620397.86000000,519521.14000000,0.03325915
WOSAT,2021,640,2,16,57592.51000000,15620397.86000000,577113.65000000,0.03694616
WOSAT,2021,640,2,17,14732.35000000,15620397.86000000,591846.00000000,0.03788930
WOSAT,2021,640,2,18,49460.31000000,15620397.86000000,641306.31000000,0.04105570
WOSAT,2021,640,2,19,44714.23000000,15620397.86000000,686020.54000000,0.04391825
WOSAT,2021,640,2,20,72661.42000000,15620397.86000000,758681.96000000,0.04856995
WOSAT,2021,640,2,22,17939.64000000,15620397.86000000,776621.60000000,0.04971843
WOSAT,2021,640,2,23,62464.64000000,15620397.86000000,839086.24000000,0.05371734
WOSAT,2021,640,2,24,16502.37000000,15620397.86000000,855588.61000000,0.05477380
WOSAT,2021,640,2,25,32525.56000000,15620397.86000000,888114.17000000,0.05685605
WOSAT,2021,640,2,26,18806.98000000,15620397.86000000,906921.15000000,0.05806005
WOSAT,2021,640,2,27,80304.20000000,15620397.86000000,987225.35000000,0.06320104
WOSAT,2021,640,2,28,58616.35000000,15620397.86000000,1045841.70000000,0.06695359
WOSAT,2021,640,2,29,65840.22000000,15620397.86000000,1111681.92000000,0.07116860
WOSAT,2021,640,2,30,89292.89000000,15620397.86000000,1200974.81000000,0.07688503
WOSAT,2021,640,2,31,10428.63000000,15620397.86000000,1211403.44000000,0.07755266
WOSAT,2021,640,2,32,24847.57000000,15620397.86000000,1236251.01000000,0.07914338
WOSAT,2021,640,2,34,35683.22000000,15620397.86000000,1271934.23000000,0.08142777
WOSAT,2021,640,2,35,13803.41000000,15620397.86000000,1285737.64000000,0.08231145
WOSAT,2021,640,2,36,872.81000000,15620397.86000000,1286610.45000000,0.08236733
WOSAT,2021,640,2,37,44949.62000000,15620397.86000000,1331560.07000000,0.08524495
WOSAT,2021,640,2,38,12863.27000000,15620397.86000000,1344423.34000000,0.08606844
WOSAT,2021,640,2,39,35454.19000000,15620397.86000000,1379877.53000000,0.08833818
WOSAT,2021,640,2,40,748.98000000,15620397.86000000,1380626.51000000,0.08838613
WOSAT,2021,640,2,41,9996.03000000,15620397.86000000,1390622.54000000,0.08902606
WOSAT,2021,640,2,44,16041.27000000,15620397.86000000,1406663.81000000,0.09005301
WOSAT,2021,640,2,45,7826.77000000,15620397.86000000,1414490.58000000,0.09055407
WOSAT,2021,640,2,47,14163.95000000,15620397.86000000,1428654.53000000,0.09146083
WOSAT,2021,640,2,48,16529.35000000,15620397.86000000,1445183.88000000,0.09251902
WOSAT,2021,640,2,49,18917.20000000,15620397.86000000,1464101.08000000,0.09373008
WOSAT,2021,650,1,5,36041.34000000,10554238.90000000,36041.34000000,0.00341487
WOSAT,2021,650,1,7,51845.18000000,10554238.90000000,87886.52000000,0.00832713
WOSAT,2021,650,1,8,23116.23000000,10554238.90000000,111002.75000000,0.01051736
WOSAT,2021,650,1,9,27870.06000000,10554238.90000000,138872.81000000,0.01315801
WOSAT,2021,650,1,10,35469.00000000,10554238.90000000,174341.81000000,0.01651865
WOSAT,2021,650,1,14,72590.74000000,10554238.90000000,246932.55000000,0.02339653
WOSAT,2021,650,1,15,56891.77000000,10554238.90000000,303824.32000000,0.02878695
WOSAT,2021,650,1,16,42088.47000000,10554238.90000000,345912.79000000,0.03277477
WOSAT,2021,650,1,17,60181.34000000,10554238.90000000,406094.13000000,0.03847687
WOSAT,2021,650,1,18,72706.08000000,10554238.90000000,478800.21000000,0.04536568
WOSAT,2021,650,1,20,26045.81000000,10554238.90000000,504846.02000000,0.04783348
WOSAT,2021,650,1,23,30959.95000000,10554238.90000000,535805.97000000,0.05076690
WOSAT,2021,650,1,26,25963.34000000,10554238.90000000,561769.31000000,0.05322689
WOSAT,2021,650,1,32,19979.48000000,10554238.90000000,581748.79000000,0.05511992
WOSAT,2021,650,1,33,33463.85000000,10554238.90000000,615212.64000000,0.05829057
WOSAT,2021,650,1,40,27229.21000000,10554238.90000000,642441.85000000,0.06087050
WOSAT,2021,650,1,42,24604.10000000,10554238.90000000,667045.95000000,0.06320171
WOSAT,2021,650,1,47,16635.86000000,10554238.90000000,683681.81000000,0.06477794
WOSAT,2021,650,1,49,1554.08000000,10554238.90000000,685235.89000000,0.06492518
WOSAT,2021,650,2,5,30119.05000000,3835375.39000000,30119.05000000,0.00785296
WOSAT,2021,650,2,7,24906.96000000,3835375.39000000,55026.01000000,0.01434697
WOSAT,2021,650,2,9,38596.84000000,3835375.39000000,93622.85000000,0.02441035
WOSAT,2021,650,2,11,15166.17000000,3835375.39000000,108789.02000000,0.02836463
WOSAT,2021,650,2,13,15671.14000000,3835375.39000000,124460.16000000,0.03245058
WOSAT,2021,650,2,17,16568.58000000,3835375.39000000,141028.74000000,0.03677052
WOSAT,2021,650,2,18,26869.70000000,3835375.39000000,167898.44000000,0.04377627
WOSAT,2021,650,2,19,6963.73000000,3835375.39000000,174862.17000000,0.04559193
WOSAT,2021,650,2,20,27548.23000000,3835375.39000000,202410.40000000,0.05277460
WOSAT,2021,650,2,26,15849.07000000,3835375.39000000,218259.47000000,0.05690694
WOSAT,2021,650,2,27,17631.33000000,3835375.39000000,235890.80000000,0.06150397
WOSAT,2021,650,2,28,482.08000000,3835375.39000000,236372.88000000,0.06162966
WOSAT,2021,650,2,30,12662.36000000,3835375.39000000,249035.24000000,0.06493113
WOSAT,2021,650,2,31,9806.83000000,3835375.39000000,258842.07000000,0.06748807
WOSAT,2021,650,2,33,14883.25000000,3835375.39000000,273725.32000000,0.07136859
WOSAT,2021,650,2,40,26450.35000000,3835375.39000000,300175.67000000,0.07826500
WOSAT,2021,650,2,42,-244.80000000,3835375.39000000,299930.87000000,0.07820118
WOSAT,2021,650,2,44,22114.49000000,3835375.39000000,322045.36000000,0.08396710
WOSAT,2021,650,2,49,7125.87000000,3835375.39000000,329171.23000000,0.08582504
WOSAT,2021,660,1,7,22248.80000000,11843898.73999999,22248.80000000,0.00187850
WOSAT,2021,660,1,8,51617.79000000,11843898.73999999,73866.59000000,0.00623668
WOSAT,2021,660,1,12,53750.71000000,11843898.73999999,127617.30000000,0.01077494
WOSAT,2021,660,1,14,77065.15000000,11843898.73999999,204682.45000000,0.01728168
WOSAT,2021,660,1,17,34694.60000000,11843898.73999999,239377.05000000,0.02021100
WOSAT,2021,660,1,20,26215.23000000,11843898.73999999,265592.28000000,0.02242440
WOSAT,2021,660,1,21,42316.48000000,11843898.73999999,307908.76000000,0.02599725
WOSAT,2021,660,1,22,30396.55000000,11843898.73999999,338305.31000000,0.02856368
WOSAT,2021,660,1,25,24483.86000000,11843898.73999999,362789.17000000,0.03063089
WOSAT,2021,660,1,27,19268.65000000,11843898.73999999,382057.82000000,0.03225777
WOSAT,2021,660,1,28,24307.42000000,11843898.73999999,406365.24000000,0.03431009
WOSAT,2021,660,1,31,52099.58000000,11843898.73999999,458464.82000000,0.03870894
WOSAT,2021,660,1,34,27392.14000000,11843898.73999999,485856.96000000,0.04102171
WOSAT,2021,660,1,37,-118.83000000,11843898.73999999,485738.13000000,0.04101168
WOSAT,2021,660,1,41,14180.98000000,11843898.73999999,499919.11000000,0.04220900
WOSAT,2021,660,1,43,25688.34000000,11843898.73999999,525607.45000000,0.04437791
WOSAT,2021,660,1,46,14247.70000000,11843898.73999999,539855.15000000,0.04558087
WOSAT,2021,660,1,47,17028.28000000,11843898.73999999,556883.43000000,0.04701859
WOSAT,2021,660,2,4,20019.46000000,6455129.87000000,20019.46000000,0.00310133
WOSAT,2021,660,2,6,13239.86000000,6455129.87000000,33259.32000000,0.00515239
WOSAT,2021,660,2,7,20787.56000000,6455129.87000000,54046.88000000,0.00837270
WOSAT,2021,660,2,8,50522.51000000,6455129.87000000,104569.39000000,0.01619942
WOSAT,2021,660,2,10,13256.49000000,6455129.87000000,117825.88000000,0.01825306
WOSAT,2021,660,2,11,17509.22000000,6455129.87000000,135335.10000000,0.02096551
WOSAT,2021,660,2,13,13299.37000000,6455129.87000000,148634.47000000,0.02302579
WOSAT,2021,660,2,14,25206.17000000,6455129.87000000,173840.64000000,0.02693062
WOSAT,2021,660,2,15,25007.44000000,6455129.87000000,198848.08000000,0.03080466
WOSAT,2021,660,2,16,44265.92000000,6455129.87000000,243114.00000000,0.03766214
WOSAT,2021,660,2,19,67053.17000000,6455129.87000000,310167.17000000,0.04804972
WOSAT,2021,660,2,21,11017.28000000,6455129.87000000,321184.45000000,0.04975647
WOSAT,2021,660,2,22,43446.17000000,6455129.87000000,364630.62000000,0.05648695
WOSAT,2021,660,2,23,44223.07000000,6455129.87000000,408853.69000000,0.06333779
WOSAT,2021,660,2,24,38573.36000000,6455129.87000000,447427.05000000,0.06931341
WOSAT,2021,660,2,25,7299.57000000,6455129.87000000,454726.62000000,0.07044422
WOSAT,2021,660,2,26,15160.99000000,6455129.87000000,469887.61000000,0.07279290
WOSAT,2021,660,2,27,39846.00000000,6455129.87000000,509733.61000000,0.07896566
WOSAT,2021,660,2,28,16971.93000000,6455129.87000000,526705.54000000,0.08159488
WOSAT,2021,660,2,29,14561.53000000,6455129.87000000,541267.07000000,0.08385069
WOSAT,2021,660,2,30,28445.87000000,6455129.87000000,569712.94000000,0.08825739
WOSAT,2021,660,2,35,14654.15000000,6455129.87000000,584367.09000000,0.09052755
WOSAT,2021,660,2,39,15174.65000000,6455129.87000000,599541.74000000,0.09287834
WOSAT,2021,660,2,40,36809.45000000,6455129.87000000,636351.19000000,0.09858070
WOSAT,2021,660,2,41,10781.91000000,6455129.87000000,647133.10000000,0.10025098
WOSAT,2021,660,2,45,8166.20000000,6455129.87000000,655299.30000000,0.10151605
WOSAT,2021,660,2,46,23602.02000000,6455129.87000000,678901.32000000,0.10517237
WOSAT,2021,660,2,50,17724.54000000,6455129.87000000,696625.86000000,0.10791818
WOSAT,2021,670,1,6,138.33000000,11853082.38000000,138.33000000,0.00001167
WOSAT,2021,670,1,7,23355.55000000,11853082.38000000,23493.88000000,0.00198209
WOSAT,2021,670,1,8,37400.90000000,11853082.38000000,60894.78000000,0.00513746
WOSAT,2021,670,1,10,482.54000000,11853082.38000000,61377.32000000,0.00517817
WOSAT,2021,670,1,11,29510.17000000,11853082.38000000,90887.49000000,0.00766784
WOSAT,2021,670,1,13,46708.14000000,11853082.38000000,137595.63000000,0.01160843
WOSAT,2021,670,1,16,28239.89000000,11853082.38000000,165835.52000000,0.01399092
WOSAT,2021,670,1,19,731.99000000,11853082.38000000,166567.51000000,0.01405267
WOSAT,2021,670,1,20,31222.20000000,11853082.38000000,197789.71000000,0.01668677
WOSAT,2021,670,1,21,51288.02000000,11853082.38000000,249077.73000000,0.02101375
WOSAT,2021,670,1,23,2704.82000000,11853082.38000000,251782.55000000,0.02124195
WOSAT,2021,670,1,24,59116.80000000,11853082.38000000,310899.35000000,0.02622941
WOSAT,2021,670,1,28,51901.92000000,11853082.38000000,362801.27000000,0.03060818
WOSAT,2021,670,1,33,5412.47000000,11853082.38000000,368213.74000000,0.03106481
WOSAT,2021,670,1,35,26021.10000000,11853082.38000000,394234.84000000,0.03326011
WOSAT,2021,670,1,36,12289.33000000,11853082.38000000,406524.17000000,0.03429692
WOSAT,2021,670,1,45,24399.63000000,11853082.38000000,430923.80000000,0.03635542
WOSAT,2021,670,1,47,23310.85000000,11853082.38000000,454234.65000000,0.03832207
WOSAT,2021,670,2,6,14431.39000000,4808186.57000000,14431.39000000,0.00300142
WOSAT,2021,670,2,13,15929.41000000,4808186.57000000,30360.80000000,0.00631440
WOSAT,2021,670,2,14,21599.32000000,4808186.57000000,51960.12000000,0.01080659
WOSAT,2021,670,2,16,21734.54000000,4808186.57000000,73694.66000000,0.01532691
WOSAT,2021,670,2,17,50560.49000000,4808186.57000000,124255.15000000,0.02584241
WOSAT,2021,670,2,18,30604.46000000,4808186.57000000,154859.61000000,0.03220749
WOSAT,2021,670,2,20,9915.53000000,4808186.57000000,164775.14000000,0.03426971
WOSAT,2021,670,2,21,35375.14000000,4808186.57000000,200150.28000000,0.04162698
WOSAT,2021,670,2,24,14523.94000000,4808186.57000000,214674.22000000,0.04464765
WOSAT,2021,670,2,26,15165.58000000,4808186.57000000,229839.80000000,0.04780176
WOSAT,2021,670,2,29,15081.08000000,4808186.57000000,244920.88000000,0.05093831
WOSAT,2021,670,2,30,15130.22000000,4808186.57000000,260051.10000000,0.05408507
WOSAT,2021,670,2,31,18903.11000000,4808186.57000000,278954.21000000,0.05801651
WOSAT,2021,670,2,40,8071.58000000,4808186.57000000,287025.79000000,0.05969523
WOSAT,2021,670,2,41,22333.18000000,4808186.57000000,309358.97000000,0.06434005
WOSAT,2021,670,2,44,2348.39000000,4808186.57000000,311707.36000000,0.06482847
WOSAT,2021,670,2,45,24730.65000000,4808186.57000000,336438.01000000,0.06997191
WOSAT,2021,670,2,48,9183.94000000,4808186.57000000,345621.95000000,0.07188198
WOSAT,2021,670,2,49,9825.53000000,4808186.57000000,355447.48000000,0.07392548
WOSAT,2021,670,2,50,4623.94000000,4808186.57000000,360071.42000000,0.07488716
WOSAT,2021,680,1,9,28793.08000000,9625779.35000000,28793.08000000,0.00299125
WOSAT,2021,680,1,12,32510.10000000,9625779.35000000,61303.18000000,0.00636865
WOSAT,2021,680,1,15,3253.47000000,9625779.35000000,64556.65000000,0.00670664
WOSAT,2021,680,1,17,38821.64000000,9625779.35000000,103378.29000000,0.01073973
WOSAT,2021,680,1,22,2990.17000000,9625779.35000000,106368.46000000,0.01105037
WOSAT,2021,680,1,23,1750.76000000,9625779.35000000,108119.22000000,0.01123226
WOSAT,2021,680,1,24,27943.97000000,9625779.35000000,136063.19000000,0.01413529
WOSAT,2021,680,1,27,20894.03000000,9625779.35000000,156957.22000000,0.01630592
WOSAT,2021,680,1,29,19590.98000000,9625779.35000000,176548.20000000,0.01834119
WOSAT,2021,680,1,38,25860.54000000,9625779.35000000,202408.74000000,0.02102778
WOSAT,2021,680,2,3,26785.44000000,5932669.85000000,26785.44000000,0.00451490
WOSAT,2021,680,2,4,33583.11000000,5932669.85000000,60368.55000000,0.01017561
WOSAT,2021,680,2,5,4620.60000000,5932669.85000000,64989.15000000,0.01095445
WOSAT,2021,680,2,6,16592.31000000,5932669.85000000,81581.46000000,0.01375122
WOSAT,2021,680,2,8,27060.10000000,5932669.85000000,108641.56000000,0.01831242
WOSAT,2021,680,2,10,31207.74000000,5932669.85000000,139849.30000000,0.02357274
WOSAT,2021,680,2,12,26874.47000000,5932669.85000000,166723.77000000,0.02810265
WOSAT,2021,680,2,17,38748.20000000,5932669.85000000,205471.97000000,0.03463398
WOSAT,2021,680,2,22,35192.98000000,5932669.85000000,240664.95000000,0.04056604
WOSAT,2021,680,2,23,34217.75000000,5932669.85000000,274882.70000000,0.04633373
WOSAT,2021,680,2,25,1959.00000000,5932669.85000000,276841.70000000,0.04666393
WOSAT,2021,680,2,28,13536.59000000,5932669.85000000,290378.29000000,0.04894563
WOSAT,2021,680,2,32,15051.94000000,5932669.85000000,305430.23000000,0.05148276
WOSAT,2021,680,2,33,30419.42000000,5932669.85000000,335849.65000000,0.05661020
WOSAT,2021,680,2,35,17923.13000000,5932669.85000000,353772.78000000,0.05963129
WOSAT,2021,680,2,36,23141.71000000,5932669.85000000,376914.49000000,0.06353202
WOSAT,2021,680,2,40,962.93000000,5932669.85000000,377877.42000000,0.06369433
WOSAT,2021,680,2,41,5042.68000000,5932669.85000000,382920.10000000,0.06454431
WOSAT,2021,680,2,46,2918.63000000,5932669.85000000,385838.73000000,0.06503627
WOSAT,2021,680,2,50,7366.66000000,5932669.85000000,393205.39000000,0.06627798
WOSAT,2021,690,1,13,28059.01000000,9775798.88000000,28059.01000000,0.00287025
WOSAT,2021,690,1,18,25979.59000000,9775798.88000000,54038.60000000,0.00552779
WOSAT,2021,690,1,20,23679.07000000,9775798.88000000,77717.67000000,0.00795001
WOSAT,2021,690,1,23,33023.11000000,9775798.88000000,110740.78000000,0.01132805
WOSAT,2021,690,1,26,24682.33000000,9775798.88000000,135423.11000000,0.01385289
WOSAT,2021,690,1,29,52519.97000000,9775798.88000000,187943.08000000,0.01922534
WOSAT,2021,690,1,34,23727.55000000,9775798.88000000,211670.63000000,0.02165251
WOSAT,2021,690,1,40,20380.02000000,9775798.88000000,232050.65000000,0.02373726
WOSAT,2021,690,1,42,28947.24000000,9775798.88000000,260997.89000000,0.02669837
WOSAT,2021,690,1,47,14639.06000000,9775798.88000000,275636.95000000,0.02819585
WOSAT,2021,690,1,50,22527.43000000,9775798.88000000,298164.38000000,0.03050026
WOSAT,2021,690,2,2,24069.75000000,4859500.20000000,24069.75000000,0.00495313
WOSAT,2021,690,2,3,66456.30000000,4859500.20000000,90526.05000000,0.01862868
WOSAT,2021,690,2,7,13939.90000000,4859500.20000000,104465.95000000,0.02149726
WOSAT,2021,690,2,10,20872.55000000,4859500.20000000,125338.50000000,0.02579247
WOSAT,2021,690,2,16,790.30000000,4859500.20000000,126128.80000000,0.02595510
WOSAT,2021,690,2,18,30912.05000000,4859500.20000000,157040.85000000,0.03231626
WOSAT,2021,690,2,19,34479.83000000,4859500.20000000,191520.68000000,0.03941160
WOSAT,2021,690,2,20,55475.79000000,4859500.20000000,246996.47000000,0.05082755
WOSAT,2021,690,2,21,55589.49000000,4859500.20000000,302585.96000000,0.06226689
WOSAT,2021,690,2,22,8192.73000000,4859500.20000000,310778.69000000,0.06395281
WOSAT,2021,690,2,27,8329.60000000,4859500.20000000,319108.29000000,0.06566690
WOSAT,2021,690,2,30,24045.93000000,4859500.20000000,343154.22000000,0.07061513
WOSAT,2021,690,2,31,46289.21000000,4859500.20000000,389443.43000000,0.08014063
WOSAT,2021,690,2,34,25439.66000000,4859500.20000000,414883.09000000,0.08537567
WOSAT,2021,690,2,42,15802.36000000,4859500.20000000,430685.45000000,0.08862752
WOSAT,2021,690,2,43,19405.19000000,4859500.20000000,450090.64000000,0.09262077
WOSAT,2021,690,2,46,10749.39000000,4859500.20000000,460840.03000000,0.09483280
WOSAT,2021,700,1,5,40905.00000000,20943213.20999999,40905.00000000,0.00195314
WOSAT,2021,700,1,6,34542.23000000,20943213.20999999,75447.23000000,0.00360247
WOSAT,2021,700,1,8,71102.59000000,20943213.20999999,146549.82000000,0.00699748
WOSAT,2021,700,1,10,32812.65000000,20943213.20999999,179362.47000000,0.00856423
WOSAT,2021,700,1,11,74451.00000000,20943213.20999999,253813.47000000,0.01211913
WOSAT,2021,700,1,13,942.56000000,20943213.20999999,254756.03000000,0.01216413
WOSAT,2021,700,1,14,18947.50000000,20943213.20999999,273703.53000000,0.01306884
WOSAT,2021,700,1,16,33668.06000000,20943213.20999999,307371.59000000,0.01467643
WOSAT,2021,700,1,17,31061.32000000,20943213.20999999,338432.91000000,0.01615955
WOSAT,2021,700,1,18,1227.17000000,20943213.20999999,339660.08000000,0.01621815
WOSAT,2021,700,1,21,39338.67000000,20943213.20999999,378998.75000000,0.01809649
WOSAT,2021,700,1,25,47960.27000000,20943213.20999999,426959.02000000,0.02038651
WOSAT,2021,700,1,26,60250.22000000,20943213.20999999,487209.24000000,0.02326335
WOSAT,2021,700,1,30,672.04000000,20943213.20999999,487881.28000000,0.02329544
WOSAT,2021,700,1,33,18319.98000000,20943213.20999999,506201.26000000,0.02417018
WOSAT,2021,700,1,38,13845.35000000,20943213.20999999,520046.61000000,0.02483127
WOSAT,2021,700,1,42,24394.55000000,20943213.20999999,544441.16000000,0.02599607
WOSAT,2021,700,1,43,31966.69000000,20943213.20999999,576407.85000000,0.02752242
WOSAT,2021,700,1,47,9191.84000000,20943213.20999999,585599.69000000,0.02796131
WOSAT,2021,700,1,50,12427.76000000,20943213.20999999,598027.45000000,0.02855471
WOSAT,2021,700,2,4,22156.94000000,7813527.02000000,22156.94000000,0.00283572
WOSAT,2021,700,2,5,10319.34000000,7813527.02000000,32476.28000000,0.00415642
WOSAT,2021,700,2,6,43335.20000000,7813527.02000000,75811.48000000,0.00970259
WOSAT,2021,700,2,7,716.02000000,7813527.02000000,76527.50000000,0.00979423
WOSAT,2021,700,2,8,16361.41000000,7813527.02000000,92888.91000000,0.01188822
WOSAT,2021,700,2,10,58581.68000000,7813527.02000000,151470.59000000,0.01938569
WOSAT,2021,700,2,11,3253.51000000,7813527.02000000,154724.10000000,0.01980208
WOSAT,2021,700,2,17,35761.01000000,7813527.02000000,190485.11000000,0.02437889
WOSAT,2021,700,2,18,80876.35000000,7813527.02000000,271361.46000000,0.03472970
WOSAT,2021,700,2,20,31773.68000000,7813527.02000000,303135.14000000,0.03879620
WOSAT,2021,700,2,21,20697.29000000,7813527.02000000,323832.43000000,0.04144510
WOSAT,2021,700,2,22,23445.36000000,7813527.02000000,347277.79000000,0.04444571
WOSAT,2021,700,2,26,56483.07000000,7813527.02000000,403760.86000000,0.05167460
WOSAT,2021,700,2,27,28135.04000000,7813527.02000000,431895.90000000,0.05527541
WOSAT,2021,700,2,30,31022.70000000,7813527.02000000,462918.60000000,0.05924579
WOSAT,2021,700,2,32,32259.44000000,7813527.02000000,495178.04000000,0.06337446
WOSAT,2021,700,2,33,4869.86000000,7813527.02000000,500047.90000000,0.06399772
WOSAT,2021,700,2,34,6659.69000000,7813527.02000000,506707.59000000,0.06485005
WOSAT,2021,700,2,35,19380.17000000,7813527.02000000,526087.76000000,0.06733038
WOSAT,2021,700,2,42,21110.48000000,7813527.02000000,547198.24000000,0.07003217
WOSAT,2021,700,2,48,9228.48000000,7813527.02000000,556426.72000000,0.07121326
WOSAT,2021,710,1,5,1548.42000000,20028552.04000000,1548.42000000,0.00007731
WOSAT,2021,710,1,7,57732.25000000,20028552.04000000,59280.67000000,0.00295981
WOSAT,2021,710,1,9,29029.21000000,20028552.04000000,88309.88000000,0.00440920
WOSAT,2021,710,1,11,28693.89000000,20028552.04000000,117003.77000000,0.00584185
WOSAT,2021,710,1,16,35728.58000000,20028552.04000000,152732.35000000,0.00762573
WOSAT,2021,710,1,17,28786.69000000,20028552.04000000,181519.04000000,0.00906301
WOSAT,2021,710,1,19,1568.67000000,20028552.04000000,183087.71000000,0.00914134
WOSAT,2021,710,1,25,51911.64000000,20028552.04000000,234999.35000000,0.01173322
WOSAT,2021,710,1,26,39251.77000000,20028552.04000000,274251.12000000,0.01369301
WOSAT,2021,710,1,27,21202.69000000,20028552.04000000,295453.81000000,0.01475163
WOSAT,2021,710,1,32,35781.32000000,20028552.04000000,331235.13000000,0.01653815
WOSAT,2021,710,1,33,2434.93000000,20028552.04000000,333670.06000000,0.01665972
WOSAT,2021,710,1,39,24739.29000000,20028552.04000000,358409.35000000,0.01789492
WOSAT,2021,710,1,41,15556.12000000,20028552.04000000,373965.47000000,0.01867162
WOSAT,2021,710,1,46,33918.25000000,20028552.04000000,407883.72000000,0.02036511
WOSAT,2021,710,1,47,22196.88000000,20028552.04000000,430080.60000000,0.02147337
WOSAT,2021,710,1,48,20093.81000000,20028552.04000000,450174.41000000,0.02247663
WOSAT,2021,710,2,6,46094.34000000,6318170.41000000,46094.34000000,0.00729552
WOSAT,2021,710,2,16,53610.45000000,6318170.41000000,99704.79000000,0.01578064
WOSAT,2021,710,2,17,17520.18000000,6318170.41000000,117224.97000000,0.01855363
WOSAT,2021,710,2,19,5161.28000000,6318170.41000000,122386.25000000,0.01937052
WOSAT,2021,710,2,21,12484.61000000,6318170.41000000,134870.86000000,0.02134651
WOSAT,2021,710,2,22,48541.75000000,6318170.41000000,183412.61000000,0.02902939
WOSAT,2021,710,2,28,24165.60000000,6318170.41000000,207578.21000000,0.03285416
WOSAT,2021,710,2,30,2129.29000000,6318170.41000000,209707.50000000,0.03319118
WOSAT,2021,710,2,31,16808.54000000,6318170.41000000,226516.04000000,0.03585152
WOSAT,2021,710,2,35,28950.37000000,6318170.41000000,255466.41000000,0.04043361
WOSAT,2021,710,2,37,18164.60000000,6318170.41000000,273631.01000000,0.04330858
WOSAT,2021,710,2,42,13625.92000000,6318170.41000000,287256.93000000,0.04546521
WOSAT,2021,710,2,44,23810.87000000,6318170.41000000,311067.80000000,0.04923384
WOSAT,2021,710,2,45,7603.21000000,6318170.41000000,318671.01000000,0.05043723
WOSAT,2021,710,2,47,2767.27000000,6318170.41000000,321438.28000000,0.05087522
WOSAT,2021,710,2,49,11093.40000000,6318170.41000000,332531.68000000,0.05263101
WOSAT,2021,720,1,3,46523.33000000,40969089.23000000,46523.33000000,0.00113557
WOSAT,2021,720,1,5,31634.62000000,40969089.23000000,78157.95000000,0.00190773
WOSAT,2021,720,1,6,38463.35000000,40969089.23000000,116621.30000000,0.00284657
WOSAT,2021,720,1,10,47521.68000000,40969089.23000000,164142.98000000,0.00400651
WOSAT,2021,720,1,11,62858.54000000,40969089.23000000,227001.52000000,0.00554080
WOSAT,2021,720,1,13,62880.00000000,40969089.23000000,289881.52000000,0.00707562
WOSAT,2021,720,1,15,50645.23000000,40969089.23000000,340526.75000000,0.00831180
WOSAT,2021,720,1,16,29966.08000000,40969089.23000000,370492.83000000,0.00904323
WOSAT,2021,720,1,17,50915.46000000,40969089.23000000,421408.29000000,0.01028601
WOSAT,2021,720,1,18,35755.38000000,40969089.23000000,457163.67000000,0.01115875
WOSAT,2021,720,1,19,30048.92000000,40969089.23000000,487212.59000000,0.01189220
WOSAT,2021,720,1,23,19635.15000000,40969089.23000000,506847.74000000,0.01237147
WOSAT,2021,720,1,25,32405.96000000,40969089.23000000,539253.70000000,0.01316245
WOSAT,2021,720,1,30,61077.46000000,40969089.23000000,600331.16000000,0.01465327
WOSAT,2021,720,1,33,18862.84000000,40969089.23000000,619194.00000000,0.01511369
WOSAT,2021,720,1,35,25601.02000000,40969089.23000000,644795.02000000,0.01573857
WOSAT,2021,720,1,41,44614.12000000,40969089.23000000,689409.14000000,0.01682754
WOSAT,2021,720,1,42,14424.00000000,40969089.23000000,703833.14000000,0.01717961
WOSAT,2021,720,1,43,26111.36000000,40969089.23000000,729944.50000000,0.01781696
WOSAT,2021,720,1,44,30520.80000000,40969089.23000000,760465.30000000,0.01856193
WOSAT,2021,720,1,45,19757.14000000,40969089.23000000,780222.44000000,0.01904417
WOSAT,2021,720,1,46,413.53000000,40969089.23000000,780635.97000000,0.01905427
WOSAT,2021,720,1,47,7696.35000000,40969089.23000000,788332.32000000,0.01924212
WOSAT,2021,720,1,48,961.81000000,40969089.23000000,789294.13000000,0.01926560
WOSAT,2021,720,1,49,10364.53000000,40969089.23000000,799658.66000000,0.01951859
WOSAT,2021,720,2,6,33745.60000000,7552511.21000000,33745.60000000,0.00446813
WOSAT,2021,720,2,9,28481.55000000,7552511.21000000,62227.15000000,0.00823927
WOSAT,2021,720,2,10,44584.09000000,7552511.21000000,106811.24000000,0.01414248
WOSAT,2021,720,2,16,3667.43000000,7552511.21000000,110478.67000000,0.01462807
WOSAT,2021,720,2,17,17240.94000000,7552511.21000000,127719.61000000,0.01691088
WOSAT,2021,720,2,18,49774.38000000,7552511.21000000,177493.99000000,0.02350132
WOSAT,2021,720,2,24,1407.75000000,7552511.21000000,178901.74000000,0.02368772
WOSAT,2021,720,2,27,45883.55000000,7552511.21000000,224785.29000000,0.02976299
WOSAT,2021,720,2,28,34717.80000000,7552511.21000000,259503.09000000,0.03435984
WOSAT,2021,720,2,39,5773.94000000,7552511.21000000,265277.03000000,0.03512435
WOSAT,2021,720,2,40,8255.77000000,7552511.21000000,273532.80000000,0.03621746
WOSAT,2021,720,2,43,15722.26000000,7552511.21000000,289255.06000000,0.03829919
WOSAT,2021,720,2,44,18094.12000000,7552511.21000000,307349.18000000,0.04069497
WOSAT,2021,730,1,5,39138.24000000,35280136.42000001,39138.24000000,0.00110936
WOSAT,2021,730,1,11,66916.29000000,35280136.42000001,106054.53000000,0.00300607
WOSAT,2021,730,1,15,78027.24000000,35280136.42000001,184081.77000000,0.00521772
WOSAT,2021,730,1,26,16415.94000000,35280136.42000001,200497.71000000,0.00568302
WOSAT,2021,730,1,30,21365.00000000,35280136.42000001,221862.71000000,0.00628860
WOSAT,2021,730,1,31,23776.18000000,35280136.42000001,245638.89000000,0.00696253
WOSAT,2021,730,1,32,65681.91000000,35280136.42000001,311320.80000000,0.00882425
WOSAT,2021,730,1,37,31574.20000000,35280136.42000001,342895.00000000,0.00971921
WOSAT,2021,730,1,42,20627.26000000,35280136.42000001,363522.26000000,0.01030388
WOSAT,2021,730,1,44,10651.97000000,35280136.42000001,374174.23000000,0.01060580
WOSAT,2021,730,1,48,15997.82000000,35280136.42000001,390172.05000000,0.01105926
WOSAT,2021,730,2,4,18982.59000000,5742744.52000000,18982.59000000,0.00330549
WOSAT,2021,730,2,6,69251.61000000,5742744.52000000,88234.20000000,0.01536447
WOSAT,2021,730,2,9,30564.50000000,5742744.52000000,118798.70000000,0.02068675
WOSAT,2021,730,2,11,13685.54000000,5742744.52000000,132484.24000000,0.02306985
WOSAT,2021,730,2,13,17198.05000000,5742744.52000000,149682.29000000,0.02606459
WOSAT,2021,730,2,18,19673.29000000,5742744.52000000,169355.58000000,0.02949036
WOSAT,2021,730,2,19,21496.09000000,5742744.52000000,190851.67000000,0.03323353
WOSAT,2021,730,2,22,5574.00000000,5742744.52000000,196425.67000000,0.03420415
WOSAT,2021,730,2,27,2395.51000000,5742744.52000000,198821.18000000,0.03462128
WOSAT,2021,730,2,28,18148.98000000,5742744.52000000,216970.16000000,0.03778161
WOSAT,2021,730,2,29,10031.91000000,5742744.52000000,227002.07000000,0.03952850
WOSAT,2021,730,2,30,879.46000000,5742744.52000000,227881.53000000,0.03968164
WOSAT,2021,730,2,31,12719.43000000,5742744.52000000,240600.96000000,0.04189651
WOSAT,2021,730,2,34,16339.14000000,5742744.52000000,256940.10000000,0.04474169
WOSAT,2021,730,2,35,11740.29000000,5742744.52000000,268680.39000000,0.04678606
WOSAT,2021,730,2,36,17411.87000000,5742744.52000000,286092.26000000,0.04981804
WOSAT,2021,730,2,37,27018.73000000,5742744.52000000,313110.99000000,0.05452288
WOSAT,2021,730,2,39,5799.65000000,5742744.52000000,318910.64000000,0.05553279
WOSAT,2021,730,2,46,39992.17000000,5742744.52000000,358902.81000000,0.06249674
WOSAT,2021,730,2,50,1184.14000000,5742744.52000000,360086.95000000,0.06270294
WOSAT,2021,740,1,4,3333.39000000,28879429.95999998,3333.39000000,0.00011542
WOSAT,2021,740,1,5,47819.68000000,28879429.95999998,51153.07000000,0.00177126
WOSAT,2021,740,1,7,38672.53000000,28879429.95999998,89825.60000000,0.00311037
WOSAT,2021,740,1,10,39781.28000000,28879429.95999998,129606.88000000,0.00448786
WOSAT,2021,740,1,12,733.53000000,28879429.95999998,130340.41000000,0.00451326
WOSAT,2021,740,1,15,480.96000000,28879429.95999998,130821.37000000,0.00452992
WOSAT,2021,740,1,31,24436.98000000,28879429.95999998,155258.35000000,0.00537609
WOSAT,2021,740,1,35,83965.67000000,28879429.95999998,239224.02000000,0.00828354
WOSAT,2021,740,1,36,1843.76000000,28879429.95999998,241067.78000000,0.00834739
WOSAT,2021,740,1,38,19144.78000000,28879429.95999998,260212.56000000,0.00901031
WOSAT,2021,740,1,47,19780.99000000,28879429.95999998,279993.55000000,0.00969526
WOSAT,2021,740,2,8,31542.48000000,4398271.33000000,31542.48000000,0.00717156
WOSAT,2021,740,2,13,26501.39000000,4398271.33000000,58043.87000000,0.01319697
WOSAT,2021,740,2,18,6893.66000000,4398271.33000000,64937.53000000,0.01476433
WOSAT,2021,740,2,26,15605.96000000,4398271.33000000,80543.49000000,0.01831253
WOSAT,2021,740,2,29,22875.49000000,4398271.33000000,103418.98000000,0.02351355
WOSAT,2021,740,2,32,27012.69000000,4398271.33000000,130431.67000000,0.02965521
WOSAT,2021,740,2,37,6596.65000000,4398271.33000000,137028.32000000,0.03115504
WOSAT,2021,740,2,41,4971.89000000,4398271.33000000,142000.21000000,0.03228546
WOSAT,2021,740,2,43,2906.75000000,4398271.33000000,144906.96000000,0.03294634
WOSAT,2021,750,1,3,30241.80000000,25163905.90000001,30241.80000000,0.00120179
WOSAT,2021,750,1,5,33700.03000000,25163905.90000001,63941.83000000,0.00254101
WOSAT,2021,750,1,6,33793.14000000,25163905.90000001,97734.97000000,0.00388393
WOSAT,2021,750,1,11,42399.80000000,25163905.90000001,140134.77000000,0.00556888
WOSAT,2021,750,1,20,17819.80000000,25163905.90000001,157954.57000000,0.00627703
WOSAT,2021,750,1,21,35889.19000000,25163905.90000001,193843.76000000,0.00770325
WOSAT,2021,750,1,25,14955.45000000,25163905.90000001,208799.21000000,0.00829757
WOSAT,2021,750,1,29,41425.76000000,25163905.90000001,250224.97000000,0.00994380
WOSAT,2021,750,1,30,15273.80000000,25163905.90000001,265498.77000000,0.01055078
WOSAT,2021,750,1,44,16892.82000000,25163905.90000001,282391.59000000,0.01122209
WOSAT,2021,750,2,7,16615.24000000,4751071.29000000,16615.24000000,0.00349716
WOSAT,2021,750,2,9,265.56000000,4751071.29000000,16880.80000000,0.00355305
WOSAT,2021,750,2,13,18844.33000000,4751071.29000000,35725.13000000,0.00751938
WOSAT,2021,750,2,20,14279.68000000,4751071.29000000,50004.81000000,0.01052495
WOSAT,2021,750,2,22,33103.58000000,4751071.29000000,83108.39000000,0.01749256
WOSAT,2021,750,2,24,15713.62000000,4751071.29000000,98822.01000000,0.02079994
WOSAT,2021,750,2,26,28292.13000000,4751071.29000000,127114.14000000,0.02675484
WOSAT,2021,750,2,28,23722.74000000,4751071.29000000,150836.88000000,0.03174797
WOSAT,2021,750,2,31,42520.19000000,4751071.29000000,193357.07000000,0.04069757
WOSAT,2021,750,2,32,32281.66000000,4751071.29000000,225638.73000000,0.04749218
WOSAT,2021,750,2,42,13704.99000000,4751071.29000000,239343.72000000,0.05037679
WOSAT,2021,760,1,4,42754.74000000,20797033.69999998,42754.74000000,0.00205581
WOSAT,2021,760,1,6,60086.77000000,20797033.69999998,102841.51000000,0.00494501
WOSAT,2021,760,1,12,20608.11000000,20797033.69999998,123449.62000000,0.00593592
WOSAT,2021,760,1,19,42473.98000000,20797033.69999998,165923.60000000,0.00797823
WOSAT,2021,760,1,21,5839.80000000,20797033.69999998,171763.40000000,0.00825903
WOSAT,2021,760,1,31,24785.85000000,20797033.69999998,196549.25000000,0.00945083
WOSAT,2021,760,1,32,15533.71000000,20797033.69999998,212082.96000000,0.01019775
WOSAT,2021,760,1,37,22337.96000000,20797033.69999998,234420.92000000,0.01127184
WOSAT,2021,760,1,45,22311.65000000,20797033.69999998,256732.57000000,0.01234467
WOSAT,2021,760,2,17,21508.51000000,3613511.41000000,21508.51000000,0.00595225
WOSAT,2021,760,2,18,23474.48000000,3613511.41000000,44982.99000000,0.01244855
WOSAT,2021,760,2,23,21086.63000000,3613511.41000000,66069.62000000,0.01828405
WOSAT,2021,760,2,25,28147.79000000,3613511.41000000,94217.41000000,0.02607364
WOSAT,2021,760,2,30,7945.52000000,3613511.41000000,102162.93000000,0.02827248
WOSAT,2021,760,2,47,1219.72000000,3613511.41000000,103382.65000000,0.02861002
WOSAT,2021,770,1,4,-56.41000000,20653228.76000000,-56.41000000,-0.00000273
WOSAT,2021,770,1,7,3817.10000000,20653228.76000000,3760.69000000,0.00018209
WOSAT,2021,770,1,9,37666.77000000,20653228.76000000,41427.46000000,0.00200586
WOSAT,2021,770,1,11,35866.03000000,20653228.76000000,77293.49000000,0.00374244
WOSAT,2021,770,1,13,3391.93000000,20653228.76000000,80685.42000000,0.00390667
WOSAT,2021,770,1,15,61655.05000000,20653228.76000000,142340.47000000,0.00689192
WOSAT,2021,770,1,18,40287.57000000,20653228.76000000,182628.04000000,0.00884259
WOSAT,2021,770,1,19,35679.31000000,20653228.76000000,218307.35000000,0.01057013
WOSAT,2021,770,1,20,3711.96000000,20653228.76000000,222019.31000000,0.01074986
WOSAT,2021,770,1,21,29209.72000000,20653228.76000000,251229.03000000,0.01216415
WOSAT,2021,770,1,36,22963.01000000,20653228.76000000,274192.04000000,0.01327599
WOSAT,2021,770,1,37,18477.90000000,20653228.76000000,292669.94000000,0.01417066
WOSAT,2021,770,1,42,10461.40000000,20653228.76000000,303131.34000000,0.01467719
WOSAT,2021,770,1,43,3072.01000000,20653228.76000000,306203.35000000,0.01482593
WOSAT,2021,770,1,50,12400.75000000,20653228.76000000,318604.10000000,0.01542636
WOSAT,2021,770,2,9,52822.88000000,3242454.71000000,52822.88000000,0.01629102
WOSAT,2021,770,2,16,4642.29000000,3242454.71000000,57465.17000000,0.01772274
WOSAT,2021,770,2,19,1438.99000000,3242454.71000000,58904.16000000,0.01816653
WOSAT,2021,770,2,22,27542.23000000,3242454.71000000,86446.39000000,0.02666079
WOSAT,2021,770,2,28,23254.06000000,3242454.71000000,109700.45000000,0.03383253
WOSAT,2021,770,2,42,10356.37000000,3242454.71000000,120056.82000000,0.03702652
WOSAT,2021,770,2,43,23028.62000000,3242454.71000000,143085.44000000,0.04412874
WOSAT,2021,780,1,8,40179.36000000,19201677.98000000,40179.36000000,0.00209249
WOSAT,2021,780,1,15,32564.14000000,19201677.98000000,72743.50000000,0.00378839
WOSAT,2021,780,1,17,73184.04000000,19201677.98000000,145927.54000000,0.00759973
WOSAT,2021,780,1,20,35509.14000000,19201677.98000000,181436.68000000,0.00944900
WOSAT,2021,780,1,22,46841.03000000,19201677.98000000,228277.71000000,0.01188843
WOSAT,2021,780,1,24,24428.69000000,19201677.98000000,252706.40000000,0.01316064
WOSAT,2021,780,1,25,19026.85000000,19201677.98000000,271733.25000000,0.01415154
WOSAT,2021,780,1,26,1820.04000000,19201677.98000000,273553.29000000,0.01424632
WOSAT,2021,780,1,28,19228.90000000,19201677.98000000,292782.19000000,0.01524774
WOSAT,2021,780,1,29,23919.30000000,19201677.98000000,316701.49000000,0.01649343
WOSAT,2021,780,1,33,20810.84000000,19201677.98000000,337512.33000000,0.01757723
WOSAT,2021,780,1,43,16311.32000000,19201677.98000000,353823.65000000,0.01842670
WOSAT,2021,780,2,4,40643.35000000,3189703.46000000,40643.35000000,0.01274205
WOSAT,2021,780,2,6,502.84000000,3189703.46000000,41146.19000000,0.01289969
WOSAT,2021,780,2,17,2266.39000000,3189703.46000000,43412.58000000,0.01361022
WOSAT,2021,780,2,20,13396.64000000,3189703.46000000,56809.22000000,0.01781019
WOSAT,2021,780,2,22,12288.71000000,3189703.46000000,69097.93000000,0.02166281
WOSAT,2021,780,2,48,6301.78000000,3189703.46000000,75399.71000000,0.02363847
WOSAT,2021,790,1,9,21706.32000000,16451417.52999999,21706.32000000,0.00131942
WOSAT,2021,790,1,26,31608.95000000,16451417.52999999,53315.27000000,0.00324077
WOSAT,2021,790,1,42,188.35000000,16451417.52999999,53503.62000000,0.00325222
WOSAT,2021,790,1,43,19156.57000000,16451417.52999999,72660.19000000,0.00441665
WOSAT,2021,790,2,11,438.28000000,2485307.85000000,438.28000000,0.00017635
WOSAT,2021,790,2,19,16957.34000000,2485307.85000000,17395.62000000,0.00699938
WOSAT,2021,790,2,38,13825.41000000,2485307.85000000,31221.03000000,0.01256224
WOSAT,2021,790,2,43,1167.36000000,2485307.85000000,32388.39000000,0.01303194
WOSAT,2021,800,1,5,39102.06000000,16041402.53000000,39102.06000000,0.00243757
WOSAT,2021,800,1,13,45235.27000000,16041402.53000000,84337.33000000,0.00525748
WOSAT,2021,800,1,20,38020.07000000,16041402.53000000,122357.40000000,0.00762760
WOSAT,2021,800,1,29,18189.00000000,16041402.53000000,140546.40000000,0.00876148
WOSAT,2021,800,2,12,25426.90000000,2632477.38000000,25426.90000000,0.00965892
WOSAT,2021,800,2,18,15629.82000000,2632477.38000000,41056.72000000,0.01559623
WOSAT,2021,800,2,32,12738.72000000,2632477.38000000,53795.44000000,0.02043529
WOSAT,2021,800,2,44,6730.71000000,2632477.38000000,60526.15000000,0.02299209
WOSAT,2021,810,1,9,30354.11000000,13647710.47000001,30354.11000000,0.00222412
WOSAT,2021,810,1,17,40049.03000000,13647710.47000001,70403.14000000,0.00515860
WOSAT,2021,810,1,28,20777.36000000,13647710.47000001,91180.50000000,0.00668101
WOSAT,2021,810,1,31,24272.57000000,13647710.47000001,115453.07000000,0.00845952
WOSAT,2021,810,1,39,16280.94000000,13647710.47000001,131734.01000000,0.00965246
WOSAT,2021,810,1,42,14403.84000000,13647710.47000001,146137.85000000,0.01070787
WOSAT,2021,810,2,11,17808.04000000,2168432.41000000,17808.04000000,0.00821240
WOSAT,2021,810,2,15,21569.33000000,2168432.41000000,39377.37000000,0.01815937
WOSAT,2021,810,2,28,11336.05000000,2168432.41000000,50713.42000000,0.02338713
WOSAT,2021,810,2,42,9364.55000000,2168432.41000000,60077.97000000,0.02770571
WOSAT,2021,810,2,48,7423.41000000,2168432.41000000,67501.38000000,0.03112911
WOSAT,2021,810,2,49,5499.86000000,2168432.41000000,73001.24000000,0.03366544
WOSAT,2021,820,1,19,22880.39000000,13136503.67000000,22880.39000000,0.00174174
WOSAT,2021,820,1,20,30527.06000000,13136503.67000000,53407.45000000,0.00406558
WOSAT,2021,820,1,34,20174.45000000,13136503.67000000,73581.90000000,0.00560133
WOSAT,2021,820,1,42,16008.98000000,13136503.67000000,89590.88000000,0.00681999
WOSAT,2021,820,2,14,1121.84000000,1445466.36000000,1121.84000000,0.00077611
WOSAT,2021,820,2,20,892.39000000,1445466.36000000,2014.23000000,0.00139348
WOSAT,2021,830,1,23,21789.37000000,9930857.60000000,21789.37000000,0.00219411
WOSAT,2021,830,1,26,29975.34000000,9930857.60000000,51764.71000000,0.00521251
WOSAT,2021,830,1,35,21052.52000000,9930857.60000000,72817.23000000,0.00733242
WOSAT,2021,830,2,27,1573.78000000,1238033.90000000,1573.78000000,0.00127119
WOSAT,2021,840,1,17,1490.82000000,10064640.02000000,1490.82000000,0.00014812
WOSAT,2021,840,1,31,32444.48000000,10064640.02000000,33935.30000000,0.00337174
WOSAT,2021,840,1,32,17306.19000000,10064640.02000000,51241.49000000,0.00509124
WOSAT,2021,840,1,34,16500.30000000,10064640.02000000,67741.79000000,0.00673067
WOSAT,2021,840,1,38,21750.97000000,10064640.02000000,89492.76000000,0.00889180
WOSAT,2021,840,1,43,8659.72000000,10064640.02000000,98152.48000000,0.00975221
WOSAT,2021,840,1,48,11250.34000000,10064640.02000000,109402.82000000,0.01087002
WOSAT,2021,840,2,36,25100.66000000,1164429.36000000,25100.66000000,0.02155619
WOSAT,2021,850,1,12,22677.72000000,5977209.42000000,22677.72000000,0.00379403
WOSAT,2021,850,1,19,23574.82000000,5977209.42000000,46252.54000000,0.00773815
WOSAT,2021,850,2,24,23232.22000000,892748.90000000,23232.22000000,0.02602324
WOSAT,2021,860,1,18,32687.45000000,4763854.41000000,32687.45000000,0.00686156
WOSAT,2021,860,2,25,13328.91000000,396068.00000000,13328.91000000,0.03365308
WOSAT,2021,860,2,44,3018.15000000,396068.00000000,16347.06000000,0.04127337
WOSAT,2021,880,2,33,-132.67000000,54970.70000000,-132.67000000,-0.00241347
